timestamp,symbol,open,high,low,close,volume
2022-10-19T00:00:00Z,APTUSD,10.0,10.0,6.6336,7.19,81227.47293276993
2022-10-20T00:00:00Z,APTUSD,7.138,7.6825,6.9531,7.3769,20176.255947639987
2022-10-21T00:00:00Z,APTUSD,7.2693,7.6698,7.0442,7.4853,9397.451654590002
2022-10-22T00:00:00Z,APTUSD,7.6093,9.2618,7.3849,8.9065,28116.845375289984
2022-10-23T00:00:00Z,APTUSD,8.9166,10.4276,8.9166,9.7366,71993.72970712003
2022-10-24T00:00:00Z,APTUSD,9.7693,9.8988,9.2822,9.593,19918.38676712
2022-10-25T00:00:00Z,APTUSD,9.4559,9.498,8.5777,8.8013,14575.875246729995
2022-10-26T00:00:00Z,APTUSD,8.8368,9.2369,8.7,9.1864,21030.400978030004
2022-10-27T00:00:00Z,APTUSD,9.2403,9.5772,8.65,8.65,21053.453917250004
2022-10-28T00:00:00Z,APTUSD,8.7609,8.7609,7.9424,8.151,32328.009271469997
2022-10-29T00:00:00Z,APTUSD,8.1506,8.3456,7.713,7.9522,34954.73186517001
2022-10-30T00:00:00Z,APTUSD,8.0631,8.3268,7.68,7.7939,18247.965081079998
2022-10-31T00:00:00Z,APTUSD,7.7897,8.1772,7.731,7.9661,17207.45576646999
2022-11-01T00:00:00Z,APTUSD,7.8762,8.289,7.8762,8.1469,22582.815941730012
2022-11-02T00:00:00Z,APTUSD,8.1628,8.1628,7.192,7.3702,20405.756795319987
2022-11-03T00:00:00Z,APTUSD,7.3626,7.5417,7.1912,7.2127,9726.500802750006
2022-11-04T00:00:00Z,APTUSD,7.1747,7.7774,7.1747,7.6708,13115.327194079993
2022-11-05T00:00:00Z,APTUSD,7.5804,7.9527,7.5602,7.6151,13840.853433380003
2022-11-06T00:00:00Z,APTUSD,7.6458,8.22,7.2517,7.2517,15183.194683419993
2022-11-07T00:00:00Z,APTUSD,7.3252,7.4212,6.83,6.9542,67544.15423234002
2022-11-08T00:00:00Z,APTUSD,7.0107,7.0107,4.55,5.3897,154908.50677877996
2022-11-09T00:00:00Z,APTUSD,5.3502,5.3502,3.5,3.9475,117161.94098251994
2022-11-10T00:00:00Z,APTUSD,3.8532,5.742,3.8532,5.1354,108368.98028360993
2022-11-11T00:00:00Z,APTUSD,5.175,5.25,4.4796,4.9677,74016.20244835009
2022-11-12T00:00:00Z,APTUSD,4.9699,4.9994,4.4217,4.5157,37061.88701702999
2022-11-13T00:00:00Z,APTUSD,4.5098,4.5894,4.1335,4.1549,21777.807814620006
2022-11-14T00:00:00Z,APTUSD,4.1063,4.4567,3.789,4.1763,27224.925586419977
2022-11-15T00:00:00Z,APTUSD,4.2072,4.6626,4.2072,4.3483,4664.48104949
2022-11-16T00:00:00Z,APTUSD,4.3784,4.8335,4.192,4.4574,24250.22666348998
2022-11-17T00:00:00Z,APTUSD,4.534,4.8133,4.4205,4.666,10055.43564656
2022-11-18T00:00:00Z,APTUSD,4.6403,4.8785,4.5666,4.6455,13314.101447419998
2022-11-19T00:00:00Z,APTUSD,4.675,4.7141,4.5309,4.6213,8208.617602270006
2022-11-20T00:00:00Z,APTUSD,4.556,4.6173,4.0625,4.069,9083.35968193
2022-11-21T00:00:00Z,APTUSD,4.0698,4.1432,3.878,4.071,17275.11573201
2022-11-22T00:00:00Z,APTUSD,4.1338,4.4454,3.8866,4.3187,24897.280534600017
2022-11-23T00:00:00Z,APTUSD,4.2738,4.5228,4.2738,4.453,8187.98806555
2022-11-24T00:00:00Z,APTUSD,4.4075,4.724,4.231,4.439,4088.5148366900007
2022-11-25T00:00:00Z,APTUSD,4.42,4.5094,4.2783,4.4396,14164.955561190003
2022-11-26T00:00:00Z,APTUSD,4.4418,5.0,4.4418,4.8086,18156.632039459982
2022-11-27T00:00:00Z,APTUSD,4.8316,5.0,4.66,4.7564,30218.71008771998
2022-11-28T00:00:00Z,APTUSD,4.78,4.78,4.35,4.4796,21051.658660920002
2022-11-29T00:00:00Z,APTUSD,4.4947,4.7798,4.4947,4.7209,8256.34017481
2022-11-30T00:00:00Z,APTUSD,4.7281,4.863,4.5951,4.7969,8328.489795500001
2022-12-01T00:00:00Z,APTUSD,4.7735,4.7735,4.6307,4.6497,613.58563282
2022-12-02T00:00:00Z,APTUSD,4.6453,5.049,4.546,4.8878,8175.245428940002
2022-12-03T00:00:00Z,APTUSD,4.906,5.2364,4.906,5.1256,7081.091012039992
2022-12-04T00:00:00Z,APTUSD,5.1467,5.3587,5.1305,5.1918,3935.1740719199975
2022-12-05T00:00:00Z,APTUSD,5.4173,5.4173,5.0461,5.17,27369.740160939982
2022-12-06T00:00:00Z,APTUSD,5.2109,5.2784,4.9355,4.9853,5450.55813178
2022-12-07T00:00:00Z,APTUSD,5.032,5.032,4.644,4.8148,3220.56287486
2022-12-08T00:00:00Z,APTUSD,4.8627,4.9384,4.7295,4.8924,1642.9515830399998
2022-12-09T00:00:00Z,APTUSD,4.9136,4.9286,4.7587,4.7739,338.38651759000004
2022-12-10T00:00:00Z,APTUSD,4.7992,4.8152,4.7611,4.7745,267.68589547
2022-12-11T00:00:00Z,APTUSD,4.781,4.8513,4.7333,4.7411,545.7059974299999
2022-12-12T00:00:00Z,APTUSD,4.6327,4.6327,4.4017,4.5197,4424.32071345
2022-12-13T00:00:00Z,APTUSD,4.5304,4.6379,4.3,4.6362,6945.4611555500005
2022-12-14T00:00:00Z,APTUSD,4.6962,4.6962,4.5867,4.6908,494.41773992000003
2022-12-15T00:00:00Z,APTUSD,4.6488,4.7649,4.5172,4.6545,3827.53380631
2022-12-16T00:00:00Z,APTUSD,4.6959,4.7053,3.9848,4.0453,24282.13675500999
2022-12-17T00:00:00Z,APTUSD,4.0516,4.1077,3.9718,4.0688,2885.1857019299996
2022-12-18T00:00:00Z,APTUSD,4.0794,4.0873,3.986,4.0698,7960.730257199998
2022-12-19T00:00:00Z,APTUSD,4.0498,4.1193,3.6568,3.6568,8297.695140620004
2022-12-20T00:00:00Z,APTUSD,3.8534,3.9114,3.8428,3.8798,1055.2298185600002
2022-12-21T00:00:00Z,APTUSD,3.8654,3.8753,3.6873,3.7533,3006.5812701400005
2022-12-22T00:00:00Z,APTUSD,3.7553,3.7567,3.5868,3.6943,1710.5298208000002
2022-12-23T00:00:00Z,APTUSD,3.7055,3.8004,3.7055,3.7422,445.85483717999995
2022-12-24T00:00:00Z,APTUSD,3.7236,3.7516,3.7036,3.7036,182.87748284999998
2022-12-25T00:00:00Z,APTUSD,3.6963,3.7096,3.5448,3.589,1143.26301672
2022-12-26T00:00:00Z,APTUSD,3.5581,3.6472,3.5581,3.6472,2912.8123333500002
2022-12-27T00:00:00Z,APTUSD,3.638,3.638,3.5399,3.5847,4189.0576780500005
2022-12-28T00:00:00Z,APTUSD,3.5362,3.5362,3.1871,3.223,14459.09183272
2022-12-29T00:00:00Z,APTUSD,3.217,3.2268,3.0793,3.1916,5555.95965779
2022-12-30T00:00:00Z,APTUSD,3.1969,3.4506,3.1329,3.4171,67520.68107623
2022-12-31T00:00:00Z,APTUSD,3.3774,3.4918,3.3352,3.4674,3465.1392926099998
2023-01-01T00:00:00Z,APTUSD,3.4531,3.5395,3.4531,3.5295,1198.56262184
2023-01-02T00:00:00Z,APTUSD,3.5089,3.8843,3.465,3.7813,11985.89591031
2023-01-03T00:00:00Z,APTUSD,3.7917,3.8351,3.6856,3.7973,8943.41170088
2023-01-04T00:00:00Z,APTUSD,3.8625,3.9733,3.7521,3.8029,27084.977080250024
2023-01-05T00:00:00Z,APTUSD,3.829,3.829,3.6569,3.708,5438.313023530002
2023-01-06T00:00:00Z,APTUSD,3.772,3.9006,3.6,3.8487,52862.84975071996
2023-01-07T00:00:00Z,APTUSD,3.8593,3.893,3.8024,3.8144,1878.7973077999998
2023-01-08T00:00:00Z,APTUSD,3.8219,3.9398,3.7281,3.9323,105984.80977366983
2023-01-09T00:00:00Z,APTUSD,3.9281,5.677,3.9148,5.2331,143450.00961768997
2023-01-10T00:00:00Z,APTUSD,5.1729,5.9014,4.9467,5.5485,35691.588682379996
2023-01-11T00:00:00Z,APTUSD,5.4376,5.5026,5.0304,5.2541,18025.180088840007
2023-01-12T00:00:00Z,APTUSD,5.3636,6.55,5.0884,6.5091,22659.662395230003
2023-01-13T00:00:00Z,APTUSD,6.4428,7.097,6.2246,6.8391,22972.784760489987
2023-01-14T00:00:00Z,APTUSD,6.8489,8.1775,6.795,7.7042,42172.47362078999
2023-01-15T00:00:00Z,APTUSD,7.6185,8.798,7.06,7.9429,42762.69168541999
2023-01-16T00:00:00Z,APTUSD,7.8921,8.6,7.5964,8.1465,17223.036853090012
2023-01-17T00:00:00Z,APTUSD,8.0963,8.249,7.63,7.6489,25246.296560059993
2023-01-18T00:00:00Z,APTUSD,7.6753,8.4335,7.0052,7.5882,37844.92596461
2023-01-19T00:00:00Z,APTUSD,7.6786,8.0873,7.5665,7.9409,10800.025813350001
2023-01-20T00:00:00Z,APTUSD,7.7939,11.12,7.7777,10.9125,50055.481918980026
2023-01-21T00:00:00Z,APTUSD,11.0569,13.3796,9.594,11.7396,76435.15437173998
2023-01-22T00:00:00Z,APTUSD,11.7869,14.5421,11.7869,13.3064,80759.83019191005
2023-01-23T00:00:00Z,APTUSD,13.4546,14.3422,12.6651,12.7125,54336.573619069975
2023-01-24T00:00:00Z,APTUSD,12.6627,13.5577,11.74,12.3,32863.6355458
2023-01-25T00:00:00Z,APTUSD,12.3839,18.7698,12.3095,18.3268,111394.56697575026
2023-01-26T00:00:00Z,APTUSD,18.4526,20.2032,17.17,18.2817,91800.97795789002
2023-01-27T00:00:00Z,APTUSD,17.9777,18.7,17.3,17.743,25825.19003471002
2023-01-28T00:00:00Z,APTUSD,17.6277,18.9782,16.704,17.9286,31738.667689859994
2023-01-29T00:00:00Z,APTUSD,17.7992,18.9,17.4989,18.2782,25852.920692360018
2023-01-30T00:00:00Z,APTUSD,18.3166,20.3377,16.3,17.2472,72654.37904538999
2023-01-31T00:00:00Z,APTUSD,17.2227,17.4323,16.1216,16.6851,41739.56404906998
2023-02-01T00:00:00Z,APTUSD,16.5665,18.4031,15.6303,18.1728,71482.95693586
2023-02-02T00:00:00Z,APTUSD,18.2738,18.6589,16.9762,17.1717,45167.625412780035
2023-02-03T00:00:00Z,APTUSD,17.2165,17.5033,16.5654,17.0268,26269.555734490008
2023-02-04T00:00:00Z,APTUSD,16.9462,16.9477,16.3959,16.434,11703.43267825
2023-02-05T00:00:00Z,APTUSD,16.434,17.029,14.6821,15.4468,30940.298071419988
2023-02-06T00:00:00Z,APTUSD,15.5076,15.9616,14.3803,14.9404,34072.19923022999
2023-02-07T00:00:00Z,APTUSD,15.044,16.2457,15.044,16.0433,22702.595920330004
2023-02-08T00:00:00Z,APTUSD,16.0211,16.2609,14.7399,15.1624,33451.62811150999
2023-02-09T00:00:00Z,APTUSD,14.938,15.0983,12.6795,13.3082,73458.0388254
2023-02-10T00:00:00Z,APTUSD,13.3188,13.7422,12.6638,13.62,28312.562216950006
2023-02-11T00:00:00Z,APTUSD,13.6178,14.5851,13.2484,13.8834,26702.791483150017
2023-02-12T00:00:00Z,APTUSD,13.8835,14.1161,12.8873,13.1114,46028.439341850004
2023-02-13T00:00:00Z,APTUSD,13.0758,13.7944,12.315,13.7852,35193.28431859001
2023-02-14T00:00:00Z,APTUSD,13.9502,14.7774,13.4678,14.7479,19666.709631969992
2023-02-15T00:00:00Z,APTUSD,14.693,21.57,14.1243,15.9653,49703.337813109974
2023-02-16T00:00:00Z,APTUSD,15.9908,16.6313,14.5794,14.6759,37378.58823155003
2023-02-17T00:00:00Z,APTUSD,14.8317,15.0688,14.1677,14.7383,17941.55940722999
2023-02-18T00:00:00Z,APTUSD,14.7796,14.916,14.1717,14.4417,21416.050732049996
2023-02-19T00:00:00Z,APTUSD,14.4022,14.7847,13.8243,14.1902,13471.560394890004
2023-02-20T00:00:00Z,APTUSD,14.1385,14.368,13.7,14.2037,15814.999421259998
2023-02-21T00:00:00Z,APTUSD,14.1381,14.1646,13.12,13.3876,7892.9747578900015
2023-02-22T00:00:00Z,APTUSD,13.4434,13.928,12.8176,13.928,19467.717304959988
2023-02-23T00:00:00Z,APTUSD,13.869,14.079,13.1916,13.4007,44306.487800570045
2023-02-24T00:00:00Z,APTUSD,13.3374,13.7417,12.2717,12.8501,11244.666427350003
2023-02-25T00:00:00Z,APTUSD,12.8722,12.8722,11.5669,12.2249,50320.17460028007
2023-02-26T00:00:00Z,APTUSD,12.2577,12.9092,12.1625,12.6392,9535.154052359996
2023-02-27T00:00:00Z,APTUSD,12.6443,12.8884,12.1223,12.3898,7914.35611258
2023-02-28T00:00:00Z,APTUSD,12.3151,12.3475,11.7678,11.8759,19129.22673682001
2023-03-01T00:00:00Z,APTUSD,12.2553,13.3788,12.2553,13.355,170725.37111478962
2023-03-02T00:00:00Z,APTUSD,13.5234,14.0095,12.5532,12.847,43531.91428594002
2023-03-03T00:00:00Z,APTUSD,12.8264,12.8801,11.3728,11.7373,16927.704516790014
2023-03-04T00:00:00Z,APTUSD,11.7829,11.8066,10.6667,11.2796,18687.32148880999
2023-03-05T00:00:00Z,APTUSD,11.2998,11.501,11.1382,11.1696,1710.8764834000003
2023-03-06T00:00:00Z,APTUSD,11.3438,11.4951,11.0484,11.3011,28035.92152864001
2023-03-07T00:00:00Z,APTUSD,11.2869,11.665,10.7635,11.1136,14717.02027991
2023-03-08T00:00:00Z,APTUSD,11.161,11.161,10.2327,10.5123,7302.096705389998
2023-03-09T00:00:00Z,APTUSD,10.544,11.4305,10.4066,11.1141,56477.84510163999
2023-03-10T00:00:00Z,APTUSD,11.0738,11.6663,9.7415,10.8716,77553.92578216986
2023-03-11T00:00:00Z,APTUSD,10.8085,11.1092,9.9975,10.5157,30589.98895596999
2023-03-12T00:00:00Z,APTUSD,10.4666,12.0928,10.1749,11.963,37121.6139933
2023-03-13T00:00:00Z,APTUSD,11.963,12.77,11.4756,12.3486,106311.82837531982
2023-03-14T00:00:00Z,APTUSD,12.333,14.5734,12.1011,13.6075,128464.3701066097
2023-03-15T00:00:00Z,APTUSD,13.5568,14.1876,12.01,12.2585,86644.13747103972
2023-03-16T00:00:00Z,APTUSD,12.3014,12.4726,11.88,12.3906,28622.731088909983
2023-03-17T00:00:00Z,APTUSD,12.3721,13.6668,12.1516,13.5463,63480.81276192002
2023-03-18T00:00:00Z,APTUSD,13.5489,14.251,12.6796,12.8255,68802.46030187988
2023-03-19T00:00:00Z,APTUSD,12.9073,13.5276,12.7,13.0294,26430.720892320005
2023-03-20T00:00:00Z,APTUSD,12.9974,13.1249,12.01,12.1664,44073.42900071003
2023-03-21T00:00:00Z,APTUSD,12.0887,12.57,11.7584,12.2792,32303.00815401002
2023-03-22T00:00:00Z,APTUSD,12.2794,13.2348,11.777,13.1774,79945.07450618006
2023-03-23T00:00:00Z,APTUSD,13.0242,13.3398,12.4234,13.2759,24329.081826700007
2023-03-24T00:00:00Z,APTUSD,13.2723,13.2723,11.1,12.257,20024.71082210997
2023-03-25T00:00:00Z,APTUSD,12.1876,12.2454,11.4615,11.576,7900.891517310001
2023-03-26T00:00:00Z,APTUSD,11.5215,12.0388,11.5215,11.8597,14921.063127480007
2023-03-27T00:00:00Z,APTUSD,11.8375,12.0295,10.8528,11.1444,34672.75797578998
2023-03-28T00:00:00Z,APTUSD,11.1385,11.3209,10.8039,11.2412,9687.722219429996
2023-03-29T00:00:00Z,APTUSD,11.2511,11.776,11.2396,11.6489,20729.619326640008
2023-03-30T00:00:00Z,APTUSD,11.6042,11.8077,10.8758,11.1405,7429.514545739995
2023-03-31T00:00:00Z,APTUSD,11.1589,11.4384,11.1096,11.4038,5463.231943699999
2023-04-01T00:00:00Z,APTUSD,11.4104,11.5085,11.0539,11.2896,3215.5075491000007
2023-04-02T00:00:00Z,APTUSD,11.273,12.54,11.1792,12.1605,60576.79028643999
2023-04-03T00:00:00Z,APTUSD,12.1415,12.1415,11.0218,11.3293,22579.27537497
2023-04-04T00:00:00Z,APTUSD,11.3539,11.604,11.1372,11.4646,31244.006469839995
2023-04-05T00:00:00Z,APTUSD,11.4525,12.0102,11.2439,11.5616,61553.70853789
2023-04-06T00:00:00Z,APTUSD,11.3956,11.68,11.1968,11.478,33798.61924604003
2023-04-07T00:00:00Z,APTUSD,11.4649,11.4961,11.0449,11.1578,15205.118641420015
2023-04-08T00:00:00Z,APTUSD,11.1973,11.3026,10.626,11.0432,13467.268565270011
2023-04-09T00:00:00Z,APTUSD,11.0318,11.1389,10.8523,11.1212,14476.129881640009
2023-04-10T00:00:00Z,APTUSD,11.0943,11.4759,10.896,11.4759,5669.216104979999
2023-04-11T00:00:00Z,APTUSD,11.4241,12.1228,11.3375,11.7455,117693.40260841041
2023-04-12T00:00:00Z,APTUSD,11.7647,11.9639,11.1,11.3665,41535.57992791002
2023-04-13T00:00:00Z,APTUSD,11.3073,12.5,11.2848,12.4392,104117.16826653008
2023-04-14T00:00:00Z,APTUSD,12.47,13.8023,12.1842,12.68,148193.27518777014
2023-04-15T00:00:00Z,APTUSD,12.6045,12.8878,12.4726,12.6282,22665.759116439996
2023-04-16T00:00:00Z,APTUSD,12.5697,12.7586,12.3048,12.6109,19308.14148502
2023-04-17T00:00:00Z,APTUSD,12.575,12.7823,12.1365,12.2704,25491.620073680013
2023-04-18T00:00:00Z,APTUSD,12.3211,12.7681,12.1705,12.7155,69119.15328246994
2023-04-19T00:00:00Z,APTUSD,12.7251,13.28,11.0408,11.3435,112733.47234899993
2023-04-20T00:00:00Z,APTUSD,11.3153,11.4499,10.8373,11.0284,43706.047184799994
2023-04-21T00:00:00Z,APTUSD,11.1239,11.1534,9.8289,10.1385,45217.657420050025
2023-04-22T00:00:00Z,APTUSD,10.1497,10.4366,10.0,10.3349,18176.28908767001
2023-04-23T00:00:00Z,APTUSD,10.3149,10.3293,9.7319,10.2363,19351.707637500014
2023-04-24T00:00:00Z,APTUSD,10.1987,10.4015,10.0,10.2309,8288.343845740003
2023-04-25T00:00:00Z,APTUSD,10.1829,10.4611,9.794,10.36,14273.54549172001
2023-04-26T00:00:00Z,APTUSD,10.3544,10.8712,9.4462,10.0197,48903.24505670984
2023-04-27T00:00:00Z,APTUSD,10.0845,10.3545,9.9517,10.1637,16944.345442199996
2023-04-28T00:00:00Z,APTUSD,10.1533,10.2247,9.895,10.1796,13606.290400870002
2023-04-29T00:00:00Z,APTUSD,10.1487,10.95,10.123,10.7694,87816.25770827995
2023-04-30T00:00:00Z,APTUSD,10.7696,10.9435,10.2627,10.2973,36602.94056734997
2023-05-01T00:00:00Z,APTUSD,10.3077,10.3077,7.5,9.9286,69446.48497813007
2023-05-02T00:00:00Z,APTUSD,9.9148,10.0024,9.7698,10.0024,20620.616592260012
2023-05-03T00:00:00Z,APTUSD,9.921,10.1042,9.4801,10.0162,21880.565342080008
2023-05-04T00:00:00Z,APTUSD,10.0243,10.028,9.575,9.6474,16370.955607189995
2023-05-05T00:00:00Z,APTUSD,9.6083,9.8943,9.479,9.8943,5831.137224660002
2023-05-06T00:00:00Z,APTUSD,9.8357,9.8357,9.05,9.2076,9095.078793869996
2023-05-07T00:00:00Z,APTUSD,9.25,9.4013,9.2025,9.2025,9842.740878260003
2023-05-08T00:00:00Z,APTUSD,9.2091,9.2626,8.0171,8.3212,33784.14502634
2023-05-09T00:00:00Z,APTUSD,8.2952,8.3824,8.1342,8.3222,5403.590710229999
2023-05-10T00:00:00Z,APTUSD,8.3689,8.768,8.0473,8.6266,51212.30370589
2023-05-11T00:00:00Z,APTUSD,8.6073,8.6102,7.8758,8.0491,26512.65960638999
2023-05-12T00:00:00Z,APTUSD,8.0692,8.3,7.7387,8.3,27284.31254423
2023-05-13T00:00:00Z,APTUSD,8.2933,8.372,8.1723,8.372,5283.732484299999
2023-05-14T00:00:00Z,APTUSD,8.2457,8.7006,8.0894,8.4608,11374.81892347
2023-05-15T00:00:00Z,APTUSD,8.429,9.0012,8.293,8.5912,22796.864730500012
2023-05-16T00:00:00Z,APTUSD,8.5906,8.72,8.4722,8.5201,11346.060784709998
2023-05-17T00:00:00Z,APTUSD,8.6221,8.8711,8.3551,8.7534,36284.28134842993
2023-05-18T00:00:00Z,APTUSD,8.724,8.7263,8.3353,8.5501,36705.359514140044
2023-05-19T00:00:00Z,APTUSD,8.5298,8.533,8.3953,8.4194,3292.1352665500026
2023-05-20T00:00:00Z,APTUSD,8.4299,8.4977,8.3448,8.4499,5320.373169119999
2023-05-21T00:00:00Z,APTUSD,8.48,8.48,8.0701,8.1968,2758.719400929999
2023-05-22T00:00:00Z,APTUSD,8.151,8.2197,7.993,8.13,4446.143674090003
2023-05-23T00:00:00Z,APTUSD,8.08,8.53,8.049,8.5189,19375.79038452001
2023-05-24T00:00:00Z,APTUSD,8.4974,8.4974,7.9256,8.0787,30687.59307660994
2023-05-25T00:00:00Z,APTUSD,8.0309,8.0693,7.7603,7.9715,11126.795676250009
2023-05-26T00:00:00Z,APTUSD,7.95,8.1384,7.8498,8.11,9141.881318829996
2023-05-27T00:00:00Z,APTUSD,8.0581,8.27,8.0581,8.2431,21750.997330270005
2023-05-28T00:00:00Z,APTUSD,8.2427,8.6693,8.209,8.5188,63648.900415670025
2023-05-29T00:00:00Z,APTUSD,8.5297,8.6337,8.2326,8.5394,17782.175601819996
2023-05-30T00:00:00Z,APTUSD,8.4516,8.5936,8.4029,8.521,20585.072577990017
2023-05-31T00:00:00Z,APTUSD,8.4826,8.8056,8.1827,8.3707,81379.7171842401
2023-06-01T00:00:00Z,APTUSD,8.3426,8.645,8.2755,8.5482,90763.97349076999
2023-06-02T00:00:00Z,APTUSD,8.557,9.3027,8.387,9.0653,120496.78199793003
2023-06-03T00:00:00Z,APTUSD,9.0332,9.1809,8.888,8.9883,10252.244775960004
2023-06-04T00:00:00Z,APTUSD,8.9541,9.42,8.8366,9.2,39467.11927024002
2023-06-05T00:00:00Z,APTUSD,9.13,9.2218,7.8955,8.125,137320.5090221196
2023-06-06T00:00:00Z,APTUSD,8.1108,8.3527,7.6302,8.26,35086.24656737999
2023-06-07T00:00:00Z,APTUSD,8.1979,8.2009,7.6374,7.6997,48487.12886198
2023-06-08T00:00:00Z,APTUSD,7.71,7.8122,7.55,7.6772,27706.250165569978
2023-06-09T00:00:00Z,APTUSD,7.6827,7.7694,7.284,7.4255,12437.1480666
2023-06-10T00:00:00Z,APTUSD,7.4175,7.4175,5.4,6.0104,105310.08969107024
2023-06-11T00:00:00Z,APTUSD,6.0172,6.685,5.8728,6.2536,40558.50981795992
2023-06-12T00:00:00Z,APTUSD,6.2046,6.4356,6.1207,6.2827,44595.08114342003
2023-06-13T00:00:00Z,APTUSD,6.2391,6.5319,6.119,6.2518,29105.476208140008
2023-06-14T00:00:00Z,APTUSD,6.2678,6.4198,5.9058,6.0477,26288.887954630012
2023-06-15T00:00:00Z,APTUSD,6.0514,6.2638,5.9557,6.2138,17618.772453190002
2023-06-16T00:00:00Z,APTUSD,6.2179,6.3151,6.025,6.3073,27490.73126915002
2023-06-17T00:00:00Z,APTUSD,6.2928,7.0695,6.2513,6.9959,51449.42826878999
2023-06-18T00:00:00Z,APTUSD,6.9897,7.2314,6.579,6.7254,39926.125185049896
2023-06-19T00:00:00Z,APTUSD,6.7225,7.0289,6.6656,6.9412,13377.58018346001
2023-06-20T00:00:00Z,APTUSD,6.9094,7.2489,6.6639,7.2215,34677.01298178999
2023-06-21T00:00:00Z,APTUSD,7.1832,7.5837,7.1,7.4793,21175.408959660006
2023-06-22T00:00:00Z,APTUSD,7.557,7.8,7.33,7.3691,34549.67616923
2023-06-23T00:00:00Z,APTUSD,7.4007,7.9768,7.3033,7.6335,38421.19706248001
2023-06-24T00:00:00Z,APTUSD,7.6221,7.7388,7.1548,7.3394,42361.54189494996
2023-06-25T00:00:00Z,APTUSD,7.3505,7.9498,7.3394,7.5902,32224.701639069986
2023-06-26T00:00:00Z,APTUSD,7.4795,7.712,7.1545,7.2766,43018.33248460996
2023-06-27T00:00:00Z,APTUSD,7.277,7.5307,7.2722,7.4124,26964.821678289994
2023-06-28T00:00:00Z,APTUSD,7.4217,7.4217,6.686,6.9333,27516.986371469968
2023-06-29T00:00:00Z,APTUSD,6.9213,7.5031,6.8957,7.1918,21354.25697633001
2023-06-30T00:00:00Z,APTUSD,7.1237,7.5211,6.7,7.2582,24921.02616200003
2023-07-01T00:00:00Z,APTUSD,7.2393,7.3846,7.0848,7.3846,4246.712996590003
2023-07-02T00:00:00Z,APTUSD,7.3728,7.4379,7.1218,7.3455,12501.714167939997
2023-07-03T00:00:00Z,APTUSD,7.3749,7.6144,7.3101,7.4909,20553.888138760005
2023-07-04T00:00:00Z,APTUSD,7.5515,8.3208,7.5515,7.669,62772.24445075998
2023-07-05T00:00:00Z,APTUSD,7.6318,7.9338,7.2969,7.4311,30010.296157079985
2023-07-06T00:00:00Z,APTUSD,7.4163,7.7014,7.0975,7.1259,15898.200934140004
2023-07-07T00:00:00Z,APTUSD,7.1026,7.2618,7.0205,7.1792,11619.003829540015
2023-07-08T00:00:00Z,APTUSD,7.2171,7.2459,6.9183,7.0687,13348.281563080009
2023-07-09T00:00:00Z,APTUSD,7.0381,7.2385,7.0225,7.1119,4301.894526380001
2023-07-10T00:00:00Z,APTUSD,7.0161,7.1898,6.8189,7.0782,40819.01706069
2023-07-11T00:00:00Z,APTUSD,7.0565,7.126,6.9231,7.061,12155.145169570002
2023-07-12T00:00:00Z,APTUSD,7.0529,7.1138,6.8545,6.9887,11392.716559820004
2023-07-13T00:00:00Z,APTUSD,6.9986,7.6968,6.9449,7.545,44742.65098527002
2023-07-14T00:00:00Z,APTUSD,7.595,7.988,7.0977,7.3863,55268.311401120016
2023-07-15T00:00:00Z,APTUSD,7.3344,7.54,7.25,7.4392,9078.243782120002
2023-07-16T00:00:00Z,APTUSD,7.4821,7.6247,7.3268,7.4,15718.466760070003
2023-07-17T00:00:00Z,APTUSD,7.4034,7.9013,7.4034,7.8333,12698.444353370007
2023-07-18T00:00:00Z,APTUSD,7.8218,8.1785,7.4,7.606,17675.261099129995
2023-07-19T00:00:00Z,APTUSD,7.5827,7.7035,7.4492,7.5409,7703.428690670002
2023-07-20T00:00:00Z,APTUSD,7.5309,7.6705,7.3385,7.4311,6688.213972349997
2023-07-21T00:00:00Z,APTUSD,7.4491,7.5764,7.4242,7.5287,3776.7393228100004
2023-07-22T00:00:00Z,APTUSD,7.5597,7.744,7.5371,7.6367,6463.9424110300015
2023-07-23T00:00:00Z,APTUSD,7.6483,7.7663,7.5189,7.5315,3032.5095110500006
2023-07-24T00:00:00Z,APTUSD,7.5773,7.5773,7.0,7.0558,8598.74977909
2023-07-25T00:00:00Z,APTUSD,7.0485,7.069,6.8547,6.9837,5962.8501382099985
2023-07-26T00:00:00Z,APTUSD,6.9899,7.1249,6.8327,7.0011,8404.53548671
2023-07-27T00:00:00Z,APTUSD,7.0438,7.1366,6.9097,7.0618,3948.7522074899994
2023-07-28T00:00:00Z,APTUSD,7.0642,7.0987,7.0036,7.0613,3948.27481745
2023-07-29T00:00:00Z,APTUSD,7.0766,7.139,7.0548,7.135,1491.47106298
2023-07-30T00:00:00Z,APTUSD,7.139,7.1816,6.8619,7.0242,7467.193699800003
2023-07-31T00:00:00Z,APTUSD,7.0054,7.0956,6.9457,6.9768,7146.64544404
2023-08-01T00:00:00Z,APTUSD,7.035,7.0636,6.7311,7.0636,6816.012060889999
2023-08-02T00:00:00Z,APTUSD,7.0624,7.0799,6.8258,6.8649,2001.3035880700004
2023-08-03T00:00:00Z,APTUSD,6.88,6.9067,6.7269,6.773,4530.751557859999
2023-08-04T00:00:00Z,APTUSD,6.7665,6.8323,6.6096,6.6958,5294.475506400002
2023-08-05T00:00:00Z,APTUSD,6.6879,6.7192,6.6271,6.7192,6330.906024869999
2023-08-06T00:00:00Z,APTUSD,6.7263,6.8055,6.6748,6.7023,6039.626054330007
2023-08-07T00:00:00Z,APTUSD,6.7264,6.7704,6.4493,6.658,10971.030803320002
2023-08-08T00:00:00Z,APTUSD,6.6705,6.768,6.6129,6.6972,1945.2594541899996
2023-08-09T00:00:00Z,APTUSD,6.6997,7.9576,6.6697,7.3767,97980.71798996994
2023-08-10T00:00:00Z,APTUSD,7.3801,7.6094,7.117,7.1603,33997.24358559996
2023-08-11T00:00:00Z,APTUSD,7.1505,7.1505,6.9802,7.0889,15653.255017150008
2023-08-12T00:00:00Z,APTUSD,7.125,7.2109,7.0936,7.1776,5609.213155710012
2023-08-13T00:00:00Z,APTUSD,7.207,7.2369,7.0412,7.053,5335.461896779999
2023-08-14T00:00:00Z,APTUSD,7.0261,7.1342,6.99,7.0801,10898.67889683
2023-08-15T00:00:00Z,APTUSD,7.0672,7.0672,6.1391,6.5363,22706.510857189987
2023-08-16T00:00:00Z,APTUSD,6.5277,6.5277,5.9673,6.1806,27461.349224009948
2023-08-17T00:00:00Z,APTUSD,6.1768,6.3111,4.9375,5.6885,60374.464770059996
2023-08-18T00:00:00Z,APTUSD,5.6995,5.889,5.4808,5.8099,9040.569541940007
2023-08-19T00:00:00Z,APTUSD,5.8276,6.0523,5.8272,6.0136,8368.87739441001
2023-08-20T00:00:00Z,APTUSD,6.0157,6.1761,5.9297,6.0546,7102.788572090002
2023-08-21T00:00:00Z,APTUSD,6.042,6.0531,5.7792,5.9587,10291.753772599997
2023-08-22T00:00:00Z,APTUSD,5.9645,5.9645,5.6186,5.8274,13430.002185949996
2023-08-23T00:00:00Z,APTUSD,5.8524,6.1338,5.817,6.0103,9630.306662640007
2023-08-24T00:00:00Z,APTUSD,6.0279,6.0283,5.7193,5.8014,3615.400540299999
2023-08-25T00:00:00Z,APTUSD,5.8054,5.8151,5.5646,5.6886,6521.9256442
2023-08-26T00:00:00Z,APTUSD,5.6724,5.7721,5.6636,5.7217,3788.321485060001
2023-08-27T00:00:00Z,APTUSD,5.6946,5.7742,5.6468,5.6886,4575.198727
2023-08-28T00:00:00Z,APTUSD,5.6952,5.736,5.5358,5.7301,3884.0845666100004
2023-08-29T00:00:00Z,APTUSD,5.7276,5.9769,5.5799,5.8933,6098.944111349998
2023-08-30T00:00:00Z,APTUSD,5.915,5.9557,5.7396,5.7753,5781.286449270001
2023-08-31T00:00:00Z,APTUSD,5.7608,5.8014,5.4504,5.509,13464.67497052999
2023-09-01T00:00:00Z,APTUSD,5.527,5.5641,5.3907,5.5013,3430.009257699999
2023-09-02T00:00:00Z,APTUSD,5.5196,5.6456,5.4974,5.5864,3440.4747874699992
2023-09-03T00:00:00Z,APTUSD,5.5761,5.5775,5.406,5.4645,2735.4544887500006
2023-09-04T00:00:00Z,APTUSD,5.4728,5.5682,5.4398,5.5014,1927.1356707499974
2023-09-05T00:00:00Z,APTUSD,5.5129,5.551,5.4241,5.5173,7301.523536550001
2023-09-06T00:00:00Z,APTUSD,5.5242,5.5751,5.3907,5.5359,3516.2094939199997
2023-09-07T00:00:00Z,APTUSD,5.5439,5.6625,5.4844,5.6309,18049.144620760006
2023-09-08T00:00:00Z,APTUSD,5.6163,5.6634,5.4085,5.5152,28627.364448970035
2023-09-09T00:00:00Z,APTUSD,5.4966,5.52,5.4527,5.484,883.44050354
2023-09-10T00:00:00Z,APTUSD,5.4564,5.4564,5.1027,5.1755,16821.719779160016
2023-09-11T00:00:00Z,APTUSD,5.1781,5.183,4.889,5.0062,29088.537870070024
2023-09-12T00:00:00Z,APTUSD,5.0117,5.2729,4.9798,5.044,8901.183767880006
2023-09-13T00:00:00Z,APTUSD,5.031,5.3274,5.031,5.1844,11143.59943485001
2023-09-14T00:00:00Z,APTUSD,5.2037,5.3136,5.1486,5.2219,5446.080826370001
2023-09-15T00:00:00Z,APTUSD,5.1849,5.3005,5.119,5.2951,3196.466045530001
2023-09-16T00:00:00Z,APTUSD,5.2718,5.3564,5.2595,5.3108,3253.2973232800005
2023-09-17T00:00:00Z,APTUSD,5.215,5.3311,5.1685,5.2073,4757.827954279999
2023-09-18T00:00:00Z,APTUSD,5.1976,5.3618,5.1639,5.218,3962.9375280199984
2023-09-19T00:00:00Z,APTUSD,5.1856,5.2696,5.1236,5.2118,13396.02010864001
2023-09-20T00:00:00Z,APTUSD,5.2232,5.25,5.0822,5.1703,3109.2324829700005
2023-09-21T00:00:00Z,APTUSD,5.166,5.2363,5.0386,5.0983,6391.000007460002
2023-09-22T00:00:00Z,APTUSD,5.0983,5.1434,5.0893,5.1317,2094.19925012
2023-09-23T00:00:00Z,APTUSD,5.1389,5.1646,5.0834,5.1404,3130.1564929199994
2023-09-24T00:00:00Z,APTUSD,5.1405,5.4672,5.1007,5.309,25354.159987340005
2023-09-25T00:00:00Z,APTUSD,5.3218,5.8283,5.3133,5.5633,58001.574793009844
2023-09-26T00:00:00Z,APTUSD,5.5639,5.654,5.1724,5.3168,31432.955534849974
2023-09-27T00:00:00Z,APTUSD,5.302,5.3461,5.2137,5.3227,17193.72541968003
2023-09-28T00:00:00Z,APTUSD,5.322,5.4053,5.2734,5.3314,12784.179281130026
2023-09-29T00:00:00Z,APTUSD,5.3256,5.5589,5.3256,5.4023,8501.953460610008
2023-09-30T00:00:00Z,APTUSD,5.3922,5.5017,5.3218,5.4905,2576.9734649099973
2023-10-01T00:00:00Z,APTUSD,5.4602,5.6947,5.4547,5.6693,17745.59285281001
2023-10-02T00:00:00Z,APTUSD,5.6816,5.7512,5.3504,5.448,40781.97616658003
2023-10-03T00:00:00Z,APTUSD,5.4425,5.4607,5.321,5.3518,10023.268666880025
2023-10-04T00:00:00Z,APTUSD,5.3052,5.3363,5.119,5.3246,9090.367769370003
2023-10-05T00:00:00Z,APTUSD,5.3244,5.3411,5.2259,5.2472,4245.546617819998
2023-10-06T00:00:00Z,APTUSD,5.2234,5.3676,5.215,5.3343,3305.5789966599964
2023-10-07T00:00:00Z,APTUSD,5.3292,5.3663,5.2405,5.2685,5136.147472510001
2023-10-08T00:00:00Z,APTUSD,5.2734,5.2932,5.2,5.2,5009.425461889998
2023-10-09T00:00:00Z,APTUSD,5.1982,5.2177,4.8347,4.9666,24616.51142507997
2023-10-10T00:00:00Z,APTUSD,4.9651,4.9949,4.8221,4.925,24007.00483943001
2023-10-11T00:00:00Z,APTUSD,4.9147,4.9331,4.7,4.829,33645.81797276003
2023-10-12T00:00:00Z,APTUSD,4.8225,4.9331,4.7216,4.8344,18889.675483999992
2023-10-13T00:00:00Z,APTUSD,4.8255,4.9652,4.8087,4.8947,16633.347683219996
2023-10-14T00:00:00Z,APTUSD,4.8955,4.9735,4.8893,4.9486,4834.427290449998
2023-10-15T00:00:00Z,APTUSD,4.9462,4.9462,4.8623,4.9275,9046.646410549998
2023-10-16T00:00:00Z,APTUSD,4.9307,5.2323,4.9304,5.0854,30030.394052990006
2023-10-17T00:00:00Z,APTUSD,5.0614,5.1558,4.8728,4.9943,12987.822593489997
2023-10-18T00:00:00Z,APTUSD,4.9997,5.0295,4.895,4.9408,5671.646664489997
2023-10-19T00:00:00Z,APTUSD,4.9121,5.045,4.7923,4.8962,15989.539476289981
2023-10-20T00:00:00Z,APTUSD,4.9135,5.2099,4.8909,5.0599,23633.33271239999
2023-10-21T00:00:00Z,APTUSD,5.0495,5.8606,5.0492,5.5344,65477.77489710002
2023-10-22T00:00:00Z,APTUSD,5.5168,6.293,5.468,6.1477,107927.78721132955
2023-10-23T00:00:00Z,APTUSD,6.1251,6.4164,5.7849,6.1948,74851.83516242992
2023-10-24T00:00:00Z,APTUSD,6.2157,6.622,5.93,6.288,57066.62676925991
2023-10-25T00:00:00Z,APTUSD,6.3151,7.0143,6.2888,6.9521,91426.19872404999
2023-10-26T00:00:00Z,APTUSD,6.8755,6.9448,6.2425,6.5286,50423.97795087008
2023-10-27T00:00:00Z,APTUSD,6.5306,6.7729,6.311,6.5634,51441.66665102004
2023-10-28T00:00:00Z,APTUSD,6.559,6.8491,6.5579,6.8472,37699.34060435006
2023-10-29T00:00:00Z,APTUSD,6.88,6.885,6.6791,6.728,29568.87408599002
2023-10-30T00:00:00Z,APTUSD,6.7547,6.9794,6.6783,6.8804,51696.30558612005
2023-10-31T00:00:00Z,APTUSD,6.8772,7.4554,6.7446,7.0345,53117.9747226901
2023-11-01T00:00:00Z,APTUSD,7.0459,7.3259,6.6748,7.1041,55999.375119410004
2023-11-02T00:00:00Z,APTUSD,7.1552,7.2016,6.5037,6.6662,46372.45936966009
2023-11-03T00:00:00Z,APTUSD,6.63,6.7274,6.3735,6.7158,28798.962522110003
2023-11-04T00:00:00Z,APTUSD,6.6816,7.1136,6.6731,6.9557,26758.786431870005
2023-11-05T00:00:00Z,APTUSD,6.9557,7.1518,6.7409,6.8882,22734.77218094999
2023-11-06T00:00:00Z,APTUSD,6.8758,7.4745,6.854,7.3942,58708.728863300115
2023-11-07T00:00:00Z,APTUSD,7.383,7.6994,7.0242,7.27,59531.66697712026
2023-11-08T00:00:00Z,APTUSD,7.2689,7.5346,7.1162,7.4151,53515.28818069023
2023-11-09T00:00:00Z,APTUSD,7.4351,7.7273,6.4,7.291,116939.7854974705
2023-11-10T00:00:00Z,APTUSD,7.2953,7.58,7.0801,7.4903,91528.60429009097
2023-11-11T00:00:00Z,APTUSD,7.5004,7.9,7.2099,7.6726,119792.18724334003
2023-11-12T00:00:00Z,APTUSD,7.6778,8.4356,7.221,7.781,126171.57670885992
2023-11-13T00:00:00Z,APTUSD,7.8211,8.0166,7.2606,7.3269,72543.43683843984
2023-11-14T00:00:00Z,APTUSD,7.3169,7.3516,6.7608,7.145,67937.63228508984
2023-11-15T00:00:00Z,APTUSD,7.1147,7.7644,7.0838,7.6869,61514.37066057005
2023-11-16T00:00:00Z,APTUSD,7.696,8.2588,7.1734,7.2625,75433.46798345982
2023-11-17T00:00:00Z,APTUSD,7.3056,7.6671,6.9377,7.2413,32605.969609409978
2023-11-18T00:00:00Z,APTUSD,7.2471,7.2471,6.7148,7.0673,62601.552719930085
2023-11-19T00:00:00Z,APTUSD,6.9582,7.2485,6.8619,7.2485,48972.46496890995
2023-11-20T00:00:00Z,APTUSD,7.2236,7.5141,7.146,7.2029,71239.68387927001
2023-11-21T00:00:00Z,APTUSD,7.1966,7.4881,6.7446,6.8379,54543.89587582996
2023-11-22T00:00:00Z,APTUSD,6.8449,7.434,6.8449,7.3216,11084.551894030003
2023-11-23T00:00:00Z,APTUSD,7.3163,7.4035,7.1541,7.2411,9943.15084389
2023-11-24T00:00:00Z,APTUSD,7.2285,7.49,7.2285,7.4819,35766.358663939944
2023-11-25T00:00:00Z,APTUSD,7.4238,7.6152,7.3345,7.4119,76381.43836226
2023-11-26T00:00:00Z,APTUSD,7.4128,7.4928,7.0507,7.2781,24389.24763193
2023-11-27T00:00:00Z,APTUSD,7.2853,7.3721,6.8346,6.96,33644.19939829
2023-11-28T00:00:00Z,APTUSD,6.9512,7.082,6.7348,7.0332,19051.641145280006
2023-11-29T00:00:00Z,APTUSD,7.0281,7.1386,6.8699,7.0217,12634.336317790003
2023-11-30T00:00:00Z,APTUSD,7.0382,7.1024,6.9394,6.9867,10988.597464340002
2023-12-01T00:00:00Z,APTUSD,6.9773,7.1081,5.9,7.0535,82667.29519400993
2023-12-02T00:00:00Z,APTUSD,7.0624,7.4173,7.0624,7.3397,78420.61835021999
2023-12-03T00:00:00Z,APTUSD,7.34,7.5158,7.23,7.3031,44256.50868788998
2023-12-04T00:00:00Z,APTUSD,7.3057,7.8507,7.0611,7.7635,141932.68121363988
2023-12-05T00:00:00Z,APTUSD,7.7553,7.77,7.33,7.6944,55095.29997857999
2023-12-06T00:00:00Z,APTUSD,7.759,7.8716,7.3391,7.3884,55535.172048420056
2023-12-07T00:00:00Z,APTUSD,7.3831,8.2081,7.3517,7.9436,98552.83342710999
2023-12-08T00:00:00Z,APTUSD,7.9607,8.6396,7.8515,8.4956,106082.8459266099
2023-12-09T00:00:00Z,APTUSD,8.5215,8.8,8.1381,8.233,71341.18851955996
2023-12-10T00:00:00Z,APTUSD,8.3122,8.4776,7.9849,8.4234,54075.545505259994
2023-12-11T00:00:00Z,APTUSD,8.4065,8.4391,5.8,7.8007,106884.96263969027
2023-12-12T00:00:00Z,APTUSD,7.8241,9.2034,7.8211,9.1071,136561.77095946975
2023-12-13T00:00:00Z,APTUSD,9.0813,9.0886,8.1901,8.5648,299110.71843926
2023-12-14T00:00:00Z,APTUSD,8.5904,8.6986,7.9717,8.4111,90634.03914500005
2023-12-15T00:00:00Z,APTUSD,8.4168,8.4168,8.0589,8.2083,61457.093949900016
2023-12-16T00:00:00Z,APTUSD,8.2198,8.5186,8.0926,8.1633,61288.44055120004
2023-12-17T00:00:00Z,APTUSD,8.1684,8.3618,7.9824,8.0518,39283.82752343998
2023-12-18T00:00:00Z,APTUSD,8.0301,8.0918,7.475,7.88,39142.93156901998
2023-12-19T00:00:00Z,APTUSD,7.8742,8.1065,7.7253,8.1063,85887.92642713999
2023-12-20T00:00:00Z,APTUSD,8.085,8.3181,7.9393,8.0968,66803.67064436007
2023-12-21T00:00:00Z,APTUSD,8.1134,8.6909,8.0,8.522,109077.53422411988
2023-12-22T00:00:00Z,APTUSD,8.533,9.4323,8.2925,9.2825,108536.81460753991
2023-12-23T00:00:00Z,APTUSD,9.2721,10.1112,8.9808,9.2688,116771.8356555397
2023-12-24T00:00:00Z,APTUSD,9.3132,9.89,9.0615,9.3279,92089.77949974987
2023-12-25T00:00:00Z,APTUSD,9.3279,10.6759,9.1987,10.4142,151116.19038789053
2023-12-26T00:00:00Z,APTUSD,10.37,10.9023,8.9178,10.7465,165259.75749016006
2023-12-27T00:00:00Z,APTUSD,10.7411,10.9771,10.0089,10.1351,196551.01242195047
2023-12-28T00:00:00Z,APTUSD,10.1481,10.3674,9.5348,9.6231,41712.361331259985
2023-12-29T00:00:00Z,APTUSD,9.7074,10.0989,9.4276,9.6775,30946.505617209998
2023-12-30T00:00:00Z,APTUSD,9.681,9.8126,9.3754,9.3882,9595.801773659998
2023-12-31T00:00:00Z,APTUSD,9.3864,9.7743,9.1781,9.4277,24407.15251756001
2024-01-01T00:00:00Z,APTUSD,9.4051,10.0318,9.2536,9.9394,23706.125125860002
2024-01-02T00:00:00Z,APTUSD,9.9124,10.3709,9.8809,10.2482,56246.57568851002
2024-01-03T00:00:00Z,APTUSD,10.2332,10.4053,8.04,9.0452,94220.2314930401
2024-01-04T00:00:00Z,APTUSD,9.0646,11.1456,8.8166,10.306,192394.0385809412
2024-01-05T00:00:00Z,APTUSD,10.3434,10.9643,9.4146,9.6383,150389.45896615044
2024-01-06T00:00:00Z,APTUSD,9.649,9.6997,8.8555,9.051,85192.08153584981
2024-01-07T00:00:00Z,APTUSD,9.0242,9.2931,8.3861,8.4761,184084.587696901
2024-01-08T00:00:00Z,APTUSD,8.4706,8.861,7.7993,8.7894,166128.29608027925
2024-01-09T00:00:00Z,APTUSD,8.7893,8.8131,7.9444,8.239,41183.66696989998
2024-01-10T00:00:00Z,APTUSD,8.2861,9.083,7.9942,8.8773,119962.64673872008
2024-01-11T00:00:00Z,APTUSD,8.8792,9.6195,8.7752,9.4659,66140.29652037044
2024-01-12T00:00:00Z,APTUSD,9.4491,9.9427,8.4622,9.0289,75880.57025635005
2024-01-13T00:00:00Z,APTUSD,9.021,10.3931,8.6468,10.0219,127750.82031545011
2024-01-14T00:00:00Z,APTUSD,9.9993,10.0539,9.5216,9.6688,184026.13000200974
2024-01-15T00:00:00Z,APTUSD,9.7987,10.55,9.3927,9.5311,104752.84451045001
2024-01-16T00:00:00Z,APTUSD,9.5198,9.5874,9.1539,9.412,42416.44249361
2024-01-17T00:00:00Z,APTUSD,9.4322,9.4748,9.1161,9.3059,19306.00591201
2024-01-18T00:00:00Z,APTUSD,9.3175,9.4969,8.65,8.6979,38825.44504799999
2024-01-19T00:00:00Z,APTUSD,8.6968,8.6968,8.1,8.5611,29347.351536799993
2024-01-20T00:00:00Z,APTUSD,8.5616,8.5665,8.3443,8.5665,6722.064123319999
2024-01-21T00:00:00Z,APTUSD,8.5403,8.6663,8.4286,8.4493,5860.0963104400025
2024-01-22T00:00:00Z,APTUSD,8.4387,8.5041,7.9203,8.0269,20984.321803449995
2024-01-23T00:00:00Z,APTUSD,8.076,8.8046,7.5,8.7478,123416.04344393012
2024-01-24T00:00:00Z,APTUSD,8.7293,8.7462,8.4249,8.5762,25827.226929529992
2024-01-25T00:00:00Z,APTUSD,8.5747,8.5747,8.2097,8.3346,28456.31403573996
2024-01-26T00:00:00Z,APTUSD,8.304,8.8632,8.2598,8.7168,48861.61492537994
2024-01-27T00:00:00Z,APTUSD,8.783,9.352,8.6767,9.1356,66918.82228078996
2024-01-28T00:00:00Z,APTUSD,9.1261,9.214,8.7371,8.8709,31101.097462559937
2024-01-29T00:00:00Z,APTUSD,8.8612,9.4485,8.8612,9.2274,101607.67006746992
2024-01-30T00:00:00Z,APTUSD,9.1902,9.4961,9.0045,9.0776,54683.63375768998
2024-01-31T00:00:00Z,APTUSD,9.0233,9.1903,8.7,8.8482,76253.57902089006
2024-02-01T00:00:00Z,APTUSD,8.9275,9.22,8.5914,9.22,26557.911042149986
2024-02-02T00:00:00Z,APTUSD,9.2457,9.507,9.1433,9.4087,100709.10417818994
2024-02-03T00:00:00Z,APTUSD,9.4504,9.7133,9.1457,9.149,50148.09091005004
2024-02-04T00:00:00Z,APTUSD,9.1414,9.1553,8.7925,8.8182,63672.98901578993
2024-02-05T00:00:00Z,APTUSD,8.7944,9.0658,8.5353,8.6631,63197.398908289906
2024-02-06T00:00:00Z,APTUSD,8.6114,8.7101,8.4614,8.5951,24356.243818579977
2024-02-07T00:00:00Z,APTUSD,8.6289,8.8514,8.4864,8.7906,21711.354350939982
2024-02-08T00:00:00Z,APTUSD,8.789,8.9236,8.7127,8.7717,31584.38730689
2024-02-09T00:00:00Z,APTUSD,8.7575,9.1602,8.7389,9.0884,36848.75224775996
2024-02-10T00:00:00Z,APTUSD,9.1077,9.2572,8.9979,9.0788,39325.57832059001
2024-02-11T00:00:00Z,APTUSD,9.0775,9.2718,8.979,9.0553,47695.17746393998
2024-02-12T00:00:00Z,APTUSD,9.0797,9.2988,8.7635,9.1665,58722.12786791995
2024-02-13T00:00:00Z,APTUSD,9.1922,9.293,8.8726,9.1995,73402.96763065015
2024-02-14T00:00:00Z,APTUSD,9.1355,9.5928,9.0687,9.4435,59205.354157199865
2024-02-15T00:00:00Z,APTUSD,9.4915,10.8012,9.44,10.2027,240748.82859901985
2024-02-16T00:00:00Z,APTUSD,10.1395,10.3357,9.6533,9.8037,119081.92995537964
2024-02-17T00:00:00Z,APTUSD,9.8013,9.826,9.22,9.7037,169331.23204745055
2024-02-18T00:00:00Z,APTUSD,9.7074,9.8165,9.5,9.6852,199273.6809423098
2024-02-19T00:00:00Z,APTUSD,9.698,10.25,9.698,10.103,137626.66221060985
2024-02-20T00:00:00Z,APTUSD,10.1273,10.1363,8.9661,9.6434,52363.30370920001
2024-02-21T00:00:00Z,APTUSD,9.6727,9.8265,8.8707,9.2205,65027.62629688993
2024-02-22T00:00:00Z,APTUSD,9.2344,9.4645,8.9377,9.2328,25521.743786700008
2024-02-23T00:00:00Z,APTUSD,9.2292,9.3068,8.89,9.1117,29540.86942385
2024-02-24T00:00:00Z,APTUSD,9.133,9.4879,9.0535,9.445,36702.36374069999
2024-02-25T00:00:00Z,APTUSD,9.4346,9.7078,9.3196,9.6524,33791.47309700996
2024-02-26T00:00:00Z,APTUSD,9.6513,10.3504,9.334,10.1473,101210.75177944997
2024-02-27T00:00:00Z,APTUSD,10.1355,10.3896,9.7394,9.9561,45247.61668620001
2024-02-28T00:00:00Z,APTUSD,9.93,12.9874,9.9226,12.263,354640.20170318097
2024-02-29T00:00:00Z,APTUSD,12.165,13.128,11.3555,11.7152,297764.42840130907
2024-03-01T00:00:00Z,APTUSD,11.7157,12.0001,11.4706,11.8772,206089.3145189095
2024-03-02T00:00:00Z,APTUSD,11.8354,12.2479,11.5472,12.15,64412.71269326001
2024-03-03T00:00:00Z,APTUSD,12.0817,12.3765,10.6879,11.5801,66255.58548334999
2024-03-04T00:00:00Z,APTUSD,11.6071,12.6515,11.3779,12.104,136092.78979580986
2024-03-05T00:00:00Z,APTUSD,12.104,13.8888,11.6485,13.6739,340061.0208308193
2024-03-06T00:00:00Z,APTUSD,13.6409,14.5707,12.8877,13.6518,257526.80793945957
2024-03-07T00:00:00Z,APTUSD,13.6899,13.974,13.1406,13.2689,120073.83149914998
2024-03-08T00:00:00Z,APTUSD,13.3511,13.5456,12.6234,13.2576,72610.16407674993
2024-03-09T00:00:00Z,APTUSD,13.2976,13.8045,13.0969,13.1749,102816.4038898999
2024-03-10T00:00:00Z,APTUSD,13.1671,13.4522,12.4266,12.7306,83412.03059216996
2024-03-11T00:00:00Z,APTUSD,12.7534,13.5978,12.0564,13.4725,107007.95558395979
2024-03-12T00:00:00Z,APTUSD,13.4764,13.7125,12.4942,13.3538,53235.45499612989
2024-03-13T00:00:00Z,APTUSD,13.3516,13.8,12.8555,13.1501,113065.27727691992
2024-03-14T00:00:00Z,APTUSD,13.204,14.54,13.0703,14.3124,186549.66276984973
2024-03-15T00:00:00Z,APTUSD,14.3503,15.2078,9.08,15.1318,165990.7725390794
2024-03-16T00:00:00Z,APTUSD,15.1844,15.6576,12.9536,13.2899,177625.66343714015
2024-03-17T00:00:00Z,APTUSD,13.2809,15.7183,13.25,13.9598,164682.34757434038
2024-03-18T00:00:00Z,APTUSD,13.9981,15.4092,13.7234,14.3942,215499.64310352042
2024-03-19T00:00:00Z,APTUSD,14.3625,16.7323,13.5502,15.4447,412548.3857633901
2024-03-20T00:00:00Z,APTUSD,15.4878,15.9273,14.0476,15.5266,141697.9572538099
2024-03-21T00:00:00Z,APTUSD,15.5966,16.3669,14.7689,15.0085,97589.85673055002
2024-03-22T00:00:00Z,APTUSD,15.0605,20.0,14.8042,16.2977,306397.73157223803
2024-03-23T00:00:00Z,APTUSD,16.2138,16.3275,15.4895,16.1061,79445.45863215002
2024-03-24T00:00:00Z,APTUSD,16.2084,16.831,15.8213,16.3497,68286.08309256988
2024-03-25T00:00:00Z,APTUSD,16.3301,17.3831,15.7676,17.2989,103668.72695039198
2024-03-26T00:00:00Z,APTUSD,17.3387,19.4091,17.0286,18.1276,200784.1536789513
2024-03-27T00:00:00Z,APTUSD,18.0819,18.8469,17.4302,17.6998,189568.36491519987
2024-03-28T00:00:00Z,APTUSD,17.6565,18.2719,16.939,17.3382,107086.31383029002
2024-03-29T00:00:00Z,APTUSD,17.2686,17.3842,16.7769,17.2181,31309.81785723002
2024-03-30T00:00:00Z,APTUSD,17.2083,17.7082,16.481,16.6341,39825.85758952001
2024-03-31T00:00:00Z,APTUSD,16.5814,17.1915,16.4,17.0831,26366.76179267999
2024-04-01T00:00:00Z,APTUSD,17.0438,18.2,16.293,16.6804,169412.95187862034
2024-04-02T00:00:00Z,APTUSD,16.6717,16.6766,14.4549,14.6713,147141.0128323998
2024-04-03T00:00:00Z,APTUSD,14.6845,14.94,13.7,14.2254,131579.78052188002
2024-04-04T00:00:00Z,APTUSD,14.1442,14.7295,13.8366,14.1573,69670.8169146199
2024-04-05T00:00:00Z,APTUSD,14.1177,14.1177,12.6232,13.1493,55125.06263660004
2024-04-06T00:00:00Z,APTUSD,13.1449,13.5224,12.9069,13.2171,27850.78694198
2024-04-07T00:00:00Z,APTUSD,13.1559,13.8141,13.1391,13.6333,50639.65439176004
2024-04-08T00:00:00Z,APTUSD,13.6344,14.4119,13.2613,14.28,53033.954912459834
2024-04-09T00:00:00Z,APTUSD,14.2563,14.2873,12.6521,12.7155,100248.35093937992
2024-04-10T00:00:00Z,APTUSD,12.7069,12.7828,11.592,12.2067,159964.59218917022
2024-04-11T00:00:00Z,APTUSD,12.2111,12.5125,11.7366,11.855,43554.99170396998
2024-04-12T00:00:00Z,APTUSD,11.8465,12.1997,8.6713,9.8242,155917.15471409023
2024-04-13T00:00:00Z,APTUSD,9.7571,10.3911,7.5,8.7767,227813.97161102973
2024-04-14T00:00:00Z,APTUSD,8.7454,9.7429,8.4387,9.5806,87404.59278201986
2024-04-15T00:00:00Z,APTUSD,9.5472,9.9515,8.8289,9.1441,81248.18086697996
2024-04-16T00:00:00Z,APTUSD,9.1222,9.3874,8.6063,9.2424,59040.989550560036
2024-04-17T00:00:00Z,APTUSD,9.2481,9.645,8.8727,9.1492,99338.69572465005
2024-04-18T00:00:00Z,APTUSD,9.1366,9.7287,8.8288,9.5019,156881.81678594038
2024-04-19T00:00:00Z,APTUSD,9.5016,9.7,8.6,9.4026,104105.10350302009
2024-04-20T00:00:00Z,APTUSD,9.4225,10.2879,9.2871,10.2148,55472.99109174998
2024-04-21T00:00:00Z,APTUSD,10.2,10.2693,9.6892,9.9788,65911.8347591299
2024-04-22T00:00:00Z,APTUSD,10.0515,10.3988,9.8922,10.2,139052.78126379993
2024-04-23T00:00:00Z,APTUSD,10.1902,10.2846,9.68,9.7785,194847.84023972997
2024-04-24T00:00:00Z,APTUSD,9.7965,10.0164,9.076,9.1514,56215.9864989701
2024-04-25T00:00:00Z,APTUSD,9.1224,9.2267,8.7627,9.0269,63790.26034737995
2024-04-26T00:00:00Z,APTUSD,9.01,9.11,8.7201,8.8504,19109.239142020007
2024-04-27T00:00:00Z,APTUSD,8.8489,9.09,8.4071,9.0054,23300.43963303999
2024-04-28T00:00:00Z,APTUSD,9.0413,9.25,8.9544,8.9544,56852.09395470994
2024-04-29T00:00:00Z,APTUSD,9.0536,9.2,8.7976,9.1422,156083.04354368005
2024-04-30T00:00:00Z,APTUSD,9.0607,9.25,8.1319,8.6898,48291.75962944998
2024-05-01T00:00:00Z,APTUSD,8.7076,8.9304,8.1601,8.9304,35601.57779555999
2024-05-02T00:00:00Z,APTUSD,8.9214,8.9559,8.429,8.8538,62922.0237428
2024-05-03T00:00:00Z,APTUSD,8.8644,9.1895,8.8,9.0741,34854.75748075999
2024-05-04T00:00:00Z,APTUSD,9.0698,9.2886,9.009,9.1206,16063.24542012999
2024-05-05T00:00:00Z,APTUSD,9.1177,9.2895,8.9392,9.2323,11348.358720440006
2024-05-06T00:00:00Z,APTUSD,9.2348,9.5594,8.9942,9.005,18086.497381769983
2024-05-07T00:00:00Z,APTUSD,8.9955,9.1165,8.763,8.8038,20948.28996405002
2024-05-08T00:00:00Z,APTUSD,8.7695,8.789,8.4892,8.5925,23504.34927094001
2024-05-09T00:00:00Z,APTUSD,8.5701,8.8975,8.3764,8.7984,15776.263757449995
2024-05-10T00:00:00Z,APTUSD,8.8109,8.9137,8.3662,8.4316,45880.077882990045
2024-05-11T00:00:00Z,APTUSD,8.4715,8.5495,8.3052,8.3744,5485.126451389999
2024-05-12T00:00:00Z,APTUSD,8.3973,8.4998,8.3163,8.3514,4998.6301761199975
2024-05-13T00:00:00Z,APTUSD,8.3555,8.5038,7.9162,8.1574,31635.907445969988
2024-05-14T00:00:00Z,APTUSD,8.1574,8.2369,7.76,7.7945,46074.02491977002
2024-05-15T00:00:00Z,APTUSD,7.8019,8.5678,7.7347,8.4902,83511.78707310984
2024-05-16T00:00:00Z,APTUSD,8.4906,8.5684,8.1065,8.3818,129601.59959960004
2024-05-17T00:00:00Z,APTUSD,8.3748,8.7,8.292,8.5872,12714.87549012
2024-05-18T00:00:00Z,APTUSD,8.5589,8.7182,8.4608,8.5729,12700.504564829995
2024-05-19T00:00:00Z,APTUSD,8.5816,8.6799,8.0836,8.1197,9262.546261000003
2024-05-20T00:00:00Z,APTUSD,8.1307,9.1154,8.0189,9.0976,35077.46607974002
2024-05-21T00:00:00Z,APTUSD,9.0979,9.4047,8.9107,9.3209,37165.81143630997
2024-05-22T00:00:00Z,APTUSD,9.3229,9.355,8.9045,8.9721,12753.390885250003
2024-05-23T00:00:00Z,APTUSD,9.0,9.1791,8.07,8.9198,52100.404016150074
2024-05-24T00:00:00Z,APTUSD,8.9406,9.1833,8.7,8.9585,13787.641241149997
2024-05-25T00:00:00Z,APTUSD,8.9061,9.1596,8.9061,9.1009,5492.1243109
2024-05-26T00:00:00Z,APTUSD,9.0745,9.1948,8.9509,9.0394,15449.311198539997
2024-05-27T00:00:00Z,APTUSD,9.0394,9.73,9.0394,9.6275,28908.48153520999
2024-05-28T00:00:00Z,APTUSD,9.6453,9.6602,9.2273,9.315,33024.81255442
2024-05-29T00:00:00Z,APTUSD,9.3789,9.5254,9.0363,9.0699,19734.227120260006
2024-05-30T00:00:00Z,APTUSD,9.11,9.4871,8.8567,9.189,11749.925375029992
2024-05-31T00:00:00Z,APTUSD,9.1767,9.2544,8.9811,9.1398,14114.742257789992
2024-06-01T00:00:00Z,APTUSD,9.1287,9.1457,9.0134,9.0545,10447.39510512
2024-06-02T00:00:00Z,APTUSD,9.076,9.1388,8.7998,8.9319,4960.86109695
2024-06-03T00:00:00Z,APTUSD,8.8902,9.1512,8.7998,8.8931,16112.435270940006
2024-06-04T00:00:00Z,APTUSD,8.9153,9.2289,8.7645,9.1298,24395.97574016998
2024-06-05T00:00:00Z,APTUSD,9.1767,9.3665,9.1767,9.3041,11401.752515859991
2024-06-06T00:00:00Z,APTUSD,9.2969,9.2969,8.9318,9.103,13281.414553120001
2024-06-07T00:00:00Z,APTUSD,9.103,9.3764,7.8326,8.5911,39414.71863543
2024-06-08T00:00:00Z,APTUSD,8.581,8.581,8.0219,8.1248,8314.78504122
2024-06-09T00:00:00Z,APTUSD,8.1229,8.611,8.04,8.5954,19184.91785438001
2024-06-10T00:00:00Z,APTUSD,8.6091,8.6188,8.2083,8.2693,58179.13027965999
2024-06-11T00:00:00Z,APTUSD,8.2786,8.3366,7.743,7.9766,52712.45370315
2024-06-12T00:00:00Z,APTUSD,7.9785,8.54,7.8202,8.2409,37376.209970949996
2024-06-13T00:00:00Z,APTUSD,8.2269,8.2486,7.7876,7.8771,46412.900568920035
2024-06-14T00:00:00Z,APTUSD,7.8857,8.0843,7.4403,7.6911,78131.84989567993
2024-06-15T00:00:00Z,APTUSD,7.6903,7.9304,7.6415,7.8785,12218.236341470012
2024-06-16T00:00:00Z,APTUSD,7.8813,7.9466,7.7398,7.8905,4710.53308637
2024-06-17T00:00:00Z,APTUSD,7.8981,7.8981,7.2,7.4458,28493.272266629978
2024-06-18T00:00:00Z,APTUSD,7.4455,7.4455,6.2812,6.8292,49984.53164216092
2024-06-19T00:00:00Z,APTUSD,6.8124,7.1089,6.7466,6.873,15379.830732499999
2024-06-20T00:00:00Z,APTUSD,6.887,7.1627,6.715,6.8935,162552.86482498038
2024-06-21T00:00:00Z,APTUSD,6.9001,7.0103,6.7957,6.9335,42441.056098010034
2024-06-22T00:00:00Z,APTUSD,6.9317,6.9376,6.8149,6.8569,30379.75836549001
2024-06-23T00:00:00Z,APTUSD,6.8562,6.9825,6.6495,6.7399,13105.81388258999
2024-06-24T00:00:00Z,APTUSD,6.7541,6.9471,6.3614,6.9471,189845.20588096997
2024-06-25T00:00:00Z,APTUSD,6.9362,7.0918,6.8394,6.9409,85200.45408691994
2024-06-26T00:00:00Z,APTUSD,6.9422,7.003,6.7133,6.8368,13700.799424880004
2024-06-27T00:00:00Z,APTUSD,6.8417,7.1,6.7337,7.0201,47734.820555249986
2024-06-28T00:00:00Z,APTUSD,7.0278,7.1,6.8433,6.8495,20016.52777871
2024-06-29T00:00:00Z,APTUSD,6.8545,7.0277,6.8545,6.89,32174.583462600014
2024-06-30T00:00:00Z,APTUSD,6.89,7.0713,6.7884,7.0643,16178.241456639997
2024-07-01T00:00:00Z,APTUSD,7.0649,7.2303,7.0059,7.0531,61041.57017882002
2024-07-02T00:00:00Z,APTUSD,7.053,7.0629,6.8455,6.9458,12803.29651516001
2024-07-03T00:00:00Z,APTUSD,6.9504,6.9697,6.55,6.5953,14473.936410310002
2024-07-04T00:00:00Z,APTUSD,6.5838,6.6255,5.9398,5.974,67506.18474589995
2024-07-05T00:00:00Z,APTUSD,5.9812,5.9813,5.2,5.5675,135882.58842557095
2024-07-06T00:00:00Z,APTUSD,5.5396,6.0567,5.4847,6.0119,32853.15286406001
2024-07-07T00:00:00Z,APTUSD,5.9664,5.9859,5.5813,5.5813,17130.059108759997
2024-07-08T00:00:00Z,APTUSD,5.574,5.9593,5.3262,5.8365,34812.14006133999
2024-07-09T00:00:00Z,APTUSD,5.8156,6.029,5.7719,6.0161,51850.68789523002
2024-07-10T00:00:00Z,APTUSD,6.0264,6.2345,5.9511,6.1558,8634.32163234
2024-07-11T00:00:00Z,APTUSD,6.1595,6.3857,6.0199,6.0361,19520.83169541001
2024-07-12T00:00:00Z,APTUSD,6.0817,6.1397,5.913,6.1224,15084.809109180007
2024-07-13T00:00:00Z,APTUSD,6.1089,6.4004,6.1089,6.3724,17828.989117669997
2024-07-14T00:00:00Z,APTUSD,6.3693,6.6923,6.3469,6.629,12474.532740780001
2024-07-15T00:00:00Z,APTUSD,6.6907,7.0054,6.6679,7.0054,28692.870985750014
2024-07-16T00:00:00Z,APTUSD,7.0101,7.1609,6.6377,7.0661,45628.843086629975
2024-07-17T00:00:00Z,APTUSD,7.0759,7.3686,7.0651,7.0651,27677.06043496999
2024-07-18T00:00:00Z,APTUSD,7.0799,7.1335,6.8466,6.9823,34067.174725900026
2024-07-19T00:00:00Z,APTUSD,6.9974,7.4933,6.8624,7.4607,21102.910970449993
2024-07-20T00:00:00Z,APTUSD,7.4855,7.4868,7.2792,7.3782,39200.15603818002
2024-07-21T00:00:00Z,APTUSD,7.3555,7.5387,7.0885,7.4768,19446.746132909993
2024-07-22T00:00:00Z,APTUSD,7.4783,7.6411,7.1727,7.205,16089.25935612001
2024-07-23T00:00:00Z,APTUSD,7.2114,7.3601,6.9184,7.1211,16165.849504599997
2024-07-24T00:00:00Z,APTUSD,7.1633,7.1963,6.7844,6.7935,7426.107120220001
2024-07-25T00:00:00Z,APTUSD,6.8075,6.8313,6.4501,6.6182,9349.632679989996
2024-07-26T00:00:00Z,APTUSD,6.6516,6.9842,6.6062,6.9766,4226.24629127
2024-07-27T00:00:00Z,APTUSD,6.9872,7.3458,6.9872,7.1582,37832.66538660997
2024-07-28T00:00:00Z,APTUSD,7.1247,7.1247,6.7985,6.8379,8825.73260757
2024-07-29T00:00:00Z,APTUSD,6.9456,7.07,6.744,6.7621,34422.775787790015
2024-07-30T00:00:00Z,APTUSD,6.75,6.8591,6.5121,6.608,8461.194265349997
2024-07-31T00:00:00Z,APTUSD,6.5888,6.6676,6.3924,6.4327,7778.519886659999
2024-08-01T00:00:00Z,APTUSD,6.4507,6.4538,6.0528,6.4097,29910.48638772999
2024-08-02T00:00:00Z,APTUSD,6.3989,6.4083,5.9116,5.9833,19392.116013620005
2024-08-03T00:00:00Z,APTUSD,5.9982,6.0082,5.456,5.5708,23201.787878620198
2024-08-04T00:00:00Z,APTUSD,5.5558,5.6209,5.1232,5.3281,34014.04602064002
2024-08-05T00:00:00Z,APTUSD,5.3398,5.3784,4.3201,4.9951,178091.99296371124
2024-08-06T00:00:00Z,APTUSD,5.0004,5.3101,5.0004,5.1369,48152.86246407
2024-08-07T00:00:00Z,APTUSD,5.1305,5.3227,4.9521,5.0785,47630.214113549926
2024-08-08T00:00:00Z,APTUSD,5.0931,5.7653,5.0,5.7653,76423.76437198007
2024-08-09T00:00:00Z,APTUSD,5.7639,5.8769,5.6318,5.7562,42718.54031628
2024-08-10T00:00:00Z,APTUSD,5.747,6.3708,5.719,6.2699,35785.955449019995
2024-08-11T00:00:00Z,APTUSD,6.2709,6.2709,5.7265,5.7293,34936.64111244998
2024-08-12T00:00:00Z,APTUSD,5.7236,6.8417,5.7236,6.4397,127846.03275846013
2024-08-13T00:00:00Z,APTUSD,6.4372,6.9359,6.1611,6.7882,73128.31104472994
2024-08-14T00:00:00Z,APTUSD,6.7755,6.9692,6.59,6.6806,20607.055448550007
2024-08-15T00:00:00Z,APTUSD,6.6951,6.7538,6.1134,6.2336,43433.028473269944
2024-08-16T00:00:00Z,APTUSD,6.2343,6.4945,5.79,5.9132,60294.55032614997
2024-08-17T00:00:00Z,APTUSD,5.8943,5.9724,5.7971,5.8212,19044.625379009998
2024-08-18T00:00:00Z,APTUSD,5.8235,5.9833,5.7699,5.7768,31245.77211614999
2024-08-19T00:00:00Z,APTUSD,5.7662,6.0501,5.7389,6.042,48682.50659340997
2024-08-20T00:00:00Z,APTUSD,6.0626,6.4502,5.9648,6.0678,72470.81163770994
2024-08-21T00:00:00Z,APTUSD,6.0756,6.3683,6.0175,6.3527,39893.34448573003
2024-08-22T00:00:00Z,APTUSD,6.3721,6.4971,6.2963,6.4971,30199.460826840015
2024-08-23T00:00:00Z,APTUSD,6.5203,7.2,6.5082,7.1006,81999.95979795
2024-08-24T00:00:00Z,APTUSD,7.0987,7.3924,7.0489,7.1389,51200.42214150995
2024-08-25T00:00:00Z,APTUSD,7.1744,7.4773,6.8373,7.3366,192521.42466438038
2024-08-26T00:00:00Z,APTUSD,7.3708,7.3801,6.9531,7.0219,147536.79082977
2024-08-27T00:00:00Z,APTUSD,7.0578,7.5602,6.713,6.8695,136457.3308322601
2024-08-28T00:00:00Z,APTUSD,6.8359,7.2847,6.4997,6.7843,99609.3528489501
2024-08-29T00:00:00Z,APTUSD,6.7529,7.2774,6.6101,6.7843,123267.75885116032
2024-08-30T00:00:00Z,APTUSD,6.7765,7.0032,6.3748,6.7157,63129.68638083
2024-08-31T00:00:00Z,APTUSD,6.712,6.7888,6.3885,6.4741,36583.05331188998
2024-09-01T00:00:00Z,APTUSD,6.5028,6.508,6.07,6.1748,135473.03865679994
2024-09-02T00:00:00Z,APTUSD,6.1627,6.4431,6.1242,6.3708,143541.40405488995
2024-09-03T00:00:00Z,APTUSD,6.3352,6.4774,6.06,6.125,82723.50804507994
2024-09-04T00:00:00Z,APTUSD,6.1268,6.3275,5.821,6.1406,38410.08432149001
2024-09-05T00:00:00Z,APTUSD,6.1178,6.1228,5.6759,5.7695,188706.59013848004
2024-09-06T00:00:00Z,APTUSD,5.7769,5.9053,5.4935,5.6985,63697.03987795994
2024-09-07T00:00:00Z,APTUSD,5.7449,5.9425,5.7375,5.8451,19537.93614545999
2024-09-08T00:00:00Z,APTUSD,5.8465,6.1031,5.817,6.0529,27493.63210720999
2024-09-09T00:00:00Z,APTUSD,6.0551,6.3959,6.0466,6.2816,46975.26035997003
2024-09-10T00:00:00Z,APTUSD,6.2945,6.3268,6.1257,6.2661,36827.17828628999
2024-09-11T00:00:00Z,APTUSD,6.2808,6.3102,5.96,6.0984,35736.15411832001
2024-09-12T00:00:00Z,APTUSD,6.0857,6.2365,6.0499,6.1771,18200.124349480007
2024-09-13T00:00:00Z,APTUSD,6.1857,6.3488,6.0808,6.3163,19320.30811927999
2024-09-14T00:00:00Z,APTUSD,6.3075,6.3531,5.9909,6.0562,11040.88834188
2024-09-15T00:00:00Z,APTUSD,6.0562,6.1603,5.8314,5.8737,16319.509237809998
2024-09-16T00:00:00Z,APTUSD,5.8586,5.8586,5.6681,5.7457,14980.465213290008
2024-09-17T00:00:00Z,APTUSD,5.7463,6.0094,5.6956,5.9406,18167.161986480012
2024-09-18T00:00:00Z,APTUSD,5.9105,6.2215,5.7305,6.2215,22213.69466841001
2024-09-19T00:00:00Z,APTUSD,6.23,6.9561,6.23,6.8379,170408.0244525301
2024-09-20T00:00:00Z,APTUSD,6.8153,7.4616,6.7058,7.2829,232814.06040431984
2024-09-21T00:00:00Z,APTUSD,7.3092,8.3715,7.1964,8.2553,237048.67279214048
2024-09-22T00:00:00Z,APTUSD,8.2502,8.2541,7.7495,7.9499,80528.00775861001
2024-09-23T00:00:00Z,APTUSD,7.9223,8.1306,7.6738,7.9604,71252.07697466009
2024-09-24T00:00:00Z,APTUSD,7.8966,8.3806,7.7,8.1213,179545.07239175006
2024-09-25T00:00:00Z,APTUSD,8.1487,8.4705,7.9186,8.0202,164901.58445217003
2024-09-26T00:00:00Z,APTUSD,8.043,8.6114,7.86,8.0628,127932.62270392002
2024-09-27T00:00:00Z,APTUSD,8.0681,8.5824,8.0655,8.5005,46951.67687638
2024-09-28T00:00:00Z,APTUSD,8.5297,8.5383,7.93,8.0576,32278.631298300028
2024-09-29T00:00:00Z,APTUSD,8.0732,8.3261,7.7631,8.0857,107363.42892984944
2024-09-30T00:00:00Z,APTUSD,8.0851,8.088,7.5649,7.6643,96474.12136413007
2024-10-01T00:00:00Z,APTUSD,7.646,8.3677,7.26,7.5526,160315.67541809098
2024-10-02T00:00:00Z,APTUSD,7.5397,7.9758,7.4751,7.7882,76016.60642088983
2024-10-03T00:00:00Z,APTUSD,7.7424,8.7383,7.6493,8.5719,322264.91780388
2024-10-04T00:00:00Z,APTUSD,8.5380,9.3026,8.1931,9.0861,264249.73951438
2024-10-05T00:00:00Z,APTUSD,9.1074,9.1991,8.5950,8.6091,97640.36422020
2024-10-06T00:00:00Z,APTUSD,8.6059,9.0353,8.4939,8.6921,137372.22495017
2024-10-07T00:00:00Z,APTUSD,8.6953,9.3238,8.4500,8.6706,240925.21122584
2024-10-08T00:00:00Z,APTUSD,8.6777,9.5466,8.6777,9.3365,204173.40289140
2024-10-09T00:00:00Z,APTUSD,9.3358,9.4204,8.5083,8.5506,165371.53993899
2024-10-10T00:00:00Z,APTUSD,8.5276,8.5522,7.8467,8.0800,232633.81187131
2024-10-11T00:00:00Z,APTUSD,8.0897,8.5943,7.9447,8.5046,138447.36052793
2024-10-12T00:00:00Z,APTUSD,8.5190,9.9500,8.4208,9.9500,443615.20477904
2024-10-13T00:00:00Z,APTUSD,9.9269,10.4113,9.6662,10.1713,596757.79104292
2024-10-14T00:00:00Z,APTUSD,10.1836,10.4657,9.8980,10.1625,407864.17783142
2024-10-15T00:00:00Z,APTUSD,10.1680,10.7414,9.9719,10.4602,471152.65775336
2024-10-16T00:00:00Z,APTUSD,10.4426,10.4694,9.7006,10.0298,223075.48282498
2024-10-17T00:00:00Z,APTUSD,10.0404,10.2756,9.7298,9.9323,85217.12346517
2024-10-18T00:00:00Z,APTUSD,9.9239,10.1793,9.7629,10.0213,118248.51482987
2024-10-19T00:00:00Z,APTUSD,10.0073,10.0073,9.6214,9.7098,37933.96089595
2024-10-20T00:00:00Z,APTUSD,9.7203,10.1998,9.6929,9.9865,97574.07330650
2024-10-21T00:00:00Z,APTUSD,9.9879,10.2936,9.7994,10.0883,141916.18577962
2024-10-22T00:00:00Z,APTUSD,10.1139,11.2127,10.0149,10.3730,387596.82144112
2024-10-23T00:00:00Z,APTUSD,10.3809,10.6228,9.6441,9.9342,146855.23790015
2024-10-24T00:00:00Z,APTUSD,9.9056,10.4120,9.8000,10.1776,105323.16803513
2024-10-25T00:00:00Z,APTUSD,10.1786,10.3998,8.4519,8.9250,180784.98485771
2024-10-26T00:00:00Z,APTUSD,8.8988,9.3175,8.7035,9.2940,59294.36387519
2024-10-27T00:00:00Z,APTUSD,9.2962,9.3689,9.0491,9.2006,85333.87077744
2024-10-28T00:00:00Z,APTUSD,9.1626,9.2979,8.7005,9.2065,121457.83244483
2024-10-29T00:00:00Z,APTUSD,9.2032,10.1863,9.2032,10.0435,125912.21853157
2024-10-30T00:00:00Z,APTUSD,10.0936,10.1954,9.6569,9.8118,65867.99809094
2024-10-31T00:00:00Z,APTUSD,9.7861,9.7861,9.0783,9.0911,75378.28836411
2024-11-01T00:00:00Z,APTUSD,9.0787,9.2834,8.6877,8.9295,74469.91365004
2024-11-02T00:00:00Z,APTUSD,8.9425,8.9500,8.4574,8.6139,87628.73526156
2024-11-03T00:00:00Z,APTUSD,8.6275,8.6466,7.8420,8.2145,64527.10237444
2024-11-04T00:00:00Z,APTUSD,8.1902,8.3445,7.7289,8.0597,74282.90049095
2024-11-05T00:00:00Z,APTUSD,8.0940,8.6262,8.0682,8.5282,67940.13942525
2024-11-06T00:00:00Z,APTUSD,8.4651,10.2700,8.4621,9.5799,265519.61317511
2024-11-07T00:00:00Z,APTUSD,9.5765,9.9605,9.4538,9.8365,75497.76793035
2024-11-08T00:00:00Z,APTUSD,9.8400,10.1142,9.4413,9.7246,60528.62668434
2024-11-09T00:00:00Z,APTUSD,9.7153,10.6057,9.5719,10.4326,78084.35323407
2024-11-10T00:00:00Z,APTUSD,10.4411,11.5194,10.2165,10.9278,232165.38132729
2024-11-11T00:00:00Z,APTUSD,10.9200,14.1180,10.5691,13.7441,387084.39634580
2024-11-12T00:00:00Z,APTUSD,13.7400,13.7400,11.5214,12.4000,382791.47202108
2024-11-13T00:00:00Z,APTUSD,12.3800,13.0015,11.2283,11.7099,224627.28255601
2024-11-14T00:00:00Z,APTUSD,11.7089,12.3462,11.0000,11.2493,161940.27692813
2024-11-15T00:00:00Z,APTUSD,11.2704,12.1937,11.0358,11.8959,123336.76410687
2024-11-16T00:00:00Z,APTUSD,11.8865,12.7414,11.7538,12.3175,278026.54309650
2024-11-17T00:00:00Z,APTUSD,12.3399,12.6942,11.5178,11.7892,133300.93188162
2024-11-18T00:00:00Z,APTUSD,11.7570,12.2638,11.5581,12.0157,147931.55162198
2024-11-19T00:00:00Z,APTUSD,12.0800,12.3418,11.4322,11.8247,132653.95640102
2024-11-20T00:00:00Z,APTUSD,11.7651,13.4396,10.8741,11.7775,268851.56068043
2024-11-21T00:00:00Z,APTUSD,11.7773,12.3466,11.2444,12.0950,224172.05939456
2024-11-22T00:00:00Z,APTUSD,12.0851,12.5153,11.6384,12.5153,139257.74577996
2024-11-23T00:00:00Z,APTUSD,12.5131,13.2512,12.3320,12.7461,334595.61978336
2024-11-24T00:00:00Z,APTUSD,12.7421,13.3726,11.5164,12.5452,274139.23901229
2024-11-25T00:00:00Z,APTUSD,12.4917,12.8330,11.6597,11.8333,201563.25759067
2024-11-26T00:00:00Z,APTUSD,11.7669,12.1000,10.8800,12.0097,142140.05036720
2024-11-27T00:00:00Z,APTUSD,11.9852,12.7239,11.7250,12.6630,136442.29223271
2024-11-28T00:00:00Z,APTUSD,12.6587,13.0556,12.2191,12.7892,79005.26117700
2024-11-29T00:00:00Z,APTUSD,12.7727,13.3575,12.5697,13.2912,94637.82516941
2024-11-30T00:00:00Z,APTUSD,13.2797,13.6663,12.8124,13.3714,115207.52668926
2024-12-01T00:00:00Z,APTUSD,13.3847,13.9355,12.9031,13.4639,114998.33556376
2024-12-02T00:00:00Z,APTUSD,13.4518,13.7853,11.3000,13.7344,224126.54322941
2024-12-03T00:00:00Z,APTUSD,13.7500,14.7435,13.0061,14.5158,273423.21631423
2024-12-04T00:00:00Z,APTUSD,14.4972,14.8728,13.6175,14.1365,130883.87820754
2024-12-05T00:00:00Z,APTUSD,14.1304,14.4092,13.0645,13.6465,220407.26065395
2024-12-06T00:00:00Z,APTUSD,13.6095,14.7659,13.4829,14.7098,131650.84994186
2024-12-07T00:00:00Z,APTUSD,14.6444,15.3261,14.4470,14.5870,128829.25296222
2024-12-08T00:00:00Z,APTUSD,14.5870,14.6120,14.0713,14.5192,62161.35471980
2024-12-09T00:00:00Z,APTUSD,14.5137,14.5137,10.3366,11.9884,243471.93252342
2024-12-10T00:00:00Z,APTUSD,11.9556,12.1696,10.6541,11.6332,232533.84545861
2024-12-11T00:00:00Z,APTUSD,11.6470,12.9592,11.1761,12.9109,86041.73900815
2024-12-12T00:00:00Z,APTUSD,12.9006,14.2462,12.9006,13.6765,193722.22931069
2024-12-13T00:00:00Z,APTUSD,13.6800,14.5583,13.4251,14.2544,165118.92526679
2024-12-14T00:00:00Z,APTUSD,14.2960,14.6961,13.1481,13.3939,83737.34761648
2024-12-15T00:00:00Z,APTUSD,13.3928,13.7567,13.0500,13.6388,82251.73751352
2024-12-16T00:00:00Z,APTUSD,13.6804,14.2870,13.2417,13.9253,135215.18230181
2024-12-17T00:00:00Z,APTUSD,13.9295,14.3636,12.7466,12.9216,92554.94976638
2024-12-18T00:00:00Z,APTUSD,12.8687,12.9764,11.5208,11.8342,144601.18317640
2024-12-19T00:00:00Z,APTUSD,11.8435,12.7203,11.2058,11.3858,375365.21635510
2024-12-20T00:00:00Z,APTUSD,11.4119,11.9087,9.9460,10.8765,363237.70664328
2024-12-21T00:00:00Z,APTUSD,10.8636,11.2277,9.2243,9.5000,363651.39070741
2024-12-22T00:00:00Z,APTUSD,9.5132,9.6648,8.9743,9.2197,154474.85492600
2024-12-23T00:00:00Z,APTUSD,9.2175,9.8453,8.8660,9.6972,138006.42931110
2024-12-24T00:00:00Z,APTUSD,9.6422,9.9451,9.2658,9.8150,77192.54307968
2024-12-25T00:00:00Z,APTUSD,9.8150,9.8810,9.4422,9.5547,73072.34518183
2024-12-26T00:00:00Z,APTUSD,9.5424,9.6558,8.7375,8.8081,59228.50408021
2024-12-27T00:00:00Z,APTUSD,8.8500,9.2888,8.6391,8.7133,66746.99355154
2024-12-28T00:00:00Z,APTUSD,8.7280,9.2459,8.5949,9.1809,84514.22983097
2024-12-29T00:00:00Z,APTUSD,9.1443,9.1892,8.7879,8.8861,66359.69903468
2024-12-30T00:00:00Z,APTUSD,8.8303,9.2994,8.6766,8.8499,69932.52393161
2024-12-31T00:00:00Z,APTUSD,8.8396,9.0159,8.6382,8.6990,91011.72007414
2025-01-01T00:00:00Z,APTUSD,8.6980,9.0306,8.4104,9.0306,85052.70363330
2025-01-02T00:00:00Z,APTUSD,9.0248,9.4191,9.0003,9.2634,97821.78231745
2025-01-03T00:00:00Z,APTUSD,9.2544,9.8787,9.1500,9.7893,63508.01069515
2025-01-04T00:00:00Z,APTUSD,9.8059,10.0732,9.6431,10.0005,110512.63840461
2025-01-05T00:00:00Z,APTUSD,10.0048,10.1578,9.7042,10.0933,72995.94791127
2025-01-06T00:00:00Z,APTUSD,10.1017,10.3334,9.8113,10.1856,159061.13517179
2025-01-07T00:00:00Z,APTUSD,10.1384,10.6561,9.5153,9.6800,479337.08663216
2025-01-08T00:00:00Z,APTUSD,9.6512,9.7199,8.6550,9.0202,375723.58366606
2025-01-09T00:00:00Z,APTUSD,9.0190,9.1275,8.4452,8.6489,98395.26180443
2025-01-10T00:00:00Z,APTUSD,8.6952,9.2399,8.6558,9.1612,116772.13250395
2025-01-11T00:00:00Z,APTUSD,9.1358,9.2515,8.8487,9.1114,62807.40604116
2025-01-12T00:00:00Z,APTUSD,9.1281,9.1535,8.7300,8.8344,40748.00686636
2025-01-13T00:00:00Z,APTUSD,8.8155,9.0723,7.8800,8.4832,129449.87906364
2025-01-14T00:00:00Z,APTUSD,8.4733,9.0989,8.4155,9.0151,84101.41733765
2025-01-15T00:00:00Z,APTUSD,9.0244,9.5149,8.7493,9.4811,91252.84164595
2025-01-16T00:00:00Z,APTUSD,9.4686,9.4976,9.0100,9.2262,72185.40383529
2025-01-17T00:00:00Z,APTUSD,9.2316,9.8631,9.2316,9.7578,134809.41023823
2025-01-18T00:00:00Z,APTUSD,9.7638,9.8758,9.0678,9.3188,158138.67756820
2025-01-19T00:00:00Z,APTUSD,9.3083,9.5484,8.3918,8.4800,112828.46543130
2025-01-20T00:00:00Z,APTUSD,8.4952,9.2225,8.2000,8.5330,83273.38436255
2025-01-21T00:00:00Z,APTUSD,8.4806,8.8727,8.1103,8.7394,74772.58233641
2025-01-22T00:00:00Z,APTUSD,8.7621,8.9683,8.4401,8.4733,61833.02944736
2025-01-23T00:00:00Z,APTUSD,8.4909,8.5647,8.0958,8.3324,50152.44727917
2025-01-24T00:00:00Z,APTUSD,8.3464,8.5791,7.9898,8.2129,69330.89509194
2025-01-25T00:00:00Z,APTUSD,8.1818,8.2582,8.0500,8.1012,46336.70406326
2025-01-26T00:00:00Z,APTUSD,8.0881,8.4391,7.8200,7.8200,88848.09644451
2025-01-27T00:00:00Z,APTUSD,7.8126,7.8126,6.8572,7.6452,287193.11827246
2025-01-28T00:00:00Z,APTUSD,7.6395,7.7497,7.1230,7.2072,107845.77779172
2025-01-29T00:00:00Z,APTUSD,7.2003,7.6700,7.1396,7.4267,88760.45628504
2025-01-30T00:00:00Z,APTUSD,7.4200,8.0062,7.3759,7.8400,83693.82743834
2025-01-31T00:00:00Z,APTUSD,7.8434,8.3964,7.6792,7.8114,68136.85294025
2025-02-01T00:00:00Z,APTUSD,7.7784,7.8473,6.9535,7.0547,49221.48919303
2025-02-02T00:00:00Z,APTUSD,7.0435,7.1829,5.8284,6.1470,208809.27581544
2025-02-03T00:00:00Z,APTUSD,6.1553,6.5141,4.4707,6.5141,366906.17756511
2025-02-04T00:00:00Z,APTUSD,6.5152,6.5589,5.8376,6.0823,260891.04715560
2025-02-05T00:00:00Z,APTUSD,6.0740,6.2679,5.8881,5.9684,55302.16578094
2025-02-06T00:00:00Z,APTUSD,6.0058,6.1427,5.6784,5.7344,128180.87160827
2025-02-07T00:00:00Z,APTUSD,5.7446,6.2482,5.5333,5.7128,120309.42505002
2025-02-08T00:00:00Z,APTUSD,5.6835,5.8865,5.5266,5.8786,73893.15318844
2025-02-09T00:00:00Z,APTUSD,5.8326,5.9663,5.6046,5.9042,27417.92067765
2025-02-10T00:00:00Z,APTUSD,5.9230,6.3751,5.6775,6.1763,68704.12826593
2025-02-11T00:00:00Z,APTUSD,6.2055,6.3913,5.8102,5.8861,76292.38067814
2025-02-12T00:00:00Z,APTUSD,5.8781,6.2490,5.7388,6.1543,62906.59275579
2025-02-13T00:00:00Z,APTUSD,6.1600,6.2859,5.9571,6.1385,82588.55982389
2025-02-14T00:00:00Z,APTUSD,6.1367,6.3158,6.0302,6.0999,83823.26661648
2025-02-15T00:00:00Z,APTUSD,6.0820,6.2506,5.9700,6.0090,68896.97437673
2025-02-16T00:00:00Z,APTUSD,6.0036,6.0386,5.7812,5.8311,28611.09035223
2025-02-17T00:00:00Z,APTUSD,5.8172,6.1488,5.7699,5.8908,81409.30594443
2025-02-18T00:00:00Z,APTUSD,5.9399,5.9399,5.3224,5.6118,110547.05731407
2025-02-19T00:00:00Z,APTUSD,5.6301,6.6200,5.6000,6.3310,246393.22026860
2025-02-20T00:00:00Z,APTUSD,6.3000,7.0486,6.1462,6.3045,251357.26661977
2025-02-21T00:00:00Z,APTUSD,6.3173,6.4958,5.8907,5.9769,251846.34198283
2025-02-22T00:00:00Z,APTUSD,5.9544,6.1544,5.9234,6.0324,73687.43600107
2025-02-23T00:00:00Z,APTUSD,6.0302,6.2317,5.9630,6.1270,44522.12675667
2025-02-24T00:00:00Z,APTUSD,6.1354,6.1521,5.2782,5.4024,118173.05524724
2025-02-25T00:00:00Z,APTUSD,5.4415,5.7926,5.0334,5.6366,151925.75159338
2025-02-26T00:00:00Z,APTUSD,5.6279,5.9487,5.5171,5.8926,84029.90029342
2025-02-27T00:00:00Z,APTUSD,5.9004,6.4762,5.9004,6.1076,145240.18785038
2025-02-28T00:00:00Z,APTUSD,6.1469,6.4762,5.6280,6.4593,212632.33969144
2025-03-01T00:00:00Z,APTUSD,6.4601,6.6098,6.2292,6.3068,76188.08168982
2025-03-02T00:00:00Z,APTUSD,6.2704,6.8089,6.1390,6.7462,127785.85618173
2025-03-03T00:00:00Z,APTUSD,6.7507,6.7766,5.6194,5.7438,119089.98778007
2025-03-04T00:00:00Z,APTUSD,5.7053,5.7578,5.0471,5.4569,120358.97365022
2025-03-05T00:00:00Z,APTUSD,5.4714,6.5414,5.4032,6.2013,234908.75260296
2025-03-06T00:00:00Z,APTUSD,6.1941,6.2874,5.9200,5.9800,78224.60053223
2025-03-07T00:00:00Z,APTUSD,5.9987,6.3734,5.8200,6.2020,81230.52479337
2025-03-08T00:00:00Z,APTUSD,6.1576,6.2111,5.7814,5.9466,20788.82844784
2025-03-09T00:00:00Z,APTUSD,5.9520,6.1221,5.5779,5.5779,62725.60319174
2025-03-10T00:00:00Z,APTUSD,5.6396,5.7480,5.0154,5.1895,264423.53367921
2025-03-11T00:00:00Z,APTUSD,5.1936,5.6541,5.0238,5.2987,89631.24622860
2025-03-12T00:00:00Z,APTUSD,5.3054,5.3553,5.0238,5.2072,110711.75453692
2025-03-13T00:00:00Z,APTUSD,5.1905,5.2326,4.9199,5.1502,146225.29045232
2025-03-14T00:00:00Z,APTUSD,5.1419,5.3217,5.1229,5.2113,50291.75852740
2025-03-15T00:00:00Z,APTUSD,5.2100,5.4300,5.2012,5.3496,28940.64874404
2025-03-16T00:00:00Z,APTUSD,5.3485,5.3753,5.1045,5.1507,53237.15682913
2025-03-17T00:00:00Z,APTUSD,5.1635,5.4453,5.1635,5.3459,42772.62082678
2025-03-18T00:00:00Z,APTUSD,5.3459,5.4658,5.2174,5.4487,55687.60543294
2025-03-19T00:00:00Z,APTUSD,5.4261,5.6315,5.3717,5.6140,76711.45649614
2025-03-20T00:00:00Z,APTUSD,5.6055,5.6326,5.4152,5.6273,34814.26392593
2025-03-21T00:00:00Z,APTUSD,5.6173,5.7345,5.4008,5.6186,40635.14514849
2025-03-22T00:00:00Z,APTUSD,5.6132,5.8108,5.5923,5.6773,27170.70447794
2025-03-23T00:00:00Z,APTUSD,5.6778,5.7081,5.5885,5.7081,15799.45005177
2025-03-24T00:00:00Z,APTUSD,5.7028,6.0505,5.6199,6.0227,55858.31956494
2025-03-25T00:00:00Z,APTUSD,6.0312,6.0985,5.8304,5.9212,24371.45414074
2025-03-26T00:00:00Z,APTUSD,5.9156,6.0503,5.7884,5.9471,42211.63004072
2025-03-27T00:00:00Z,APTUSD,5.9471,6.0845,5.8304,5.9716,30987.51914000
2025-03-28T00:00:00Z,APTUSD,5.9549,5.9557,5.4268,5.5537,53965.25404811
2025-03-29T00:00:00Z,APTUSD,5.5457,5.5875,5.1517,5.2067,37887.68305032
2025-03-30T00:00:00Z,APTUSD,5.2153,5.3916,5.1811,5.2920,36864.34052410
2025-03-31T00:00:00Z,APTUSD,5.2988,5.4099,5.0815,5.2682,60838.94749619
2025-04-01T00:00:00Z,APTUSD,5.2617,5.4422,5.2557,5.4153,23752.81422376
2025-04-02T00:00:00Z,APTUSD,5.3561,5.4990,5.0210,5.1083,127452.47741510
2025-04-03T00:00:00Z,APTUSD,5.1044,5.3251,4.9478,5.0500,63758.68489064
2025-04-04T00:00:00Z,APTUSD,5.0606,5.0852,4.7453,4.8842,58896.58089791
2025-04-05T00:00:00Z,APTUSD,4.9019,4.9396,4.7952,4.8437,13619.11003904
2025-04-06T00:00:00Z,APTUSD,4.8875,4.9125,4.2344,4.3536,59866.74559405
2025-04-07T00:00:00Z,APTUSD,4.3315,4.5576,3.8992,4.4088,91511.29578041
2025-04-08T00:00:00Z,APTUSD,4.4182,4.7123,4.3169,4.3527,47735.36174631
2025-04-09T00:00:00Z,APTUSD,4.3330,4.8284,4.1718,4.7214,120041.31137888
2025-04-10T00:00:00Z,APTUSD,4.7113,4.7145,4.4423,4.6251,51561.59322990
2025-04-11T00:00:00Z,APTUSD,4.6163,4.8618,4.6162,4.7900,32285.32570489
2025-04-12T00:00:00Z,APTUSD,4.7872,4.9897,4.7520,4.9656,30600.74799245
2025-04-13T00:00:00Z,APTUSD,4.9640,5.1836,4.7570,4.8234,57866.58189589
2025-04-14T00:00:00Z,APTUSD,4.8410,4.9856,4.7868,4.8048,33428.26596288
2025-04-15T00:00:00Z,APTUSD,4.7972,4.8180,4.6086,4.6230,41009.12158781
2025-04-16T00:00:00Z,APTUSD,4.6156,4.7311,4.4960,4.6326,24245.25534012
2025-04-17T00:00:00Z,APTUSD,4.6214,4.7273,4.5240,4.5824,11179.61299512
2025-04-18T00:00:00Z,APTUSD,4.5965,4.7961,4.5563,4.6952,19217.32314605
2025-04-19T00:00:00Z,APTUSD,4.7020,4.9549,4.6509,4.9176,35316.61790729
2025-04-20T00:00:00Z,APTUSD,4.9280,5.0758,4.8631,5.0737,54752.64524371
2025-04-21T00:00:00Z,APTUSD,5.0737,5.2395,4.9105,4.9164,37520.76746488
2025-04-22T00:00:00Z,APTUSD,4.9210,5.2965,4.7709,5.2635,80474.58675567
2025-04-23T00:00:00Z,APTUSD,5.2798,5.4031,5.2026,5.3576,81488.89432595
2025-04-24T00:00:00Z,APTUSD,5.3593,5.6000,5.1799,5.5016,53666.08428686
2025-04-25T00:00:00Z,APTUSD,5.5200,5.6475,5.3478,5.5358,46768.21129355
2025-04-26T00:00:00Z,APTUSD,5.5719,5.6826,5.5010,5.6218,42102.93818032
2025-04-27T00:00:00Z,APTUSD,5.6390,5.6541,5.3241,5.3719,45959.72002729
2025-04-28T00:00:00Z,APTUSD,5.3556,5.6633,5.2567,5.5177,61743.84890736
2025-04-29T00:00:00Z,APTUSD,5.5551,5.6821,5.3915,5.4261,49731.16413803
2025-04-30T00:00:00Z,APTUSD,5.4269,5.4528,5.1669,5.3499,50152.63303305
2025-05-01T00:00:00Z,APTUSD,5.3691,5.5892,5.3691,5.5116,38123.67513419
2025-05-02T00:00:00Z,APTUSD,5.5052,5.5783,5.3884,5.4482,77660.93786433
2025-05-03T00:00:00Z,APTUSD,5.4401,5.4401,5.1459,5.1859,24298.77867758
2025-05-04T00:00:00Z,APTUSD,5.1869,5.2082,5.0704,5.0930,23282.06495911
2025-05-05T00:00:00Z,APTUSD,5.1121,5.2000,4.9706,4.9706,22639.03332383
2025-05-06T00:00:00Z,APTUSD,4.9727,4.9727,4.5982,4.7737,66160.24339695
2025-05-07T00:00:00Z,APTUSD,4.7469,4.8187,4.6571,4.7927,31111.98193543
2025-05-08T00:00:00Z,APTUSD,4.7936,5.4900,4.7936,5.4853,103403.22904741
2025-05-09T00:00:00Z,APTUSD,5.4854,5.8583,5.4571,5.5783,164709.20538196
2025-05-10T00:00:00Z,APTUSD,5.5987,6.0796,5.4982,6.0731,76993.50373912
2025-05-11T00:00:00Z,APTUSD,6.0900,6.2827,5.7878,5.8701,97873.93650686
2025-05-12T00:00:00Z,APTUSD,5.8731,6.1544,5.6068,5.8505,132536.85747314
2025-05-13T00:00:00Z,APTUSD,5.8449,6.2481,5.5165,6.1443,147756.72781170
2025-05-14T00:00:00Z,APTUSD,6.1432,6.1817,5.6915,5.7469,93634.39573184
2025-05-15T00:00:00Z,APTUSD,5.7405,5.8257,5.2056,5.3109,116779.11814724
2025-05-16T00:00:00Z,APTUSD,5.3121,5.4446,5.2288,5.2636,57394.83251796
2025-05-17T00:00:00Z,APTUSD,5.2581,5.2586,5.0298,5.0781,52857.73611187
2025-05-18T00:00:00Z,APTUSD,5.0688,5.3206,4.9000,5.1985,168569.09929392
2025-05-19T00:00:00Z,APTUSD,5.2004,5.2297,4.8237,5.2161,84212.70631480
2025-05-20T00:00:00Z,APTUSD,5.2262,5.2934,4.9919,5.1609,107049.19300028
2025-05-21T00:00:00Z,APTUSD,5.1532,5.3881,5.0957,5.2754,85639.69631845
2025-05-22T00:00:00Z,APTUSD,5.2868,5.7815,5.2806,5.7100,228487.89766439
2025-05-23T00:00:00Z,APTUSD,5.7312,5.9944,5.3210,5.3455,166932.95146248
2025-05-24T00:00:00Z,APTUSD,5.3305,5.4450,5.2882,5.3284,23183.11604670
2025-05-25T00:00:00Z,APTUSD,5.3169,5.3411,5.0116,5.2691,39360.66365435
2025-05-26T00:00:00Z,APTUSD,5.2704,5.4820,5.2413,5.2795,53905.09415905
2025-05-27T00:00:00Z,APTUSD,5.2834,5.5199,5.1985,5.3823,34644.47602760
2025-05-28T00:00:00Z,APTUSD,5.3531,5.4782,5.2373,5.3876,90079.32919118
2025-05-29T00:00:00Z,APTUSD,5.4300,5.5757,5.1456,5.1581,46179.78375996
2025-05-30T00:00:00Z,APTUSD,5.1560,5.1757,4.6947,4.7435,87502.35233010
2025-05-31T00:00:00Z,APTUSD,4.7460,4.8085,4.5320,4.7335,43315.72112238
2025-06-01T00:00:00Z,APTUSD,4.7286,4.8258,4.6434,4.8258,36301.69643559
2025-06-02T00:00:00Z,APTUSD,4.8058,4.9100,4.6708,4.8936,37658.74646415
2025-06-03T00:00:00Z,APTUSD,4.9079,5.0437,4.8662,4.9377,56644.05623241
2025-06-04T00:00:00Z,APTUSD,4.9502,5.0086,4.7593,4.7933,34326.90320841
2025-06-05T00:00:00Z,APTUSD,4.7931,4.8637,4.4472,4.4947,111066.14453788
2025-06-06T00:00:00Z,APTUSD,4.4884,4.7166,4.4818,4.6136,41523.50067479
2025-06-07T00:00:00Z,APTUSD,4.6166,4.7709,4.6166,4.7636,27367.35196630
2025-06-08T00:00:00Z,APTUSD,4.7461,4.7793,4.5978,4.7123,39166.03353570
2025-06-09T00:00:00Z,APTUSD,4.7099,4.9656,4.6520,4.9529,27891.33709252
2025-06-10T00:00:00Z,APTUSD,4.9635,5.1369,4.8795,5.1369,29480.84514958
2025-06-11T00:00:00Z,APTUSD,5.1488,5.2510,4.9482,5.0265,93848.45039080
2025-06-12T00:00:00Z,APTUSD,5.0154,5.0697,4.6826,4.7197,28850.06237206
2025-06-13T00:00:00Z,APTUSD,4.6807,4.6807,4.3550,4.4939,108355.22431310
2025-06-14T00:00:00Z,APTUSD,4.4945,4.5452,4.3172,4.4634,49541.66189690
2025-06-15T00:00:00Z,APTUSD,4.4722,4.5553,4.4370,4.5331,18666.55760346
2025-06-16T00:00:00Z,APTUSD,4.5411,4.9027,4.4986,4.6947,48751.56773663
2025-06-17T00:00:00Z,APTUSD,4.6763,4.7480,4.3914,4.4437,79958.25649013
2025-06-18T00:00:00Z,APTUSD,4.4579,4.5289,4.2712,4.4628,34251.10676757
2025-06-19T00:00:00Z,APTUSD,4.4839,4.5069,4.3077,4.3830,34090.53782138
2025-06-20T00:00:00Z,APTUSD,4.3850,4.4709,4.1762,4.2726,51638.93823043
2025-06-21T00:00:00Z,APTUSD,4.2725,4.6875,4.0779,4.1658,147068.30799539
2025-06-22T00:00:00Z,APTUSD,4.1791,4.2262,3.7487,3.9214,99396.42633646
2025-06-23T00:00:00Z,APTUSD,3.9265,4.3568,3.8741,4.3214,121293.47191709
2025-06-24T00:00:00Z,APTUSD,4.3279,5.1387,4.2522,4.9608,293142.31296768
2025-06-25T00:00:00Z,APTUSD,4.9647,5.0867,4.6394,4.8939,249628.35660355
2025-06-26T00:00:00Z,APTUSD,4.8849,5.0409,4.6479,4.8847,124491.55335514
2025-06-27T00:00:00Z,APTUSD,4.8804,5.2936,4.8138,4.8425,177488.97198498
2025-06-28T00:00:00Z,APTUSD,4.8588,4.9542,4.7364,4.8526,43401.53521874
2025-06-29T00:00:00Z,APTUSD,4.8522,5.0091,4.7224,4.9625,51784.34834550
2025-06-30T00:00:00Z,APTUSD,4.9572,4.9572,4.7730,4.9116,54584.33423623
2025-07-01T00:00:00Z,APTUSD,4.9145,4.9539,4.4834,4.4924,89889.11790158
2025-07-02T00:00:00Z,APTUSD,4.4863,4.8500,4.4216,4.7405,119655.64708152
2025-07-03T00:00:00Z,APTUSD,4.7552,4.8544,4.6638,4.7395,76105.52908855
2025-07-04T00:00:00Z,APTUSD,4.7372,4.7670,4.3231,4.3962,119101.89909795
2025-07-05T00:00:00Z,APTUSD,4.3991,4.4511,4.3515,4.4206,29351.35131899
2025-07-06T00:00:00Z,APTUSD,4.4182,4.5343,4.3763,4.4697,79537.61198285
2025-07-07T00:00:00Z,APTUSD,4.4679,4.5051,4.4040,4.4473,40211.21247919
2025-07-08T00:00:00Z,APTUSD,4.4550,4.4779,4.3580,4.4703,93084.75842970
2025-07-09T00:00:00Z,APTUSD,4.4649,4.6788,4.4032,4.6410,149788.06032037
2025-07-10T00:00:00Z,APTUSD,4.6474,4.9078,4.5675,4.8867,168190.81307173
2025-07-11T00:00:00Z,APTUSD,4.8894,5.0858,4.7851,4.8858,180131.05144744
2025-07-12T00:00:00Z,APTUSD,4.8855,4.9373,4.6828,4.8083,133473.73436629
2025-07-13T00:00:00Z,APTUSD,4.8053,5.0574,4.7905,4.9404,85205.98432574
2025-07-14T00:00:00Z,APTUSD,4.9440,5.2093,4.9000,4.9665,125106.58413115
2025-07-15T00:00:00Z,APTUSD,4.9646,5.1197,4.7838,5.0880,102356.44228696
2025-07-16T00:00:00Z,APTUSD,5.0957,5.3763,5.0396,5.1979,176967.16977609
2025-07-17T00:00:00Z,APTUSD,5.2054,5.3630,5.0566,5.3014,165033.70068745
2025-07-18T00:00:00Z,APTUSD,5.2887,5.5854,5.2101,5.3222,225789.02608250
2025-07-19T00:00:00Z,APTUSD,5.3231,5.4370,5.1619,5.3251,90583.34703219
2025-07-20T00:00:00Z,APTUSD,5.3325,5.5142,5.2139,5.3197,209629.94304369
2025-07-21T00:00:00Z,APTUSD,5.3142,5.5500,5.2281,5.4152,413964.56088039
2025-07-22T00:00:00Z,APTUSD,5.4036,5.4789,5.1629,5.4780,268267.30095016
2025-07-23T00:00:00Z,APTUSD,5.4769,5.6574,4.6959,4.8145,281690.07367958
2025-07-24T00:00:00Z,APTUSD,4.8000,4.8601,4.4651,4.6295,176736.50055442
2025-07-25T00:00:00Z,APTUSD,4.6239,4.7637,4.5163,4.7560,64216.43582254
2025-07-26T00:00:00Z,APTUSD,4.7372,4.8573,4.7307,4.8080,62553.18979737
2025-07-27T00:00:00Z,APTUSD,4.8075,4.9181,4.7646,4.9045,88027.51763729
2025-07-28T00:00:00Z,APTUSD,4.8984,4.9843,4.6145,4.6466,147934.05679669
2025-07-29T00:00:00Z,APTUSD,4.6591,4.7749,4.4570,4.5857,122934.89426822
2025-07-30T00:00:00Z,APTUSD,4.5759,4.5895,4.2692,4.4883,125434.09967697
2025-07-31T00:00:00Z,APTUSD,4.4831,4.6220,4.3078,4.3228,89548.40080069
2025-08-01T00:00:00Z,APTUSD,4.3257,4.3778,4.1209,4.2427,126498.48513125
2025-08-02T00:00:00Z,APTUSD,4.2300,4.2824,4.0554,4.1240,135806.70311910
2025-08-03T00:00:00Z,APTUSD,4.1295,4.2469,4.0648,4.2254,75459.67922210
2025-08-04T00:00:00Z,APTUSD,4.2267,4.3655,4.2267,4.3603,116844.50741784
2025-08-05T00:00:00Z,APTUSD,4.3647,4.3740,4.1724,4.2853,84734.99691660
2025-08-06T00:00:00Z,APTUSD,4.2779,4.3049,4.1730,4.2485,54521.59692446
2025-08-07T00:00:00Z,APTUSD,4.2370,4.4276,4.2223,4.4199,77403.63088113
2025-08-08T00:00:00Z,APTUSD,4.4149,4.7226,4.3564,4.6583,324047.08477705
2025-08-09T00:00:00Z,APTUSD,4.6366,4.8687,4.6364,4.7892,109730.84109800
2025-08-10T00:00:00Z,APTUSD,4.7932,4.8472,4.5886,4.6990,97710.63867783
2025-08-11T00:00:00Z,APTUSD,4.6952,4.8354,4.5070,4.5333,142790.37042357
2025-08-12T00:00:00Z,APTUSD,4.5234,4.9105,4.4900,4.8200,146962.31080036
2025-08-13T00:00:00Z,APTUSD,4.8336,5.0866,4.7196,5.0608,265354.28427409
2025-08-14T00:00:00Z,APTUSD,5.0602,5.1515,4.4917,4.7280,321422.46124219
2025-08-15T00:00:00Z,APTUSD,4.7269,4.8499,4.5378,4.6704,113717.01190942
2025-08-16T00:00:00Z,APTUSD,4.6789,4.7613,4.6242,4.7438,50108.50189806
2025-08-17T00:00:00Z,APTUSD,4.7455,4.9435,4.7135,4.7961,52156.42205191
2025-08-18T00:00:00Z,APTUSD,4.7899,4.7955,4.5517,4.5703,84440.83094484
2025-08-19T00:00:00Z,APTUSD,4.5767,4.6199,4.2896,4.2916,169016.14502068
2025-08-20T00:00:00Z,APTUSD,4.3015,4.5096,4.2678,4.4865,131892.43387005
2025-08-21T00:00:00Z,APTUSD,4.4767,4.5050,4.3434,4.3962,78859.41464815
2025-08-22T00:00:00Z,APTUSD,4.4259,4.8123,4.2800,4.8045,143405.14768837
2025-08-23T00:00:00Z,APTUSD,4.7955,4.8027,4.6094,4.7509,83399.27117205
2025-08-24T00:00:00Z,APTUSD,4.7607,4.8000,4.5485,4.6452,85691.19169395
2025-08-25T00:00:00Z,APTUSD,4.6229,4.6564,4.2050,4.2558,104223.36240397
2025-08-26T00:00:00Z,APTUSD,4.2402,4.4275,4.2375,4.3765,58264.83774762
2025-08-27T00:00:00Z,APTUSD,4.3754,4.4359,4.3393,4.3616,46774.13356426
2025-08-28T00:00:00Z,APTUSD,4.3769,4.4847,4.3339,4.4638,112050.20470674
2025-08-29T00:00:00Z,APTUSD,4.4580,4.4617,4.1933,4.2625,85139.83489685
2025-08-30T00:00:00Z,APTUSD,4.2571,4.3382,4.1900,4.3247,56391.55599459
2025-08-31T00:00:00Z,APTUSD,4.3331,4.3667,4.2528,4.2528,23858.37320196
2025-09-01T00:00:00Z,APTUSD,4.2500,4.4575,4.1131,4.2062,148777.32764506
2025-09-02T00:00:00Z,APTUSD,4.2125,4.3495,4.1836,4.3384,130722.03177232
2025-09-03T00:00:00Z,APTUSD,4.3400,4.4132,4.2634,4.3715,44813.65981316
2025-09-04T00:00:00Z,APTUSD,4.3696,4.3824,4.2081,4.2463,38802.62454117
2025-09-05T00:00:00Z,APTUSD,4.2594,4.3608,4.2356,4.2565,22023.96201234
2025-09-06T00:00:00Z,APTUSD,4.2537,4.2606,4.1819,4.2054,37475.78528409
2025-09-07T00:00:00Z,APTUSD,4.2109,4.2844,4.2077,4.2747,24147.86118641
2025-09-08T00:00:00Z,APTUSD,4.2732,4.4412,4.2613,4.4048,56548.46433991
2025-09-09T00:00:00Z,APTUSD,4.4052,4.5303,4.3548,4.3877,98012.29513787
2025-09-10T00:00:00Z,APTUSD,4.3911,4.4956,4.3660,4.4830,121132.36554599
2025-09-11T00:00:00Z,APTUSD,4.4836,4.5480,4.4371,4.5231,101141.13014919
2025-09-12T00:00:00Z,APTUSD,4.5294,4.6320,4.4731,4.6267,93775.68516749
2025-09-13T00:00:00Z,APTUSD,4.6185,4.7494,4.5743,4.6667,125361.94744250
2025-09-14T00:00:00Z,APTUSD,4.6666,4.6718,4.4637,4.5262,35837.97543315
2025-09-15T00:00:00Z,APTUSD,4.5306,4.6090,4.3202,4.3791,87523.85830761
2025-09-16T00:00:00Z,APTUSD,4.3674,4.4823,4.3325,4.4471,63364.65364371
2025-09-17T00:00:00Z,APTUSD,4.4492,4.6116,4.3582,4.5766,60458.53768941
2025-09-18T00:00:00Z,APTUSD,4.5886,4.7428,4.5543,4.6919,112465.82160339
2025-09-19T00:00:00Z,APTUSD,4.7004,4.7792,4.5279,4.5516,90259.48769653
2025-09-20T00:00:00Z,APTUSD,4.5487,4.7250,4.5436,4.6136,69116.04449995
2025-09-21T00:00:00Z,APTUSD,4.6222,4.7025,4.5733,4.6209,63600.99297708
2025-09-22T00:00:00Z,APTUSD,4.6098,4.6338,4.0854,4.3164,270070.08405742
2025-09-23T00:00:00Z,APTUSD,4.3164,4.3743,4.2100,4.2955,111312.53843449
2025-09-24T00:00:00Z,APTUSD,4.3287,4.3541,4.2045,4.2464,79878.26699159
2025-09-25T00:00:00Z,APTUSD,4.2421,4.2421,3.9036,3.9303,197948.92447393
2025-09-26T00:00:00Z,APTUSD,3.9349,4.1211,3.8896,4.1079,86102.71346947
2025-09-27T00:00:00Z,APTUSD,4.1097,4.2682,4.0615,4.2210,36048.41074254
2025-09-28T00:00:00Z,APTUSD,4.2234,4.2534,4.0628,4.2310,42052.07357280
2025-09-29T00:00:00Z,APTUSD,4.2317,4.3280,4.1905,4.2827,66688.74453016
2025-09-30T00:00:00Z,APTUSD,4.2761,4.4063,4.1990,4.4011,85843.73469559
2025-10-01T00:00:00Z,APTUSD,4.4148,4.8752,4.3838,4.8752,164367.84434566
2025-10-02T00:00:00Z,APTUSD,4.8782,5.2322,4.8244,5.2312,310358.79580818
2025-10-03T00:00:00Z,APTUSD,5.2323,5.4515,5.0772,5.3720,393116.06449222
2025-10-04T00:00:00Z,APTUSD,5.3831,5.5568,5.1183,5.2181,296483.23078192
2025-10-05T00:00:00Z,APTUSD,5.2110,5.6476,5.2110,5.4710,250300.14601065
2025-10-06T00:00:00Z,APTUSD,5.4659,5.5039,5.2564,5.2833,215873.32887313
2025-10-07T00:00:00Z,APTUSD,5.2834,5.4798,5.2005,5.3081,221868.53267861
2025-10-08T00:00:00Z,APTUSD,5.3163,5.3755,5.1422,5.1771,208992.24290711
2025-10-09T00:00:00Z,APTUSD,5.1641,5.1641,4.8132,5.0231,172689.45963632
2025-10-10T00:00:00Z,APTUSD,5.0136,5.1200,1.8651,3.8894,669572.24380300
2025-10-11T00:00:00Z,APTUSD,3.8762,4.1106,3.5189,3.6494,316996.00138857
2025-10-12T00:00:00Z,APTUSD,3.6420,4.0392,3.5103,3.9155,231468.04493451
2025-10-13T00:00:00Z,APTUSD,3.9012,3.9694,3.6540,3.9274,172977.57979780
2025-10-14T00:00:00Z,APTUSD,3.9377,3.9504,3.5377,3.6877,214862.87417673
2025-10-15T00:00:00Z,APTUSD,3.6888,3.7549,3.4235,3.5189,187242.21576558
2025-10-16T00:00:00Z,APTUSD,3.5167,3.5842,3.2480,3.2924,215264.55296293
2025-10-17T00:00:00Z,APTUSD,3.2980,3.3396,2.9557,3.1909,203752.08756088
2025-10-18T00:00:00Z,APTUSD,3.2003,3.2282,3.1241,3.2095,66945.41181196
2025-10-19T00:00:00Z,APTUSD,3.1890,3.2646,3.1329,3.1896,104792.62233981
2025-10-20T00:00:00Z,APTUSD,3.1896,3.3602,3.1356,3.2659,93107.15491922
2025-10-21T00:00:00Z,APTUSD,3.2659,3.3834,3.1178,3.2285,82999.05222097
2025-10-22T00:00:00Z,APTUSD,3.2386,3.3935,3.0997,3.1920,86537.75821083
2025-10-23T00:00:00Z,APTUSD,3.1943,3.3255,3.1671,3.2397,34102.30876528
2025-10-24T00:00:00Z,APTUSD,3.2502,3.3213,3.1691,3.3065,24755.58456136
2025-10-25T00:00:00Z,APTUSD,3.3087,3.3282,3.2484,3.3167,54629.65991531
2025-10-26T00:00:00Z,APTUSD,3.3105,3.6239,3.2821,3.5940,164727.52809272
2025-10-27T00:00:00Z,APTUSD,3.6049,3.6473,3.4233,3.4600,104721.43837028
2025-10-28T00:00:00Z,APTUSD,3.4600,3.5117,3.3121,3.3615,70356.65728389
2025-10-29T00:00:00Z,APTUSD,3.3565,3.5056,3.3072,3.4004,100832.87738721
2025-10-30T00:00:00Z,APTUSD,3.4106,3.4630,3.0657,3.2033,90296.33099535
2025-10-31T00:00:00Z,APTUSD,3.2015,3.3036,3.1936,3.2579,52146.13010266
2025-11-01T00:00:00Z,APTUSD,3.2431,3.3326,3.2324,3.3309,13503.87982810
2025-11-02T00:00:00Z,APTUSD,3.3138,3.4209,3.2560,3.3763,48531.24273194
2025-11-03T00:00:00Z,APTUSD,3.3757,3.3825,2.7165,2.7759,241572.23607737
2025-11-04T00:00:00Z,APTUSD,2.7784,2.8363,2.3907,2.5688,352389.06630058
2025-11-05T00:00:00Z,APTUSD,2.5602,2.7040,2.4218,2.6809,110817.48939088
2025-11-06T00:00:00Z,APTUSD,2.6807,2.7707,2.6062,2.7458,101602.19882166
2025-11-07T00:00:00Z,APTUSD,2.7415,3.2762,2.7351,3.1645,799022.66757525
2025-11-08T00:00:00Z,APTUSD,3.1699,3.2406,2.9871,3.0835,148039.79666886
2025-11-09T00:00:00Z,APTUSD,3.0835,3.2554,2.9452,3.2339,205834.00123038
2025-11-10T00:00:00Z,APTUSD,3.2112,3.3505,3.1838,3.3053,192505.88422990
2025-11-11T00:00:00Z,APTUSD,3.3021,3.3748,3.0770,3.0895,204972.71360062
2025-11-12T00:00:00Z,APTUSD,3.1017,3.1980,2.9860,3.0333,121974.27505220
2025-11-13T00:00:00Z,APTUSD,3.0379,3.1568,2.8663,2.9821,125256.29114211
2025-11-14T00:00:00Z,APTUSD,2.9764,3.1286,2.8124,2.9158,136254.81141255
2025-11-15T00:00:00Z,APTUSD,2.9145,3.0210,2.8899,2.9223,63642.91234793
2025-11-16T00:00:00Z,APTUSD,2.9100,2.9702,2.7455,2.8345,56756.92040249
2025-11-17T00:00:00Z,APTUSD,2.8301,2.9393,2.6793,2.7336,91626.35565812
2025-11-18T00:00:00Z,APTUSD,2.7481,2.9631,2.7080,2.9098,81733.22388320
2025-11-19T00:00:00Z,APTUSD,2.9100,2.9201,2.7158,2.8705,64968.75304205
2025-11-20T00:00:00Z,APTUSD,2.8797,3.0588,2.7400,2.7401,99896.70619159
2025-11-21T00:00:00Z,APTUSD,2.7398,2.8194,2.3308,2.3920,236350.00796334
2025-11-22T00:00:00Z,APTUSD,2.3908,2.4045,2.2859,2.3326,71486.76395016
2025-11-23T00:00:00Z,APTUSD,2.3144,2.3792,2.3090,2.3381,83184.23416571
2025-11-24T00:00:00Z,APTUSD,2.3150,2.3861,2.2235,2.3495,112963.58377950
2025-11-25T00:00:00Z,APTUSD,2.3441,2.3594,2.1956,2.2968,117683.32944408
2025-11-26T00:00:00Z,APTUSD,2.2968,2.2968,2.1528,2.2718,112182.36700637
2025-11-27T00:00:00Z,APTUSD,2.2614,2.3600,2.2301,2.2652,144497.92087316
2025-11-28T00:00:00Z,APTUSD,2.2703,2.2703,2.1089,2.1586,108281.61527919
2025-11-29T00:00:00Z,APTUSD,2.1456,2.1541,1.9753,2.0415,189286.70707213
2025-11-30T00:00:00Z,APTUSD,2.0450,2.0568,1.9849,1.9885,108711.99858079
2025-12-01T00:00:00Z,APTUSD,1.9800,1.9800,1.8115,1.8720,181277.56626423
2025-12-02T00:00:00Z,APTUSD,1.8729,2.0061,1.8429,1.9696,75068.42826828
2025-12-03T00:00:00Z,APTUSD,1.9687,2.0398,1.9600,2.0272,156953.78748101
2025-12-04T00:00:00Z,APTUSD,2.0246,2.0387,1.9250,1.9415,187740.19011138
2025-12-05T00:00:00Z,APTUSD,1.9380,1.9536,1.7177,1.7506,207354.61300806
2025-12-06T00:00:00Z,APTUSD,1.7468,1.8158,1.6917,1.7591,78903.87212484
2025-12-07T00:00:00Z,APTUSD,1.7531,1.7728,1.6569,1.7092,125019.75053358
2025-12-08T00:00:00Z,APTUSD,1.7081,1.8096,1.6842,1.7913,102716.19995205
2025-12-09T00:00:00Z,APTUSD,1.7952,1.9203,1.7298,1.8913,231691.60850010
2025-12-10T00:00:00Z,APTUSD,1.8851,1.9112,1.7700,1.7773,179743.86707093
2025-12-11T00:00:00Z,APTUSD,1.7773,1.7792,1.6847,1.7299,112335.60767596
2025-12-12T00:00:00Z,APTUSD,1.7262,1.7363,1.6034,1.6333,96990.74247981
2025-12-13T00:00:00Z,APTUSD,1.6332,1.7110,1.6272,1.6985,65254.54257270
2025-12-14T00:00:00Z,APTUSD,1.7017,1.7017,1.6000,1.6182,75604.01388474
2025-12-15T00:00:00Z,APTUSD,1.6158,1.6687,1.5263,1.5696,146565.14030285
2025-12-16T00:00:00Z,APTUSD,1.5705,1.6060,1.5389,1.5864,108686.36591986
2025-12-17T00:00:00Z,APTUSD,1.5833,1.6411,1.4792,1.4992,163987.38852903
2025-12-18T00:00:00Z,APTUSD,1.4974,1.5629,1.4173,1.4532,163447.70805406
2025-12-19T00:00:00Z,APTUSD,1.4549,1.6611,1.4251,1.6376,165841.74315518
2025-12-20T00:00:00Z,APTUSD,1.6373,1.6976,1.5934,1.6090,182003.88183253
2025-12-21T00:00:00Z,APTUSD,1.6102,1.6559,1.5500,1.5753,90496.44023741
2025-12-22T00:00:00Z,APTUSD,1.5743,1.6673,1.5595,1.6181,86517.00532946
2025-12-23T00:00:00Z,APTUSD,1.6225,1.6397,1.5604,1.6122,117307.77197717
2025-12-24T00:00:00Z,APTUSD,1.6184,1.6426,1.5563,1.6400,130328.90705978
2025-12-25T00:00:00Z,APTUSD,1.6407,1.6871,1.5888,1.5925,155930.71490251
2025-12-26T00:00:00Z,APTUSD,1.5908,1.7186,1.5908,1.6806,232804.42697062
2025-12-27T00:00:00Z,APTUSD,1.6806,1.7634,1.6741,1.7529,126335.10581220
2025-12-28T00:00:00Z,APTUSD,1.7555,1.7557,1.6968,1.7234,118019.98370066
2025-12-29T00:00:00Z,APTUSD,1.7247,1.8053,1.6732,1.6753,271017.03287008
2025-12-30T00:00:00Z,APTUSD,1.6782,1.7504,1.6669,1.7143,131088.43222127
2025-12-31T00:00:00Z,APTUSD,1.7144,1.7393,1.6423,1.6563,206490.13697807
2026-01-01T00:00:00Z,APTUSD,1.6594,1.8704,1.6502,1.8613,165094.86274993
2026-01-02T00:00:00Z,APTUSD,1.8616,1.9072,1.8070,1.9027,302934.42953476
2026-01-03T00:00:00Z,APTUSD,1.9078,1.9338,1.8491,1.9017,72551.81472843
2026-01-04T00:00:00Z,APTUSD,1.8996,1.9573,1.8954,1.9390,85566.52436198
2026-01-05T00:00:00Z,APTUSD,1.9476,1.9856,1.8977,1.9661,255008.24988381
2026-01-06T00:00:00Z,APTUSD,1.9645,2.0114,1.8672,1.9609,273454.31788786
2026-01-07T00:00:00Z,APTUSD,1.9563,1.9573,1.8631,1.8828,91667.53246314
2026-01-08T00:00:00Z,APTUSD,1.8861,1.8931,1.7685,1.8202,91859.66726690
2026-01-09T00:00:00Z,APTUSD,1.8167,1.8382,1.7710,1.8231,94731.93254760
2026-01-10T00:00:00Z,APTUSD,1.8208,1.8370,1.7986,1.8110,41948.95138636
2026-01-11T00:00:00Z,APTUSD,1.8062,1.8225,1.7441,1.7668,120402.00145455
2026-01-12T00:00:00Z,APTUSD,1.7640,1.8174,1.7279,1.7676,122006.47697752
2026-01-13T00:00:00Z,APTUSD,1.7669,1.9968,1.7643,1.9650,330610.16755602
2026-01-14T00:00:00Z,APTUSD,1.9833,1.9833,1.8996,1.9358,143918.84189005
2026-01-15T00:00:00Z,APTUSD,1.9326,1.9482,1.7650,1.8036,93924.04824547
2026-01-16T00:00:00Z,APTUSD,1.8021,1.8104,1.7460,1.7881,82968.86064932
2026-01-17T00:00:00Z,APTUSD,1.7955,1.9113,1.7910,1.8610,121046.96047759
2026-01-18T00:00:00Z,APTUSD,1.8740,1.8804,1.7234,1.7251,141418.79593983
2026-01-19T00:00:00Z,APTUSD,1.7231,1.7231,1.5089,1.6115,397664.84996523
2026-01-20T00:00:00Z,APTUSD,1.6072,1.6280,1.5181,1.5323,171832.16640818
2026-01-21T00:00:00Z,APTUSD,1.5320,1.6024,1.5071,1.5573,136259.36514541
2026-01-22T00:00:00Z,APTUSD,1.5590,1.5833,1.5179,1.5478,87630.40681846
2026-01-23T00:00:00Z,APTUSD,1.5493,1.6145,1.5356,1.5507,138482.39349514
2026-01-24T00:00:00Z,APTUSD,1.5529,1.5643,1.5336,1.5457,25531.75442090
2026-01-25T00:00:00Z,APTUSD,1.5465,1.5956,1.4496,1.4864,199666.58239671
2026-01-26T00:00:00Z,APTUSD,1.4825,1.5902,1.4825,1.5508,97581.23025341
2026-01-27T00:00:00Z,APTUSD,1.5489,1.5949,1.5225,1.5908,165427.03535184
2026-01-28T00:00:00Z,APTUSD,1.5932,1.6267,1.5747,1.6094,140174.96380298
2026-01-29T00:00:00Z,APTUSD,1.6099,1.6099,1.4415,1.4915,187132.30432345
2026-01-30T00:00:00Z,APTUSD,1.4934,1.5061,1.4130,1.4489,167365.05959560
2026-01-31T00:00:00Z,APTUSD,1.4470,1.6893,1.1170,1.2737,877568.70800213
2026-02-01T00:00:00Z,APTUSD,1.2735,1.2981,1.2061,1.2378,209657.85607661
2026-02-02T00:00:00Z,APTUSD,1.2376,1.2923,1.1969,1.2762,149890.61599393
2026-02-03T00:00:00Z,APTUSD,1.2770,1.2988,1.1934,1.2427,260235.07085796
2026-02-04T00:00:00Z,APTUSD,1.2450,1.2786,1.1987,1.2185,270761.44861378
2026-02-05T00:00:00Z,APTUSD,1.2111,1.2298,1.0143,1.0291,529755.15137859
2026-02-06T00:00:00Z,APTUSD,1.0337,1.1643,0.9045,1.1393,684100.20525708
2026-02-07T00:00:00Z,APTUSD,1.1373,1.1474,1.0811,1.1137,210231.45738154
2026-02-08T00:00:00Z,APTUSD,1.1108,1.1108,1.0500,1.0678,107569.52424764
2026-02-09T00:00:00Z,APTUSD,1.0670,1.0779,1.0103,1.0399,114759.73237687
2026-02-10T00:00:00Z,APTUSD,1.0403,1.0443,0.9731,0.9884,298084.23575367
2026-02-11T00:00:00Z,APTUSD,0.9885,1.0102,0.9160,0.9226,338943.71950725
2026-02-12T00:00:00Z,APTUSD,0.9252,0.9627,0.8938,0.9252,250219.42184662
2026-02-13T00:00:00Z,APTUSD,0.9225,0.9569,0.8980,0.9403,179385.44029660
2026-02-14T00:00:00Z,APTUSD,0.9365,1.0072,0.9353,0.9870,193928.49055717
2026-02-15T00:00:00Z,APTUSD,0.9863,0.9872,0.9053,0.9329,198238.71166474
2026-02-16T00:00:00Z,APTUSD,0.9338,0.9381,0.8975,0.9276,169112.10300891
2026-02-17T00:00:00Z,APTUSD,0.9254,0.9473,0.9088,0.9163,135910.10518614
2026-02-18T00:00:00Z,APTUSD,0.9180,0.9289,0.8688,0.8782,197869.48388251
2026-02-19T00:00:00Z,APTUSD,0.8772,0.8905,0.8325,0.8651,143371.37591243
2026-02-20T00:00:00Z,APTUSD,0.8654,0.8876,0.8443,0.8843,116953.80324072
2026-02-21T00:00:00Z,APTUSD,0.8813,0.9084,0.8750,0.8883,91126.31893276
2026-02-22T00:00:00Z,APTUSD,0.8802,0.8809,0.8224,0.8405,159158.01282259
2026-02-23T00:00:00Z,APTUSD,0.8422,0.8672,0.7915,0.8115,418077.20166482
2026-02-24T00:00:00Z,APTUSD,0.8130,0.8370,0.7980,0.8229,256316.81070998
2026-02-25T00:00:00Z,APTUSD,0.8242,1.1100,0.8220,1.0043,626699.79369862
2026-02-26T00:00:00Z,APTUSD,1.0072,1.0096,0.9285,0.9640,552467.61996278
2026-02-27T00:00:00Z,APTUSD,0.9722,1.0262,0.9209,0.9375,411277.78100602
2026-02-28T00:00:00Z,APTUSD,0.9395,0.9739,0.8655,0.9630,524933.46320112
2026-03-01T00:00:00Z,APTUSD,0.9670,0.9787,0.9061,0.9268,312286.23723976
2026-03-02T00:00:00Z,APTUSD,0.9295,0.9907,0.9160,0.9662,406933.94893229
2026-03-03T00:00:00Z,APTUSD,0.9707,1.0360,0.9490,1.0117,1137484.07273208
2026-03-04T00:00:00Z,APTUSD,1.0123,1.0295,0.9872,1.0105,873937.98100831
2026-03-05T00:00:00Z,APTUSD,1.0095,1.0202,0.9663,0.9964,388173.78564295
2026-03-06T00:00:00Z,APTUSD,0.9974,1.0245,0.9396,0.9576,352999.45093581
2026-03-07T00:00:00Z,APTUSD,0.9571,0.9644,0.9319,0.9383,113290.39432253
2026-03-08T00:00:00Z,APTUSD,0.9398,0.9601,0.9114,0.9294,195344.97359961
2026-03-09T00:00:00Z,APTUSD,0.9292,0.9844,0.9292,0.9561,140813.58590985
2026-03-10T00:00:00Z,APTUSD,0.9569,0.9979,0.9458,0.9529,216952.87223379
2026-03-11T00:00:00Z,APTUSD,0.9516,0.9754,0.9336,0.9437,89019.51849525
2026-03-12T00:00:00Z,APTUSD,0.9408,0.9446,0.9045,0.9178,244307.51092275
2026-03-13T00:00:00Z,APTUSD,0.9158,0.9752,0.9109,0.9354,449041.56966787
2026-03-14T00:00:00Z,APTUSD,0.9291,0.9336,0.9071,0.9205,109650.82877057
2026-03-15T00:00:00Z,APTUSD,0.9200,0.9403,0.9107,0.9344,129103.24843475
2026-03-16T00:00:00Z,APTUSD,0.9363,1.0295,0.9286,1.0253,840319.95050725
2026-03-17T00:00:00Z,APTUSD,1.0152,1.0201,0.9819,1.0057,161835.31838331
2026-03-18T00:00:00Z,APTUSD,1.0087,1.3650,0.9404,0.9915,977635.80956021
2026-03-19T00:00:00Z,APTUSD,0.9914,0.9937,0.9244,0.9489,363602.25924249
2026-03-20T00:00:00Z,APTUSD,0.9495,1.0249,0.9482,0.9912,811074.08406087
2026-03-21T00:00:00Z,APTUSD,0.9919,1.0248,0.9654,0.9685,267339.69601748
2026-03-22T00:00:00Z,APTUSD,0.9714,0.9857,0.9132,0.9283,165445.17966967
2026-03-23T00:00:00Z,APTUSD,0.9309,1.0789,0.9064,1.0698,667579.21927690
2026-03-24T00:00:00Z,APTUSD,1.0696,1.4300,1.0245,1.1146,2014045.44733278
2026-03-25T00:00:00Z,APTUSD,1.1148,1.1154,1.0490,1.0583,406223.18112867
2026-03-26T00:00:00Z,APTUSD,1.0588,1.0671,1.0151,1.0348,207772.91865817
2026-03-27T00:00:00Z,APTUSD,1.0334,1.0366,0.9716,0.9756,201632.54525902
2026-03-28T00:00:00Z,APTUSD,0.9751,0.9768,0.9241,0.9306,134191.94465165
2026-03-29T00:00:00Z,APTUSD,0.9305,0.9428,0.8950,0.9206,121951.38777609
2026-03-30T00:00:00Z,APTUSD,0.9224,0.9495,0.8831,0.8894,199114.67176098
2026-03-31T00:00:00Z,APTUSD,0.8890,0.9142,0.8717,0.8920,199516.47470077
2026-04-01T00:00:00Z,APTUSD,0.8921,0.9168,0.8869,0.8899,340716.52033479
2026-04-02T00:00:00Z,APTUSD,0.8897,0.8961,0.8450,0.8599,151409.54755604
2026-04-03T00:00:00Z,APTUSD,0.8598,0.8721,0.8421,0.8483,114682.32645454
2026-04-04T00:00:00Z,APTUSD,0.8456,0.8539,0.8388,0.8497,174500.01818536
2026-04-05T00:00:00Z,APTUSD,0.8493,0.8505,0.8261,0.8505,164506.69054585
2026-04-06T00:00:00Z,APTUSD,0.8513,0.8808,0.8318,0.8387,249574.83257237
2026-04-07T00:00:00Z,APTUSD,0.8398,0.8797,0.8177,0.8727,380793.08775790
2026-04-08T00:00:00Z,APTUSD,0.8729,1.1699,0.8290,0.8322,818943.94460035
2026-04-09T00:00:00Z,APTUSD,0.8316,0.8707,0.8140,0.8460,317470.40778756
2026-04-10T00:00:00Z,APTUSD,0.8466,0.8813,0.8324,0.8685,478649.71146461
2026-04-11T00:00:00Z,APTUSD,0.8693,0.8808,0.8457,0.8644,201502.12915917
2026-04-12T00:00:00Z,APTUSD,0.8632,0.8632,0.8073,0.8118,188066.92198673
2026-04-13T00:00:00Z,APTUSD,0.8116,0.8762,0.8109,0.8732,248810.20011497
2026-04-14T00:00:00Z,APTUSD,0.8760,0.8830,0.8492,0.8603,218752.73877952
2026-04-15T00:00:00Z,APTUSD,0.8627,0.9357,0.8528,0.8955,316152.46498115
2026-04-16T00:00:00Z,APTUSD,0.8974,1.0073,0.8795,1.0007,413921.32989564
2026-04-17T00:00:00Z,APTUSD,1.0034,1.0182,0.9645,0.9981,772466.14894795
2026-04-18T00:00:00Z,APTUSD,0.9996,1.0015,0.9340,0.9360,461216.28967098
2026-04-19T00:00:00Z,APTUSD,0.9351,0.9617,0.9045,0.9104,207030.03064833
2026-04-20T00:00:00Z,APTUSD,0.9119,0.9493,0.9119,0.9369,399248.97992595
2026-04-21T00:00:00Z,APTUSD,0.9374,0.9500,0.9181,0.9386,132571.24243828
2026-04-22T00:00:00Z,APTUSD,0.9394,1.0048,0.9319,0.9453,256418.91081493
2026-04-23T00:00:00Z,APTUSD,0.9463,0.9623,0.9257,0.9539,83648.26857502
2026-04-24T00:00:00Z,APTUSD,0.9551,0.9882,0.9419,0.9881,78825.27184336
2026-04-25T00:00:00Z,APTUSD,0.9890,0.9973,0.9575,0.9675,169669.94727703
2026-04-26T00:00:00Z,APTUSD,0.9648,1.0018,0.9593,0.9845,156363.82476084
2026-04-27T00:00:00Z,APTUSD,0.9843,0.9930,0.9417,0.9674,144446.68490056
2026-04-28T00:00:00Z,APTUSD,0.9662,0.9953,0.9555,0.9661,256530.78303896
2026-04-29T00:00:00Z,APTUSD,0.9660,1.0117,0.9471,0.9856,510039.79061578
2026-04-30T00:00:00Z,APTUSD,0.9918,1.0367,0.9810,0.9938,394930.06333874
2026-05-01T00:00:00Z,APTUSD,0.9934,1.0450,0.9868,0.9903,360241.99769234
2026-05-02T00:00:00Z,APTUSD,0.9899,1.0192,0.9888,1.0029,370585.45991014
2026-05-03T00:00:00Z,APTUSD,1.0031,1.0033,0.9750,0.9875,96296.54133788
2026-05-04T00:00:00Z,APTUSD,0.9835,1.0200,0.9619,0.9661,202438.89181139
2026-05-05T00:00:00Z,APTUSD,0.9672,1.0008,0.9603,0.9935,302253.30563975
2026-05-06T00:00:00Z,APTUSD,0.9953,1.0654,0.9857,1.0232,260016.95859837
2026-05-07T00:00:00Z,APTUSD,1.0237,1.0376,0.9961,1.0221,175959.86701382
2026-05-08T00:00:00Z,APTUSD,1.0274,1.1450,1.0207,1.1282,313973.50121357
2026-05-09T00:00:00Z,APTUSD,1.1300,1.1434,1.0950,1.1029,88739.87182951
2026-05-10T00:00:00Z,APTUSD,1.1021,1.2375,1.0826,1.1538,630735.19693636
2026-05-11T00:00:00Z,APTUSD,1.1533,1.1538,1.1000,1.1282,279044.85462470
2026-05-12T00:00:00Z,APTUSD,1.1280,1.1316,1.0580,1.0821,262888.94484026
2026-05-13T00:00:00Z,APTUSD,1.0782,1.1278,1.0327,1.0459,224970.88148289
2026-05-14T00:00:00Z,APTUSD,1.0450,1.0779,1.0215,1.0503,431381.19505558
2026-05-15T00:00:00Z,APTUSD,1.0532,1.3000,0.9700,0.9873,851731.55104066
2026-05-16T00:00:00Z,APTUSD,0.9861,0.9911,0.9408,0.9457,141019.31894729
2026-05-17T00:00:00Z,APTUSD,0.9451,0.9693,0.8972,0.9276,286634.34710303
2026-05-18T00:00:00Z,APTUSD,0.9258,0.9482,0.9140,0.9474,282467.00714915
2026-05-19T00:00:00Z,APTUSD,0.9482,0.9535,0.9274,0.9292,67625.63141033
2026-05-20T00:00:00Z,APTUSD,0.9301,0.9576,0.9250,0.9499,148823.41325964
2026-05-21T00:00:00Z,APTUSD,0.9503,0.9825,0.9450,0.9724,319548.07423609
2026-05-22T00:00:00Z,APTUSD,0.9701,1.0002,0.9332,0.9386,263300.30269426
2026-05-23T00:00:00Z,APTUSD,0.9366,0.9962,0.8978,0.9688,211483.35046153
2026-05-24T00:00:00Z,APTUSD,0.9683,0.9696,0.9259,0.9444,98835.91442923
2026-05-25T00:00:00Z,APTUSD,0.9458,0.9872,0.9382,0.9671,186147.11913422
2026-05-26T00:00:00Z,APTUSD,0.9654,1.0069,0.9495,0.9709,183384.90112007
2026-05-27T00:00:00Z,APTUSD,0.9699,1.0017,0.9415,0.9500,162456.99261970
2026-05-28T00:00:00Z,APTUSD,0.9499,0.9516,0.9000,0.9398,268234.05972910
2026-05-29T00:00:00Z,APTUSD,0.9400,0.9551,0.8856,0.9323,456250.48381305
2026-05-30T00:00:00Z,APTUSD,0.9367,0.9723,0.9322,0.9367,193689.74111457
2026-05-31T00:00:00Z,APTUSD,0.9402,0.9530,0.9142,0.9439,611951.80939722
2026-06-01T00:00:00Z,APTUSD,0.9501,0.9576,0.8999,0.9385,420400.01440748
2026-06-02T00:00:00Z,APTUSD,0.9397,0.9397,0.8065,0.8233,1066319.41143150
2026-06-03T00:00:00Z,APTUSD,0.8243,0.8684,0.8014,0.8118,485518.86834049
2026-06-04T00:00:00Z,APTUSD,0.8143,0.8170,0.7318,0.7539,786900.27562916
2026-06-05T00:00:00Z,APTUSD,0.7529,0.7547,0.6322,0.6657,1244113.64549144
2026-06-06T00:00:00Z,APTUSD,0.6678,0.6776,0.6157,0.6567,410770.66074704
2026-06-07T00:00:00Z,APTUSD,0.6572,0.6896,0.6472,0.6708,167960.94545170
2026-06-08T00:00:00Z,APTUSD,0.6707,0.6894,0.6550,0.6697,263643.29962000
2026-06-09T00:00:00Z,APTUSD,0.6675,0.6749,0.6390,0.6651,463206.87919781
2026-06-10T00:00:00Z,APTUSD,0.6685,0.6696,0.6088,0.6194,572399.31950382
2026-06-11T00:00:00Z,APTUSD,0.6235,0.6576,0.6187,0.6491,206552.10143859
2026-06-12T00:00:00Z,APTUSD,0.6462,0.6694,0.6325,0.6418,422800.09977670
2026-06-13T00:00:00Z,APTUSD,0.6425,0.6833,0.6404,0.6714,230063.74116757
2026-06-14T00:00:00Z,APTUSD,0.6696,0.6832,0.6453,0.6807,151184.88634317
2026-06-15T00:00:00Z,APTUSD,0.6791,0.7153,0.6713,0.6769,233458.72284548
2026-06-16T00:00:00Z,APTUSD,0.6777,0.6940,0.6541,0.6705,208501.75989739
2026-06-17T00:00:00Z,APTUSD,0.6678,0.6936,0.6536,0.6716,272966.00177525
2026-06-18T00:00:00Z,APTUSD,0.6750,0.6781,0.6191,0.6421,272800.28666567
2026-06-19T00:00:00Z,APTUSD,0.6409,0.6476,0.6138,0.6330,116616.38564629
2026-06-20T00:00:00Z,APTUSD,0.6344,0.6472,0.6225,0.6461,64862.50235563
2026-06-21T00:00:00Z,APTUSD,0.6441,0.6654,0.6441,0.6476,168348.60079144
2026-06-22T00:00:00Z,APTUSD,0.6474,0.6850,0.6474,0.6611,120528.03507341
2026-06-23T00:00:00Z,APTUSD,0.6603,0.6607,0.6172,0.6469,183990.24084202
2026-06-24T00:00:00Z,APTUSD,0.6474,0.6543,0.5882,0.6296,357927.14595266
2026-06-25T00:00:00Z,APTUSD,0.6310,0.6363,0.5743,0.5925,269676.83830064
2026-06-26T00:00:00Z,APTUSD,0.5936,0.6135,0.5688,0.5986,264403.90602587
2026-06-27T00:00:00Z,APTUSD,0.5978,0.6074,0.5765,0.5806,144126.15313289
2026-06-28T00:00:00Z,APTUSD,0.5796,0.5889,0.5632,0.5757,164179.60178083
2026-06-29T00:00:00Z,APTUSD,0.5714,0.5945,0.5650,0.5797,125555.35695689
2026-06-30T00:00:00Z,APTUSD,0.5796,0.5797,0.5553,0.5714,159503.21955970
2026-07-01T00:00:00Z,APTUSD,0.5714,0.6024,0.5603,0.5855,119520.89381302
2026-07-02T00:00:00Z,APTUSD,0.5856,0.6245,0.5833,0.6086,202385.36393467
2026-07-03T00:00:00Z,APTUSD,0.6087,0.6426,0.6074,0.6376,141499.88211414
2026-07-04T00:00:00Z,APTUSD,0.6376,0.6449,0.6224,0.6286,170672.91848347
2026-07-05T00:00:00Z,APTUSD,0.6268,0.6379,0.6127,0.6329,81674.09416703
2026-07-06T00:00:00Z,APTUSD,0.6343,0.6425,0.6028,0.6310,123602.07700819
2026-07-07T00:00:00Z,APTUSD,0.6322,0.6503,0.6186,0.6289,285210.63348113
2026-07-08T00:00:00Z,APTUSD,0.6287,0.6344,0.5947,0.6173,266701.63103948
2026-07-09T00:00:00Z,APTUSD,0.6157,0.6359,0.6148,0.6238,143264.51044278
2026-07-10T00:00:00Z,APTUSD,0.6222,0.6360,0.6186,0.6288,80904.16837742
2026-07-11T00:00:00Z,APTUSD,0.6295,0.6463,0.6233,0.6262,123191.10066038
2026-07-12T00:00:00Z,APTUSD,0.6244,0.6301,0.6031,0.6105,71230.41242614
2026-07-13T00:00:00Z,APTUSD,0.6093,0.6186,0.5775,0.5912,202147.29674788
2026-07-14T00:00:00Z,APTUSD,0.5913,0.6264,0.5890,0.6189,146410.37221991
2026-07-15T00:00:00Z,APTUSD,0.6195,0.6307,0.6113,0.6236,103295.35139518
2026-07-16T00:00:00Z,APTUSD,0.6242,0.6255,0.6045,0.6091,150508.30273553
2026-07-17T00:00:00Z,APTUSD,0.6088,0.6212,0.5913,0.6212,56638.66453586
2026-07-18T00:00:00Z,APTUSD,0.6227,0.6264,0.6023,0.6083,57818.27124747
2026-07-19T00:00:00Z,APTUSD,0.6085,0.6088,0.5887,0.5940,59529.26090268
2026-07-20T00:00:00Z,APTUSD,0.5937,0.6059,0.5799,0.6052,136290.86629040
2026-07-21T00:00:00Z,APTUSD,0.6040,0.6195,0.5973,0.6085,115182.44076245
2026-07-22T00:00:00Z,APTUSD,0.6094,0.6293,0.6009,0.6207,125234.95092513
2026-07-23T00:00:00Z,APTUSD,0.6232,0.6322,0.6064,0.6177,115514.63157362
2026-07-24T00:00:00Z,APTUSD,0.6179,0.6273,0.5990,0.6006,114984.03314107
2026-07-25T00:00:00Z,APTUSD,0.6005,0.6162,0.5938,0.6102,63862.89117795
2026-07-26T00:00:00Z,APTUSD,0.6119,0.6376,0.6068,0.6276,157864.52730874
2026-07-27T00:00:00Z,APTUSD,0.6287,0.6323,0.5894,0.5920,113148.66624415
2026-07-28T00:00:00Z,APTUSD,0.5915,0.5918,0.5740,0.5865,86530.85770876
2026-07-29T00:00:00Z,APTUSD,0.5882,0.5882,0.5508,0.5643,167085.63173457
2026-07-30T00:00:00Z,APTUSD,0.5651,0.5839,0.5620,0.5695,100112.24473160
2026-07-31T00:00:00Z,APTUSD,0.5696,0.5765,0.5516,0.5560,120803.48300067
2026-08-01T00:00:00Z,APTUSD,0.5565,0.5602,0.5446,0.5510,49642.20749819
2026-08-02T00:00:00Z,APTUSD,0.5530,0.5707,0.5530,0.5621,74818.79269425
2026-08-03T00:00:00Z,APTUSD,0.5612,0.5784,0.5542,0.5752,66515.81503713
2026-08-04T00:00:00Z,APTUSD,0.5750,0.5831,0.5698,0.5796,68852.66991187
2026-08-05T00:00:00Z,APTUSD,0.5795,0.5949,0.5765,0.5923,60556.95429111
2026-08-06T00:00:00Z,APTUSD,0.5925,0.6014,0.5851,0.5886,49480.38166038
2026-08-07T00:00:00Z,APTUSD,0.5918,0.5948,0.5791,0.5791,26787.49640452
2026-08-08T00:00:00Z,APTUSD,0.5785,0.6105,0.5755,0.6024,46116.53541464
2026-08-09T00:00:00Z,APTUSD,0.6044,0.6139,0.5886,0.5886,77629.38065991
2026-08-10T00:00:00Z,APTUSD,0.5882,0.5983,0.5852,0.5873,48327.30670991
2026-08-11T00:00:00Z,APTUSD,0.5884,0.5898,0.5709,0.5790,43682.41195500
2026-08-12T00:00:00Z,APTUSD,0.5784,0.5784,0.5537,0.5595,167400.15364281
2026-08-13T00:00:00Z,APTUSD,0.5610,0.5674,0.5545,0.5591,159268.21031942
2026-08-14T00:00:00Z,APTUSD,0.5590,0.5590,0.5325,0.5418,245919.70179762
2026-08-15T00:00:00Z,APTUSD,0.5423,0.5459,0.5343,0.5364,141208.86810511
2026-08-16T00:00:00Z,APTUSD,0.5363,0.5376,0.5145,0.5178,169854.35487512
2026-08-17T00:00:00Z,APTUSD,0.5169,0.5342,0.5151,0.5291,237100.07812848
2026-08-18T00:00:00Z,APTUSD,0.5304,0.5332,0.5174,0.5280,231091.79296579
2026-08-19T00:00:00Z,APTUSD,0.5267,0.5681,0.5239,0.5628,279428.89099235
2026-08-20T00:00:00Z,APTUSD,0.5610,0.5840,0.5557,0.5780,251406.81440644
2026-08-21T00:00:00Z,APTUSD,0.5762,0.6554,0.5729,0.6496,490869.72474892
2026-08-22T00:00:00Z,APTUSD,0.6491,0.7126,0.5878,0.6317,791038.93626915
2026-08-23T00:00:00Z,APTUSD,0.6309,0.6632,0.5966,0.6387,901769.78682289
2026-08-24T00:00:00Z,APTUSD,0.6363,0.6363,0.6002,0.6079,585914.43262431
2026-08-25T00:00:00Z,APTUSD,0.6078,0.6222,0.5567,0.5619,917889.20591368
2026-08-26T00:00:00Z,APTUSD,0.5621,0.5733,0.5502,0.5711,641686.07442148
2026-08-27T00:00:00Z,APTUSD,0.5706,0.5870,0.5601,0.5748,475499.51743463
2026-08-28T00:00:00Z,APTUSD,0.5729,0.5841,0.5303,0.5384,424948.14417990
2026-08-29T00:00:00Z,APTUSD,0.5400,0.5467,0.5315,0.5431,412436.14762399
2026-08-30T00:00:00Z,APTUSD,0.5421,0.5492,0.5058,0.5168,574224.82412786
2026-08-31T00:00:00Z,APTUSD,0.5171,0.5372,0.5147,0.5352,649860.78606750
2026-09-01T00:00:00Z,APTUSD,0.5344,0.5677,0.5289,0.5460,1261466.07345262
2026-09-02T00:00:00Z,APTUSD,0.5460,0.5883,0.5351,0.5846,1124884.16626673
2026-09-03T00:00:00Z,APTUSD,0.5852,0.8283,0.5743,0.6028,2577727.19682569
2026-09-04T00:00:00Z,APTUSD,0.6028,0.6058,0.5699,0.5805,909685.08971261
2026-09-05T00:00:00Z,APTUSD,0.5802,0.6253,0.5781,0.6141,1035649.73078671
2026-09-06T00:00:00Z,APTUSD,0.6149,0.6397,0.6058,0.6243,1317110.40587484
2026-09-07T00:00:00Z,APTUSD,0.6241,0.6493,0.6122,0.6408,1059188.37831684
2026-09-08T00:00:00Z,APTUSD,0.6403,0.6721,0.6250,0.6491,1422590.85914587
2026-09-09T00:00:00Z,APTUSD,0.6486,0.6836,0.6150,0.6277,2482149.14709860
2026-09-10T00:00:00Z,APTUSD,0.6269,0.6549,0.6061,0.6415,1779891.18194601
2026-09-11T00:00:00Z,APTUSD,0.6417,0.6610,0.5896,0.5957,1398026.54615317
2026-09-12T00:00:00Z,APTUSD,0.5966,0.6222,0.5960,0.6012,921366.43261834
2026-09-13T00:00:00Z,APTUSD,0.6006,0.6125,0.5820,0.5877,937140.88115332
2026-09-14T00:00:00Z,APTUSD,0.5883,0.6081,0.5814,0.5895,513134.24904410
2026-09-15T00:00:00Z,APTUSD,0.5902,0.5908,0.5412,0.5475,932285.82595143
2026-09-16T00:00:00Z,APTUSD,0.5465,0.5557,0.5244,0.5545,1045057.35139217
2026-09-17T00:00:00Z,APTUSD,0.5542,0.5985,0.5533,0.5974,632191.88060631
2026-09-18T00:00:00Z,APTUSD,0.5979,0.7459,0.5953,0.7310,3042672.97164684
2026-09-19T00:00:00Z,APTUSD,0.7315,0.7818,0.6949,0.7250,3385800.95682219
2026-09-20T00:00:00Z,APTUSD,0.7241,0.7642,0.7081,0.7410,1177966.60824681
2026-09-21T00:00:00Z,APTUSD,0.7405,0.8073,0.7282,0.7951,1991136.24740853
2026-09-22T00:00:00Z,APTUSD,0.7941,0.8407,0.7475,0.8291,1607985.75070555
2026-09-23T00:00:00Z,APTUSD,0.8290,0.8577,0.7355,0.7539,1738934.92393544
2026-09-24T00:00:00Z,APTUSD,0.7539,0.8492,0.7420,0.8092,789398.29715080
2026-09-25T00:00:00Z,APTUSD,0.8090,0.8863,0.7885,0.8719,692338.16114905
2026-09-26T00:00:00Z,APTUSD,0.8719,0.8883,0.8221,0.8510,954716.38459138
2026-09-27T00:00:00Z,APTUSD,0.8514,0.8747,0.8296,0.8640,1510191.22709658
