timestamp,symbol,open,high,low,close,volume
2022-01-18T00:00:00Z,ASTRUSD,0.235,0.25,0.15,0.181,733395.3785295802
2022-01-19T00:00:00Z,ASTRUSD,0.181,0.199,0.159,0.166,3163327.9098851387
2022-01-20T00:00:00Z,ASTRUSD,0.165,0.193,0.14,0.14,1810781.264384119
2022-01-21T00:00:00Z,ASTRUSD,0.14,0.142,0.106,0.108,1378349.2456300003
2022-01-22T00:00:00Z,ASTRUSD,0.106,0.11,0.099,0.102,2045791.4049798602
2022-01-23T00:00:00Z,ASTRUSD,0.102,0.112,0.1,0.101,1170589.82200847
2022-01-24T00:00:00Z,ASTRUSD,0.102,0.102,0.09,0.094,383373.90966963995
2022-01-25T00:00:00Z,ASTRUSD,0.095,0.095,0.085,0.086,839398.0080254801
2022-01-26T00:00:00Z,ASTRUSD,0.088,0.102,0.082,0.095,1701375.3806931097
2022-01-27T00:00:00Z,ASTRUSD,0.094,0.099,0.091,0.093,1101510.6801917101
2022-01-28T00:00:00Z,ASTRUSD,0.094,0.118,0.094,0.114,1832675.1054006296
2022-01-29T00:00:00Z,ASTRUSD,0.114,0.128,0.114,0.12,1384471.0065847
2022-01-30T00:00:00Z,ASTRUSD,0.121,0.125,0.117,0.122,737933.60206378
2022-01-31T00:00:00Z,ASTRUSD,0.122,0.123,0.113,0.122,436414.7704236301
2022-02-01T00:00:00Z,ASTRUSD,0.122,0.136,0.122,0.133,527963.4253832398
2022-02-02T00:00:00Z,ASTRUSD,0.132,0.132,0.119,0.119,411069.92307778
2022-02-03T00:00:00Z,ASTRUSD,0.119,0.122,0.117,0.119,130666.4853185502
2022-02-04T00:00:00Z,ASTRUSD,0.121,0.126,0.119,0.124,272807.9742059399
2022-02-05T00:00:00Z,ASTRUSD,0.125,0.13,0.124,0.128,448207.1717136998
2022-02-06T00:00:00Z,ASTRUSD,0.129,0.13,0.124,0.127,561796.6548700299
2022-02-07T00:00:00Z,ASTRUSD,0.127,0.134,0.126,0.133,419188.23480436014
2022-02-08T00:00:00Z,ASTRUSD,0.132,0.132,0.123,0.123,194840.79541625993
2022-02-09T00:00:00Z,ASTRUSD,0.123,0.129,0.123,0.128,205577.44389029994
2022-02-10T00:00:00Z,ASTRUSD,0.128,0.13,0.124,0.124,333611.1251250501
2022-02-11T00:00:00Z,ASTRUSD,0.124,0.124,0.115,0.117,1474450.9910059178
2022-02-12T00:00:00Z,ASTRUSD,0.116,0.118,0.114,0.116,39802.30264246007
2022-02-13T00:00:00Z,ASTRUSD,0.116,0.119,0.116,0.118,244988.07133226
2022-02-14T00:00:00Z,ASTRUSD,0.117,0.118,0.114,0.114,53137.25060613999
2022-02-15T00:00:00Z,ASTRUSD,0.113,0.122,0.113,0.121,190601.24131828005
2022-02-16T00:00:00Z,ASTRUSD,0.121,0.121,0.114,0.116,274047.3217996501
2022-02-17T00:00:00Z,ASTRUSD,0.117,0.135,0.116,0.124,349414.0722955298
2022-02-18T00:00:00Z,ASTRUSD,0.125,0.156,0.125,0.139,1128011.8878543898
2022-02-19T00:00:00Z,ASTRUSD,0.141,0.151,0.132,0.135,330588.2242676702
2022-02-20T00:00:00Z,ASTRUSD,0.134,0.136,0.125,0.127,265967.5165858601
2022-02-21T00:00:00Z,ASTRUSD,0.128,0.136,0.128,0.132,445938.8583104905
2022-02-22T00:00:00Z,ASTRUSD,0.132,0.139,0.129,0.139,383354.3990775504
2022-02-23T00:00:00Z,ASTRUSD,0.139,0.15,0.139,0.144,372049.10528397985
2022-02-24T00:00:00Z,ASTRUSD,0.144,0.144,0.114,0.126,779038.4064057192
2022-02-25T00:00:00Z,ASTRUSD,0.128,0.138,0.127,0.138,104100.31776132996
2022-02-26T00:00:00Z,ASTRUSD,0.14,0.145,0.138,0.141,218548.79244383008
2022-02-27T00:00:00Z,ASTRUSD,0.138,0.142,0.133,0.14,85902.74983675011
2022-02-28T00:00:00Z,ASTRUSD,0.14,0.167,0.129,0.132,1430719.6832413592
2022-03-01T00:00:00Z,ASTRUSD,0.132,0.141,0.12,0.123,969878.5121950499
2022-03-02T00:00:00Z,ASTRUSD,0.123,0.126,0.115,0.116,899981.9698769702
2022-03-03T00:00:00Z,ASTRUSD,0.117,0.129,0.114,0.118,723253.2761924597
2022-03-04T00:00:00Z,ASTRUSD,0.118,0.121,0.103,0.105,777665.6297777402
2022-03-05T00:00:00Z,ASTRUSD,0.105,0.105,0.102,0.105,193006.19429258
2022-03-06T00:00:00Z,ASTRUSD,0.104,0.109,0.1,0.1,252132.00107181
2022-03-07T00:00:00Z,ASTRUSD,0.099,0.116,0.098,0.1,716519.0136447198
2022-03-08T00:00:00Z,ASTRUSD,0.1,0.105,0.099,0.1,269845.34478366975
2022-03-09T00:00:00Z,ASTRUSD,0.101,0.108,0.101,0.104,202268.54859556994
2022-03-10T00:00:00Z,ASTRUSD,0.104,0.124,0.099,0.107,1130324.3419404095
2022-03-11T00:00:00Z,ASTRUSD,0.108,0.121,0.108,0.111,932907.9817430485
2022-03-12T00:00:00Z,ASTRUSD,0.111,0.112,0.107,0.109,92092.64057337002
2022-03-13T00:00:00Z,ASTRUSD,0.109,0.111,0.106,0.106,119442.17762873003
2022-03-14T00:00:00Z,ASTRUSD,0.104,0.106,0.102,0.104,88220.15408621
2022-03-15T00:00:00Z,ASTRUSD,0.103,0.105,0.1,0.101,218445.74997358
2022-03-16T00:00:00Z,ASTRUSD,0.101,0.105,0.099,0.105,171239.99185000997
2022-03-17T00:00:00Z,ASTRUSD,0.106,0.11,0.105,0.108,312781.69644556
2022-03-18T00:00:00Z,ASTRUSD,0.109,0.109,0.103,0.105,163279.52410869
2022-03-19T00:00:00Z,ASTRUSD,0.105,0.112,0.105,0.11,156669.36148768
2022-03-20T00:00:00Z,ASTRUSD,0.108,0.109,0.104,0.106,67954.89978184998
2022-03-21T00:00:00Z,ASTRUSD,0.106,0.106,0.102,0.103,231564.40048480977
2022-03-22T00:00:00Z,ASTRUSD,0.102,0.109,0.102,0.105,143340.54932907003
2022-03-23T00:00:00Z,ASTRUSD,0.105,0.109,0.103,0.106,90017.64263704
2022-03-24T00:00:00Z,ASTRUSD,0.106,0.119,0.106,0.115,342505.6246674801
2022-03-25T00:00:00Z,ASTRUSD,0.113,0.115,0.109,0.109,112689.66280256
2022-03-26T00:00:00Z,ASTRUSD,0.111,0.114,0.109,0.113,181027.8515023301
2022-03-27T00:00:00Z,ASTRUSD,0.111,0.115,0.11,0.114,290226.7782051701
2022-03-28T00:00:00Z,ASTRUSD,0.113,0.131,0.113,0.125,343915.49683306005
2022-03-29T00:00:00Z,ASTRUSD,0.125,0.167,0.103,0.141,1638263.4957480805
2022-03-30T00:00:00Z,ASTRUSD,0.143,0.154,0.14,0.151,301332.88339591975
2022-03-31T00:00:00Z,ASTRUSD,0.153,0.186,0.153,0.174,485845.83892054926
2022-04-01T00:00:00Z,ASTRUSD,0.175,0.288,0.167,0.257,1439116.1056471881
2022-04-02T00:00:00Z,ASTRUSD,0.258,0.28,0.212,0.234,2397584.1782156243
2022-04-03T00:00:00Z,ASTRUSD,0.237,0.243,0.213,0.216,534108.9224588895
2022-04-04T00:00:00Z,ASTRUSD,0.217,0.238,0.198,0.231,823262.6459966898
2022-04-05T00:00:00Z,ASTRUSD,0.23,0.272,0.218,0.218,3230691.128507846
2022-04-06T00:00:00Z,ASTRUSD,0.216,0.237,0.206,0.211,610694.8540417498
2022-04-07T00:00:00Z,ASTRUSD,0.21,0.245,0.205,0.236,1698973.25496723
2022-04-08T00:00:00Z,ASTRUSD,0.237,0.285,0.224,0.234,1998554.7555423002
2022-04-09T00:00:00Z,ASTRUSD,0.234,0.289,0.228,0.265,1537158.7195180005
2022-04-10T00:00:00Z,ASTRUSD,0.267,0.338,0.259,0.307,1793649.1233798077
2022-04-11T00:00:00Z,ASTRUSD,0.31,0.31,0.243,0.259,1789046.362678404
2022-04-12T00:00:00Z,ASTRUSD,0.261,0.284,0.249,0.265,732456.4527158494
2022-04-13T00:00:00Z,ASTRUSD,0.265,0.28,0.245,0.264,941086.7514894995
2022-04-14T00:00:00Z,ASTRUSD,0.264,0.275,0.247,0.248,342482.52461095963
2022-04-15T00:00:00Z,ASTRUSD,0.249,0.257,0.235,0.243,559572.0561519096
2022-04-16T00:00:00Z,ASTRUSD,0.244,0.258,0.238,0.243,198069.78008191017
2022-04-17T00:00:00Z,ASTRUSD,0.242,0.242,0.217,0.221,262217.1382177399
2022-04-18T00:00:00Z,ASTRUSD,0.221,0.236,0.205,0.228,913814.4818221787
2022-04-19T00:00:00Z,ASTRUSD,0.229,0.24,0.219,0.22,410678.3303268798
2022-04-20T00:00:00Z,ASTRUSD,0.218,0.227,0.211,0.216,743835.5557014494
2022-04-21T00:00:00Z,ASTRUSD,0.214,0.237,0.208,0.211,1305652.9302635794
2022-04-22T00:00:00Z,ASTRUSD,0.213,0.231,0.202,0.206,1853562.9642832805
2022-04-23T00:00:00Z,ASTRUSD,0.201,0.201,0.191,0.192,135551.58291646
2022-04-24T00:00:00Z,ASTRUSD,0.191,0.194,0.179,0.188,613583.1800480704
2022-04-25T00:00:00Z,ASTRUSD,0.182,0.182,0.162,0.175,1086246.5393244098
2022-04-26T00:00:00Z,ASTRUSD,0.174,0.187,0.159,0.159,749681.2505775997
2022-04-27T00:00:00Z,ASTRUSD,0.159,0.165,0.154,0.154,424372.68399468
2022-04-28T00:00:00Z,ASTRUSD,0.152,0.176,0.147,0.155,550287.0488000304
2022-04-29T00:00:00Z,ASTRUSD,0.158,0.158,0.142,0.143,577781.1455339898
2022-04-30T00:00:00Z,ASTRUSD,0.144,0.162,0.133,0.135,834992.4869016291
2022-05-01T00:00:00Z,ASTRUSD,0.135,0.141,0.131,0.138,449630.4954765897
2022-05-02T00:00:00Z,ASTRUSD,0.138,0.15,0.136,0.14,633712.1693780596
2022-05-03T00:00:00Z,ASTRUSD,0.139,0.155,0.139,0.151,850951.928814529
2022-05-04T00:00:00Z,ASTRUSD,0.15,0.18,0.15,0.168,1887029.195890999
2022-05-05T00:00:00Z,ASTRUSD,0.169,0.169,0.137,0.142,1553808.7277735712
2022-05-06T00:00:00Z,ASTRUSD,0.141,0.144,0.128,0.141,1596933.915895012
2022-05-07T00:00:00Z,ASTRUSD,0.142,0.144,0.13,0.133,989255.2513898797
2022-05-08T00:00:00Z,ASTRUSD,0.132,0.132,0.121,0.125,177316.99551866995
2022-05-09T00:00:00Z,ASTRUSD,0.127,0.128,0.101,0.101,851489.9250560491
2022-05-10T00:00:00Z,ASTRUSD,0.1,0.118,0.099,0.107,578458.7717211002
2022-05-11T00:00:00Z,ASTRUSD,0.108,0.111,0.057,0.057,2004399.1540248792
2022-05-12T00:00:00Z,ASTRUSD,0.058,0.066,0.04,0.065,1905619.8903151592
2022-05-13T00:00:00Z,ASTRUSD,0.0659,0.0909,0.062,0.071,4073100.718453168
2022-05-14T00:00:00Z,ASTRUSD,0.072,0.073,0.06,0.0729,1155006.4547311699
2022-05-15T00:00:00Z,ASTRUSD,0.0723,0.074,0.0664,0.074,902777.5717252702
2022-05-16T00:00:00Z,ASTRUSD,0.0739,0.0739,0.0647,0.068,201447.40725748995
2022-05-17T00:00:00Z,ASTRUSD,0.0682,0.0717,0.0657,0.0712,671104.0980032097
2022-05-18T00:00:00Z,ASTRUSD,0.0717,0.0727,0.06,0.06,675018.9809431994
2022-05-19T00:00:00Z,ASTRUSD,0.0599,0.0617,0.0577,0.0603,318914.7083864799
2022-05-20T00:00:00Z,ASTRUSD,0.061,0.0633,0.054,0.0573,253594.88027032
2022-05-21T00:00:00Z,ASTRUSD,0.057,0.0581,0.0545,0.057,604457.4626864399
2022-05-22T00:00:00Z,ASTRUSD,0.0572,0.0597,0.056,0.059,71899.26416636002
2022-05-23T00:00:00Z,ASTRUSD,0.0583,0.061,0.055,0.055,141684.04600906005
2022-05-24T00:00:00Z,ASTRUSD,0.0557,0.0884,0.0546,0.0719,2882532.626753828
2022-05-25T00:00:00Z,ASTRUSD,0.0696,0.0861,0.0651,0.067,1164783.6118929903
2022-05-26T00:00:00Z,ASTRUSD,0.068,0.069,0.0591,0.0601,2458029.91593424
2022-05-27T00:00:00Z,ASTRUSD,0.0602,0.0615,0.0458,0.0541,1239393.22090919
2022-05-28T00:00:00Z,ASTRUSD,0.055,0.06,0.055,0.0564,351311.03825124
2022-05-29T00:00:00Z,ASTRUSD,0.0575,0.0596,0.0553,0.0573,57528.726719249986
2022-05-30T00:00:00Z,ASTRUSD,0.0599,0.0678,0.0599,0.0659,600578.5702694299
2022-05-31T00:00:00Z,ASTRUSD,0.0657,0.0756,0.063,0.0652,853101.35442025
2022-06-01T00:00:00Z,ASTRUSD,0.065,0.071,0.0589,0.061,1260111.79192406
2022-06-02T00:00:00Z,ASTRUSD,0.06,0.0637,0.0586,0.0636,55444.66669395999
2022-06-03T00:00:00Z,ASTRUSD,0.0626,0.0628,0.0572,0.0591,32297.276620669996
2022-06-04T00:00:00Z,ASTRUSD,0.06,0.0627,0.0575,0.0623,218553.421743
2022-06-05T00:00:00Z,ASTRUSD,0.062,0.062,0.0592,0.0607,196871.95996050004
2022-06-06T00:00:00Z,ASTRUSD,0.0602,0.0659,0.0602,0.0634,412111.5221801499
2022-06-07T00:00:00Z,ASTRUSD,0.0618,0.0633,0.0586,0.0623,201041.01075629992
2022-06-08T00:00:00Z,ASTRUSD,0.0616,0.0645,0.0591,0.0591,183295.87144844997
2022-06-09T00:00:00Z,ASTRUSD,0.0602,0.0624,0.0591,0.0595,121958.09169285
2022-06-10T00:00:00Z,ASTRUSD,0.0587,0.0596,0.0537,0.0542,214597.28287999
2022-06-11T00:00:00Z,ASTRUSD,0.0544,0.0553,0.0491,0.0509,606590.34681385
2022-06-12T00:00:00Z,ASTRUSD,0.0498,0.0524,0.0454,0.0502,847221.69645273
2022-06-13T00:00:00Z,ASTRUSD,0.0491,0.05,0.0421,0.048,1247185.5044208
2022-06-14T00:00:00Z,ASTRUSD,0.0488,0.049,0.0435,0.0475,323879.0489312
2022-06-15T00:00:00Z,ASTRUSD,0.0468,0.0496,0.042,0.0494,348294.91240749997
2022-06-16T00:00:00Z,ASTRUSD,0.0495,0.0495,0.042,0.043,178529.52910082
2022-06-17T00:00:00Z,ASTRUSD,0.0437,0.0487,0.0432,0.0462,209323.10327685
2022-06-18T00:00:00Z,ASTRUSD,0.0464,0.0464,0.0415,0.0455,264085.2571557101
2022-06-19T00:00:00Z,ASTRUSD,0.0449,0.0479,0.042,0.0468,137520.73409312998
2022-06-20T00:00:00Z,ASTRUSD,0.0458,0.0482,0.0446,0.0482,210991.27155409002
2022-06-21T00:00:00Z,ASTRUSD,0.0481,0.0504,0.047,0.0473,311434.2432787599
2022-06-22T00:00:00Z,ASTRUSD,0.047,0.048,0.0444,0.0446,151082.35575309003
2022-06-23T00:00:00Z,ASTRUSD,0.0447,0.0472,0.0447,0.0467,55813.937306870015
2022-06-24T00:00:00Z,ASTRUSD,0.0473,0.0493,0.0472,0.049,182262.90054347998
2022-06-25T00:00:00Z,ASTRUSD,0.0495,0.0506,0.0471,0.0489,395170.62056332023
2022-06-26T00:00:00Z,ASTRUSD,0.0494,0.0586,0.0486,0.0486,298738.5459711299
2022-06-27T00:00:00Z,ASTRUSD,0.0485,0.0583,0.0485,0.0524,260064.78934932005
2022-06-28T00:00:00Z,ASTRUSD,0.0516,0.0539,0.0466,0.0466,325497.2727649699
2022-06-29T00:00:00Z,ASTRUSD,0.0468,0.0476,0.0448,0.0452,280444.8807304799
2022-06-30T00:00:00Z,ASTRUSD,0.0453,0.0453,0.042,0.0445,143142.02371647
2022-07-01T00:00:00Z,ASTRUSD,0.0446,0.0457,0.0411,0.0421,251451.66046694998
2022-07-02T00:00:00Z,ASTRUSD,0.0421,0.0443,0.0415,0.043,67955.94802872001
2022-07-03T00:00:00Z,ASTRUSD,0.0427,0.045,0.0423,0.0425,181218.89434937006
2022-07-04T00:00:00Z,ASTRUSD,0.0428,0.0442,0.0417,0.0442,217806.70738700003
2022-07-05T00:00:00Z,ASTRUSD,0.0442,0.0455,0.0412,0.0425,343742.6131255
2022-07-06T00:00:00Z,ASTRUSD,0.0425,0.0439,0.0422,0.043,86849.44786779
2022-07-07T00:00:00Z,ASTRUSD,0.0435,0.0465,0.0432,0.0453,152099.14181951998
2022-07-08T00:00:00Z,ASTRUSD,0.0454,0.0469,0.0439,0.0448,91815.07931184999
2022-07-09T00:00:00Z,ASTRUSD,0.0448,0.047,0.0446,0.0453,92818.76458346
2022-07-10T00:00:00Z,ASTRUSD,0.0452,0.0452,0.0425,0.0432,118081.56640370999
2022-07-11T00:00:00Z,ASTRUSD,0.043,0.043,0.0396,0.0398,165472.69840638
2022-07-12T00:00:00Z,ASTRUSD,0.0398,0.0413,0.0396,0.0404,189943.81067702005
2022-07-13T00:00:00Z,ASTRUSD,0.04,0.043,0.0396,0.0426,160892.94326269004
2022-07-14T00:00:00Z,ASTRUSD,0.0424,0.0436,0.0402,0.0423,321392.1495932599
2022-07-15T00:00:00Z,ASTRUSD,0.0423,0.0434,0.0408,0.0409,61142.543230649986
2022-07-16T00:00:00Z,ASTRUSD,0.0409,0.0431,0.0405,0.0429,128140.28695001
2022-07-17T00:00:00Z,ASTRUSD,0.0428,0.0441,0.0412,0.0416,105841.31058824
2022-07-18T00:00:00Z,ASTRUSD,0.0418,0.0451,0.0418,0.0441,399153.0748870599
2022-07-19T00:00:00Z,ASTRUSD,0.0438,0.047,0.042,0.0465,916487.5174103299
2022-07-20T00:00:00Z,ASTRUSD,0.0469,0.051,0.0421,0.0424,512383.4584088701
2022-07-21T00:00:00Z,ASTRUSD,0.0427,0.0457,0.0421,0.0445,234591.5188863
2022-07-22T00:00:00Z,ASTRUSD,0.0445,0.0472,0.0431,0.0431,137368.33359102998
2022-07-23T00:00:00Z,ASTRUSD,0.0432,0.0442,0.0424,0.0434,47306.26310353001
2022-07-24T00:00:00Z,ASTRUSD,0.0432,0.0449,0.0432,0.0439,238280.49600585995
2022-07-25T00:00:00Z,ASTRUSD,0.0433,0.0433,0.0411,0.0414,178094.93891251006
2022-07-26T00:00:00Z,ASTRUSD,0.0403,0.0411,0.0394,0.0406,255012.79742475008
2022-07-27T00:00:00Z,ASTRUSD,0.0408,0.0435,0.0402,0.0433,125308.38136787
2022-07-28T00:00:00Z,ASTRUSD,0.0439,0.0451,0.0422,0.0443,355889.5868213998
2022-07-29T00:00:00Z,ASTRUSD,0.0444,0.046,0.0436,0.0458,553322.06789856
2022-07-30T00:00:00Z,ASTRUSD,0.0455,0.0487,0.0452,0.0452,416697.1022313602
2022-07-31T00:00:00Z,ASTRUSD,0.0462,0.051,0.0462,0.048,569393.22626607
2022-08-01T00:00:00Z,ASTRUSD,0.0483,0.0523,0.0462,0.0483,841532.4780555395
2022-08-02T00:00:00Z,ASTRUSD,0.0484,0.0484,0.0444,0.0463,843137.9009165004
2022-08-03T00:00:00Z,ASTRUSD,0.0453,0.0483,0.0441,0.0458,245840.83734249993
2022-08-04T00:00:00Z,ASTRUSD,0.0459,0.0489,0.0459,0.0482,56897.65316527
2022-08-05T00:00:00Z,ASTRUSD,0.0491,0.0511,0.048,0.0495,244532.25462854002
2022-08-06T00:00:00Z,ASTRUSD,0.0493,0.0531,0.0487,0.0505,204877.92580482003
2022-08-07T00:00:00Z,ASTRUSD,0.0509,0.0515,0.0496,0.0512,139123.92423584004
2022-08-08T00:00:00Z,ASTRUSD,0.0522,0.0537,0.0511,0.0517,249139.57277363012
2022-08-09T00:00:00Z,ASTRUSD,0.052,0.0525,0.0463,0.0475,264728.24509397993
2022-08-10T00:00:00Z,ASTRUSD,0.0472,0.051,0.0461,0.0495,97229.81449590997
2022-08-11T00:00:00Z,ASTRUSD,0.0499,0.0511,0.0487,0.0488,899611.2011800497
2022-08-12T00:00:00Z,ASTRUSD,0.0497,0.0511,0.0491,0.0502,305742.2228333299
2022-08-13T00:00:00Z,ASTRUSD,0.0501,0.0507,0.0495,0.0501,66917.0643444
2022-08-14T00:00:00Z,ASTRUSD,0.05,0.0503,0.0463,0.0472,195486.18440669007
2022-08-15T00:00:00Z,ASTRUSD,0.0471,0.0477,0.0444,0.045,245747.82930641
2022-08-16T00:00:00Z,ASTRUSD,0.045,0.0455,0.0442,0.0445,74582.44501658999
2022-08-17T00:00:00Z,ASTRUSD,0.0451,0.0555,0.0422,0.0427,343460.70469758025
2022-08-18T00:00:00Z,ASTRUSD,0.0431,0.0443,0.0424,0.0427,344828.6469076699
2022-08-19T00:00:00Z,ASTRUSD,0.0425,0.0427,0.0397,0.0398,294282.58039206
2022-08-20T00:00:00Z,ASTRUSD,0.04,0.0417,0.0398,0.0403,72481.19368047999
2022-08-21T00:00:00Z,ASTRUSD,0.0405,0.0416,0.04,0.0412,111191.85926023999
2022-08-22T00:00:00Z,ASTRUSD,0.0409,0.0411,0.0398,0.0406,142714.41146025003
2022-08-23T00:00:00Z,ASTRUSD,0.0409,0.0411,0.0396,0.0408,140951.86765454998
2022-08-24T00:00:00Z,ASTRUSD,0.0403,0.0416,0.0398,0.0402,75964.64707726003
2022-08-25T00:00:00Z,ASTRUSD,0.0402,0.0411,0.0402,0.0407,78150.92746406999
2022-08-26T00:00:00Z,ASTRUSD,0.0404,0.0409,0.0375,0.0378,337599.88883946
2022-08-27T00:00:00Z,ASTRUSD,0.0381,0.0383,0.0366,0.0366,140585.61858967002
2022-08-28T00:00:00Z,ASTRUSD,0.0371,0.0396,0.0351,0.0357,276438.4390118798
2022-08-29T00:00:00Z,ASTRUSD,0.0353,0.0381,0.035,0.0373,174069.40972675005
2022-08-30T00:00:00Z,ASTRUSD,0.0371,0.0393,0.0352,0.036,109656.61994678009
2022-08-31T00:00:00Z,ASTRUSD,0.0363,0.0481,0.0357,0.0357,321818.6446694199
2022-09-01T00:00:00Z,ASTRUSD,0.036,0.0368,0.0352,0.0367,163302.98771517997
2022-09-02T00:00:00Z,ASTRUSD,0.0366,0.0374,0.0357,0.0367,373818.15952696995
2022-09-03T00:00:00Z,ASTRUSD,0.0363,0.0367,0.0357,0.0358,296284.07080023
2022-09-04T00:00:00Z,ASTRUSD,0.0357,0.0369,0.0357,0.0364,62495.75956162001
2022-09-05T00:00:00Z,ASTRUSD,0.0366,0.037,0.0357,0.0367,387071.29490032006
2022-09-06T00:00:00Z,ASTRUSD,0.0368,0.038,0.0351,0.0358,1083961.9548226995
2022-09-07T00:00:00Z,ASTRUSD,0.035,0.0388,0.0333,0.035,443187.1369016301
2022-09-08T00:00:00Z,ASTRUSD,0.0351,0.0353,0.0341,0.0351,123821.44645250999
2022-09-09T00:00:00Z,ASTRUSD,0.0355,0.0385,0.0355,0.0376,243578.84221045006
2022-09-10T00:00:00Z,ASTRUSD,0.0381,0.0384,0.0369,0.0379,264552.24143899
2022-09-11T00:00:00Z,ASTRUSD,0.0379,0.0405,0.0363,0.0372,451797.0065468002
2022-09-12T00:00:00Z,ASTRUSD,0.037,0.0454,0.037,0.0399,1406474.8095546905
2022-09-13T00:00:00Z,ASTRUSD,0.042,0.045,0.0383,0.0403,1319561.2220037584
2022-09-14T00:00:00Z,ASTRUSD,0.041,0.042,0.038,0.0391,490547.81652168
2022-09-15T00:00:00Z,ASTRUSD,0.0387,0.0402,0.0359,0.0367,577169.0600625902
2022-09-16T00:00:00Z,ASTRUSD,0.036,0.038,0.036,0.0374,127602.81302964999
2022-09-17T00:00:00Z,ASTRUSD,0.0375,0.0383,0.0368,0.038,129280.26934822001
2022-09-18T00:00:00Z,ASTRUSD,0.0375,0.0392,0.0353,0.0363,190041.66830410995
2022-09-19T00:00:00Z,ASTRUSD,0.0361,0.0366,0.0345,0.0357,78638.76704231002
2022-09-20T00:00:00Z,ASTRUSD,0.0354,0.0383,0.0349,0.0361,376983.23281144
2022-09-21T00:00:00Z,ASTRUSD,0.0358,0.037,0.0344,0.035,243326.25526782003
2022-09-22T00:00:00Z,ASTRUSD,0.0352,0.0414,0.0352,0.04,649901.9730669202
2022-09-23T00:00:00Z,ASTRUSD,0.0402,0.0404,0.0378,0.0398,577346.32119565
2022-09-24T00:00:00Z,ASTRUSD,0.0393,0.0429,0.0392,0.0392,130032.59214796002
2022-09-25T00:00:00Z,ASTRUSD,0.04,0.0439,0.0399,0.0409,328003.05756561994
2022-09-26T00:00:00Z,ASTRUSD,0.0416,0.0453,0.0404,0.042,500507.11843336007
2022-09-27T00:00:00Z,ASTRUSD,0.042,0.0431,0.0402,0.0413,1162638.1867086103
2022-09-28T00:00:00Z,ASTRUSD,0.0414,0.0414,0.0382,0.0394,416634.83901429997
2022-09-29T00:00:00Z,ASTRUSD,0.0394,0.0396,0.0386,0.0389,201913.00892635997
2022-09-30T00:00:00Z,ASTRUSD,0.0389,0.0389,0.0376,0.0377,205575.69968869007
2022-10-01T00:00:00Z,ASTRUSD,0.0374,0.0378,0.0367,0.0367,180122.9019371
2022-10-02T00:00:00Z,ASTRUSD,0.037,0.0382,0.0365,0.0365,70280.44616028
2022-10-03T00:00:00Z,ASTRUSD,0.0367,0.038,0.0364,0.0375,171055.67129673998
2022-10-04T00:00:00Z,ASTRUSD,0.0376,0.0384,0.037,0.0378,277361.41830992006
2022-10-05T00:00:00Z,ASTRUSD,0.038,0.0385,0.0367,0.0374,107935.09238324998
2022-10-06T00:00:00Z,ASTRUSD,0.0372,0.0381,0.0354,0.0367,1997775.4977626086
2022-10-07T00:00:00Z,ASTRUSD,0.0368,0.0375,0.0358,0.0374,507534.0524249701
2022-10-08T00:00:00Z,ASTRUSD,0.0373,0.0373,0.0366,0.0372,107690.45409736002
2022-10-09T00:00:00Z,ASTRUSD,0.0371,0.0373,0.0366,0.037,91405.22904827
2022-10-10T00:00:00Z,ASTRUSD,0.0371,0.0371,0.0356,0.0363,410214.93461811007
2022-10-11T00:00:00Z,ASTRUSD,0.0361,0.0372,0.035,0.0355,462325.1015350799
2022-10-12T00:00:00Z,ASTRUSD,0.0356,0.0357,0.0347,0.0353,300913.1366626501
2022-10-13T00:00:00Z,ASTRUSD,0.0349,0.0357,0.0328,0.0342,355192.01818026014
2022-10-14T00:00:00Z,ASTRUSD,0.0345,0.0364,0.0341,0.0348,101702.89921599
2022-10-15T00:00:00Z,ASTRUSD,0.0348,0.0388,0.0343,0.0359,218445.62902132992
2022-10-16T00:00:00Z,ASTRUSD,0.0367,0.04,0.0362,0.0364,286730.11547684995
2022-10-17T00:00:00Z,ASTRUSD,0.0362,0.0383,0.0358,0.0381,282106.83474203
2022-10-18T00:00:00Z,ASTRUSD,0.0372,0.0382,0.0353,0.0373,125339.63013937997
2022-10-19T00:00:00Z,ASTRUSD,0.0373,0.0394,0.0361,0.0366,374558.3713753397
2022-10-20T00:00:00Z,ASTRUSD,0.038,0.0405,0.0361,0.0361,241200.86332870997
2022-10-21T00:00:00Z,ASTRUSD,0.0361,0.0387,0.035,0.0372,193965.26474358994
2022-10-22T00:00:00Z,ASTRUSD,0.0368,0.0381,0.0362,0.0371,48177.9894493
2022-10-23T00:00:00Z,ASTRUSD,0.0363,0.0381,0.0355,0.0366,92739.41748611999
2022-10-24T00:00:00Z,ASTRUSD,0.0367,0.0376,0.0353,0.0355,48458.20652454
2022-10-25T00:00:00Z,ASTRUSD,0.0356,0.0391,0.0355,0.0365,211325.95721131997
2022-10-26T00:00:00Z,ASTRUSD,0.0381,0.039,0.0367,0.0377,36109.73386535001
2022-10-27T00:00:00Z,ASTRUSD,0.0368,0.0373,0.036,0.0362,304801.18234790006
2022-10-28T00:00:00Z,ASTRUSD,0.0361,0.0373,0.0356,0.037,253375.62448511997
2022-10-29T00:00:00Z,ASTRUSD,0.0369,0.0381,0.0363,0.0369,114575.71614071002
2022-10-30T00:00:00Z,ASTRUSD,0.0373,0.0385,0.036,0.0366,150790.47286144004
2022-10-31T00:00:00Z,ASTRUSD,0.0369,0.0423,0.036,0.0389,726062.3806584794
2022-11-01T00:00:00Z,ASTRUSD,0.0396,0.0434,0.039,0.0412,1246715.8734749698
2022-11-02T00:00:00Z,ASTRUSD,0.041,0.0426,0.0387,0.0395,391466.39447453007
2022-11-03T00:00:00Z,ASTRUSD,0.0402,0.0456,0.0401,0.0443,439248.00514393015
2022-11-04T00:00:00Z,ASTRUSD,0.0444,0.0505,0.0414,0.0446,1049072.8851493595
2022-11-05T00:00:00Z,ASTRUSD,0.0447,0.0457,0.0436,0.0436,58419.16821135003
2022-11-06T00:00:00Z,ASTRUSD,0.0436,0.0472,0.0436,0.0445,1143511.0694205996
2022-11-07T00:00:00Z,ASTRUSD,0.0445,0.0483,0.0443,0.0466,533802.87157273
2022-11-08T00:00:00Z,ASTRUSD,0.0475,0.0518,0.0405,0.043,1100910.5569037504
2022-11-09T00:00:00Z,ASTRUSD,0.0424,0.0433,0.0349,0.0372,831230.2289277295
2022-11-10T00:00:00Z,ASTRUSD,0.0371,0.0456,0.036,0.0395,354152.5013881202
2022-11-11T00:00:00Z,ASTRUSD,0.0399,0.0418,0.0366,0.0393,438165.0785711799
2022-11-12T00:00:00Z,ASTRUSD,0.0391,0.0415,0.0352,0.0368,284252.63713802997
2022-11-13T00:00:00Z,ASTRUSD,0.0378,0.0393,0.0356,0.0364,426316.3527860798
2022-11-14T00:00:00Z,ASTRUSD,0.037,0.0376,0.0348,0.0365,332955.32506614004
2022-11-15T00:00:00Z,ASTRUSD,0.038,0.038,0.031,0.0371,362709.1383132303
2022-11-16T00:00:00Z,ASTRUSD,0.0365,0.0375,0.0354,0.0359,117450.20777724001
2022-11-17T00:00:00Z,ASTRUSD,0.0368,0.0374,0.0354,0.0365,80876.37951368002
2022-11-18T00:00:00Z,ASTRUSD,0.0362,0.0369,0.0354,0.0366,45144.80828774999
2022-11-19T00:00:00Z,ASTRUSD,0.0356,0.0369,0.0354,0.0361,44174.773790199986
2022-11-20T00:00:00Z,ASTRUSD,0.0361,0.0366,0.0351,0.0351,42507.47420372001
2022-11-21T00:00:00Z,ASTRUSD,0.0356,0.041,0.0351,0.0366,967661.1607488391
2022-11-22T00:00:00Z,ASTRUSD,0.0366,0.0403,0.0365,0.0383,203008.44403728002
2022-11-23T00:00:00Z,ASTRUSD,0.0381,0.0418,0.037,0.0409,420155.2783146502
2022-11-24T00:00:00Z,ASTRUSD,0.041,0.0422,0.0384,0.0398,1736169.3864934219
2022-11-25T00:00:00Z,ASTRUSD,0.0398,0.0419,0.0373,0.0396,223644.0322913699
2022-11-26T00:00:00Z,ASTRUSD,0.0397,0.0424,0.0372,0.0397,207521.21290463003
2022-11-27T00:00:00Z,ASTRUSD,0.0405,0.0425,0.038,0.0388,55582.19761155001
2022-11-28T00:00:00Z,ASTRUSD,0.0396,0.0408,0.037,0.0386,187709.29058210005
2022-11-29T00:00:00Z,ASTRUSD,0.0383,0.0399,0.0372,0.0384,152117.15224171002
2022-11-30T00:00:00Z,ASTRUSD,0.0383,0.0411,0.0373,0.0392,464371.8350113403
2022-12-01T00:00:00Z,ASTRUSD,0.0392,0.0422,0.0375,0.0394,30282.94436885
2022-12-02T00:00:00Z,ASTRUSD,0.0392,0.0436,0.0382,0.041,238603.36458526002
2022-12-03T00:00:00Z,ASTRUSD,0.041,0.0438,0.0398,0.0409,369084.99045082007
2022-12-04T00:00:00Z,ASTRUSD,0.0407,0.0451,0.0402,0.0417,184485.76163725008
2022-12-05T00:00:00Z,ASTRUSD,0.0414,0.045,0.0408,0.0418,985806.7376750206
2022-12-06T00:00:00Z,ASTRUSD,0.0424,0.0452,0.0424,0.0434,941126.4124587572
2022-12-07T00:00:00Z,ASTRUSD,0.0435,0.0445,0.042,0.043,188391.01130054003
2022-12-08T00:00:00Z,ASTRUSD,0.0424,0.0447,0.0421,0.0435,256350.71721466
2022-12-09T00:00:00Z,ASTRUSD,0.0441,0.0441,0.0427,0.0428,126802.32646054002
2022-12-10T00:00:00Z,ASTRUSD,0.0432,0.0445,0.0412,0.0439,87245.60285581
2022-12-11T00:00:00Z,ASTRUSD,0.0436,0.044,0.0422,0.0432,123085.49958103002
2022-12-12T00:00:00Z,ASTRUSD,0.0431,0.0439,0.0403,0.0415,141676.28186695
2022-12-13T00:00:00Z,ASTRUSD,0.0413,0.0441,0.0409,0.0425,96032.69733646
2022-12-14T00:00:00Z,ASTRUSD,0.0424,0.0434,0.041,0.0419,583562.2205306402
2022-12-15T00:00:00Z,ASTRUSD,0.0417,0.0433,0.0403,0.0413,108747.35562402994
2022-12-16T00:00:00Z,ASTRUSD,0.0412,0.0434,0.0379,0.0383,283427.25600740005
2022-12-17T00:00:00Z,ASTRUSD,0.0384,0.0397,0.0378,0.0384,263403.99832336005
2022-12-18T00:00:00Z,ASTRUSD,0.0385,0.0405,0.0381,0.039,126249.06189575001
2022-12-19T00:00:00Z,ASTRUSD,0.0387,0.0392,0.0373,0.0373,191750.42773704996
2022-12-20T00:00:00Z,ASTRUSD,0.038,0.0401,0.0373,0.0386,250402.45498523006
2022-12-21T00:00:00Z,ASTRUSD,0.0385,0.041,0.0381,0.0396,103807.59933366002
2022-12-22T00:00:00Z,ASTRUSD,0.0402,0.0409,0.0391,0.0402,334189.35262095986
2022-12-23T00:00:00Z,ASTRUSD,0.0403,0.0411,0.0394,0.0402,106596.33182063
2022-12-24T00:00:00Z,ASTRUSD,0.04,0.0409,0.0391,0.0399,179747.92667674
2022-12-25T00:00:00Z,ASTRUSD,0.0397,0.0406,0.038,0.038,38190.14166142999
2022-12-26T00:00:00Z,ASTRUSD,0.0391,0.0402,0.0369,0.0395,312506.2250988806
2022-12-27T00:00:00Z,ASTRUSD,0.0396,0.0397,0.038,0.0387,172300.19649836008
2022-12-28T00:00:00Z,ASTRUSD,0.0388,0.0388,0.0371,0.0377,81436.95827989002
2022-12-29T00:00:00Z,ASTRUSD,0.0378,0.0425,0.0377,0.0385,499737.8949643403
2022-12-30T00:00:00Z,ASTRUSD,0.0385,0.0392,0.0377,0.0382,42702.170309659996
2022-12-31T00:00:00Z,ASTRUSD,0.0386,0.04,0.0376,0.0383,123041.54815949999
2023-01-01T00:00:00Z,ASTRUSD,0.0385,0.0396,0.038,0.0395,30670.916039219996
2023-01-02T00:00:00Z,ASTRUSD,0.0396,0.0401,0.0391,0.0391,107051.78397334996
2023-01-03T00:00:00Z,ASTRUSD,0.0392,0.042,0.0385,0.0392,142614.25325246996
2023-01-04T00:00:00Z,ASTRUSD,0.0391,0.0409,0.0391,0.0395,100719.45670030001
2023-01-05T00:00:00Z,ASTRUSD,0.0396,0.04,0.0375,0.0385,204256.57902826002
2023-01-06T00:00:00Z,ASTRUSD,0.0388,0.0405,0.0388,0.0403,65494.41235920001
2023-01-07T00:00:00Z,ASTRUSD,0.0402,0.0411,0.0397,0.0409,40563.105116169994
2023-01-08T00:00:00Z,ASTRUSD,0.0406,0.0419,0.0398,0.0405,171503.30316801
2023-01-09T00:00:00Z,ASTRUSD,0.0405,0.0431,0.0405,0.0413,289435.45996500994
2023-01-10T00:00:00Z,ASTRUSD,0.0412,0.0425,0.0399,0.0419,133003.11711001003
2023-01-11T00:00:00Z,ASTRUSD,0.0416,0.0422,0.0408,0.042,346160.85109363013
2023-01-12T00:00:00Z,ASTRUSD,0.042,0.0475,0.0406,0.0421,306911.18240424007
2023-01-13T00:00:00Z,ASTRUSD,0.0421,0.0429,0.0411,0.0429,371360.74629715
2023-01-14T00:00:00Z,ASTRUSD,0.0428,0.0466,0.0428,0.0452,1108376.4850042497
2023-01-15T00:00:00Z,ASTRUSD,0.0451,0.0482,0.0434,0.0457,248596.66219163002
2023-01-16T00:00:00Z,ASTRUSD,0.0457,0.0457,0.0427,0.0439,255289.99082841998
2023-01-17T00:00:00Z,ASTRUSD,0.0439,0.0446,0.0421,0.0428,500859.6075650399
2023-01-18T00:00:00Z,ASTRUSD,0.0433,0.0448,0.0414,0.0419,196363.2518963999
2023-01-19T00:00:00Z,ASTRUSD,0.0418,0.0423,0.0406,0.0417,53499.57494926
2023-01-20T00:00:00Z,ASTRUSD,0.0418,0.0441,0.0414,0.0439,69399.59719819002
2023-01-21T00:00:00Z,ASTRUSD,0.0441,0.0495,0.044,0.047,505107.4857317501
2023-01-22T00:00:00Z,ASTRUSD,0.0472,0.0591,0.0472,0.0515,587448.2820094003
2023-01-23T00:00:00Z,ASTRUSD,0.051,0.0537,0.0492,0.0509,388217.67643496976
2023-01-24T00:00:00Z,ASTRUSD,0.0509,0.052,0.0469,0.0475,640170.01259316
2023-01-25T00:00:00Z,ASTRUSD,0.0466,0.0495,0.0455,0.0493,290835.3480160599
2023-01-26T00:00:00Z,ASTRUSD,0.0487,0.0517,0.0479,0.0498,193691.34410813995
2023-01-27T00:00:00Z,ASTRUSD,0.0499,0.0627,0.0496,0.055,1477037.9160699192
2023-01-28T00:00:00Z,ASTRUSD,0.0557,0.0573,0.0534,0.0547,318574.7043959002
2023-01-29T00:00:00Z,ASTRUSD,0.0544,0.0603,0.0541,0.0568,688794.3357018601
2023-01-30T00:00:00Z,ASTRUSD,0.0576,0.058,0.0525,0.0535,791229.8900256603
2023-01-31T00:00:00Z,ASTRUSD,0.0533,0.063,0.0523,0.0591,1829893.755096171
2023-02-01T00:00:00Z,ASTRUSD,0.0586,0.0655,0.0553,0.06,1508897.27897727
2023-02-02T00:00:00Z,ASTRUSD,0.0605,0.0631,0.0574,0.0592,806479.6320769596
2023-02-03T00:00:00Z,ASTRUSD,0.0589,0.0601,0.0559,0.06,409611.60083743976
2023-02-04T00:00:00Z,ASTRUSD,0.0601,0.0605,0.0564,0.0564,310773.70069907
2023-02-05T00:00:00Z,ASTRUSD,0.0563,0.0573,0.0523,0.0545,607064.0966074698
2023-02-06T00:00:00Z,ASTRUSD,0.0542,0.0583,0.0529,0.055,711650.2516108103
2023-02-07T00:00:00Z,ASTRUSD,0.0554,0.0659,0.0554,0.0644,1929920.504456057
2023-02-08T00:00:00Z,ASTRUSD,0.0644,0.069,0.0597,0.0687,1357347.5094564206
2023-02-09T00:00:00Z,ASTRUSD,0.069,0.1052,0.0658,0.0751,5363671.369941356
2023-02-10T00:00:00Z,ASTRUSD,0.0755,0.0777,0.071,0.0758,661242.96837227
2023-02-11T00:00:00Z,ASTRUSD,0.0753,0.0819,0.0727,0.0807,536187.1617019299
2023-02-12T00:00:00Z,ASTRUSD,0.0802,0.0863,0.0735,0.0747,432353.14158806007
2023-02-13T00:00:00Z,ASTRUSD,0.0751,0.0891,0.0721,0.0741,823227.60786919
2023-02-14T00:00:00Z,ASTRUSD,0.0774,0.0842,0.0749,0.0794,975965.7484045201
2023-02-15T00:00:00Z,ASTRUSD,0.079,0.1026,0.0788,0.097,1583829.4417967985
2023-02-16T00:00:00Z,ASTRUSD,0.0965,0.1055,0.0891,0.0911,2503594.3312926437
2023-02-17T00:00:00Z,ASTRUSD,0.09,0.1288,0.0874,0.1055,2473052.9955840404
2023-02-18T00:00:00Z,ASTRUSD,0.1042,0.1104,0.1019,0.1056,532320.00803739
2023-02-19T00:00:00Z,ASTRUSD,0.1057,0.1148,0.1009,0.103,649912.8601607599
2023-02-20T00:00:00Z,ASTRUSD,0.1039,0.1104,0.0948,0.0974,1034790.8827780904
2023-02-21T00:00:00Z,ASTRUSD,0.0984,0.1002,0.089,0.0926,537998.21392092
2023-02-22T00:00:00Z,ASTRUSD,0.0925,0.093,0.0841,0.0895,463852.68251591
2023-02-23T00:00:00Z,ASTRUSD,0.0896,0.0976,0.0857,0.0903,417514.90869486
2023-02-24T00:00:00Z,ASTRUSD,0.0885,0.0978,0.0773,0.08,778214.0606549296
2023-02-25T00:00:00Z,ASTRUSD,0.0805,0.0815,0.0731,0.0782,292993.57037097
2023-02-26T00:00:00Z,ASTRUSD,0.0777,0.0832,0.0777,0.0815,210792.47869356006
2023-02-27T00:00:00Z,ASTRUSD,0.0811,0.0812,0.0758,0.0802,223930.17655076008
2023-02-28T00:00:00Z,ASTRUSD,0.0801,0.0944,0.0744,0.0753,311528.16189945006
2023-03-01T00:00:00Z,ASTRUSD,0.0749,0.0812,0.0749,0.0812,262058.78843781995
2023-03-02T00:00:00Z,ASTRUSD,0.0796,0.0799,0.073,0.0766,1124699.4771966499
2023-03-03T00:00:00Z,ASTRUSD,0.0764,0.0764,0.0658,0.0697,1578024.649087429
2023-03-04T00:00:00Z,ASTRUSD,0.0696,0.0697,0.0648,0.0669,276059.60475778
2023-03-05T00:00:00Z,ASTRUSD,0.0671,0.0694,0.0666,0.0667,187467.65759659998
2023-03-06T00:00:00Z,ASTRUSD,0.0668,0.068,0.0628,0.068,230137.27095550002
2023-03-07T00:00:00Z,ASTRUSD,0.0675,0.0701,0.0615,0.0658,562280.8976888402
2023-03-08T00:00:00Z,ASTRUSD,0.0667,0.0679,0.06,0.0605,316465.05171902006
2023-03-09T00:00:00Z,ASTRUSD,0.0612,0.0639,0.0556,0.0572,382834.32808768004
2023-03-10T00:00:00Z,ASTRUSD,0.0571,0.0581,0.0528,0.0579,333500.67162989
2023-03-11T00:00:00Z,ASTRUSD,0.0583,0.06,0.052,0.0551,1278268.26632557
2023-03-12T00:00:00Z,ASTRUSD,0.0552,0.0611,0.0541,0.0611,431509.3108722101
2023-03-13T00:00:00Z,ASTRUSD,0.062,0.066,0.0588,0.0652,1060641.9578251005
2023-03-14T00:00:00Z,ASTRUSD,0.0649,0.0706,0.0633,0.0677,517145.5541504296
2023-03-15T00:00:00Z,ASTRUSD,0.0676,0.0692,0.0598,0.062,344936.8575909001
2023-03-16T00:00:00Z,ASTRUSD,0.0617,0.0653,0.0599,0.0651,560925.75943506
2023-03-17T00:00:00Z,ASTRUSD,0.0644,0.0691,0.0644,0.0691,395416.8178338299
2023-03-18T00:00:00Z,ASTRUSD,0.0688,0.0755,0.0674,0.0705,466746.88706926006
2023-03-19T00:00:00Z,ASTRUSD,0.0708,0.0745,0.0701,0.0701,218218.59154744
2023-03-20T00:00:00Z,ASTRUSD,0.0702,0.0717,0.0652,0.0664,1102857.33221357
2023-03-21T00:00:00Z,ASTRUSD,0.0654,0.0751,0.063,0.0693,2054478.0523310993
2023-03-22T00:00:00Z,ASTRUSD,0.0694,0.0711,0.0628,0.0639,2535585.2067848523
2023-03-23T00:00:00Z,ASTRUSD,0.0639,0.0666,0.0625,0.0655,253286.94714312
2023-03-24T00:00:00Z,ASTRUSD,0.066,0.0697,0.0603,0.0623,1397951.12242916
2023-03-25T00:00:00Z,ASTRUSD,0.0625,0.0639,0.0598,0.061,193418.91085637003
2023-03-26T00:00:00Z,ASTRUSD,0.0608,0.0638,0.0607,0.0623,307106.0992710399
2023-03-27T00:00:00Z,ASTRUSD,0.0622,0.0642,0.058,0.0605,1857679.2746035906
2023-03-28T00:00:00Z,ASTRUSD,0.0599,0.0616,0.0551,0.0616,587414.7086272301
2023-03-29T00:00:00Z,ASTRUSD,0.0618,0.0654,0.0618,0.065,1652895.5653106896
2023-03-30T00:00:00Z,ASTRUSD,0.0651,0.0655,0.0612,0.0632,477781.33685022016
2023-03-31T00:00:00Z,ASTRUSD,0.0632,0.065,0.0619,0.0631,460921.91865921987
2023-04-01T00:00:00Z,ASTRUSD,0.0638,0.0646,0.0629,0.0643,122911.94236574999
2023-04-02T00:00:00Z,ASTRUSD,0.0643,0.066,0.0604,0.0613,336618.5014041
2023-04-03T00:00:00Z,ASTRUSD,0.0609,0.0628,0.0593,0.062,399667.08909360005
2023-04-04T00:00:00Z,ASTRUSD,0.0623,0.0659,0.0615,0.0647,212813.80050600995
2023-04-05T00:00:00Z,ASTRUSD,0.0644,0.0666,0.0631,0.0655,487365.35411486996
2023-04-06T00:00:00Z,ASTRUSD,0.0642,0.0656,0.0632,0.0637,273163.81926668
2023-04-07T00:00:00Z,ASTRUSD,0.0642,0.068,0.0606,0.061,500021.4742524502
2023-04-08T00:00:00Z,ASTRUSD,0.0609,0.0631,0.0609,0.0624,498645.6713817299
2023-04-09T00:00:00Z,ASTRUSD,0.0624,0.0644,0.0615,0.0633,157406.56832023
2023-04-10T00:00:00Z,ASTRUSD,0.0632,0.0684,0.0616,0.0662,971212.8294710992
2023-04-11T00:00:00Z,ASTRUSD,0.0663,0.072,0.0656,0.0681,2183025.7871875213
2023-04-12T00:00:00Z,ASTRUSD,0.0682,0.069,0.0652,0.0673,212931.5941151601
2023-04-13T00:00:00Z,ASTRUSD,0.0676,0.0707,0.0661,0.0698,374420.32017121033
2023-04-14T00:00:00Z,ASTRUSD,0.0716,0.074,0.0697,0.073,2510426.5676850793
2023-04-15T00:00:00Z,ASTRUSD,0.073,0.0746,0.0717,0.0746,172258.51300612005
2023-04-16T00:00:00Z,ASTRUSD,0.0742,0.0899,0.072,0.074,248636.15643221
2023-04-17T00:00:00Z,ASTRUSD,0.074,0.0744,0.0703,0.0723,338674.79924456985
2023-04-18T00:00:00Z,ASTRUSD,0.0714,0.0747,0.0714,0.0734,2881174.706581514
2023-04-19T00:00:00Z,ASTRUSD,0.0727,0.0729,0.0637,0.0642,1643934.455116261
2023-04-20T00:00:00Z,ASTRUSD,0.0648,0.066,0.062,0.0625,411881.0340705099
2023-04-21T00:00:00Z,ASTRUSD,0.0629,0.0635,0.0584,0.0598,1457583.8765262715
2023-04-22T00:00:00Z,ASTRUSD,0.0595,0.0626,0.0592,0.0611,372498.9115257101
2023-04-23T00:00:00Z,ASTRUSD,0.0608,0.0635,0.0588,0.0602,225430.98336440008
2023-04-24T00:00:00Z,ASTRUSD,0.0599,0.0608,0.0585,0.0599,422010.9068961802
2023-04-25T00:00:00Z,ASTRUSD,0.0591,0.0615,0.0585,0.0615,206866.73895749004
2023-04-26T00:00:00Z,ASTRUSD,0.0621,0.0645,0.0588,0.0615,678066.7766199104
2023-04-27T00:00:00Z,ASTRUSD,0.0624,0.0652,0.0598,0.0638,424468.1481600499
2023-04-28T00:00:00Z,ASTRUSD,0.0636,0.0667,0.0625,0.0641,254355.88369334006
2023-04-29T00:00:00Z,ASTRUSD,0.0648,0.0662,0.0646,0.0651,324057.94009836
2023-04-30T00:00:00Z,ASTRUSD,0.0643,0.0674,0.064,0.064,274032.78286614
2023-05-01T00:00:00Z,ASTRUSD,0.064,0.064,0.0602,0.0612,543784.17401931
2023-05-02T00:00:00Z,ASTRUSD,0.0612,0.0629,0.0603,0.0628,225067.37230841
2023-05-03T00:00:00Z,ASTRUSD,0.0626,0.0634,0.06,0.0629,364183.52113762
2023-05-04T00:00:00Z,ASTRUSD,0.0632,0.0632,0.0608,0.0608,139260.74366946
2023-05-05T00:00:00Z,ASTRUSD,0.0619,0.0628,0.0609,0.0625,238902.29940947995
2023-05-06T00:00:00Z,ASTRUSD,0.0623,0.0623,0.0556,0.0568,689142.84518468
2023-05-07T00:00:00Z,ASTRUSD,0.0564,0.0578,0.0563,0.0569,382672.85150945996
2023-05-08T00:00:00Z,ASTRUSD,0.0565,0.0565,0.0502,0.0514,1134957.5185228393
2023-05-09T00:00:00Z,ASTRUSD,0.0514,0.0518,0.0504,0.051,405884.4190232799
2023-05-10T00:00:00Z,ASTRUSD,0.0512,0.0542,0.0507,0.0532,275866.10633666
2023-05-11T00:00:00Z,ASTRUSD,0.0527,0.0527,0.0496,0.0505,188999.94947508996
2023-05-12T00:00:00Z,ASTRUSD,0.0503,0.052,0.0488,0.052,290236.56203884
2023-05-13T00:00:00Z,ASTRUSD,0.0513,0.0514,0.0507,0.0513,143040.34130937004
2023-05-14T00:00:00Z,ASTRUSD,0.0511,0.0521,0.0503,0.0514,137656.14697795003
2023-05-15T00:00:00Z,ASTRUSD,0.0511,0.0529,0.051,0.0522,259505.59619155995
2023-05-16T00:00:00Z,ASTRUSD,0.0523,0.053,0.0517,0.0524,209013.42511761992
2023-05-17T00:00:00Z,ASTRUSD,0.0524,0.0546,0.0516,0.0544,353177.57889684994
2023-05-18T00:00:00Z,ASTRUSD,0.0542,0.0543,0.0523,0.0537,307151.40364438004
2023-05-19T00:00:00Z,ASTRUSD,0.0534,0.055,0.0533,0.0544,283326.85217489995
2023-05-20T00:00:00Z,ASTRUSD,0.0537,0.054,0.0535,0.054,72924.23557884002
2023-05-21T00:00:00Z,ASTRUSD,0.0538,0.0538,0.0513,0.0518,265324.21572832
2023-05-22T00:00:00Z,ASTRUSD,0.0518,0.0524,0.051,0.0522,214403.66075000996
2023-05-23T00:00:00Z,ASTRUSD,0.0521,0.0535,0.0521,0.053,225269.85902201998
2023-05-24T00:00:00Z,ASTRUSD,0.0527,0.0572,0.05,0.0508,276965.75314849993
2023-05-25T00:00:00Z,ASTRUSD,0.0508,0.0508,0.0498,0.0502,158288.63939264003
2023-05-26T00:00:00Z,ASTRUSD,0.0501,0.0511,0.0495,0.0499,197580.69319605996
2023-05-27T00:00:00Z,ASTRUSD,0.0498,0.0499,0.0493,0.0499,46488.24773559
2023-05-28T00:00:00Z,ASTRUSD,0.0497,0.052,0.0497,0.0515,140250.13896423008
2023-05-29T00:00:00Z,ASTRUSD,0.0515,0.0526,0.0498,0.0503,342384.3684078801
2023-05-30T00:00:00Z,ASTRUSD,0.0503,0.0505,0.0497,0.0503,494623.9492031701
2023-05-31T00:00:00Z,ASTRUSD,0.0503,0.0506,0.0479,0.0492,330870.77929387003
2023-06-01T00:00:00Z,ASTRUSD,0.0493,0.0503,0.0491,0.0494,234432.91258361
2023-06-02T00:00:00Z,ASTRUSD,0.0494,0.0504,0.0491,0.0504,153523.68454444
2023-06-03T00:00:00Z,ASTRUSD,0.0504,0.0507,0.0494,0.0495,47934.103935970015
2023-06-04T00:00:00Z,ASTRUSD,0.0496,0.0502,0.0492,0.0497,199451.51397875987
2023-06-05T00:00:00Z,ASTRUSD,0.0492,0.0492,0.0434,0.0442,1714148.905000039
2023-06-06T00:00:00Z,ASTRUSD,0.0441,0.0471,0.0427,0.0459,894080.3941143899
2023-06-07T00:00:00Z,ASTRUSD,0.0453,0.0453,0.0418,0.042,463242.82038839016
2023-06-08T00:00:00Z,ASTRUSD,0.042,0.0443,0.041,0.0423,615139.4074805701
2023-06-09T00:00:00Z,ASTRUSD,0.0419,0.0451,0.0415,0.0423,360188.87355887983
2023-06-10T00:00:00Z,ASTRUSD,0.0421,0.0421,0.0324,0.0369,2858867.4836390447
2023-06-11T00:00:00Z,ASTRUSD,0.0368,0.0375,0.0356,0.0369,466830.07779836
2023-06-12T00:00:00Z,ASTRUSD,0.0367,0.0435,0.036,0.0369,487609.29286325007
2023-06-13T00:00:00Z,ASTRUSD,0.0367,0.0384,0.0367,0.038,211806.48026631997
2023-06-14T00:00:00Z,ASTRUSD,0.0381,0.04,0.0374,0.0383,654686.2034678701
2023-06-15T00:00:00Z,ASTRUSD,0.0382,0.0391,0.0377,0.0388,301837.5056177
2023-06-16T00:00:00Z,ASTRUSD,0.0386,0.0393,0.0379,0.0386,49261.30787084
2023-06-17T00:00:00Z,ASTRUSD,0.0386,0.0404,0.0385,0.0399,98260.37796375998
2023-06-18T00:00:00Z,ASTRUSD,0.0398,0.044,0.0396,0.0402,960703.8509643999
2023-06-19T00:00:00Z,ASTRUSD,0.0404,0.0417,0.0404,0.0414,365772.96444417996
2023-06-20T00:00:00Z,ASTRUSD,0.0417,0.0449,0.0417,0.0436,478108.07979729
2023-06-21T00:00:00Z,ASTRUSD,0.0434,0.0456,0.0434,0.0452,340222.74640291004
2023-06-22T00:00:00Z,ASTRUSD,0.0452,0.0474,0.0452,0.0456,529013.2628784298
2023-06-23T00:00:00Z,ASTRUSD,0.0454,0.0482,0.0452,0.047,229704.15528999004
2023-06-24T00:00:00Z,ASTRUSD,0.0469,0.0505,0.0461,0.0461,278772.31469383
2023-06-25T00:00:00Z,ASTRUSD,0.0465,0.0494,0.0465,0.0479,1295268.2793694092
2023-06-26T00:00:00Z,ASTRUSD,0.0474,0.0474,0.045,0.0455,150473.55447867003
2023-06-27T00:00:00Z,ASTRUSD,0.0458,0.05,0.0458,0.0475,2523709.4329140945
2023-06-28T00:00:00Z,ASTRUSD,0.0471,0.0476,0.043,0.0442,630639.13153303
2023-06-29T00:00:00Z,ASTRUSD,0.0443,0.046,0.0438,0.0439,281428.22355396004
2023-06-30T00:00:00Z,ASTRUSD,0.0436,0.0455,0.0417,0.0439,1418791.8934448296
2023-07-01T00:00:00Z,ASTRUSD,0.0441,0.0448,0.0437,0.0442,270180.97810509003
2023-07-02T00:00:00Z,ASTRUSD,0.0441,0.0445,0.0427,0.0445,98454.3149895
2023-07-03T00:00:00Z,ASTRUSD,0.0445,0.0459,0.0445,0.0457,402830.0978618699
2023-07-04T00:00:00Z,ASTRUSD,0.0457,0.0458,0.0445,0.0451,174009.62677224
2023-07-05T00:00:00Z,ASTRUSD,0.0456,0.0465,0.0435,0.0444,529584.1793106599
2023-07-06T00:00:00Z,ASTRUSD,0.0439,0.0454,0.0425,0.0426,530047.3106662699
2023-07-07T00:00:00Z,ASTRUSD,0.0425,0.0433,0.0423,0.0428,260032.78130096005
2023-07-08T00:00:00Z,ASTRUSD,0.0431,0.0433,0.0421,0.0429,183379.72844946
2023-07-09T00:00:00Z,ASTRUSD,0.0429,0.0435,0.0417,0.0418,199320.07164179
2023-07-10T00:00:00Z,ASTRUSD,0.0415,0.0433,0.0411,0.0423,414894.4310706801
2023-07-11T00:00:00Z,ASTRUSD,0.042,0.0428,0.042,0.0424,165938.74316114
2023-07-12T00:00:00Z,ASTRUSD,0.0425,0.0432,0.0422,0.0428,292243.91811321
2023-07-13T00:00:00Z,ASTRUSD,0.0428,0.0456,0.042,0.0456,1694480.8798124595
2023-07-14T00:00:00Z,ASTRUSD,0.0458,0.0472,0.0429,0.0443,1119353.8959172403
2023-07-15T00:00:00Z,ASTRUSD,0.0441,0.0447,0.0435,0.0437,197762.27249771004
2023-07-16T00:00:00Z,ASTRUSD,0.0436,0.0436,0.0418,0.0419,547371.8466198996
2023-07-17T00:00:00Z,ASTRUSD,0.0419,0.0436,0.0414,0.0431,834978.2632874994
2023-07-18T00:00:00Z,ASTRUSD,0.0429,0.0441,0.0419,0.0426,925783.1873819804
2023-07-19T00:00:00Z,ASTRUSD,0.043,0.0439,0.042,0.0425,650434.56830534
2023-07-20T00:00:00Z,ASTRUSD,0.0428,0.0449,0.0424,0.0434,1359713.4369155294
2023-07-21T00:00:00Z,ASTRUSD,0.0434,0.0447,0.0434,0.0445,215055.59683198997
2023-07-22T00:00:00Z,ASTRUSD,0.0448,0.0448,0.0438,0.0442,67267.80809789
2023-07-23T00:00:00Z,ASTRUSD,0.0444,0.0574,0.0396,0.0449,1001113.76621933
2023-07-24T00:00:00Z,ASTRUSD,0.0449,0.0451,0.0419,0.0419,1219631.5121558795
2023-07-25T00:00:00Z,ASTRUSD,0.0419,0.0479,0.0416,0.0451,1676728.7823694588
2023-07-26T00:00:00Z,ASTRUSD,0.0449,0.0535,0.0436,0.0502,1354700.7164923905
2023-07-27T00:00:00Z,ASTRUSD,0.0502,0.0528,0.0483,0.0509,1389401.51865287
2023-07-28T00:00:00Z,ASTRUSD,0.0516,0.0579,0.0516,0.0535,1776360.787114459
2023-07-29T00:00:00Z,ASTRUSD,0.0535,0.0541,0.0509,0.0519,1110065.6282313599
2023-07-30T00:00:00Z,ASTRUSD,0.0525,0.0569,0.0524,0.0549,798300.7596541601
2023-07-31T00:00:00Z,ASTRUSD,0.0555,0.0577,0.0534,0.054,954967.6301191802
2023-08-01T00:00:00Z,ASTRUSD,0.0538,0.0555,0.0521,0.0538,1012542.7566085403
2023-08-02T00:00:00Z,ASTRUSD,0.0544,0.055,0.051,0.051,546284.61528684
2023-08-03T00:00:00Z,ASTRUSD,0.0515,0.0516,0.049,0.049,1146857.9879837297
2023-08-04T00:00:00Z,ASTRUSD,0.0495,0.0518,0.0489,0.0509,432796.58185252006
2023-08-05T00:00:00Z,ASTRUSD,0.0502,0.0502,0.0481,0.0487,292552.8643401099
2023-08-06T00:00:00Z,ASTRUSD,0.0488,0.051,0.0484,0.05,562067.53309061
2023-08-07T00:00:00Z,ASTRUSD,0.0498,0.0534,0.0498,0.0529,1316742.1513393128
2023-08-08T00:00:00Z,ASTRUSD,0.0527,0.0533,0.0511,0.0528,436605.3096079398
2023-08-09T00:00:00Z,ASTRUSD,0.0529,0.0531,0.051,0.0514,889405.9095625596
2023-08-10T00:00:00Z,ASTRUSD,0.0515,0.0536,0.0505,0.0531,427017.9897452198
2023-08-11T00:00:00Z,ASTRUSD,0.0538,0.057,0.0534,0.0568,963332.3696743399
2023-08-12T00:00:00Z,ASTRUSD,0.0571,0.061,0.0571,0.0575,881411.6342787711
2023-08-13T00:00:00Z,ASTRUSD,0.0576,0.0632,0.0573,0.059,1194581.8676059097
2023-08-14T00:00:00Z,ASTRUSD,0.059,0.0622,0.059,0.0606,1329739.2000498592
2023-08-15T00:00:00Z,ASTRUSD,0.0601,0.0601,0.0549,0.0592,844129.4752297706
2023-08-16T00:00:00Z,ASTRUSD,0.059,0.059,0.0545,0.0555,951612.3615258998
2023-08-17T00:00:00Z,ASTRUSD,0.0557,0.061,0.0468,0.0524,3362020.721302437
2023-08-18T00:00:00Z,ASTRUSD,0.0523,0.0622,0.0511,0.058,2091632.7759149594
2023-08-19T00:00:00Z,ASTRUSD,0.0578,0.0619,0.0578,0.0594,629340.4667454398
2023-08-20T00:00:00Z,ASTRUSD,0.0593,0.0627,0.059,0.0609,1056204.31900076
2023-08-21T00:00:00Z,ASTRUSD,0.0608,0.0612,0.0585,0.0593,593708.3227751101
2023-08-22T00:00:00Z,ASTRUSD,0.0596,0.0608,0.0581,0.0604,848543.55960285
2023-08-23T00:00:00Z,ASTRUSD,0.0608,0.069,0.0596,0.0662,2088966.95337762
2023-08-24T00:00:00Z,ASTRUSD,0.066,0.0675,0.0654,0.0667,385904.86714409996
2023-08-25T00:00:00Z,ASTRUSD,0.0656,0.0663,0.0616,0.0642,892198.0628532402
2023-08-26T00:00:00Z,ASTRUSD,0.0645,0.0653,0.0617,0.0621,332186.06324347993
2023-08-27T00:00:00Z,ASTRUSD,0.0624,0.0625,0.0595,0.0598,170180.75960530003
2023-08-28T00:00:00Z,ASTRUSD,0.0608,0.0611,0.0579,0.0604,738672.615328
2023-08-29T00:00:00Z,ASTRUSD,0.0604,0.0637,0.0592,0.0608,681480.98911149
2023-08-30T00:00:00Z,ASTRUSD,0.061,0.061,0.0576,0.0578,630117.42925629
2023-08-31T00:00:00Z,ASTRUSD,0.0575,0.0575,0.0541,0.0564,749708.8341126002
2023-09-01T00:00:00Z,ASTRUSD,0.0572,0.0579,0.0552,0.0567,636161.9421377103
2023-09-02T00:00:00Z,ASTRUSD,0.0559,0.0562,0.0551,0.0555,739684.0620686798
2023-09-03T00:00:00Z,ASTRUSD,0.055,0.0563,0.0546,0.0553,66485.88570819
2023-09-04T00:00:00Z,ASTRUSD,0.0555,0.0559,0.0521,0.0532,643501.6021101496
2023-09-05T00:00:00Z,ASTRUSD,0.0535,0.056,0.0523,0.0559,264560.62207269
2023-09-06T00:00:00Z,ASTRUSD,0.0554,0.0579,0.0548,0.0577,329009.77723740996
2023-09-07T00:00:00Z,ASTRUSD,0.0577,0.0607,0.057,0.0605,556682.9198726102
2023-09-08T00:00:00Z,ASTRUSD,0.0609,0.0609,0.0583,0.0603,239433.00794458
2023-09-09T00:00:00Z,ASTRUSD,0.0601,0.0608,0.0591,0.0601,235035.45508906004
2023-09-10T00:00:00Z,ASTRUSD,0.0595,0.0602,0.0566,0.0588,508395.3905654802
2023-09-11T00:00:00Z,ASTRUSD,0.0588,0.0605,0.0557,0.0572,721218.6639656503
2023-09-12T00:00:00Z,ASTRUSD,0.0573,0.061,0.0561,0.0561,801195.8055267505
2023-09-13T00:00:00Z,ASTRUSD,0.0561,0.0561,0.0525,0.0531,747390.5192000499
2023-09-14T00:00:00Z,ASTRUSD,0.053,0.0531,0.049,0.0494,1432272.0724679588
2023-09-15T00:00:00Z,ASTRUSD,0.0491,0.0521,0.0487,0.0514,971629.3417513799
2023-09-16T00:00:00Z,ASTRUSD,0.0516,0.0521,0.0504,0.0513,144892.24576261995
2023-09-17T00:00:00Z,ASTRUSD,0.0512,0.0512,0.0485,0.0496,239392.9741133099
2023-09-18T00:00:00Z,ASTRUSD,0.0498,0.0519,0.0491,0.0502,284971.4785782999
2023-09-19T00:00:00Z,ASTRUSD,0.0499,0.0523,0.0496,0.0518,574053.2749831502
2023-09-20T00:00:00Z,ASTRUSD,0.0518,0.0545,0.0516,0.0545,393190.63512498996
2023-09-21T00:00:00Z,ASTRUSD,0.0551,0.0594,0.0524,0.054,1675869.2942480776
2023-09-22T00:00:00Z,ASTRUSD,0.0539,0.0539,0.0508,0.0515,394546.19430262985
2023-09-23T00:00:00Z,ASTRUSD,0.0517,0.0518,0.0502,0.0511,355370.05384503
2023-09-24T00:00:00Z,ASTRUSD,0.0512,0.0512,0.0499,0.05,145458.98081272
2023-09-25T00:00:00Z,ASTRUSD,0.0499,0.0516,0.0497,0.051,260259.87691476007
2023-09-26T00:00:00Z,ASTRUSD,0.0513,0.0513,0.0478,0.0485,413336.50129118
2023-09-27T00:00:00Z,ASTRUSD,0.0488,0.0489,0.0463,0.0463,656171.16641568
2023-09-28T00:00:00Z,ASTRUSD,0.0463,0.0497,0.0463,0.0497,212677.26695096004
2023-09-29T00:00:00Z,ASTRUSD,0.0499,0.0499,0.0484,0.0492,523790.42215164023
2023-09-30T00:00:00Z,ASTRUSD,0.0495,0.0495,0.0486,0.049,153422.59849791994
2023-10-01T00:00:00Z,ASTRUSD,0.049,0.051,0.0489,0.051,114560.8510238
2023-10-02T00:00:00Z,ASTRUSD,0.0505,0.0505,0.047,0.0484,334359.69478182
2023-10-03T00:00:00Z,ASTRUSD,0.0485,0.0486,0.0467,0.0475,355464.17020717
2023-10-04T00:00:00Z,ASTRUSD,0.0465,0.0477,0.0451,0.0454,706557.7782055697
2023-10-05T00:00:00Z,ASTRUSD,0.0454,0.0462,0.0446,0.0453,191393.94827103004
2023-10-06T00:00:00Z,ASTRUSD,0.0451,0.046,0.045,0.0457,643311.3278534197
2023-10-07T00:00:00Z,ASTRUSD,0.046,0.0468,0.0459,0.0464,283332.17207623005
2023-10-08T00:00:00Z,ASTRUSD,0.0463,0.0466,0.0451,0.0461,190928.82125497
2023-10-09T00:00:00Z,ASTRUSD,0.0459,0.0463,0.0426,0.0436,836193.4422654496
2023-10-10T00:00:00Z,ASTRUSD,0.0437,0.044,0.0428,0.043,416298.3885069399
2023-10-11T00:00:00Z,ASTRUSD,0.0421,0.0428,0.0417,0.0419,218021.49255873
2023-10-12T00:00:00Z,ASTRUSD,0.0417,0.0419,0.041,0.0412,200704.6191781799
2023-10-13T00:00:00Z,ASTRUSD,0.0414,0.0426,0.0412,0.0421,183996.49236641996
2023-10-14T00:00:00Z,ASTRUSD,0.0421,0.0426,0.0421,0.0423,148658.92349830997
2023-10-15T00:00:00Z,ASTRUSD,0.0422,0.0429,0.0421,0.0426,139023.13364609
2023-10-16T00:00:00Z,ASTRUSD,0.0427,0.0436,0.0415,0.0423,909930.0855533204
2023-10-17T00:00:00Z,ASTRUSD,0.0423,0.0429,0.0403,0.0405,408905.80180550995
2023-10-18T00:00:00Z,ASTRUSD,0.0404,0.0408,0.039,0.0391,858018.33543414
2023-10-19T00:00:00Z,ASTRUSD,0.0392,0.0402,0.0385,0.0395,307923.57794338
2023-10-20T00:00:00Z,ASTRUSD,0.0394,0.0418,0.0394,0.0408,332418.37486017984
2023-10-21T00:00:00Z,ASTRUSD,0.0408,0.0424,0.0407,0.0418,446501.83292220003
2023-10-22T00:00:00Z,ASTRUSD,0.0418,0.0421,0.0405,0.0418,436359.75970645994
2023-10-23T00:00:00Z,ASTRUSD,0.0418,0.047,0.0414,0.047,2090303.1777877582
2023-10-24T00:00:00Z,ASTRUSD,0.047,0.059,0.0468,0.0518,5597019.638240922
2023-10-25T00:00:00Z,ASTRUSD,0.0519,0.0543,0.0487,0.0516,1735394.207499979
2023-10-26T00:00:00Z,ASTRUSD,0.0515,0.0539,0.049,0.0506,934974.3807446307
2023-10-27T00:00:00Z,ASTRUSD,0.0505,0.0507,0.0489,0.0495,777057.7822442399
2023-10-28T00:00:00Z,ASTRUSD,0.0494,0.0525,0.0492,0.0523,758369.4631678294
2023-10-29T00:00:00Z,ASTRUSD,0.0524,0.0533,0.051,0.0521,544234.1606493599
2023-10-30T00:00:00Z,ASTRUSD,0.0518,0.056,0.0516,0.0545,941474.9821949902
2023-10-31T00:00:00Z,ASTRUSD,0.0544,0.056,0.052,0.0532,1082955.6345345196
2023-11-01T00:00:00Z,ASTRUSD,0.0535,0.0571,0.0534,0.056,850292.2964298498
2023-11-02T00:00:00Z,ASTRUSD,0.0561,0.0573,0.0535,0.0548,845461.0294403896
2023-11-03T00:00:00Z,ASTRUSD,0.0551,0.0551,0.0524,0.0544,1136264.4871186302
2023-11-04T00:00:00Z,ASTRUSD,0.0544,0.0558,0.0539,0.0551,543473.9788042698
2023-11-05T00:00:00Z,ASTRUSD,0.0552,0.0563,0.0542,0.0557,678601.9403762702
2023-11-06T00:00:00Z,ASTRUSD,0.0556,0.0665,0.0546,0.065,4336207.332025441
2023-11-07T00:00:00Z,ASTRUSD,0.0651,0.0651,0.0586,0.0618,1598327.9459225081
2023-11-08T00:00:00Z,ASTRUSD,0.0616,0.0654,0.0604,0.0644,1543890.1074011293
2023-11-09T00:00:00Z,ASTRUSD,0.0644,0.0704,0.0624,0.0692,2994490.5848464724
2023-11-10T00:00:00Z,ASTRUSD,0.0691,0.0707,0.0668,0.0704,1924305.7872601708
2023-11-11T00:00:00Z,ASTRUSD,0.0705,0.0736,0.0668,0.071,3433266.9243490314
2023-11-12T00:00:00Z,ASTRUSD,0.0718,0.084,0.0691,0.081,2503685.948473788
2023-11-13T00:00:00Z,ASTRUSD,0.0812,0.0873,0.0679,0.0679,3259279.365300983
2023-11-14T00:00:00Z,ASTRUSD,0.0679,0.0742,0.0662,0.0718,2283548.579352547
2023-11-15T00:00:00Z,ASTRUSD,0.0718,0.073,0.0675,0.0694,1770342.3264040023
2023-11-16T00:00:00Z,ASTRUSD,0.0694,0.0709,0.0631,0.0642,1876556.8303816728
2023-11-17T00:00:00Z,ASTRUSD,0.0641,0.0672,0.0615,0.0647,636832.8489775006
2023-11-18T00:00:00Z,ASTRUSD,0.0645,0.0646,0.0587,0.0626,657801.35774965
2023-11-19T00:00:00Z,ASTRUSD,0.0627,0.0689,0.0615,0.0683,1124590.2012021998
2023-11-20T00:00:00Z,ASTRUSD,0.068,0.0681,0.065,0.066,783625.7179211696
2023-11-21T00:00:00Z,ASTRUSD,0.066,0.0674,0.0589,0.0589,678820.5217452495
2023-11-22T00:00:00Z,ASTRUSD,0.0587,0.0657,0.0585,0.0647,662897.1566302599
2023-11-23T00:00:00Z,ASTRUSD,0.0648,0.0667,0.0643,0.0655,954680.7920766899
2023-11-24T00:00:00Z,ASTRUSD,0.0653,0.069,0.0653,0.0671,654825.06873176
2023-11-25T00:00:00Z,ASTRUSD,0.0671,0.069,0.0665,0.0679,316516.9246249099
2023-11-26T00:00:00Z,ASTRUSD,0.068,0.0685,0.0645,0.0675,1081820.9729736892
2023-11-27T00:00:00Z,ASTRUSD,0.0673,0.0673,0.0631,0.0656,363629.9642007298
2023-11-28T00:00:00Z,ASTRUSD,0.0658,0.067,0.0633,0.0657,1291414.2426664408
2023-11-29T00:00:00Z,ASTRUSD,0.0657,0.068,0.0652,0.0664,1122703.0635606986
2023-11-30T00:00:00Z,ASTRUSD,0.0664,0.0671,0.0653,0.0655,496407.18369490997
2023-12-01T00:00:00Z,ASTRUSD,0.0658,0.0701,0.0653,0.0695,323690.36781469994
2023-12-02T00:00:00Z,ASTRUSD,0.0683,0.0709,0.0682,0.0699,547367.6705167704
2023-12-03T00:00:00Z,ASTRUSD,0.0698,0.0718,0.0678,0.0705,397883.16618431994
2023-12-04T00:00:00Z,ASTRUSD,0.0704,0.0732,0.0684,0.0732,1359340.725374483
2023-12-05T00:00:00Z,ASTRUSD,0.0732,0.0738,0.0702,0.0729,1471857.4555367304
2023-12-06T00:00:00Z,ASTRUSD,0.0728,0.0733,0.0685,0.0696,1442810.25500859
2023-12-07T00:00:00Z,ASTRUSD,0.0698,0.0717,0.0686,0.0708,976641.4822699805
2023-12-08T00:00:00Z,ASTRUSD,0.0707,0.0752,0.0702,0.0739,1992040.085460241
2023-12-09T00:00:00Z,ASTRUSD,0.0739,0.0781,0.0737,0.074,2378534.861121718
2023-12-10T00:00:00Z,ASTRUSD,0.0742,0.076,0.0722,0.0757,277916.10328357003
2023-12-11T00:00:00Z,ASTRUSD,0.076,0.0787,0.0666,0.0752,2688005.330761722
2023-12-12T00:00:00Z,ASTRUSD,0.0749,0.079,0.073,0.0757,974111.8578813093
2023-12-13T00:00:00Z,ASTRUSD,0.0759,0.0861,0.0734,0.0847,1704405.0148746597
2023-12-14T00:00:00Z,ASTRUSD,0.0847,0.0891,0.0825,0.0854,968289.7778441592
2023-12-15T00:00:00Z,ASTRUSD,0.0852,0.0852,0.0774,0.0798,1714583.1379468893
2023-12-16T00:00:00Z,ASTRUSD,0.0798,0.0842,0.0797,0.0806,1353264.2493444316
2023-12-17T00:00:00Z,ASTRUSD,0.0807,0.0819,0.0782,0.0783,944465.1400971699
2023-12-18T00:00:00Z,ASTRUSD,0.0786,0.15,0.074,0.101,23676962.435004383
2023-12-19T00:00:00Z,ASTRUSD,0.101,0.101,0.0923,0.0928,2612277.2308056466
2023-12-20T00:00:00Z,ASTRUSD,0.0929,0.1009,0.0928,0.0952,1096316.9744814704
2023-12-21T00:00:00Z,ASTRUSD,0.0952,0.0961,0.091,0.0936,1244492.7779522897
2023-12-22T00:00:00Z,ASTRUSD,0.0933,0.0934,0.089,0.0923,1307851.664465318
2023-12-23T00:00:00Z,ASTRUSD,0.0922,0.1199,0.0901,0.0987,2610562.8236457086
2023-12-24T00:00:00Z,ASTRUSD,0.0986,0.1247,0.0973,0.1079,4228602.183254624
2023-12-25T00:00:00Z,ASTRUSD,0.1077,0.1094,0.1027,0.1086,536520.9973288098
2023-12-26T00:00:00Z,ASTRUSD,0.1082,0.12,0.1017,0.1185,2479152.6714301063
2023-12-27T00:00:00Z,ASTRUSD,0.1187,0.137,0.1184,0.1281,12465712.193085171
2023-12-28T00:00:00Z,ASTRUSD,0.1265,0.136,0.1209,0.1258,2358217.3168170094
2023-12-29T00:00:00Z,ASTRUSD,0.1257,0.1301,0.1196,0.1272,1509194.91808619
2023-12-30T00:00:00Z,ASTRUSD,0.127,0.1422,0.1259,0.1415,1322954.5333854598
2023-12-31T00:00:00Z,ASTRUSD,0.1412,0.1498,0.1348,0.1364,1614449.46885623
2024-01-01T00:00:00Z,ASTRUSD,0.1362,0.142,0.1335,0.1407,823106.8983607186
2024-01-02T00:00:00Z,ASTRUSD,0.1398,0.1734,0.1398,0.1649,3612886.731885204
2024-01-03T00:00:00Z,ASTRUSD,0.165,0.1913,0.1401,0.1682,5441602.3779632365
2024-01-04T00:00:00Z,ASTRUSD,0.1682,0.1805,0.1623,0.1722,1664810.0969896044
2024-01-05T00:00:00Z,ASTRUSD,0.1722,0.1747,0.1522,0.1601,2652445.5641613854
2024-01-06T00:00:00Z,ASTRUSD,0.1599,0.1599,0.1374,0.1406,2836164.712641643
2024-01-07T00:00:00Z,ASTRUSD,0.1395,0.145,0.1255,0.1278,3440085.248981032
2024-01-08T00:00:00Z,ASTRUSD,0.1273,0.1456,0.1134,0.1448,3678957.4624778265
2024-01-09T00:00:00Z,ASTRUSD,0.1442,0.162,0.1322,0.1382,4380416.701616706
2024-01-10T00:00:00Z,ASTRUSD,0.1384,0.1517,0.1261,0.1439,4771697.388734468
2024-01-11T00:00:00Z,ASTRUSD,0.1443,0.1645,0.1443,0.1627,5409458.421243603
2024-01-12T00:00:00Z,ASTRUSD,0.1623,0.1632,0.145,0.1495,2375624.0805795346
2024-01-13T00:00:00Z,ASTRUSD,0.1493,0.1557,0.1406,0.1513,885176.757732841
2024-01-14T00:00:00Z,ASTRUSD,0.1505,0.1522,0.1422,0.1427,592279.8748326001
2024-01-15T00:00:00Z,ASTRUSD,0.1427,0.1507,0.1427,0.1479,1557115.2410618595
2024-01-16T00:00:00Z,ASTRUSD,0.1485,0.164,0.1485,0.1618,1236065.865702213
2024-01-17T00:00:00Z,ASTRUSD,0.1621,0.1723,0.1593,0.1694,2833790.6785070524
2024-01-18T00:00:00Z,ASTRUSD,0.1696,0.1772,0.1637,0.1695,3589099.053799231
2024-01-19T00:00:00Z,ASTRUSD,0.1696,0.1746,0.1609,0.1732,3862227.3897955385
2024-01-20T00:00:00Z,ASTRUSD,0.1721,0.1841,0.1699,0.1797,1870188.7082685824
2024-01-21T00:00:00Z,ASTRUSD,0.1806,0.1979,0.178,0.1865,1767619.5167228654
2024-01-22T00:00:00Z,ASTRUSD,0.1867,0.1933,0.1658,0.1664,1584456.9380748607
2024-01-23T00:00:00Z,ASTRUSD,0.1684,0.1738,0.1543,0.173,2006283.4932094282
2024-01-24T00:00:00Z,ASTRUSD,0.175,0.1781,0.1689,0.1766,1084073.4752996603
2024-01-25T00:00:00Z,ASTRUSD,0.1762,0.1793,0.1662,0.1713,1288218.221148981
2024-01-26T00:00:00Z,ASTRUSD,0.1705,0.1787,0.1667,0.1781,381634.9150108302
2024-01-27T00:00:00Z,ASTRUSD,0.1778,0.1923,0.1778,0.1868,926126.7370615602
2024-01-28T00:00:00Z,ASTRUSD,0.1883,0.1883,0.1754,0.1767,819394.8662272901
2024-01-29T00:00:00Z,ASTRUSD,0.1763,0.1864,0.1746,0.1851,291856.61691635003
2024-01-30T00:00:00Z,ASTRUSD,0.1862,0.1918,0.1788,0.1788,507241.3308615201
2024-01-31T00:00:00Z,ASTRUSD,0.1783,0.186,0.1732,0.1764,506168.80652304017
2024-02-01T00:00:00Z,ASTRUSD,0.1778,0.1825,0.1712,0.1795,926027.4887034812
2024-02-02T00:00:00Z,ASTRUSD,0.1794,0.1856,0.1794,0.1838,1056586.0815218603
2024-02-03T00:00:00Z,ASTRUSD,0.1841,0.1913,0.1785,0.1815,444156.79101654026
2024-02-04T00:00:00Z,ASTRUSD,0.1827,0.1829,0.1776,0.1785,115592.29769109003
2024-02-05T00:00:00Z,ASTRUSD,0.1787,0.1859,0.1734,0.1813,469207.5605407703
2024-02-06T00:00:00Z,ASTRUSD,0.1814,0.183,0.1786,0.1802,225579.63529622008
2024-02-07T00:00:00Z,ASTRUSD,0.1803,0.1823,0.1735,0.1819,326468.06256664003
2024-02-08T00:00:00Z,ASTRUSD,0.1822,0.1827,0.1767,0.1788,319525.9213889601
2024-02-09T00:00:00Z,ASTRUSD,0.1786,0.185,0.1779,0.1842,728672.567917089
2024-02-10T00:00:00Z,ASTRUSD,0.1846,0.192,0.182,0.1871,530914.3332366402
2024-02-11T00:00:00Z,ASTRUSD,0.1859,0.1904,0.1838,0.1854,437602.1063086198
2024-02-12T00:00:00Z,ASTRUSD,0.1855,0.1932,0.1823,0.1909,1356074.6128543098
2024-02-13T00:00:00Z,ASTRUSD,0.191,0.1947,0.1759,0.1816,1938007.4433370829
2024-02-14T00:00:00Z,ASTRUSD,0.1812,0.1849,0.1706,0.1776,1622613.2220304986
2024-02-15T00:00:00Z,ASTRUSD,0.178,0.1823,0.1721,0.1753,1329383.885439202
2024-02-16T00:00:00Z,ASTRUSD,0.1752,0.1756,0.167,0.1714,793318.7764194399
2024-02-17T00:00:00Z,ASTRUSD,0.1712,0.1712,0.1627,0.1661,306446.61601214006
2024-02-18T00:00:00Z,ASTRUSD,0.1652,0.1742,0.1652,0.1735,158299.76106302007
2024-02-19T00:00:00Z,ASTRUSD,0.1729,0.1805,0.1714,0.1724,388630.7792189099
2024-02-20T00:00:00Z,ASTRUSD,0.1722,0.1734,0.1627,0.1685,640596.9592737892
2024-02-21T00:00:00Z,ASTRUSD,0.1685,0.1686,0.1594,0.1647,631526.6080926799
2024-02-22T00:00:00Z,ASTRUSD,0.1646,0.1684,0.1604,0.1623,689336.2225364901
2024-02-23T00:00:00Z,ASTRUSD,0.1623,0.1625,0.1565,0.1595,667162.0087217897
2024-02-24T00:00:00Z,ASTRUSD,0.1589,0.1625,0.1559,0.1618,269286.83326532994
2024-02-25T00:00:00Z,ASTRUSD,0.1615,0.1621,0.1593,0.1621,186215.23533712002
2024-02-26T00:00:00Z,ASTRUSD,0.1611,0.1669,0.1578,0.1661,1363111.8226087387
2024-02-27T00:00:00Z,ASTRUSD,0.1657,0.1662,0.1589,0.162,768744.6703393796
2024-02-28T00:00:00Z,ASTRUSD,0.1619,0.1651,0.1511,0.1584,3129123.3939071135
2024-02-29T00:00:00Z,ASTRUSD,0.1586,0.1626,0.1535,0.1567,1079705.95621587
2024-03-01T00:00:00Z,ASTRUSD,0.1568,0.1635,0.1565,0.1635,2386767.5437291972
2024-03-02T00:00:00Z,ASTRUSD,0.1634,0.1741,0.1592,0.1703,2985403.1654368415
2024-03-03T00:00:00Z,ASTRUSD,0.1696,0.1716,0.1526,0.1645,517157.58106716967
2024-03-04T00:00:00Z,ASTRUSD,0.1638,0.1652,0.1567,0.1602,1960930.4341913299
2024-03-05T00:00:00Z,ASTRUSD,0.16,0.16,0.1343,0.1457,1531908.171409335
2024-03-06T00:00:00Z,ASTRUSD,0.1454,0.161,0.145,0.154,1585655.41987535
2024-03-07T00:00:00Z,ASTRUSD,0.1541,0.158,0.1504,0.1572,2124857.0719325123
2024-03-08T00:00:00Z,ASTRUSD,0.1571,0.1635,0.1476,0.1539,906792.8047707397
2024-03-09T00:00:00Z,ASTRUSD,0.1539,0.1561,0.1528,0.1547,304599.63851481
2024-03-10T00:00:00Z,ASTRUSD,0.1545,0.1629,0.1525,0.1599,339493.79958605976
2024-03-11T00:00:00Z,ASTRUSD,0.1595,0.1706,0.1569,0.166,1524541.5813874628
2024-03-12T00:00:00Z,ASTRUSD,0.1661,0.1669,0.152,0.1597,326671.2242878301
2024-03-13T00:00:00Z,ASTRUSD,0.1602,0.1664,0.1575,0.1619,630027.00170733
2024-03-14T00:00:00Z,ASTRUSD,0.161,0.1733,0.1567,0.1687,1953942.9701662452
2024-03-15T00:00:00Z,ASTRUSD,0.1685,0.1691,0.1443,0.1547,659499.3119548607
2024-03-16T00:00:00Z,ASTRUSD,0.1558,0.1632,0.1408,0.1447,1723639.1881139183
2024-03-17T00:00:00Z,ASTRUSD,0.1455,0.1487,0.1358,0.1469,1264900.0281631986
2024-03-18T00:00:00Z,ASTRUSD,0.1449,0.1526,0.1393,0.1416,606451.4870081102
2024-03-19T00:00:00Z,ASTRUSD,0.1423,0.1423,0.1266,0.1304,508178.97986454953
2024-03-20T00:00:00Z,ASTRUSD,0.1309,0.1428,0.1255,0.1413,2130514.1912758504
2024-03-21T00:00:00Z,ASTRUSD,0.1411,0.1431,0.135,0.1372,417692.3744671602
2024-03-22T00:00:00Z,ASTRUSD,0.1376,0.1382,0.1287,0.1318,513760.6675670104
2024-03-23T00:00:00Z,ASTRUSD,0.1314,0.1371,0.1306,0.135,140850.96964904992
2024-03-24T00:00:00Z,ASTRUSD,0.1353,0.1396,0.1331,0.1394,130591.05023625998
2024-03-25T00:00:00Z,ASTRUSD,0.1387,0.1471,0.1387,0.1457,2250669.566966648
2024-03-26T00:00:00Z,ASTRUSD,0.1452,0.1482,0.1419,0.1447,1918635.3223235873
2024-03-27T00:00:00Z,ASTRUSD,0.1448,0.1471,0.1376,0.1398,2473399.911016169
2024-03-28T00:00:00Z,ASTRUSD,0.1399,0.1426,0.1379,0.1412,1750369.2473017296
2024-03-29T00:00:00Z,ASTRUSD,0.1404,0.1412,0.137,0.1395,738786.610565451
2024-03-30T00:00:00Z,ASTRUSD,0.1393,0.1407,0.136,0.136,694174.2234611902
2024-03-31T00:00:00Z,ASTRUSD,0.1367,0.1393,0.1359,0.1393,441956.4431617999
2024-04-01T00:00:00Z,ASTRUSD,0.1393,0.1396,0.129,0.1323,1969785.2838947668
2024-04-02T00:00:00Z,ASTRUSD,0.132,0.132,0.1211,0.1234,2426633.0760403946
2024-04-03T00:00:00Z,ASTRUSD,0.123,0.1251,0.1184,0.1207,999879.1943697509
2024-04-04T00:00:00Z,ASTRUSD,0.1205,0.1273,0.12,0.1241,577567.8141983898
2024-04-05T00:00:00Z,ASTRUSD,0.1239,0.1302,0.121,0.1268,393320.2895236802
2024-04-06T00:00:00Z,ASTRUSD,0.1261,0.1287,0.1254,0.1279,249459.32539551996
2024-04-07T00:00:00Z,ASTRUSD,0.1275,0.1315,0.1268,0.1299,1078218.5001197096
2024-04-08T00:00:00Z,ASTRUSD,0.1296,0.145,0.1267,0.1435,3138288.637455762
2024-04-09T00:00:00Z,ASTRUSD,0.1429,0.1465,0.1379,0.1421,1625667.3513710548
2024-04-10T00:00:00Z,ASTRUSD,0.142,0.1444,0.1323,0.1369,408577.9066480499
2024-04-11T00:00:00Z,ASTRUSD,0.1379,0.1403,0.1291,0.1304,269288.97639319004
2024-04-12T00:00:00Z,ASTRUSD,0.1308,0.1346,0.1025,0.1133,1485628.6481806182
2024-04-13T00:00:00Z,ASTRUSD,0.113,0.113,0.083,0.0986,2556949.3937002774
2024-04-14T00:00:00Z,ASTRUSD,0.0984,0.1044,0.0938,0.1036,1309018.3284312882
2024-04-15T00:00:00Z,ASTRUSD,0.1035,0.1088,0.0966,0.0993,228815.1093344801
2024-04-16T00:00:00Z,ASTRUSD,0.0992,0.0999,0.0926,0.0973,739089.2872115702
2024-04-17T00:00:00Z,ASTRUSD,0.0969,0.0991,0.0922,0.0977,228565.57912426002
2024-04-18T00:00:00Z,ASTRUSD,0.0973,0.1006,0.095,0.0992,722495.1404403797
2024-04-19T00:00:00Z,ASTRUSD,0.0991,0.107,0.0909,0.1028,381222.19175046997
2024-04-20T00:00:00Z,ASTRUSD,0.1027,0.1133,0.1022,0.1124,209578.17848008982
2024-04-21T00:00:00Z,ASTRUSD,0.1117,0.1143,0.1105,0.1125,59276.66246306
2024-04-22T00:00:00Z,ASTRUSD,0.1137,0.1179,0.112,0.1145,1807532.52382639
2024-04-23T00:00:00Z,ASTRUSD,0.1145,0.1152,0.1119,0.1149,5213144.438375055
2024-04-24T00:00:00Z,ASTRUSD,0.1149,0.121,0.1091,0.1103,396106.93207407976
2024-04-25T00:00:00Z,ASTRUSD,0.1103,0.1122,0.1042,0.1083,596755.7207305498
2024-04-26T00:00:00Z,ASTRUSD,0.1088,0.1096,0.103,0.1035,302587.25706068997
2024-04-27T00:00:00Z,ASTRUSD,0.1046,0.1052,0.0975,0.1039,506556.4811791005
2024-04-28T00:00:00Z,ASTRUSD,0.1037,0.1065,0.1025,0.1039,51212.674004759974
2024-04-29T00:00:00Z,ASTRUSD,0.1038,0.1046,0.0999,0.104,89334.91587865
2024-04-30T00:00:00Z,ASTRUSD,0.1037,0.1057,0.09,0.0925,529309.9280791704
2024-05-01T00:00:00Z,ASTRUSD,0.0925,0.0948,0.0861,0.0939,750116.7141377396
2024-05-02T00:00:00Z,ASTRUSD,0.0938,0.0972,0.0896,0.0956,125087.47747505993
2024-05-03T00:00:00Z,ASTRUSD,0.0953,0.0989,0.0929,0.0982,269868.5468726002
2024-05-04T00:00:00Z,ASTRUSD,0.0981,0.0995,0.0973,0.0982,69791.57732891002
2024-05-05T00:00:00Z,ASTRUSD,0.0986,0.1002,0.0966,0.0985,91019.67016357998
2024-05-06T00:00:00Z,ASTRUSD,0.0983,0.1012,0.0954,0.0954,163535.79740166006
2024-05-07T00:00:00Z,ASTRUSD,0.0959,0.0978,0.0941,0.0947,103709.83080247998
2024-05-08T00:00:00Z,ASTRUSD,0.0943,0.0962,0.0926,0.0932,560929.04291002
2024-05-09T00:00:00Z,ASTRUSD,0.0929,0.0945,0.0902,0.094,496388.74396213976
2024-05-10T00:00:00Z,ASTRUSD,0.094,0.0951,0.0897,0.0904,222104.59448927018
2024-05-11T00:00:00Z,ASTRUSD,0.0902,0.0912,0.0891,0.0891,77649.23159615001
2024-05-12T00:00:00Z,ASTRUSD,0.0898,0.0902,0.0882,0.089,73143.86399297
2024-05-13T00:00:00Z,ASTRUSD,0.0891,0.0901,0.084,0.0878,189042.15227621005
2024-05-14T00:00:00Z,ASTRUSD,0.0877,0.0888,0.0838,0.084,161138.97075925997
2024-05-15T00:00:00Z,ASTRUSD,0.0842,0.0907,0.0839,0.0902,386153.04484678985
2024-05-16T00:00:00Z,ASTRUSD,0.0904,0.0908,0.0874,0.0885,327132.70954164997
2024-05-17T00:00:00Z,ASTRUSD,0.0888,0.0934,0.088,0.0929,875402.1747557598
2024-05-18T00:00:00Z,ASTRUSD,0.0926,0.0934,0.0911,0.0925,219254.87925856005
2024-05-19T00:00:00Z,ASTRUSD,0.0924,0.0928,0.0876,0.0876,101762.20430833996
2024-05-20T00:00:00Z,ASTRUSD,0.0878,0.0959,0.0867,0.0955,603539.19977863
2024-05-21T00:00:00Z,ASTRUSD,0.0954,0.0964,0.0937,0.0946,1517981.6007066313
2024-05-22T00:00:00Z,ASTRUSD,0.0945,0.0946,0.0908,0.0925,1529889.071134151
2024-05-23T00:00:00Z,ASTRUSD,0.0926,0.0943,0.0872,0.0909,350982.3740265803
2024-05-24T00:00:00Z,ASTRUSD,0.091,0.0921,0.087,0.0901,218537.92385123993
2024-05-25T00:00:00Z,ASTRUSD,0.0907,0.0923,0.0899,0.0923,93622.22010349004
2024-05-26T00:00:00Z,ASTRUSD,0.0924,0.0926,0.0892,0.0898,100441.04643634001
2024-05-27T00:00:00Z,ASTRUSD,0.0897,0.0936,0.0891,0.092,1266023.2172255602
2024-05-28T00:00:00Z,ASTRUSD,0.0919,0.0919,0.0881,0.0903,437609.29547543987
2024-05-29T00:00:00Z,ASTRUSD,0.0903,0.0903,0.0879,0.0882,152036.57704072
2024-05-30T00:00:00Z,ASTRUSD,0.0884,0.089,0.0859,0.0865,116744.77312419994
2024-05-31T00:00:00Z,ASTRUSD,0.0861,0.0868,0.0848,0.0859,60290.35465842999
2024-06-01T00:00:00Z,ASTRUSD,0.0855,0.0863,0.0853,0.0863,188530.60430907
2024-06-02T00:00:00Z,ASTRUSD,0.0864,0.0874,0.0858,0.0859,82066.29741831002
2024-06-03T00:00:00Z,ASTRUSD,0.0855,0.0882,0.0855,0.0864,97598.65580647001
2024-06-04T00:00:00Z,ASTRUSD,0.0858,0.0935,0.0857,0.0935,1477067.2212230186
2024-06-05T00:00:00Z,ASTRUSD,0.0936,0.103,0.0936,0.0989,2176662.5446271915
2024-06-06T00:00:00Z,ASTRUSD,0.0996,0.1011,0.095,0.0955,330208.01379676
2024-06-07T00:00:00Z,ASTRUSD,0.0952,0.0975,0.083,0.0886,538804.6938777015
2024-06-08T00:00:00Z,ASTRUSD,0.0885,0.0912,0.0843,0.0856,327233.75868299
2024-06-09T00:00:00Z,ASTRUSD,0.0855,0.0881,0.0847,0.0874,27263.304141499997
2024-06-10T00:00:00Z,ASTRUSD,0.0873,0.0907,0.0856,0.0866,128444.55603243003
2024-06-11T00:00:00Z,ASTRUSD,0.0865,0.0874,0.0821,0.0841,151523.81726724003
2024-06-12T00:00:00Z,ASTRUSD,0.0842,0.0888,0.0822,0.0857,466778.59205284965
2024-06-13T00:00:00Z,ASTRUSD,0.0858,0.0861,0.0819,0.0823,201909.20055836986
2024-06-14T00:00:00Z,ASTRUSD,0.0826,0.0837,0.0768,0.0796,378802.5808442702
2024-06-15T00:00:00Z,ASTRUSD,0.0796,0.0807,0.0793,0.0797,72991.0249448
2024-06-16T00:00:00Z,ASTRUSD,0.0797,0.0797,0.0776,0.0784,46143.53438813002
2024-06-17T00:00:00Z,ASTRUSD,0.0786,0.0798,0.0706,0.0719,273528.0771270201
2024-06-18T00:00:00Z,ASTRUSD,0.0719,0.0719,0.0635,0.0674,1111861.3139042195
2024-06-19T00:00:00Z,ASTRUSD,0.0671,0.0698,0.0663,0.069,769438.3360101393
2024-06-20T00:00:00Z,ASTRUSD,0.0689,0.0721,0.0686,0.0697,71566.48884790004
2024-06-21T00:00:00Z,ASTRUSD,0.0694,0.0704,0.0678,0.0688,96853.09013407998
2024-06-22T00:00:00Z,ASTRUSD,0.0687,0.0691,0.0678,0.0689,24662.961859490002
2024-06-23T00:00:00Z,ASTRUSD,0.0693,0.0701,0.067,0.0674,92672.37785746998
2024-06-24T00:00:00Z,ASTRUSD,0.0675,0.0679,0.0637,0.0671,519111.70615992974
2024-06-25T00:00:00Z,ASTRUSD,0.0674,0.0709,0.0668,0.07,280538.47672927997
2024-06-26T00:00:00Z,ASTRUSD,0.07,0.0704,0.0668,0.067,119707.97784820001
2024-06-27T00:00:00Z,ASTRUSD,0.0668,0.0692,0.0648,0.0681,225510.92110307005
2024-06-28T00:00:00Z,ASTRUSD,0.0679,0.0698,0.0664,0.0664,1120629.31542753
2024-06-29T00:00:00Z,ASTRUSD,0.0671,0.0671,0.0656,0.0656,69583.82447215
2024-06-30T00:00:00Z,ASTRUSD,0.0658,0.0685,0.0651,0.0685,1317854.1779029598
2024-07-01T00:00:00Z,ASTRUSD,0.0683,0.0752,0.0681,0.0746,397574.03954529983
2024-07-02T00:00:00Z,ASTRUSD,0.075,0.0797,0.0723,0.0735,4004113.687726238
2024-07-03T00:00:00Z,ASTRUSD,0.074,0.0741,0.0687,0.0714,867793.3047581996
2024-07-04T00:00:00Z,ASTRUSD,0.0712,0.0719,0.062,0.0621,498955.35524445
2024-07-05T00:00:00Z,ASTRUSD,0.0621,0.063,0.0553,0.062,724624.915238961
2024-07-06T00:00:00Z,ASTRUSD,0.0621,0.0662,0.0612,0.0658,176404.12180858004
2024-07-07T00:00:00Z,ASTRUSD,0.0651,0.0651,0.0602,0.0602,895942.0938423394
2024-07-08T00:00:00Z,ASTRUSD,0.0605,0.066,0.0584,0.0638,517083.2979774002
2024-07-09T00:00:00Z,ASTRUSD,0.0641,0.0654,0.0636,0.0647,217976.05561968993
2024-07-10T00:00:00Z,ASTRUSD,0.0643,0.0659,0.064,0.0644,294776.8838976102
2024-07-11T00:00:00Z,ASTRUSD,0.0648,0.0682,0.0641,0.065,964498.4761354298
2024-07-12T00:00:00Z,ASTRUSD,0.065,0.0677,0.0637,0.0674,422050.31716818985
2024-07-13T00:00:00Z,ASTRUSD,0.0673,0.0768,0.0672,0.0761,181683.74071253004
2024-07-14T00:00:00Z,ASTRUSD,0.076,0.0782,0.0731,0.0748,98998.15755131996
2024-07-15T00:00:00Z,ASTRUSD,0.0747,0.0772,0.0745,0.0772,265098.55748127005
2024-07-16T00:00:00Z,ASTRUSD,0.0773,0.0825,0.0726,0.0811,1582998.3280597697
2024-07-17T00:00:00Z,ASTRUSD,0.081,0.0823,0.0794,0.0799,787051.2991433293
2024-07-18T00:00:00Z,ASTRUSD,0.0802,0.0835,0.0791,0.0806,106679.1208096899
2024-07-19T00:00:00Z,ASTRUSD,0.0804,0.0822,0.0782,0.0815,134503.4266265601
2024-07-20T00:00:00Z,ASTRUSD,0.0816,0.0816,0.0796,0.0812,63759.82443666
2024-07-21T00:00:00Z,ASTRUSD,0.0813,0.0817,0.0767,0.0812,78284.0531174
2024-07-22T00:00:00Z,ASTRUSD,0.0811,0.0812,0.076,0.076,591551.7818117102
2024-07-23T00:00:00Z,ASTRUSD,0.0764,0.0775,0.0719,0.073,464007.56998370995
2024-07-24T00:00:00Z,ASTRUSD,0.0733,0.0759,0.0714,0.0714,107203.48937656001
2024-07-25T00:00:00Z,ASTRUSD,0.072,0.0722,0.0691,0.0719,96512.54228370999
2024-07-26T00:00:00Z,ASTRUSD,0.0721,0.0753,0.0721,0.0751,19799.794583960007
2024-07-27T00:00:00Z,ASTRUSD,0.0751,0.0768,0.074,0.0757,107282.41019748998
2024-07-28T00:00:00Z,ASTRUSD,0.0755,0.0755,0.073,0.0733,51974.807662079984
2024-07-29T00:00:00Z,ASTRUSD,0.0736,0.0766,0.0735,0.0735,100498.22115017001
2024-07-30T00:00:00Z,ASTRUSD,0.0737,0.0752,0.0702,0.0711,77160.04360351007
2024-07-31T00:00:00Z,ASTRUSD,0.0713,0.0728,0.0701,0.0703,32320.653697289996
2024-08-01T00:00:00Z,ASTRUSD,0.0703,0.0708,0.0654,0.0697,515611.33869972
2024-08-02T00:00:00Z,ASTRUSD,0.0697,0.07,0.062,0.0627,912412.0196122903
2024-08-03T00:00:00Z,ASTRUSD,0.0626,0.0634,0.0579,0.0595,253276.1901037499
2024-08-04T00:00:00Z,ASTRUSD,0.0597,0.0599,0.0539,0.0556,226011.53729031005
2024-08-05T00:00:00Z,ASTRUSD,0.0557,0.0559,0.0465,0.0532,5920804.982253183
2024-08-06T00:00:00Z,ASTRUSD,0.0534,0.056,0.0533,0.0542,310820.4064051401
2024-08-07T00:00:00Z,ASTRUSD,0.0542,0.0563,0.0523,0.0525,205724.4221333
2024-08-08T00:00:00Z,ASTRUSD,0.0526,0.059,0.0519,0.0588,225871.9046671401
2024-08-09T00:00:00Z,ASTRUSD,0.0591,0.0598,0.0569,0.0583,102637.53398841001
2024-08-10T00:00:00Z,ASTRUSD,0.0583,0.0604,0.0579,0.06,17656.25760853
2024-08-11T00:00:00Z,ASTRUSD,0.06,0.0657,0.0582,0.0582,292841.12937794003
2024-08-12T00:00:00Z,ASTRUSD,0.0579,0.0607,0.0565,0.0604,137325.11434635994
2024-08-13T00:00:00Z,ASTRUSD,0.0601,0.0613,0.0578,0.0609,185722.49412674012
2024-08-14T00:00:00Z,ASTRUSD,0.0606,0.0611,0.0583,0.0591,270981.61011421
2024-08-15T00:00:00Z,ASTRUSD,0.0592,0.0614,0.0583,0.0597,345409.3271930201
2024-08-16T00:00:00Z,ASTRUSD,0.0597,0.0605,0.0573,0.0594,111596.03254641003
2024-08-17T00:00:00Z,ASTRUSD,0.0592,0.0624,0.059,0.0611,161893.44157628
2024-08-18T00:00:00Z,ASTRUSD,0.0611,0.0611,0.0591,0.0592,247063.49077505004
2024-08-19T00:00:00Z,ASTRUSD,0.0591,0.0612,0.058,0.0612,1937645.394541027
2024-08-20T00:00:00Z,ASTRUSD,0.0611,0.0628,0.0606,0.0617,630068.7079052204
2024-08-21T00:00:00Z,ASTRUSD,0.0618,0.0702,0.0612,0.0678,915272.8777989701
2024-08-22T00:00:00Z,ASTRUSD,0.0677,0.0719,0.0675,0.0714,1329472.7963464705
2024-08-23T00:00:00Z,ASTRUSD,0.0714,0.0774,0.0703,0.075,1054357.1150826192
2024-08-24T00:00:00Z,ASTRUSD,0.075,0.0811,0.0735,0.079,712184.4107615302
2024-08-25T00:00:00Z,ASTRUSD,0.0793,0.08,0.0739,0.0757,471184.71611678
2024-08-26T00:00:00Z,ASTRUSD,0.0762,0.0767,0.0713,0.0717,711213.88139686
2024-08-27T00:00:00Z,ASTRUSD,0.0716,0.0757,0.0698,0.0708,1168473.7030959805
2024-08-28T00:00:00Z,ASTRUSD,0.0698,0.088,0.0638,0.0656,3135093.8864381975
2024-08-29T00:00:00Z,ASTRUSD,0.0657,0.0688,0.0634,0.0641,1456906.4357956909
2024-08-30T00:00:00Z,ASTRUSD,0.064,0.0648,0.0609,0.0638,205788.89314887
2024-08-31T00:00:00Z,ASTRUSD,0.0639,0.064,0.0618,0.0622,44246.373597970014
2024-09-01T00:00:00Z,ASTRUSD,0.0623,0.0623,0.0589,0.0591,63694.071811489965
2024-09-02T00:00:00Z,ASTRUSD,0.0592,0.0614,0.0586,0.0613,199314.70107429006
2024-09-03T00:00:00Z,ASTRUSD,0.0619,0.0631,0.0575,0.0575,155604.07739534022
2024-09-04T00:00:00Z,ASTRUSD,0.0577,0.0599,0.0547,0.057,1386189.6565292687
2024-09-05T00:00:00Z,ASTRUSD,0.057,0.0574,0.0519,0.0525,1765666.4013043684
2024-09-06T00:00:00Z,ASTRUSD,0.0525,0.0539,0.0493,0.0511,954374.2885747995
2024-09-07T00:00:00Z,ASTRUSD,0.0511,0.0526,0.0507,0.0517,221085.01874422003
2024-09-08T00:00:00Z,ASTRUSD,0.0518,0.0532,0.0509,0.0525,418033.15617669997
2024-09-09T00:00:00Z,ASTRUSD,0.0528,0.0553,0.0524,0.0549,199234.81796884
2024-09-10T00:00:00Z,ASTRUSD,0.0548,0.0574,0.054,0.0568,515898.65328137
2024-09-11T00:00:00Z,ASTRUSD,0.0566,0.0573,0.054,0.057,173670.76881105002
2024-09-12T00:00:00Z,ASTRUSD,0.0572,0.0592,0.0568,0.0592,593847.4642949101
2024-09-13T00:00:00Z,ASTRUSD,0.0594,0.0602,0.0575,0.0598,132226.73288227007
2024-09-14T00:00:00Z,ASTRUSD,0.0598,0.0614,0.0595,0.0614,86344.01618308999
2024-09-15T00:00:00Z,ASTRUSD,0.0616,0.0623,0.0584,0.0587,83316.88237995002
2024-09-16T00:00:00Z,ASTRUSD,0.0592,0.0592,0.0575,0.0583,57260.721753039994
2024-09-17T00:00:00Z,ASTRUSD,0.0584,0.0633,0.0578,0.0626,223360.68767806998
2024-09-18T00:00:00Z,ASTRUSD,0.0623,0.0637,0.0581,0.0632,636895.3797482097
2024-09-19T00:00:00Z,ASTRUSD,0.0636,0.0689,0.0632,0.0644,1898380.9600241487
2024-09-20T00:00:00Z,ASTRUSD,0.0644,0.0702,0.0634,0.0665,1834898.8483490592
2024-09-21T00:00:00Z,ASTRUSD,0.0664,0.0697,0.0663,0.0697,243604.98764408988
2024-09-22T00:00:00Z,ASTRUSD,0.0701,0.0702,0.0638,0.0659,812035.1856481303
2024-09-23T00:00:00Z,ASTRUSD,0.066,0.0676,0.0648,0.0667,344175.1656341596
2024-09-24T00:00:00Z,ASTRUSD,0.0668,0.0697,0.0655,0.0688,742052.9816584507
2024-09-25T00:00:00Z,ASTRUSD,0.069,0.0711,0.0589,0.0669,2981265.119087009
2024-09-26T00:00:00Z,ASTRUSD,0.0669,0.0714,0.0661,0.0714,514702.76082936994
2024-09-27T00:00:00Z,ASTRUSD,0.0713,0.0729,0.0703,0.0725,342762.7873161299
2024-09-28T00:00:00Z,ASTRUSD,0.0727,0.0733,0.0697,0.0703,175816.29209989007
2024-09-29T00:00:00Z,ASTRUSD,0.0706,0.0724,0.0688,0.0707,214103.60408873993
2024-09-30T00:00:00Z,ASTRUSD,0.071,0.0711,0.0662,0.0674,282620.9099737703
2024-10-01T00:00:00Z,ASTRUSD,0.0673,0.069,0.0612,0.0621,454371.03627401
2024-10-02T00:00:00Z,ASTRUSD,0.0622,0.0656,0.0598,0.0606,192579.48704077993
2024-10-03T00:00:00Z,ASTRUSD,0.06050,0.06220,0.05780,0.05920,88156.95451720
2024-10-04T00:00:00Z,ASTRUSD,0.05950,0.06150,0.05890,0.06090,282405.46793849
2024-10-05T00:00:00Z,ASTRUSD,0.06130,0.06220,0.06000,0.06060,57250.65901506
2024-10-06T00:00:00Z,ASTRUSD,0.06060,0.06190,0.05980,0.06160,81711.50599216
2024-10-07T00:00:00Z,ASTRUSD,0.06160,0.06280,0.05940,0.05940,2316032.37977349
2024-10-08T00:00:00Z,ASTRUSD,0.05960,0.06140,0.05910,0.05930,238310.60139402
2024-10-09T00:00:00Z,ASTRUSD,0.05970,0.06060,0.05680,0.05720,302951.42023518
2024-10-10T00:00:00Z,ASTRUSD,0.05740,0.05840,0.05620,0.05710,259443.55464235
2024-10-11T00:00:00Z,ASTRUSD,0.05770,0.05960,0.05720,0.05900,200065.52878984
2024-10-12T00:00:00Z,ASTRUSD,0.05950,0.06050,0.05880,0.05980,59280.89655761
2024-10-13T00:00:00Z,ASTRUSD,0.06000,0.06010,0.05830,0.05940,117732.52502849
2024-10-14T00:00:00Z,ASTRUSD,0.05940,0.06320,0.05900,0.06270,1333296.21261525
2024-10-15T00:00:00Z,ASTRUSD,0.06300,0.06340,0.06020,0.06240,355769.30828212
2024-10-16T00:00:00Z,ASTRUSD,0.06240,0.06260,0.05970,0.06040,322037.28847666
2024-10-17T00:00:00Z,ASTRUSD,0.06010,0.06010,0.05760,0.05810,318311.11612738
2024-10-18T00:00:00Z,ASTRUSD,0.05870,0.05980,0.05860,0.05930,66179.09661129
2024-10-19T00:00:00Z,ASTRUSD,0.06010,0.06180,0.06000,0.06030,181250.53003099
2024-10-20T00:00:00Z,ASTRUSD,0.06060,0.06320,0.06010,0.06320,148086.78703130
2024-10-21T00:00:00Z,ASTRUSD,0.06320,0.06320,0.06000,0.06090,553629.16770650
2024-10-22T00:00:00Z,ASTRUSD,0.06110,0.06120,0.06000,0.06050,25479.72823083
2024-10-23T00:00:00Z,ASTRUSD,0.06040,0.06040,0.05680,0.05810,256824.69052241
2024-10-24T00:00:00Z,ASTRUSD,0.05910,0.05930,0.05760,0.05860,153997.77222823
2024-10-25T00:00:00Z,ASTRUSD,0.05800,0.05840,0.05180,0.05430,501769.56965485
2024-10-26T00:00:00Z,ASTRUSD,0.05390,0.05520,0.05340,0.05480,469553.34059520
2024-10-27T00:00:00Z,ASTRUSD,0.05460,0.05550,0.05460,0.05550,168823.03970905
2024-10-28T00:00:00Z,ASTRUSD,0.05480,0.05550,0.05340,0.05550,950550.83326150
2024-10-29T00:00:00Z,ASTRUSD,0.05550,0.05730,0.05540,0.05640,369961.92586215
2024-10-30T00:00:00Z,ASTRUSD,0.05580,0.05660,0.05510,0.05580,213772.44773443
2024-10-31T00:00:00Z,ASTRUSD,0.05590,0.05590,0.05260,0.05310,158929.42093338
2024-11-01T00:00:00Z,ASTRUSD,0.05330,0.05390,0.05220,0.05260,348609.10350494
2024-11-02T00:00:00Z,ASTRUSD,0.05300,0.05370,0.05170,0.05200,20189.65923585
2024-11-03T00:00:00Z,ASTRUSD,0.05240,0.05240,0.04950,0.05130,207343.80314911
2024-11-04T00:00:00Z,ASTRUSD,0.05080,0.05150,0.04920,0.04920,61133.48885841
2024-11-05T00:00:00Z,ASTRUSD,0.04950,0.05290,0.04950,0.05210,244291.57393960
2024-11-06T00:00:00Z,ASTRUSD,0.05250,0.05780,0.05250,0.05630,682354.65147958
2024-11-07T00:00:00Z,ASTRUSD,0.05630,0.05770,0.05500,0.05580,123656.36447774
2024-11-08T00:00:00Z,ASTRUSD,0.05680,0.05690,0.05470,0.05600,443326.72901721
2024-11-09T00:00:00Z,ASTRUSD,0.05650,0.05950,0.05650,0.05880,527415.81146423
2024-11-10T00:00:00Z,ASTRUSD,0.05980,0.06370,0.05840,0.06140,736794.04470848
2024-11-11T00:00:00Z,ASTRUSD,0.06210,0.06410,0.06020,0.06410,484826.88739567
2024-11-12T00:00:00Z,ASTRUSD,0.06320,0.06500,0.05780,0.06100,515655.28803473
2024-11-13T00:00:00Z,ASTRUSD,0.06110,0.06400,0.05650,0.05780,468408.59532295
2024-11-14T00:00:00Z,ASTRUSD,0.05900,0.05970,0.05580,0.05590,401577.35912813
2024-11-15T00:00:00Z,ASTRUSD,0.05590,0.05960,0.05480,0.05940,434787.42548419
2024-11-16T00:00:00Z,ASTRUSD,0.05920,0.06670,0.05910,0.06370,2436484.82761381
2024-11-17T00:00:00Z,ASTRUSD,0.06450,0.07030,0.06100,0.06290,1461227.53245737
2024-11-18T00:00:00Z,ASTRUSD,0.06270,0.07020,0.06270,0.06880,1490704.83219993
2024-11-19T00:00:00Z,ASTRUSD,0.06790,0.07200,0.06470,0.06560,876115.49093483
2024-11-20T00:00:00Z,ASTRUSD,0.06830,0.07020,0.06260,0.06370,1734107.64106615
2024-11-21T00:00:00Z,ASTRUSD,0.06310,0.06760,0.06190,0.06570,849370.78481047
2024-11-22T00:00:00Z,ASTRUSD,0.06470,0.06860,0.06390,0.06840,1385877.45408932
2024-11-23T00:00:00Z,ASTRUSD,0.06790,0.07890,0.06760,0.07610,3205569.98980831
2024-11-24T00:00:00Z,ASTRUSD,0.07620,0.08410,0.07100,0.07810,1709594.91883786
2024-11-25T00:00:00Z,ASTRUSD,0.07750,0.08080,0.07480,0.07660,1290656.98972841
2024-11-26T00:00:00Z,ASTRUSD,0.07600,0.08180,0.07360,0.07790,970659.63099546
2024-11-27T00:00:00Z,ASTRUSD,0.07760,0.08220,0.07630,0.08140,596981.90439676
2024-11-28T00:00:00Z,ASTRUSD,0.08190,0.08300,0.07850,0.08000,481024.86962689
2024-11-29T00:00:00Z,ASTRUSD,0.07900,0.08090,0.07690,0.08090,552464.31519104
2024-11-30T00:00:00Z,ASTRUSD,0.07940,0.08470,0.07880,0.08350,403453.86340773
2024-12-01T00:00:00Z,ASTRUSD,0.08220,0.08630,0.08000,0.08260,583242.14361011
2024-12-02T00:00:00Z,ASTRUSD,0.08270,0.08470,0.07630,0.08030,1270525.05758954
2024-12-03T00:00:00Z,ASTRUSD,0.08120,0.08960,0.07620,0.08950,797083.84667407
2024-12-04T00:00:00Z,ASTRUSD,0.08850,0.09900,0.08620,0.09140,2052175.24767543
2024-12-05T00:00:00Z,ASTRUSD,0.09100,0.09100,0.08460,0.08780,1370185.70924627
2024-12-06T00:00:00Z,ASTRUSD,0.08780,0.09220,0.08540,0.09190,729727.33366497
2024-12-07T00:00:00Z,ASTRUSD,0.09090,0.09170,0.08800,0.08880,931285.69822471
2024-12-08T00:00:00Z,ASTRUSD,0.08850,0.08900,0.08490,0.08810,178858.24257806
2024-12-09T00:00:00Z,ASTRUSD,0.08820,0.08820,0.06250,0.07260,757451.01104030
2024-12-10T00:00:00Z,ASTRUSD,0.07140,0.07340,0.06400,0.06980,855720.94760550
2024-12-11T00:00:00Z,ASTRUSD,0.06880,0.07520,0.06650,0.07520,467528.47067118
2024-12-12T00:00:00Z,ASTRUSD,0.07540,0.07880,0.07480,0.07550,632692.47181795
2024-12-13T00:00:00Z,ASTRUSD,0.07650,0.07650,0.07380,0.07510,277003.02682737
2024-12-14T00:00:00Z,ASTRUSD,0.07560,0.08040,0.07190,0.07340,829824.79434959
2024-12-15T00:00:00Z,ASTRUSD,0.07250,0.07740,0.07170,0.07640,525530.97061683
2024-12-16T00:00:00Z,ASTRUSD,0.07720,0.07840,0.07000,0.07300,904091.58282521
2024-12-17T00:00:00Z,ASTRUSD,0.07140,0.07250,0.06790,0.06860,476914.76189095
2024-12-18T00:00:00Z,ASTRUSD,0.06880,0.06940,0.06260,0.06450,725150.52570337
2024-12-19T00:00:00Z,ASTRUSD,0.06420,0.06520,0.05670,0.05860,571529.71394281
2024-12-20T00:00:00Z,ASTRUSD,0.05840,0.06250,0.05280,0.06250,1083905.27814832
2024-12-21T00:00:00Z,ASTRUSD,0.06200,0.06580,0.05830,0.05850,283751.76737576
2024-12-22T00:00:00Z,ASTRUSD,0.06010,0.06150,0.05850,0.06000,299402.92050911
2024-12-23T00:00:00Z,ASTRUSD,0.05850,0.06360,0.05850,0.06360,49274.84137605
2024-12-24T00:00:00Z,ASTRUSD,0.06280,0.06520,0.06180,0.06430,314273.99796184
2024-12-25T00:00:00Z,ASTRUSD,0.06490,0.06540,0.06330,0.06380,207224.56565963
2024-12-26T00:00:00Z,ASTRUSD,0.06450,0.06450,0.05900,0.05960,342483.07755299
2024-12-27T00:00:00Z,ASTRUSD,0.05960,0.06350,0.05960,0.06150,606094.35959337
2024-12-28T00:00:00Z,ASTRUSD,0.06230,0.06640,0.06220,0.06430,690158.68593812
2024-12-29T00:00:00Z,ASTRUSD,0.06380,0.06490,0.06130,0.06180,1673354.34578531
2024-12-30T00:00:00Z,ASTRUSD,0.06230,0.06300,0.05910,0.06050,178008.74077089
2024-12-31T00:00:00Z,ASTRUSD,0.06010,0.06130,0.05890,0.05890,160755.83081897
2025-01-01T00:00:00Z,ASTRUSD,0.05920,0.06110,0.05780,0.06110,240675.74911497
2025-01-02T00:00:00Z,ASTRUSD,0.06170,0.06300,0.06140,0.06160,266803.59997064
2025-01-03T00:00:00Z,ASTRUSD,0.06140,0.06470,0.06120,0.06460,231034.03237568
2025-01-04T00:00:00Z,ASTRUSD,0.06440,0.06760,0.06410,0.06580,453988.11799889
2025-01-05T00:00:00Z,ASTRUSD,0.06540,0.06620,0.06460,0.06600,261835.11255206
2025-01-06T00:00:00Z,ASTRUSD,0.06580,0.06830,0.06580,0.06720,142223.71728146
2025-01-07T00:00:00Z,ASTRUSD,0.06780,0.06780,0.06080,0.06110,305582.11448575
2025-01-08T00:00:00Z,ASTRUSD,0.06130,0.06130,0.05850,0.06070,192429.49733660
2025-01-09T00:00:00Z,ASTRUSD,0.06040,0.06160,0.05830,0.05880,253836.11246278
2025-01-10T00:00:00Z,ASTRUSD,0.05920,0.06230,0.05920,0.06210,255341.74373699
2025-01-11T00:00:00Z,ASTRUSD,0.06150,0.06190,0.06030,0.06140,131196.41676897
2025-01-12T00:00:00Z,ASTRUSD,0.06210,0.06210,0.05910,0.05910,76539.18967184
2025-01-13T00:00:00Z,ASTRUSD,0.05980,0.05980,0.05390,0.05780,264911.15149614
2025-01-14T00:00:00Z,ASTRUSD,0.05750,0.06050,0.05750,0.05990,119657.71134813
2025-01-15T00:00:00Z,ASTRUSD,0.05960,0.06540,0.05820,0.06350,967561.68931270
2025-01-16T00:00:00Z,ASTRUSD,0.06260,0.06270,0.04500,0.06090,1594643.92618051
2025-01-17T00:00:00Z,ASTRUSD,0.06260,0.06320,0.06220,0.06320,119884.45436568
2025-01-18T00:00:00Z,ASTRUSD,0.06360,0.06360,0.05790,0.05910,367828.41070199
2025-01-19T00:00:00Z,ASTRUSD,0.05960,0.06000,0.05250,0.05330,1031249.35936457
2025-01-20T00:00:00Z,ASTRUSD,0.05270,0.05810,0.05210,0.05390,553587.24022627
2025-01-21T00:00:00Z,ASTRUSD,0.05390,0.05610,0.05180,0.05510,393911.15594886
2025-01-22T00:00:00Z,ASTRUSD,0.05520,0.05520,0.05350,0.05350,92539.82854864
2025-01-23T00:00:00Z,ASTRUSD,0.05310,0.05430,0.05200,0.05250,484121.90612646
2025-01-24T00:00:00Z,ASTRUSD,0.05170,0.05490,0.05170,0.05250,269614.47372651
2025-01-25T00:00:00Z,ASTRUSD,0.05230,0.05350,0.05220,0.05310,455836.36553335
2025-01-26T00:00:00Z,ASTRUSD,0.05300,0.05400,0.05200,0.05200,311536.60297735
2025-01-27T00:00:00Z,ASTRUSD,0.05190,0.05200,0.04800,0.05000,522816.70516044
2025-01-28T00:00:00Z,ASTRUSD,0.04940,0.05020,0.04740,0.04760,302604.24116365
2025-01-29T00:00:00Z,ASTRUSD,0.04790,0.04940,0.04690,0.04890,198893.27440614
2025-01-30T00:00:00Z,ASTRUSD,0.04990,0.05080,0.04970,0.04970,136485.97794363
2025-01-31T00:00:00Z,ASTRUSD,0.04990,0.05180,0.04920,0.05020,139533.46516044
2025-02-01T00:00:00Z,ASTRUSD,0.05050,0.05100,0.04660,0.04690,192518.15077918
2025-02-02T00:00:00Z,ASTRUSD,0.04680,0.04760,0.03980,0.04120,947846.48460213
2025-02-03T00:00:00Z,ASTRUSD,0.04120,0.04200,0.03130,0.04150,2272402.50253493
2025-02-04T00:00:00Z,ASTRUSD,0.04160,0.04220,0.00020,0.03910,3443331.92554077
2025-02-05T00:00:00Z,ASTRUSD,0.03900,0.04100,0.03850,0.03880,1277408.80062143
2025-02-06T00:00:00Z,ASTRUSD,0.03900,0.03980,0.03660,0.03680,1025001.92280028
2025-02-07T00:00:00Z,ASTRUSD,0.03710,0.04010,0.03690,0.03770,761639.51371947
2025-02-08T00:00:00Z,ASTRUSD,0.03770,0.03970,0.03720,0.03960,501707.44173747
2025-02-09T00:00:00Z,ASTRUSD,0.03960,0.04050,0.03770,0.03910,345632.09224173
2025-02-10T00:00:00Z,ASTRUSD,0.03940,0.04070,0.03800,0.04030,663070.65115318
2025-02-11T00:00:00Z,ASTRUSD,0.04040,0.04150,0.03880,0.03940,378411.05227350
2025-02-12T00:00:00Z,ASTRUSD,0.03930,0.04170,0.03820,0.04140,609244.61382878
2025-02-13T00:00:00Z,ASTRUSD,0.04140,0.04190,0.03960,0.04050,666634.04235765
2025-02-14T00:00:00Z,ASTRUSD,0.04060,0.04120,0.04010,0.04050,444114.98731928
2025-02-15T00:00:00Z,ASTRUSD,0.04050,0.04080,0.03930,0.03960,153086.94930624
2025-02-16T00:00:00Z,ASTRUSD,0.03970,0.04050,0.03890,0.03990,295354.64374698
2025-02-17T00:00:00Z,ASTRUSD,0.03990,0.04120,0.03910,0.03950,396657.40725692
2025-02-18T00:00:00Z,ASTRUSD,0.03950,0.03970,0.03680,0.03810,727584.59474006
2025-02-19T00:00:00Z,ASTRUSD,0.03810,0.03980,0.03770,0.03970,447797.25748091
2025-02-20T00:00:00Z,ASTRUSD,0.03970,0.04190,0.03960,0.04190,493754.48364836
2025-02-21T00:00:00Z,ASTRUSD,0.04190,0.04780,0.04130,0.04320,1790221.72843387
2025-02-22T00:00:00Z,ASTRUSD,0.04280,0.04630,0.04210,0.04550,312968.12939180
2025-02-23T00:00:00Z,ASTRUSD,0.04530,0.04570,0.04250,0.04330,2839420.70367779
2025-02-24T00:00:00Z,ASTRUSD,0.04330,0.04330,0.03770,0.03820,739342.11320597
2025-02-25T00:00:00Z,ASTRUSD,0.03830,0.03920,0.03600,0.03860,1291351.04639096
2025-02-26T00:00:00Z,ASTRUSD,0.03840,0.04120,0.03760,0.03910,1875573.56819343
2025-02-27T00:00:00Z,ASTRUSD,0.03920,0.04030,0.03770,0.03880,593568.67022354
2025-02-28T00:00:00Z,ASTRUSD,0.03890,0.03890,0.03530,0.03790,1403477.63210239
2025-03-01T00:00:00Z,ASTRUSD,0.03800,0.03820,0.03640,0.03740,534028.27468160
2025-03-02T00:00:00Z,ASTRUSD,0.03740,0.04000,0.03680,0.03990,595819.14843624
2025-03-03T00:00:00Z,ASTRUSD,0.03990,0.03990,0.03360,0.03410,1519091.38084389
2025-03-04T00:00:00Z,ASTRUSD,0.03380,0.03420,0.03000,0.03370,3095433.55144631
2025-03-05T00:00:00Z,ASTRUSD,0.03370,0.03470,0.03320,0.03460,2351477.45170064
2025-03-06T00:00:00Z,ASTRUSD,0.03450,0.03520,0.03320,0.03350,1825681.81806164
2025-03-07T00:00:00Z,ASTRUSD,0.03350,0.03420,0.03200,0.03290,1237022.50035033
2025-03-08T00:00:00Z,ASTRUSD,0.03280,0.03330,0.03220,0.03250,422561.28493799
2025-03-09T00:00:00Z,ASTRUSD,0.03260,0.03280,0.02950,0.02970,1238753.54095989
2025-03-10T00:00:00Z,ASTRUSD,0.02980,0.03230,0.02860,0.02940,2073110.93327211
2025-03-11T00:00:00Z,ASTRUSD,0.02920,0.03070,0.02720,0.03020,2060412.18701834
2025-03-12T00:00:00Z,ASTRUSD,0.03020,0.03160,0.02950,0.03110,1108218.63829049
2025-03-13T00:00:00Z,ASTRUSD,0.03110,0.03140,0.02960,0.03040,856360.34169189
2025-03-14T00:00:00Z,ASTRUSD,0.03040,0.03160,0.03040,0.03120,423666.69553509
2025-03-15T00:00:00Z,ASTRUSD,0.03110,0.03210,0.03100,0.03200,187420.82974348
2025-03-16T00:00:00Z,ASTRUSD,0.03180,0.03190,0.03050,0.03060,327748.37483427
2025-03-17T00:00:00Z,ASTRUSD,0.03070,0.03220,0.03070,0.03200,476502.07294314
2025-03-18T00:00:00Z,ASTRUSD,0.03190,0.03190,0.03100,0.03190,410280.61959151
2025-03-19T00:00:00Z,ASTRUSD,0.03190,0.03330,0.03180,0.03330,441100.75581005
2025-03-20T00:00:00Z,ASTRUSD,0.03330,0.03340,0.03200,0.03220,458229.96294682
2025-03-21T00:00:00Z,ASTRUSD,0.03210,0.03240,0.03120,0.03240,415382.48016497
2025-03-22T00:00:00Z,ASTRUSD,0.03240,0.03330,0.03240,0.03250,298792.56695396
2025-03-23T00:00:00Z,ASTRUSD,0.03260,0.03310,0.03200,0.03250,453959.76587208
2025-03-24T00:00:00Z,ASTRUSD,0.03260,0.03420,0.03220,0.03410,282672.09981085
2025-03-25T00:00:00Z,ASTRUSD,0.03430,0.03490,0.03390,0.03460,467141.82362880
2025-03-26T00:00:00Z,ASTRUSD,0.03460,0.03490,0.03320,0.03340,191144.89111550
2025-03-27T00:00:00Z,ASTRUSD,0.03350,0.03440,0.03330,0.03380,416636.24210067
2025-03-28T00:00:00Z,ASTRUSD,0.03350,0.03370,0.03110,0.03150,563045.50896592
2025-03-29T00:00:00Z,ASTRUSD,0.03160,0.03180,0.02960,0.03000,1032164.08051425
2025-03-30T00:00:00Z,ASTRUSD,0.03000,0.03070,0.02960,0.02980,463609.30282421
2025-03-31T00:00:00Z,ASTRUSD,0.02990,0.02990,0.02860,0.02920,1237834.79659070
2025-04-01T00:00:00Z,ASTRUSD,0.02920,0.03010,0.02910,0.02940,546196.05179936
2025-04-02T00:00:00Z,ASTRUSD,0.02930,0.02950,0.02650,0.02690,973362.65534939
2025-04-03T00:00:00Z,ASTRUSD,0.02690,0.02760,0.02520,0.02640,5036985.54932568
2025-04-04T00:00:00Z,ASTRUSD,0.02650,0.02700,0.02580,0.02680,1063696.65038749
2025-04-05T00:00:00Z,ASTRUSD,0.02680,0.02700,0.02620,0.02640,217794.32801557
2025-04-06T00:00:00Z,ASTRUSD,0.02640,0.02660,0.02290,0.02300,1278134.35051427
2025-04-07T00:00:00Z,ASTRUSD,0.02310,0.02420,0.02090,0.02340,2618522.19396226
2025-04-08T00:00:00Z,ASTRUSD,0.02340,0.02390,0.02220,0.02240,1070811.75853193
2025-04-09T00:00:00Z,ASTRUSD,0.02240,0.02530,0.02130,0.02520,1577544.99289693
2025-04-10T00:00:00Z,ASTRUSD,0.02530,0.02550,0.02380,0.02410,810659.94014099
2025-04-11T00:00:00Z,ASTRUSD,0.02420,0.02560,0.02420,0.02530,588388.79803726
2025-04-12T00:00:00Z,ASTRUSD,0.02530,0.02700,0.02530,0.02670,845219.47502283
2025-04-13T00:00:00Z,ASTRUSD,0.02670,0.02730,0.02570,0.02580,927295.12010350
2025-04-14T00:00:00Z,ASTRUSD,0.02590,0.02670,0.02510,0.02630,754936.57933426
2025-04-15T00:00:00Z,ASTRUSD,0.02630,0.02700,0.02570,0.02570,573825.38347505
2025-04-16T00:00:00Z,ASTRUSD,0.02570,0.02600,0.02490,0.02520,820176.22203510
2025-04-17T00:00:00Z,ASTRUSD,0.02530,0.02580,0.02460,0.02530,833324.56128572
2025-04-18T00:00:00Z,ASTRUSD,0.02540,0.02670,0.02520,0.02630,523866.83269044
2025-04-19T00:00:00Z,ASTRUSD,0.02640,0.02730,0.02640,0.02730,286487.16491426
2025-04-20T00:00:00Z,ASTRUSD,0.02730,0.02760,0.02690,0.02720,343193.59655663
2025-04-21T00:00:00Z,ASTRUSD,0.02730,0.02780,0.02680,0.02690,372084.29964678
2025-04-22T00:00:00Z,ASTRUSD,0.02680,0.02880,0.02640,0.02880,460950.26606743
2025-04-23T00:00:00Z,ASTRUSD,0.02870,0.02900,0.02810,0.02880,250854.14872632
2025-04-24T00:00:00Z,ASTRUSD,0.02870,0.02900,0.02770,0.02880,260468.30396972
2025-04-25T00:00:00Z,ASTRUSD,0.02930,0.02980,0.02880,0.02950,521726.99534096
2025-04-26T00:00:00Z,ASTRUSD,0.02990,0.03030,0.02930,0.02990,277946.02850628
2025-04-27T00:00:00Z,ASTRUSD,0.03000,0.03000,0.02880,0.02880,200300.50849043
2025-04-28T00:00:00Z,ASTRUSD,0.02880,0.02950,0.02820,0.02910,457506.58705794
2025-04-29T00:00:00Z,ASTRUSD,0.02930,0.02980,0.02880,0.02880,468719.22320943
2025-04-30T00:00:00Z,ASTRUSD,0.02910,0.02930,0.02790,0.02890,373652.36763017
2025-05-01T00:00:00Z,ASTRUSD,0.02900,0.02980,0.02880,0.02930,169753.06138276
2025-05-02T00:00:00Z,ASTRUSD,0.02940,0.02980,0.02900,0.02920,222435.87234411
2025-05-03T00:00:00Z,ASTRUSD,0.02900,0.02900,0.02750,0.02770,160648.57277310
2025-05-04T00:00:00Z,ASTRUSD,0.02760,0.02760,0.02680,0.02700,177751.84593932
2025-05-05T00:00:00Z,ASTRUSD,0.02710,0.02750,0.02640,0.02740,621421.62653982
2025-05-06T00:00:00Z,ASTRUSD,0.02710,0.02740,0.02580,0.02650,419331.40418234
2025-05-07T00:00:00Z,ASTRUSD,0.02680,0.02690,0.02620,0.02650,178515.53770654
2025-05-08T00:00:00Z,ASTRUSD,0.02680,0.02998,0.02680,0.02997,482277.20164766
2025-05-09T00:00:00Z,ASTRUSD,0.03003,0.03150,0.03003,0.03150,570405.91528655
2025-05-10T00:00:00Z,ASTRUSD,0.03160,0.03317,0.03140,0.03294,345399.88220933
2025-05-11T00:00:00Z,ASTRUSD,0.03311,0.03311,0.03084,0.03108,620598.44129521
2025-05-12T00:00:00Z,ASTRUSD,0.03102,0.03467,0.03070,0.03371,1820116.66943668
2025-05-13T00:00:00Z,ASTRUSD,0.03361,0.03486,0.03240,0.03412,373122.69383866
2025-05-14T00:00:00Z,ASTRUSD,0.03410,0.03452,0.03280,0.03319,421850.74476486
2025-05-15T00:00:00Z,ASTRUSD,0.03350,0.03350,0.03023,0.03079,314590.70176799
2025-05-16T00:00:00Z,ASTRUSD,0.03120,0.03216,0.03061,0.03089,477319.86245668
2025-05-17T00:00:00Z,ASTRUSD,0.03040,0.03070,0.02989,0.03011,71767.49097119
2025-05-18T00:00:00Z,ASTRUSD,0.03040,0.03175,0.02936,0.02982,127035.42569013
2025-05-19T00:00:00Z,ASTRUSD,0.03108,0.03108,0.02936,0.03024,210735.11161059
2025-05-20T00:00:00Z,ASTRUSD,0.03037,0.03085,0.02967,0.03040,243253.58433737
2025-05-21T00:00:00Z,ASTRUSD,0.03020,0.03101,0.02957,0.03029,405998.47187671
2025-05-22T00:00:00Z,ASTRUSD,0.03070,0.03154,0.03070,0.03140,393941.63302870
2025-05-23T00:00:00Z,ASTRUSD,0.03160,0.03202,0.02914,0.02914,158915.99171792
2025-05-24T00:00:00Z,ASTRUSD,0.02950,0.03023,0.02950,0.02998,234375.83122048
2025-05-25T00:00:00Z,ASTRUSD,0.02970,0.02970,0.02850,0.02954,46400.37753747
2025-05-26T00:00:00Z,ASTRUSD,0.02954,0.02996,0.02900,0.02913,42059.03807752
2025-05-27T00:00:00Z,ASTRUSD,0.02897,0.03012,0.02849,0.02952,273074.91763516
2025-05-28T00:00:00Z,ASTRUSD,0.02945,0.02957,0.02850,0.02937,382237.49676988
2025-05-29T00:00:00Z,ASTRUSD,0.02945,0.03020,0.02825,0.02835,674530.08957844
2025-05-30T00:00:00Z,ASTRUSD,0.02843,0.02843,0.02587,0.02601,362386.34449833
2025-05-31T00:00:00Z,ASTRUSD,0.02609,0.02612,0.02511,0.02599,154709.78422604
2025-06-01T00:00:00Z,ASTRUSD,0.02585,0.02630,0.02543,0.02630,91467.57867083
2025-06-02T00:00:00Z,ASTRUSD,0.02649,0.02701,0.02596,0.02701,70935.74485836
2025-06-03T00:00:00Z,ASTRUSD,0.02698,0.02732,0.02695,0.02697,147243.52254751
2025-06-04T00:00:00Z,ASTRUSD,0.02718,0.02811,0.02690,0.02760,275693.83916405
2025-06-05T00:00:00Z,ASTRUSD,0.02759,0.02800,0.02583,0.02654,407998.62491170
2025-06-06T00:00:00Z,ASTRUSD,0.02649,0.02708,0.02617,0.02634,323509.51689297
2025-06-07T00:00:00Z,ASTRUSD,0.02648,0.02782,0.02648,0.02738,525164.29963548
2025-06-08T00:00:00Z,ASTRUSD,0.02729,0.02751,0.02691,0.02705,318440.70858823
2025-06-09T00:00:00Z,ASTRUSD,0.02711,0.02816,0.02692,0.02813,455032.40352511
2025-06-10T00:00:00Z,ASTRUSD,0.02819,0.02870,0.02772,0.02843,198533.35657340
2025-06-11T00:00:00Z,ASTRUSD,0.02799,0.02831,0.02730,0.02746,146522.18899771
2025-06-12T00:00:00Z,ASTRUSD,0.02733,0.02733,0.02568,0.02582,112916.17040436
2025-06-13T00:00:00Z,ASTRUSD,0.02546,0.02546,0.02440,0.02515,104018.97804428
2025-06-14T00:00:00Z,ASTRUSD,0.02515,0.02518,0.02463,0.02486,26159.94179053
2025-06-15T00:00:00Z,ASTRUSD,0.02484,0.02548,0.02484,0.02518,127267.24765109
2025-06-16T00:00:00Z,ASTRUSD,0.02536,0.02623,0.02536,0.02570,89056.66933343
2025-06-17T00:00:00Z,ASTRUSD,0.02540,0.02547,0.02442,0.02442,62931.57044683
2025-06-18T00:00:00Z,ASTRUSD,0.02466,0.02488,0.02420,0.02458,35842.25485019
2025-06-19T00:00:00Z,ASTRUSD,0.02463,0.02463,0.02416,0.02453,54385.80090335
2025-06-20T00:00:00Z,ASTRUSD,0.02437,0.02447,0.02339,0.02373,120116.83751482
2025-06-21T00:00:00Z,ASTRUSD,0.02367,0.02399,0.02240,0.02269,142507.42973213
2025-06-22T00:00:00Z,ASTRUSD,0.02290,0.02290,0.02018,0.02152,108791.10911882
2025-06-23T00:00:00Z,ASTRUSD,0.02154,0.02327,0.02154,0.02322,121333.52339804
2025-06-24T00:00:00Z,ASTRUSD,0.02312,0.02398,0.02310,0.02398,94318.37335260
2025-06-25T00:00:00Z,ASTRUSD,0.02393,0.02393,0.02307,0.02307,131312.69768266
2025-06-26T00:00:00Z,ASTRUSD,0.02333,0.02333,0.02224,0.02251,147789.45697746
2025-06-27T00:00:00Z,ASTRUSD,0.02230,0.02273,0.02212,0.02253,146032.82410049
2025-06-28T00:00:00Z,ASTRUSD,0.02255,0.02293,0.02247,0.02293,78567.89923911
2025-06-29T00:00:00Z,ASTRUSD,0.02289,0.02354,0.02269,0.02354,52425.15409236
2025-06-30T00:00:00Z,ASTRUSD,0.02334,0.02334,0.02270,0.02299,792847.29787308
2025-07-01T00:00:00Z,ASTRUSD,0.02273,0.02277,0.02172,0.02172,269088.41302247
2025-07-02T00:00:00Z,ASTRUSD,0.02187,0.02386,0.02187,0.02386,167858.41830555
2025-07-03T00:00:00Z,ASTRUSD,0.02384,0.02454,0.02374,0.02380,334331.31550627
2025-07-04T00:00:00Z,ASTRUSD,0.02367,0.02367,0.02267,0.02271,291296.04705230
2025-07-05T00:00:00Z,ASTRUSD,0.02278,0.02292,0.02204,0.02251,169744.12453454
2025-07-06T00:00:00Z,ASTRUSD,0.02212,0.02242,0.02115,0.02213,675346.65854879
2025-07-07T00:00:00Z,ASTRUSD,0.02205,0.02224,0.02172,0.02178,245503.21846885
2025-07-08T00:00:00Z,ASTRUSD,0.02177,0.02197,0.02152,0.02174,280884.08856385
2025-07-09T00:00:00Z,ASTRUSD,0.02188,0.02257,0.02188,0.02257,177896.98330766
2025-07-10T00:00:00Z,ASTRUSD,0.02250,0.02402,0.02243,0.02378,1152338.93191702
2025-07-11T00:00:00Z,ASTRUSD,0.02375,0.02545,0.02354,0.02462,3541037.17271972
2025-07-12T00:00:00Z,ASTRUSD,0.02449,0.02566,0.02410,0.02450,626297.10994619
2025-07-13T00:00:00Z,ASTRUSD,0.02457,0.02566,0.02450,0.02500,389183.41220258
2025-07-14T00:00:00Z,ASTRUSD,0.02556,0.02600,0.02475,0.02491,594077.23111813
2025-07-15T00:00:00Z,ASTRUSD,0.02495,0.02539,0.02414,0.02539,187396.48809989
2025-07-16T00:00:00Z,ASTRUSD,0.02539,0.02623,0.02502,0.02596,150064.36909796
2025-07-17T00:00:00Z,ASTRUSD,0.02576,0.02599,0.02493,0.02584,268827.49287663
2025-07-18T00:00:00Z,ASTRUSD,0.02591,0.02713,0.02556,0.02595,348662.30060821
2025-07-19T00:00:00Z,ASTRUSD,0.02573,0.02636,0.02503,0.02599,342613.10028325
2025-07-20T00:00:00Z,ASTRUSD,0.02613,0.02759,0.02613,0.02746,600041.32479057
2025-07-21T00:00:00Z,ASTRUSD,0.02717,0.02891,0.02701,0.02796,381471.60465149
2025-07-22T00:00:00Z,ASTRUSD,0.02832,0.02848,0.02697,0.02840,1068575.04633421
2025-07-23T00:00:00Z,ASTRUSD,0.02801,0.02803,0.02630,0.02630,425167.99982173
2025-07-24T00:00:00Z,ASTRUSD,0.02697,0.02700,0.02526,0.02612,128815.25432718
2025-07-25T00:00:00Z,ASTRUSD,0.02589,0.02613,0.02508,0.02602,187100.48099632
2025-07-26T00:00:00Z,ASTRUSD,0.02590,0.02628,0.02590,0.02605,40663.41679605
2025-07-27T00:00:00Z,ASTRUSD,0.02619,0.02677,0.02619,0.02677,118891.52896284
2025-07-28T00:00:00Z,ASTRUSD,0.02697,0.02717,0.02495,0.02501,310315.61779069
2025-07-29T00:00:00Z,ASTRUSD,0.02513,0.02537,0.02427,0.02457,291527.75523326
2025-07-30T00:00:00Z,ASTRUSD,0.02434,0.02455,0.02338,0.02434,101413.97052047
2025-07-31T00:00:00Z,ASTRUSD,0.02455,0.02480,0.02352,0.02352,220266.56419878
2025-08-01T00:00:00Z,ASTRUSD,0.02333,0.02362,0.02234,0.02267,193984.65465711
2025-08-02T00:00:00Z,ASTRUSD,0.02289,0.02297,0.02220,0.02259,119775.09451229
2025-08-03T00:00:00Z,ASTRUSD,0.02260,0.02304,0.02260,0.02304,67410.89866863
2025-08-04T00:00:00Z,ASTRUSD,0.02313,0.02370,0.02293,0.02365,30579.29025517
2025-08-05T00:00:00Z,ASTRUSD,0.02333,0.02354,0.02257,0.02293,238030.22238483
2025-08-06T00:00:00Z,ASTRUSD,0.02294,0.02371,0.02273,0.02359,129825.46813190
2025-08-07T00:00:00Z,ASTRUSD,0.02358,0.02442,0.02354,0.02442,78877.55724554
2025-08-08T00:00:00Z,ASTRUSD,0.02443,0.02564,0.02436,0.02525,522415.39244366
2025-08-09T00:00:00Z,ASTRUSD,0.02515,0.02600,0.02515,0.02569,202363.53908235
2025-08-10T00:00:00Z,ASTRUSD,0.02580,0.02595,0.02495,0.02550,190805.33103931
2025-08-11T00:00:00Z,ASTRUSD,0.02556,0.02596,0.02427,0.02449,548197.86782626
2025-08-12T00:00:00Z,ASTRUSD,0.02455,0.03000,0.02434,0.02614,1975044.65784652
2025-08-13T00:00:00Z,ASTRUSD,0.02627,0.02685,0.02597,0.02672,1214609.30291096
2025-08-14T00:00:00Z,ASTRUSD,0.02665,0.02997,0.02446,0.02465,2277859.08121915
2025-08-15T00:00:00Z,ASTRUSD,0.02466,0.02527,0.02386,0.02447,814467.33753088
2025-08-16T00:00:00Z,ASTRUSD,0.02444,0.02539,0.02444,0.02516,271421.22407916
2025-08-17T00:00:00Z,ASTRUSD,0.02515,0.02547,0.02482,0.02488,145554.28300293
2025-08-18T00:00:00Z,ASTRUSD,0.02502,0.02502,0.02389,0.02451,1022969.86377304
2025-08-19T00:00:00Z,ASTRUSD,0.02406,0.02443,0.02333,0.02333,643776.66933531
2025-08-20T00:00:00Z,ASTRUSD,0.02344,0.02799,0.02326,0.02447,674712.17877636
2025-08-21T00:00:00Z,ASTRUSD,0.02449,0.02919,0.02413,0.02495,390677.94705990
2025-08-22T00:00:00Z,ASTRUSD,0.02455,0.02831,0.02404,0.02684,599257.61661636
2025-08-23T00:00:00Z,ASTRUSD,0.02713,0.02851,0.02644,0.02764,699654.22603954
2025-08-24T00:00:00Z,ASTRUSD,0.02758,0.02900,0.02597,0.02639,462039.93650231
2025-08-25T00:00:00Z,ASTRUSD,0.02634,0.02707,0.02360,0.02387,330550.67133582
2025-08-26T00:00:00Z,ASTRUSD,0.02369,0.02471,0.02361,0.02436,402720.00897512
2025-08-27T00:00:00Z,ASTRUSD,0.02442,0.02461,0.02394,0.02395,609251.54293504
2025-08-28T00:00:00Z,ASTRUSD,0.02415,0.02499,0.02396,0.02499,239926.49665748
2025-08-29T00:00:00Z,ASTRUSD,0.02515,0.02539,0.02350,0.02390,562656.07444845
2025-08-30T00:00:00Z,ASTRUSD,0.02390,0.02433,0.02389,0.02398,101531.14530453
2025-08-31T00:00:00Z,ASTRUSD,0.02434,0.02436,0.02346,0.02351,492009.01954923
2025-09-01T00:00:00Z,ASTRUSD,0.02337,0.02378,0.02253,0.02257,432137.18555386
2025-09-02T00:00:00Z,ASTRUSD,0.02280,0.02336,0.02269,0.02335,1008759.99007863
2025-09-03T00:00:00Z,ASTRUSD,0.02336,0.02372,0.02317,0.02354,409301.98483570
2025-09-04T00:00:00Z,ASTRUSD,0.02356,0.02359,0.02242,0.02273,239985.73788953
2025-09-05T00:00:00Z,ASTRUSD,0.02276,0.02354,0.02272,0.02341,1049249.94189394
2025-09-06T00:00:00Z,ASTRUSD,0.02327,0.02340,0.02268,0.02287,91785.85680400
2025-09-07T00:00:00Z,ASTRUSD,0.02286,0.02332,0.02285,0.02325,836058.50274940
2025-09-08T00:00:00Z,ASTRUSD,0.02325,0.02545,0.02325,0.02379,792382.41492662
2025-09-09T00:00:00Z,ASTRUSD,0.02383,0.02600,0.02361,0.02398,1349457.52152546
2025-09-10T00:00:00Z,ASTRUSD,0.02391,0.02427,0.02368,0.02404,482341.73106736
2025-09-11T00:00:00Z,ASTRUSD,0.02403,0.02416,0.02360,0.02392,420087.90088798
2025-09-12T00:00:00Z,ASTRUSD,0.02398,0.02489,0.02394,0.02489,415695.58519648
2025-09-13T00:00:00Z,ASTRUSD,0.02495,0.02549,0.02478,0.02531,1262477.96313400
2025-09-14T00:00:00Z,ASTRUSD,0.02536,0.02536,0.02404,0.02434,375918.88644636
2025-09-15T00:00:00Z,ASTRUSD,0.02436,0.02462,0.02318,0.02353,525376.75851917
2025-09-16T00:00:00Z,ASTRUSD,0.02346,0.02384,0.02332,0.02372,317866.97169439
2025-09-17T00:00:00Z,ASTRUSD,0.02377,0.02439,0.02303,0.02434,4345267.64719066
2025-09-18T00:00:00Z,ASTRUSD,0.02420,0.02745,0.02394,0.02463,2456331.33046419
2025-09-19T00:00:00Z,ASTRUSD,0.02495,0.02511,0.02352,0.02352,476069.27422556
2025-09-20T00:00:00Z,ASTRUSD,0.02360,0.02795,0.02343,0.02436,1402546.40277203
2025-09-21T00:00:00Z,ASTRUSD,0.02474,0.02800,0.02408,0.02505,3130268.42331198
2025-09-22T00:00:00Z,ASTRUSD,0.02514,0.02945,0.02209,0.02257,3286135.86879744
2025-09-23T00:00:00Z,ASTRUSD,0.02258,0.02383,0.02217,0.02317,1153795.36343930
2025-09-24T00:00:00Z,ASTRUSD,0.02360,0.02960,0.02242,0.02269,9752555.25987694
2025-09-25T00:00:00Z,ASTRUSD,0.02276,0.02276,0.01719,0.02115,4838337.15455327
2025-09-26T00:00:00Z,ASTRUSD,0.02134,0.02306,0.02117,0.02289,4352195.66879911
2025-09-27T00:00:00Z,ASTRUSD,0.02288,0.02290,0.02228,0.02263,1216559.01189805
2025-09-28T00:00:00Z,ASTRUSD,0.02257,0.02303,0.02213,0.02291,1353162.52939502
2025-09-29T00:00:00Z,ASTRUSD,0.02290,0.02299,0.02212,0.02235,3424157.07278794
2025-09-30T00:00:00Z,ASTRUSD,0.02232,0.02256,0.02029,0.02111,5987741.16964413
2025-10-01T00:00:00Z,ASTRUSD,0.02120,0.02224,0.02090,0.02219,3748949.15677039
2025-10-02T00:00:00Z,ASTRUSD,0.02224,0.02260,0.02177,0.02239,4550970.03455060
2025-10-03T00:00:00Z,ASTRUSD,0.02234,0.02553,0.02211,0.02404,5755162.17697762
2025-10-04T00:00:00Z,ASTRUSD,0.02411,0.02411,0.02290,0.02308,2596382.72227430
2025-10-05T00:00:00Z,ASTRUSD,0.02307,0.02603,0.02301,0.02467,6943974.48789446
2025-10-06T00:00:00Z,ASTRUSD,0.02465,0.03145,0.02422,0.02807,20675429.67552806
2025-10-07T00:00:00Z,ASTRUSD,0.02790,0.02977,0.02659,0.02759,7579291.38168524
2025-10-08T00:00:00Z,ASTRUSD,0.02754,0.02883,0.02595,0.02754,9737174.54545517
2025-10-09T00:00:00Z,ASTRUSD,0.02731,0.03250,0.02518,0.02553,14440531.81758808
2025-10-10T00:00:00Z,ASTRUSD,0.02550,0.02608,0.00881,0.01774,16241758.08893169
2025-10-11T00:00:00Z,ASTRUSD,0.01795,0.02011,0.01752,0.01864,4204994.54124578
2025-10-12T00:00:00Z,ASTRUSD,0.01854,0.02180,0.01818,0.02053,2869040.17213956
2025-10-13T00:00:00Z,ASTRUSD,0.02053,0.02199,0.02020,0.02124,2042002.73012806
2025-10-14T00:00:00Z,ASTRUSD,0.02115,0.02115,0.01902,0.01999,2400015.83893259
2025-10-15T00:00:00Z,ASTRUSD,0.01988,0.02006,0.01867,0.01896,2003113.74605769
2025-10-16T00:00:00Z,ASTRUSD,0.01892,0.01926,0.01808,0.01825,1606751.22806351
2025-10-17T00:00:00Z,ASTRUSD,0.01834,0.01845,0.01693,0.01792,3594988.31212717
2025-10-18T00:00:00Z,ASTRUSD,0.01782,0.01813,0.01756,0.01778,350622.80252706
2025-10-19T00:00:00Z,ASTRUSD,0.01764,0.01838,0.01757,0.01812,684612.76843769
2025-10-20T00:00:00Z,ASTRUSD,0.01804,0.01849,0.01781,0.01810,1113337.19344926
2025-10-21T00:00:00Z,ASTRUSD,0.01796,0.01873,0.01748,0.01754,1433963.38544233
2025-10-22T00:00:00Z,ASTRUSD,0.01753,0.01773,0.01656,0.01707,879519.91664310
2025-10-23T00:00:00Z,ASTRUSD,0.01704,0.01761,0.01704,0.01743,901005.31143667
2025-10-24T00:00:00Z,ASTRUSD,0.01744,0.01781,0.01727,0.01761,616502.08558117
2025-10-25T00:00:00Z,ASTRUSD,0.01759,0.01759,0.01735,0.01757,978729.70100278
2025-10-26T00:00:00Z,ASTRUSD,0.01759,0.01831,0.01750,0.01828,192378.57255705
2025-10-27T00:00:00Z,ASTRUSD,0.01829,0.01837,0.01772,0.01772,646670.05827257
2025-10-28T00:00:00Z,ASTRUSD,0.01783,0.01806,0.01717,0.01740,952609.12016613
2025-10-29T00:00:00Z,ASTRUSD,0.01734,0.01785,0.01702,0.01785,838125.58476128
2025-10-30T00:00:00Z,ASTRUSD,0.01774,0.01789,0.01571,0.01624,3548450.57366739
2025-10-31T00:00:00Z,ASTRUSD,0.01626,0.01641,0.01604,0.01639,552703.27801146
2025-11-01T00:00:00Z,ASTRUSD,0.01637,0.01706,0.01618,0.01680,221564.86408362
2025-11-02T00:00:00Z,ASTRUSD,0.01684,0.02050,0.01329,0.01688,4091836.32260757
2025-11-03T00:00:00Z,ASTRUSD,0.01688,0.01698,0.01443,0.01491,1154130.32304919
2025-11-04T00:00:00Z,ASTRUSD,0.01502,0.01508,0.01331,0.01396,3017845.86173836
2025-11-05T00:00:00Z,ASTRUSD,0.01397,0.01506,0.01327,0.01449,1714473.05215130
2025-11-06T00:00:00Z,ASTRUSD,0.01446,0.01475,0.01402,0.01428,1335045.57198501
2025-11-07T00:00:00Z,ASTRUSD,0.01438,0.01633,0.01433,0.01605,4045357.52676843
2025-11-08T00:00:00Z,ASTRUSD,0.01630,0.01643,0.01538,0.01590,1786497.96238153
2025-11-09T00:00:00Z,ASTRUSD,0.01581,0.01582,0.01528,0.01574,909910.47035141
2025-11-10T00:00:00Z,ASTRUSD,0.01573,0.01594,0.01547,0.01593,1850476.43504319
2025-11-11T00:00:00Z,ASTRUSD,0.01591,0.01688,0.01530,0.01530,2548002.10353825
2025-11-12T00:00:00Z,ASTRUSD,0.01516,0.01568,0.01460,0.01477,1086677.65414680
2025-11-13T00:00:00Z,ASTRUSD,0.01491,0.01517,0.01388,0.01423,1266426.85339917
2025-11-14T00:00:00Z,ASTRUSD,0.01414,0.01414,0.01328,0.01341,1429139.18887152
2025-11-15T00:00:00Z,ASTRUSD,0.01345,0.01382,0.01345,0.01369,435013.60721801
2025-11-16T00:00:00Z,ASTRUSD,0.01363,0.01376,0.01297,0.01334,869961.33596650
2025-11-17T00:00:00Z,ASTRUSD,0.01329,0.01727,0.01291,0.01311,2660867.23420221
2025-11-18T00:00:00Z,ASTRUSD,0.01313,0.01366,0.01307,0.01343,1012633.89380968
2025-11-19T00:00:00Z,ASTRUSD,0.01343,0.01355,0.01259,0.01323,863365.35395337
2025-11-20T00:00:00Z,ASTRUSD,0.01323,0.01354,0.01260,0.01271,815421.96558944
2025-11-21T00:00:00Z,ASTRUSD,0.01281,0.01291,0.01154,0.01209,1577262.42720877
2025-11-22T00:00:00Z,ASTRUSD,0.01217,0.01249,0.01188,0.01245,422194.26621424
2025-11-23T00:00:00Z,ASTRUSD,0.01240,0.01288,0.01240,0.01255,372009.31915433
2025-11-24T00:00:00Z,ASTRUSD,0.01248,0.01318,0.01237,0.01303,406982.33583412
2025-11-25T00:00:00Z,ASTRUSD,0.01304,0.01317,0.01269,0.01317,393369.91884243
2025-11-26T00:00:00Z,ASTRUSD,0.01316,0.01321,0.01282,0.01317,719572.64686155
2025-11-27T00:00:00Z,ASTRUSD,0.01311,0.01666,0.01311,0.01446,3010626.02890161
2025-11-28T00:00:00Z,ASTRUSD,0.01448,0.01456,0.01284,0.01389,1270140.98380961
2025-11-29T00:00:00Z,ASTRUSD,0.01387,0.01401,0.01362,0.01363,206702.38810600
2025-11-30T00:00:00Z,ASTRUSD,0.01361,0.01385,0.01337,0.01337,294441.44316888
2025-12-01T00:00:00Z,ASTRUSD,0.01325,0.01325,0.01228,0.01265,686216.23008893
2025-12-02T00:00:00Z,ASTRUSD,0.01257,0.01339,0.01241,0.01326,949813.04745215
2025-12-03T00:00:00Z,ASTRUSD,0.01337,0.01360,0.01319,0.01360,784888.64430501
2025-12-04T00:00:00Z,ASTRUSD,0.01355,0.01355,0.01302,0.01314,548486.56993089
2025-12-05T00:00:00Z,ASTRUSD,0.01314,0.01318,0.01246,0.01246,474248.02434727
2025-12-06T00:00:00Z,ASTRUSD,0.01251,0.01271,0.01249,0.01262,431756.18879173
2025-12-07T00:00:00Z,ASTRUSD,0.01264,0.01268,0.01208,0.01234,610782.25088706
2025-12-08T00:00:00Z,ASTRUSD,0.01246,0.01333,0.01246,0.01252,597359.89968491
2025-12-09T00:00:00Z,ASTRUSD,0.01254,0.01310,0.01230,0.01309,345655.29673281
2025-12-10T00:00:00Z,ASTRUSD,0.01309,0.01314,0.01269,0.01278,521467.07066883
2025-12-11T00:00:00Z,ASTRUSD,0.01257,0.01259,0.01220,0.01242,329963.86994279
2025-12-12T00:00:00Z,ASTRUSD,0.01235,0.01238,0.01186,0.01207,259716.45436055
2025-12-13T00:00:00Z,ASTRUSD,0.01219,0.01235,0.01209,0.01221,253312.32607739
2025-12-14T00:00:00Z,ASTRUSD,0.01215,0.01433,0.01162,0.01181,1099911.65684108
2025-12-15T00:00:00Z,ASTRUSD,0.01178,0.01193,0.01087,0.01104,1540594.12530430
2025-12-16T00:00:00Z,ASTRUSD,0.01103,0.01103,0.01076,0.01085,15289086.17889727
2025-12-17T00:00:00Z,ASTRUSD,0.01077,0.01093,0.01018,0.01023,2267512.56044458
2025-12-18T00:00:00Z,ASTRUSD,0.01017,0.01033,0.00955,0.00971,3136154.36793016
2025-12-19T00:00:00Z,ASTRUSD,0.00967,0.01020,0.00964,0.01014,19063261.21962669
2025-12-20T00:00:00Z,ASTRUSD,0.01017,0.01027,0.01013,0.01020,1476212.16180696
2025-12-21T00:00:00Z,ASTRUSD,0.01018,0.01044,0.00996,0.01008,3642669.76155900
2025-12-22T00:00:00Z,ASTRUSD,0.01016,0.01024,0.01000,0.01008,676430.43641217
2025-12-23T00:00:00Z,ASTRUSD,0.01011,0.01017,0.00973,0.00993,2920613.65631762
2025-12-24T00:00:00Z,ASTRUSD,0.00995,0.00997,0.00966,0.00996,779413.47333260
2025-12-25T00:00:00Z,ASTRUSD,0.01010,0.01015,0.00996,0.00996,260115.81361158
2025-12-26T00:00:00Z,ASTRUSD,0.00984,0.01014,0.00984,0.00990,479770.88822037
2025-12-27T00:00:00Z,ASTRUSD,0.00993,0.01023,0.00988,0.01023,332796.19192990
2025-12-28T00:00:00Z,ASTRUSD,0.01024,0.01025,0.00997,0.01001,303076.31710217
2025-12-29T00:00:00Z,ASTRUSD,0.01006,0.01025,0.00984,0.00985,475466.36720077
2025-12-30T00:00:00Z,ASTRUSD,0.00980,0.00994,0.00960,0.00986,2428775.85197265
2025-12-31T00:00:00Z,ASTRUSD,0.00984,0.00987,0.00947,0.00957,1654289.26404608
2026-01-01T00:00:00Z,ASTRUSD,0.00955,0.01018,0.00953,0.01018,730902.81825842
2026-01-02T00:00:00Z,ASTRUSD,0.01017,0.01083,0.01017,0.01081,932979.60707288
2026-01-03T00:00:00Z,ASTRUSD,0.01078,0.01078,0.01050,0.01073,155149.35672470
2026-01-04T00:00:00Z,ASTRUSD,0.01079,0.01136,0.01075,0.01105,1158033.45943451
2026-01-05T00:00:00Z,ASTRUSD,0.01106,0.01134,0.01077,0.01126,1121762.94790505
2026-01-06T00:00:00Z,ASTRUSD,0.01115,0.01150,0.01083,0.01122,611335.94573345
2026-01-07T00:00:00Z,ASTRUSD,0.01126,0.01126,0.01073,0.01079,232948.10458323
2026-01-08T00:00:00Z,ASTRUSD,0.01091,0.01101,0.01069,0.01086,437974.81625551
2026-01-09T00:00:00Z,ASTRUSD,0.01090,0.01095,0.01069,0.01073,324778.51965864
2026-01-10T00:00:00Z,ASTRUSD,0.01074,0.01120,0.01065,0.01100,586673.59505131
2026-01-11T00:00:00Z,ASTRUSD,0.01112,0.01148,0.01089,0.01093,844664.92704430
2026-01-12T00:00:00Z,ASTRUSD,0.01082,0.01108,0.01061,0.01075,108262.37243396
2026-01-13T00:00:00Z,ASTRUSD,0.01075,0.01176,0.01073,0.01167,2548519.19158070
2026-01-14T00:00:00Z,ASTRUSD,0.01152,0.01168,0.01137,0.01138,660513.05873402
2026-01-15T00:00:00Z,ASTRUSD,0.01135,0.01136,0.01082,0.01087,1344828.66598801
2026-01-16T00:00:00Z,ASTRUSD,0.01094,0.01112,0.01088,0.01112,394041.60446239
2026-01-17T00:00:00Z,ASTRUSD,0.01101,0.01196,0.01101,0.01158,1102933.05662158
2026-01-18T00:00:00Z,ASTRUSD,0.01155,0.01168,0.01110,0.01110,435135.72131232
2026-01-19T00:00:00Z,ASTRUSD,0.01108,0.01108,0.01012,0.01073,2009119.29068031
2026-01-20T00:00:00Z,ASTRUSD,0.01073,0.01073,0.00984,0.00989,802364.23420398
2026-01-21T00:00:00Z,ASTRUSD,0.00991,0.01018,0.00976,0.01007,1894048.45060966
2026-01-22T00:00:00Z,ASTRUSD,0.01011,0.01055,0.01003,0.01016,1105049.35548935
2026-01-23T00:00:00Z,ASTRUSD,0.01025,0.01046,0.01020,0.01026,1167171.86143990
2026-01-24T00:00:00Z,ASTRUSD,0.01030,0.01040,0.01016,0.01027,828960.10914534
2026-01-25T00:00:00Z,ASTRUSD,0.01030,0.01144,0.00861,0.01088,4871693.76576292
2026-01-26T00:00:00Z,ASTRUSD,0.01088,0.01412,0.01072,0.01102,6681030.79121480
2026-01-27T00:00:00Z,ASTRUSD,0.01095,0.01223,0.01073,0.01156,5653802.15764583
2026-01-28T00:00:00Z,ASTRUSD,0.01144,0.01183,0.01121,0.01153,1432371.78836893
2026-01-29T00:00:00Z,ASTRUSD,0.01139,0.01139,0.00988,0.00998,2507328.23510960
2026-01-30T00:00:00Z,ASTRUSD,0.00984,0.00984,0.00929,0.00944,2101691.72612248
2026-01-31T00:00:00Z,ASTRUSD,0.00942,0.00947,0.00782,0.00823,3612581.89986268
2026-02-01T00:00:00Z,ASTRUSD,0.00828,0.01298,0.00816,0.00824,5656631.68121280
2026-02-02T00:00:00Z,ASTRUSD,0.00811,0.00869,0.00808,0.00824,3578163.39192285
2026-02-03T00:00:00Z,ASTRUSD,0.00829,0.00918,0.00824,0.00869,4372630.72260167
2026-02-04T00:00:00Z,ASTRUSD,0.00853,0.00861,0.00818,0.00839,770682.88020180
2026-02-05T00:00:00Z,ASTRUSD,0.00834,0.00891,0.00693,0.00705,2280816.95969835
2026-02-06T00:00:00Z,ASTRUSD,0.00694,0.00809,0.00649,0.00786,2844946.82132798
2026-02-07T00:00:00Z,ASTRUSD,0.00788,0.00806,0.00749,0.00803,363989.95853014
2026-02-08T00:00:00Z,ASTRUSD,0.00803,0.00803,0.00766,0.00772,230339.12883711
2026-02-09T00:00:00Z,ASTRUSD,0.00769,0.00776,0.00734,0.00768,236218.86292379
2026-02-10T00:00:00Z,ASTRUSD,0.00765,0.00774,0.00737,0.00738,1052974.55647245
2026-02-11T00:00:00Z,ASTRUSD,0.00741,0.00756,0.00711,0.00746,819642.20454101
2026-02-12T00:00:00Z,ASTRUSD,0.00755,0.00814,0.00749,0.00766,935177.56683991
2026-02-13T00:00:00Z,ASTRUSD,0.00772,0.00820,0.00756,0.00815,585072.93961935
2026-02-14T00:00:00Z,ASTRUSD,0.00810,0.00844,0.00809,0.00837,454752.09507652
2026-02-15T00:00:00Z,ASTRUSD,0.00818,0.00836,0.00782,0.00796,727945.36047515
2026-02-16T00:00:00Z,ASTRUSD,0.00799,0.00808,0.00776,0.00807,415945.02209572
2026-02-17T00:00:00Z,ASTRUSD,0.00793,0.00805,0.00768,0.00780,336337.46199411
2026-02-18T00:00:00Z,ASTRUSD,0.00776,0.00793,0.00749,0.00753,299661.81793571
2026-02-19T00:00:00Z,ASTRUSD,0.00753,0.00786,0.00728,0.00745,1424435.56545499
2026-02-20T00:00:00Z,ASTRUSD,0.00749,0.00755,0.00728,0.00749,625292.70560428
2026-02-21T00:00:00Z,ASTRUSD,0.00754,0.00787,0.00754,0.00757,583401.99599619
2026-02-22T00:00:00Z,ASTRUSD,0.00755,0.00757,0.00723,0.00733,402056.14077455
2026-02-23T00:00:00Z,ASTRUSD,0.00728,0.00737,0.00694,0.00705,825326.61121174
2026-02-24T00:00:00Z,ASTRUSD,0.00711,0.00726,0.00693,0.00721,284597.66384084
2026-02-25T00:00:00Z,ASTRUSD,0.00719,0.00788,0.00718,0.00758,1045496.23823205
2026-02-26T00:00:00Z,ASTRUSD,0.00769,0.00769,0.00717,0.00749,520589.82621210
2026-02-27T00:00:00Z,ASTRUSD,0.00746,0.00762,0.00724,0.00731,512847.93050057
2026-02-28T00:00:00Z,ASTRUSD,0.00739,0.00739,0.00687,0.00734,845754.57801982
2026-03-01T00:00:00Z,ASTRUSD,0.00732,0.00751,0.00688,0.00707,1098904.18198610
2026-03-02T00:00:00Z,ASTRUSD,0.00709,0.00736,0.00698,0.00718,1375473.69304932
2026-03-03T00:00:00Z,ASTRUSD,0.00716,0.00740,0.00692,0.00709,2402272.23476644
2026-03-04T00:00:00Z,ASTRUSD,0.00711,0.00743,0.00698,0.00732,1627625.01803227
2026-03-05T00:00:00Z,ASTRUSD,0.00734,0.00762,0.00724,0.00737,2082018.85755278
2026-03-06T00:00:00Z,ASTRUSD,0.00740,0.00814,0.00736,0.00749,2821907.97757758
2026-03-07T00:00:00Z,ASTRUSD,0.00747,0.00814,0.00747,0.00772,5915148.93341272
2026-03-08T00:00:00Z,ASTRUSD,0.00771,0.00821,0.00757,0.00798,1845493.30586058
2026-03-09T00:00:00Z,ASTRUSD,0.00808,0.00816,0.00764,0.00781,714529.96121429
2026-03-10T00:00:00Z,ASTRUSD,0.00763,0.00822,0.00757,0.00759,1159819.26014990
2026-03-11T00:00:00Z,ASTRUSD,0.00760,0.00822,0.00738,0.00765,1330101.55973617
2026-03-12T00:00:00Z,ASTRUSD,0.00763,0.00763,0.00744,0.00750,289527.54555622
2026-03-13T00:00:00Z,ASTRUSD,0.00756,0.00766,0.00746,0.00746,1741476.10635471
2026-03-14T00:00:00Z,ASTRUSD,0.00747,0.00748,0.00729,0.00735,347004.23701881
2026-03-15T00:00:00Z,ASTRUSD,0.00732,0.00754,0.00732,0.00749,1348702.75180648
2026-03-16T00:00:00Z,ASTRUSD,0.00750,0.00810,0.00750,0.00789,4754535.98729596
2026-03-17T00:00:00Z,ASTRUSD,0.00791,0.00867,0.00791,0.00808,8542836.59427236
2026-03-18T00:00:00Z,ASTRUSD,0.00807,0.00841,0.00763,0.00770,3272816.77481912
2026-03-19T00:00:00Z,ASTRUSD,0.00770,0.00775,0.00728,0.00752,431000.54704804
2026-03-20T00:00:00Z,ASTRUSD,0.00754,0.00829,0.00754,0.00811,1598545.65213725
2026-03-21T00:00:00Z,ASTRUSD,0.00817,0.00833,0.00785,0.00787,813156.30956424
2026-03-22T00:00:00Z,ASTRUSD,0.00780,0.00801,0.00766,0.00766,601128.96427264
2026-03-23T00:00:00Z,ASTRUSD,0.00769,0.00827,0.00769,0.00815,742816.83225233
2026-03-24T00:00:00Z,ASTRUSD,0.00816,0.00816,0.00791,0.00808,871394.50044076
2026-03-25T00:00:00Z,ASTRUSD,0.00802,0.00880,0.00800,0.00851,5402926.08265795
2026-03-26T00:00:00Z,ASTRUSD,0.00857,0.00865,0.00770,0.00781,3000295.18293157
2026-03-27T00:00:00Z,ASTRUSD,0.00780,0.00806,0.00746,0.00747,3999377.33230189
2026-03-28T00:00:00Z,ASTRUSD,0.00746,0.00758,0.00726,0.00740,4472630.40698842
2026-03-29T00:00:00Z,ASTRUSD,0.00728,0.00747,0.00708,0.00721,2726550.40519159
2026-03-30T00:00:00Z,ASTRUSD,0.00720,0.00753,0.00720,0.00728,1707833.29111182
2026-03-31T00:00:00Z,ASTRUSD,0.00728,0.00757,0.00717,0.00754,1705713.61340642
2026-04-01T00:00:00Z,ASTRUSD,0.00753,0.00759,0.00744,0.00749,1551496.36759033
2026-04-02T00:00:00Z,ASTRUSD,0.00753,0.00753,0.00695,0.00708,1710869.30542781
2026-04-03T00:00:00Z,ASTRUSD,0.00705,0.00726,0.00701,0.00721,1881838.03153209
2026-04-04T00:00:00Z,ASTRUSD,0.00723,0.00743,0.00717,0.00737,3307643.86265140
2026-04-05T00:00:00Z,ASTRUSD,0.00741,0.00741,0.00720,0.00733,1058132.14144692
2026-04-06T00:00:00Z,ASTRUSD,0.00741,0.00754,0.00732,0.00733,837344.03431864
2026-04-07T00:00:00Z,ASTRUSD,0.00731,0.00761,0.00721,0.00761,804783.79595098
2026-04-08T00:00:00Z,ASTRUSD,0.00754,0.00761,0.00744,0.00744,1059894.15444262
2026-04-09T00:00:00Z,ASTRUSD,0.00738,0.00768,0.00737,0.00760,2314473.74181733
2026-04-10T00:00:00Z,ASTRUSD,0.00761,0.00785,0.00757,0.00779,2341776.16087933
2026-04-11T00:00:00Z,ASTRUSD,0.00775,0.00778,0.00760,0.00766,1660227.35643609
2026-04-12T00:00:00Z,ASTRUSD,0.00769,0.00775,0.00737,0.00742,1097801.24864412
2026-04-13T00:00:00Z,ASTRUSD,0.00743,0.00778,0.00743,0.00778,247176.74218638
2026-04-14T00:00:00Z,ASTRUSD,0.00781,0.00782,0.00746,0.00748,429995.88741795
2026-04-15T00:00:00Z,ASTRUSD,0.00752,0.00773,0.00752,0.00773,794668.98505283
2026-04-16T00:00:00Z,ASTRUSD,0.00772,0.00816,0.00767,0.00815,3830421.58309053
2026-04-17T00:00:00Z,ASTRUSD,0.00815,0.00847,0.00793,0.00820,2330526.70541744
2026-04-18T00:00:00Z,ASTRUSD,0.00820,0.00825,0.00801,0.00802,554136.23834493
2026-04-19T00:00:00Z,ASTRUSD,0.00788,0.00806,0.00777,0.00783,408580.02067508
2026-04-20T00:00:00Z,ASTRUSD,0.00783,0.00842,0.00783,0.00829,1375325.23136463
2026-04-21T00:00:00Z,ASTRUSD,0.00815,0.00843,0.00813,0.00839,352579.87697708
2026-04-22T00:00:00Z,ASTRUSD,0.00847,0.00870,0.00819,0.00819,626981.99252035
2026-04-23T00:00:00Z,ASTRUSD,0.00819,0.00837,0.00801,0.00834,525810.62296626
2026-04-24T00:00:00Z,ASTRUSD,0.00834,0.00835,0.00826,0.00827,281097.02674514
2026-04-25T00:00:00Z,ASTRUSD,0.00824,0.00832,0.00816,0.00823,155280.66878017
2026-04-26T00:00:00Z,ASTRUSD,0.00819,0.00843,0.00819,0.00832,378540.46417326
2026-04-27T00:00:00Z,ASTRUSD,0.00826,0.00844,0.00799,0.00813,370855.20275340
2026-04-28T00:00:00Z,ASTRUSD,0.00815,0.00815,0.00801,0.00809,460939.88734062
2026-04-29T00:00:00Z,ASTRUSD,0.00808,0.00831,0.00790,0.00813,3186621.09196640
2026-04-30T00:00:00Z,ASTRUSD,0.00814,0.00837,0.00800,0.00809,1262611.00993040
2026-05-01T00:00:00Z,ASTRUSD,0.00809,0.00838,0.00796,0.00801,5635239.10050247
2026-05-02T00:00:00Z,ASTRUSD,0.00807,0.00808,0.00794,0.00803,1404942.56001158
2026-05-03T00:00:00Z,ASTRUSD,0.00802,0.00858,0.00795,0.00848,5804451.13895767
2026-05-04T00:00:00Z,ASTRUSD,0.00852,0.00858,0.00839,0.00846,921372.28591252
2026-05-05T00:00:00Z,ASTRUSD,0.00849,0.00885,0.00849,0.00873,8885710.75597166
2026-05-06T00:00:00Z,ASTRUSD,0.00874,0.00916,0.00874,0.00887,1929995.23244642
2026-05-07T00:00:00Z,ASTRUSD,0.00887,0.00899,0.00872,0.00887,1155758.81871314
2026-05-08T00:00:00Z,ASTRUSD,0.00888,0.00979,0.00885,0.00955,11924626.65908089
2026-05-09T00:00:00Z,ASTRUSD,0.00949,0.00954,0.00913,0.00921,3296584.60863631
2026-05-10T00:00:00Z,ASTRUSD,0.00920,0.00954,0.00918,0.00951,566775.08297835
2026-05-11T00:00:00Z,ASTRUSD,0.00951,0.00951,0.00848,0.00926,39897219.58271036
2026-05-12T00:00:00Z,ASTRUSD,0.00925,0.00946,0.00895,0.00907,7487802.64378190
2026-05-13T00:00:00Z,ASTRUSD,0.00910,0.00927,0.00872,0.00878,1373681.59886384
2026-05-14T00:00:00Z,ASTRUSD,0.00885,0.00895,0.00870,0.00888,1416652.56252408
2026-05-15T00:00:00Z,ASTRUSD,0.00885,0.00909,0.00853,0.00870,1520547.28699421
2026-05-16T00:00:00Z,ASTRUSD,0.00875,0.00886,0.00831,0.00840,234420.11005044
2026-05-17T00:00:00Z,ASTRUSD,0.00832,0.00839,0.00778,0.00794,1003491.46314062
2026-05-18T00:00:00Z,ASTRUSD,0.00796,0.00803,0.00778,0.00795,461186.97999690
2026-05-19T00:00:00Z,ASTRUSD,0.00790,0.00799,0.00773,0.00773,193164.66893411
2026-05-20T00:00:00Z,ASTRUSD,0.00772,0.00801,0.00771,0.00788,605351.68150734
2026-05-21T00:00:00Z,ASTRUSD,0.00795,0.00805,0.00786,0.00805,705019.64320810
2026-05-22T00:00:00Z,ASTRUSD,0.00803,0.00824,0.00775,0.00775,1370975.61283106
2026-05-23T00:00:00Z,ASTRUSD,0.00780,0.00804,0.00756,0.00797,736711.06896214
2026-05-24T00:00:00Z,ASTRUSD,0.00795,0.00795,0.00757,0.00767,348031.16145802
2026-05-25T00:00:00Z,ASTRUSD,0.00769,0.00792,0.00766,0.00783,660457.48932024
2026-05-26T00:00:00Z,ASTRUSD,0.00774,0.00782,0.00761,0.00761,558199.96431326
2026-05-27T00:00:00Z,ASTRUSD,0.00767,0.00767,0.00736,0.00737,972455.21697815
2026-05-28T00:00:00Z,ASTRUSD,0.00736,0.00736,0.00697,0.00724,1869687.83204714
2026-05-29T00:00:00Z,ASTRUSD,0.00725,0.00741,0.00714,0.00741,378367.47065382
2026-05-30T00:00:00Z,ASTRUSD,0.00750,0.00756,0.00743,0.00743,854409.00451277
2026-05-31T00:00:00Z,ASTRUSD,0.00746,0.00755,0.00734,0.00739,475416.87390923
2026-06-01T00:00:00Z,ASTRUSD,0.00751,0.00754,0.00721,0.00738,1594780.63964900
2026-06-02T00:00:00Z,ASTRUSD,0.00735,0.00735,0.00668,0.00680,3330805.59902529
2026-06-03T00:00:00Z,ASTRUSD,0.00687,0.00702,0.00670,0.00678,708172.26253728
2026-06-04T00:00:00Z,ASTRUSD,0.00661,0.00661,0.00611,0.00635,905298.70805310
2026-06-05T00:00:00Z,ASTRUSD,0.00635,0.00635,0.00550,0.00565,11807532.83026790
2026-06-06T00:00:00Z,ASTRUSD,0.00576,0.00576,0.00532,0.00562,1499868.21559681
2026-06-07T00:00:00Z,ASTRUSD,0.00573,0.00577,0.00547,0.00568,816108.52610023
2026-06-08T00:00:00Z,ASTRUSD,0.00572,0.00580,0.00551,0.00570,1568394.27025158
2026-06-09T00:00:00Z,ASTRUSD,0.00560,0.00564,0.00536,0.00544,1714436.56882947
2026-06-10T00:00:00Z,ASTRUSD,0.00540,0.00550,0.00523,0.00526,1574540.51562547
2026-06-11T00:00:00Z,ASTRUSD,0.00538,0.00759,0.00538,0.00617,20332921.72030907
2026-06-12T00:00:00Z,ASTRUSD,0.00641,0.00693,0.00587,0.00587,4197058.14164838
2026-06-13T00:00:00Z,ASTRUSD,0.00590,0.00590,0.00566,0.00582,179671.24162903
2026-06-14T00:00:00Z,ASTRUSD,0.00583,0.00614,0.00581,0.00601,1432628.64404485
2026-06-15T00:00:00Z,ASTRUSD,0.00602,0.00610,0.00586,0.00589,520281.33677681
2026-06-16T00:00:00Z,ASTRUSD,0.00590,0.00601,0.00572,0.00579,173583.32939595
2026-06-17T00:00:00Z,ASTRUSD,0.00577,0.00593,0.00571,0.00587,1094023.97806886
2026-06-18T00:00:00Z,ASTRUSD,0.00591,0.00627,0.00562,0.00568,3718475.35967884
2026-06-19T00:00:00Z,ASTRUSD,0.00574,0.00576,0.00553,0.00553,670153.34221537
2026-06-20T00:00:00Z,ASTRUSD,0.00556,0.00562,0.00502,0.00540,81268982.20085080
2026-06-21T00:00:00Z,ASTRUSD,0.00539,0.00554,0.00533,0.00541,3296313.88839917
2026-06-22T00:00:00Z,ASTRUSD,0.00553,0.00558,0.00528,0.00528,5515680.75597461
2026-06-23T00:00:00Z,ASTRUSD,0.00529,0.00529,0.00512,0.00525,19838016.76275845
2026-06-24T00:00:00Z,ASTRUSD,0.00525,0.00535,0.00507,0.00518,9170511.58242468
2026-06-25T00:00:00Z,ASTRUSD,0.00515,0.00531,0.00491,0.00507,693849.62760043
2026-06-26T00:00:00Z,ASTRUSD,0.00515,0.00516,0.00503,0.00509,350071.85959311
2026-06-27T00:00:00Z,ASTRUSD,0.00510,0.00514,0.00501,0.00501,211260.38899119
2026-06-28T00:00:00Z,ASTRUSD,0.00507,0.00514,0.00504,0.00504,134082.64259106
2026-06-29T00:00:00Z,ASTRUSD,0.00504,0.00516,0.00504,0.00516,352169.04778171
2026-06-30T00:00:00Z,ASTRUSD,0.00508,0.00508,0.00477,0.00483,688298.39241599
2026-07-01T00:00:00Z,ASTRUSD,0.00482,0.00497,0.00480,0.00494,569027.55332017
2026-07-02T00:00:00Z,ASTRUSD,0.00496,0.00513,0.00496,0.00506,1070519.51949873
2026-07-03T00:00:00Z,ASTRUSD,0.00508,0.00527,0.00508,0.00523,442309.68940520
2026-07-04T00:00:00Z,ASTRUSD,0.00522,0.00534,0.00520,0.00528,575016.69309109
2026-07-05T00:00:00Z,ASTRUSD,0.00527,0.00527,0.00517,0.00527,356402.88027893
2026-07-06T00:00:00Z,ASTRUSD,0.00523,0.00530,0.00507,0.00525,378018.76048971
2026-07-07T00:00:00Z,ASTRUSD,0.00518,0.00522,0.00507,0.00508,1191215.11633091
2026-07-08T00:00:00Z,ASTRUSD,0.00510,0.00510,0.00492,0.00497,509719.16188559
2026-07-09T00:00:00Z,ASTRUSD,0.00500,0.00510,0.00496,0.00507,920522.42473222
2026-07-10T00:00:00Z,ASTRUSD,0.00510,0.00524,0.00510,0.00517,262217.49801050
2026-07-11T00:00:00Z,ASTRUSD,0.00519,0.00544,0.00519,0.00524,1037308.26366329
2026-07-12T00:00:00Z,ASTRUSD,0.00519,0.00535,0.00518,0.00519,403773.55903316
2026-07-13T00:00:00Z,ASTRUSD,0.00519,0.00519,0.00500,0.00500,565173.87300258
2026-07-14T00:00:00Z,ASTRUSD,0.00498,0.00512,0.00495,0.00510,430139.76118846
2026-07-15T00:00:00Z,ASTRUSD,0.00510,0.00521,0.00508,0.00514,674499.87550818
2026-07-16T00:00:00Z,ASTRUSD,0.00514,0.00526,0.00504,0.00504,646011.22712273
2026-07-17T00:00:00Z,ASTRUSD,0.00504,0.00510,0.00499,0.00510,226668.39505107
2026-07-18T00:00:00Z,ASTRUSD,0.00512,0.00518,0.00502,0.00508,652354.61931243
2026-07-19T00:00:00Z,ASTRUSD,0.00508,0.00513,0.00504,0.00510,345559.96546207
2026-07-20T00:00:00Z,ASTRUSD,0.00511,0.00517,0.00502,0.00514,683726.76791393
2026-07-21T00:00:00Z,ASTRUSD,0.00515,0.00531,0.00514,0.00520,267484.78719933
2026-07-22T00:00:00Z,ASTRUSD,0.00523,0.00526,0.00517,0.00521,481045.82800933
2026-07-23T00:00:00Z,ASTRUSD,0.00520,0.00524,0.00514,0.00517,1792905.94652714
2026-07-24T00:00:00Z,ASTRUSD,0.00514,0.00521,0.00506,0.00507,3428150.92957123
2026-07-25T00:00:00Z,ASTRUSD,0.00509,0.00512,0.00507,0.00512,58613.87424000
2026-07-26T00:00:00Z,ASTRUSD,0.00512,0.00516,0.00512,0.00513,59627.02630922
2026-07-27T00:00:00Z,ASTRUSD,0.00515,0.00518,0.00498,0.00501,740516.81442175
2026-07-28T00:00:00Z,ASTRUSD,0.00496,0.00499,0.00489,0.00499,1363057.68225502
2026-07-29T00:00:00Z,ASTRUSD,0.00496,0.00497,0.00468,0.00476,983851.74790956
2026-07-30T00:00:00Z,ASTRUSD,0.00476,0.00497,0.00476,0.00491,971177.67684333
2026-07-31T00:00:00Z,ASTRUSD,0.00490,0.00494,0.00478,0.00483,497206.88322227
2026-08-01T00:00:00Z,ASTRUSD,0.00485,0.00494,0.00481,0.00482,700060.93515038
2026-08-02T00:00:00Z,ASTRUSD,0.00487,0.00487,0.00481,0.00485,191442.64780240
2026-08-03T00:00:00Z,ASTRUSD,0.00480,0.00487,0.00472,0.00479,487422.01949890
2026-08-04T00:00:00Z,ASTRUSD,0.00479,0.00480,0.00475,0.00479,326007.54017688
2026-08-05T00:00:00Z,ASTRUSD,0.00476,0.00481,0.00476,0.00477,501103.63747867
2026-08-06T00:00:00Z,ASTRUSD,0.00478,0.00485,0.00474,0.00481,352386.18101909
2026-08-07T00:00:00Z,ASTRUSD,0.00482,0.00496,0.00479,0.00479,767433.34297392
2026-08-08T00:00:00Z,ASTRUSD,0.00479,0.00491,0.00478,0.00490,315955.35987909
2026-08-09T00:00:00Z,ASTRUSD,0.00488,0.00496,0.00488,0.00490,749481.95021560
2026-08-10T00:00:00Z,ASTRUSD,0.00491,0.00493,0.00480,0.00480,799526.67638662
2026-08-11T00:00:00Z,ASTRUSD,0.00484,0.00485,0.00413,0.00466,10798252.97447938
2026-08-12T00:00:00Z,ASTRUSD,0.00466,0.00474,0.00456,0.00460,3578264.96380391
2026-08-13T00:00:00Z,ASTRUSD,0.00458,0.00462,0.00450,0.00454,840903.48992030
2026-08-14T00:00:00Z,ASTRUSD,0.00451,0.00454,0.00444,0.00450,64587.06307383
2026-08-15T00:00:00Z,ASTRUSD,0.00451,0.00460,0.00451,0.00456,554550.03282351
2026-08-16T00:00:00Z,ASTRUSD,0.00454,0.00454,0.00446,0.00446,223006.83557647
2026-08-17T00:00:00Z,ASTRUSD,0.00448,0.00452,0.00447,0.00449,353277.81867519
2026-08-18T00:00:00Z,ASTRUSD,0.00447,0.00447,0.00440,0.00445,506836.30192210
2026-08-19T00:00:00Z,ASTRUSD,0.00443,0.00479,0.00443,0.00472,3188175.36915127
2026-08-20T00:00:00Z,ASTRUSD,0.00475,0.00506,0.00471,0.00506,1115974.62910622
2026-08-21T00:00:00Z,ASTRUSD,0.00495,0.00549,0.00495,0.00549,4974307.62310372
2026-08-22T00:00:00Z,ASTRUSD,0.00548,0.00570,0.00510,0.00536,3026853.94455266
2026-08-23T00:00:00Z,ASTRUSD,0.00541,0.00556,0.00510,0.00545,2018479.36648526
2026-08-24T00:00:00Z,ASTRUSD,0.00539,0.00547,0.00528,0.00534,743455.73343366
2026-08-25T00:00:00Z,ASTRUSD,0.00537,0.00558,0.00533,0.00550,630132.45676664
2026-08-26T00:00:00Z,ASTRUSD,0.00554,0.00554,0.00534,0.00543,858833.99064963
2026-08-27T00:00:00Z,ASTRUSD,0.00557,0.00586,0.00554,0.00575,1542834.77975625
2026-08-28T00:00:00Z,ASTRUSD,0.00573,0.00580,0.00539,0.00567,3434231.28247413
2026-08-29T00:00:00Z,ASTRUSD,0.00568,0.00570,0.00555,0.00559,523079.75018433
2026-08-30T00:00:00Z,ASTRUSD,0.00561,0.00568,0.00535,0.00537,2149051.60470724
2026-08-31T00:00:00Z,ASTRUSD,0.00552,0.00558,0.00547,0.00554,807110.96998119
2026-09-01T00:00:00Z,ASTRUSD,0.00558,0.00559,0.00533,0.00538,532024.65459673
2026-09-02T00:00:00Z,ASTRUSD,0.00543,0.00551,0.00537,0.00537,1012057.13449112
2026-09-03T00:00:00Z,ASTRUSD,0.00542,0.00569,0.00542,0.00564,1107624.44486175
2026-09-04T00:00:00Z,ASTRUSD,0.00561,0.00577,0.00553,0.00577,632297.16975705
2026-09-05T00:00:00Z,ASTRUSD,0.00577,0.00594,0.00573,0.00594,541378.95333332
2026-09-06T00:00:00Z,ASTRUSD,0.00597,0.00660,0.00597,0.00658,2283140.34172400
2026-09-07T00:00:00Z,ASTRUSD,0.00660,0.00687,0.00633,0.00634,5279511.36077576
2026-09-08T00:00:00Z,ASTRUSD,0.00641,0.00641,0.00612,0.00618,1648435.55492102
2026-09-09T00:00:00Z,ASTRUSD,0.00620,0.00620,0.00574,0.00611,1128495.26922737
2026-09-10T00:00:00Z,ASTRUSD,0.00609,0.00612,0.00570,0.00570,1437889.48464606
2026-09-11T00:00:00Z,ASTRUSD,0.00573,0.00589,0.00561,0.00573,831926.68734203
2026-09-12T00:00:00Z,ASTRUSD,0.00577,0.00606,0.00577,0.00606,588034.49144561
2026-09-13T00:00:00Z,ASTRUSD,0.00608,0.00650,0.00607,0.00619,2502036.46752244
2026-09-14T00:00:00Z,ASTRUSD,0.00640,0.00640,0.00599,0.00601,939316.48722361
2026-09-15T00:00:00Z,ASTRUSD,0.00607,0.00862,0.00607,0.00682,29955998.86190861
2026-09-16T00:00:00Z,ASTRUSD,0.00678,0.00693,0.00620,0.00632,13437260.42192529
2026-09-17T00:00:00Z,ASTRUSD,0.00638,0.00641,0.00613,0.00637,4856263.07053042
2026-09-18T00:00:00Z,ASTRUSD,0.00633,0.00675,0.00627,0.00663,4550215.31444961
2026-09-19T00:00:00Z,ASTRUSD,0.00663,0.00682,0.00653,0.00678,894269.22550807
2026-09-20T00:00:00Z,ASTRUSD,0.00678,0.00679,0.00647,0.00670,2261661.76205347
2026-09-21T00:00:00Z,ASTRUSD,0.00676,0.00701,0.00664,0.00692,12807117.61132131
2026-09-22T00:00:00Z,ASTRUSD,0.00697,0.00725,0.00685,0.00722,4992674.49287327
2026-09-23T00:00:00Z,ASTRUSD,0.00720,0.00743,0.00683,0.00693,1649769.99240462
2026-09-24T00:00:00Z,ASTRUSD,0.00691,0.00720,0.00679,0.00712,585624.67184730
2026-09-25T00:00:00Z,ASTRUSD,0.00724,0.00748,0.00706,0.00748,8601123.22989153
2026-09-26T00:00:00Z,ASTRUSD,0.00748,0.00765,0.00738,0.00752,1087587.99006707
2026-09-27T00:00:00Z,ASTRUSD,0.00748,0.00783,0.00740,0.00766,473900.99100100
2026-09-28T00:00:00Z,ASTRUSD,0.00765,0.00767,0.00732,0.00763,1883485.84923565
2026-09-29T00:00:00Z,ASTRUSD,0.00762,0.00765,0.00728,0.00740,1860629.89967243
2026-09-30T00:00:00Z,ASTRUSD,0.00735,0.00756,0.00718,0.00728,7089433.74026173
