timestamp,symbol,open,high,low,close,volume
2022-01-27T00:00:00Z,ATLASUSD,0.05319,0.089,0.02642,0.04813,213574.47791122997
2022-01-28T00:00:00Z,ATLASUSD,0.05125,0.06477,0.04796,0.05013,855023.8472401693
2022-01-29T00:00:00Z,ATLASUSD,0.04909,0.05091,0.04851,0.05004,496686.42339540995
2022-01-30T00:00:00Z,ATLASUSD,0.04868,0.05019,0.04648,0.0484,685313.0670944101
2022-01-31T00:00:00Z,ATLASUSD,0.0484,0.07946,0.04606,0.05391,2500503.6437907293
2022-02-01T00:00:00Z,ATLASUSD,0.05391,0.05578,0.05092,0.05341,717963.78380563
2022-02-02T00:00:00Z,ATLASUSD,0.05341,0.05341,0.04696,0.04926,478387.3858360802
2022-02-03T00:00:00Z,ATLASUSD,0.04897,0.05078,0.04558,0.04761,322079.88180351
2022-02-04T00:00:00Z,ATLASUSD,0.04773,0.05046,0.04616,0.0496,604192.0403710797
2022-02-05T00:00:00Z,ATLASUSD,0.05117,0.05579,0.04979,0.05196,545440.5742511898
2022-02-06T00:00:00Z,ATLASUSD,0.0503,0.05294,0.0503,0.05193,569911.2854864099
2022-02-07T00:00:00Z,ATLASUSD,0.05193,0.07,0.05193,0.05935,4209136.091311801
2022-02-08T00:00:00Z,ATLASUSD,0.06039,0.06156,0.05168,0.05394,1390007.7748383442
2022-02-09T00:00:00Z,ATLASUSD,0.05464,0.05603,0.05157,0.0559,782229.08629467
2022-02-10T00:00:00Z,ATLASUSD,0.0559,0.05714,0.05116,0.05229,632172.4624556503
2022-02-11T00:00:00Z,ATLASUSD,0.05115,0.05406,0.04782,0.04782,566141.5742006102
2022-02-12T00:00:00Z,ATLASUSD,0.04797,0.04884,0.04604,0.04673,588789.3090868503
2022-02-13T00:00:00Z,ATLASUSD,0.04799,0.05348,0.0462,0.04717,506250.19260937005
2022-02-14T00:00:00Z,ATLASUSD,0.04623,0.04672,0.04232,0.04456,980100.2546451999
2022-02-15T00:00:00Z,ATLASUSD,0.04567,0.05018,0.04551,0.04819,240968.7418752599
2022-02-16T00:00:00Z,ATLASUSD,0.04844,0.04977,0.04123,0.04797,497514.3054103302
2022-02-17T00:00:00Z,ATLASUSD,0.04656,0.04842,0.0426,0.04367,268110.53129873995
2022-02-18T00:00:00Z,ATLASUSD,0.04287,0.04477,0.04147,0.04149,469719.75262496003
2022-02-19T00:00:00Z,ATLASUSD,0.04235,0.04246,0.03987,0.04072,508797.0720140099
2022-02-20T00:00:00Z,ATLASUSD,0.04086,0.04086,0.0375,0.03769,1440452.7721969099
2022-02-21T00:00:00Z,ATLASUSD,0.03897,0.03942,0.03478,0.03499,755238.5258925202
2022-02-22T00:00:00Z,ATLASUSD,0.03389,0.03616,0.03389,0.03602,119046.31639117998
2022-02-23T00:00:00Z,ATLASUSD,0.03641,0.03682,0.03423,0.03515,284981.64664104
2022-02-24T00:00:00Z,ATLASUSD,0.035,0.035,0.02926,0.03094,639818.0809150394
2022-02-25T00:00:00Z,ATLASUSD,0.03177,0.0349,0.03103,0.03301,717645.7119263998
2022-02-26T00:00:00Z,ATLASUSD,0.03269,0.03365,0.03228,0.03289,160921.61080992
2022-02-27T00:00:00Z,ATLASUSD,0.03206,0.0324,0.02967,0.02975,151182.22129110995
2022-02-28T00:00:00Z,ATLASUSD,0.02983,0.03258,0.02983,0.03258,49318.779662220004
2022-03-01T00:00:00Z,ATLASUSD,0.03396,0.03531,0.03189,0.03285,1062381.5743990503
2022-03-02T00:00:00Z,ATLASUSD,0.03309,0.03359,0.03184,0.03259,3567413.9473939086
2022-03-03T00:00:00Z,ATLASUSD,0.03252,0.03252,0.03008,0.0311,584792.7018113502
2022-03-04T00:00:00Z,ATLASUSD,0.03057,0.03057,0.02859,0.02883,392606.04608281987
2022-03-05T00:00:00Z,ATLASUSD,0.02931,0.02931,0.02838,0.0284,85264.35207364999
2022-03-06T00:00:00Z,ATLASUSD,0.02913,0.02957,0.02752,0.02752,265552.93376258994
2022-03-07T00:00:00Z,ATLASUSD,0.02722,0.02787,0.0261,0.0265,368741.80727677996
2022-03-08T00:00:00Z,ATLASUSD,0.02637,0.03012,0.02563,0.02762,837180.7903429498
2022-03-09T00:00:00Z,ATLASUSD,0.02719,0.02867,0.02683,0.02713,526597.6864369401
2022-03-10T00:00:00Z,ATLASUSD,0.02696,0.02696,0.02488,0.02545,1870426.9531173003
2022-03-11T00:00:00Z,ATLASUSD,0.0254,0.02549,0.02499,0.02499,1042516.32262681
2022-03-12T00:00:00Z,ATLASUSD,0.02495,0.02548,0.0246,0.02534,237038.74252019005
2022-03-13T00:00:00Z,ATLASUSD,0.02515,0.02602,0.02402,0.02418,264133.33824656
2022-03-14T00:00:00Z,ATLASUSD,0.02403,0.02451,0.0234,0.02399,892816.05457729
2022-03-15T00:00:00Z,ATLASUSD,0.02357,0.02382,0.02299,0.02362,231863.26476298
2022-03-16T00:00:00Z,ATLASUSD,0.02298,0.02613,0.02286,0.02569,402107.6959479
2022-03-17T00:00:00Z,ATLASUSD,0.02563,0.02636,0.02514,0.02571,534099.7998195601
2022-03-18T00:00:00Z,ATLASUSD,0.02514,0.02575,0.02417,0.02548,207378.19191375002
2022-03-19T00:00:00Z,ATLASUSD,0.02569,0.02789,0.02555,0.02706,522201.2527469103
2022-03-20T00:00:00Z,ATLASUSD,0.02742,0.02742,0.02499,0.0255,256138.7585453299
2022-03-21T00:00:00Z,ATLASUSD,0.0255,0.02676,0.025,0.02616,393551.79463756003
2022-03-22T00:00:00Z,ATLASUSD,0.02623,0.02755,0.02593,0.0267,980855.0642293101
2022-03-23T00:00:00Z,ATLASUSD,0.02723,0.02838,0.02629,0.02695,489478.7192376699
2022-03-24T00:00:00Z,ATLASUSD,0.02702,0.02981,0.02668,0.02911,1194103.0305758105
2022-03-25T00:00:00Z,ATLASUSD,0.02957,0.02999,0.02736,0.0287,845042.38379273
2022-03-26T00:00:00Z,ATLASUSD,0.02861,0.029,0.02789,0.02894,3519887.8437091806
2022-03-27T00:00:00Z,ATLASUSD,0.02894,0.03424,0.02849,0.0335,1388813.8870034197
2022-03-28T00:00:00Z,ATLASUSD,0.03349,0.03472,0.03294,0.03362,818332.0300726998
2022-03-29T00:00:00Z,ATLASUSD,0.03361,0.03503,0.0321,0.03292,754697.6588887197
2022-03-30T00:00:00Z,ATLASUSD,0.033,0.03422,0.03192,0.03322,500341.09497119964
2022-03-31T00:00:00Z,ATLASUSD,0.03356,0.03479,0.03116,0.03116,1169239.0306905697
2022-04-01T00:00:00Z,ATLASUSD,0.03188,0.03386,0.03067,0.03257,746278.7068117701
2022-04-02T00:00:00Z,ATLASUSD,0.03353,0.03454,0.03163,0.03163,539689.84477376
2022-04-03T00:00:00Z,ATLASUSD,0.03212,0.03316,0.03138,0.0323,265182.79345602
2022-04-04T00:00:00Z,ATLASUSD,0.03229,0.03281,0.02964,0.0306,865863.43188614
2022-04-05T00:00:00Z,ATLASUSD,0.0306,0.03174,0.02993,0.03037,891833.11302083
2022-04-06T00:00:00Z,ATLASUSD,0.02994,0.02998,0.02716,0.02717,743779.3863754204
2022-04-07T00:00:00Z,ATLASUSD,0.02782,0.03026,0.02708,0.02884,770401.7600409399
2022-04-08T00:00:00Z,ATLASUSD,0.02894,0.02914,0.02679,0.02736,520338.8887154001
2022-04-09T00:00:00Z,ATLASUSD,0.0268,0.02753,0.02633,0.02633,85812.73439695002
2022-04-10T00:00:00Z,ATLASUSD,0.02695,0.02711,0.02608,0.02615,107409.46419631001
2022-04-11T00:00:00Z,ATLASUSD,0.02613,0.02776,0.02461,0.02544,5260336.177223312
2022-04-12T00:00:00Z,ATLASUSD,0.02546,0.0259,0.02453,0.02541,314135.35617236973
2022-04-13T00:00:00Z,ATLASUSD,0.02542,0.02599,0.02487,0.02599,680965.9857391497
2022-04-14T00:00:00Z,ATLASUSD,0.02544,0.02625,0.02477,0.02527,338435.68614655006
2022-04-15T00:00:00Z,ATLASUSD,0.02525,0.026,0.02456,0.026,245476.0045276799
2022-04-16T00:00:00Z,ATLASUSD,0.02535,0.026,0.02457,0.02551,173933.32565150005
2022-04-17T00:00:00Z,ATLASUSD,0.02493,0.02546,0.02432,0.02432,136897.96187341
2022-04-18T00:00:00Z,ATLASUSD,0.02428,0.0247,0.0231,0.02412,361589.27449323994
2022-04-19T00:00:00Z,ATLASUSD,0.02383,0.02503,0.0237,0.0246,227248.78757276002
2022-04-20T00:00:00Z,ATLASUSD,0.02461,0.02504,0.02344,0.02412,1180967.8646094701
2022-04-21T00:00:00Z,ATLASUSD,0.02402,0.02431,0.02287,0.02353,112342.68139410006
2022-04-22T00:00:00Z,ATLASUSD,0.02354,0.02399,0.0227,0.02323,71969.44381954001
2022-04-23T00:00:00Z,ATLASUSD,0.02319,0.02345,0.02267,0.02275,409093.54325540026
2022-04-24T00:00:00Z,ATLASUSD,0.02303,0.02315,0.02181,0.02224,53308.13324147999
2022-04-25T00:00:00Z,ATLASUSD,0.02201,0.0221,0.02038,0.02115,390346.7289997001
2022-04-26T00:00:00Z,ATLASUSD,0.0213,0.02157,0.0196,0.0196,226097.76430646997
2022-04-27T00:00:00Z,ATLASUSD,0.01965,0.02027,0.01952,0.01953,63118.00725527
2022-04-28T00:00:00Z,ATLASUSD,0.01987,0.02003,0.01913,0.01971,145203.13502633997
2022-04-29T00:00:00Z,ATLASUSD,0.01977,0.01977,0.0175,0.01825,366815.05424527003
2022-04-30T00:00:00Z,ATLASUSD,0.01822,0.01832,0.01665,0.01665,295535.41611223
2022-05-01T00:00:00Z,ATLASUSD,0.01598,0.01753,0.01563,0.01723,1628813.86671498
2022-05-02T00:00:00Z,ATLASUSD,0.01723,0.0174,0.0164,0.01645,300586.4799910501
2022-05-03T00:00:00Z,ATLASUSD,0.0167,0.01698,0.01584,0.01592,149686.64859436
2022-05-04T00:00:00Z,ATLASUSD,0.01626,0.01783,0.01586,0.01732,333023.74497002986
2022-05-05T00:00:00Z,ATLASUSD,0.01736,0.01788,0.01589,0.01634,594507.93712887
2022-05-06T00:00:00Z,ATLASUSD,0.01635,0.01655,0.01496,0.01572,848859.53458266
2022-05-07T00:00:00Z,ATLASUSD,0.01589,0.01599,0.01517,0.0155,12977.22798278
2022-05-08T00:00:00Z,ATLASUSD,0.0155,0.0155,0.01449,0.01463,192069.28735349
2022-05-09T00:00:00Z,ATLASUSD,0.01463,0.01479,0.01288,0.01288,601447.36477808
2022-05-10T00:00:00Z,ATLASUSD,0.01288,0.01463,0.01208,0.01283,1139494.88396741
2022-05-11T00:00:00Z,ATLASUSD,0.01317,0.01382,0.01,0.0102,1621964.885075432
2022-05-12T00:00:00Z,ATLASUSD,0.01036,0.01036,0.00786,0.00906,1102076.4076156202
2022-05-13T00:00:00Z,ATLASUSD,0.00901,0.01124,0.00897,0.0098,1055423.9833548106
2022-05-14T00:00:00Z,ATLASUSD,0.00989,0.01012,0.00899,0.00923,297016.74973887013
2022-05-15T00:00:00Z,ATLASUSD,0.00955,0.00996,0.00906,0.00996,206017.39986671007
2022-05-16T00:00:00Z,ATLASUSD,0.01009,0.01012,0.00915,0.00938,310021.56796038
2022-05-17T00:00:00Z,ATLASUSD,0.00941,0.00976,0.00909,0.00944,182214.3676919499
2022-05-18T00:00:00Z,ATLASUSD,0.00967,0.00976,0.0088,0.0088,154840.95450981
2022-05-19T00:00:00Z,ATLASUSD,0.00882,0.00923,0.00871,0.00914,319939.65772464004
2022-05-20T00:00:00Z,ATLASUSD,0.00911,0.0093,0.00845,0.00862,489575.7769104
2022-05-21T00:00:00Z,ATLASUSD,0.0087,0.00889,0.00834,0.00883,377315.49692544993
2022-05-22T00:00:00Z,ATLASUSD,0.0087,0.00919,0.00856,0.00906,245628.03363032985
2022-05-23T00:00:00Z,ATLASUSD,0.00907,0.00931,0.00867,0.00886,276689.77698304
2022-05-24T00:00:00Z,ATLASUSD,0.00879,0.00886,0.00819,0.00857,136684.41149078004
2022-05-25T00:00:00Z,ATLASUSD,0.00866,0.00923,0.00845,0.00887,325308.1392486099
2022-05-26T00:00:00Z,ATLASUSD,0.00903,0.00925,0.00793,0.00838,1258426.981378251
2022-05-27T00:00:00Z,ATLASUSD,0.00814,0.00823,0.00776,0.00776,272622.81241755997
2022-05-28T00:00:00Z,ATLASUSD,0.00776,0.00822,0.00776,0.00822,126930.65778043
2022-05-29T00:00:00Z,ATLASUSD,0.00823,0.00823,0.00792,0.00815,179228.41767609003
2022-05-30T00:00:00Z,ATLASUSD,0.00815,0.00896,0.00815,0.00893,327045.10774188006
2022-05-31T00:00:00Z,ATLASUSD,0.00872,0.014,0.00859,0.0089,603559.9768856501
2022-06-01T00:00:00Z,ATLASUSD,0.00919,0.00919,0.00817,0.00834,147576.52834258002
2022-06-02T00:00:00Z,ATLASUSD,0.00829,0.00863,0.00797,0.00835,81944.5021354
2022-06-03T00:00:00Z,ATLASUSD,0.00856,0.00874,0.00819,0.0084,86697.71698961999
2022-06-04T00:00:00Z,ATLASUSD,0.0084,0.00855,0.00825,0.00834,195552.27780214
2022-06-05T00:00:00Z,ATLASUSD,0.00825,0.011,0.00807,0.00807,1433600.6902016
2022-06-06T00:00:00Z,ATLASUSD,0.0083,0.00859,0.00821,0.00826,66328.06548331
2022-06-07T00:00:00Z,ATLASUSD,0.00812,0.00819,0.00762,0.00811,1519009.6537330698
2022-06-08T00:00:00Z,ATLASUSD,0.00785,0.00816,0.00782,0.00782,63477.838253999995
2022-06-09T00:00:00Z,ATLASUSD,0.00784,0.00819,0.00766,0.00767,420741.61374650995
2022-06-10T00:00:00Z,ATLASUSD,0.00773,0.0079,0.00724,0.00745,330067.9528398501
2022-06-11T00:00:00Z,ATLASUSD,0.00747,0.00747,0.00686,0.00693,95809.67806333
2022-06-12T00:00:00Z,ATLASUSD,0.00704,0.00704,0.0066,0.00664,192952.57972376997
2022-06-13T00:00:00Z,ATLASUSD,0.00633,0.00652,0.006,0.00644,2151201.9501601295
2022-06-14T00:00:00Z,ATLASUSD,0.00625,0.00679,0.00608,0.00617,774425.7925592501
2022-06-15T00:00:00Z,ATLASUSD,0.00646,0.00666,0.00571,0.00666,955396.1979002
2022-06-16T00:00:00Z,ATLASUSD,0.00647,0.00647,0.00589,0.00589,1507086.6878761405
2022-06-17T00:00:00Z,ATLASUSD,0.00598,0.00608,0.00586,0.00595,358929.2569796901
2022-06-18T00:00:00Z,ATLASUSD,0.00601,0.00601,0.0055,0.00583,476064.21659757005
2022-06-19T00:00:00Z,ATLASUSD,0.00574,0.00615,0.00563,0.00612,241058.38005645
2022-06-20T00:00:00Z,ATLASUSD,0.00606,0.00639,0.00589,0.00629,299488.32741225
2022-06-21T00:00:00Z,ATLASUSD,0.0063,0.00661,0.00619,0.0063,606157.85048385
2022-06-22T00:00:00Z,ATLASUSD,0.00631,0.00631,0.006,0.00603,3041661.89995558
2022-06-23T00:00:00Z,ATLASUSD,0.0061,0.00635,0.0061,0.00635,245244.10254731003
2022-06-24T00:00:00Z,ATLASUSD,0.0064,0.00649,0.00627,0.00649,494639.14280991
2022-06-25T00:00:00Z,ATLASUSD,0.00647,0.00725,0.00647,0.00719,391871.14831486
2022-06-26T00:00:00Z,ATLASUSD,0.00719,0.00807,0.00675,0.00693,1456361.7892279404
2022-06-27T00:00:00Z,ATLASUSD,0.00689,0.00715,0.00669,0.00674,182350.47990210002
2022-06-28T00:00:00Z,ATLASUSD,0.00669,0.00688,0.00643,0.00652,1213479.8237085606
2022-06-29T00:00:00Z,ATLASUSD,0.0064,0.00667,0.0063,0.00634,1846223.7914695202
2022-06-30T00:00:00Z,ATLASUSD,0.00638,0.00638,0.00586,0.00602,1047119.2584540201
2022-07-01T00:00:00Z,ATLASUSD,0.00608,0.00622,0.00599,0.00613,597031.63204254
2022-07-02T00:00:00Z,ATLASUSD,0.00603,0.00622,0.00592,0.00617,994023.5853253502
2022-07-03T00:00:00Z,ATLASUSD,0.00617,0.0063,0.00611,0.0063,459716.61585585994
2022-07-04T00:00:00Z,ATLASUSD,0.00627,0.00666,0.00615,0.00666,503784.1022371501
2022-07-05T00:00:00Z,ATLASUSD,0.00665,0.0067,0.00612,0.00647,2594754.1096089603
2022-07-06T00:00:00Z,ATLASUSD,0.00636,0.00707,0.00617,0.0068,1256191.1684372395
2022-07-07T00:00:00Z,ATLASUSD,0.00687,0.00725,0.00674,0.00708,453599.3565603399
2022-07-08T00:00:00Z,ATLASUSD,0.00703,0.00707,0.0067,0.00684,388328.40285457
2022-07-09T00:00:00Z,ATLASUSD,0.00677,0.00689,0.00677,0.00683,112327.91645131998
2022-07-10T00:00:00Z,ATLASUSD,0.00678,0.00678,0.00635,0.00635,1016795.0424282997
2022-07-11T00:00:00Z,ATLASUSD,0.00637,0.00658,0.00607,0.00621,507148.72056552
2022-07-12T00:00:00Z,ATLASUSD,0.00617,0.00663,0.00611,0.00619,519085.56010115007
2022-07-13T00:00:00Z,ATLASUSD,0.0062,0.00651,0.00615,0.00643,215585.58748542
2022-07-14T00:00:00Z,ATLASUSD,0.00643,0.00675,0.00635,0.00664,541505.65406161
2022-07-15T00:00:00Z,ATLASUSD,0.00661,0.00721,0.00648,0.0071,920422.3360216301
2022-07-16T00:00:00Z,ATLASUSD,0.00692,0.00986,0.00678,0.00821,656288.57461756
2022-07-17T00:00:00Z,ATLASUSD,0.00839,0.00936,0.00779,0.00804,1948630.7097472413
2022-07-18T00:00:00Z,ATLASUSD,0.00813,0.00881,0.00801,0.00829,2259689.2257812317
2022-07-19T00:00:00Z,ATLASUSD,0.00824,0.01,0.00809,0.00991,513023.88216832007
2022-07-20T00:00:00Z,ATLASUSD,0.00832,0.01147,0.00831,0.00949,1831800.1891068493
2022-07-21T00:00:00Z,ATLASUSD,0.00983,0.0135,0.00859,0.00908,3461458.44357135
2022-07-22T00:00:00Z,ATLASUSD,0.00922,0.0095,0.00878,0.00905,841629.3810433395
2022-07-23T00:00:00Z,ATLASUSD,0.00883,0.00936,0.00835,0.00863,979327.7146867301
2022-07-24T00:00:00Z,ATLASUSD,0.00869,0.00873,0.00834,0.00834,574270.8823253199
2022-07-25T00:00:00Z,ATLASUSD,0.00806,0.0082,0.00766,0.00766,447984.96913623996
2022-07-26T00:00:00Z,ATLASUSD,0.0077,0.0077,0.00723,0.0073,424058.34794618
2022-07-27T00:00:00Z,ATLASUSD,0.00745,0.00808,0.00728,0.00801,574161.2979656
2022-07-28T00:00:00Z,ATLASUSD,0.00801,0.0084,0.00781,0.00822,1288347.6459136803
2022-07-29T00:00:00Z,ATLASUSD,0.00822,0.00849,0.0079,0.0082,254046.59883700998
2022-07-30T00:00:00Z,ATLASUSD,0.00804,0.00834,0.00784,0.00803,1949070.142589991
2022-07-31T00:00:00Z,ATLASUSD,0.00803,0.00819,0.00789,0.00789,314507.87892948
2022-08-01T00:00:00Z,ATLASUSD,0.00788,0.008,0.00773,0.00782,112048.92864813001
2022-08-02T00:00:00Z,ATLASUSD,0.00795,0.00795,0.00756,0.00782,106801.90335544001
2022-08-03T00:00:00Z,ATLASUSD,0.00766,0.0079,0.0074,0.00777,695615.3002940699
2022-08-04T00:00:00Z,ATLASUSD,0.00774,0.00774,0.00753,0.00754,83765.69716047001
2022-08-05T00:00:00Z,ATLASUSD,0.00763,0.00819,0.00763,0.00811,2809856.1402357193
2022-08-06T00:00:00Z,ATLASUSD,0.00792,0.00795,0.00774,0.00788,140279.07017839
2022-08-07T00:00:00Z,ATLASUSD,0.00767,0.00788,0.00767,0.00788,29849.89863812
2022-08-08T00:00:00Z,ATLASUSD,0.00784,0.00831,0.00784,0.00802,589393.7049519701
2022-08-09T00:00:00Z,ATLASUSD,0.00796,0.008,0.00743,0.00767,1106539.9778999302
2022-08-10T00:00:00Z,ATLASUSD,0.00753,0.00795,0.0075,0.00791,633125.9916172798
2022-08-11T00:00:00Z,ATLASUSD,0.00798,0.008,0.00771,0.00786,417073.57593636995
2022-08-12T00:00:00Z,ATLASUSD,0.00772,0.00788,0.00765,0.0078,277326.22534242
2022-08-13T00:00:00Z,ATLASUSD,0.00799,0.00799,0.00772,0.00784,704794.3442573999
2022-08-14T00:00:00Z,ATLASUSD,0.00788,0.00817,0.00775,0.00775,117670.82486869
2022-08-15T00:00:00Z,ATLASUSD,0.00777,0.00799,0.00761,0.00761,172931.63568983006
2022-08-16T00:00:00Z,ATLASUSD,0.00768,0.00771,0.00761,0.00764,39912.03253666
2022-08-17T00:00:00Z,ATLASUSD,0.00775,0.00781,0.00724,0.00724,396874.94007136
2022-08-18T00:00:00Z,ATLASUSD,0.0073,0.00737,0.00724,0.00736,337362.43900295004
2022-08-19T00:00:00Z,ATLASUSD,0.0072,0.0072,0.00641,0.00657,1020549.34896074
2022-08-20T00:00:00Z,ATLASUSD,0.00647,0.00659,0.00621,0.0063,264138.10181024997
2022-08-21T00:00:00Z,ATLASUSD,0.00642,0.00693,0.00642,0.00683,366607.24340801
2022-08-22T00:00:00Z,ATLASUSD,0.0067,0.0067,0.00607,0.0064,1366256.34454081
2022-08-23T00:00:00Z,ATLASUSD,0.00633,0.00654,0.00632,0.00646,586234.2125382801
2022-08-24T00:00:00Z,ATLASUSD,0.00653,0.00657,0.00631,0.00657,107784.20795946
2022-08-25T00:00:00Z,ATLASUSD,0.00653,0.00673,0.00646,0.00647,888164.0584390599
2022-08-26T00:00:00Z,ATLASUSD,0.00644,0.00661,0.00578,0.00578,551439.17163138
2022-08-27T00:00:00Z,ATLASUSD,0.00585,0.00658,0.00575,0.0064,39579.445576160004
2022-08-28T00:00:00Z,ATLASUSD,0.00658,0.00718,0.00577,0.0058,603537.8896077799
2022-08-29T00:00:00Z,ATLASUSD,0.00613,0.00646,0.0057,0.00582,99331.83270054999
2022-08-30T00:00:00Z,ATLASUSD,0.00582,0.00621,0.0057,0.00577,505403.78037947015
2022-08-31T00:00:00Z,ATLASUSD,0.00602,0.00602,0.00578,0.00587,472063.34658247
2022-09-01T00:00:00Z,ATLASUSD,0.0058,0.00585,0.00573,0.00585,84610.84829507
2022-09-02T00:00:00Z,ATLASUSD,0.0058,0.00589,0.00565,0.00566,394274.47809476004
2022-09-03T00:00:00Z,ATLASUSD,0.00566,0.00579,0.00565,0.00579,101292.49157932999
2022-09-04T00:00:00Z,ATLASUSD,0.00581,0.00715,0.00573,0.00582,2186403.2812117804
2022-09-05T00:00:00Z,ATLASUSD,0.00569,0.00576,0.00562,0.0057,75131.16492222
2022-09-06T00:00:00Z,ATLASUSD,0.00569,0.0059,0.0055,0.00556,286487.3323415801
2022-09-07T00:00:00Z,ATLASUSD,0.0054,0.00567,0.00539,0.00552,275526.94944274996
2022-09-08T00:00:00Z,ATLASUSD,0.00554,0.00561,0.00539,0.00551,249824.15377213
2022-09-09T00:00:00Z,ATLASUSD,0.00552,0.00573,0.00552,0.00572,112255.76640201997
2022-09-10T00:00:00Z,ATLASUSD,0.00573,0.00577,0.00566,0.00577,555212.4504727
2022-09-11T00:00:00Z,ATLASUSD,0.00579,0.00579,0.00558,0.00567,318334.5377965001
2022-09-12T00:00:00Z,ATLASUSD,0.00567,0.00572,0.00553,0.00561,1597851.5813463598
2022-09-13T00:00:00Z,ATLASUSD,0.00552,0.00566,0.00527,0.00531,132513.60350736
2022-09-14T00:00:00Z,ATLASUSD,0.00527,0.00538,0.00518,0.00527,98874.74745041999
2022-09-15T00:00:00Z,ATLASUSD,0.0052,0.00554,0.00499,0.00502,925513.9431978798
2022-09-16T00:00:00Z,ATLASUSD,0.00496,0.00496,0.0048,0.00489,888004.37647258
2022-09-17T00:00:00Z,ATLASUSD,0.00499,0.00508,0.00497,0.00505,652701.8160538201
2022-09-18T00:00:00Z,ATLASUSD,0.00508,0.00508,0.00476,0.00476,285378.70603087003
2022-09-19T00:00:00Z,ATLASUSD,0.00459,0.0047,0.00455,0.0047,105527.76620387999
2022-09-20T00:00:00Z,ATLASUSD,0.0047,0.00478,0.00459,0.00461,993190.25268358
2022-09-21T00:00:00Z,ATLASUSD,0.00456,0.00475,0.00452,0.00462,351538.95175401005
2022-09-22T00:00:00Z,ATLASUSD,0.00464,0.00478,0.00458,0.00472,366009.20600201003
2022-09-23T00:00:00Z,ATLASUSD,0.00465,0.00475,0.00438,0.00452,2462100.8995367503
2022-09-24T00:00:00Z,ATLASUSD,0.00459,0.00464,0.00453,0.00453,47191.04045642
2022-09-25T00:00:00Z,ATLASUSD,0.00459,0.00462,0.00453,0.00453,108337.53012144002
2022-09-26T00:00:00Z,ATLASUSD,0.00447,0.00467,0.00444,0.00452,771182.80777364
2022-09-27T00:00:00Z,ATLASUSD,0.00458,0.00465,0.00436,0.00436,739400.21119078
2022-09-28T00:00:00Z,ATLASUSD,0.00435,0.00463,0.00435,0.0045,492465.66159280005
2022-09-29T00:00:00Z,ATLASUSD,0.00453,0.00487,0.00441,0.00476,895406.1985410497
2022-09-30T00:00:00Z,ATLASUSD,0.00487,0.00489,0.0047,0.00472,670696.9123895698
2022-10-01T00:00:00Z,ATLASUSD,0.00464,0.00471,0.00449,0.00458,240404.11036582
2022-10-02T00:00:00Z,ATLASUSD,0.00456,0.00461,0.0044,0.00453,584644.7792944999
2022-10-03T00:00:00Z,ATLASUSD,0.00448,0.00459,0.00444,0.00455,366042.48521469004
2022-10-04T00:00:00Z,ATLASUSD,0.00468,0.00473,0.00454,0.00473,493022.9653483901
2022-10-05T00:00:00Z,ATLASUSD,0.00465,0.005,0.00454,0.00466,1115389.8839632997
2022-10-06T00:00:00Z,ATLASUSD,0.00466,0.00504,0.00465,0.00487,1302218.85827576
2022-10-07T00:00:00Z,ATLASUSD,0.00487,0.00489,0.00465,0.00465,686546.80742754
2022-10-08T00:00:00Z,ATLASUSD,0.00472,0.00472,0.00465,0.00465,99509.78934045999
2022-10-09T00:00:00Z,ATLASUSD,0.00466,0.00468,0.00453,0.00459,431579.9106618101
2022-10-10T00:00:00Z,ATLASUSD,0.00454,0.00461,0.00435,0.00435,465983.99897224986
2022-10-11T00:00:00Z,ATLASUSD,0.00434,0.00434,0.00424,0.00428,430111.2480058
2022-10-12T00:00:00Z,ATLASUSD,0.00428,0.0044,0.00422,0.0044,401737.37144814007
2022-10-13T00:00:00Z,ATLASUSD,0.00422,0.0043,0.004,0.00425,1542642.0792916396
2022-10-14T00:00:00Z,ATLASUSD,0.00427,0.00434,0.00421,0.00427,467123.11843866005
2022-10-15T00:00:00Z,ATLASUSD,0.00416,0.00438,0.00412,0.00417,51380.22539320999
2022-10-16T00:00:00Z,ATLASUSD,0.00421,0.00423,0.00414,0.00418,179803.27519789
2022-10-17T00:00:00Z,ATLASUSD,0.00417,0.00429,0.004,0.00429,743295.8346217399
2022-10-18T00:00:00Z,ATLASUSD,0.00423,0.0043,0.00414,0.00414,298174.27594149
2022-10-19T00:00:00Z,ATLASUSD,0.0042,0.00422,0.00407,0.00412,658590.9409113999
2022-10-20T00:00:00Z,ATLASUSD,0.00401,0.00413,0.004,0.004,759581.38438032
2022-10-21T00:00:00Z,ATLASUSD,0.004,0.00406,0.00393,0.00401,1163197.5739146
2022-10-22T00:00:00Z,ATLASUSD,0.00397,0.004,0.00392,0.00396,394138.46341029997
2022-10-23T00:00:00Z,ATLASUSD,0.00394,0.00402,0.00394,0.00399,86005.48770701
2022-10-24T00:00:00Z,ATLASUSD,0.00392,0.00402,0.00391,0.00396,301431.63045288
2022-10-25T00:00:00Z,ATLASUSD,0.00396,0.00417,0.00391,0.0041,306114.28757496004
2022-10-26T00:00:00Z,ATLASUSD,0.00408,0.00424,0.00397,0.00414,675624.8465235899
2022-10-27T00:00:00Z,ATLASUSD,0.00411,0.00425,0.00405,0.0041,399209.0889759099
2022-10-28T00:00:00Z,ATLASUSD,0.00406,0.00584,0.00392,0.00426,885042.8194680501
2022-10-29T00:00:00Z,ATLASUSD,0.00421,0.00441,0.00419,0.00441,356460.71665745997
2022-10-30T00:00:00Z,ATLASUSD,0.00441,0.00543,0.00425,0.0049,417868.23084561
2022-10-31T00:00:00Z,ATLASUSD,0.00451,0.00484,0.00409,0.00419,598213.0045053799
2022-11-01T00:00:00Z,ATLASUSD,0.00423,0.00431,0.00408,0.00415,1109835.7302847798
2022-11-02T00:00:00Z,ATLASUSD,0.00415,0.00423,0.0039,0.00406,1034194.4182945102
2022-11-03T00:00:00Z,ATLASUSD,0.00412,0.00427,0.00397,0.00408,634876.65988699
2022-11-04T00:00:00Z,ATLASUSD,0.00408,0.00483,0.00397,0.00441,2291612.453746561
2022-11-05T00:00:00Z,ATLASUSD,0.00461,0.00465,0.00435,0.00444,1549589.9647126491
2022-11-06T00:00:00Z,ATLASUSD,0.00442,0.00478,0.00421,0.00421,1365143.40606923
2022-11-07T00:00:00Z,ATLASUSD,0.00416,0.00421,0.00404,0.00412,1531056.5805743102
2022-11-08T00:00:00Z,ATLASUSD,0.00412,0.00419,0.003,0.00333,4417069.018315743
2022-11-09T00:00:00Z,ATLASUSD,0.00326,0.00382,0.002,0.002,3622251.977489802
2022-11-10T00:00:00Z,ATLASUSD,0.00269,0.00382,0.00259,0.00378,775087.3285345705
2022-11-11T00:00:00Z,ATLASUSD,0.00379,0.00379,0.00264,0.00298,1316271.7371795494
2022-11-12T00:00:00Z,ATLASUSD,0.00298,0.00299,0.00253,0.00298,1454564.91093377
2022-11-13T00:00:00Z,ATLASUSD,0.0028,0.0034,0.00246,0.00246,1369229.8549910001
2022-11-14T00:00:00Z,ATLASUSD,0.0033,0.0033,0.00244,0.00299,2189375.58597822
2022-11-15T00:00:00Z,ATLASUSD,0.00297,0.003,0.0022,0.0026,2680094.9323863606
2022-11-16T00:00:00Z,ATLASUSD,0.00261,0.0031,0.00239,0.00283,1050525.31639227
2022-11-17T00:00:00Z,ATLASUSD,0.0026,0.00277,0.00246,0.00269,594668.1044461901
2022-11-18T00:00:00Z,ATLASUSD,0.0027,0.00282,0.00242,0.00249,1692827.5427828094
2022-11-19T00:00:00Z,ATLASUSD,0.00246,0.00289,0.00246,0.0025,1374089.88974916
2022-11-20T00:00:00Z,ATLASUSD,0.0025,0.00289,0.0025,0.00277,2609426.6227293503
2022-11-21T00:00:00Z,ATLASUSD,0.0025,0.00259,0.00221,0.00249,2543923.1922332183
2022-11-22T00:00:00Z,ATLASUSD,0.00249,0.00253,0.0022,0.00245,1993637.4053831596
2022-11-23T00:00:00Z,ATLASUSD,0.00245,0.00251,0.00231,0.00233,845167.9685023701
2022-11-24T00:00:00Z,ATLASUSD,0.0025,0.00253,0.00232,0.00253,1074580.9973110503
2022-11-25T00:00:00Z,ATLASUSD,0.00257,0.00268,0.00232,0.00268,747873.7443049499
2022-11-26T00:00:00Z,ATLASUSD,0.00255,0.00267,0.00242,0.00259,745067.3936293401
2022-11-27T00:00:00Z,ATLASUSD,0.00259,0.0026,0.00241,0.00251,726939.88284207
2022-11-28T00:00:00Z,ATLASUSD,0.00252,0.00255,0.00234,0.00249,612908.11949194
2022-11-29T00:00:00Z,ATLASUSD,0.00242,0.00263,0.00235,0.00263,633789.9269897
2022-11-30T00:00:00Z,ATLASUSD,0.00263,0.0028,0.00247,0.00269,1201784.55095271
2022-12-01T00:00:00Z,ATLASUSD,0.00262,0.0027,0.00253,0.00269,2833311.03321677
2022-12-02T00:00:00Z,ATLASUSD,0.0026,0.00269,0.00254,0.00269,782560.5798052499
2022-12-03T00:00:00Z,ATLASUSD,0.00261,0.00519,0.00258,0.00338,6627460.098160804
2022-12-04T00:00:00Z,ATLASUSD,0.00355,0.00391,0.00322,0.00347,4157828.2000433593
2022-12-05T00:00:00Z,ATLASUSD,0.00337,0.0036,0.00315,0.00326,1476662.3905660305
2022-12-06T00:00:00Z,ATLASUSD,0.00323,0.00347,0.00273,0.00319,2108505.2352196416
2022-12-07T00:00:00Z,ATLASUSD,0.00304,0.00342,0.00292,0.0034,2202222.7871383494
2022-12-08T00:00:00Z,ATLASUSD,0.00316,0.00342,0.003,0.00311,2584534.2882639905
2022-12-09T00:00:00Z,ATLASUSD,0.00326,0.0033,0.00307,0.0031,1275314.3295250402
2022-12-10T00:00:00Z,ATLASUSD,0.003,0.0032,0.00291,0.00309,365632.6411663699
2022-12-11T00:00:00Z,ATLASUSD,0.00304,0.00329,0.00295,0.00313,566958.21500937
2022-12-12T00:00:00Z,ATLASUSD,0.00328,0.00339,0.00301,0.00301,3184513.895416239
2022-12-13T00:00:00Z,ATLASUSD,0.003,0.00388,0.00295,0.00318,3847458.2165658693
2022-12-14T00:00:00Z,ATLASUSD,0.00316,0.0033,0.00302,0.00323,1581735.8563361007
2022-12-15T00:00:00Z,ATLASUSD,0.00321,0.00364,0.0029,0.00362,2986768.6021378688
2022-12-16T00:00:00Z,ATLASUSD,0.00354,0.00368,0.00292,0.00345,5865348.988923732
2022-12-17T00:00:00Z,ATLASUSD,0.00343,0.00343,0.00298,0.00298,1623328.62611886
2022-12-18T00:00:00Z,ATLASUSD,0.00299,0.00322,0.0029,0.00301,2291828.3972395
2022-12-19T00:00:00Z,ATLASUSD,0.00301,0.0035,0.00288,0.00307,4996596.020033272
2022-12-20T00:00:00Z,ATLASUSD,0.00318,0.00328,0.00299,0.00306,1413694.2969575205
2022-12-21T00:00:00Z,ATLASUSD,0.00312,0.00317,0.00291,0.00307,1453611.6232781901
2022-12-22T00:00:00Z,ATLASUSD,0.00305,0.00312,0.00297,0.00306,905354.5097183
2022-12-23T00:00:00Z,ATLASUSD,0.00306,0.00633,0.00286,0.00305,2734430.5548558906
2022-12-24T00:00:00Z,ATLASUSD,0.00308,0.00324,0.00302,0.00302,2216407.9588513006
2022-12-25T00:00:00Z,ATLASUSD,0.00306,0.00312,0.00294,0.00295,552009.5269099299
2022-12-26T00:00:00Z,ATLASUSD,0.00301,0.00311,0.00291,0.00299,988079.5866205702
2022-12-27T00:00:00Z,ATLASUSD,0.00302,0.00326,0.00288,0.00296,1833404.05437242
2022-12-28T00:00:00Z,ATLASUSD,0.00296,0.00309,0.00277,0.00282,2488747.372677669
2022-12-29T00:00:00Z,ATLASUSD,0.00287,0.00293,0.00257,0.00272,1956705.2140247198
2022-12-30T00:00:00Z,ATLASUSD,0.00278,0.00304,0.00258,0.00265,2990707.8246441795
2022-12-31T00:00:00Z,ATLASUSD,0.0027,0.00305,0.00267,0.00278,3024464.6352145993
2023-01-01T00:00:00Z,ATLASUSD,0.00276,0.00294,0.00268,0.00284,1472462.3414097298
2023-01-02T00:00:00Z,ATLASUSD,0.00283,0.00298,0.00279,0.00283,962412.5984201101
2023-01-03T00:00:00Z,ATLASUSD,0.00283,0.00309,0.00272,0.00277,2025777.4415525796
2023-01-04T00:00:00Z,ATLASUSD,0.00284,0.003,0.00272,0.003,1255874.5608888199
2023-01-05T00:00:00Z,ATLASUSD,0.00289,0.003,0.00283,0.00283,1808329.3879207894
2023-01-06T00:00:00Z,ATLASUSD,0.0029,0.00292,0.0028,0.0029,932714.8444210199
2023-01-07T00:00:00Z,ATLASUSD,0.00284,0.00299,0.00281,0.00289,398088.87374422
2023-01-08T00:00:00Z,ATLASUSD,0.00296,0.00301,0.00287,0.00294,830751.03749934
2023-01-09T00:00:00Z,ATLASUSD,0.00302,0.00383,0.00291,0.00329,6092003.43972107
2023-01-10T00:00:00Z,ATLASUSD,0.00315,0.00347,0.00312,0.00331,2326795.1882061795
2023-01-11T00:00:00Z,ATLASUSD,0.00341,0.00346,0.00311,0.0033,1925838.94812337
2023-01-12T00:00:00Z,ATLASUSD,0.00317,0.0034,0.00316,0.00338,1955613.6553679402
2023-01-13T00:00:00Z,ATLASUSD,0.00323,0.00347,0.00317,0.00344,2118326.34074372
2023-01-14T00:00:00Z,ATLASUSD,0.00347,0.004,0.00331,0.00374,5242483.02238398
2023-01-15T00:00:00Z,ATLASUSD,0.00379,0.00382,0.00333,0.00369,4636575.639558072
2023-01-16T00:00:00Z,ATLASUSD,0.00364,0.00374,0.00347,0.0036,1322930.2199062796
2023-01-17T00:00:00Z,ATLASUSD,0.00359,0.0038,0.00341,0.00363,3357881.76535639
2023-01-18T00:00:00Z,ATLASUSD,0.00362,0.0037,0.00315,0.00329,3820053.7752610995
2023-01-19T00:00:00Z,ATLASUSD,0.00329,0.00338,0.00311,0.00338,1529882.99134837
2023-01-20T00:00:00Z,ATLASUSD,0.00326,0.00369,0.00326,0.00361,2281006.71568259
2023-01-21T00:00:00Z,ATLASUSD,0.00361,0.0037,0.0034,0.00351,1741750.0124267198
2023-01-22T00:00:00Z,ATLASUSD,0.00351,0.00369,0.00347,0.00366,1079854.18260918
2023-01-23T00:00:00Z,ATLASUSD,0.00357,0.00391,0.00341,0.00369,4421700.77071719
2023-01-24T00:00:00Z,ATLASUSD,0.00368,0.004,0.00352,0.00359,2780466.029682941
2023-01-25T00:00:00Z,ATLASUSD,0.00359,0.00369,0.00345,0.00369,2227129.84409848
2023-01-26T00:00:00Z,ATLASUSD,0.00368,0.0039,0.00352,0.0036,1352767.26604797
2023-01-27T00:00:00Z,ATLASUSD,0.00368,0.00386,0.00351,0.00378,1787179.0850728604
2023-01-28T00:00:00Z,ATLASUSD,0.0037,0.00429,0.00361,0.00371,4036714.802082592
2023-01-29T00:00:00Z,ATLASUSD,0.00386,0.00421,0.00371,0.00391,7200392.033981758
2023-01-30T00:00:00Z,ATLASUSD,0.00393,0.0043,0.00369,0.00376,4181216.733373081
2023-01-31T00:00:00Z,ATLASUSD,0.00373,0.00404,0.0036,0.0039,3968843.242831657
2023-02-01T00:00:00Z,ATLASUSD,0.00386,0.0041,0.00369,0.00398,2802254.5678657815
2023-02-02T00:00:00Z,ATLASUSD,0.00399,0.0042,0.00389,0.00389,2100982.21282776
2023-02-03T00:00:00Z,ATLASUSD,0.00389,0.0041,0.00371,0.00388,1722798.132875119
2023-02-04T00:00:00Z,ATLASUSD,0.0039,0.00442,0.00375,0.0039,4284096.798478902
2023-02-05T00:00:00Z,ATLASUSD,0.00398,0.00441,0.00388,0.004,4028183.895869451
2023-02-06T00:00:00Z,ATLASUSD,0.00399,0.0043,0.0039,0.00397,2734896.1318737906
2023-02-07T00:00:00Z,ATLASUSD,0.00393,0.00409,0.00392,0.00408,1508851.4132283705
2023-02-08T00:00:00Z,ATLASUSD,0.00407,0.00439,0.00391,0.00408,4148556.9917969797
2023-02-09T00:00:00Z,ATLASUSD,0.00404,0.00406,0.00362,0.00369,2338995.5103885788
2023-02-10T00:00:00Z,ATLASUSD,0.00365,0.00387,0.00351,0.00368,3990993.391536308
2023-02-11T00:00:00Z,ATLASUSD,0.00367,0.0039,0.00365,0.00376,1418925.7884642303
2023-02-12T00:00:00Z,ATLASUSD,0.00376,0.0039,0.0037,0.00374,1812253.7797004501
2023-02-13T00:00:00Z,ATLASUSD,0.0038,0.0039,0.00354,0.00358,4615821.12440927
2023-02-14T00:00:00Z,ATLASUSD,0.00368,0.0038,0.00356,0.00372,1298300.8904702498
2023-02-15T00:00:00Z,ATLASUSD,0.00374,0.0039,0.00361,0.00384,1742453.8590243796
2023-02-16T00:00:00Z,ATLASUSD,0.00386,0.00405,0.00368,0.00375,6258166.006063273
2023-02-17T00:00:00Z,ATLASUSD,0.0037,0.00394,0.00361,0.00385,2007005.3634875698
2023-02-18T00:00:00Z,ATLASUSD,0.00389,0.00408,0.00382,0.00387,2363608.6086465423
2023-02-19T00:00:00Z,ATLASUSD,0.00395,0.004,0.00378,0.00383,1603910.93533093
2023-02-20T00:00:00Z,ATLASUSD,0.00387,0.0042,0.00379,0.0039,2195760.16607248
2023-02-21T00:00:00Z,ATLASUSD,0.00392,0.00419,0.00371,0.00398,3326874.504251359
2023-02-22T00:00:00Z,ATLASUSD,0.00394,0.00394,0.00364,0.00375,3066491.1693000016
2023-02-23T00:00:00Z,ATLASUSD,0.00377,0.00388,0.00362,0.0038,1578235.363324189
2023-02-24T00:00:00Z,ATLASUSD,0.00374,0.00379,0.00352,0.00364,1686946.67289522
2023-02-25T00:00:00Z,ATLASUSD,0.0036,0.00366,0.00343,0.00356,2842441.3430399494
2023-02-26T00:00:00Z,ATLASUSD,0.00355,0.00359,0.00337,0.00353,1943567.6837346198
2023-02-27T00:00:00Z,ATLASUSD,0.00348,0.00359,0.00343,0.00352,1438624.5753742803
2023-02-28T00:00:00Z,ATLASUSD,0.00344,0.0037,0.00343,0.00352,1360126.6641267901
2023-03-01T00:00:00Z,ATLASUSD,0.00351,0.0043,0.00317,0.00351,6300641.2760338895
2023-03-02T00:00:00Z,ATLASUSD,0.0036,0.00361,0.00337,0.00341,1513666.12912492
2023-03-03T00:00:00Z,ATLASUSD,0.00341,0.00347,0.0032,0.00328,1356875.9827953097
2023-03-04T00:00:00Z,ATLASUSD,0.00321,0.00335,0.00311,0.00314,1183827.6196268
2023-03-05T00:00:00Z,ATLASUSD,0.00317,0.00326,0.00307,0.00321,1002740.2754274904
2023-03-06T00:00:00Z,ATLASUSD,0.00317,0.0033,0.00306,0.00317,1166020.4420429096
2023-03-07T00:00:00Z,ATLASUSD,0.00326,0.00326,0.00305,0.00305,1023787.7830891898
2023-03-08T00:00:00Z,ATLASUSD,0.00312,0.00313,0.00282,0.00298,5049127.75147396
2023-03-09T00:00:00Z,ATLASUSD,0.00303,0.00316,0.00268,0.0028,4024210.86421429
2023-03-10T00:00:00Z,ATLASUSD,0.00288,0.00326,0.0027,0.003,8569560.2320068
2023-03-11T00:00:00Z,ATLASUSD,0.00302,0.00308,0.00284,0.00298,2278858.616626939
2023-03-12T00:00:00Z,ATLASUSD,0.00295,0.00308,0.00291,0.00305,564947.2685428
2023-03-13T00:00:00Z,ATLASUSD,0.00299,0.00316,0.00299,0.0031,2128975.817800999
2023-03-14T00:00:00Z,ATLASUSD,0.00314,0.00329,0.0031,0.00317,2494241.1919952817
2023-03-15T00:00:00Z,ATLASUSD,0.00318,0.00329,0.00298,0.00303,972308.46276729
2023-03-16T00:00:00Z,ATLASUSD,0.00303,0.00307,0.00293,0.00301,2667272.5608382802
2023-03-17T00:00:00Z,ATLASUSD,0.00301,0.00373,0.00301,0.0035,6050586.732923611
2023-03-18T00:00:00Z,ATLASUSD,0.00353,0.0038,0.00344,0.00344,3605994.1025070497
2023-03-19T00:00:00Z,ATLASUSD,0.00349,0.0037,0.0034,0.00351,2449492.7726287306
2023-03-20T00:00:00Z,ATLASUSD,0.00352,0.00365,0.00332,0.00341,1106041.6138594502
2023-03-21T00:00:00Z,ATLASUSD,0.00346,0.00356,0.00339,0.00345,1232878.6242731896
2023-03-22T00:00:00Z,ATLASUSD,0.00341,0.00366,0.00319,0.00331,2648518.9409357198
2023-03-23T00:00:00Z,ATLASUSD,0.00329,0.00346,0.00313,0.00338,3348521.0548360213
2023-03-24T00:00:00Z,ATLASUSD,0.00338,0.00348,0.00323,0.00339,1338448.3708964798
2023-03-25T00:00:00Z,ATLASUSD,0.0034,0.00358,0.00322,0.00341,1694353.3819137798
2023-03-26T00:00:00Z,ATLASUSD,0.00342,0.00348,0.00336,0.00339,947963.7145840101
2023-03-27T00:00:00Z,ATLASUSD,0.00339,0.00342,0.00319,0.00327,598277.9187975902
2023-03-28T00:00:00Z,ATLASUSD,0.00323,0.00336,0.0032,0.00326,1537974.57551023
2023-03-29T00:00:00Z,ATLASUSD,0.00325,0.0034,0.00322,0.00334,429185.0500608301
2023-03-30T00:00:00Z,ATLASUSD,0.00334,0.00341,0.00322,0.00329,1169589.4824134004
2023-03-31T00:00:00Z,ATLASUSD,0.00329,0.00349,0.0032,0.0033,1364976.11330356
2023-04-01T00:00:00Z,ATLASUSD,0.00331,0.0035,0.0031,0.00328,1127598.5206408398
2023-04-02T00:00:00Z,ATLASUSD,0.00328,0.00345,0.00317,0.0033,935023.10746351
2023-04-03T00:00:00Z,ATLASUSD,0.0033,0.00338,0.003,0.00317,1167584.5812866404
2023-04-04T00:00:00Z,ATLASUSD,0.00319,0.00338,0.00314,0.00325,1755180.2180816499
2023-04-05T00:00:00Z,ATLASUSD,0.00323,0.00342,0.00313,0.00335,2783313.545238951
2023-04-06T00:00:00Z,ATLASUSD,0.00336,0.00369,0.0033,0.00347,4096190.3651227304
2023-04-07T00:00:00Z,ATLASUSD,0.00332,0.00346,0.00312,0.00322,1147601.21426814
2023-04-08T00:00:00Z,ATLASUSD,0.00322,0.00333,0.00313,0.00323,247853.52434707005
2023-04-09T00:00:00Z,ATLASUSD,0.00329,0.00329,0.0031,0.00325,663894.6295641095
2023-04-10T00:00:00Z,ATLASUSD,0.00325,0.00339,0.0031,0.00327,1259106.0417280106
2023-04-11T00:00:00Z,ATLASUSD,0.00327,0.00343,0.00311,0.00326,1570099.2944227003
2023-04-12T00:00:00Z,ATLASUSD,0.0033,0.00339,0.00321,0.0033,1081906.8943489695
2023-04-13T00:00:00Z,ATLASUSD,0.0033,0.00335,0.00328,0.00333,609766.03017005
2023-04-14T00:00:00Z,ATLASUSD,0.00335,0.00338,0.0033,0.00331,473519.09249061
2023-04-15T00:00:00Z,ATLASUSD,0.00331,0.00336,0.00325,0.00327,547643.4268415202
2023-04-16T00:00:00Z,ATLASUSD,0.00333,0.00336,0.00325,0.00334,680788.7133954203
2023-04-17T00:00:00Z,ATLASUSD,0.00335,0.00336,0.00314,0.00323,1289089.97023177
2023-04-18T00:00:00Z,ATLASUSD,0.00323,0.0035,0.0032,0.00329,2222703.4434366697
2023-04-19T00:00:00Z,ATLASUSD,0.00327,0.0033,0.00301,0.00301,2143650.0293081896
2023-04-20T00:00:00Z,ATLASUSD,0.00305,0.0032,0.003,0.00301,1216082.2952911386
2023-04-21T00:00:00Z,ATLASUSD,0.00301,0.00312,0.00286,0.00286,1403580.9157286382
2023-04-22T00:00:00Z,ATLASUSD,0.00287,0.00294,0.00276,0.00294,1444993.4574847587
2023-04-23T00:00:00Z,ATLASUSD,0.00294,0.00297,0.00286,0.0029,598218.47158685
2023-04-24T00:00:00Z,ATLASUSD,0.0029,0.00295,0.00288,0.00291,1061573.7714395698
2023-04-25T00:00:00Z,ATLASUSD,0.00292,0.00294,0.00276,0.0029,1711180.1161216588
2023-04-26T00:00:00Z,ATLASUSD,0.00289,0.00304,0.0028,0.00294,2040927.1871089793
2023-04-27T00:00:00Z,ATLASUSD,0.00294,0.00296,0.00275,0.00293,1281136.6728410292
2023-04-28T00:00:00Z,ATLASUSD,0.00292,0.00296,0.00286,0.00289,1166940.7108643197
2023-04-29T00:00:00Z,ATLASUSD,0.00289,0.00294,0.00275,0.00285,1226060.5158045494
2023-04-30T00:00:00Z,ATLASUSD,0.00287,0.0029,0.00272,0.00282,1026937.9390686301
2023-05-01T00:00:00Z,ATLASUSD,0.00283,0.00285,0.00261,0.00278,1849541.7599921
2023-05-02T00:00:00Z,ATLASUSD,0.00278,0.0028,0.0026,0.0028,2165588.46801048
2023-05-03T00:00:00Z,ATLASUSD,0.0028,0.0028,0.0025,0.00274,4871106.96997268
2023-05-04T00:00:00Z,ATLASUSD,0.00269,0.00273,0.00254,0.00269,1275721.5365904798
2023-05-05T00:00:00Z,ATLASUSD,0.00268,0.00276,0.00257,0.00267,1969231.5985330094
2023-05-06T00:00:00Z,ATLASUSD,0.00271,0.00273,0.00243,0.00255,2029052.7058105203
2023-05-07T00:00:00Z,ATLASUSD,0.00255,0.00259,0.00242,0.00248,856574.9072507998
2023-05-08T00:00:00Z,ATLASUSD,0.00254,0.00255,0.00223,0.00231,2620972.4724306096
2023-05-09T00:00:00Z,ATLASUSD,0.00233,0.00249,0.00224,0.00234,4154367.322670441
2023-05-10T00:00:00Z,ATLASUSD,0.00229,0.00239,0.00223,0.00229,2406692.1840529405
2023-05-11T00:00:00Z,ATLASUSD,0.00229,0.00237,0.00212,0.00212,2631796.5759544508
2023-05-12T00:00:00Z,ATLASUSD,0.00215,0.00218,0.00205,0.00213,2929836.4676485695
2023-05-13T00:00:00Z,ATLASUSD,0.00213,0.0023,0.00207,0.0021,2827663.75883648
2023-05-14T00:00:00Z,ATLASUSD,0.00215,0.0022,0.00205,0.00214,2774076.44552661
2023-05-15T00:00:00Z,ATLASUSD,0.00217,0.0023,0.002,0.0022,5167727.181463446
2023-05-16T00:00:00Z,ATLASUSD,0.00227,0.00229,0.0021,0.00216,1519480.8905362003
2023-05-17T00:00:00Z,ATLASUSD,0.00219,0.00228,0.002,0.0022,2589643.42234954
2023-05-18T00:00:00Z,ATLASUSD,0.0022,0.00228,0.0021,0.00213,1636310.5423906401
2023-05-19T00:00:00Z,ATLASUSD,0.00213,0.00216,0.00208,0.00212,1485253.1905387198
2023-05-20T00:00:00Z,ATLASUSD,0.00213,0.0022,0.00211,0.00214,704683.3175866501
2023-05-21T00:00:00Z,ATLASUSD,0.00214,0.00215,0.00207,0.00211,812211.6619477001
2023-05-22T00:00:00Z,ATLASUSD,0.00212,0.00212,0.002,0.00209,983496.58633363
2023-05-23T00:00:00Z,ATLASUSD,0.00209,0.00213,0.00204,0.00212,457856.6684663799
2023-05-24T00:00:00Z,ATLASUSD,0.00207,0.00209,0.002,0.00206,916191.9373779901
2023-05-25T00:00:00Z,ATLASUSD,0.00204,0.00206,0.0019,0.00199,6290408.481689528
2023-05-26T00:00:00Z,ATLASUSD,0.00199,0.00201,0.00194,0.002,350488.60039335006
2023-05-27T00:00:00Z,ATLASUSD,0.00198,0.00203,0.00192,0.002,939355.9634011599
2023-05-28T00:00:00Z,ATLASUSD,0.00199,0.0021,0.00192,0.00202,1301300.4802854995
2023-05-29T00:00:00Z,ATLASUSD,0.00208,0.00217,0.00197,0.002,2195316.740555721
2023-05-30T00:00:00Z,ATLASUSD,0.002,0.00201,0.00191,0.00193,1917786.79277212
2023-05-31T00:00:00Z,ATLASUSD,0.00193,0.002,0.00183,0.00185,2855614.170959559
2023-06-01T00:00:00Z,ATLASUSD,0.00186,0.0019,0.00175,0.00185,2785631.1296199197
2023-06-02T00:00:00Z,ATLASUSD,0.00184,0.0019,0.0018,0.00187,1419213.1753991898
2023-06-03T00:00:00Z,ATLASUSD,0.00188,0.002,0.00183,0.00193,2865776.11560388
2023-06-04T00:00:00Z,ATLASUSD,0.00194,0.00201,0.00186,0.00192,2659472.130618439
2023-06-05T00:00:00Z,ATLASUSD,0.00191,0.00197,0.00171,0.00175,5071263.0725340685
2023-06-06T00:00:00Z,ATLASUSD,0.00175,0.0019,0.00163,0.00176,5828401.641625487
2023-06-07T00:00:00Z,ATLASUSD,0.00176,0.00181,0.00152,0.00164,6094933.738643162
2023-06-08T00:00:00Z,ATLASUSD,0.00165,0.00187,0.00163,0.00177,9923046.787446294
2023-06-09T00:00:00Z,ATLASUSD,0.0018,0.0019,0.00165,0.00172,6829488.071863515
2023-06-10T00:00:00Z,ATLASUSD,0.0017,0.00178,0.00147,0.00154,6716511.088109398
2023-06-11T00:00:00Z,ATLASUSD,0.00154,0.00164,0.00154,0.00159,1581777.1603615698
2023-06-12T00:00:00Z,ATLASUSD,0.00159,0.00163,0.00149,0.00157,6826402.829714157
2023-06-13T00:00:00Z,ATLASUSD,0.00159,0.00165,0.00152,0.00156,5271173.08256041
2023-06-14T00:00:00Z,ATLASUSD,0.00155,0.00164,0.00153,0.00156,5827690.075395878
2023-06-15T00:00:00Z,ATLASUSD,0.00157,0.00163,0.00152,0.00157,6617686.223519191
2023-06-16T00:00:00Z,ATLASUSD,0.00157,0.0017,0.00156,0.00161,6657323.259373403
2023-06-17T00:00:00Z,ATLASUSD,0.00166,0.0018,0.0016,0.00163,5972105.507633542
2023-06-18T00:00:00Z,ATLASUSD,0.00163,0.00172,0.0016,0.00164,1714151.3257864704
2023-06-19T00:00:00Z,ATLASUSD,0.00167,0.0018,0.0016,0.00167,2688172.60939076
2023-06-20T00:00:00Z,ATLASUSD,0.00164,0.00177,0.00154,0.00168,4985507.08759757
2023-06-21T00:00:00Z,ATLASUSD,0.00167,0.0018,0.00158,0.00173,7342271.642692023
2023-06-22T00:00:00Z,ATLASUSD,0.00178,0.00185,0.00157,0.00166,3948706.99221234
2023-06-23T00:00:00Z,ATLASUSD,0.00168,0.0032,0.00161,0.00176,20516775.060279064
2023-06-24T00:00:00Z,ATLASUSD,0.00175,0.00189,0.00148,0.0017,16444528.095290042
2023-06-25T00:00:00Z,ATLASUSD,0.00169,0.00179,0.00151,0.00161,6616105.574370028
2023-06-26T00:00:00Z,ATLASUSD,0.00167,0.0017,0.00159,0.00159,4894338.086789921
2023-06-27T00:00:00Z,ATLASUSD,0.0016,0.00179,0.00156,0.00163,3697650.225392082
2023-06-28T00:00:00Z,ATLASUSD,0.0016,0.00163,0.00155,0.00155,1159001.61149322
2023-06-29T00:00:00Z,ATLASUSD,0.00158,0.00175,0.00155,0.00156,6443298.217457947
2023-06-30T00:00:00Z,ATLASUSD,0.00158,0.00168,0.00146,0.00161,12433910.859783174
2023-07-01T00:00:00Z,ATLASUSD,0.00162,0.00167,0.00148,0.00157,4823254.38059383
2023-07-02T00:00:00Z,ATLASUSD,0.00162,0.00182,0.00157,0.00167,4015326.3252641694
2023-07-03T00:00:00Z,ATLASUSD,0.00166,0.00175,0.00158,0.0017,8702158.16122611
2023-07-04T00:00:00Z,ATLASUSD,0.00167,0.00175,0.00156,0.00161,5507352.577148391
2023-07-05T00:00:00Z,ATLASUSD,0.00159,0.00164,0.00152,0.0016,2615471.3210035195
2023-07-06T00:00:00Z,ATLASUSD,0.00161,0.00166,0.00155,0.00155,2901805.416855349
2023-07-07T00:00:00Z,ATLASUSD,0.00155,0.00162,0.00143,0.00152,6453454.710324141
2023-07-08T00:00:00Z,ATLASUSD,0.00151,0.00159,0.00148,0.00149,4599787.78494076
2023-07-09T00:00:00Z,ATLASUSD,0.00148,0.00152,0.00146,0.00146,977421.9043730699
2023-07-10T00:00:00Z,ATLASUSD,0.00146,0.00152,0.0014,0.00142,4038284.8065902204
2023-07-11T00:00:00Z,ATLASUSD,0.00142,0.00148,0.00136,0.0014,9667434.180862071
2023-07-12T00:00:00Z,ATLASUSD,0.00136,0.00147,0.00134,0.00139,10451424.710947454
2023-07-13T00:00:00Z,ATLASUSD,0.00138,0.00188,0.00133,0.00141,11140063.569292953
2023-07-14T00:00:00Z,ATLASUSD,0.00144,0.00167,0.0014,0.00159,10097258.317902895
2023-07-15T00:00:00Z,ATLASUSD,0.00159,0.00169,0.00156,0.00157,4564465.149250733
2023-07-16T00:00:00Z,ATLASUSD,0.00157,0.00164,0.00151,0.00156,3059963.1537611913
2023-07-17T00:00:00Z,ATLASUSD,0.00157,0.00167,0.00152,0.00158,5018060.134801309
2023-07-18T00:00:00Z,ATLASUSD,0.00159,0.00159,0.00149,0.00154,948545.449047
2023-07-19T00:00:00Z,ATLASUSD,0.00156,0.00163,0.00154,0.00159,1518458.6012486503
2023-07-20T00:00:00Z,ATLASUSD,0.00155,0.00165,0.00152,0.00158,4373242.373564788
2023-07-21T00:00:00Z,ATLASUSD,0.00158,0.00159,0.0015,0.00156,4481002.944039042
2023-07-22T00:00:00Z,ATLASUSD,0.00157,0.00164,0.0015,0.00155,2157672.2684877194
2023-07-23T00:00:00Z,ATLASUSD,0.00154,0.0016,0.00147,0.00153,1956884.5083732097
2023-07-24T00:00:00Z,ATLASUSD,0.00153,0.00162,0.00143,0.00147,2393679.93183816
2023-07-25T00:00:00Z,ATLASUSD,0.00146,0.00152,0.00139,0.00145,5427747.938484509
2023-07-26T00:00:00Z,ATLASUSD,0.00148,0.00153,0.00143,0.00149,1538651.295385579
2023-07-27T00:00:00Z,ATLASUSD,0.00149,0.00155,0.00144,0.00146,2274601.6185526005
2023-07-28T00:00:00Z,ATLASUSD,0.00146,0.00159,0.00144,0.00149,4867600.837203376
2023-07-29T00:00:00Z,ATLASUSD,0.00153,0.00162,0.00141,0.0015,6231848.486246631
2023-07-30T00:00:00Z,ATLASUSD,0.0015,0.00154,0.00145,0.00145,1050879.8316950398
2023-07-31T00:00:00Z,ATLASUSD,0.00149,0.00153,0.00144,0.00149,1034235.89218885
2023-08-01T00:00:00Z,ATLASUSD,0.00149,0.00153,0.00146,0.00146,952132.9371460099
2023-08-02T00:00:00Z,ATLASUSD,0.00146,0.00157,0.00141,0.00146,3952111.1209406382
2023-08-03T00:00:00Z,ATLASUSD,0.00147,0.00151,0.00144,0.00148,1498330.0927340002
2023-08-04T00:00:00Z,ATLASUSD,0.00148,0.00153,0.00144,0.00147,1658220.1482287801
2023-08-05T00:00:00Z,ATLASUSD,0.00147,0.00194,0.00146,0.00171,5522113.165477922
2023-08-06T00:00:00Z,ATLASUSD,0.00174,0.00174,0.00145,0.00157,14066678.297564477
2023-08-07T00:00:00Z,ATLASUSD,0.00157,0.00185,0.00144,0.00153,11506382.160191001
2023-08-08T00:00:00Z,ATLASUSD,0.00153,0.00183,0.00148,0.00155,7829837.718775226
2023-08-09T00:00:00Z,ATLASUSD,0.00157,0.00162,0.00153,0.00157,2887697.5471256496
2023-08-10T00:00:00Z,ATLASUSD,0.00154,0.00162,0.0015,0.00158,4045550.21133935
2023-08-11T00:00:00Z,ATLASUSD,0.00155,0.00174,0.00154,0.00159,7863080.31880412
2023-08-12T00:00:00Z,ATLASUSD,0.00159,0.00169,0.00152,0.0016,5475715.749542679
2023-08-13T00:00:00Z,ATLASUSD,0.00162,0.00167,0.00155,0.0016,3182664.270106291
2023-08-14T00:00:00Z,ATLASUSD,0.00157,0.00164,0.00153,0.0016,2528832.7374052093
2023-08-15T00:00:00Z,ATLASUSD,0.0016,0.00204,0.00154,0.00182,12549101.399119083
2023-08-16T00:00:00Z,ATLASUSD,0.00182,0.00206,0.00145,0.00175,28114543.805069078
2023-08-17T00:00:00Z,ATLASUSD,0.00176,0.00177,0.00153,0.00155,18437876.88159919
2023-08-18T00:00:00Z,ATLASUSD,0.00155,0.00178,0.00145,0.00152,27113192.660301417
2023-08-19T00:00:00Z,ATLASUSD,0.00152,0.00157,0.00146,0.00151,5371208.505870987
2023-08-20T00:00:00Z,ATLASUSD,0.00154,0.00156,0.00139,0.00148,10533662.185398849
2023-08-21T00:00:00Z,ATLASUSD,0.00148,0.00174,0.00142,0.00162,6312041.453835511
2023-08-22T00:00:00Z,ATLASUSD,0.00159,0.00166,0.00146,0.0015,7643665.857141873
2023-08-23T00:00:00Z,ATLASUSD,0.00151,0.00161,0.00148,0.00155,9660937.649297873
2023-08-24T00:00:00Z,ATLASUSD,0.00155,0.00169,0.0015,0.00153,22624841.83902122
2023-08-25T00:00:00Z,ATLASUSD,0.0015,0.00154,0.00145,0.00152,1257738.16823139
2023-08-26T00:00:00Z,ATLASUSD,0.00149,0.00158,0.00143,0.00148,3498356.36952852
2023-08-27T00:00:00Z,ATLASUSD,0.00149,0.00153,0.00146,0.00152,1870573.56719522
2023-08-28T00:00:00Z,ATLASUSD,0.00149,0.00151,0.00143,0.00149,1360162.3169448401
2023-08-29T00:00:00Z,ATLASUSD,0.00147,0.00152,0.00142,0.0015,5613177.830420483
2023-08-30T00:00:00Z,ATLASUSD,0.0015,0.00156,0.00146,0.00149,2696615.8877675394
2023-08-31T00:00:00Z,ATLASUSD,0.00151,0.00153,0.00141,0.00141,1379536.4525994295
2023-09-01T00:00:00Z,ATLASUSD,0.00141,0.00159,0.00141,0.0015,7691351.336134893
2023-09-02T00:00:00Z,ATLASUSD,0.00152,0.0016,0.00145,0.00145,9980041.026889069
2023-09-03T00:00:00Z,ATLASUSD,0.00145,0.00149,0.00142,0.00142,2124061.0471099108
2023-09-04T00:00:00Z,ATLASUSD,0.00145,0.0015,0.00142,0.00144,1831617.2584271487
2023-09-05T00:00:00Z,ATLASUSD,0.00147,0.00149,0.00144,0.00148,1242333.59497299
2023-09-06T00:00:00Z,ATLASUSD,0.00148,0.00151,0.00145,0.00145,3501896.140770539
2023-09-07T00:00:00Z,ATLASUSD,0.00148,0.00149,0.00141,0.00145,7752210.771084627
2023-09-08T00:00:00Z,ATLASUSD,0.00145,0.0015,0.00145,0.00148,841271.0401118699
2023-09-09T00:00:00Z,ATLASUSD,0.00145,0.00152,0.0014,0.00146,3455650.36083667
2023-09-10T00:00:00Z,ATLASUSD,0.00144,0.00145,0.00141,0.00142,315539.94889416994
2023-09-11T00:00:00Z,ATLASUSD,0.00144,0.00148,0.00128,0.00137,10210931.5958967
2023-09-12T00:00:00Z,ATLASUSD,0.00137,0.00141,0.00137,0.00137,2697401.5757828695
2023-09-13T00:00:00Z,ATLASUSD,0.00137,0.00148,0.00135,0.00148,5446463.096177659
2023-09-14T00:00:00Z,ATLASUSD,0.00145,0.00148,0.00141,0.00143,3533879.386432001
2023-09-15T00:00:00Z,ATLASUSD,0.00142,0.00151,0.00142,0.00145,6117935.56169402
2023-09-16T00:00:00Z,ATLASUSD,0.00147,0.00149,0.00143,0.00146,2706183.2378120897
2023-09-17T00:00:00Z,ATLASUSD,0.00146,0.0015,0.00144,0.00144,2873308.1815705597
2023-09-18T00:00:00Z,ATLASUSD,0.00146,0.00157,0.00139,0.00145,14871186.22081765
2023-09-19T00:00:00Z,ATLASUSD,0.00145,0.0015,0.00142,0.00144,5407905.126976521
2023-09-20T00:00:00Z,ATLASUSD,0.00144,0.0016,0.00144,0.00147,10275298.491184343
2023-09-21T00:00:00Z,ATLASUSD,0.00147,0.00166,0.00145,0.00146,5876362.179090221
2023-09-22T00:00:00Z,ATLASUSD,0.00145,0.00149,0.00143,0.00145,4641640.326137322
2023-09-23T00:00:00Z,ATLASUSD,0.00144,0.00148,0.0014,0.0014,4712944.235279881
2023-09-24T00:00:00Z,ATLASUSD,0.00144,0.0015,0.00141,0.00145,7863992.639119993
2023-09-25T00:00:00Z,ATLASUSD,0.00145,0.00152,0.00143,0.00145,8923101.938079482
2023-09-26T00:00:00Z,ATLASUSD,0.00144,0.00147,0.00144,0.00147,2724088.52119017
2023-09-27T00:00:00Z,ATLASUSD,0.00144,0.00154,0.00142,0.0015,4507436.68742966
2023-09-28T00:00:00Z,ATLASUSD,0.0015,0.0015,0.00146,0.00149,614666.09051326
2023-09-29T00:00:00Z,ATLASUSD,0.00149,0.0015,0.00141,0.00146,2068740.6479346596
2023-09-30T00:00:00Z,ATLASUSD,0.00142,0.00151,0.00142,0.00144,2996931.494625619
2023-10-01T00:00:00Z,ATLASUSD,0.00147,0.00152,0.00143,0.00146,1143950.50571763
2023-10-02T00:00:00Z,ATLASUSD,0.0015,0.00157,0.00144,0.00146,4603518.197452271
2023-10-03T00:00:00Z,ATLASUSD,0.00147,0.00153,0.00145,0.00145,5167901.956231852
2023-10-04T00:00:00Z,ATLASUSD,0.00145,0.00149,0.00143,0.00145,2100044.4193613403
2023-10-05T00:00:00Z,ATLASUSD,0.00145,0.00148,0.00143,0.00143,3315942.5342069906
2023-10-06T00:00:00Z,ATLASUSD,0.00143,0.00149,0.00141,0.00149,1049482.30462506
2023-10-07T00:00:00Z,ATLASUSD,0.0015,0.0015,0.00145,0.00146,1030203.4779668503
2023-10-08T00:00:00Z,ATLASUSD,0.00147,0.00148,0.00142,0.00146,728868.44787841
2023-10-09T00:00:00Z,ATLASUSD,0.00143,0.00154,0.0014,0.00143,4469184.5578178195
2023-10-10T00:00:00Z,ATLASUSD,0.00144,0.0015,0.0014,0.00142,3787418.7398136603
2023-10-11T00:00:00Z,ATLASUSD,0.00142,0.00145,0.00139,0.00141,1064852.15653863
2023-10-12T00:00:00Z,ATLASUSD,0.00141,0.00141,0.00137,0.00138,3530749.8732235897
2023-10-13T00:00:00Z,ATLASUSD,0.0014,0.00152,0.0014,0.00146,6919336.752295566
2023-10-14T00:00:00Z,ATLASUSD,0.00146,0.00148,0.00139,0.00143,2823064.2302454296
2023-10-15T00:00:00Z,ATLASUSD,0.00142,0.00145,0.00142,0.00145,296952.70197128
2023-10-16T00:00:00Z,ATLASUSD,0.00145,0.0015,0.0014,0.00144,4688502.198861419
2023-10-17T00:00:00Z,ATLASUSD,0.00145,0.00152,0.00144,0.0015,5442093.68867306
2023-10-18T00:00:00Z,ATLASUSD,0.00147,0.0015,0.00142,0.00144,2950815.371423318
2023-10-19T00:00:00Z,ATLASUSD,0.00145,0.00149,0.00141,0.00145,5666565.247954232
2023-10-20T00:00:00Z,ATLASUSD,0.00146,0.0016,0.00146,0.00151,11056824.420864742
2023-10-21T00:00:00Z,ATLASUSD,0.00152,0.00157,0.00146,0.0015,5191031.948319133
2023-10-22T00:00:00Z,ATLASUSD,0.0015,0.00189,0.00147,0.0017,29971382.80772778
2023-10-23T00:00:00Z,ATLASUSD,0.00172,0.00195,0.00167,0.00177,32075307.020056568
2023-10-24T00:00:00Z,ATLASUSD,0.00178,0.00186,0.0017,0.00177,11235625.60281591
2023-10-25T00:00:00Z,ATLASUSD,0.00176,0.00188,0.00164,0.00177,16319122.710725019
2023-10-26T00:00:00Z,ATLASUSD,0.00177,0.00212,0.00173,0.00197,20730724.496760886
2023-10-27T00:00:00Z,ATLASUSD,0.00199,0.00238,0.00186,0.00222,29663112.138149034
2023-10-28T00:00:00Z,ATLASUSD,0.00219,0.00225,0.00203,0.00207,7205894.836964771
2023-10-29T00:00:00Z,ATLASUSD,0.00207,0.00227,0.00207,0.00218,3978329.298086322
2023-10-30T00:00:00Z,ATLASUSD,0.00217,0.00236,0.0021,0.00221,13670225.616687927
2023-10-31T00:00:00Z,ATLASUSD,0.00217,0.00227,0.00193,0.00218,15546572.362677258
2023-11-01T00:00:00Z,ATLASUSD,0.00215,0.00282,0.00207,0.0025,20010629.001438398
2023-11-02T00:00:00Z,ATLASUSD,0.00251,0.0037,0.00244,0.00294,65992310.38778283
2023-11-03T00:00:00Z,ATLASUSD,0.0029,0.00303,0.00261,0.00268,20419937.497453436
2023-11-04T00:00:00Z,ATLASUSD,0.00268,0.00292,0.0025,0.00271,32420306.31796775
2023-11-05T00:00:00Z,ATLASUSD,0.00272,0.00286,0.00259,0.0027,30378515.164117176
2023-11-06T00:00:00Z,ATLASUSD,0.00271,0.0028,0.00256,0.00275,10548452.711400468
2023-11-07T00:00:00Z,ATLASUSD,0.00275,0.00284,0.00253,0.00269,10954058.624712573
2023-11-08T00:00:00Z,ATLASUSD,0.00266,0.00291,0.00258,0.00273,9906922.361051995
2023-11-09T00:00:00Z,ATLASUSD,0.00272,0.0038,0.00271,0.00311,32344399.31577606
2023-11-10T00:00:00Z,ATLASUSD,0.00311,0.00357,0.00309,0.00345,34481403.66475496
2023-11-11T00:00:00Z,ATLASUSD,0.00338,0.0036,0.00331,0.00331,24601276.50007434
2023-11-12T00:00:00Z,ATLASUSD,0.00331,0.00352,0.00312,0.00324,16945166.37336779
2023-11-13T00:00:00Z,ATLASUSD,0.00325,0.0034,0.00299,0.00299,13824695.767135488
2023-11-14T00:00:00Z,ATLASUSD,0.00299,0.00348,0.00287,0.00313,20687158.988383535
2023-11-15T00:00:00Z,ATLASUSD,0.00313,0.00347,0.00311,0.00333,12923097.6137024
2023-11-16T00:00:00Z,ATLASUSD,0.00329,0.00339,0.00303,0.00305,10719785.278925661
2023-11-17T00:00:00Z,ATLASUSD,0.00306,0.00319,0.00286,0.00313,11891482.61508293
2023-11-18T00:00:00Z,ATLASUSD,0.00313,0.00316,0.0029,0.00307,13184508.690421235
2023-11-19T00:00:00Z,ATLASUSD,0.00303,0.00344,0.00303,0.00328,16283210.164127396
2023-11-20T00:00:00Z,ATLASUSD,0.00333,0.0035,0.00292,0.00313,21444223.056404702
2023-11-21T00:00:00Z,ATLASUSD,0.00316,0.0032,0.00296,0.00305,12569688.331099475
2023-11-22T00:00:00Z,ATLASUSD,0.00297,0.00324,0.00295,0.00314,9964207.644595884
2023-11-23T00:00:00Z,ATLASUSD,0.00311,0.00365,0.00303,0.00341,16955261.637666464
2023-11-24T00:00:00Z,ATLASUSD,0.00341,0.00376,0.00324,0.00349,14991397.82470747
2023-11-25T00:00:00Z,ATLASUSD,0.00348,0.00367,0.00343,0.00348,11530649.307479607
2023-11-26T00:00:00Z,ATLASUSD,0.00353,0.00478,0.00346,0.00419,30040065.56618765
2023-11-27T00:00:00Z,ATLASUSD,0.00428,0.0051,0.00415,0.00489,39283417.99802342
2023-11-28T00:00:00Z,ATLASUSD,0.00489,0.0072,0.00482,0.00632,50741740.80747644
2023-11-29T00:00:00Z,ATLASUSD,0.00632,0.00653,0.00537,0.0057,27006170.721728142
2023-11-30T00:00:00Z,ATLASUSD,0.0057,0.0078,0.00541,0.00713,37301241.01272379
2023-12-01T00:00:00Z,ATLASUSD,0.00712,0.00815,0.0067,0.007,36179554.854272865
2023-12-02T00:00:00Z,ATLASUSD,0.007,0.0078,0.00676,0.00731,23895269.97422713
2023-12-03T00:00:00Z,ATLASUSD,0.00731,0.0077,0.0066,0.00702,20496137.413574502
2023-12-04T00:00:00Z,ATLASUSD,0.00712,0.00777,0.00633,0.00716,23445585.165751096
2023-12-05T00:00:00Z,ATLASUSD,0.00714,0.00763,0.00661,0.007,26030628.781636365
2023-12-06T00:00:00Z,ATLASUSD,0.00709,0.00818,0.0063,0.00649,16093893.372801874
2023-12-07T00:00:00Z,ATLASUSD,0.00635,0.0078,0.00602,0.00673,15338584.153067729
2023-12-08T00:00:00Z,ATLASUSD,0.00682,0.00715,0.00643,0.00669,8827880.634515205
2023-12-09T00:00:00Z,ATLASUSD,0.00679,0.00704,0.0065,0.0065,10435143.460087873
2023-12-10T00:00:00Z,ATLASUSD,0.00651,0.0076,0.00637,0.00654,14165116.024348926
2023-12-11T00:00:00Z,ATLASUSD,0.00648,0.00659,0.0058,0.00609,11028337.501450187
2023-12-12T00:00:00Z,ATLASUSD,0.00599,0.00669,0.00592,0.00608,13435854.796552982
2023-12-13T00:00:00Z,ATLASUSD,0.00606,0.0081,0.00576,0.00663,20220932.822673313
2023-12-14T00:00:00Z,ATLASUSD,0.00663,0.0067,0.0063,0.00654,8798525.790622616
2023-12-15T00:00:00Z,ATLASUSD,0.00654,0.00663,0.00582,0.00607,13431448.36059347
2023-12-16T00:00:00Z,ATLASUSD,0.00608,0.00648,0.0059,0.00614,7463246.3792823125
2023-12-17T00:00:00Z,ATLASUSD,0.00614,0.00636,0.00589,0.00589,7712672.489606685
2023-12-18T00:00:00Z,ATLASUSD,0.00586,0.00594,0.00531,0.00562,11441699.678581111
2023-12-19T00:00:00Z,ATLASUSD,0.0055,0.006,0.0054,0.00557,10653746.268961981
2023-12-20T00:00:00Z,ATLASUSD,0.00556,0.00693,0.00549,0.0066,18046573.46570612
2023-12-21T00:00:00Z,ATLASUSD,0.0066,0.0073,0.00624,0.00654,23439908.10830285
2023-12-22T00:00:00Z,ATLASUSD,0.00652,0.00708,0.0061,0.00648,21885613.047111366
2023-12-23T00:00:00Z,ATLASUSD,0.00638,0.00668,0.00609,0.0066,10556676.563589724
2023-12-24T00:00:00Z,ATLASUSD,0.00668,0.007,0.00656,0.00659,17694007.23460133
2023-12-25T00:00:00Z,ATLASUSD,0.00662,0.00719,0.0065,0.00695,11279177.823901022
2023-12-26T00:00:00Z,ATLASUSD,0.00695,0.007,0.006,0.00633,23067838.882424586
2023-12-27T00:00:00Z,ATLASUSD,0.00633,0.0067,0.00621,0.00651,6633143.8629085645
2023-12-28T00:00:00Z,ATLASUSD,0.00661,0.00661,0.0058,0.00621,10255700.569176577
2023-12-29T00:00:00Z,ATLASUSD,0.00618,0.00628,0.00592,0.00612,3960973.3768188893
2023-12-30T00:00:00Z,ATLASUSD,0.00602,0.0061,0.00552,0.00572,7975003.288059071
2023-12-31T00:00:00Z,ATLASUSD,0.00569,0.0058,0.00541,0.00558,9372127.431930918
2024-01-01T00:00:00Z,ATLASUSD,0.00558,0.0065,0.0055,0.00597,10338088.468984673
2024-01-02T00:00:00Z,ATLASUSD,0.00599,0.0064,0.0057,0.0057,16382984.032054376
2024-01-03T00:00:00Z,ATLASUSD,0.00582,0.0059,0.0051,0.00556,17341813.032545008
2024-01-04T00:00:00Z,ATLASUSD,0.00556,0.0058,0.00525,0.00562,21417167.41413112
2024-01-05T00:00:00Z,ATLASUSD,0.00567,0.00573,0.00521,0.00542,21183367.008097794
2024-01-06T00:00:00Z,ATLASUSD,0.00542,0.00566,0.00506,0.00551,23118004.185593773
2024-01-07T00:00:00Z,ATLASUSD,0.00555,0.0057,0.00517,0.00517,20534621.981631108
2024-01-08T00:00:00Z,ATLASUSD,0.00524,0.00683,0.0048,0.00552,37837388.79677354
2024-01-09T00:00:00Z,ATLASUSD,0.00558,0.0064,0.00522,0.00534,33822506.829850614
2024-01-10T00:00:00Z,ATLASUSD,0.00547,0.0057,0.00515,0.00561,7897410.5723753115
2024-01-11T00:00:00Z,ATLASUSD,0.00561,0.00592,0.00541,0.00561,18221917.17752173
2024-01-12T00:00:00Z,ATLASUSD,0.00561,0.00561,0.00506,0.00513,14775205.679915452
2024-01-13T00:00:00Z,ATLASUSD,0.00513,0.00559,0.0051,0.0055,13136744.550064951
2024-01-14T00:00:00Z,ATLASUSD,0.00551,0.00557,0.00521,0.00525,12121631.387319796
2024-01-15T00:00:00Z,ATLASUSD,0.00522,0.00533,0.00513,0.00523,10695856.016619187
2024-01-16T00:00:00Z,ATLASUSD,0.00523,0.0056,0.00512,0.00546,11747036.290080527
2024-01-17T00:00:00Z,ATLASUSD,0.00538,0.00583,0.00538,0.0058,11157235.105974834
2024-01-18T00:00:00Z,ATLASUSD,0.0058,0.00589,0.00512,0.00528,13351426.769594302
2024-01-19T00:00:00Z,ATLASUSD,0.00528,0.0053,0.0046,0.00486,11872378.581050057
2024-01-20T00:00:00Z,ATLASUSD,0.00488,0.00495,0.00463,0.00484,7265834.49821918
2024-01-21T00:00:00Z,ATLASUSD,0.00473,0.00483,0.0045,0.00454,5377040.660461096
2024-01-22T00:00:00Z,ATLASUSD,0.00456,0.00459,0.00417,0.00428,8536544.789181713
2024-01-23T00:00:00Z,ATLASUSD,0.00426,0.00438,0.004,0.00415,7540057.99356762
2024-01-24T00:00:00Z,ATLASUSD,0.00418,0.00437,0.00418,0.00432,5842451.362713341
2024-01-25T00:00:00Z,ATLASUSD,0.0043,0.00432,0.004,0.00405,3529728.6988351713
2024-01-26T00:00:00Z,ATLASUSD,0.00404,0.0044,0.00403,0.00429,3432182.35180054
2024-01-27T00:00:00Z,ATLASUSD,0.00421,0.00443,0.00413,0.0044,3435991.5239780913
2024-01-28T00:00:00Z,ATLASUSD,0.0044,0.00445,0.00415,0.00425,4728875.778346761
2024-01-29T00:00:00Z,ATLASUSD,0.00427,0.0046,0.00405,0.00434,6217922.343606571
2024-01-30T00:00:00Z,ATLASUSD,0.00433,0.00441,0.00413,0.0042,2318060.56270649
2024-01-31T00:00:00Z,ATLASUSD,0.0042,0.00424,0.00383,0.00399,10859978.331695778
2024-02-01T00:00:00Z,ATLASUSD,0.00396,0.0043,0.00377,0.004,5139170.093346768
2024-02-02T00:00:00Z,ATLASUSD,0.00399,0.00415,0.00393,0.00402,3000480.2621876705
2024-02-03T00:00:00Z,ATLASUSD,0.00399,0.00407,0.00385,0.00388,2292157.091101141
2024-02-04T00:00:00Z,ATLASUSD,0.00388,0.00398,0.00382,0.00382,1830874.0516140396
2024-02-05T00:00:00Z,ATLASUSD,0.00385,0.00397,0.00377,0.00384,1321088.8851507297
2024-02-06T00:00:00Z,ATLASUSD,0.00385,0.00446,0.00374,0.00417,13017135.746955259
2024-02-07T00:00:00Z,ATLASUSD,0.00415,0.00419,0.0039,0.00415,4432709.513086261
2024-02-08T00:00:00Z,ATLASUSD,0.00413,0.00434,0.00396,0.00413,6350981.0754717
2024-02-09T00:00:00Z,ATLASUSD,0.00407,0.00472,0.00407,0.00434,9002705.983111277
2024-02-10T00:00:00Z,ATLASUSD,0.00434,0.0052,0.00427,0.00491,14566663.519068409
2024-02-11T00:00:00Z,ATLASUSD,0.00488,0.00498,0.00441,0.00452,9399657.655143064
2024-02-12T00:00:00Z,ATLASUSD,0.0045,0.0053,0.00438,0.00463,15987042.831966229
2024-02-13T00:00:00Z,ATLASUSD,0.00463,0.0048,0.00454,0.00469,9343702.094113868
2024-02-14T00:00:00Z,ATLASUSD,0.00469,0.0054,0.0045,0.00515,11360437.49316283
2024-02-15T00:00:00Z,ATLASUSD,0.00517,0.00537,0.00465,0.00492,15444124.747055868
2024-02-16T00:00:00Z,ATLASUSD,0.00492,0.00667,0.0048,0.00496,34823537.26845554
2024-02-17T00:00:00Z,ATLASUSD,0.00492,0.00497,0.00465,0.00487,4372368.445843801
2024-02-18T00:00:00Z,ATLASUSD,0.00487,0.00499,0.00471,0.00482,6330949.492790003
2024-02-19T00:00:00Z,ATLASUSD,0.00484,0.00506,0.00476,0.00488,6369849.408446602
2024-02-20T00:00:00Z,ATLASUSD,0.00493,0.00505,0.0047,0.00489,4934480.195138748
2024-02-21T00:00:00Z,ATLASUSD,0.0048,0.00486,0.00445,0.00449,8800127.656020097
2024-02-22T00:00:00Z,ATLASUSD,0.0045,0.0059,0.0044,0.00537,25322578.008121748
2024-02-23T00:00:00Z,ATLASUSD,0.00538,0.0058,0.0048,0.00498,21399739.86645678
2024-02-24T00:00:00Z,ATLASUSD,0.00498,0.00516,0.00488,0.00503,13880362.491066063
2024-02-25T00:00:00Z,ATLASUSD,0.00509,0.0056,0.00495,0.00539,9015588.063819585
2024-02-26T00:00:00Z,ATLASUSD,0.00539,0.00556,0.00502,0.00543,8392066.181468531
2024-02-27T00:00:00Z,ATLASUSD,0.00548,0.00573,0.00531,0.00547,9826648.397640763
2024-02-28T00:00:00Z,ATLASUSD,0.00547,0.00676,0.00542,0.00647,20068555.281570926
2024-02-29T00:00:00Z,ATLASUSD,0.00646,0.00728,0.0064,0.00662,16830060.922288418
2024-03-01T00:00:00Z,ATLASUSD,0.00662,0.00749,0.00651,0.00724,16588557.246449541
2024-03-02T00:00:00Z,ATLASUSD,0.00737,0.00875,0.00678,0.00787,23803811.624296445
2024-03-03T00:00:00Z,ATLASUSD,0.00794,0.0085,0.00751,0.00781,15330550.23106571
2024-03-04T00:00:00Z,ATLASUSD,0.00791,0.0083,0.00721,0.00747,18094753.61114143
2024-03-05T00:00:00Z,ATLASUSD,0.00755,0.00799,0.00621,0.00667,29842180.528412286
2024-03-06T00:00:00Z,ATLASUSD,0.00667,0.00728,0.00666,0.00702,10380946.922663616
2024-03-07T00:00:00Z,ATLASUSD,0.0071,0.00755,0.00652,0.007,15568797.781180914
2024-03-08T00:00:00Z,ATLASUSD,0.007,0.00882,0.0068,0.00787,23090241.932695854
2024-03-09T00:00:00Z,ATLASUSD,0.00794,0.0091,0.00747,0.00823,20361257.226328645
2024-03-10T00:00:00Z,ATLASUSD,0.00814,0.01,0.00764,0.00915,32154587.292783454
2024-03-11T00:00:00Z,ATLASUSD,0.00914,0.01465,0.00874,0.01163,37763900.22764166
2024-03-12T00:00:00Z,ATLASUSD,0.01162,0.01219,0.00872,0.01055,39013681.46152397
2024-03-13T00:00:00Z,ATLASUSD,0.01051,0.01146,0.01,0.01047,22501423.444001585
2024-03-14T00:00:00Z,ATLASUSD,0.0104,0.01103,0.0092,0.00995,17497023.430616993
2024-03-15T00:00:00Z,ATLASUSD,0.00993,0.011,0.00857,0.01021,26427169.62590694
2024-03-16T00:00:00Z,ATLASUSD,0.01021,0.0116,0.00909,0.00946,25215099.948316753
2024-03-17T00:00:00Z,ATLASUSD,0.00939,0.01079,0.0089,0.00978,15279852.737252444
2024-03-18T00:00:00Z,ATLASUSD,0.00965,0.01009,0.00838,0.00858,13040539.460320449
2024-03-19T00:00:00Z,ATLASUSD,0.00855,0.00888,0.00703,0.00761,25313113.637993168
2024-03-20T00:00:00Z,ATLASUSD,0.00769,0.00906,0.00709,0.00878,14102267.861415911
2024-03-21T00:00:00Z,ATLASUSD,0.00879,0.0088,0.00759,0.00786,10533179.524222052
2024-03-22T00:00:00Z,ATLASUSD,0.0078,0.00802,0.0073,0.00746,10709887.899821032
2024-03-23T00:00:00Z,ATLASUSD,0.00745,0.00833,0.00742,0.00776,7533100.245239384
2024-03-24T00:00:00Z,ATLASUSD,0.00783,0.00799,0.00739,0.00793,7233874.240408092
2024-03-25T00:00:00Z,ATLASUSD,0.00799,0.01076,0.00783,0.00859,19831520.239985608
2024-03-26T00:00:00Z,ATLASUSD,0.00856,0.00878,0.00789,0.00811,8625643.119346023
2024-03-27T00:00:00Z,ATLASUSD,0.00811,0.00832,0.0078,0.00795,5380474.477018943
2024-03-28T00:00:00Z,ATLASUSD,0.00788,0.00821,0.00767,0.00789,15267190.810556035
2024-03-29T00:00:00Z,ATLASUSD,0.00797,0.00838,0.00764,0.00826,5488106.170905488
2024-03-30T00:00:00Z,ATLASUSD,0.00825,0.00841,0.00701,0.00794,11078850.631717429
2024-03-31T00:00:00Z,ATLASUSD,0.00794,0.00872,0.00764,0.00822,5829165.5671949275
2024-04-01T00:00:00Z,ATLASUSD,0.00821,0.00856,0.00752,0.00823,15022606.16763146
2024-04-02T00:00:00Z,ATLASUSD,0.00821,0.00821,0.00702,0.0074,12720272.877700046
2024-04-03T00:00:00Z,ATLASUSD,0.00745,0.00782,0.00697,0.00721,7945963.49883408
2024-04-04T00:00:00Z,ATLASUSD,0.00721,0.00761,0.00691,0.0071,8203334.453859041
2024-04-05T00:00:00Z,ATLASUSD,0.0071,0.00731,0.00678,0.00692,3545788.0988522884
2024-04-06T00:00:00Z,ATLASUSD,0.00691,0.00789,0.00679,0.00747,3168582.16410419
2024-04-07T00:00:00Z,ATLASUSD,0.00748,0.00762,0.00726,0.00731,4828896.37491096
2024-04-08T00:00:00Z,ATLASUSD,0.00731,0.00765,0.00717,0.00746,6852559.334343641
2024-04-09T00:00:00Z,ATLASUSD,0.00746,0.00748,0.007,0.00711,6355555.383782109
2024-04-10T00:00:00Z,ATLASUSD,0.00713,0.0073,0.00692,0.00718,4734119.579169038
2024-04-11T00:00:00Z,ATLASUSD,0.00719,0.00726,0.00698,0.00715,7843954.415958389
2024-04-12T00:00:00Z,ATLASUSD,0.00713,0.00742,0.00604,0.00613,16202976.320181452
2024-04-13T00:00:00Z,ATLASUSD,0.00627,0.00634,0.0051,0.00548,19976764.187333994
2024-04-14T00:00:00Z,ATLASUSD,0.0055,0.00582,0.00523,0.00563,42818642.953017496
2024-04-15T00:00:00Z,ATLASUSD,0.00565,0.00622,0.00514,0.00516,16668252.30665469
2024-04-16T00:00:00Z,ATLASUSD,0.00521,0.00522,0.0047,0.00506,11864061.009400578
2024-04-17T00:00:00Z,ATLASUSD,0.00508,0.00511,0.00471,0.00483,3504524.2748350985
2024-04-18T00:00:00Z,ATLASUSD,0.00487,0.0051,0.00467,0.00506,12836923.180528535
2024-04-19T00:00:00Z,ATLASUSD,0.00506,0.00522,0.00475,0.00499,12632078.012047403
2024-04-20T00:00:00Z,ATLASUSD,0.00493,0.00537,0.00482,0.00525,17601220.971701555
2024-04-21T00:00:00Z,ATLASUSD,0.00522,0.0053,0.00499,0.00507,19285813.62230991
2024-04-22T00:00:00Z,ATLASUSD,0.00504,0.00565,0.00495,0.00528,37383054.62851326
2024-04-23T00:00:00Z,ATLASUSD,0.00531,0.00533,0.00498,0.00515,25955703.438011825
2024-04-24T00:00:00Z,ATLASUSD,0.00516,0.00529,0.00477,0.00495,30715890.304416407
2024-04-25T00:00:00Z,ATLASUSD,0.00493,0.00502,0.00463,0.00483,16316467.99304887
2024-04-26T00:00:00Z,ATLASUSD,0.00479,0.00489,0.00455,0.00458,12451288.460975302
2024-04-27T00:00:00Z,ATLASUSD,0.00456,0.0046,0.00434,0.00445,13691947.32984827
2024-04-28T00:00:00Z,ATLASUSD,0.00445,0.00461,0.00434,0.00444,26076585.007962216
2024-04-29T00:00:00Z,ATLASUSD,0.00441,0.00449,0.00406,0.00421,26766355.15706425
2024-04-30T00:00:00Z,ATLASUSD,0.00422,0.00429,0.00372,0.00385,15068813.154128617
2024-05-01T00:00:00Z,ATLASUSD,0.00383,0.0041,0.00362,0.00395,15974593.673641708
2024-05-02T00:00:00Z,ATLASUSD,0.00396,0.00419,0.00382,0.00402,20988869.286847137
2024-05-03T00:00:00Z,ATLASUSD,0.004,0.00446,0.00395,0.00434,19439150.527792953
2024-05-04T00:00:00Z,ATLASUSD,0.00436,0.0045,0.00421,0.00436,23179500.48723781
2024-05-05T00:00:00Z,ATLASUSD,0.00436,0.00438,0.00411,0.00415,33400752.667192947
2024-05-06T00:00:00Z,ATLASUSD,0.00416,0.00441,0.00402,0.00411,41870340.32593304
2024-05-07T00:00:00Z,ATLASUSD,0.0041,0.00417,0.00389,0.00393,19707285.862996466
2024-05-08T00:00:00Z,ATLASUSD,0.00391,0.00398,0.00375,0.00386,14661734.604364082
2024-05-09T00:00:00Z,ATLASUSD,0.00385,0.00425,0.00382,0.00406,28081461.39235864
2024-05-10T00:00:00Z,ATLASUSD,0.00407,0.00409,0.00377,0.00384,22946570.570257574
2024-05-11T00:00:00Z,ATLASUSD,0.00383,0.00399,0.00371,0.0038,13059608.5548742
2024-05-12T00:00:00Z,ATLASUSD,0.00378,0.00438,0.00377,0.00403,17669614.93831829
2024-05-13T00:00:00Z,ATLASUSD,0.00402,0.00409,0.00377,0.00385,27542243.950252585
2024-05-14T00:00:00Z,ATLASUSD,0.00386,0.005,0.00372,0.00384,24129057.241289467
2024-05-15T00:00:00Z,ATLASUSD,0.00383,0.00404,0.00372,0.00403,43487043.11395173
2024-05-16T00:00:00Z,ATLASUSD,0.00404,0.00409,0.00373,0.00375,21373154.89488307
2024-05-17T00:00:00Z,ATLASUSD,0.00382,0.00399,0.00369,0.00397,40385091.72532322
2024-05-18T00:00:00Z,ATLASUSD,0.00395,0.00405,0.00379,0.00382,17499199.410695575
2024-05-19T00:00:00Z,ATLASUSD,0.00384,0.00389,0.00362,0.00382,28966296.550420057
2024-05-20T00:00:00Z,ATLASUSD,0.00381,0.00404,0.00367,0.00396,33363714.194170505
2024-05-21T00:00:00Z,ATLASUSD,0.00398,0.00433,0.00386,0.00405,36491762.68837806
2024-05-22T00:00:00Z,ATLASUSD,0.00402,0.0041,0.00391,0.00398,27873050.96092088
2024-05-23T00:00:00Z,ATLASUSD,0.00398,0.00406,0.00373,0.00383,30251048.00918286
2024-05-24T00:00:00Z,ATLASUSD,0.00385,0.00408,0.00371,0.00385,18474338.60426178
2024-05-25T00:00:00Z,ATLASUSD,0.00385,0.00407,0.0038,0.00385,33878944.45493017
2024-05-26T00:00:00Z,ATLASUSD,0.00386,0.00391,0.00371,0.00373,26643712.844481543
2024-05-27T00:00:00Z,ATLASUSD,0.00375,0.00412,0.00371,0.0039,31764515.581688322
2024-05-28T00:00:00Z,ATLASUSD,0.00386,0.00398,0.00381,0.00385,22702840.434823006
2024-05-29T00:00:00Z,ATLASUSD,0.00385,0.00396,0.00381,0.00381,11378205.925519317
2024-05-30T00:00:00Z,ATLASUSD,0.0038,0.00385,0.00372,0.00372,25345821.22983234
2024-05-31T00:00:00Z,ATLASUSD,0.00373,0.00377,0.00362,0.00374,10544894.69875607
2024-06-01T00:00:00Z,ATLASUSD,0.00374,0.0041,0.00366,0.00385,10057898.832386881
2024-06-02T00:00:00Z,ATLASUSD,0.00383,0.00408,0.0037,0.00381,19676319.234852146
2024-06-03T00:00:00Z,ATLASUSD,0.00379,0.00406,0.00374,0.00397,24389687.212569144
2024-06-04T00:00:00Z,ATLASUSD,0.00395,0.00407,0.00382,0.00389,23770293.443151105
2024-06-05T00:00:00Z,ATLASUSD,0.00392,0.004,0.00383,0.00391,4561951.474230269
2024-06-06T00:00:00Z,ATLASUSD,0.00391,0.00397,0.00378,0.00385,3193327.4773482103
2024-06-07T00:00:00Z,ATLASUSD,0.00384,0.00396,0.00347,0.00355,11087195.427238671
2024-06-08T00:00:00Z,ATLASUSD,0.00354,0.00359,0.00338,0.00339,4611210.2668528715
2024-06-09T00:00:00Z,ATLASUSD,0.00342,0.00352,0.00332,0.00344,11135725.378553323
2024-06-10T00:00:00Z,ATLASUSD,0.00346,0.00349,0.00331,0.00334,17556519.861416
2024-06-11T00:00:00Z,ATLASUSD,0.00335,0.00336,0.00308,0.00323,19275944.03152406
2024-06-12T00:00:00Z,ATLASUSD,0.00324,0.00351,0.00311,0.00323,17381749.557044394
2024-06-13T00:00:00Z,ATLASUSD,0.00325,0.00327,0.003,0.00304,27737278.785459932
2024-06-14T00:00:00Z,ATLASUSD,0.00304,0.00313,0.00291,0.00297,16940327.93184343
2024-06-15T00:00:00Z,ATLASUSD,0.00294,0.0032,0.0029,0.00301,24710666.01438487
2024-06-16T00:00:00Z,ATLASUSD,0.00298,0.00311,0.00292,0.00308,12573125.456479242
2024-06-17T00:00:00Z,ATLASUSD,0.00306,0.00307,0.00282,0.00293,25590808.469751664
2024-06-18T00:00:00Z,ATLASUSD,0.00292,0.00292,0.00263,0.00274,32841271.776698098
2024-06-19T00:00:00Z,ATLASUSD,0.00274,0.00287,0.00271,0.00281,19000683.626830038
2024-06-20T00:00:00Z,ATLASUSD,0.00281,0.00307,0.00281,0.00294,29305004.622249965
2024-06-21T00:00:00Z,ATLASUSD,0.00295,0.00296,0.00271,0.00273,27386238.77657801
2024-06-22T00:00:00Z,ATLASUSD,0.00273,0.00279,0.00266,0.00274,20153896.794743977
2024-06-23T00:00:00Z,ATLASUSD,0.00274,0.00277,0.00261,0.00261,16833241.314014167
2024-06-24T00:00:00Z,ATLASUSD,0.00261,0.00264,0.00241,0.00261,42946197.210424006
2024-06-25T00:00:00Z,ATLASUSD,0.00259,0.00284,0.00252,0.00264,40871410.369692884
2024-06-26T00:00:00Z,ATLASUSD,0.00264,0.00266,0.0025,0.00255,25408146.9002614
2024-06-27T00:00:00Z,ATLASUSD,0.00254,0.00275,0.0025,0.00265,29804856.141602773
2024-06-28T00:00:00Z,ATLASUSD,0.00263,0.00268,0.00252,0.00254,17801181.835153315
2024-06-29T00:00:00Z,ATLASUSD,0.00254,0.0027,0.00251,0.00262,37395850.74607232
2024-06-30T00:00:00Z,ATLASUSD,0.00263,0.00263,0.0025,0.00258,45257548.82623997
2024-07-01T00:00:00Z,ATLASUSD,0.00259,0.00267,0.00252,0.00262,19951557.214978144
2024-07-02T00:00:00Z,ATLASUSD,0.0026,0.00268,0.00251,0.00254,25956209.49929885
2024-07-03T00:00:00Z,ATLASUSD,0.00253,0.00264,0.00242,0.00243,18110838.007524855
2024-07-04T00:00:00Z,ATLASUSD,0.00243,0.00244,0.00222,0.00224,19354372.181322798
2024-07-05T00:00:00Z,ATLASUSD,0.00224,0.00225,0.00212,0.00214,23676059.14792727
2024-07-06T00:00:00Z,ATLASUSD,0.00214,0.00234,0.00211,0.00224,50063385.741466686
2024-07-07T00:00:00Z,ATLASUSD,0.00225,0.00226,0.00211,0.00213,15645918.584145632
2024-07-08T00:00:00Z,ATLASUSD,0.00211,0.00221,0.00208,0.00212,32384344.15067414
2024-07-09T00:00:00Z,ATLASUSD,0.00213,0.00217,0.00211,0.00212,38644651.540438086
2024-07-10T00:00:00Z,ATLASUSD,0.00213,0.00224,0.0021,0.00212,22568200.553285126
2024-07-11T00:00:00Z,ATLASUSD,0.00213,0.00218,0.00202,0.00202,16546061.067239342
2024-07-12T00:00:00Z,ATLASUSD,0.00202,0.00205,0.002,0.00202,9121643.397393957
2024-07-13T00:00:00Z,ATLASUSD,0.00204,0.00206,0.002,0.00202,7416868.8240753
2024-07-14T00:00:00Z,ATLASUSD,0.00202,0.00206,0.002,0.00205,14813318.99215619
2024-07-15T00:00:00Z,ATLASUSD,0.00204,0.00235,0.00201,0.0023,60886887.811798364
2024-07-16T00:00:00Z,ATLASUSD,0.00227,0.00228,0.0022,0.00223,14585219.324367218
2024-07-17T00:00:00Z,ATLASUSD,0.00224,0.00231,0.00217,0.00222,9261805.398092536
2024-07-18T00:00:00Z,ATLASUSD,0.00218,0.00222,0.0021,0.00213,3493194.0569864702
2024-07-19T00:00:00Z,ATLASUSD,0.00213,0.00223,0.0021,0.00215,4972496.051943189
2024-07-20T00:00:00Z,ATLASUSD,0.00219,0.00224,0.00211,0.00211,2696996.7023841497
2024-07-21T00:00:00Z,ATLASUSD,0.00213,0.00218,0.00206,0.0021,9708712.1502948
2024-07-22T00:00:00Z,ATLASUSD,0.00211,0.00213,0.002,0.002,10887606.740761677
2024-07-23T00:00:00Z,ATLASUSD,0.00201,0.00202,0.00187,0.00189,6923889.4760996085
2024-07-24T00:00:00Z,ATLASUSD,0.00188,0.00195,0.00183,0.00184,3399640.3856498096
2024-07-25T00:00:00Z,ATLASUSD,0.00184,0.00185,0.00172,0.00178,5942798.227652759
2024-07-26T00:00:00Z,ATLASUSD,0.00178,0.00188,0.00178,0.00186,2348564.9656834793
2024-07-27T00:00:00Z,ATLASUSD,0.00185,0.00195,0.00181,0.00192,4324073.407560931
2024-07-28T00:00:00Z,ATLASUSD,0.00189,0.00193,0.00182,0.00182,977239.25572978
2024-07-29T00:00:00Z,ATLASUSD,0.00182,0.00189,0.00178,0.00179,2357414.86336195
2024-07-30T00:00:00Z,ATLASUSD,0.00178,0.00183,0.00172,0.00174,5496196.776842751
2024-07-31T00:00:00Z,ATLASUSD,0.00174,0.00175,0.00168,0.00168,3986625.271700439
2024-08-01T00:00:00Z,ATLASUSD,0.00169,0.00171,0.0016,0.0017,10890071.557059765
2024-08-02T00:00:00Z,ATLASUSD,0.00169,0.00169,0.00156,0.00162,4720290.03732868
2024-08-03T00:00:00Z,ATLASUSD,0.00161,0.00166,0.00155,0.00155,8211992.457036884
2024-08-04T00:00:00Z,ATLASUSD,0.00155,0.00157,0.00147,0.00148,10566366.28898493
2024-08-05T00:00:00Z,ATLASUSD,0.00147,0.00173,0.00132,0.00154,44586207.223286845
2024-08-06T00:00:00Z,ATLASUSD,0.00156,0.00198,0.00152,0.00171,18977585.787182547
2024-08-07T00:00:00Z,ATLASUSD,0.00171,0.00187,0.00159,0.00159,31544067.644809853
2024-08-08T00:00:00Z,ATLASUSD,0.00159,0.00182,0.00157,0.00178,7955192.996868241
2024-08-09T00:00:00Z,ATLASUSD,0.00177,0.00179,0.00167,0.0017,8989774.414979704
2024-08-10T00:00:00Z,ATLASUSD,0.0017,0.00172,0.00167,0.0017,2787547.6667098403
2024-08-11T00:00:00Z,ATLASUSD,0.00171,0.00174,0.0016,0.0016,4763544.887553749
2024-08-12T00:00:00Z,ATLASUSD,0.0016,0.00168,0.00158,0.00162,5836377.69737754
2024-08-13T00:00:00Z,ATLASUSD,0.00163,0.00167,0.00161,0.00164,4530308.1181175215
2024-08-14T00:00:00Z,ATLASUSD,0.00166,0.00179,0.00161,0.00161,3726193.1924510007
2024-08-15T00:00:00Z,ATLASUSD,0.00163,0.00167,0.00159,0.00162,2245909.042435371
2024-08-16T00:00:00Z,ATLASUSD,0.00161,0.00169,0.00157,0.00162,2842818.131820961
2024-08-17T00:00:00Z,ATLASUSD,0.00164,0.00168,0.00161,0.00166,2164454.6115740505
2024-08-18T00:00:00Z,ATLASUSD,0.00164,0.00182,0.00162,0.00174,7179875.323719709
2024-08-19T00:00:00Z,ATLASUSD,0.00173,0.00188,0.00172,0.00175,7416350.406628653
2024-08-20T00:00:00Z,ATLASUSD,0.00175,0.00199,0.00174,0.00181,14999468.842294943
2024-08-21T00:00:00Z,ATLASUSD,0.00179,0.00187,0.00178,0.00183,4183928.88428111
2024-08-22T00:00:00Z,ATLASUSD,0.00182,0.00185,0.00179,0.00181,2245875.211813939
2024-08-23T00:00:00Z,ATLASUSD,0.00183,0.00224,0.00179,0.002,22860996.15704825
2024-08-24T00:00:00Z,ATLASUSD,0.00199,0.00224,0.00199,0.00211,15637149.62144117
2024-08-25T00:00:00Z,ATLASUSD,0.00212,0.00215,0.002,0.0021,9792200.482740998
2024-08-26T00:00:00Z,ATLASUSD,0.00208,0.00219,0.00195,0.00206,11581543.31033496
2024-08-27T00:00:00Z,ATLASUSD,0.00206,0.00231,0.00201,0.00202,19153548.392897844
2024-08-28T00:00:00Z,ATLASUSD,0.00201,0.00207,0.00193,0.00198,8554264.30191508
2024-08-29T00:00:00Z,ATLASUSD,0.00197,0.00214,0.00195,0.00196,9837867.978699349
2024-08-30T00:00:00Z,ATLASUSD,0.00197,0.00201,0.00187,0.00191,6296436.7764612
2024-08-31T00:00:00Z,ATLASUSD,0.00194,0.00195,0.00183,0.00183,2742850.126988641
2024-09-01T00:00:00Z,ATLASUSD,0.00183,0.00186,0.00178,0.00179,3677536.6480672215
2024-09-02T00:00:00Z,ATLASUSD,0.00178,0.00184,0.00175,0.00182,1913878.3994536703
2024-09-03T00:00:00Z,ATLASUSD,0.00182,0.00185,0.00177,0.00177,2054406.1495702304
2024-09-04T00:00:00Z,ATLASUSD,0.00178,0.00181,0.00172,0.00178,3504513.4189102207
2024-09-05T00:00:00Z,ATLASUSD,0.00176,0.00182,0.00171,0.00171,3751132.31054837
2024-09-06T00:00:00Z,ATLASUSD,0.0017,0.00179,0.0016,0.00162,21981569.377086274
2024-09-07T00:00:00Z,ATLASUSD,0.00163,0.00184,0.00158,0.00174,19892068.143284865
2024-09-08T00:00:00Z,ATLASUSD,0.00174,0.00176,0.00168,0.00174,2103020.58638386
2024-09-09T00:00:00Z,ATLASUSD,0.00176,0.00186,0.00173,0.0018,4094587.7056865194
2024-09-10T00:00:00Z,ATLASUSD,0.00181,0.00184,0.00177,0.00182,2599206.6777596995
2024-09-11T00:00:00Z,ATLASUSD,0.00184,0.00225,0.00182,0.00206,20908517.81349907
2024-09-12T00:00:00Z,ATLASUSD,0.00206,0.00216,0.00196,0.00198,3106013.677257421
2024-09-13T00:00:00Z,ATLASUSD,0.002,0.00216,0.00193,0.00198,10743013.109623363
2024-09-14T00:00:00Z,ATLASUSD,0.00197,0.00203,0.00195,0.00196,2430502.5936537106
2024-09-15T00:00:00Z,ATLASUSD,0.00199,0.00199,0.00192,0.00192,718390.2608528999
2024-09-16T00:00:00Z,ATLASUSD,0.0019,0.00193,0.00187,0.00193,4527913.353014299
2024-09-17T00:00:00Z,ATLASUSD,0.00191,0.00201,0.00189,0.002,2412368.267254059
2024-09-18T00:00:00Z,ATLASUSD,0.00199,0.00202,0.00186,0.00202,5377103.65973549
2024-09-19T00:00:00Z,ATLASUSD,0.00203,0.0021,0.002,0.00204,6071138.597381933
2024-09-20T00:00:00Z,ATLASUSD,0.00202,0.00211,0.00194,0.00207,5064967.65812125
2024-09-21T00:00:00Z,ATLASUSD,0.00205,0.00217,0.00204,0.00213,5009903.5511258785
2024-09-22T00:00:00Z,ATLASUSD,0.00211,0.00227,0.00209,0.00218,2144070.7003644602
2024-09-23T00:00:00Z,ATLASUSD,0.00217,0.00225,0.00213,0.0022,5285378.184578302
2024-09-24T00:00:00Z,ATLASUSD,0.00221,0.00273,0.00217,0.00255,24318583.07878081
2024-09-25T00:00:00Z,ATLASUSD,0.00255,0.0027,0.00241,0.00249,18862063.751217183
2024-09-26T00:00:00Z,ATLASUSD,0.00246,0.00256,0.00238,0.0025,13070968.113692153
2024-09-27T00:00:00Z,ATLASUSD,0.0025,0.00283,0.0025,0.00279,9048500.465037264
2024-09-28T00:00:00Z,ATLASUSD,0.00284,0.00376,0.00276,0.00332,16124617.049826821
2024-09-29T00:00:00Z,ATLASUSD,0.00334,0.0041,0.00318,0.00391,16085197.767419491
2024-09-30T00:00:00Z,ATLASUSD,0.00392,0.00392,0.0033,0.00334,27882890.081952907
2024-10-01T00:00:00Z,ATLASUSD,0.00335,0.00367,0.00285,0.00302,15263791.001796372
2024-10-02T00:00:00Z,ATLASUSD,0.00307,0.0041,0.00281,0.00288,12194298.426364938
2024-10-03T00:00:00Z,ATLASUSD,0.0028400,0.0030300,0.0026100,0.0028200,7962729.95130298
2024-10-04T00:00:00Z,ATLASUSD,0.0028400,0.0034500,0.0027900,0.0032200,10760858.28449981
2024-10-05T00:00:00Z,ATLASUSD,0.0032500,0.0034500,0.0030000,0.0030400,35591229.52221537
2024-10-06T00:00:00Z,ATLASUSD,0.0030700,0.0032800,0.0030600,0.0031400,3105719.97161987
2024-10-07T00:00:00Z,ATLASUSD,0.0031000,0.0033100,0.0030400,0.0031100,4683826.57167150
2024-10-08T00:00:00Z,ATLASUSD,0.0031100,0.0031200,0.0029500,0.0029800,2959552.49714770
2024-10-09T00:00:00Z,ATLASUSD,0.0029900,0.0030200,0.0027100,0.0027100,3916732.75656547
2024-10-10T00:00:00Z,ATLASUSD,0.0027200,0.0028900,0.0025700,0.0027900,6370585.99576447
2024-10-11T00:00:00Z,ATLASUSD,0.0028000,0.0030100,0.0027600,0.0028500,3705982.10492841
2024-10-12T00:00:00Z,ATLASUSD,0.0028800,0.0031100,0.0028800,0.0029500,4248263.18233908
2024-10-13T00:00:00Z,ATLASUSD,0.0029700,0.0030100,0.0028000,0.0028800,2812504.70374373
2024-10-14T00:00:00Z,ATLASUSD,0.0028400,0.0031400,0.0028100,0.0031400,5926200.90668540
2024-10-15T00:00:00Z,ATLASUSD,0.0031400,0.0039400,0.0028900,0.0029500,15165622.51732035
2024-10-16T00:00:00Z,ATLASUSD,0.0029600,0.0031200,0.0028300,0.0029100,16767590.99751002
2024-10-17T00:00:00Z,ATLASUSD,0.0029000,0.0029100,0.0027400,0.0027800,4644715.65757220
2024-10-18T00:00:00Z,ATLASUSD,0.0027900,0.0030500,0.0025700,0.0029000,10996778.06867248
2024-10-19T00:00:00Z,ATLASUSD,0.0029100,0.0030300,0.0028500,0.0029200,2102577.34716058
2024-10-20T00:00:00Z,ATLASUSD,0.0029000,0.0030900,0.0028200,0.0029700,4019203.29251280
2024-10-21T00:00:00Z,ATLASUSD,0.0029700,0.0029900,0.0027700,0.0028200,2594927.19080600
2024-10-22T00:00:00Z,ATLASUSD,0.0027800,0.0029600,0.0027300,0.0028900,7219376.24871835
2024-10-23T00:00:00Z,ATLASUSD,0.0028600,0.0028600,0.0026400,0.0027300,4622349.29992671
2024-10-24T00:00:00Z,ATLASUSD,0.0027000,0.0028000,0.0026900,0.0027400,2873349.93688187
2024-10-25T00:00:00Z,ATLASUSD,0.0027200,0.0027500,0.0025000,0.0025000,7107150.20323490
2024-10-26T00:00:00Z,ATLASUSD,0.0025000,0.0025800,0.0023300,0.0025400,20040291.19279103
2024-10-27T00:00:00Z,ATLASUSD,0.0025200,0.0027000,0.0025000,0.0026300,1621724.09862643
2024-10-28T00:00:00Z,ATLASUSD,0.0026100,0.0026100,0.0024800,0.0025900,1850305.11228052
2024-10-29T00:00:00Z,ATLASUSD,0.0025700,0.0027000,0.0025700,0.0026900,2639881.19593088
2024-10-30T00:00:00Z,ATLASUSD,0.0026700,0.0027100,0.0025800,0.0026000,1753689.76799873
2024-10-31T00:00:00Z,ATLASUSD,0.0025900,0.0026000,0.0024300,0.0025200,1246638.23813328
2024-11-01T00:00:00Z,ATLASUSD,0.0025000,0.0025500,0.0024100,0.0024200,1421531.53326416
2024-11-02T00:00:00Z,ATLASUSD,0.0024100,0.0025000,0.0023400,0.0023800,970477.86260018
2024-11-03T00:00:00Z,ATLASUSD,0.0023700,0.0023900,0.0022000,0.0023100,2366843.89878411
2024-11-04T00:00:00Z,ATLASUSD,0.0023000,0.0023500,0.0021300,0.0021700,2055181.49781322
2024-11-05T00:00:00Z,ATLASUSD,0.0021700,0.0024900,0.0021500,0.0023700,3781838.65267801
2024-11-06T00:00:00Z,ATLASUSD,0.0023500,0.0027500,0.0023500,0.0025700,9748469.50596091
2024-11-07T00:00:00Z,ATLASUSD,0.0025800,0.0030500,0.0025400,0.0026600,10402357.19672226
2024-11-08T00:00:00Z,ATLASUSD,0.0026500,0.0027700,0.0026000,0.0027200,4188942.21999000
2024-11-09T00:00:00Z,ATLASUSD,0.0027000,0.0030400,0.0026000,0.0028300,9160149.93889770
2024-11-10T00:00:00Z,ATLASUSD,0.0028600,0.0030800,0.0028000,0.0028600,12116982.44733586
2024-11-11T00:00:00Z,ATLASUSD,0.0028600,0.0033200,0.0028100,0.0031800,9437481.00288383
2024-11-12T00:00:00Z,ATLASUSD,0.0031500,0.0031800,0.0027500,0.0029400,16182457.42941189
2024-11-13T00:00:00Z,ATLASUSD,0.0028800,0.0037000,0.0026100,0.0028200,19814403.16003687
2024-11-14T00:00:00Z,ATLASUSD,0.0028100,0.0034600,0.0026900,0.0027200,18290071.27382840
2024-11-15T00:00:00Z,ATLASUSD,0.0027300,0.0031900,0.0026600,0.0029400,7107770.12858363
2024-11-16T00:00:00Z,ATLASUSD,0.0029700,0.0037900,0.0029000,0.0032200,11983100.74735987
2024-11-17T00:00:00Z,ATLASUSD,0.0033200,0.0035900,0.0030900,0.0031400,19986706.99257309
2024-11-18T00:00:00Z,ATLASUSD,0.0031400,0.0032800,0.0030600,0.0031600,3885028.02212328
2024-11-19T00:00:00Z,ATLASUSD,0.0031300,0.0032200,0.0030400,0.0030800,3183098.90949191
2024-11-20T00:00:00Z,ATLASUSD,0.0030600,0.0032000,0.0028900,0.0029500,10691468.81135349
2024-11-21T00:00:00Z,ATLASUSD,0.0029700,0.0031500,0.0028600,0.0030900,3512100.49589075
2024-11-22T00:00:00Z,ATLASUSD,0.0031000,0.0031400,0.0029400,0.0030000,4963666.74533930
2024-11-23T00:00:00Z,ATLASUSD,0.0030500,0.0033100,0.0030100,0.0032200,14559409.36758397
2024-11-24T00:00:00Z,ATLASUSD,0.0032000,0.0036500,0.0031200,0.0034000,12981164.79030932
2024-11-25T00:00:00Z,ATLASUSD,0.0034100,0.0035100,0.0031600,0.0031600,10796863.36489253
2024-11-26T00:00:00Z,ATLASUSD,0.0032000,0.0033400,0.0030500,0.0031400,13462980.98837882
2024-11-27T00:00:00Z,ATLASUSD,0.0031300,0.0034500,0.0031200,0.0033800,5242845.69265915
2024-11-28T00:00:00Z,ATLASUSD,0.0033300,0.0034300,0.0031600,0.0033800,5874276.52303925
2024-11-29T00:00:00Z,ATLASUSD,0.0033800,0.0039000,0.0032700,0.0035400,6536501.24347178
2024-11-30T00:00:00Z,ATLASUSD,0.0035500,0.0038700,0.0032100,0.0034600,29169221.57158277
2024-12-01T00:00:00Z,ATLASUSD,0.0034400,0.0037400,0.0033000,0.0036500,10435232.06206132
2024-12-02T00:00:00Z,ATLASUSD,0.0036500,0.0036600,0.0032300,0.0034100,13161639.25579154
2024-12-03T00:00:00Z,ATLASUSD,0.0034400,0.0037600,0.0033500,0.0035300,12499976.59274284
2024-12-04T00:00:00Z,ATLASUSD,0.0035600,0.0043800,0.0034900,0.0041200,23704220.67415653
2024-12-05T00:00:00Z,ATLASUSD,0.0041200,0.0049000,0.0039600,0.0043600,20627219.00866063
2024-12-06T00:00:00Z,ATLASUSD,0.0043700,0.0057500,0.0043700,0.0051000,31629167.05158907
2024-12-07T00:00:00Z,ATLASUSD,0.0051500,0.0068700,0.0050900,0.0058600,36977314.60957432
2024-12-08T00:00:00Z,ATLASUSD,0.0058100,0.0064800,0.0055300,0.0060100,15412805.28451115
2024-12-09T00:00:00Z,ATLASUSD,0.0060000,0.0060200,0.0043200,0.0049000,19547657.93700934
2024-12-10T00:00:00Z,ATLASUSD,0.0049000,0.0049800,0.0041300,0.0046700,21663721.10902232
2024-12-11T00:00:00Z,ATLASUSD,0.0047100,0.0051400,0.0044300,0.0049700,15769375.98232111
2024-12-12T00:00:00Z,ATLASUSD,0.0049300,0.0052800,0.0048300,0.0049200,4561764.23653658
2024-12-13T00:00:00Z,ATLASUSD,0.0048900,0.0050100,0.0046600,0.0049200,7313639.48610194
2024-12-14T00:00:00Z,ATLASUSD,0.0048700,0.0049800,0.0045500,0.0047500,4838718.91083237
2024-12-15T00:00:00Z,ATLASUSD,0.0047700,0.0048300,0.0045900,0.0046200,2177364.06785254
2024-12-16T00:00:00Z,ATLASUSD,0.0046000,0.0048900,0.0044200,0.0044200,4796586.89266111
2024-12-17T00:00:00Z,ATLASUSD,0.0044200,0.0046000,0.0043000,0.0043200,3979723.34513810
2024-12-18T00:00:00Z,ATLASUSD,0.0043500,0.0044800,0.0031900,0.0037200,18448440.93064309
2024-12-19T00:00:00Z,ATLASUSD,0.0036900,0.0038300,0.0032200,0.0033900,13705260.00429445
2024-12-20T00:00:00Z,ATLASUSD,0.0033900,0.0038500,0.0030600,0.0038500,8357642.86533805
2024-12-21T00:00:00Z,ATLASUSD,0.0038600,0.0051900,0.0036000,0.0039400,28073833.03061556
2024-12-22T00:00:00Z,ATLASUSD,0.0039800,0.0049300,0.0038400,0.0038900,12424584.45157181
2024-12-23T00:00:00Z,ATLASUSD,0.0038500,0.0043300,0.0037900,0.0040700,8796528.96088355
2024-12-24T00:00:00Z,ATLASUSD,0.0039900,0.0042400,0.0039300,0.0040400,5024920.71529065
2024-12-25T00:00:00Z,ATLASUSD,0.0040400,0.0041000,0.0038600,0.0038600,1842715.15662176
2024-12-26T00:00:00Z,ATLASUSD,0.0039200,0.0039200,0.0035000,0.0036400,7490879.79704377
2024-12-27T00:00:00Z,ATLASUSD,0.0036100,0.0041800,0.0035400,0.0037400,3770389.60595916
2024-12-28T00:00:00Z,ATLASUSD,0.0037000,0.0039400,0.0035400,0.0037700,8197157.67163441
2024-12-29T00:00:00Z,ATLASUSD,0.0037700,0.0038600,0.0034100,0.0035100,12579085.74842318
2024-12-30T00:00:00Z,ATLASUSD,0.0035100,0.0037000,0.0033500,0.0035000,8647420.56976934
2024-12-31T00:00:00Z,ATLASUSD,0.0035000,0.0035800,0.0033800,0.0034400,2965480.03953745
2025-01-01T00:00:00Z,ATLASUSD,0.0034100,0.0035700,0.0032300,0.0034000,1965909.11568658
2025-01-02T00:00:00Z,ATLASUSD,0.0034300,0.0037700,0.0034000,0.0035500,6596926.10888352
2025-01-03T00:00:00Z,ATLASUSD,0.0034900,0.0040100,0.0034300,0.0037400,8862391.98371118
2025-01-04T00:00:00Z,ATLASUSD,0.0037500,0.0037800,0.0033900,0.0037000,7215428.30902439
2025-01-05T00:00:00Z,ATLASUSD,0.0036600,0.0045600,0.0035200,0.0037100,13623743.95148559
2025-01-06T00:00:00Z,ATLASUSD,0.0037200,0.0038900,0.0036400,0.0036400,3236220.37550801
2025-01-07T00:00:00Z,ATLASUSD,0.0036600,0.0036800,0.0031500,0.0033600,11074072.00164318
2025-01-08T00:00:00Z,ATLASUSD,0.0033400,0.0033700,0.0030200,0.0031400,14321884.24866349
2025-01-09T00:00:00Z,ATLASUSD,0.0031200,0.0031700,0.0029100,0.0029200,7689049.95421905
2025-01-10T00:00:00Z,ATLASUSD,0.0029200,0.0031900,0.0029100,0.0029400,5144612.39151124
2025-01-11T00:00:00Z,ATLASUSD,0.0029300,0.0030300,0.0028900,0.0029800,3343499.13452355
2025-01-12T00:00:00Z,ATLASUSD,0.0029600,0.0031400,0.0028400,0.0028600,2742798.30719459
2025-01-13T00:00:00Z,ATLASUSD,0.0028800,0.0029700,0.0025500,0.0028100,11249132.12030117
2025-01-14T00:00:00Z,ATLASUSD,0.0027400,0.0028500,0.0026800,0.0028100,9035928.34188367
2025-01-15T00:00:00Z,ATLASUSD,0.0027900,0.0032200,0.0027000,0.0030800,9877834.16930325
2025-01-16T00:00:00Z,ATLASUSD,0.0030600,0.0031400,0.0028400,0.0028900,5881085.93633278
2025-01-17T00:00:00Z,ATLASUSD,0.0028900,0.0035300,0.0028300,0.0033600,19751197.71865470
2025-01-18T00:00:00Z,ATLASUSD,0.0033800,0.0033900,0.0028800,0.0029900,15793728.31651647
2025-01-19T00:00:00Z,ATLASUSD,0.0029500,0.0029800,0.0025400,0.0026300,16568838.12146675
2025-01-20T00:00:00Z,ATLASUSD,0.0026600,0.0028900,0.0024600,0.0024600,34082289.21343337
2025-01-21T00:00:00Z,ATLASUSD,0.0024600,0.0027900,0.0023900,0.0026100,11175873.18057750
2025-01-22T00:00:00Z,ATLASUSD,0.0026900,0.0028400,0.0026100,0.0026100,6139342.31093186
2025-01-23T00:00:00Z,ATLASUSD,0.0026200,0.0028700,0.0025100,0.0025700,14379097.64453651
2025-01-24T00:00:00Z,ATLASUSD,0.0026000,0.0027900,0.0024900,0.0025500,7287653.63416781
2025-01-25T00:00:00Z,ATLASUSD,0.0025400,0.0026100,0.0024500,0.0025500,2305977.09816878
2025-01-26T00:00:00Z,ATLASUSD,0.0025500,0.0026700,0.0024500,0.0024600,7373907.47867706
2025-01-27T00:00:00Z,ATLASUSD,0.0024200,0.0024500,0.0021600,0.0022700,13559606.41237036
2025-01-28T00:00:00Z,ATLASUSD,0.0022800,0.0023900,0.0021300,0.0021300,7352475.18322201
2025-01-29T00:00:00Z,ATLASUSD,0.0021600,0.0022900,0.0021300,0.0022500,7851784.06046923
2025-01-30T00:00:00Z,ATLASUSD,0.0022500,0.0023600,0.0022100,0.0023300,3436230.11647853
2025-01-31T00:00:00Z,ATLASUSD,0.0023400,0.0023900,0.0022400,0.0022400,5420533.12871306
2025-02-01T00:00:00Z,ATLASUSD,0.0022400,0.0023300,0.0020000,0.0020200,6651942.31557766
2025-02-02T00:00:00Z,ATLASUSD,0.0020200,0.0021900,0.0017700,0.0018300,18629037.21680961
2025-02-03T00:00:00Z,ATLASUSD,0.0018200,0.0023100,0.0016100,0.0019900,35977792.22224266
2025-02-04T00:00:00Z,ATLASUSD,0.0019700,0.0019800,0.0017900,0.0018500,15002634.17741913
2025-02-05T00:00:00Z,ATLASUSD,0.0018400,0.0019500,0.0017800,0.0017900,6890531.29774874
2025-02-06T00:00:00Z,ATLASUSD,0.0018300,0.0019500,0.0017300,0.0017800,7575007.40818211
2025-02-07T00:00:00Z,ATLASUSD,0.0017700,0.0018500,0.0016800,0.0017100,2784534.81418973
2025-02-08T00:00:00Z,ATLASUSD,0.0017100,0.0018500,0.0017000,0.0017400,4310490.31704438
2025-02-09T00:00:00Z,ATLASUSD,0.0017900,0.0020200,0.0017300,0.0018500,9057612.70631967
2025-02-10T00:00:00Z,ATLASUSD,0.0018600,0.0019700,0.0017400,0.0018800,12524769.58309905
2025-02-11T00:00:00Z,ATLASUSD,0.0018900,0.0019400,0.0018200,0.0018600,4454894.06294909
2025-02-12T00:00:00Z,ATLASUSD,0.0018100,0.0019000,0.0017200,0.0018800,5399840.86044607
2025-02-13T00:00:00Z,ATLASUSD,0.0018900,0.0018900,0.0017500,0.0017900,7281947.15808274
2025-02-14T00:00:00Z,ATLASUSD,0.0017900,0.0019700,0.0017600,0.0018400,7317867.19890364
2025-02-15T00:00:00Z,ATLASUSD,0.0018700,0.0018700,0.0017700,0.0017900,4000962.75567980
2025-02-16T00:00:00Z,ATLASUSD,0.0017900,0.0019500,0.0017200,0.0017800,10647899.46747869
2025-02-17T00:00:00Z,ATLASUSD,0.0017700,0.0018400,0.0017500,0.0017900,2694172.70889401
2025-02-18T00:00:00Z,ATLASUSD,0.0017900,0.0017900,0.0016200,0.0016800,10586918.77152261
2025-02-19T00:00:00Z,ATLASUSD,0.0016800,0.0017600,0.0016600,0.0017500,5981126.48212431
2025-02-20T00:00:00Z,ATLASUSD,0.0016900,0.0017600,0.0016800,0.0017600,5996855.06306858
2025-02-21T00:00:00Z,ATLASUSD,0.0017300,0.0018200,0.0016800,0.0016900,6739977.28751670
2025-02-22T00:00:00Z,ATLASUSD,0.0017100,0.0018300,0.0016700,0.0017300,2647856.47745687
2025-02-23T00:00:00Z,ATLASUSD,0.0017300,0.0017500,0.0016500,0.0016800,1411110.12053022
2025-02-24T00:00:00Z,ATLASUSD,0.0016800,0.0016800,0.0015000,0.0015000,21945693.23659104
2025-02-25T00:00:00Z,ATLASUSD,0.0015100,0.0015900,0.0014400,0.0015900,11202414.15018609
2025-02-26T00:00:00Z,ATLASUSD,0.0015300,0.0015800,0.0014500,0.0014900,6210279.15755342
2025-02-27T00:00:00Z,ATLASUSD,0.0014600,0.0017400,0.0014400,0.0015700,7528842.85785143
2025-02-28T00:00:00Z,ATLASUSD,0.0015700,0.0018200,0.0014000,0.0015500,16005423.67947209
2025-03-01T00:00:00Z,ATLASUSD,0.0015600,0.0017100,0.0015000,0.0015500,11760394.48789343
2025-03-02T00:00:00Z,ATLASUSD,0.0015700,0.0017600,0.0015500,0.0016700,13888129.18989306
2025-03-03T00:00:00Z,ATLASUSD,0.0016800,0.0016800,0.0014600,0.0014600,6443796.78465398
2025-03-04T00:00:00Z,ATLASUSD,0.0014700,0.0015100,0.0014100,0.0014800,5345570.48627777
2025-03-05T00:00:00Z,ATLASUSD,0.0014700,0.0016000,0.0014300,0.0015700,6796004.46186016
2025-03-06T00:00:00Z,ATLASUSD,0.0015200,0.0015400,0.0014000,0.0014500,5113617.08311991
2025-03-07T00:00:00Z,ATLASUSD,0.0014400,0.0014700,0.0014000,0.0014400,5917159.08504573
2025-03-08T00:00:00Z,ATLASUSD,0.0014200,0.0014300,0.0013600,0.0014100,2419387.23236491
2025-03-09T00:00:00Z,ATLASUSD,0.0013900,0.0013900,0.0012000,0.0012200,35169208.29228347
2025-03-10T00:00:00Z,ATLASUSD,0.0012400,0.0013300,0.0011900,0.0012400,11575188.09470055
2025-03-11T00:00:00Z,ATLASUSD,0.0012400,0.0013100,0.0011700,0.0012900,12068870.34334798
2025-03-12T00:00:00Z,ATLASUSD,0.0012400,0.0013100,0.0012300,0.0012800,3437823.59410748
2025-03-13T00:00:00Z,ATLASUSD,0.0012800,0.0012900,0.0012300,0.0012600,1789007.29423051
2025-03-14T00:00:00Z,ATLASUSD,0.0012300,0.0013700,0.0012300,0.0013700,2861273.12236661
2025-03-15T00:00:00Z,ATLASUSD,0.0013500,0.0014800,0.0013100,0.0014300,6687763.81532409
2025-03-16T00:00:00Z,ATLASUSD,0.0013900,0.0013900,0.0012800,0.0013000,3659361.24531581
2025-03-17T00:00:00Z,ATLASUSD,0.0013200,0.0014000,0.0013100,0.0013800,1416446.58170891
2025-03-18T00:00:00Z,ATLASUSD,0.0013700,0.0014400,0.0013100,0.0014200,5317606.08918274
2025-03-19T00:00:00Z,ATLASUSD,0.0013900,0.0014400,0.0013300,0.0014400,3544179.08516944
2025-03-20T00:00:00Z,ATLASUSD,0.0014200,0.0014300,0.0013300,0.0013600,4733962.38565553
2025-03-21T00:00:00Z,ATLASUSD,0.0013600,0.0013600,0.0013000,0.0013200,923018.30241981
2025-03-22T00:00:00Z,ATLASUSD,0.0013200,0.0014300,0.0013000,0.0013700,11300957.11050858
2025-03-23T00:00:00Z,ATLASUSD,0.0013500,0.0014000,0.0013100,0.0013500,5672515.48748778
2025-03-24T00:00:00Z,ATLASUSD,0.0013300,0.0014200,0.0013100,0.0013600,2236840.04919688
2025-03-25T00:00:00Z,ATLASUSD,0.0014000,0.0014000,0.0013500,0.0013600,4959410.86336291
2025-03-26T00:00:00Z,ATLASUSD,0.0013800,0.0014500,0.0013800,0.0014100,5332620.35730245
2025-03-27T00:00:00Z,ATLASUSD,0.0013900,0.0014100,0.0013400,0.0013800,361561.90019062
2025-03-28T00:00:00Z,ATLASUSD,0.0013900,0.0013900,0.0012500,0.0013000,3669957.20425893
2025-03-29T00:00:00Z,ATLASUSD,0.0013000,0.0013300,0.0011900,0.0012400,4557423.87365410
2025-03-30T00:00:00Z,ATLASUSD,0.0012500,0.0013400,0.0012300,0.0012600,7597195.12263543
2025-03-31T00:00:00Z,ATLASUSD,0.0012500,0.0013300,0.0012300,0.0012800,4407816.03159499
2025-04-01T00:00:00Z,ATLASUSD,0.0012700,0.0013500,0.0012500,0.0013000,11060582.04965848
2025-04-02T00:00:00Z,ATLASUSD,0.0012800,0.0013000,0.0012100,0.0012200,2348863.26978609
2025-04-03T00:00:00Z,ATLASUSD,0.0012200,0.0012700,0.0011700,0.0012200,8931891.58448780
2025-04-04T00:00:00Z,ATLASUSD,0.0012000,0.0013000,0.0012000,0.0012200,4041357.76238442
2025-04-05T00:00:00Z,ATLASUSD,0.0012200,0.0013100,0.0011800,0.0012400,3740265.32392268
2025-04-06T00:00:00Z,ATLASUSD,0.0012400,0.0013000,0.0010300,0.0011300,15753526.81454397
2025-04-07T00:00:00Z,ATLASUSD,0.0011300,0.0011800,0.0010600,0.0011500,10718379.94358910
2025-04-08T00:00:00Z,ATLASUSD,0.0011770,0.0012000,0.0010720,0.0011150,9105535.89498385
2025-04-09T00:00:00Z,ATLASUSD,0.0011000,0.0012180,0.0010760,0.0011860,8838090.64032727
2025-04-10T00:00:00Z,ATLASUSD,0.0011720,0.0012280,0.0011320,0.0011730,7370003.49933561
2025-04-11T00:00:00Z,ATLASUSD,0.0011620,0.0012700,0.0011410,0.0012340,12760722.23900617
2025-04-12T00:00:00Z,ATLASUSD,0.0012250,0.0012990,0.0011800,0.0012700,3967536.60020136
2025-04-13T00:00:00Z,ATLASUSD,0.0012510,0.0012680,0.0012050,0.0012170,2485923.88706037
2025-04-14T00:00:00Z,ATLASUSD,0.0012170,0.0012800,0.0011970,0.0012130,5207394.27912418
2025-04-15T00:00:00Z,ATLASUSD,0.0012280,0.0012480,0.0011740,0.0011980,2584666.83625274
2025-04-16T00:00:00Z,ATLASUSD,0.0011820,0.0012130,0.0010980,0.0012060,12793075.71676409
2025-04-17T00:00:00Z,ATLASUSD,0.0011860,0.0012010,0.0011510,0.0011780,1005055.79570327
2025-04-18T00:00:00Z,ATLASUSD,0.0011810,0.0011830,0.0011590,0.0011790,603096.97408556
2025-04-19T00:00:00Z,ATLASUSD,0.0011670,0.0014200,0.0011630,0.0012490,9370862.99672115
2025-04-20T00:00:00Z,ATLASUSD,0.0012480,0.0013500,0.0012010,0.0012230,15024700.35018570
2025-04-21T00:00:00Z,ATLASUSD,0.0012310,0.0013790,0.0012180,0.0012710,4696039.04539574
2025-04-22T00:00:00Z,ATLASUSD,0.0012830,0.0014300,0.0012500,0.0013460,8425934.58639857
2025-04-23T00:00:00Z,ATLASUSD,0.0013330,0.0014200,0.0013200,0.0013600,4817069.42936859
2025-04-24T00:00:00Z,ATLASUSD,0.0013620,0.0013620,0.0012760,0.0013190,7706760.60878636
2025-04-25T00:00:00Z,ATLASUSD,0.0013220,0.0014100,0.0013170,0.0013790,3997685.91330767
2025-04-26T00:00:00Z,ATLASUSD,0.0013790,0.0014600,0.0013570,0.0014110,4617829.39944035
2025-04-27T00:00:00Z,ATLASUSD,0.0014010,0.0014180,0.0013460,0.0013460,2975269.33891254
2025-04-28T00:00:00Z,ATLASUSD,0.0013460,0.0013750,0.0013100,0.0013450,9016830.03870110
2025-04-29T00:00:00Z,ATLASUSD,0.0013350,0.0013500,0.0013080,0.0013210,1069936.01765401
2025-04-30T00:00:00Z,ATLASUSD,0.0013110,0.0013410,0.0012720,0.0012920,3599714.47617246
2025-05-01T00:00:00Z,ATLASUSD,0.0013100,0.0015460,0.0012910,0.0013090,8928987.73996050
2025-05-02T00:00:00Z,ATLASUSD,0.0013090,0.0013220,0.0012670,0.0012840,3419517.74463584
2025-05-03T00:00:00Z,ATLASUSD,0.0012820,0.0013000,0.0011990,0.0012490,4935229.72428153
2025-05-04T00:00:00Z,ATLASUSD,0.0012370,0.0012370,0.0011930,0.0011980,301772.88837968
2025-05-05T00:00:00Z,ATLASUSD,0.0012000,0.0012710,0.0011780,0.0011900,6479128.04703277
2025-05-06T00:00:00Z,ATLASUSD,0.0011810,0.0011810,0.0011100,0.0011400,4910911.34338184
2025-05-07T00:00:00Z,ATLASUSD,0.0011560,0.0012500,0.0011370,0.0011920,5483785.49255190
2025-05-08T00:00:00Z,ATLASUSD,0.0011830,0.0013900,0.0011830,0.0012820,10281365.11641010
2025-05-09T00:00:00Z,ATLASUSD,0.0012800,0.0014030,0.0012760,0.0013930,39486824.78118363
2025-05-10T00:00:00Z,ATLASUSD,0.0013950,0.0014900,0.0013950,0.0014900,8107464.35557843
2025-05-11T00:00:00Z,ATLASUSD,0.0015190,0.0019290,0.0015010,0.0016400,23330990.93866449
2025-05-12T00:00:00Z,ATLASUSD,0.0016330,0.0016900,0.0014690,0.0015400,25760604.35204774
2025-05-13T00:00:00Z,ATLASUSD,0.0015400,0.0015840,0.0013090,0.0015840,20523183.29162224
2025-05-14T00:00:00Z,ATLASUSD,0.0015760,0.0016400,0.0014790,0.0014790,3674392.44139629
2025-05-15T00:00:00Z,ATLASUSD,0.0014770,0.0015200,0.0014050,0.0014290,3002371.39050649
2025-05-16T00:00:00Z,ATLASUSD,0.0014570,0.0015500,0.0013810,0.0013810,6877287.79860924
2025-05-17T00:00:00Z,ATLASUSD,0.0014020,0.0014240,0.0013290,0.0013350,6849796.47201777
2025-05-18T00:00:00Z,ATLASUSD,0.0013500,0.0014300,0.0013430,0.0013710,2689514.67300107
2025-05-19T00:00:00Z,ATLASUSD,0.0013710,0.0013710,0.0012960,0.0013370,4373688.76632932
2025-05-20T00:00:00Z,ATLASUSD,0.0013260,0.0013540,0.0012620,0.0013060,15011305.38246505
2025-05-21T00:00:00Z,ATLASUSD,0.0013060,0.0014300,0.0013060,0.0013950,7736147.46121730
2025-05-22T00:00:00Z,ATLASUSD,0.0013940,0.0017080,0.0013550,0.0014000,10579871.58709881
2025-05-23T00:00:00Z,ATLASUSD,0.0014080,0.0015300,0.0013350,0.0013350,11103052.11618576
2025-05-24T00:00:00Z,ATLASUSD,0.0013260,0.0014100,0.0012810,0.0013010,7298630.16640149
2025-05-25T00:00:00Z,ATLASUSD,0.0013060,0.0013070,0.0012400,0.0012890,2135928.69891538
2025-05-26T00:00:00Z,ATLASUSD,0.0012830,0.0013100,0.0012420,0.0012670,6681553.36636072
2025-05-27T00:00:00Z,ATLASUSD,0.0012690,0.0013200,0.0012430,0.0012800,1165911.60453535
2025-05-28T00:00:00Z,ATLASUSD,0.0012840,0.0012840,0.0012100,0.0012270,1971225.43000513
2025-05-29T00:00:00Z,ATLASUSD,0.0012180,0.0012420,0.0011670,0.0011930,3378579.71655423
2025-05-30T00:00:00Z,ATLASUSD,0.0011670,0.0012600,0.0010700,0.0010700,9420190.93087858
2025-05-31T00:00:00Z,ATLASUSD,0.0010760,0.0012840,0.0010290,0.0011120,20806443.05473912
2025-06-01T00:00:00Z,ATLASUSD,0.0011190,0.0011590,0.0010820,0.0011230,8307884.60385134
2025-06-02T00:00:00Z,ATLASUSD,0.0011090,0.0011400,0.0010500,0.0011050,71344450.24873361
2025-06-03T00:00:00Z,ATLASUSD,0.0011000,0.0013190,0.0010800,0.0010800,23619665.74448104
2025-06-04T00:00:00Z,ATLASUSD,0.0010990,0.0011080,0.0010610,0.0010640,3103332.30809810
2025-06-05T00:00:00Z,ATLASUSD,0.0010620,0.0011200,0.0010220,0.0010680,10987131.00767598
2025-06-06T00:00:00Z,ATLASUSD,0.0010650,0.0011400,0.0010560,0.0010800,13355787.05272726
2025-06-07T00:00:00Z,ATLASUSD,0.0010740,0.0011160,0.0010740,0.0011100,5355692.52686018
2025-06-08T00:00:00Z,ATLASUSD,0.0011060,0.0011060,0.0010780,0.0010850,4080022.57638288
2025-06-09T00:00:00Z,ATLASUSD,0.0010810,0.0013080,0.0010630,0.0011140,11735507.83990133
2025-06-10T00:00:00Z,ATLASUSD,0.0011080,0.0011400,0.0010970,0.0011330,9981412.69817358
2025-06-11T00:00:00Z,ATLASUSD,0.0011330,0.0011400,0.0010930,0.0010930,2604988.45724011
2025-06-12T00:00:00Z,ATLASUSD,0.0010890,0.0010890,0.0010140,0.0010230,7211017.95278386
2025-06-13T00:00:00Z,ATLASUSD,0.0010160,0.0010700,0.0009750,0.0009980,14996250.22104303
2025-06-14T00:00:00Z,ATLASUSD,0.0010000,0.0010160,0.0009750,0.0009920,4711941.54996780
2025-06-15T00:00:00Z,ATLASUSD,0.0009930,0.0010160,0.0009780,0.0009990,4904260.42617582
2025-06-16T00:00:00Z,ATLASUSD,0.0010040,0.0010640,0.0010040,0.0010240,6281247.93184729
2025-06-17T00:00:00Z,ATLASUSD,0.0010260,0.0010260,0.0009650,0.0009730,3247278.65487519
2025-06-18T00:00:00Z,ATLASUSD,0.0009700,0.0009770,0.0009400,0.0009500,14147658.43304382
2025-06-19T00:00:00Z,ATLASUSD,0.0009620,0.0010000,0.0009360,0.0009560,9755548.36003478
2025-06-20T00:00:00Z,ATLASUSD,0.0009530,0.0009750,0.0009160,0.0009180,2659217.98909494
2025-06-21T00:00:00Z,ATLASUSD,0.0009190,0.0009330,0.0008840,0.0008870,4660864.54049624
2025-06-22T00:00:00Z,ATLASUSD,0.0008770,0.0008920,0.0008010,0.0008390,16258609.58746137
2025-06-23T00:00:00Z,ATLASUSD,0.0008450,0.0009300,0.0008290,0.0009300,18386389.64160984
2025-06-24T00:00:00Z,ATLASUSD,0.0009220,0.0009480,0.0008990,0.0009110,13629152.89082685
2025-06-25T00:00:00Z,ATLASUSD,0.0009160,0.0009770,0.0008860,0.0008940,15897458.61462299
2025-06-26T00:00:00Z,ATLASUSD,0.0008910,0.0008980,0.0008650,0.0008770,5257535.82478102
2025-06-27T00:00:00Z,ATLASUSD,0.0008700,0.0008990,0.0008670,0.0008940,1641173.28032088
2025-06-28T00:00:00Z,ATLASUSD,0.0008830,0.0009310,0.0008790,0.0009000,4822025.42606992
2025-06-29T00:00:00Z,ATLASUSD,0.0009020,0.0009490,0.0008940,0.0009490,6399183.19747872
2025-06-30T00:00:00Z,ATLASUSD,0.0009430,0.0009550,0.0008390,0.0008850,15298326.56753974
2025-07-01T00:00:00Z,ATLASUSD,0.0008900,0.0009000,0.0008360,0.0008440,20064005.50706746
2025-07-02T00:00:00Z,ATLASUSD,0.0008370,0.0009020,0.0006600,0.0008800,47300321.80426346
2025-07-03T00:00:00Z,ATLASUSD,0.0008820,0.0008990,0.0008550,0.0008650,6224329.52094034
2025-07-04T00:00:00Z,ATLASUSD,0.0008630,0.0008830,0.0008220,0.0008350,7361255.27425111
2025-07-05T00:00:00Z,ATLASUSD,0.0008440,0.0008800,0.0008410,0.0008660,3282943.67281821
2025-07-06T00:00:00Z,ATLASUSD,0.0008730,0.0008920,0.0008460,0.0008620,7270412.35030941
2025-07-07T00:00:00Z,ATLASUSD,0.0008570,0.0008610,0.0008320,0.0008420,3220488.14139762
2025-07-08T00:00:00Z,ATLASUSD,0.0008480,0.0010260,0.0008400,0.0008610,23345038.91961822
2025-07-09T00:00:00Z,ATLASUSD,0.0008670,0.0009090,0.0008580,0.0009060,18151337.16619021
2025-07-10T00:00:00Z,ATLASUSD,0.0009100,0.0009760,0.0008990,0.0009630,50002451.37673851
2025-07-11T00:00:00Z,ATLASUSD,0.0009680,0.0010070,0.0009600,0.0009620,12716116.17011706
2025-07-12T00:00:00Z,ATLASUSD,0.0009590,0.0009720,0.0009000,0.0009240,7962831.01423681
2025-07-13T00:00:00Z,ATLASUSD,0.0009190,0.0009950,0.0009150,0.0009860,7006239.51462883
2025-07-14T00:00:00Z,ATLASUSD,0.0009790,0.0010800,0.0009640,0.0009760,26850822.32728617
2025-07-15T00:00:00Z,ATLASUSD,0.0009680,0.0010100,0.0009410,0.0010100,6735247.69374964
2025-07-16T00:00:00Z,ATLASUSD,0.0010200,0.0010500,0.0009790,0.0010230,12635305.68208714
2025-07-17T00:00:00Z,ATLASUSD,0.0010260,0.0010690,0.0010090,0.0010570,7126502.84809841
2025-07-18T00:00:00Z,ATLASUSD,0.0010520,0.0010770,0.0010270,0.0010360,14634427.39209044
2025-07-19T00:00:00Z,ATLASUSD,0.0010440,0.0013430,0.0010290,0.0011750,48901690.86429008
2025-07-20T00:00:00Z,ATLASUSD,0.0011690,0.0012900,0.0011580,0.0011830,22743073.59829730
2025-07-21T00:00:00Z,ATLASUSD,0.0011730,0.0012210,0.0011320,0.0011690,17446489.68058908
2025-07-22T00:00:00Z,ATLASUSD,0.0011680,0.0012410,0.0010920,0.0011910,11139634.30755078
2025-07-23T00:00:00Z,ATLASUSD,0.0011930,0.0013280,0.0011000,0.0011000,21949168.86446002
2025-07-24T00:00:00Z,ATLASUSD,0.0010920,0.0011420,0.0010090,0.0010640,25875164.26481746
2025-07-25T00:00:00Z,ATLASUSD,0.0010700,0.0011100,0.0010090,0.0010570,19998974.36721922
2025-07-26T00:00:00Z,ATLASUSD,0.0010720,0.0011460,0.0010470,0.0010770,11749202.86720007
2025-07-27T00:00:00Z,ATLASUSD,0.0010790,0.0011250,0.0010610,0.0010760,26803128.28572747
2025-07-28T00:00:00Z,ATLASUSD,0.0010880,0.0011180,0.0010220,0.0010380,9807462.42461886
2025-07-29T00:00:00Z,ATLASUSD,0.0010390,0.0010610,0.0010120,0.0010320,3908770.15419884
2025-07-30T00:00:00Z,ATLASUSD,0.0010290,0.0010520,0.0009980,0.0010400,7323289.72675798
2025-07-31T00:00:00Z,ATLASUSD,0.0010410,0.0011650,0.0010300,0.0010320,16311040.99280395
2025-08-01T00:00:00Z,ATLASUSD,0.0010400,0.0011200,0.0009800,0.0009850,14949217.09018435
2025-08-02T00:00:00Z,ATLASUSD,0.0009820,0.0010140,0.0009750,0.0009920,11620224.49560476
2025-08-03T00:00:00Z,ATLASUSD,0.0009910,0.0010220,0.0009790,0.0010140,6571153.10802570
2025-08-04T00:00:00Z,ATLASUSD,0.0010120,0.0011250,0.0009950,0.0010340,12573993.81637082
2025-08-05T00:00:00Z,ATLASUSD,0.0010300,0.0010580,0.0009910,0.0010100,6026822.13585374
2025-08-06T00:00:00Z,ATLASUSD,0.0010110,0.0010240,0.0009940,0.0010060,2231787.94789654
2025-08-07T00:00:00Z,ATLASUSD,0.0010110,0.0010440,0.0009990,0.0010120,2079861.57213932
2025-08-08T00:00:00Z,ATLASUSD,0.0010150,0.0010690,0.0010130,0.0010650,6227510.58411922
2025-08-09T00:00:00Z,ATLASUSD,0.0010610,0.0010920,0.0010320,0.0010400,11917978.49339885
2025-08-10T00:00:00Z,ATLASUSD,0.0010490,0.0010750,0.0010140,0.0010270,8136962.63445973
2025-08-11T00:00:00Z,ATLASUSD,0.0010250,0.0010940,0.0010120,0.0010140,6766955.58427118
2025-08-12T00:00:00Z,ATLASUSD,0.0010240,0.0010820,0.0010040,0.0010510,7954975.27137691
2025-08-13T00:00:00Z,ATLASUSD,0.0010510,0.0011400,0.0010450,0.0010890,37963658.92317241
2025-08-14T00:00:00Z,ATLASUSD,0.0010890,0.0010890,0.0009800,0.0010080,11316457.29473291
2025-08-15T00:00:00Z,ATLASUSD,0.0009980,0.0011340,0.0009860,0.0010060,24507212.91323679
2025-08-16T00:00:00Z,ATLASUSD,0.0010090,0.0010390,0.0009850,0.0010170,3295318.62138819
2025-08-17T00:00:00Z,ATLASUSD,0.0010040,0.0010350,0.0009990,0.0010040,6873994.98710358
2025-08-18T00:00:00Z,ATLASUSD,0.0010040,0.0010070,0.0009540,0.0009730,4170724.51308047
2025-08-19T00:00:00Z,ATLASUSD,0.0009660,0.0009840,0.0009360,0.0009460,2848275.17421993
2025-08-20T00:00:00Z,ATLASUSD,0.0009360,0.0009830,0.0009340,0.0009770,3176895.70474370
2025-08-21T00:00:00Z,ATLASUSD,0.0009680,0.0009840,0.0009320,0.0009490,4722450.55942369
2025-08-22T00:00:00Z,ATLASUSD,0.0009530,0.0010070,0.0009290,0.0010070,5250375.23222847
2025-08-23T00:00:00Z,ATLASUSD,0.0010040,0.0010590,0.0009910,0.0010240,4298104.46582093
2025-08-24T00:00:00Z,ATLASUSD,0.0010210,0.0010230,0.0009410,0.0009940,9021357.35371990
2025-08-25T00:00:00Z,ATLASUSD,0.0009900,0.0009960,0.0009110,0.0009130,2015840.82714014
2025-08-26T00:00:00Z,ATLASUSD,0.0009130,0.0009460,0.0008240,0.0009340,13677259.90726759
2025-08-27T00:00:00Z,ATLASUSD,0.0009250,0.0009400,0.0009220,0.0009330,6323339.03264504
2025-08-28T00:00:00Z,ATLASUSD,0.0009300,0.0009480,0.0009160,0.0009390,5058923.65721731
2025-08-29T00:00:00Z,ATLASUSD,0.0009460,0.0009990,0.0009010,0.0009210,10062026.10312215
2025-08-30T00:00:00Z,ATLASUSD,0.0009230,0.0009410,0.0009030,0.0009220,4685100.60349419
2025-08-31T00:00:00Z,ATLASUSD,0.0009260,0.0009600,0.0009180,0.0009330,4131845.31074767
2025-09-01T00:00:00Z,ATLASUSD,0.0009160,0.0009340,0.0008760,0.0008810,6553664.14382328
2025-09-02T00:00:00Z,ATLASUSD,0.0008790,0.0009000,0.0008790,0.0008950,4417026.27491745
2025-09-03T00:00:00Z,ATLASUSD,0.0008980,0.0009090,0.0008830,0.0008990,2763700.89820823
2025-09-04T00:00:00Z,ATLASUSD,0.0008990,0.0009020,0.0008610,0.0008750,3533959.69427648
2025-09-05T00:00:00Z,ATLASUSD,0.0008680,0.0009350,0.0008640,0.0009080,8888450.72759606
2025-09-06T00:00:00Z,ATLASUSD,0.0009090,0.0009190,0.0008810,0.0008910,5368357.46868077
2025-09-07T00:00:00Z,ATLASUSD,0.0008920,0.0009160,0.0008790,0.0008940,1588303.27089992
2025-09-08T00:00:00Z,ATLASUSD,0.0009010,0.0009140,0.0008900,0.0009000,2966412.02608850
2025-09-09T00:00:00Z,ATLASUSD,0.0009080,0.0009300,0.0008920,0.0009200,5108216.39898900
2025-09-10T00:00:00Z,ATLASUSD,0.0009170,0.0009330,0.0008890,0.0009030,5794087.96336415
2025-09-11T00:00:00Z,ATLASUSD,0.0009020,0.0009280,0.0008940,0.0009220,1727220.77084328
2025-09-12T00:00:00Z,ATLASUSD,0.0009200,0.0009680,0.0009120,0.0009260,7335832.04011467
2025-09-13T00:00:00Z,ATLASUSD,0.0009410,0.0009700,0.0009250,0.0009500,8041475.66218933
2025-09-14T00:00:00Z,ATLASUSD,0.0009480,0.0009880,0.0009090,0.0009290,9287422.16730934
2025-09-15T00:00:00Z,ATLASUSD,0.0009270,0.0009270,0.0008700,0.0008960,8152699.41241800
2025-09-16T00:00:00Z,ATLASUSD,0.0008960,0.0009020,0.0008720,0.0008920,2179748.80380321
2025-09-17T00:00:00Z,ATLASUSD,0.0008910,0.0009290,0.0008870,0.0009170,4512596.71627440
2025-09-18T00:00:00Z,ATLASUSD,0.0009250,0.0009250,0.0009000,0.0009140,945336.91080317
2025-09-19T00:00:00Z,ATLASUSD,0.0009160,0.0009290,0.0008810,0.0008810,3408013.84851042
2025-09-20T00:00:00Z,ATLASUSD,0.0008890,0.0009000,0.0008800,0.0008970,1619500.66690467
2025-09-21T00:00:00Z,ATLASUSD,0.0008920,0.0008940,0.0008830,0.0008860,1024092.91480307
2025-09-22T00:00:00Z,ATLASUSD,0.0008860,0.0008860,0.0008140,0.0008170,6666531.74277897
2025-09-23T00:00:00Z,ATLASUSD,0.0008150,0.0008700,0.0007940,0.0008120,16451908.99103962
2025-09-24T00:00:00Z,ATLASUSD,0.0008180,0.0008500,0.0008170,0.0008180,5719485.51734885
2025-09-25T00:00:00Z,ATLASUSD,0.0008210,0.0008210,0.0007660,0.0007720,10149417.58494871
2025-09-26T00:00:00Z,ATLASUSD,0.0007700,0.0007920,0.0007610,0.0007760,7587864.80545667
2025-09-27T00:00:00Z,ATLASUSD,0.0007730,0.0007920,0.0007700,0.0007740,3178828.44124633
2025-09-28T00:00:00Z,ATLASUSD,0.0007750,0.0008100,0.0007580,0.0007990,7563148.25764335
2025-09-29T00:00:00Z,ATLASUSD,0.0007940,0.0007940,0.0007760,0.0007870,3468363.02950287
2025-09-30T00:00:00Z,ATLASUSD,0.0007760,0.0007810,0.0007470,0.0007810,5368618.95077592
2025-10-01T00:00:00Z,ATLASUSD,0.0007750,0.0008010,0.0007620,0.0007970,5998822.06493832
2025-10-02T00:00:00Z,ATLASUSD,0.0008010,0.0008210,0.0007770,0.0008100,39959052.66069470
2025-10-03T00:00:00Z,ATLASUSD,0.0008040,0.0008280,0.0007870,0.0008130,43438163.96452974
2025-10-04T00:00:00Z,ATLASUSD,0.0008050,0.0008120,0.0007790,0.0007910,4765843.58613226
2025-10-05T00:00:00Z,ATLASUSD,0.0007830,0.0008030,0.0007670,0.0007850,10519973.05112796
2025-10-06T00:00:00Z,ATLASUSD,0.0007850,0.0008190,0.0007850,0.0008110,7257067.78264805
2025-10-07T00:00:00Z,ATLASUSD,0.0008100,0.0008100,0.0007640,0.0007660,2489650.34562986
2025-10-08T00:00:00Z,ATLASUSD,0.0007720,0.0007820,0.0007430,0.0007700,5065042.92608426
2025-10-09T00:00:00Z,ATLASUSD,0.0007710,0.0007720,0.0007390,0.0007570,13820592.77745239
2025-10-10T00:00:00Z,ATLASUSD,0.0007550,0.0007620,0.0001700,0.0005840,50153749.24179914
2025-10-11T00:00:00Z,ATLASUSD,0.0005860,0.0006100,0.0005500,0.0005730,53053870.04829521
2025-10-12T00:00:00Z,ATLASUSD,0.0005780,0.0006120,0.0005590,0.0005980,13556230.22055191
2025-10-13T00:00:00Z,ATLASUSD,0.0006010,0.0007310,0.0005890,0.0006470,36718510.57067857
2025-10-14T00:00:00Z,ATLASUSD,0.0006310,0.0006330,0.0005890,0.0006330,24520836.71949450
2025-10-15T00:00:00Z,ATLASUSD,0.0006170,0.0006380,0.0005950,0.0006030,21927023.19998521
2025-10-16T00:00:00Z,ATLASUSD,0.0006000,0.0006100,0.0005680,0.0005680,11043493.34182060
2025-10-17T00:00:00Z,ATLASUSD,0.0005740,0.0005810,0.0005200,0.0005460,18929498.02249193
2025-10-18T00:00:00Z,ATLASUSD,0.0005500,0.0005750,0.0005490,0.0005560,9576085.82408482
2025-10-19T00:00:00Z,ATLASUSD,0.0005590,0.0005800,0.0005480,0.0005750,8931542.09672331
2025-10-20T00:00:00Z,ATLASUSD,0.0005680,0.0005810,0.0005570,0.0005720,8339117.96697066
2025-10-21T00:00:00Z,ATLASUSD,0.0005700,0.0005700,0.0005350,0.0005390,12430752.97578051
2025-10-22T00:00:00Z,ATLASUSD,0.0005350,0.0005980,0.0005200,0.0005420,43462362.16394397
2025-10-23T00:00:00Z,ATLASUSD,0.0005410,0.0005680,0.0005350,0.0005480,12326692.62493229
2025-10-24T00:00:00Z,ATLASUSD,0.0005410,0.0005690,0.0005300,0.0005450,20913421.47949572
2025-10-25T00:00:00Z,ATLASUSD,0.0005440,0.0005570,0.0005380,0.0005500,6670342.91881088
2025-10-26T00:00:00Z,ATLASUSD,0.0005440,0.0005700,0.0005420,0.0005540,13203582.10664570
2025-10-27T00:00:00Z,ATLASUSD,0.0005590,0.0005690,0.0005460,0.0005590,8500240.89379729
2025-10-28T00:00:00Z,ATLASUSD,0.0005510,0.0005530,0.0005210,0.0005280,9954753.24245712
2025-10-29T00:00:00Z,ATLASUSD,0.0005390,0.0005390,0.0005230,0.0005280,3912684.42325045
2025-10-30T00:00:00Z,ATLASUSD,0.0005290,0.0005340,0.0004700,0.0004890,15627198.32888139
2025-10-31T00:00:00Z,ATLASUSD,0.0004890,0.0005050,0.0004850,0.0005050,11298400.20295325
2025-11-01T00:00:00Z,ATLASUSD,0.0005020,0.0005180,0.0004860,0.0005170,6786275.64189117
2025-11-02T00:00:00Z,ATLASUSD,0.0005130,0.0005200,0.0004950,0.0005040,3203750.06440085
2025-11-03T00:00:00Z,ATLASUSD,0.0004890,0.0004930,0.0004580,0.0004580,10083470.29576697
2025-11-04T00:00:00Z,ATLASUSD,0.0004570,0.0004580,0.0004210,0.0004500,59658811.52239608
2025-11-05T00:00:00Z,ATLASUSD,0.0004500,0.0004640,0.0004190,0.0004640,18627310.22610435
2025-11-06T00:00:00Z,ATLASUSD,0.0004600,0.0004610,0.0004320,0.0004570,5967780.04535501
2025-11-07T00:00:00Z,ATLASUSD,0.0004510,0.0005200,0.0004350,0.0004810,37843761.36089457
2025-11-08T00:00:00Z,ATLASUSD,0.0004810,0.0005210,0.0004690,0.0004930,37687054.72868100
2025-11-09T00:00:00Z,ATLASUSD,0.0005050,0.0005100,0.0004760,0.0004990,26356618.78671027
2025-11-10T00:00:00Z,ATLASUSD,0.0005200,0.0005640,0.0005020,0.0005230,28651507.80757717
2025-11-11T00:00:00Z,ATLASUSD,0.0005230,0.0005290,0.0004850,0.0005010,14292736.62388728
2025-11-12T00:00:00Z,ATLASUSD,0.0004890,0.0005200,0.0004740,0.0004810,13768485.83869923
2025-11-13T00:00:00Z,ATLASUSD,0.0004800,0.0004930,0.0004400,0.0004460,21285256.81775326
2025-11-14T00:00:00Z,ATLASUSD,0.0004480,0.0004700,0.0004240,0.0004260,21440512.25709917
2025-11-15T00:00:00Z,ATLASUSD,0.0004260,0.0004470,0.0004260,0.0004430,2457318.54311741
2025-11-16T00:00:00Z,ATLASUSD,0.0004410,0.0004440,0.0004130,0.0004230,15920767.66716956
2025-11-17T00:00:00Z,ATLASUSD,0.0004230,0.0004470,0.0003990,0.0004020,37263233.73026447
2025-11-18T00:00:00Z,ATLASUSD,0.0004020,0.0005000,0.0003950,0.0004850,31240550.58171084
2025-11-19T00:00:00Z,ATLASUSD,0.0004750,0.0004900,0.0004160,0.0004370,79099025.73330465
2025-11-20T00:00:00Z,ATLASUSD,0.0004380,0.0004830,0.0004200,0.0004400,43613622.19565966
2025-11-21T00:00:00Z,ATLASUSD,0.0004400,0.0004760,0.0004010,0.0004270,44639786.35266502
2025-11-22T00:00:00Z,ATLASUSD,0.0004220,0.0004360,0.0004110,0.0004180,5422337.17353733
2025-11-23T00:00:00Z,ATLASUSD,0.0004230,0.0004370,0.0004170,0.0004340,5128183.69578996
2025-11-24T00:00:00Z,ATLASUSD,0.0004220,0.0004500,0.0004080,0.0004290,18198242.65047105
2025-11-25T00:00:00Z,ATLASUSD,0.0004340,0.0004380,0.0004170,0.0004240,4770423.06862337
2025-11-26T00:00:00Z,ATLASUSD,0.0004270,0.0004600,0.0004180,0.0004350,16692698.76182209
2025-11-27T00:00:00Z,ATLASUSD,0.0004370,0.0004440,0.0004300,0.0004310,7351936.80956478
2025-11-28T00:00:00Z,ATLASUSD,0.0004320,0.0004350,0.0004170,0.0004200,10598369.54856886
2025-11-29T00:00:00Z,ATLASUSD,0.0004240,0.0004260,0.0004140,0.0004170,2442310.24170683
2025-11-30T00:00:00Z,ATLASUSD,0.0004150,0.0004220,0.0004050,0.0004090,3761267.83507186
2025-12-01T00:00:00Z,ATLASUSD,0.0004030,0.0004030,0.0003700,0.0003750,35589969.79884293
2025-12-02T00:00:00Z,ATLASUSD,0.0003800,0.0004220,0.0003600,0.0004030,32616075.83813971
2025-12-03T00:00:00Z,ATLASUSD,0.0004070,0.0004080,0.0003950,0.0003960,8148446.32049635
2025-12-04T00:00:00Z,ATLASUSD,0.0003950,0.0004200,0.0003890,0.0003980,17059041.56014188
2025-12-05T00:00:00Z,ATLASUSD,0.0003970,0.0004200,0.0003710,0.0003950,20925438.70139272
2025-12-06T00:00:00Z,ATLASUSD,0.0003920,0.0003940,0.0003740,0.0003870,9224238.90389146
2025-12-07T00:00:00Z,ATLASUSD,0.0003860,0.0003870,0.0003680,0.0003730,5945597.87528408
2025-12-08T00:00:00Z,ATLASUSD,0.0003700,0.0003900,0.0003700,0.0003750,8873912.77252181
2025-12-09T00:00:00Z,ATLASUSD,0.0003800,0.0003900,0.0003720,0.0003860,16229388.41873940
2025-12-10T00:00:00Z,ATLASUSD,0.0003940,0.0003960,0.0003690,0.0003800,16568533.68462504
2025-12-11T00:00:00Z,ATLASUSD,0.0003700,0.0003740,0.0003600,0.0003690,4711844.92014079
2025-12-12T00:00:00Z,ATLASUSD,0.0003730,0.0004090,0.0003320,0.0003470,86621143.92814314
2025-12-13T00:00:00Z,ATLASUSD,0.0003570,0.0003610,0.0003480,0.0003530,2523044.62971172
2025-12-14T00:00:00Z,ATLASUSD,0.0003510,0.0003550,0.0003380,0.0003420,11120571.05962284
2025-12-15T00:00:00Z,ATLASUSD,0.0003450,0.0003690,0.0003220,0.0003230,28815357.07652204
2025-12-16T00:00:00Z,ATLASUSD,0.0003250,0.0003300,0.0003090,0.0003140,61643489.69118256
2025-12-17T00:00:00Z,ATLASUSD,0.0003170,0.0003200,0.0002980,0.0003100,14811044.41473204
2025-12-18T00:00:00Z,ATLASUSD,0.0002960,0.0003000,0.0002850,0.0002920,16830815.40152588
2025-12-19T00:00:00Z,ATLASUSD,0.0002880,0.0003090,0.0002880,0.0003030,7686709.74735037
2025-12-20T00:00:00Z,ATLASUSD,0.0003040,0.0003040,0.0002900,0.0002980,6865319.15444595
2025-12-21T00:00:00Z,ATLASUSD,0.0002920,0.0002930,0.0002830,0.0002830,1743878.03162688
2025-12-22T00:00:00Z,ATLASUSD,0.0002860,0.0002940,0.0002760,0.0002840,13182950.01812467
2025-12-23T00:00:00Z,ATLASUSD,0.0002860,0.0002880,0.0002670,0.0002790,87108756.94377954
2025-12-24T00:00:00Z,ATLASUSD,0.0002790,0.0002840,0.0002710,0.0002770,5084798.60530385
2025-12-25T00:00:00Z,ATLASUSD,0.0002780,0.0002900,0.0002740,0.0002790,15508752.81685999
2025-12-26T00:00:00Z,ATLASUSD,0.0002760,0.0002900,0.0002730,0.0002740,6718013.39741242
2025-12-27T00:00:00Z,ATLASUSD,0.0002740,0.0002860,0.0002720,0.0002840,10433404.70983756
2025-12-28T00:00:00Z,ATLASUSD,0.0002820,0.0003330,0.0002820,0.0002940,36312209.09820156
2025-12-29T00:00:00Z,ATLASUSD,0.0002910,0.0002960,0.0002840,0.0002840,8572840.84101672
2025-12-30T00:00:00Z,ATLASUSD,0.0002800,0.0002920,0.0002780,0.0002870,6215645.89015159
2025-12-31T00:00:00Z,ATLASUSD,0.0002870,0.0002910,0.0002760,0.0002830,11307985.15247785
2026-01-01T00:00:00Z,ATLASUSD,0.0002840,0.0003000,0.0002780,0.0002940,12485413.15285305
2026-01-02T00:00:00Z,ATLASUSD,0.0002930,0.0003220,0.0002920,0.0003220,13587533.38790314
2026-01-03T00:00:00Z,ATLASUSD,0.0003260,0.0003530,0.0003100,0.0003170,41539572.81176620
2026-01-04T00:00:00Z,ATLASUSD,0.0003280,0.0003370,0.0003180,0.0003230,22558578.02041638
2026-01-05T00:00:00Z,ATLASUSD,0.0003220,0.0003600,0.0003200,0.0003340,17229264.13911685
2026-01-06T00:00:00Z,ATLASUSD,0.0003340,0.0003500,0.0003200,0.0003350,45251833.03472313
2026-01-07T00:00:00Z,ATLASUSD,0.0003340,0.0003600,0.0003100,0.0003210,102331098.45659067
2026-01-08T00:00:00Z,ATLASUSD,0.0003230,0.0003230,0.0003010,0.0003110,17176823.92967140
2026-01-09T00:00:00Z,ATLASUSD,0.0003090,0.0003090,0.0002960,0.0003030,6068974.69304293
2026-01-10T00:00:00Z,ATLASUSD,0.0003010,0.0003130,0.0002960,0.0003030,5748990.04113430
2026-01-11T00:00:00Z,ATLASUSD,0.0003040,0.0003200,0.0002970,0.0002970,8788996.84502713
2026-01-12T00:00:00Z,ATLASUSD,0.0003000,0.0003160,0.0002940,0.0002950,2996593.92731500
2026-01-13T00:00:00Z,ATLASUSD,0.0002920,0.0003080,0.0002920,0.0003080,8159392.04125863
2026-01-14T00:00:00Z,ATLASUSD,0.0003160,0.0003200,0.0003100,0.0003130,9946915.95336242
2026-01-15T00:00:00Z,ATLASUSD,0.0003110,0.0003110,0.0002883,0.0002883,9623666.97877234
2026-01-16T00:00:00Z,ATLASUSD,0.0002910,0.0003024,0.0002910,0.0003024,4406370.37763104
2026-01-17T00:00:00Z,ATLASUSD,0.0003014,0.0003180,0.0002957,0.0002957,14043966.14139111
2026-01-18T00:00:00Z,ATLASUSD,0.0002959,0.0003017,0.0002880,0.0002880,4599087.93739614
2026-01-19T00:00:00Z,ATLASUSD,0.0002840,0.0002900,0.0002711,0.0002811,13098991.35708032
2026-01-20T00:00:00Z,ATLASUSD,0.0002800,0.0003000,0.0002659,0.0002701,19274502.76711768
2026-01-21T00:00:00Z,ATLASUSD,0.0002701,0.0002900,0.0002700,0.0002816,18724839.73730454
2026-01-22T00:00:00Z,ATLASUSD,0.0002747,0.0002795,0.0002700,0.0002700,14037095.98973634
2026-01-23T00:00:00Z,ATLASUSD,0.0002703,0.0002800,0.0002700,0.0002770,10317706.60260040
2026-01-24T00:00:00Z,ATLASUSD,0.0002749,0.0002779,0.0002700,0.0002755,2602714.50129729
2026-01-25T00:00:00Z,ATLASUSD,0.0002721,0.0002753,0.0002539,0.0002539,16908622.42548235
2026-01-26T00:00:00Z,ATLASUSD,0.0002567,0.0002660,0.0002501,0.0002608,16140986.32519534
2026-01-27T00:00:00Z,ATLASUSD,0.0002567,0.0002656,0.0002501,0.0002652,4796963.48065949
2026-01-28T00:00:00Z,ATLASUSD,0.0002625,0.0002641,0.0002569,0.0002593,2506979.10748619
2026-01-29T00:00:00Z,ATLASUSD,0.0002604,0.0002624,0.0002434,0.0002494,13098645.35268207
2026-01-30T00:00:00Z,ATLASUSD,0.0002499,0.0002540,0.0002412,0.0002451,8142414.02916001
2026-01-31T00:00:00Z,ATLASUSD,0.0002430,0.0002472,0.0002070,0.0002200,20154609.51762945
2026-02-01T00:00:00Z,ATLASUSD,0.0002200,0.0002280,0.0002124,0.0002166,9842299.12143672
2026-02-02T00:00:00Z,ATLASUSD,0.0002158,0.0003467,0.0000501,0.0002200,99807467.55202416
2026-02-03T00:00:00Z,ATLASUSD,0.0002188,0.0002199,0.0002041,0.0002159,10377715.80980272
2026-02-04T00:00:00Z,ATLASUSD,0.0002109,0.0002150,0.0002025,0.0002029,3947605.09003827
2026-02-05T00:00:00Z,ATLASUSD,0.0002083,0.0002089,0.0001651,0.0001827,22543160.30389445
2026-02-06T00:00:00Z,ATLASUSD,0.0001791,0.0001970,0.0001781,0.0001964,15581978.49380006
2026-02-07T00:00:00Z,ATLASUSD,0.0001979,0.0002099,0.0001894,0.0001968,4816267.81999268
2026-02-08T00:00:00Z,ATLASUSD,0.0001935,0.0001991,0.0001916,0.0001926,1783887.61456123
2026-02-09T00:00:00Z,ATLASUSD,0.0001955,0.0001992,0.0001855,0.0001898,4426246.65902446
2026-02-10T00:00:00Z,ATLASUSD,0.0001910,0.0001999,0.0001856,0.0001941,5769058.75451551
2026-02-11T00:00:00Z,ATLASUSD,0.0001934,0.0002063,0.0001826,0.0001969,14009802.04962146
2026-02-12T00:00:00Z,ATLASUSD,0.0001969,0.0002062,0.0001900,0.0001935,21132229.23593820
2026-02-13T00:00:00Z,ATLASUSD,0.0001974,0.0002275,0.0001901,0.0002101,32201955.17817967
2026-02-14T00:00:00Z,ATLASUSD,0.0002101,0.0002211,0.0002052,0.0002211,29990231.76325268
2026-02-15T00:00:00Z,ATLASUSD,0.0002198,0.0002211,0.0001943,0.0002057,19015655.64535639
2026-02-16T00:00:00Z,ATLASUSD,0.0002031,0.0002099,0.0002014,0.0002062,7937992.41253312
2026-02-17T00:00:00Z,ATLASUSD,0.0002035,0.0002199,0.0002017,0.0002040,18998805.83937259
2026-02-18T00:00:00Z,ATLASUSD,0.0002053,0.0002093,0.0001983,0.0002008,6105789.50967391
2026-02-19T00:00:00Z,ATLASUSD,0.0001948,0.0002100,0.0001948,0.0002000,24482064.11474872
2026-02-20T00:00:00Z,ATLASUSD,0.0002000,0.0002069,0.0001952,0.0001952,7324903.41080809
2026-02-21T00:00:00Z,ATLASUSD,0.0001956,0.0002043,0.0001956,0.0001992,3614993.83164330
2026-02-22T00:00:00Z,ATLASUSD,0.0001945,0.0001992,0.0001924,0.0001985,3373515.97533283
2026-02-23T00:00:00Z,ATLASUSD,0.0002003,0.0002003,0.0001900,0.0001901,12896644.26683361
2026-02-24T00:00:00Z,ATLASUSD,0.0001901,0.0001907,0.0001811,0.0001873,14514114.64261371
2026-02-25T00:00:00Z,ATLASUSD,0.0001883,0.0002005,0.0001860,0.0002005,9312112.12275637
2026-02-26T00:00:00Z,ATLASUSD,0.0001996,0.0002036,0.0001878,0.0001899,13690398.05067126
2026-02-27T00:00:00Z,ATLASUSD,0.0001909,0.0002100,0.0001882,0.0001900,14932713.72318119
2026-02-28T00:00:00Z,ATLASUSD,0.0001900,0.0001913,0.0001859,0.0001912,3684902.44487730
2026-03-01T00:00:00Z,ATLASUSD,0.0001906,0.0001979,0.0001850,0.0001850,2638098.45473865
2026-03-02T00:00:00Z,ATLASUSD,0.0001871,0.0001991,0.0001840,0.0001929,5790539.89654533
2026-03-03T00:00:00Z,ATLASUSD,0.0001878,0.0001878,0.0001817,0.0001817,2285142.21004249
2026-03-04T00:00:00Z,ATLASUSD,0.0001844,0.0001973,0.0001792,0.0001892,9064708.48686866
2026-03-05T00:00:00Z,ATLASUSD,0.0001906,0.0001960,0.0001827,0.0001868,5923311.87754507
2026-03-06T00:00:00Z,ATLASUSD,0.0001888,0.0001896,0.0001826,0.0001826,4957028.00065447
2026-03-07T00:00:00Z,ATLASUSD,0.0001806,0.0001828,0.0001758,0.0001794,7254798.15656099
2026-03-08T00:00:00Z,ATLASUSD,0.0001771,0.0001781,0.0001742,0.0001742,1019269.20393393
2026-03-09T00:00:00Z,ATLASUSD,0.0001766,0.0001838,0.0001750,0.0001771,2810863.70912502
2026-03-10T00:00:00Z,ATLASUSD,0.0001770,0.0002000,0.0001770,0.0001819,15220877.17012061
2026-03-11T00:00:00Z,ATLASUSD,0.0001825,0.0001929,0.0001825,0.0001902,4131751.07560486
2026-03-12T00:00:00Z,ATLASUSD,0.0001843,0.0001847,0.0001828,0.0001839,5955935.97665076
2026-03-13T00:00:00Z,ATLASUSD,0.0001842,0.0002100,0.0001834,0.0002100,12990753.85509923
2026-03-14T00:00:00Z,ATLASUSD,0.0002235,0.0002235,0.0001900,0.0001947,13300472.53676296
2026-03-15T00:00:00Z,ATLASUSD,0.0001906,0.0001942,0.0001900,0.0001912,5485880.20556336
2026-03-16T00:00:00Z,ATLASUSD,0.0001900,0.0002000,0.0001900,0.0001961,10106643.52818198
2026-03-17T00:00:00Z,ATLASUSD,0.0001943,0.0002039,0.0001901,0.0002039,6372711.53855795
2026-03-18T00:00:00Z,ATLASUSD,0.0001956,0.0002018,0.0001835,0.0001962,15145228.40515800
2026-03-19T00:00:00Z,ATLASUSD,0.0001940,0.0001957,0.0001862,0.0001862,2629134.26689685
2026-03-20T00:00:00Z,ATLASUSD,0.0001887,0.0001905,0.0001855,0.0001857,1198596.68868128
2026-03-21T00:00:00Z,ATLASUSD,0.0001885,0.0002000,0.0001849,0.0002000,1574610.72210342
2026-03-22T00:00:00Z,ATLASUSD,0.0001902,0.0001923,0.0001827,0.0001847,10514416.77717315
2026-03-23T00:00:00Z,ATLASUSD,0.0001844,0.0001908,0.0001825,0.0001903,6412139.43512201
2026-03-24T00:00:00Z,ATLASUSD,0.0001856,0.0001866,0.0001821,0.0001850,3772907.44662280
2026-03-25T00:00:00Z,ATLASUSD,0.0001830,0.0001867,0.0001800,0.0001867,2400503.18743132
2026-03-26T00:00:00Z,ATLASUSD,0.0001836,0.0001836,0.0001798,0.0001804,1224024.86583119
2026-03-27T00:00:00Z,ATLASUSD,0.0001795,0.0001820,0.0001745,0.0001765,1617422.65954029
2026-03-28T00:00:00Z,ATLASUSD,0.0001745,0.0001745,0.0001710,0.0001719,1816536.38648903
2026-03-29T00:00:00Z,ATLASUSD,0.0001760,0.0001760,0.0001700,0.0001726,4982786.68950310
2026-03-30T00:00:00Z,ATLASUSD,0.0001750,0.0001800,0.0001723,0.0001727,4679843.88825898
2026-03-31T00:00:00Z,ATLASUSD,0.0001730,0.0001755,0.0001721,0.0001721,773430.72161405
2026-04-01T00:00:00Z,ATLASUSD,0.0001717,0.0001767,0.0001671,0.0001767,3620984.07720010
2026-04-02T00:00:00Z,ATLASUSD,0.0001675,0.0001675,0.0001600,0.0001600,3884041.05440439
2026-04-03T00:00:00Z,ATLASUSD,0.0001572,0.0001666,0.0001572,0.0001652,1591204.72090203
2026-04-04T00:00:00Z,ATLASUSD,0.0001612,0.0001700,0.0001612,0.0001678,2556358.87244733
2026-04-05T00:00:00Z,ATLASUSD,0.0001648,0.0001732,0.0001627,0.0001666,6584209.01957405
2026-04-06T00:00:00Z,ATLASUSD,0.0001677,0.0001677,0.0001660,0.0001660,143512.61181000
2026-04-07T00:00:00Z,ATLASUSD,0.0001649,0.0001668,0.0001618,0.0001664,2885153.62678000
2026-04-08T00:00:00Z,ATLASUSD,0.0001678,0.0001801,0.0001601,0.0001793,31380189.93562276
2026-04-09T00:00:00Z,ATLASUSD,0.0001863,0.0001927,0.0001700,0.0001797,38693073.79597698
2026-04-10T00:00:00Z,ATLASUSD,0.0001820,0.0001820,0.0001700,0.0001700,5046734.10934372
2026-04-11T00:00:00Z,ATLASUSD,0.0001700,0.0001700,0.0001640,0.0001700,6463351.47438138
2026-04-12T00:00:00Z,ATLASUSD,0.0001681,0.0001690,0.0001635,0.0001649,1142565.45952149
2026-04-13T00:00:00Z,ATLASUSD,0.0001641,0.0001663,0.0001600,0.0001658,11485277.85191066
2026-04-14T00:00:00Z,ATLASUSD,0.0001679,0.0001700,0.0001655,0.0001685,5728324.02662726
2026-04-15T00:00:00Z,ATLASUSD,0.0001665,0.0001758,0.0001665,0.0001715,5851346.50914758
2026-04-16T00:00:00Z,ATLASUSD,0.0001704,0.0001775,0.0001701,0.0001708,7590147.06252673
2026-04-17T00:00:00Z,ATLASUSD,0.0001768,0.0001900,0.0001733,0.0001823,22789652.66826250
2026-04-18T00:00:00Z,ATLASUSD,0.0001809,0.0002000,0.0001800,0.0001800,17623610.56988790
2026-04-19T00:00:00Z,ATLASUSD,0.0001800,0.0001801,0.0001699,0.0001700,14450847.26501661
2026-04-20T00:00:00Z,ATLASUSD,0.0001701,0.0001810,0.0001700,0.0001810,22849099.79580963
2026-04-21T00:00:00Z,ATLASUSD,0.0001800,0.0002640,0.0001800,0.0002330,62371195.85071358
2026-04-22T00:00:00Z,ATLASUSD,0.0002319,0.0002339,0.0001964,0.0002034,55835716.13119591
2026-04-23T00:00:00Z,ATLASUSD,0.0001965,0.0002014,0.0001963,0.0001963,55178780.27573876
2026-04-24T00:00:00Z,ATLASUSD,0.0001940,0.0001950,0.0001893,0.0001919,3061745.33547193
2026-04-25T00:00:00Z,ATLASUSD,0.0001886,0.0001975,0.0001883,0.0001883,1334498.10177413
2026-04-26T00:00:00Z,ATLASUSD,0.0001897,0.0001960,0.0001865,0.0001933,6038753.47409280
2026-04-27T00:00:00Z,ATLASUSD,0.0001913,0.0002100,0.0001748,0.0001752,35133519.45882499
2026-04-28T00:00:00Z,ATLASUSD,0.0001767,0.0001814,0.0001720,0.0001798,11902952.77354341
2026-04-29T00:00:00Z,ATLASUSD,0.0001799,0.0001815,0.0001773,0.0001773,1581091.16174560
2026-04-30T00:00:00Z,ATLASUSD,0.0001762,0.0001771,0.0001713,0.0001771,1934426.38304537
2026-05-01T00:00:00Z,ATLASUSD,0.0001770,0.0001770,0.0001700,0.0001762,10304608.33765456
2026-05-02T00:00:00Z,ATLASUSD,0.0001799,0.0001800,0.0001794,0.0001794,2750473.86090128
2026-05-03T00:00:00Z,ATLASUSD,0.0001787,0.0001829,0.0001787,0.0001829,227879.34516000
2026-05-04T00:00:00Z,ATLASUSD,0.0001818,0.0001845,0.0001816,0.0001845,854723.37097828
2026-05-05T00:00:00Z,ATLASUSD,0.0001829,0.0001892,0.0001793,0.0001892,1006684.97348881
2026-05-06T00:00:00Z,ATLASUSD,0.0001898,0.0002000,0.0001803,0.0001803,9490837.03084845
2026-05-07T00:00:00Z,ATLASUSD,0.0001966,0.0001999,0.0001801,0.0001982,11652938.03870628
2026-05-08T00:00:00Z,ATLASUSD,0.0001984,0.0002000,0.0001900,0.0001917,1814934.86292862
2026-05-09T00:00:00Z,ATLASUSD,0.0001989,0.0001990,0.0001800,0.0001800,5953706.50184766
2026-05-10T00:00:00Z,ATLASUSD,0.0001986,0.0001988,0.0001801,0.0001987,1474286.49595131
2026-05-11T00:00:00Z,ATLASUSD,0.0001959,0.0001961,0.0001801,0.0001961,1636792.56155354
2026-05-12T00:00:00Z,ATLASUSD,0.0001895,0.0002100,0.0001821,0.0001876,9719981.33990443
2026-05-13T00:00:00Z,ATLASUSD,0.0001943,0.0001963,0.0001819,0.0001913,3604379.38018810
2026-05-14T00:00:00Z,ATLASUSD,0.0001882,0.0001905,0.0001801,0.0001900,4911630.08687003
2026-05-15T00:00:00Z,ATLASUSD,0.0001803,0.0001901,0.0001767,0.0001783,9956450.26727330
2026-05-16T00:00:00Z,ATLASUSD,0.0001871,0.0001900,0.0001661,0.0001797,20924333.60296517
2026-05-17T00:00:00Z,ATLASUSD,0.0001797,0.0001797,0.0001621,0.0001796,294712.43133625
2026-05-18T00:00:00Z,ATLASUSD,0.0001576,0.0001791,0.0001574,0.0001675,15669909.31577250
2026-05-19T00:00:00Z,ATLASUSD,0.0001799,0.0001800,0.0001610,0.0001610,4460274.27709521
2026-05-20T00:00:00Z,ATLASUSD,0.0001776,0.0001776,0.0001601,0.0001774,219465.88510041
2026-05-21T00:00:00Z,ATLASUSD,0.0001602,0.0001800,0.0001601,0.0001614,5185750.65988677
2026-05-22T00:00:00Z,ATLASUSD,0.0001783,0.0001784,0.0001603,0.0001784,1240765.95174536
2026-05-23T00:00:00Z,ATLASUSD,0.0001789,0.0001794,0.0001604,0.0001604,3014065.27153888
2026-05-24T00:00:00Z,ATLASUSD,0.0001798,0.0001900,0.0001700,0.0001700,15958727.38934672
2026-05-25T00:00:00Z,ATLASUSD,0.0001787,0.0001788,0.0001700,0.0001774,1356443.05041358
2026-05-26T00:00:00Z,ATLASUSD,0.0001700,0.0001800,0.0001601,0.0001700,18780678.92870641
2026-05-27T00:00:00Z,ATLASUSD,0.0001629,0.0001691,0.0001499,0.0001691,19515015.43219493
2026-05-28T00:00:00Z,ATLASUSD,0.0001695,0.0001695,0.0001456,0.0001595,1365131.79276692
2026-05-29T00:00:00Z,ATLASUSD,0.0001566,0.0001600,0.0001481,0.0001600,14180548.29104879
2026-05-30T00:00:00Z,ATLASUSD,0.0001600,0.0001600,0.0001454,0.0001454,1650003.20781000
2026-05-31T00:00:00Z,ATLASUSD,0.0001568,0.0001569,0.0001504,0.0001504,219990.89892000
2026-06-01T00:00:00Z,ATLASUSD,0.0001536,0.0001582,0.0001415,0.0001516,2325732.89266000
2026-06-02T00:00:00Z,ATLASUSD,0.0001539,0.0001600,0.0001413,0.0001413,5731041.03711950
2026-06-03T00:00:00Z,ATLASUSD,0.0001401,0.0001490,0.0001362,0.0001362,1234418.57581000
2026-06-04T00:00:00Z,ATLASUSD,0.0001483,0.0001578,0.0001301,0.0001301,41636036.37929859
2026-06-05T00:00:00Z,ATLASUSD,0.0001301,0.0001398,0.0001224,0.0001307,9603245.45756654
2026-06-06T00:00:00Z,ATLASUSD,0.0001301,0.0001397,0.0001200,0.0001300,4929409.13368564
2026-06-07T00:00:00Z,ATLASUSD,0.0001398,0.0001400,0.0001210,0.0001210,8020014.98405150
2026-06-08T00:00:00Z,ATLASUSD,0.0001201,0.0001365,0.0001201,0.0001256,6348155.19656728
2026-06-09T00:00:00Z,ATLASUSD,0.0001206,0.0001295,0.0001201,0.0001201,216500.72761195
2026-06-10T00:00:00Z,ATLASUSD,0.0001200,0.0001300,0.0001153,0.0001165,5956599.08160022
2026-06-11T00:00:00Z,ATLASUSD,0.0001298,0.0001300,0.0001200,0.0001245,5493683.67281175
2026-06-12T00:00:00Z,ATLASUSD,0.0001235,0.0001444,0.0001200,0.0001327,42145939.54005437
2026-06-13T00:00:00Z,ATLASUSD,0.0001204,0.0001401,0.0001204,0.0001204,123079.90544501
2026-06-14T00:00:00Z,ATLASUSD,0.0001404,0.0001737,0.0001200,0.0001290,28559531.25148439
2026-06-15T00:00:00Z,ATLASUSD,0.0001397,0.0001499,0.0001300,0.0001300,15171623.70429468
2026-06-16T00:00:00Z,ATLASUSD,0.0001300,0.0001325,0.0001205,0.0001205,13698508.51265891
2026-06-17T00:00:00Z,ATLASUSD,0.0001297,0.0001297,0.0001202,0.0001202,5251506.79215017
2026-06-18T00:00:00Z,ATLASUSD,0.0001287,0.0001287,0.0001201,0.0001201,264801.13823942
2026-06-19T00:00:00Z,ATLASUSD,0.0001201,0.0001247,0.0001143,0.0001247,14454685.14117698
2026-06-20T00:00:00Z,ATLASUSD,0.0001297,0.0001297,0.0001157,0.0001294,4777441.01910196
2026-06-21T00:00:00Z,ATLASUSD,0.0001296,0.0001350,0.0001200,0.0001229,15445257.53728847
2026-06-22T00:00:00Z,ATLASUSD,0.0001364,0.0001364,0.0001153,0.0001291,21038598.81992456
2026-06-23T00:00:00Z,ATLASUSD,0.0001159,0.0001199,0.0001101,0.0001199,11863904.11396931
2026-06-24T00:00:00Z,ATLASUSD,0.0001199,0.0001400,0.0001047,0.0001344,45625630.74634084
2026-06-25T00:00:00Z,ATLASUSD,0.0001101,0.0001190,0.0001089,0.0001090,29896099.73614695
2026-06-26T00:00:00Z,ATLASUSD,0.0001199,0.0001300,0.0001101,0.0001101,23404184.73378960
2026-06-27T00:00:00Z,ATLASUSD,0.0001300,0.0001300,0.0001101,0.0001200,5621650.00207900
2026-06-28T00:00:00Z,ATLASUSD,0.0001101,0.0001200,0.0001101,0.0001101,2604267.99078062
2026-06-29T00:00:00Z,ATLASUSD,0.0001200,0.0001200,0.0001100,0.0001200,5550108.01135450
2026-06-30T00:00:00Z,ATLASUSD,0.0001100,0.0001200,0.0001100,0.0001100,2000099.37565952
2026-07-01T00:00:00Z,ATLASUSD,0.0001200,0.0001299,0.0001101,0.0001299,4234181.13975955
2026-07-02T00:00:00Z,ATLASUSD,0.0001101,0.0001299,0.0001101,0.0001298,10622672.97672000
2026-07-03T00:00:00Z,ATLASUSD,0.0001295,0.0001298,0.0001100,0.0001298,968763.84904626
2026-07-04T00:00:00Z,ATLASUSD,0.0001297,0.0001299,0.0001294,0.0001299,1072510.83093000
2026-07-05T00:00:00Z,ATLASUSD,0.0001299,0.0001299,0.0001087,0.0001298,10205303.09937835
2026-07-06T00:00:00Z,ATLASUSD,0.0001299,0.0001300,0.0001103,0.0001103,20272350.49082553
2026-07-07T00:00:00Z,ATLASUSD,0.0001298,0.0001299,0.0001106,0.0001279,992328.81642000
2026-07-08T00:00:00Z,ATLASUSD,0.0001131,0.0001299,0.0001103,0.0001299,630799.58088000
2026-07-09T00:00:00Z,ATLASUSD,0.0001299,0.0001299,0.0001103,0.0001299,613570.60818601
2026-07-10T00:00:00Z,ATLASUSD,0.0001101,0.0001300,0.0001101,0.0001107,1388940.64788656
2026-07-11T00:00:00Z,ATLASUSD,0.0001299,0.0001299,0.0001101,0.0001101,3034651.35336639
2026-07-12T00:00:00Z,ATLASUSD,0.0001288,0.0001288,0.0001101,0.0001101,1056670.81036327
2026-07-13T00:00:00Z,ATLASUSD,0.0001287,0.0001287,0.0001100,0.0001100,7431844.29602943
2026-07-14T00:00:00Z,ATLASUSD,0.0001100,0.0001199,0.0001049,0.0001049,12052537.18186900
2026-07-15T00:00:00Z,ATLASUSD,0.0001199,0.0001199,0.0001101,0.0001199,2360807.90374455
2026-07-16T00:00:00Z,ATLASUSD,0.0001199,0.0001300,0.0001101,0.0001112,16003124.05997203
2026-07-17T00:00:00Z,ATLASUSD,0.0001299,0.0001730,0.0001192,0.0001729,15806876.06808223
2026-07-18T00:00:00Z,ATLASUSD,0.0001528,0.0004329,0.0001447,0.0001785,164685654.52648310
2026-07-19T00:00:00Z,ATLASUSD,0.0001755,0.0002000,0.0001438,0.0001487,158678734.34433721
2026-07-20T00:00:00Z,ATLASUSD,0.0001450,0.0001867,0.0001415,0.0001465,170051397.15214349
2026-07-21T00:00:00Z,ATLASUSD,0.0001476,0.0001700,0.0001428,0.0001428,43955838.44164698
2026-07-22T00:00:00Z,ATLASUSD,0.0001575,0.0001698,0.0001501,0.0001505,62557221.75846659
2026-07-23T00:00:00Z,ATLASUSD,0.0001670,0.0001680,0.0001342,0.0001363,38290552.86766526
2026-07-24T00:00:00Z,ATLASUSD,0.0001484,0.0001501,0.0001337,0.0001404,15892293.06117379
2026-07-25T00:00:00Z,ATLASUSD,0.0001404,0.0001528,0.0001402,0.0001528,1279716.82046000
2026-07-26T00:00:00Z,ATLASUSD,0.0001401,0.0001529,0.0001302,0.0001367,41432647.81671230
2026-07-27T00:00:00Z,ATLASUSD,0.0001341,0.0001398,0.0001300,0.0001301,3579701.58432690
2026-07-28T00:00:00Z,ATLASUSD,0.0001306,0.0001400,0.0001300,0.0001300,20036087.09639960
2026-07-29T00:00:00Z,ATLASUSD,0.0001300,0.0004246,0.0001300,0.0001599,90921770.61578524
2026-07-30T00:00:00Z,ATLASUSD,0.0001427,0.0001486,0.0001275,0.0001331,34263978.08836144
2026-07-31T00:00:00Z,ATLASUSD,0.0001248,0.0001400,0.0001241,0.0001399,1888726.64901355
2026-08-01T00:00:00Z,ATLASUSD,0.0001399,0.0001399,0.0001241,0.0001241,1975520.92077656
2026-08-02T00:00:00Z,ATLASUSD,0.0001242,0.0001398,0.0001242,0.0001294,14862688.78728004
2026-08-03T00:00:00Z,ATLASUSD,0.0001310,0.0001332,0.0001240,0.0001240,12069124.86780103
2026-08-04T00:00:00Z,ATLASUSD,0.0001366,0.0001366,0.0001200,0.0001299,26549553.71632166
2026-08-05T00:00:00Z,ATLASUSD,0.0001300,0.0001300,0.0001214,0.0001299,2698623.13423102
2026-08-06T00:00:00Z,ATLASUSD,0.0001299,0.0001300,0.0001218,0.0001218,4331096.88840307
2026-08-07T00:00:00Z,ATLASUSD,0.0001299,0.0001638,0.0001220,0.0001220,21140773.63656605
2026-08-08T00:00:00Z,ATLASUSD,0.0001220,0.0001220,0.0001220,0.0001220,0.00000000
2026-08-09T00:00:00Z,ATLASUSD,0.0001220,0.0001220,0.0001220,0.0001220,0.00000000
2026-08-10T00:00:00Z,ATLASUSD,0.0001220,0.0001220,0.0001220,0.0001220,0.00000000
2026-08-11T00:00:00Z,ATLASUSD,0.0001200,0.0001363,0.0001200,0.0001280,3418107.32177216
2026-08-12T00:00:00Z,ATLASUSD,0.0001230,0.0001301,0.0001200,0.0001200,7485202.21326138
2026-08-13T00:00:00Z,ATLASUSD,0.0001201,0.0001255,0.0001200,0.0001200,1323638.19772000
2026-08-14T00:00:00Z,ATLASUSD,0.0001200,0.0001268,0.0001200,0.0001200,1984647.34934533
2026-08-15T00:00:00Z,ATLASUSD,0.0001201,0.0001201,0.0001201,0.0001201,68604.76435000
2026-08-16T00:00:00Z,ATLASUSD,0.0001272,0.0001284,0.0001200,0.0001200,1487508.99271793
2026-08-17T00:00:00Z,ATLASUSD,0.0001200,0.0001295,0.0001148,0.0001170,5242102.10278000
2026-08-18T00:00:00Z,ATLASUSD,0.0001275,0.0001275,0.0001156,0.0001156,140180.40404000
2026-08-19T00:00:00Z,ATLASUSD,0.0001264,0.0001275,0.0001139,0.0001222,5294132.88126824
2026-08-20T00:00:00Z,ATLASUSD,0.0001296,0.0001312,0.0001202,0.0001296,10452612.86923380
2026-08-21T00:00:00Z,ATLASUSD,0.0001384,0.0001447,0.0001340,0.0001447,3016490.71156344
2026-08-22T00:00:00Z,ATLASUSD,0.0001520,0.0001598,0.0001300,0.0001446,21838998.24303055
2026-08-23T00:00:00Z,ATLASUSD,0.0001304,0.0001450,0.0001304,0.0001399,47386394.56555057
2026-08-24T00:00:00Z,ATLASUSD,0.0001399,0.0001500,0.0001301,0.0001365,13929650.23949332
2026-08-25T00:00:00Z,ATLASUSD,0.0001403,0.0001500,0.0001306,0.0001329,12744431.30223351
2026-08-26T00:00:00Z,ATLASUSD,0.0001438,0.0001499,0.0001300,0.0001338,35139678.79500244
2026-08-27T00:00:00Z,ATLASUSD,0.0001331,0.0001400,0.0001301,0.0001311,18205779.16027282
2026-08-28T00:00:00Z,ATLASUSD,0.0001400,0.0001430,0.0001300,0.0001300,6809952.13268026
2026-08-29T00:00:00Z,ATLASUSD,0.0001417,0.0001417,0.0001300,0.0001397,1170074.72412759
2026-08-30T00:00:00Z,ATLASUSD,0.0001300,0.0001351,0.0001300,0.0001302,6644829.99225490
2026-08-31T00:00:00Z,ATLASUSD,0.0001310,0.0001388,0.0001306,0.0001326,3504155.57379054
2026-09-01T00:00:00Z,ATLASUSD,0.0001303,0.0001370,0.0001303,0.0001319,14248383.24705678
2026-09-02T00:00:00Z,ATLASUSD,0.0001399,0.0001399,0.0001303,0.0001303,1306354.44650573
2026-09-03T00:00:00Z,ATLASUSD,0.0001303,0.0001500,0.0001302,0.0001332,26976975.06184914
2026-09-04T00:00:00Z,ATLASUSD,0.0001397,0.0001397,0.0001303,0.0001303,1194039.79278320
2026-09-05T00:00:00Z,ATLASUSD,0.0001303,0.0001303,0.0001303,0.0001303,0.00000000
2026-09-06T00:00:00Z,ATLASUSD,0.0001627,0.0001646,0.0001398,0.0001398,1848687.51567739
2026-09-07T00:00:00Z,ATLASUSD,0.0001305,0.0001569,0.0001304,0.0001307,21628653.48756388
2026-09-08T00:00:00Z,ATLASUSD,0.0001399,0.0001400,0.0001301,0.0001301,2589520.07019947
2026-09-09T00:00:00Z,ATLASUSD,0.0001399,0.0001650,0.0001301,0.0001379,41912856.55904564
2026-09-10T00:00:00Z,ATLASUSD,0.0001492,0.0001616,0.0001235,0.0001323,74350201.93853538
2026-09-11T00:00:00Z,ATLASUSD,0.0001395,0.0001395,0.0001247,0.0001373,906140.32398939
2026-09-12T00:00:00Z,ATLASUSD,0.0001306,0.0001399,0.0001232,0.0001398,12080615.84656537
2026-09-13T00:00:00Z,ATLASUSD,0.0001258,0.0001378,0.0001258,0.0001378,788982.70853673
2026-09-14T00:00:00Z,ATLASUSD,0.0001260,0.0001396,0.0001260,0.0001261,465119.58907948
2026-09-15T00:00:00Z,ATLASUSD,0.0001260,0.0001495,0.0001260,0.0001323,30277578.75308670
2026-09-16T00:00:00Z,ATLASUSD,0.0001304,0.0001348,0.0001300,0.0001300,6262855.66154373
2026-09-17T00:00:00Z,ATLASUSD,0.0001349,0.0001349,0.0001286,0.0001312,10205167.30008989
2026-09-18T00:00:00Z,ATLASUSD,0.0001299,0.0001480,0.0001299,0.0001418,12706739.99192317
2026-09-19T00:00:00Z,ATLASUSD,0.0001391,0.0001402,0.0001340,0.0001340,4877895.65021583
2026-09-20T00:00:00Z,ATLASUSD,0.0001392,0.0001530,0.0001381,0.0001400,42280068.04795750
2026-09-21T00:00:00Z,ATLASUSD,0.0001393,0.0001496,0.0001360,0.0001425,64957614.89885323
2026-09-22T00:00:00Z,ATLASUSD,0.0001463,0.0001594,0.0001409,0.0001469,28047791.18002604
2026-09-23T00:00:00Z,ATLASUSD,0.0001578,0.0001593,0.0001422,0.0001422,34966745.80847687
2026-09-24T00:00:00Z,ATLASUSD,0.0001448,0.0001552,0.0001434,0.0001500,14573001.28196964
2026-09-25T00:00:00Z,ATLASUSD,0.0001500,0.0001596,0.0001500,0.0001542,12130544.35728233
2026-09-26T00:00:00Z,ATLASUSD,0.0001530,0.0001615,0.0001520,0.0001577,21137919.43301715
2026-09-27T00:00:00Z,ATLASUSD,0.0001580,0.0001653,0.0001539,0.0001548,14059099.94415015
2026-09-28T00:00:00Z,ATLASUSD,0.0001544,0.0001570,0.0001462,0.0001494,31343912.45641575
2026-09-29T00:00:00Z,ATLASUSD,0.0001550,0.0002000,0.0001507,0.0001701,37845609.80063845
2026-09-30T00:00:00Z,ATLASUSD,0.0001701,0.0001701,0.0001533,0.0001584,41451730.26957379
