timestamp,symbol,open,high,low,close,volume
2022-02-25T00:00:00Z,AUDIOUSD,0.8135,0.8158,0.7856,0.81,16844.89340616
2022-02-26T00:00:00Z,AUDIOUSD,0.8121,0.8296,0.7785,0.7845,51827.56500490001
2022-02-27T00:00:00Z,AUDIOUSD,0.7822,0.7947,0.72,0.7308,56743.30650631999
2022-02-28T00:00:00Z,AUDIOUSD,0.734,0.8241,0.734,0.8241,54551.422620670004
2022-03-01T00:00:00Z,AUDIOUSD,0.8292,0.8658,0.8103,0.8229,40716.634981840005
2022-03-02T00:00:00Z,AUDIOUSD,0.8207,0.8552,0.8108,0.8282,43974.37449583001
2022-03-03T00:00:00Z,AUDIOUSD,0.8252,0.8252,0.7652,0.7917,18884.290473740002
2022-03-04T00:00:00Z,AUDIOUSD,0.7634,0.7944,0.7332,0.7332,29440.554193000007
2022-03-05T00:00:00Z,AUDIOUSD,0.7435,0.7435,0.7374,0.7374,135.04806
2022-03-06T00:00:00Z,AUDIOUSD,0.7402,0.7402,0.7203,0.7203,1742.59476
2022-03-07T00:00:00Z,AUDIOUSD,0.6919,0.7212,0.684,0.7038,4034.7448525099994
2022-03-08T00:00:00Z,AUDIOUSD,0.7216,0.7331,0.7168,0.7168,1112.22671092
2022-03-09T00:00:00Z,AUDIOUSD,0.7654,0.7936,0.7615,0.7639,50630.09622925001
2022-03-10T00:00:00Z,AUDIOUSD,0.7387,0.7387,0.7103,0.7219,29921.177775979995
2022-03-11T00:00:00Z,AUDIOUSD,0.7158,0.7271,0.7075,0.7085,24765.81492705
2022-03-12T00:00:00Z,AUDIOUSD,0.7157,0.7157,0.7087,0.7087,420.0
2022-03-13T00:00:00Z,AUDIOUSD,0.716,0.7246,0.6889,0.6892,13033.825860559999
2022-03-14T00:00:00Z,AUDIOUSD,0.7027,0.703,0.6935,0.6945,1978.6991067499998
2022-03-15T00:00:00Z,AUDIOUSD,0.7024,0.7101,0.7024,0.7101,2968.7585400699995
2022-03-16T00:00:00Z,AUDIOUSD,0.7302,0.7425,0.7025,0.7417,27374.006162939993
2022-03-17T00:00:00Z,AUDIOUSD,0.7416,0.7552,0.7351,0.7351,25295.91052824
2022-03-18T00:00:00Z,AUDIOUSD,0.7309,0.7731,0.7252,0.7619,20945.349238769995
2022-03-19T00:00:00Z,AUDIOUSD,0.7706,1.2596,0.7694,1.1251,417052.91108685994
2022-03-20T00:00:00Z,AUDIOUSD,1.1364,1.1862,1.0073,1.0498,73813.43771081002
2022-03-21T00:00:00Z,AUDIOUSD,1.0548,1.1723,1.009,1.0092,284852.19323048985
2022-03-22T00:00:00Z,AUDIOUSD,1.0225,1.045,1.0067,1.0131,110459.83270494001
2022-03-23T00:00:00Z,AUDIOUSD,1.0,1.0646,0.9729,1.0258,213096.21562786002
2022-03-24T00:00:00Z,AUDIOUSD,1.0363,1.0898,1.002,1.0544,91228.52263667999
2022-03-25T00:00:00Z,AUDIOUSD,1.0493,1.0755,0.987,1.0018,145022.32925245992
2022-03-26T00:00:00Z,AUDIOUSD,1.0054,1.0408,0.991,1.0384,121344.15428814999
2022-03-27T00:00:00Z,AUDIOUSD,1.045,1.0719,1.0111,1.0595,27919.368425480003
2022-03-28T00:00:00Z,AUDIOUSD,1.0471,1.1497,1.0076,1.035,208003.86920177986
2022-03-29T00:00:00Z,AUDIOUSD,1.0504,1.2042,1.0504,1.1044,174947.25457640004
2022-03-30T00:00:00Z,AUDIOUSD,1.101,1.2829,1.0782,1.2033,414824.31928016024
2022-03-31T00:00:00Z,AUDIOUSD,1.2156,1.3176,1.1039,1.1291,582100.2200528405
2022-04-01T00:00:00Z,AUDIOUSD,1.1497,1.2185,1.0747,1.1711,310245.69613699993
2022-04-02T00:00:00Z,AUDIOUSD,1.1779,1.2513,1.1597,1.1597,284156.2935434401
2022-04-03T00:00:00Z,AUDIOUSD,1.1588,1.5698,1.1347,1.4399,288009.55019471014
2022-04-04T00:00:00Z,AUDIOUSD,1.41,1.806,1.3584,1.7294,569897.7636869099
2022-04-05T00:00:00Z,AUDIOUSD,1.7168,1.803,1.4711,1.512,230349.0459315801
2022-04-06T00:00:00Z,AUDIOUSD,1.5264,1.5804,1.2809,1.2809,119924.23575226005
2022-04-07T00:00:00Z,AUDIOUSD,1.2877,1.3059,1.2404,1.2807,66250.46345624999
2022-04-08T00:00:00Z,AUDIOUSD,1.3318,1.3318,1.1412,1.1412,46660.17892293998
2022-04-09T00:00:00Z,AUDIOUSD,1.1579,1.2249,1.1507,1.2012,21264.110531680006
2022-04-10T00:00:00Z,AUDIOUSD,1.2022,1.2045,1.1366,1.1391,17404.25182996
2022-04-11T00:00:00Z,AUDIOUSD,1.1223,1.1223,1.0,1.0207,58261.882683510004
2022-04-12T00:00:00Z,AUDIOUSD,1.0264,1.0967,1.0021,1.0288,36425.40259149
2022-04-13T00:00:00Z,AUDIOUSD,1.0405,1.1181,1.0397,1.1055,8427.84581482
2022-04-14T00:00:00Z,AUDIOUSD,1.1373,1.3118,1.1307,1.1912,89937.70930477
2022-04-15T00:00:00Z,AUDIOUSD,1.2403,1.3138,1.1797,1.2942,135375.01066749994
2022-04-16T00:00:00Z,AUDIOUSD,1.2816,1.33,1.2645,1.2986,46906.03410906003
2022-04-17T00:00:00Z,AUDIOUSD,1.3041,1.4498,1.2336,1.373,87058.70986405
2022-04-18T00:00:00Z,AUDIOUSD,1.394,1.4039,1.2643,1.3706,96598.68363056998
2022-04-19T00:00:00Z,AUDIOUSD,1.3802,1.43,1.3183,1.3251,66996.46168412
2022-04-20T00:00:00Z,AUDIOUSD,1.3275,1.3574,1.2597,1.2914,43281.25393162999
2022-04-21T00:00:00Z,AUDIOUSD,1.3062,1.3173,1.1647,1.1647,49259.92967851
2022-04-22T00:00:00Z,AUDIOUSD,1.1986,1.2362,1.1729,1.1788,16978.070998190004
2022-04-23T00:00:00Z,AUDIOUSD,1.1508,1.291,1.1508,1.2558,18095.886407339996
2022-04-24T00:00:00Z,AUDIOUSD,1.245,1.2715,1.1803,1.1972,24799.205226629998
2022-04-25T00:00:00Z,AUDIOUSD,1.149,1.153,1.0869,1.153,35866.67025559001
2022-04-26T00:00:00Z,AUDIOUSD,1.1535,1.2135,1.0333,1.0587,47019.49544120001
2022-04-27T00:00:00Z,AUDIOUSD,1.0455,1.1315,1.0447,1.1087,41022.158603589996
2022-04-28T00:00:00Z,AUDIOUSD,1.0962,1.1081,1.0588,1.0594,33266.570190080005
2022-04-29T00:00:00Z,AUDIOUSD,1.0717,1.0717,0.9601,0.9637,20438.35592294
2022-04-30T00:00:00Z,AUDIOUSD,0.9626,0.9843,0.792,0.8359,81807.36837002
2022-05-01T00:00:00Z,AUDIOUSD,0.8337,0.9409,0.8274,0.8878,55409.388202819995
2022-05-02T00:00:00Z,AUDIOUSD,0.8809,0.8946,0.8236,0.8401,49925.54690160999
2022-05-03T00:00:00Z,AUDIOUSD,0.8548,0.8801,0.8122,0.8228,27068.09305468999
2022-05-04T00:00:00Z,AUDIOUSD,0.8518,0.9266,0.8337,0.9058,27849.95515909
2022-05-05T00:00:00Z,AUDIOUSD,0.9196,0.9333,0.775,0.8052,68950.20463514
2022-05-06T00:00:00Z,AUDIOUSD,0.803,0.8133,0.7665,0.7993,34446.14845572
2022-05-07T00:00:00Z,AUDIOUSD,0.7976,0.8014,0.7529,0.7542,3173.8817954300007
2022-05-08T00:00:00Z,AUDIOUSD,0.7374,0.7716,0.7374,0.7538,16646.63303091
2022-05-09T00:00:00Z,AUDIOUSD,0.7551,0.7551,0.5882,0.5882,194467.10470229996
2022-05-10T00:00:00Z,AUDIOUSD,0.5917,0.7008,0.57,0.6082,411787.80408317025
2022-05-11T00:00:00Z,AUDIOUSD,0.6097,0.6191,0.3655,0.3998,301818.08211469016
2022-05-12T00:00:00Z,AUDIOUSD,0.3991,0.4305,0.3,0.3865,155083.37804177002
2022-05-13T00:00:00Z,AUDIOUSD,0.3723,0.4599,0.3723,0.4324,150877.56553804994
2022-05-14T00:00:00Z,AUDIOUSD,0.4234,0.4407,0.3753,0.4349,87034.82329396997
2022-05-15T00:00:00Z,AUDIOUSD,0.4369,0.5055,0.4201,0.5055,73757.81553133998
2022-05-16T00:00:00Z,AUDIOUSD,0.4799,0.4846,0.4247,0.4425,22893.713255869996
2022-05-17T00:00:00Z,AUDIOUSD,0.4612,0.4858,0.4325,0.4603,46982.62321951999
2022-05-18T00:00:00Z,AUDIOUSD,0.4763,0.4866,0.4057,0.4057,18492.702621
2022-05-19T00:00:00Z,AUDIOUSD,0.4109,0.4408,0.3973,0.4378,42984.52298419
2022-05-20T00:00:00Z,AUDIOUSD,0.4379,0.4379,0.3962,0.4111,41869.41137077
2022-05-21T00:00:00Z,AUDIOUSD,0.4115,0.4588,0.3998,0.4548,83609.84167356996
2022-05-22T00:00:00Z,AUDIOUSD,0.4556,0.4765,0.4408,0.4686,24383.155929340006
2022-05-23T00:00:00Z,AUDIOUSD,0.4731,0.5015,0.4379,0.4406,48664.85562522
2022-05-24T00:00:00Z,AUDIOUSD,0.4424,0.4599,0.4251,0.4536,14296.37520667
2022-05-25T00:00:00Z,AUDIOUSD,0.4622,0.5096,0.4622,0.4808,70457.18753007
2022-05-26T00:00:00Z,AUDIOUSD,0.4788,0.4825,0.4027,0.4087,99289.37935525001
2022-05-27T00:00:00Z,AUDIOUSD,0.4081,0.4081,0.3657,0.3786,88643.70771345004
2022-05-28T00:00:00Z,AUDIOUSD,0.3833,0.3833,0.3619,0.3723,1920.5647125100002
2022-05-29T00:00:00Z,AUDIOUSD,0.3719,0.3948,0.3561,0.3938,37243.894826059994
2022-05-30T00:00:00Z,AUDIOUSD,0.3924,0.4493,0.3924,0.4356,75770.17006936
2022-05-31T00:00:00Z,AUDIOUSD,0.4423,0.4911,0.4129,0.4685,73488.77763123998
2022-06-01T00:00:00Z,AUDIOUSD,0.4603,0.4899,0.394,0.4062,46180.55662986999
2022-06-02T00:00:00Z,AUDIOUSD,0.3998,0.4185,0.3925,0.4185,108251.0629177401
2022-06-03T00:00:00Z,AUDIOUSD,0.4166,0.4166,0.3826,0.3871,9028.981777070001
2022-06-04T00:00:00Z,AUDIOUSD,0.3887,0.4102,0.385,0.4031,15428.91551771
2022-06-05T00:00:00Z,AUDIOUSD,0.4037,0.4066,0.3896,0.3998,16896.04755383
2022-06-06T00:00:00Z,AUDIOUSD,0.4068,0.4367,0.4062,0.4126,14593.676585389998
2022-06-07T00:00:00Z,AUDIOUSD,0.3996,0.4316,0.3833,0.4296,78550.31343550998
2022-06-08T00:00:00Z,AUDIOUSD,0.4248,0.4551,0.4174,0.4372,67564.83673752999
2022-06-09T00:00:00Z,AUDIOUSD,0.427,0.4538,0.4257,0.4271,34248.920794699996
2022-06-10T00:00:00Z,AUDIOUSD,0.4265,0.4386,0.3899,0.3924,23313.034944709994
2022-06-11T00:00:00Z,AUDIOUSD,0.4085,0.4085,0.3605,0.3642,20190.738618110005
2022-06-12T00:00:00Z,AUDIOUSD,0.3545,0.3564,0.3254,0.3263,41688.85030553
2022-06-13T00:00:00Z,AUDIOUSD,0.3212,0.3213,0.273,0.2953,52604.304708020005
2022-06-14T00:00:00Z,AUDIOUSD,0.3022,0.318,0.275,0.2934,53266.729563630004
2022-06-15T00:00:00Z,AUDIOUSD,0.308,0.3397,0.2786,0.3397,24444.96175227
2022-06-16T00:00:00Z,AUDIOUSD,0.3399,0.3448,0.2961,0.2969,92413.65179309
2022-06-17T00:00:00Z,AUDIOUSD,0.2998,0.3213,0.2994,0.3048,9620.09602258
2022-06-18T00:00:00Z,AUDIOUSD,0.2985,0.3014,0.2599,0.2758,37864.50014028
2022-06-19T00:00:00Z,AUDIOUSD,0.2745,0.3066,0.2706,0.3024,38007.66596841
2022-06-20T00:00:00Z,AUDIOUSD,0.2931,0.3181,0.2924,0.312,23103.578597579995
2022-06-21T00:00:00Z,AUDIOUSD,0.3113,0.3517,0.3113,0.3231,89578.21268451001
2022-06-22T00:00:00Z,AUDIOUSD,0.3167,0.3962,0.3083,0.3398,171874.61405467996
2022-06-23T00:00:00Z,AUDIOUSD,0.3457,0.3764,0.3457,0.3754,48038.29151273
2022-06-24T00:00:00Z,AUDIOUSD,0.379,0.3907,0.3693,0.3811,41735.04560923999
2022-06-25T00:00:00Z,AUDIOUSD,0.3778,0.3969,0.366,0.384,2595.66160014
2022-06-26T00:00:00Z,AUDIOUSD,0.3883,0.4123,0.3604,0.3604,40299.136539759995
2022-06-27T00:00:00Z,AUDIOUSD,0.3669,0.4115,0.364,0.4022,102989.03574380002
2022-06-28T00:00:00Z,AUDIOUSD,0.3986,0.4114,0.365,0.365,97283.85737806
2022-06-29T00:00:00Z,AUDIOUSD,0.3713,0.3935,0.3629,0.3732,27563.270167079998
2022-06-30T00:00:00Z,AUDIOUSD,0.3708,0.3708,0.3273,0.3515,58348.06129596002
2022-07-01T00:00:00Z,AUDIOUSD,0.35,0.3597,0.3324,0.3389,23679.065637320004
2022-07-02T00:00:00Z,AUDIOUSD,0.3388,0.3426,0.3327,0.3426,10738.975249119996
2022-07-03T00:00:00Z,AUDIOUSD,0.3403,0.3449,0.3362,0.3418,14228.311309630002
2022-07-04T00:00:00Z,AUDIOUSD,0.3344,0.3466,0.3266,0.3466,47492.379891660006
2022-07-05T00:00:00Z,AUDIOUSD,0.3488,0.3488,0.3275,0.342,23910.64294223
2022-07-06T00:00:00Z,AUDIOUSD,0.3331,0.3391,0.3294,0.3391,4842.57385653
2022-07-07T00:00:00Z,AUDIOUSD,0.34,0.3755,0.3362,0.3592,20446.870644849994
2022-07-08T00:00:00Z,AUDIOUSD,0.3663,0.3663,0.3494,0.355,9548.853874810002
2022-07-09T00:00:00Z,AUDIOUSD,0.3523,0.3726,0.3523,0.3624,29383.19991153
2022-07-10T00:00:00Z,AUDIOUSD,0.3567,0.3567,0.3363,0.3408,45489.38723592001
2022-07-11T00:00:00Z,AUDIOUSD,0.3374,0.3374,0.3145,0.3168,40935.684072079996
2022-07-12T00:00:00Z,AUDIOUSD,0.3218,0.3219,0.3041,0.3041,18340.98410319
2022-07-13T00:00:00Z,AUDIOUSD,0.3054,0.3177,0.2893,0.3177,63592.34056448003
2022-07-14T00:00:00Z,AUDIOUSD,0.3195,0.3301,0.3118,0.3279,32013.12619584
2022-07-15T00:00:00Z,AUDIOUSD,0.324,0.3345,0.3238,0.3321,54479.18738517
2022-07-16T00:00:00Z,AUDIOUSD,0.3288,0.3472,0.3269,0.3472,1431.77604399
2022-07-17T00:00:00Z,AUDIOUSD,0.3458,0.3799,0.3408,0.3561,27628.82849205
2022-07-18T00:00:00Z,AUDIOUSD,0.3683,0.518,0.3683,0.3986,152210.32655384002
2022-07-19T00:00:00Z,AUDIOUSD,0.395,0.4193,0.3785,0.405,27219.314463639996
2022-07-20T00:00:00Z,AUDIOUSD,0.4042,0.4268,0.3778,0.3882,42138.35049563999
2022-07-21T00:00:00Z,AUDIOUSD,0.3866,0.3956,0.3639,0.3899,31133.671201459994
2022-07-22T00:00:00Z,AUDIOUSD,0.3921,0.4033,0.3642,0.369,25072.315973609995
2022-07-23T00:00:00Z,AUDIOUSD,0.3639,0.3776,0.3073,0.3182,212829.06308571994
2022-07-24T00:00:00Z,AUDIOUSD,0.3242,0.3546,0.3187,0.3504,97227.02777172999
2022-07-25T00:00:00Z,AUDIOUSD,0.3468,0.3488,0.3185,0.3185,107807.92222224003
2022-07-26T00:00:00Z,AUDIOUSD,0.3114,0.3173,0.3045,0.309,42887.22769456001
2022-07-27T00:00:00Z,AUDIOUSD,0.3171,0.3398,0.3132,0.3373,20809.508434499996
2022-07-28T00:00:00Z,AUDIOUSD,0.3367,0.3638,0.3311,0.3494,26741.189339259996
2022-07-29T00:00:00Z,AUDIOUSD,0.3497,0.3619,0.3379,0.3473,16206.83555218
2022-07-30T00:00:00Z,AUDIOUSD,0.3471,0.3857,0.3423,0.3433,115844.92750229004
2022-07-31T00:00:00Z,AUDIOUSD,0.3523,0.3646,0.3404,0.3474,94276.41151504997
2022-08-01T00:00:00Z,AUDIOUSD,0.3446,0.3673,0.3426,0.3611,51726.8337867
2022-08-02T00:00:00Z,AUDIOUSD,0.3554,0.3556,0.3344,0.34,56592.17256228999
2022-08-03T00:00:00Z,AUDIOUSD,0.34,0.3545,0.34,0.3438,53046.07871939001
2022-08-04T00:00:00Z,AUDIOUSD,0.3516,0.3534,0.3441,0.3467,8213.426029549999
2022-08-05T00:00:00Z,AUDIOUSD,0.3481,0.3694,0.348,0.3678,60901.364582840026
2022-08-06T00:00:00Z,AUDIOUSD,0.37,0.3739,0.3637,0.367,32580.032920769998
2022-08-07T00:00:00Z,AUDIOUSD,0.3618,0.3768,0.3585,0.3768,2004.05402142
2022-08-08T00:00:00Z,AUDIOUSD,0.3749,0.3903,0.3749,0.379,20688.180625900004
2022-08-09T00:00:00Z,AUDIOUSD,0.3841,0.3841,0.354,0.362,7552.720311040001
2022-08-10T00:00:00Z,AUDIOUSD,0.3585,0.38,0.3522,0.3733,36840.17068328
2022-08-11T00:00:00Z,AUDIOUSD,0.3837,0.5,0.3837,0.3964,155900.69157547
2022-08-12T00:00:00Z,AUDIOUSD,0.3947,0.4085,0.3928,0.406,71027.53992069999
2022-08-13T00:00:00Z,AUDIOUSD,0.407,0.407,0.3976,0.3982,93113.14059496003
2022-08-14T00:00:00Z,AUDIOUSD,0.4009,0.4072,0.3758,0.3783,45886.90856512
2022-08-15T00:00:00Z,AUDIOUSD,0.3851,0.3878,0.363,0.363,7650.145754629999
2022-08-16T00:00:00Z,AUDIOUSD,0.3739,0.3739,0.3658,0.3712,37045.36692412
2022-08-17T00:00:00Z,AUDIOUSD,0.3691,0.3807,0.3427,0.3427,241390.01742650234
2022-08-18T00:00:00Z,AUDIOUSD,0.3343,0.3343,0.3203,0.3288,2940.26465302
2022-08-19T00:00:00Z,AUDIOUSD,0.3176,0.3233,0.3016,0.3079,17601.969428069995
2022-08-20T00:00:00Z,AUDIOUSD,0.3044,0.3184,0.29,0.2932,30678.885513279998
2022-08-21T00:00:00Z,AUDIOUSD,0.3017,0.317,0.3017,0.3045,22572.739243310003
2022-08-22T00:00:00Z,AUDIOUSD,0.3058,0.3059,0.2902,0.3041,13802.6946432
2022-08-23T00:00:00Z,AUDIOUSD,0.2958,0.319,0.2958,0.3157,72475.13332089996
2022-08-24T00:00:00Z,AUDIOUSD,0.315,0.3289,0.3049,0.32,13617.875062170002
2022-08-25T00:00:00Z,AUDIOUSD,0.3254,0.3287,0.3218,0.325,671.6588074699999
2022-08-26T00:00:00Z,AUDIOUSD,0.3174,0.3202,0.2797,0.2812,5386.30247555
2022-08-27T00:00:00Z,AUDIOUSD,0.2801,0.2914,0.2801,0.2914,3121.2394572099997
2022-08-28T00:00:00Z,AUDIOUSD,0.2854,0.2978,0.2832,0.2978,879.4433966900001
2022-08-29T00:00:00Z,AUDIOUSD,0.2783,0.296,0.2783,0.296,29961.282143370012
2022-08-30T00:00:00Z,AUDIOUSD,0.3,0.3027,0.2801,0.2862,15075.142494220003
2022-08-31T00:00:00Z,AUDIOUSD,0.2885,0.2921,0.2806,0.2828,8959.025851649998
2022-09-01T00:00:00Z,AUDIOUSD,0.2758,0.2832,0.2758,0.2811,58861.835533690006
2022-09-02T00:00:00Z,AUDIOUSD,0.2806,0.2887,0.2796,0.2796,32695.26320163
2022-09-03T00:00:00Z,AUDIOUSD,0.2796,0.2852,0.2796,0.2845,37839.845829819984
2022-09-04T00:00:00Z,AUDIOUSD,0.2892,0.2925,0.2844,0.2925,4814.53188443
2022-09-05T00:00:00Z,AUDIOUSD,0.2932,0.2936,0.2808,0.283,94003.36739339998
2022-09-06T00:00:00Z,AUDIOUSD,0.2851,0.288,0.2583,0.2601,58749.30734092001
2022-09-07T00:00:00Z,AUDIOUSD,0.2562,0.2863,0.2558,0.2861,80292.00212286005
2022-09-08T00:00:00Z,AUDIOUSD,0.284,0.2858,0.2726,0.2767,3687.0142946700003
2022-09-09T00:00:00Z,AUDIOUSD,0.2871,0.2974,0.2871,0.2899,9563.342561850002
2022-09-10T00:00:00Z,AUDIOUSD,0.2911,0.2972,0.284,0.2889,34762.80804575999
2022-09-11T00:00:00Z,AUDIOUSD,0.2914,0.2914,0.2795,0.2821,44959.793021120015
2022-09-12T00:00:00Z,AUDIOUSD,0.2843,0.3139,0.2813,0.2927,30539.72147419
2022-09-13T00:00:00Z,AUDIOUSD,0.289,0.289,0.2561,0.2561,68352.94633824003
2022-09-14T00:00:00Z,AUDIOUSD,0.2687,0.27,0.2459,0.27,6511.6188725500015
2022-09-15T00:00:00Z,AUDIOUSD,0.2512,0.281,0.2428,0.2482,4124.2263619
2022-09-16T00:00:00Z,AUDIOUSD,0.252,0.2949,0.2423,0.2949,2602.0777363900006
2022-09-17T00:00:00Z,AUDIOUSD,0.2708,0.2708,0.2492,0.253,336.4907891299999
2022-09-18T00:00:00Z,AUDIOUSD,0.2481,0.2516,0.2205,0.2268,39195.55492195001
2022-09-19T00:00:00Z,AUDIOUSD,0.2232,0.2591,0.215,0.2286,11226.860595170001
2022-09-20T00:00:00Z,AUDIOUSD,0.2268,0.2348,0.2192,0.2211,3811.31120746
2022-09-21T00:00:00Z,AUDIOUSD,0.2216,0.2274,0.2136,0.2155,38466.52345351001
2022-09-22T00:00:00Z,AUDIOUSD,0.2161,0.2266,0.2161,0.2262,3237.4325526799994
2022-09-23T00:00:00Z,AUDIOUSD,0.2281,0.2302,0.2139,0.2202,17646.404571270006
2022-09-24T00:00:00Z,AUDIOUSD,0.2207,0.225,0.2162,0.2162,16743.84232082
2022-09-25T00:00:00Z,AUDIOUSD,0.218,0.221,0.2125,0.2125,23006.254382790004
2022-09-26T00:00:00Z,AUDIOUSD,0.2108,0.2174,0.2089,0.216,6136.2480507
2022-09-27T00:00:00Z,AUDIOUSD,0.2214,0.2278,0.2095,0.2134,18881.903262869997
2022-09-28T00:00:00Z,AUDIOUSD,0.2125,0.2165,0.2091,0.2151,42264.08060965
2022-09-29T00:00:00Z,AUDIOUSD,0.2144,0.2154,0.2093,0.2107,10198.24196063
2022-09-30T00:00:00Z,AUDIOUSD,0.2128,0.2241,0.2121,0.2121,47206.18458388999
2022-10-01T00:00:00Z,AUDIOUSD,0.216,0.2168,0.2135,0.2135,15404.77187072
2022-10-02T00:00:00Z,AUDIOUSD,0.2138,0.2155,0.2097,0.211,17966.94748362
2022-10-03T00:00:00Z,AUDIOUSD,0.2043,0.2179,0.2043,0.2145,4675.8200419700015
2022-10-04T00:00:00Z,AUDIOUSD,0.2156,0.2248,0.2156,0.2209,33462.212267129995
2022-10-05T00:00:00Z,AUDIOUSD,0.2194,0.2194,0.212,0.2141,4792.387091070001
2022-10-06T00:00:00Z,AUDIOUSD,0.2166,0.2181,0.2083,0.2083,23168.619745400003
2022-10-07T00:00:00Z,AUDIOUSD,0.2089,0.2111,0.2055,0.207,7882.008992790002
2022-10-08T00:00:00Z,AUDIOUSD,0.2061,0.2069,0.2061,0.2067,6534.984609050001
2022-10-09T00:00:00Z,AUDIOUSD,0.2014,0.2032,0.1987,0.2011,26013.957953250007
2022-10-10T00:00:00Z,AUDIOUSD,0.1964,0.1964,0.1866,0.1866,72509.26003442999
2022-10-11T00:00:00Z,AUDIOUSD,0.1816,0.1932,0.18,0.1851,71679.41835814995
2022-10-12T00:00:00Z,AUDIOUSD,0.1879,0.1884,0.1859,0.1878,8058.24753726
2022-10-13T00:00:00Z,AUDIOUSD,0.1873,0.1877,0.168,0.1877,6114.73787225
2022-10-14T00:00:00Z,AUDIOUSD,0.1904,0.1904,0.1792,0.181,15377.208280859999
2022-10-15T00:00:00Z,AUDIOUSD,0.181,0.1888,0.1808,0.1876,1819.4247168
2022-10-16T00:00:00Z,AUDIOUSD,0.1886,0.1908,0.1886,0.1908,2641.68540423
2022-10-17T00:00:00Z,AUDIOUSD,0.1916,0.1951,0.1916,0.1932,24672.328585699997
2022-10-18T00:00:00Z,AUDIOUSD,0.1938,0.235,0.1868,0.1874,134249.10500193996
2022-10-19T00:00:00Z,AUDIOUSD,0.1872,0.1872,0.18,0.18,14101.274709619998
2022-10-20T00:00:00Z,AUDIOUSD,0.1831,0.1852,0.1788,0.1801,10450.854709360001
2022-10-21T00:00:00Z,AUDIOUSD,0.1782,0.1785,0.1736,0.1785,45946.071297829985
2022-10-22T00:00:00Z,AUDIOUSD,0.1801,0.1836,0.1798,0.1798,586.0870937599999
2022-10-23T00:00:00Z,AUDIOUSD,0.1813,0.1817,0.1767,0.1817,31523.55766368
2022-10-24T00:00:00Z,AUDIOUSD,0.1842,0.1842,0.1796,0.1812,10768.771436779998
2022-10-25T00:00:00Z,AUDIOUSD,0.1832,0.1935,0.1829,0.1913,12232.33773895
2022-10-26T00:00:00Z,AUDIOUSD,0.1931,0.194,0.1891,0.1925,22680.657635160005
2022-10-27T00:00:00Z,AUDIOUSD,0.1961,0.1998,0.1885,0.1885,39385.28180247999
2022-10-28T00:00:00Z,AUDIOUSD,0.1885,0.2025,0.1885,0.1962,41092.638747900004
2022-10-29T00:00:00Z,AUDIOUSD,0.1968,0.2173,0.1968,0.2028,44203.99733686998
2022-10-30T00:00:00Z,AUDIOUSD,0.2083,0.21,0.1976,0.1976,19863.41573657
2022-10-31T00:00:00Z,AUDIOUSD,0.1936,0.199,0.1936,0.1989,23763.718586919997
2022-11-01T00:00:00Z,AUDIOUSD,0.2021,0.2186,0.2011,0.2164,42790.512594009975
2022-11-02T00:00:00Z,AUDIOUSD,0.2129,0.2179,0.1976,0.208,153955.00640303
2022-11-03T00:00:00Z,AUDIOUSD,0.2088,0.2307,0.2088,0.217,107322.81744914
2022-11-04T00:00:00Z,AUDIOUSD,0.2193,0.2464,0.2193,0.2338,124851.05638862994
2022-11-05T00:00:00Z,AUDIOUSD,0.2309,0.3369,0.229,0.2509,131310.00618999996
2022-11-06T00:00:00Z,AUDIOUSD,0.2612,0.2701,0.2216,0.2216,37826.4619312
2022-11-07T00:00:00Z,AUDIOUSD,0.2231,0.2279,0.2034,0.2162,43548.292887849995
2022-11-08T00:00:00Z,AUDIOUSD,0.2161,0.2307,0.162,0.2307,32836.243637759995
2022-11-09T00:00:00Z,AUDIOUSD,0.1807,0.2308,0.15,0.15,80385.55618043001
2022-11-10T00:00:00Z,AUDIOUSD,0.1665,0.2243,0.1618,0.175,129166.17923292996
2022-11-11T00:00:00Z,AUDIOUSD,0.2074,0.2351,0.157,0.157,13039.85251852
2022-11-12T00:00:00Z,AUDIOUSD,0.157,0.157,0.1524,0.1524,3752.99040637
2022-11-13T00:00:00Z,AUDIOUSD,0.1524,0.1524,0.15,0.1501,13448.97878951
2022-11-14T00:00:00Z,AUDIOUSD,0.1435,0.1791,0.1407,0.1676,35854.036166670005
2022-11-15T00:00:00Z,AUDIOUSD,0.1805,0.1821,0.152,0.1599,14285.676298319999
2022-11-16T00:00:00Z,AUDIOUSD,0.1623,0.1641,0.141,0.1559,8587.327674700002
2022-11-17T00:00:00Z,AUDIOUSD,0.1491,0.1619,0.1409,0.1565,30573.949557390002
2022-11-18T00:00:00Z,AUDIOUSD,0.1515,0.1619,0.1457,0.1602,831.00393311
2022-11-19T00:00:00Z,AUDIOUSD,0.1464,0.1464,0.1463,0.1463,212.06732158
2022-11-20T00:00:00Z,AUDIOUSD,0.15,0.1796,0.141,0.141,49896.58977372
2022-11-21T00:00:00Z,AUDIOUSD,0.14,0.1547,0.1307,0.1489,25257.398083879994
2022-11-22T00:00:00Z,AUDIOUSD,0.1441,0.1538,0.14,0.1493,76591.53085496998
2022-11-23T00:00:00Z,AUDIOUSD,0.1499,0.1598,0.1435,0.1567,93413.07876912998
2022-11-24T00:00:00Z,AUDIOUSD,0.1572,0.1741,0.1535,0.1566,23507.956895970005
2022-11-25T00:00:00Z,AUDIOUSD,0.1538,0.1538,0.1503,0.1525,27552.227597139994
2022-11-26T00:00:00Z,AUDIOUSD,0.1535,0.1579,0.1527,0.1536,28509.26798561
2022-11-27T00:00:00Z,AUDIOUSD,0.1538,0.1616,0.1538,0.1584,19846.991162009996
2022-11-28T00:00:00Z,AUDIOUSD,0.1525,0.1574,0.1468,0.1497,53614.301978419986
2022-11-29T00:00:00Z,AUDIOUSD,0.149,0.1632,0.1487,0.1624,63109.72594496
2022-11-30T00:00:00Z,AUDIOUSD,0.1525,0.1668,0.1525,0.1668,27359.542101689993
2022-12-01T00:00:00Z,AUDIOUSD,0.1611,0.1634,0.1568,0.1634,63086.35902031
2022-12-02T00:00:00Z,AUDIOUSD,0.1596,0.1645,0.1587,0.1645,1388.5704152100002
2022-12-03T00:00:00Z,AUDIOUSD,0.163,0.1659,0.1585,0.1585,1205.43944257
2022-12-04T00:00:00Z,AUDIOUSD,0.1621,0.17,0.1611,0.17,3249.7452703
2022-12-05T00:00:00Z,AUDIOUSD,0.1658,0.1781,0.1589,0.1589,16634.876697680003
2022-12-06T00:00:00Z,AUDIOUSD,0.1598,0.1665,0.1598,0.1599,4013.3223757799997
2022-12-07T00:00:00Z,AUDIOUSD,0.1561,0.1574,0.125,0.1516,106479.05862340005
2022-12-08T00:00:00Z,AUDIOUSD,0.1528,0.157,0.1504,0.155,30468.025217230002
2022-12-09T00:00:00Z,AUDIOUSD,0.1553,0.1641,0.1529,0.1534,8708.24238535
2022-12-10T00:00:00Z,AUDIOUSD,0.155,0.1551,0.1543,0.1543,18298.62553735
2022-12-11T00:00:00Z,AUDIOUSD,0.1544,0.1544,0.1506,0.1506,18550.60370036
2022-12-12T00:00:00Z,AUDIOUSD,0.1483,0.1516,0.1445,0.1488,135121.37014132
2022-12-13T00:00:00Z,AUDIOUSD,0.1487,0.162,0.1474,0.1536,17438.412673199997
2022-12-14T00:00:00Z,AUDIOUSD,0.154,0.1554,0.1514,0.1519,22462.84115938
2022-12-15T00:00:00Z,AUDIOUSD,0.1515,0.1515,0.1451,0.1451,29827.1074326
2022-12-16T00:00:00Z,AUDIOUSD,0.141,0.1427,0.1226,0.1226,25064.619655209997
2022-12-17T00:00:00Z,AUDIOUSD,0.1296,0.1315,0.1291,0.1315,17327.2647212
2022-12-18T00:00:00Z,AUDIOUSD,0.1322,0.1322,0.1281,0.1313,31991.340143000005
2022-12-19T00:00:00Z,AUDIOUSD,0.1291,0.1324,0.1238,0.1238,47064.74237367001
2022-12-20T00:00:00Z,AUDIOUSD,0.1252,0.1295,0.1252,0.1295,8166.00385262
2022-12-21T00:00:00Z,AUDIOUSD,0.1298,0.1298,0.1267,0.1279,52816.17236085999
2022-12-22T00:00:00Z,AUDIOUSD,0.1295,0.1297,0.1274,0.1274,6847.048056459999
2022-12-23T00:00:00Z,AUDIOUSD,0.1303,0.131,0.1298,0.1304,42985.52793104
2022-12-24T00:00:00Z,AUDIOUSD,0.1311,0.1314,0.1311,0.1311,4074.85996362
2022-12-25T00:00:00Z,AUDIOUSD,0.131,0.131,0.1284,0.13,1462.35941633
2022-12-26T00:00:00Z,AUDIOUSD,0.1296,0.1379,0.1288,0.1379,14404.42776077
2022-12-27T00:00:00Z,AUDIOUSD,0.1307,0.1313,0.1293,0.1309,13687.57884023
2022-12-28T00:00:00Z,AUDIOUSD,0.1296,0.1335,0.1275,0.1306,39090.933159989996
2022-12-29T00:00:00Z,AUDIOUSD,0.1285,0.132,0.1267,0.1267,19595.053919130005
2022-12-30T00:00:00Z,AUDIOUSD,0.1285,0.1285,0.1252,0.1262,26859.57836651
2022-12-31T00:00:00Z,AUDIOUSD,0.1259,0.1332,0.1248,0.1272,31217.4051571
2023-01-01T00:00:00Z,AUDIOUSD,0.1267,0.1368,0.1267,0.1316,31441.17500972
2023-01-02T00:00:00Z,AUDIOUSD,0.1315,0.1366,0.1315,0.1355,67058.34046582002
2023-01-03T00:00:00Z,AUDIOUSD,0.1343,0.1439,0.1321,0.1334,16834.84649069
2023-01-04T00:00:00Z,AUDIOUSD,0.1343,0.1395,0.1335,0.1359,56372.350435140004
2023-01-05T00:00:00Z,AUDIOUSD,0.1366,0.1372,0.1352,0.1352,13236.92161542
2023-01-06T00:00:00Z,AUDIOUSD,0.1351,0.1519,0.1337,0.1426,33436.50578032
2023-01-07T00:00:00Z,AUDIOUSD,0.1411,0.1474,0.1385,0.1474,24986.176522509995
2023-01-08T00:00:00Z,AUDIOUSD,0.1414,0.152,0.1414,0.1507,26299.55224162
2023-01-09T00:00:00Z,AUDIOUSD,0.1511,0.163,0.1502,0.1558,140553.13144665002
2023-01-10T00:00:00Z,AUDIOUSD,0.1579,0.1663,0.1551,0.1586,46537.176573460005
2023-01-11T00:00:00Z,AUDIOUSD,0.1591,0.162,0.1536,0.162,49465.904786629995
2023-01-12T00:00:00Z,AUDIOUSD,0.1628,0.1713,0.159,0.167,57799.114254730004
2023-01-13T00:00:00Z,AUDIOUSD,0.1669,0.1753,0.1669,0.1737,19522.533050489998
2023-01-14T00:00:00Z,AUDIOUSD,0.1756,0.1964,0.1744,0.1852,113659.78479202007
2023-01-15T00:00:00Z,AUDIOUSD,0.1872,0.1934,0.1773,0.1903,79326.78384226999
2023-01-16T00:00:00Z,AUDIOUSD,0.1929,0.1958,0.1839,0.1864,39318.48704842
2023-01-17T00:00:00Z,AUDIOUSD,0.185,0.1893,0.1826,0.1826,38173.06778736
2023-01-18T00:00:00Z,AUDIOUSD,0.1842,0.1856,0.1673,0.1673,51505.75476683001
2023-01-19T00:00:00Z,AUDIOUSD,0.1673,0.1737,0.166,0.1699,16178.703538389997
2023-01-20T00:00:00Z,AUDIOUSD,0.1712,0.202,0.1688,0.1911,41127.16456338
2023-01-21T00:00:00Z,AUDIOUSD,0.1917,0.2034,0.186,0.186,46185.60231374999
2023-01-22T00:00:00Z,AUDIOUSD,0.1919,0.1975,0.1859,0.1901,49501.1631757
2023-01-23T00:00:00Z,AUDIOUSD,0.1925,0.2229,0.1924,0.2063,314342.24333329004
2023-01-24T00:00:00Z,AUDIOUSD,0.2036,0.372,0.2036,0.2824,629603.4940544209
2023-01-25T00:00:00Z,AUDIOUSD,0.2836,0.3059,0.2542,0.2841,678479.1622475795
2023-01-26T00:00:00Z,AUDIOUSD,0.2864,0.3511,0.2824,0.3151,344481.4434123296
2023-01-27T00:00:00Z,AUDIOUSD,0.3199,0.3243,0.294,0.3016,148309.45199035987
2023-01-28T00:00:00Z,AUDIOUSD,0.3067,0.3409,0.2796,0.3003,232208.39772189
2023-01-29T00:00:00Z,AUDIOUSD,0.3004,0.3059,0.2937,0.3059,119677.58199622005
2023-01-30T00:00:00Z,AUDIOUSD,0.3047,0.3489,0.2576,0.267,228483.91894364994
2023-01-31T00:00:00Z,AUDIOUSD,0.2678,0.2955,0.2668,0.2744,69616.39896272999
2023-02-01T00:00:00Z,AUDIOUSD,0.2814,0.3116,0.2598,0.2884,153903.91518111998
2023-02-02T00:00:00Z,AUDIOUSD,0.2934,0.3021,0.2817,0.2835,156933.34776583
2023-02-03T00:00:00Z,AUDIOUSD,0.2869,0.2901,0.2778,0.2878,200127.0919308299
2023-02-04T00:00:00Z,AUDIOUSD,0.2921,0.2921,0.281,0.281,17542.365405610002
2023-02-05T00:00:00Z,AUDIOUSD,0.28,0.28,0.1963,0.2659,49393.45979837999
2023-02-06T00:00:00Z,AUDIOUSD,0.2672,0.3467,0.2589,0.2979,330788.7573553798
2023-02-07T00:00:00Z,AUDIOUSD,0.2948,0.3128,0.2889,0.308,209270.64065840002
2023-02-08T00:00:00Z,AUDIOUSD,0.3093,0.3483,0.2293,0.2911,204918.5732814799
2023-02-09T00:00:00Z,AUDIOUSD,0.2934,0.2937,0.2518,0.2546,113273.41944474
2023-02-10T00:00:00Z,AUDIOUSD,0.2621,0.2621,0.2497,0.2544,69592.21787048002
2023-02-11T00:00:00Z,AUDIOUSD,0.2552,0.3024,0.2552,0.2769,76997.72222476001
2023-02-12T00:00:00Z,AUDIOUSD,0.2747,0.2808,0.2633,0.2665,26050.775064529993
2023-02-13T00:00:00Z,AUDIOUSD,0.272,0.272,0.2496,0.2551,31998.515509890007
2023-02-14T00:00:00Z,AUDIOUSD,0.2597,0.36,0.2569,0.2799,203336.27898889015
2023-02-15T00:00:00Z,AUDIOUSD,0.2792,0.2957,0.2759,0.2955,36179.92102518999
2023-02-16T00:00:00Z,AUDIOUSD,0.2964,0.36,0.2426,0.2958,445567.55420768977
2023-02-17T00:00:00Z,AUDIOUSD,0.297,0.4639,0.297,0.3344,520807.9019037595
2023-02-18T00:00:00Z,AUDIOUSD,0.3305,0.38,0.3305,0.3428,352638.51075165975
2023-02-19T00:00:00Z,AUDIOUSD,0.3429,0.3533,0.2746,0.329,297994.0361539303
2023-02-20T00:00:00Z,AUDIOUSD,0.328,0.3576,0.3157,0.3392,182186.6720099601
2023-02-21T00:00:00Z,AUDIOUSD,0.3358,0.3385,0.3116,0.3146,140015.37625169
2023-02-22T00:00:00Z,AUDIOUSD,0.3189,0.3189,0.2983,0.3071,71115.90919689003
2023-02-23T00:00:00Z,AUDIOUSD,0.3131,0.399,0.3021,0.3657,374705.9169052098
2023-02-24T00:00:00Z,AUDIOUSD,0.3655,0.3996,0.3397,0.3423,292717.6635564097
2023-02-25T00:00:00Z,AUDIOUSD,0.3512,0.3657,0.3277,0.3503,471966.82200700016
2023-02-26T00:00:00Z,AUDIOUSD,0.3448,0.3531,0.333,0.3458,433962.61675424996
2023-02-27T00:00:00Z,AUDIOUSD,0.3458,0.354,0.3289,0.3327,103606.72673983002
2023-02-28T00:00:00Z,AUDIOUSD,0.3303,0.3323,0.2967,0.3087,39108.60179242999
2023-03-01T00:00:00Z,AUDIOUSD,0.3064,0.3341,0.3064,0.3148,31180.827236449997
2023-03-02T00:00:00Z,AUDIOUSD,0.3173,0.3174,0.2957,0.3021,56808.29948125997
2023-03-03T00:00:00Z,AUDIOUSD,0.2994,0.2994,0.266,0.2779,344794.91291339986
2023-03-04T00:00:00Z,AUDIOUSD,0.2809,0.2862,0.2587,0.2687,19163.122924590003
2023-03-05T00:00:00Z,AUDIOUSD,0.2712,0.2838,0.2684,0.2684,3197.32180685
2023-03-06T00:00:00Z,AUDIOUSD,0.2673,0.271,0.2659,0.2694,4930.95994972
2023-03-07T00:00:00Z,AUDIOUSD,0.272,0.2739,0.2539,0.2621,11954.752523799996
2023-03-08T00:00:00Z,AUDIOUSD,0.2609,0.2611,0.2383,0.2413,45586.14705223001
2023-03-09T00:00:00Z,AUDIOUSD,0.2425,0.248,0.2174,0.2182,49765.173160070015
2023-03-10T00:00:00Z,AUDIOUSD,0.2211,0.2258,0.2065,0.2251,42394.76864126999
2023-03-11T00:00:00Z,AUDIOUSD,0.2246,0.225,0.2106,0.2233,35235.28959025001
2023-03-12T00:00:00Z,AUDIOUSD,0.2277,0.2622,0.2273,0.2341,22897.22449833
2023-03-13T00:00:00Z,AUDIOUSD,0.2459,0.2622,0.2395,0.2601,81707.38615178001
2023-03-14T00:00:00Z,AUDIOUSD,0.2568,0.2812,0.2517,0.2717,32487.642055279986
2023-03-15T00:00:00Z,AUDIOUSD,0.2756,0.2756,0.2388,0.2431,30408.42160841999
2023-03-16T00:00:00Z,AUDIOUSD,0.247,0.2485,0.2385,0.2485,22097.220476150003
2023-03-17T00:00:00Z,AUDIOUSD,0.2477,0.2842,0.2444,0.2792,68403.62259522
2023-03-18T00:00:00Z,AUDIOUSD,0.277,0.3195,0.2708,0.2722,68451.38060332
2023-03-19T00:00:00Z,AUDIOUSD,0.2815,0.365,0.2796,0.297,102307.83141721002
2023-03-20T00:00:00Z,AUDIOUSD,0.2957,0.3081,0.28,0.28,11191.402111570002
2023-03-21T00:00:00Z,AUDIOUSD,0.2849,0.2945,0.2788,0.2849,49288.98347133
2023-03-22T00:00:00Z,AUDIOUSD,0.287,0.2909,0.266,0.276,38167.19810080999
2023-03-23T00:00:00Z,AUDIOUSD,0.2815,0.29,0.2753,0.2818,20011.074724399994
2023-03-24T00:00:00Z,AUDIOUSD,0.2823,0.2829,0.266,0.2669,12482.139345249998
2023-03-25T00:00:00Z,AUDIOUSD,0.268,0.2716,0.268,0.2716,5278.60745624
2023-03-26T00:00:00Z,AUDIOUSD,0.27,0.2727,0.27,0.2711,1802.6777428300002
2023-03-27T00:00:00Z,AUDIOUSD,0.2729,0.2729,0.252,0.2646,22825.19382468
2023-03-28T00:00:00Z,AUDIOUSD,0.2667,0.2999,0.2612,0.2876,62341.86700189999
2023-03-29T00:00:00Z,AUDIOUSD,0.2892,0.2924,0.2858,0.2878,13564.38350934
2023-03-30T00:00:00Z,AUDIOUSD,0.2842,0.2922,0.2747,0.2757,9268.073115840001
2023-03-31T00:00:00Z,AUDIOUSD,0.2779,0.2839,0.2779,0.2832,118863.01024257
2023-04-01T00:00:00Z,AUDIOUSD,0.2843,0.29,0.2807,0.2823,4567.021491910001
2023-04-02T00:00:00Z,AUDIOUSD,0.2805,0.2807,0.2708,0.2744,2729.45030392
2023-04-03T00:00:00Z,AUDIOUSD,0.2745,0.2785,0.266,0.2731,3962.01923928
2023-04-04T00:00:00Z,AUDIOUSD,0.2765,0.2815,0.2753,0.2791,29602.150078599996
2023-04-05T00:00:00Z,AUDIOUSD,0.2802,0.287,0.2773,0.2811,11899.473410940001
2023-04-06T00:00:00Z,AUDIOUSD,0.2858,0.3362,0.2773,0.3154,138010.13884447984
2023-04-07T00:00:00Z,AUDIOUSD,0.312,0.3231,0.2951,0.3019,57394.74236531996
2023-04-08T00:00:00Z,AUDIOUSD,0.299,0.3102,0.2901,0.2901,10245.718981179998
2023-04-09T00:00:00Z,AUDIOUSD,0.2917,0.3036,0.2879,0.3004,9328.62272049
2023-04-10T00:00:00Z,AUDIOUSD,0.3036,0.3105,0.299,0.3104,7190.285196800002
2023-04-11T00:00:00Z,AUDIOUSD,0.3092,0.3252,0.3012,0.32,37745.40356698
2023-04-12T00:00:00Z,AUDIOUSD,0.3224,0.3229,0.3063,0.3137,18973.01579778999
2023-04-13T00:00:00Z,AUDIOUSD,0.3126,0.3228,0.3126,0.3156,7515.42146402
2023-04-14T00:00:00Z,AUDIOUSD,0.3197,0.336,0.3116,0.332,44828.728324929994
2023-04-15T00:00:00Z,AUDIOUSD,0.328,0.365,0.3271,0.3347,163874.61140545
2023-04-16T00:00:00Z,AUDIOUSD,0.332,0.3472,0.3292,0.3472,22678.904471779995
2023-04-17T00:00:00Z,AUDIOUSD,0.3479,0.4987,0.3479,0.3775,548482.8275610192
2023-04-18T00:00:00Z,AUDIOUSD,0.3745,0.3779,0.3656,0.3703,21957.591255679992
2023-04-19T00:00:00Z,AUDIOUSD,0.3671,0.3677,0.3128,0.3309,28533.04430846
2023-04-20T00:00:00Z,AUDIOUSD,0.3339,0.3339,0.3057,0.3152,11302.058473530005
2023-04-21T00:00:00Z,AUDIOUSD,0.3148,0.3176,0.2898,0.2935,31801.598557
2023-04-22T00:00:00Z,AUDIOUSD,0.2915,0.3147,0.2894,0.3097,15541.776224910001
2023-04-23T00:00:00Z,AUDIOUSD,0.3072,0.3165,0.293,0.3039,23938.8779982
2023-04-24T00:00:00Z,AUDIOUSD,0.2974,0.3172,0.29,0.3148,40910.26294848999
2023-04-25T00:00:00Z,AUDIOUSD,0.3124,0.3144,0.2973,0.3144,23200.085442030006
2023-04-26T00:00:00Z,AUDIOUSD,0.3154,0.3194,0.2858,0.3008,16809.402286369997
2023-04-27T00:00:00Z,AUDIOUSD,0.3021,0.3114,0.2999,0.3051,15347.57009179
2023-04-28T00:00:00Z,AUDIOUSD,0.3054,0.3054,0.2962,0.2963,7667.96972569
2023-04-29T00:00:00Z,AUDIOUSD,0.2988,0.3025,0.2988,0.3002,9052.674455109998
2023-04-30T00:00:00Z,AUDIOUSD,0.2973,0.299,0.2898,0.2936,13684.082371119997
2023-05-01T00:00:00Z,AUDIOUSD,0.2924,0.2924,0.2807,0.2807,8984.954682590003
2023-05-02T00:00:00Z,AUDIOUSD,0.2821,0.2866,0.2821,0.2839,3625.3399542599996
2023-05-03T00:00:00Z,AUDIOUSD,0.2825,0.292,0.2713,0.292,14111.742059690001
2023-05-04T00:00:00Z,AUDIOUSD,0.2867,0.2867,0.2757,0.2766,5715.751782669999
2023-05-05T00:00:00Z,AUDIOUSD,0.2815,0.2875,0.2771,0.2854,2800.8218964
2023-05-06T00:00:00Z,AUDIOUSD,0.2815,0.2815,0.27,0.2708,3077.2213450699996
2023-05-07T00:00:00Z,AUDIOUSD,0.2671,0.2715,0.2646,0.2652,12952.252572039999
2023-05-08T00:00:00Z,AUDIOUSD,0.2644,0.2644,0.2339,0.2363,61309.960107129984
2023-05-09T00:00:00Z,AUDIOUSD,0.2392,0.2404,0.2368,0.2381,8397.610606029999
2023-05-10T00:00:00Z,AUDIOUSD,0.2382,0.248,0.2323,0.248,24167.89712887
2023-05-11T00:00:00Z,AUDIOUSD,0.2446,0.2446,0.2232,0.2304,10305.00223524
2023-05-12T00:00:00Z,AUDIOUSD,0.2241,0.2326,0.223,0.2326,9716.58862457
2023-05-13T00:00:00Z,AUDIOUSD,0.2345,0.2345,0.2294,0.2294,2925.3061729799997
2023-05-14T00:00:00Z,AUDIOUSD,0.2283,0.237,0.2283,0.2357,2414.7232986
2023-05-15T00:00:00Z,AUDIOUSD,0.2326,0.2458,0.2326,0.242,27784.3780512
2023-05-16T00:00:00Z,AUDIOUSD,0.239,0.2468,0.239,0.2468,11429.20546442
2023-05-17T00:00:00Z,AUDIOUSD,0.249,0.2584,0.2459,0.2559,42256.02621018001
2023-05-18T00:00:00Z,AUDIOUSD,0.2505,0.2505,0.2459,0.2505,2911.22759177
2023-05-19T00:00:00Z,AUDIOUSD,0.2502,0.2505,0.2459,0.2478,3265.8112135900005
2023-05-20T00:00:00Z,AUDIOUSD,0.2459,0.2459,0.243,0.2444,968.32537979
2023-05-21T00:00:00Z,AUDIOUSD,0.2465,0.2465,0.2377,0.2389,4213.87385579
2023-05-22T00:00:00Z,AUDIOUSD,0.237,0.2454,0.237,0.2454,10204.5412538
2023-05-23T00:00:00Z,AUDIOUSD,0.2419,0.2468,0.2419,0.2441,17003.35532774
2023-05-24T00:00:00Z,AUDIOUSD,0.2414,0.2414,0.2326,0.2396,7384.6810568
2023-05-25T00:00:00Z,AUDIOUSD,0.2406,0.2408,0.2378,0.2378,9371.08542051
2023-05-26T00:00:00Z,AUDIOUSD,0.236,0.2406,0.236,0.2406,96.16833725
2023-05-27T00:00:00Z,AUDIOUSD,0.2414,0.2436,0.2393,0.2436,2116.46429058
2023-05-28T00:00:00Z,AUDIOUSD,0.2459,0.2571,0.2414,0.2489,8378.37256299
2023-05-29T00:00:00Z,AUDIOUSD,0.2475,0.2478,0.2391,0.241,23296.872338690002
2023-05-30T00:00:00Z,AUDIOUSD,0.2403,0.2541,0.2403,0.2447,11523.5523363
2023-05-31T00:00:00Z,AUDIOUSD,0.2443,0.2443,0.2334,0.2339,30008.833116129998
2023-06-01T00:00:00Z,AUDIOUSD,0.235,0.2391,0.2326,0.2385,3717.7992769400003
2023-06-02T00:00:00Z,AUDIOUSD,0.2382,0.2404,0.2382,0.239,3620.43331421
2023-06-03T00:00:00Z,AUDIOUSD,0.2414,0.2414,0.2393,0.2393,4275.49970972
2023-06-04T00:00:00Z,AUDIOUSD,0.2411,0.2431,0.2392,0.2392,3913.80470935
2023-06-05T00:00:00Z,AUDIOUSD,0.2345,0.2357,0.2118,0.2172,19032.976634130002
2023-06-06T00:00:00Z,AUDIOUSD,0.2166,0.2199,0.2115,0.2199,9504.69434281
2023-06-07T00:00:00Z,AUDIOUSD,0.215,0.2161,0.2,0.2,21123.717404580006
2023-06-08T00:00:00Z,AUDIOUSD,0.2019,0.2039,0.1967,0.2032,15084.659269220001
2023-06-09T00:00:00Z,AUDIOUSD,0.2016,0.2018,0.1981,0.1986,14543.148557499999
2023-06-10T00:00:00Z,AUDIOUSD,0.1963,0.1963,0.15,0.1667,63117.640544860005
2023-06-11T00:00:00Z,AUDIOUSD,0.1669,0.2425,0.1669,0.1679,29459.617424199994
2023-06-12T00:00:00Z,AUDIOUSD,0.1659,0.1703,0.1659,0.168,33839.976228479994
2023-06-13T00:00:00Z,AUDIOUSD,0.1726,0.1754,0.1699,0.1709,6541.857048600002
2023-06-14T00:00:00Z,AUDIOUSD,0.1747,0.1761,0.1639,0.1696,45176.95438232999
2023-06-15T00:00:00Z,AUDIOUSD,0.1694,0.1708,0.1653,0.1671,17436.28033681
2023-06-16T00:00:00Z,AUDIOUSD,0.1722,0.1731,0.167,0.1731,35334.80388313001
2023-06-17T00:00:00Z,AUDIOUSD,0.1762,0.1805,0.1756,0.1778,6990.829890510001
2023-06-18T00:00:00Z,AUDIOUSD,0.1759,0.1786,0.1734,0.1734,2951.00906967
2023-06-19T00:00:00Z,AUDIOUSD,0.1731,0.1731,0.171,0.171,306.78657
2023-06-20T00:00:00Z,AUDIOUSD,0.1682,0.1752,0.1648,0.1751,9915.46978158
2023-06-21T00:00:00Z,AUDIOUSD,0.1794,0.2425,0.1794,0.1862,122234.6144501
2023-06-22T00:00:00Z,AUDIOUSD,0.1887,0.1998,0.18,0.195,80456.18392041001
2023-06-23T00:00:00Z,AUDIOUSD,0.1972,0.2034,0.1902,0.1921,66141.36261112001
2023-06-24T00:00:00Z,AUDIOUSD,0.1943,0.2113,0.1857,0.191,34321.76559789
2023-06-25T00:00:00Z,AUDIOUSD,0.1877,0.232,0.1877,0.1942,69333.20108521996
2023-06-26T00:00:00Z,AUDIOUSD,0.1936,0.2003,0.1868,0.1868,30226.35946369
2023-06-27T00:00:00Z,AUDIOUSD,0.19,0.1915,0.1827,0.1855,117178.95734274003
2023-06-28T00:00:00Z,AUDIOUSD,0.1835,0.1835,0.1401,0.1714,96565.36527352
2023-06-29T00:00:00Z,AUDIOUSD,0.1719,0.1863,0.1719,0.1792,27424.34812199001
2023-06-30T00:00:00Z,AUDIOUSD,0.1795,0.1859,0.1662,0.1833,27714.636247250004
2023-07-01T00:00:00Z,AUDIOUSD,0.1827,0.1832,0.1808,0.1828,2591.44605639
2023-07-02T00:00:00Z,AUDIOUSD,0.1805,0.1831,0.1805,0.1831,3765.27512056
2023-07-03T00:00:00Z,AUDIOUSD,0.1851,0.193,0.1851,0.1918,50004.62252514999
2023-07-04T00:00:00Z,AUDIOUSD,0.19,0.1962,0.188,0.1917,22836.96055866001
2023-07-05T00:00:00Z,AUDIOUSD,0.1934,0.1937,0.1822,0.1843,19174.13652107
2023-07-06T00:00:00Z,AUDIOUSD,0.1858,0.1917,0.177,0.1835,18064.098998659996
2023-07-07T00:00:00Z,AUDIOUSD,0.1795,0.181,0.1792,0.181,736.0
2023-07-08T00:00:00Z,AUDIOUSD,0.1827,0.1841,0.1827,0.1841,2944.4752169900003
2023-07-09T00:00:00Z,AUDIOUSD,0.1833,0.1834,0.1802,0.1802,5682.01068
2023-07-10T00:00:00Z,AUDIOUSD,0.1745,0.1831,0.1745,0.1831,47784.47458759001
2023-07-11T00:00:00Z,AUDIOUSD,0.1808,0.1808,0.1771,0.1798,3159.43047545
2023-07-12T00:00:00Z,AUDIOUSD,0.1815,0.1825,0.1795,0.1799,2785.9230656100003
2023-07-13T00:00:00Z,AUDIOUSD,0.182,0.1988,0.182,0.1968,48123.636595229975
2023-07-14T00:00:00Z,AUDIOUSD,0.1977,0.2112,0.1886,0.1945,88699.59278509996
2023-07-15T00:00:00Z,AUDIOUSD,0.1968,0.2014,0.1954,0.1957,42328.659973179994
2023-07-16T00:00:00Z,AUDIOUSD,0.1928,0.1928,0.1867,0.1867,9602.68343294
2023-07-17T00:00:00Z,AUDIOUSD,0.1897,0.1944,0.1891,0.1944,15680.233053739998
2023-07-18T00:00:00Z,AUDIOUSD,0.1895,0.1896,0.1859,0.1876,15423.419339580001
2023-07-19T00:00:00Z,AUDIOUSD,0.1879,0.1898,0.1858,0.188,11709.056939770002
2023-07-20T00:00:00Z,AUDIOUSD,0.1893,0.19,0.183,0.184,4861.84116129
2023-07-21T00:00:00Z,AUDIOUSD,0.1856,0.1865,0.1845,0.1845,9145.683635770001
2023-07-22T00:00:00Z,AUDIOUSD,0.1845,0.1854,0.1805,0.1805,6954.68554124
2023-07-23T00:00:00Z,AUDIOUSD,0.1871,0.1876,0.1866,0.1866,11946.62183349
2023-07-24T00:00:00Z,AUDIOUSD,0.1854,0.1858,0.1745,0.1795,9387.55755966
2023-07-25T00:00:00Z,AUDIOUSD,0.179,0.179,0.1775,0.1788,30223.708954970003
2023-07-26T00:00:00Z,AUDIOUSD,0.1764,0.1829,0.1764,0.1805,25644.446526490003
2023-07-27T00:00:00Z,AUDIOUSD,0.1826,0.1826,0.1788,0.1788,2208.2143921099996
2023-07-28T00:00:00Z,AUDIOUSD,0.1814,0.1839,0.1803,0.1813,43353.49373235
2023-07-29T00:00:00Z,AUDIOUSD,0.1808,0.1814,0.178,0.179,3768.5714467
2023-07-30T00:00:00Z,AUDIOUSD,0.1796,0.1796,0.1754,0.1754,4538.24552698
2023-07-31T00:00:00Z,AUDIOUSD,0.1768,0.1768,0.1754,0.1755,3214.2098166299998
2023-08-01T00:00:00Z,AUDIOUSD,0.1719,0.1754,0.1685,0.1754,12793.32025745
2023-08-02T00:00:00Z,AUDIOUSD,0.1742,0.1742,0.1704,0.1704,17968.307789999995
2023-08-03T00:00:00Z,AUDIOUSD,0.1715,0.1715,0.1678,0.1687,31267.805925830005
2023-08-04T00:00:00Z,AUDIOUSD,0.1686,0.1686,0.1654,0.1654,13630.68057431
2023-08-05T00:00:00Z,AUDIOUSD,0.1662,0.1679,0.1662,0.1679,2638.77254543
2023-08-06T00:00:00Z,AUDIOUSD,0.1714,0.1946,0.1714,0.1816,245208.01386816005
2023-08-07T00:00:00Z,AUDIOUSD,0.185,0.1969,0.1765,0.1894,105067.3026777
2023-08-08T00:00:00Z,AUDIOUSD,0.1934,0.2431,0.1864,0.187,446612.4063606401
2023-08-09T00:00:00Z,AUDIOUSD,0.1851,0.2069,0.185,0.1873,25314.08155747001
2023-08-10T00:00:00Z,AUDIOUSD,0.186,0.1877,0.1849,0.1852,5101.18182003
2023-08-11T00:00:00Z,AUDIOUSD,0.1906,0.1906,0.1874,0.1874,2240.40703104
2023-08-12T00:00:00Z,AUDIOUSD,0.1934,0.1934,0.1907,0.192,29008.036330899995
2023-08-13T00:00:00Z,AUDIOUSD,0.1935,0.1955,0.19,0.1909,65706.55461321
2023-08-14T00:00:00Z,AUDIOUSD,0.1894,0.1934,0.1894,0.191,37841.74587747
2023-08-15T00:00:00Z,AUDIOUSD,0.191,0.191,0.17,0.1808,51435.21224508
2023-08-16T00:00:00Z,AUDIOUSD,0.1789,0.1789,0.1648,0.1672,33312.193083030004
2023-08-17T00:00:00Z,AUDIOUSD,0.1661,0.1758,0.1398,0.1528,87879.39107705001
2023-08-18T00:00:00Z,AUDIOUSD,0.1509,0.1612,0.1454,0.1561,56972.67379506
2023-08-19T00:00:00Z,AUDIOUSD,0.1564,0.1587,0.1556,0.1583,23439.925359119992
2023-08-20T00:00:00Z,AUDIOUSD,0.1586,0.1592,0.1579,0.1587,2138.27001297
2023-08-21T00:00:00Z,AUDIOUSD,0.1582,0.1582,0.1529,0.1552,3881.84982504
2023-08-22T00:00:00Z,AUDIOUSD,0.1548,0.1548,0.15,0.1544,3213.2288360499997
2023-08-23T00:00:00Z,AUDIOUSD,0.1553,0.1586,0.1535,0.1578,1723.6662618599998
2023-08-24T00:00:00Z,AUDIOUSD,0.156,0.156,0.1515,0.1525,2799.21667756
2023-08-25T00:00:00Z,AUDIOUSD,0.1493,0.1508,0.1493,0.1508,2186.04972893
2023-08-26T00:00:00Z,AUDIOUSD,0.1509,0.1509,0.1495,0.1495,3316.90348277
2023-08-27T00:00:00Z,AUDIOUSD,0.1489,0.151,0.1477,0.1477,20344.025909379998
2023-08-28T00:00:00Z,AUDIOUSD,0.1466,0.1466,0.1441,0.1465,3914.9500334199997
2023-08-29T00:00:00Z,AUDIOUSD,0.1465,0.1593,0.1459,0.157,72413.71326177
2023-08-30T00:00:00Z,AUDIOUSD,0.1555,0.1555,0.1534,0.1536,7324.643279709999
2023-08-31T00:00:00Z,AUDIOUSD,0.1533,0.1558,0.1497,0.1497,9953.589413699998
2023-09-01T00:00:00Z,AUDIOUSD,0.1498,0.1498,0.1448,0.1448,13828.5116668
2023-09-02T00:00:00Z,AUDIOUSD,0.1463,0.1503,0.1463,0.1503,404.29565616
2023-09-03T00:00:00Z,AUDIOUSD,0.1492,0.1493,0.1458,0.1458,9042.43698709
2023-09-04T00:00:00Z,AUDIOUSD,0.1508,0.1551,0.1482,0.1482,5351.15407664
2023-09-05T00:00:00Z,AUDIOUSD,0.1482,0.155,0.1478,0.155,6383.08637164
2023-09-06T00:00:00Z,AUDIOUSD,0.1535,0.1535,0.1515,0.1527,8296.880143049999
2023-09-07T00:00:00Z,AUDIOUSD,0.1507,0.1525,0.15,0.1524,3450.3818206299998
2023-09-08T00:00:00Z,AUDIOUSD,0.1501,0.152,0.1501,0.1513,8369.04803733
2023-09-09T00:00:00Z,AUDIOUSD,0.1589,0.1632,0.1548,0.1627,22311.963692019996
2023-09-10T00:00:00Z,AUDIOUSD,0.1559,0.1568,0.1442,0.1516,15866.677387
2023-09-11T00:00:00Z,AUDIOUSD,0.1499,0.1537,0.142,0.1435,36569.552320990006
2023-09-12T00:00:00Z,AUDIOUSD,0.1439,0.149,0.1439,0.1439,37377.03540406
2023-09-13T00:00:00Z,AUDIOUSD,0.1435,0.1478,0.143,0.1465,8248.846574019999
2023-09-14T00:00:00Z,AUDIOUSD,0.147,0.1535,0.147,0.147,10480.017482689998
2023-09-15T00:00:00Z,AUDIOUSD,0.1485,0.1497,0.1458,0.1497,10162.03676362
2023-09-16T00:00:00Z,AUDIOUSD,0.1527,0.16,0.1481,0.1573,10348.04603815
2023-09-17T00:00:00Z,AUDIOUSD,0.1574,0.16,0.1469,0.1482,25984.896778589995
2023-09-18T00:00:00Z,AUDIOUSD,0.1494,0.1549,0.1494,0.1519,6855.0266590599995
2023-09-19T00:00:00Z,AUDIOUSD,0.1521,0.1541,0.1521,0.1532,3055.0889319099997
2023-09-20T00:00:00Z,AUDIOUSD,0.1525,0.1532,0.1524,0.1529,19442.38892554
2023-09-21T00:00:00Z,AUDIOUSD,0.1486,0.1506,0.1486,0.1506,7033.6474
2023-09-22T00:00:00Z,AUDIOUSD,0.1511,0.1511,0.1484,0.1484,1758511.2217956597
2023-09-23T00:00:00Z,AUDIOUSD,0.1501,0.1502,0.1495,0.1495,2743.40952507
2023-09-24T00:00:00Z,AUDIOUSD,0.1481,0.1481,0.1456,0.1456,2503.25369547
2023-09-25T00:00:00Z,AUDIOUSD,0.1448,0.1481,0.1448,0.1479,3892.2282625
2023-09-26T00:00:00Z,AUDIOUSD,0.1473,0.1473,0.1461,0.1461,4985.1222800000005
2023-09-27T00:00:00Z,AUDIOUSD,0.1456,0.1456,0.1444,0.1444,997.43783681
2023-09-28T00:00:00Z,AUDIOUSD,0.1452,0.1476,0.1452,0.1476,3596.7685557699997
2023-09-29T00:00:00Z,AUDIOUSD,0.1473,0.1496,0.1473,0.1482,439.14219459
2023-09-30T00:00:00Z,AUDIOUSD,0.1491,0.1501,0.1491,0.1497,2010.0831032400004
2023-10-01T00:00:00Z,AUDIOUSD,0.152,0.1531,0.152,0.152,3486.87533634
2023-10-02T00:00:00Z,AUDIOUSD,0.1541,0.1544,0.1409,0.1468,542535.9758254598
2023-10-03T00:00:00Z,AUDIOUSD,0.1483,0.149,0.1454,0.1464,15545.244520329998
2023-10-04T00:00:00Z,AUDIOUSD,0.1435,0.1451,0.1397,0.1451,9154.3992112
2023-10-05T00:00:00Z,AUDIOUSD,0.146,0.146,0.1441,0.1445,11034.592521589999
2023-10-06T00:00:00Z,AUDIOUSD,0.1459,0.1465,0.1455,0.1459,2582.03969083
2023-10-07T00:00:00Z,AUDIOUSD,0.1468,0.1468,0.1455,0.1455,283.26258092
2023-10-08T00:00:00Z,AUDIOUSD,0.1452,0.1532,0.144,0.1442,26629.20272235
2023-10-09T00:00:00Z,AUDIOUSD,0.1444,0.1444,0.1354,0.138,17513.70052794
2023-10-10T00:00:00Z,AUDIOUSD,0.1379,0.1379,0.1366,0.1366,2778.7939121199997
2023-10-11T00:00:00Z,AUDIOUSD,0.1332,0.1355,0.1329,0.1333,4871.41207351
2023-10-12T00:00:00Z,AUDIOUSD,0.1342,0.1362,0.1342,0.1362,2227.5299169
2023-10-13T00:00:00Z,AUDIOUSD,0.1366,0.1413,0.1366,0.1392,1864.67585261
2023-10-14T00:00:00Z,AUDIOUSD,0.139,0.1489,0.139,0.143,19477.467646480003
2023-10-15T00:00:00Z,AUDIOUSD,0.1437,0.1448,0.1413,0.143,12251.18767535
2023-10-16T00:00:00Z,AUDIOUSD,0.1433,0.1477,0.1433,0.1437,7656.01062472
2023-10-17T00:00:00Z,AUDIOUSD,0.1444,0.1459,0.1382,0.1399,67881.70699983001
2023-10-18T00:00:00Z,AUDIOUSD,0.1406,0.1407,0.1356,0.1356,51119.61072179003
2023-10-19T00:00:00Z,AUDIOUSD,0.1343,0.1371,0.1342,0.1344,1677.15650319
2023-10-20T00:00:00Z,AUDIOUSD,0.1341,0.1383,0.1341,0.1367,4331.100088679999
2023-10-21T00:00:00Z,AUDIOUSD,0.1379,0.1449,0.1379,0.1439,65993.81918052999
2023-10-22T00:00:00Z,AUDIOUSD,0.1429,0.1443,0.1414,0.1434,105203.80034706005
2023-10-23T00:00:00Z,AUDIOUSD,0.1476,0.1571,0.1447,0.1548,26748.099366919996
2023-10-24T00:00:00Z,AUDIOUSD,0.1552,0.1607,0.1514,0.1578,112174.54087968999
2023-10-25T00:00:00Z,AUDIOUSD,0.1597,0.1613,0.1561,0.1584,14843.75702009
2023-10-26T00:00:00Z,AUDIOUSD,0.1614,0.1669,0.1534,0.161,161066.6862495499
2023-10-27T00:00:00Z,AUDIOUSD,0.1573,0.1604,0.1567,0.1588,28157.523943570002
2023-10-28T00:00:00Z,AUDIOUSD,0.1595,0.1665,0.1594,0.1665,20671.31821167
2023-10-29T00:00:00Z,AUDIOUSD,0.1644,0.1744,0.1627,0.1708,24934.30083919999
2023-10-30T00:00:00Z,AUDIOUSD,0.1701,0.1777,0.166,0.1738,39153.59979182999
2023-10-31T00:00:00Z,AUDIOUSD,0.1728,0.1728,0.1609,0.1655,192032.85989910996
2023-11-01T00:00:00Z,AUDIOUSD,0.1666,0.1766,0.1613,0.1764,123727.93774092992
2023-11-02T00:00:00Z,AUDIOUSD,0.179,0.179,0.162,0.1712,62215.26633152997
2023-11-03T00:00:00Z,AUDIOUSD,0.1686,0.2312,0.1656,0.173,72717.57030191997
2023-11-04T00:00:00Z,AUDIOUSD,0.1734,0.1832,0.1728,0.1763,43395.92236700001
2023-11-05T00:00:00Z,AUDIOUSD,0.1753,0.1825,0.1753,0.1792,24196.216825210002
2023-11-06T00:00:00Z,AUDIOUSD,0.18,0.1893,0.1773,0.1893,66103.85063126001
2023-11-07T00:00:00Z,AUDIOUSD,0.1871,0.1995,0.148,0.1858,136379.66637571994
2023-11-08T00:00:00Z,AUDIOUSD,0.1853,0.1878,0.1828,0.1855,20873.683363879998
2023-11-09T00:00:00Z,AUDIOUSD,0.1874,0.1968,0.1728,0.18,145478.26982957008
2023-11-10T00:00:00Z,AUDIOUSD,0.1814,0.1907,0.1795,0.1895,29330.038388869998
2023-11-11T00:00:00Z,AUDIOUSD,0.1918,0.205,0.186,0.1928,49657.20221563
2023-11-12T00:00:00Z,AUDIOUSD,0.1895,0.2058,0.1854,0.1993,96820.62653370005
2023-11-13T00:00:00Z,AUDIOUSD,0.1994,0.2271,0.1883,0.1885,123656.67491272005
2023-11-14T00:00:00Z,AUDIOUSD,0.186,0.2009,0.18,0.1968,92157.06061530997
2023-11-15T00:00:00Z,AUDIOUSD,0.1963,0.2077,0.1954,0.203,82905.07339528002
2023-11-16T00:00:00Z,AUDIOUSD,0.2026,0.2145,0.1733,0.1904,176462.75424115
2023-11-17T00:00:00Z,AUDIOUSD,0.1915,0.1939,0.1795,0.1864,55770.62756855
2023-11-18T00:00:00Z,AUDIOUSD,0.1838,0.1934,0.1763,0.1888,36153.420015730015
2023-11-19T00:00:00Z,AUDIOUSD,0.1878,0.1984,0.1848,0.19,49556.13950100001
2023-11-20T00:00:00Z,AUDIOUSD,0.1901,0.1925,0.17,0.1888,119699.56949480998
2023-11-21T00:00:00Z,AUDIOUSD,0.1886,0.1902,0.1684,0.1706,81638.35719603996
2023-11-22T00:00:00Z,AUDIOUSD,0.172,0.1825,0.172,0.1822,33828.58513589999
2023-11-23T00:00:00Z,AUDIOUSD,0.1813,0.1865,0.1785,0.1808,60458.04295286998
2023-11-24T00:00:00Z,AUDIOUSD,0.1833,0.1899,0.1828,0.1897,38983.99131088
2023-11-25T00:00:00Z,AUDIOUSD,0.1904,0.1968,0.1904,0.1955,61914.62564144002
2023-11-26T00:00:00Z,AUDIOUSD,0.1971,0.1971,0.1851,0.1917,37549.158930809994
2023-11-27T00:00:00Z,AUDIOUSD,0.1934,0.1937,0.1798,0.1848,80444.69031204998
2023-11-28T00:00:00Z,AUDIOUSD,0.185,0.19,0.1799,0.1882,97630.25284621
2023-11-29T00:00:00Z,AUDIOUSD,0.1898,0.1917,0.1856,0.1862,19569.519344840002
2023-11-30T00:00:00Z,AUDIOUSD,0.1869,0.189,0.1856,0.189,24549.352089560005
2023-12-01T00:00:00Z,AUDIOUSD,0.1888,0.1899,0.1877,0.1891,27546.141236780004
2023-12-02T00:00:00Z,AUDIOUSD,0.1905,0.1948,0.1905,0.1941,16800.61472432
2023-12-03T00:00:00Z,AUDIOUSD,0.1948,0.1953,0.1894,0.1902,15840.540545359998
2023-12-04T00:00:00Z,AUDIOUSD,0.1936,0.2573,0.1936,0.2315,1594258.0233415132
2023-12-05T00:00:00Z,AUDIOUSD,0.2351,0.248,0.2194,0.2211,116019.54784798996
2023-12-06T00:00:00Z,AUDIOUSD,0.2217,0.2381,0.2124,0.2174,137953.9016097
2023-12-07T00:00:00Z,AUDIOUSD,0.2165,0.2271,0.2097,0.2207,101811.57522719
2023-12-08T00:00:00Z,AUDIOUSD,0.2206,0.266,0.2184,0.2275,85933.69815697997
2023-12-09T00:00:00Z,AUDIOUSD,0.2272,0.2414,0.2184,0.2191,75273.76107280004
2023-12-10T00:00:00Z,AUDIOUSD,0.2196,0.224,0.2157,0.2234,36112.072369409994
2023-12-11T00:00:00Z,AUDIOUSD,0.2231,0.2236,0.1958,0.2064,126464.02356960998
2023-12-12T00:00:00Z,AUDIOUSD,0.206,0.2229,0.2031,0.2063,52518.74419631
2023-12-13T00:00:00Z,AUDIOUSD,0.2085,0.2158,0.1958,0.2141,63390.84693179001
2023-12-14T00:00:00Z,AUDIOUSD,0.2133,0.2198,0.2093,0.2195,60063.81755052999
2023-12-15T00:00:00Z,AUDIOUSD,0.2187,0.229,0.2124,0.2124,110757.73503948981
2023-12-16T00:00:00Z,AUDIOUSD,0.2117,0.2263,0.2109,0.2185,119429.45799865999
2023-12-17T00:00:00Z,AUDIOUSD,0.216,0.2312,0.2114,0.2224,44149.36120824
2023-12-18T00:00:00Z,AUDIOUSD,0.2271,0.2271,0.1975,0.2181,83963.35395094001
2023-12-19T00:00:00Z,AUDIOUSD,0.218,0.2214,0.207,0.207,26666.180631690004
2023-12-20T00:00:00Z,AUDIOUSD,0.2092,0.223,0.2092,0.2208,60055.30594878
2023-12-21T00:00:00Z,AUDIOUSD,0.2166,0.2233,0.2166,0.2219,174353.6569903901
2023-12-22T00:00:00Z,AUDIOUSD,0.2226,0.2291,0.2221,0.2278,136750.55390936992
2023-12-23T00:00:00Z,AUDIOUSD,0.2297,0.2427,0.2218,0.2404,29422.23104539
2023-12-24T00:00:00Z,AUDIOUSD,0.2404,0.2527,0.2326,0.2438,104211.70944888997
2023-12-25T00:00:00Z,AUDIOUSD,0.2456,0.2631,0.2422,0.2508,112430.08279292996
2023-12-26T00:00:00Z,AUDIOUSD,0.2513,0.2716,0.2408,0.2689,158189.04113288005
2023-12-27T00:00:00Z,AUDIOUSD,0.2682,0.2932,0.2537,0.2717,220772.22812195995
2023-12-28T00:00:00Z,AUDIOUSD,0.271,0.2772,0.2612,0.2712,38408.081814220015
2023-12-29T00:00:00Z,AUDIOUSD,0.266,0.2996,0.2485,0.2497,92364.24061595995
2023-12-30T00:00:00Z,AUDIOUSD,0.2519,0.2573,0.2469,0.2521,130986.37392230004
2023-12-31T00:00:00Z,AUDIOUSD,0.2475,0.2636,0.2469,0.2536,27252.961972789995
2024-01-01T00:00:00Z,AUDIOUSD,0.2613,0.2667,0.2516,0.2614,30459.93776194
2024-01-02T00:00:00Z,AUDIOUSD,0.2606,0.2674,0.2498,0.2552,50329.05306079001
2024-01-03T00:00:00Z,AUDIOUSD,0.2573,0.258,0.2,0.2171,131488.07315181004
2024-01-04T00:00:00Z,AUDIOUSD,0.2172,0.2212,0.2137,0.2141,32253.283719050014
2024-01-05T00:00:00Z,AUDIOUSD,0.2143,0.2143,0.1974,0.2053,96499.22759347002
2024-01-06T00:00:00Z,AUDIOUSD,0.2052,0.2066,0.1941,0.1962,31624.231594179997
2024-01-07T00:00:00Z,AUDIOUSD,0.2002,0.2045,0.1894,0.1948,23188.549895179996
2024-01-08T00:00:00Z,AUDIOUSD,0.1894,0.1999,0.1751,0.1999,77075.40930556999
2024-01-09T00:00:00Z,AUDIOUSD,0.196,0.1983,0.1819,0.1899,151979.50821946
2024-01-10T00:00:00Z,AUDIOUSD,0.1925,0.2186,0.186,0.2056,86273.83523061997
2024-01-11T00:00:00Z,AUDIOUSD,0.2052,0.217,0.2034,0.2089,123487.44561755
2024-01-12T00:00:00Z,AUDIOUSD,0.21,0.219,0.1945,0.1997,172021.13959197997
2024-01-13T00:00:00Z,AUDIOUSD,0.2003,0.2066,0.1956,0.2037,85239.37485979997
2024-01-14T00:00:00Z,AUDIOUSD,0.2032,0.2073,0.1962,0.1962,35195.14538277
2024-01-15T00:00:00Z,AUDIOUSD,0.2002,0.2002,0.1958,0.1969,104565.29049944
2024-01-16T00:00:00Z,AUDIOUSD,0.198,0.2067,0.1979,0.205,90701.58727316001
2024-01-17T00:00:00Z,AUDIOUSD,0.2054,0.206,0.2024,0.2026,28353.143191860006
2024-01-18T00:00:00Z,AUDIOUSD,0.1998,0.2003,0.1866,0.1886,37397.718959369995
2024-01-19T00:00:00Z,AUDIOUSD,0.1885,0.1902,0.1761,0.1845,23288.073153049998
2024-01-20T00:00:00Z,AUDIOUSD,0.1899,0.2042,0.1899,0.1948,37324.60386346001
2024-01-21T00:00:00Z,AUDIOUSD,0.1928,0.2256,0.1928,0.1976,75582.86735057001
2024-01-22T00:00:00Z,AUDIOUSD,0.1955,0.1955,0.1845,0.1853,49504.117976
2024-01-23T00:00:00Z,AUDIOUSD,0.1862,0.1878,0.1736,0.1819,111366.70715623004
2024-01-24T00:00:00Z,AUDIOUSD,0.1832,0.1838,0.1802,0.1838,10365.189192380001
2024-01-25T00:00:00Z,AUDIOUSD,0.1854,0.1854,0.1776,0.1806,8919.62719729
2024-01-26T00:00:00Z,AUDIOUSD,0.1812,0.1874,0.1812,0.1843,3167.03598613
2024-01-27T00:00:00Z,AUDIOUSD,0.1864,0.1885,0.1834,0.1885,3741.5392767
2024-01-28T00:00:00Z,AUDIOUSD,0.1895,0.1895,0.1844,0.1849,11267.130190469998
2024-01-29T00:00:00Z,AUDIOUSD,0.186,0.2136,0.1833,0.1902,86766.13844471
2024-01-30T00:00:00Z,AUDIOUSD,0.19,0.2028,0.1884,0.1884,62287.712937189994
2024-01-31T00:00:00Z,AUDIOUSD,0.1866,0.1871,0.1789,0.1789,24839.05171797001
2024-02-01T00:00:00Z,AUDIOUSD,0.1766,0.1838,0.1766,0.1838,5084.5658993100005
2024-02-02T00:00:00Z,AUDIOUSD,0.1843,0.1891,0.1806,0.1891,5884.5834230400005
2024-02-03T00:00:00Z,AUDIOUSD,0.1892,0.1892,0.1827,0.1827,1968.6132798999997
2024-02-04T00:00:00Z,AUDIOUSD,0.1826,0.1858,0.1777,0.1777,1648.84186988
2024-02-05T00:00:00Z,AUDIOUSD,0.1797,0.1829,0.1797,0.1813,7716.02481713
2024-02-06T00:00:00Z,AUDIOUSD,0.1795,0.181,0.1784,0.1798,1365.464536
2024-02-07T00:00:00Z,AUDIOUSD,0.183,0.1928,0.1827,0.1851,22705.562000469996
2024-02-08T00:00:00Z,AUDIOUSD,0.1867,0.1886,0.186,0.1875,2477.2831961399997
2024-02-09T00:00:00Z,AUDIOUSD,0.1879,0.1939,0.1879,0.1939,9190.592112389999
2024-02-10T00:00:00Z,AUDIOUSD,0.1937,0.1937,0.1892,0.1926,9930.59754861
2024-02-11T00:00:00Z,AUDIOUSD,0.1926,0.1968,0.1903,0.1903,13482.522075080002
2024-02-12T00:00:00Z,AUDIOUSD,0.1915,0.2016,0.1913,0.1988,17440.942182039995
2024-02-13T00:00:00Z,AUDIOUSD,0.1997,0.2028,0.1922,0.196,22546.492145569995
2024-02-14T00:00:00Z,AUDIOUSD,0.1942,0.2135,0.1942,0.2027,39144.65718113001
2024-02-15T00:00:00Z,AUDIOUSD,0.2045,0.211,0.2,0.2082,55364.012709539995
2024-02-16T00:00:00Z,AUDIOUSD,0.2096,0.2565,0.2095,0.2288,270469.74722241
2024-02-17T00:00:00Z,AUDIOUSD,0.2241,0.2752,0.2241,0.2448,320461.12465816987
2024-02-18T00:00:00Z,AUDIOUSD,0.2419,0.2533,0.2355,0.2393,74949.88043523
2024-02-19T00:00:00Z,AUDIOUSD,0.2389,0.2537,0.2386,0.2487,53444.41844687001
2024-02-20T00:00:00Z,AUDIOUSD,0.2507,0.2781,0.2276,0.2365,169304.0993753799
2024-02-21T00:00:00Z,AUDIOUSD,0.2319,0.232,0.2207,0.2312,95601.90095438
2024-02-22T00:00:00Z,AUDIOUSD,0.2326,0.2365,0.2129,0.2298,164276.32592590002
2024-02-23T00:00:00Z,AUDIOUSD,0.2278,0.2311,0.2195,0.2241,38403.21384202
2024-02-24T00:00:00Z,AUDIOUSD,0.2279,0.3107,0.2279,0.2426,208752.47121074
2024-02-25T00:00:00Z,AUDIOUSD,0.2424,0.2432,0.2383,0.2415,47619.40322286
2024-02-26T00:00:00Z,AUDIOUSD,0.2429,0.3038,0.24,0.282,294897.4999002101
2024-02-27T00:00:00Z,AUDIOUSD,0.2832,0.3011,0.2614,0.2747,612058.2491709901
2024-02-28T00:00:00Z,AUDIOUSD,0.2736,0.3057,0.252,0.2799,487075.10524664
2024-02-29T00:00:00Z,AUDIOUSD,0.2753,0.2988,0.252,0.2807,192106.09026269015
2024-03-01T00:00:00Z,AUDIOUSD,0.2855,0.3066,0.2845,0.3066,183459.28089760014
2024-03-02T00:00:00Z,AUDIOUSD,0.3044,0.316,0.2989,0.3103,284812.16577629
2024-03-03T00:00:00Z,AUDIOUSD,0.3149,0.4,0.2759,0.3626,574988.1490412095
2024-03-04T00:00:00Z,AUDIOUSD,0.3594,0.7606,0.31,0.3383,4072942.02248006
2024-03-05T00:00:00Z,AUDIOUSD,0.3369,0.3465,0.2543,0.2884,528280.955384229
2024-03-06T00:00:00Z,AUDIOUSD,0.2886,0.3189,0.2814,0.3076,398277.8387415397
2024-03-07T00:00:00Z,AUDIOUSD,0.3024,0.3187,0.2981,0.3152,169752.86882592985
2024-03-08T00:00:00Z,AUDIOUSD,0.317,0.3184,0.2851,0.3024,119491.05450127002
2024-03-09T00:00:00Z,AUDIOUSD,0.3014,0.3243,0.2974,0.313,152999.47568051005
2024-03-10T00:00:00Z,AUDIOUSD,0.3165,0.3247,0.3001,0.3057,271089.6460805502
2024-03-11T00:00:00Z,AUDIOUSD,0.3045,0.3371,0.2838,0.3282,281867.2452459999
2024-03-12T00:00:00Z,AUDIOUSD,0.3277,0.3583,0.309,0.345,203312.02485577003
2024-03-13T00:00:00Z,AUDIOUSD,0.3427,0.3955,0.3346,0.3493,288424.00127174985
2024-03-14T00:00:00Z,AUDIOUSD,0.35,0.3574,0.3163,0.3382,241481.74051073994
2024-03-15T00:00:00Z,AUDIOUSD,0.3432,0.3437,0.285,0.3132,361277.38586499076
2024-03-16T00:00:00Z,AUDIOUSD,0.3174,0.331,0.2802,0.2827,77597.16734264004
2024-03-17T00:00:00Z,AUDIOUSD,0.2839,0.3196,0.2692,0.2927,234986.86297460008
2024-03-18T00:00:00Z,AUDIOUSD,0.2918,0.2953,0.2648,0.2737,128966.83443237
2024-03-19T00:00:00Z,AUDIOUSD,0.2739,0.2752,0.2389,0.2425,112553.54267646991
2024-03-20T00:00:00Z,AUDIOUSD,0.2453,0.2756,0.2344,0.2732,113258.11934605996
2024-03-21T00:00:00Z,AUDIOUSD,0.2734,0.2831,0.2684,0.28,143982.19628471995
2024-03-22T00:00:00Z,AUDIOUSD,0.2791,0.2914,0.2612,0.2666,75623.06164708003
2024-03-23T00:00:00Z,AUDIOUSD,0.2712,0.278,0.2674,0.2744,43502.729956510004
2024-03-24T00:00:00Z,AUDIOUSD,0.2726,0.2852,0.2705,0.2841,12652.100827180002
2024-03-25T00:00:00Z,AUDIOUSD,0.2834,0.2961,0.2834,0.2915,59920.65412410998
2024-03-26T00:00:00Z,AUDIOUSD,0.2917,0.3142,0.256,0.3026,156898.66220309993
2024-03-27T00:00:00Z,AUDIOUSD,0.3015,0.3067,0.2875,0.2913,91710.15662586002
2024-03-28T00:00:00Z,AUDIOUSD,0.2895,0.3188,0.2865,0.3116,146503.19242429995
2024-03-29T00:00:00Z,AUDIOUSD,0.3105,0.3141,0.3022,0.3061,22964.17393067
2024-03-30T00:00:00Z,AUDIOUSD,0.3108,0.3124,0.2958,0.296,35857.13034225
2024-03-31T00:00:00Z,AUDIOUSD,0.2969,0.3168,0.2969,0.3013,31651.969038580002
2024-04-01T00:00:00Z,AUDIOUSD,0.3035,0.3035,0.2764,0.2852,44527.09588843001
2024-04-02T00:00:00Z,AUDIOUSD,0.2847,0.2861,0.2569,0.2628,216362.0782628201
2024-04-03T00:00:00Z,AUDIOUSD,0.2614,0.2759,0.2517,0.2656,120187.60823086998
2024-04-04T00:00:00Z,AUDIOUSD,0.2665,0.2815,0.2584,0.2723,75056.37695525998
2024-04-05T00:00:00Z,AUDIOUSD,0.2759,0.2759,0.2559,0.2665,37845.808013550006
2024-04-06T00:00:00Z,AUDIOUSD,0.2664,0.2724,0.2659,0.2724,13615.290682950003
2024-04-07T00:00:00Z,AUDIOUSD,0.2732,0.2815,0.2726,0.2788,31629.574941110004
2024-04-08T00:00:00Z,AUDIOUSD,0.2779,0.2919,0.2725,0.2906,21720.64347143
2024-04-09T00:00:00Z,AUDIOUSD,0.2888,0.2888,0.2752,0.2754,18054.765268949992
2024-04-10T00:00:00Z,AUDIOUSD,0.272,0.2741,0.2542,0.2651,29893.380388719997
2024-04-11T00:00:00Z,AUDIOUSD,0.267,0.2693,0.2581,0.2617,24021.235686270003
2024-04-12T00:00:00Z,AUDIOUSD,0.265,0.265,0.1929,0.2127,168016.84100397993
2024-04-13T00:00:00Z,AUDIOUSD,0.2118,0.2186,0.1507,0.1755,330949.6909319499
2024-04-14T00:00:00Z,AUDIOUSD,0.1743,0.1899,0.1679,0.1899,113656.01691824
2024-04-15T00:00:00Z,AUDIOUSD,0.185,0.1996,0.173,0.1783,58571.19147491
2024-04-16T00:00:00Z,AUDIOUSD,0.1797,0.1836,0.1719,0.1813,122783.42955983005
2024-04-17T00:00:00Z,AUDIOUSD,0.1799,0.1827,0.1682,0.1769,1066926.91507262
2024-04-18T00:00:00Z,AUDIOUSD,0.1762,0.1835,0.1702,0.1822,48623.676465630015
2024-04-19T00:00:00Z,AUDIOUSD,0.1811,0.1931,0.1661,0.1836,73989.75159021003
2024-04-20T00:00:00Z,AUDIOUSD,0.1844,0.1959,0.1844,0.1923,36170.63488074
2024-04-21T00:00:00Z,AUDIOUSD,0.1935,0.1942,0.1898,0.1908,7924.6652057599995
2024-04-22T00:00:00Z,AUDIOUSD,0.1925,0.1998,0.1921,0.1995,26098.16957642
2024-04-23T00:00:00Z,AUDIOUSD,0.2,0.2027,0.194,0.2014,57698.40943218999
2024-04-24T00:00:00Z,AUDIOUSD,0.2025,0.207,0.1855,0.1857,85463.32365148001
2024-04-25T00:00:00Z,AUDIOUSD,0.1871,0.1899,0.1734,0.1899,60469.57648287001
2024-04-26T00:00:00Z,AUDIOUSD,0.1888,0.1888,0.1763,0.1859,32889.22800735001
2024-04-27T00:00:00Z,AUDIOUSD,0.1778,0.1847,0.1763,0.184,4269.5701899
2024-04-28T00:00:00Z,AUDIOUSD,0.1855,0.1869,0.1798,0.1798,18610.969353180004
2024-04-29T00:00:00Z,AUDIOUSD,0.1775,0.1784,0.1727,0.1758,81790.39268481999
2024-04-30T00:00:00Z,AUDIOUSD,0.177,0.177,0.1615,0.1673,40347.92443556002
2024-05-01T00:00:00Z,AUDIOUSD,0.1681,0.1684,0.1567,0.1669,28065.84882746
2024-05-02T00:00:00Z,AUDIOUSD,0.166,0.1719,0.1575,0.1705,56020.419712929994
2024-05-03T00:00:00Z,AUDIOUSD,0.1713,0.1801,0.1699,0.1795,14748.949123359995
2024-05-04T00:00:00Z,AUDIOUSD,0.1782,0.1786,0.1772,0.1785,16800.914420449997
2024-05-05T00:00:00Z,AUDIOUSD,0.1746,0.1813,0.1713,0.1763,31268.34637962001
2024-05-06T00:00:00Z,AUDIOUSD,0.1787,0.1849,0.1739,0.1756,40616.78458181
2024-05-07T00:00:00Z,AUDIOUSD,0.1734,0.1755,0.1686,0.1686,38745.18050232
2024-05-08T00:00:00Z,AUDIOUSD,0.1682,0.1682,0.1596,0.1621,16518.78952064
2024-05-09T00:00:00Z,AUDIOUSD,0.164,0.1664,0.16,0.1661,9971.389786079999
2024-05-10T00:00:00Z,AUDIOUSD,0.1687,0.1705,0.1596,0.1618,23404.969807329995
2024-05-11T00:00:00Z,AUDIOUSD,0.1611,0.1616,0.1597,0.1607,2858.9987422699996
2024-05-12T00:00:00Z,AUDIOUSD,0.1602,0.1602,0.1563,0.1564,4961.813969479998
2024-05-13T00:00:00Z,AUDIOUSD,0.1544,0.1623,0.1478,0.1538,110066.66524296
2024-05-14T00:00:00Z,AUDIOUSD,0.1528,0.1609,0.1495,0.1498,23822.59915179
2024-05-15T00:00:00Z,AUDIOUSD,0.1508,0.1606,0.1508,0.1597,55108.840668540004
2024-05-16T00:00:00Z,AUDIOUSD,0.1597,0.1635,0.1513,0.1541,106849.76303719004
2024-05-17T00:00:00Z,AUDIOUSD,0.1539,0.162,0.1535,0.1607,26388.74088756
2024-05-18T00:00:00Z,AUDIOUSD,0.1595,0.1682,0.1573,0.1573,29057.647930490006
2024-05-19T00:00:00Z,AUDIOUSD,0.1581,0.1581,0.1525,0.1528,22064.648036579994
2024-05-20T00:00:00Z,AUDIOUSD,0.153,0.1628,0.1529,0.1628,52807.56485839999
2024-05-21T00:00:00Z,AUDIOUSD,0.1644,0.1721,0.1609,0.1636,108617.44708012998
2024-05-22T00:00:00Z,AUDIOUSD,0.1651,0.1661,0.1613,0.1637,47224.95075179
2024-05-23T00:00:00Z,AUDIOUSD,0.1644,0.2242,0.1593,0.2096,527472.2656948803
2024-05-24T00:00:00Z,AUDIOUSD,0.2083,0.27,0.2035,0.2296,659072.7511296219
2024-05-25T00:00:00Z,AUDIOUSD,0.2262,0.2397,0.2151,0.219,219220.0407876
2024-05-26T00:00:00Z,AUDIOUSD,0.2185,0.2185,0.2019,0.2117,143814.06621033
2024-05-27T00:00:00Z,AUDIOUSD,0.2044,0.218,0.1909,0.2028,166279.53428323008
2024-05-28T00:00:00Z,AUDIOUSD,0.2026,0.2501,0.1983,0.207,261099.04692588
2024-05-29T00:00:00Z,AUDIOUSD,0.209,0.2243,0.2029,0.2036,64700.042805029996
2024-05-30T00:00:00Z,AUDIOUSD,0.2007,0.2125,0.1879,0.1969,86843.50068334004
2024-05-31T00:00:00Z,AUDIOUSD,0.1987,0.2136,0.1916,0.199,129068.62952825997
2024-06-01T00:00:00Z,AUDIOUSD,0.1986,0.2069,0.1969,0.1969,5839.45220637
2024-06-02T00:00:00Z,AUDIOUSD,0.2005,0.2029,0.1903,0.1923,126310.43703648998
2024-06-03T00:00:00Z,AUDIOUSD,0.1883,0.2055,0.1773,0.1929,190801.19581848005
2024-06-04T00:00:00Z,AUDIOUSD,0.1921,0.1982,0.1895,0.1935,17943.9187503
2024-06-05T00:00:00Z,AUDIOUSD,0.1933,0.1992,0.1873,0.1934,57185.21737051
2024-06-06T00:00:00Z,AUDIOUSD,0.194,0.1948,0.1911,0.1916,9292.391541530002
2024-06-07T00:00:00Z,AUDIOUSD,0.1908,0.1973,0.1678,0.1735,115877.86760248005
2024-06-08T00:00:00Z,AUDIOUSD,0.1722,0.1777,0.1609,0.1653,51379.620446960005
2024-06-09T00:00:00Z,AUDIOUSD,0.1657,0.2058,0.1622,0.184,272983.48900571
2024-06-10T00:00:00Z,AUDIOUSD,0.1838,0.211,0.1791,0.1813,224869.35314704993
2024-06-11T00:00:00Z,AUDIOUSD,0.1818,0.1892,0.1704,0.1718,63998.280489280005
2024-06-12T00:00:00Z,AUDIOUSD,0.1695,0.182,0.164,0.1746,81139.18713972998
2024-06-13T00:00:00Z,AUDIOUSD,0.1732,0.1732,0.1654,0.1657,7832.03328147
2024-06-14T00:00:00Z,AUDIOUSD,0.166,0.1951,0.1638,0.1717,325917.28140291024
2024-06-15T00:00:00Z,AUDIOUSD,0.1733,0.1765,0.1692,0.1707,9353.45220627
2024-06-16T00:00:00Z,AUDIOUSD,0.1704,0.1751,0.164,0.1702,26655.671484219994
2024-06-17T00:00:00Z,AUDIOUSD,0.1718,0.1756,0.1586,0.1591,76366.97776879999
2024-06-18T00:00:00Z,AUDIOUSD,0.1573,0.1573,0.141,0.152,150905.45423207994
2024-06-19T00:00:00Z,AUDIOUSD,0.1556,0.1583,0.1503,0.1573,32292.47023839
2024-06-20T00:00:00Z,AUDIOUSD,0.1536,0.1574,0.1492,0.1498,3044.6481657799995
2024-06-21T00:00:00Z,AUDIOUSD,0.1491,0.1494,0.1455,0.1479,26849.907667249994
2024-06-22T00:00:00Z,AUDIOUSD,0.1454,0.1654,0.1448,0.156,63569.41898927999
2024-06-23T00:00:00Z,AUDIOUSD,0.1592,0.1592,0.1472,0.1472,25814.408650700003
2024-06-24T00:00:00Z,AUDIOUSD,0.1486,0.1537,0.14,0.1537,72563.81199124998
2024-06-25T00:00:00Z,AUDIOUSD,0.152,0.161,0.1517,0.1542,23088.79678086
2024-06-26T00:00:00Z,AUDIOUSD,0.1534,0.1609,0.1456,0.1495,62480.82398701001
2024-06-27T00:00:00Z,AUDIOUSD,0.1479,0.1556,0.1472,0.1523,24153.188911250007
2024-06-28T00:00:00Z,AUDIOUSD,0.1532,0.1582,0.147,0.1496,14034.061849140002
2024-06-29T00:00:00Z,AUDIOUSD,0.1509,0.1824,0.1462,0.1663,130293.71187846005
2024-06-30T00:00:00Z,AUDIOUSD,0.1629,0.1679,0.1508,0.156,73107.12184841998
2024-07-01T00:00:00Z,AUDIOUSD,0.1568,0.1611,0.1521,0.1534,20033.902962919998
2024-07-02T00:00:00Z,AUDIOUSD,0.1513,0.1526,0.1513,0.1518,1227.31918759
2024-07-03T00:00:00Z,AUDIOUSD,0.1512,0.1512,0.144,0.145,17641.331215509996
2024-07-04T00:00:00Z,AUDIOUSD,0.1449,0.1449,0.132,0.132,50858.31181114
2024-07-05T00:00:00Z,AUDIOUSD,0.1294,0.1294,0.1142,0.1254,164332.81856619002
2024-07-06T00:00:00Z,AUDIOUSD,0.1234,0.1364,0.1234,0.135,24494.021558180004
2024-07-07T00:00:00Z,AUDIOUSD,0.1333,0.1333,0.1225,0.1225,25909.299899269998
2024-07-08T00:00:00Z,AUDIOUSD,0.1224,0.132,0.1188,0.1281,67123.96515864998
2024-07-09T00:00:00Z,AUDIOUSD,0.1293,0.1313,0.1284,0.1313,25598.91775208
2024-07-10T00:00:00Z,AUDIOUSD,0.1291,0.1347,0.1287,0.1323,20887.95789313
2024-07-11T00:00:00Z,AUDIOUSD,0.1295,0.134,0.1284,0.1284,32616.940649610005
2024-07-12T00:00:00Z,AUDIOUSD,0.1262,0.1296,0.1247,0.1296,29102.456506099996
2024-07-13T00:00:00Z,AUDIOUSD,0.1273,0.1341,0.1273,0.1325,29804.832227609997
2024-07-14T00:00:00Z,AUDIOUSD,0.1339,0.1361,0.1307,0.1355,31688.305925440007
2024-07-15T00:00:00Z,AUDIOUSD,0.1359,0.1429,0.1351,0.1428,52391.37379117999
2024-07-16T00:00:00Z,AUDIOUSD,0.1429,0.1455,0.1375,0.1443,20423.7858707
2024-07-17T00:00:00Z,AUDIOUSD,0.1455,0.1495,0.1399,0.1446,58646.628778740014
2024-07-18T00:00:00Z,AUDIOUSD,0.1447,0.1468,0.1374,0.1412,18088.086972209996
2024-07-19T00:00:00Z,AUDIOUSD,0.1377,0.1459,0.1338,0.1457,12861.477796639998
2024-07-20T00:00:00Z,AUDIOUSD,0.145,0.1677,0.145,0.1513,98520.79002911
2024-07-21T00:00:00Z,AUDIOUSD,0.1513,0.1602,0.1467,0.1526,44598.252399820005
2024-07-22T00:00:00Z,AUDIOUSD,0.1552,0.1559,0.1462,0.1462,29090.55023876001
2024-07-23T00:00:00Z,AUDIOUSD,0.1488,0.1507,0.1392,0.1392,11479.131636889999
2024-07-24T00:00:00Z,AUDIOUSD,0.1419,0.1426,0.1349,0.1349,24089.88446639
2024-07-25T00:00:00Z,AUDIOUSD,0.134,0.1392,0.1268,0.1357,106909.54257517001
2024-07-26T00:00:00Z,AUDIOUSD,0.1371,0.1489,0.1367,0.1461,29340.49253853
2024-07-27T00:00:00Z,AUDIOUSD,0.1501,0.1502,0.1379,0.1453,5863.6585154
2024-07-28T00:00:00Z,AUDIOUSD,0.1423,0.1509,0.1358,0.1383,8777.036743690001
2024-07-29T00:00:00Z,AUDIOUSD,0.1388,0.1447,0.138,0.138,19170.522539129997
2024-07-30T00:00:00Z,AUDIOUSD,0.1353,0.143,0.128,0.1397,82354.41789479999
2024-07-31T00:00:00Z,AUDIOUSD,0.1403,0.1431,0.1324,0.1364,8979.373297000002
2024-08-01T00:00:00Z,AUDIOUSD,0.1302,0.134,0.1208,0.1322,83423.48818037997
2024-08-02T00:00:00Z,AUDIOUSD,0.1321,0.1321,0.1206,0.1211,29066.94443934
2024-08-03T00:00:00Z,AUDIOUSD,0.1206,0.1481,0.1091,0.1298,163588.20906663997
2024-08-04T00:00:00Z,AUDIOUSD,0.129,0.1406,0.1168,0.1222,188399.61399720996
2024-08-05T00:00:00Z,AUDIOUSD,0.1185,0.1188,0.0988,0.1084,306866.7950762099
2024-08-06T00:00:00Z,AUDIOUSD,0.1116,0.1193,0.1088,0.1152,15678.439757929998
2024-08-07T00:00:00Z,AUDIOUSD,0.1132,0.1184,0.1075,0.1094,11272.345264140004
2024-08-08T00:00:00Z,AUDIOUSD,0.1117,0.1356,0.1096,0.1232,143531.35481515003
2024-08-09T00:00:00Z,AUDIOUSD,0.1221,0.1274,0.117,0.122,51360.61153197001
2024-08-10T00:00:00Z,AUDIOUSD,0.1197,0.1221,0.1151,0.1219,18394.72434886
2024-08-11T00:00:00Z,AUDIOUSD,0.1209,0.135,0.1156,0.1166,91646.16918776005
2024-08-12T00:00:00Z,AUDIOUSD,0.1191,0.1284,0.1167,0.1207,53893.31901442001
2024-08-13T00:00:00Z,AUDIOUSD,0.1227,0.1271,0.1174,0.1178,11838.588339920001
2024-08-14T00:00:00Z,AUDIOUSD,0.1246,0.1257,0.1151,0.1235,6650.4875445299995
2024-08-15T00:00:00Z,AUDIOUSD,0.1239,0.1239,0.1145,0.1188,9816.507099649998
2024-08-16T00:00:00Z,AUDIOUSD,0.1169,0.1187,0.1134,0.1134,53918.37040399003
2024-08-17T00:00:00Z,AUDIOUSD,0.1174,0.1212,0.1144,0.1176,8589.10902894
2024-08-18T00:00:00Z,AUDIOUSD,0.1149,0.13,0.1149,0.1206,19690.286648319994
2024-08-19T00:00:00Z,AUDIOUSD,0.1186,0.125,0.116,0.1229,10890.098520700001
2024-08-20T00:00:00Z,AUDIOUSD,0.1239,0.1265,0.1189,0.126,26897.241157219993
2024-08-21T00:00:00Z,AUDIOUSD,0.1224,0.1258,0.1209,0.1258,8083.514725019999
2024-08-22T00:00:00Z,AUDIOUSD,0.1218,0.1271,0.1217,0.126,15383.23909083
2024-08-23T00:00:00Z,AUDIOUSD,0.1282,0.1358,0.1245,0.1327,36015.759331249996
2024-08-24T00:00:00Z,AUDIOUSD,0.1322,0.1672,0.1322,0.1575,87091.43983741001
2024-08-25T00:00:00Z,AUDIOUSD,0.1575,0.1679,0.144,0.151,131559.40966335995
2024-08-26T00:00:00Z,AUDIOUSD,0.1475,0.1557,0.1384,0.1384,55553.25630601998
2024-08-27T00:00:00Z,AUDIOUSD,0.1376,0.155,0.135,0.1355,62738.88559466999
2024-08-28T00:00:00Z,AUDIOUSD,0.1339,0.1453,0.1328,0.1379,127426.16972518996
2024-08-29T00:00:00Z,AUDIOUSD,0.1383,0.1451,0.1342,0.1346,29866.70509954
2024-08-30T00:00:00Z,AUDIOUSD,0.1342,0.1343,0.1266,0.1307,7902.669872159998
2024-08-31T00:00:00Z,AUDIOUSD,0.131,0.1314,0.1287,0.1287,6334.91073326
2024-09-01T00:00:00Z,AUDIOUSD,0.1274,0.1433,0.1258,0.1258,36055.508108639995
2024-09-02T00:00:00Z,AUDIOUSD,0.1285,0.134,0.1285,0.1304,15247.163767699998
2024-09-03T00:00:00Z,AUDIOUSD,0.1315,0.1318,0.1249,0.1261,19354.81062466
2024-09-04T00:00:00Z,AUDIOUSD,0.1248,0.1288,0.119,0.1288,57013.166055799986
2024-09-05T00:00:00Z,AUDIOUSD,0.1245,0.1259,0.118,0.1186,74140.7426453
2024-09-06T00:00:00Z,AUDIOUSD,0.1227,0.1281,0.1164,0.1181,11059.078490359998
2024-09-07T00:00:00Z,AUDIOUSD,0.1223,0.1233,0.1173,0.1173,11182.273186249999
2024-09-08T00:00:00Z,AUDIOUSD,0.1194,0.1273,0.1194,0.1235,11042.436447359996
2024-09-09T00:00:00Z,AUDIOUSD,0.1259,0.1304,0.1218,0.1278,12932.50364002
2024-09-10T00:00:00Z,AUDIOUSD,0.1277,0.1327,0.1251,0.1273,13289.60029192
2024-09-11T00:00:00Z,AUDIOUSD,0.1272,0.1287,0.122,0.1281,13118.98039347
2024-09-12T00:00:00Z,AUDIOUSD,0.1256,0.1288,0.1255,0.1281,742.7623900899999
2024-09-13T00:00:00Z,AUDIOUSD,0.1273,0.131,0.1203,0.1302,11328.61762153
2024-09-14T00:00:00Z,AUDIOUSD,0.1278,0.1279,0.1248,0.1262,11234.811320370001
2024-09-15T00:00:00Z,AUDIOUSD,0.1247,0.1287,0.1246,0.1246,576.2961622600001
2024-09-16T00:00:00Z,AUDIOUSD,0.1233,0.1242,0.1191,0.1234,14974.157636029999
2024-09-17T00:00:00Z,AUDIOUSD,0.1192,0.1272,0.1192,0.1272,17308.56096211
2024-09-18T00:00:00Z,AUDIOUSD,0.1264,0.1288,0.1194,0.1288,20030.54240159
2024-09-19T00:00:00Z,AUDIOUSD,0.128,0.1335,0.1264,0.1296,42518.117254269986
2024-09-20T00:00:00Z,AUDIOUSD,0.1302,0.1379,0.1292,0.1345,26381.283682019995
2024-09-21T00:00:00Z,AUDIOUSD,0.1336,0.1364,0.1318,0.1344,55460.63727489
2024-09-22T00:00:00Z,AUDIOUSD,0.133,0.133,0.1289,0.1298,953.2016367200001
2024-09-23T00:00:00Z,AUDIOUSD,0.1316,0.1372,0.1279,0.1338,8997.97025337
2024-09-24T00:00:00Z,AUDIOUSD,0.1338,0.1386,0.129,0.1354,144153.32113755003
2024-09-25T00:00:00Z,AUDIOUSD,0.1357,0.1376,0.1316,0.1339,5840.1478805
2024-09-26T00:00:00Z,AUDIOUSD,0.1333,0.1422,0.1316,0.1351,42302.66810483
2024-09-27T00:00:00Z,AUDIOUSD,0.1408,0.1422,0.1357,0.1402,4853.795611300001
2024-09-28T00:00:00Z,AUDIOUSD,0.1425,0.1425,0.1352,0.1388,2899.9023405799994
2024-09-29T00:00:00Z,AUDIOUSD,0.1401,0.1437,0.14,0.1437,2875.6165433399997
2024-09-30T00:00:00Z,AUDIOUSD,0.1388,0.143,0.1322,0.1322,58405.39060993
2024-10-01T00:00:00Z,AUDIOUSD,0.1376,0.1376,0.1173,0.119,53560.92519412002
2024-10-02T00:00:00Z,AUDIOUSD,0.1188,0.126,0.1141,0.1175,80256.9891595
2024-10-03T00:00:00Z,AUDIOUSD,0.11740,0.11910,0.10980,0.10980,43065.12262638
2024-10-04T00:00:00Z,AUDIOUSD,0.10910,0.12100,0.10900,0.11910,22459.88669224
2024-10-05T00:00:00Z,AUDIOUSD,0.12100,0.12490,0.11490,0.11670,10964.72400233
2024-10-06T00:00:00Z,AUDIOUSD,0.11830,0.14290,0.11680,0.12730,157734.57395953
2024-10-07T00:00:00Z,AUDIOUSD,0.12750,0.13880,0.12000,0.12260,97545.29861827
2024-10-08T00:00:00Z,AUDIOUSD,0.12360,0.12740,0.11880,0.11950,55872.28316071
2024-10-09T00:00:00Z,AUDIOUSD,0.11890,0.12210,0.11500,0.11960,8515.19437597
2024-10-10T00:00:00Z,AUDIOUSD,0.11500,0.12540,0.11310,0.11790,40473.19362859
2024-10-11T00:00:00Z,AUDIOUSD,0.12040,0.12610,0.11700,0.12610,19924.03017617
2024-10-12T00:00:00Z,AUDIOUSD,0.11900,0.12650,0.11900,0.12280,8294.21868184
2024-10-13T00:00:00Z,AUDIOUSD,0.12310,0.12510,0.11700,0.12070,12470.10571660
2024-10-14T00:00:00Z,AUDIOUSD,0.11860,0.12860,0.11860,0.12860,69162.36202637
2024-10-15T00:00:00Z,AUDIOUSD,0.12620,0.12700,0.12150,0.12300,17716.98276941
2024-10-16T00:00:00Z,AUDIOUSD,0.12200,0.12570,0.12100,0.12570,39192.90296550
2024-10-17T00:00:00Z,AUDIOUSD,0.12330,0.12570,0.11850,0.11880,15940.20271940
2024-10-18T00:00:00Z,AUDIOUSD,0.12070,0.12430,0.11990,0.12150,1451.59192608
2024-10-19T00:00:00Z,AUDIOUSD,0.12180,0.12810,0.11820,0.12810,18632.58080292
2024-10-20T00:00:00Z,AUDIOUSD,0.12560,0.14030,0.12540,0.13570,96148.74688933
2024-10-21T00:00:00Z,AUDIOUSD,0.13540,0.13540,0.12980,0.13070,5539.25746335
2024-10-22T00:00:00Z,AUDIOUSD,0.12850,0.13320,0.12550,0.12810,6644.89365585
2024-10-23T00:00:00Z,AUDIOUSD,0.12600,0.14690,0.12580,0.12860,101167.99473193
2024-10-24T00:00:00Z,AUDIOUSD,0.13570,0.14160,0.12870,0.13030,84348.96203798
2024-10-25T00:00:00Z,AUDIOUSD,0.12850,0.13030,0.11350,0.11810,58224.70384851
2024-10-26T00:00:00Z,AUDIOUSD,0.11600,0.12340,0.11600,0.11940,44167.93814626
2024-10-27T00:00:00Z,AUDIOUSD,0.11970,0.12230,0.11860,0.12150,3427.76502840
2024-10-28T00:00:00Z,AUDIOUSD,0.12080,0.12460,0.11430,0.12460,38613.03684132
2024-10-29T00:00:00Z,AUDIOUSD,0.12050,0.12660,0.11670,0.12660,24354.34249412
2024-10-30T00:00:00Z,AUDIOUSD,0.12450,0.12540,0.12010,0.12310,11257.72385423
2024-10-31T00:00:00Z,AUDIOUSD,0.12080,0.12080,0.11630,0.11710,6843.88791566
2024-11-01T00:00:00Z,AUDIOUSD,0.11760,0.12640,0.11580,0.11750,17288.29322822
2024-11-02T00:00:00Z,AUDIOUSD,0.11940,0.12770,0.11850,0.12170,13469.66415596
2024-11-03T00:00:00Z,AUDIOUSD,0.11930,0.11950,0.10990,0.11480,62028.09438891
2024-11-04T00:00:00Z,AUDIOUSD,0.11330,0.11800,0.10880,0.10880,57086.83533268
2024-11-05T00:00:00Z,AUDIOUSD,0.11300,0.11760,0.11250,0.11270,19395.67049939
2024-11-06T00:00:00Z,AUDIOUSD,0.11680,0.12270,0.11380,0.11980,50464.93946156
2024-11-07T00:00:00Z,AUDIOUSD,0.12020,0.12600,0.11720,0.12300,46808.29231922
2024-11-08T00:00:00Z,AUDIOUSD,0.12300,0.13880,0.12160,0.12820,108352.96399650
2024-11-09T00:00:00Z,AUDIOUSD,0.12910,0.13600,0.12400,0.13240,51627.09977557
2024-11-10T00:00:00Z,AUDIOUSD,0.13060,0.15500,0.12750,0.13380,230013.23071249
2024-11-11T00:00:00Z,AUDIOUSD,0.13550,0.15350,0.13130,0.14230,154090.66903654
2024-11-12T00:00:00Z,AUDIOUSD,0.14400,0.14930,0.12920,0.13820,113598.76899244
2024-11-13T00:00:00Z,AUDIOUSD,0.13930,0.14190,0.12750,0.12980,268334.31185918
2024-11-14T00:00:00Z,AUDIOUSD,0.13260,0.13520,0.10050,0.12640,253554.72375509
2024-11-15T00:00:00Z,AUDIOUSD,0.12760,0.13550,0.12640,0.13460,13970.46526704
2024-11-16T00:00:00Z,AUDIOUSD,0.13540,0.14770,0.13440,0.14200,48044.95468327
2024-11-17T00:00:00Z,AUDIOUSD,0.14470,0.16710,0.13510,0.13690,206158.68274734
2024-11-18T00:00:00Z,AUDIOUSD,0.14170,0.15580,0.13410,0.14640,91340.08154701
2024-11-19T00:00:00Z,AUDIOUSD,0.15160,0.15280,0.14050,0.14230,25197.93939781
2024-11-20T00:00:00Z,AUDIOUSD,0.14010,0.14980,0.13160,0.13550,46705.72363534
2024-11-21T00:00:00Z,AUDIOUSD,0.13950,0.14650,0.13440,0.14170,29410.52622559
2024-11-22T00:00:00Z,AUDIOUSD,0.14150,0.14990,0.13870,0.14930,168547.53462111
2024-11-23T00:00:00Z,AUDIOUSD,0.14860,0.18150,0.14670,0.16560,302867.50583905
2024-11-24T00:00:00Z,AUDIOUSD,0.16190,0.17710,0.15500,0.16890,160940.17633467
2024-11-25T00:00:00Z,AUDIOUSD,0.16960,0.17690,0.16150,0.16940,194832.58710842
2024-11-26T00:00:00Z,AUDIOUSD,0.16360,0.17340,0.15470,0.16120,112940.90594291
2024-11-27T00:00:00Z,AUDIOUSD,0.15800,0.17840,0.15800,0.17470,66223.93802126
2024-11-28T00:00:00Z,AUDIOUSD,0.17570,0.18690,0.16960,0.17720,163929.22339796
2024-11-29T00:00:00Z,AUDIOUSD,0.17600,0.18590,0.17360,0.18180,28711.56565089
2024-11-30T00:00:00Z,AUDIOUSD,0.17920,0.19300,0.17590,0.18630,138417.16564183
2024-12-01T00:00:00Z,AUDIOUSD,0.18990,0.19650,0.18090,0.18880,179157.41224758
2024-12-02T00:00:00Z,AUDIOUSD,0.19000,0.19280,0.17660,0.19280,107454.31324817
2024-12-03T00:00:00Z,AUDIOUSD,0.18990,0.21590,0.18400,0.21580,609491.40999876
2024-12-04T00:00:00Z,AUDIOUSD,0.21560,0.25990,0.20510,0.21650,470784.00014962
2024-12-05T00:00:00Z,AUDIOUSD,0.21440,0.23630,0.20990,0.21730,332216.02939801
2024-12-06T00:00:00Z,AUDIOUSD,0.21700,0.24060,0.21660,0.23050,221216.37040045
2024-12-07T00:00:00Z,AUDIOUSD,0.23150,0.24060,0.21970,0.22640,108918.36725876
2024-12-08T00:00:00Z,AUDIOUSD,0.22430,0.23650,0.21960,0.23070,52502.17654771
2024-12-09T00:00:00Z,AUDIOUSD,0.22800,0.22800,0.17380,0.19590,353941.39606948
2024-12-10T00:00:00Z,AUDIOUSD,0.18920,0.19670,0.16220,0.17730,302131.94859589
2024-12-11T00:00:00Z,AUDIOUSD,0.17750,0.20110,0.17080,0.19240,123663.87498438
2024-12-12T00:00:00Z,AUDIOUSD,0.19360,0.21880,0.19090,0.21540,66035.03755472
2024-12-13T00:00:00Z,AUDIOUSD,0.21620,0.22130,0.20140,0.20960,95475.89093008
2024-12-14T00:00:00Z,AUDIOUSD,0.20730,0.21060,0.19270,0.20150,76711.75816039
2024-12-15T00:00:00Z,AUDIOUSD,0.20590,0.20630,0.19590,0.20030,59950.32513299
2024-12-16T00:00:00Z,AUDIOUSD,0.20150,0.21190,0.19340,0.19560,61777.10101842
2024-12-17T00:00:00Z,AUDIOUSD,0.19460,0.19600,0.18580,0.18580,17048.54596388
2024-12-18T00:00:00Z,AUDIOUSD,0.18280,0.18890,0.16700,0.17060,54663.39882679
2024-12-19T00:00:00Z,AUDIOUSD,0.17000,0.17640,0.15170,0.15830,150246.08809648
2024-12-20T00:00:00Z,AUDIOUSD,0.15580,0.16380,0.13580,0.16370,285975.53890910
2024-12-21T00:00:00Z,AUDIOUSD,0.16100,0.16910,0.15000,0.15000,112377.24582087
2024-12-22T00:00:00Z,AUDIOUSD,0.15270,0.15700,0.14680,0.15210,82988.88721567
2024-12-23T00:00:00Z,AUDIOUSD,0.14960,0.16180,0.14680,0.16080,49327.31830293
2024-12-24T00:00:00Z,AUDIOUSD,0.16000,0.16760,0.15650,0.16380,23405.79807650
2024-12-25T00:00:00Z,AUDIOUSD,0.16290,0.16520,0.15820,0.16060,41734.92389789
2024-12-26T00:00:00Z,AUDIOUSD,0.16140,0.19240,0.15200,0.16410,188927.29979867
2024-12-27T00:00:00Z,AUDIOUSD,0.16450,0.18040,0.15950,0.16270,114287.19490759
2024-12-28T00:00:00Z,AUDIOUSD,0.16370,0.17080,0.16280,0.16900,27629.95668887
2024-12-29T00:00:00Z,AUDIOUSD,0.16630,0.16710,0.15710,0.15940,51378.29078439
2024-12-30T00:00:00Z,AUDIOUSD,0.16350,0.16950,0.15340,0.15660,34958.28273688
2024-12-31T00:00:00Z,AUDIOUSD,0.15630,0.15930,0.15100,0.15310,68440.02376298
2025-01-01T00:00:00Z,AUDIOUSD,0.15410,0.15810,0.15180,0.15770,29841.98421777
2025-01-02T00:00:00Z,AUDIOUSD,0.15780,0.16900,0.15630,0.16060,70910.72345040
2025-01-03T00:00:00Z,AUDIOUSD,0.15840,0.16940,0.15780,0.16720,58908.26661857
2025-01-04T00:00:00Z,AUDIOUSD,0.16710,0.16940,0.16520,0.16930,39573.69964433
2025-01-05T00:00:00Z,AUDIOUSD,0.16860,0.16900,0.16370,0.16840,50818.49061923
2025-01-06T00:00:00Z,AUDIOUSD,0.16630,0.17290,0.16610,0.16940,49593.31437275
2025-01-07T00:00:00Z,AUDIOUSD,0.16870,0.16870,0.15020,0.15100,96721.01173108
2025-01-08T00:00:00Z,AUDIOUSD,0.15170,0.15210,0.14040,0.14600,215802.35861935
2025-01-09T00:00:00Z,AUDIOUSD,0.14690,0.14870,0.13930,0.14320,115702.10977818
2025-01-10T00:00:00Z,AUDIOUSD,0.14460,0.14880,0.14230,0.14570,43422.89649011
2025-01-11T00:00:00Z,AUDIOUSD,0.14640,0.14640,0.14200,0.14540,51028.75245065
2025-01-12T00:00:00Z,AUDIOUSD,0.14610,0.15080,0.14010,0.14010,74358.92302051
2025-01-13T00:00:00Z,AUDIOUSD,0.14490,0.14490,0.12670,0.13610,116952.77205676
2025-01-14T00:00:00Z,AUDIOUSD,0.13620,0.14290,0.13620,0.14290,87266.31500947
2025-01-15T00:00:00Z,AUDIOUSD,0.14240,0.14960,0.13840,0.14920,119264.11562867
2025-01-16T00:00:00Z,AUDIOUSD,0.14870,0.15270,0.14090,0.14760,170011.00284631
2025-01-17T00:00:00Z,AUDIOUSD,0.14980,0.16910,0.14970,0.16100,125072.82785861
2025-01-18T00:00:00Z,AUDIOUSD,0.16270,0.16280,0.14560,0.14960,147158.74021610
2025-01-19T00:00:00Z,AUDIOUSD,0.15040,0.15280,0.13550,0.13840,175950.31039446
2025-01-20T00:00:00Z,AUDIOUSD,0.13840,0.14730,0.13100,0.13560,251008.49947562
2025-01-21T00:00:00Z,AUDIOUSD,0.13360,0.14160,0.12700,0.13810,51270.79636321
2025-01-22T00:00:00Z,AUDIOUSD,0.13930,0.14330,0.12910,0.13090,80707.12163925
2025-01-23T00:00:00Z,AUDIOUSD,0.13200,0.15240,0.12900,0.14070,249514.81516542
2025-01-24T00:00:00Z,AUDIOUSD,0.14310,0.14430,0.13270,0.13370,39364.95013308
2025-01-25T00:00:00Z,AUDIOUSD,0.13180,0.13680,0.13050,0.13560,62218.15837276
2025-01-26T00:00:00Z,AUDIOUSD,0.13670,0.15010,0.13350,0.13640,166648.49225610
2025-01-27T00:00:00Z,AUDIOUSD,0.13310,0.13580,0.12270,0.13230,102953.21513566
2025-01-28T00:00:00Z,AUDIOUSD,0.13290,0.13500,0.12350,0.12380,46440.04768376
2025-01-29T00:00:00Z,AUDIOUSD,0.12390,0.13020,0.12320,0.12820,36864.67127974
2025-01-30T00:00:00Z,AUDIOUSD,0.12600,0.13300,0.12600,0.12850,30396.06835611
2025-01-31T00:00:00Z,AUDIOUSD,0.12980,0.13480,0.12780,0.13000,61767.26318255
2025-02-01T00:00:00Z,AUDIOUSD,0.12990,0.13270,0.11990,0.11990,111105.57131722
2025-02-02T00:00:00Z,AUDIOUSD,0.12190,0.12190,0.10040,0.10490,331287.59411329
2025-02-03T00:00:00Z,AUDIOUSD,0.10230,0.10670,0.08100,0.10530,531431.17023825
2025-02-04T00:00:00Z,AUDIOUSD,0.10560,0.11180,0.09650,0.10270,834403.13662824
2025-02-05T00:00:00Z,AUDIOUSD,0.10240,0.12410,0.10070,0.10770,327773.66160635
2025-02-06T00:00:00Z,AUDIOUSD,0.10780,0.11450,0.09880,0.10180,282520.29520121
2025-02-07T00:00:00Z,AUDIOUSD,0.10230,0.10640,0.09650,0.09650,92754.37857075
2025-02-08T00:00:00Z,AUDIOUSD,0.09880,0.10600,0.09820,0.10510,105987.30902207
2025-02-09T00:00:00Z,AUDIOUSD,0.10460,0.10650,0.09630,0.09940,81064.49839935
2025-02-10T00:00:00Z,AUDIOUSD,0.10080,0.10400,0.09660,0.10160,76701.99240813
2025-02-11T00:00:00Z,AUDIOUSD,0.10160,0.10490,0.09920,0.09980,119092.91272558
2025-02-12T00:00:00Z,AUDIOUSD,0.10050,0.10380,0.09700,0.10370,93103.12329310
2025-02-13T00:00:00Z,AUDIOUSD,0.10450,0.10450,0.09920,0.10050,39747.16210263
2025-02-14T00:00:00Z,AUDIOUSD,0.10010,0.10560,0.10010,0.10420,33955.03519440
2025-02-15T00:00:00Z,AUDIOUSD,0.10440,0.10600,0.09880,0.10210,31826.04292912
2025-02-16T00:00:00Z,AUDIOUSD,0.10180,0.11820,0.10170,0.10600,208467.94770109
2025-02-17T00:00:00Z,AUDIOUSD,0.10580,0.10680,0.09940,0.10180,93644.79302655
2025-02-18T00:00:00Z,AUDIOUSD,0.10150,0.10150,0.09450,0.09480,61539.89014432
2025-02-19T00:00:00Z,AUDIOUSD,0.09690,0.10040,0.09630,0.09690,73745.83052585
2025-02-20T00:00:00Z,AUDIOUSD,0.09940,0.10200,0.09900,0.10030,54633.75467165
2025-02-21T00:00:00Z,AUDIOUSD,0.10020,0.10630,0.09410,0.09610,76223.67676386
2025-02-22T00:00:00Z,AUDIOUSD,0.09650,0.09950,0.09580,0.09710,46762.65700512
2025-02-23T00:00:00Z,AUDIOUSD,0.09790,0.09970,0.09640,0.09760,16455.35609874
2025-02-24T00:00:00Z,AUDIOUSD,0.09740,0.09740,0.08700,0.08710,77276.20763518
2025-02-25T00:00:00Z,AUDIOUSD,0.08650,0.09060,0.08330,0.08900,125868.12165896
2025-02-26T00:00:00Z,AUDIOUSD,0.08750,0.09050,0.08560,0.08910,82565.97834614
2025-02-27T00:00:00Z,AUDIOUSD,0.08880,0.09770,0.08780,0.08810,187211.50767748
2025-02-28T00:00:00Z,AUDIOUSD,0.08620,0.08990,0.08480,0.08980,48927.56750320
2025-03-01T00:00:00Z,AUDIOUSD,0.08980,0.09040,0.08610,0.08840,66121.98552327
2025-03-02T00:00:00Z,AUDIOUSD,0.08840,0.09510,0.08710,0.09360,44520.90155260
2025-03-03T00:00:00Z,AUDIOUSD,0.09460,0.09510,0.08280,0.08370,201306.14490853
2025-03-04T00:00:00Z,AUDIOUSD,0.08320,0.08350,0.07870,0.08310,165049.40890769
2025-03-05T00:00:00Z,AUDIOUSD,0.08140,0.08550,0.08090,0.08290,56181.16890329
2025-03-06T00:00:00Z,AUDIOUSD,0.08410,0.08550,0.08100,0.08260,58522.60739237
2025-03-07T00:00:00Z,AUDIOUSD,0.08060,0.08420,0.07990,0.08110,35960.09933199
2025-03-08T00:00:00Z,AUDIOUSD,0.08100,0.08130,0.07920,0.07940,28579.90913201
2025-03-09T00:00:00Z,AUDIOUSD,0.08020,0.10650,0.07750,0.08540,1559492.98683742
2025-03-10T00:00:00Z,AUDIOUSD,0.08430,0.11130,0.08270,0.08770,1700539.46514642
2025-03-11T00:00:00Z,AUDIOUSD,0.08870,0.09210,0.08020,0.08240,414633.57993882
2025-03-12T00:00:00Z,AUDIOUSD,0.08290,0.08480,0.07990,0.08370,116339.28272981
2025-03-13T00:00:00Z,AUDIOUSD,0.08230,0.08510,0.07810,0.08070,146221.27772541
2025-03-14T00:00:00Z,AUDIOUSD,0.08010,0.08680,0.08010,0.08410,139885.92661407
2025-03-15T00:00:00Z,AUDIOUSD,0.08190,0.08530,0.08110,0.08110,37193.18943031
2025-03-16T00:00:00Z,AUDIOUSD,0.08220,0.08530,0.07950,0.08010,75977.26139436
2025-03-17T00:00:00Z,AUDIOUSD,0.08130,0.08950,0.08120,0.08420,132076.12113920
2025-03-18T00:00:00Z,AUDIOUSD,0.08520,0.08520,0.07910,0.07990,99431.40282102
2025-03-19T00:00:00Z,AUDIOUSD,0.08180,0.08210,0.07940,0.08130,85191.17724187
2025-03-20T00:00:00Z,AUDIOUSD,0.07980,0.08500,0.07970,0.08240,82673.73328686
2025-03-21T00:00:00Z,AUDIOUSD,0.08160,0.08160,0.08010,0.08010,21108.76338872
2025-03-22T00:00:00Z,AUDIOUSD,0.07970,0.08170,0.07960,0.08140,16458.42089037
2025-03-23T00:00:00Z,AUDIOUSD,0.08010,0.08040,0.07900,0.07900,8707.46818494
2025-03-24T00:00:00Z,AUDIOUSD,0.08040,0.08260,0.07980,0.08160,27526.89458124
2025-03-25T00:00:00Z,AUDIOUSD,0.08330,0.08330,0.08040,0.08170,18918.87799136
2025-03-26T00:00:00Z,AUDIOUSD,0.08200,0.08410,0.08050,0.08050,75698.82733435
2025-03-27T00:00:00Z,AUDIOUSD,0.08120,0.08220,0.07990,0.08120,175515.58150908
2025-03-28T00:00:00Z,AUDIOUSD,0.07910,0.07910,0.07510,0.07560,43145.73540675
2025-03-29T00:00:00Z,AUDIOUSD,0.07680,0.09230,0.07550,0.07910,522796.03400440
2025-03-30T00:00:00Z,AUDIOUSD,0.07920,0.08220,0.07650,0.07730,192012.94346544
2025-03-31T00:00:00Z,AUDIOUSD,0.07770,0.08040,0.07540,0.07600,133272.16467085
2025-04-01T00:00:00Z,AUDIOUSD,0.07620,0.07690,0.07470,0.07490,35550.64879528
2025-04-02T00:00:00Z,AUDIOUSD,0.07420,0.07420,0.06790,0.06820,142299.99266171
2025-04-03T00:00:00Z,AUDIOUSD,0.06840,0.07040,0.06540,0.06760,189788.95313002
2025-04-04T00:00:00Z,AUDIOUSD,0.06750,0.07290,0.06750,0.06920,156204.66854346
2025-04-05T00:00:00Z,AUDIOUSD,0.06870,0.06890,0.06580,0.06710,52056.29446342
2025-04-06T00:00:00Z,AUDIOUSD,0.06740,0.07110,0.06030,0.06140,144896.89085294
2025-04-07T00:00:00Z,AUDIOUSD,0.06210,0.06340,0.05620,0.06200,234556.66802280
2025-04-08T00:00:00Z,AUDIOUSD,0.06170,0.06270,0.05670,0.05760,120197.62035420
2025-04-09T00:00:00Z,AUDIOUSD,0.05660,0.06320,0.05660,0.06270,163785.73092315
2025-04-10T00:00:00Z,AUDIOUSD,0.06260,0.06260,0.06000,0.06080,156296.57377692
2025-04-11T00:00:00Z,AUDIOUSD,0.06110,0.06290,0.06080,0.06220,275663.74441049
2025-04-12T00:00:00Z,AUDIOUSD,0.06170,0.06780,0.06170,0.06590,400215.06910217
2025-04-13T00:00:00Z,AUDIOUSD,0.06570,0.06810,0.06130,0.06130,218697.09068547
2025-04-14T00:00:00Z,AUDIOUSD,0.06190,0.06550,0.06190,0.06350,245044.00681711
2025-04-15T00:00:00Z,AUDIOUSD,0.06290,0.06660,0.06150,0.06200,127887.63313608
2025-04-16T00:00:00Z,AUDIOUSD,0.06090,0.06680,0.06090,0.06180,109008.27926309
2025-04-17T00:00:00Z,AUDIOUSD,0.06160,0.06470,0.06120,0.06200,122148.37490855
2025-04-18T00:00:00Z,AUDIOUSD,0.06080,0.06750,0.06080,0.06220,343481.98964865
2025-04-19T00:00:00Z,AUDIOUSD,0.06310,0.06590,0.06240,0.06360,89600.30843367
2025-04-20T00:00:00Z,AUDIOUSD,0.06410,0.06810,0.06250,0.06290,91024.70466734
2025-04-21T00:00:00Z,AUDIOUSD,0.06490,0.10990,0.06460,0.08460,836737.30239564
2025-04-22T00:00:00Z,AUDIOUSD,0.08390,0.09950,0.07490,0.07760,1172066.58931364
2025-04-23T00:00:00Z,AUDIOUSD,0.07680,0.08060,0.07420,0.07530,336170.36137406
2025-04-24T00:00:00Z,AUDIOUSD,0.07500,0.07660,0.07250,0.07530,445390.00767798
2025-04-25T00:00:00Z,AUDIOUSD,0.07550,0.08020,0.07380,0.07760,560438.27067202
2025-04-26T00:00:00Z,AUDIOUSD,0.07750,0.08040,0.07630,0.08010,342705.49204254
2025-04-27T00:00:00Z,AUDIOUSD,0.07920,0.07950,0.07410,0.07570,285375.13498733
2025-04-28T00:00:00Z,AUDIOUSD,0.07460,0.07980,0.07380,0.07650,187670.67562733
2025-04-29T00:00:00Z,AUDIOUSD,0.07750,0.07750,0.07150,0.07330,1192203.24427551
2025-04-30T00:00:00Z,AUDIOUSD,0.07390,0.07850,0.07320,0.07490,195194.68753846
2025-05-01T00:00:00Z,AUDIOUSD,0.07540,0.07840,0.07530,0.07670,123146.49510444
2025-05-02T00:00:00Z,AUDIOUSD,0.07580,0.07650,0.07490,0.07530,47256.62000038
2025-05-03T00:00:00Z,AUDIOUSD,0.07440,0.07750,0.07180,0.07250,184149.07124923
2025-05-04T00:00:00Z,AUDIOUSD,0.07100,0.07380,0.06880,0.06970,145109.44347221
2025-05-05T00:00:00Z,AUDIOUSD,0.07130,0.08120,0.06930,0.07680,354699.65982831
2025-05-06T00:00:00Z,AUDIOUSD,0.07680,0.07820,0.06880,0.07050,399037.52858510
2025-05-07T00:00:00Z,AUDIOUSD,0.07170,0.07210,0.06910,0.07060,95091.86906339
2025-05-08T00:00:00Z,AUDIOUSD,0.07020,0.08130,0.07010,0.07550,357506.53885759
2025-05-09T00:00:00Z,AUDIOUSD,0.07500,0.08040,0.07500,0.07900,300870.11733521
2025-05-10T00:00:00Z,AUDIOUSD,0.07940,0.08430,0.07920,0.08370,429966.36323801
2025-05-11T00:00:00Z,AUDIOUSD,0.08490,0.08550,0.07980,0.08180,246218.92705881
2025-05-12T00:00:00Z,AUDIOUSD,0.08200,0.08330,0.07660,0.07940,155430.93023220
2025-05-13T00:00:00Z,AUDIOUSD,0.07760,0.08310,0.07760,0.08190,111189.80528500
2025-05-14T00:00:00Z,AUDIOUSD,0.08240,0.08480,0.07960,0.08100,287970.25999281
2025-05-15T00:00:00Z,AUDIOUSD,0.08020,0.08050,0.07530,0.07680,268102.88282577
2025-05-16T00:00:00Z,AUDIOUSD,0.07700,0.08020,0.07560,0.07600,301221.80225502
2025-05-17T00:00:00Z,AUDIOUSD,0.07470,0.07620,0.07390,0.07410,173562.88639355
2025-05-18T00:00:00Z,AUDIOUSD,0.07480,0.07730,0.07360,0.07700,74439.34198494
2025-05-19T00:00:00Z,AUDIOUSD,0.07670,0.07670,0.07300,0.07480,228016.68534181
2025-05-20T00:00:00Z,AUDIOUSD,0.07550,0.07580,0.07380,0.07580,52598.75844703
2025-05-21T00:00:00Z,AUDIOUSD,0.07490,0.07660,0.07390,0.07610,292682.37160343
2025-05-22T00:00:00Z,AUDIOUSD,0.07640,0.08170,0.07580,0.07900,156827.16857971
2025-05-23T00:00:00Z,AUDIOUSD,0.07890,0.08000,0.07300,0.07360,91456.39192912
2025-05-24T00:00:00Z,AUDIOUSD,0.07360,0.08480,0.07360,0.08020,423746.52708691
2025-05-25T00:00:00Z,AUDIOUSD,0.08030,0.08210,0.07400,0.07530,346133.07260914
2025-05-26T00:00:00Z,AUDIOUSD,0.07560,0.07730,0.07450,0.07480,114194.64301791
2025-05-27T00:00:00Z,AUDIOUSD,0.07540,0.07670,0.07430,0.07570,36985.21868090
2025-05-28T00:00:00Z,AUDIOUSD,0.07610,0.07680,0.07420,0.07430,41421.15963239
2025-05-29T00:00:00Z,AUDIOUSD,0.07550,0.08910,0.07370,0.07430,261075.37650140
2025-05-30T00:00:00Z,AUDIOUSD,0.07200,0.07440,0.06720,0.06740,187327.59812825
2025-05-31T00:00:00Z,AUDIOUSD,0.06740,0.07470,0.06500,0.06940,214526.93607607
2025-06-01T00:00:00Z,AUDIOUSD,0.06920,0.07130,0.06820,0.06980,141020.75446711
2025-06-02T00:00:00Z,AUDIOUSD,0.06960,0.07090,0.06790,0.06930,69012.73221424
2025-06-03T00:00:00Z,AUDIOUSD,0.07000,0.07090,0.06920,0.07000,42588.10562737
2025-06-04T00:00:00Z,AUDIOUSD,0.07020,0.07040,0.06820,0.06900,81345.13498931
2025-06-05T00:00:00Z,AUDIOUSD,0.06890,0.06980,0.06410,0.06580,56802.72124781
2025-06-06T00:00:00Z,AUDIOUSD,0.06510,0.06730,0.06480,0.06550,121362.40181726
2025-06-07T00:00:00Z,AUDIOUSD,0.06680,0.06770,0.06680,0.06740,11784.87925139
2025-06-08T00:00:00Z,AUDIOUSD,0.06750,0.06900,0.06650,0.06820,41949.85655015
2025-06-09T00:00:00Z,AUDIOUSD,0.06800,0.07000,0.06610,0.07000,385223.24799369
2025-06-10T00:00:00Z,AUDIOUSD,0.06980,0.07130,0.06900,0.07130,86594.25496272
2025-06-11T00:00:00Z,AUDIOUSD,0.07040,0.07090,0.06800,0.06800,43625.63272797
2025-06-12T00:00:00Z,AUDIOUSD,0.06780,0.06830,0.06500,0.06550,165675.72418194
2025-06-13T00:00:00Z,AUDIOUSD,0.06460,0.06460,0.06030,0.06250,71032.92660061
2025-06-14T00:00:00Z,AUDIOUSD,0.06250,0.06520,0.06090,0.06300,68932.10303469
2025-06-15T00:00:00Z,AUDIOUSD,0.06380,0.06550,0.06170,0.06280,62607.53937286
2025-06-16T00:00:00Z,AUDIOUSD,0.06360,0.06470,0.06340,0.06340,2366.39346078
2025-06-17T00:00:00Z,AUDIOUSD,0.06230,0.07020,0.05870,0.05930,217055.40373915
2025-06-18T00:00:00Z,AUDIOUSD,0.05830,0.05910,0.05670,0.05890,173318.12605245
2025-06-19T00:00:00Z,AUDIOUSD,0.05900,0.06060,0.05800,0.05870,216176.15094345
2025-06-20T00:00:00Z,AUDIOUSD,0.05910,0.06030,0.05650,0.05690,147303.40340923
2025-06-21T00:00:00Z,AUDIOUSD,0.05680,0.05760,0.05400,0.05410,60672.27501681
2025-06-22T00:00:00Z,AUDIOUSD,0.05500,0.05540,0.04960,0.04990,257792.65337829
2025-06-23T00:00:00Z,AUDIOUSD,0.05170,0.05620,0.05020,0.05610,208342.25323628
2025-06-24T00:00:00Z,AUDIOUSD,0.05650,0.05680,0.05480,0.05590,333629.06210636
2025-06-25T00:00:00Z,AUDIOUSD,0.05680,0.05980,0.05470,0.05580,273447.93776796
2025-06-26T00:00:00Z,AUDIOUSD,0.05530,0.06250,0.05530,0.05670,703424.10549687
2025-06-27T00:00:00Z,AUDIOUSD,0.05640,0.05840,0.05520,0.05640,197047.13165541
2025-06-28T00:00:00Z,AUDIOUSD,0.05660,0.05710,0.05590,0.05670,85819.43407275
2025-06-29T00:00:00Z,AUDIOUSD,0.05720,0.05790,0.05670,0.05790,68454.45980064
2025-06-30T00:00:00Z,AUDIOUSD,0.05830,0.05830,0.05620,0.05620,51050.45998950
2025-07-01T00:00:00Z,AUDIOUSD,0.05630,0.05860,0.05430,0.05510,336962.22191235
2025-07-02T00:00:00Z,AUDIOUSD,0.05530,0.05830,0.05470,0.05800,142393.78996345
2025-07-03T00:00:00Z,AUDIOUSD,0.05790,0.05840,0.05680,0.05820,156309.33857110
2025-07-04T00:00:00Z,AUDIOUSD,0.05750,0.06040,0.05300,0.05530,338533.05782535
2025-07-05T00:00:00Z,AUDIOUSD,0.05470,0.06440,0.05310,0.05660,800934.36142522
2025-07-06T00:00:00Z,AUDIOUSD,0.05620,0.05720,0.05510,0.05720,54923.36141671
2025-07-07T00:00:00Z,AUDIOUSD,0.05690,0.05690,0.05500,0.05540,31930.10753879
2025-07-08T00:00:00Z,AUDIOUSD,0.05480,0.06170,0.05480,0.05690,224617.32982835
2025-07-09T00:00:00Z,AUDIOUSD,0.05680,0.05880,0.05620,0.05840,123536.41703113
2025-07-10T00:00:00Z,AUDIOUSD,0.05870,0.06050,0.05740,0.06050,118698.26952703
2025-07-11T00:00:00Z,AUDIOUSD,0.06070,0.06350,0.05990,0.06190,239867.58083702
2025-07-12T00:00:00Z,AUDIOUSD,0.06190,0.07020,0.06140,0.06560,279827.86611791
2025-07-13T00:00:00Z,AUDIOUSD,0.06580,0.06740,0.06340,0.06450,292994.81313565
2025-07-14T00:00:00Z,AUDIOUSD,0.06330,0.06670,0.06310,0.06430,510180.99375686
2025-07-15T00:00:00Z,AUDIOUSD,0.06390,0.06620,0.06170,0.06510,388093.40064358
2025-07-16T00:00:00Z,AUDIOUSD,0.06540,0.06810,0.06390,0.06660,595419.27956924
2025-07-17T00:00:00Z,AUDIOUSD,0.06620,0.06930,0.06360,0.06680,285853.79611856
2025-07-18T00:00:00Z,AUDIOUSD,0.06720,0.07070,0.06510,0.06780,549465.78314278
2025-07-19T00:00:00Z,AUDIOUSD,0.06760,0.07690,0.06570,0.07270,1215794.72207714
2025-07-20T00:00:00Z,AUDIOUSD,0.07230,0.07600,0.06990,0.07230,742668.72022795
2025-07-21T00:00:00Z,AUDIOUSD,0.07170,0.07900,0.07030,0.07190,700202.45204531
2025-07-22T00:00:00Z,AUDIOUSD,0.07180,0.07270,0.06510,0.07180,452693.44254121
2025-07-23T00:00:00Z,AUDIOUSD,0.07140,0.07260,0.06510,0.06850,397491.43234251
2025-07-24T00:00:00Z,AUDIOUSD,0.06490,0.06820,0.06340,0.06670,391970.84201844
2025-07-25T00:00:00Z,AUDIOUSD,0.06620,0.06820,0.06430,0.06730,291369.05856055
2025-07-26T00:00:00Z,AUDIOUSD,0.06770,0.07100,0.06500,0.06680,338130.61249776
2025-07-27T00:00:00Z,AUDIOUSD,0.06640,0.06890,0.06600,0.06850,182120.57969702
2025-07-28T00:00:00Z,AUDIOUSD,0.06850,0.06960,0.06480,0.06530,187464.80139000
2025-07-29T00:00:00Z,AUDIOUSD,0.06500,0.06680,0.06310,0.06370,88123.37964656
2025-07-30T00:00:00Z,AUDIOUSD,0.06360,0.06510,0.06130,0.06230,240104.31063939
2025-07-31T00:00:00Z,AUDIOUSD,0.06350,0.06480,0.06010,0.06010,153887.54803936
2025-08-01T00:00:00Z,AUDIOUSD,0.06060,0.06890,0.05840,0.06100,678216.14333347
2025-08-02T00:00:00Z,AUDIOUSD,0.06040,0.06150,0.05690,0.05780,193703.81048873
2025-08-03T00:00:00Z,AUDIOUSD,0.05800,0.05950,0.05800,0.05900,160892.77442940
2025-08-04T00:00:00Z,AUDIOUSD,0.06100,0.06910,0.05960,0.06470,521798.74958430
2025-08-05T00:00:00Z,AUDIOUSD,0.06360,0.06750,0.06060,0.06160,773698.39620012
2025-08-06T00:00:00Z,AUDIOUSD,0.06180,0.06230,0.06070,0.06190,132116.22234450
2025-08-07T00:00:00Z,AUDIOUSD,0.06180,0.06420,0.06150,0.06310,502683.70523749
2025-08-08T00:00:00Z,AUDIOUSD,0.06310,0.06420,0.06250,0.06400,131205.28869509
2025-08-09T00:00:00Z,AUDIOUSD,0.06400,0.06580,0.06400,0.06530,31640.01455530
2025-08-10T00:00:00Z,AUDIOUSD,0.06600,0.06700,0.06320,0.06470,125770.46224062
2025-08-11T00:00:00Z,AUDIOUSD,0.06500,0.06560,0.06230,0.06230,147245.46657399
2025-08-12T00:00:00Z,AUDIOUSD,0.06280,0.06660,0.06040,0.06510,338545.17708251
2025-08-13T00:00:00Z,AUDIOUSD,0.06480,0.06780,0.06260,0.06780,327884.69338892
2025-08-14T00:00:00Z,AUDIOUSD,0.06580,0.06670,0.06100,0.06140,125811.66275473
2025-08-15T00:00:00Z,AUDIOUSD,0.06080,0.06640,0.06080,0.06220,460586.35660358
2025-08-16T00:00:00Z,AUDIOUSD,0.06250,0.07010,0.06210,0.06450,539439.83240990
2025-08-17T00:00:00Z,AUDIOUSD,0.06480,0.06490,0.06390,0.06390,114538.83046075
2025-08-18T00:00:00Z,AUDIOUSD,0.06230,0.06610,0.06160,0.06400,207665.39867804
2025-08-19T00:00:00Z,AUDIOUSD,0.06350,0.07220,0.06230,0.06790,820470.90305575
2025-08-20T00:00:00Z,AUDIOUSD,0.06840,0.06930,0.06370,0.06620,224930.79516339
2025-08-21T00:00:00Z,AUDIOUSD,0.06600,0.06660,0.06330,0.06340,210022.57004871
2025-08-22T00:00:00Z,AUDIOUSD,0.06360,0.06750,0.06280,0.06750,263497.96282068
2025-08-23T00:00:00Z,AUDIOUSD,0.06720,0.06830,0.06630,0.06650,156564.39531748
2025-08-24T00:00:00Z,AUDIOUSD,0.06670,0.06870,0.06510,0.06660,519508.59209900
2025-08-25T00:00:00Z,AUDIOUSD,0.06650,0.06730,0.06180,0.06270,395580.21216004
2025-08-26T00:00:00Z,AUDIOUSD,0.06210,0.06400,0.06210,0.06390,78611.54297620
2025-08-27T00:00:00Z,AUDIOUSD,0.06420,0.06470,0.06360,0.06430,43026.79394596
2025-08-28T00:00:00Z,AUDIOUSD,0.06390,0.06550,0.06390,0.06480,131975.79888172
2025-08-29T00:00:00Z,AUDIOUSD,0.06460,0.06460,0.06170,0.06200,121763.63247220
2025-08-30T00:00:00Z,AUDIOUSD,0.06220,0.06580,0.06150,0.06310,383192.37020766
2025-08-31T00:00:00Z,AUDIOUSD,0.06320,0.06600,0.06290,0.06290,301092.75542635
2025-09-01T00:00:00Z,AUDIOUSD,0.06230,0.06290,0.05990,0.06050,161825.71145816
2025-09-02T00:00:00Z,AUDIOUSD,0.06070,0.06240,0.06070,0.06170,173925.53877905
2025-09-03T00:00:00Z,AUDIOUSD,0.06150,0.06270,0.06130,0.06250,138639.10797198
2025-09-04T00:00:00Z,AUDIOUSD,0.06270,0.06430,0.06020,0.06110,206688.69395786
2025-09-05T00:00:00Z,AUDIOUSD,0.06080,0.06200,0.06040,0.06120,275523.40729920
2025-09-06T00:00:00Z,AUDIOUSD,0.06120,0.06410,0.06030,0.06070,189753.85887711
2025-09-07T00:00:00Z,AUDIOUSD,0.06070,0.06160,0.06060,0.06140,166698.24246238
2025-09-08T00:00:00Z,AUDIOUSD,0.06120,0.06200,0.06090,0.06190,98097.61916865
2025-09-09T00:00:00Z,AUDIOUSD,0.06210,0.06300,0.06000,0.06150,356760.44022170
2025-09-10T00:00:00Z,AUDIOUSD,0.06160,0.06290,0.06160,0.06230,162339.56395958
2025-09-11T00:00:00Z,AUDIOUSD,0.06200,0.06310,0.06160,0.06240,156835.68030188
2025-09-12T00:00:00Z,AUDIOUSD,0.06260,0.06370,0.06140,0.06370,142529.34442555
2025-09-13T00:00:00Z,AUDIOUSD,0.06370,0.06670,0.06350,0.06490,255556.54763732
2025-09-14T00:00:00Z,AUDIOUSD,0.06560,0.06560,0.06210,0.06280,92954.64939932
2025-09-15T00:00:00Z,AUDIOUSD,0.06150,0.06650,0.05940,0.06070,759382.77728542
2025-09-16T00:00:00Z,AUDIOUSD,0.06040,0.06360,0.06010,0.06200,501386.07255875
2025-09-17T00:00:00Z,AUDIOUSD,0.06170,0.06430,0.06090,0.06260,242899.04272508
2025-09-18T00:00:00Z,AUDIOUSD,0.06270,0.06350,0.06180,0.06310,141171.76991918
2025-09-19T00:00:00Z,AUDIOUSD,0.06320,0.06320,0.06160,0.06180,92783.14447369
2025-09-20T00:00:00Z,AUDIOUSD,0.06150,0.06240,0.06140,0.06190,437086.81297090
2025-09-21T00:00:00Z,AUDIOUSD,0.06180,0.06230,0.06080,0.06090,196701.41399424
2025-09-22T00:00:00Z,AUDIOUSD,0.06090,0.06120,0.05580,0.05640,370008.53880217
2025-09-23T00:00:00Z,AUDIOUSD,0.05670,0.05720,0.05600,0.05630,36614.31775665
2025-09-24T00:00:00Z,AUDIOUSD,0.05660,0.05730,0.05550,0.05650,99663.30366558
2025-09-25T00:00:00Z,AUDIOUSD,0.05630,0.05640,0.05290,0.05330,229082.43953942
2025-09-26T00:00:00Z,AUDIOUSD,0.05340,0.05640,0.05300,0.05480,200796.46934905
2025-09-27T00:00:00Z,AUDIOUSD,0.05490,0.05530,0.05430,0.05520,33161.56308875
2025-09-28T00:00:00Z,AUDIOUSD,0.05430,0.05460,0.05360,0.05440,494314.79804379
2025-09-29T00:00:00Z,AUDIOUSD,0.05440,0.05500,0.05350,0.05380,364747.51642573
2025-09-30T00:00:00Z,AUDIOUSD,0.05370,0.05800,0.05180,0.05280,436495.35391429
2025-10-01T00:00:00Z,AUDIOUSD,0.05300,0.05580,0.05240,0.05550,217489.25491790
2025-10-02T00:00:00Z,AUDIOUSD,0.05570,0.05690,0.05400,0.05660,114924.92032198
2025-10-03T00:00:00Z,AUDIOUSD,0.05650,0.05740,0.05580,0.05700,105550.27222604
2025-10-04T00:00:00Z,AUDIOUSD,0.05660,0.05730,0.05540,0.05640,133507.66773756
2025-10-05T00:00:00Z,AUDIOUSD,0.05620,0.05740,0.05540,0.05580,176422.32110061
2025-10-06T00:00:00Z,AUDIOUSD,0.05590,0.05700,0.05570,0.05690,116465.63832152
2025-10-07T00:00:00Z,AUDIOUSD,0.05700,0.05860,0.05410,0.05420,604956.01426865
2025-10-08T00:00:00Z,AUDIOUSD,0.05410,0.05700,0.05350,0.05640,323077.34275896
2025-10-09T00:00:00Z,AUDIOUSD,0.05640,0.05720,0.05330,0.05470,564821.46729047
2025-10-10T00:00:00Z,AUDIOUSD,0.05490,0.06510,0.02190,0.04260,951386.75306722
2025-10-11T00:00:00Z,AUDIOUSD,0.04110,0.06170,0.03980,0.04110,486714.50268513
2025-10-12T00:00:00Z,AUDIOUSD,0.04110,0.04600,0.04070,0.04470,140062.48198437
2025-10-13T00:00:00Z,AUDIOUSD,0.04580,0.04940,0.04440,0.04710,248457.22347642
2025-10-14T00:00:00Z,AUDIOUSD,0.04620,0.04690,0.04410,0.04530,297796.80013207
2025-10-15T00:00:00Z,AUDIOUSD,0.04520,0.04830,0.04350,0.04430,326810.93467814
2025-10-16T00:00:00Z,AUDIOUSD,0.04410,0.05600,0.04310,0.04340,943403.67747979
2025-10-17T00:00:00Z,AUDIOUSD,0.04270,0.04270,0.03900,0.04170,391226.99694988
2025-10-18T00:00:00Z,AUDIOUSD,0.04200,0.04300,0.04110,0.04220,277791.48101180
2025-10-19T00:00:00Z,AUDIOUSD,0.04230,0.04390,0.04160,0.04360,422481.79092064
2025-10-20T00:00:00Z,AUDIOUSD,0.04300,0.04470,0.04240,0.04300,506066.99290433
2025-10-21T00:00:00Z,AUDIOUSD,0.04300,0.04350,0.04070,0.04070,566903.68177911
2025-10-22T00:00:00Z,AUDIOUSD,0.04090,0.04150,0.03870,0.03970,923786.31849274
2025-10-23T00:00:00Z,AUDIOUSD,0.03990,0.04150,0.03970,0.04100,558869.37053627
2025-10-24T00:00:00Z,AUDIOUSD,0.04070,0.04130,0.03990,0.04090,606734.79508035
2025-10-25T00:00:00Z,AUDIOUSD,0.04070,0.04550,0.04030,0.04080,549807.85908839
2025-10-26T00:00:00Z,AUDIOUSD,0.04070,0.04220,0.04060,0.04200,276081.08490407
2025-10-27T00:00:00Z,AUDIOUSD,0.04210,0.04300,0.04080,0.04120,453070.76944526
2025-10-28T00:00:00Z,AUDIOUSD,0.04060,0.04410,0.03940,0.04000,578356.31276275
2025-10-29T00:00:00Z,AUDIOUSD,0.04000,0.04080,0.03950,0.04020,247600.48969958
2025-10-30T00:00:00Z,AUDIOUSD,0.04040,0.04070,0.03700,0.03790,157377.05674942
2025-10-31T00:00:00Z,AUDIOUSD,0.03840,0.04000,0.03820,0.03920,126486.35467340
2025-11-01T00:00:00Z,AUDIOUSD,0.03890,0.03970,0.03880,0.03970,68251.27031677
2025-11-02T00:00:00Z,AUDIOUSD,0.03970,0.04460,0.03900,0.03930,194484.09713111
2025-11-03T00:00:00Z,AUDIOUSD,0.03970,0.04060,0.03430,0.03570,424784.32135888
2025-11-04T00:00:00Z,AUDIOUSD,0.03570,0.03630,0.03310,0.03520,834669.04266649
2025-11-05T00:00:00Z,AUDIOUSD,0.03520,0.03620,0.03320,0.03600,504343.36451315
2025-11-06T00:00:00Z,AUDIOUSD,0.03600,0.03700,0.03460,0.03630,302443.64003531
2025-11-07T00:00:00Z,AUDIOUSD,0.03630,0.04220,0.03510,0.03960,926688.79651301
2025-11-08T00:00:00Z,AUDIOUSD,0.03980,0.04500,0.03760,0.04010,769336.06746836
2025-11-09T00:00:00Z,AUDIOUSD,0.04000,0.04000,0.03760,0.03900,247889.21341107
2025-11-10T00:00:00Z,AUDIOUSD,0.03980,0.04010,0.03810,0.03890,291550.70650761
2025-11-11T00:00:00Z,AUDIOUSD,0.03890,0.04120,0.03710,0.03740,1386437.77951322
2025-11-12T00:00:00Z,AUDIOUSD,0.03720,0.04410,0.03640,0.03760,746957.70154961
2025-11-13T00:00:00Z,AUDIOUSD,0.03850,0.03960,0.03500,0.03640,493623.78660765
2025-11-14T00:00:00Z,AUDIOUSD,0.03560,0.04330,0.03420,0.03840,1116907.30233044
2025-11-15T00:00:00Z,AUDIOUSD,0.03780,0.04240,0.03630,0.03850,1171907.12370282
2025-11-16T00:00:00Z,AUDIOUSD,0.03800,0.03970,0.03560,0.03590,141202.14875727
2025-11-17T00:00:00Z,AUDIOUSD,0.03660,0.03730,0.03350,0.03440,214910.55903892
2025-11-18T00:00:00Z,AUDIOUSD,0.03430,0.03550,0.03390,0.03500,58986.25190485
2025-11-19T00:00:00Z,AUDIOUSD,0.03480,0.03690,0.03300,0.03390,374373.11678737
2025-11-20T00:00:00Z,AUDIOUSD,0.03400,0.03620,0.03330,0.03340,338255.33052446
2025-11-21T00:00:00Z,AUDIOUSD,0.03360,0.04190,0.03160,0.03270,982635.59445601
2025-11-22T00:00:00Z,AUDIOUSD,0.03280,0.03610,0.03230,0.03370,494334.94567870
2025-11-23T00:00:00Z,AUDIOUSD,0.03420,0.03420,0.03340,0.03380,219226.61715591
2025-11-24T00:00:00Z,AUDIOUSD,0.03370,0.03470,0.03330,0.03470,157781.28904686
2025-11-25T00:00:00Z,AUDIOUSD,0.03490,0.03700,0.03350,0.03410,298319.79302947
2025-11-26T00:00:00Z,AUDIOUSD,0.03440,0.03600,0.03370,0.03440,188824.49210078
2025-11-27T00:00:00Z,AUDIOUSD,0.03440,0.03540,0.03400,0.03500,116313.41354070
2025-11-28T00:00:00Z,AUDIOUSD,0.03470,0.03510,0.03390,0.03460,45227.32363236
2025-11-29T00:00:00Z,AUDIOUSD,0.03430,0.03520,0.03410,0.03460,64499.93521254
2025-11-30T00:00:00Z,AUDIOUSD,0.03420,0.03540,0.03390,0.03440,42917.07012813
2025-12-01T00:00:00Z,AUDIOUSD,0.03430,0.03430,0.03160,0.03210,134734.04817632
2025-12-02T00:00:00Z,AUDIOUSD,0.03220,0.03740,0.03220,0.03370,254025.86877762
2025-12-03T00:00:00Z,AUDIOUSD,0.03410,0.03510,0.03370,0.03410,60908.41092212
2025-12-04T00:00:00Z,AUDIOUSD,0.03430,0.03460,0.03370,0.03380,60901.15285906
2025-12-05T00:00:00Z,AUDIOUSD,0.03360,0.03560,0.03220,0.03250,218878.18969232
2025-12-06T00:00:00Z,AUDIOUSD,0.03290,0.03460,0.03270,0.03330,139254.26455783
2025-12-07T00:00:00Z,AUDIOUSD,0.03330,0.03530,0.03270,0.03310,81649.75464571
2025-12-08T00:00:00Z,AUDIOUSD,0.03330,0.03400,0.03310,0.03340,108498.17774550
2025-12-09T00:00:00Z,AUDIOUSD,0.03330,0.03440,0.03310,0.03400,37782.52672863
2025-12-10T00:00:00Z,AUDIOUSD,0.03380,0.03710,0.03340,0.03350,162459.43857875
2025-12-11T00:00:00Z,AUDIOUSD,0.03340,0.03640,0.03290,0.03390,193091.28483148
2025-12-12T00:00:00Z,AUDIOUSD,0.03390,0.03450,0.03270,0.03310,197745.91004292
2025-12-13T00:00:00Z,AUDIOUSD,0.03330,0.03380,0.03320,0.03350,38626.59484237
2025-12-14T00:00:00Z,AUDIOUSD,0.03340,0.03380,0.03240,0.03240,68701.07477640
2025-12-15T00:00:00Z,AUDIOUSD,0.03270,0.03310,0.03120,0.03140,97749.80965818
2025-12-16T00:00:00Z,AUDIOUSD,0.03160,0.03180,0.03080,0.03100,99832.73044416
2025-12-17T00:00:00Z,AUDIOUSD,0.03100,0.03150,0.02940,0.02940,197826.40177864
2025-12-18T00:00:00Z,AUDIOUSD,0.02940,0.02940,0.02680,0.02730,415127.58880106
2025-12-19T00:00:00Z,AUDIOUSD,0.02730,0.03030,0.02720,0.02960,425617.27747972
2025-12-20T00:00:00Z,AUDIOUSD,0.02960,0.02970,0.02920,0.02930,75144.92475586
2025-12-21T00:00:00Z,AUDIOUSD,0.02930,0.02980,0.02870,0.02890,192390.93589820
2025-12-22T00:00:00Z,AUDIOUSD,0.02910,0.02950,0.02880,0.02880,154159.31969624
2025-12-23T00:00:00Z,AUDIOUSD,0.02880,0.03050,0.02820,0.02850,323904.95296871
2025-12-24T00:00:00Z,AUDIOUSD,0.02850,0.02890,0.02820,0.02870,197409.47469362
2025-12-25T00:00:00Z,AUDIOUSD,0.02890,0.02920,0.02840,0.02860,138631.83908317
2025-12-26T00:00:00Z,AUDIOUSD,0.02850,0.02930,0.02830,0.02860,126321.90245767
2025-12-27T00:00:00Z,AUDIOUSD,0.02890,0.02940,0.02880,0.02890,74091.83568719
2025-12-28T00:00:00Z,AUDIOUSD,0.02900,0.03100,0.02900,0.02910,93165.35064274
2025-12-29T00:00:00Z,AUDIOUSD,0.02930,0.03080,0.02860,0.02890,153503.09204764
2025-12-30T00:00:00Z,AUDIOUSD,0.02880,0.02940,0.02780,0.02880,123633.55029926
2025-12-31T00:00:00Z,AUDIOUSD,0.02860,0.03010,0.02820,0.02930,282001.21571754
2026-01-01T00:00:00Z,AUDIOUSD,0.02900,0.02960,0.02890,0.02960,70633.17194571
2026-01-02T00:00:00Z,AUDIOUSD,0.02960,0.03050,0.02940,0.03020,105683.13937777
2026-01-03T00:00:00Z,AUDIOUSD,0.03040,0.03080,0.02990,0.03030,107080.74154922
2026-01-04T00:00:00Z,AUDIOUSD,0.03040,0.03100,0.03030,0.03050,59987.74778498
2026-01-05T00:00:00Z,AUDIOUSD,0.03080,0.03210,0.03040,0.03150,185262.05189014
2026-01-06T00:00:00Z,AUDIOUSD,0.03170,0.03310,0.03100,0.03160,266352.01986632
2026-01-07T00:00:00Z,AUDIOUSD,0.03140,0.03410,0.03130,0.03130,261044.32330042
2026-01-08T00:00:00Z,AUDIOUSD,0.03160,0.03500,0.03070,0.03090,268908.72067312
2026-01-09T00:00:00Z,AUDIOUSD,0.03130,0.03590,0.03090,0.03100,329127.10659012
2026-01-10T00:00:00Z,AUDIOUSD,0.03100,0.03120,0.03070,0.03080,44090.43686443
2026-01-11T00:00:00Z,AUDIOUSD,0.03100,0.03170,0.03080,0.03080,102717.23707120
2026-01-12T00:00:00Z,AUDIOUSD,0.03110,0.03110,0.03010,0.03010,146783.83131043
2026-01-13T00:00:00Z,AUDIOUSD,0.03020,0.03170,0.03010,0.03170,90997.05044615
2026-01-14T00:00:00Z,AUDIOUSD,0.03180,0.03180,0.03140,0.03150,91470.44999584
2026-01-15T00:00:00Z,AUDIOUSD,0.03130,0.03414,0.02984,0.03076,181443.01043839
2026-01-16T00:00:00Z,AUDIOUSD,0.03101,0.03101,0.03002,0.03069,37680.64399593
2026-01-17T00:00:00Z,AUDIOUSD,0.03089,0.03212,0.02963,0.03140,95238.01747358
2026-01-18T00:00:00Z,AUDIOUSD,0.03095,0.03155,0.03015,0.03148,42567.76228470
2026-01-19T00:00:00Z,AUDIOUSD,0.03020,0.03100,0.02971,0.02971,85707.44442482
2026-01-20T00:00:00Z,AUDIOUSD,0.02936,0.02957,0.02802,0.02802,61340.95901582
2026-01-21T00:00:00Z,AUDIOUSD,0.02817,0.02964,0.02817,0.02926,108407.59636441
2026-01-22T00:00:00Z,AUDIOUSD,0.02937,0.02939,0.02897,0.02911,48904.32799541
2026-01-23T00:00:00Z,AUDIOUSD,0.02878,0.02940,0.02694,0.02910,163537.26332202
2026-01-24T00:00:00Z,AUDIOUSD,0.02867,0.02876,0.02851,0.02856,30937.96444792
2026-01-25T00:00:00Z,AUDIOUSD,0.02877,0.02877,0.02705,0.02706,51079.49454387
2026-01-26T00:00:00Z,AUDIOUSD,0.02725,0.02796,0.02725,0.02796,8757.59102037
2026-01-27T00:00:00Z,AUDIOUSD,0.02820,0.02825,0.02762,0.02762,43573.31755133
2026-01-28T00:00:00Z,AUDIOUSD,0.02788,0.02798,0.02725,0.02725,56421.36551733
2026-01-29T00:00:00Z,AUDIOUSD,0.02729,0.03035,0.02612,0.02616,319530.13646874
2026-01-30T00:00:00Z,AUDIOUSD,0.02568,0.02586,0.02559,0.02576,35934.35912703
2026-01-31T00:00:00Z,AUDIOUSD,0.02596,0.02868,0.02364,0.02454,629366.01413729
2026-02-01T00:00:00Z,AUDIOUSD,0.02427,0.02443,0.02375,0.02388,227291.05976559
2026-02-02T00:00:00Z,AUDIOUSD,0.02378,0.02388,0.02328,0.02388,54454.07880356
2026-02-03T00:00:00Z,AUDIOUSD,0.02367,0.02409,0.02250,0.02301,112032.20119126
2026-02-04T00:00:00Z,AUDIOUSD,0.02315,0.02325,0.02243,0.02243,91795.62968471
2026-02-05T00:00:00Z,AUDIOUSD,0.02254,0.02281,0.01996,0.01996,265059.76260161
2026-02-06T00:00:00Z,AUDIOUSD,0.01933,0.02188,0.01870,0.02188,210229.01615371
2026-02-07T00:00:00Z,AUDIOUSD,0.02166,0.02350,0.02100,0.02156,43630.92073310
2026-02-08T00:00:00Z,AUDIOUSD,0.02124,0.02310,0.02107,0.02129,132446.50003972
2026-02-09T00:00:00Z,AUDIOUSD,0.02108,0.02128,0.02048,0.02118,45198.28611505
2026-02-10T00:00:00Z,AUDIOUSD,0.02118,0.02121,0.02030,0.02039,47129.16536432
2026-02-11T00:00:00Z,AUDIOUSD,0.02050,0.02084,0.01970,0.02082,107672.05898021
2026-02-12T00:00:00Z,AUDIOUSD,0.02077,0.02119,0.02056,0.02069,37966.46873747
2026-02-13T00:00:00Z,AUDIOUSD,0.02109,0.02201,0.02033,0.02140,42757.50018174
2026-02-14T00:00:00Z,AUDIOUSD,0.02151,0.02212,0.02130,0.02190,75536.46052112
2026-02-15T00:00:00Z,AUDIOUSD,0.02199,0.02308,0.02066,0.02111,103671.08036111
2026-02-16T00:00:00Z,AUDIOUSD,0.02126,0.02529,0.02122,0.02133,250995.65333139
2026-02-17T00:00:00Z,AUDIOUSD,0.02158,0.02169,0.02150,0.02159,6831.48297950
2026-02-18T00:00:00Z,AUDIOUSD,0.02160,0.02189,0.02102,0.02129,25739.08492009
2026-02-19T00:00:00Z,AUDIOUSD,0.02129,0.02170,0.02045,0.02098,95205.95240758
2026-02-20T00:00:00Z,AUDIOUSD,0.02100,0.02121,0.02089,0.02109,66991.11891320
2026-02-21T00:00:00Z,AUDIOUSD,0.02107,0.02124,0.02098,0.02124,62344.64300890
2026-02-22T00:00:00Z,AUDIOUSD,0.02093,0.02135,0.02019,0.02039,60904.89872323
2026-02-23T00:00:00Z,AUDIOUSD,0.02019,0.02045,0.01955,0.02010,156675.46959252
2026-02-24T00:00:00Z,AUDIOUSD,0.02007,0.02082,0.01953,0.01978,244618.01172640
2026-02-25T00:00:00Z,AUDIOUSD,0.01978,0.02137,0.01970,0.02091,248120.89011144
2026-02-26T00:00:00Z,AUDIOUSD,0.02091,0.02094,0.02000,0.02020,137549.31167843
2026-02-27T00:00:00Z,AUDIOUSD,0.02009,0.02030,0.01970,0.02002,173611.24621092
2026-02-28T00:00:00Z,AUDIOUSD,0.02000,0.02001,0.01872,0.01967,150666.92550031
2026-03-01T00:00:00Z,AUDIOUSD,0.01990,0.02010,0.01908,0.01908,51358.92631576
2026-03-02T00:00:00Z,AUDIOUSD,0.01930,0.01994,0.01872,0.01970,350368.11137908
2026-03-03T00:00:00Z,AUDIOUSD,0.01949,0.01961,0.01920,0.01961,20182.59652457
2026-03-04T00:00:00Z,AUDIOUSD,0.01941,0.02018,0.01941,0.02018,142208.80855761
2026-03-05T00:00:00Z,AUDIOUSD,0.02041,0.02478,0.01960,0.02093,1560341.98308121
2026-03-06T00:00:00Z,AUDIOUSD,0.02108,0.02481,0.01979,0.02064,1067903.92576309
2026-03-07T00:00:00Z,AUDIOUSD,0.02085,0.02364,0.02045,0.02199,1814761.96779559
2026-03-08T00:00:00Z,AUDIOUSD,0.02178,0.02220,0.02055,0.02070,619725.53731439
2026-03-09T00:00:00Z,AUDIOUSD,0.02070,0.02105,0.02032,0.02047,259398.86063822
2026-03-10T00:00:00Z,AUDIOUSD,0.02047,0.02091,0.02017,0.02023,306705.57443496
2026-03-11T00:00:00Z,AUDIOUSD,0.02023,0.02329,0.01980,0.02027,1285848.34535449
2026-03-12T00:00:00Z,AUDIOUSD,0.02012,0.02098,0.01989,0.02003,588848.25508291
2026-03-13T00:00:00Z,AUDIOUSD,0.02024,0.02053,0.01997,0.01997,262253.93588108
2026-03-14T00:00:00Z,AUDIOUSD,0.02001,0.02438,0.01979,0.02070,509105.48989529
2026-03-15T00:00:00Z,AUDIOUSD,0.02070,0.02166,0.02023,0.02056,628542.07848901
2026-03-16T00:00:00Z,AUDIOUSD,0.02147,0.02147,0.02049,0.02106,255158.17451040
2026-03-17T00:00:00Z,AUDIOUSD,0.02099,0.02108,0.02073,0.02078,135558.99917288
2026-03-18T00:00:00Z,AUDIOUSD,0.02065,0.02147,0.02004,0.02012,274641.90997836
2026-03-19T00:00:00Z,AUDIOUSD,0.02015,0.02030,0.01968,0.01979,392470.48519954
2026-03-20T00:00:00Z,AUDIOUSD,0.01979,0.02042,0.01961,0.01995,280882.72011897
2026-03-21T00:00:00Z,AUDIOUSD,0.01995,0.02064,0.01975,0.02007,312660.17929849
2026-03-22T00:00:00Z,AUDIOUSD,0.02007,0.02029,0.01911,0.01919,432085.62024607
2026-03-23T00:00:00Z,AUDIOUSD,0.01921,0.01958,0.01885,0.01936,274055.78115382
2026-03-24T00:00:00Z,AUDIOUSD,0.01910,0.01961,0.01900,0.01916,192970.06858948
2026-03-25T00:00:00Z,AUDIOUSD,0.01924,0.01947,0.01911,0.01917,656330.31337542
2026-03-26T00:00:00Z,AUDIOUSD,0.01918,0.01952,0.01844,0.01867,206624.85671906
2026-03-27T00:00:00Z,AUDIOUSD,0.01872,0.01934,0.01779,0.01779,621383.02031588
2026-03-28T00:00:00Z,AUDIOUSD,0.01779,0.01813,0.01738,0.01764,302494.33656767
2026-03-29T00:00:00Z,AUDIOUSD,0.01734,0.01812,0.01683,0.01683,191223.91263014
2026-03-30T00:00:00Z,AUDIOUSD,0.01707,0.01766,0.01687,0.01705,179967.79084818
2026-03-31T00:00:00Z,AUDIOUSD,0.01706,0.01748,0.01677,0.01716,330467.27362332
2026-04-01T00:00:00Z,AUDIOUSD,0.01693,0.01801,0.01693,0.01727,369954.24657371
2026-04-02T00:00:00Z,AUDIOUSD,0.01718,0.01723,0.01618,0.01646,417384.41392770
2026-04-03T00:00:00Z,AUDIOUSD,0.01638,0.01723,0.01638,0.01663,523229.73051723
2026-04-04T00:00:00Z,AUDIOUSD,0.01669,0.01679,0.01656,0.01679,100450.88087052
2026-04-05T00:00:00Z,AUDIOUSD,0.01649,0.01848,0.01634,0.01688,466766.38195425
2026-04-06T00:00:00Z,AUDIOUSD,0.01687,0.01725,0.01657,0.01689,535002.81068974
2026-04-07T00:00:00Z,AUDIOUSD,0.01670,0.01714,0.01626,0.01711,214518.17463417
2026-04-08T00:00:00Z,AUDIOUSD,0.01709,0.01764,0.01673,0.01696,346017.14780358
2026-04-09T00:00:00Z,AUDIOUSD,0.01693,0.01815,0.01693,0.01714,686279.30530110
2026-04-10T00:00:00Z,AUDIOUSD,0.01722,0.01732,0.01712,0.01714,61408.25365666
2026-04-11T00:00:00Z,AUDIOUSD,0.01708,0.01712,0.01692,0.01712,55389.06749861
2026-04-12T00:00:00Z,AUDIOUSD,0.01677,0.01723,0.01643,0.01643,288708.76246200
2026-04-13T00:00:00Z,AUDIOUSD,0.01638,0.01689,0.01638,0.01686,120023.35762570
2026-04-14T00:00:00Z,AUDIOUSD,0.01678,0.01712,0.01652,0.01689,197065.21826546
2026-04-15T00:00:00Z,AUDIOUSD,0.01693,0.01715,0.01680,0.01705,164029.86989359
2026-04-16T00:00:00Z,AUDIOUSD,0.01702,0.01751,0.01702,0.01735,202015.24077541
2026-04-17T00:00:00Z,AUDIOUSD,0.01741,0.03658,0.01741,0.02545,5952549.32670130
2026-04-18T00:00:00Z,AUDIOUSD,0.02552,0.02725,0.02007,0.02012,2884317.48843156
2026-04-19T00:00:00Z,AUDIOUSD,0.02011,0.02718,0.01899,0.02367,1624890.96233547
2026-04-20T00:00:00Z,AUDIOUSD,0.02393,0.02412,0.02116,0.02266,929820.66031231
2026-04-21T00:00:00Z,AUDIOUSD,0.02259,0.02280,0.02107,0.02134,401920.86171836
2026-04-22T00:00:00Z,AUDIOUSD,0.02109,0.02471,0.02106,0.02172,360104.96456421
2026-04-23T00:00:00Z,AUDIOUSD,0.02155,0.02275,0.02110,0.02174,572259.51071182
2026-04-24T00:00:00Z,AUDIOUSD,0.02164,0.02213,0.02123,0.02124,325483.60318638
2026-04-25T00:00:00Z,AUDIOUSD,0.02138,0.02213,0.01996,0.02054,578686.60670192
2026-04-26T00:00:00Z,AUDIOUSD,0.02060,0.02093,0.02042,0.02043,280319.83734109
2026-04-27T00:00:00Z,AUDIOUSD,0.02043,0.02062,0.01970,0.01978,810081.34400007
2026-04-28T00:00:00Z,AUDIOUSD,0.01994,0.02081,0.01968,0.02018,1244204.33217790
2026-04-29T00:00:00Z,AUDIOUSD,0.02015,0.02469,0.01996,0.02064,1154721.33251336
2026-04-30T00:00:00Z,AUDIOUSD,0.02073,0.02126,0.01987,0.02017,337453.41946669
2026-05-01T00:00:00Z,AUDIOUSD,0.02022,0.02072,0.01994,0.02044,254145.70339043
2026-05-02T00:00:00Z,AUDIOUSD,0.02008,0.02028,0.01952,0.02018,147819.74317622
2026-05-03T00:00:00Z,AUDIOUSD,0.02015,0.02033,0.01971,0.02006,113783.46217705
2026-05-04T00:00:00Z,AUDIOUSD,0.02005,0.02162,0.02000,0.02023,316569.03915763
2026-05-05T00:00:00Z,AUDIOUSD,0.02017,0.02070,0.02010,0.02021,268455.52039621
2026-05-06T00:00:00Z,AUDIOUSD,0.02026,0.02137,0.02002,0.02040,575640.24732780
2026-05-07T00:00:00Z,AUDIOUSD,0.02035,0.02059,0.02013,0.02013,48514.47663989
2026-05-08T00:00:00Z,AUDIOUSD,0.02022,0.02071,0.02017,0.02061,88838.65937822
2026-05-09T00:00:00Z,AUDIOUSD,0.02067,0.02145,0.02058,0.02106,100785.70696873
2026-05-10T00:00:00Z,AUDIOUSD,0.02064,0.02175,0.02064,0.02106,132542.54412102
2026-05-11T00:00:00Z,AUDIOUSD,0.02085,0.02354,0.02072,0.02166,137584.09630033
2026-05-12T00:00:00Z,AUDIOUSD,0.02138,0.02233,0.02095,0.02125,209490.17899843
2026-05-13T00:00:00Z,AUDIOUSD,0.02151,0.02174,0.02073,0.02073,88008.38023203
2026-05-14T00:00:00Z,AUDIOUSD,0.02077,0.02124,0.02053,0.02124,133305.55586664
2026-05-15T00:00:00Z,AUDIOUSD,0.02103,0.02104,0.02029,0.02047,108276.86337038
2026-05-16T00:00:00Z,AUDIOUSD,0.02047,0.02047,0.01986,0.01986,99314.13863395
2026-05-17T00:00:00Z,AUDIOUSD,0.01977,0.02122,0.01924,0.01924,443821.99453416
2026-05-18T00:00:00Z,AUDIOUSD,0.01953,0.01961,0.01895,0.01918,502555.10207857
2026-05-19T00:00:00Z,AUDIOUSD,0.01916,0.01980,0.01876,0.01876,216826.94475126
2026-05-20T00:00:00Z,AUDIOUSD,0.01869,0.01976,0.01869,0.01928,143955.41897797
2026-05-21T00:00:00Z,AUDIOUSD,0.01938,0.01976,0.01923,0.01941,103868.91391449
2026-05-22T00:00:00Z,AUDIOUSD,0.01949,0.02014,0.01885,0.01933,398963.15164693
2026-05-23T00:00:00Z,AUDIOUSD,0.01924,0.01964,0.01892,0.01945,224495.55070756
2026-05-24T00:00:00Z,AUDIOUSD,0.01948,0.02068,0.01913,0.01914,189097.86362244
2026-05-25T00:00:00Z,AUDIOUSD,0.01930,0.01966,0.01907,0.01936,228083.95691748
2026-05-26T00:00:00Z,AUDIOUSD,0.01918,0.01972,0.01918,0.01919,260856.29230291
2026-05-27T00:00:00Z,AUDIOUSD,0.01942,0.01974,0.01886,0.01886,137069.66013766
2026-05-28T00:00:00Z,AUDIOUSD,0.01877,0.01889,0.01830,0.01880,81707.54889805
2026-05-29T00:00:00Z,AUDIOUSD,0.01867,0.01896,0.01857,0.01873,56672.81766578
2026-05-30T00:00:00Z,AUDIOUSD,0.01876,0.01891,0.01855,0.01879,95036.61070479
2026-05-31T00:00:00Z,AUDIOUSD,0.01883,0.01951,0.01825,0.01851,164743.74462645
2026-06-01T00:00:00Z,AUDIOUSD,0.01859,0.01859,0.01773,0.01844,294452.31737133
2026-06-02T00:00:00Z,AUDIOUSD,0.01813,0.01835,0.01725,0.01736,227829.44654286
2026-06-03T00:00:00Z,AUDIOUSD,0.01742,0.01779,0.01722,0.01731,253748.51106149
2026-06-04T00:00:00Z,AUDIOUSD,0.01715,0.01719,0.01610,0.01613,693586.32634129
2026-06-05T00:00:00Z,AUDIOUSD,0.01639,0.01639,0.01443,0.01484,519768.83009780
2026-06-06T00:00:00Z,AUDIOUSD,0.01475,0.01547,0.01426,0.01466,321447.10117393
2026-06-07T00:00:00Z,AUDIOUSD,0.01471,0.01540,0.01466,0.01535,205264.70727705
2026-06-08T00:00:00Z,AUDIOUSD,0.01512,0.01677,0.01502,0.01522,326751.54034836
2026-06-09T00:00:00Z,AUDIOUSD,0.01509,0.01526,0.01470,0.01479,285599.17171174
2026-06-10T00:00:00Z,AUDIOUSD,0.01482,0.01554,0.01469,0.01494,285525.29148368
2026-06-11T00:00:00Z,AUDIOUSD,0.01483,0.01522,0.01482,0.01518,155433.20005637
2026-06-12T00:00:00Z,AUDIOUSD,0.01522,0.01590,0.01494,0.01494,208518.18399047
2026-06-13T00:00:00Z,AUDIOUSD,0.01501,0.01544,0.01492,0.01544,143277.61412593
2026-06-14T00:00:00Z,AUDIOUSD,0.01517,0.01555,0.01511,0.01545,136983.35898796
2026-06-15T00:00:00Z,AUDIOUSD,0.01543,0.01599,0.01543,0.01562,291918.09075844
2026-06-16T00:00:00Z,AUDIOUSD,0.01553,0.01573,0.01539,0.01548,178846.05926961
2026-06-17T00:00:00Z,AUDIOUSD,0.01543,0.01560,0.01505,0.01515,155326.24424407
2026-06-18T00:00:00Z,AUDIOUSD,0.01521,0.01556,0.01448,0.01471,356706.80812691
2026-06-19T00:00:00Z,AUDIOUSD,0.01458,0.01478,0.01435,0.01473,81502.37843316
2026-06-20T00:00:00Z,AUDIOUSD,0.01477,0.01561,0.01464,0.01473,296566.69536359
2026-06-21T00:00:00Z,AUDIOUSD,0.01487,0.01554,0.01463,0.01463,147863.23791912
2026-06-22T00:00:00Z,AUDIOUSD,0.01465,0.01508,0.01458,0.01458,118940.29690286
2026-06-23T00:00:00Z,AUDIOUSD,0.01461,0.01461,0.01397,0.01410,129843.59512838
2026-06-24T00:00:00Z,AUDIOUSD,0.01419,0.01436,0.01334,0.01368,271486.76498579
2026-06-25T00:00:00Z,AUDIOUSD,0.01372,0.01394,0.01324,0.01340,271412.58611341
2026-06-26T00:00:00Z,AUDIOUSD,0.01333,0.01372,0.01317,0.01362,242852.88422107
2026-06-27T00:00:00Z,AUDIOUSD,0.01349,0.01401,0.01324,0.01324,172801.06830358
2026-06-28T00:00:00Z,AUDIOUSD,0.01337,0.01346,0.01305,0.01305,117196.66594648
2026-06-29T00:00:00Z,AUDIOUSD,0.01311,0.01385,0.01311,0.01324,324584.05016914
2026-06-30T00:00:00Z,AUDIOUSD,0.01307,0.01362,0.01281,0.01301,332017.99261616
2026-07-01T00:00:00Z,AUDIOUSD,0.01295,0.01333,0.01270,0.01324,214768.05790073
2026-07-02T00:00:00Z,AUDIOUSD,0.01320,0.01357,0.01318,0.01327,362906.76107873
2026-07-03T00:00:00Z,AUDIOUSD,0.01333,0.01422,0.01333,0.01355,413369.43896010
2026-07-04T00:00:00Z,AUDIOUSD,0.01375,0.01552,0.01358,0.01366,717065.38214862
2026-07-05T00:00:00Z,AUDIOUSD,0.01369,0.01378,0.01327,0.01378,235193.63682574
2026-07-06T00:00:00Z,AUDIOUSD,0.01373,0.01398,0.01332,0.01371,357671.57278845
2026-07-07T00:00:00Z,AUDIOUSD,0.01372,0.01640,0.01345,0.01398,1230988.73482162
2026-07-08T00:00:00Z,AUDIOUSD,0.01401,0.01472,0.01340,0.01359,347585.96350630
2026-07-09T00:00:00Z,AUDIOUSD,0.01354,0.01394,0.01338,0.01362,126558.99744686
2026-07-10T00:00:00Z,AUDIOUSD,0.01359,0.01388,0.01356,0.01369,1188903.25224656
2026-07-11T00:00:00Z,AUDIOUSD,0.01370,0.01390,0.01346,0.01358,343522.05006133
2026-07-12T00:00:00Z,AUDIOUSD,0.01348,0.01398,0.01341,0.01354,126343.73335643
2026-07-13T00:00:00Z,AUDIOUSD,0.01345,0.01345,0.01317,0.01317,31794.90154041
2026-07-14T00:00:00Z,AUDIOUSD,0.01316,0.01341,0.01316,0.01330,31471.03147598
2026-07-15T00:00:00Z,AUDIOUSD,0.01346,0.01350,0.01337,0.01339,66216.19212231
2026-07-16T00:00:00Z,AUDIOUSD,0.01362,0.01362,0.01321,0.01344,95631.99264319
2026-07-17T00:00:00Z,AUDIOUSD,0.01334,0.01596,0.01318,0.01337,1564433.52260828
2026-07-18T00:00:00Z,AUDIOUSD,0.01337,0.01434,0.01319,0.01343,959027.26231369
2026-07-19T00:00:00Z,AUDIOUSD,0.01343,0.01526,0.01310,0.01331,5274262.70991290
2026-07-20T00:00:00Z,AUDIOUSD,0.01326,0.01357,0.01313,0.01347,136170.10449245
2026-07-21T00:00:00Z,AUDIOUSD,0.01347,0.01362,0.01342,0.01349,44119.56175831
2026-07-22T00:00:00Z,AUDIOUSD,0.01353,0.01358,0.01334,0.01339,50591.97538581
2026-07-23T00:00:00Z,AUDIOUSD,0.01344,0.01358,0.01320,0.01326,68400.72556666
2026-07-24T00:00:00Z,AUDIOUSD,0.01319,0.01339,0.01304,0.01305,49931.90716973
2026-07-25T00:00:00Z,AUDIOUSD,0.01305,0.01325,0.01302,0.01321,39572.85586912
2026-07-26T00:00:00Z,AUDIOUSD,0.01316,0.01326,0.01316,0.01322,67875.89247764
2026-07-27T00:00:00Z,AUDIOUSD,0.01322,0.01322,0.01263,0.01263,34379.48133793
2026-07-28T00:00:00Z,AUDIOUSD,0.01254,0.01274,0.01247,0.01252,168386.71134417
2026-07-29T00:00:00Z,AUDIOUSD,0.01234,0.01241,0.01139,0.01214,145727.90864544
2026-07-30T00:00:00Z,AUDIOUSD,0.01221,0.01249,0.01217,0.01224,461749.72645505
2026-07-31T00:00:00Z,AUDIOUSD,0.01216,0.01232,0.01210,0.01215,144165.03876954
2026-08-01T00:00:00Z,AUDIOUSD,0.01222,0.01239,0.01201,0.01207,169412.32586838
2026-08-02T00:00:00Z,AUDIOUSD,0.01205,0.01213,0.01193,0.01210,46096.38510482
2026-08-03T00:00:00Z,AUDIOUSD,0.01202,0.01227,0.01164,0.01218,98488.58266505
2026-08-04T00:00:00Z,AUDIOUSD,0.01212,0.01220,0.01206,0.01215,229144.64241452
2026-08-05T00:00:00Z,AUDIOUSD,0.01214,0.01230,0.01210,0.01221,84391.15042491
2026-08-06T00:00:00Z,AUDIOUSD,0.01226,0.01291,0.01218,0.01219,225300.81668994
2026-08-07T00:00:00Z,AUDIOUSD,0.01219,0.01249,0.01219,0.01224,38163.22175718
2026-08-08T00:00:00Z,AUDIOUSD,0.01233,0.01243,0.01227,0.01242,93414.72578774
2026-08-09T00:00:00Z,AUDIOUSD,0.01248,0.01254,0.01231,0.01231,93032.77801655
2026-08-10T00:00:00Z,AUDIOUSD,0.01243,0.01320,0.01225,0.01268,178452.09679791
2026-08-11T00:00:00Z,AUDIOUSD,0.01263,0.01487,0.01222,0.01250,2630809.46003279
2026-08-12T00:00:00Z,AUDIOUSD,0.01247,0.01247,0.01201,0.01204,618781.46135310
2026-08-13T00:00:00Z,AUDIOUSD,0.01207,0.01217,0.01189,0.01194,259762.79121317
2026-08-14T00:00:00Z,AUDIOUSD,0.01185,0.01205,0.01177,0.01196,232570.74469731
2026-08-15T00:00:00Z,AUDIOUSD,0.01195,0.01213,0.01184,0.01191,165196.33927676
2026-08-16T00:00:00Z,AUDIOUSD,0.01186,0.01207,0.01181,0.01183,145976.72385725
2026-08-17T00:00:00Z,AUDIOUSD,0.01180,0.01203,0.01175,0.01193,160303.45355158
2026-08-18T00:00:00Z,AUDIOUSD,0.01174,0.01196,0.01137,0.01168,1225109.09632309
2026-08-19T00:00:00Z,AUDIOUSD,0.01165,0.01215,0.01162,0.01199,1054265.62712851
2026-08-20T00:00:00Z,AUDIOUSD,0.01208,0.01254,0.01197,0.01246,632347.20188376
2026-08-21T00:00:00Z,AUDIOUSD,0.01265,0.01334,0.01254,0.01317,697035.77970777
2026-08-22T00:00:00Z,AUDIOUSD,0.01317,0.01600,0.01287,0.01292,1000067.76230964
2026-08-23T00:00:00Z,AUDIOUSD,0.01295,0.01327,0.01243,0.01312,350930.71572413
2026-08-24T00:00:00Z,AUDIOUSD,0.01290,0.01503,0.01281,0.01291,958678.07068498
2026-08-25T00:00:00Z,AUDIOUSD,0.01302,0.01310,0.01281,0.01292,139359.20408083
2026-08-26T00:00:00Z,AUDIOUSD,0.01300,0.01540,0.01287,0.01312,908044.47661838
2026-08-27T00:00:00Z,AUDIOUSD,0.01316,0.01381,0.01313,0.01333,758011.39808679
2026-08-28T00:00:00Z,AUDIOUSD,0.01329,0.01334,0.01282,0.01294,450416.62951082
2026-08-29T00:00:00Z,AUDIOUSD,0.01297,0.01423,0.01289,0.01303,333958.41135014
2026-08-30T00:00:00Z,AUDIOUSD,0.01309,0.01321,0.01291,0.01291,204501.58836200
2026-08-31T00:00:00Z,AUDIOUSD,0.01295,0.01327,0.01287,0.01296,647566.10841911
2026-09-01T00:00:00Z,AUDIOUSD,0.01308,0.01381,0.01293,0.01299,218844.78519463
2026-09-02T00:00:00Z,AUDIOUSD,0.01294,0.01328,0.01275,0.01292,208566.59251206
2026-09-03T00:00:00Z,AUDIOUSD,0.01293,0.01349,0.01282,0.01337,183724.04540903
2026-09-04T00:00:00Z,AUDIOUSD,0.01316,0.01376,0.01302,0.01309,278153.88847041
2026-09-05T00:00:00Z,AUDIOUSD,0.01311,0.01345,0.01309,0.01331,271801.37594333
2026-09-06T00:00:00Z,AUDIOUSD,0.01347,0.01349,0.01327,0.01339,38618.49965660
2026-09-07T00:00:00Z,AUDIOUSD,0.01340,0.01363,0.01337,0.01337,40054.00871611
2026-09-08T00:00:00Z,AUDIOUSD,0.01340,0.01341,0.01320,0.01320,64996.25387038
2026-09-09T00:00:00Z,AUDIOUSD,0.01330,0.01333,0.01316,0.01316,48832.39555128
2026-09-10T00:00:00Z,AUDIOUSD,0.01290,0.01303,0.01236,0.01238,79071.58587740
2026-09-11T00:00:00Z,AUDIOUSD,0.01250,0.01285,0.01239,0.01263,70196.49881042
2026-09-12T00:00:00Z,AUDIOUSD,0.01277,0.01326,0.01262,0.01284,9882.78372455
2026-09-13T00:00:00Z,AUDIOUSD,0.01290,0.01301,0.01268,0.01277,95587.61206575
2026-09-14T00:00:00Z,AUDIOUSD,0.01293,0.01311,0.01263,0.01297,97936.56871249
2026-09-15T00:00:00Z,AUDIOUSD,0.01289,0.01352,0.01220,0.01223,228047.13934044
2026-09-16T00:00:00Z,AUDIOUSD,0.01223,0.01350,0.01223,0.01243,312098.81701133
2026-09-17T00:00:00Z,AUDIOUSD,0.01246,0.01314,0.01241,0.01268,248613.40440773
2026-09-18T00:00:00Z,AUDIOUSD,0.01275,0.01350,0.01258,0.01308,202515.49696400
2026-09-19T00:00:00Z,AUDIOUSD,0.01315,0.01357,0.01308,0.01312,124617.42277046
2026-09-20T00:00:00Z,AUDIOUSD,0.01314,0.01364,0.01282,0.01364,113193.78196586
2026-09-21T00:00:00Z,AUDIOUSD,0.01329,0.01379,0.01323,0.01379,515464.02168520
2026-09-22T00:00:00Z,AUDIOUSD,0.01369,0.04200,0.01350,0.01409,1321075.15186828
