timestamp,symbol,open,high,low,close,volume
2021-12-21T00:00:00Z,AVAXUSD,119.99,150.0,116.83,123.47,15172.997487650004
2021-12-22T00:00:00Z,AVAXUSD,123.42,130.0,115.9,116.97,42505.94198628004
2021-12-23T00:00:00Z,AVAXUSD,116.97,130.0,116.65,122.22,23564.187829150025
2021-12-24T00:00:00Z,AVAXUSD,122.22,126.7,113.52,114.83,28885.851998359994
2021-12-25T00:00:00Z,AVAXUSD,114.8,119.23,112.52,115.45,12978.634585259988
2021-12-26T00:00:00Z,AVAXUSD,114.8,117.99,109.62,115.99,17841.966179990024
2021-12-27T00:00:00Z,AVAXUSD,115.7,121.08,113.32,114.0,18611.442783029994
2021-12-28T00:00:00Z,AVAXUSD,113.92,121.0,104.52,107.16,40668.64356019986
2021-12-29T00:00:00Z,AVAXUSD,107.55,119.9,101.32,102.98,40613.86102082003
2021-12-30T00:00:00Z,AVAXUSD,102.98,106.82,98.43,102.0,25027.444256729996
2021-12-31T00:00:00Z,AVAXUSD,101.83,115.68,100.44,109.02,36171.34862302991
2022-01-01T00:00:00Z,AVAXUSD,109.35,116.64,108.65,114.49,23577.358422110017
2022-01-02T00:00:00Z,AVAXUSD,114.49,120.0,111.88,113.27,13725.446429070003
2022-01-03T00:00:00Z,AVAXUSD,113.1,118.53,106.24,108.16,31407.820502549992
2022-01-04T00:00:00Z,AVAXUSD,108.42,109.18,103.03,103.27,32993.20373573997
2022-01-05T00:00:00Z,AVAXUSD,103.44,106.5,90.55,97.46,49369.54399358008
2022-01-06T00:00:00Z,AVAXUSD,97.46,98.66,91.11,95.22,24822.24375161997
2022-01-07T00:00:00Z,AVAXUSD,95.16,95.16,85.1,86.83,66548.83259883997
2022-01-08T00:00:00Z,AVAXUSD,86.84,89.49,79.01,83.9,45661.095885109986
2022-01-09T00:00:00Z,AVAXUSD,83.87,91.92,82.58,89.21,22660.143856689963
2022-01-10T00:00:00Z,AVAXUSD,89.23,93.88,80.35,84.63,47992.332193809794
2022-01-11T00:00:00Z,AVAXUSD,84.7,91.06,83.38,89.52,23558.584120780037
2022-01-12T00:00:00Z,AVAXUSD,89.55,97.0,88.98,95.95,45402.99048539005
2022-01-13T00:00:00Z,AVAXUSD,95.75,97.36,89.31,89.33,45226.57199225004
2022-01-14T00:00:00Z,AVAXUSD,89.72,91.77,87.37,90.28,33465.58548612
2022-01-15T00:00:00Z,AVAXUSD,90.43,94.38,89.53,93.23,22854.931612749977
2022-01-16T00:00:00Z,AVAXUSD,93.11,94.87,91.88,92.21,21586.415957070014
2022-01-17T00:00:00Z,AVAXUSD,92.49,92.49,85.45,86.67,24653.74936060999
2022-01-18T00:00:00Z,AVAXUSD,86.67,87.35,83.76,86.02,22685.033517499967
2022-01-19T00:00:00Z,AVAXUSD,86.13,86.43,81.21,82.62,29050.796488740027
2022-01-20T00:00:00Z,AVAXUSD,82.83,87.7,77.9,79.27,34787.38318761885
2022-01-21T00:00:00Z,AVAXUSD,79.15,80.35,64.2,66.17,64791.171464360064
2022-01-22T00:00:00Z,AVAXUSD,66.16,67.52,53.01,59.81,124955.7176992002
2022-01-23T00:00:00Z,AVAXUSD,59.9,66.87,59.2,64.57,48924.07951807993
2022-01-24T00:00:00Z,AVAXUSD,64.86,64.87,55.34,63.04,76555.08806187034
2022-01-25T00:00:00Z,AVAXUSD,63.04,72.0,61.5,67.91,77752.72174058994
2022-01-26T00:00:00Z,AVAXUSD,68.18,73.48,64.52,65.87,74166.37354913983
2022-01-27T00:00:00Z,AVAXUSD,65.87,67.88,61.25,64.71,85618.31638977028
2022-01-28T00:00:00Z,AVAXUSD,64.77,67.44,61.8,67.18,45920.36588730998
2022-01-29T00:00:00Z,AVAXUSD,66.99,73.57,66.88,72.14,39931.20781250015
2022-01-30T00:00:00Z,AVAXUSD,71.89,72.32,66.88,68.16,43668.41225436993
2022-01-31T00:00:00Z,AVAXUSD,68.27,72.5,64.35,69.9,58843.28994024993
2022-02-01T00:00:00Z,AVAXUSD,69.9,73.82,66.74,73.37,62594.83089834998
2022-02-02T00:00:00Z,AVAXUSD,73.62,74.96,67.56,67.84,44689.289848669934
2022-02-03T00:00:00Z,AVAXUSD,67.89,69.34,65.09,68.43,28741.580427850004
2022-02-04T00:00:00Z,AVAXUSD,68.45,77.86,67.5,77.81,56477.450203119864
2022-02-05T00:00:00Z,AVAXUSD,77.76,80.91,75.1,77.17,66211.14515815995
2022-02-06T00:00:00Z,AVAXUSD,77.53,79.14,74.3,79.14,16844.417065550017
2022-02-07T00:00:00Z,AVAXUSD,79.04,85.36,77.7,83.03,67744.88443457993
2022-02-08T00:00:00Z,AVAXUSD,83.54,92.92,81.82,86.51,102625.85479562986
2022-02-09T00:00:00Z,AVAXUSD,86.51,92.15,84.61,90.13,29447.73936800004
2022-02-10T00:00:00Z,AVAXUSD,90.13,95.15,85.22,91.2,59067.6923757399
2022-02-11T00:00:00Z,AVAXUSD,90.8,92.58,80.03,81.82,71052.63671353
2022-02-12T00:00:00Z,AVAXUSD,81.77,84.8,78.5,81.27,65490.088645350064
2022-02-13T00:00:00Z,AVAXUSD,81.24,83.26,77.62,77.95,24391.270418020027
2022-02-14T00:00:00Z,AVAXUSD,78.08,82.6,76.2,82.03,53514.16900843004
2022-02-15T00:00:00Z,AVAXUSD,81.84,93.7,81.56,92.67,55538.79105714001
2022-02-16T00:00:00Z,AVAXUSD,93.09,98.11,91.49,95.2,99040.58657727984
2022-02-17T00:00:00Z,AVAXUSD,95.86,98.99,86.57,88.02,102262.91995124999
2022-02-18T00:00:00Z,AVAXUSD,88.08,90.03,82.5,83.97,52982.443027009926
2022-02-19T00:00:00Z,AVAXUSD,83.75,86.35,81.0,85.1,35321.49303986005
2022-02-20T00:00:00Z,AVAXUSD,85.09,85.61,76.65,77.14,30663.892526940053
2022-02-21T00:00:00Z,AVAXUSD,77.51,82.64,69.56,70.11,56607.336677360065
2022-02-22T00:00:00Z,AVAXUSD,70.15,74.82,66.96,74.55,59288.341132879774
2022-02-23T00:00:00Z,AVAXUSD,74.81,82.42,73.24,73.24,54839.44974330009
2022-02-24T00:00:00Z,AVAXUSD,73.45,80.0,64.56,76.63,90959.40874413942
2022-02-25T00:00:00Z,AVAXUSD,76.39,81.95,72.8,80.93,39116.698860859964
2022-02-26T00:00:00Z,AVAXUSD,81.03,85.02,78.19,81.78,50622.39242490999
2022-02-27T00:00:00Z,AVAXUSD,81.61,82.28,73.06,74.99,43579.408178719925
2022-02-28T00:00:00Z,AVAXUSD,75.08,85.77,71.93,84.57,80217.24420153981
2022-03-01T00:00:00Z,AVAXUSD,84.64,90.88,83.65,86.78,185846.07021739936
2022-03-02T00:00:00Z,AVAXUSD,86.51,90.0,82.3,83.31,70127.47066446996
2022-03-03T00:00:00Z,AVAXUSD,83.42,84.25,77.16,78.66,40667.44839256016
2022-03-04T00:00:00Z,AVAXUSD,78.36,82.13,74.73,75.59,74841.79101367055
2022-03-05T00:00:00Z,AVAXUSD,75.81,78.63,73.3,76.73,33785.424165340024
2022-03-06T00:00:00Z,AVAXUSD,76.63,77.01,72.2,72.4,19345.960965389997
2022-03-07T00:00:00Z,AVAXUSD,72.4,76.49,68.5,71.84,68982.10619660959
2022-03-08T00:00:00Z,AVAXUSD,71.78,76.58,71.21,73.02,53040.09714219008
2022-03-09T00:00:00Z,AVAXUSD,73.15,80.33,72.47,77.64,59300.86852580033
2022-03-10T00:00:00Z,AVAXUSD,77.77,78.93,71.63,74.01,27440.745241010012
2022-03-11T00:00:00Z,AVAXUSD,73.93,76.9,70.84,71.1,36366.386778450025
2022-03-12T00:00:00Z,AVAXUSD,71.13,73.59,70.83,70.83,14212.838577419998
2022-03-13T00:00:00Z,AVAXUSD,70.82,71.87,67.28,68.03,25646.739109419934
2022-03-14T00:00:00Z,AVAXUSD,67.99,71.42,65.63,69.07,70971.38137365007
2022-03-15T00:00:00Z,AVAXUSD,69.16,72.26,66.1,69.82,27510.498308010017
2022-03-16T00:00:00Z,AVAXUSD,69.86,74.69,68.17,74.07,32414.98138878006
2022-03-17T00:00:00Z,AVAXUSD,74.19,82.0,73.28,79.4,136428.91058689015
2022-03-18T00:00:00Z,AVAXUSD,79.58,86.92,76.61,85.7,147935.81563420026
2022-03-19T00:00:00Z,AVAXUSD,85.74,92.36,85.71,89.58,77827.57538094027
2022-03-20T00:00:00Z,AVAXUSD,89.58,89.88,84.48,84.7,62624.019050079805
2022-03-21T00:00:00Z,AVAXUSD,84.96,92.36,83.2,86.32,95015.68276667043
2022-03-22T00:00:00Z,AVAXUSD,86.22,89.85,83.79,83.99,76718.75445850017
2022-03-23T00:00:00Z,AVAXUSD,83.95,87.06,81.79,86.11,90077.13201643963
2022-03-24T00:00:00Z,AVAXUSD,86.34,88.28,83.75,87.17,86651.26474536027
2022-03-25T00:00:00Z,AVAXUSD,87.66,87.77,82.32,83.69,49578.81038075993
2022-03-26T00:00:00Z,AVAXUSD,83.67,86.89,82.56,86.02,33587.77202198998
2022-03-27T00:00:00Z,AVAXUSD,85.84,89.92,84.4,89.92,44209.01854389003
2022-03-28T00:00:00Z,AVAXUSD,89.89,96.23,88.01,89.51,103490.33626376049
2022-03-29T00:00:00Z,AVAXUSD,89.41,96.38,89.41,92.9,66091.48505756007
2022-03-30T00:00:00Z,AVAXUSD,92.76,100.48,89.63,95.58,103222.41028441022
2022-03-31T00:00:00Z,AVAXUSD,95.32,101.96,93.85,97.39,138704.77681338
2022-04-01T00:00:00Z,AVAXUSD,97.4,99.8,90.44,96.8,136806.2911359804
2022-04-02T00:00:00Z,AVAXUSD,96.5,103.73,95.83,95.84,87253.85948892946
2022-04-03T00:00:00Z,AVAXUSD,96.4,100.02,94.42,98.19,39591.280800660126
2022-04-04T00:00:00Z,AVAXUSD,97.6,97.77,90.98,96.1,55360.34390450001
2022-04-05T00:00:00Z,AVAXUSD,96.12,101.8,90.72,91.02,70966.56567506002
2022-04-06T00:00:00Z,AVAXUSD,91.02,91.02,82.74,82.81,120503.29145423044
2022-04-07T00:00:00Z,AVAXUSD,82.89,88.65,81.55,87.67,54207.48331987971
2022-04-08T00:00:00Z,AVAXUSD,87.66,90.58,82.81,83.83,62344.85304955987
2022-04-09T00:00:00Z,AVAXUSD,83.69,85.48,82.21,84.59,21897.16380587996
2022-04-10T00:00:00Z,AVAXUSD,84.59,85.61,80.8,81.0,33383.20857446004
2022-04-11T00:00:00Z,AVAXUSD,80.9,81.47,72.82,74.09,101143.2330861599
2022-04-12T00:00:00Z,AVAXUSD,74.35,79.46,73.96,76.26,58577.443506850024
2022-04-13T00:00:00Z,AVAXUSD,76.36,80.64,75.74,80.08,78946.58455627011
2022-04-14T00:00:00Z,AVAXUSD,80.03,81.77,76.26,76.77,56837.47357619004
2022-04-15T00:00:00Z,AVAXUSD,76.85,78.49,74.84,77.44,20811.811646769962
2022-04-16T00:00:00Z,AVAXUSD,77.45,78.23,76.61,77.89,13422.207435630016
2022-04-17T00:00:00Z,AVAXUSD,77.75,78.69,75.19,75.51,16785.636518269996
2022-04-18T00:00:00Z,AVAXUSD,75.41,77.89,71.91,77.82,30805.67117934001
2022-04-19T00:00:00Z,AVAXUSD,77.8,81.13,76.88,80.35,29926.953147980013
2022-04-20T00:00:00Z,AVAXUSD,80.13,81.25,77.47,78.18,36703.10639926012
2022-04-21T00:00:00Z,AVAXUSD,78.26,80.11,74.25,75.03,68299.61891917011
2022-04-22T00:00:00Z,AVAXUSD,75.01,77.15,73.42,74.02,30344.819576809954
2022-04-23T00:00:00Z,AVAXUSD,74.01,74.44,72.5,72.95,37973.470887690135
2022-04-24T00:00:00Z,AVAXUSD,72.92,73.49,71.1,71.52,18426.44743551004
2022-04-25T00:00:00Z,AVAXUSD,71.68,72.93,67.42,72.86,40109.359584280006
2022-04-26T00:00:00Z,AVAXUSD,72.94,73.11,67.57,68.71,29380.107717519903
2022-04-27T00:00:00Z,AVAXUSD,68.71,71.87,68.4,69.8,27025.21945988996
2022-04-28T00:00:00Z,AVAXUSD,69.8,70.67,66.71,67.29,48186.37754512985
2022-04-29T00:00:00Z,AVAXUSD,67.27,67.92,62.26,63.31,46528.329339359996
2022-04-30T00:00:00Z,AVAXUSD,63.5,64.59,55.16,57.02,69672.69607621992
2022-05-01T00:00:00Z,AVAXUSD,56.94,61.02,56.26,58.85,83209.97260511992
2022-05-02T00:00:00Z,AVAXUSD,58.79,62.38,56.78,60.45,51813.95301681001
2022-05-03T00:00:00Z,AVAXUSD,60.37,62.5,58.11,59.61,38755.44054404998
2022-05-04T00:00:00Z,AVAXUSD,59.62,67.54,59.32,67.11,48780.09357271001
2022-05-05T00:00:00Z,AVAXUSD,67.32,69.45,56.63,59.06,90019.93726172988
2022-05-06T00:00:00Z,AVAXUSD,58.94,59.22,55.15,57.1,38762.74617552992
2022-05-07T00:00:00Z,AVAXUSD,57.08,57.45,52.99,55.03,25625.71485945995
2022-05-08T00:00:00Z,AVAXUSD,55.0,55.26,50.66,51.66,35956.052479459955
2022-05-09T00:00:00Z,AVAXUSD,51.77,52.95,40.94,41.22,121843.36244030039
2022-05-10T00:00:00Z,AVAXUSD,41.25,50.26,40.0,44.49,96339.21032382998
2022-05-11T00:00:00Z,AVAXUSD,44.38,46.2,26.01,31.04,527180.7649271348
2022-05-12T00:00:00Z,AVAXUSD,31.33,34.0,22.36,30.21,324219.19223067653
2022-05-13T00:00:00Z,AVAXUSD,30.11,37.9,29.51,32.18,179606.671438302
2022-05-14T00:00:00Z,AVAXUSD,32.23,34.28,29.22,33.9,67152.15517741002
2022-05-15T00:00:00Z,AVAXUSD,33.95,36.95,31.87,36.54,72212.67520582986
2022-05-16T00:00:00Z,AVAXUSD,36.44,36.44,31.45,32.44,104431.17726047998
2022-05-17T00:00:00Z,AVAXUSD,32.59,35.7,32.21,34.38,69086.72843675
2022-05-18T00:00:00Z,AVAXUSD,34.31,35.08,29.37,29.44,99226.89477117031
2022-05-19T00:00:00Z,AVAXUSD,29.61,31.82,27.5,30.4,102591.58907191009
2022-05-20T00:00:00Z,AVAXUSD,30.32,31.88,27.81,28.76,67451.46315021005
2022-05-21T00:00:00Z,AVAXUSD,28.8,30.97,28.18,29.85,77476.0154790301
2022-05-22T00:00:00Z,AVAXUSD,29.89,37.29,28.95,31.67,121114.32450986985
2022-05-23T00:00:00Z,AVAXUSD,31.65,33.04,28.42,28.98,154104.04346395002
2022-05-24T00:00:00Z,AVAXUSD,29.02,29.59,26.8,28.96,78587.66912895003
2022-05-25T00:00:00Z,AVAXUSD,29.0,29.61,27.12,27.12,43889.69591404003
2022-05-26T00:00:00Z,AVAXUSD,27.18,27.96,22.55,23.43,176810.92011433002
2022-05-27T00:00:00Z,AVAXUSD,23.41,23.83,21.36,22.41,122246.56840631976
2022-05-28T00:00:00Z,AVAXUSD,22.55,25.67,22.18,24.76,165926.80188905998
2022-05-29T00:00:00Z,AVAXUSD,24.73,26.94,23.75,26.14,82082.50694605031
2022-05-30T00:00:00Z,AVAXUSD,26.17,28.38,25.35,27.69,142977.56057787023
2022-05-31T00:00:00Z,AVAXUSD,27.68,29.05,25.58,26.37,162495.5305523499
2022-06-01T00:00:00Z,AVAXUSD,26.45,26.97,23.25,23.67,150424.3430846897
2022-06-02T00:00:00Z,AVAXUSD,23.65,24.85,22.68,24.68,70772.5125379101
2022-06-03T00:00:00Z,AVAXUSD,24.61,24.65,22.52,22.97,54419.40900714004
2022-06-04T00:00:00Z,AVAXUSD,22.97,24.66,21.08,24.54,76842.00659537992
2022-06-05T00:00:00Z,AVAXUSD,24.55,25.14,23.94,24.16,40435.95265218001
2022-06-06T00:00:00Z,AVAXUSD,24.12,27.76,24.05,25.94,118669.35544930038
2022-06-07T00:00:00Z,AVAXUSD,25.95,26.16,23.12,24.59,88787.56141157988
2022-06-08T00:00:00Z,AVAXUSD,24.56,25.4,23.76,24.5,65728.92176163995
2022-06-09T00:00:00Z,AVAXUSD,24.51,25.34,23.73,24.37,45027.365936109905
2022-06-10T00:00:00Z,AVAXUSD,24.34,24.81,22.01,22.02,97796.82522782001
2022-06-11T00:00:00Z,AVAXUSD,22.01,22.96,19.63,19.89,82106.9002984899
2022-06-12T00:00:00Z,AVAXUSD,19.83,20.12,17.2,17.24,115757.87238533999
2022-06-13T00:00:00Z,AVAXUSD,17.28,17.46,14.57,16.13,408922.83527450054
2022-06-14T00:00:00Z,AVAXUSD,16.09,17.24,14.67,16.5,303536.97980456986
2022-06-15T00:00:00Z,AVAXUSD,16.51,18.43,12.2,18.31,346874.5583729283
2022-06-16T00:00:00Z,AVAXUSD,18.31,18.67,15.48,15.72,95343.54953780015
2022-06-17T00:00:00Z,AVAXUSD,15.75,16.74,15.47,15.97,61888.87125566992
2022-06-18T00:00:00Z,AVAXUSD,15.97,16.27,13.77,14.8,168772.28177417026
2022-06-19T00:00:00Z,AVAXUSD,14.86,16.35,13.72,16.15,128197.89733207974
2022-06-20T00:00:00Z,AVAXUSD,16.11,18.25,15.33,17.11,86874.85826674962
2022-06-21T00:00:00Z,AVAXUSD,17.07,18.45,16.62,16.91,95682.73955177997
2022-06-22T00:00:00Z,AVAXUSD,16.87,17.39,15.95,16.07,208143.92499088013
2022-06-23T00:00:00Z,AVAXUSD,16.08,18.37,16.05,18.26,81007.66113929983
2022-06-24T00:00:00Z,AVAXUSD,18.29,20.93,18.0,20.47,74435.80646341953
2022-06-25T00:00:00Z,AVAXUSD,20.5,21.62,19.82,21.37,96532.56342525124
2022-06-26T00:00:00Z,AVAXUSD,21.39,22.03,19.6,19.7,57607.853363989845
2022-06-27T00:00:00Z,AVAXUSD,19.69,21.35,19.17,19.26,62944.77730498998
2022-06-28T00:00:00Z,AVAXUSD,19.31,20.49,17.98,18.11,122770.21556701
2022-06-29T00:00:00Z,AVAXUSD,18.11,18.64,17.18,17.73,55045.65711828986
2022-06-30T00:00:00Z,AVAXUSD,17.74,17.77,15.77,17.01,107758.7068189901
2022-07-01T00:00:00Z,AVAXUSD,16.88,17.79,15.77,16.05,69203.7148655799
2022-07-02T00:00:00Z,AVAXUSD,16.15,16.58,15.96,16.32,29135.808785729998
2022-07-03T00:00:00Z,AVAXUSD,16.39,16.87,15.82,16.66,43461.55246237992
2022-07-04T00:00:00Z,AVAXUSD,16.52,18.0,16.31,17.96,97337.96086747013
2022-07-05T00:00:00Z,AVAXUSD,17.92,18.61,16.68,18.06,70729.51332144011
2022-07-06T00:00:00Z,AVAXUSD,18.12,19.43,17.79,19.14,60439.69530181989
2022-07-07T00:00:00Z,AVAXUSD,19.06,20.67,18.85,20.2,132119.94891186056
2022-07-08T00:00:00Z,AVAXUSD,20.19,21.08,19.39,19.7,62852.31714736974
2022-07-09T00:00:00Z,AVAXUSD,19.74,20.24,19.58,19.91,25202.40926407998
2022-07-10T00:00:00Z,AVAXUSD,19.91,19.95,18.78,19.13,29918.08691324001
2022-07-11T00:00:00Z,AVAXUSD,19.1,19.14,17.32,17.35,49897.068122879995
2022-07-12T00:00:00Z,AVAXUSD,17.31,18.04,16.72,16.73,59815.47045222015
2022-07-13T00:00:00Z,AVAXUSD,16.76,18.91,16.33,18.8,113726.4062176099
2022-07-14T00:00:00Z,AVAXUSD,18.82,19.94,17.78,19.74,85478.1342870301
2022-07-15T00:00:00Z,AVAXUSD,19.76,20.25,19.07,19.35,49514.91902048986
2022-07-16T00:00:00Z,AVAXUSD,19.34,21.5,18.71,21.23,489796.50749113114
2022-07-17T00:00:00Z,AVAXUSD,21.25,22.07,20.56,20.6,47276.86877992003
2022-07-18T00:00:00Z,AVAXUSD,20.6,24.33,20.57,23.96,131610.32064428958
2022-07-19T00:00:00Z,AVAXUSD,23.97,26.28,23.07,24.75,195106.10134887006
2022-07-20T00:00:00Z,AVAXUSD,24.76,26.34,23.42,23.57,114768.72623196001
2022-07-21T00:00:00Z,AVAXUSD,23.57,25.46,22.68,25.0,115900.05847561004
2022-07-22T00:00:00Z,AVAXUSD,25.03,25.57,23.6,23.64,71633.24570309986
2022-07-23T00:00:00Z,AVAXUSD,23.65,24.77,22.84,23.63,59391.90322445997
2022-07-24T00:00:00Z,AVAXUSD,23.6,24.49,23.27,23.79,42721.54722283002
2022-07-25T00:00:00Z,AVAXUSD,23.78,23.78,20.9,20.9,456453.7252637319
2022-07-26T00:00:00Z,AVAXUSD,20.92,20.95,19.56,20.71,84146.63851445998
2022-07-27T00:00:00Z,AVAXUSD,20.73,23.47,20.24,23.42,107847.95510897046
2022-07-28T00:00:00Z,AVAXUSD,23.42,24.68,22.47,24.26,166203.01798026034
2022-07-29T00:00:00Z,AVAXUSD,24.25,25.35,23.51,24.48,85990.61495742011
2022-07-30T00:00:00Z,AVAXUSD,24.51,25.81,23.96,24.23,51008.979471840015
2022-07-31T00:00:00Z,AVAXUSD,24.18,25.27,23.58,23.75,46840.4044627699
2022-08-01T00:00:00Z,AVAXUSD,23.7,24.31,22.97,23.62,60889.20463324999
2022-08-02T00:00:00Z,AVAXUSD,23.6,23.95,22.23,22.83,77391.57322067028
2022-08-03T00:00:00Z,AVAXUSD,22.85,24.18,22.3,23.07,68006.18081145006
2022-08-04T00:00:00Z,AVAXUSD,23.06,23.98,22.9,23.4,31165.897995680007
2022-08-05T00:00:00Z,AVAXUSD,23.38,24.96,23.15,24.95,56318.637874379994
2022-08-06T00:00:00Z,AVAXUSD,24.95,26.96,24.75,26.69,151049.12982252977
2022-08-07T00:00:00Z,AVAXUSD,26.61,28.5,25.84,27.83,68398.32539165005
2022-08-08T00:00:00Z,AVAXUSD,27.85,30.85,27.53,27.94,79347.96519382011
2022-08-09T00:00:00Z,AVAXUSD,27.92,28.76,26.99,27.41,79660.87302607989
2022-08-10T00:00:00Z,AVAXUSD,27.4,30.29,26.62,29.19,114244.18912127994
2022-08-11T00:00:00Z,AVAXUSD,29.2,30.09,28.34,28.57,83086.59432115032
2022-08-12T00:00:00Z,AVAXUSD,28.46,29.42,28.1,29.34,46240.06889019007
2022-08-13T00:00:00Z,AVAXUSD,29.31,30.35,28.91,29.11,74691.80164400996
2022-08-14T00:00:00Z,AVAXUSD,29.12,29.84,27.9,28.26,73572.09013872007
2022-08-15T00:00:00Z,AVAXUSD,28.21,29.28,27.1,27.91,51506.551937840115
2022-08-16T00:00:00Z,AVAXUSD,27.87,28.41,26.96,27.2,27889.71999160001
2022-08-17T00:00:00Z,AVAXUSD,27.09,28.26,25.29,25.52,68965.63287423013
2022-08-18T00:00:00Z,AVAXUSD,25.57,26.28,23.92,24.22,40474.498415319955
2022-08-19T00:00:00Z,AVAXUSD,24.21,24.36,21.33,22.46,317782.71666449995
2022-08-20T00:00:00Z,AVAXUSD,22.51,23.07,21.65,22.3,35787.24984702004
2022-08-21T00:00:00Z,AVAXUSD,22.3,23.52,22.17,22.96,40776.80649349002
2022-08-22T00:00:00Z,AVAXUSD,22.95,22.96,21.65,22.57,50263.20924014991
2022-08-23T00:00:00Z,AVAXUSD,22.55,23.7,21.82,23.52,31025.320798499917
2022-08-24T00:00:00Z,AVAXUSD,23.53,23.62,22.83,22.99,25928.855716820013
2022-08-25T00:00:00Z,AVAXUSD,22.99,23.62,22.69,23.01,21439.532783130016
2022-08-26T00:00:00Z,AVAXUSD,22.99,23.23,20.38,20.64,89133.88828737006
2022-08-27T00:00:00Z,AVAXUSD,20.64,20.88,19.81,20.03,53212.20117657
2022-08-28T00:00:00Z,AVAXUSD,20.01,20.45,18.06,18.48,95211.51246587004
2022-08-29T00:00:00Z,AVAXUSD,18.51,19.46,17.49,19.37,172626.23356235004
2022-08-30T00:00:00Z,AVAXUSD,19.34,20.62,18.91,19.38,114347.79920763007
2022-08-31T00:00:00Z,AVAXUSD,19.45,20.04,19.01,19.13,56857.17133152999
2022-09-01T00:00:00Z,AVAXUSD,19.1,19.47,18.35,19.31,40479.62119897988
2022-09-02T00:00:00Z,AVAXUSD,19.27,19.65,18.69,18.85,31349.87637272001
2022-09-03T00:00:00Z,AVAXUSD,18.84,19.0,18.6,18.89,15788.387190970008
2022-09-04T00:00:00Z,AVAXUSD,18.88,19.13,18.75,19.02,25125.798984280016
2022-09-05T00:00:00Z,AVAXUSD,19.05,19.48,18.45,19.42,30140.97995036001
2022-09-06T00:00:00Z,AVAXUSD,19.47,20.48,18.15,18.21,120436.23521107987
2022-09-07T00:00:00Z,AVAXUSD,18.19,19.28,17.83,19.02,44651.62817707996
2022-09-08T00:00:00Z,AVAXUSD,19.07,19.15,18.42,19.13,21725.741439610018
2022-09-09T00:00:00Z,AVAXUSD,19.14,20.8,19.13,20.43,55873.60797311999
2022-09-10T00:00:00Z,AVAXUSD,20.36,21.17,20.09,20.47,34011.57932108001
2022-09-11T00:00:00Z,AVAXUSD,20.53,20.94,19.93,20.68,70599.75378621994
2022-09-12T00:00:00Z,AVAXUSD,20.65,21.96,20.09,21.38,89266.57402534003
2022-09-13T00:00:00Z,AVAXUSD,21.39,21.79,18.78,18.89,143055.73655123054
2022-09-14T00:00:00Z,AVAXUSD,18.87,19.29,18.46,19.12,62947.211908599995
2022-09-15T00:00:00Z,AVAXUSD,19.07,19.36,18.1,18.15,62176.32651401016
2022-09-16T00:00:00Z,AVAXUSD,18.2,18.28,17.58,18.06,37903.09922162004
2022-09-17T00:00:00Z,AVAXUSD,18.06,18.57,18.06,18.48,38024.39415019005
2022-09-18T00:00:00Z,AVAXUSD,18.45,18.74,16.27,16.73,56820.21285966
2022-09-19T00:00:00Z,AVAXUSD,16.7,17.37,16.41,17.28,72192.0177141799
2022-09-20T00:00:00Z,AVAXUSD,17.33,17.39,16.59,16.64,30608.966434150017
2022-09-21T00:00:00Z,AVAXUSD,16.73,20.2,12.62,16.57,219406.02547708034
2022-09-22T00:00:00Z,AVAXUSD,16.56,17.86,16.42,17.69,24247.902726259937
2022-09-23T00:00:00Z,AVAXUSD,17.73,18.23,17.16,17.96,39787.15660044993
2022-09-24T00:00:00Z,AVAXUSD,17.94,18.18,17.54,17.64,16625.545867660003
2022-09-25T00:00:00Z,AVAXUSD,17.6,17.86,17.16,17.33,8636.551229439996
2022-09-26T00:00:00Z,AVAXUSD,17.32,17.58,16.97,17.58,37540.395843920094
2022-09-27T00:00:00Z,AVAXUSD,17.58,18.46,17.06,17.3,62128.41621711995
2022-09-28T00:00:00Z,AVAXUSD,17.3,17.44,16.75,17.24,78732.75510803002
2022-09-29T00:00:00Z,AVAXUSD,17.27,17.37,16.9,17.36,18175.464257949996
2022-09-30T00:00:00Z,AVAXUSD,17.35,17.74,17.03,17.21,20521.196856050003
2022-10-01T00:00:00Z,AVAXUSD,17.18,17.31,16.89,16.98,4751.444158260002
2022-10-02T00:00:00Z,AVAXUSD,16.97,17.15,16.47,16.52,30749.03487030999
2022-10-03T00:00:00Z,AVAXUSD,16.51,17.29,16.35,17.16,14668.092306649998
2022-10-04T00:00:00Z,AVAXUSD,17.16,17.53,17.09,17.44,18146.613749530017
2022-10-05T00:00:00Z,AVAXUSD,17.45,17.46,16.97,17.37,13445.597339790007
2022-10-06T00:00:00Z,AVAXUSD,17.39,17.65,17.0,17.02,33173.11645188
2022-10-07T00:00:00Z,AVAXUSD,17.03,17.15,16.72,16.91,39052.66601980993
2022-10-08T00:00:00Z,AVAXUSD,16.9,16.98,16.62,16.8,6210.266434699997
2022-10-09T00:00:00Z,AVAXUSD,16.8,16.99,16.71,16.87,6970.878156519999
2022-10-10T00:00:00Z,AVAXUSD,16.9,17.21,16.17,16.21,28738.485019630032
2022-10-11T00:00:00Z,AVAXUSD,16.21,16.31,15.6,15.94,33255.562433590036
2022-10-12T00:00:00Z,AVAXUSD,15.94,16.14,15.85,15.96,20359.198749980016
2022-10-13T00:00:00Z,AVAXUSD,15.95,15.99,14.45,15.66,157255.1501629
2022-10-14T00:00:00Z,AVAXUSD,15.66,16.39,15.56,15.69,26485.78952099999
2022-10-15T00:00:00Z,AVAXUSD,15.71,15.75,15.38,15.41,12307.329493569994
2022-10-16T00:00:00Z,AVAXUSD,15.42,15.87,15.42,15.74,7698.6361940900015
2022-10-17T00:00:00Z,AVAXUSD,15.79,16.27,15.67,16.18,27704.957983179982
2022-10-18T00:00:00Z,AVAXUSD,16.21,16.34,15.59,15.88,33262.95770969999
2022-10-19T00:00:00Z,AVAXUSD,15.9,15.9,15.02,15.08,20411.964434880018
2022-10-20T00:00:00Z,AVAXUSD,15.05,15.47,14.87,15.18,26356.08263106995
2022-10-21T00:00:00Z,AVAXUSD,15.15,15.73,14.57,15.7,33854.84743307999
2022-10-22T00:00:00Z,AVAXUSD,15.69,15.91,15.52,15.69,12212.19966549
2022-10-23T00:00:00Z,AVAXUSD,15.73,16.4,15.61,16.32,19696.198689890007
2022-10-24T00:00:00Z,AVAXUSD,16.32,16.46,15.66,15.75,17116.570848279993
2022-10-25T00:00:00Z,AVAXUSD,15.75,17.06,15.62,16.64,48950.17576477992
2022-10-26T00:00:00Z,AVAXUSD,16.63,17.33,16.63,17.02,36576.12289544994
2022-10-27T00:00:00Z,AVAXUSD,17.04,17.49,16.85,16.86,24306.01422875002
2022-10-28T00:00:00Z,AVAXUSD,16.93,18.38,16.76,18.33,37234.22879816999
2022-10-29T00:00:00Z,AVAXUSD,18.38,18.88,18.19,18.31,42562.86901629991
2022-10-30T00:00:00Z,AVAXUSD,18.27,18.82,17.94,18.26,22634.567039789978
2022-10-31T00:00:00Z,AVAXUSD,18.24,19.79,18.2,19.3,73566.69057290004
2022-11-01T00:00:00Z,AVAXUSD,19.28,19.5,18.56,18.65,57877.86066323994
2022-11-02T00:00:00Z,AVAXUSD,18.64,18.75,17.44,17.9,42810.779690890005
2022-11-03T00:00:00Z,AVAXUSD,17.91,18.84,17.83,18.04,23786.328358809977
2022-11-04T00:00:00Z,AVAXUSD,18.01,19.68,17.9,19.4,39020.015159169976
2022-11-05T00:00:00Z,AVAXUSD,19.41,20.56,19.21,19.55,75048.37458845017
2022-11-06T00:00:00Z,AVAXUSD,19.6,19.72,18.21,18.26,25627.240340240005
2022-11-07T00:00:00Z,AVAXUSD,18.23,18.86,17.73,18.08,47111.54394090008
2022-11-08T00:00:00Z,AVAXUSD,18.08,18.14,14.8,16.02,321161.9435925808
2022-11-09T00:00:00Z,AVAXUSD,15.98,16.13,12.01,12.86,323543.90398224903
2022-11-10T00:00:00Z,AVAXUSD,12.87,15.93,12.68,15.37,140578.68029929997
2022-11-11T00:00:00Z,AVAXUSD,15.37,15.4,13.57,14.08,115981.33579472026
2022-11-12T00:00:00Z,AVAXUSD,14.1,14.1,12.9,13.07,45619.358802249946
2022-11-13T00:00:00Z,AVAXUSD,13.08,13.33,12.67,13.01,98649.40852020001
2022-11-14T00:00:00Z,AVAXUSD,12.98,13.57,12.06,13.1,74428.68594194009
2022-11-15T00:00:00Z,AVAXUSD,13.1,13.98,13.01,13.49,58977.859013760026
2022-11-16T00:00:00Z,AVAXUSD,13.5,13.69,12.82,13.07,81821.68492929991
2022-11-17T00:00:00Z,AVAXUSD,13.07,13.34,12.64,12.87,39747.42385441999
2022-11-18T00:00:00Z,AVAXUSD,12.96,13.28,12.89,12.95,22467.87870411999
2022-11-19T00:00:00Z,AVAXUSD,12.98,12.98,12.5,12.87,22388.173585680037
2022-11-20T00:00:00Z,AVAXUSD,12.87,13.1,12.05,12.16,63633.378316029964
2022-11-21T00:00:00Z,AVAXUSD,12.17,12.18,11.57,11.81,42129.62674604007
2022-11-22T00:00:00Z,AVAXUSD,11.78,12.36,11.45,12.33,46007.19322065998
2022-11-23T00:00:00Z,AVAXUSD,12.34,13.06,12.33,13.06,27827.55286367996
2022-11-24T00:00:00Z,AVAXUSD,13.07,13.38,12.76,12.92,34528.84884712004
2022-11-25T00:00:00Z,AVAXUSD,12.93,13.01,12.53,12.82,8938.773174100015
2022-11-26T00:00:00Z,AVAXUSD,12.82,13.22,12.63,12.75,25541.950400559992
2022-11-27T00:00:00Z,AVAXUSD,12.77,13.24,12.7,12.88,16854.560819930037
2022-11-28T00:00:00Z,AVAXUSD,12.91,12.97,11.99,12.46,43999.14828213996
2022-11-29T00:00:00Z,AVAXUSD,12.45,12.71,12.29,12.46,23353.122356239986
2022-11-30T00:00:00Z,AVAXUSD,12.54,13.19,12.49,13.18,60162.6009318101
2022-12-01T00:00:00Z,AVAXUSD,13.16,13.31,12.82,12.9,19525.473722430073
2022-12-02T00:00:00Z,AVAXUSD,12.92,13.66,12.8,13.57,38040.84464929
2022-12-03T00:00:00Z,AVAXUSD,13.59,13.89,13.31,13.42,49765.511918289936
2022-12-04T00:00:00Z,AVAXUSD,13.45,13.95,13.45,13.94,37607.25731547986
2022-12-05T00:00:00Z,AVAXUSD,13.94,14.33,13.42,13.6,63473.9761148999
2022-12-06T00:00:00Z,AVAXUSD,13.6,13.67,13.46,13.67,30042.793571539787
2022-12-07T00:00:00Z,AVAXUSD,13.67,13.69,13.0,13.26,17848.596943019984
2022-12-08T00:00:00Z,AVAXUSD,13.27,13.51,13.07,13.41,31604.743928410036
2022-12-09T00:00:00Z,AVAXUSD,13.42,13.62,13.37,13.45,54380.11228339039
2022-12-10T00:00:00Z,AVAXUSD,13.45,13.58,13.36,13.47,40836.02997500002
2022-12-11T00:00:00Z,AVAXUSD,13.48,13.5,12.93,12.99,12316.458782660002
2022-12-12T00:00:00Z,AVAXUSD,12.98,13.05,12.49,13.01,49365.908710260075
2022-12-13T00:00:00Z,AVAXUSD,12.99,14.35,12.58,13.73,65079.93571772034
2022-12-14T00:00:00Z,AVAXUSD,13.76,14.17,13.55,13.73,64099.29865944002
2022-12-15T00:00:00Z,AVAXUSD,13.73,13.88,13.09,13.15,72368.31402796002
2022-12-16T00:00:00Z,AVAXUSD,13.15,13.29,11.6,11.83,63805.6287466802
2022-12-17T00:00:00Z,AVAXUSD,11.83,11.99,11.45,11.97,71494.16557526018
2022-12-18T00:00:00Z,AVAXUSD,11.97,12.02,11.8,11.93,7392.2458246900005
2022-12-19T00:00:00Z,AVAXUSD,11.92,12.09,11.13,11.39,60052.13300183009
2022-12-20T00:00:00Z,AVAXUSD,11.4,12.04,11.36,11.97,48065.1303845901
2022-12-21T00:00:00Z,AVAXUSD,11.98,11.98,11.64,11.69,13483.693890759989
2022-12-22T00:00:00Z,AVAXUSD,11.7,11.85,11.46,11.84,33787.17959734014
2022-12-23T00:00:00Z,AVAXUSD,11.86,11.88,11.66,11.76,14560.631045899998
2022-12-24T00:00:00Z,AVAXUSD,11.78,11.82,11.65,11.69,3895.8863989500023
2022-12-25T00:00:00Z,AVAXUSD,11.67,11.72,11.52,11.69,5246.76929885
2022-12-26T00:00:00Z,AVAXUSD,11.65,11.76,11.56,11.73,13493.376690959993
2022-12-27T00:00:00Z,AVAXUSD,11.73,11.79,11.54,11.63,11422.20850266
2022-12-28T00:00:00Z,AVAXUSD,11.65,11.65,11.09,11.19,14774.97452864998
2022-12-29T00:00:00Z,AVAXUSD,11.2,11.21,10.62,10.99,54658.47484210008
2022-12-30T00:00:00Z,AVAXUSD,10.94,10.96,10.56,10.87,20112.655186219967
2022-12-31T00:00:00Z,AVAXUSD,10.87,11.06,10.83,10.9,17209.687445839998
2023-01-01T00:00:00Z,AVAXUSD,10.88,12.06,10.65,10.87,57060.470321709945
2023-01-02T00:00:00Z,AVAXUSD,10.86,11.27,10.71,11.15,18274.455630889974
2023-01-03T00:00:00Z,AVAXUSD,11.12,11.54,11.07,11.37,14815.575205189973
2023-01-04T00:00:00Z,AVAXUSD,11.39,12.28,11.35,12.09,79657.1127153301
2023-01-05T00:00:00Z,AVAXUSD,12.09,12.17,11.67,11.75,16240.775471670004
2023-01-06T00:00:00Z,AVAXUSD,11.74,11.82,11.36,11.79,34284.71382707
2023-01-07T00:00:00Z,AVAXUSD,11.79,11.86,11.65,11.74,16017.566939990013
2023-01-08T00:00:00Z,AVAXUSD,11.74,12.14,11.59,12.05,17534.36673412
2023-01-09T00:00:00Z,AVAXUSD,12.1,12.65,12.08,12.23,97499.63707971007
2023-01-10T00:00:00Z,AVAXUSD,12.24,12.92,12.03,12.74,34624.19627866997
2023-01-11T00:00:00Z,AVAXUSD,12.76,16.03,12.26,15.85,433815.96766791964
2023-01-12T00:00:00Z,AVAXUSD,15.92,16.54,14.68,15.45,305185.3310721229
2023-01-13T00:00:00Z,AVAXUSD,15.41,16.58,14.91,15.98,203113.95519329025
2023-01-14T00:00:00Z,AVAXUSD,15.91,18.6,15.8,16.95,335470.6741261093
2023-01-15T00:00:00Z,AVAXUSD,16.93,17.09,16.01,16.82,60483.78382923015
2023-01-16T00:00:00Z,AVAXUSD,16.8,17.33,16.09,16.74,93183.39077099993
2023-01-17T00:00:00Z,AVAXUSD,16.75,18.19,16.55,17.12,198560.65746487057
2023-01-18T00:00:00Z,AVAXUSD,17.16,17.42,15.45,15.83,157732.0209491398
2023-01-19T00:00:00Z,AVAXUSD,15.86,16.27,15.71,16.2,33906.19916004008
2023-01-20T00:00:00Z,AVAXUSD,16.12,17.58,15.87,17.5,104621.61893931992
2023-01-21T00:00:00Z,AVAXUSD,17.53,17.74,16.84,16.9,83345.14237300008
2023-01-22T00:00:00Z,AVAXUSD,16.94,18.45,16.81,17.33,169508.3213891601
2023-01-23T00:00:00Z,AVAXUSD,17.38,18.31,17.22,18.0,89873.8398451598
2023-01-24T00:00:00Z,AVAXUSD,17.98,18.97,16.76,17.02,121512.63910954975
2023-01-25T00:00:00Z,AVAXUSD,16.99,18.28,16.52,17.82,134740.72014281005
2023-01-26T00:00:00Z,AVAXUSD,17.82,18.78,17.81,18.09,96940.07876595994
2023-01-27T00:00:00Z,AVAXUSD,18.08,23.53,17.47,21.16,232874.38991613968
2023-01-28T00:00:00Z,AVAXUSD,21.24,21.82,20.06,20.56,117875.33811927962
2023-01-29T00:00:00Z,AVAXUSD,20.54,21.14,20.13,21.03,103498.1311405598
2023-01-30T00:00:00Z,AVAXUSD,21.01,21.28,19.29,19.75,116489.81241977973
2023-01-31T00:00:00Z,AVAXUSD,19.74,20.2,19.34,19.82,103029.20582599008
2023-02-01T00:00:00Z,AVAXUSD,19.82,21.03,18.72,20.95,184292.76627833012
2023-02-02T00:00:00Z,AVAXUSD,20.97,22.77,20.97,21.24,245512.7269003496
2023-02-03T00:00:00Z,AVAXUSD,21.23,21.91,20.72,21.35,168697.10089606975
2023-02-04T00:00:00Z,AVAXUSD,21.33,21.65,20.86,21.01,29909.835285909976
2023-02-05T00:00:00Z,AVAXUSD,21.02,21.14,19.72,20.1,88419.31567726994
2023-02-06T00:00:00Z,AVAXUSD,20.12,20.42,19.4,19.55,86739.38323682011
2023-02-07T00:00:00Z,AVAXUSD,19.54,20.98,19.54,20.84,114315.20503703991
2023-02-08T00:00:00Z,AVAXUSD,20.87,21.01,19.65,20.14,65194.86628100997
2023-02-09T00:00:00Z,AVAXUSD,20.13,20.23,17.43,17.86,118712.78147686998
2023-02-10T00:00:00Z,AVAXUSD,17.89,18.25,17.52,17.8,101631.14364432984
2023-02-11T00:00:00Z,AVAXUSD,17.83,18.09,17.68,18.01,27700.219535779994
2023-02-12T00:00:00Z,AVAXUSD,18.02,18.48,17.5,17.72,85958.73478475006
2023-02-13T00:00:00Z,AVAXUSD,17.78,18.65,16.87,17.63,132142.85900104983
2023-02-14T00:00:00Z,AVAXUSD,17.66,18.29,17.01,18.14,96787.02517617996
2023-02-15T00:00:00Z,AVAXUSD,18.17,19.95,17.92,19.94,52052.96168149015
2023-02-16T00:00:00Z,AVAXUSD,19.95,20.39,18.54,18.64,131236.78527071016
2023-02-17T00:00:00Z,AVAXUSD,18.6,19.65,18.48,19.49,101854.26272973981
2023-02-18T00:00:00Z,AVAXUSD,19.51,20.06,19.32,19.6,47407.91603946998
2023-02-19T00:00:00Z,AVAXUSD,19.54,20.39,19.3,19.84,58315.327637440016
2023-02-20T00:00:00Z,AVAXUSD,19.82,21.41,19.05,20.77,165151.47171318985
2023-02-21T00:00:00Z,AVAXUSD,20.83,21.65,19.92,20.95,109124.63227973992
2023-02-22T00:00:00Z,AVAXUSD,20.96,21.42,19.59,20.33,120272.55279360019
2023-02-23T00:00:00Z,AVAXUSD,20.34,20.72,19.53,19.7,90739.77662089991
2023-02-24T00:00:00Z,AVAXUSD,19.68,19.81,18.05,18.37,59418.606346359804
2023-02-25T00:00:00Z,AVAXUSD,18.37,20.07,17.43,17.96,105900.81800311999
2023-02-26T00:00:00Z,AVAXUSD,17.94,18.57,17.84,18.45,56717.19749353989
2023-02-27T00:00:00Z,AVAXUSD,18.44,18.84,17.73,17.91,63319.55451030006
2023-02-28T00:00:00Z,AVAXUSD,17.92,17.92,16.96,17.08,44697.75637269003
2023-03-01T00:00:00Z,AVAXUSD,17.09,17.82,16.99,17.76,46931.681228820016
2023-03-02T00:00:00Z,AVAXUSD,17.77,17.84,17.12,17.44,18858.45843119
2023-03-03T00:00:00Z,AVAXUSD,17.48,17.48,15.81,16.67,163518.47522597015
2023-03-04T00:00:00Z,AVAXUSD,16.67,16.89,15.77,16.12,28165.57583996001
2023-03-05T00:00:00Z,AVAXUSD,16.14,16.88,16.08,16.16,43354.49677454003
2023-03-06T00:00:00Z,AVAXUSD,16.15,16.68,15.85,16.54,32416.843159039992
2023-03-07T00:00:00Z,AVAXUSD,16.52,16.71,15.87,16.16,23782.45950906
2023-03-08T00:00:00Z,AVAXUSD,16.17,16.24,15.0,15.13,70627.85927745028
2023-03-09T00:00:00Z,AVAXUSD,15.12,15.7,14.21,14.42,121428.7379618101
2023-03-10T00:00:00Z,AVAXUSD,14.39,15.19,13.89,14.86,99204.59741327011
2023-03-11T00:00:00Z,AVAXUSD,14.85,15.31,14.07,14.64,82345.35399389974
2023-03-12T00:00:00Z,AVAXUSD,14.57,16.36,14.33,16.27,221762.81798640956
2023-03-13T00:00:00Z,AVAXUSD,16.3,16.85,15.53,16.53,88548.0130355801
2023-03-14T00:00:00Z,AVAXUSD,16.53,17.96,16.17,17.18,232876.14163280663
2023-03-15T00:00:00Z,AVAXUSD,17.2,17.97,15.4,15.61,122977.68924961008
2023-03-16T00:00:00Z,AVAXUSD,15.57,16.11,15.3,15.88,49357.3047038199
2023-03-17T00:00:00Z,AVAXUSD,15.87,17.79,15.68,17.7,131615.55001377032
2023-03-18T00:00:00Z,AVAXUSD,17.69,18.25,16.9,17.0,83151.93371304031
2023-03-19T00:00:00Z,AVAXUSD,17.03,18.11,17.03,17.58,55199.16465597052
2023-03-20T00:00:00Z,AVAXUSD,17.62,17.8,16.55,16.64,86898.05387777
2023-03-21T00:00:00Z,AVAXUSD,16.67,17.57,16.39,17.49,52222.668260309925
2023-03-22T00:00:00Z,AVAXUSD,17.4,17.94,16.29,16.77,92570.34145852036
2023-03-23T00:00:00Z,AVAXUSD,16.77,17.88,16.62,17.56,62050.64969630006
2023-03-24T00:00:00Z,AVAXUSD,17.56,17.65,16.68,16.95,41786.22231723015
2023-03-25T00:00:00Z,AVAXUSD,16.98,17.16,16.42,16.89,16079.123184209995
2023-03-26T00:00:00Z,AVAXUSD,16.88,17.29,16.88,17.03,32312.20253361
2023-03-27T00:00:00Z,AVAXUSD,17.12,17.15,16.09,16.49,19460.18479115999
2023-03-28T00:00:00Z,AVAXUSD,16.48,16.83,16.33,16.72,25076.35764059989
2023-03-29T00:00:00Z,AVAXUSD,16.72,17.41,16.68,17.3,39756.36228099022
2023-03-30T00:00:00Z,AVAXUSD,17.34,17.55,16.94,17.22,44543.15127866012
2023-03-31T00:00:00Z,AVAXUSD,17.25,17.85,17.1,17.7,44155.18349128016
2023-04-01T00:00:00Z,AVAXUSD,17.72,17.88,17.57,17.8,15898.671687429936
2023-04-02T00:00:00Z,AVAXUSD,17.81,17.83,17.08,17.27,7778.927546450002
2023-04-03T00:00:00Z,AVAXUSD,17.25,17.43,16.68,17.13,23998.09399402997
2023-04-04T00:00:00Z,AVAXUSD,17.1,17.65,16.97,17.62,29147.431657300018
2023-04-05T00:00:00Z,AVAXUSD,17.66,18.34,17.64,18.0,81024.01994767055
2023-04-06T00:00:00Z,AVAXUSD,18.01,18.75,17.64,17.99,71081.9992639505
2023-04-07T00:00:00Z,AVAXUSD,18.0,18.13,17.44,17.63,20230.648456659957
2023-04-08T00:00:00Z,AVAXUSD,17.61,17.74,17.37,17.47,8752.963860329999
2023-04-09T00:00:00Z,AVAXUSD,17.45,17.65,17.27,17.59,6905.000651410007
2023-04-10T00:00:00Z,AVAXUSD,17.54,17.97,17.39,17.95,24848.649948109894
2023-04-11T00:00:00Z,AVAXUSD,17.96,18.62,17.89,18.17,76920.68519991016
2023-04-12T00:00:00Z,AVAXUSD,18.2,18.72,17.71,18.24,70332.46498624016
2023-04-13T00:00:00Z,AVAXUSD,18.24,19.06,18.15,18.84,69765.53295657002
2023-04-14T00:00:00Z,AVAXUSD,18.84,19.33,18.48,19.24,53340.656704160254
2023-04-15T00:00:00Z,AVAXUSD,19.2,19.6,19.01,19.11,55301.119865680004
2023-04-16T00:00:00Z,AVAXUSD,19.09,21.0,18.87,20.15,227212.22396267974
2023-04-17T00:00:00Z,AVAXUSD,20.2,21.24,17.57,20.52,299682.8146993375
2023-04-18T00:00:00Z,AVAXUSD,20.55,21.57,20.26,21.23,99441.76347158018
2023-04-19T00:00:00Z,AVAXUSD,21.18,21.2,18.55,18.97,271586.0843142692
2023-04-20T00:00:00Z,AVAXUSD,18.95,19.43,18.24,18.32,88332.41656957036
2023-04-21T00:00:00Z,AVAXUSD,18.31,18.52,16.69,16.93,65557.14153326
2023-04-22T00:00:00Z,AVAXUSD,16.92,17.91,16.83,17.23,32130.63994932992
2023-04-23T00:00:00Z,AVAXUSD,17.24,17.25,16.5,16.86,88461.53281257006
2023-04-24T00:00:00Z,AVAXUSD,16.85,17.24,16.56,16.97,47551.38814900019
2023-04-25T00:00:00Z,AVAXUSD,16.92,17.77,16.77,17.64,39688.70662648
2023-04-26T00:00:00Z,AVAXUSD,17.65,18.22,16.27,17.19,92808.09956194987
2023-04-27T00:00:00Z,AVAXUSD,17.23,17.93,17.21,17.71,33217.45386699997
2023-04-28T00:00:00Z,AVAXUSD,17.7,18.04,17.27,17.58,36239.89532508999
2023-04-29T00:00:00Z,AVAXUSD,17.58,17.72,17.35,17.46,30746.061800959953
2023-04-30T00:00:00Z,AVAXUSD,17.43,17.85,17.09,17.1,12195.871261510005
2023-05-01T00:00:00Z,AVAXUSD,17.14,17.21,16.53,16.64,34562.71438834001
2023-05-02T00:00:00Z,AVAXUSD,16.6,16.97,16.51,16.87,16327.73159510001
2023-05-03T00:00:00Z,AVAXUSD,16.83,17.36,16.41,17.28,49230.377681889986
2023-05-04T00:00:00Z,AVAXUSD,17.19,17.27,16.79,16.91,97100.10797590997
2023-05-05T00:00:00Z,AVAXUSD,16.95,17.42,16.72,17.38,72467.51829933994
2023-05-06T00:00:00Z,AVAXUSD,17.36,17.52,16.45,16.64,43471.95147115007
2023-05-07T00:00:00Z,AVAXUSD,16.64,16.75,16.34,16.42,10673.423680939995
2023-05-08T00:00:00Z,AVAXUSD,16.37,16.51,14.9,15.43,66974.37717794003
2023-05-09T00:00:00Z,AVAXUSD,15.43,15.58,15.23,15.32,10272.561574280004
2023-05-10T00:00:00Z,AVAXUSD,15.36,16.04,14.77,15.56,181687.46651995892
2023-05-11T00:00:00Z,AVAXUSD,15.51,15.51,14.81,14.96,33715.34634886001
2023-05-12T00:00:00Z,AVAXUSD,14.93,16.62,14.54,15.19,138667.02792189963
2023-05-13T00:00:00Z,AVAXUSD,15.19,15.19,14.92,14.92,9389.84700372999
2023-05-14T00:00:00Z,AVAXUSD,14.93,15.15,14.82,15.02,9483.908820590003
2023-05-15T00:00:00Z,AVAXUSD,15.02,15.35,14.82,15.1,14927.984014700005
2023-05-16T00:00:00Z,AVAXUSD,15.11,15.17,14.74,14.9,21661.89325699998
2023-05-17T00:00:00Z,AVAXUSD,14.91,15.29,14.64,15.16,51372.49964399005
2023-05-18T00:00:00Z,AVAXUSD,15.18,15.18,14.43,14.71,64064.354609730115
2023-05-19T00:00:00Z,AVAXUSD,14.69,15.08,14.55,14.69,35065.61171836999
2023-05-20T00:00:00Z,AVAXUSD,14.66,14.7,14.55,14.64,8038.3140932999995
2023-05-21T00:00:00Z,AVAXUSD,14.63,14.67,14.19,14.3,21091.878377339992
2023-05-22T00:00:00Z,AVAXUSD,14.29,14.76,14.11,14.68,41800.61183416997
2023-05-23T00:00:00Z,AVAXUSD,14.68,14.94,14.61,14.72,22646.64897513997
2023-05-24T00:00:00Z,AVAXUSD,14.69,14.69,14.01,14.13,18336.885535489986
2023-05-25T00:00:00Z,AVAXUSD,14.1,15.71,13.7,14.09,92406.58238818022
2023-05-26T00:00:00Z,AVAXUSD,14.06,14.39,13.96,14.32,47140.20905413001
2023-05-27T00:00:00Z,AVAXUSD,14.35,14.6,14.27,14.56,24757.460346339925
2023-05-28T00:00:00Z,AVAXUSD,14.54,15.04,14.25,14.91,46555.07798173013
2023-05-29T00:00:00Z,AVAXUSD,14.91,14.95,14.37,14.5,38859.46621756006
2023-05-30T00:00:00Z,AVAXUSD,14.47,14.72,14.37,14.44,45565.86793569998
2023-05-31T00:00:00Z,AVAXUSD,14.43,14.46,13.7,14.12,50990.42542804
2023-06-01T00:00:00Z,AVAXUSD,14.1,14.29,13.85,14.12,19227.957349189986
2023-06-02T00:00:00Z,AVAXUSD,14.09,14.56,13.99,14.48,40203.68205482005
2023-06-03T00:00:00Z,AVAXUSD,14.49,14.59,14.39,14.57,35867.574065100016
2023-06-04T00:00:00Z,AVAXUSD,14.59,14.92,14.53,14.77,27252.13618034999
2023-06-05T00:00:00Z,AVAXUSD,14.78,14.88,13.48,13.89,83847.69398426011
2023-06-06T00:00:00Z,AVAXUSD,13.86,14.68,13.82,14.64,34086.718777090035
2023-06-07T00:00:00Z,AVAXUSD,14.64,14.71,13.97,14.05,63610.66772879008
2023-06-08T00:00:00Z,AVAXUSD,14.0,14.09,13.77,13.94,49190.48679841999
2023-06-09T00:00:00Z,AVAXUSD,13.92,14.25,13.7,13.75,87605.87163991012
2023-06-10T00:00:00Z,AVAXUSD,13.71,13.71,9.86,11.68,414449.4949939409
2023-06-11T00:00:00Z,AVAXUSD,11.68,11.81,11.43,11.6,43538.750246189986
2023-06-12T00:00:00Z,AVAXUSD,11.57,11.6,11.17,11.53,48102.42812755002
2023-06-13T00:00:00Z,AVAXUSD,11.53,12.06,11.45,11.78,66299.95003143999
2023-06-14T00:00:00Z,AVAXUSD,11.79,11.95,11.19,11.37,55692.80248964999
2023-06-15T00:00:00Z,AVAXUSD,11.36,11.56,10.98,11.39,65427.52970766027
2023-06-16T00:00:00Z,AVAXUSD,11.39,11.71,11.22,11.54,65812.78475837006
2023-06-17T00:00:00Z,AVAXUSD,11.51,11.83,11.47,11.61,15616.729847049997
2023-06-18T00:00:00Z,AVAXUSD,11.6,11.6,11.26,11.36,15902.590139780004
2023-06-19T00:00:00Z,AVAXUSD,11.31,11.51,11.18,11.45,23954.63046472997
2023-06-20T00:00:00Z,AVAXUSD,11.47,12.11,11.19,12.1,46025.57751427998
2023-06-21T00:00:00Z,AVAXUSD,12.11,13.03,12.07,12.89,63814.662168490104
2023-06-22T00:00:00Z,AVAXUSD,12.92,13.24,12.56,12.65,83668.3970072599
2023-06-23T00:00:00Z,AVAXUSD,12.65,13.5,12.63,13.28,73736.63549009014
2023-06-24T00:00:00Z,AVAXUSD,13.25,13.39,12.75,13.03,29251.89981354998
2023-06-25T00:00:00Z,AVAXUSD,13.03,13.68,12.98,13.41,19318.27292957999
2023-06-26T00:00:00Z,AVAXUSD,13.45,13.66,12.97,13.15,59876.44046106991
2023-06-27T00:00:00Z,AVAXUSD,13.13,13.45,13.11,13.21,16077.256056269982
2023-06-28T00:00:00Z,AVAXUSD,13.15,13.15,12.08,12.35,45495.76815486007
2023-06-29T00:00:00Z,AVAXUSD,12.33,12.96,12.28,12.68,41476.12381216999
2023-06-30T00:00:00Z,AVAXUSD,12.67,13.32,12.14,13.02,93334.00065002995
2023-07-01T00:00:00Z,AVAXUSD,13.05,13.14,12.86,13.0,29532.304907679987
2023-07-02T00:00:00Z,AVAXUSD,13.0,13.21,12.73,13.12,25046.174781819976
2023-07-03T00:00:00Z,AVAXUSD,13.14,13.48,13.1,13.23,34030.97988778003
2023-07-04T00:00:00Z,AVAXUSD,13.25,13.4,13.02,13.02,32458.233479730032
2023-07-05T00:00:00Z,AVAXUSD,13.04,13.15,12.49,12.68,27258.800190370006
2023-07-06T00:00:00Z,AVAXUSD,12.63,13.1,12.25,12.38,26752.184438889966
2023-07-07T00:00:00Z,AVAXUSD,12.37,12.77,12.27,12.74,29721.951471759985
2023-07-08T00:00:00Z,AVAXUSD,12.75,13.88,12.75,13.66,64938.690538160015
2023-07-09T00:00:00Z,AVAXUSD,13.64,14.2,13.58,13.58,49420.680799099966
2023-07-10T00:00:00Z,AVAXUSD,13.59,13.84,13.18,13.37,60668.29926545996
2023-07-11T00:00:00Z,AVAXUSD,13.4,13.69,13.15,13.26,17445.795729049983
2023-07-12T00:00:00Z,AVAXUSD,13.22,13.35,12.85,13.03,37481.94364218002
2023-07-13T00:00:00Z,AVAXUSD,13.02,14.18,12.91,14.12,87298.45611256994
2023-07-14T00:00:00Z,AVAXUSD,14.13,16.0,14.05,14.65,212450.23466883053
2023-07-15T00:00:00Z,AVAXUSD,14.62,15.34,14.41,14.82,49446.66885315002
2023-07-16T00:00:00Z,AVAXUSD,14.83,14.93,14.17,14.27,61964.5691512001
2023-07-17T00:00:00Z,AVAXUSD,14.25,14.63,13.86,14.41,50132.234577939926
2023-07-18T00:00:00Z,AVAXUSD,14.41,14.57,13.58,13.78,47313.68156044016
2023-07-19T00:00:00Z,AVAXUSD,13.78,14.29,13.77,13.99,62382.98649768
2023-07-20T00:00:00Z,AVAXUSD,13.98,14.4,13.69,13.84,49836.30860117007
2023-07-21T00:00:00Z,AVAXUSD,13.83,14.06,13.74,14.0,18097.85122209999
2023-07-22T00:00:00Z,AVAXUSD,13.98,14.04,13.33,13.53,17129.500710860008
2023-07-23T00:00:00Z,AVAXUSD,13.52,13.73,13.41,13.54,18592.15528594001
2023-07-24T00:00:00Z,AVAXUSD,13.54,13.59,12.78,13.1,56354.16607654009
2023-07-25T00:00:00Z,AVAXUSD,13.12,13.56,13.05,13.34,37462.80164987
2023-07-26T00:00:00Z,AVAXUSD,13.35,13.46,13.09,13.25,78769.45146051995
2023-07-27T00:00:00Z,AVAXUSD,13.26,13.42,13.02,13.13,76387.04626377995
2023-07-28T00:00:00Z,AVAXUSD,13.14,13.28,13.02,13.23,12998.444109130016
2023-07-29T00:00:00Z,AVAXUSD,13.22,13.29,13.17,13.24,14803.200598170002
2023-07-30T00:00:00Z,AVAXUSD,13.24,13.4,12.92,13.13,15424.889232000009
2023-07-31T00:00:00Z,AVAXUSD,13.13,13.27,12.71,12.82,40832.452771879936
2023-08-01T00:00:00Z,AVAXUSD,12.8,12.88,12.39,12.87,57960.99661566015
2023-08-02T00:00:00Z,AVAXUSD,12.88,12.96,12.42,12.54,51348.67113200005
2023-08-03T00:00:00Z,AVAXUSD,12.54,12.62,12.37,12.43,24908.41363565997
2023-08-04T00:00:00Z,AVAXUSD,12.43,12.59,12.26,12.39,12545.409977159992
2023-08-05T00:00:00Z,AVAXUSD,12.38,12.44,12.27,12.43,9240.120488860006
2023-08-06T00:00:00Z,AVAXUSD,12.44,12.64,12.41,12.55,26007.52740448
2023-08-07T00:00:00Z,AVAXUSD,12.57,12.73,12.21,12.45,50602.20437644002
2023-08-08T00:00:00Z,AVAXUSD,12.45,12.79,12.38,12.69,41580.886618170065
2023-08-09T00:00:00Z,AVAXUSD,12.71,12.79,12.49,12.63,12267.450402110004
2023-08-10T00:00:00Z,AVAXUSD,12.63,12.65,12.46,12.49,19338.71099119
2023-08-11T00:00:00Z,AVAXUSD,12.47,12.53,12.35,12.43,4891.17210092
2023-08-12T00:00:00Z,AVAXUSD,12.43,12.49,12.34,12.38,6842.093193980009
2023-08-13T00:00:00Z,AVAXUSD,12.38,12.41,12.2,12.25,8611.428533300003
2023-08-14T00:00:00Z,AVAXUSD,12.25,12.43,12.16,12.35,17057.131316240015
2023-08-15T00:00:00Z,AVAXUSD,12.36,12.36,11.3,11.81,44788.96597943999
2023-08-16T00:00:00Z,AVAXUSD,11.82,11.86,11.07,11.36,55077.65098480001
2023-08-17T00:00:00Z,AVAXUSD,11.36,11.49,9.97,10.58,119855.58749827016
2023-08-18T00:00:00Z,AVAXUSD,10.57,10.99,10.56,10.79,47219.25666021001
2023-08-19T00:00:00Z,AVAXUSD,10.8,10.88,10.57,10.8,20068.907138610008
2023-08-20T00:00:00Z,AVAXUSD,10.81,10.91,10.75,10.87,17892.67478575999
2023-08-21T00:00:00Z,AVAXUSD,10.85,10.87,10.16,10.36,24299.55186964
2023-08-22T00:00:00Z,AVAXUSD,10.36,10.42,9.72,10.1,88627.59440920025
2023-08-23T00:00:00Z,AVAXUSD,10.13,10.46,10.06,10.34,29302.81874019996
2023-08-24T00:00:00Z,AVAXUSD,10.35,10.36,9.97,10.12,19066.330501769993
2023-08-25T00:00:00Z,AVAXUSD,10.09,10.12,9.89,10.06,12422.026443799996
2023-08-26T00:00:00Z,AVAXUSD,10.04,10.13,10.01,10.1,6284.572942720003
2023-08-27T00:00:00Z,AVAXUSD,10.11,10.27,10.07,10.2,14803.291738999991
2023-08-28T00:00:00Z,AVAXUSD,10.19,10.44,9.91,10.36,35565.90343388
2023-08-29T00:00:00Z,AVAXUSD,10.38,11.24,10.33,10.8,57157.483252970094
2023-08-30T00:00:00Z,AVAXUSD,10.81,10.82,10.34,10.42,33966.49398871
2023-08-31T00:00:00Z,AVAXUSD,10.4,10.53,9.82,9.99,24083.064038289976
2023-09-01T00:00:00Z,AVAXUSD,9.98,10.06,9.77,9.93,22265.01812879997
2023-09-02T00:00:00Z,AVAXUSD,9.93,9.95,9.62,9.9,31097.371830280023
2023-09-03T00:00:00Z,AVAXUSD,9.9,10.0,9.84,9.9,20081.16440708
2023-09-04T00:00:00Z,AVAXUSD,9.89,10.04,9.69,9.8,12244.306641779996
2023-09-05T00:00:00Z,AVAXUSD,9.8,9.95,9.66,9.92,20659.195250179997
2023-09-06T00:00:00Z,AVAXUSD,9.91,10.06,9.77,9.94,19166.158825429993
2023-09-07T00:00:00Z,AVAXUSD,9.93,10.13,9.84,10.07,47872.901528770024
2023-09-08T00:00:00Z,AVAXUSD,10.08,10.13,9.82,9.91,51063.176884490065
2023-09-09T00:00:00Z,AVAXUSD,9.92,9.92,9.83,9.83,10070.639835080008
2023-09-10T00:00:00Z,AVAXUSD,9.84,9.84,9.22,9.45,35154.04515485993
2023-09-11T00:00:00Z,AVAXUSD,9.45,9.51,9.05,9.24,86638.52728673092
2023-09-12T00:00:00Z,AVAXUSD,9.24,9.59,9.21,9.22,30344.182867249987
2023-09-13T00:00:00Z,AVAXUSD,9.22,9.44,9.11,9.3,19673.808473259942
2023-09-14T00:00:00Z,AVAXUSD,9.29,9.47,9.24,9.4,30303.93284817991
2023-09-15T00:00:00Z,AVAXUSD,9.4,9.51,9.19,9.44,22178.959133669934
2023-09-16T00:00:00Z,AVAXUSD,9.46,9.6,9.36,9.39,17108.982716459897
2023-09-17T00:00:00Z,AVAXUSD,9.37,9.37,9.02,9.09,29226.27021353993
2023-09-18T00:00:00Z,AVAXUSD,9.1,9.31,8.82,9.1,55968.43700609015
2023-09-19T00:00:00Z,AVAXUSD,9.11,9.33,9.06,9.22,39436.36239785015
2023-09-20T00:00:00Z,AVAXUSD,9.22,9.23,8.87,9.05,64220.9640867303
2023-09-21T00:00:00Z,AVAXUSD,9.03,9.1,8.79,8.83,30088.244013419895
2023-09-22T00:00:00Z,AVAXUSD,8.83,8.92,8.73,8.86,20678.17924859995
2023-09-23T00:00:00Z,AVAXUSD,8.86,8.98,8.84,8.9,5857.183159810026
2023-09-24T00:00:00Z,AVAXUSD,8.91,9.03,8.76,8.78,22169.200952599946
2023-09-25T00:00:00Z,AVAXUSD,8.76,8.96,8.63,8.94,41045.295248229966
2023-09-26T00:00:00Z,AVAXUSD,8.95,9.06,8.86,9.05,37774.64258728994
2023-09-27T00:00:00Z,AVAXUSD,9.05,9.18,8.83,8.92,26622.079928319978
2023-09-28T00:00:00Z,AVAXUSD,8.91,9.35,8.9,9.28,42581.27935207997
2023-09-29T00:00:00Z,AVAXUSD,9.29,9.35,9.08,9.19,94147.29502670036
2023-09-30T00:00:00Z,AVAXUSD,9.19,9.29,9.12,9.25,29306.976235689992
2023-10-01T00:00:00Z,AVAXUSD,9.23,9.83,9.23,9.73,90381.37375303039
2023-10-02T00:00:00Z,AVAXUSD,9.77,9.83,9.17,9.31,149223.31093091983
2023-10-03T00:00:00Z,AVAXUSD,9.32,9.48,9.24,9.39,44477.326326900045
2023-10-04T00:00:00Z,AVAXUSD,9.43,10.28,9.1,10.11,112635.33260419997
2023-10-05T00:00:00Z,AVAXUSD,10.09,10.33,9.84,10.13,96472.71010893011
2023-10-06T00:00:00Z,AVAXUSD,10.14,10.83,10.14,10.65,163502.74260734973
2023-10-07T00:00:00Z,AVAXUSD,10.67,11.91,10.26,10.36,132872.47656094006
2023-10-08T00:00:00Z,AVAXUSD,10.35,10.53,9.98,10.08,57440.356205510005
2023-10-09T00:00:00Z,AVAXUSD,10.07,10.07,9.28,9.54,108050.55434688038
2023-10-10T00:00:00Z,AVAXUSD,9.55,9.84,9.43,9.53,51744.864540180075
2023-10-11T00:00:00Z,AVAXUSD,9.52,9.56,9.22,9.31,40463.83789058
2023-10-12T00:00:00Z,AVAXUSD,9.3,9.31,8.9,9.12,43281.25734840006
2023-10-13T00:00:00Z,AVAXUSD,9.13,9.33,9.02,9.15,29464.184539809983
2023-10-14T00:00:00Z,AVAXUSD,9.15,9.25,9.13,9.14,9959.564357960004
2023-10-15T00:00:00Z,AVAXUSD,9.15,9.25,9.1,9.16,6803.148702660011
2023-10-16T00:00:00Z,AVAXUSD,9.18,9.8,9.18,9.42,78165.7805833401
2023-10-17T00:00:00Z,AVAXUSD,9.41,9.41,9.01,9.12,29862.32424297998
2023-10-18T00:00:00Z,AVAXUSD,9.11,9.2,8.85,8.91,78940.20111882985
2023-10-19T00:00:00Z,AVAXUSD,8.9,9.12,8.67,9.08,84682.84888122
2023-10-20T00:00:00Z,AVAXUSD,9.08,9.38,9.04,9.23,53363.35490153995
2023-10-21T00:00:00Z,AVAXUSD,9.26,9.82,9.19,9.64,59427.33526160994
2023-10-22T00:00:00Z,AVAXUSD,9.63,10.08,9.54,10.08,69929.27514879986
2023-10-23T00:00:00Z,AVAXUSD,10.09,10.68,9.87,10.59,164684.25874961013
2023-10-24T00:00:00Z,AVAXUSD,10.6,10.8,10.05,10.32,179303.7473957198
2023-10-25T00:00:00Z,AVAXUSD,10.3,10.63,10.18,10.52,89338.64771603009
2023-10-26T00:00:00Z,AVAXUSD,10.51,11.47,10.37,11.06,266008.2955703297
2023-10-27T00:00:00Z,AVAXUSD,11.05,11.05,10.35,10.59,77669.58421541008
2023-10-28T00:00:00Z,AVAXUSD,10.63,11.08,10.58,10.99,85849.70222889997
2023-10-29T00:00:00Z,AVAXUSD,10.96,11.43,10.79,11.36,89389.8094347501
2023-10-30T00:00:00Z,AVAXUSD,11.38,11.68,11.08,11.44,64192.95501004009
2023-10-31T00:00:00Z,AVAXUSD,11.47,11.75,11.02,11.34,172050.96089876982
2023-11-01T00:00:00Z,AVAXUSD,11.31,12.33,10.9,12.21,208534.36731426048
2023-11-02T00:00:00Z,AVAXUSD,12.22,12.54,11.43,11.9,215789.90071417825
2023-11-03T00:00:00Z,AVAXUSD,11.84,12.19,11.42,12.12,115290.80808693009
2023-11-04T00:00:00Z,AVAXUSD,12.09,12.33,11.93,12.22,47707.18390019998
2023-11-05T00:00:00Z,AVAXUSD,12.22,12.67,12.1,12.37,64116.03770945
2023-11-06T00:00:00Z,AVAXUSD,12.38,13.17,12.26,13.07,184483.1760653298
2023-11-07T00:00:00Z,AVAXUSD,13.09,13.09,12.3,12.82,133773.46275234007
2023-11-08T00:00:00Z,AVAXUSD,12.82,13.15,12.68,12.98,109965.70076618025
2023-11-09T00:00:00Z,AVAXUSD,12.97,13.97,11.91,12.96,288435.49356320885
2023-11-10T00:00:00Z,AVAXUSD,12.97,14.86,12.89,14.7,381686.01903411903
2023-11-11T00:00:00Z,AVAXUSD,14.75,17.0,14.0,16.83,524908.006867199
2023-11-12T00:00:00Z,AVAXUSD,16.79,19.75,15.9,18.99,726736.9009636501
2023-11-13T00:00:00Z,AVAXUSD,18.97,19.75,16.11,16.11,385360.80035333853
2023-11-14T00:00:00Z,AVAXUSD,16.11,18.1,15.59,17.08,411795.62794971105
2023-11-15T00:00:00Z,AVAXUSD,17.09,20.95,17.04,20.71,564563.0239098904
2023-11-16T00:00:00Z,AVAXUSD,20.75,24.05,20.24,21.73,661307.1998438688
2023-11-17T00:00:00Z,AVAXUSD,21.74,24.7,19.95,21.94,564008.8494454985
2023-11-18T00:00:00Z,AVAXUSD,21.85,22.71,20.18,21.97,221303.77318049935
2023-11-19T00:00:00Z,AVAXUSD,21.95,23.07,20.78,22.87,207906.09285891923
2023-11-20T00:00:00Z,AVAXUSD,22.91,23.28,20.73,20.86,231332.66712877914
2023-11-21T00:00:00Z,AVAXUSD,20.86,22.27,18.93,19.03,376161.5770489706
2023-11-22T00:00:00Z,AVAXUSD,19.0,21.25,18.98,20.81,240972.07294557933
2023-11-23T00:00:00Z,AVAXUSD,20.83,21.48,20.43,20.64,60015.44736852996
2023-11-24T00:00:00Z,AVAXUSD,20.65,21.89,20.46,20.89,189874.040966721
2023-11-25T00:00:00Z,AVAXUSD,20.82,21.46,20.67,21.37,62370.60748796996
2023-11-26T00:00:00Z,AVAXUSD,21.38,21.51,20.1,21.08,69512.7875071402
2023-11-27T00:00:00Z,AVAXUSD,21.06,21.28,19.85,20.36,120519.97751411023
2023-11-28T00:00:00Z,AVAXUSD,20.34,20.87,19.52,20.66,145405.0160678893
2023-11-29T00:00:00Z,AVAXUSD,20.7,21.59,20.58,21.1,172382.24418305967
2023-11-30T00:00:00Z,AVAXUSD,21.12,21.53,20.81,21.38,126644.15799293994
2023-12-01T00:00:00Z,AVAXUSD,21.41,22.64,21.14,21.86,193836.77746302975
2023-12-02T00:00:00Z,AVAXUSD,21.89,22.43,21.77,22.24,129934.79739715999
2023-12-03T00:00:00Z,AVAXUSD,22.24,22.74,21.57,21.96,109451.4184920701
2023-12-04T00:00:00Z,AVAXUSD,22.0,23.19,21.21,22.69,274327.4201097097
2023-12-05T00:00:00Z,AVAXUSD,22.67,24.82,21.81,24.56,335186.2910127984
2023-12-06T00:00:00Z,AVAXUSD,24.58,27.69,24.52,26.22,445374.8533142861
2023-12-07T00:00:00Z,AVAXUSD,26.32,27.89,25.76,26.28,354261.88706295844
2023-12-08T00:00:00Z,AVAXUSD,26.34,30.84,26.07,30.41,471558.21971119894
2023-12-09T00:00:00Z,AVAXUSD,30.45,34.27,30.44,31.89,394786.3670745973
2023-12-10T00:00:00Z,AVAXUSD,31.9,37.98,31.57,37.14,375856.35428369703
2023-12-11T00:00:00Z,AVAXUSD,37.19,39.47,32.48,38.02,755050.4515728595
2023-12-12T00:00:00Z,AVAXUSD,38.15,43.06,35.9,37.45,536181.00628939
2023-12-13T00:00:00Z,AVAXUSD,37.49,41.47,34.1,38.9,566985.1440899478
2023-12-14T00:00:00Z,AVAXUSD,38.97,40.35,36.25,39.28,372072.3636979282
2023-12-15T00:00:00Z,AVAXUSD,39.36,42.3,38.54,39.71,316132.25000074937
2023-12-16T00:00:00Z,AVAXUSD,39.71,45.33,38.5,42.21,381029.70361675724
2023-12-17T00:00:00Z,AVAXUSD,42.31,43.95,40.32,40.57,221170.60071797977
2023-12-18T00:00:00Z,AVAXUSD,40.6,41.42,36.48,41.13,365714.5448658086
2023-12-19T00:00:00Z,AVAXUSD,41.15,42.15,38.75,39.8,554314.0933380915
2023-12-20T00:00:00Z,AVAXUSD,39.69,44.48,39.11,43.44,366400.40622733714
2023-12-21T00:00:00Z,AVAXUSD,43.49,47.34,43.08,45.93,343032.3891331376
2023-12-22T00:00:00Z,AVAXUSD,46.08,48.87,43.64,45.37,384138.92592406773
2023-12-23T00:00:00Z,AVAXUSD,45.32,48.25,43.29,48.1,320648.256146189
2023-12-24T00:00:00Z,AVAXUSD,48.07,49.9,46.42,47.68,380971.07437609753
2023-12-25T00:00:00Z,AVAXUSD,47.87,48.88,46.0,48.25,190006.57033031964
2023-12-26T00:00:00Z,AVAXUSD,48.2,48.2,40.72,44.45,279416.27737017884
2023-12-27T00:00:00Z,AVAXUSD,44.55,44.95,41.9,42.44,252956.4137679499
2023-12-28T00:00:00Z,AVAXUSD,42.38,43.37,39.27,39.87,219694.20401356873
2023-12-29T00:00:00Z,AVAXUSD,39.92,42.1,38.57,40.21,146659.97592035003
2023-12-30T00:00:00Z,AVAXUSD,40.15,40.36,38.13,39.35,116286.56082461997
2023-12-31T00:00:00Z,AVAXUSD,39.37,40.52,37.59,38.57,93603.88162508015
2024-01-01T00:00:00Z,AVAXUSD,38.56,42.07,38.07,41.97,118501.10884275015
2024-01-02T00:00:00Z,AVAXUSD,41.96,43.42,40.34,40.62,147490.97115911983
2024-01-03T00:00:00Z,AVAXUSD,40.61,41.43,32.09,36.84,338703.55427179416
2024-01-04T00:00:00Z,AVAXUSD,36.8,39.46,36.15,38.73,138173.34248764004
2024-01-05T00:00:00Z,AVAXUSD,38.85,38.94,35.0,36.45,137923.06603781
2024-01-06T00:00:00Z,AVAXUSD,36.39,36.54,33.32,34.66,93703.78125035984
2024-01-07T00:00:00Z,AVAXUSD,34.65,35.78,33.15,33.63,90623.71462305001
2024-01-08T00:00:00Z,AVAXUSD,33.63,36.49,31.0,36.09,277877.5506458909
2024-01-09T00:00:00Z,AVAXUSD,36.08,37.61,33.78,34.69,160959.9850912
2024-01-10T00:00:00Z,AVAXUSD,34.62,39.56,33.37,38.5,226173.92829353048
2024-01-11T00:00:00Z,AVAXUSD,38.56,41.8,37.56,39.31,204046.58439474963
2024-01-12T00:00:00Z,AVAXUSD,39.34,39.57,34.36,35.92,149147.85815575955
2024-01-13T00:00:00Z,AVAXUSD,36.0,36.61,34.71,36.49,63696.011422989955
2024-01-14T00:00:00Z,AVAXUSD,36.5,37.86,35.26,35.26,90361.71443662011
2024-01-15T00:00:00Z,AVAXUSD,35.27,36.76,35.16,35.6,54222.76773831007
2024-01-16T00:00:00Z,AVAXUSD,35.6,36.51,34.78,35.59,50652.9437376099
2024-01-17T00:00:00Z,AVAXUSD,35.67,36.44,35.25,36.06,68821.17316568994
2024-01-18T00:00:00Z,AVAXUSD,36.06,36.12,32.71,33.52,100144.29786605989
2024-01-19T00:00:00Z,AVAXUSD,33.55,33.71,31.17,32.7,139016.22217007002
2024-01-20T00:00:00Z,AVAXUSD,32.69,33.0,32.01,32.84,59872.67148039
2024-01-21T00:00:00Z,AVAXUSD,32.87,35.5,32.44,32.47,80082.96125533004
2024-01-22T00:00:00Z,AVAXUSD,32.49,32.67,29.31,29.46,308513.046567319
2024-01-23T00:00:00Z,AVAXUSD,29.45,30.69,27.23,30.69,244812.74476098988
2024-01-24T00:00:00Z,AVAXUSD,30.58,31.87,29.5,31.19,139168.64468176002
2024-01-25T00:00:00Z,AVAXUSD,31.19,31.33,29.62,30.48,87352.76689184993
2024-01-26T00:00:00Z,AVAXUSD,30.49,33.07,30.14,32.24,101969.26594015004
2024-01-27T00:00:00Z,AVAXUSD,32.23,33.3,31.88,33.26,62213.40287819981
2024-01-28T00:00:00Z,AVAXUSD,33.3,37.23,33.23,34.81,270622.96543533995
2024-01-29T00:00:00Z,AVAXUSD,34.8,36.51,34.36,36.08,116086.37697127018
2024-01-30T00:00:00Z,AVAXUSD,36.09,37.14,34.99,35.14,140266.13967231993
2024-01-31T00:00:00Z,AVAXUSD,35.23,35.48,33.12,33.17,116833.50000620997
2024-02-01T00:00:00Z,AVAXUSD,33.2,33.98,32.31,33.83,125718.34716034034
2024-02-02T00:00:00Z,AVAXUSD,33.87,36.95,33.82,36.75,166888.71975935987
2024-02-03T00:00:00Z,AVAXUSD,36.77,37.57,35.43,35.94,96205.97549514988
2024-02-04T00:00:00Z,AVAXUSD,35.91,36.51,34.72,34.84,59805.31718058994
2024-02-05T00:00:00Z,AVAXUSD,34.84,35.85,34.1,34.5,42306.325712739985
2024-02-06T00:00:00Z,AVAXUSD,34.47,34.67,33.72,34.18,68316.14040520995
2024-02-07T00:00:00Z,AVAXUSD,34.12,35.48,33.61,35.28,103279.13058549016
2024-02-08T00:00:00Z,AVAXUSD,35.32,36.14,35.1,35.43,126919.74138039003
2024-02-09T00:00:00Z,AVAXUSD,35.45,38.62,35.42,38.01,196660.30219165934
2024-02-10T00:00:00Z,AVAXUSD,38.14,41.24,38.14,40.26,165076.42849649073
2024-02-11T00:00:00Z,AVAXUSD,40.23,41.2,39.37,39.74,93688.86982731994
2024-02-12T00:00:00Z,AVAXUSD,39.74,41.17,38.41,41.02,136017.47875483008
2024-02-13T00:00:00Z,AVAXUSD,41.01,41.69,38.88,39.76,147729.33913037003
2024-02-14T00:00:00Z,AVAXUSD,39.76,42.44,39.16,42.3,148519.14601918738
2024-02-15T00:00:00Z,AVAXUSD,42.3,43.63,40.91,41.58,179975.75910241946
2024-02-16T00:00:00Z,AVAXUSD,41.58,41.82,39.38,40.28,114963.80595497934
2024-02-17T00:00:00Z,AVAXUSD,40.29,40.45,38.44,39.78,87372.48265992024
2024-02-18T00:00:00Z,AVAXUSD,39.79,40.76,39.0,40.24,118029.90995580018
2024-02-19T00:00:00Z,AVAXUSD,40.33,40.63,39.12,39.5,122499.51937172003
2024-02-20T00:00:00Z,AVAXUSD,39.5,39.71,36.84,38.54,171280.3075713615
2024-02-21T00:00:00Z,AVAXUSD,38.51,38.55,35.9,37.63,102647.77453504028
2024-02-22T00:00:00Z,AVAXUSD,37.6,38.2,36.53,36.76,99091.13705630999
2024-02-23T00:00:00Z,AVAXUSD,36.78,36.92,35.17,35.89,141845.05998620985
2024-02-24T00:00:00Z,AVAXUSD,35.97,36.94,35.2,36.77,49433.54962113001
2024-02-25T00:00:00Z,AVAXUSD,36.78,37.49,36.41,37.47,57165.3509682399
2024-02-26T00:00:00Z,AVAXUSD,37.46,39.34,36.3,39.31,96738.91334059008
2024-02-27T00:00:00Z,AVAXUSD,39.34,39.96,38.35,39.27,78308.11722138984
2024-02-28T00:00:00Z,AVAXUSD,39.29,41.31,36.43,40.36,201586.85250791095
2024-02-29T00:00:00Z,AVAXUSD,40.38,44.75,39.6,40.89,364348.4386765798
2024-03-01T00:00:00Z,AVAXUSD,41.0,43.36,41.0,42.85,261439.41822932125
2024-03-02T00:00:00Z,AVAXUSD,42.73,44.57,42.01,44.42,146605.04588697004
2024-03-03T00:00:00Z,AVAXUSD,44.42,44.85,40.3,42.62,173410.93348630008
2024-03-04T00:00:00Z,AVAXUSD,42.64,44.0,41.44,43.09,132922.27515413062
2024-03-05T00:00:00Z,AVAXUSD,43.14,45.2,34.9,39.52,286495.11914417136
2024-03-06T00:00:00Z,AVAXUSD,39.45,42.14,37.93,41.55,106945.37348191024
2024-03-07T00:00:00Z,AVAXUSD,41.55,44.57,41.55,43.27,188893.09566850116
2024-03-08T00:00:00Z,AVAXUSD,43.38,44.0,41.13,42.73,113213.92271447025
2024-03-09T00:00:00Z,AVAXUSD,42.72,43.61,42.47,42.99,65387.68209477985
2024-03-10T00:00:00Z,AVAXUSD,43.05,43.96,40.96,41.99,97785.75465729026
2024-03-11T00:00:00Z,AVAXUSD,42.07,49.55,40.17,49.02,350983.1213781469
2024-03-12T00:00:00Z,AVAXUSD,49.09,57.35,46.47,55.55,582074.8972208644
2024-03-13T00:00:00Z,AVAXUSD,55.5,55.5,51.2,54.91,196401.81583178873
2024-03-14T00:00:00Z,AVAXUSD,54.86,59.26,50.4,53.95,440634.7643281177
2024-03-15T00:00:00Z,AVAXUSD,54.0,58.85,48.39,58.33,559905.4177053277
2024-03-16T00:00:00Z,AVAXUSD,58.4,61.4,52.02,53.41,592978.7473357215
2024-03-17T00:00:00Z,AVAXUSD,53.64,58.45,50.08,58.35,258185.72247298964
2024-03-18T00:00:00Z,AVAXUSD,58.34,65.55,55.3,60.66,628014.6121454501
2024-03-19T00:00:00Z,AVAXUSD,60.53,61.87,53.07,53.61,512049.72291176865
2024-03-20T00:00:00Z,AVAXUSD,53.58,58.13,50.39,57.12,471031.1161951311
2024-03-21T00:00:00Z,AVAXUSD,57.03,57.94,52.81,53.79,196735.41844386933
2024-03-22T00:00:00Z,AVAXUSD,53.82,58.01,51.67,53.44,307750.54146920814
2024-03-23T00:00:00Z,AVAXUSD,53.44,56.0,52.66,53.5,115132.39907005984
2024-03-24T00:00:00Z,AVAXUSD,53.39,55.96,52.47,55.71,131041.31108854986
2024-03-25T00:00:00Z,AVAXUSD,55.74,59.27,54.93,57.86,231226.36225649016
2024-03-26T00:00:00Z,AVAXUSD,57.74,59.3,55.34,55.87,372224.7742121196
2024-03-27T00:00:00Z,AVAXUSD,55.81,56.82,53.0,54.03,264521.80184448004
2024-03-28T00:00:00Z,AVAXUSD,54.06,54.99,53.11,54.59,89264.07981071003
2024-03-29T00:00:00Z,AVAXUSD,54.64,54.64,52.59,53.41,54925.42399123
2024-03-30T00:00:00Z,AVAXUSD,53.27,54.61,52.81,52.99,38460.03843349998
2024-03-31T00:00:00Z,AVAXUSD,52.98,54.25,52.91,54.08,68101.31960927996
2024-04-01T00:00:00Z,AVAXUSD,54.08,54.09,50.3,51.4,136039.5481664905
2024-04-02T00:00:00Z,AVAXUSD,51.35,51.35,46.3,46.82,212341.19682614732
2024-04-03T00:00:00Z,AVAXUSD,46.83,48.31,45.03,45.88,88047.23778874031
2024-04-04T00:00:00Z,AVAXUSD,45.88,48.2,45.48,46.52,105538.96192271978
2024-04-05T00:00:00Z,AVAXUSD,46.47,46.61,44.02,45.42,91671.43666033016
2024-04-06T00:00:00Z,AVAXUSD,45.28,48.85,45.11,48.16,91191.66513629969
2024-04-07T00:00:00Z,AVAXUSD,48.2,49.6,47.91,49.34,78498.52687893993
2024-04-08T00:00:00Z,AVAXUSD,49.34,50.79,48.22,49.87,152937.09095819973
2024-04-09T00:00:00Z,AVAXUSD,49.87,49.97,46.37,46.46,69680.45251046997
2024-04-10T00:00:00Z,AVAXUSD,46.44,48.0,45.08,47.29,66041.94850470014
2024-04-11T00:00:00Z,AVAXUSD,47.31,47.46,45.63,46.05,52864.39327939015
2024-04-12T00:00:00Z,AVAXUSD,46.06,46.89,35.53,39.37,260168.74224801938
2024-04-13T00:00:00Z,AVAXUSD,39.36,39.36,29.35,33.95,399199.9065603892
2024-04-14T00:00:00Z,AVAXUSD,33.91,37.92,32.94,37.32,144439.27856835
2024-04-15T00:00:00Z,AVAXUSD,37.3,38.6,34.15,35.13,115822.23902862983
2024-04-16T00:00:00Z,AVAXUSD,35.14,35.93,32.71,34.75,90223.1794678002
2024-04-17T00:00:00Z,AVAXUSD,34.73,35.34,32.26,33.53,85224.54875822995
2024-04-18T00:00:00Z,AVAXUSD,33.56,35.63,32.82,34.86,87673.56267538999
2024-04-19T00:00:00Z,AVAXUSD,34.81,36.08,31.96,34.68,127200.47291592033
2024-04-20T00:00:00Z,AVAXUSD,34.63,38.49,34.15,38.36,92292.42019611961
2024-04-21T00:00:00Z,AVAXUSD,38.3,38.75,36.41,37.12,89531.00429723972
2024-04-22T00:00:00Z,AVAXUSD,37.12,39.7,36.79,39.23,130115.69726440993
2024-04-23T00:00:00Z,AVAXUSD,39.24,39.9,38.03,38.29,60105.451031090015
2024-04-24T00:00:00Z,AVAXUSD,38.27,39.83,36.03,36.34,92300.93030900015
2024-04-25T00:00:00Z,AVAXUSD,36.35,36.71,34.72,35.56,72501.00912083028
2024-04-26T00:00:00Z,AVAXUSD,35.6,35.84,34.13,34.4,45589.969418889996
2024-04-27T00:00:00Z,AVAXUSD,34.42,35.1,33.13,34.41,43866.326291860074
2024-04-28T00:00:00Z,AVAXUSD,34.41,35.36,33.77,33.94,37064.69483298002
2024-04-29T00:00:00Z,AVAXUSD,33.9,35.84,32.87,35.26,185170.03746051862
2024-04-30T00:00:00Z,AVAXUSD,35.31,35.68,31.9,32.7,93847.59666784012
2024-05-01T00:00:00Z,AVAXUSD,32.66,33.93,30.58,33.27,236809.16446871875
2024-05-02T00:00:00Z,AVAXUSD,33.3,34.12,32.25,33.6,58647.345783260054
2024-05-03T00:00:00Z,AVAXUSD,33.65,35.94,33.33,35.57,52996.13083495991
2024-05-04T00:00:00Z,AVAXUSD,35.54,37.65,35.24,37.38,90198.47369627992
2024-05-05T00:00:00Z,AVAXUSD,37.39,37.97,36.71,37.41,40202.359350399944
2024-05-06T00:00:00Z,AVAXUSD,37.36,39.88,36.8,37.11,78599.15122083016
2024-05-07T00:00:00Z,AVAXUSD,37.13,37.57,35.3,35.3,67251.45938407989
2024-05-08T00:00:00Z,AVAXUSD,35.33,35.46,33.67,34.05,141745.9765653098
2024-05-09T00:00:00Z,AVAXUSD,34.01,35.37,33.73,35.04,45131.39146096981
2024-05-10T00:00:00Z,AVAXUSD,35.05,36.09,33.25,33.68,49445.576089800044
2024-05-11T00:00:00Z,AVAXUSD,33.69,34.0,33.05,33.47,19355.965040490024
2024-05-12T00:00:00Z,AVAXUSD,33.48,33.96,32.83,33.14,13817.129192100025
2024-05-13T00:00:00Z,AVAXUSD,33.16,33.78,31.92,32.4,54277.49235194001
2024-05-14T00:00:00Z,AVAXUSD,32.43,33.33,31.48,31.59,83655.67704883002
2024-05-15T00:00:00Z,AVAXUSD,31.57,34.78,31.36,34.71,58062.134106660014
2024-05-16T00:00:00Z,AVAXUSD,34.68,35.0,33.73,34.46,51774.802011910106
2024-05-17T00:00:00Z,AVAXUSD,34.48,37.57,34.28,36.42,72279.60451326027
2024-05-18T00:00:00Z,AVAXUSD,36.46,37.65,36.39,37.25,36691.839046979934
2024-05-19T00:00:00Z,AVAXUSD,37.25,37.77,35.41,35.64,36529.91476366996
2024-05-20T00:00:00Z,AVAXUSD,35.64,40.27,35.2,40.17,107053.60773286023
2024-05-21T00:00:00Z,AVAXUSD,40.17,41.38,39.65,41.23,169797.7008010588
2024-05-22T00:00:00Z,AVAXUSD,41.2,41.75,39.22,39.99,81247.44244876978
2024-05-23T00:00:00Z,AVAXUSD,40.02,40.45,36.45,38.51,173890.36415812024
2024-05-24T00:00:00Z,AVAXUSD,38.37,38.93,36.95,37.99,37033.043722070004
2024-05-25T00:00:00Z,AVAXUSD,37.95,38.67,37.74,38.25,18309.80209820002
2024-05-26T00:00:00Z,AVAXUSD,38.26,38.27,36.49,36.75,23132.892048440026
2024-05-27T00:00:00Z,AVAXUSD,36.75,38.87,36.66,38.21,30842.874958830023
2024-05-28T00:00:00Z,AVAXUSD,38.23,38.31,36.45,36.98,58136.32526311997
2024-05-29T00:00:00Z,AVAXUSD,36.98,37.41,36.09,36.12,47708.66873983999
2024-05-30T00:00:00Z,AVAXUSD,36.11,37.07,35.26,35.98,28113.519188319897
2024-05-31T00:00:00Z,AVAXUSD,36.0,36.72,35.2,36.07,20066.095790979958
2024-06-01T00:00:00Z,AVAXUSD,36.02,36.2,35.65,35.73,7973.285710830002
2024-06-02T00:00:00Z,AVAXUSD,35.69,36.14,34.78,34.92,62536.841209060054
2024-06-03T00:00:00Z,AVAXUSD,34.91,36.23,34.56,35.02,137451.87065078964
2024-06-04T00:00:00Z,AVAXUSD,34.99,36.25,34.48,36.07,74217.76526731013
2024-06-05T00:00:00Z,AVAXUSD,36.1,36.9,35.93,36.55,62341.19405265004
2024-06-06T00:00:00Z,AVAXUSD,36.56,37.2,35.73,35.92,62742.82891981001
2024-06-07T00:00:00Z,AVAXUSD,35.86,36.8,30.91,33.52,147128.67262940016
2024-06-08T00:00:00Z,AVAXUSD,33.51,33.68,31.94,32.29,58742.090642629984
2024-06-09T00:00:00Z,AVAXUSD,32.27,33.01,32.05,32.97,16797.92937531001
2024-06-10T00:00:00Z,AVAXUSD,32.97,33.44,32.04,32.28,40303.27849933001
2024-06-11T00:00:00Z,AVAXUSD,32.3,32.34,30.6,31.55,88986.52012469988
2024-06-12T00:00:00Z,AVAXUSD,31.55,33.97,30.83,33.26,70997.10611740008
2024-06-13T00:00:00Z,AVAXUSD,33.26,33.42,30.94,30.97,29109.246679049964
2024-06-14T00:00:00Z,AVAXUSD,30.98,32.15,29.29,30.29,120651.94827003987
2024-06-15T00:00:00Z,AVAXUSD,30.3,30.59,29.92,29.99,11645.685843620107
2024-06-16T00:00:00Z,AVAXUSD,30.0,30.43,29.65,30.04,52009.26839539995
2024-06-17T00:00:00Z,AVAXUSD,30.05,31.0,27.22,28.45,214741.96681615032
2024-06-18T00:00:00Z,AVAXUSD,28.45,28.52,24.85,26.61,132932.03895929
2024-06-19T00:00:00Z,AVAXUSD,26.52,27.63,26.38,26.91,37173.77292201997
2024-06-20T00:00:00Z,AVAXUSD,26.9,28.86,26.66,27.57,34773.088600350005
2024-06-21T00:00:00Z,AVAXUSD,27.54,27.98,26.95,27.47,26667.038983770006
2024-06-22T00:00:00Z,AVAXUSD,27.48,27.48,24.44,25.62,320735.39274949156
2024-06-23T00:00:00Z,AVAXUSD,25.62,25.98,24.13,25.06,170512.83447227924
2024-06-24T00:00:00Z,AVAXUSD,25.06,25.21,23.5,24.79,194686.05928345927
2024-06-25T00:00:00Z,AVAXUSD,24.76,25.78,24.64,25.42,89514.40846143985
2024-06-26T00:00:00Z,AVAXUSD,25.4,26.63,25.31,25.8,124679.81536975999
2024-06-27T00:00:00Z,AVAXUSD,25.8,28.32,25.34,27.86,66983.36132344983
2024-06-28T00:00:00Z,AVAXUSD,27.88,29.04,27.64,27.9,94859.3967878599
2024-06-29T00:00:00Z,AVAXUSD,27.91,28.61,27.53,27.68,34849.78618277998
2024-06-30T00:00:00Z,AVAXUSD,27.71,29.49,27.37,29.31,41340.95278827993
2024-07-01T00:00:00Z,AVAXUSD,29.33,30.18,28.78,28.78,120965.51871840001
2024-07-02T00:00:00Z,AVAXUSD,28.77,28.88,28.05,28.66,63876.22770566001
2024-07-03T00:00:00Z,AVAXUSD,28.67,28.9,26.43,26.48,67862.76898395999
2024-07-04T00:00:00Z,AVAXUSD,26.46,26.63,24.3,24.46,51385.31871289003
2024-07-05T00:00:00Z,AVAXUSD,24.4,25.42,21.84,25.13,178850.25235001012
2024-07-06T00:00:00Z,AVAXUSD,25.14,27.6,24.86,27.46,62106.376322719894
2024-07-07T00:00:00Z,AVAXUSD,27.44,27.44,25.49,25.72,42658.18830374994
2024-07-08T00:00:00Z,AVAXUSD,25.73,27.17,24.56,25.21,49940.11265572006
2024-07-09T00:00:00Z,AVAXUSD,25.21,26.48,24.72,26.42,52726.25609316003
2024-07-10T00:00:00Z,AVAXUSD,26.41,27.39,25.63,25.79,35785.30296315996
2024-07-11T00:00:00Z,AVAXUSD,25.76,26.34,25.04,25.21,36959.01740065992
2024-07-12T00:00:00Z,AVAXUSD,25.2,26.11,24.84,25.99,50472.97305280994
2024-07-13T00:00:00Z,AVAXUSD,25.99,26.33,25.56,25.9,55943.494793730046
2024-07-14T00:00:00Z,AVAXUSD,25.86,26.66,25.64,26.36,29621.07002417002
2024-07-15T00:00:00Z,AVAXUSD,26.36,27.87,26.3,27.85,65917.82413406014
2024-07-16T00:00:00Z,AVAXUSD,27.84,29.23,26.5,28.03,115452.44503568015
2024-07-17T00:00:00Z,AVAXUSD,28.03,29.01,27.24,27.24,67650.39519080007
2024-07-18T00:00:00Z,AVAXUSD,27.25,27.92,26.6,27.14,40544.96156277998
2024-07-19T00:00:00Z,AVAXUSD,27.11,28.44,26.66,28.16,54233.84759360003
2024-07-20T00:00:00Z,AVAXUSD,28.18,29.16,27.82,29.12,20471.23637097003
2024-07-21T00:00:00Z,AVAXUSD,29.15,32.98,28.6,32.66,205663.3793762703
2024-07-22T00:00:00Z,AVAXUSD,32.66,32.94,31.36,31.89,81342.28859333978
2024-07-23T00:00:00Z,AVAXUSD,31.9,32.61,29.5,29.83,100326.5479075799
2024-07-24T00:00:00Z,AVAXUSD,29.82,30.52,28.28,28.42,125475.58188953987
2024-07-25T00:00:00Z,AVAXUSD,28.38,28.56,26.28,27.21,131256.8109018892
2024-07-26T00:00:00Z,AVAXUSD,27.23,28.84,27.18,28.68,72435.31750060993
2024-07-27T00:00:00Z,AVAXUSD,28.66,29.49,27.55,28.06,49629.103677560015
2024-07-28T00:00:00Z,AVAXUSD,28.05,28.18,27.12,27.4,28635.34685018998
2024-07-29T00:00:00Z,AVAXUSD,27.38,28.83,26.94,26.94,101189.96310270009
2024-07-30T00:00:00Z,AVAXUSD,27.02,27.3,26.06,26.35,41400.035412260084
2024-07-31T00:00:00Z,AVAXUSD,26.34,26.84,25.44,25.71,89039.97946981998
2024-08-01T00:00:00Z,AVAXUSD,25.73,25.9,24.02,25.73,75374.70230822025
2024-08-02T00:00:00Z,AVAXUSD,25.7,25.91,23.35,23.59,61960.09430230976
2024-08-03T00:00:00Z,AVAXUSD,23.59,24.08,22.17,22.68,84114.43420647991
2024-08-04T00:00:00Z,AVAXUSD,22.64,22.92,20.59,21.24,52470.610095819975
2024-08-05T00:00:00Z,AVAXUSD,21.24,21.35,17.28,19.52,288873.53337375855
2024-08-06T00:00:00Z,AVAXUSD,19.58,21.45,19.57,20.89,67224.14896340015
2024-08-07T00:00:00Z,AVAXUSD,20.87,21.68,19.7,19.84,123212.65381894993
2024-08-08T00:00:00Z,AVAXUSD,19.83,22.8,19.53,22.74,100277.17350080979
2024-08-09T00:00:00Z,AVAXUSD,22.75,22.8,21.32,21.75,254956.34250855827
2024-08-10T00:00:00Z,AVAXUSD,21.75,22.04,21.45,21.58,10613.441527259996
2024-08-11T00:00:00Z,AVAXUSD,21.57,22.39,20.41,20.43,33122.276222720015
2024-08-12T00:00:00Z,AVAXUSD,20.41,21.7,20.33,21.27,31007.62403502001
2024-08-13T00:00:00Z,AVAXUSD,21.26,21.6,20.61,21.38,34353.76803755002
2024-08-14T00:00:00Z,AVAXUSD,21.36,21.87,20.8,20.96,30093.42022164995
2024-08-15T00:00:00Z,AVAXUSD,20.96,21.14,19.87,20.13,57991.97490789982
2024-08-16T00:00:00Z,AVAXUSD,20.13,20.67,19.82,20.37,35811.555497779955
2024-08-17T00:00:00Z,AVAXUSD,20.38,20.69,20.25,20.69,19756.745752620016
2024-08-18T00:00:00Z,AVAXUSD,20.7,21.49,20.56,20.8,27492.006176010014
2024-08-19T00:00:00Z,AVAXUSD,20.79,21.23,20.41,21.22,23216.190418090016
2024-08-20T00:00:00Z,AVAXUSD,21.24,22.76,21.19,22.24,62089.2886672999
2024-08-21T00:00:00Z,AVAXUSD,22.26,23.78,22.26,23.54,191264.51334879923
2024-08-22T00:00:00Z,AVAXUSD,23.54,25.3,23.07,25.24,123409.1318595502
2024-08-23T00:00:00Z,AVAXUSD,25.27,27.02,25.24,26.51,130639.36088224032
2024-08-24T00:00:00Z,AVAXUSD,26.53,27.99,26.23,27.16,80291.32207334995
2024-08-25T00:00:00Z,AVAXUSD,27.1,27.66,26.15,26.94,49588.11920242003
2024-08-26T00:00:00Z,AVAXUSD,26.95,27.21,25.93,25.94,52322.8114695
2024-08-27T00:00:00Z,AVAXUSD,25.95,26.79,23.69,24.13,74431.69254508989
2024-08-28T00:00:00Z,AVAXUSD,24.09,24.82,23.22,23.49,57359.702509479976
2024-08-29T00:00:00Z,AVAXUSD,23.46,24.67,22.78,22.91,77601.75323348999
2024-08-30T00:00:00Z,AVAXUSD,22.89,23.62,22.21,23.29,55357.50006920988
2024-08-31T00:00:00Z,AVAXUSD,23.28,23.37,22.49,22.81,35527.24673542999
2024-09-01T00:00:00Z,AVAXUSD,22.78,22.84,21.14,21.39,113026.09249957016
2024-09-02T00:00:00Z,AVAXUSD,21.39,22.54,21.38,22.35,27925.42215562006
2024-09-03T00:00:00Z,AVAXUSD,22.35,22.7,21.36,21.38,31577.850845670022
2024-09-04T00:00:00Z,AVAXUSD,21.38,22.29,20.5,21.9,27086.400545770037
2024-09-05T00:00:00Z,AVAXUSD,21.91,22.19,21.24,21.37,39516.14030280001
2024-09-06T00:00:00Z,AVAXUSD,21.37,22.18,20.49,21.15,167315.5740534098
2024-09-07T00:00:00Z,AVAXUSD,21.15,21.98,21.07,21.79,19056.64534648002
2024-09-08T00:00:00Z,AVAXUSD,21.79,23.49,21.72,23.21,71669.92635647993
2024-09-09T00:00:00Z,AVAXUSD,23.23,24.39,23.16,23.86,118559.16696730984
2024-09-10T00:00:00Z,AVAXUSD,23.87,24.58,23.57,24.35,35451.51016600997
2024-09-11T00:00:00Z,AVAXUSD,24.36,24.5,22.87,23.31,55531.369276640035
2024-09-12T00:00:00Z,AVAXUSD,23.28,24.09,23.28,24.06,46041.65787103992
2024-09-13T00:00:00Z,AVAXUSD,24.09,25.09,23.68,24.93,80183.9975212699
2024-09-14T00:00:00Z,AVAXUSD,24.93,25.66,24.65,25.33,47317.283679539905
2024-09-15T00:00:00Z,AVAXUSD,25.33,25.36,23.64,23.83,36619.41882768005
2024-09-16T00:00:00Z,AVAXUSD,23.8,24.22,23.22,23.51,35879.096039140044
2024-09-17T00:00:00Z,AVAXUSD,23.52,24.47,23.16,23.77,31123.563030989975
2024-09-18T00:00:00Z,AVAXUSD,23.75,24.72,22.81,24.72,56737.464120480094
2024-09-19T00:00:00Z,AVAXUSD,24.72,28.36,24.72,26.66,259529.62356942962
2024-09-20T00:00:00Z,AVAXUSD,26.7,28.78,26.5,27.67,131610.75103576988
2024-09-21T00:00:00Z,AVAXUSD,27.67,28.1,27.04,27.81,15092.498135260003
2024-09-22T00:00:00Z,AVAXUSD,27.73,27.78,26.48,27.31,47035.311852549974
2024-09-23T00:00:00Z,AVAXUSD,27.31,28.15,26.58,27.41,50669.56606986993
2024-09-24T00:00:00Z,AVAXUSD,27.4,28.52,26.86,28.5,46599.00632389994
2024-09-25T00:00:00Z,AVAXUSD,28.49,28.5,27.18,27.3,69181.29260856003
2024-09-26T00:00:00Z,AVAXUSD,27.26,29.4,26.96,29.14,131297.86927223
2024-09-27T00:00:00Z,AVAXUSD,29.15,30.85,28.97,30.46,141439.09262767958
2024-09-28T00:00:00Z,AVAXUSD,30.47,30.74,29.07,29.35,38188.63595065998
2024-09-29T00:00:00Z,AVAXUSD,29.32,29.44,28.28,29.1,30453.023993320025
2024-09-30T00:00:00Z,AVAXUSD,29.04,29.12,27.59,27.74,36845.10366360993
2024-10-01T00:00:00Z,AVAXUSD,27.74,28.89,25.01,25.82,105107.23711395994
2024-10-02T00:00:00Z,AVAXUSD,25.76,26.75,25.06,25.41,72767.13227599989
2024-10-03T00:00:00Z,AVAXUSD,25.340,25.640,23.910,24.660,64299.82459261
2024-10-04T00:00:00Z,AVAXUSD,24.570,26.510,24.440,26.270,46071.20677370
2024-10-05T00:00:00Z,AVAXUSD,26.280,26.420,25.110,25.710,33628.52159815
2024-10-06T00:00:00Z,AVAXUSD,25.660,27.070,25.470,26.940,42947.40463662
2024-10-07T00:00:00Z,AVAXUSD,26.930,27.700,26.530,26.540,65422.69347091
2024-10-08T00:00:00Z,AVAXUSD,26.580,27.190,26.060,26.330,30565.12245373
2024-10-09T00:00:00Z,AVAXUSD,26.320,26.650,25.690,25.770,42865.99631416
2024-10-10T00:00:00Z,AVAXUSD,25.770,26.310,25.060,25.880,29452.23967159
2024-10-11T00:00:00Z,AVAXUSD,25.830,27.560,25.750,27.440,80638.11746701
2024-10-12T00:00:00Z,AVAXUSD,27.500,29.340,27.420,28.620,77859.03810949
2024-10-13T00:00:00Z,AVAXUSD,28.620,29.310,28.290,29.050,70544.94284478
2024-10-14T00:00:00Z,AVAXUSD,29.010,29.820,28.660,29.070,94622.51228603
2024-10-15T00:00:00Z,AVAXUSD,29.070,29.590,27.550,28.200,80052.70206098
2024-10-16T00:00:00Z,AVAXUSD,28.190,28.200,27.280,28.030,37832.82126251
2024-10-17T00:00:00Z,AVAXUSD,28.030,28.230,26.840,27.270,23905.17484470
2024-10-18T00:00:00Z,AVAXUSD,27.270,28.140,27.100,28.090,34369.25538338
2024-10-19T00:00:00Z,AVAXUSD,28.100,28.440,27.750,28.110,10364.70568163
2024-10-20T00:00:00Z,AVAXUSD,28.120,29.000,27.790,28.960,24637.81285231
2024-10-21T00:00:00Z,AVAXUSD,28.980,29.290,27.380,27.730,76851.36163318
2024-10-22T00:00:00Z,AVAXUSD,27.730,28.190,27.250,27.620,56023.44440244
2024-10-23T00:00:00Z,AVAXUSD,27.640,27.640,25.880,26.740,51743.15340800
2024-10-24T00:00:00Z,AVAXUSD,26.600,27.210,26.390,26.830,31842.99782512
2024-10-25T00:00:00Z,AVAXUSD,26.800,26.800,24.010,24.930,168233.35081626
2024-10-26T00:00:00Z,AVAXUSD,24.900,25.620,24.550,25.360,44593.99721557
2024-10-27T00:00:00Z,AVAXUSD,25.370,25.880,25.170,25.710,43030.17033292
2024-10-28T00:00:00Z,AVAXUSD,25.720,26.500,25.050,26.290,77800.75589069
2024-10-29T00:00:00Z,AVAXUSD,26.250,27.140,26.180,26.840,55671.99326035
2024-10-30T00:00:00Z,AVAXUSD,26.850,26.860,25.980,26.180,41394.54643617
2024-10-31T00:00:00Z,AVAXUSD,26.180,26.210,24.650,25.020,59204.57648846
2024-11-01T00:00:00Z,AVAXUSD,25.000,25.670,24.410,24.780,37213.93207978
2024-11-02T00:00:00Z,AVAXUSD,24.820,24.990,23.960,24.090,26967.86490489
2024-11-03T00:00:00Z,AVAXUSD,24.150,24.180,22.610,23.520,70427.72964144
2024-11-04T00:00:00Z,AVAXUSD,23.510,23.890,22.350,22.710,39457.46771678
2024-11-05T00:00:00Z,AVAXUSD,22.710,24.470,22.610,24.000,38890.84093889
2024-11-06T00:00:00Z,AVAXUSD,24.000,27.320,24.000,27.030,138537.10785244
2024-11-07T00:00:00Z,AVAXUSD,27.040,28.000,26.580,27.390,98011.19938615
2024-11-08T00:00:00Z,AVAXUSD,27.430,28.770,27.150,28.770,72722.04301288
2024-11-09T00:00:00Z,AVAXUSD,28.780,30.470,28.540,30.410,97787.10612565
2024-11-10T00:00:00Z,AVAXUSD,30.400,33.320,29.730,31.930,220020.21238596
2024-11-11T00:00:00Z,AVAXUSD,31.930,35.820,30.750,35.770,241067.64941058
2024-11-12T00:00:00Z,AVAXUSD,35.750,37.690,32.720,33.980,279711.61092773
2024-11-13T00:00:00Z,AVAXUSD,34.000,35.090,31.250,33.090,237901.71544605
2024-11-14T00:00:00Z,AVAXUSD,33.100,34.690,30.720,31.220,104673.70384921
2024-11-15T00:00:00Z,AVAXUSD,31.190,33.310,30.630,33.140,92070.49776156
2024-11-16T00:00:00Z,AVAXUSD,33.140,35.710,32.840,35.150,129939.38774206
2024-11-17T00:00:00Z,AVAXUSD,35.190,37.240,33.140,34.720,159089.71247590
2024-11-18T00:00:00Z,AVAXUSD,34.730,36.160,34.100,35.480,198449.07729354
2024-11-19T00:00:00Z,AVAXUSD,35.480,35.620,33.570,34.210,110820.35161883
2024-11-20T00:00:00Z,AVAXUSD,34.240,35.760,32.800,33.610,243425.97685069
2024-11-21T00:00:00Z,AVAXUSD,33.620,36.220,32.380,35.810,237872.09185441
2024-11-22T00:00:00Z,AVAXUSD,35.850,43.560,35.230,43.200,444992.56636951
2024-11-23T00:00:00Z,AVAXUSD,43.260,45.320,40.730,41.490,363309.30648150
2024-11-24T00:00:00Z,AVAXUSD,41.430,43.160,38.330,42.100,211349.72205161
2024-11-25T00:00:00Z,AVAXUSD,42.120,47.990,40.110,41.310,284840.01607906
2024-11-26T00:00:00Z,AVAXUSD,41.270,43.300,38.500,42.670,219045.93045807
2024-11-27T00:00:00Z,AVAXUSD,42.750,44.420,41.960,43.830,181651.78940383
2024-11-28T00:00:00Z,AVAXUSD,43.830,44.240,41.550,42.800,108642.49042543
2024-11-29T00:00:00Z,AVAXUSD,42.800,45.000,42.580,44.860,126304.81190773
2024-11-30T00:00:00Z,AVAXUSD,44.860,46.230,43.710,44.850,80573.57210478
2024-12-01T00:00:00Z,AVAXUSD,44.840,45.770,43.690,45.130,135698.45363388
2024-12-02T00:00:00Z,AVAXUSD,45.110,52.520,45.030,52.330,399865.72441843
2024-12-03T00:00:00Z,AVAXUSD,52.300,53.900,47.880,50.930,309177.89448634
2024-12-04T00:00:00Z,AVAXUSD,50.960,55.790,50.920,52.880,296606.75691484
2024-12-05T00:00:00Z,AVAXUSD,52.850,53.610,49.160,50.390,215920.77169351
2024-12-06T00:00:00Z,AVAXUSD,50.370,53.550,49.600,52.630,112122.19654494
2024-12-07T00:00:00Z,AVAXUSD,52.510,53.070,51.200,51.650,60039.30877516
2024-12-08T00:00:00Z,AVAXUSD,51.650,54.400,50.420,54.100,129861.54116461
2024-12-09T00:00:00Z,AVAXUSD,54.020,54.220,40.700,45.220,416113.07460667
2024-12-10T00:00:00Z,AVAXUSD,45.010,46.450,41.340,44.630,208640.07676706
2024-12-11T00:00:00Z,AVAXUSD,44.630,48.460,42.900,48.460,129266.66401608
2024-12-12T00:00:00Z,AVAXUSD,48.470,55.370,48.240,53.140,327195.21939487
2024-12-13T00:00:00Z,AVAXUSD,53.160,53.970,50.910,52.760,131078.66620610
2024-12-14T00:00:00Z,AVAXUSD,52.770,53.800,49.400,49.830,149582.90985946
2024-12-15T00:00:00Z,AVAXUSD,49.770,51.360,48.120,50.730,124233.73481647
2024-12-16T00:00:00Z,AVAXUSD,50.740,51.960,48.350,48.970,197816.28030639
2024-12-17T00:00:00Z,AVAXUSD,48.980,50.790,47.590,47.890,136792.67203466
2024-12-18T00:00:00Z,AVAXUSD,47.900,48.190,42.660,42.820,208727.18070206
2024-12-19T00:00:00Z,AVAXUSD,42.760,43.530,37.410,38.790,246541.39974542
2024-12-20T00:00:00Z,AVAXUSD,38.810,40.330,33.560,39.840,185421.30233612
2024-12-21T00:00:00Z,AVAXUSD,39.810,42.320,36.940,37.380,132580.57205851
2024-12-22T00:00:00Z,AVAXUSD,37.290,38.480,35.530,36.510,60697.64051255
2024-12-23T00:00:00Z,AVAXUSD,36.520,39.660,35.560,39.040,128674.07643826
2024-12-24T00:00:00Z,AVAXUSD,39.050,41.990,37.690,41.190,84490.53964119
2024-12-25T00:00:00Z,AVAXUSD,41.210,41.800,39.810,40.220,38039.01015521
2024-12-26T00:00:00Z,AVAXUSD,40.270,40.690,36.930,37.280,116004.10409646
2024-12-27T00:00:00Z,AVAXUSD,37.290,38.970,36.280,36.500,36584.39581638
2024-12-28T00:00:00Z,AVAXUSD,36.570,38.080,36.270,37.680,34757.49839976
2024-12-29T00:00:00Z,AVAXUSD,37.670,37.680,35.490,35.770,27316.77293439
2024-12-30T00:00:00Z,AVAXUSD,35.750,37.110,34.820,35.920,67363.16664892
2024-12-31T00:00:00Z,AVAXUSD,35.910,37.210,34.940,35.550,40518.41085742
2025-01-01T00:00:00Z,AVAXUSD,35.660,37.920,34.860,37.660,82603.60545887
2025-01-02T00:00:00Z,AVAXUSD,37.810,40.550,37.780,39.240,147011.63962026
2025-01-03T00:00:00Z,AVAXUSD,39.250,42.140,38.910,41.890,233438.78653830
2025-01-04T00:00:00Z,AVAXUSD,41.910,42.880,40.890,42.650,124910.48239919
2025-01-05T00:00:00Z,AVAXUSD,42.660,43.160,41.220,43.090,88227.52563162
2025-01-06T00:00:00Z,AVAXUSD,43.110,45.200,42.070,44.080,188940.58187535
2025-01-07T00:00:00Z,AVAXUSD,44.070,44.570,39.170,39.170,147288.51500861
2025-01-08T00:00:00Z,AVAXUSD,39.170,39.880,36.170,37.410,110546.14887239
2025-01-09T00:00:00Z,AVAXUSD,37.410,37.880,35.520,36.180,51529.58893782
2025-01-10T00:00:00Z,AVAXUSD,36.210,37.880,35.950,36.690,55082.43786717
2025-01-11T00:00:00Z,AVAXUSD,36.710,37.730,36.040,37.110,31489.92242062
2025-01-12T00:00:00Z,AVAXUSD,37.110,37.580,36.090,36.560,12601.33293233
2025-01-13T00:00:00Z,AVAXUSD,36.530,37.300,32.730,35.300,111640.53279047
2025-01-14T00:00:00Z,AVAXUSD,35.300,36.690,35.010,36.520,32212.84997748
2025-01-15T00:00:00Z,AVAXUSD,36.530,40.000,36.190,39.850,128063.28757772
2025-01-16T00:00:00Z,AVAXUSD,39.940,40.500,38.350,40.040,98943.77561505
2025-01-17T00:00:00Z,AVAXUSD,40.080,41.810,40.080,41.370,107706.51186827
2025-01-18T00:00:00Z,AVAXUSD,41.370,41.670,38.290,39.220,99488.70806424
2025-01-19T00:00:00Z,AVAXUSD,39.180,40.500,35.000,35.640,247862.70181069
2025-01-20T00:00:00Z,AVAXUSD,35.620,40.050,34.500,35.960,229836.16447603
2025-01-21T00:00:00Z,AVAXUSD,35.930,37.570,34.460,36.980,225181.29820267
2025-01-22T00:00:00Z,AVAXUSD,36.950,37.750,36.540,36.770,57711.54361926
2025-01-23T00:00:00Z,AVAXUSD,36.770,36.930,34.670,35.560,73487.71681404
2025-01-24T00:00:00Z,AVAXUSD,35.580,36.780,34.570,35.340,97905.78969394
2025-01-25T00:00:00Z,AVAXUSD,35.250,37.240,34.940,36.590,73430.16239775
2025-01-26T00:00:00Z,AVAXUSD,36.610,38.160,35.650,35.720,101467.29445173
2025-01-27T00:00:00Z,AVAXUSD,35.730,36.000,32.860,34.210,150581.70761375
2025-01-28T00:00:00Z,AVAXUSD,34.210,34.500,31.830,32.060,72621.36680951
2025-01-29T00:00:00Z,AVAXUSD,32.080,33.830,31.900,32.790,62629.36964456
2025-01-30T00:00:00Z,AVAXUSD,32.830,34.660,32.470,34.290,55250.26286366
2025-01-31T00:00:00Z,AVAXUSD,34.330,36.160,33.830,34.420,51064.10786388
2025-02-01T00:00:00Z,AVAXUSD,34.420,35.080,32.010,32.100,40080.29047060
2025-02-02T00:00:00Z,AVAXUSD,32.100,32.550,25.930,27.600,150420.19241661
2025-02-03T00:00:00Z,AVAXUSD,27.610,28.790,21.300,28.440,334586.12399040
2025-02-04T00:00:00Z,AVAXUSD,28.440,28.670,25.580,26.510,207611.70435761
2025-02-05T00:00:00Z,AVAXUSD,26.420,27.390,25.640,25.850,30975.47485637
2025-02-06T00:00:00Z,AVAXUSD,25.900,26.810,24.310,24.490,33617.14576783
2025-02-07T00:00:00Z,AVAXUSD,24.510,26.210,23.730,24.450,47896.33454378
2025-02-08T00:00:00Z,AVAXUSD,24.450,24.810,23.940,24.590,22181.12831773
2025-02-09T00:00:00Z,AVAXUSD,24.590,25.500,23.660,24.900,41526.91028055
2025-02-10T00:00:00Z,AVAXUSD,24.890,25.990,23.900,25.650,86038.21289296
2025-02-11T00:00:00Z,AVAXUSD,25.650,26.990,24.910,25.390,55321.61542525
2025-02-12T00:00:00Z,AVAXUSD,25.370,27.100,24.290,26.490,125849.24252568
2025-02-13T00:00:00Z,AVAXUSD,26.500,26.620,25.130,25.410,31431.98672875
2025-02-14T00:00:00Z,AVAXUSD,25.440,27.210,25.320,26.400,64776.39478924
2025-02-15T00:00:00Z,AVAXUSD,26.410,26.970,25.390,25.500,25347.72361030
2025-02-16T00:00:00Z,AVAXUSD,25.480,25.570,24.760,24.810,52313.30927830
2025-02-17T00:00:00Z,AVAXUSD,24.850,25.950,24.440,25.010,32692.77527147
2025-02-18T00:00:00Z,AVAXUSD,25.020,25.100,22.910,23.520,79399.77184049
2025-02-19T00:00:00Z,AVAXUSD,23.520,24.010,23.000,23.740,47747.15153561
2025-02-20T00:00:00Z,AVAXUSD,23.760,25.340,23.720,25.140,33711.78835084
2025-02-21T00:00:00Z,AVAXUSD,25.160,26.510,23.780,24.510,84965.78164464
2025-02-22T00:00:00Z,AVAXUSD,24.440,26.360,24.440,25.800,48578.97622710
2025-02-23T00:00:00Z,AVAXUSD,25.840,25.960,24.440,24.880,37940.02404810
2025-02-24T00:00:00Z,AVAXUSD,24.860,25.150,21.490,21.880,98284.17645703
2025-02-25T00:00:00Z,AVAXUSD,21.880,22.300,20.300,21.930,119596.10925856
2025-02-26T00:00:00Z,AVAXUSD,21.930,22.550,20.980,21.830,73187.88661354
2025-02-27T00:00:00Z,AVAXUSD,21.870,23.350,21.640,22.490,75617.60862790
2025-02-28T00:00:00Z,AVAXUSD,22.490,22.580,20.220,22.350,129901.68853053
2025-03-01T00:00:00Z,AVAXUSD,22.390,22.480,21.070,21.860,21466.24528665
2025-03-02T00:00:00Z,AVAXUSD,21.780,24.970,21.580,24.920,175820.48089938
2025-03-03T00:00:00Z,AVAXUSD,24.960,25.080,20.580,20.940,146081.65607436
2025-03-04T00:00:00Z,AVAXUSD,20.920,21.080,18.850,20.000,105096.80536001
2025-03-05T00:00:00Z,AVAXUSD,19.980,22.450,19.710,21.730,102747.53100669
2025-03-06T00:00:00Z,AVAXUSD,21.750,22.550,20.900,21.010,78281.16935965
2025-03-07T00:00:00Z,AVAXUSD,21.000,21.210,19.700,20.120,86953.67711456
2025-03-08T00:00:00Z,AVAXUSD,20.130,21.060,19.440,20.490,57459.43105303
2025-03-09T00:00:00Z,AVAXUSD,20.500,20.680,17.770,17.950,90345.49344684
2025-03-10T00:00:00Z,AVAXUSD,17.960,19.030,16.140,16.250,91457.22499933
2025-03-11T00:00:00Z,AVAXUSD,16.270,17.880,15.300,17.470,122155.95332098
2025-03-12T00:00:00Z,AVAXUSD,17.510,18.960,16.960,18.920,101877.23354885
2025-03-13T00:00:00Z,AVAXUSD,18.910,19.300,17.730,18.500,62813.98821149
2025-03-14T00:00:00Z,AVAXUSD,18.490,19.290,18.490,18.550,44158.37684291
2025-03-15T00:00:00Z,AVAXUSD,18.540,19.460,18.400,19.400,74721.94692102
2025-03-16T00:00:00Z,AVAXUSD,19.350,19.840,18.120,18.260,65095.66656814
2025-03-17T00:00:00Z,AVAXUSD,18.270,19.070,18.210,18.830,88864.06374293
2025-03-18T00:00:00Z,AVAXUSD,18.830,19.260,18.330,18.980,46582.48346915
2025-03-19T00:00:00Z,AVAXUSD,19.000,20.090,18.860,19.740,80634.66845523
2025-03-20T00:00:00Z,AVAXUSD,19.760,19.840,18.420,18.740,62262.15919318
2025-03-21T00:00:00Z,AVAXUSD,18.740,19.470,18.350,19.160,40918.55458654
2025-03-22T00:00:00Z,AVAXUSD,19.180,19.740,19.090,19.430,13166.68205625
2025-03-23T00:00:00Z,AVAXUSD,19.420,19.840,19.330,19.780,15040.29448981
2025-03-24T00:00:00Z,AVAXUSD,19.820,22.120,19.810,21.480,100151.87426709
2025-03-25T00:00:00Z,AVAXUSD,21.460,23.460,21.340,22.900,112581.02195558
2025-03-26T00:00:00Z,AVAXUSD,22.950,23.220,21.830,22.020,86692.78740985
2025-03-27T00:00:00Z,AVAXUSD,22.070,22.360,21.650,21.990,61999.35066688
2025-03-28T00:00:00Z,AVAXUSD,22.040,22.160,19.750,20.390,124390.51043584
2025-03-29T00:00:00Z,AVAXUSD,20.370,20.530,19.480,19.630,51560.95684127
2025-03-30T00:00:00Z,AVAXUSD,19.570,19.900,18.700,18.880,46273.18128541
2025-03-31T00:00:00Z,AVAXUSD,18.870,19.100,18.170,18.760,33466.64738728
2025-04-01T00:00:00Z,AVAXUSD,18.780,19.940,18.720,19.780,55754.30584405
2025-04-02T00:00:00Z,AVAXUSD,19.830,19.890,17.750,17.990,139241.44712534
2025-04-03T00:00:00Z,AVAXUSD,17.970,18.980,17.580,18.120,174368.40750661
2025-04-04T00:00:00Z,AVAXUSD,18.170,18.750,17.630,18.190,65199.25220115
2025-04-05T00:00:00Z,AVAXUSD,18.150,18.370,17.710,17.870,27398.19722470
2025-04-06T00:00:00Z,AVAXUSD,17.850,17.880,15.610,16.010,137837.61530719
2025-04-07T00:00:00Z,AVAXUSD,16.030,17.190,14.660,16.680,215919.31025053
2025-04-08T00:00:00Z,AVAXUSD,16.690,17.710,15.910,16.130,175299.80228675
2025-04-09T00:00:00Z,AVAXUSD,16.140,18.880,15.590,18.450,108757.27246086
2025-04-10T00:00:00Z,AVAXUSD,18.440,18.440,17.570,18.340,83359.39452614
2025-04-11T00:00:00Z,AVAXUSD,18.310,19.560,18.310,19.170,115464.89902666
2025-04-12T00:00:00Z,AVAXUSD,19.160,21.020,18.840,20.500,99537.81244227
2025-04-13T00:00:00Z,AVAXUSD,20.470,20.670,19.280,19.560,72825.66576674
2025-04-14T00:00:00Z,AVAXUSD,19.590,20.660,19.570,20.120,91199.63867727
2025-04-15T00:00:00Z,AVAXUSD,20.140,20.260,18.960,19.040,65346.66114783
2025-04-16T00:00:00Z,AVAXUSD,18.980,19.280,18.520,18.760,38705.99653242
2025-04-17T00:00:00Z,AVAXUSD,18.750,19.540,18.710,19.030,30586.99132154
2025-04-18T00:00:00Z,AVAXUSD,19.090,19.330,18.860,19.090,13674.70257264
2025-04-19T00:00:00Z,AVAXUSD,19.080,20.360,19.030,19.910,34714.45396345
2025-04-20T00:00:00Z,AVAXUSD,19.900,20.030,19.250,19.490,51314.32005437
2025-04-21T00:00:00Z,AVAXUSD,19.490,20.930,19.490,19.920,86272.04144935
2025-04-22T00:00:00Z,AVAXUSD,19.910,22.290,19.450,22.110,154100.31101280
2025-04-23T00:00:00Z,AVAXUSD,22.110,23.080,21.900,22.340,137364.57471167
2025-04-24T00:00:00Z,AVAXUSD,22.350,22.630,21.620,22.380,236490.04890058
2025-04-25T00:00:00Z,AVAXUSD,22.390,22.860,21.770,22.220,83623.61784700
2025-04-26T00:00:00Z,AVAXUSD,22.200,22.990,21.740,22.420,33493.38848699
2025-04-27T00:00:00Z,AVAXUSD,22.430,22.780,21.680,21.750,40164.95133984
2025-04-28T00:00:00Z,AVAXUSD,21.730,22.430,21.050,21.830,69664.72719106
2025-04-29T00:00:00Z,AVAXUSD,21.820,22.280,21.300,21.570,30147.25761481
2025-04-30T00:00:00Z,AVAXUSD,21.560,21.910,20.380,20.900,40749.37120027
2025-05-01T00:00:00Z,AVAXUSD,20.920,21.870,20.830,21.650,65964.77449022
2025-05-02T00:00:00Z,AVAXUSD,21.650,22.190,20.970,21.260,189224.78031435
2025-05-03T00:00:00Z,AVAXUSD,21.270,21.280,20.470,20.550,22553.30593531
2025-05-04T00:00:00Z,AVAXUSD,20.550,20.620,19.780,19.890,28493.23880791
2025-05-05T00:00:00Z,AVAXUSD,19.910,20.220,19.310,19.670,39322.30694314
2025-05-06T00:00:00Z,AVAXUSD,19.690,20.150,19.280,20.010,38898.44490643
2025-05-07T00:00:00Z,AVAXUSD,20.000,20.230,19.080,19.550,50366.53959867
2025-05-08T00:00:00Z,AVAXUSD,19.550,22.170,19.500,22.140,137739.27888310
2025-05-09T00:00:00Z,AVAXUSD,22.150,23.970,21.970,23.270,226069.36771564
2025-05-10T00:00:00Z,AVAXUSD,23.300,25.970,23.040,25.820,247127.34645309
2025-05-11T00:00:00Z,AVAXUSD,25.820,26.020,24.160,24.780,161258.03865110
2025-05-12T00:00:00Z,AVAXUSD,24.800,26.810,23.760,24.830,181823.15920993
2025-05-13T00:00:00Z,AVAXUSD,24.820,26.260,23.470,25.740,103395.43060980
2025-05-14T00:00:00Z,AVAXUSD,25.750,26.530,24.770,24.960,118722.54326767
2025-05-15T00:00:00Z,AVAXUSD,24.960,25.120,22.960,23.480,124010.71808669
2025-05-16T00:00:00Z,AVAXUSD,23.510,24.050,22.700,23.090,62507.39061832
2025-05-17T00:00:00Z,AVAXUSD,23.060,23.130,21.970,22.200,52615.78440603
2025-05-18T00:00:00Z,AVAXUSD,22.190,23.830,21.590,23.080,60052.23609642
2025-05-19T00:00:00Z,AVAXUSD,23.080,23.170,21.290,22.260,79233.98490442
2025-05-20T00:00:00Z,AVAXUSD,22.290,22.800,21.760,22.570,96024.16777656
2025-05-21T00:00:00Z,AVAXUSD,22.630,23.800,22.170,23.170,194888.65325415
2025-05-22T00:00:00Z,AVAXUSD,23.200,25.430,23.150,25.260,168173.68122931
2025-05-23T00:00:00Z,AVAXUSD,25.260,25.980,22.940,23.080,137652.68265660
2025-05-24T00:00:00Z,AVAXUSD,23.010,23.480,22.770,22.980,100240.05686672
2025-05-25T00:00:00Z,AVAXUSD,22.970,23.460,22.060,23.410,58619.20960689
2025-05-26T00:00:00Z,AVAXUSD,23.460,24.000,22.910,23.080,39169.53004219
2025-05-27T00:00:00Z,AVAXUSD,23.050,23.870,22.550,23.390,66403.93252229
2025-05-28T00:00:00Z,AVAXUSD,23.380,23.780,22.800,23.590,55354.18226949
2025-05-29T00:00:00Z,AVAXUSD,23.600,24.340,22.180,22.240,76536.46510901
2025-05-30T00:00:00Z,AVAXUSD,22.260,22.370,20.440,20.530,149113.73436717
2025-05-31T00:00:00Z,AVAXUSD,20.550,21.140,19.800,20.800,65959.43541636
2025-06-01T00:00:00Z,AVAXUSD,20.820,20.960,20.180,20.880,34893.71957056
2025-06-02T00:00:00Z,AVAXUSD,20.900,21.290,20.240,21.160,66083.10384363
2025-06-03T00:00:00Z,AVAXUSD,21.170,21.710,20.920,21.120,41219.50886331
2025-06-04T00:00:00Z,AVAXUSD,21.140,21.640,20.090,20.090,65759.44866975
2025-06-05T00:00:00Z,AVAXUSD,20.090,20.550,18.440,18.770,115085.89706047
2025-06-06T00:00:00Z,AVAXUSD,18.770,19.950,18.670,19.670,46616.25639995
2025-06-07T00:00:00Z,AVAXUSD,19.670,21.130,19.570,20.660,46509.52401701
2025-06-08T00:00:00Z,AVAXUSD,20.680,21.500,20.160,21.030,43347.95056281
2025-06-09T00:00:00Z,AVAXUSD,21.060,22.040,20.220,21.960,61380.33714386
2025-06-10T00:00:00Z,AVAXUSD,21.960,22.570,21.530,22.570,112837.38476256
2025-06-11T00:00:00Z,AVAXUSD,22.580,22.760,21.340,21.600,102011.08707710
2025-06-12T00:00:00Z,AVAXUSD,21.530,21.600,20.190,20.290,74594.26988242
2025-06-13T00:00:00Z,AVAXUSD,20.300,20.300,18.500,19.390,154243.69000609
2025-06-14T00:00:00Z,AVAXUSD,19.420,19.440,18.720,18.960,31822.99996102
2025-06-15T00:00:00Z,AVAXUSD,18.970,19.280,18.750,19.110,28402.20826044
2025-06-16T00:00:00Z,AVAXUSD,19.100,19.980,18.910,19.030,48892.12533168
2025-06-17T00:00:00Z,AVAXUSD,19.080,19.470,18.150,18.620,76182.97464053
2025-06-18T00:00:00Z,AVAXUSD,18.600,18.880,18.080,18.150,90440.45814304
2025-06-19T00:00:00Z,AVAXUSD,18.180,18.400,17.650,18.060,64400.01753178
2025-06-20T00:00:00Z,AVAXUSD,18.060,18.420,16.950,17.370,79616.56113356
2025-06-21T00:00:00Z,AVAXUSD,17.370,17.630,16.320,16.830,66057.20232551
2025-06-22T00:00:00Z,AVAXUSD,16.840,17.120,15.620,16.540,99242.71852964
2025-06-23T00:00:00Z,AVAXUSD,16.530,18.200,16.270,18.070,108507.13513312
2025-06-24T00:00:00Z,AVAXUSD,18.080,18.490,17.910,18.220,77247.14993340
2025-06-25T00:00:00Z,AVAXUSD,18.230,18.380,17.450,17.590,88118.34203081
2025-06-26T00:00:00Z,AVAXUSD,17.580,18.000,17.120,17.240,20111.23018728
2025-06-27T00:00:00Z,AVAXUSD,17.240,17.780,17.050,17.590,59536.80741750
2025-06-28T00:00:00Z,AVAXUSD,17.590,18.080,17.500,17.990,61411.76984419
2025-06-29T00:00:00Z,AVAXUSD,17.990,18.880,17.820,18.750,28604.97936997
2025-06-30T00:00:00Z,AVAXUSD,18.770,18.880,17.710,17.970,109083.58518096
2025-07-01T00:00:00Z,AVAXUSD,17.970,18.070,16.970,17.110,77685.40653074
2025-07-02T00:00:00Z,AVAXUSD,17.110,18.830,16.970,18.520,134418.84217549
2025-07-03T00:00:00Z,AVAXUSD,18.530,19.160,18.360,18.550,41648.10401761
2025-07-04T00:00:00Z,AVAXUSD,18.550,18.870,17.510,17.790,33431.56775590
2025-07-05T00:00:00Z,AVAXUSD,17.780,18.000,17.630,17.930,17385.23194584
2025-07-06T00:00:00Z,AVAXUSD,17.930,18.600,17.750,18.280,62937.72275247
2025-07-07T00:00:00Z,AVAXUSD,18.300,18.580,17.820,18.000,24623.41613416
2025-07-08T00:00:00Z,AVAXUSD,18.010,18.490,17.680,18.360,71154.38382453
2025-07-09T00:00:00Z,AVAXUSD,18.370,19.610,18.100,19.510,83236.19339288
2025-07-10T00:00:00Z,AVAXUSD,19.510,20.790,19.350,20.700,119032.46349888
2025-07-11T00:00:00Z,AVAXUSD,20.700,21.520,20.340,20.690,108814.85912633
2025-07-12T00:00:00Z,AVAXUSD,20.650,21.060,20.190,20.680,58887.15913241
2025-07-13T00:00:00Z,AVAXUSD,20.680,21.780,20.680,21.210,140807.54836560
2025-07-14T00:00:00Z,AVAXUSD,21.210,22.060,21.040,21.300,116006.39876503
2025-07-15T00:00:00Z,AVAXUSD,21.260,22.570,20.390,22.500,114513.64802419
2025-07-16T00:00:00Z,AVAXUSD,22.500,23.020,21.620,22.660,146413.34495915
2025-07-17T00:00:00Z,AVAXUSD,22.680,24.330,22.050,23.930,184832.56388091
2025-07-18T00:00:00Z,AVAXUSD,23.930,25.030,23.090,23.540,223492.41479011
2025-07-19T00:00:00Z,AVAXUSD,23.540,25.230,23.020,24.520,100760.26927164
2025-07-20T00:00:00Z,AVAXUSD,24.520,25.560,24.320,25.050,116048.37315239
2025-07-21T00:00:00Z,AVAXUSD,25.040,26.500,24.640,25.450,154803.98981431
2025-07-22T00:00:00Z,AVAXUSD,25.450,26.090,24.700,25.900,245621.28124948
2025-07-23T00:00:00Z,AVAXUSD,25.920,26.120,23.190,23.950,254466.20270720
2025-07-24T00:00:00Z,AVAXUSD,23.930,24.440,22.580,23.670,178499.24783380
2025-07-25T00:00:00Z,AVAXUSD,23.690,24.040,22.870,24.000,74038.58062115
2025-07-26T00:00:00Z,AVAXUSD,24.000,25.760,23.870,24.940,120238.96374049
2025-07-27T00:00:00Z,AVAXUSD,24.950,26.440,24.760,26.040,102634.39593523
2025-07-28T00:00:00Z,AVAXUSD,26.090,27.370,25.000,25.160,267817.68457270
2025-07-29T00:00:00Z,AVAXUSD,25.190,25.510,23.870,24.370,126282.42330484
2025-07-30T00:00:00Z,AVAXUSD,24.370,24.480,22.410,23.320,128881.71731404
2025-07-31T00:00:00Z,AVAXUSD,23.290,24.090,22.400,22.480,86864.65961943
2025-08-01T00:00:00Z,AVAXUSD,22.470,22.580,21.030,21.520,172456.25428516
2025-08-02T00:00:00Z,AVAXUSD,21.510,21.800,20.660,20.830,265905.46695599
2025-08-03T00:00:00Z,AVAXUSD,20.950,21.540,20.590,21.370,41934.05752216
2025-08-04T00:00:00Z,AVAXUSD,21.370,23.100,21.330,23.090,186048.49423487
2025-08-05T00:00:00Z,AVAXUSD,23.100,23.110,21.420,21.900,52867.45712394
2025-08-06T00:00:00Z,AVAXUSD,21.910,22.400,21.580,22.240,45733.06373240
2025-08-07T00:00:00Z,AVAXUSD,22.220,23.350,21.960,23.340,115625.63861670
2025-08-08T00:00:00Z,AVAXUSD,23.350,23.860,23.010,23.800,200210.73234647
2025-08-09T00:00:00Z,AVAXUSD,23.820,24.800,23.750,24.240,187849.71372541
2025-08-10T00:00:00Z,AVAXUSD,24.230,24.540,23.260,23.850,55866.42606307
2025-08-11T00:00:00Z,AVAXUSD,23.850,24.600,22.670,22.790,96300.98691047
2025-08-12T00:00:00Z,AVAXUSD,22.760,24.900,22.760,24.680,104063.15754878
2025-08-13T00:00:00Z,AVAXUSD,24.670,25.660,24.370,25.500,159632.48934566
2025-08-14T00:00:00Z,AVAXUSD,25.470,25.990,23.230,23.670,190141.37089275
2025-08-15T00:00:00Z,AVAXUSD,23.650,25.650,23.480,23.790,1058098.95698291
2025-08-16T00:00:00Z,AVAXUSD,23.790,24.370,23.580,24.310,85427.22174713
2025-08-17T00:00:00Z,AVAXUSD,24.320,25.670,24.050,25.060,76975.11279090
2025-08-18T00:00:00Z,AVAXUSD,25.070,25.290,23.350,23.710,108659.50010918
2025-08-19T00:00:00Z,AVAXUSD,23.700,24.050,22.240,22.320,117300.35142591
2025-08-20T00:00:00Z,AVAXUSD,22.360,23.550,22.240,23.440,132256.76389757
2025-08-21T00:00:00Z,AVAXUSD,23.460,23.630,22.730,22.780,62598.40910117
2025-08-22T00:00:00Z,AVAXUSD,22.790,25.380,22.200,25.260,176731.65221899
2025-08-23T00:00:00Z,AVAXUSD,25.250,26.740,24.480,26.250,118619.13659848
2025-08-24T00:00:00Z,AVAXUSD,26.260,28.720,24.940,25.830,246195.74919767
2025-08-25T00:00:00Z,AVAXUSD,25.830,25.970,23.050,23.350,114064.15270017
2025-08-26T00:00:00Z,AVAXUSD,23.340,24.360,23.110,24.180,90573.06528300
2025-08-27T00:00:00Z,AVAXUSD,24.190,25.320,23.880,24.420,103018.85266223
2025-08-28T00:00:00Z,AVAXUSD,24.440,25.070,24.130,24.910,97878.53837956
2025-08-29T00:00:00Z,AVAXUSD,24.920,25.190,23.220,23.540,127831.34654084
2025-08-30T00:00:00Z,AVAXUSD,23.550,23.920,23.110,23.780,30499.45439277
2025-08-31T00:00:00Z,AVAXUSD,23.780,24.180,23.370,23.390,42212.65748032
2025-09-01T00:00:00Z,AVAXUSD,23.400,24.320,22.670,23.200,78395.29655983
2025-09-02T00:00:00Z,AVAXUSD,23.170,24.490,23.060,24.450,80466.25300849
2025-09-03T00:00:00Z,AVAXUSD,24.450,25.750,24.280,25.210,112399.97820846
2025-09-04T00:00:00Z,AVAXUSD,25.220,25.280,24.200,24.220,58618.87337021
2025-09-05T00:00:00Z,AVAXUSD,24.210,25.080,23.880,24.480,107356.62384499
2025-09-06T00:00:00Z,AVAXUSD,24.460,24.600,24.100,24.390,30963.34859557
2025-09-07T00:00:00Z,AVAXUSD,24.380,24.910,24.260,24.690,26521.86122358
2025-09-08T00:00:00Z,AVAXUSD,24.690,25.790,24.530,25.270,240420.77095457
2025-09-09T00:00:00Z,AVAXUSD,25.280,26.340,24.910,25.930,113823.90490725
2025-09-10T00:00:00Z,AVAXUSD,25.940,31.570,25.750,29.460,577029.93735405
2025-09-11T00:00:00Z,AVAXUSD,29.470,29.990,28.390,29.160,369851.45348845
2025-09-12T00:00:00Z,AVAXUSD,29.170,29.420,28.080,29.000,389784.97861994
2025-09-13T00:00:00Z,AVAXUSD,29.000,31.250,28.760,30.110,274502.82192903
2025-09-14T00:00:00Z,AVAXUSD,30.110,30.650,28.980,29.460,570143.95435960
2025-09-15T00:00:00Z,AVAXUSD,29.440,30.420,28.250,29.850,280459.82387752
2025-09-16T00:00:00Z,AVAXUSD,29.830,30.980,29.210,30.080,170077.31246665
2025-09-17T00:00:00Z,AVAXUSD,30.090,32.040,29.390,31.810,342479.46422898
2025-09-18T00:00:00Z,AVAXUSD,31.840,35.430,31.650,35.190,644903.82745499
2025-09-19T00:00:00Z,AVAXUSD,35.200,35.800,33.370,33.780,579925.89564229
2025-09-20T00:00:00Z,AVAXUSD,33.760,34.090,32.880,33.190,147597.26929988
2025-09-21T00:00:00Z,AVAXUSD,33.180,33.600,32.610,33.030,218286.39881934
2025-09-22T00:00:00Z,AVAXUSD,33.050,33.980,29.330,33.890,761568.66675159
2025-09-23T00:00:00Z,AVAXUSD,33.890,36.140,32.780,33.580,886648.05869784
2025-09-24T00:00:00Z,AVAXUSD,33.610,34.830,32.270,32.330,457387.01389685
2025-09-25T00:00:00Z,AVAXUSD,32.330,32.800,28.550,28.640,730166.50168773
2025-09-26T00:00:00Z,AVAXUSD,28.640,29.630,27.100,29.100,844777.46369134
2025-09-27T00:00:00Z,AVAXUSD,29.100,29.110,28.260,28.760,97781.28268048
2025-09-28T00:00:00Z,AVAXUSD,28.770,30.180,27.940,30.000,357261.12199962
2025-09-29T00:00:00Z,AVAXUSD,30.000,30.840,29.130,30.440,442071.63821980
2025-09-30T00:00:00Z,AVAXUSD,30.420,30.730,28.820,30.000,257751.56961851
2025-10-01T00:00:00Z,AVAXUSD,30.020,31.110,29.570,30.710,384043.60701749
2025-10-02T00:00:00Z,AVAXUSD,30.750,31.380,29.420,31.020,368310.88438202
2025-10-03T00:00:00Z,AVAXUSD,30.990,31.580,30.030,31.320,193077.21331351
2025-10-04T00:00:00Z,AVAXUSD,31.360,31.430,29.870,30.160,98287.04880757
2025-10-05T00:00:00Z,AVAXUSD,30.140,31.170,29.640,30.090,121987.18504379
2025-10-06T00:00:00Z,AVAXUSD,30.080,31.020,29.950,30.640,192445.05294167
2025-10-07T00:00:00Z,AVAXUSD,30.630,30.730,27.840,27.950,291122.84806002
2025-10-08T00:00:00Z,AVAXUSD,27.950,29.620,27.870,28.810,234119.17872868
2025-10-09T00:00:00Z,AVAXUSD,28.840,28.890,27.600,28.380,147275.82312415
2025-10-10T00:00:00Z,AVAXUSD,28.390,28.630,8.460,20.730,1307546.01765981
2025-10-11T00:00:00Z,AVAXUSD,20.720,23.410,20.430,21.480,355655.44545778
2025-10-12T00:00:00Z,AVAXUSD,21.480,23.340,20.690,22.580,282197.25827832
2025-10-13T00:00:00Z,AVAXUSD,22.530,24.080,21.740,23.830,253662.84171528
2025-10-14T00:00:00Z,AVAXUSD,23.810,23.890,21.810,22.740,248357.52329584
2025-10-15T00:00:00Z,AVAXUSD,22.750,23.260,21.600,21.930,132344.13764828
2025-10-16T00:00:00Z,AVAXUSD,21.930,22.390,20.580,20.970,232164.39804762
2025-10-17T00:00:00Z,AVAXUSD,20.970,21.260,19.040,19.970,254301.97380983
2025-10-18T00:00:00Z,AVAXUSD,19.970,20.410,19.830,20.230,71737.13496431
2025-10-19T00:00:00Z,AVAXUSD,20.230,20.840,19.710,20.580,192288.71858090
2025-10-20T00:00:00Z,AVAXUSD,20.600,21.190,20.180,20.370,163498.73028433
2025-10-21T00:00:00Z,AVAXUSD,20.350,20.840,19.480,19.550,207840.30151846
2025-10-22T00:00:00Z,AVAXUSD,19.560,19.720,18.400,19.030,126368.88200201
2025-10-23T00:00:00Z,AVAXUSD,19.020,19.740,18.990,19.140,63992.08759393
2025-10-24T00:00:00Z,AVAXUSD,19.150,19.930,19.030,19.510,78139.00218929
2025-10-25T00:00:00Z,AVAXUSD,19.500,19.830,19.260,19.720,48481.81499915
2025-10-26T00:00:00Z,AVAXUSD,19.730,20.940,19.350,20.840,172384.71868845
2025-10-27T00:00:00Z,AVAXUSD,20.830,21.100,20.170,20.330,190109.62608008
2025-10-28T00:00:00Z,AVAXUSD,20.330,20.530,19.140,19.490,171267.32814675
2025-10-29T00:00:00Z,AVAXUSD,19.490,20.190,19.340,19.660,113266.60837276
2025-10-30T00:00:00Z,AVAXUSD,19.660,19.970,17.530,18.130,283349.22284149
2025-10-31T00:00:00Z,AVAXUSD,18.120,18.560,17.790,18.210,140578.82491208
2025-11-01T00:00:00Z,AVAXUSD,18.200,18.750,18.090,18.720,54899.46038110
2025-11-02T00:00:00Z,AVAXUSD,18.720,18.990,18.100,18.810,69841.53196589
2025-11-03T00:00:00Z,AVAXUSD,18.840,18.880,15.860,16.650,224332.96152496
2025-11-04T00:00:00Z,AVAXUSD,16.650,17.010,15.000,16.000,385790.77731736
2025-11-05T00:00:00Z,AVAXUSD,15.990,16.990,15.290,16.610,123910.53840057
2025-11-06T00:00:00Z,AVAXUSD,16.610,16.720,15.600,16.120,103593.00439904
2025-11-07T00:00:00Z,AVAXUSD,16.120,18.050,16.060,17.720,211333.07585181
2025-11-08T00:00:00Z,AVAXUSD,17.730,18.400,17.020,17.500,147370.69665947
2025-11-09T00:00:00Z,AVAXUSD,17.500,17.900,16.820,17.770,104224.93886768
2025-11-10T00:00:00Z,AVAXUSD,17.770,18.350,17.640,18.180,333267.38496090
2025-11-11T00:00:00Z,AVAXUSD,18.200,18.590,16.960,17.010,203176.66638526
2025-11-12T00:00:00Z,AVAXUSD,17.010,17.750,16.640,16.820,240450.85782997
2025-11-13T00:00:00Z,AVAXUSD,16.810,17.680,15.770,16.100,297522.47340347
2025-11-14T00:00:00Z,AVAXUSD,16.070,16.170,14.830,15.110,390259.22567791
2025-11-15T00:00:00Z,AVAXUSD,15.110,15.760,15.100,15.520,87849.99490214
2025-11-16T00:00:00Z,AVAXUSD,15.520,15.850,14.610,15.130,226195.47467842
2025-11-17T00:00:00Z,AVAXUSD,15.140,15.830,14.240,14.510,351415.28916567
2025-11-18T00:00:00Z,AVAXUSD,14.500,14.910,14.030,14.590,378398.33621876
2025-11-19T00:00:00Z,AVAXUSD,14.580,14.680,13.680,14.270,555929.90310041
2025-11-20T00:00:00Z,AVAXUSD,14.270,14.520,13.480,13.790,171327.06140592
2025-11-21T00:00:00Z,AVAXUSD,13.810,13.950,12.440,13.300,390935.58063626
2025-11-22T00:00:00Z,AVAXUSD,13.290,13.390,13.030,13.230,90475.52585578
2025-11-23T00:00:00Z,AVAXUSD,13.230,13.450,13.210,13.280,84880.16962327
2025-11-24T00:00:00Z,AVAXUSD,13.260,14.050,13.160,13.890,121320.96980284
2025-11-25T00:00:00Z,AVAXUSD,13.890,14.380,13.710,14.170,125293.99359409
2025-11-26T00:00:00Z,AVAXUSD,14.180,14.960,13.920,14.960,222300.31457241
2025-11-27T00:00:00Z,AVAXUSD,14.960,15.170,14.870,15.020,166934.84119275
2025-11-28T00:00:00Z,AVAXUSD,15.020,15.270,14.770,14.850,121422.98211335
2025-11-29T00:00:00Z,AVAXUSD,14.840,14.910,14.190,14.250,187345.40263911
2025-11-30T00:00:00Z,AVAXUSD,14.260,14.340,13.670,13.720,55597.78435773
2025-12-01T00:00:00Z,AVAXUSD,13.710,13.720,12.540,12.760,263178.73953337
2025-12-02T00:00:00Z,AVAXUSD,12.750,13.750,12.720,13.640,112668.12394931
2025-12-03T00:00:00Z,AVAXUSD,13.640,15.080,13.590,14.780,110867.27854514
2025-12-04T00:00:00Z,AVAXUSD,14.800,14.870,14.210,14.410,113956.74418417
2025-12-05T00:00:00Z,AVAXUSD,14.410,14.530,13.120,13.210,146985.68447637
2025-12-06T00:00:00Z,AVAXUSD,13.210,13.480,13.160,13.410,59375.74163595
2025-12-07T00:00:00Z,AVAXUSD,13.410,13.840,12.960,13.490,108849.16815307
2025-12-08T00:00:00Z,AVAXUSD,13.500,13.900,13.380,13.650,69404.67724063
2025-12-09T00:00:00Z,AVAXUSD,13.640,14.720,13.510,14.610,154686.98930175
2025-12-10T00:00:00Z,AVAXUSD,14.610,14.820,14.100,14.120,139617.94408466
2025-12-11T00:00:00Z,AVAXUSD,14.110,14.110,12.890,13.420,297464.03956057
2025-12-12T00:00:00Z,AVAXUSD,13.420,13.790,12.820,13.110,96589.44795662
2025-12-13T00:00:00Z,AVAXUSD,13.120,13.470,13.090,13.390,70737.88464324
2025-12-14T00:00:00Z,AVAXUSD,13.390,13.390,12.740,12.870,70171.96464125
2025-12-15T00:00:00Z,AVAXUSD,12.880,13.350,12.210,12.350,130928.21536875
2025-12-16T00:00:00Z,AVAXUSD,12.340,12.400,11.920,12.350,163402.40960459
2025-12-17T00:00:00Z,AVAXUSD,12.350,12.640,11.700,11.840,183996.13865279
2025-12-18T00:00:00Z,AVAXUSD,11.860,12.310,11.280,11.440,262015.02988025
2025-12-19T00:00:00Z,AVAXUSD,11.440,12.440,11.260,12.250,189268.28206930
2025-12-20T00:00:00Z,AVAXUSD,12.250,12.360,12.130,12.210,59857.00181511
2025-12-21T00:00:00Z,AVAXUSD,12.210,12.330,11.950,12.140,78009.18410301
2025-12-22T00:00:00Z,AVAXUSD,12.150,12.440,12.010,12.410,112606.21398995
2025-12-23T00:00:00Z,AVAXUSD,12.420,12.530,11.850,12.180,182267.36629869
2025-12-24T00:00:00Z,AVAXUSD,12.180,12.230,11.890,12.110,68540.69624361
2025-12-25T00:00:00Z,AVAXUSD,12.110,12.550,12.050,12.090,140260.45511992
2025-12-26T00:00:00Z,AVAXUSD,12.060,12.590,12.020,12.350,129745.96121581
2025-12-27T00:00:00Z,AVAXUSD,12.340,12.780,12.330,12.680,77110.68269941
2025-12-28T00:00:00Z,AVAXUSD,12.690,12.880,12.520,12.650,105521.02918005
2025-12-29T00:00:00Z,AVAXUSD,12.640,13.170,12.320,12.360,168736.65410068
2025-12-30T00:00:00Z,AVAXUSD,12.360,12.620,12.320,12.560,154503.00821389
2025-12-31T00:00:00Z,AVAXUSD,12.560,12.690,12.200,12.300,129420.42266488
2026-01-01T00:00:00Z,AVAXUSD,12.300,13.660,12.210,13.570,298601.48357611
2026-01-02T00:00:00Z,AVAXUSD,13.560,13.960,13.080,13.800,468223.58148309
2026-01-03T00:00:00Z,AVAXUSD,13.810,14.380,13.670,13.990,335241.07465082
2026-01-04T00:00:00Z,AVAXUSD,13.990,14.480,13.900,14.240,248872.60053837
2026-01-05T00:00:00Z,AVAXUSD,14.240,14.720,13.900,14.450,303058.09092288
2026-01-06T00:00:00Z,AVAXUSD,14.450,14.820,14.250,14.590,281787.02158085
2026-01-07T00:00:00Z,AVAXUSD,14.580,14.580,13.880,14.120,184492.13899317
2026-01-08T00:00:00Z,AVAXUSD,14.100,14.220,13.580,13.880,105080.77097227
2026-01-09T00:00:00Z,AVAXUSD,13.880,14.200,13.600,13.760,112102.44762812
2026-01-10T00:00:00Z,AVAXUSD,13.770,13.920,13.620,13.720,51794.69893052
2026-01-11T00:00:00Z,AVAXUSD,13.720,13.970,13.470,13.660,84749.13980030
2026-01-12T00:00:00Z,AVAXUSD,13.690,14.200,13.370,13.510,227695.32482282
2026-01-13T00:00:00Z,AVAXUSD,13.490,14.850,13.460,14.740,244816.67166369
2026-01-14T00:00:00Z,AVAXUSD,14.750,14.940,14.410,14.610,161682.35318744
2026-01-15T00:00:00Z,AVAXUSD,14.620,14.620,13.630,13.830,190952.44273797
2026-01-16T00:00:00Z,AVAXUSD,13.810,13.850,13.180,13.590,95433.81689369
2026-01-17T00:00:00Z,AVAXUSD,13.580,13.960,13.530,13.730,190007.46812274
2026-01-18T00:00:00Z,AVAXUSD,13.740,13.820,12.950,12.980,182890.62612730
2026-01-19T00:00:00Z,AVAXUSD,12.980,12.980,12.090,12.730,373320.66049765
2026-01-20T00:00:00Z,AVAXUSD,12.710,12.740,11.960,12.090,157152.04919003
2026-01-21T00:00:00Z,AVAXUSD,12.070,12.710,11.870,12.410,133492.22385007
2026-01-22T00:00:00Z,AVAXUSD,12.410,12.610,12.030,12.190,75003.47068232
2026-01-23T00:00:00Z,AVAXUSD,12.180,12.480,11.980,12.120,64530.70243724
2026-01-24T00:00:00Z,AVAXUSD,12.120,12.170,11.960,12.030,38068.50030050
2026-01-25T00:00:00Z,AVAXUSD,12.030,12.060,11.220,11.480,134597.78122960
2026-01-26T00:00:00Z,AVAXUSD,11.470,11.900,11.460,11.720,93372.26904006
2026-01-27T00:00:00Z,AVAXUSD,11.710,12.180,11.560,12.110,62639.82837614
2026-01-28T00:00:00Z,AVAXUSD,12.130,12.270,11.910,12.060,61056.27474984
2026-01-29T00:00:00Z,AVAXUSD,12.060,12.060,10.790,11.030,187074.65138048
2026-01-30T00:00:00Z,AVAXUSD,11.040,11.080,10.620,10.860,127924.62720996
2026-01-31T00:00:00Z,AVAXUSD,10.860,10.880,9.080,10.110,322710.56802888
2026-02-01T00:00:00Z,AVAXUSD,10.110,10.240,9.670,9.900,139915.17129273
2026-02-02T00:00:00Z,AVAXUSD,9.920,10.310,9.530,10.140,207139.52067430
2026-02-03T00:00:00Z,AVAXUSD,10.140,10.320,9.530,9.910,241026.90311497
2026-02-04T00:00:00Z,AVAXUSD,9.910,10.150,9.530,9.700,202213.44186670
2026-02-05T00:00:00Z,AVAXUSD,9.690,9.820,8.240,8.300,609089.36674848
2026-02-06T00:00:00Z,AVAXUSD,8.300,9.470,7.520,9.270,453921.58252805
2026-02-07T00:00:00Z,AVAXUSD,9.240,9.380,8.910,9.230,266128.06139050
2026-02-08T00:00:00Z,AVAXUSD,9.220,9.290,9.000,9.100,70833.68899037
2026-02-09T00:00:00Z,AVAXUSD,9.080,9.190,8.720,9.040,151247.25873588
2026-02-10T00:00:00Z,AVAXUSD,9.050,9.110,8.650,8.750,87174.47117804
2026-02-11T00:00:00Z,AVAXUSD,8.750,8.970,8.430,8.620,112277.01343906
2026-02-12T00:00:00Z,AVAXUSD,8.640,8.970,8.620,8.900,61234.65585811
2026-02-13T00:00:00Z,AVAXUSD,8.890,9.250,8.740,9.140,92632.51939403
2026-02-14T00:00:00Z,AVAXUSD,9.150,9.720,9.130,9.600,122584.88851731
2026-02-15T00:00:00Z,AVAXUSD,9.600,9.740,9.140,9.290,100364.61640288
2026-02-16T00:00:00Z,AVAXUSD,9.280,9.420,9.040,9.260,51477.26745844
2026-02-17T00:00:00Z,AVAXUSD,9.260,9.290,9.010,9.130,59765.60545713
2026-02-18T00:00:00Z,AVAXUSD,9.140,9.210,8.800,8.860,69025.11358614
2026-02-19T00:00:00Z,AVAXUSD,8.850,8.940,8.670,8.890,55231.23667967
2026-02-20T00:00:00Z,AVAXUSD,8.900,9.360,8.880,9.170,102582.48440194
2026-02-21T00:00:00Z,AVAXUSD,9.170,9.450,9.100,9.120,58462.45672050
2026-02-22T00:00:00Z,AVAXUSD,9.090,9.100,8.790,8.880,51470.90785013
2026-02-23T00:00:00Z,AVAXUSD,8.860,8.890,8.270,8.360,92909.14455706
2026-02-24T00:00:00Z,AVAXUSD,8.380,8.440,8.180,8.290,110582.59775554
2026-02-25T00:00:00Z,AVAXUSD,8.280,9.830,8.270,9.510,242488.37355671
2026-02-26T00:00:00Z,AVAXUSD,9.510,9.630,9.090,9.310,312523.85365864
2026-02-27T00:00:00Z,AVAXUSD,9.310,9.490,8.780,8.960,166155.39532461
2026-02-28T00:00:00Z,AVAXUSD,8.960,9.270,8.430,9.160,330416.48854752
2026-03-01T00:00:00Z,AVAXUSD,9.180,9.420,8.840,9.040,151845.92913527
2026-03-02T00:00:00Z,AVAXUSD,9.040,9.470,8.860,9.180,160531.28143561
2026-03-03T00:00:00Z,AVAXUSD,9.170,9.330,8.900,9.180,66137.14156036
2026-03-04T00:00:00Z,AVAXUSD,9.180,9.780,9.010,9.490,123251.23969599
2026-03-05T00:00:00Z,AVAXUSD,9.500,9.570,9.270,9.370,54659.11349587
2026-03-06T00:00:00Z,AVAXUSD,9.380,9.470,8.880,9.020,60037.29509246
2026-03-07T00:00:00Z,AVAXUSD,9.010,9.080,8.870,8.910,24365.54515002
2026-03-08T00:00:00Z,AVAXUSD,8.910,9.020,8.690,8.820,74099.12748250
2026-03-09T00:00:00Z,AVAXUSD,8.810,9.540,8.810,9.270,131361.93315076
2026-03-10T00:00:00Z,AVAXUSD,9.260,9.960,9.260,9.530,157972.44569337
2026-03-11T00:00:00Z,AVAXUSD,9.530,9.860,9.490,9.550,66857.17930781
2026-03-12T00:00:00Z,AVAXUSD,9.560,9.730,9.440,9.670,58403.26810230
2026-03-13T00:00:00Z,AVAXUSD,9.670,10.280,9.660,9.720,234208.97095244
2026-03-14T00:00:00Z,AVAXUSD,9.720,9.790,9.530,9.740,127011.59806264
2026-03-15T00:00:00Z,AVAXUSD,9.740,10.040,9.660,9.950,86257.86913724
2026-03-16T00:00:00Z,AVAXUSD,9.950,10.510,9.890,10.490,153458.88742744
2026-03-17T00:00:00Z,AVAXUSD,10.470,10.540,10.170,10.200,152470.97496635
2026-03-18T00:00:00Z,AVAXUSD,10.200,10.360,9.490,9.670,128206.02268212
2026-03-19T00:00:00Z,AVAXUSD,9.680,9.740,9.330,9.480,155935.50079520
2026-03-20T00:00:00Z,AVAXUSD,9.470,9.650,9.420,9.570,63047.10982244
2026-03-21T00:00:00Z,AVAXUSD,9.570,9.640,9.160,9.220,61087.93895880
2026-03-22T00:00:00Z,AVAXUSD,9.200,9.350,8.880,9.020,71031.87111119
2026-03-23T00:00:00Z,AVAXUSD,9.030,9.760,8.920,9.570,154936.02608092
2026-03-24T00:00:00Z,AVAXUSD,9.580,9.640,9.350,9.620,134654.64968304
2026-03-25T00:00:00Z,AVAXUSD,9.620,9.780,9.560,9.670,73334.47235226
2026-03-26T00:00:00Z,AVAXUSD,9.680,9.690,8.980,9.100,101557.39423952
2026-03-27T00:00:00Z,AVAXUSD,9.080,9.150,8.670,8.780,115700.56350216
2026-03-28T00:00:00Z,AVAXUSD,8.780,8.970,8.700,8.740,49055.36469634
2026-03-29T00:00:00Z,AVAXUSD,8.750,8.820,8.360,8.600,72147.15290946
2026-03-30T00:00:00Z,AVAXUSD,8.590,9.070,8.560,8.800,103394.39906811
2026-03-31T00:00:00Z,AVAXUSD,8.800,9.060,8.700,8.910,62436.08308710
2026-04-01T00:00:00Z,AVAXUSD,8.910,9.460,8.860,9.130,110211.70119084
2026-04-02T00:00:00Z,AVAXUSD,9.130,9.190,8.600,8.760,168000.28385603
2026-04-03T00:00:00Z,AVAXUSD,8.750,9.140,8.730,8.920,177596.50066068
2026-04-04T00:00:00Z,AVAXUSD,8.910,9.110,8.840,8.980,26946.84889097
2026-04-05T00:00:00Z,AVAXUSD,8.990,9.080,8.750,9.060,53815.99734672
2026-04-06T00:00:00Z,AVAXUSD,9.070,9.640,8.810,8.910,163287.93185270
2026-04-07T00:00:00Z,AVAXUSD,8.890,9.600,8.470,9.420,322540.55829324
2026-04-08T00:00:00Z,AVAXUSD,9.420,9.560,9.020,9.060,362114.11469868
2026-04-09T00:00:00Z,AVAXUSD,9.040,9.690,8.910,9.360,194315.89670124
2026-04-10T00:00:00Z,AVAXUSD,9.370,9.550,9.250,9.400,113002.78581185
2026-04-11T00:00:00Z,AVAXUSD,9.400,9.610,9.200,9.380,178130.45970800
2026-04-12T00:00:00Z,AVAXUSD,9.380,9.390,8.940,9.040,167092.71192031
2026-04-13T00:00:00Z,AVAXUSD,9.030,9.710,8.960,9.660,174743.10203106
2026-04-14T00:00:00Z,AVAXUSD,9.670,9.700,9.210,9.310,125080.00292629
2026-04-15T00:00:00Z,AVAXUSD,9.300,9.570,9.270,9.440,194807.37381616
2026-04-16T00:00:00Z,AVAXUSD,9.440,9.890,9.270,9.730,203861.01860957
2026-04-17T00:00:00Z,AVAXUSD,9.720,10.020,9.460,9.730,156693.34355527
2026-04-18T00:00:00Z,AVAXUSD,9.730,9.790,9.300,9.340,132301.84321479
2026-04-19T00:00:00Z,AVAXUSD,9.340,9.370,8.970,9.000,159687.27611998
2026-04-20T00:00:00Z,AVAXUSD,9.000,9.440,8.990,9.270,118933.53960328
2026-04-21T00:00:00Z,AVAXUSD,9.280,9.530,9.170,9.390,100408.61210138
2026-04-22T00:00:00Z,AVAXUSD,9.400,9.670,9.340,9.350,91493.94482699
2026-04-23T00:00:00Z,AVAXUSD,9.340,9.440,9.170,9.390,81864.55917200
2026-04-24T00:00:00Z,AVAXUSD,9.390,9.480,9.290,9.400,38950.52402708
2026-04-25T00:00:00Z,AVAXUSD,9.400,9.500,9.300,9.370,55793.92351050
2026-04-26T00:00:00Z,AVAXUSD,9.370,9.540,9.320,9.460,72830.16261373
2026-04-27T00:00:00Z,AVAXUSD,9.470,9.560,9.080,9.270,81190.39962237
2026-04-28T00:00:00Z,AVAXUSD,9.250,9.270,9.120,9.180,39599.79134620
2026-04-29T00:00:00Z,AVAXUSD,9.170,9.440,8.910,9.130,71807.00016931
2026-04-30T00:00:00Z,AVAXUSD,9.140,9.220,9.060,9.100,39506.49355448
2026-05-01T00:00:00Z,AVAXUSD,9.100,9.270,9.060,9.080,62869.41572088
2026-05-02T00:00:00Z,AVAXUSD,9.090,9.240,9.070,9.180,21527.82851259
2026-05-03T00:00:00Z,AVAXUSD,9.190,9.200,8.970,9.080,33648.98327696
2026-05-04T00:00:00Z,AVAXUSD,9.080,9.370,8.990,9.170,222422.42309863
2026-05-05T00:00:00Z,AVAXUSD,9.180,9.530,9.170,9.400,127830.18938847
2026-05-06T00:00:00Z,AVAXUSD,9.400,9.780,9.370,9.620,236291.25185390
2026-05-07T00:00:00Z,AVAXUSD,9.620,9.700,9.370,9.500,127057.28205330
2026-05-08T00:00:00Z,AVAXUSD,9.510,10.010,9.440,9.890,160720.66132427
2026-05-09T00:00:00Z,AVAXUSD,9.900,10.120,9.800,9.960,245682.83543148
2026-05-10T00:00:00Z,AVAXUSD,9.950,10.480,9.860,10.220,278421.86323716
2026-05-11T00:00:00Z,AVAXUSD,10.220,10.260,9.940,10.130,151825.78585274
2026-05-12T00:00:00Z,AVAXUSD,10.130,10.170,9.680,9.830,289663.34600461
2026-05-13T00:00:00Z,AVAXUSD,9.830,10.150,9.620,9.760,210091.28920002
2026-05-14T00:00:00Z,AVAXUSD,9.750,10.170,9.570,9.890,342724.08476356
2026-05-15T00:00:00Z,AVAXUSD,9.900,9.960,9.410,9.540,282331.17313162
2026-05-16T00:00:00Z,AVAXUSD,9.530,9.570,9.190,9.300,70991.54101083
2026-05-17T00:00:00Z,AVAXUSD,9.300,9.410,8.950,9.200,63119.28402613
2026-05-18T00:00:00Z,AVAXUSD,9.190,9.260,9.010,9.250,112211.85087759
2026-05-19T00:00:00Z,AVAXUSD,9.240,9.300,9.020,9.090,71086.37671032
2026-05-20T00:00:00Z,AVAXUSD,9.090,9.380,9.060,9.290,140634.70794874
2026-05-21T00:00:00Z,AVAXUSD,9.290,9.500,9.250,9.440,414690.18580300
2026-05-22T00:00:00Z,AVAXUSD,9.450,9.590,9.080,9.140,200566.60306662
2026-05-23T00:00:00Z,AVAXUSD,9.140,9.580,8.830,9.380,216523.08183886
2026-05-24T00:00:00Z,AVAXUSD,9.380,9.410,9.060,9.210,109787.73663705
2026-05-25T00:00:00Z,AVAXUSD,9.200,9.490,9.150,9.300,84118.69257786
2026-05-26T00:00:00Z,AVAXUSD,9.290,9.480,9.110,9.130,88027.28810877
2026-05-27T00:00:00Z,AVAXUSD,9.130,9.270,8.980,9.030,84101.54525677
2026-05-28T00:00:00Z,AVAXUSD,9.030,9.060,8.700,8.920,159709.10828370
2026-05-29T00:00:00Z,AVAXUSD,8.930,8.990,8.640,8.820,122067.90565373
2026-05-30T00:00:00Z,AVAXUSD,8.820,9.030,8.810,8.930,60698.09767923
2026-05-31T00:00:00Z,AVAXUSD,8.940,9.060,8.790,8.970,76420.16699420
2026-06-01T00:00:00Z,AVAXUSD,8.970,9.060,8.660,8.920,105336.27203625
2026-06-02T00:00:00Z,AVAXUSD,8.930,8.930,8.020,8.170,154914.13531374
2026-06-03T00:00:00Z,AVAXUSD,8.190,8.370,7.900,8.050,389705.94792261
2026-06-04T00:00:00Z,AVAXUSD,8.050,8.110,7.510,7.700,384993.61787982
2026-06-05T00:00:00Z,AVAXUSD,7.698,7.714,6.583,6.723,460137.16848721
2026-06-06T00:00:00Z,AVAXUSD,6.730,6.930,6.224,6.660,296403.14558436
2026-06-07T00:00:00Z,AVAXUSD,6.672,6.954,6.507,6.804,403527.67642677
2026-06-08T00:00:00Z,AVAXUSD,6.811,6.878,6.537,6.763,243882.38174252
2026-06-09T00:00:00Z,AVAXUSD,6.766,6.786,6.441,6.634,142589.57629031
2026-06-10T00:00:00Z,AVAXUSD,6.637,6.673,6.300,6.379,278369.27290509
2026-06-11T00:00:00Z,AVAXUSD,6.378,6.696,6.378,6.640,272303.02572631
2026-06-12T00:00:00Z,AVAXUSD,6.637,6.693,6.515,6.574,144389.21297751
2026-06-13T00:00:00Z,AVAXUSD,6.568,6.764,6.559,6.710,101284.88226308
2026-06-14T00:00:00Z,AVAXUSD,6.716,6.787,6.375,6.787,223845.76558259
2026-06-15T00:00:00Z,AVAXUSD,6.789,7.072,6.690,6.839,396182.86561949
2026-06-16T00:00:00Z,AVAXUSD,6.837,7.040,6.712,6.867,284756.36557428
2026-06-17T00:00:00Z,AVAXUSD,6.883,7.014,6.648,6.756,206279.82317491
2026-06-18T00:00:00Z,AVAXUSD,6.768,6.792,6.209,6.312,312967.80026308
2026-06-19T00:00:00Z,AVAXUSD,6.309,6.320,5.679,5.889,701187.14089095
2026-06-20T00:00:00Z,AVAXUSD,5.889,6.267,5.826,6.236,711234.52223799
2026-06-21T00:00:00Z,AVAXUSD,6.235,6.892,6.092,6.104,584111.75351056
2026-06-22T00:00:00Z,AVAXUSD,6.119,6.462,6.112,6.229,500864.73354842
2026-06-23T00:00:00Z,AVAXUSD,6.230,6.515,6.000,6.474,434497.47655540
2026-06-24T00:00:00Z,AVAXUSD,6.475,6.531,5.993,6.437,496398.70545721
2026-06-25T00:00:00Z,AVAXUSD,6.435,6.624,5.948,6.223,384924.58683618
2026-06-26T00:00:00Z,AVAXUSD,6.236,6.617,5.957,6.615,565292.29136292
2026-06-27T00:00:00Z,AVAXUSD,6.621,6.660,6.330,6.423,394679.28127723
2026-06-28T00:00:00Z,AVAXUSD,6.422,6.469,6.264,6.445,352199.45538466
2026-06-29T00:00:00Z,AVAXUSD,6.438,6.806,6.356,6.668,364177.17932215
2026-06-30T00:00:00Z,AVAXUSD,6.668,6.670,6.378,6.530,281943.24652100
2026-07-01T00:00:00Z,AVAXUSD,6.534,6.820,6.418,6.660,231311.68104137
2026-07-02T00:00:00Z,AVAXUSD,6.658,6.871,6.606,6.796,220821.02638761
2026-07-03T00:00:00Z,AVAXUSD,6.799,7.022,6.780,6.945,265571.00096833
2026-07-04T00:00:00Z,AVAXUSD,6.941,7.105,6.811,6.962,184619.90089309
2026-07-05T00:00:00Z,AVAXUSD,6.961,6.998,6.750,6.920,190253.01023895
2026-07-06T00:00:00Z,AVAXUSD,6.913,7.081,6.709,6.919,531646.76649945
2026-07-07T00:00:00Z,AVAXUSD,6.930,6.942,6.648,6.685,370973.33873163
2026-07-08T00:00:00Z,AVAXUSD,6.679,6.683,6.314,6.471,296778.01103647
2026-07-09T00:00:00Z,AVAXUSD,6.471,6.804,6.423,6.675,414423.32822043
2026-07-10T00:00:00Z,AVAXUSD,6.674,6.826,6.650,6.733,112977.69296824
2026-07-11T00:00:00Z,AVAXUSD,6.752,6.782,6.542,6.557,318309.24012817
2026-07-12T00:00:00Z,AVAXUSD,6.545,6.545,6.282,6.406,258952.79147485
2026-07-13T00:00:00Z,AVAXUSD,6.403,6.676,6.339,6.446,409963.57224799
2026-07-14T00:00:00Z,AVAXUSD,6.448,6.708,6.417,6.706,251754.18074092
2026-07-15T00:00:00Z,AVAXUSD,6.707,6.763,6.602,6.697,188384.37048049
2026-07-16T00:00:00Z,AVAXUSD,6.694,6.730,6.482,6.512,106582.32909792
2026-07-17T00:00:00Z,AVAXUSD,6.510,6.645,6.370,6.580,129290.38698281
2026-07-18T00:00:00Z,AVAXUSD,6.584,6.654,6.509,6.569,120643.77140729
2026-07-19T00:00:00Z,AVAXUSD,6.577,6.631,6.389,6.461,111143.73712682
2026-07-20T00:00:00Z,AVAXUSD,6.457,6.645,6.441,6.577,207032.45384038
2026-07-21T00:00:00Z,AVAXUSD,6.570,6.690,6.525,6.562,184880.99404493
2026-07-22T00:00:00Z,AVAXUSD,6.558,6.658,6.464,6.619,215366.16018190
2026-07-23T00:00:00Z,AVAXUSD,6.624,6.648,6.200,6.264,357961.84957703
2026-07-24T00:00:00Z,AVAXUSD,6.261,6.314,6.137,6.296,236131.62038526
2026-07-25T00:00:00Z,AVAXUSD,6.302,6.835,6.228,6.771,476860.41680151
2026-07-26T00:00:00Z,AVAXUSD,6.771,6.820,6.642,6.734,186154.32532534
2026-07-27T00:00:00Z,AVAXUSD,6.740,6.740,6.376,6.407,274445.96019013
2026-07-28T00:00:00Z,AVAXUSD,6.400,6.619,6.359,6.567,240340.99998695
2026-07-29T00:00:00Z,AVAXUSD,6.576,6.624,6.306,6.421,291428.98573952
2026-07-30T00:00:00Z,AVAXUSD,6.424,6.517,6.385,6.430,220293.71621890
2026-07-31T00:00:00Z,AVAXUSD,6.433,6.537,6.325,6.380,215870.99754239
2026-08-01T00:00:00Z,AVAXUSD,6.382,6.443,6.044,6.185,200977.25021826
2026-08-02T00:00:00Z,AVAXUSD,6.184,6.675,6.180,6.544,419827.09316017
2026-08-03T00:00:00Z,AVAXUSD,6.541,6.587,6.362,6.567,196684.05418135
2026-08-04T00:00:00Z,AVAXUSD,6.563,6.978,6.558,6.679,235356.00725211
2026-08-05T00:00:00Z,AVAXUSD,6.677,6.712,6.536,6.658,198587.58000172
2026-08-06T00:00:00Z,AVAXUSD,6.659,6.691,6.353,6.437,319600.75969399
2026-08-07T00:00:00Z,AVAXUSD,6.427,6.516,6.362,6.431,137904.52808004
2026-08-08T00:00:00Z,AVAXUSD,6.430,6.585,6.417,6.479,92746.79701271
2026-08-09T00:00:00Z,AVAXUSD,6.471,6.580,6.384,6.422,158359.42678901
2026-08-10T00:00:00Z,AVAXUSD,6.409,6.576,6.375,6.433,253154.77167635
2026-08-11T00:00:00Z,AVAXUSD,6.430,6.549,6.112,6.316,239633.15666095
2026-08-12T00:00:00Z,AVAXUSD,6.317,6.535,6.210,6.317,291576.16305179
2026-08-13T00:00:00Z,AVAXUSD,6.311,6.543,6.311,6.450,323275.45299285
2026-08-14T00:00:00Z,AVAXUSD,6.451,6.485,6.345,6.468,208910.51712702
2026-08-15T00:00:00Z,AVAXUSD,6.473,6.869,6.303,6.328,523381.38539616
2026-08-16T00:00:00Z,AVAXUSD,6.322,6.426,6.218,6.319,304286.32459668
2026-08-17T00:00:00Z,AVAXUSD,6.323,6.387,6.287,6.340,145738.60196849
2026-08-18T00:00:00Z,AVAXUSD,6.346,6.443,6.231,6.332,160300.38853428
2026-08-19T00:00:00Z,AVAXUSD,6.332,6.871,6.287,6.779,778005.07622955
2026-08-20T00:00:00Z,AVAXUSD,6.774,7.314,6.695,7.305,663695.59583647
2026-08-21T00:00:00Z,AVAXUSD,7.291,7.893,7.219,7.839,546467.77724737
2026-08-22T00:00:00Z,AVAXUSD,7.835,8.317,7.000,7.494,859456.17305718
2026-08-23T00:00:00Z,AVAXUSD,7.487,7.682,7.276,7.609,328693.44546427
2026-08-24T00:00:00Z,AVAXUSD,7.596,7.645,7.401,7.541,197124.19431605
2026-08-25T00:00:00Z,AVAXUSD,7.539,7.730,7.220,7.328,275516.43631377
2026-08-26T00:00:00Z,AVAXUSD,7.326,7.455,7.160,7.449,124265.04593728
2026-08-27T00:00:00Z,AVAXUSD,7.436,7.579,7.297,7.531,210848.02022825
2026-08-28T00:00:00Z,AVAXUSD,7.529,7.592,7.206,7.307,234175.93276442
2026-08-29T00:00:00Z,AVAXUSD,7.309,7.368,7.235,7.334,86168.75470533
2026-08-30T00:00:00Z,AVAXUSD,7.330,7.464,7.020,7.122,204548.92442460
2026-08-31T00:00:00Z,AVAXUSD,7.110,7.253,7.083,7.234,69054.70326670
2026-09-01T00:00:00Z,AVAXUSD,7.226,7.359,7.144,7.216,116491.66703913
2026-09-02T00:00:00Z,AVAXUSD,7.218,7.250,7.041,7.192,175354.37232686
2026-09-03T00:00:00Z,AVAXUSD,7.192,7.581,7.132,7.520,258403.66295216
2026-09-04T00:00:00Z,AVAXUSD,7.518,7.535,7.270,7.389,192734.21739437
2026-09-05T00:00:00Z,AVAXUSD,7.386,7.647,7.382,7.600,203046.42086253
2026-09-06T00:00:00Z,AVAXUSD,7.592,7.933,7.537,7.912,240483.97463967
2026-09-07T00:00:00Z,AVAXUSD,7.907,8.208,7.726,8.076,270544.22566951
2026-09-08T00:00:00Z,AVAXUSD,8.072,8.195,7.829,8.007,170441.70782926
2026-09-09T00:00:00Z,AVAXUSD,8.008,8.052,7.679,7.795,133076.88317533
2026-09-10T00:00:00Z,AVAXUSD,7.794,7.864,7.417,7.430,191459.59799034
2026-09-11T00:00:00Z,AVAXUSD,7.417,7.831,7.275,7.456,255090.82796425
2026-09-12T00:00:00Z,AVAXUSD,7.460,7.492,7.362,7.401,87110.77922102
2026-09-13T00:00:00Z,AVAXUSD,7.398,7.457,7.273,7.291,95113.20236871
2026-09-14T00:00:00Z,AVAXUSD,7.288,7.800,7.256,7.559,188972.41851658
2026-09-15T00:00:00Z,AVAXUSD,7.579,7.610,7.189,7.264,212853.34025542
2026-09-16T00:00:00Z,AVAXUSD,7.254,7.478,7.171,7.471,233198.41538409
2026-09-17T00:00:00Z,AVAXUSD,7.472,7.647,7.466,7.607,413324.41066654
2026-09-18T00:00:00Z,AVAXUSD,7.610,8.338,7.557,8.205,538594.32481612
2026-09-19T00:00:00Z,AVAXUSD,8.208,10.172,8.206,10.095,1659472.37313148
2026-09-20T00:00:00Z,AVAXUSD,10.092,11.486,9.440,11.308,2457025.38334191
2026-09-21T00:00:00Z,AVAXUSD,11.313,11.791,10.770,11.231,1734741.45258008
2026-09-22T00:00:00Z,AVAXUSD,11.229,11.379,10.525,11.320,1127844.34329234
2026-09-23T00:00:00Z,AVAXUSD,11.314,11.391,10.079,10.267,888492.33507794
2026-09-24T00:00:00Z,AVAXUSD,10.267,10.693,9.975,10.206,885476.76471962
2026-09-25T00:00:00Z,AVAXUSD,10.202,10.739,10.079,10.652,1061810.59451739
2026-09-26T00:00:00Z,AVAXUSD,10.647,11.128,10.508,10.853,872450.29279384
2026-09-27T00:00:00Z,AVAXUSD,10.848,11.276,10.670,10.901,692244.60820976
2026-09-28T00:00:00Z,AVAXUSD,10.904,10.982,10.143,10.608,685257.83993255
2026-09-29T00:00:00Z,AVAXUSD,10.608,12.006,10.334,11.435,1648115.61839715
2026-09-30T00:00:00Z,AVAXUSD,11.432,11.476,10.792,10.928,730277.90396947
