timestamp,symbol,open,high,low,close,volume
2021-08-10T00:00:00Z,BANDUSD,8.264,10.017,7.81,8.6,6736.0052904799995
2021-08-11T00:00:00Z,BANDUSD,8.6,9.599,7.25,8.19,15178.03409883
2021-08-12T00:00:00Z,BANDUSD,8.35,8.35,7.524,7.814,5745.046014460002
2021-08-13T00:00:00Z,BANDUSD,7.907,8.347,7.811,8.301,7407.226168189998
2021-08-14T00:00:00Z,BANDUSD,8.28,8.446,8.0,8.18,4812.605276259999
2021-08-15T00:00:00Z,BANDUSD,8.05,8.26,7.8,8.18,2263.1529132699998
2021-08-16T00:00:00Z,BANDUSD,8.251,8.98,8.16,8.488,2988.7545077800014
2021-08-17T00:00:00Z,BANDUSD,8.381,9.098,7.68,7.84,3522.7372481699995
2021-08-18T00:00:00Z,BANDUSD,7.85,8.04,7.44,7.77,9317.86232422
2021-08-19T00:00:00Z,BANDUSD,7.745,8.111,7.48,8.11,2447.91285545
2021-08-20T00:00:00Z,BANDUSD,8.2,8.69,8.114,8.49,1451.38654201
2021-08-21T00:00:00Z,BANDUSD,8.65,9.34,8.57,8.896,5365.441472110004
2021-08-22T00:00:00Z,BANDUSD,9.009,10.39,8.82,10.013,6270.133980900001
2021-08-23T00:00:00Z,BANDUSD,9.819,10.052,9.63,9.82,9876.88973687
2021-08-24T00:00:00Z,BANDUSD,9.79,10.194,8.83,9.039,7140.754963550002
2021-08-25T00:00:00Z,BANDUSD,8.987,9.45,8.66,9.401,3048.4019902599994
2021-08-26T00:00:00Z,BANDUSD,9.438,9.61,8.45,8.493,2661.0145975299997
2021-08-27T00:00:00Z,BANDUSD,8.409,8.91,8.16,8.91,1371.5770443899996
2021-08-28T00:00:00Z,BANDUSD,9.1,9.143,8.91,9.061,591.63688451
2021-08-29T00:00:00Z,BANDUSD,8.921,9.525,8.921,9.32,21407.329388129998
2021-08-30T00:00:00Z,BANDUSD,9.031,9.184,8.771,9.003,4997.59942751
2021-08-31T00:00:00Z,BANDUSD,8.76,9.65,8.76,9.17,3955.3623130099995
2021-09-01T00:00:00Z,BANDUSD,9.12,10.0,9.12,9.859,9475.68177311
2021-09-02T00:00:00Z,BANDUSD,9.75,10.461,9.714,9.714,3589.042609720001
2021-09-03T00:00:00Z,BANDUSD,9.618,10.63,9.522,10.425,7092.996648560001
2021-09-04T00:00:00Z,BANDUSD,10.53,10.91,10.4,10.59,11607.26083104
2021-09-05T00:00:00Z,BANDUSD,10.65,10.71,10.5,10.5,3323.8314560299996
2021-09-06T00:00:00Z,BANDUSD,10.64,11.41,9.816,10.85,14725.47068636001
2021-09-07T00:00:00Z,BANDUSD,10.796,11.263,6.973,8.43,18709.85436259
2021-09-08T00:00:00Z,BANDUSD,8.31,8.62,7.609,8.53,10690.182327429999
2021-09-09T00:00:00Z,BANDUSD,8.27,9.35,8.27,8.939,8337.838273499998
2021-09-10T00:00:00Z,BANDUSD,9.05,9.441,8.23,8.23,11449.316163239993
2021-09-11T00:00:00Z,BANDUSD,8.52,9.03,8.42,8.91,2537.949185720001
2021-09-12T00:00:00Z,BANDUSD,8.6,9.45,8.358,9.312,2906.46135222
2021-09-13T00:00:00Z,BANDUSD,8.76,8.787,8.08,8.76,5220.958468780001
2021-09-14T00:00:00Z,BANDUSD,8.92,9.332,8.81,9.272,3165.0025621299974
2021-09-15T00:00:00Z,BANDUSD,9.301,10.113,9.296,9.651,6560.2821045599985
2021-09-16T00:00:00Z,BANDUSD,9.635,10.186,9.461,9.747,10494.699642510006
2021-09-17T00:00:00Z,BANDUSD,9.705,9.705,8.965,8.97,1953.7740521300004
2021-09-18T00:00:00Z,BANDUSD,8.94,9.445,8.917,9.25,6365.6361841
2021-09-19T00:00:00Z,BANDUSD,9.241,9.263,8.852,8.852,1215.0974012000001
2021-09-20T00:00:00Z,BANDUSD,8.52,8.52,7.419,7.536,12017.710858419992
2021-09-21T00:00:00Z,BANDUSD,7.461,7.854,6.793,6.931,6143.862076959999
2021-09-22T00:00:00Z,BANDUSD,6.999,7.822,6.823,7.809,2395.7198997500013
2021-09-23T00:00:00Z,BANDUSD,7.64,8.049,7.564,8.049,1506.4484333299997
2021-09-24T00:00:00Z,BANDUSD,8.058,8.26,7.05,7.337,4302.204795810005
2021-09-25T00:00:00Z,BANDUSD,7.425,7.548,7.308,7.424,1276.16118319
2021-09-26T00:00:00Z,BANDUSD,7.444,7.519,6.881,7.519,1529.6608654600002
2021-09-27T00:00:00Z,BANDUSD,7.576,7.731,7.07,7.07,1169.34376329
2021-09-28T00:00:00Z,BANDUSD,7.155,7.227,6.826,6.967,1457.8705107200003
2021-09-29T00:00:00Z,BANDUSD,7.083,7.227,6.852,6.852,680.81340887
2021-09-30T00:00:00Z,BANDUSD,7.186,7.286,7.059,7.273,555.61389217
2021-10-01T00:00:00Z,BANDUSD,7.193,8.055,7.193,8.055,1488.59154733
2021-10-02T00:00:00Z,BANDUSD,8.052,8.596,7.991,8.21,4059.744063720001
2021-10-03T00:00:00Z,BANDUSD,8.214,8.677,8.094,8.279,2405.0689368
2021-10-04T00:00:00Z,BANDUSD,8.269,8.353,7.839,8.234,1599.70535425
2021-10-05T00:00:00Z,BANDUSD,8.199,8.658,8.196,8.454,1820.34356488
2021-10-06T00:00:00Z,BANDUSD,8.318,8.485,7.9,8.25,11972.214340480003
2021-10-07T00:00:00Z,BANDUSD,8.236,8.59,8.199,8.379,3709.8680003700006
2021-10-08T00:00:00Z,BANDUSD,8.492,9.017,8.223,8.223,4638.651384729999
2021-10-09T00:00:00Z,BANDUSD,8.288,8.427,8.238,8.293,3370.477227419999
2021-10-10T00:00:00Z,BANDUSD,8.087,8.324,7.733,7.733,928.9856315899998
2021-10-11T00:00:00Z,BANDUSD,7.682,7.974,7.529,7.661,772.94125228
2021-10-12T00:00:00Z,BANDUSD,7.48,7.557,7.11,7.465,1297.1305450800003
2021-10-13T00:00:00Z,BANDUSD,7.617,7.737,7.359,7.695,2070.90932472
2021-10-14T00:00:00Z,BANDUSD,7.803,8.228,7.803,8.073,6027.47669999
2021-10-15T00:00:00Z,BANDUSD,8.069,8.583,7.847,8.273,5850.89268709
2021-10-16T00:00:00Z,BANDUSD,8.257,9.058,8.257,8.564,6885.979989169998
2021-10-17T00:00:00Z,BANDUSD,8.647,8.76,8.166,8.368,3109.5370238699998
2021-10-18T00:00:00Z,BANDUSD,8.365,8.609,8.212,8.374,2555.6685970499993
2021-10-19T00:00:00Z,BANDUSD,8.374,8.562,8.314,8.413,1665.16195507
2021-10-20T00:00:00Z,BANDUSD,8.558,9.033,8.53,8.785,4194.217942870001
2021-10-21T00:00:00Z,BANDUSD,8.791,9.08,8.468,8.706,8899.866272129999
2021-10-22T00:00:00Z,BANDUSD,8.685,9.185,8.685,8.799,3922.4235498600005
2021-10-23T00:00:00Z,BANDUSD,8.931,9.085,8.771,9.085,1244.9018703799998
2021-10-24T00:00:00Z,BANDUSD,9.025,9.198,8.515,8.706,2372.6738347
2021-10-25T00:00:00Z,BANDUSD,8.795,9.073,8.795,9.025,8067.79353669
2021-10-26T00:00:00Z,BANDUSD,9.101,9.981,9.019,9.525,12757.968989709996
2021-10-27T00:00:00Z,BANDUSD,9.651,9.992,8.484,8.614,7098.66459091
2021-10-28T00:00:00Z,BANDUSD,8.446,8.849,8.229,8.229,3215.2118497999995
2021-10-29T00:00:00Z,BANDUSD,8.166,8.634,8.166,8.519,3013.04899317
2021-10-30T00:00:00Z,BANDUSD,8.501,8.658,8.285,8.5,11190.289130730001
2021-10-31T00:00:00Z,BANDUSD,8.735,9.905,8.735,9.886,24854.202349100004
2021-11-01T00:00:00Z,BANDUSD,9.784,10.283,9.162,9.754,9191.548658
2021-11-02T00:00:00Z,BANDUSD,9.652,10.004,9.611,9.64,2484.744816199999
2021-11-03T00:00:00Z,BANDUSD,9.495,10.593,9.453,10.311,3628.9705749800005
2021-11-04T00:00:00Z,BANDUSD,10.375,10.494,9.596,9.827,11304.691952479998
2021-11-05T00:00:00Z,BANDUSD,9.701,10.114,9.506,9.506,1968.0865190199997
2021-11-06T00:00:00Z,BANDUSD,9.524,9.524,9.012,9.296,708.8613036099999
2021-11-07T00:00:00Z,BANDUSD,9.29,9.366,9.236,9.236,3561.5767717
2021-11-08T00:00:00Z,BANDUSD,9.255,9.714,9.255,9.689,4138.97816566
2021-11-09T00:00:00Z,BANDUSD,9.887,10.065,9.25,9.335,2325.0575063100005
2021-11-10T00:00:00Z,BANDUSD,9.161,10.448,8.377,8.614,14764.397924800001
2021-11-11T00:00:00Z,BANDUSD,8.583,9.11,8.523,8.867,1996.2138902899999
2021-11-12T00:00:00Z,BANDUSD,8.774,9.003,8.253,8.567,1615.08692061
2021-11-13T00:00:00Z,BANDUSD,8.579,8.912,8.529,8.777,6282.967582409998
2021-11-14T00:00:00Z,BANDUSD,8.913,9.084,8.603,8.766,7723.417594619999
2021-11-15T00:00:00Z,BANDUSD,8.808,9.167,8.626,8.659,4762.207839719999
2021-11-16T00:00:00Z,BANDUSD,8.42,8.42,7.236,7.912,9617.74014602
2021-11-17T00:00:00Z,BANDUSD,7.849,7.87,7.5,7.698,7891.364404699998
2021-11-18T00:00:00Z,BANDUSD,7.763,8.809,7.0,7.165,2131.72218174
2021-11-19T00:00:00Z,BANDUSD,7.222,7.844,7.083,7.652,4427.65264573
2021-11-20T00:00:00Z,BANDUSD,7.718,8.129,7.6,7.992,1068.4869425899997
2021-11-21T00:00:00Z,BANDUSD,7.903,7.903,7.517,7.652,5561.012965290001
2021-11-22T00:00:00Z,BANDUSD,7.591,7.591,7.072,7.193,1409.4811346200006
2021-11-23T00:00:00Z,BANDUSD,7.186,7.63,7.065,7.53,1676.2127889899994
2021-11-24T00:00:00Z,BANDUSD,7.477,7.477,7.028,7.158,657.47657734
2021-11-25T00:00:00Z,BANDUSD,7.228,7.631,7.228,7.601,943.5421447599999
2021-11-26T00:00:00Z,BANDUSD,7.625,7.92,6.626,7.251,15593.605702029998
2021-11-27T00:00:00Z,BANDUSD,7.577,9.431,7.577,8.376,31273.929406289983
2021-11-28T00:00:00Z,BANDUSD,8.582,8.582,7.772,8.08,23753.796161129998
2021-11-29T00:00:00Z,BANDUSD,8.092,8.297,7.792,7.878,6568.399994459999
2021-11-30T00:00:00Z,BANDUSD,7.908,8.204,7.533,7.754,7304.214834819999
2021-12-01T00:00:00Z,BANDUSD,7.772,8.08,7.614,7.614,453.7366163200001
2021-12-02T00:00:00Z,BANDUSD,7.57,8.5,7.551,8.249,12928.631165009998
2021-12-03T00:00:00Z,BANDUSD,8.372,8.5,7.253,7.578,9537.668187000005
2021-12-04T00:00:00Z,BANDUSD,7.365,7.365,4.852,6.151,42649.3049379
2021-12-05T00:00:00Z,BANDUSD,6.298,6.298,5.506,5.72,3868.57469418
2021-12-06T00:00:00Z,BANDUSD,5.531,6.123,5.2,5.974,4450.45321608
2021-12-07T00:00:00Z,BANDUSD,6.005,6.096,5.85,5.85,544.6990187
2021-12-08T00:00:00Z,BANDUSD,5.882,6.18,5.732,6.11,1833.03523781
2021-12-09T00:00:00Z,BANDUSD,5.955,6.027,5.532,5.532,1282.05405693
2021-12-10T00:00:00Z,BANDUSD,5.499,5.573,5.069,5.071,1814.62604205
2021-12-11T00:00:00Z,BANDUSD,5.025,5.31,5.01,5.31,2490.805474070001
2021-12-12T00:00:00Z,BANDUSD,5.319,5.433,5.257,5.404,645.1175584300001
2021-12-13T00:00:00Z,BANDUSD,5.272,5.272,4.75,4.819,1687.4807444300002
2021-12-14T00:00:00Z,BANDUSD,4.734,5.121,4.653,5.011,943.70295659
2021-12-15T00:00:00Z,BANDUSD,5.188,5.188,4.692,5.11,2070.7638118600003
2021-12-16T00:00:00Z,BANDUSD,5.13,5.3,5.01,5.01,677.8450911
2021-12-17T00:00:00Z,BANDUSD,4.982,5.262,4.887,4.936,825.6773386899999
2021-12-18T00:00:00Z,BANDUSD,4.998,5.356,4.998,5.199,514.84218869
2021-12-19T00:00:00Z,BANDUSD,5.15,5.35,5.124,5.124,1096.6739152999999
2021-12-20T00:00:00Z,BANDUSD,5.21,5.307,4.876,5.021,1126.22024454
2021-12-21T00:00:00Z,BANDUSD,5.073,5.412,5.073,5.294,1742.245455
2021-12-22T00:00:00Z,BANDUSD,5.295,5.555,5.284,5.36,5567.89683815
2021-12-23T00:00:00Z,BANDUSD,5.431,5.72,5.106,5.683,3122.0277943700003
2021-12-24T00:00:00Z,BANDUSD,5.715,5.809,5.67,5.698,8039.505813710002
2021-12-25T00:00:00Z,BANDUSD,5.703,5.806,5.682,5.771,1016.96846312
2021-12-26T00:00:00Z,BANDUSD,5.716,5.893,5.544,5.834,1374.07754381
2021-12-27T00:00:00Z,BANDUSD,5.88,6.199,5.88,5.923,2242.706327099999
2021-12-28T00:00:00Z,BANDUSD,5.834,5.861,5.352,5.404,6598.8434618
2021-12-29T00:00:00Z,BANDUSD,5.436,5.436,5.138,5.138,15143.48271776
2021-12-30T00:00:00Z,BANDUSD,5.0,5.21,5.0,5.1,2906.16054257
2021-12-31T00:00:00Z,BANDUSD,5.077,5.349,4.869,4.996,16464.7345177
2022-01-01T00:00:00Z,BANDUSD,5.062,5.129,5.025,5.129,1297.8056805
2022-01-02T00:00:00Z,BANDUSD,5.158,5.318,5.158,5.24,5426.08278833
2022-01-03T00:00:00Z,BANDUSD,5.266,5.568,5.233,5.568,902.4587923400001
2022-01-04T00:00:00Z,BANDUSD,5.56,6.11,5.484,5.712,11835.75738364
2022-01-05T00:00:00Z,BANDUSD,5.752,6.973,5.698,6.285,36521.4331615
2022-01-06T00:00:00Z,BANDUSD,6.229,6.229,5.666,5.821,20686.785501079998
2022-01-07T00:00:00Z,BANDUSD,5.73,5.73,5.106,5.264,4781.389901349999
2022-01-08T00:00:00Z,BANDUSD,5.382,5.52,4.778,4.952,11063.637560819998
2022-01-09T00:00:00Z,BANDUSD,4.9,5.518,4.899,5.336,2442.61488138
2022-01-10T00:00:00Z,BANDUSD,5.297,5.36,4.815,5.043,3591.8811835199995
2022-01-11T00:00:00Z,BANDUSD,5.066,5.183,4.954,5.131,2501.90285176
2022-01-12T00:00:00Z,BANDUSD,5.288,5.769,5.241,5.659,55996.07145199001
2022-01-13T00:00:00Z,BANDUSD,5.571,6.098,5.571,5.873,16330.214629099997
2022-01-14T00:00:00Z,BANDUSD,5.93,6.0,5.563,5.695,6768.18956079
2022-01-15T00:00:00Z,BANDUSD,5.67,5.74,5.63,5.68,159.05880989
2022-01-16T00:00:00Z,BANDUSD,5.708,5.861,5.642,5.802,2297.32384022
2022-01-17T00:00:00Z,BANDUSD,5.654,5.673,5.229,5.229,1582.7975206
2022-01-18T00:00:00Z,BANDUSD,5.307,5.343,4.968,5.098,2889.5724578300005
2022-01-19T00:00:00Z,BANDUSD,4.943,5.056,4.858,4.941,576.6667275399999
2022-01-20T00:00:00Z,BANDUSD,4.927,5.195,4.7,4.7,7819.92987333
2022-01-21T00:00:00Z,BANDUSD,4.64,4.673,3.846,3.949,13948.919538490005
2022-01-22T00:00:00Z,BANDUSD,3.97,4.126,3.238,3.476,8253.361003659998
2022-01-23T00:00:00Z,BANDUSD,3.58,3.712,3.425,3.605,1761.68939944
2022-01-24T00:00:00Z,BANDUSD,3.561,3.561,3.0,3.339,8660.40215494
2022-01-25T00:00:00Z,BANDUSD,3.353,3.789,3.296,3.489,17938.228579000006
2022-01-26T00:00:00Z,BANDUSD,3.505,3.7,3.385,3.431,10271.149563230001
2022-01-27T00:00:00Z,BANDUSD,3.308,3.51,3.29,3.356,7878.04141169
2022-01-28T00:00:00Z,BANDUSD,3.443,3.468,3.351,3.453,1492.2697024899999
2022-01-29T00:00:00Z,BANDUSD,3.507,3.573,3.5,3.525,1559.10132138
2022-01-30T00:00:00Z,BANDUSD,3.5,3.578,3.423,3.476,382.53884874999994
2022-01-31T00:00:00Z,BANDUSD,3.399,3.465,3.228,3.462,4740.830734010001
2022-02-01T00:00:00Z,BANDUSD,3.495,3.613,3.495,3.553,353.2828718200002
2022-02-02T00:00:00Z,BANDUSD,3.492,3.556,3.348,3.356,535.27827244
2022-02-03T00:00:00Z,BANDUSD,3.369,3.387,3.312,3.387,1189.7944458099996
2022-02-04T00:00:00Z,BANDUSD,3.368,3.794,3.368,3.789,1140.8493424000003
2022-02-05T00:00:00Z,BANDUSD,3.825,4.036,3.809,3.809,8926.317056259999
2022-02-06T00:00:00Z,BANDUSD,3.995,4.028,3.788,3.856,984.3693682899999
2022-02-07T00:00:00Z,BANDUSD,3.995,4.125,3.941,4.042,1322.8227065999997
2022-02-08T00:00:00Z,BANDUSD,4.109,4.2,3.843,3.967,8063.771947379999
2022-02-09T00:00:00Z,BANDUSD,3.983,4.178,3.912,4.171,7524.656606399998
2022-02-10T00:00:00Z,BANDUSD,4.141,4.161,3.954,3.987,94.41135736999999
2022-02-11T00:00:00Z,BANDUSD,3.804,4.462,3.804,4.251,13571.277235070002
2022-02-12T00:00:00Z,BANDUSD,4.297,6.92,4.063,4.288,85036.62808916994
2022-02-13T00:00:00Z,BANDUSD,4.405,4.405,4.034,4.08,3717.5691861299997
2022-02-14T00:00:00Z,BANDUSD,4.061,4.64,4.06,4.216,11252.094110930006
2022-02-15T00:00:00Z,BANDUSD,4.18,4.682,4.18,4.623,8509.50178983
2022-02-16T00:00:00Z,BANDUSD,4.621,4.857,4.41,4.829,2991.3960352999993
2022-02-17T00:00:00Z,BANDUSD,4.877,5.337,4.414,4.415,12662.57455093001
2022-02-18T00:00:00Z,BANDUSD,4.406,4.834,4.406,4.76,4994.775739029999
2022-02-19T00:00:00Z,BANDUSD,4.962,4.996,4.58,4.878,5824.337953179998
2022-02-20T00:00:00Z,BANDUSD,4.911,4.964,4.366,4.388,6903.0327768700035
2022-02-21T00:00:00Z,BANDUSD,4.389,4.59,3.788,3.788,8730.969672690002
2022-02-22T00:00:00Z,BANDUSD,3.8,3.92,3.684,3.801,10327.39718803
2022-02-23T00:00:00Z,BANDUSD,3.878,3.963,3.714,3.714,2820.8135665900004
2022-02-24T00:00:00Z,BANDUSD,3.665,3.665,3.115,3.539,6660.241608859998
2022-02-25T00:00:00Z,BANDUSD,3.583,3.688,3.464,3.678,2071.3737165000002
2022-02-26T00:00:00Z,BANDUSD,3.743,3.775,3.581,3.598,1803.2519372499999
2022-02-27T00:00:00Z,BANDUSD,3.59,3.7,3.434,3.468,43885.66949429996
2022-02-28T00:00:00Z,BANDUSD,3.413,3.939,3.413,3.939,13315.77837595
2022-03-01T00:00:00Z,BANDUSD,3.983,4.329,3.0,4.203,10996.620885069995
2022-03-02T00:00:00Z,BANDUSD,4.215,4.215,3.951,4.014,53855.88290828999
2022-03-03T00:00:00Z,BANDUSD,4.004,4.24,3.867,3.964,86844.88935080997
2022-03-04T00:00:00Z,BANDUSD,3.95,4.077,3.687,3.721,49678.05896632
2022-03-05T00:00:00Z,BANDUSD,3.72,3.88,3.585,3.829,107049.14599271996
2022-03-06T00:00:00Z,BANDUSD,3.837,3.999,3.7,3.712,93256.93511215993
2022-03-07T00:00:00Z,BANDUSD,3.7,3.823,3.452,3.511,149093.04393866006
2022-03-08T00:00:00Z,BANDUSD,3.475,3.599,3.438,3.457,60552.890265790025
2022-03-09T00:00:00Z,BANDUSD,3.476,3.795,3.476,3.731,97764.69431432996
2022-03-10T00:00:00Z,BANDUSD,3.722,3.793,3.405,3.471,140533.60044750996
2022-03-11T00:00:00Z,BANDUSD,3.461,3.554,3.356,3.44,139755.85685612008
2022-03-12T00:00:00Z,BANDUSD,3.446,3.533,3.376,3.378,42418.16705035997
2022-03-13T00:00:00Z,BANDUSD,3.394,3.458,3.286,3.303,43980.36288758998
2022-03-14T00:00:00Z,BANDUSD,3.306,3.484,3.267,3.354,44812.30137551996
2022-03-15T00:00:00Z,BANDUSD,3.365,3.472,3.287,3.441,35880.02491436997
2022-03-16T00:00:00Z,BANDUSD,3.448,3.626,3.418,3.594,19919.16322153
2022-03-17T00:00:00Z,BANDUSD,3.633,3.635,3.53,3.53,5898.903604610002
2022-03-18T00:00:00Z,BANDUSD,3.512,3.742,3.473,3.742,17750.29169668
2022-03-19T00:00:00Z,BANDUSD,3.743,3.896,3.708,3.797,10673.816458309995
2022-03-20T00:00:00Z,BANDUSD,3.816,3.823,3.563,3.591,13102.897713019998
2022-03-21T00:00:00Z,BANDUSD,3.591,3.816,3.511,3.742,13743.193755890003
2022-03-22T00:00:00Z,BANDUSD,3.711,3.917,3.711,3.809,5442.8067261099995
2022-03-23T00:00:00Z,BANDUSD,3.817,4.027,3.817,4.027,11723.908432289996
2022-03-24T00:00:00Z,BANDUSD,4.03,4.189,3.996,4.127,82123.50967360004
2022-03-25T00:00:00Z,BANDUSD,4.143,4.208,3.933,4.035,62516.98830271004
2022-03-26T00:00:00Z,BANDUSD,4.023,4.202,3.995,4.202,52622.49362480001
2022-03-27T00:00:00Z,BANDUSD,4.191,4.565,4.137,4.565,62123.98713902004
2022-03-28T00:00:00Z,BANDUSD,4.574,4.747,4.283,4.325,132657.83997459995
2022-03-29T00:00:00Z,BANDUSD,4.333,4.719,4.333,4.487,108479.45218462001
2022-03-30T00:00:00Z,BANDUSD,4.505,5.025,4.34,4.914,132940.87900826999
2022-03-31T00:00:00Z,BANDUSD,4.928,5.241,4.69,4.893,137500.57593705002
2022-04-01T00:00:00Z,BANDUSD,4.888,5.349,4.648,5.111,66165.21531440005
2022-04-02T00:00:00Z,BANDUSD,5.146,5.636,5.146,5.459,15860.957139659997
2022-04-03T00:00:00Z,BANDUSD,5.404,5.51,5.34,5.472,7447.009680630001
2022-04-04T00:00:00Z,BANDUSD,5.317,5.397,4.942,5.172,8069.72259427
2022-04-05T00:00:00Z,BANDUSD,5.198,5.518,5.02,5.02,17046.73627017
2022-04-06T00:00:00Z,BANDUSD,4.961,5.01,4.321,4.321,24140.227173819978
2022-04-07T00:00:00Z,BANDUSD,4.365,4.462,4.298,4.383,5173.0339823
2022-04-08T00:00:00Z,BANDUSD,4.444,4.444,4.033,4.056,4972.77997246
2022-04-09T00:00:00Z,BANDUSD,4.092,4.16,4.05,4.154,11793.66407871
2022-04-10T00:00:00Z,BANDUSD,4.148,4.169,3.952,3.981,6178.824154060002
2022-04-11T00:00:00Z,BANDUSD,3.949,3.949,3.542,3.61,18948.66249125001
2022-04-12T00:00:00Z,BANDUSD,3.66,3.9,3.635,3.754,9516.95182573
2022-04-13T00:00:00Z,BANDUSD,3.772,3.925,3.737,3.909,2098.29597125
2022-04-14T00:00:00Z,BANDUSD,3.947,3.947,3.72,3.768,1977.90369942
2022-04-15T00:00:00Z,BANDUSD,3.8,3.834,3.72,3.732,11359.517505209998
2022-04-16T00:00:00Z,BANDUSD,3.736,3.804,3.679,3.679,3958.7591587399997
2022-04-17T00:00:00Z,BANDUSD,3.764,3.805,3.559,3.559,1672.4674693099996
2022-04-18T00:00:00Z,BANDUSD,3.554,3.814,3.451,3.808,11576.271435019997
2022-04-19T00:00:00Z,BANDUSD,3.791,3.962,3.791,3.962,3473.73992185
2022-04-20T00:00:00Z,BANDUSD,3.95,4.126,3.863,3.876,5650.825908990001
2022-04-21T00:00:00Z,BANDUSD,4.023,4.027,3.587,3.665,5202.437286170001
2022-04-22T00:00:00Z,BANDUSD,3.729,3.808,3.701,3.729,7122.60183675
2022-04-23T00:00:00Z,BANDUSD,3.755,3.755,3.637,3.671,5193.9352079499995
2022-04-24T00:00:00Z,BANDUSD,3.73,3.753,3.574,3.653,2412.0161114400003
2022-04-25T00:00:00Z,BANDUSD,3.487,3.62,3.354,3.603,15290.218380599996
2022-04-26T00:00:00Z,BANDUSD,3.66,3.682,3.246,3.301,8456.49442283
2022-04-27T00:00:00Z,BANDUSD,3.322,3.487,3.31,3.381,8592.051314400002
2022-04-28T00:00:00Z,BANDUSD,3.434,3.585,3.412,3.505,4377.909942029999
2022-04-29T00:00:00Z,BANDUSD,3.54,3.544,3.2,3.2,7313.544827589998
2022-04-30T00:00:00Z,BANDUSD,3.271,3.351,2.793,2.96,13560.185140659998
2022-05-01T00:00:00Z,BANDUSD,2.954,3.116,2.914,3.074,13461.483403040002
2022-05-02T00:00:00Z,BANDUSD,3.161,3.161,2.899,3.045,3901.6739417000003
2022-05-03T00:00:00Z,BANDUSD,3.055,3.186,2.91,2.951,23188.293609150005
2022-05-04T00:00:00Z,BANDUSD,2.978,3.346,2.978,3.345,9776.830154300003
2022-05-05T00:00:00Z,BANDUSD,3.345,3.356,2.841,2.952,17643.514749730002
2022-05-06T00:00:00Z,BANDUSD,2.902,2.974,2.821,2.934,13824.227789780005
2022-05-07T00:00:00Z,BANDUSD,2.952,2.952,2.721,2.788,5551.519717420001
2022-05-08T00:00:00Z,BANDUSD,2.715,2.819,2.681,2.819,6300.16554576
2022-05-09T00:00:00Z,BANDUSD,2.797,2.797,2.189,2.204,25338.63999632
2022-05-10T00:00:00Z,BANDUSD,2.235,2.48,2.109,2.234,30294.65983732
2022-05-11T00:00:00Z,BANDUSD,2.326,2.326,1.674,1.776,159129.77766494997
2022-05-12T00:00:00Z,BANDUSD,1.771,1.882,1.251,1.512,104512.00727405002
2022-05-13T00:00:00Z,BANDUSD,1.528,1.872,1.516,1.709,31847.465235639993
2022-05-14T00:00:00Z,BANDUSD,1.71,1.801,1.544,1.714,11124.49438598
2022-05-15T00:00:00Z,BANDUSD,1.723,1.793,1.657,1.776,12499.577614
2022-05-16T00:00:00Z,BANDUSD,1.753,1.753,1.58,1.586,4895.179297319999
2022-05-17T00:00:00Z,BANDUSD,1.655,1.772,1.632,1.772,3888.0694708799992
2022-05-18T00:00:00Z,BANDUSD,1.773,1.782,1.557,1.584,12666.479547929996
2022-05-19T00:00:00Z,BANDUSD,1.607,1.808,1.546,1.784,19415.92225158
2022-05-20T00:00:00Z,BANDUSD,1.727,1.793,1.632,1.67,7990.59070587
2022-05-21T00:00:00Z,BANDUSD,1.695,1.819,1.679,1.747,6853.36775293
2022-05-22T00:00:00Z,BANDUSD,1.761,1.889,1.73,1.864,22563.029572190007
2022-05-23T00:00:00Z,BANDUSD,1.844,1.927,1.689,1.694,18867.709143989996
2022-05-24T00:00:00Z,BANDUSD,1.715,1.751,1.637,1.7,11778.58209337
2022-05-25T00:00:00Z,BANDUSD,1.76,1.776,1.671,1.707,6205.25862401
2022-05-26T00:00:00Z,BANDUSD,1.724,1.724,1.495,1.536,10030.05654002
2022-05-27T00:00:00Z,BANDUSD,1.538,1.538,1.433,1.439,53514.72479529002
2022-05-28T00:00:00Z,BANDUSD,1.493,1.495,1.448,1.471,1013.9816523699998
2022-05-29T00:00:00Z,BANDUSD,1.494,1.537,1.439,1.537,4973.866324910001
2022-05-30T00:00:00Z,BANDUSD,1.546,1.836,1.546,1.808,27283.991438610006
2022-05-31T00:00:00Z,BANDUSD,1.827,1.842,1.681,1.816,13927.034248860002
2022-06-01T00:00:00Z,BANDUSD,1.785,1.819,1.6,1.619,4633.08794996
2022-06-02T00:00:00Z,BANDUSD,1.613,1.696,1.61,1.696,8554.181791080002
2022-06-03T00:00:00Z,BANDUSD,1.667,1.667,1.585,1.61,1078.25678771
2022-06-04T00:00:00Z,BANDUSD,1.598,1.688,1.586,1.652,10198.746582080003
2022-06-05T00:00:00Z,BANDUSD,1.661,1.661,1.632,1.634,3402.2228468499998
2022-06-06T00:00:00Z,BANDUSD,1.712,1.79,1.703,1.716,5962.03061648
2022-06-07T00:00:00Z,BANDUSD,1.725,1.92,1.582,1.736,39576.12185156001
2022-06-08T00:00:00Z,BANDUSD,1.72,1.761,1.672,1.672,21079.472420100003
2022-06-09T00:00:00Z,BANDUSD,1.67,2.664,1.65,2.022,180950.0236310198
2022-06-10T00:00:00Z,BANDUSD,2.004,2.13,1.844,1.91,134923.97321219996
2022-06-11T00:00:00Z,BANDUSD,1.915,2.147,1.748,1.748,86832.58326074998
2022-06-12T00:00:00Z,BANDUSD,1.789,1.789,1.431,1.431,88652.77503024001
2022-06-13T00:00:00Z,BANDUSD,1.403,1.432,1.219,1.318,31542.679305219994
2022-06-14T00:00:00Z,BANDUSD,1.305,1.513,1.217,1.474,59137.59607990002
2022-06-15T00:00:00Z,BANDUSD,1.423,4.5,1.256,1.569,80908.17147343
2022-06-16T00:00:00Z,BANDUSD,1.596,1.596,1.342,1.343,42710.788686550004
2022-06-17T00:00:00Z,BANDUSD,1.375,1.409,1.349,1.39,9396.101805749997
2022-06-18T00:00:00Z,BANDUSD,1.323,1.341,1.195,1.29,47007.083719259994
2022-06-19T00:00:00Z,BANDUSD,1.292,1.397,1.242,1.373,16401.854751130006
2022-06-20T00:00:00Z,BANDUSD,1.368,1.522,1.335,1.409,25325.83466017
2022-06-21T00:00:00Z,BANDUSD,1.437,1.561,1.43,1.462,17304.475450269998
2022-06-22T00:00:00Z,BANDUSD,1.418,1.459,1.365,1.38,17330.276408190002
2022-06-23T00:00:00Z,BANDUSD,1.401,1.457,1.368,1.436,12300.539052339993
2022-06-24T00:00:00Z,BANDUSD,1.446,1.532,1.436,1.524,14344.33524279
2022-06-25T00:00:00Z,BANDUSD,1.509,1.652,1.484,1.542,16803.27506281
2022-06-26T00:00:00Z,BANDUSD,1.54,1.606,1.437,1.437,84053.56958071
2022-06-27T00:00:00Z,BANDUSD,1.44,1.51,1.413,1.488,14418.754626830001
2022-06-28T00:00:00Z,BANDUSD,1.447,1.449,1.373,1.381,16624.680391380003
2022-06-29T00:00:00Z,BANDUSD,1.354,1.404,1.336,1.336,4946.978118759999
2022-06-30T00:00:00Z,BANDUSD,1.344,1.344,1.226,1.308,11310.850583529998
2022-07-01T00:00:00Z,BANDUSD,1.323,1.338,1.248,1.292,16585.53283081
2022-07-02T00:00:00Z,BANDUSD,1.276,1.331,1.248,1.308,22478.524101749997
2022-07-03T00:00:00Z,BANDUSD,1.299,1.307,1.262,1.289,4389.901394390001
2022-07-04T00:00:00Z,BANDUSD,1.296,1.326,1.259,1.326,2415.96544293
2022-07-05T00:00:00Z,BANDUSD,1.354,1.494,1.289,1.342,14245.186962460004
2022-07-06T00:00:00Z,BANDUSD,1.345,1.359,1.344,1.354,5994.88346787
2022-07-07T00:00:00Z,BANDUSD,1.36,1.427,1.357,1.422,12267.95090705
2022-07-08T00:00:00Z,BANDUSD,1.434,1.454,1.36,1.433,3722.0827699600004
2022-07-09T00:00:00Z,BANDUSD,1.451,1.522,1.439,1.487,5380.291210699999
2022-07-10T00:00:00Z,BANDUSD,1.482,1.5,1.406,1.434,13040.0488923
2022-07-11T00:00:00Z,BANDUSD,1.406,1.467,1.326,1.326,17001.62505904999
2022-07-12T00:00:00Z,BANDUSD,1.345,1.345,1.241,1.249,10044.032547840001
2022-07-13T00:00:00Z,BANDUSD,1.221,1.282,1.19,1.282,21996.82593826
2022-07-14T00:00:00Z,BANDUSD,1.288,1.372,1.288,1.356,19981.65785861999
2022-07-15T00:00:00Z,BANDUSD,1.362,1.414,1.319,1.365,27989.358832429996
2022-07-16T00:00:00Z,BANDUSD,1.373,1.426,1.332,1.412,7302.18270088
2022-07-17T00:00:00Z,BANDUSD,1.431,1.462,1.391,1.416,20845.824322599994
2022-07-18T00:00:00Z,BANDUSD,1.416,1.528,1.416,1.51,72089.36294841002
2022-07-19T00:00:00Z,BANDUSD,1.527,1.65,1.484,1.615,65430.540193979985
2022-07-20T00:00:00Z,BANDUSD,1.619,1.656,1.486,1.51,36291.40707358999
2022-07-21T00:00:00Z,BANDUSD,1.526,1.526,1.44,1.516,11646.398813619999
2022-07-22T00:00:00Z,BANDUSD,1.533,1.594,1.476,1.5,14971.57652296
2022-07-23T00:00:00Z,BANDUSD,1.52,1.581,1.493,1.581,17891.76606925
2022-07-24T00:00:00Z,BANDUSD,1.585,1.627,1.566,1.566,12703.732569619999
2022-07-25T00:00:00Z,BANDUSD,1.54,1.54,1.398,1.398,23145.881044380003
2022-07-26T00:00:00Z,BANDUSD,1.388,1.411,1.35,1.379,16487.97402711001
2022-07-27T00:00:00Z,BANDUSD,1.377,1.508,1.377,1.508,32327.76531364999
2022-07-28T00:00:00Z,BANDUSD,1.528,2.118,1.479,1.744,31765.596472640016
2022-07-29T00:00:00Z,BANDUSD,1.774,1.81,1.641,1.702,19431.62277695
2022-07-30T00:00:00Z,BANDUSD,1.714,1.864,1.684,1.766,22671.110978189994
2022-07-31T00:00:00Z,BANDUSD,1.814,1.862,1.669,1.694,29338.299792769987
2022-08-01T00:00:00Z,BANDUSD,1.711,1.754,1.646,1.716,34367.35032782
2022-08-02T00:00:00Z,BANDUSD,1.651,1.674,1.578,1.651,14093.694351839998
2022-08-03T00:00:00Z,BANDUSD,1.591,1.729,1.591,1.69,17159.10199146
2022-08-04T00:00:00Z,BANDUSD,1.717,1.745,1.68,1.744,14670.170674369996
2022-08-05T00:00:00Z,BANDUSD,1.759,1.859,1.759,1.826,28253.1558996
2022-08-06T00:00:00Z,BANDUSD,1.816,1.912,1.811,1.83,30754.253966880002
2022-08-07T00:00:00Z,BANDUSD,1.824,1.866,1.808,1.808,5514.61902855
2022-08-08T00:00:00Z,BANDUSD,1.825,1.987,1.815,1.865,32211.729765619984
2022-08-09T00:00:00Z,BANDUSD,1.892,1.91,1.723,1.788,20731.71371735999
2022-08-10T00:00:00Z,BANDUSD,1.769,1.877,1.751,1.853,8452.30018318
2022-08-11T00:00:00Z,BANDUSD,1.872,1.893,1.762,1.768,31754.680867199997
2022-08-12T00:00:00Z,BANDUSD,1.736,1.814,1.736,1.808,24252.29159354001
2022-08-13T00:00:00Z,BANDUSD,1.813,1.86,1.807,1.821,14389.659697280002
2022-08-14T00:00:00Z,BANDUSD,1.799,1.846,1.682,1.729,36507.77045942
2022-08-15T00:00:00Z,BANDUSD,1.723,1.768,1.688,1.707,12270.99193399
2022-08-16T00:00:00Z,BANDUSD,1.711,1.733,1.671,1.671,12281.12217198
2022-08-17T00:00:00Z,BANDUSD,1.701,1.706,1.56,1.561,21576.90362563
2022-08-18T00:00:00Z,BANDUSD,1.563,1.604,1.44,1.475,21209.13816727
2022-08-19T00:00:00Z,BANDUSD,1.462,1.462,1.303,1.328,28617.906379410004
2022-08-20T00:00:00Z,BANDUSD,1.337,1.346,1.26,1.295,5231.818656720002
2022-08-21T00:00:00Z,BANDUSD,1.298,1.361,1.298,1.353,15773.102645130002
2022-08-22T00:00:00Z,BANDUSD,1.335,1.336,1.277,1.336,10763.633160539997
2022-08-23T00:00:00Z,BANDUSD,1.363,1.429,1.343,1.375,13364.629859540002
2022-08-24T00:00:00Z,BANDUSD,1.377,1.4,1.336,1.366,3351.735105160001
2022-08-25T00:00:00Z,BANDUSD,1.369,1.421,1.369,1.386,8514.557022699999
2022-08-26T00:00:00Z,BANDUSD,1.385,1.388,1.216,1.223,18009.096021960002
2022-08-27T00:00:00Z,BANDUSD,1.217,1.255,1.205,1.222,6436.321470400001
2022-08-28T00:00:00Z,BANDUSD,1.218,1.247,1.188,1.191,1483.5149831899996
2022-08-29T00:00:00Z,BANDUSD,1.189,1.268,1.167,1.268,1303.30884202
2022-08-30T00:00:00Z,BANDUSD,1.267,1.288,1.206,1.238,759.34074209
2022-08-31T00:00:00Z,BANDUSD,1.24,1.338,1.24,1.279,13900.17379293
2022-09-01T00:00:00Z,BANDUSD,1.283,1.296,1.232,1.292,1457.3770555400001
2022-09-02T00:00:00Z,BANDUSD,1.291,1.339,1.274,1.312,2413.0437090199994
2022-09-03T00:00:00Z,BANDUSD,1.311,1.337,1.297,1.322,10244.185878219994
2022-09-04T00:00:00Z,BANDUSD,1.323,1.344,1.302,1.336,5759.068115159998
2022-09-05T00:00:00Z,BANDUSD,1.34,1.35,1.276,1.309,1838.8621612400004
2022-09-06T00:00:00Z,BANDUSD,1.313,1.337,1.183,1.183,14406.116867870001
2022-09-07T00:00:00Z,BANDUSD,1.183,1.283,1.168,1.277,10506.840609989995
2022-09-08T00:00:00Z,BANDUSD,1.283,1.317,1.24,1.275,10789.926148549997
2022-09-09T00:00:00Z,BANDUSD,1.276,1.387,1.276,1.382,10849.34825185
2022-09-10T00:00:00Z,BANDUSD,1.386,1.43,1.354,1.374,8548.18199002
2022-09-11T00:00:00Z,BANDUSD,1.381,1.408,1.345,1.371,2464.6337968900007
2022-09-12T00:00:00Z,BANDUSD,1.366,1.42,1.327,1.355,6907.3638771099995
2022-09-13T00:00:00Z,BANDUSD,1.355,1.373,1.242,1.246,13711.072733310006
2022-09-14T00:00:00Z,BANDUSD,1.246,1.266,1.22,1.257,25525.262996369995
2022-09-15T00:00:00Z,BANDUSD,1.255,1.264,1.195,1.206,15972.998813670003
2022-09-16T00:00:00Z,BANDUSD,1.208,1.244,1.191,1.235,1572.2708926299997
2022-09-17T00:00:00Z,BANDUSD,1.233,1.308,1.233,1.298,3455.9015788199995
2022-09-18T00:00:00Z,BANDUSD,1.296,1.306,1.112,1.167,2828.7544764
2022-09-19T00:00:00Z,BANDUSD,1.169,1.18,1.119,1.171,4383.03349934
2022-09-20T00:00:00Z,BANDUSD,1.168,1.179,1.125,1.146,1042.47974717
2022-09-21T00:00:00Z,BANDUSD,1.142,1.199,1.074,1.099,31371.41979301999
2022-09-22T00:00:00Z,BANDUSD,1.099,1.189,1.099,1.182,7515.498423100001
2022-09-23T00:00:00Z,BANDUSD,1.184,1.206,1.123,1.173,8499.308681099998
2022-09-24T00:00:00Z,BANDUSD,1.172,1.225,1.16,1.195,27843.22703411998
2022-09-25T00:00:00Z,BANDUSD,1.192,1.289,1.164,1.218,50847.852092370005
2022-09-26T00:00:00Z,BANDUSD,1.219,1.229,1.178,1.214,15651.801862700006
2022-09-27T00:00:00Z,BANDUSD,1.216,1.261,1.203,1.21,5897.024662780002
2022-09-28T00:00:00Z,BANDUSD,1.213,1.257,1.161,1.218,21928.230258339998
2022-09-29T00:00:00Z,BANDUSD,1.218,1.234,1.187,1.232,5212.406803190001
2022-09-30T00:00:00Z,BANDUSD,1.229,1.252,1.214,1.226,1290.94841606
2022-10-01T00:00:00Z,BANDUSD,1.227,1.272,1.225,1.244,4074.8541457700003
2022-10-02T00:00:00Z,BANDUSD,1.245,1.263,1.177,1.184,4563.114799749999
2022-10-03T00:00:00Z,BANDUSD,1.176,1.236,1.173,1.232,1976.9214918300002
2022-10-04T00:00:00Z,BANDUSD,1.233,1.282,1.233,1.251,15178.175510539993
2022-10-05T00:00:00Z,BANDUSD,1.252,1.258,1.205,1.229,1396.51737085
2022-10-06T00:00:00Z,BANDUSD,1.229,1.266,1.22,1.227,7487.07301728
2022-10-07T00:00:00Z,BANDUSD,1.228,1.236,1.199,1.216,11004.81930125
2022-10-08T00:00:00Z,BANDUSD,1.217,1.225,1.19,1.201,10030.954235030005
2022-10-09T00:00:00Z,BANDUSD,1.201,1.222,1.197,1.218,7289.76855963
2022-10-10T00:00:00Z,BANDUSD,1.217,1.228,1.121,1.121,4711.060914829998
2022-10-11T00:00:00Z,BANDUSD,1.116,1.132,1.086,1.116,2243.7577374
2022-10-12T00:00:00Z,BANDUSD,1.115,1.124,1.095,1.102,4149.16106991
2022-10-13T00:00:00Z,BANDUSD,1.102,1.104,0.985,1.069,39771.92411226998
2022-10-14T00:00:00Z,BANDUSD,1.07,1.106,1.04,1.056,3757.90095614
2022-10-15T00:00:00Z,BANDUSD,1.056,1.074,1.044,1.074,11145.732926759998
2022-10-16T00:00:00Z,BANDUSD,1.076,1.232,1.057,1.078,237701.38586097996
2022-10-17T00:00:00Z,BANDUSD,1.077,1.123,1.066,1.112,61715.534095740026
2022-10-18T00:00:00Z,BANDUSD,1.114,1.12,1.072,1.099,23920.242503449997
2022-10-19T00:00:00Z,BANDUSD,1.102,1.103,1.025,1.036,10146.501725589998
2022-10-20T00:00:00Z,BANDUSD,1.038,1.058,1.016,1.025,3841.39470353
2022-10-21T00:00:00Z,BANDUSD,1.023,1.045,0.988,1.04,6538.857900019999
2022-10-22T00:00:00Z,BANDUSD,1.042,1.054,1.029,1.043,7412.20606377
2022-10-23T00:00:00Z,BANDUSD,1.045,1.072,1.03,1.068,1966.62084853
2022-10-24T00:00:00Z,BANDUSD,1.067,1.08,1.049,1.053,14100.137241549999
2022-10-25T00:00:00Z,BANDUSD,1.054,1.12,1.047,1.105,11720.278825149999
2022-10-26T00:00:00Z,BANDUSD,1.106,1.141,1.103,1.135,5645.224793920001
2022-10-27T00:00:00Z,BANDUSD,1.133,1.17,1.109,1.115,2094.4736958599997
2022-10-28T00:00:00Z,BANDUSD,1.112,1.182,1.105,1.165,19400.100989240003
2022-10-29T00:00:00Z,BANDUSD,1.163,1.212,1.156,1.199,11778.389806470002
2022-10-30T00:00:00Z,BANDUSD,1.2,1.234,1.158,1.183,5993.462533410001
2022-10-31T00:00:00Z,BANDUSD,1.181,1.194,1.146,1.186,8370.86218523
2022-11-01T00:00:00Z,BANDUSD,1.183,1.195,1.156,1.159,2135.72577733
2022-11-02T00:00:00Z,BANDUSD,1.159,1.177,1.106,1.134,10384.753755169999
2022-11-03T00:00:00Z,BANDUSD,1.135,2.959,1.132,2.574,514912.054530021
2022-11-04T00:00:00Z,BANDUSD,2.579,4.66,2.531,2.753,523983.1329639801
2022-11-05T00:00:00Z,BANDUSD,2.735,3.27,2.666,2.788,347673.5702179595
2022-11-06T00:00:00Z,BANDUSD,2.796,2.945,2.576,2.669,187415.41191116997
2022-11-07T00:00:00Z,BANDUSD,2.666,2.857,2.379,2.417,132506.71855152003
2022-11-08T00:00:00Z,BANDUSD,2.407,3.022,1.935,2.151,305537.05382927024
2022-11-09T00:00:00Z,BANDUSD,2.131,2.256,1.36,1.455,179603.09283772
2022-11-10T00:00:00Z,BANDUSD,1.441,3.397,1.434,2.393,212241.9133439798
2022-11-11T00:00:00Z,BANDUSD,2.385,2.807,2.101,2.245,92980.39696159994
2022-11-12T00:00:00Z,BANDUSD,2.237,2.324,2.017,2.211,48049.65137867001
2022-11-13T00:00:00Z,BANDUSD,2.181,2.28,1.955,1.999,34145.23987459
2022-11-14T00:00:00Z,BANDUSD,1.995,2.106,1.846,1.95,58291.90659562999
2022-11-15T00:00:00Z,BANDUSD,1.952,2.03,1.89,1.937,45868.74514510003
2022-11-16T00:00:00Z,BANDUSD,1.937,2.293,1.911,1.997,109531.84171835001
2022-11-17T00:00:00Z,BANDUSD,1.994,2.129,1.934,2.002,30713.924755289987
2022-11-18T00:00:00Z,BANDUSD,2.0,2.059,1.918,1.951,9740.516247040003
2022-11-19T00:00:00Z,BANDUSD,1.955,1.959,1.833,1.891,16445.46865947
2022-11-20T00:00:00Z,BANDUSD,1.885,1.909,1.654,1.667,14466.776037080004
2022-11-21T00:00:00Z,BANDUSD,1.665,1.88,1.6,1.686,25236.94629438998
2022-11-22T00:00:00Z,BANDUSD,1.684,1.713,1.559,1.664,31980.35759865999
2022-11-23T00:00:00Z,BANDUSD,1.664,1.737,1.607,1.683,10402.365998599998
2022-11-24T00:00:00Z,BANDUSD,1.679,1.863,1.641,1.717,37373.33922608998
2022-11-25T00:00:00Z,BANDUSD,1.724,1.745,1.639,1.737,22405.063549860006
2022-11-26T00:00:00Z,BANDUSD,1.725,1.879,1.718,1.871,22280.824660710005
2022-11-27T00:00:00Z,BANDUSD,1.856,2.013,1.829,1.854,35009.996354179995
2022-11-28T00:00:00Z,BANDUSD,1.853,2.09,1.751,1.942,39007.71545927001
2022-11-29T00:00:00Z,BANDUSD,1.936,2.007,1.817,1.828,7992.612436890003
2022-11-30T00:00:00Z,BANDUSD,1.844,1.96,1.829,1.956,15800.328076839996
2022-12-01T00:00:00Z,BANDUSD,1.941,2.65,1.858,2.181,106081.15846010997
2022-12-02T00:00:00Z,BANDUSD,2.17,2.251,2.085,2.146,49569.694272850014
2022-12-03T00:00:00Z,BANDUSD,2.138,2.288,2.09,2.155,23172.22802958999
2022-12-04T00:00:00Z,BANDUSD,2.153,2.178,2.086,2.141,8487.57109979
2022-12-05T00:00:00Z,BANDUSD,2.125,2.171,1.988,2.026,11484.790179470001
2022-12-06T00:00:00Z,BANDUSD,2.044,2.111,2.0,2.037,3512.39463461
2022-12-07T00:00:00Z,BANDUSD,2.034,2.044,1.911,1.942,20348.321060139988
2022-12-08T00:00:00Z,BANDUSD,1.942,2.48,1.942,2.096,21846.143912939984
2022-12-09T00:00:00Z,BANDUSD,2.071,2.131,2.039,2.052,1620.0729378099998
2022-12-10T00:00:00Z,BANDUSD,2.057,2.062,2.006,2.033,2656.2681338699995
2022-12-11T00:00:00Z,BANDUSD,2.033,2.05,1.914,1.937,9536.557611039998
2022-12-12T00:00:00Z,BANDUSD,1.941,1.987,1.84,1.958,14612.153452449993
2022-12-13T00:00:00Z,BANDUSD,1.961,1.971,1.865,1.928,8298.9677577
2022-12-14T00:00:00Z,BANDUSD,1.934,2.052,1.893,1.944,19055.655058660002
2022-12-15T00:00:00Z,BANDUSD,1.949,2.017,1.893,1.893,21567.603151640003
2022-12-16T00:00:00Z,BANDUSD,1.921,1.934,1.694,1.694,16783.145731049997
2022-12-17T00:00:00Z,BANDUSD,1.7,1.905,1.692,1.729,42732.44972139
2022-12-18T00:00:00Z,BANDUSD,1.746,1.746,1.704,1.715,658.20091048
2022-12-19T00:00:00Z,BANDUSD,1.766,1.794,1.605,1.608,20154.50255074
2022-12-20T00:00:00Z,BANDUSD,1.608,1.721,1.608,1.689,18611.23056159
2022-12-21T00:00:00Z,BANDUSD,1.68,1.68,1.575,1.6,3195.2046031799996
2022-12-22T00:00:00Z,BANDUSD,1.608,1.617,1.549,1.608,11167.665380799996
2022-12-23T00:00:00Z,BANDUSD,1.611,1.63,1.576,1.578,15981.035943769994
2022-12-24T00:00:00Z,BANDUSD,1.575,1.576,1.54,1.549,1579.55178443
2022-12-25T00:00:00Z,BANDUSD,1.55,1.553,1.479,1.495,3351.0305991699997
2022-12-26T00:00:00Z,BANDUSD,1.49,1.503,1.463,1.491,11748.582347000005
2022-12-27T00:00:00Z,BANDUSD,1.496,1.501,1.416,1.433,5528.078538610002
2022-12-28T00:00:00Z,BANDUSD,1.447,1.447,1.343,1.358,15915.030591220002
2022-12-29T00:00:00Z,BANDUSD,1.34,1.538,1.34,1.428,77063.37471832008
2022-12-30T00:00:00Z,BANDUSD,1.43,1.447,1.38,1.428,4742.31002353
2022-12-31T00:00:00Z,BANDUSD,1.416,1.429,1.406,1.409,10492.602853390003
2023-01-01T00:00:00Z,BANDUSD,1.402,1.409,1.383,1.404,9453.747977509998
2023-01-02T00:00:00Z,BANDUSD,1.382,1.439,1.368,1.425,5526.603480950001
2023-01-03T00:00:00Z,BANDUSD,1.427,1.444,1.391,1.429,10303.877140309998
2023-01-04T00:00:00Z,BANDUSD,1.447,1.526,1.439,1.479,13086.914523950001
2023-01-05T00:00:00Z,BANDUSD,1.49,1.498,1.438,1.438,2037.0852065899999
2023-01-06T00:00:00Z,BANDUSD,1.438,1.47,1.392,1.462,4205.674633079999
2023-01-07T00:00:00Z,BANDUSD,1.466,1.477,1.454,1.468,10724.072464260002
2023-01-08T00:00:00Z,BANDUSD,1.464,1.532,1.464,1.518,9435.091588239999
2023-01-09T00:00:00Z,BANDUSD,1.545,1.683,1.537,1.619,9413.61762529
2023-01-10T00:00:00Z,BANDUSD,1.647,1.66,1.576,1.619,8665.795208790003
2023-01-11T00:00:00Z,BANDUSD,1.632,1.643,1.531,1.618,17412.71942407
2023-01-12T00:00:00Z,BANDUSD,1.635,1.673,1.567,1.667,10429.954140189991
2023-01-13T00:00:00Z,BANDUSD,1.673,1.737,1.647,1.729,4622.355283609999
2023-01-14T00:00:00Z,BANDUSD,1.751,2.049,1.751,1.88,64992.52019228001
2023-01-15T00:00:00Z,BANDUSD,1.9,1.9,1.816,1.86,25062.42647056
2023-01-16T00:00:00Z,BANDUSD,1.876,2.004,1.811,1.881,17088.710485839998
2023-01-17T00:00:00Z,BANDUSD,1.889,1.902,1.82,1.82,21643.43944549
2023-01-18T00:00:00Z,BANDUSD,1.83,1.89,1.678,1.678,20753.430318909996
2023-01-19T00:00:00Z,BANDUSD,1.702,1.736,1.696,1.728,14078.790570379997
2023-01-20T00:00:00Z,BANDUSD,1.738,1.923,1.721,1.923,9822.034744390003
2023-01-21T00:00:00Z,BANDUSD,1.942,1.987,1.872,1.91,37447.73057642
2023-01-22T00:00:00Z,BANDUSD,1.91,2.091,1.897,1.915,113152.69638241011
2023-01-23T00:00:00Z,BANDUSD,1.955,2.006,1.933,1.952,10200.932815999999
2023-01-24T00:00:00Z,BANDUSD,1.945,2.054,1.794,1.796,51102.68215828002
2023-01-25T00:00:00Z,BANDUSD,1.822,1.975,1.8,1.932,20990.80989863
2023-01-26T00:00:00Z,BANDUSD,1.933,2.263,1.88,2.223,95196.54593889012
2023-01-27T00:00:00Z,BANDUSD,2.191,2.191,2.02,2.09,92724.40214347001
2023-01-28T00:00:00Z,BANDUSD,2.1,2.1,1.979,2.0,25345.28545409002
2023-01-29T00:00:00Z,BANDUSD,2.016,2.078,2.011,2.075,8096.947430779999
2023-01-30T00:00:00Z,BANDUSD,2.072,2.132,1.885,2.081,47725.496096779985
2023-01-31T00:00:00Z,BANDUSD,2.031,2.383,2.031,2.151,195986.37083710002
2023-02-01T00:00:00Z,BANDUSD,2.151,2.22,1.999,2.215,41474.614583090006
2023-02-02T00:00:00Z,BANDUSD,2.206,2.338,2.177,2.179,95586.97376974011
2023-02-03T00:00:00Z,BANDUSD,2.176,2.204,2.136,2.199,41660.91641706997
2023-02-04T00:00:00Z,BANDUSD,2.206,2.346,2.175,2.243,65609.37756279
2023-02-05T00:00:00Z,BANDUSD,2.244,2.318,2.07,2.125,47196.25480626001
2023-02-06T00:00:00Z,BANDUSD,2.133,2.137,2.028,2.057,20116.054074359996
2023-02-07T00:00:00Z,BANDUSD,2.066,2.261,2.066,2.247,26124.257230370004
2023-02-08T00:00:00Z,BANDUSD,2.237,2.31,2.168,2.202,17523.491717409997
2023-02-09T00:00:00Z,BANDUSD,2.205,2.293,1.844,1.879,107469.95930240012
2023-02-10T00:00:00Z,BANDUSD,1.872,1.943,1.847,1.874,39977.44351790001
2023-02-11T00:00:00Z,BANDUSD,1.889,1.94,1.85,1.911,12475.282574690002
2023-02-12T00:00:00Z,BANDUSD,1.94,1.949,1.84,1.865,6048.224938329999
2023-02-13T00:00:00Z,BANDUSD,1.825,1.856,1.737,1.849,35185.765534189995
2023-02-14T00:00:00Z,BANDUSD,1.84,1.888,1.79,1.888,14726.630396260001
2023-02-15T00:00:00Z,BANDUSD,1.893,2.018,1.862,2.015,24325.92585165001
2023-02-16T00:00:00Z,BANDUSD,2.031,2.086,1.912,1.912,27814.739175410003
2023-02-17T00:00:00Z,BANDUSD,1.932,2.073,1.932,2.055,12188.895116089996
2023-02-18T00:00:00Z,BANDUSD,2.071,2.177,2.042,2.108,48234.39900817999
2023-02-19T00:00:00Z,BANDUSD,2.109,2.162,2.075,2.076,21879.84722665
2023-02-20T00:00:00Z,BANDUSD,2.093,2.32,2.068,2.257,44751.19246851999
2023-02-21T00:00:00Z,BANDUSD,2.266,2.286,2.116,2.199,29800.06721409998
2023-02-22T00:00:00Z,BANDUSD,2.208,2.242,2.04,2.118,13760.18570706
2023-02-23T00:00:00Z,BANDUSD,2.118,2.244,2.113,2.174,18179.67212275
2023-02-24T00:00:00Z,BANDUSD,2.151,2.186,1.964,2.001,20946.227010250008
2023-02-25T00:00:00Z,BANDUSD,1.995,2.004,1.927,1.986,12736.288978510001
2023-02-26T00:00:00Z,BANDUSD,2.008,2.47,1.99,2.009,25399.887766120006
2023-02-27T00:00:00Z,BANDUSD,2.007,2.05,1.948,2.011,17395.360912860007
2023-02-28T00:00:00Z,BANDUSD,2.031,2.032,1.651,1.934,18601.63471783
2023-03-01T00:00:00Z,BANDUSD,1.965,2.073,1.965,2.052,2763.9681351200006
2023-03-02T00:00:00Z,BANDUSD,2.072,2.088,1.965,1.989,63713.389978729974
2023-03-03T00:00:00Z,BANDUSD,1.975,1.975,1.65,1.802,23636.57192689
2023-03-04T00:00:00Z,BANDUSD,1.829,1.829,1.703,1.729,744.18574729
2023-03-05T00:00:00Z,BANDUSD,1.725,1.79,1.725,1.727,14866.628982779997
2023-03-06T00:00:00Z,BANDUSD,1.738,1.759,1.681,1.735,26121.613486879978
2023-03-07T00:00:00Z,BANDUSD,1.731,1.773,1.629,1.655,13027.73633142
2023-03-08T00:00:00Z,BANDUSD,1.678,1.678,1.55,1.55,5866.721192489999
2023-03-09T00:00:00Z,BANDUSD,1.59,1.647,1.433,1.433,43717.00889328001
2023-03-10T00:00:00Z,BANDUSD,1.453,1.477,1.369,1.473,20412.217539060002
2023-03-11T00:00:00Z,BANDUSD,1.472,1.512,1.405,1.465,20438.3452623
2023-03-12T00:00:00Z,BANDUSD,1.467,1.585,1.446,1.585,9928.513296320001
2023-03-13T00:00:00Z,BANDUSD,1.608,1.703,1.573,1.679,11262.819591559999
2023-03-14T00:00:00Z,BANDUSD,1.679,1.834,1.661,1.771,42443.0414461
2023-03-15T00:00:00Z,BANDUSD,1.771,1.803,1.6,1.628,14762.375404220003
2023-03-16T00:00:00Z,BANDUSD,1.622,1.635,1.586,1.635,7317.974706169999
2023-03-17T00:00:00Z,BANDUSD,1.62,1.804,1.609,1.802,18699.652300690013
2023-03-18T00:00:00Z,BANDUSD,1.804,1.935,1.775,1.775,39503.08095816998
2023-03-19T00:00:00Z,BANDUSD,1.792,1.954,1.792,1.835,12913.602493499997
2023-03-20T00:00:00Z,BANDUSD,1.846,1.864,1.705,1.715,18420.636784430008
2023-03-21T00:00:00Z,BANDUSD,1.731,1.776,1.683,1.767,6324.06131934
2023-03-22T00:00:00Z,BANDUSD,1.755,1.767,1.615,1.642,25483.50263210999
2023-03-23T00:00:00Z,BANDUSD,1.655,1.755,1.655,1.731,2157.413958
2023-03-24T00:00:00Z,BANDUSD,1.734,1.804,1.658,1.804,26294.003298690033
2023-03-25T00:00:00Z,BANDUSD,1.787,1.852,1.714,1.714,22604.58326819001
2023-03-26T00:00:00Z,BANDUSD,1.707,1.767,1.683,1.757,389.29039639999996
2023-03-27T00:00:00Z,BANDUSD,1.751,1.751,1.61,1.651,2640.95072877
2023-03-28T00:00:00Z,BANDUSD,1.643,1.721,1.637,1.705,11800.348580090003
2023-03-29T00:00:00Z,BANDUSD,1.721,1.941,1.721,1.912,29285.848760790002
2023-03-30T00:00:00Z,BANDUSD,1.897,1.942,1.809,1.816,7883.804884810001
2023-03-31T00:00:00Z,BANDUSD,1.819,1.875,1.785,1.875,11776.32933364
2023-04-01T00:00:00Z,BANDUSD,1.867,1.927,1.798,1.836,13776.771752509998
2023-04-02T00:00:00Z,BANDUSD,1.833,1.875,1.756,1.778,8339.977339650008
2023-04-03T00:00:00Z,BANDUSD,1.776,1.833,1.722,1.825,7268.225759790002
2023-04-04T00:00:00Z,BANDUSD,1.828,1.844,1.79,1.809,1975.3572234300007
2023-04-05T00:00:00Z,BANDUSD,1.806,1.872,1.79,1.833,8051.923228890002
2023-04-06T00:00:00Z,BANDUSD,1.825,1.833,1.769,1.825,6340.091034019997
2023-04-07T00:00:00Z,BANDUSD,1.833,1.858,1.79,1.853,2346.5192721500016
2023-04-08T00:00:00Z,BANDUSD,1.845,1.914,1.825,1.847,14742.36518158999
2023-04-09T00:00:00Z,BANDUSD,1.85,1.872,1.782,1.864,4850.575385969999
2023-04-10T00:00:00Z,BANDUSD,1.872,2.11,1.847,1.959,73644.02626728003
2023-04-11T00:00:00Z,BANDUSD,1.962,2.004,1.921,1.924,9817.773962670004
2023-04-12T00:00:00Z,BANDUSD,1.921,1.921,1.825,1.886,4199.255133890004
2023-04-13T00:00:00Z,BANDUSD,1.878,1.91,1.853,1.906,9544.002753889996
2023-04-14T00:00:00Z,BANDUSD,1.909,1.989,1.895,1.972,25478.625495329998
2023-04-15T00:00:00Z,BANDUSD,1.959,2.031,1.935,2.01,3734.4166344499963
2023-04-16T00:00:00Z,BANDUSD,2.001,2.093,1.97,2.068,5486.503294969994
2023-04-17T00:00:00Z,BANDUSD,2.065,2.067,1.95,1.995,5780.684771369998
2023-04-18T00:00:00Z,BANDUSD,1.986,2.082,1.968,2.042,10139.894914830002
2023-04-19T00:00:00Z,BANDUSD,2.035,2.059,1.792,1.836,21713.858071890027
2023-04-20T00:00:00Z,BANDUSD,1.834,1.856,1.751,1.757,6896.123854310001
2023-04-21T00:00:00Z,BANDUSD,1.768,1.768,1.641,1.645,10379.709714940002
2023-04-22T00:00:00Z,BANDUSD,1.649,1.716,1.649,1.716,396.37222794
2023-04-23T00:00:00Z,BANDUSD,1.708,1.711,1.64,1.664,7444.768352189998
2023-04-24T00:00:00Z,BANDUSD,1.65,1.722,1.638,1.672,5165.89700071
2023-04-25T00:00:00Z,BANDUSD,1.655,1.684,1.608,1.683,11145.018302330001
2023-04-26T00:00:00Z,BANDUSD,1.693,1.98,1.665,1.743,58377.12006812993
2023-04-27T00:00:00Z,BANDUSD,1.74,1.778,1.713,1.756,12077.940112469998
2023-04-28T00:00:00Z,BANDUSD,1.752,1.752,1.688,1.717,3244.59852029
2023-04-29T00:00:00Z,BANDUSD,1.71,1.763,1.71,1.734,13376.347199169999
2023-04-30T00:00:00Z,BANDUSD,1.733,1.733,1.69,1.709,4037.3560847500003
2023-05-01T00:00:00Z,BANDUSD,1.658,1.685,1.651,1.654,4271.61451794
2023-05-02T00:00:00Z,BANDUSD,1.668,1.711,1.664,1.705,2374.8696689800004
2023-05-03T00:00:00Z,BANDUSD,1.691,1.726,1.659,1.726,2874.22735399
2023-05-04T00:00:00Z,BANDUSD,1.708,1.718,1.672,1.672,6513.108898129999
2023-05-05T00:00:00Z,BANDUSD,1.667,1.717,1.641,1.717,5398.32026104
2023-05-06T00:00:00Z,BANDUSD,1.707,1.707,1.645,1.658,560.76083724
2023-05-07T00:00:00Z,BANDUSD,1.656,1.678,1.613,1.615,6974.61939786
2023-05-08T00:00:00Z,BANDUSD,1.632,1.632,1.409,1.428,23018.11913447999
2023-05-09T00:00:00Z,BANDUSD,1.442,1.459,1.44,1.456,5753.815440790001
2023-05-10T00:00:00Z,BANDUSD,1.43,1.509,1.4,1.478,6653.333435609999
2023-05-11T00:00:00Z,BANDUSD,1.466,1.466,1.368,1.382,15869.305233199995
2023-05-12T00:00:00Z,BANDUSD,1.38,1.477,1.346,1.461,9174.46233625
2023-05-13T00:00:00Z,BANDUSD,1.447,1.447,1.426,1.43,2590.7937240399997
2023-05-14T00:00:00Z,BANDUSD,1.418,1.453,1.418,1.44,1541.4410851199998
2023-05-15T00:00:00Z,BANDUSD,1.443,1.472,1.443,1.449,2752.70858657
2023-05-16T00:00:00Z,BANDUSD,1.434,1.457,1.426,1.454,523.29704003
2023-05-17T00:00:00Z,BANDUSD,1.466,1.52,1.445,1.517,26758.570774109994
2023-05-18T00:00:00Z,BANDUSD,1.512,1.516,1.439,1.488,16753.38026912
2023-05-19T00:00:00Z,BANDUSD,1.489,1.5,1.489,1.5,367.34405021
2023-05-20T00:00:00Z,BANDUSD,1.49,1.53,1.49,1.529,365.66585163
2023-05-21T00:00:00Z,BANDUSD,1.511,1.518,1.455,1.457,4478.08482461
2023-05-22T00:00:00Z,BANDUSD,1.426,1.442,1.426,1.442,31.12283137
2023-05-23T00:00:00Z,BANDUSD,1.43,1.478,1.43,1.471,1014.9715421200001
2023-05-24T00:00:00Z,BANDUSD,1.441,1.445,1.4,1.429,2905.11227727
2023-05-25T00:00:00Z,BANDUSD,1.424,1.425,1.414,1.414,1634.2017973499997
2023-05-26T00:00:00Z,BANDUSD,1.422,1.422,1.416,1.416,104.74630967
2023-05-27T00:00:00Z,BANDUSD,1.425,1.425,1.425,1.425,102.99229509
2023-05-28T00:00:00Z,BANDUSD,1.437,1.458,1.437,1.447,3987.2149271499998
2023-05-29T00:00:00Z,BANDUSD,1.472,1.477,1.448,1.456,12532.813763240003
2023-05-30T00:00:00Z,BANDUSD,1.446,1.449,1.433,1.448,991.96740688
2023-05-31T00:00:00Z,BANDUSD,1.445,1.445,1.37,1.37,1671.1474594299998
2023-06-01T00:00:00Z,BANDUSD,1.375,1.415,1.368,1.415,784.2027112300001
2023-06-02T00:00:00Z,BANDUSD,1.414,1.451,1.414,1.451,304.25680628
2023-06-03T00:00:00Z,BANDUSD,1.456,1.532,1.456,1.479,11849.653498319998
2023-06-04T00:00:00Z,BANDUSD,1.47,1.475,1.44,1.44,1616.00897527
2023-06-05T00:00:00Z,BANDUSD,1.437,1.437,1.256,1.281,59367.63482147001
2023-06-06T00:00:00Z,BANDUSD,1.295,1.331,1.262,1.314,13623.93122375
2023-06-07T00:00:00Z,BANDUSD,1.29,1.29,1.199,1.199,1947.50584615
2023-06-08T00:00:00Z,BANDUSD,1.207,1.245,1.207,1.245,27847.284129510004
2023-06-09T00:00:00Z,BANDUSD,1.22,1.242,1.198,1.198,3639.18410187
2023-06-10T00:00:00Z,BANDUSD,1.19,1.19,0.934,0.987,116004.21950642006
2023-06-11T00:00:00Z,BANDUSD,1.001,1.039,0.987,1.018,7827.26384981
2023-06-12T00:00:00Z,BANDUSD,0.988,1.062,0.988,1.019,11793.038898519999
2023-06-13T00:00:00Z,BANDUSD,1.025,1.048,1.016,1.016,5724.567175250001
2023-06-14T00:00:00Z,BANDUSD,1.012,1.038,0.962,0.979,23884.22166351001
2023-06-15T00:00:00Z,BANDUSD,0.986,1.124,0.986,1.1,47469.764407129995
2023-06-16T00:00:00Z,BANDUSD,1.091,1.107,1.036,1.074,5676.649676279999
2023-06-17T00:00:00Z,BANDUSD,1.077,1.107,1.064,1.075,32497.980972140012
2023-06-18T00:00:00Z,BANDUSD,1.066,1.165,1.066,1.083,11968.741278389998
2023-06-19T00:00:00Z,BANDUSD,1.079,1.129,1.079,1.092,19990.32084968
2023-06-20T00:00:00Z,BANDUSD,1.094,1.119,1.08,1.11,5749.91758235
2023-06-21T00:00:00Z,BANDUSD,1.186,1.219,1.169,1.204,17194.46040597
2023-06-22T00:00:00Z,BANDUSD,1.229,1.233,1.149,1.183,19106.0201918
2023-06-23T00:00:00Z,BANDUSD,1.178,1.259,1.177,1.245,15014.01496402
2023-06-24T00:00:00Z,BANDUSD,1.257,1.275,1.188,1.236,26766.786069740003
2023-06-25T00:00:00Z,BANDUSD,1.261,1.345,1.261,1.31,12863.598793829999
2023-06-26T00:00:00Z,BANDUSD,1.301,1.32,1.247,1.255,9255.300941589996
2023-06-27T00:00:00Z,BANDUSD,1.274,1.296,1.26,1.263,37972.06915164
2023-06-28T00:00:00Z,BANDUSD,1.246,1.248,1.157,1.183,11159.727784029998
2023-06-29T00:00:00Z,BANDUSD,1.187,1.214,1.182,1.188,6389.10315683
2023-06-30T00:00:00Z,BANDUSD,1.25,1.269,1.16,1.269,6134.86191216
2023-07-01T00:00:00Z,BANDUSD,1.277,1.284,1.242,1.284,12469.8758512
2023-07-02T00:00:00Z,BANDUSD,1.28,1.283,1.258,1.283,6868.800374080001
2023-07-03T00:00:00Z,BANDUSD,1.274,1.318,1.274,1.318,70137.42573834998
2023-07-04T00:00:00Z,BANDUSD,1.318,1.323,1.264,1.299,18275.478092579997
2023-07-05T00:00:00Z,BANDUSD,1.294,1.339,1.234,1.248,36953.60862641001
2023-07-06T00:00:00Z,BANDUSD,1.241,1.302,1.205,1.224,15954.21764943
2023-07-07T00:00:00Z,BANDUSD,1.199,1.204,1.186,1.199,20124.874685669995
2023-07-08T00:00:00Z,BANDUSD,1.209,1.222,1.185,1.188,9874.776517229999
2023-07-09T00:00:00Z,BANDUSD,1.212,1.212,1.195,1.195,1430.3623752700003
2023-07-10T00:00:00Z,BANDUSD,1.17,1.23,1.165,1.23,2826.76191812
2023-07-11T00:00:00Z,BANDUSD,1.214,1.224,1.195,1.207,1370.09955247
2023-07-12T00:00:00Z,BANDUSD,1.205,1.218,1.17,1.183,9234.611421020001
2023-07-13T00:00:00Z,BANDUSD,1.182,1.268,1.182,1.268,7241.6457385799995
2023-07-14T00:00:00Z,BANDUSD,1.285,1.305,1.209,1.214,30632.04489771
2023-07-15T00:00:00Z,BANDUSD,1.223,1.274,1.223,1.242,2509.42795431
2023-07-16T00:00:00Z,BANDUSD,1.241,1.243,1.2,1.2,1962.53046906
2023-07-17T00:00:00Z,BANDUSD,1.197,1.25,1.197,1.245,3386.3093445700006
2023-07-18T00:00:00Z,BANDUSD,1.243,1.243,1.18,1.182,1468.37530203
2023-07-19T00:00:00Z,BANDUSD,1.218,1.22,1.196,1.21,1769.96821563
2023-07-20T00:00:00Z,BANDUSD,1.209,1.512,1.209,1.35,138409.01925042993
2023-07-21T00:00:00Z,BANDUSD,1.328,1.391,1.27,1.31,20283.14224196999
2023-07-22T00:00:00Z,BANDUSD,1.291,1.315,1.257,1.264,18522.87638027
2023-07-23T00:00:00Z,BANDUSD,1.26,1.271,1.251,1.267,1529.49344298
2023-07-24T00:00:00Z,BANDUSD,1.252,1.292,1.167,1.172,21100.40354253001
2023-07-25T00:00:00Z,BANDUSD,1.188,1.188,1.161,1.172,1098.4797620000002
2023-07-26T00:00:00Z,BANDUSD,1.154,1.22,1.154,1.204,7727.40239549
2023-07-27T00:00:00Z,BANDUSD,1.195,1.229,1.152,1.206,3859.2118064200004
2023-07-28T00:00:00Z,BANDUSD,1.204,1.205,1.187,1.195,669.1416868800001
2023-07-29T00:00:00Z,BANDUSD,1.205,1.206,1.195,1.201,1307.1929211300003
2023-07-30T00:00:00Z,BANDUSD,1.19,1.19,1.16,1.175,3524.3146563299997
2023-07-31T00:00:00Z,BANDUSD,1.174,1.199,1.172,1.185,669.9533468000001
2023-08-01T00:00:00Z,BANDUSD,1.184,1.222,1.163,1.222,4129.08969583
2023-08-02T00:00:00Z,BANDUSD,1.22,1.223,1.189,1.21,12675.897845029995
2023-08-03T00:00:00Z,BANDUSD,1.215,1.224,1.185,1.188,9222.99545165
2023-08-04T00:00:00Z,BANDUSD,1.191,1.2,1.171,1.186,11001.276795089998
2023-08-05T00:00:00Z,BANDUSD,1.184,1.2,1.176,1.198,19888.51395134999
2023-08-06T00:00:00Z,BANDUSD,1.198,1.237,1.197,1.22,26610.59811194
2023-08-07T00:00:00Z,BANDUSD,1.224,1.243,1.191,1.223,26897.49772011001
2023-08-08T00:00:00Z,BANDUSD,1.226,1.25,1.216,1.224,28931.04477323001
2023-08-09T00:00:00Z,BANDUSD,1.226,1.234,1.2,1.204,32286.90216014998
2023-08-10T00:00:00Z,BANDUSD,1.204,1.207,1.18,1.185,21965.45612835
2023-08-11T00:00:00Z,BANDUSD,1.181,1.202,1.174,1.177,23115.310281080005
2023-08-12T00:00:00Z,BANDUSD,1.182,1.189,1.164,1.165,27630.76189463
2023-08-13T00:00:00Z,BANDUSD,1.164,1.193,1.155,1.176,19559.367106790007
2023-08-14T00:00:00Z,BANDUSD,1.171,1.193,1.165,1.184,46506.94840956001
2023-08-15T00:00:00Z,BANDUSD,1.18,1.202,1.044,1.099,69207.63154742004
2023-08-16T00:00:00Z,BANDUSD,1.1,1.1,1.017,1.052,69449.48745624996
2023-08-17T00:00:00Z,BANDUSD,1.046,1.065,0.855,0.965,141817.20383549
2023-08-18T00:00:00Z,BANDUSD,0.962,1.011,0.957,1.01,194196.99866549982
2023-08-19T00:00:00Z,BANDUSD,1.006,1.038,1.005,1.034,146656.7910926602
2023-08-20T00:00:00Z,BANDUSD,1.033,1.044,1.025,1.031,68890.53258946004
2023-08-21T00:00:00Z,BANDUSD,1.03,1.033,0.982,1.014,109468.07258664002
2023-08-22T00:00:00Z,BANDUSD,1.017,1.02,0.954,0.988,103650.99114055015
2023-08-23T00:00:00Z,BANDUSD,0.988,1.04,0.988,1.026,72371.95691530997
2023-08-24T00:00:00Z,BANDUSD,1.028,1.092,1.013,1.017,60279.556080459995
2023-08-25T00:00:00Z,BANDUSD,1.019,1.031,0.994,1.031,26232.983570420005
2023-08-26T00:00:00Z,BANDUSD,1.026,1.079,1.025,1.027,26656.961516929983
2023-08-27T00:00:00Z,BANDUSD,1.026,1.039,1.006,1.039,21459.268985489987
2023-08-28T00:00:00Z,BANDUSD,1.04,1.151,1.013,1.087,133372.7774839298
2023-08-29T00:00:00Z,BANDUSD,1.085,1.142,1.049,1.108,89833.4294114201
2023-08-30T00:00:00Z,BANDUSD,1.108,1.142,1.084,1.11,37120.07849207999
2023-08-31T00:00:00Z,BANDUSD,1.111,1.171,1.051,1.081,37905.524396590015
2023-09-01T00:00:00Z,BANDUSD,1.079,1.106,1.032,1.038,56782.01250131002
2023-09-02T00:00:00Z,BANDUSD,1.034,1.049,1.008,1.045,9222.64627042
2023-09-03T00:00:00Z,BANDUSD,1.045,1.083,1.03,1.04,13238.716190309991
2023-09-04T00:00:00Z,BANDUSD,1.046,1.078,1.023,1.038,91232.95696192009
2023-09-05T00:00:00Z,BANDUSD,1.038,1.062,1.015,1.046,29853.387449140013
2023-09-06T00:00:00Z,BANDUSD,1.045,1.052,1.022,1.039,21079.93826280998
2023-09-07T00:00:00Z,BANDUSD,1.039,1.049,1.018,1.044,35834.136679180025
2023-09-08T00:00:00Z,BANDUSD,1.041,1.054,1.024,1.045,33163.547529210024
2023-09-09T00:00:00Z,BANDUSD,1.047,1.073,1.029,1.043,19734.459071669997
2023-09-10T00:00:00Z,BANDUSD,1.037,1.037,0.964,1.008,29338.041358090006
2023-09-11T00:00:00Z,BANDUSD,1.008,1.012,0.955,0.978,73222.55381016
2023-09-12T00:00:00Z,BANDUSD,0.979,1.019,0.974,0.981,55164.456165359974
2023-09-13T00:00:00Z,BANDUSD,0.976,1.011,0.974,0.995,16626.41490113
2023-09-14T00:00:00Z,BANDUSD,0.994,1.012,0.985,0.986,11153.175572239996
2023-09-15T00:00:00Z,BANDUSD,0.988,1.043,0.982,1.037,31168.57439799999
2023-09-16T00:00:00Z,BANDUSD,1.038,1.058,1.028,1.035,16442.05398623
2023-09-17T00:00:00Z,BANDUSD,1.031,1.046,1.002,1.015,6357.267218460001
2023-09-18T00:00:00Z,BANDUSD,1.015,1.099,1.007,1.053,49760.95793564
2023-09-19T00:00:00Z,BANDUSD,1.045,1.087,1.04,1.077,23003.00161557002
2023-09-20T00:00:00Z,BANDUSD,1.077,1.079,1.055,1.076,5408.527096260001
2023-09-21T00:00:00Z,BANDUSD,1.076,1.103,1.045,1.063,5854.84221324
2023-09-22T00:00:00Z,BANDUSD,1.062,1.083,1.054,1.081,3523.2145506000006
2023-09-23T00:00:00Z,BANDUSD,1.082,1.094,1.043,1.056,2689.9046655799993
2023-09-24T00:00:00Z,BANDUSD,1.06,1.06,1.031,1.032,812.08505169
2023-09-25T00:00:00Z,BANDUSD,1.031,1.06,1.024,1.052,8499.23250091
2023-09-26T00:00:00Z,BANDUSD,1.055,1.057,1.015,1.035,6438.439907620001
2023-09-27T00:00:00Z,BANDUSD,1.044,1.077,1.042,1.062,5060.802760490001
2023-09-28T00:00:00Z,BANDUSD,1.066,1.191,1.064,1.143,35635.381409370006
2023-09-29T00:00:00Z,BANDUSD,1.151,1.16,1.105,1.148,27668.079776449995
2023-09-30T00:00:00Z,BANDUSD,1.144,1.172,1.128,1.135,3449.8229054499993
2023-10-01T00:00:00Z,BANDUSD,1.136,1.222,1.136,1.207,23823.25235371
2023-10-02T00:00:00Z,BANDUSD,1.201,1.204,1.123,1.136,27842.425831539997
2023-10-03T00:00:00Z,BANDUSD,1.143,1.153,1.106,1.111,2198.9126092600004
2023-10-04T00:00:00Z,BANDUSD,1.108,1.127,1.066,1.121,2610.274078580001
2023-10-05T00:00:00Z,BANDUSD,1.122,1.122,1.096,1.098,5356.15721905
2023-10-06T00:00:00Z,BANDUSD,1.09,1.105,1.076,1.105,4432.082945700001
2023-10-07T00:00:00Z,BANDUSD,1.106,1.106,1.081,1.084,141.49870062
2023-10-08T00:00:00Z,BANDUSD,1.064,1.092,1.064,1.091,151.84510053000002
2023-10-09T00:00:00Z,BANDUSD,1.067,1.069,1.033,1.048,4031.9313348200003
2023-10-10T00:00:00Z,BANDUSD,1.045,1.057,1.042,1.042,153.33647542
2023-10-11T00:00:00Z,BANDUSD,1.024,1.053,1.019,1.033,3914.5398288
2023-10-12T00:00:00Z,BANDUSD,1.012,1.038,1.006,1.006,822.08856262
2023-10-13T00:00:00Z,BANDUSD,1.01,1.024,1.01,1.015,2129.63032493
2023-10-14T00:00:00Z,BANDUSD,1.022,1.027,1.022,1.027,303.0022091800001
2023-10-15T00:00:00Z,BANDUSD,1.035,1.501,1.033,1.46,178169.82702601972
2023-10-16T00:00:00Z,BANDUSD,1.448,1.538,1.308,1.41,185228.62827442982
2023-10-17T00:00:00Z,BANDUSD,1.41,1.448,1.25,1.344,44203.69944361999
2023-10-18T00:00:00Z,BANDUSD,1.335,1.546,1.335,1.421,83334.30305030006
2023-10-19T00:00:00Z,BANDUSD,1.407,1.467,1.369,1.419,69976.08652068007
2023-10-20T00:00:00Z,BANDUSD,1.412,1.478,1.369,1.461,55219.21297402003
2023-10-21T00:00:00Z,BANDUSD,1.46,1.46,1.374,1.385,23772.3862462
2023-10-22T00:00:00Z,BANDUSD,1.381,1.403,1.327,1.363,16304.148497789995
2023-10-23T00:00:00Z,BANDUSD,1.367,1.536,1.315,1.382,26850.32313393
2023-10-24T00:00:00Z,BANDUSD,1.389,1.635,1.389,1.509,54702.058785729976
2023-10-25T00:00:00Z,BANDUSD,1.5,1.648,1.5,1.622,38551.86547051003
2023-10-26T00:00:00Z,BANDUSD,1.613,1.669,1.517,1.601,26357.655011719995
2023-10-27T00:00:00Z,BANDUSD,1.625,1.625,1.535,1.544,21347.913278580003
2023-10-28T00:00:00Z,BANDUSD,1.545,1.549,1.485,1.486,33437.41698661999
2023-10-29T00:00:00Z,BANDUSD,1.496,1.496,1.474,1.48,9320.536764329998
2023-10-30T00:00:00Z,BANDUSD,1.473,1.507,1.438,1.494,26743.884171419995
2023-10-31T00:00:00Z,BANDUSD,1.505,1.572,1.375,1.418,49804.580272960025
2023-11-01T00:00:00Z,BANDUSD,1.427,1.472,1.359,1.449,24781.385717399997
2023-11-02T00:00:00Z,BANDUSD,1.452,1.484,1.39,1.408,24690.724321189995
2023-11-03T00:00:00Z,BANDUSD,1.393,1.413,1.349,1.412,73992.69097475997
2023-11-04T00:00:00Z,BANDUSD,1.411,1.435,1.398,1.428,7860.084341719999
2023-11-05T00:00:00Z,BANDUSD,1.433,1.582,1.433,1.531,112358.63574793005
2023-11-06T00:00:00Z,BANDUSD,1.523,1.557,1.492,1.55,51852.63685696001
2023-11-07T00:00:00Z,BANDUSD,1.541,1.586,1.45,1.521,55520.279383919995
2023-11-08T00:00:00Z,BANDUSD,1.525,1.621,1.514,1.615,78668.94258496999
2023-11-09T00:00:00Z,BANDUSD,1.609,1.68,1.29,1.513,193622.79137612018
2023-11-10T00:00:00Z,BANDUSD,1.514,1.569,1.458,1.569,81298.98498372997
2023-11-11T00:00:00Z,BANDUSD,1.575,1.616,1.513,1.575,73187.14867985001
2023-11-12T00:00:00Z,BANDUSD,1.58,1.581,1.495,1.555,86481.53585392998
2023-11-13T00:00:00Z,BANDUSD,1.54,1.62,1.458,1.464,98119.63348868997
2023-11-14T00:00:00Z,BANDUSD,1.462,1.494,1.375,1.451,53610.8361641899
2023-11-15T00:00:00Z,BANDUSD,1.451,1.549,1.445,1.529,86859.84643489003
2023-11-16T00:00:00Z,BANDUSD,1.53,1.593,1.455,1.471,123084.4945524903
2023-11-17T00:00:00Z,BANDUSD,1.483,1.559,1.42,1.501,61249.5723372698
2023-11-18T00:00:00Z,BANDUSD,1.496,1.508,1.388,1.444,68050.38060095978
2023-11-19T00:00:00Z,BANDUSD,1.432,1.496,1.407,1.492,47141.75854999998
2023-11-20T00:00:00Z,BANDUSD,1.492,1.561,1.482,1.498,73532.91185729997
2023-11-21T00:00:00Z,BANDUSD,1.521,1.538,1.333,1.34,63998.10315554003
2023-11-22T00:00:00Z,BANDUSD,1.336,1.419,1.336,1.402,62556.78194023999
2023-11-23T00:00:00Z,BANDUSD,1.407,1.416,1.374,1.404,47782.74695031998
2023-11-24T00:00:00Z,BANDUSD,1.404,1.44,1.402,1.424,68297.71017721998
2023-11-25T00:00:00Z,BANDUSD,1.434,1.46,1.414,1.46,42269.78840888004
2023-11-26T00:00:00Z,BANDUSD,1.463,1.475,1.415,1.44,54447.58682417001
2023-11-27T00:00:00Z,BANDUSD,1.443,1.455,1.364,1.404,63496.01980743001
2023-11-28T00:00:00Z,BANDUSD,1.405,1.427,1.364,1.409,78198.69446532999
2023-11-29T00:00:00Z,BANDUSD,1.41,1.446,1.4,1.422,65145.32426250997
2023-11-30T00:00:00Z,BANDUSD,1.428,1.521,1.386,1.387,43388.83705643
2023-12-01T00:00:00Z,BANDUSD,1.389,1.453,1.383,1.446,16097.730072959997
2023-12-02T00:00:00Z,BANDUSD,1.447,1.496,1.447,1.48,18130.980512390004
2023-12-03T00:00:00Z,BANDUSD,1.484,1.515,1.442,1.492,50679.45804785001
2023-12-04T00:00:00Z,BANDUSD,1.494,1.523,1.409,1.514,29488.52924052999
2023-12-05T00:00:00Z,BANDUSD,1.516,1.584,1.494,1.555,20943.945031300012
2023-12-06T00:00:00Z,BANDUSD,1.56,1.579,1.496,1.5,18496.31718572
2023-12-07T00:00:00Z,BANDUSD,1.509,1.639,1.508,1.574,36017.70205253001
2023-12-08T00:00:00Z,BANDUSD,1.573,1.681,1.57,1.673,157592.89549609003
2023-12-09T00:00:00Z,BANDUSD,1.671,1.74,1.639,1.661,35523.240678559996
2023-12-10T00:00:00Z,BANDUSD,1.674,1.702,1.609,1.702,11936.136519109998
2023-12-11T00:00:00Z,BANDUSD,1.707,1.708,1.36,1.534,39633.97597574001
2023-12-12T00:00:00Z,BANDUSD,1.536,1.63,1.533,1.578,47689.71789003
2023-12-13T00:00:00Z,BANDUSD,1.581,1.62,1.474,1.601,28074.253441830002
2023-12-14T00:00:00Z,BANDUSD,1.614,1.925,1.611,1.743,82361.11604543997
2023-12-15T00:00:00Z,BANDUSD,1.747,1.747,1.611,1.64,66728.50934882001
2023-12-16T00:00:00Z,BANDUSD,1.65,1.666,1.615,1.634,16611.26504843
2023-12-17T00:00:00Z,BANDUSD,1.637,1.74,1.594,1.684,85799.18263282989
2023-12-18T00:00:00Z,BANDUSD,1.689,1.694,1.523,1.633,29938.159611249986
2023-12-19T00:00:00Z,BANDUSD,1.637,1.761,1.637,1.693,74884.90474024
2023-12-20T00:00:00Z,BANDUSD,1.691,1.718,1.65,1.664,17249.83795777
2023-12-21T00:00:00Z,BANDUSD,1.663,1.685,1.634,1.677,11131.196269319997
2023-12-22T00:00:00Z,BANDUSD,1.681,1.759,1.68,1.753,30179.488294079994
2023-12-23T00:00:00Z,BANDUSD,1.752,1.913,1.717,1.853,58091.22616527997
2023-12-24T00:00:00Z,BANDUSD,1.863,1.872,1.735,1.761,55458.517635870005
2023-12-25T00:00:00Z,BANDUSD,1.763,1.94,1.763,1.914,53554.76966229999
2023-12-26T00:00:00Z,BANDUSD,1.911,1.971,1.809,1.952,44115.09743798001
2023-12-27T00:00:00Z,BANDUSD,1.955,1.955,1.872,1.888,18494.692068589997
2023-12-28T00:00:00Z,BANDUSD,1.886,1.978,1.836,1.842,57383.450948729995
2023-12-29T00:00:00Z,BANDUSD,1.85,2.177,1.819,1.95,150791.19742639997
2023-12-30T00:00:00Z,BANDUSD,1.956,1.988,1.889,1.952,21845.897056659996
2023-12-31T00:00:00Z,BANDUSD,1.947,2.49,1.944,2.2,130436.57291843995
2024-01-01T00:00:00Z,BANDUSD,2.168,2.185,2.0,2.093,76955.11011047997
2024-01-02T00:00:00Z,BANDUSD,2.092,2.48,2.08,2.214,122226.63042376004
2024-01-03T00:00:00Z,BANDUSD,2.211,2.347,1.669,2.179,248208.93809915002
2024-01-04T00:00:00Z,BANDUSD,2.199,2.272,2.057,2.087,63192.16554976
2024-01-05T00:00:00Z,BANDUSD,2.079,2.079,1.901,1.958,101851.54597786003
2024-01-06T00:00:00Z,BANDUSD,1.951,1.951,1.799,1.832,22955.63410386
2024-01-07T00:00:00Z,BANDUSD,1.847,1.897,1.704,1.71,12018.197516189997
2024-01-08T00:00:00Z,BANDUSD,1.72,1.923,1.578,1.745,82088.31522419993
2024-01-09T00:00:00Z,BANDUSD,1.711,1.711,1.563,1.617,43489.09327791997
2024-01-10T00:00:00Z,BANDUSD,1.622,1.773,1.583,1.741,52922.63223374999
2024-01-11T00:00:00Z,BANDUSD,1.738,1.817,1.716,1.805,32307.148863029986
2024-01-12T00:00:00Z,BANDUSD,1.795,1.828,1.64,1.699,41905.24350447999
2024-01-13T00:00:00Z,BANDUSD,1.703,1.748,1.673,1.735,4531.21479417
2024-01-14T00:00:00Z,BANDUSD,1.702,1.735,1.645,1.645,5163.3724544100005
2024-01-15T00:00:00Z,BANDUSD,1.66,1.698,1.657,1.674,5202.601012150001
2024-01-16T00:00:00Z,BANDUSD,1.67,1.716,1.67,1.701,4500.7730635
2024-01-17T00:00:00Z,BANDUSD,1.704,1.718,1.666,1.666,8189.75934081
2024-01-18T00:00:00Z,BANDUSD,1.679,1.704,1.543,1.564,12671.911255850002
2024-01-19T00:00:00Z,BANDUSD,1.541,1.593,1.462,1.578,44276.772760550004
2024-01-20T00:00:00Z,BANDUSD,1.58,2.03,1.578,1.693,291577.12318365125
2024-01-21T00:00:00Z,BANDUSD,1.728,1.768,1.655,1.663,17214.991598729997
2024-01-22T00:00:00Z,BANDUSD,1.679,1.694,1.582,1.623,45844.22983607997
2024-01-23T00:00:00Z,BANDUSD,1.627,1.695,1.503,1.596,64467.11106941997
2024-01-24T00:00:00Z,BANDUSD,1.605,1.627,1.594,1.626,5766.648334500001
2024-01-25T00:00:00Z,BANDUSD,1.613,1.615,1.56,1.603,11761.338482669998
2024-01-26T00:00:00Z,BANDUSD,1.608,1.68,1.6,1.663,11097.727115490003
2024-01-27T00:00:00Z,BANDUSD,1.664,1.772,1.657,1.752,22661.477608640005
2024-01-28T00:00:00Z,BANDUSD,1.742,1.743,1.66,1.671,8106.428941770003
2024-01-29T00:00:00Z,BANDUSD,1.68,1.725,1.673,1.712,11524.7670139
2024-01-30T00:00:00Z,BANDUSD,1.693,1.735,1.692,1.722,5054.649642030001
2024-01-31T00:00:00Z,BANDUSD,1.671,1.694,1.625,1.635,8424.302843450001
2024-02-01T00:00:00Z,BANDUSD,1.655,1.712,1.638,1.708,4561.885585
2024-02-02T00:00:00Z,BANDUSD,1.747,1.847,1.727,1.805,104147.69809307999
2024-02-03T00:00:00Z,BANDUSD,1.797,1.851,1.786,1.821,32591.839032720003
2024-02-04T00:00:00Z,BANDUSD,1.806,1.918,1.589,1.835,32746.669178019994
2024-02-05T00:00:00Z,BANDUSD,1.831,1.901,1.808,1.812,38441.06817793999
2024-02-06T00:00:00Z,BANDUSD,1.833,1.864,1.813,1.827,16007.448726219998
2024-02-07T00:00:00Z,BANDUSD,1.838,1.9,1.837,1.891,17894.19660379
2024-02-08T00:00:00Z,BANDUSD,1.883,1.946,1.864,1.896,22285.205836490008
2024-02-09T00:00:00Z,BANDUSD,1.906,1.93,1.886,1.926,10610.52474049
2024-02-10T00:00:00Z,BANDUSD,1.939,1.948,1.87,1.897,13881.901313009997
2024-02-11T00:00:00Z,BANDUSD,1.914,1.968,1.905,1.905,16653.227831779997
2024-02-12T00:00:00Z,BANDUSD,1.91,1.954,1.881,1.95,36979.11211003
2024-02-13T00:00:00Z,BANDUSD,1.951,1.955,1.843,1.885,28735.857753129985
2024-02-14T00:00:00Z,BANDUSD,1.884,2.012,1.866,2.012,31267.533254960017
2024-02-15T00:00:00Z,BANDUSD,2.02,2.1,1.998,2.045,65135.928468020014
2024-02-16T00:00:00Z,BANDUSD,2.042,2.093,1.995,2.076,21366.483926139997
2024-02-17T00:00:00Z,BANDUSD,2.07,2.079,1.984,2.042,11264.45227988
2024-02-18T00:00:00Z,BANDUSD,2.032,2.142,2.032,2.072,20734.204454189996
2024-02-19T00:00:00Z,BANDUSD,2.078,2.169,2.076,2.147,28708.116107130005
2024-02-20T00:00:00Z,BANDUSD,2.151,2.17,1.972,2.096,31795.35566314
2024-02-21T00:00:00Z,BANDUSD,2.098,2.12,1.946,2.015,16547.28206354001
2024-02-22T00:00:00Z,BANDUSD,2.018,2.044,1.981,2.002,21648.07642292
2024-02-23T00:00:00Z,BANDUSD,2.007,2.045,1.973,1.996,18219.178356379998
2024-02-24T00:00:00Z,BANDUSD,1.996,2.126,1.99,2.077,53193.79363206001
2024-02-25T00:00:00Z,BANDUSD,2.063,2.092,2.047,2.078,24062.30692702001
2024-02-26T00:00:00Z,BANDUSD,2.08,2.149,2.05,2.148,23488.71519381
2024-02-27T00:00:00Z,BANDUSD,2.149,2.257,2.144,2.189,40951.86719504998
2024-02-28T00:00:00Z,BANDUSD,2.196,2.287,2.001,2.16,96009.19471406002
2024-02-29T00:00:00Z,BANDUSD,2.17,2.235,2.086,2.153,41421.58808023998
2024-03-01T00:00:00Z,BANDUSD,2.179,2.335,2.179,2.325,27594.680668429988
2024-03-02T00:00:00Z,BANDUSD,2.376,2.534,2.331,2.465,71504.43158547
2024-03-03T00:00:00Z,BANDUSD,2.451,2.484,2.181,2.406,37345.7728334
2024-03-04T00:00:00Z,BANDUSD,2.422,2.531,2.37,2.475,38040.893190889976
2024-03-05T00:00:00Z,BANDUSD,2.464,2.544,1.939,2.202,90234.26749246998
2024-03-06T00:00:00Z,BANDUSD,2.212,2.364,2.115,2.359,17282.340052629996
2024-03-07T00:00:00Z,BANDUSD,2.365,2.718,2.316,2.57,40373.24669313002
2024-03-08T00:00:00Z,BANDUSD,2.56,2.573,2.396,2.569,33324.49977397
2024-03-09T00:00:00Z,BANDUSD,2.568,2.649,2.505,2.607,31648.440681550008
2024-03-10T00:00:00Z,BANDUSD,2.618,2.789,2.528,2.756,16956.170619370005
2024-03-11T00:00:00Z,BANDUSD,2.765,2.853,2.487,2.66,139740.29848325998
2024-03-12T00:00:00Z,BANDUSD,2.667,2.67,2.374,2.565,62653.685169929966
2024-03-13T00:00:00Z,BANDUSD,2.566,2.685,2.559,2.668,37004.886693739994
2024-03-14T00:00:00Z,BANDUSD,2.676,2.71,2.473,2.638,22681.512871909996
2024-03-15T00:00:00Z,BANDUSD,2.653,2.681,2.265,2.43,45216.09559857999
2024-03-16T00:00:00Z,BANDUSD,2.442,2.455,2.137,2.166,38542.02415299999
2024-03-17T00:00:00Z,BANDUSD,2.202,2.267,2.081,2.241,19964.00603573999
2024-03-18T00:00:00Z,BANDUSD,2.237,2.277,2.081,2.116,21624.792615229995
2024-03-19T00:00:00Z,BANDUSD,2.125,2.125,1.851,1.867,30876.728798569984
2024-03-20T00:00:00Z,BANDUSD,1.916,2.099,1.812,2.089,22630.91855862999
2024-03-21T00:00:00Z,BANDUSD,2.07,2.113,2.027,2.07,15394.740966909996
2024-03-22T00:00:00Z,BANDUSD,2.082,2.137,1.968,2.048,5775.313818640001
2024-03-23T00:00:00Z,BANDUSD,2.062,2.105,2.054,2.054,5876.939355219998
2024-03-24T00:00:00Z,BANDUSD,2.052,2.107,2.01,2.1,28231.69273442999
2024-03-25T00:00:00Z,BANDUSD,2.097,2.217,2.097,2.203,23431.365179869998
2024-03-26T00:00:00Z,BANDUSD,2.21,2.289,2.21,2.255,6841.613433370003
2024-03-27T00:00:00Z,BANDUSD,2.251,2.308,2.16,2.207,16268.665689959997
2024-03-28T00:00:00Z,BANDUSD,2.218,2.255,2.183,2.216,19542.990228759998
2024-03-29T00:00:00Z,BANDUSD,2.219,2.33,2.192,2.256,9298.93521682
2024-03-30T00:00:00Z,BANDUSD,2.256,2.327,2.237,2.254,14636.83648752
2024-03-31T00:00:00Z,BANDUSD,2.239,2.263,2.228,2.241,4198.657105860002
2024-04-01T00:00:00Z,BANDUSD,2.267,2.294,2.058,2.127,9894.176749580001
2024-04-02T00:00:00Z,BANDUSD,2.117,2.117,1.931,1.99,13929.340261159998
2024-04-03T00:00:00Z,BANDUSD,1.977,2.054,1.951,1.998,8336.5001612
2024-04-04T00:00:00Z,BANDUSD,1.993,2.095,1.96,2.033,4199.56534759
2024-04-05T00:00:00Z,BANDUSD,2.008,2.028,1.948,2.006,2462.46188255
2024-04-06T00:00:00Z,BANDUSD,2.001,2.045,2.001,2.037,8988.91226784
2024-04-07T00:00:00Z,BANDUSD,2.037,2.188,2.037,2.156,21304.985313799996
2024-04-08T00:00:00Z,BANDUSD,2.168,2.226,2.15,2.218,17592.898038779997
2024-04-09T00:00:00Z,BANDUSD,2.224,2.299,2.14,2.16,11075.1367705
2024-04-10T00:00:00Z,BANDUSD,2.154,2.2,2.071,2.2,28186.932116639993
2024-04-11T00:00:00Z,BANDUSD,2.208,2.234,2.136,2.211,9050.873248899998
2024-04-12T00:00:00Z,BANDUSD,2.237,2.237,1.606,1.793,56347.16011917998
2024-04-13T00:00:00Z,BANDUSD,1.78,1.792,1.244,1.428,54543.203300589936
2024-04-14T00:00:00Z,BANDUSD,1.43,1.512,1.381,1.512,38595.76330131
2024-04-15T00:00:00Z,BANDUSD,1.475,1.55,1.34,1.408,39936.19748487998
2024-04-16T00:00:00Z,BANDUSD,1.428,1.456,1.364,1.451,24070.631038009993
2024-04-17T00:00:00Z,BANDUSD,1.433,1.456,1.374,1.446,27700.763448309997
2024-04-18T00:00:00Z,BANDUSD,1.414,1.491,1.399,1.484,5443.4883693
2024-04-19T00:00:00Z,BANDUSD,1.477,1.522,1.356,1.484,3840.4860888699995
2024-04-20T00:00:00Z,BANDUSD,1.48,1.614,1.468,1.614,9738.7253633
2024-04-21T00:00:00Z,BANDUSD,1.597,1.622,1.56,1.599,4865.25591384
2024-04-22T00:00:00Z,BANDUSD,1.614,1.66,1.596,1.646,19962.090871719996
2024-04-23T00:00:00Z,BANDUSD,1.658,1.672,1.632,1.658,13620.945472160001
2024-04-24T00:00:00Z,BANDUSD,1.659,1.704,1.537,1.539,11777.74908251
2024-04-25T00:00:00Z,BANDUSD,1.557,1.579,1.498,1.549,7058.204568739999
2024-04-26T00:00:00Z,BANDUSD,1.524,1.564,1.519,1.536,6515.217924859999
2024-04-27T00:00:00Z,BANDUSD,1.516,1.536,1.469,1.533,6986.812392909998
2024-04-28T00:00:00Z,BANDUSD,1.534,1.555,1.5,1.5,17945.375281059998
2024-04-29T00:00:00Z,BANDUSD,1.494,1.494,1.196,1.473,26962.003235570006
2024-04-30T00:00:00Z,BANDUSD,1.471,1.494,1.373,1.411,15628.79057818
2024-05-01T00:00:00Z,BANDUSD,1.417,1.464,1.348,1.451,6216.057708450002
2024-05-02T00:00:00Z,BANDUSD,1.439,1.519,1.417,1.519,7316.979287539999
2024-05-03T00:00:00Z,BANDUSD,1.488,1.526,1.462,1.514,11901.905617569997
2024-05-04T00:00:00Z,BANDUSD,1.516,1.526,1.502,1.517,20267.57467883
2024-05-05T00:00:00Z,BANDUSD,1.494,1.524,1.473,1.497,4075.4117049800006
2024-05-06T00:00:00Z,BANDUSD,1.527,1.564,1.493,1.494,19110.67153586
2024-05-07T00:00:00Z,BANDUSD,1.494,1.52,1.471,1.471,6939.82993411
2024-05-08T00:00:00Z,BANDUSD,1.467,1.604,1.437,1.519,67186.16338839002
2024-05-09T00:00:00Z,BANDUSD,1.519,1.58,1.496,1.575,37435.018138409985
2024-05-10T00:00:00Z,BANDUSD,1.56,1.575,1.474,1.478,25906.730283940004
2024-05-11T00:00:00Z,BANDUSD,1.479,1.505,1.479,1.486,9175.057525830001
2024-05-12T00:00:00Z,BANDUSD,1.495,1.512,1.473,1.475,18862.59698941
2024-05-13T00:00:00Z,BANDUSD,1.469,1.469,1.373,1.381,12730.399781680002
2024-05-14T00:00:00Z,BANDUSD,1.37,1.396,1.35,1.351,11545.744646120002
2024-05-15T00:00:00Z,BANDUSD,1.341,1.464,1.341,1.464,9940.963226509997
2024-05-16T00:00:00Z,BANDUSD,1.461,1.496,1.455,1.462,9090.75282034
2024-05-17T00:00:00Z,BANDUSD,1.474,1.533,1.468,1.529,18086.177683109996
2024-05-18T00:00:00Z,BANDUSD,1.518,1.52,1.494,1.513,3392.76151735
2024-05-19T00:00:00Z,BANDUSD,1.517,1.517,1.481,1.499,1456.39921
2024-05-20T00:00:00Z,BANDUSD,1.494,1.585,1.494,1.585,28530.940580339997
2024-05-21T00:00:00Z,BANDUSD,1.595,1.65,1.579,1.625,4222.76956794
2024-05-22T00:00:00Z,BANDUSD,1.619,1.662,1.584,1.626,12817.420473609996
2024-05-23T00:00:00Z,BANDUSD,1.657,1.665,1.526,1.607,14392.302085570002
2024-05-24T00:00:00Z,BANDUSD,1.612,1.717,1.59,1.717,10672.724658219999
2024-05-25T00:00:00Z,BANDUSD,1.736,1.79,1.729,1.729,18010.03341954
2024-05-26T00:00:00Z,BANDUSD,1.734,1.751,1.705,1.751,7458.771276900001
2024-05-27T00:00:00Z,BANDUSD,1.731,1.826,1.696,1.794,15932.865827709997
2024-05-28T00:00:00Z,BANDUSD,1.794,1.81,1.731,1.75,23114.67559864
2024-05-29T00:00:00Z,BANDUSD,1.737,1.855,1.736,1.761,29889.909996430015
2024-05-30T00:00:00Z,BANDUSD,1.751,1.811,1.679,1.713,20358.334236029987
2024-05-31T00:00:00Z,BANDUSD,1.734,1.755,1.702,1.715,17307.30785896
2024-06-01T00:00:00Z,BANDUSD,1.715,1.778,1.715,1.771,8398.068561810001
2024-06-02T00:00:00Z,BANDUSD,1.776,1.806,1.716,1.722,17750.45704557
2024-06-03T00:00:00Z,BANDUSD,1.709,1.753,1.705,1.706,13135.865195829998
2024-06-04T00:00:00Z,BANDUSD,1.715,1.78,1.681,1.77,26558.632710899998
2024-06-05T00:00:00Z,BANDUSD,1.784,1.805,1.735,1.769,16609.083436310004
2024-06-06T00:00:00Z,BANDUSD,1.767,1.814,1.737,1.771,17330.142320519994
2024-06-07T00:00:00Z,BANDUSD,1.761,1.777,1.471,1.596,62728.09020401996
2024-06-08T00:00:00Z,BANDUSD,1.595,1.617,1.477,1.487,20958.633566549997
2024-06-09T00:00:00Z,BANDUSD,1.496,1.503,1.481,1.499,4716.61375372
2024-06-10T00:00:00Z,BANDUSD,1.492,1.497,1.456,1.46,24765.366522130003
2024-06-11T00:00:00Z,BANDUSD,1.468,1.469,1.367,1.4,18018.48725816
2024-06-12T00:00:00Z,BANDUSD,1.392,1.491,1.373,1.449,7630.029273539999
2024-06-13T00:00:00Z,BANDUSD,1.46,1.466,1.379,1.385,8608.08542898
2024-06-14T00:00:00Z,BANDUSD,1.386,1.402,1.302,1.314,14375.070131649998
2024-06-15T00:00:00Z,BANDUSD,1.336,1.349,1.326,1.349,181.11200307
2024-06-16T00:00:00Z,BANDUSD,1.335,1.352,1.308,1.352,553.8576216900001
2024-06-17T00:00:00Z,BANDUSD,1.343,1.357,1.229,1.266,4589.97886039
2024-06-18T00:00:00Z,BANDUSD,1.268,1.268,1.103,1.125,37364.00912884
2024-06-19T00:00:00Z,BANDUSD,1.131,1.153,1.131,1.136,10823.853846149997
2024-06-20T00:00:00Z,BANDUSD,1.104,1.167,1.103,1.139,3903.3245570799986
2024-06-21T00:00:00Z,BANDUSD,1.128,1.159,1.122,1.122,3781.65536159
2024-06-22T00:00:00Z,BANDUSD,1.113,1.128,1.105,1.124,9818.002810339998
2024-06-23T00:00:00Z,BANDUSD,1.124,1.204,1.068,1.068,27028.493813990004
2024-06-24T00:00:00Z,BANDUSD,1.055,1.121,1.026,1.121,48950.935592149974
2024-06-25T00:00:00Z,BANDUSD,1.134,1.16,1.121,1.125,9896.520992239999
2024-06-26T00:00:00Z,BANDUSD,1.147,1.147,1.129,1.134,7775.937823229999
2024-06-27T00:00:00Z,BANDUSD,1.133,1.179,1.12,1.159,36275.170256339996
2024-06-28T00:00:00Z,BANDUSD,1.17,1.17,1.137,1.137,1814.3233895999997
2024-06-29T00:00:00Z,BANDUSD,1.162,1.184,1.156,1.156,2988.8442016000004
2024-06-30T00:00:00Z,BANDUSD,1.147,1.244,1.141,1.231,9035.53117799
2024-07-01T00:00:00Z,BANDUSD,1.233,1.262,1.227,1.246,14136.395430229995
2024-07-02T00:00:00Z,BANDUSD,1.248,1.283,1.238,1.283,4276.62808071
2024-07-03T00:00:00Z,BANDUSD,1.254,1.269,1.202,1.225,16042.61824217
2024-07-04T00:00:00Z,BANDUSD,1.227,1.231,1.068,1.072,19484.697298299994
2024-07-05T00:00:00Z,BANDUSD,1.045,1.047,0.912,0.934,59633.25629112
2024-07-06T00:00:00Z,BANDUSD,0.949,1.136,0.949,1.087,51133.723474300015
2024-07-07T00:00:00Z,BANDUSD,1.066,1.066,1.002,1.002,2438.9759341900003
2024-07-08T00:00:00Z,BANDUSD,0.958,1.069,0.958,1.03,6979.40584874
2024-07-09T00:00:00Z,BANDUSD,1.027,1.056,1.027,1.048,619.5144922
2024-07-10T00:00:00Z,BANDUSD,1.053,1.093,1.053,1.069,437.67218051000003
2024-07-11T00:00:00Z,BANDUSD,1.06,1.1,1.02,1.02,9538.4787986
2024-07-12T00:00:00Z,BANDUSD,1.038,1.088,1.037,1.081,5882.65810052
2024-07-13T00:00:00Z,BANDUSD,1.086,1.103,1.059,1.08,2621.74012009
2024-07-14T00:00:00Z,BANDUSD,1.101,1.142,1.077,1.142,8178.692824019998
2024-07-15T00:00:00Z,BANDUSD,1.148,1.204,1.142,1.204,6753.7236665
2024-07-16T00:00:00Z,BANDUSD,1.212,1.244,1.155,1.232,9413.76514264
2024-07-17T00:00:00Z,BANDUSD,1.25,1.253,1.209,1.209,9210.91410204
2024-07-18T00:00:00Z,BANDUSD,1.222,1.25,1.187,1.218,8739.818245529998
2024-07-19T00:00:00Z,BANDUSD,1.231,1.336,1.225,1.336,16137.955759440003
2024-07-20T00:00:00Z,BANDUSD,1.336,1.485,1.324,1.4,58118.56793366
2024-07-21T00:00:00Z,BANDUSD,1.431,1.472,1.332,1.46,51272.118609189994
2024-07-22T00:00:00Z,BANDUSD,1.479,1.484,1.388,1.39,29528.855231870006
2024-07-23T00:00:00Z,BANDUSD,1.41,1.417,1.327,1.346,10276.493476160002
2024-07-24T00:00:00Z,BANDUSD,1.351,1.408,1.346,1.357,13152.01103951
2024-07-25T00:00:00Z,BANDUSD,1.361,1.361,1.252,1.308,26850.719903549998
2024-07-26T00:00:00Z,BANDUSD,1.322,1.557,1.322,1.557,16275.606657989998
2024-07-27T00:00:00Z,BANDUSD,1.566,1.592,1.517,1.555,97666.65635109995
2024-07-28T00:00:00Z,BANDUSD,1.54,1.58,1.515,1.515,17104.030211100002
2024-07-29T00:00:00Z,BANDUSD,1.544,1.556,1.481,1.489,9066.77331248
2024-07-30T00:00:00Z,BANDUSD,1.507,1.531,1.413,1.424,16021.47630223
2024-07-31T00:00:00Z,BANDUSD,1.427,1.44,1.386,1.391,11334.031633509994
2024-08-01T00:00:00Z,BANDUSD,1.396,1.403,1.285,1.35,9708.013706169999
2024-08-02T00:00:00Z,BANDUSD,1.34,1.34,1.167,1.17,28135.65536957
2024-08-03T00:00:00Z,BANDUSD,1.163,1.201,1.079,1.092,25742.65157549
2024-08-04T00:00:00Z,BANDUSD,1.095,1.116,1.044,1.116,4670.94267771
2024-08-05T00:00:00Z,BANDUSD,1.101,1.101,0.898,1.018,42500.89097097999
2024-08-06T00:00:00Z,BANDUSD,1.058,1.084,1.031,1.031,21051.998338169997
2024-08-07T00:00:00Z,BANDUSD,1.037,1.069,0.983,0.989,6851.72407888
2024-08-08T00:00:00Z,BANDUSD,0.976,1.145,0.976,1.145,17501.28255177999
2024-08-09T00:00:00Z,BANDUSD,1.142,1.148,1.11,1.126,20093.13570943
2024-08-10T00:00:00Z,BANDUSD,1.131,1.153,1.101,1.15,6225.311752609998
2024-08-11T00:00:00Z,BANDUSD,1.155,1.16,1.078,1.087,19709.70068734
2024-08-12T00:00:00Z,BANDUSD,1.089,1.136,1.068,1.082,2203.38134393
2024-08-13T00:00:00Z,BANDUSD,1.091,1.263,1.054,1.184,21972.992781920002
2024-08-14T00:00:00Z,BANDUSD,1.18,1.18,1.075,1.093,39878.05053106
2024-08-15T00:00:00Z,BANDUSD,1.114,1.166,1.04,1.054,13974.583322649998
2024-08-16T00:00:00Z,BANDUSD,1.059,1.069,1.027,1.069,7963.024459230002
2024-08-17T00:00:00Z,BANDUSD,1.051,1.064,1.049,1.064,4270.83931552
2024-08-18T00:00:00Z,BANDUSD,1.062,1.105,1.059,1.101,2151.69090432
2024-08-19T00:00:00Z,BANDUSD,1.077,1.09,1.068,1.086,5413.1001270099905
2024-08-20T00:00:00Z,BANDUSD,1.118,1.131,1.097,1.131,3456.60656117
2024-08-21T00:00:00Z,BANDUSD,1.131,1.176,1.131,1.167,4717.515036479999
2024-08-22T00:00:00Z,BANDUSD,1.167,1.196,1.166,1.196,16438.72997399
2024-08-23T00:00:00Z,BANDUSD,1.199,1.26,1.199,1.26,8611.663156569999
2024-08-24T00:00:00Z,BANDUSD,1.257,1.304,1.234,1.277,15025.770463289999
2024-08-25T00:00:00Z,BANDUSD,1.219,1.262,1.219,1.259,3129.4348750099994
2024-08-26T00:00:00Z,BANDUSD,1.251,1.254,1.203,1.214,11988.33170625
2024-08-27T00:00:00Z,BANDUSD,1.216,1.252,1.094,1.106,10711.404082369996
2024-08-28T00:00:00Z,BANDUSD,1.099,1.121,1.067,1.077,2385.83247439
2024-08-29T00:00:00Z,BANDUSD,1.096,1.122,1.076,1.076,3178.8793402300003
2024-08-30T00:00:00Z,BANDUSD,1.086,1.107,1.077,1.077,7972.6541117199995
2024-08-31T00:00:00Z,BANDUSD,1.086,1.086,1.05,1.058,2244.97645119
2024-09-01T00:00:00Z,BANDUSD,1.053,1.053,0.994,1.0,8439.04107709
2024-09-02T00:00:00Z,BANDUSD,1.008,1.063,1.008,1.062,597.15911081
2024-09-03T00:00:00Z,BANDUSD,1.081,1.096,1.056,1.059,309.17802118000003
2024-09-04T00:00:00Z,BANDUSD,1.031,1.078,0.998,1.053,8279.266303729999
2024-09-05T00:00:00Z,BANDUSD,1.063,1.065,1.042,1.052,1108.62534329
2024-09-06T00:00:00Z,BANDUSD,1.042,1.049,0.96,0.986,4786.67456834
2024-09-07T00:00:00Z,BANDUSD,0.989,1.012,0.982,0.993,2626.9716355699998
2024-09-08T00:00:00Z,BANDUSD,1.018,1.022,1.007,1.022,5206.612242560001
2024-09-09T00:00:00Z,BANDUSD,1.026,1.07,1.026,1.07,3004.61929483
2024-09-10T00:00:00Z,BANDUSD,1.083,1.105,1.083,1.103,850.7191579099999
2024-09-11T00:00:00Z,BANDUSD,1.09,1.09,1.056,1.068,15029.746272779998
2024-09-12T00:00:00Z,BANDUSD,1.068,1.113,1.068,1.112,9556.59420697
2024-09-13T00:00:00Z,BANDUSD,1.114,1.128,1.091,1.128,1151.19701187
2024-09-14T00:00:00Z,BANDUSD,1.125,1.125,1.084,1.101,1395.98659282
2024-09-15T00:00:00Z,BANDUSD,1.109,1.109,1.109,1.109,135.99274705
2024-09-16T00:00:00Z,BANDUSD,1.084,1.084,1.031,1.031,938.64294865
2024-09-17T00:00:00Z,BANDUSD,1.042,1.121,1.042,1.118,2989.16633638
2024-09-18T00:00:00Z,BANDUSD,1.131,1.163,1.102,1.163,6210.437527650001
2024-09-19T00:00:00Z,BANDUSD,1.181,1.212,1.178,1.203,2373.9853677799997
2024-09-20T00:00:00Z,BANDUSD,1.182,1.238,1.182,1.238,7727.355970199999
2024-09-21T00:00:00Z,BANDUSD,1.248,1.278,1.236,1.262,3565.76032554
2024-09-22T00:00:00Z,BANDUSD,1.239,1.239,1.213,1.213,1037.7604335
2024-09-23T00:00:00Z,BANDUSD,1.269,1.278,1.261,1.266,560.8535427700001
2024-09-24T00:00:00Z,BANDUSD,1.27,1.274,1.234,1.267,3348.05966881
2024-09-25T00:00:00Z,BANDUSD,1.276,1.333,1.276,1.276,31865.58600962
2024-09-26T00:00:00Z,BANDUSD,1.273,1.336,1.264,1.303,11849.453382360003
2024-09-27T00:00:00Z,BANDUSD,1.319,1.342,1.319,1.326,960.6905769399999
2024-09-28T00:00:00Z,BANDUSD,1.336,1.336,1.307,1.309,1884.20478296
2024-09-29T00:00:00Z,BANDUSD,1.316,1.34,1.294,1.34,10610.153008690002
2024-09-30T00:00:00Z,BANDUSD,1.324,1.324,1.214,1.226,15449.834285079998
2024-10-01T00:00:00Z,BANDUSD,1.216,1.264,1.088,1.103,10904.082992049998
2024-10-02T00:00:00Z,BANDUSD,1.113,1.147,1.082,1.093,5927.791206400001
2024-10-03T00:00:00Z,BANDUSD,1.1120,1.1120,1.0450,1.0750,11094.84893415
2024-10-04T00:00:00Z,BANDUSD,1.1120,1.1440,1.0980,1.1440,11855.22659152
2024-10-05T00:00:00Z,BANDUSD,1.1440,1.1800,1.1240,1.1310,3065.20833221
2024-10-06T00:00:00Z,BANDUSD,1.1420,1.1660,1.1420,1.1660,64.41018781
2024-10-07T00:00:00Z,BANDUSD,1.1680,1.1870,1.1330,1.1450,12799.28321911
2024-10-08T00:00:00Z,BANDUSD,1.1410,1.1540,1.0990,1.1000,4034.52473154
2024-10-09T00:00:00Z,BANDUSD,1.1090,1.1260,1.0890,1.0890,1984.75086697
2024-10-10T00:00:00Z,BANDUSD,1.0830,1.0970,1.0550,1.0550,2480.91201166
2024-10-11T00:00:00Z,BANDUSD,1.0890,1.1330,1.0860,1.1300,2407.60442868
2024-10-12T00:00:00Z,BANDUSD,1.1290,1.1580,1.1290,1.1540,1769.78955418
2024-10-13T00:00:00Z,BANDUSD,1.1560,1.1560,1.0960,1.1150,561.22664873
2024-10-14T00:00:00Z,BANDUSD,1.1240,1.1830,1.1170,1.1820,3689.47679939
2024-10-15T00:00:00Z,BANDUSD,1.1790,1.1840,1.1140,1.1440,10205.87200961
2024-10-16T00:00:00Z,BANDUSD,1.1550,1.1550,1.1250,1.1400,1034.57755804
2024-10-17T00:00:00Z,BANDUSD,1.1340,1.1340,1.0800,1.1070,393.90242449
2024-10-18T00:00:00Z,BANDUSD,1.1050,1.1380,1.1050,1.1380,3710.88095201
2024-10-19T00:00:00Z,BANDUSD,1.1530,1.1890,1.1500,1.1660,8691.09863002
2024-10-20T00:00:00Z,BANDUSD,1.1590,1.2280,1.1560,1.2260,6699.16165585
2024-10-21T00:00:00Z,BANDUSD,1.2300,1.2540,1.1820,1.1920,11607.07294986
2024-10-22T00:00:00Z,BANDUSD,1.1920,1.1960,1.1610,1.1880,7209.74787536
2024-10-23T00:00:00Z,BANDUSD,1.1650,1.1730,1.1160,1.1420,4989.51118532
2024-10-24T00:00:00Z,BANDUSD,1.1630,1.1740,1.1240,1.1680,11206.96301492
2024-10-25T00:00:00Z,BANDUSD,1.1630,1.1710,1.0040,1.0390,14828.41331400
2024-10-26T00:00:00Z,BANDUSD,1.0300,1.0640,1.0290,1.0420,5178.95292929
2024-10-27T00:00:00Z,BANDUSD,1.0410,1.0920,1.0380,1.0890,5818.29848378
2024-10-28T00:00:00Z,BANDUSD,1.0670,1.0740,1.0460,1.0730,3376.35132820
2024-10-29T00:00:00Z,BANDUSD,1.1200,1.1580,1.1010,1.1540,1598.56339370
2024-10-30T00:00:00Z,BANDUSD,1.1700,1.2730,1.1520,1.2370,19687.22062120
2024-10-31T00:00:00Z,BANDUSD,1.2520,1.2560,1.1150,1.1270,34799.08781341
2024-11-01T00:00:00Z,BANDUSD,1.1150,1.1150,1.0530,1.0530,8874.08394262
2024-11-02T00:00:00Z,BANDUSD,1.0660,1.0750,1.0340,1.0400,3296.39134885
2024-11-03T00:00:00Z,BANDUSD,1.0290,1.0290,0.9540,0.9940,6428.43116265
2024-11-04T00:00:00Z,BANDUSD,0.9870,1.0060,0.9640,0.9700,5851.74724064
2024-11-05T00:00:00Z,BANDUSD,0.9790,1.0370,0.9750,1.0170,5362.95219043
2024-11-06T00:00:00Z,BANDUSD,1.0240,1.1560,1.0230,1.1520,9671.80053434
2024-11-07T00:00:00Z,BANDUSD,1.1590,1.1800,1.1490,1.1710,6266.60702782
2024-11-08T00:00:00Z,BANDUSD,1.1740,1.1740,1.1420,1.1560,3604.02667278
2024-11-09T00:00:00Z,BANDUSD,1.1760,1.2190,1.1750,1.2190,7985.22560851
2024-11-10T00:00:00Z,BANDUSD,1.2120,1.2960,1.1960,1.2440,24099.28238242
2024-11-11T00:00:00Z,BANDUSD,1.2650,1.3270,1.2300,1.3210,18845.16691483
2024-11-12T00:00:00Z,BANDUSD,1.3060,1.3840,1.2300,1.3040,76376.42942107
2024-11-13T00:00:00Z,BANDUSD,1.3010,1.3110,1.1670,1.2060,13109.96872799
2024-11-14T00:00:00Z,BANDUSD,1.2270,1.2630,1.1780,1.1780,31496.63257861
2024-11-15T00:00:00Z,BANDUSD,1.2070,1.2550,1.1600,1.2500,26852.86732118
2024-11-16T00:00:00Z,BANDUSD,1.2480,1.3610,1.2480,1.3610,21830.38213528
2024-11-17T00:00:00Z,BANDUSD,1.3730,1.3750,1.2820,1.2850,13798.06580302
2024-11-18T00:00:00Z,BANDUSD,1.2810,1.3890,1.1850,1.3590,46111.15884077
2024-11-19T00:00:00Z,BANDUSD,1.3770,1.3820,1.2900,1.3150,16726.91986300
2024-11-20T00:00:00Z,BANDUSD,1.3110,1.3110,1.2210,1.2410,15185.95312841
2024-11-21T00:00:00Z,BANDUSD,1.2390,1.3380,1.2150,1.3380,10192.63436949
2024-11-22T00:00:00Z,BANDUSD,1.3360,1.3810,1.3000,1.3810,11753.85851457
2024-11-23T00:00:00Z,BANDUSD,1.3790,1.4720,1.3650,1.4310,35033.30802854
2024-11-24T00:00:00Z,BANDUSD,1.4440,1.5420,1.3840,1.5420,61228.80859356
2024-11-25T00:00:00Z,BANDUSD,1.5370,1.6360,1.4730,1.5270,47536.33989992
2024-11-26T00:00:00Z,BANDUSD,1.5400,1.5980,1.4430,1.5760,11038.07946520
2024-11-27T00:00:00Z,BANDUSD,1.5580,1.7100,1.5570,1.6630,34037.95596980
2024-11-28T00:00:00Z,BANDUSD,1.6590,1.6950,1.6120,1.6950,16456.62432901
2024-11-29T00:00:00Z,BANDUSD,1.6870,1.8160,1.6840,1.7740,18871.91294727
2024-11-30T00:00:00Z,BANDUSD,1.7700,2.1590,1.7560,1.9020,15478.89019397
2024-12-01T00:00:00Z,BANDUSD,1.8650,1.9170,1.8150,1.8890,8971.73637300
2024-12-02T00:00:00Z,BANDUSD,1.9010,2.0060,1.7630,1.9290,64427.74998735
2024-12-03T00:00:00Z,BANDUSD,1.9440,2.1540,1.8720,2.1540,65330.13083160
2024-12-04T00:00:00Z,BANDUSD,2.1380,2.2860,2.1060,2.1700,43561.38405697
2024-12-05T00:00:00Z,BANDUSD,2.1870,2.6000,2.0800,2.1850,76143.51645198
2024-12-06T00:00:00Z,BANDUSD,2.2030,2.2540,1.8000,2.2190,39411.32692356
2024-12-07T00:00:00Z,BANDUSD,2.2020,2.2680,2.1670,2.2010,8108.22919794
2024-12-08T00:00:00Z,BANDUSD,2.1800,2.2890,2.1220,2.2890,7149.37238000
2024-12-09T00:00:00Z,BANDUSD,2.2850,2.2970,1.5000,1.7630,44428.07093319
2024-12-10T00:00:00Z,BANDUSD,1.7560,1.8270,1.5310,1.6720,45545.37107147
2024-12-11T00:00:00Z,BANDUSD,1.6350,2.4750,1.6220,1.8390,16146.25953065
2024-12-12T00:00:00Z,BANDUSD,1.8240,2.2310,1.8130,2.0750,46438.19484410
2024-12-13T00:00:00Z,BANDUSD,2.0790,2.0900,1.9610,2.0010,9189.49552598
2024-12-14T00:00:00Z,BANDUSD,2.0290,2.0370,1.8200,1.8530,13235.54572259
2024-12-15T00:00:00Z,BANDUSD,1.8380,1.9250,1.8010,1.9110,2289.84350557
2024-12-16T00:00:00Z,BANDUSD,1.9420,1.9810,1.8140,1.8910,10797.34124742
2024-12-17T00:00:00Z,BANDUSD,1.8610,1.8930,1.7480,1.7480,28309.13921529
2024-12-18T00:00:00Z,BANDUSD,1.7630,1.7630,1.5760,1.5850,14259.81780788
2024-12-19T00:00:00Z,BANDUSD,1.5770,1.6000,1.3960,1.4420,20066.65957535
2024-12-20T00:00:00Z,BANDUSD,1.4500,1.5250,1.2400,1.4800,26596.84997420
2024-12-21T00:00:00Z,BANDUSD,1.4880,1.5810,1.3760,1.3910,19421.71927642
2024-12-22T00:00:00Z,BANDUSD,1.3920,1.4340,1.3560,1.4140,2023.93843008
2024-12-23T00:00:00Z,BANDUSD,1.3900,1.5740,1.3840,1.5090,10993.63482741
2024-12-24T00:00:00Z,BANDUSD,1.5020,1.5780,1.4850,1.5640,11737.43702072
2024-12-25T00:00:00Z,BANDUSD,1.5640,1.5840,1.5220,1.5400,13701.79583803
2024-12-26T00:00:00Z,BANDUSD,1.5380,1.5380,1.4030,1.4200,3406.44786145
2024-12-27T00:00:00Z,BANDUSD,1.4270,1.5080,1.4140,1.4430,1292.71878940
2024-12-28T00:00:00Z,BANDUSD,1.4410,1.5260,1.4390,1.5100,5820.38471517
2024-12-29T00:00:00Z,BANDUSD,1.5120,1.5120,1.4540,1.4540,767.77374271
2024-12-30T00:00:00Z,BANDUSD,1.4470,1.4960,1.4010,1.4590,2349.85745689
2024-12-31T00:00:00Z,BANDUSD,1.4220,1.5560,1.4080,1.4090,2077.11103761
2025-01-01T00:00:00Z,BANDUSD,1.4110,1.4550,1.3800,1.4550,3380.33687927
2025-01-02T00:00:00Z,BANDUSD,1.4600,1.5300,1.4570,1.4900,8084.01875821
2025-01-03T00:00:00Z,BANDUSD,1.5100,1.5810,1.4790,1.5810,7875.90476047
2025-01-04T00:00:00Z,BANDUSD,1.5930,1.5940,1.5520,1.5780,3479.99453739
2025-01-05T00:00:00Z,BANDUSD,1.5600,1.5910,1.5580,1.5900,8457.02422125
2025-01-06T00:00:00Z,BANDUSD,1.5680,1.6420,1.5600,1.6000,62894.75626036
2025-01-07T00:00:00Z,BANDUSD,1.5790,1.5880,1.4450,1.4450,4651.09956618
2025-01-08T00:00:00Z,BANDUSD,1.4540,1.5260,1.3380,1.3730,19947.59574896
2025-01-09T00:00:00Z,BANDUSD,1.3860,1.3990,1.2960,1.3310,4487.83752757
2025-01-10T00:00:00Z,BANDUSD,1.3380,1.3820,1.3290,1.3730,15231.93452802
2025-01-11T00:00:00Z,BANDUSD,1.3500,1.3810,1.3450,1.3590,2633.97472520
2025-01-12T00:00:00Z,BANDUSD,1.3640,1.3710,1.3180,1.3320,3736.12792502
2025-01-13T00:00:00Z,BANDUSD,1.3490,1.3650,1.1830,1.2790,67275.74297247
2025-01-14T00:00:00Z,BANDUSD,1.2740,1.3310,1.2740,1.3250,8839.77343735
2025-01-15T00:00:00Z,BANDUSD,1.3230,1.3990,1.2900,1.3990,10521.43804363
2025-01-16T00:00:00Z,BANDUSD,1.4030,1.4200,1.3580,1.3890,4664.61777819
2025-01-17T00:00:00Z,BANDUSD,1.3980,1.5200,1.3980,1.5030,12575.94274003
2025-01-18T00:00:00Z,BANDUSD,1.5090,1.5130,1.3720,1.3870,4618.76422019
2025-01-19T00:00:00Z,BANDUSD,1.4370,1.4420,1.2740,1.3050,25429.02226381
2025-01-20T00:00:00Z,BANDUSD,1.2890,1.3400,1.2040,1.2150,12258.80698556
2025-01-21T00:00:00Z,BANDUSD,1.1790,1.2690,1.1670,1.2390,20348.76237274
2025-01-22T00:00:00Z,BANDUSD,1.2380,1.2780,1.2210,1.2210,20345.93148224
2025-01-23T00:00:00Z,BANDUSD,1.2270,1.2300,1.1740,1.1830,6227.72973753
2025-01-24T00:00:00Z,BANDUSD,1.2080,1.2530,1.1740,1.1740,36551.64070817
2025-01-25T00:00:00Z,BANDUSD,1.1580,1.2090,1.1580,1.2080,5369.38812529
2025-01-26T00:00:00Z,BANDUSD,1.2130,1.3850,1.2130,1.2660,58862.05110753
2025-01-27T00:00:00Z,BANDUSD,1.2660,1.2690,1.1340,1.1990,12975.80939399
2025-01-28T00:00:00Z,BANDUSD,1.1970,1.1970,1.1000,1.1000,7029.10763177
2025-01-29T00:00:00Z,BANDUSD,1.1040,1.1650,1.1010,1.1440,20472.57811741
2025-01-30T00:00:00Z,BANDUSD,1.1390,1.2170,1.1390,1.1990,6149.87526735
2025-01-31T00:00:00Z,BANDUSD,1.1780,1.2230,1.1660,1.1850,5491.32975532
2025-02-01T00:00:00Z,BANDUSD,1.1800,1.1980,1.0700,1.0730,5284.64800533
2025-02-02T00:00:00Z,BANDUSD,1.0720,1.0840,0.9490,0.9880,29881.62612156
2025-02-03T00:00:00Z,BANDUSD,1.0080,1.0400,0.6760,1.0310,62721.78610459
2025-02-04T00:00:00Z,BANDUSD,1.0070,1.0070,0.8960,0.9240,46821.91133375
2025-02-05T00:00:00Z,BANDUSD,0.9230,0.9480,0.8960,0.8960,13548.57982740
2025-02-06T00:00:00Z,BANDUSD,0.9220,0.9220,0.8470,0.8530,10890.67775607
2025-02-07T00:00:00Z,BANDUSD,0.8760,0.9180,0.8710,0.8710,10140.51877893
2025-02-08T00:00:00Z,BANDUSD,0.8790,0.9170,0.8560,0.9170,7575.07517306
2025-02-09T00:00:00Z,BANDUSD,0.9350,0.9530,0.8630,0.9040,7099.03559325
2025-02-10T00:00:00Z,BANDUSD,0.9170,0.9560,0.9170,0.9470,6965.05464924
2025-02-11T00:00:00Z,BANDUSD,0.9560,1.0020,0.9480,0.9530,9412.92548501
2025-02-12T00:00:00Z,BANDUSD,0.9660,1.0140,0.9180,1.0000,20180.76385074
2025-02-13T00:00:00Z,BANDUSD,0.9970,0.9970,0.9610,0.9940,23390.24317184
2025-02-14T00:00:00Z,BANDUSD,0.9870,1.0180,0.9730,0.9900,16511.23712490
2025-02-15T00:00:00Z,BANDUSD,1.0020,1.0060,0.9680,0.9680,4456.52557745
2025-02-16T00:00:00Z,BANDUSD,0.9750,1.0010,0.9570,0.9620,7903.36298262
2025-02-17T00:00:00Z,BANDUSD,0.9710,1.0450,0.9650,0.9880,10062.50358253
2025-02-18T00:00:00Z,BANDUSD,0.9560,0.9600,0.9080,0.9430,9805.15537522
2025-02-19T00:00:00Z,BANDUSD,0.9480,0.9790,0.9480,0.9790,950.07538671
2025-02-20T00:00:00Z,BANDUSD,0.9940,1.0490,0.9940,1.0490,5243.01122124
2025-02-21T00:00:00Z,BANDUSD,1.0560,1.1760,1.0560,1.0950,17366.52173880
2025-02-22T00:00:00Z,BANDUSD,1.0830,1.1150,1.0710,1.1150,5317.24704806
2025-02-23T00:00:00Z,BANDUSD,1.1180,1.1210,1.0760,1.0760,11676.92482948
2025-02-24T00:00:00Z,BANDUSD,1.0920,1.0920,0.8850,0.8960,26139.72135531
2025-02-25T00:00:00Z,BANDUSD,0.9090,0.9360,0.8360,0.9350,26119.77640994
2025-02-26T00:00:00Z,BANDUSD,0.9280,0.9930,0.9270,0.9800,20953.67334820
2025-02-27T00:00:00Z,BANDUSD,0.9850,1.0180,0.9630,0.9720,19314.67224158
2025-02-28T00:00:00Z,BANDUSD,0.9600,0.9710,0.8910,0.9600,48420.21835643
2025-03-01T00:00:00Z,BANDUSD,0.9510,0.9850,0.9120,0.9850,12663.08073332
2025-03-02T00:00:00Z,BANDUSD,0.9770,1.0520,0.9570,1.0520,35075.23975481
2025-03-03T00:00:00Z,BANDUSD,1.0510,1.0510,0.8990,0.9180,16216.42100827
2025-03-04T00:00:00Z,BANDUSD,0.8960,0.8990,0.8240,0.8640,24452.60390819
2025-03-05T00:00:00Z,BANDUSD,0.8700,0.9200,0.8680,0.9150,1232.39305308
2025-03-06T00:00:00Z,BANDUSD,0.9190,0.9340,0.8760,0.8980,3828.87446763
2025-03-07T00:00:00Z,BANDUSD,0.8990,0.9370,0.8490,0.9020,19034.48927798
2025-03-08T00:00:00Z,BANDUSD,0.8730,0.8830,0.8680,0.8680,5015.98217335
2025-03-09T00:00:00Z,BANDUSD,0.8770,0.8780,0.7630,0.7650,1805.02110111
2025-03-10T00:00:00Z,BANDUSD,0.7640,0.8160,0.7080,0.7340,24049.83047380
2025-03-11T00:00:00Z,BANDUSD,0.7150,0.7600,0.6820,0.7500,22932.66981206
2025-03-12T00:00:00Z,BANDUSD,0.7480,0.7740,0.7180,0.7560,8225.74196555
2025-03-13T00:00:00Z,BANDUSD,0.7580,0.7600,0.7240,0.7250,12744.93377893
2025-03-14T00:00:00Z,BANDUSD,0.7550,0.7870,0.7510,0.7740,8405.78604483
2025-03-15T00:00:00Z,BANDUSD,0.7710,0.7920,0.7710,0.7920,1170.31528001
2025-03-16T00:00:00Z,BANDUSD,0.7790,0.7920,0.7380,0.7380,1099.14734228
2025-03-17T00:00:00Z,BANDUSD,0.7440,0.8320,0.7440,0.7970,26820.77142026
2025-03-18T00:00:00Z,BANDUSD,0.7970,0.7990,0.7530,0.7840,13148.84790692
2025-03-19T00:00:00Z,BANDUSD,0.7910,0.8130,0.7840,0.8020,6815.46921460
2025-03-20T00:00:00Z,BANDUSD,0.8140,0.8140,0.7710,0.7710,45058.38667062
2025-03-21T00:00:00Z,BANDUSD,0.7780,0.7840,0.7530,0.7740,11089.13806933
2025-03-22T00:00:00Z,BANDUSD,0.7950,0.8260,0.7950,0.8040,34572.23651430
2025-03-23T00:00:00Z,BANDUSD,0.8040,0.8190,0.7780,0.7970,15443.19520092
2025-03-24T00:00:00Z,BANDUSD,0.8050,0.8490,0.7950,0.8420,4060.01314633
2025-03-25T00:00:00Z,BANDUSD,0.8460,0.8740,0.8330,0.8620,28601.02865417
2025-03-26T00:00:00Z,BANDUSD,0.8610,0.8630,0.8280,0.8410,5501.45447910
2025-03-27T00:00:00Z,BANDUSD,0.8470,0.8530,0.8240,0.8330,3988.75757074
2025-03-28T00:00:00Z,BANDUSD,0.8290,0.8310,0.7520,0.7520,4532.45911682
2025-03-29T00:00:00Z,BANDUSD,0.7700,0.7700,0.7180,0.7190,1130.30821124
2025-03-30T00:00:00Z,BANDUSD,0.7350,0.7390,0.7250,0.7250,15430.44779989
2025-03-31T00:00:00Z,BANDUSD,0.7270,0.7310,0.6970,0.7220,2916.42136271
2025-04-01T00:00:00Z,BANDUSD,0.7470,0.7520,0.7240,0.7240,1332.58546228
2025-04-02T00:00:00Z,BANDUSD,0.7080,0.7210,0.6770,0.6770,3627.46061351
2025-04-03T00:00:00Z,BANDUSD,0.6900,0.6900,0.6420,0.6720,16738.28256884
2025-04-04T00:00:00Z,BANDUSD,0.6740,0.6820,0.6480,0.6700,1974.82560575
2025-04-05T00:00:00Z,BANDUSD,0.6770,0.6780,0.6500,0.6710,2273.46902717
2025-04-06T00:00:00Z,BANDUSD,0.6710,0.6720,0.5830,0.5990,49849.72279742
2025-04-07T00:00:00Z,BANDUSD,0.6010,0.6320,0.5530,0.6170,32979.16054612
2025-04-08T00:00:00Z,BANDUSD,0.6140,0.6280,0.5810,0.5900,5194.16166498
2025-04-09T00:00:00Z,BANDUSD,0.5890,0.6610,0.5650,0.6600,12047.85918568
2025-04-10T00:00:00Z,BANDUSD,0.6400,0.6520,0.6230,0.6380,48323.28947389
2025-04-11T00:00:00Z,BANDUSD,0.6460,0.6630,0.6460,0.6600,3820.46144315
2025-04-12T00:00:00Z,BANDUSD,0.6600,0.7040,0.6580,0.6980,52246.92632912
2025-04-13T00:00:00Z,BANDUSD,0.7040,0.7090,0.6690,0.6730,6598.10643277
2025-04-14T00:00:00Z,BANDUSD,0.6730,0.7020,0.6660,0.6790,12458.43465740
2025-04-15T00:00:00Z,BANDUSD,0.6730,0.6780,0.6480,0.6530,10175.72833621
2025-04-16T00:00:00Z,BANDUSD,0.6580,0.6610,0.6380,0.6540,10251.86783864
2025-04-17T00:00:00Z,BANDUSD,0.6460,0.6650,0.6460,0.6570,25968.68922075
2025-04-18T00:00:00Z,BANDUSD,0.6600,0.6780,0.6600,0.6730,6445.79579331
2025-04-19T00:00:00Z,BANDUSD,0.6820,0.7080,0.6820,0.7080,14090.36840560
2025-04-20T00:00:00Z,BANDUSD,0.7030,0.7260,0.7010,0.7150,10560.15757056
2025-04-21T00:00:00Z,BANDUSD,0.7170,0.7370,0.7150,0.7250,77917.10985628
2025-04-22T00:00:00Z,BANDUSD,0.7200,0.7650,0.7100,0.7650,8681.66341421
2025-04-23T00:00:00Z,BANDUSD,0.7670,0.8010,0.7670,0.8000,4764.99499240
2025-04-24T00:00:00Z,BANDUSD,0.8010,0.8110,0.7810,0.8070,787.49853912
2025-04-25T00:00:00Z,BANDUSD,0.8050,0.8330,0.8030,0.8330,5559.33055287
2025-04-26T00:00:00Z,BANDUSD,0.8340,0.8740,0.8340,0.8660,14993.96370566
2025-04-27T00:00:00Z,BANDUSD,0.8650,0.8650,0.8190,0.8200,14855.64690686
2025-04-28T00:00:00Z,BANDUSD,0.8080,0.8590,0.8020,0.8580,4666.83168399
2025-04-29T00:00:00Z,BANDUSD,0.8580,0.8660,0.8170,0.8230,4192.73623546
2025-04-30T00:00:00Z,BANDUSD,0.8280,0.8420,0.8140,0.8320,4499.45185424
2025-05-01T00:00:00Z,BANDUSD,0.8360,0.8560,0.8250,0.8500,2995.40117284
2025-05-02T00:00:00Z,BANDUSD,0.8580,0.8650,0.8420,0.8430,4457.03979541
2025-05-03T00:00:00Z,BANDUSD,0.8440,0.8440,0.7900,0.7910,19450.56010435
2025-05-04T00:00:00Z,BANDUSD,0.7830,0.7830,0.7480,0.7520,10695.11327926
2025-05-05T00:00:00Z,BANDUSD,0.7480,0.8620,0.7440,0.7680,221484.19987842
2025-05-06T00:00:00Z,BANDUSD,0.7620,0.7690,0.7250,0.7360,12523.86083055
2025-05-07T00:00:00Z,BANDUSD,0.7350,0.7450,0.7200,0.7230,20602.31850153
2025-05-08T00:00:00Z,BANDUSD,0.7420,0.8440,0.7420,0.8440,25617.98802485
2025-05-09T00:00:00Z,BANDUSD,0.8560,0.9200,0.8560,0.9170,39606.14827078
2025-05-10T00:00:00Z,BANDUSD,0.9210,0.9630,0.9080,0.9630,19090.50760033
2025-05-11T00:00:00Z,BANDUSD,0.9680,0.9700,0.9270,0.9470,13132.21380910
2025-05-12T00:00:00Z,BANDUSD,0.9530,0.9850,0.9290,0.9510,7812.07200235
2025-05-13T00:00:00Z,BANDUSD,0.9510,0.9590,0.8970,0.9490,11394.66221025
2025-05-14T00:00:00Z,BANDUSD,0.9500,0.9500,0.8600,0.8620,22270.58583421
2025-05-15T00:00:00Z,BANDUSD,0.8600,0.8650,0.8050,0.8090,13379.89541433
2025-05-16T00:00:00Z,BANDUSD,0.8130,0.8280,0.8020,0.8020,7941.47889897
2025-05-17T00:00:00Z,BANDUSD,0.7920,0.7930,0.7560,0.7600,20521.72374620
2025-05-18T00:00:00Z,BANDUSD,0.7690,0.8110,0.7640,0.7820,12336.62672110
2025-05-19T00:00:00Z,BANDUSD,0.8000,0.8000,0.7370,0.7680,25884.78930873
2025-05-20T00:00:00Z,BANDUSD,0.7660,0.7730,0.7330,0.7620,14081.15667343
2025-05-21T00:00:00Z,BANDUSD,0.7580,0.7870,0.7450,0.7700,26253.62413708
2025-05-22T00:00:00Z,BANDUSD,0.7930,0.8710,0.7930,0.8250,72111.62355778
2025-05-23T00:00:00Z,BANDUSD,0.8380,0.8550,0.7580,0.7580,6925.47876842
2025-05-24T00:00:00Z,BANDUSD,0.7480,0.7530,0.7330,0.7330,7455.28362371
2025-05-25T00:00:00Z,BANDUSD,0.7250,0.7370,0.7030,0.7370,5430.41700493
2025-05-26T00:00:00Z,BANDUSD,0.7370,0.7450,0.7280,0.7280,11454.80673211
2025-05-27T00:00:00Z,BANDUSD,0.7180,0.7640,0.7180,0.7580,5240.77579386
2025-05-28T00:00:00Z,BANDUSD,0.7480,0.7610,0.7260,0.7260,20936.11462238
2025-05-29T00:00:00Z,BANDUSD,0.7510,0.7600,0.7040,0.7040,6709.90087248
2025-05-30T00:00:00Z,BANDUSD,0.6880,0.6880,0.6230,0.6300,20084.28064532
2025-05-31T00:00:00Z,BANDUSD,0.6270,0.6560,0.6150,0.6470,10149.32589789
2025-06-01T00:00:00Z,BANDUSD,0.6300,0.6510,0.6300,0.6510,155.76885233
2025-06-02T00:00:00Z,BANDUSD,0.6590,0.6590,0.6460,0.6540,1445.20258551
2025-06-03T00:00:00Z,BANDUSD,0.6760,0.6940,0.6740,0.6850,1936.14541762
2025-06-04T00:00:00Z,BANDUSD,0.6950,0.6970,0.6740,0.6740,6798.57179160
2025-06-05T00:00:00Z,BANDUSD,0.6750,0.6770,0.6330,0.6370,4755.01004512
2025-06-06T00:00:00Z,BANDUSD,0.6130,0.6410,0.6120,0.6270,299.76908113
2025-06-07T00:00:00Z,BANDUSD,0.6230,0.6640,0.6230,0.6610,7301.13959210
2025-06-08T00:00:00Z,BANDUSD,0.6620,0.6620,0.6490,0.6550,1911.06816359
2025-06-09T00:00:00Z,BANDUSD,0.6530,0.6820,0.6510,0.6820,6415.49100057
2025-06-10T00:00:00Z,BANDUSD,0.7100,0.7320,0.7090,0.7310,3481.13017261
2025-06-11T00:00:00Z,BANDUSD,0.7310,0.7310,0.7130,0.7130,7381.50159991
2025-06-12T00:00:00Z,BANDUSD,0.6950,0.6950,0.6500,0.6500,3116.84506990
2025-06-13T00:00:00Z,BANDUSD,0.6260,0.6290,0.6020,0.6220,14207.39790162
2025-06-14T00:00:00Z,BANDUSD,0.6260,0.6280,0.6150,0.6150,6712.31665363
2025-06-15T00:00:00Z,BANDUSD,0.6300,0.6350,0.6220,0.6350,3971.68787108
2025-06-16T00:00:00Z,BANDUSD,0.6400,0.6760,0.6400,0.6540,25113.56208788
2025-06-17T00:00:00Z,BANDUSD,0.6460,0.6610,0.6060,0.6110,25585.26240074
2025-06-18T00:00:00Z,BANDUSD,0.6120,0.6200,0.5880,0.6130,7190.63433179
2025-06-19T00:00:00Z,BANDUSD,0.6130,0.6130,0.6020,0.6020,890.42104885
2025-06-20T00:00:00Z,BANDUSD,0.6020,0.6120,0.5740,0.5820,6789.97792302
2025-06-21T00:00:00Z,BANDUSD,0.5850,0.5940,0.5460,0.5490,8235.27758876
2025-06-22T00:00:00Z,BANDUSD,0.5590,0.5590,0.5130,0.5170,3844.02247061
2025-06-23T00:00:00Z,BANDUSD,0.5230,0.5870,0.5230,0.5870,21794.14228665
2025-06-24T00:00:00Z,BANDUSD,0.5900,0.6000,0.5830,0.5880,29155.03103691
2025-06-25T00:00:00Z,BANDUSD,0.5920,0.5930,0.5750,0.5820,9301.93140882
2025-06-26T00:00:00Z,BANDUSD,0.5910,0.5910,0.5600,0.5620,9062.92114158
2025-06-27T00:00:00Z,BANDUSD,0.5650,0.5720,0.5590,0.5690,936.38836532
2025-06-28T00:00:00Z,BANDUSD,0.5710,0.5710,0.5480,0.5660,2000.55151011
2025-06-29T00:00:00Z,BANDUSD,0.5690,0.6010,0.5690,0.5980,3441.57291160
2025-06-30T00:00:00Z,BANDUSD,0.6010,0.6010,0.5690,0.5750,42097.69721871
2025-07-01T00:00:00Z,BANDUSD,0.5690,0.5690,0.5370,0.5370,9146.69743483
2025-07-02T00:00:00Z,BANDUSD,0.5400,0.6160,0.5400,0.6160,44567.81771617
2025-07-03T00:00:00Z,BANDUSD,0.6080,0.6310,0.5980,0.6060,5527.71547218
2025-07-04T00:00:00Z,BANDUSD,0.6010,0.6010,0.5540,0.5560,42070.06156707
2025-07-05T00:00:00Z,BANDUSD,0.5580,0.5620,0.5440,0.5610,2068.23629187
2025-07-06T00:00:00Z,BANDUSD,0.5540,0.5820,0.5510,0.5770,5594.94803134
2025-07-07T00:00:00Z,BANDUSD,0.5830,0.5830,0.5660,0.5680,3079.03325202
2025-07-08T00:00:00Z,BANDUSD,0.5670,0.5910,0.5620,0.5890,15732.80377674
2025-07-09T00:00:00Z,BANDUSD,0.5820,0.6240,0.5820,0.6210,33732.62463081
2025-07-10T00:00:00Z,BANDUSD,0.6150,0.6640,0.6150,0.6640,43845.99654266
2025-07-11T00:00:00Z,BANDUSD,0.6600,0.6970,0.6600,0.6650,201052.26200826
2025-07-12T00:00:00Z,BANDUSD,0.6740,0.6840,0.6590,0.6650,4416.33629107
2025-07-13T00:00:00Z,BANDUSD,0.6650,0.7010,0.6650,0.6850,59573.72742122
2025-07-14T00:00:00Z,BANDUSD,0.6830,0.7290,0.6790,0.6880,43213.32643093
2025-07-15T00:00:00Z,BANDUSD,0.6890,0.7100,0.6560,0.7100,42338.81993867
2025-07-16T00:00:00Z,BANDUSD,0.7120,0.7390,0.6940,0.7230,43888.79320660
2025-07-17T00:00:00Z,BANDUSD,0.7150,0.7210,0.6890,0.7170,50465.87633489
2025-07-18T00:00:00Z,BANDUSD,0.7140,0.7610,0.7120,0.7220,24674.64184308
2025-07-19T00:00:00Z,BANDUSD,0.7050,0.7320,0.6970,0.7320,33338.52251388
2025-07-20T00:00:00Z,BANDUSD,0.7260,0.7750,0.7260,0.7590,24977.91071816
2025-07-21T00:00:00Z,BANDUSD,0.7590,0.8060,0.7450,0.7950,41096.75481089
2025-07-22T00:00:00Z,BANDUSD,0.7870,0.7990,0.7460,0.7730,46240.48838794
2025-07-23T00:00:00Z,BANDUSD,0.7840,0.7840,0.6900,0.7130,13250.34444158
2025-07-24T00:00:00Z,BANDUSD,0.7120,0.7180,0.6630,0.7060,11155.33094839
2025-07-25T00:00:00Z,BANDUSD,0.6980,0.7240,0.6800,0.7240,2080.56717218
2025-07-26T00:00:00Z,BANDUSD,0.7290,0.7320,0.7250,0.7300,5034.16464787
2025-07-27T00:00:00Z,BANDUSD,0.7280,0.7660,0.7280,0.7620,4856.24304375
2025-07-28T00:00:00Z,BANDUSD,0.7750,0.7900,0.7240,0.7250,33443.57100207
2025-07-29T00:00:00Z,BANDUSD,0.7220,0.7450,0.7010,0.7060,5153.89270389
2025-07-30T00:00:00Z,BANDUSD,0.7070,0.7070,0.6570,0.6880,6051.96709527
2025-07-31T00:00:00Z,BANDUSD,0.6960,0.7110,0.6710,0.6750,15181.12852326
2025-08-01T00:00:00Z,BANDUSD,0.6370,0.6440,0.6150,0.6240,13532.47343230
2025-08-02T00:00:00Z,BANDUSD,0.6250,0.6340,0.6010,0.6080,4011.82610538
2025-08-03T00:00:00Z,BANDUSD,0.6260,0.6430,0.6260,0.6430,15935.34994873
2025-08-04T00:00:00Z,BANDUSD,0.6410,0.6680,0.6410,0.6650,9469.49670441
2025-08-05T00:00:00Z,BANDUSD,0.6680,0.6690,0.6300,0.6300,15460.40924840
2025-08-06T00:00:00Z,BANDUSD,0.6400,0.6570,0.6330,0.6500,4031.47580682
2025-08-07T00:00:00Z,BANDUSD,0.6530,0.6810,0.6530,0.6770,3380.62307617
2025-08-08T00:00:00Z,BANDUSD,0.6920,0.7130,0.6830,0.7130,18035.73377304
2025-08-09T00:00:00Z,BANDUSD,0.7200,0.7660,0.7200,0.7640,4709.23319065
2025-08-10T00:00:00Z,BANDUSD,0.7650,0.7650,0.7440,0.7510,22225.64676565
2025-08-11T00:00:00Z,BANDUSD,0.7590,0.7590,0.6920,0.7000,12451.41193819
2025-08-12T00:00:00Z,BANDUSD,0.6970,0.7440,0.6900,0.7390,2190.74107607
2025-08-13T00:00:00Z,BANDUSD,0.7460,0.7700,0.7320,0.7580,7877.15227063
2025-08-14T00:00:00Z,BANDUSD,0.7720,0.7720,0.6600,0.6690,34566.90776271
2025-08-15T00:00:00Z,BANDUSD,0.6640,0.6750,0.6390,0.6470,4163.55273893
2025-08-16T00:00:00Z,BANDUSD,0.6550,0.8300,0.6550,0.7780,217446.31727810
2025-08-17T00:00:00Z,BANDUSD,0.7800,0.7800,0.7410,0.7530,78486.00058087
2025-08-18T00:00:00Z,BANDUSD,0.7480,0.7530,0.7140,0.7370,7777.30497354
2025-08-19T00:00:00Z,BANDUSD,0.7460,0.7670,0.6940,0.6940,53644.68433934
2025-08-20T00:00:00Z,BANDUSD,0.6900,0.9370,0.6900,0.8190,241117.26633832
2025-08-21T00:00:00Z,BANDUSD,0.8180,0.9600,0.8090,0.8480,567813.67210532
2025-08-22T00:00:00Z,BANDUSD,0.8380,1.3390,0.8160,1.1170,971382.54622632
2025-08-23T00:00:00Z,BANDUSD,1.1140,1.1900,1.0460,1.1480,334854.58552006
2025-08-24T00:00:00Z,BANDUSD,1.1400,1.1620,1.0270,1.0280,293105.06893162
2025-08-25T00:00:00Z,BANDUSD,1.0280,1.0450,0.9170,0.9290,67339.78973882
2025-08-26T00:00:00Z,BANDUSD,0.9260,0.9260,0.8720,0.8750,70085.87098719
2025-08-27T00:00:00Z,BANDUSD,0.8790,0.9070,0.8380,0.8790,65863.15311504
2025-08-28T00:00:00Z,BANDUSD,0.8760,0.9140,0.8240,0.8610,86299.03318488
2025-08-29T00:00:00Z,BANDUSD,0.8600,0.8640,0.7990,0.8170,45259.90518471
2025-08-30T00:00:00Z,BANDUSD,0.8170,0.8490,0.8100,0.8130,5692.87170275
2025-08-31T00:00:00Z,BANDUSD,0.8200,1.2540,0.7940,0.7940,35793.97286906
2025-09-01T00:00:00Z,BANDUSD,0.7820,0.7980,0.7430,0.7550,15938.25989972
2025-09-02T00:00:00Z,BANDUSD,0.7560,0.7850,0.7540,0.7730,21496.12967679
2025-09-03T00:00:00Z,BANDUSD,0.7750,0.7820,0.7660,0.7680,6924.56088003
2025-09-04T00:00:00Z,BANDUSD,0.7670,0.7670,0.7100,0.7180,27772.91076063
2025-09-05T00:00:00Z,BANDUSD,0.7250,0.7400,0.7060,0.7280,37939.86083885
2025-09-06T00:00:00Z,BANDUSD,0.7320,0.7600,0.7170,0.7480,120796.58569145
2025-09-07T00:00:00Z,BANDUSD,0.7520,0.7550,0.7390,0.7470,4512.77658616
2025-09-08T00:00:00Z,BANDUSD,0.7410,0.7510,0.7370,0.7430,19174.34251147
2025-09-09T00:00:00Z,BANDUSD,0.7460,0.7750,0.7220,0.7280,38659.20851027
2025-09-10T00:00:00Z,BANDUSD,0.7330,0.7660,0.7290,0.7550,12578.84471721
2025-09-11T00:00:00Z,BANDUSD,0.7600,0.7600,0.7360,0.7580,3705.93439647
2025-09-12T00:00:00Z,BANDUSD,0.7580,0.7780,0.7430,0.7770,22309.68927632
2025-09-13T00:00:00Z,BANDUSD,0.7780,0.8010,0.7690,0.7860,31042.88071236
2025-09-14T00:00:00Z,BANDUSD,0.7860,0.7880,0.7440,0.7440,24452.63726906
2025-09-15T00:00:00Z,BANDUSD,0.7450,0.7500,0.6910,0.7090,32207.94757221
2025-09-16T00:00:00Z,BANDUSD,0.7030,0.7260,0.6950,0.7190,3936.94218282
2025-09-17T00:00:00Z,BANDUSD,0.7140,0.7460,0.6930,0.7400,5940.09044830
2025-09-18T00:00:00Z,BANDUSD,0.7400,0.7620,0.7390,0.7550,8436.62103816
2025-09-19T00:00:00Z,BANDUSD,0.7570,0.7670,0.7220,0.7260,7645.12114893
2025-09-20T00:00:00Z,BANDUSD,0.7300,0.7500,0.7260,0.7500,423.05880077
2025-09-21T00:00:00Z,BANDUSD,0.7470,0.7700,0.7290,0.7290,877.03094918
2025-09-22T00:00:00Z,BANDUSD,0.7200,0.7500,0.6250,0.6570,31443.46133554
2025-09-23T00:00:00Z,BANDUSD,0.6590,0.6760,0.6510,0.6600,27684.50674341
2025-09-24T00:00:00Z,BANDUSD,0.6660,0.6780,0.6540,0.6690,2805.06130196
2025-09-25T00:00:00Z,BANDUSD,0.6680,0.6710,0.6080,0.6150,55724.70596093
2025-09-26T00:00:00Z,BANDUSD,0.6240,0.6500,0.6150,0.6480,9265.19113819
2025-09-27T00:00:00Z,BANDUSD,0.6510,0.6550,0.6410,0.6470,22983.54703967
2025-09-28T00:00:00Z,BANDUSD,0.6380,0.6440,0.6200,0.6440,16423.16460561
2025-09-29T00:00:00Z,BANDUSD,0.6450,0.6530,0.6270,0.6440,12069.34394205
2025-09-30T00:00:00Z,BANDUSD,0.6340,0.6420,0.6160,0.6400,37913.79244354
2025-10-01T00:00:00Z,BANDUSD,0.6390,0.6760,0.6390,0.6720,7429.91115777
2025-10-02T00:00:00Z,BANDUSD,0.6760,0.7060,0.6760,0.6940,78482.01149488
2025-10-03T00:00:00Z,BANDUSD,0.6920,0.7160,0.6880,0.7040,14671.65080490
2025-10-04T00:00:00Z,BANDUSD,0.7050,0.7050,0.6620,0.6730,16351.04659563
2025-10-05T00:00:00Z,BANDUSD,0.6700,0.7000,0.6630,0.6690,47814.07019611
2025-10-06T00:00:00Z,BANDUSD,0.6750,0.7030,0.6730,0.7000,24672.03032647
2025-10-07T00:00:00Z,BANDUSD,0.6970,0.7160,0.6600,0.6610,32097.82773709
2025-10-08T00:00:00Z,BANDUSD,0.6680,0.6910,0.6610,0.6870,34143.08061352
2025-10-09T00:00:00Z,BANDUSD,0.6850,0.6980,0.6610,0.6770,40452.76173337
2025-10-10T00:00:00Z,BANDUSD,0.6810,0.6950,0.3400,0.4910,208711.64560680
2025-10-11T00:00:00Z,BANDUSD,0.4860,0.5060,0.4670,0.4830,97313.29186680
2025-10-12T00:00:00Z,BANDUSD,0.4810,0.5560,0.4810,0.5450,46612.73254978
2025-10-13T00:00:00Z,BANDUSD,0.5540,0.6820,0.5460,0.6280,232561.60677903
2025-10-14T00:00:00Z,BANDUSD,0.6250,0.6250,0.5440,0.5760,121680.03233882
2025-10-15T00:00:00Z,BANDUSD,0.5700,0.5940,0.5460,0.5460,23036.04485335
2025-10-16T00:00:00Z,BANDUSD,0.5490,0.5780,0.5230,0.5290,57580.36840819
2025-10-17T00:00:00Z,BANDUSD,0.5370,0.5390,0.4900,0.5230,42031.76901044
2025-10-18T00:00:00Z,BANDUSD,0.5260,0.5380,0.5260,0.5290,6714.77493534
2025-10-19T00:00:00Z,BANDUSD,0.5220,0.5510,0.5220,0.5480,15923.09668946
2025-10-20T00:00:00Z,BANDUSD,0.5420,0.5600,0.5360,0.5570,8820.54191394
2025-10-21T00:00:00Z,BANDUSD,0.5470,0.5740,0.5290,0.5310,15781.10773822
2025-10-22T00:00:00Z,BANDUSD,0.5290,0.5400,0.5040,0.5210,39621.44884541
2025-10-23T00:00:00Z,BANDUSD,0.5240,0.5530,0.5240,0.5480,16102.87678708
2025-10-24T00:00:00Z,BANDUSD,0.5490,0.5570,0.5340,0.5490,10522.48436121
2025-10-25T00:00:00Z,BANDUSD,0.5430,0.5490,0.5370,0.5470,14570.02247684
2025-10-26T00:00:00Z,BANDUSD,0.5420,0.5590,0.5380,0.5580,38832.74457349
2025-10-27T00:00:00Z,BANDUSD,0.5550,0.5700,0.5330,0.5330,43859.76399989
2025-10-28T00:00:00Z,BANDUSD,0.5360,0.5540,0.5090,0.5190,57241.93611152
2025-10-29T00:00:00Z,BANDUSD,0.5200,0.5330,0.5090,0.5230,20891.35229758
2025-10-30T00:00:00Z,BANDUSD,0.5230,0.5230,0.4750,0.4880,71829.38933351
2025-10-31T00:00:00Z,BANDUSD,0.4870,0.5070,0.4870,0.5040,17146.66601414
2025-11-01T00:00:00Z,BANDUSD,0.5070,0.5310,0.5070,0.5300,11147.60766626
2025-11-02T00:00:00Z,BANDUSD,0.5300,0.5340,0.5120,0.5260,19276.83501045
2025-11-03T00:00:00Z,BANDUSD,0.5270,0.5270,0.4390,0.4560,47679.78549234
2025-11-04T00:00:00Z,BANDUSD,0.4690,0.4720,0.4190,0.4490,106353.24432161
2025-11-05T00:00:00Z,BANDUSD,0.4410,0.4640,0.4210,0.4640,23060.63051533
2025-11-06T00:00:00Z,BANDUSD,0.4590,0.4620,0.4380,0.4470,37943.47489960
2025-11-07T00:00:00Z,BANDUSD,0.4590,0.5090,0.4460,0.4990,58578.28610645
2025-11-08T00:00:00Z,BANDUSD,0.4970,0.5060,0.4750,0.4880,37850.40769402
2025-11-09T00:00:00Z,BANDUSD,0.4780,0.4850,0.4590,0.4790,49854.47170122
2025-11-10T00:00:00Z,BANDUSD,0.4820,0.4970,0.4810,0.4950,45215.66136525
2025-11-11T00:00:00Z,BANDUSD,0.4890,0.4970,0.4610,0.4610,12166.99086465
2025-11-12T00:00:00Z,BANDUSD,0.4560,0.5010,0.4430,0.4510,51300.81947567
2025-11-13T00:00:00Z,BANDUSD,0.4530,0.4620,0.4230,0.4370,47279.96058484
2025-11-14T00:00:00Z,BANDUSD,0.4370,0.4370,0.4070,0.4120,22147.33208472
2025-11-15T00:00:00Z,BANDUSD,0.4230,0.4300,0.4200,0.4250,1698.70230706
2025-11-16T00:00:00Z,BANDUSD,0.4180,0.4290,0.3960,0.4100,15323.90603974
2025-11-17T00:00:00Z,BANDUSD,0.4080,0.4240,0.3930,0.4050,30366.21042418
2025-11-18T00:00:00Z,BANDUSD,0.4000,0.4190,0.3970,0.4150,115866.24706266
2025-11-19T00:00:00Z,BANDUSD,0.4080,0.4120,0.3800,0.4030,36917.86852966
2025-11-20T00:00:00Z,BANDUSD,0.4110,0.4380,0.3780,0.3900,71495.04367698
2025-11-21T00:00:00Z,BANDUSD,0.3890,0.3930,0.3490,0.3640,92206.75649228
2025-11-22T00:00:00Z,BANDUSD,0.3640,0.3740,0.3540,0.3710,61675.11490437
2025-11-23T00:00:00Z,BANDUSD,0.3720,0.3870,0.3690,0.3770,26450.19227074
2025-11-24T00:00:00Z,BANDUSD,0.3750,0.3960,0.3720,0.3910,31701.36488934
2025-11-25T00:00:00Z,BANDUSD,0.3900,0.3920,0.3820,0.3910,37507.18846259
2025-11-26T00:00:00Z,BANDUSD,0.3900,0.3990,0.3820,0.3970,26756.32193405
2025-11-27T00:00:00Z,BANDUSD,0.3970,0.4000,0.3940,0.3960,32257.06946178
2025-11-28T00:00:00Z,BANDUSD,0.3950,0.3960,0.3820,0.3880,6457.97355961
2025-11-29T00:00:00Z,BANDUSD,0.3880,0.3890,0.3730,0.3760,23402.25942755
2025-11-30T00:00:00Z,BANDUSD,0.3740,0.4650,0.3710,0.4180,418486.11458139
2025-12-01T00:00:00Z,BANDUSD,0.4220,0.5380,0.3830,0.4730,140823.47760427
2025-12-02T00:00:00Z,BANDUSD,0.4690,0.5070,0.4370,0.4430,67537.45512100
2025-12-03T00:00:00Z,BANDUSD,0.4410,0.4450,0.4260,0.4360,23029.74723887
2025-12-04T00:00:00Z,BANDUSD,0.4350,0.4410,0.4100,0.4130,27748.39207876
2025-12-05T00:00:00Z,BANDUSD,0.4170,0.4180,0.3890,0.3980,20530.53156223
2025-12-06T00:00:00Z,BANDUSD,0.3970,0.4040,0.3930,0.3930,6823.33480734
2025-12-07T00:00:00Z,BANDUSD,0.3920,0.3930,0.3730,0.3760,25506.00277708
2025-12-08T00:00:00Z,BANDUSD,0.3860,0.3860,0.3700,0.3710,16705.68838208
2025-12-09T00:00:00Z,BANDUSD,0.3730,0.3920,0.3690,0.3810,25770.67947131
2025-12-10T00:00:00Z,BANDUSD,0.3790,0.3870,0.3730,0.3750,6858.47748251
2025-12-11T00:00:00Z,BANDUSD,0.3660,0.3690,0.3570,0.3670,19332.21277396
2025-12-12T00:00:00Z,BANDUSD,0.3670,0.3670,0.3470,0.3560,11163.31313302
2025-12-13T00:00:00Z,BANDUSD,0.3560,0.3630,0.3560,0.3590,5177.96958812
2025-12-14T00:00:00Z,BANDUSD,0.3570,0.3570,0.3410,0.3440,4979.22866621
2025-12-15T00:00:00Z,BANDUSD,0.3440,0.3490,0.3230,0.3310,35250.47621345
2025-12-16T00:00:00Z,BANDUSD,0.3300,0.3360,0.3260,0.3300,17720.96414416
2025-12-17T00:00:00Z,BANDUSD,0.3300,0.3310,0.3070,0.3090,80328.95071231
2025-12-18T00:00:00Z,BANDUSD,0.3070,0.3210,0.2960,0.3020,35770.99863082
2025-12-19T00:00:00Z,BANDUSD,0.3030,0.3250,0.3010,0.3240,7258.76983009
2025-12-20T00:00:00Z,BANDUSD,0.3220,0.3270,0.3200,0.3240,2599.43506883
2025-12-21T00:00:00Z,BANDUSD,0.3230,0.3240,0.3110,0.3150,12860.37235398
2025-12-22T00:00:00Z,BANDUSD,0.3170,0.3200,0.3140,0.3160,8124.81885950
2025-12-23T00:00:00Z,BANDUSD,0.3190,0.3280,0.3120,0.3240,125692.86387590
2025-12-24T00:00:00Z,BANDUSD,0.3230,0.3230,0.3150,0.3230,5753.15288261
2025-12-25T00:00:00Z,BANDUSD,0.3240,0.3280,0.3190,0.3210,3916.71029761
2025-12-26T00:00:00Z,BANDUSD,0.3170,0.3260,0.3170,0.3230,5793.36183546
2025-12-27T00:00:00Z,BANDUSD,0.3240,0.3320,0.3240,0.3320,16646.27249994
2025-12-28T00:00:00Z,BANDUSD,0.3320,0.3370,0.3250,0.3280,37836.38643437
2025-12-29T00:00:00Z,BANDUSD,0.3310,0.3370,0.3240,0.3270,14972.57215644
2025-12-30T00:00:00Z,BANDUSD,0.3270,0.3330,0.3240,0.3320,34802.53414032
2025-12-31T00:00:00Z,BANDUSD,0.3310,0.3320,0.3170,0.3240,47928.57468004
2026-01-01T00:00:00Z,BANDUSD,0.3230,0.3430,0.3220,0.3430,1253.97960685
2026-01-02T00:00:00Z,BANDUSD,0.3450,0.3520,0.3420,0.3500,13347.46717374
2026-01-03T00:00:00Z,BANDUSD,0.3510,0.3520,0.3400,0.3470,19141.37836378
2026-01-04T00:00:00Z,BANDUSD,0.3480,0.3530,0.3450,0.3480,17721.97141175
2026-01-05T00:00:00Z,BANDUSD,0.3480,0.3620,0.3420,0.3600,18978.58611798
2026-01-06T00:00:00Z,BANDUSD,0.3590,0.3710,0.3490,0.3650,10012.21734115
2026-01-07T00:00:00Z,BANDUSD,0.3650,0.3650,0.3480,0.3480,14306.92053152
2026-01-08T00:00:00Z,BANDUSD,0.3440,0.3440,0.3390,0.3440,717.00143767
2026-01-09T00:00:00Z,BANDUSD,0.3420,0.3460,0.3340,0.3400,10308.64611595
2026-01-10T00:00:00Z,BANDUSD,0.3440,0.3480,0.3390,0.3450,19039.67950264
2026-01-11T00:00:00Z,BANDUSD,0.3420,0.3480,0.3330,0.3330,5998.76336484
2026-01-12T00:00:00Z,BANDUSD,0.3330,0.3430,0.3290,0.3330,5016.36901505
2026-01-13T00:00:00Z,BANDUSD,0.3350,0.3640,0.3350,0.3630,3129.81182427
2026-01-14T00:00:00Z,BANDUSD,0.3640,0.3640,0.3540,0.3620,43307.69842598
2026-01-15T00:00:00Z,BANDUSD,0.3540,0.3550,0.3348,0.3398,9017.38206585
2026-01-16T00:00:00Z,BANDUSD,0.3396,0.3430,0.3331,0.3430,5216.10191630
2026-01-17T00:00:00Z,BANDUSD,0.3427,0.3589,0.3418,0.3540,36375.42622906
2026-01-18T00:00:00Z,BANDUSD,0.3540,0.3540,0.3337,0.3337,4813.51541996
2026-01-19T00:00:00Z,BANDUSD,0.3279,0.3369,0.3000,0.3314,36999.97527534
2026-01-20T00:00:00Z,BANDUSD,0.3308,0.3308,0.3049,0.3049,20310.55448244
2026-01-21T00:00:00Z,BANDUSD,0.3065,0.3200,0.2727,0.3106,232631.04316333
2026-01-22T00:00:00Z,BANDUSD,0.3098,0.3158,0.2980,0.3037,120507.68711167
2026-01-23T00:00:00Z,BANDUSD,0.3028,0.3127,0.3026,0.3047,46764.52480174
2026-01-24T00:00:00Z,BANDUSD,0.3028,0.3055,0.2978,0.2981,5588.17166667
2026-01-25T00:00:00Z,BANDUSD,0.2976,0.2976,0.2713,0.2819,94914.25057142
2026-01-26T00:00:00Z,BANDUSD,0.2863,0.2947,0.2853,0.2892,87382.99225737
2026-01-27T00:00:00Z,BANDUSD,0.2897,0.2897,0.2806,0.2858,27282.33726438
2026-01-28T00:00:00Z,BANDUSD,0.2850,0.2859,0.2762,0.2764,32905.26390400
2026-01-29T00:00:00Z,BANDUSD,0.2774,0.2774,0.2562,0.2646,49508.29764407
2026-01-30T00:00:00Z,BANDUSD,0.2660,0.2703,0.2557,0.2637,42299.54338800
2026-01-31T00:00:00Z,BANDUSD,0.2618,0.2618,0.2213,0.2369,161848.47235284
2026-02-01T00:00:00Z,BANDUSD,0.2410,0.2502,0.2394,0.2497,44107.62312905
2026-02-02T00:00:00Z,BANDUSD,0.2474,0.2561,0.2379,0.2528,16682.08317253
2026-02-03T00:00:00Z,BANDUSD,0.2546,0.2649,0.2492,0.2567,22139.46871692
2026-02-04T00:00:00Z,BANDUSD,0.2566,0.2593,0.2474,0.2584,10268.14844911
2026-02-05T00:00:00Z,BANDUSD,0.2592,0.2592,0.2130,0.2130,44327.96219639
2026-02-06T00:00:00Z,BANDUSD,0.2080,0.2474,0.1960,0.2474,16354.33048834
2026-02-07T00:00:00Z,BANDUSD,0.2580,0.2612,0.2409,0.2525,84249.69529360
2026-02-08T00:00:00Z,BANDUSD,0.2453,0.2519,0.2453,0.2483,9865.74518903
2026-02-09T00:00:00Z,BANDUSD,0.2499,0.2523,0.2483,0.2523,522.88621588
2026-02-10T00:00:00Z,BANDUSD,0.2553,0.2553,0.2436,0.2461,18019.33081068
2026-02-11T00:00:00Z,BANDUSD,0.2397,0.2397,0.2321,0.2362,5269.54371887
2026-02-12T00:00:00Z,BANDUSD,0.2440,0.2482,0.2390,0.2429,8669.95442241
2026-02-13T00:00:00Z,BANDUSD,0.2406,0.2478,0.2389,0.2474,1591.63941830
2026-02-14T00:00:00Z,BANDUSD,0.2454,0.2608,0.2397,0.2587,14427.57081940
2026-02-15T00:00:00Z,BANDUSD,0.2580,0.2590,0.2427,0.2435,6160.33126679
2026-02-16T00:00:00Z,BANDUSD,0.2524,0.2554,0.2452,0.2539,1859.05878207
2026-02-17T00:00:00Z,BANDUSD,0.2522,0.2522,0.2439,0.2488,35689.64754950
2026-02-18T00:00:00Z,BANDUSD,0.2494,0.2494,0.2305,0.2314,21966.18815844
2026-02-19T00:00:00Z,BANDUSD,0.2329,0.2410,0.2294,0.2351,27970.60704727
2026-02-20T00:00:00Z,BANDUSD,0.2340,0.2392,0.2284,0.2392,1912.39375744
2026-02-21T00:00:00Z,BANDUSD,0.2391,0.2391,0.2330,0.2330,17475.68766698
2026-02-22T00:00:00Z,BANDUSD,0.2285,0.2288,0.2162,0.2162,7641.10977203
2026-02-23T00:00:00Z,BANDUSD,0.2105,0.2138,0.1965,0.1965,10101.04487206
2026-02-24T00:00:00Z,BANDUSD,0.2062,0.2084,0.2003,0.2029,4994.17402489
2026-02-25T00:00:00Z,BANDUSD,0.2037,0.2214,0.2037,0.2170,3978.48761105
2026-02-26T00:00:00Z,BANDUSD,0.2130,0.2140,0.2015,0.2093,5796.58959328
2026-02-27T00:00:00Z,BANDUSD,0.2091,0.2130,0.2059,0.2059,13855.37156316
2026-02-28T00:00:00Z,BANDUSD,0.2110,0.2126,0.1972,0.2126,11681.18524831
2026-03-01T00:00:00Z,BANDUSD,0.2120,0.2193,0.2015,0.2070,13649.47159217
2026-03-02T00:00:00Z,BANDUSD,0.2065,0.2110,0.2031,0.2110,1781.91386437
2026-03-03T00:00:00Z,BANDUSD,0.2075,0.2081,0.2022,0.2081,14488.77675742
2026-03-04T00:00:00Z,BANDUSD,0.2061,0.2186,0.2043,0.2142,27591.07572370
2026-03-05T00:00:00Z,BANDUSD,0.2131,0.2141,0.2069,0.2091,19088.70615937
2026-03-06T00:00:00Z,BANDUSD,0.2104,0.2122,0.2055,0.2070,15315.44201693
2026-03-07T00:00:00Z,BANDUSD,0.2049,0.2256,0.2049,0.2095,73333.17817714
2026-03-08T00:00:00Z,BANDUSD,0.2084,0.2148,0.2063,0.2088,46439.32221277
2026-03-09T00:00:00Z,BANDUSD,0.2101,0.2171,0.2044,0.2044,32454.56599828
2026-03-10T00:00:00Z,BANDUSD,0.2139,0.2182,0.2120,0.2171,8469.71999173
2026-03-11T00:00:00Z,BANDUSD,0.2182,0.2601,0.2182,0.2391,112288.52572822
2026-03-12T00:00:00Z,BANDUSD,0.2386,0.2493,0.2354,0.2370,29688.10035399
2026-03-13T00:00:00Z,BANDUSD,0.2351,0.2478,0.2315,0.2331,15609.20986351
2026-03-14T00:00:00Z,BANDUSD,0.2325,0.2393,0.2294,0.2334,3007.28988080
2026-03-15T00:00:00Z,BANDUSD,0.2351,0.2351,0.2351,0.2351,135.80417010
2026-03-16T00:00:00Z,BANDUSD,0.2353,0.2403,0.2341,0.2391,2291.35791751
2026-03-17T00:00:00Z,BANDUSD,0.2408,0.2432,0.2400,0.2409,6336.47232682
2026-03-18T00:00:00Z,BANDUSD,0.2423,0.2423,0.2271,0.2300,31418.14070061
2026-03-19T00:00:00Z,BANDUSD,0.2309,0.2311,0.2221,0.2269,14060.23133306
2026-03-20T00:00:00Z,BANDUSD,0.2268,0.2268,0.2220,0.2229,7472.79350220
2026-03-21T00:00:00Z,BANDUSD,0.2250,0.2250,0.2144,0.2144,11106.53113586
2026-03-22T00:00:00Z,BANDUSD,0.2169,0.2189,0.2108,0.2131,8917.06302378
2026-03-23T00:00:00Z,BANDUSD,0.2129,0.2261,0.2110,0.2195,14219.37214802
2026-03-24T00:00:00Z,BANDUSD,0.2212,0.2229,0.2189,0.2209,4748.51768602
2026-03-25T00:00:00Z,BANDUSD,0.2225,0.2225,0.2199,0.2199,1823.26396220
2026-03-26T00:00:00Z,BANDUSD,0.2160,0.2160,0.2098,0.2119,7085.04605124
2026-03-27T00:00:00Z,BANDUSD,0.2117,0.2146,0.2036,0.2077,16103.93091505
2026-03-28T00:00:00Z,BANDUSD,0.2040,0.2068,0.2038,0.2064,2079.52186516
2026-03-29T00:00:00Z,BANDUSD,0.2047,0.2047,0.1976,0.1998,37584.63923250
2026-03-30T00:00:00Z,BANDUSD,0.1989,0.2027,0.1989,0.2011,5667.98067945
2026-03-31T00:00:00Z,BANDUSD,0.2017,0.2058,0.2017,0.2037,3520.52710256
2026-04-01T00:00:00Z,BANDUSD,0.2047,0.2098,0.2047,0.2079,4285.88573222
2026-04-02T00:00:00Z,BANDUSD,0.2033,0.2163,0.2013,0.2082,19665.72708289
2026-04-03T00:00:00Z,BANDUSD,0.2148,0.2149,0.2121,0.2121,4437.12346843
2026-04-04T00:00:00Z,BANDUSD,0.2099,0.2100,0.2060,0.2085,14038.49128020
2026-04-05T00:00:00Z,BANDUSD,0.2039,0.2039,0.1991,0.1991,138.83682408
2026-04-06T00:00:00Z,BANDUSD,0.2051,0.2146,0.2051,0.2080,7701.31924535
2026-04-07T00:00:00Z,BANDUSD,0.2081,0.2186,0.2009,0.2179,17175.92504823
2026-04-08T00:00:00Z,BANDUSD,0.2201,0.2237,0.2159,0.2160,27345.45160966
2026-04-09T00:00:00Z,BANDUSD,0.2157,0.2170,0.2100,0.2142,20478.58226584
2026-04-10T00:00:00Z,BANDUSD,0.2120,0.2147,0.2092,0.2147,38734.71761772
2026-04-11T00:00:00Z,BANDUSD,0.2107,0.2154,0.2092,0.2132,24184.72687809
2026-04-12T00:00:00Z,BANDUSD,0.2080,0.2080,0.2024,0.2039,11142.35417444
2026-04-13T00:00:00Z,BANDUSD,0.2040,0.2109,0.2011,0.2108,9341.69398262
2026-04-14T00:00:00Z,BANDUSD,0.2091,0.2091,0.2029,0.2029,10165.35130611
2026-04-15T00:00:00Z,BANDUSD,0.2041,0.2142,0.2041,0.2142,3245.60626965
2026-04-16T00:00:00Z,BANDUSD,0.2147,0.2232,0.2145,0.2231,3870.45217217
2026-04-17T00:00:00Z,BANDUSD,0.2252,0.3312,0.2250,0.2322,214371.26623445
2026-04-18T00:00:00Z,BANDUSD,0.2322,0.2362,0.2190,0.2199,29980.20732712
2026-04-19T00:00:00Z,BANDUSD,0.2159,0.2231,0.2121,0.2121,19445.97119381
2026-04-20T00:00:00Z,BANDUSD,0.2160,0.2288,0.2160,0.2287,12473.15251773
2026-04-21T00:00:00Z,BANDUSD,0.2259,0.2259,0.2196,0.2221,7313.12684565
2026-04-22T00:00:00Z,BANDUSD,0.2261,0.2281,0.2239,0.2257,2036.40433665
2026-04-23T00:00:00Z,BANDUSD,0.2200,0.2217,0.2161,0.2217,19384.38078416
2026-04-24T00:00:00Z,BANDUSD,0.2210,0.2270,0.2207,0.2249,10692.68356525
2026-04-25T00:00:00Z,BANDUSD,0.2273,0.2321,0.2211,0.2221,3237.43701149
2026-04-26T00:00:00Z,BANDUSD,0.2232,0.2310,0.2232,0.2299,2904.42179227
2026-04-27T00:00:00Z,BANDUSD,0.2243,0.2268,0.2239,0.2250,8135.94356671
2026-04-28T00:00:00Z,BANDUSD,0.2270,0.2299,0.2265,0.2269,1736.25987309
2026-04-29T00:00:00Z,BANDUSD,0.2271,0.2327,0.2138,0.2188,18954.44070102
2026-04-30T00:00:00Z,BANDUSD,0.2198,0.2198,0.2118,0.2140,23425.79463229
2026-05-01T00:00:00Z,BANDUSD,0.2128,0.2206,0.2128,0.2173,8453.32637275
2026-05-02T00:00:00Z,BANDUSD,0.2159,0.2242,0.2159,0.2204,35689.10162990
2026-05-03T00:00:00Z,BANDUSD,0.2188,0.2200,0.2179,0.2200,1901.80233156
2026-05-04T00:00:00Z,BANDUSD,0.2200,0.2223,0.2174,0.2209,14394.15855166
2026-05-05T00:00:00Z,BANDUSD,0.2239,0.2281,0.2233,0.2281,14358.28578621
2026-05-06T00:00:00Z,BANDUSD,0.2271,0.2341,0.2255,0.2298,17183.30609479
2026-05-07T00:00:00Z,BANDUSD,0.2280,0.2382,0.2269,0.2353,26802.94752634
2026-05-08T00:00:00Z,BANDUSD,0.2349,0.2441,0.2324,0.2419,9140.41670220
2026-05-09T00:00:00Z,BANDUSD,0.2430,0.2432,0.2389,0.2389,6452.58512669
2026-05-10T00:00:00Z,BANDUSD,0.2364,0.2483,0.2364,0.2449,49441.82249629
2026-05-11T00:00:00Z,BANDUSD,0.2438,0.2522,0.2384,0.2521,9049.33564426
2026-05-12T00:00:00Z,BANDUSD,0.2500,0.2500,0.2394,0.2418,8348.76671690
2026-05-13T00:00:00Z,BANDUSD,0.2397,0.2464,0.2278,0.2294,14966.58709960
2026-05-14T00:00:00Z,BANDUSD,0.2279,0.2351,0.2257,0.2335,29739.05709016
2026-05-15T00:00:00Z,BANDUSD,0.2311,0.2321,0.2172,0.2180,13048.84596181
2026-05-16T00:00:00Z,BANDUSD,0.2188,0.2190,0.1941,0.2091,11067.35255486
2026-05-17T00:00:00Z,BANDUSD,0.2089,0.2120,0.2063,0.2063,11616.60217405
2026-05-18T00:00:00Z,BANDUSD,0.2059,0.2060,0.2016,0.2052,2923.95535835
2026-05-19T00:00:00Z,BANDUSD,0.2031,0.2032,0.2018,0.2018,328.96779745
2026-05-20T00:00:00Z,BANDUSD,0.2029,0.2065,0.2025,0.2038,4837.87921915
2026-05-21T00:00:00Z,BANDUSD,0.2077,0.2180,0.2077,0.2160,13688.79251262
2026-05-22T00:00:00Z,BANDUSD,0.2167,0.2167,0.2123,0.2123,721.60781710
2026-05-23T00:00:00Z,BANDUSD,0.2098,0.2157,0.2006,0.2157,3200.33417864
2026-05-24T00:00:00Z,BANDUSD,0.2098,0.2098,0.2002,0.2002,3616.01579443
2026-05-25T00:00:00Z,BANDUSD,0.2038,0.2067,0.2028,0.2028,1001.00092150
2026-05-26T00:00:00Z,BANDUSD,0.2010,0.2050,0.1977,0.1981,27084.31623810
2026-05-27T00:00:00Z,BANDUSD,0.1992,0.2043,0.1936,0.1936,14443.92508417
2026-05-28T00:00:00Z,BANDUSD,0.1943,0.1951,0.1861,0.1910,6038.80234857
2026-05-29T00:00:00Z,BANDUSD,0.1929,0.1960,0.1895,0.1925,15298.91907531
2026-05-30T00:00:00Z,BANDUSD,0.2000,0.2110,0.1972,0.2007,8729.00868230
2026-05-31T00:00:00Z,BANDUSD,0.2043,0.2049,0.1981,0.1993,1537.96938228
2026-06-01T00:00:00Z,BANDUSD,0.2051,0.2143,0.2037,0.2091,5774.82995081
2026-06-02T00:00:00Z,BANDUSD,0.2080,0.2090,0.1992,0.1992,1462.79184729
2026-06-03T00:00:00Z,BANDUSD,0.1989,0.2077,0.1895,0.2055,67797.54172281
2026-06-04T00:00:00Z,BANDUSD,0.2055,0.2059,0.1816,0.1893,299295.21010661
2026-06-05T00:00:00Z,BANDUSD,0.1897,0.1897,0.1638,0.1708,650171.79878077
2026-06-06T00:00:00Z,BANDUSD,0.1719,0.1729,0.1601,0.1688,147689.78846055
2026-06-07T00:00:00Z,BANDUSD,0.1731,0.1782,0.1691,0.1750,355204.16699969
2026-06-08T00:00:00Z,BANDUSD,0.1756,0.1789,0.1701,0.1730,313393.27187759
2026-06-09T00:00:00Z,BANDUSD,0.1720,0.1720,0.1648,0.1687,219458.64245950
2026-06-10T00:00:00Z,BANDUSD,0.1683,0.1683,0.1598,0.1627,91014.06602932
2026-06-11T00:00:00Z,BANDUSD,0.1647,0.1696,0.1632,0.1686,130346.60032483
2026-06-12T00:00:00Z,BANDUSD,0.1687,0.1698,0.1662,0.1679,7081.56172056
2026-06-13T00:00:00Z,BANDUSD,0.1694,0.1694,0.1670,0.1680,76262.74327394
2026-06-14T00:00:00Z,BANDUSD,0.1679,0.1700,0.1624,0.1694,53807.68244735
2026-06-15T00:00:00Z,BANDUSD,0.1688,0.1779,0.1688,0.1702,20953.81656679
2026-06-16T00:00:00Z,BANDUSD,0.1723,0.1790,0.1694,0.1722,7730.91774992
2026-06-17T00:00:00Z,BANDUSD,0.1710,0.1737,0.1678,0.1680,23385.67090668
2026-06-18T00:00:00Z,BANDUSD,0.1693,0.1701,0.1567,0.1608,63565.92215012
2026-06-19T00:00:00Z,BANDUSD,0.1609,0.1614,0.1559,0.1590,192234.50341007
2026-06-20T00:00:00Z,BANDUSD,0.1597,0.1648,0.1597,0.1639,37971.12394075
2026-06-21T00:00:00Z,BANDUSD,0.1639,0.1654,0.1596,0.1598,45750.57692648
2026-06-22T00:00:00Z,BANDUSD,0.1599,0.1646,0.1580,0.1600,48021.05299424
2026-06-23T00:00:00Z,BANDUSD,0.1592,0.1592,0.1465,0.1523,188577.57820657
2026-06-24T00:00:00Z,BANDUSD,0.1531,0.1587,0.1447,0.1511,319468.83505452
2026-06-25T00:00:00Z,BANDUSD,0.1493,0.1512,0.1389,0.1436,196645.71867018
2026-06-26T00:00:00Z,BANDUSD,0.1442,0.1494,0.1396,0.1469,49587.09827846
2026-06-27T00:00:00Z,BANDUSD,0.1474,0.1474,0.1420,0.1420,17200.03150046
2026-06-28T00:00:00Z,BANDUSD,0.1432,0.1472,0.1414,0.1439,14880.75483445
2026-06-29T00:00:00Z,BANDUSD,0.1429,0.1467,0.1417,0.1450,21235.81754452
2026-06-30T00:00:00Z,BANDUSD,0.1432,0.1432,0.1374,0.1391,25792.57249677
2026-07-01T00:00:00Z,BANDUSD,0.1373,0.1639,0.1369,0.1520,151979.73253864
2026-07-02T00:00:00Z,BANDUSD,0.1486,0.1588,0.1481,0.1513,30237.85898986
2026-07-03T00:00:00Z,BANDUSD,0.1512,0.1568,0.1509,0.1557,4880.55382562
2026-07-04T00:00:00Z,BANDUSD,0.1563,0.1677,0.1555,0.1609,33232.72795576
2026-07-05T00:00:00Z,BANDUSD,0.1618,0.1760,0.1601,0.1667,55020.79472132
2026-07-06T00:00:00Z,BANDUSD,0.1682,0.1826,0.1635,0.1734,97932.39713892
2026-07-07T00:00:00Z,BANDUSD,0.1740,0.1740,0.1624,0.1624,101199.29072520
2026-07-08T00:00:00Z,BANDUSD,0.1625,0.1748,0.1618,0.1696,58392.83400045
2026-07-09T00:00:00Z,BANDUSD,0.1704,0.1704,0.1654,0.1671,27281.54937376
2026-07-10T00:00:00Z,BANDUSD,0.1670,0.1692,0.1631,0.1641,16954.01472919
2026-07-11T00:00:00Z,BANDUSD,0.1649,0.1738,0.1643,0.1701,56185.02103451
2026-07-12T00:00:00Z,BANDUSD,0.1699,0.1770,0.1673,0.1698,52760.66239250
2026-07-13T00:00:00Z,BANDUSD,0.1704,0.1742,0.1654,0.1695,35175.37813542
2026-07-14T00:00:00Z,BANDUSD,0.1692,0.1720,0.1676,0.1707,11429.74198929
2026-07-15T00:00:00Z,BANDUSD,0.1683,0.1708,0.1679,0.1682,2907.94003684
2026-07-16T00:00:00Z,BANDUSD,0.1688,0.1688,0.1644,0.1654,13466.34998644
2026-07-17T00:00:00Z,BANDUSD,0.1637,0.1775,0.1632,0.1699,63329.27408268
2026-07-18T00:00:00Z,BANDUSD,0.1695,0.1695,0.1637,0.1642,15323.55195750
2026-07-19T00:00:00Z,BANDUSD,0.1649,0.1658,0.1634,0.1637,2712.69528706
2026-07-20T00:00:00Z,BANDUSD,0.1636,0.1660,0.1612,0.1654,11789.70439218
2026-07-21T00:00:00Z,BANDUSD,0.1671,0.1671,0.1653,0.1653,2334.49525575
2026-07-22T00:00:00Z,BANDUSD,0.1659,0.1671,0.1642,0.1646,6616.02556143
2026-07-23T00:00:00Z,BANDUSD,0.1653,0.1654,0.1619,0.1620,30282.26955813
2026-07-24T00:00:00Z,BANDUSD,0.1600,0.1634,0.1570,0.1571,34667.26339134
2026-07-25T00:00:00Z,BANDUSD,0.1569,0.1575,0.1556,0.1560,12202.62608409
2026-07-26T00:00:00Z,BANDUSD,0.1558,0.1580,0.1558,0.1567,8740.77986842
2026-07-27T00:00:00Z,BANDUSD,0.1570,0.1588,0.1516,0.1559,35491.60634863
2026-07-28T00:00:00Z,BANDUSD,0.1544,0.1544,0.1489,0.1499,28689.09881993
2026-07-29T00:00:00Z,BANDUSD,0.1498,0.1498,0.1429,0.1441,16386.41069151
2026-07-30T00:00:00Z,BANDUSD,0.1455,0.1558,0.1455,0.1511,15148.11710486
2026-07-31T00:00:00Z,BANDUSD,0.1505,0.1533,0.1490,0.1527,13027.58797280
2026-08-01T00:00:00Z,BANDUSD,0.1513,0.1670,0.1513,0.1606,82042.43192409
2026-08-02T00:00:00Z,BANDUSD,0.1601,0.1601,0.1524,0.1531,40148.76031709
2026-08-03T00:00:00Z,BANDUSD,0.1523,0.1544,0.1513,0.1535,8791.04161120
2026-08-04T00:00:00Z,BANDUSD,0.1530,0.1562,0.1521,0.1533,16531.50315095
2026-08-05T00:00:00Z,BANDUSD,0.1531,0.1592,0.1531,0.1577,17975.47641343
2026-08-06T00:00:00Z,BANDUSD,0.1592,0.1613,0.1582,0.1584,34613.22563659
2026-08-07T00:00:00Z,BANDUSD,0.1584,0.1675,0.1584,0.1629,56162.65767851
2026-08-08T00:00:00Z,BANDUSD,0.1643,0.1669,0.1624,0.1669,29408.63678216
2026-08-09T00:00:00Z,BANDUSD,0.1657,0.1773,0.1657,0.1746,55268.23802759
2026-08-10T00:00:00Z,BANDUSD,0.1748,0.1748,0.1674,0.1693,33332.12502162
2026-08-11T00:00:00Z,BANDUSD,0.1684,0.1684,0.1643,0.1644,25267.46991932
2026-08-12T00:00:00Z,BANDUSD,0.1660,0.1731,0.1569,0.1570,101755.34335901
2026-08-13T00:00:00Z,BANDUSD,0.1575,0.1604,0.1569,0.1596,29238.70998051
2026-08-14T00:00:00Z,BANDUSD,0.1597,0.1599,0.1554,0.1564,43061.63435941
2026-08-15T00:00:00Z,BANDUSD,0.1566,0.1570,0.1549,0.1549,16314.53998712
2026-08-16T00:00:00Z,BANDUSD,0.1549,0.1549,0.1491,0.1501,5684.91836616
2026-08-17T00:00:00Z,BANDUSD,0.1505,0.1533,0.1505,0.1517,16403.45416047
2026-08-18T00:00:00Z,BANDUSD,0.1515,0.1515,0.1482,0.1495,26731.56244111
2026-08-19T00:00:00Z,BANDUSD,0.1506,0.1623,0.1506,0.1605,57859.31152318
2026-08-20T00:00:00Z,BANDUSD,0.1617,0.1709,0.1614,0.1675,77093.52730176
2026-08-21T00:00:00Z,BANDUSD,0.1687,0.1882,0.1683,0.1857,60102.49305536
2026-08-22T00:00:00Z,BANDUSD,0.1857,0.1959,0.1791,0.1820,159966.66096943
2026-08-23T00:00:00Z,BANDUSD,0.1830,0.1960,0.1767,0.1908,87188.43126405
2026-08-24T00:00:00Z,BANDUSD,0.1886,0.1900,0.1824,0.1824,34402.73785921
2026-08-25T00:00:00Z,BANDUSD,0.1828,0.1868,0.1759,0.1760,44465.86545476
2026-08-26T00:00:00Z,BANDUSD,0.1773,0.1790,0.1718,0.1749,47639.76587625
2026-08-27T00:00:00Z,BANDUSD,0.1758,0.1780,0.1740,0.1746,15083.52247444
2026-08-28T00:00:00Z,BANDUSD,0.1755,0.1766,0.1690,0.1754,35682.43981486
2026-08-29T00:00:00Z,BANDUSD,0.1756,0.2172,0.1714,0.1847,471098.27846234
2026-08-30T00:00:00Z,BANDUSD,0.1849,0.1905,0.1707,0.1714,302146.06525198
2026-08-31T00:00:00Z,BANDUSD,0.1727,0.1890,0.1725,0.1807,190112.83713984
2026-09-01T00:00:00Z,BANDUSD,0.1812,0.1834,0.1744,0.1792,267523.57912322
2026-09-02T00:00:00Z,BANDUSD,0.1801,0.2127,0.1774,0.1787,349934.28184848
2026-09-03T00:00:00Z,BANDUSD,0.1797,0.1847,0.1791,0.1828,31934.08079863
2026-09-04T00:00:00Z,BANDUSD,0.1831,0.1853,0.1806,0.1843,20983.45636944
2026-09-05T00:00:00Z,BANDUSD,0.1848,0.1945,0.1848,0.1945,20386.69226645
2026-09-06T00:00:00Z,BANDUSD,0.1962,0.2005,0.1738,0.1919,112161.45900154
2026-09-07T00:00:00Z,BANDUSD,0.1933,0.1956,0.1913,0.1926,109588.52770830
2026-09-08T00:00:00Z,BANDUSD,0.1929,0.1972,0.1922,0.1935,88780.13450852
2026-09-09T00:00:00Z,BANDUSD,0.1949,0.2003,0.1911,0.1930,86845.34972162
2026-09-10T00:00:00Z,BANDUSD,0.1912,0.1912,0.1779,0.1803,56600.98159825
2026-09-11T00:00:00Z,BANDUSD,0.1800,0.1806,0.1742,0.1765,34042.46743795
2026-09-12T00:00:00Z,BANDUSD,0.1802,0.1923,0.1802,0.1876,77828.20916329
2026-09-13T00:00:00Z,BANDUSD,0.1882,0.1994,0.1882,0.1923,54715.22164349
2026-09-14T00:00:00Z,BANDUSD,0.1928,0.1983,0.1901,0.1903,72878.71464053
2026-09-15T00:00:00Z,BANDUSD,0.1898,0.1905,0.1782,0.1814,57274.81542521
2026-09-16T00:00:00Z,BANDUSD,0.1805,0.1805,0.1736,0.1803,30337.01254504
2026-09-17T00:00:00Z,BANDUSD,0.1822,0.1850,0.1796,0.1850,2347.55328789
2026-09-18T00:00:00Z,BANDUSD,0.1910,0.2011,0.1908,0.1998,32588.85461596
2026-09-19T00:00:00Z,BANDUSD,0.1993,0.2280,0.1982,0.2199,231845.65283890
2026-09-20T00:00:00Z,BANDUSD,0.2158,0.2164,0.1992,0.2039,78736.08567765
2026-09-21T00:00:00Z,BANDUSD,0.2049,0.2192,0.2035,0.2128,369228.32090163
2026-09-22T00:00:00Z,BANDUSD,0.2149,0.2238,0.2100,0.2238,39415.32958263
