timestamp,symbol,open,high,low,close,volume
2017-08-01T00:00:00Z,BCHUSD,600000.0,600000.0,130.0,350.0,20428.09012823007
2017-08-02T00:00:00Z,BCHUSD,343.999,811.0,303.0,489.9,59262.181026766215
2017-08-03T00:00:00Z,BCHUSD,488.7,583.0,369.0,397.111,31221.864184289945
2017-08-04T00:00:00Z,BCHUSD,397.0001,414.4999,270.0,281.0001,24643.934867830325
2017-08-05T00:00:00Z,BCHUSD,281.0007,320.0,241.0,255.0,12852.436579649988
2017-08-06T00:00:00Z,BCHUSD,250.0,285.0,240.0,280.0,9363.185478690006
2017-08-07T00:00:00Z,BCHUSD,279.9999,440.0,270.0002,321.173,29703.658670160305
2017-08-08T00:00:00Z,BCHUSD,321.0,390.0,304.0,344.5,22813.108397649947
2017-08-09T00:00:00Z,BCHUSD,344.5,355.0,300.0,304.9983,12423.32498947001
2017-08-10T00:00:00Z,BCHUSD,303.15,318.0001,275.0,278.0,14073.270189569965
2017-08-11T00:00:00Z,BCHUSD,277.9996,355.0,276.5,328.1,14997.454792840064
2017-08-12T00:00:00Z,BCHUSD,328.4591,344.9,313.0,320.0,6117.457756650017
2017-08-13T00:00:00Z,BCHUSD,318.1006,321.9919,296.2081,296.3268,5575.686675839989
2017-08-14T00:00:00Z,BCHUSD,296.8151,329.4991,292.0111,303.9998,7625.819144310032
2017-08-15T00:00:00Z,BCHUSD,300.3331,308.9999,293.0855,297.8492,5785.178668290013
2017-08-16T00:00:00Z,BCHUSD,297.8528,308.0,292.01,299.9591,5593.892285160002
2017-08-17T00:00:00Z,BCHUSD,299.9865,439.78,295.0,437.9998,22378.051115770057
2017-08-18T00:00:00Z,BCHUSD,438.0,794.9,424.1007,702.0,50250.387099300075
2017-08-19T00:00:00Z,BCHUSD,702.0,939.9999,603.0001,738.999,35749.422912820046
2017-08-20T00:00:00Z,BCHUSD,737.0525,835.0,675.0001,720.0,22650.813271820447
2017-08-21T00:00:00Z,BCHUSD,721.0,746.0,538.0,599.7402,19979.882122360195
2017-08-22T00:00:00Z,BCHUSD,596.2,744.9995,563.1005,687.5502,16432.56252636011
2017-08-23T00:00:00Z,BCHUSD,686.3695,710.0,651.3091,677.5,7198.54017273003
2017-08-24T00:00:00Z,BCHUSD,677.4327,701.9,606.0,621.9989,7578.096967720033
2017-08-25T00:00:00Z,BCHUSD,621.0008,670.0001,613.0012,635.1999,5792.628697330016
2017-08-26T00:00:00Z,BCHUSD,635.15,642.7995,615.0,618.1,3872.2929204
2017-08-27T00:00:00Z,BCHUSD,618.889,658.9998,581.1,616.2177,7682.881583090018
2017-08-28T00:00:00Z,BCHUSD,620.4996,627.5,587.4,589.0229,4350.231917710005
2017-08-29T00:00:00Z,BCHUSD,591.9909,595.0,520.0,547.9979,8689.728853560004
2017-08-30T00:00:00Z,BCHUSD,547.8001,615.904,519.0,579.6,9311.458807990084
2017-08-31T00:00:00Z,BCHUSD,579.65,609.0,571.001,595.0,7300.76795770001
2017-09-01T00:00:00Z,BCHUSD,593.053,677.0,584.335,631.795,7674.405196810001
2017-09-02T00:00:00Z,BCHUSD,630.016,664.0,575.005,580.005,7264.275227390024
2017-09-03T00:00:00Z,BCHUSD,580.016,638.3,579.18,610.0,4027.2674282200605
2017-09-04T00:00:00Z,BCHUSD,612.4,615.865,501.001,532.037,7022.49940414999
2017-09-05T00:00:00Z,BCHUSD,528.831,568.893,500.0,558.201,6306.958524790012
2017-09-06T00:00:00Z,BCHUSD,558.2,673.1,549.501,654.0,7754.608485540017
2017-09-07T00:00:00Z,BCHUSD,654.3,722.0,619.8,675.1,8306.810711890017
2017-09-08T00:00:00Z,BCHUSD,675.1,705.0,580.0,616.9,8112.6740876300155
2017-09-09T00:00:00Z,BCHUSD,615.2,625.0,568.9,594.4,2865.7675887999967
2017-09-10T00:00:00Z,BCHUSD,594.5,594.5,550.0,561.5,3094.407392539994
2017-09-11T00:00:00Z,BCHUSD,565.4,629.0,552.7,560.0,3548.5516878700078
2017-09-12T00:00:00Z,BCHUSD,558.6,584.9,530.2,539.1,5309.866822360016
2017-09-13T00:00:00Z,BCHUSD,539.7,539.7,469.5,508.7,6410.152818820016
2017-09-14T00:00:00Z,BCHUSD,508.7,519.0,389.6,390.2,8455.976168480032
2017-09-15T00:00:00Z,BCHUSD,390.1,459.5,303.0,434.8,19413.65514984016
2017-09-16T00:00:00Z,BCHUSD,434.2,480.0,422.2,449.0,7354.472085290017
2017-09-17T00:00:00Z,BCHUSD,449.0,456.8,411.9,443.7,2463.006912560006
2017-09-18T00:00:00Z,BCHUSD,443.6,497.2,443.0,485.8,7962.253836059998
2017-09-19T00:00:00Z,BCHUSD,486.0,549.7,455.2,531.5,7976.957189530038
2017-09-20T00:00:00Z,BCHUSD,530.0,532.2,475.0,475.0,6847.345318140008
2017-09-21T00:00:00Z,BCHUSD,477.1,484.5,415.2,419.4,6378.65472681001
2017-09-22T00:00:00Z,BCHUSD,421.8,447.6,399.0,411.7,3867.050080210004
2017-09-23T00:00:00Z,BCHUSD,409.9,448.0,399.9,428.9,3018.6367539000075
2017-09-24T00:00:00Z,BCHUSD,431.0,434.0,413.8,421.2,2510.5119704200088
2017-09-25T00:00:00Z,BCHUSD,422.2,458.7,418.9,451.6,2579.5884133199984
2017-09-26T00:00:00Z,BCHUSD,451.8,467.2,440.0,449.1,3605.8603359800004
2017-09-27T00:00:00Z,BCHUSD,449.5,469.0,440.4,465.0,5065.6262313300085
2017-09-28T00:00:00Z,BCHUSD,464.4,487.0,443.8,459.0,3625.3250305400015
2017-09-29T00:00:00Z,BCHUSD,459.0,459.2,431.7,442.0,2901.4078928600006
2017-09-30T00:00:00Z,BCHUSD,438.8,452.9,431.8,435.2,5417.075186050011
2017-10-01T00:00:00Z,BCHUSD,435.2,442.4,416.7,418.5,4778.38892905
2017-10-02T00:00:00Z,BCHUSD,418.5,432.7,406.1,420.3,8126.406757260007
2017-10-03T00:00:00Z,BCHUSD,420.0,420.3,392.1,402.5,4214.015895329997
2017-10-04T00:00:00Z,BCHUSD,402.0,403.1,351.5,357.2,11367.981742590015
2017-10-05T00:00:00Z,BCHUSD,356.9,369.9,343.6,354.6,7883.447008020006
2017-10-06T00:00:00Z,BCHUSD,353.9,374.6,352.1,363.3,3117.969174590003
2017-10-07T00:00:00Z,BCHUSD,363.7,366.5,355.5,359.0,1403.0380968099994
2017-10-08T00:00:00Z,BCHUSD,358.3,362.0,335.3,341.8,3533.486591440008
2017-10-09T00:00:00Z,BCHUSD,342.0,343.0,290.3,313.7,8706.032257170022
2017-10-10T00:00:00Z,BCHUSD,312.9,352.7,305.4,316.8,8593.967760409978
2017-10-11T00:00:00Z,BCHUSD,315.5,318.9,308.3,313.6,3786.2706041700003
2017-10-12T00:00:00Z,BCHUSD,312.7,330.0,305.1,310.1,7902.150296040006
2017-10-13T00:00:00Z,BCHUSD,310.1,322.0,298.1,318.2,10887.81001051002
2017-10-14T00:00:00Z,BCHUSD,319.0,327.4,313.1,321.4,5352.472934070009
2017-10-15T00:00:00Z,BCHUSD,321.3,322.0,308.2,314.3,2878.709713639997
2017-10-16T00:00:00Z,BCHUSD,314.5,316.5,309.6,312.5,2700.4476034500035
2017-10-17T00:00:00Z,BCHUSD,312.5,400.0,306.9,370.0,17910.03649656002
2017-10-18T00:00:00Z,BCHUSD,372.2,386.3,306.0,342.0,4922.684967399998
2017-10-19T00:00:00Z,BCHUSD,343.1,343.7,325.0,329.2,1118.7379508299987
2017-10-20T00:00:00Z,BCHUSD,331.9,345.0,321.5,326.0,2200.6666220800007
2017-10-21T00:00:00Z,BCHUSD,326.5,327.6,316.1,319.9,2383.0432330899985
2017-10-22T00:00:00Z,BCHUSD,322.7,357.2,321.1,328.8,2274.930198540003
2017-10-23T00:00:00Z,BCHUSD,328.7,332.0,305.0,314.3,3803.9408982799996
2017-10-24T00:00:00Z,BCHUSD,310.8,335.0,305.0,323.0,4437.828006910008
2017-10-25T00:00:00Z,BCHUSD,323.9,333.7,310.3,331.5,2382.583693710007
2017-10-26T00:00:00Z,BCHUSD,329.9,355.0,324.1,336.5,4393.233920489995
2017-10-27T00:00:00Z,BCHUSD,336.7,380.0,334.4,367.6,5263.512833980016
2017-10-28T00:00:00Z,BCHUSD,367.6,424.5,367.3,422.0,5979.187919309995
2017-10-29T00:00:00Z,BCHUSD,418.6,519.3,400.3,448.0,18724.52827093994
2017-10-30T00:00:00Z,BCHUSD,448.0,478.0,416.1,444.5,6874.202372850027
2017-10-31T00:00:00Z,BCHUSD,443.8,454.3,425.3,435.7,3885.829775890002
2017-11-01T00:00:00Z,BCHUSD,435.0,543.0,435.0,530.0,8769.261433870019
2017-11-02T00:00:00Z,BCHUSD,530.0,595.0,500.2,565.1,11451.973189929975
2017-11-03T00:00:00Z,BCHUSD,566.4,684.0,565.0,625.0,14267.097632990022
2017-11-04T00:00:00Z,BCHUSD,625.0,644.8,580.1,611.1,9194.803536920002
2017-11-05T00:00:00Z,BCHUSD,614.0,630.0,560.2,624.9,7725.901826340038
2017-11-06T00:00:00Z,BCHUSD,625.0,643.0,593.4,595.1,5650.9883137300085
2017-11-07T00:00:00Z,BCHUSD,595.5,620.0,580.1,608.9,3927.639063849999
2017-11-08T00:00:00Z,BCHUSD,607.0,649.0,570.0,621.0,7535.596506900026
2017-11-09T00:00:00Z,BCHUSD,622.0,680.0,615.2,669.3,6166.8058190200245
2017-11-10T00:00:00Z,BCHUSD,665.9,1080.0,664.6,999.0,30895.62046481985
2017-11-11T00:00:00Z,BCHUSD,998.5,1490.0,890.2,1329.1,26974.6291628398
2017-11-12T00:00:00Z,BCHUSD,1328.0,2599.0,1200.0,1570.0,52431.47150942984
2017-11-13T00:00:00Z,BCHUSD,1568.0,1570.0,1000.1,1349.7,20289.46626983004
2017-11-14T00:00:00Z,BCHUSD,1349.0,1397.0,1170.0,1270.0,10463.794343200063
2017-11-15T00:00:00Z,BCHUSD,1257.8,1325.6,1152.4,1185.0,7781.47651278003
2017-11-16T00:00:00Z,BCHUSD,1185.0,1193.1,852.1,889.9,13956.513732090043
2017-11-17T00:00:00Z,BCHUSD,887.9,1240.0,832.5,1181.0,14032.972963800039
2017-11-18T00:00:00Z,BCHUSD,1180.0,1381.0,1180.0,1237.3,14206.076120529924
2017-11-19T00:00:00Z,BCHUSD,1239.3,1270.5,1129.0,1168.8,6152.46761410001
2017-11-20T00:00:00Z,BCHUSD,1171.2,1247.7,1156.7,1244.0,3472.6237804999914
2017-11-21T00:00:00Z,BCHUSD,1240.0,1240.8,1147.0,1173.1,3864.661674010002
2017-11-22T00:00:00Z,BCHUSD,1173.4,1338.0,1167.1,1305.8,6163.7213367400145
2017-11-23T00:00:00Z,BCHUSD,1303.0,1650.0,1298.0,1650.0,13044.15152751006
2017-11-24T00:00:00Z,BCHUSD,1650.0,1748.0,1510.1,1628.0,8459.856149329999
2017-11-25T00:00:00Z,BCHUSD,1630.0,1634.4,1526.8,1550.1,6671.515611330004
2017-11-26T00:00:00Z,BCHUSD,1550.1,1724.4,1530.0,1714.7,5186.679692600006
2017-11-27T00:00:00Z,BCHUSD,1714.7,1715.0,1575.0,1580.0,4537.24416245
2017-11-28T00:00:00Z,BCHUSD,1580.0,1582.8,1466.6,1480.0,5907.479840840005
2017-11-29T00:00:00Z,BCHUSD,1480.0,1609.0,1281.0,1340.1,10358.49764678996
2017-11-30T00:00:00Z,BCHUSD,1329.2,1422.0,1203.6,1340.0,6046.479193280013
2017-12-01T00:00:00Z,BCHUSD,1344.4,1476.8,1250.0,1444.0,5531.3917977299925
2017-12-02T00:00:00Z,BCHUSD,1436.8,1476.0,1381.0,1390.0,2289.2305364800054
2017-12-03T00:00:00Z,BCHUSD,1390.0,1616.0,1390.0,1510.4,5828.641880150035
2017-12-04T00:00:00Z,BCHUSD,1512.3,1535.0,1400.0,1535.0,3300.626347840002
2017-12-05T00:00:00Z,BCHUSD,1535.0,1569.4,1451.2,1480.0,3392.491625020013
2017-12-06T00:00:00Z,BCHUSD,1460.9,1480.0,1330.0,1358.0,4079.4495314900023
2017-12-07T00:00:00Z,BCHUSD,1358.0,1399.8,1211.1,1213.0,5236.191276289976
2017-12-08T00:00:00Z,BCHUSD,1213.7,1497.9,1151.1,1384.3,7418.556913459937
2017-12-09T00:00:00Z,BCHUSD,1385.0,1469.9,1300.5,1357.0,3727.8901601200155
2017-12-10T00:00:00Z,BCHUSD,1363.5,1386.9,1204.2,1284.0,3584.949377139975
2017-12-11T00:00:00Z,BCHUSD,1286.9,1421.0,1284.7,1385.4,4079.816367660001
2017-12-12T00:00:00Z,BCHUSD,1385.4,1569.4,1377.0,1566.0,5498.796119080033
2017-12-13T00:00:00Z,BCHUSD,1566.0,1681.4,1431.3,1561.2,5632.04401541003
2017-12-14T00:00:00Z,BCHUSD,1584.8,1998.0,1561.8,1905.0,8625.803322719927
2017-12-15T00:00:00Z,BCHUSD,1905.0,1947.4,1590.0,1789.0,4759.8357013800205
2017-12-16T00:00:00Z,BCHUSD,1790.1,1851.0,1743.5,1783.4,2822.9687718000064
2017-12-17T00:00:00Z,BCHUSD,1785.7,1850.0,1778.0,1819.8,2714.244665799991
2017-12-18T00:00:00Z,BCHUSD,1817.3,2291.0,1752.7,2124.2,8688.540224709994
2017-12-19T00:00:00Z,BCHUSD,2120.0,2841.7,2060.2,2713.7,9937.804528000046
2017-12-20T00:00:00Z,BCHUSD,2710.7,4000.1,2701.1,3639.3,20054.504157630363
2017-12-21T00:00:00Z,BCHUSD,3650.0,3697.2,2775.0,2959.2,8777.262792969985
2017-12-22T00:00:00Z,BCHUSD,2959.2,3122.8,1751.6,2480.4,12982.554128559997
2017-12-23T00:00:00Z,BCHUSD,2501.4,3300.0,2400.4,2952.3,5980.624536240008
2017-12-24T00:00:00Z,BCHUSD,2969.9,3021.6,2500.0,2810.83,5479.424076880035
2017-12-25T00:00:00Z,BCHUSD,2803.6,2888.0,2652.3,2767.0,2011.7822000699903
2017-12-26T00:00:00Z,BCHUSD,2763.2,2956.6,2727.5,2926.3,2249.4707412499865
2017-12-27T00:00:00Z,BCHUSD,2927.8,2940.3,2543.3,2702.1,2345.88548009
2017-12-28T00:00:00Z,BCHUSD,2704.8,2720.8,2350.0,2520.0,2872.2584282299986
2017-12-29T00:00:00Z,BCHUSD,2503.5,2900.0,2370.0,2622.0,3764.2762135300054
2017-12-30T00:00:00Z,BCHUSD,2625.3,2643.6,2150.0,2249.0,3690.0162956699887
2017-12-31T00:00:00Z,BCHUSD,2234.8,2528.2,2181.8,2403.9,1777.165679529994
2018-01-01T00:00:00Z,BCHUSD,2389.2,2444.0,2300.0,2331.6,1687.9883093199956
2018-01-02T00:00:00Z,BCHUSD,2329.3,2733.1,2207.4,2580.0,4032.961823739976
2018-01-03T00:00:00Z,BCHUSD,2555.2,2789.0,2512.1,2537.7,2241.659776379985
2018-01-04T00:00:00Z,BCHUSD,2569.1,2577.1,2350.0,2362.1,3033.391272179966
2018-01-05T00:00:00Z,BCHUSD,2362.4,2529.6,2282.0,2385.7,2544.2639861399816
2018-01-06T00:00:00Z,BCHUSD,2385.4,2649.0,2329.0,2528.5,2490.0062947299893
2018-01-07T00:00:00Z,BCHUSD,2523.5,2737.1,2454.3,2515.0,2552.249559129986
2018-01-08T00:00:00Z,BCHUSD,2520.5,2540.0,2250.1,2403.6,2404.7883615199967
2018-01-09T00:00:00Z,BCHUSD,2413.3,2493.0,2311.0,2380.1,1748.2769592099946
2018-01-10T00:00:00Z,BCHUSD,2380.1,2949.0,2231.0,2859.6,4893.539077800017
2018-01-11T00:00:00Z,BCHUSD,2861.2,2937.0,2350.0,2486.5,2263.79752466999
2018-01-12T00:00:00Z,BCHUSD,2468.0,2512.3,2468.0,2512.3,0.021
2018-01-13T00:00:00Z,BCHUSD,2566.2,2900.0,2000.0,2669.1,1461.629087489986
2018-01-14T00:00:00Z,BCHUSD,2669.1,2746.5,2452.0,2533.7,2881.1091903800184
2018-01-15T00:00:00Z,BCHUSD,2533.7,2570.7,2375.0,2391.0,2529.5860501799957
2018-01-16T00:00:00Z,BCHUSD,2393.0,2402.5,1500.0,1790.3,11039.36789345007
2018-01-17T00:00:00Z,BCHUSD,1790.0,1900.0,1341.7,1759.0,11833.815390730382
2018-01-18T00:00:00Z,BCHUSD,1759.1,1935.1,1692.0,1730.0,6006.341800700052
2018-01-19T00:00:00Z,BCHUSD,1729.2,1900.0,1709.7,1767.2,4264.644394590011
2018-01-20T00:00:00Z,BCHUSD,1770.0,2127.9,1763.6,2035.1,5544.338150929994
2018-01-21T00:00:00Z,BCHUSD,2035.1,2039.4,1711.0,1775.0,4926.741578399986
2018-01-22T00:00:00Z,BCHUSD,1789.6,1815.9,1501.1,1609.9,4959.445729900029
2018-01-23T00:00:00Z,BCHUSD,1608.9,1699.0,1493.2,1618.1,3241.8755712299644
2018-01-24T00:00:00Z,BCHUSD,1617.9,1682.4,1556.8,1659.9,2734.908368859994
2018-01-25T00:00:00Z,BCHUSD,1657.4,1705.0,1596.0,1632.5,2983.2853538599793
2018-01-26T00:00:00Z,BCHUSD,1630.2,1676.0,1480.4,1591.9,2992.2098113800093
2018-01-27T00:00:00Z,BCHUSD,1590.7,1664.9,1555.8,1628.0,1987.1074705099134
2018-01-28T00:00:00Z,BCHUSD,1628.9,1758.8,1622.8,1736.3,2578.1183068999653
2018-01-29T00:00:00Z,BCHUSD,1733.0,1746.5,1617.5,1644.2,1501.8085480300076
2018-01-30T00:00:00Z,BCHUSD,1643.1,1645.7,1431.4,1447.4,4046.710614289965
2018-01-31T00:00:00Z,BCHUSD,1448.4,1513.0,1378.2,1469.6,3168.693585909963
2018-02-01T00:00:00Z,BCHUSD,1469.6,1488.8,1177.7,1258.4,5885.384070600065
2018-02-02T00:00:00Z,BCHUSD,1258.8,1292.9,940.9,1179.8,8443.701297940288
2018-02-03T00:00:00Z,BCHUSD,1180.2,1312.9,1050.0,1265.0,4280.788028769984
2018-02-04T00:00:00Z,BCHUSD,1265.1,1288.3,1071.8,1146.9,3461.1654739599794
2018-02-05T00:00:00Z,BCHUSD,1151.5,1166.6,814.5,872.4,7474.408360309826
2018-02-06T00:00:00Z,BCHUSD,871.8,979.0,750.0,967.3,7487.705569309986
2018-02-07T00:00:00Z,BCHUSD,966.8,1043.1,883.5,951.5,5018.589427640053
2018-02-08T00:00:00Z,BCHUSD,951.6,1359.3,944.0,1283.5,8956.507640810496
2018-02-09T00:00:00Z,BCHUSD,1277.3,1346.6,1190.0,1300.0,6795.126301860035
2018-02-10T00:00:00Z,BCHUSD,1300.8,1382.0,1190.8,1239.4,4165.953375080083
2018-02-11T00:00:00Z,BCHUSD,1239.4,1297.7,1183.2,1210.6,2378.8247371100565
2018-02-12T00:00:00Z,BCHUSD,1209.8,1296.3,1209.8,1278.7,1944.5286252100072
2018-02-13T00:00:00Z,BCHUSD,1279.3,1283.1,1200.0,1216.3,1636.2707402200026
2018-02-14T00:00:00Z,BCHUSD,1217.1,1380.0,1216.1,1353.0,2836.1297529100175
2018-02-15T00:00:00Z,BCHUSD,1353.3,1409.9,1311.1,1362.7,2725.3151859400127
2018-02-16T00:00:00Z,BCHUSD,1357.2,1553.9,1353.7,1532.9,3899.8297885500137
2018-02-17T00:00:00Z,BCHUSD,1531.7,1570.7,1507.6,1551.4,1829.058021080006
2018-02-18T00:00:00Z,BCHUSD,1550.7,1636.8,1402.2,1457.7,2654.5229154500257
2018-02-19T00:00:00Z,BCHUSD,1458.0,1549.0,1457.6,1526.4,1778.2352002099892
2018-02-20T00:00:00Z,BCHUSD,1524.1,1556.0,1374.2,1389.5,2591.0669707299753
2018-02-21T00:00:00Z,BCHUSD,1389.4,1406.7,1262.0,1288.9,3444.1728804499676
2018-02-22T00:00:00Z,BCHUSD,1286.2,1340.7,1173.0,1206.5,3250.7673807400042
2018-02-23T00:00:00Z,BCHUSD,1203.2,1314.1,1145.1,1255.6,3559.5038680599987
2018-02-24T00:00:00Z,BCHUSD,1253.2,1299.0,1129.6,1178.6,1757.6068248399977
2018-02-25T00:00:00Z,BCHUSD,1178.2,1202.9,1142.1,1172.5,1368.6504733900013
2018-02-26T00:00:00Z,BCHUSD,1172.4,1277.4,1141.9,1242.8,2063.6861473699996
2018-02-27T00:00:00Z,BCHUSD,1245.2,1297.2,1218.0,1233.0,1627.4772691900055
2018-02-28T00:00:00Z,BCHUSD,1233.0,1280.0,1193.2,1195.0,1993.0767007299983
2018-03-01T00:00:00Z,BCHUSD,1194.2,1308.2,1188.0,1286.3,2188.3694006799956
2018-03-02T00:00:00Z,BCHUSD,1281.0,1314.9,1253.0,1273.1,998.3472107700003
2018-03-03T00:00:00Z,BCHUSD,1276.6,1297.8,1254.5,1269.0,1013.6336525900009
2018-03-04T00:00:00Z,BCHUSD,1266.0,1290.6,1220.0,1286.4,954.0436909100001
2018-03-05T00:00:00Z,BCHUSD,1284.0,1293.9,1263.2,1265.0,837.4498217799988
2018-03-06T00:00:00Z,BCHUSD,1260.9,1260.9,1173.2,1201.9,1008.3835888900003
2018-03-07T00:00:00Z,BCHUSD,1202.0,1219.5,1034.0,1084.6,3461.0856396799763
2018-03-08T00:00:00Z,BCHUSD,1090.1,1110.5,985.6,1030.4,3159.9832217000003
2018-03-09T00:00:00Z,BCHUSD,1029.0,1076.8,921.1,1062.0,3961.43058111999
2018-03-10T00:00:00Z,BCHUSD,1064.5,1088.7,985.0,997.8,1734.033822959999
2018-03-11T00:00:00Z,BCHUSD,998.4,1158.2,961.6,1138.8,3854.2952662
2018-03-12T00:00:00Z,BCHUSD,1141.3,1148.1,1011.0,1047.0,3719.3626364
2018-03-13T00:00:00Z,BCHUSD,1046.7,1097.6,992.0,1051.8,4287.788954900007
2018-03-14T00:00:00Z,BCHUSD,1051.8,1069.9,907.4,944.2,4388.498049600022
2018-03-15T00:00:00Z,BCHUSD,942.6,953.7,867.5,935.5,4017.978466880016
2018-03-16T00:00:00Z,BCHUSD,937.7,1058.5,888.9,970.3,3372.8482887700015
2018-03-17T00:00:00Z,BCHUSD,970.5,1025.8,922.2,943.8,3108.628373680004
2018-03-18T00:00:00Z,BCHUSD,941.4,945.2,841.9,930.0,3056.112413540026
2018-03-19T00:00:00Z,BCHUSD,930.0,994.8,903.6,987.6,3945.433695650011
2018-03-20T00:00:00Z,BCHUSD,989.3,1076.5,950.0,1061.1,4371.408711530002
2018-03-21T00:00:00Z,BCHUSD,1059.9,1082.7,666.7,1031.1,4623.29673274001
2018-03-22T00:00:00Z,BCHUSD,1030.2,1062.3,985.0,1009.1,2069.5315685000014
2018-03-23T00:00:00Z,BCHUSD,1010.2,1033.6,955.7,1027.4,1787.4184078899984
2018-03-24T00:00:00Z,BCHUSD,1027.8,1033.3,969.7,969.7,1017.926426390001
2018-03-25T00:00:00Z,BCHUSD,969.2,991.0,963.6,970.5,912.2639722800002
2018-03-26T00:00:00Z,BCHUSD,971.8,976.0,880.5,913.1,2482.248341150002
2018-03-27T00:00:00Z,BCHUSD,913.0,925.0,869.9,872.0,2054.1761280100036
2018-03-28T00:00:00Z,BCHUSD,871.6,897.0,850.0,859.7,1223.8769632399994
2018-03-29T00:00:00Z,BCHUSD,860.2,866.4,694.2,706.5,3446.4956140200325
2018-03-30T00:00:00Z,BCHUSD,708.6,770.2,666.9,692.9,2996.6455449100326
2018-03-31T00:00:00Z,BCHUSD,695.5,734.5,678.5,680.5,1297.7398580300028
2018-04-01T00:00:00Z,BCHUSD,684.9,696.5,624.6,641.0,1917.495523709996
2018-04-02T00:00:00Z,BCHUSD,640.4,685.0,637.6,661.0,1545.9710148900053
2018-04-03T00:00:00Z,BCHUSD,662.0,723.9,656.7,707.6,3104.1906364700067
2018-04-04T00:00:00Z,BCHUSD,707.6,711.0,634.6,647.0,4235.65632554001
2018-04-05T00:00:00Z,BCHUSD,647.7,654.6,615.8,644.1,1922.6916425600054
2018-04-06T00:00:00Z,BCHUSD,639.9,645.5,599.6,610.2,1744.6853667200041
2018-04-07T00:00:00Z,BCHUSD,607.3,654.2,607.3,639.6,1299.116997020002
2018-04-08T00:00:00Z,BCHUSD,638.0,660.0,638.0,651.4,818.0224394199995
2018-04-09T00:00:00Z,BCHUSD,655.0,682.4,624.8,637.3,1241.16344568
2018-04-10T00:00:00Z,BCHUSD,636.5,658.1,625.3,649.4,2327.437144499996
2018-04-11T00:00:00Z,BCHUSD,651.4,668.1,647.8,667.5,1174.0380669200008
2018-04-12T00:00:00Z,BCHUSD,668.1,740.7,654.8,737.9,5226.7696573900175
2018-04-13T00:00:00Z,BCHUSD,737.4,784.0,719.1,741.5,4504.4346218200035
2018-04-14T00:00:00Z,BCHUSD,740.1,765.7,720.0,737.1,1536.5054677599999
2018-04-15T00:00:00Z,BCHUSD,738.4,790.0,738.4,780.1,1965.5895480200002
2018-04-16T00:00:00Z,BCHUSD,780.2,800.8,742.0,767.2,3846.5057673399983
2018-04-17T00:00:00Z,BCHUSD,767.2,788.5,725.2,756.2,2304.1122531699984
2018-04-18T00:00:00Z,BCHUSD,757.4,904.7,755.7,894.8,3819.7138124199905
2018-04-19T00:00:00Z,BCHUSD,893.9,984.6,878.0,964.8,2524.3796941199867
2018-04-20T00:00:00Z,BCHUSD,968.2,1152.1,942.2,1124.0,6246.1203117600735
2018-04-21T00:00:00Z,BCHUSD,1127.5,1190.0,1019.4,1149.0,5924.537442550056
2018-04-22T00:00:00Z,BCHUSD,1157.6,1265.9,1108.3,1194.9,4319.453570650012
2018-04-23T00:00:00Z,BCHUSD,1197.3,1455.1,1194.4,1440.9,10930.553279970114
2018-04-24T00:00:00Z,BCHUSD,1439.9,1573.0,1390.2,1408.1,13743.646922620204
2018-04-25T00:00:00Z,BCHUSD,1409.1,1444.4,1228.9,1289.1,14013.972913700316
2018-04-26T00:00:00Z,BCHUSD,1287.6,1428.5,1240.9,1425.0,8082.335731830072
2018-04-27T00:00:00Z,BCHUSD,1425.2,1425.2,1320.7,1329.0,3312.700109250001
2018-04-28T00:00:00Z,BCHUSD,1331.5,1416.9,1319.4,1391.5,2585.7867995399884
2018-04-29T00:00:00Z,BCHUSD,1391.4,1480.0,1370.8,1444.8,3594.155591010006
2018-04-30T00:00:00Z,BCHUSD,1444.8,1444.8,1324.2,1348.8,2848.934323999991
2018-05-01T00:00:00Z,BCHUSD,1349.0,1368.3,1238.4,1357.5,3973.522762129995
2018-05-02T00:00:00Z,BCHUSD,1356.8,1495.0,1326.4,1458.6,4441.620179600011
2018-05-03T00:00:00Z,BCHUSD,1457.4,1539.0,1450.1,1504.7,3665.470268389989
2018-05-04T00:00:00Z,BCHUSD,1505.2,1534.0,1460.1,1510.8,2625.8694489999966
2018-05-05T00:00:00Z,BCHUSD,1509.1,1748.0,1506.4,1748.0,4185.468513139985
2018-05-06T00:00:00Z,BCHUSD,1748.4,1834.8,1626.0,1756.0,4975.527155210022
2018-05-07T00:00:00Z,BCHUSD,1755.5,1770.1,1565.3,1649.8,5204.598592300007
2018-05-08T00:00:00Z,BCHUSD,1649.8,1697.9,1548.2,1598.4,3474.8653505599923
2018-05-09T00:00:00Z,BCHUSD,1600.4,1674.0,1459.0,1625.7,4758.708560530012
2018-05-10T00:00:00Z,BCHUSD,1625.9,1665.2,1505.3,1515.3,3911.182230619987
2018-05-11T00:00:00Z,BCHUSD,1515.3,1556.9,1315.1,1366.3,6743.33031187007
2018-05-12T00:00:00Z,BCHUSD,1366.6,1506.2,1266.6,1455.7,6741.15693498004
2018-05-13T00:00:00Z,BCHUSD,1458.2,1497.8,1403.8,1478.4,3442.9074630399946
2018-05-14T00:00:00Z,BCHUSD,1478.4,1491.6,1329.1,1411.7,4426.5993987200045
2018-05-15T00:00:00Z,BCHUSD,1417.1,1454.3,1305.2,1341.0,3567.38212680999
2018-05-16T00:00:00Z,BCHUSD,1336.4,1354.2,1220.7,1282.4,4169.679578180004
2018-05-17T00:00:00Z,BCHUSD,1284.7,1340.0,1167.1,1194.7,3257.3611999299915
2018-05-18T00:00:00Z,BCHUSD,1193.6,1218.0,1133.0,1200.0,3880.4117233999937
2018-05-19T00:00:00Z,BCHUSD,1201.5,1212.0,1149.2,1175.0,2673.9537588299995
2018-05-20T00:00:00Z,BCHUSD,1175.2,1314.2,1163.8,1291.1,2356.9892015099913
2018-05-21T00:00:00Z,BCHUSD,1295.6,1304.0,1211.0,1226.0,1880.3059786299993
2018-05-22T00:00:00Z,BCHUSD,1226.9,1232.6,1122.9,1136.7,2424.769440830003
2018-05-23T00:00:00Z,BCHUSD,1133.2,1151.1,966.7,992.8,8124.818583140043
2018-05-24T00:00:00Z,BCHUSD,992.8,1080.0,945.2,1076.1,3569.3855991600008
2018-05-25T00:00:00Z,BCHUSD,1067.7,1073.7,985.5,1012.9,2990.6064979699995
2018-05-26T00:00:00Z,BCHUSD,1013.9,1043.0,995.0,1006.8,1000.6175911899994
2018-05-27T00:00:00Z,BCHUSD,1005.4,1005.4,975.9,996.9,2821.088696740004
2018-05-28T00:00:00Z,BCHUSD,993.7,1001.8,870.8,884.2,3312.022028310005
2018-05-29T00:00:00Z,BCHUSD,885.2,1008.0,872.6,985.2,2622.4739760199923
2018-05-30T00:00:00Z,BCHUSD,987.8,1029.1,944.1,983.5,3075.4362853099924
2018-05-31T00:00:00Z,BCHUSD,976.4,1032.5,970.2,992.5,2626.216754019999
2018-06-01T00:00:00Z,BCHUSD,996.5,1010.0,975.0,1000.2,1311.1154157099993
2018-06-02T00:00:00Z,BCHUSD,999.8,1101.5,989.2,1086.0,2253.6502344400014
2018-06-03T00:00:00Z,BCHUSD,1084.7,1200.0,1073.1,1165.2,4186.819160609998
2018-06-04T00:00:00Z,BCHUSD,1169.2,1210.0,1076.0,1097.3,3514.864053990002
2018-06-05T00:00:00Z,BCHUSD,1099.4,1158.8,1045.4,1149.6,2847.1773745400055
2018-06-06T00:00:00Z,BCHUSD,1150.0,1155.0,1096.8,1126.9,3405.0900714499994
2018-06-07T00:00:00Z,BCHUSD,1127.2,1170.2,1125.6,1143.0,1679.3858612499978
2018-06-08T00:00:00Z,BCHUSD,1143.0,1149.1,1084.2,1115.8,1569.8428171399978
2018-06-09T00:00:00Z,BCHUSD,1112.9,1138.8,1080.4,1083.7,982.64794904
2018-06-10T00:00:00Z,BCHUSD,1086.5,1086.5,895.3,935.2,8213.149417890023
2018-06-11T00:00:00Z,BCHUSD,936.0,976.4,896.4,954.6,4262.339024259989
2018-06-12T00:00:00Z,BCHUSD,951.2,962.9,848.7,871.8,4640.8321923600015
2018-06-13T00:00:00Z,BCHUSD,868.4,886.0,799.7,841.2,4906.585136859991
2018-06-14T00:00:00Z,BCHUSD,843.9,909.0,827.4,895.9,4996.601428110001
2018-06-15T00:00:00Z,BCHUSD,897.7,899.1,834.4,842.0,1503.005305980001
2018-06-16T00:00:00Z,BCHUSD,842.0,859.2,828.3,848.0,1375.5525495099998
2018-06-17T00:00:00Z,BCHUSD,850.3,862.3,840.7,848.1,460.89748008
2018-06-18T00:00:00Z,BCHUSD,846.9,899.1,825.0,885.6,3329.669808239999
2018-06-19T00:00:00Z,BCHUSD,884.3,927.0,874.0,907.0,3460.3791639900014
2018-06-20T00:00:00Z,BCHUSD,908.5,908.5,863.0,891.9,1667.5233605700016
2018-06-21T00:00:00Z,BCHUSD,892.4,904.8,865.7,870.9,862.7272044900003
2018-06-22T00:00:00Z,BCHUSD,873.9,874.6,719.2,748.4,4447.417002039999
2018-06-23T00:00:00Z,BCHUSD,753.2,778.0,732.5,763.7,1490.1349389499992
2018-06-24T00:00:00Z,BCHUSD,764.4,770.7,663.9,746.8,4583.75418966
2018-06-25T00:00:00Z,BCHUSD,746.6,779.9,736.0,756.0,3292.6152995000184
2018-06-26T00:00:00Z,BCHUSD,755.2,756.3,693.6,695.0,1958.9749110900016
2018-06-27T00:00:00Z,BCHUSD,696.6,721.7,687.1,714.0,2188.7479199799977
2018-06-28T00:00:00Z,BCHUSD,713.8,721.6,649.3,659.4,1780.8382406500014
2018-06-29T00:00:00Z,BCHUSD,659.3,739.0,648.6,716.2,2287.7731785399988
2018-06-30T00:00:00Z,BCHUSD,716.0,783.9,716.0,745.8,3550.335278209997
2018-07-01T00:00:00Z,BCHUSD,749.0,760.0,715.5,737.9,2357.919680360001
2018-07-02T00:00:00Z,BCHUSD,735.6,796.0,721.7,782.2,2954.6731298199957
2018-07-03T00:00:00Z,BCHUSD,780.4,828.4,752.0,756.7,2175.7304789399996
2018-07-04T00:00:00Z,BCHUSD,755.0,810.0,735.5,760.4,4891.4043961200005
2018-07-05T00:00:00Z,BCHUSD,762.0,784.9,715.6,741.6,2161.5987189200036
2018-07-06T00:00:00Z,BCHUSD,741.5,743.3,699.1,732.3,1354.4228164999997
2018-07-07T00:00:00Z,BCHUSD,728.9,775.1,710.0,771.4,950.5899193700008
2018-07-08T00:00:00Z,BCHUSD,772.5,780.0,741.0,748.6,1296.6551684300002
2018-07-09T00:00:00Z,BCHUSD,749.2,758.1,727.3,728.2,1751.5964207899995
2018-07-10T00:00:00Z,BCHUSD,729.1,735.9,683.9,687.2,2894.5580082599968
2018-07-11T00:00:00Z,BCHUSD,687.4,711.0,684.7,705.2,3123.8931382599967
2018-07-12T00:00:00Z,BCHUSD,705.1,706.0,661.9,685.5,1942.3539378699993
2018-07-13T00:00:00Z,BCHUSD,685.6,712.3,685.6,694.7,1431.662864759998
2018-07-14T00:00:00Z,BCHUSD,693.3,713.9,687.2,700.6,1183.8901639200008
2018-07-15T00:00:00Z,BCHUSD,703.0,731.6,697.2,722.6,2085.5881289399986
2018-07-16T00:00:00Z,BCHUSD,724.5,810.4,716.0,802.6,5089.233140759995
2018-07-17T00:00:00Z,BCHUSD,799.3,876.8,781.9,855.0,4437.305561750012
2018-07-18T00:00:00Z,BCHUSD,855.6,891.1,804.8,824.0,3541.6227430299937
2018-07-19T00:00:00Z,BCHUSD,824.1,846.0,803.4,825.6,2180.910079729996
2018-07-20T00:00:00Z,BCHUSD,823.5,823.5,760.6,762.5,2703.932772749998
2018-07-21T00:00:00Z,BCHUSD,762.5,799.7,740.7,787.3,1167.8194208399998
2018-07-22T00:00:00Z,BCHUSD,786.0,822.4,777.2,784.8,1570.8412170799986
2018-07-23T00:00:00Z,BCHUSD,784.3,833.2,780.2,782.4,2315.7576992399954
2018-07-24T00:00:00Z,BCHUSD,782.4,876.4,772.0,866.7,4187.223528890021
2018-07-25T00:00:00Z,BCHUSD,865.2,878.2,818.5,831.0,2429.0321291699943
2018-07-26T00:00:00Z,BCHUSD,831.7,862.3,791.2,804.0,1382.29701912
2018-07-27T00:00:00Z,BCHUSD,801.8,827.8,778.4,817.9,2597.4837423800086
2018-07-28T00:00:00Z,BCHUSD,820.0,827.8,800.6,824.5,694.0111580199991
2018-07-29T00:00:00Z,BCHUSD,822.8,840.0,813.0,830.0,799.318584959995
2018-07-30T00:00:00Z,BCHUSD,830.6,833.6,785.0,814.3,2349.8402372499972
2018-07-31T00:00:00Z,BCHUSD,813.5,814.3,758.0,775.6,2660.947599259998
2018-08-01T00:00:00Z,BCHUSD,775.8,777.7,735.0,765.0,2245.265844059995
2018-08-02T00:00:00Z,BCHUSD,767.9,771.3,722.1,731.1,806.463297910001
2018-08-03T00:00:00Z,BCHUSD,730.3,730.3,701.0,725.3,1420.3858265499982
2018-08-04T00:00:00Z,BCHUSD,722.0,735.7,689.0,696.2,631.4385888499999
2018-08-05T00:00:00Z,BCHUSD,696.5,715.0,683.4,708.0,786.5071495999998
2018-08-06T00:00:00Z,BCHUSD,710.0,717.8,679.8,692.2,1164.8100345600003
2018-08-07T00:00:00Z,BCHUSD,692.4,711.9,647.7,655.8,2704.257419840002
2018-08-08T00:00:00Z,BCHUSD,657.1,657.1,565.0,588.5,4924.268264489996
2018-08-09T00:00:00Z,BCHUSD,589.0,619.9,577.7,608.1,2373.4077579499994
2018-08-10T00:00:00Z,BCHUSD,608.9,611.5,559.6,569.3,2674.3653786499644
2018-08-11T00:00:00Z,BCHUSD,570.5,583.1,538.4,562.8,2460.6391876599646
2018-08-12T00:00:00Z,BCHUSD,563.4,584.3,554.9,570.8,1502.0972856397589
2018-08-13T00:00:00Z,BCHUSD,571.0,593.3,522.2,531.1,2193.3721454999995
2018-08-14T00:00:00Z,BCHUSD,529.2,530.3,471.1,508.5,4351.164786420003
2018-08-15T00:00:00Z,BCHUSD,511.4,540.5,502.8,511.9,3018.465430989991
2018-08-16T00:00:00Z,BCHUSD,511.1,538.0,504.2,515.8,2457.1504849999965
2018-08-17T00:00:00Z,BCHUSD,515.5,604.9,514.7,604.9,1487.8795631799971
2018-08-18T00:00:00Z,BCHUSD,604.1,612.0,536.6,553.5,2250.3375347999977
2018-08-19T00:00:00Z,BCHUSD,553.5,583.0,541.8,572.9,1544.7954136599972
2018-08-20T00:00:00Z,BCHUSD,572.1,579.8,509.4,513.4,3568.4428866600006
2018-08-21T00:00:00Z,BCHUSD,513.3,544.4,511.4,535.0,1644.8139113999985
2018-08-22T00:00:00Z,BCHUSD,536.1,574.1,508.9,518.7,3285.7492268399947
2018-08-23T00:00:00Z,BCHUSD,519.3,533.3,513.0,529.9,1105.3632220200002
2018-08-24T00:00:00Z,BCHUSD,529.9,537.6,520.1,533.2,1010.5881327700007
2018-08-25T00:00:00Z,BCHUSD,533.6,544.8,528.3,537.2,398.0147176300002
2018-08-26T00:00:00Z,BCHUSD,536.4,536.6,515.7,523.0,797.1827841899993
2018-08-27T00:00:00Z,BCHUSD,523.8,555.0,520.3,547.9,1454.500373139999
2018-08-28T00:00:00Z,BCHUSD,549.7,574.4,541.7,565.7,2291.8051756199984
2018-08-29T00:00:00Z,BCHUSD,563.7,570.0,545.3,553.6,1514.227900349998
2018-08-30T00:00:00Z,BCHUSD,554.2,556.8,523.8,538.3,1088.6975360200001
2018-08-31T00:00:00Z,BCHUSD,538.2,547.6,532.8,543.2,888.3408782599995
2018-09-01T00:00:00Z,BCHUSD,542.0,631.0,542.0,619.4,3012.0965885000014
2018-09-02T00:00:00Z,BCHUSD,620.2,660.0,601.2,648.0,3148.348798370006
2018-09-03T00:00:00Z,BCHUSD,651.8,655.9,612.4,627.4,3578.245437070003
2018-09-04T00:00:00Z,BCHUSD,626.7,648.6,621.7,626.0,1813.1564155599892
2018-09-05T00:00:00Z,BCHUSD,626.4,632.0,522.0,524.7,3857.5479677499975
2018-09-06T00:00:00Z,BCHUSD,525.0,528.0,485.2,518.4,4773.197810850005
2018-09-07T00:00:00Z,BCHUSD,517.8,527.0,492.8,497.2,2318.4587658899995
2018-09-08T00:00:00Z,BCHUSD,498.3,507.1,462.4,472.9,1748.6190733699993
2018-09-09T00:00:00Z,BCHUSD,470.5,492.5,462.6,476.5,2056.84544363
2018-09-10T00:00:00Z,BCHUSD,479.2,487.0,459.0,465.9,1220.0046015499995
2018-09-11T00:00:00Z,BCHUSD,466.7,476.5,425.3,438.4,1699.9749340299977
2018-09-12T00:00:00Z,BCHUSD,438.4,438.7,410.5,432.2,2170.0870143699995
2018-09-13T00:00:00Z,BCHUSD,431.9,475.4,430.9,464.3,2239.930826619999
2018-09-14T00:00:00Z,BCHUSD,466.8,474.7,440.4,448.0,1936.5021548599998
2018-09-15T00:00:00Z,BCHUSD,446.3,460.7,443.8,448.6,594.9877927800005
2018-09-16T00:00:00Z,BCHUSD,447.7,450.8,425.5,450.0,758.8555033100004
2018-09-17T00:00:00Z,BCHUSD,451.9,460.9,408.1,418.5,2769.8438405099982
2018-09-18T00:00:00Z,BCHUSD,418.5,448.7,412.0,432.2,2165.725283769996
2018-09-19T00:00:00Z,BCHUSD,430.4,442.4,408.0,429.5,2202.98095094
2018-09-20T00:00:00Z,BCHUSD,430.4,466.3,423.6,456.4,2133.8498440200005
2018-09-21T00:00:00Z,BCHUSD,456.9,510.2,449.0,502.0,8395.470779420002
2018-09-22T00:00:00Z,BCHUSD,502.8,510.4,470.0,484.7,3930.5554954299905
2018-09-23T00:00:00Z,BCHUSD,484.9,508.8,477.4,489.9,1962.8114165900022
2018-09-24T00:00:00Z,BCHUSD,488.3,492.8,456.4,461.5,2317.398812019999
2018-09-25T00:00:00Z,BCHUSD,461.8,461.9,424.6,445.5,2387.4382954499943
2018-09-26T00:00:00Z,BCHUSD,446.2,550.0,433.6,513.2,6932.617091770019
2018-09-27T00:00:00Z,BCHUSD,513.7,591.4,512.1,564.6,7634.973779570013
2018-09-28T00:00:00Z,BCHUSD,566.6,575.8,526.9,539.8,3948.8155359099883
2018-09-29T00:00:00Z,BCHUSD,536.7,557.9,510.2,537.8,2306.1133637599955
2018-09-30T00:00:00Z,BCHUSD,535.8,550.0,515.7,530.1,1966.2880116100005
2018-10-01T00:00:00Z,BCHUSD,531.5,542.0,520.6,530.4,2736.152175529996
2018-10-02T00:00:00Z,BCHUSD,531.2,550.0,523.0,528.2,2502.8599107100003
2018-10-03T00:00:00Z,BCHUSD,527.9,529.7,501.8,513.9,2255.1948808200004
2018-10-04T00:00:00Z,BCHUSD,512.8,529.4,507.0,511.9,1970.77719975
2018-10-05T00:00:00Z,BCHUSD,511.9,524.0,508.3,517.6,920.9681919499989
2018-10-06T00:00:00Z,BCHUSD,518.1,518.1,498.0,508.1,642.22173541
2018-10-07T00:00:00Z,BCHUSD,507.1,523.2,503.4,516.4,828.9584657900003
2018-10-08T00:00:00Z,BCHUSD,518.2,531.6,515.7,527.4,1520.5171878099998
2018-10-09T00:00:00Z,BCHUSD,527.1,527.4,512.4,516.0,729.9228554699981
2018-10-10T00:00:00Z,BCHUSD,514.3,515.1,500.0,509.6,3269.6214438800002
2018-10-11T00:00:00Z,BCHUSD,506.9,506.9,422.1,428.0,4955.209772620029
2018-10-12T00:00:00Z,BCHUSD,426.6,450.1,422.0,436.6,1414.9691780300022
2018-10-13T00:00:00Z,BCHUSD,436.6,448.0,436.2,443.2,439.4958416399999
2018-10-14T00:00:00Z,BCHUSD,443.0,447.3,428.0,431.9,572.8933535400013
2018-10-15T00:00:00Z,BCHUSD,431.8,483.4,425.7,449.0,5504.684670439999
2018-10-16T00:00:00Z,BCHUSD,448.3,457.8,442.7,450.1,2081.0311113800017
2018-10-17T00:00:00Z,BCHUSD,450.1,450.1,438.6,441.8,2872.101007490003
2018-10-18T00:00:00Z,BCHUSD,441.3,449.3,422.8,431.7,2515.352304340001
2018-10-19T00:00:00Z,BCHUSD,432.2,439.4,426.4,437.2,1702.089800650001
2018-10-20T00:00:00Z,BCHUSD,436.4,446.5,432.7,442.7,718.2095992799992
2018-10-21T00:00:00Z,BCHUSD,442.6,452.7,440.7,443.6,631.1562365200003
2018-10-22T00:00:00Z,BCHUSD,443.7,446.4,438.1,444.1,1193.8435291600006
2018-10-23T00:00:00Z,BCHUSD,444.8,445.6,433.1,438.0,2223.0589032299995
2018-10-24T00:00:00Z,BCHUSD,438.3,445.4,436.5,437.6,471.6940929000001
2018-10-25T00:00:00Z,BCHUSD,437.5,439.8,434.5,436.4,424.4207088199999
2018-10-26T00:00:00Z,BCHUSD,436.0,441.8,431.6,435.1,913.3649176999994
2018-10-27T00:00:00Z,BCHUSD,435.4,435.8,432.1,434.4,352.7687277600001
2018-10-28T00:00:00Z,BCHUSD,434.6,437.9,433.1,436.8,184.90700948
2018-10-29T00:00:00Z,BCHUSD,436.8,437.2,407.8,412.8,2402.5343797800015
2018-10-30T00:00:00Z,BCHUSD,413.3,422.0,412.1,419.8,721.44077448
2018-10-31T00:00:00Z,BCHUSD,419.5,429.3,407.0,422.9,2351.2743219700005
2018-11-01T00:00:00Z,BCHUSD,422.7,424.4,419.8,422.7,1612.4837347199978
2018-11-02T00:00:00Z,BCHUSD,423.0,469.9,421.9,459.0,4102.681156469994
2018-11-03T00:00:00Z,BCHUSD,459.7,485.1,455.5,477.8,3006.6400636499875
2018-11-04T00:00:00Z,BCHUSD,477.3,588.4,476.5,565.9,10691.163999230022
2018-11-05T00:00:00Z,BCHUSD,566.2,576.7,532.6,557.6,8294.330935420054
2018-11-06T00:00:00Z,BCHUSD,557.7,630.2,549.8,627.8,8056.766559460039
2018-11-07T00:00:00Z,BCHUSD,627.9,638.0,590.7,613.9,8745.78416594008
2018-11-08T00:00:00Z,BCHUSD,613.8,617.2,558.7,572.2,8013.990649740023
2018-11-09T00:00:00Z,BCHUSD,572.1,595.0,521.4,539.5,5699.75816494
2018-11-10T00:00:00Z,BCHUSD,539.5,561.4,527.3,550.9,2944.107744219993
2018-11-11T00:00:00Z,BCHUSD,550.4,551.0,510.7,529.5,4715.477864209986
2018-11-12T00:00:00Z,BCHUSD,529.8,534.4,496.7,507.5,20752.340523870073
2018-11-13T00:00:00Z,BCHUSD,508.6,538.0,495.1,503.6,23864.45577628022
2018-11-14T00:00:00Z,BCHUSD,503.4,579.0,403.8,427.5,32039.32010393012
2018-11-15T00:00:00Z,BCHUSD,427.5,451.2,359.9,384.6,9193.634372680155
2018-11-16T00:00:00Z,BCHUSD,381.0,397.6,332.9,340.9,2086.6388125199637
2018-11-17T00:00:00Z,BCHUSD,340.2,380.0,300.0,349.4,2769.1600055800186
2018-11-18T00:00:00Z,BCHUSD,350.3,372.0,304.5,328.3,1604.3839546599827
2018-11-19T00:00:00Z,BCHUSD,328.3,335.0,248.3,263.7,2867.418608649994
2018-11-20T00:00:00Z,BCHUSD,266.1,292.6,203.0,255.0,3800.458068180083
2018-11-21T00:00:00Z,BCHUSD,253.9,282.8,231.4,253.7,3006.538750849985
2018-11-22T00:00:00Z,BCHUSD,253.2,287.0,204.0,204.0,3205.384248269999
2018-11-23T00:00:00Z,BCHUSD,205.7,211.3,191.0,203.4,7324.224912280015
2018-11-24T00:00:00Z,BCHUSD,203.1,212.0,170.1,174.0,6142.559336840045
2018-11-25T00:00:00Z,BCHUSD,174.2,192.5,146.8,179.5,12594.354515980376
2018-11-26T00:00:00Z,BCHUSD,180.7,206.9,161.8,178.2,7305.823842959948
2018-11-27T00:00:00Z,BCHUSD,178.4,186.1,165.7,176.2,4192.6869183800145
2018-11-28T00:00:00Z,BCHUSD,176.2,197.4,173.8,188.4,5844.6302707899895
2018-11-29T00:00:00Z,BCHUSD,188.5,190.8,172.6,178.7,5324.998089070008
2018-11-30T00:00:00Z,BCHUSD,178.8,186.1,164.2,169.9,5545.943918150022
2018-12-01T00:00:00Z,BCHUSD,169.8,177.1,164.2,170.2,2102.247223079951
2018-12-02T00:00:00Z,BCHUSD,171.2,210.7,167.4,169.2,4367.650680410008
2018-12-03T00:00:00Z,BCHUSD,169.7,185.0,153.8,157.0,3907.855814419927
2018-12-04T00:00:00Z,BCHUSD,157.0,158.0,145.0,146.0,2441.9412725399807
2018-12-05T00:00:00Z,BCHUSD,146.4,157.9,126.4,127.3,5988.413581280019
2018-12-06T00:00:00Z,BCHUSD,127.1,129.3,103.4,104.8,9899.307837370026
2018-12-07T00:00:00Z,BCHUSD,104.8,115.4,93.6,103.9,11174.941212700003
2018-12-08T00:00:00Z,BCHUSD,103.9,108.3,94.2,99.6,8055.003106519994
2018-12-09T00:00:00Z,BCHUSD,99.2,109.8,97.4,106.1,6525.592681000122
2018-12-10T00:00:00Z,BCHUSD,105.9,107.8,98.6,101.6,4548.82611708003
2018-12-11T00:00:00Z,BCHUSD,101.5,101.5,92.0,95.4,4975.042575380038
2018-12-12T00:00:00Z,BCHUSD,95.2,98.7,94.0,96.5,2782.081615070029
2018-12-13T00:00:00Z,BCHUSD,96.6,96.6,85.8,86.7,6075.51507454004
2018-12-14T00:00:00Z,BCHUSD,86.6,88.4,75.8,79.4,12004.011732509978
2018-12-15T00:00:00Z,BCHUSD,79.4,83.3,73.6,76.0,5240.227106229853
2018-12-16T00:00:00Z,BCHUSD,76.1,81.6,75.8,79.0,4049.790726100206
2018-12-17T00:00:00Z,BCHUSD,78.6,91.1,78.2,87.8,5433.383379789931
2018-12-18T00:00:00Z,BCHUSD,87.8,105.3,84.8,103.8,16520.6489758495
2018-12-19T00:00:00Z,BCHUSD,104.0,147.3,101.2,125.9,48908.87007790007
2018-12-20T00:00:00Z,BCHUSD,125.9,213.9,122.1,191.6,58554.539628210136
2018-12-21T00:00:00Z,BCHUSD,190.7,229.9,171.7,191.8,46509.68900470109
2018-12-22T00:00:00Z,BCHUSD,191.8,204.0,180.6,195.9,14634.518221160162
2018-12-23T00:00:00Z,BCHUSD,195.7,209.6,187.3,195.5,14352.874216729979
2018-12-24T00:00:00Z,BCHUSD,195.7,213.9,176.3,180.3,36336.20895312952
2018-12-25T00:00:00Z,BCHUSD,180.0,181.7,147.0,170.3,26082.90158446037
2018-12-26T00:00:00Z,BCHUSD,170.3,185.7,161.1,174.0,10772.08708927959
2018-12-27T00:00:00Z,BCHUSD,174.5,176.4,144.5,147.7,7720.598471290006
2018-12-28T00:00:00Z,BCHUSD,147.7,177.2,140.5,172.5,10643.453868489793
2018-12-29T00:00:00Z,BCHUSD,172.3,175.5,158.6,160.4,7389.923337219976
2018-12-30T00:00:00Z,BCHUSD,160.4,164.0,156.3,162.2,5623.520079489931
2018-12-31T00:00:00Z,BCHUSD,162.2,162.4,145.0,148.1,5742.791986130039
2019-01-01T00:00:00Z,BCHUSD,148.1,166.4,146.0,163.0,9613.32575795986
2019-01-02T00:00:00Z,BCHUSD,163.8,173.0,159.7,170.1,10543.18523830995
2019-01-03T00:00:00Z,BCHUSD,170.0,175.5,156.5,159.3,6606.157477020042
2019-01-04T00:00:00Z,BCHUSD,158.8,162.9,151.8,159.0,5907.744725359986
2019-01-05T00:00:00Z,BCHUSD,159.3,165.4,155.8,158.0,4949.863838340014
2019-01-06T00:00:00Z,BCHUSD,157.8,167.7,156.0,164.6,4929.3755671199415
2019-01-07T00:00:00Z,BCHUSD,164.8,166.7,158.7,159.5,5266.847240579984
2019-01-08T00:00:00Z,BCHUSD,159.5,163.0,156.0,159.5,5141.000099899968
2019-01-09T00:00:00Z,BCHUSD,159.6,160.2,155.6,158.5,2755.374776669992
2019-01-10T00:00:00Z,BCHUSD,158.5,164.0,128.9,133.5,16698.08046283968
2019-01-11T00:00:00Z,BCHUSD,132.7,133.2,126.7,129.2,7656.126586349961
2019-01-12T00:00:00Z,BCHUSD,129.1,136.9,129.1,132.6,7885.813688350242
2019-01-13T00:00:00Z,BCHUSD,132.5,134.1,121.2,124.4,5955.709446200025
2019-01-14T00:00:00Z,BCHUSD,124.6,136.8,122.3,132.2,11024.32923000995
2019-01-15T00:00:00Z,BCHUSD,132.2,133.4,124.6,126.4,5007.098992310457
2019-01-16T00:00:00Z,BCHUSD,126.4,130.5,125.8,127.4,4029.618829480138
2019-01-17T00:00:00Z,BCHUSD,127.5,130.8,123.7,129.4,3449.5933805801074
2019-01-18T00:00:00Z,BCHUSD,129.7,129.7,124.5,126.6,2157.1345288599687
2019-01-19T00:00:00Z,BCHUSD,126.9,131.4,126.1,128.7,3429.1261813600345
2019-01-20T00:00:00Z,BCHUSD,128.6,129.6,119.6,121.8,6043.403692700032
2019-01-21T00:00:00Z,BCHUSD,121.8,123.1,119.8,121.3,2476.8240388999984
2019-01-22T00:00:00Z,BCHUSD,121.3,131.0,115.6,127.6,7913.663459159935
2019-01-23T00:00:00Z,BCHUSD,127.4,134.9,126.6,131.2,9700.15124118996
2019-01-24T00:00:00Z,BCHUSD,131.3,131.3,125.9,127.9,2046.527843249998
2019-01-25T00:00:00Z,BCHUSD,128.3,128.3,124.7,126.4,3898.377388129999
2019-01-26T00:00:00Z,BCHUSD,126.5,128.7,125.0,125.1,2965.800186910002
2019-01-27T00:00:00Z,BCHUSD,125.4,125.8,117.5,120.8,3250.1133849800112
2019-01-28T00:00:00Z,BCHUSD,120.8,120.9,104.6,111.0,13561.176956969999
2019-01-29T00:00:00Z,BCHUSD,111.1,111.8,105.7,108.8,7125.744858989964
2019-01-30T00:00:00Z,BCHUSD,108.8,119.6,107.3,116.3,12867.949311379989
2019-01-31T00:00:00Z,BCHUSD,116.3,120.0,111.8,112.9,9733.22174893006
2019-02-01T00:00:00Z,BCHUSD,113.0,117.1,109.9,114.4,5443.41065888991
2019-02-02T00:00:00Z,BCHUSD,114.4,121.2,113.8,119.9,4461.151666050008
2019-02-03T00:00:00Z,BCHUSD,120.0,120.2,115.3,117.2,2445.478850640002
2019-02-04T00:00:00Z,BCHUSD,117.3,119.0,116.3,117.4,1559.1225151399997
2019-02-05T00:00:00Z,BCHUSD,117.4,119.2,115.6,116.0,4433.624028609998
2019-02-06T00:00:00Z,BCHUSD,116.1,121.2,109.7,113.3,13539.608920759976
2019-02-07T00:00:00Z,BCHUSD,113.3,116.4,112.4,114.3,5840.731410539922
2019-02-08T00:00:00Z,BCHUSD,114.2,131.0,112.8,128.0,17306.189637210024
2019-02-09T00:00:00Z,BCHUSD,128.0,129.0,124.6,126.9,3136.9104069000273
2019-02-10T00:00:00Z,BCHUSD,126.7,127.2,120.2,125.8,5964.510893030012
2019-02-11T00:00:00Z,BCHUSD,126.0,126.1,118.9,120.7,4474.888557100005
2019-02-12T00:00:00Z,BCHUSD,120.8,122.3,117.0,121.2,3920.8709266000005
2019-02-13T00:00:00Z,BCHUSD,121.2,125.8,119.3,120.9,5432.580596990011
2019-02-14T00:00:00Z,BCHUSD,120.9,122.9,118.0,119.8,8920.412149089978
2019-02-15T00:00:00Z,BCHUSD,119.9,123.0,119.2,120.0,2366.096736690001
2019-02-16T00:00:00Z,BCHUSD,119.9,121.7,119.9,120.2,1872.0281268099968
2019-02-17T00:00:00Z,BCHUSD,120.3,123.9,119.0,122.8,4810.985422730007
2019-02-18T00:00:00Z,BCHUSD,123.0,148.0,123.0,142.4,28144.020949010268
2019-02-19T00:00:00Z,BCHUSD,142.3,150.5,140.1,140.9,18930.042546589742
2019-02-20T00:00:00Z,BCHUSD,140.8,147.3,137.7,145.5,10220.175931859716
2019-02-21T00:00:00Z,BCHUSD,145.5,147.2,137.9,140.5,11155.572817309914
2019-02-22T00:00:00Z,BCHUSD,140.5,143.9,138.8,142.2,6767.889817779643
2019-02-23T00:00:00Z,BCHUSD,142.1,153.6,139.4,153.5,21089.818005719877
2019-02-24T00:00:00Z,BCHUSD,153.5,157.1,126.0,126.0,35103.52097529041
2019-02-25T00:00:00Z,BCHUSD,126.5,137.6,126.4,132.8,14111.888060159956
2019-02-26T00:00:00Z,BCHUSD,133.0,137.1,129.1,131.6,10125.89261699983
2019-02-27T00:00:00Z,BCHUSD,131.5,133.3,125.0,130.3,8854.864897459978
2019-02-28T00:00:00Z,BCHUSD,130.3,132.7,127.5,129.4,10662.444286730017
2019-03-01T00:00:00Z,BCHUSD,129.5,133.2,129.0,130.6,4125.933147970019
2019-03-02T00:00:00Z,BCHUSD,130.6,131.3,127.1,130.0,2765.550270650026
2019-03-03T00:00:00Z,BCHUSD,130.1,131.5,128.1,128.8,5266.12306027988
2019-03-04T00:00:00Z,BCHUSD,129.0,129.8,120.4,122.7,8773.585345069829
2019-03-05T00:00:00Z,BCHUSD,122.9,132.9,122.2,131.7,9525.1206557499
2019-03-06T00:00:00Z,BCHUSD,131.8,132.9,128.5,130.7,7742.462281969858
2019-03-07T00:00:00Z,BCHUSD,130.8,132.7,129.5,129.7,2943.270082819994
2019-03-08T00:00:00Z,BCHUSD,129.8,131.4,125.3,126.9,5749.394716599899
2019-03-09T00:00:00Z,BCHUSD,127.0,135.5,126.5,132.5,6562.978622149862
2019-03-10T00:00:00Z,BCHUSD,132.5,132.9,129.4,130.5,2353.1678607800295
2019-03-11T00:00:00Z,BCHUSD,130.3,131.1,126.0,128.2,3757.0875169799647
2019-03-12T00:00:00Z,BCHUSD,128.2,128.7,124.9,127.6,4042.7384117299757
2019-03-13T00:00:00Z,BCHUSD,128.0,128.6,125.8,127.2,3053.246581709988
2019-03-14T00:00:00Z,BCHUSD,127.2,134.4,127.0,131.3,11746.421174599867
2019-03-15T00:00:00Z,BCHUSD,131.3,145.0,130.9,142.5,9757.987863579952
2019-03-16T00:00:00Z,BCHUSD,142.5,159.7,142.5,155.2,16154.756814590057
2019-03-17T00:00:00Z,BCHUSD,155.2,156.7,146.1,153.7,10361.057603069865
2019-03-18T00:00:00Z,BCHUSD,153.7,165.6,153.2,160.3,20038.94530043027
2019-03-19T00:00:00Z,BCHUSD,160.1,161.0,154.3,159.4,9617.951990399923
2019-03-20T00:00:00Z,BCHUSD,159.4,159.6,153.2,158.2,6627.174443059913
2019-03-21T00:00:00Z,BCHUSD,158.7,159.1,146.9,152.4,18587.32373192023
2019-03-22T00:00:00Z,BCHUSD,152.3,158.9,150.6,155.5,6454.194183659891
2019-03-23T00:00:00Z,BCHUSD,155.6,169.0,155.0,165.6,15985.048628799988
2019-03-24T00:00:00Z,BCHUSD,165.1,165.3,160.4,163.3,8060.045833179827
2019-03-25T00:00:00Z,BCHUSD,163.3,164.7,154.4,158.4,13562.614011339983
2019-03-26T00:00:00Z,BCHUSD,158.5,159.5,152.3,158.2,13715.584753939984
2019-03-27T00:00:00Z,BCHUSD,158.2,172.9,157.5,170.0,13705.752857969928
2019-03-28T00:00:00Z,BCHUSD,170.1,170.1,164.6,167.0,5091.439702269935
2019-03-29T00:00:00Z,BCHUSD,167.2,173.0,166.8,170.0,6634.3073009998525
2019-03-30T00:00:00Z,BCHUSD,170.2,171.5,163.2,166.6,6825.597770550137
2019-03-31T00:00:00Z,BCHUSD,166.5,168.8,165.0,168.3,4057.697203329995
2019-04-01T00:00:00Z,BCHUSD,168.5,170.1,165.3,167.3,8065.878213519877
2019-04-02T00:00:00Z,BCHUSD,167.3,250.3,167.1,242.6,48624.8831854002
2019-04-03T00:00:00Z,BCHUSD,242.2,351.7,241.8,300.5,116576.72353146989
2019-04-04T00:00:00Z,BCHUSD,300.5,322.4,272.1,286.5,65302.520190870375
2019-04-05T00:00:00Z,BCHUSD,285.9,302.3,280.9,293.3,21127.57591818026
2019-04-06T00:00:00Z,BCHUSD,293.4,332.5,283.9,305.7,37610.43720093039
2019-04-07T00:00:00Z,BCHUSD,305.2,329.2,299.1,319.6,26545.306105710457
2019-04-08T00:00:00Z,BCHUSD,320.0,329.9,294.2,309.4,25023.44220744059
2019-04-09T00:00:00Z,BCHUSD,309.5,309.5,292.5,295.5,12109.912109669971
2019-04-10T00:00:00Z,BCHUSD,295.6,317.9,294.9,304.9,14386.680933449952
2019-04-11T00:00:00Z,BCHUSD,305.2,305.9,255.0,270.5,30464.95219992054
2019-04-12T00:00:00Z,BCHUSD,270.6,290.3,259.3,282.0,17327.431937710113
2019-04-13T00:00:00Z,BCHUSD,282.5,287.5,272.0,278.5,6733.783358929891
2019-04-14T00:00:00Z,BCHUSD,278.0,291.5,272.9,289.0,5411.207287739976
2019-04-15T00:00:00Z,BCHUSD,289.2,336.0,287.7,312.2,40190.19789934021
2019-04-16T00:00:00Z,BCHUSD,312.1,324.8,302.8,316.7,17809.147077320045
2019-04-17T00:00:00Z,BCHUSD,316.7,321.7,304.6,310.0,11679.155916909947
2019-04-18T00:00:00Z,BCHUSD,310.4,314.8,303.6,306.4,7666.6743695498335
2019-04-19T00:00:00Z,BCHUSD,306.5,314.6,290.5,306.5,12600.995378289941
2019-04-20T00:00:00Z,BCHUSD,306.9,310.4,293.2,300.1,5285.163806389955
2019-04-21T00:00:00Z,BCHUSD,300.3,303.9,279.4,290.5,10685.475872819974
2019-04-22T00:00:00Z,BCHUSD,290.5,297.4,286.9,292.5,6808.641651829898
2019-04-23T00:00:00Z,BCHUSD,292.7,312.0,286.5,288.4,15914.59215034003
2019-04-24T00:00:00Z,BCHUSD,288.2,291.7,269.1,278.6,16073.670928550015
2019-04-25T00:00:00Z,BCHUSD,279.0,285.0,256.6,263.3,16239.053104119885
2019-04-26T00:00:00Z,BCHUSD,262.2,270.5,249.4,258.4,10530.46219947004
2019-04-27T00:00:00Z,BCHUSD,259.5,262.8,255.6,258.7,3861.0543709699946
2019-04-28T00:00:00Z,BCHUSD,259.1,262.0,243.9,249.3,4931.683365319993
2019-04-29T00:00:00Z,BCHUSD,249.1,249.7,228.1,235.2,8224.743327120059
2019-04-30T00:00:00Z,BCHUSD,235.2,265.8,231.7,264.9,10531.181024540077
2019-05-01T00:00:00Z,BCHUSD,264.9,277.0,261.2,267.7,11823.73214090004
2019-05-02T00:00:00Z,BCHUSD,267.3,277.0,261.4,264.7,8968.370875759996
2019-05-03T00:00:00Z,BCHUSD,263.9,296.2,262.2,288.3,17085.711845250065
2019-05-04T00:00:00Z,BCHUSD,287.6,309.0,268.3,287.8,31937.54672195057
2019-05-05T00:00:00Z,BCHUSD,288.5,299.5,282.5,290.5,11836.806548479897
2019-05-06T00:00:00Z,BCHUSD,290.2,293.7,273.3,285.5,16645.54601014994
2019-05-07T00:00:00Z,BCHUSD,286.0,298.1,278.7,279.7,18240.456605269937
2019-05-08T00:00:00Z,BCHUSD,280.0,286.3,268.4,284.0,13216.698964889996
2019-05-09T00:00:00Z,BCHUSD,284.0,291.9,274.4,282.5,16730.725129729995
2019-05-10T00:00:00Z,BCHUSD,282.6,295.5,276.1,285.6,17994.83822577023
2019-05-11T00:00:00Z,BCHUSD,285.5,387.0,285.3,354.3,51944.25995338036
2019-05-12T00:00:00Z,BCHUSD,354.7,379.9,327.2,355.8,54903.471787060116
2019-05-13T00:00:00Z,BCHUSD,355.3,404.9,347.4,384.1,52973.522043060395
2019-05-14T00:00:00Z,BCHUSD,384.1,411.4,362.2,389.4,44977.83000358053
2019-05-15T00:00:00Z,BCHUSD,389.2,413.4,368.1,404.6,35083.795372090404
2019-05-16T00:00:00Z,BCHUSD,404.1,450.0,380.5,398.9,43354.063779070944
2019-05-17T00:00:00Z,BCHUSD,399.1,412.2,336.5,367.5,47735.3232659211
2019-05-18T00:00:00Z,BCHUSD,368.0,374.1,350.0,357.7,11946.969131150006
2019-05-19T00:00:00Z,BCHUSD,357.4,432.4,356.1,418.1,37557.98173980063
2019-05-20T00:00:00Z,BCHUSD,417.3,422.8,381.5,414.7,32089.784094530525
2019-05-21T00:00:00Z,BCHUSD,415.1,447.7,400.6,416.9,21027.968716270145
2019-05-22T00:00:00Z,BCHUSD,416.9,424.6,381.6,387.4,22495.738409730086
2019-05-23T00:00:00Z,BCHUSD,387.7,409.0,368.5,405.2,15703.523791059868
2019-05-24T00:00:00Z,BCHUSD,405.8,424.6,395.1,408.9,12535.261430389986
2019-05-25T00:00:00Z,BCHUSD,408.8,416.1,400.5,406.0,8650.435987359891
2019-05-26T00:00:00Z,BCHUSD,406.2,439.3,390.6,433.2,15128.323600089974
2019-05-27T00:00:00Z,BCHUSD,434.1,457.6,418.0,439.9,15371.01290178994
2019-05-28T00:00:00Z,BCHUSD,440.2,445.1,426.0,433.7,8520.511812599883
2019-05-29T00:00:00Z,BCHUSD,433.7,465.2,418.4,457.6,14561.639134639945
2019-05-30T00:00:00Z,BCHUSD,457.1,482.0,400.0,421.4,25084.424034320014
2019-05-31T00:00:00Z,BCHUSD,420.9,443.7,412.6,442.7,13655.881555959975
2019-06-01T00:00:00Z,BCHUSD,442.7,447.3,427.6,432.2,7747.620957509885
2019-06-02T00:00:00Z,BCHUSD,432.2,450.8,431.6,441.6,5853.322383519925
2019-06-03T00:00:00Z,BCHUSD,441.8,447.0,395.3,401.4,15963.608110769934
2019-06-04T00:00:00Z,BCHUSD,401.4,401.8,363.8,382.0,19792.860461439992
2019-06-05T00:00:00Z,BCHUSD,382.8,414.9,378.5,396.9,16585.907591379968
2019-06-06T00:00:00Z,BCHUSD,396.9,402.3,368.8,396.6,9087.11602125989
2019-06-07T00:00:00Z,BCHUSD,397.8,409.9,390.4,399.6,8122.401160949872
2019-06-08T00:00:00Z,BCHUSD,399.3,404.5,385.5,393.3,5687.956413629913
2019-06-09T00:00:00Z,BCHUSD,395.1,396.6,371.7,380.6,6106.84996964994
2019-06-10T00:00:00Z,BCHUSD,380.4,400.8,374.3,394.4,8519.680678399875
2019-06-11T00:00:00Z,BCHUSD,394.4,398.5,378.8,387.8,5794.486239979909
2019-06-12T00:00:00Z,BCHUSD,388.2,406.4,384.3,397.3,7960.642196709887
2019-06-13T00:00:00Z,BCHUSD,397.3,426.0,395.4,411.5,12308.239401639981
2019-06-14T00:00:00Z,BCHUSD,411.9,422.8,401.0,421.7,8496.757686499868
2019-06-15T00:00:00Z,BCHUSD,421.7,426.9,413.0,421.8,6639.744219249933
2019-06-16T00:00:00Z,BCHUSD,423.4,441.9,418.1,427.5,8425.543822229849
2019-06-17T00:00:00Z,BCHUSD,427.0,439.8,425.1,430.9,6144.660701399971
2019-06-18T00:00:00Z,BCHUSD,431.0,431.9,402.4,413.5,11420.819879379964
2019-06-19T00:00:00Z,BCHUSD,413.9,420.4,407.4,416.3,7046.988461529883
2019-06-20T00:00:00Z,BCHUSD,416.4,419.2,404.8,412.8,5812.9434372999585
2019-06-21T00:00:00Z,BCHUSD,413.2,443.7,413.1,440.4,9125.514561479871
2019-06-22T00:00:00Z,BCHUSD,440.4,517.2,429.8,479.1,16396.450120669935
2019-06-23T00:00:00Z,BCHUSD,479.1,497.9,468.0,473.0,6285.0527757299415
2019-06-24T00:00:00Z,BCHUSD,472.8,477.4,458.0,477.1,5543.750317870006
2019-06-25T00:00:00Z,BCHUSD,477.8,483.7,462.4,477.2,6977.171095569911
2019-06-26T00:00:00Z,BCHUSD,477.4,515.9,450.3,482.5,26864.64226103002
2019-06-27T00:00:00Z,BCHUSD,482.3,490.3,384.2,411.7,32934.90251601018
2019-06-28T00:00:00Z,BCHUSD,412.0,438.0,394.7,434.6,12522.73620979999
2019-06-29T00:00:00Z,BCHUSD,434.5,444.2,411.7,440.7,8122.369812459848
2019-06-30T00:00:00Z,BCHUSD,440.6,447.8,395.5,398.6,10174.472068029922
2019-07-01T00:00:00Z,BCHUSD,399.6,419.7,386.3,415.7,12613.913581099949
2019-07-02T00:00:00Z,BCHUSD,416.2,421.9,380.6,407.5,12828.565032359922
2019-07-03T00:00:00Z,BCHUSD,408.0,423.3,405.0,421.8,5876.035517169896
2019-07-04T00:00:00Z,BCHUSD,422.5,423.3,398.1,399.6,5542.353547649987
2019-07-05T00:00:00Z,BCHUSD,399.0,410.3,391.1,399.7,4396.8538351799525
2019-07-06T00:00:00Z,BCHUSD,399.7,419.0,399.4,405.8,3078.176350230004
2019-07-07T00:00:00Z,BCHUSD,405.4,415.0,398.1,412.8,2755.7796989500184
2019-07-08T00:00:00Z,BCHUSD,412.4,420.5,406.4,418.2,4500.876165129942
2019-07-09T00:00:00Z,BCHUSD,418.2,429.1,411.0,415.2,6815.3511010098555
2019-07-10T00:00:00Z,BCHUSD,415.0,423.2,380.2,388.3,10488.286372529974
2019-07-11T00:00:00Z,BCHUSD,388.5,388.7,315.0,345.3,17475.85346679012
2019-07-12T00:00:00Z,BCHUSD,345.3,361.1,336.8,353.0,9809.88972091993
2019-07-13T00:00:00Z,BCHUSD,353.0,354.0,330.0,344.1,4762.261207839977
2019-07-14T00:00:00Z,BCHUSD,344.7,345.6,298.4,309.0,7837.666034189954
2019-07-15T00:00:00Z,BCHUSD,309.0,326.3,255.1,313.1,17320.024799799943
2019-07-16T00:00:00Z,BCHUSD,313.5,317.8,265.9,282.1,24177.090149030337
2019-07-17T00:00:00Z,BCHUSD,283.0,309.0,273.6,292.7,25342.978829960262
2019-07-18T00:00:00Z,BCHUSD,292.2,323.3,283.7,314.5,17955.16749964009
2019-07-19T00:00:00Z,BCHUSD,314.7,315.8,295.6,308.3,9600.01975687002
2019-07-20T00:00:00Z,BCHUSD,308.6,344.1,305.5,325.3,11271.323868190053
2019-07-21T00:00:00Z,BCHUSD,324.9,332.5,311.0,321.3,7790.594766209981
2019-07-22T00:00:00Z,BCHUSD,321.7,324.8,299.7,310.5,7680.456519879991
2019-07-23T00:00:00Z,BCHUSD,309.8,315.0,291.3,296.6,10547.811965700028
2019-07-24T00:00:00Z,BCHUSD,296.6,307.6,282.3,303.1,9240.939301909993
2019-07-25T00:00:00Z,BCHUSD,302.4,312.7,294.3,302.1,8798.097853679983
2019-07-26T00:00:00Z,BCHUSD,301.9,324.8,294.3,319.1,7767.912791170004
2019-07-27T00:00:00Z,BCHUSD,317.6,327.2,298.1,305.1,5729.4300316399795
2019-07-28T00:00:00Z,BCHUSD,305.8,312.9,288.7,310.2,5144.198019359999
2019-07-29T00:00:00Z,BCHUSD,311.2,314.6,301.3,305.6,5815.554560499995
2019-07-30T00:00:00Z,BCHUSD,305.1,325.4,302.4,318.0,6848.776703099981
2019-07-31T00:00:00Z,BCHUSD,318.0,337.3,318.0,329.2,7305.6114144299845
2019-08-01T00:00:00Z,BCHUSD,328.5,331.0,318.7,329.8,3783.582269930006
2019-08-02T00:00:00Z,BCHUSD,329.8,334.4,320.1,328.2,4656.428286820004
2019-08-03T00:00:00Z,BCHUSD,328.3,348.9,326.3,335.2,5754.463024159993
2019-08-04T00:00:00Z,BCHUSD,335.6,339.7,328.0,337.2,2438.36659506
2019-08-05T00:00:00Z,BCHUSD,337.3,356.1,337.3,347.3,6016.775157419983
2019-08-06T00:00:00Z,BCHUSD,345.9,355.3,328.8,335.4,7441.614288449993
2019-08-07T00:00:00Z,BCHUSD,335.1,346.6,330.2,338.3,6039.376641189987
2019-08-08T00:00:00Z,BCHUSD,338.4,338.9,325.1,334.5,3987.327220080002
2019-08-09T00:00:00Z,BCHUSD,333.8,334.2,307.5,314.0,7196.2732938999825
2019-08-10T00:00:00Z,BCHUSD,315.3,324.7,301.9,315.3,7143.475910759993
2019-08-11T00:00:00Z,BCHUSD,315.3,344.0,313.0,338.4,5820.252344279993
2019-08-12T00:00:00Z,BCHUSD,338.0,339.7,326.0,328.5,5602.9971104599945
2019-08-13T00:00:00Z,BCHUSD,329.3,351.4,327.3,346.1,9830.671970349995
2019-08-14T00:00:00Z,BCHUSD,346.7,358.2,301.2,310.8,12492.90544027
2019-08-15T00:00:00Z,BCHUSD,310.8,322.6,267.0,314.0,19455.085632640006
2019-08-16T00:00:00Z,BCHUSD,313.7,315.7,297.8,309.0,9622.04217565
2019-08-17T00:00:00Z,BCHUSD,309.0,312.3,300.2,306.5,5893.350414729998
2019-08-18T00:00:00Z,BCHUSD,306.4,325.8,302.8,317.0,6640.04653795001
2019-08-19T00:00:00Z,BCHUSD,317.0,329.0,313.2,325.9,4095.4867091099995
2019-08-20T00:00:00Z,BCHUSD,325.4,325.9,310.8,314.8,3527.239697879997
2019-08-21T00:00:00Z,BCHUSD,315.6,352.2,288.4,304.3,9407.442102629995
2019-08-22T00:00:00Z,BCHUSD,303.8,315.4,293.6,312.4,7224.58270386
2019-08-23T00:00:00Z,BCHUSD,312.0,318.9,305.6,316.1,3032.7199338900036
2019-08-24T00:00:00Z,BCHUSD,316.2,316.4,298.3,306.0,3756.898272320011
2019-08-25T00:00:00Z,BCHUSD,306.3,312.6,299.5,306.0,3224.4145149100004
2019-08-26T00:00:00Z,BCHUSD,306.2,315.3,305.6,310.5,5118.7946453399945
2019-08-27T00:00:00Z,BCHUSD,310.6,313.0,303.1,308.2,3151.412609180005
2019-08-28T00:00:00Z,BCHUSD,308.1,309.1,284.0,291.8,6263.8804620499905
2019-08-29T00:00:00Z,BCHUSD,291.7,291.8,275.6,279.7,12279.049904849995
2019-08-30T00:00:00Z,BCHUSD,280.0,284.1,270.4,278.7,4653.495482049999
2019-08-31T00:00:00Z,BCHUSD,278.7,286.2,270.9,279.2,4022.6267258499947
2019-09-01T00:00:00Z,BCHUSD,279.9,283.6,273.6,281.7,5046.956756919991
2019-09-02T00:00:00Z,BCHUSD,282.1,296.6,280.2,294.1,3941.946816579992
2019-09-03T00:00:00Z,BCHUSD,294.3,306.9,293.1,300.6,7346.430341130007
2019-09-04T00:00:00Z,BCHUSD,300.4,301.6,292.5,294.0,3085.6837582300022
2019-09-05T00:00:00Z,BCHUSD,294.5,295.9,285.8,292.3,4982.831869990006
2019-09-06T00:00:00Z,BCHUSD,292.8,302.6,277.9,286.8,7073.63333083005
2019-09-07T00:00:00Z,BCHUSD,286.6,305.5,284.6,300.2,4301.158747169973
2019-09-08T00:00:00Z,BCHUSD,300.3,311.0,294.2,307.6,4362.294378399989
2019-09-09T00:00:00Z,BCHUSD,306.8,312.9,297.6,304.2,3867.762997809992
2019-09-10T00:00:00Z,BCHUSD,304.8,310.9,298.6,303.3,2520.7963643400008
2019-09-11T00:00:00Z,BCHUSD,303.6,306.4,291.8,299.3,3672.4854059099966
2019-09-12T00:00:00Z,BCHUSD,299.7,302.4,294.8,300.7,2334.306313440001
2019-09-13T00:00:00Z,BCHUSD,300.8,301.0,294.6,298.7,1825.2006586900004
2019-09-14T00:00:00Z,BCHUSD,298.7,307.5,296.8,305.0,2376.1559129499965
2019-09-15T00:00:00Z,BCHUSD,305.2,307.6,302.1,303.0,1783.1842985099995
2019-09-16T00:00:00Z,BCHUSD,303.2,309.7,300.0,307.6,4447.470406620001
2019-09-17T00:00:00Z,BCHUSD,308.0,328.1,305.4,318.9,8276.649681809993
2019-09-18T00:00:00Z,BCHUSD,319.0,333.2,319.0,323.6,7019.810322419997
2019-09-19T00:00:00Z,BCHUSD,323.4,325.0,304.7,323.9,7553.096793989998
2019-09-20T00:00:00Z,BCHUSD,323.5,325.3,307.8,315.8,3241.0125556500057
2019-09-21T00:00:00Z,BCHUSD,315.5,318.3,309.9,312.1,2819.1800911599976
2019-09-22T00:00:00Z,BCHUSD,311.8,311.9,302.7,307.3,2951.5878214600007
2019-09-23T00:00:00Z,BCHUSD,306.7,307.8,290.7,291.6,4945.423429439999
2019-09-24T00:00:00Z,BCHUSD,291.6,292.5,211.1,219.3,24965.7081838699
2019-09-25T00:00:00Z,BCHUSD,219.4,234.3,215.3,227.2,14363.609534080071
2019-09-26T00:00:00Z,BCHUSD,227.3,227.5,200.0,214.2,17860.546542030046
2019-09-27T00:00:00Z,BCHUSD,214.3,223.5,208.0,220.1,7006.096768269972
2019-09-28T00:00:00Z,BCHUSD,220.7,230.8,217.8,227.1,4672.960219309992
2019-09-29T00:00:00Z,BCHUSD,227.3,227.6,212.3,218.3,5687.995713689983
2019-09-30T00:00:00Z,BCHUSD,218.4,230.7,212.3,227.5,7964.83955240999
2019-10-01T00:00:00Z,BCHUSD,227.6,236.9,219.3,223.5,9857.285355930007
2019-10-02T00:00:00Z,BCHUSD,223.2,225.9,220.6,225.6,3372.461713749998
2019-10-03T00:00:00Z,BCHUSD,225.9,225.9,216.5,222.3,3193.1238729199945
2019-10-04T00:00:00Z,BCHUSD,222.3,225.5,218.2,221.9,2355.1382063499996
2019-10-05T00:00:00Z,BCHUSD,221.9,224.2,218.4,223.2,2588.881205650002
2019-10-06T00:00:00Z,BCHUSD,223.5,223.5,215.2,220.6,4183.056922490002
2019-10-07T00:00:00Z,BCHUSD,220.5,237.9,218.9,232.9,6999.32525245999
2019-10-08T00:00:00Z,BCHUSD,232.9,239.4,227.0,231.2,3450.1779862600006
2019-10-09T00:00:00Z,BCHUSD,231.8,242.2,228.3,239.1,5114.318716069994
2019-10-10T00:00:00Z,BCHUSD,239.4,240.3,229.0,230.1,3242.8307690399934
2019-10-11T00:00:00Z,BCHUSD,230.5,235.5,219.2,220.5,4708.849277919983
2019-10-12T00:00:00Z,BCHUSD,221.1,228.1,221.1,224.5,2047.9749213399994
2019-10-13T00:00:00Z,BCHUSD,223.9,228.8,221.6,223.3,2615.242980439998
2019-10-14T00:00:00Z,BCHUSD,223.3,230.7,223.0,227.5,4484.268315050004
2019-10-15T00:00:00Z,BCHUSD,227.9,228.8,216.4,221.7,8153.918291229993
2019-10-16T00:00:00Z,BCHUSD,222.0,226.1,213.9,217.2,4384.882857229999
2019-10-17T00:00:00Z,BCHUSD,217.2,220.9,214.3,220.1,2331.364169289999
2019-10-18T00:00:00Z,BCHUSD,220.5,220.5,208.1,212.2,4372.521123699988
2019-10-19T00:00:00Z,BCHUSD,212.2,216.2,210.8,213.0,2355.396452090001
2019-10-20T00:00:00Z,BCHUSD,213.1,226.9,211.1,225.3,3496.832221700002
2019-10-21T00:00:00Z,BCHUSD,224.6,236.5,223.6,232.7,6553.543018039995
2019-10-22T00:00:00Z,BCHUSD,232.1,234.3,226.0,226.6,4556.239598460001
2019-10-23T00:00:00Z,BCHUSD,227.0,227.5,196.8,210.0,8224.853305589966
2019-10-24T00:00:00Z,BCHUSD,210.3,217.6,206.5,212.6,3858.5376405099914
2019-10-25T00:00:00Z,BCHUSD,212.4,273.3,212.3,258.8,16435.386362140023
2019-10-26T00:00:00Z,BCHUSD,259.7,285.7,242.5,253.5,12789.968863879956
2019-10-27T00:00:00Z,BCHUSD,253.7,269.4,247.1,261.4,7972.561852929971
2019-10-28T00:00:00Z,BCHUSD,261.7,276.6,257.8,265.2,8545.060896989999
2019-10-29T00:00:00Z,BCHUSD,263.7,299.0,263.5,289.8,14078.359293619946
2019-10-30T00:00:00Z,BCHUSD,289.8,306.7,283.0,289.2,11816.511545400006
2019-10-31T00:00:00Z,BCHUSD,289.1,293.9,270.0,283.5,7823.45787471998
2019-11-01T00:00:00Z,BCHUSD,283.1,283.4,269.3,279.0,5418.373763340001
2019-11-02T00:00:00Z,BCHUSD,279.5,296.5,278.7,289.7,6007.070918060002
2019-11-03T00:00:00Z,BCHUSD,289.7,304.2,282.6,291.6,8946.061169239989
2019-11-04T00:00:00Z,BCHUSD,291.3,295.0,285.0,291.1,7871.575546479994
2019-11-05T00:00:00Z,BCHUSD,290.9,299.3,286.7,293.2,4587.673712950001
2019-11-06T00:00:00Z,BCHUSD,293.3,308.0,290.9,305.8,12269.170589580022
2019-11-07T00:00:00Z,BCHUSD,305.3,306.2,286.3,292.0,4562.630933029999
2019-11-08T00:00:00Z,BCHUSD,291.7,294.1,269.2,276.6,7747.701734990001
2019-11-09T00:00:00Z,BCHUSD,276.7,283.4,275.5,282.8,5100.38696756
2019-11-10T00:00:00Z,BCHUSD,282.6,300.8,279.3,292.6,8624.992551559999
2019-11-11T00:00:00Z,BCHUSD,293.0,296.6,280.8,286.3,4879.497756040002
2019-11-12T00:00:00Z,BCHUSD,286.2,291.6,279.5,289.1,6811.873696189988
2019-11-13T00:00:00Z,BCHUSD,289.1,289.1,281.1,284.5,5546.290787489993
2019-11-14T00:00:00Z,BCHUSD,284.7,285.6,272.1,277.3,4875.451150630003
2019-11-15T00:00:00Z,BCHUSD,277.1,279.4,258.2,263.3,5736.211922320005
2019-11-16T00:00:00Z,BCHUSD,263.5,268.0,261.9,265.2,1919.88927925
2019-11-17T00:00:00Z,BCHUSD,265.0,270.1,260.1,266.1,2928.805907129999
2019-11-18T00:00:00Z,BCHUSD,265.2,265.2,238.0,246.2,6192.944959449991
2019-11-19T00:00:00Z,BCHUSD,246.0,247.9,232.4,241.7,5069.808078649994
2019-11-20T00:00:00Z,BCHUSD,241.1,247.8,237.8,242.6,5110.996778540002
2019-11-21T00:00:00Z,BCHUSD,243.0,246.3,217.1,225.6,8329.998418709998
2019-11-22T00:00:00Z,BCHUSD,226.2,229.1,195.0,208.6,18200.50268583
2019-11-23T00:00:00Z,BCHUSD,208.6,217.6,202.0,215.3,9368.797812230014
2019-11-24T00:00:00Z,BCHUSD,215.7,216.7,200.8,202.2,5983.424525740002
2019-11-25T00:00:00Z,BCHUSD,202.4,216.6,192.0,207.7,8987.981688720001
2019-11-26T00:00:00Z,BCHUSD,207.6,215.0,207.5,211.2,6588.186498459995
2019-11-27T00:00:00Z,BCHUSD,211.0,225.7,203.4,219.8,8516.260570679997
2019-11-28T00:00:00Z,BCHUSD,219.7,222.3,216.7,218.2,4183.9368058399905
2019-11-29T00:00:00Z,BCHUSD,217.7,227.2,217.6,224.1,4701.59768441
2019-11-30T00:00:00Z,BCHUSD,224.1,224.9,214.6,217.7,3754.460553969999
2019-12-01T00:00:00Z,BCHUSD,217.7,218.0,209.1,214.4,4696.270649929992
2019-12-02T00:00:00Z,BCHUSD,214.4,216.3,209.3,214.5,2472.3734537300033
2019-12-03T00:00:00Z,BCHUSD,214.4,216.5,211.1,211.7,2696.612393980004
2019-12-04T00:00:00Z,BCHUSD,211.5,220.5,202.5,207.7,8397.991991669995
2019-12-05T00:00:00Z,BCHUSD,207.6,214.4,205.3,211.5,4825.740843740006
2019-12-06T00:00:00Z,BCHUSD,211.6,214.1,209.0,213.5,3046.118500359997
2019-12-07T00:00:00Z,BCHUSD,213.4,216.8,210.2,211.7,3669.1504462900107
2019-12-08T00:00:00Z,BCHUSD,211.1,215.7,208.6,212.7,3682.132482000009
2019-12-09T00:00:00Z,BCHUSD,212.6,215.4,205.8,208.6,4259.478521999995
2019-12-10T00:00:00Z,BCHUSD,208.2,208.8,203.5,206.8,2229.957651230002
2019-12-11T00:00:00Z,BCHUSD,206.7,208.1,204.1,206.6,2225.6526648899976
2019-12-12T00:00:00Z,BCHUSD,206.6,208.0,203.5,206.3,2777.138208500017
2019-12-13T00:00:00Z,BCHUSD,206.4,212.4,206.0,211.3,3945.231657460007
2019-12-14T00:00:00Z,BCHUSD,211.2,213.0,204.8,205.8,4049.792249610011
2019-12-15T00:00:00Z,BCHUSD,206.0,209.6,205.0,207.1,2878.1707779900007
2019-12-16T00:00:00Z,BCHUSD,206.9,207.8,193.2,195.8,4163.262046569977
2019-12-17T00:00:00Z,BCHUSD,195.8,196.5,171.0,176.1,11068.278494940063
2019-12-18T00:00:00Z,BCHUSD,176.0,191.4,170.0,188.9,18913.765236830015
2019-12-19T00:00:00Z,BCHUSD,189.2,191.0,183.3,186.1,3141.6768308900014
2019-12-20T00:00:00Z,BCHUSD,186.1,190.8,184.0,186.9,4763.080365800001
2019-12-21T00:00:00Z,BCHUSD,187.3,188.4,185.7,186.2,2792.9125846300003
2019-12-22T00:00:00Z,BCHUSD,186.3,197.7,186.0,196.6,3825.3718169900017
2019-12-23T00:00:00Z,BCHUSD,196.9,198.6,188.4,190.1,4952.774510080002
2019-12-24T00:00:00Z,BCHUSD,189.7,191.5,185.1,188.1,3622.408702170007
2019-12-25T00:00:00Z,BCHUSD,188.0,188.2,182.5,185.0,2613.468026520001
2019-12-26T00:00:00Z,BCHUSD,185.2,194.3,183.7,187.5,4019.5497692300246
2019-12-27T00:00:00Z,BCHUSD,187.6,203.7,186.7,202.8,7015.152868340004
2019-12-28T00:00:00Z,BCHUSD,203.0,209.5,202.6,205.9,4698.8936763800075
2019-12-29T00:00:00Z,BCHUSD,205.5,215.5,204.3,212.2,4438.605479489997
2019-12-30T00:00:00Z,BCHUSD,212.2,214.3,204.8,207.6,7514.644964080002
2019-12-31T00:00:00Z,BCHUSD,207.3,213.7,201.3,204.2,3518.173811470004
2020-01-01T00:00:00Z,BCHUSD,203.6,207.9,202.5,203.5,1881.4805381500003
2020-01-02T00:00:00Z,BCHUSD,203.8,204.5,192.4,195.4,3869.993848689997
2020-01-03T00:00:00Z,BCHUSD,194.9,225.2,191.6,221.6,9803.571332570005
2020-01-04T00:00:00Z,BCHUSD,221.7,227.0,219.1,224.5,4399.113221610009
2020-01-05T00:00:00Z,BCHUSD,225.0,227.5,220.7,222.6,3891.890389960009
2020-01-06T00:00:00Z,BCHUSD,222.5,246.8,222.4,244.2,11203.202300680021
2020-01-07T00:00:00Z,BCHUSD,244.3,246.5,232.4,243.1,8755.477729439997
2020-01-08T00:00:00Z,BCHUSD,242.5,255.0,229.5,240.5,9733.494439059996
2020-01-09T00:00:00Z,BCHUSD,240.0,243.4,231.1,237.6,3864.523599039999
2020-01-10T00:00:00Z,BCHUSD,238.7,274.6,231.5,271.5,12337.818303660037
2020-01-11T00:00:00Z,BCHUSD,271.6,279.2,259.0,260.7,9143.16319549
2020-01-12T00:00:00Z,BCHUSD,260.9,271.0,258.0,270.2,4533.661684760002
2020-01-13T00:00:00Z,BCHUSD,270.6,272.3,260.9,267.0,3688.8720108100024
2020-01-14T00:00:00Z,BCHUSD,267.3,367.0,267.3,348.2,43696.1619676398
2020-01-15T00:00:00Z,BCHUSD,348.3,362.4,312.0,339.7,21732.093073979962
2020-01-16T00:00:00Z,BCHUSD,339.6,343.3,309.5,326.8,14627.647168560017
2020-01-17T00:00:00Z,BCHUSD,327.2,382.9,319.7,367.1,23923.53366787
2020-01-18T00:00:00Z,BCHUSD,366.9,404.0,329.1,340.4,32618.201455209823
2020-01-19T00:00:00Z,BCHUSD,339.2,365.6,320.2,339.4,16659.121383139995
2020-01-20T00:00:00Z,BCHUSD,339.8,352.7,322.3,342.9,8066.19475860001
2020-01-21T00:00:00Z,BCHUSD,342.7,347.0,331.7,343.0,4847.926071270008
2020-01-22T00:00:00Z,BCHUSD,342.8,353.7,338.5,347.5,4158.66581627
2020-01-23T00:00:00Z,BCHUSD,348.3,349.2,316.0,324.6,11127.837628289999
2020-01-24T00:00:00Z,BCHUSD,325.0,327.0,297.1,318.5,10738.77388924997
2020-01-25T00:00:00Z,BCHUSD,317.4,318.2,304.3,308.9,8429.38389147
2020-01-26T00:00:00Z,BCHUSD,309.4,349.2,307.4,346.6,13535.41907
2020-01-27T00:00:00Z,BCHUSD,348.0,376.7,347.2,362.1,15879.048318660058
2020-01-28T00:00:00Z,BCHUSD,362.1,384.7,360.6,379.5,14434.134559949998
2020-01-29T00:00:00Z,BCHUSD,379.7,395.7,373.7,378.8,15481.653614660027
2020-01-30T00:00:00Z,BCHUSD,378.8,398.2,369.0,391.4,13278.997760160031
2020-01-31T00:00:00Z,BCHUSD,392.1,394.6,364.6,374.2,12296.943179100026
2020-02-01T00:00:00Z,BCHUSD,374.4,389.0,372.5,379.5,4994.18064993
2020-02-02T00:00:00Z,BCHUSD,378.7,387.5,368.8,376.8,5506.312939380003
2020-02-03T00:00:00Z,BCHUSD,376.8,392.8,374.3,384.5,6887.66264755
2020-02-04T00:00:00Z,BCHUSD,384.1,388.8,372.7,379.8,5792.26909992999
2020-02-05T00:00:00Z,BCHUSD,379.6,444.7,378.2,444.6,12582.288507640054
2020-02-06T00:00:00Z,BCHUSD,444.4,448.0,413.1,444.9,9616.17404643001
2020-02-07T00:00:00Z,BCHUSD,444.7,459.0,431.9,439.9,7598.566621519988
2020-02-08T00:00:00Z,BCHUSD,439.2,453.2,425.3,444.7,5282.157387660013
2020-02-09T00:00:00Z,BCHUSD,445.4,462.7,435.2,450.7,11958.523077510026
2020-02-10T00:00:00Z,BCHUSD,450.9,464.6,435.4,452.9,6760.88190289
2020-02-11T00:00:00Z,BCHUSD,452.1,470.4,440.8,464.3,6787.004950609985
2020-02-12T00:00:00Z,BCHUSD,464.8,482.8,464.6,474.7,7694.09379228003
2020-02-13T00:00:00Z,BCHUSD,474.6,486.5,458.2,476.0,6631.885830359991
2020-02-14T00:00:00Z,BCHUSD,477.2,497.1,465.4,494.3,4974.039483629999
2020-02-15T00:00:00Z,BCHUSD,494.9,495.8,421.2,439.7,10615.56927411
2020-02-16T00:00:00Z,BCHUSD,438.8,458.0,380.3,412.3,14314.35688605004
2020-02-17T00:00:00Z,BCHUSD,412.4,416.8,368.1,412.6,13776.069354919986
2020-02-18T00:00:00Z,BCHUSD,413.7,427.9,386.5,421.1,6539.150666540015
2020-02-19T00:00:00Z,BCHUSD,420.9,424.4,368.0,379.0,9050.790402950002
2020-02-20T00:00:00Z,BCHUSD,379.0,387.0,352.2,372.5,9085.512386630011
2020-02-21T00:00:00Z,BCHUSD,371.8,387.8,368.0,378.1,4085.9993206300073
2020-02-22T00:00:00Z,BCHUSD,377.6,380.4,368.3,373.7,3053.0021540799985
2020-02-23T00:00:00Z,BCHUSD,374.0,405.6,374.0,404.4,6019.990368890029
2020-02-24T00:00:00Z,BCHUSD,402.9,409.0,364.2,379.0,7109.810059929985
2020-02-25T00:00:00Z,BCHUSD,378.3,379.4,345.4,352.6,14848.152504210004
2020-02-26T00:00:00Z,BCHUSD,352.2,361.8,300.9,317.1,14072.821225149979
2020-02-27T00:00:00Z,BCHUSD,316.5,335.2,306.6,323.8,6996.081330070041
2020-02-28T00:00:00Z,BCHUSD,324.5,329.0,299.2,316.0,15977.599995730034
2020-02-29T00:00:00Z,BCHUSD,316.1,322.5,306.2,306.2,9006.831644709982
2020-03-01T00:00:00Z,BCHUSD,306.3,324.5,303.7,311.9,9239.436186969993
2020-03-02T00:00:00Z,BCHUSD,311.1,343.4,310.1,339.2,8816.670651850014
2020-03-03T00:00:00Z,BCHUSD,339.3,339.3,321.5,329.2,8814.757690889994
2020-03-04T00:00:00Z,BCHUSD,329.9,332.0,311.1,319.6,6572.098381649994
2020-03-05T00:00:00Z,BCHUSD,319.9,343.9,319.9,338.0,7416.973611630016
2020-03-06T00:00:00Z,BCHUSD,337.2,354.1,333.2,350.5,8738.70999281004
2020-03-07T00:00:00Z,BCHUSD,351.4,352.1,327.2,331.2,8144.978021080027
2020-03-08T00:00:00Z,BCHUSD,331.2,331.2,268.1,272.6,15108.185581630049
2020-03-09T00:00:00Z,BCHUSD,273.7,279.7,252.9,273.3,18733.32360280013
2020-03-10T00:00:00Z,BCHUSD,273.3,278.3,263.0,271.7,6538.694186879985
2020-03-11T00:00:00Z,BCHUSD,271.3,274.8,250.3,267.6,5517.523087249998
2020-03-12T00:00:00Z,BCHUSD,267.6,267.6,141.4,145.6,50709.14084823959
2020-03-13T00:00:00Z,BCHUSD,145.5,265.0,145.5,179.3,60400.03367084859
2020-03-14T00:00:00Z,BCHUSD,178.6,181.6,163.7,166.9,10150.09229182999
2020-03-15T00:00:00Z,BCHUSD,167.2,220.0,165.4,182.5,35076.52908676988
2020-03-16T00:00:00Z,BCHUSD,181.8,183.9,147.0,173.0,32637.58889002003
2020-03-17T00:00:00Z,BCHUSD,173.4,193.7,169.9,183.6,22413.435114490065
2020-03-18T00:00:00Z,BCHUSD,183.7,186.4,169.8,185.2,14722.293538270016
2020-03-19T00:00:00Z,BCHUSD,185.6,237.5,177.8,221.7,24886.933559810182
2020-03-20T00:00:00Z,BCHUSD,221.6,246.3,189.8,214.9,25314.99329643035
2020-03-21T00:00:00Z,BCHUSD,215.1,229.0,206.2,220.3,10506.752031500022
2020-03-22T00:00:00Z,BCHUSD,218.7,233.3,199.9,203.3,13292.221799000052
2020-03-23T00:00:00Z,BCHUSD,202.2,231.0,198.2,222.5,16979.08971621001
2020-03-24T00:00:00Z,BCHUSD,222.3,231.5,218.4,228.5,12580.244160670027
2020-03-25T00:00:00Z,BCHUSD,227.8,231.3,214.1,221.3,8450.95979355001
2020-03-26T00:00:00Z,BCHUSD,221.6,229.7,218.8,228.8,10052.337944250019
2020-03-27T00:00:00Z,BCHUSD,229.0,234.6,209.1,214.0,8934.534151939954
2020-03-28T00:00:00Z,BCHUSD,213.5,218.0,203.2,214.9,10721.678473340033
2020-03-29T00:00:00Z,BCHUSD,214.4,218.0,204.5,205.4,6106.135610459986
2020-03-30T00:00:00Z,BCHUSD,205.6,227.3,205.6,220.0,8637.35485443
2020-03-31T00:00:00Z,BCHUSD,220.4,224.2,216.3,218.8,5144.35000749999
2020-04-01T00:00:00Z,BCHUSD,219.2,226.5,211.4,224.1,9406.77062239001
2020-04-02T00:00:00Z,BCHUSD,224.3,249.2,222.7,232.1,15950.78078426989
2020-04-03T00:00:00Z,BCHUSD,232.2,245.1,230.7,236.0,9607.108970479912
2020-04-04T00:00:00Z,BCHUSD,235.7,243.8,232.3,238.6,4741.753530560017
2020-04-05T00:00:00Z,BCHUSD,238.8,240.0,223.0,231.1,4704.060366490043
2020-04-06T00:00:00Z,BCHUSD,231.0,260.0,230.9,258.6,12002.9367818701
2020-04-07T00:00:00Z,BCHUSD,257.8,266.0,246.5,252.8,10504.057048230028
2020-04-08T00:00:00Z,BCHUSD,252.8,281.5,250.1,267.8,13835.619473869989
2020-04-09T00:00:00Z,BCHUSD,267.6,275.0,252.6,256.7,9394.54950534004
2020-04-10T00:00:00Z,BCHUSD,256.5,259.1,226.4,233.2,11545.921092040073
2020-04-11T00:00:00Z,BCHUSD,233.4,240.3,222.1,233.6,5817.402875400031
2020-04-12T00:00:00Z,BCHUSD,233.6,245.2,227.5,233.6,6293.027105660056
2020-04-13T00:00:00Z,BCHUSD,233.1,233.1,216.0,224.5,7848.566016500038
2020-04-14T00:00:00Z,BCHUSD,225.2,228.9,220.3,223.1,5422.498835670092
2020-04-15T00:00:00Z,BCHUSD,223.0,225.3,213.3,215.0,5543.01771276001
2020-04-16T00:00:00Z,BCHUSD,214.8,240.1,206.3,234.5,10550.438101420046
2020-04-17T00:00:00Z,BCHUSD,235.2,236.9,229.6,232.9,5066.998606670007
2020-04-18T00:00:00Z,BCHUSD,233.3,248.0,232.6,244.2,6590.548911050063
2020-04-19T00:00:00Z,BCHUSD,244.2,245.4,229.5,231.9,5527.66617148005
2020-04-20T00:00:00Z,BCHUSD,231.8,238.6,216.0,219.1,10173.06469667004
2020-04-21T00:00:00Z,BCHUSD,219.6,223.8,215.6,219.9,3529.2143384900573
2020-04-22T00:00:00Z,BCHUSD,219.8,236.4,218.3,233.6,5876.746054490071
2020-04-23T00:00:00Z,BCHUSD,233.6,247.3,226.0,237.5,8430.32463483011
2020-04-24T00:00:00Z,BCHUSD,237.5,242.1,234.8,237.9,4512.39513916007
2020-04-25T00:00:00Z,BCHUSD,237.9,245.5,234.5,238.5,5420.107964410088
2020-04-26T00:00:00Z,BCHUSD,238.5,249.1,237.9,246.4,6559.851386640062
2020-04-27T00:00:00Z,BCHUSD,246.5,248.0,234.4,243.0,6067.77301299002
2020-04-28T00:00:00Z,BCHUSD,243.2,243.3,237.6,242.0,3673.8552172100026
2020-04-29T00:00:00Z,BCHUSD,242.1,263.2,241.5,257.9,12135.644678559811
2020-04-30T00:00:00Z,BCHUSD,257.9,275.9,245.4,250.0,17738.966840869944
2020-05-01T00:00:00Z,BCHUSD,250.0,260.3,250.0,254.9,5640.996183950016
2020-05-02T00:00:00Z,BCHUSD,254.6,261.6,252.7,260.9,3080.3236217200074
2020-05-03T00:00:00Z,BCHUSD,261.0,267.6,246.2,251.8,4967.645372710015
2020-05-04T00:00:00Z,BCHUSD,251.8,252.6,228.8,246.4,7126.473689860069
2020-05-05T00:00:00Z,BCHUSD,246.4,252.2,241.3,247.2,2960.1404138300113
2020-05-06T00:00:00Z,BCHUSD,247.2,253.6,240.3,242.1,4297.907839530023
2020-05-07T00:00:00Z,BCHUSD,241.4,256.5,237.2,252.7,9062.570535750056
2020-05-08T00:00:00Z,BCHUSD,252.7,266.1,248.2,260.5,7383.294368750049
2020-05-09T00:00:00Z,BCHUSD,260.6,277.4,258.8,265.5,9202.884447770117
2020-05-10T00:00:00Z,BCHUSD,265.3,265.3,221.1,232.9,14836.72153354971
2020-05-11T00:00:00Z,BCHUSD,232.7,238.0,217.6,235.3,14021.906501879677
2020-05-12T00:00:00Z,BCHUSD,235.3,239.3,228.4,233.3,4318.165184950014
2020-05-13T00:00:00Z,BCHUSD,233.4,242.4,232.2,239.9,3664.7652797000255
2020-05-14T00:00:00Z,BCHUSD,239.8,245.7,234.0,242.7,5805.153164389888
2020-05-15T00:00:00Z,BCHUSD,242.5,243.4,231.2,234.8,4449.162472989961
2020-05-16T00:00:00Z,BCHUSD,234.9,240.7,233.7,237.1,4411.866336110025
2020-05-17T00:00:00Z,BCHUSD,235.9,246.1,235.8,240.5,3430.6643115000134
2020-05-18T00:00:00Z,BCHUSD,240.8,255.2,240.4,247.9,5385.448059970019
2020-05-19T00:00:00Z,BCHUSD,248.3,250.6,242.5,246.8,2791.670280519999
2020-05-20T00:00:00Z,BCHUSD,246.6,247.6,234.4,239.4,3790.5105408700306
2020-05-21T00:00:00Z,BCHUSD,239.2,242.6,220.2,227.6,4633.954437810069
2020-05-22T00:00:00Z,BCHUSD,227.7,236.3,225.1,234.4,3050.501647360034
2020-05-23T00:00:00Z,BCHUSD,235.0,239.7,232.0,234.2,2544.9443342200093
2020-05-24T00:00:00Z,BCHUSD,234.0,237.4,222.7,222.8,3424.0797369900365
2020-05-25T00:00:00Z,BCHUSD,222.8,233.1,220.7,230.4,3089.3865940400055
2020-05-26T00:00:00Z,BCHUSD,230.3,231.1,223.8,227.9,3202.075406850009
2020-05-27T00:00:00Z,BCHUSD,227.9,234.3,227.0,232.7,2238.3381891300032
2020-05-28T00:00:00Z,BCHUSD,232.5,240.6,229.1,239.6,3485.4144472400094
2020-05-29T00:00:00Z,BCHUSD,240.2,244.0,234.2,238.2,3800.8542944599967
2020-05-30T00:00:00Z,BCHUSD,238.8,253.5,236.5,252.3,4729.742937890004
2020-05-31T00:00:00Z,BCHUSD,252.5,252.5,236.5,238.8,3868.264709749999
2020-06-01T00:00:00Z,BCHUSD,238.2,255.4,237.7,253.1,4940.879360899992
2020-06-02T00:00:00Z,BCHUSD,253.2,269.2,238.6,250.9,13154.088897810036
2020-06-03T00:00:00Z,BCHUSD,250.8,253.4,246.5,253.1,3674.058859789988
2020-06-04T00:00:00Z,BCHUSD,253.0,260.8,247.5,256.6,4805.8596928899915
2020-06-05T00:00:00Z,BCHUSD,256.2,263.2,254.7,257.1,4814.049844710004
2020-06-06T00:00:00Z,BCHUSD,255.7,258.0,251.2,253.1,3864.635319659993
2020-06-07T00:00:00Z,BCHUSD,253.2,255.5,246.0,253.6,13144.313971439977
2020-06-08T00:00:00Z,BCHUSD,253.7,257.0,251.7,255.5,6899.384590000002
2020-06-09T00:00:00Z,BCHUSD,255.6,257.2,249.3,253.9,4058.6875853499973
2020-06-10T00:00:00Z,BCHUSD,254.0,258.9,251.0,257.1,4731.12721435
2020-06-11T00:00:00Z,BCHUSD,257.2,258.4,231.3,235.0,8561.663136320009
2020-06-12T00:00:00Z,BCHUSD,234.5,243.4,232.9,240.9,7791.357614840007
2020-06-13T00:00:00Z,BCHUSD,240.8,242.0,237.3,240.6,3567.990315519997
2020-06-14T00:00:00Z,BCHUSD,240.5,240.7,235.1,237.7,4959.695987060001
2020-06-15T00:00:00Z,BCHUSD,237.6,238.1,224.3,236.0,7600.942480010028
2020-06-16T00:00:00Z,BCHUSD,236.1,239.4,233.6,237.5,4158.103323459999
2020-06-17T00:00:00Z,BCHUSD,237.5,243.0,235.2,239.9,4274.895693920016
2020-06-18T00:00:00Z,BCHUSD,240.0,240.2,232.2,236.0,2965.4044076200094
2020-06-19T00:00:00Z,BCHUSD,235.7,236.2,230.1,233.2,3800.568660290007
2020-06-20T00:00:00Z,BCHUSD,233.1,234.7,229.1,232.5,3166.2617317399977
2020-06-21T00:00:00Z,BCHUSD,232.6,233.8,229.7,230.0,2194.1612831300017
2020-06-22T00:00:00Z,BCHUSD,229.8,244.0,229.6,241.4,4462.314040480007
2020-06-23T00:00:00Z,BCHUSD,241.2,244.2,239.2,240.1,5550.9613947599955
2020-06-24T00:00:00Z,BCHUSD,240.4,245.4,229.3,232.5,5579.625175030019
2020-06-25T00:00:00Z,BCHUSD,232.5,234.6,226.2,232.2,4884.756665470006
2020-06-26T00:00:00Z,BCHUSD,232.2,233.3,227.9,230.7,3259.06434899
2020-06-27T00:00:00Z,BCHUSD,230.6,231.0,204.8,216.8,5131.39033768001
2020-06-28T00:00:00Z,BCHUSD,216.1,225.3,213.4,222.2,5337.619389710006
2020-06-29T00:00:00Z,BCHUSD,222.4,227.4,218.4,225.2,4734.18488436
2020-06-30T00:00:00Z,BCHUSD,225.4,226.0,220.3,222.6,3862.808029989996
2020-07-01T00:00:00Z,BCHUSD,222.0,226.5,220.8,223.7,4006.3075332399976
2020-07-02T00:00:00Z,BCHUSD,223.7,225.5,217.1,219.9,3724.681876899999
2020-07-03T00:00:00Z,BCHUSD,219.8,223.8,219.3,221.0,2593.700556480002
2020-07-04T00:00:00Z,BCHUSD,220.5,226.7,220.5,225.2,1423.3729787500008
2020-07-05T00:00:00Z,BCHUSD,225.4,225.8,215.8,222.6,2490.2918207800008
2020-07-06T00:00:00Z,BCHUSD,222.6,243.2,222.1,242.6,4231.40706851
2020-07-07T00:00:00Z,BCHUSD,242.3,244.2,234.8,237.7,3055.9278999600065
2020-07-08T00:00:00Z,BCHUSD,237.6,245.9,236.0,243.2,3292.2436750399975
2020-07-09T00:00:00Z,BCHUSD,243.2,245.4,233.1,238.0,4634.908106070005
2020-07-10T00:00:00Z,BCHUSD,237.9,239.7,232.7,238.3,3343.708256209995
2020-07-11T00:00:00Z,BCHUSD,238.2,239.1,234.8,236.6,2385.973756890006
2020-07-12T00:00:00Z,BCHUSD,236.6,239.2,232.3,237.4,3143.2149921100263
2020-07-13T00:00:00Z,BCHUSD,237.4,237.7,224.3,231.8,4796.174872589996
2020-07-14T00:00:00Z,BCHUSD,231.8,231.8,226.4,229.9,2818.706354370001
2020-07-15T00:00:00Z,BCHUSD,230.0,231.0,225.9,227.3,3237.427966660004
2020-07-16T00:00:00Z,BCHUSD,227.3,228.0,217.0,224.2,3324.7477187900035
2020-07-17T00:00:00Z,BCHUSD,224.1,225.1,221.6,222.8,1877.9069466000017
2020-07-18T00:00:00Z,BCHUSD,222.5,226.5,222.2,224.6,1573.6276048300028
2020-07-19T00:00:00Z,BCHUSD,224.5,228.9,220.4,228.3,2433.9477794399995
2020-07-20T00:00:00Z,BCHUSD,228.1,228.5,221.0,222.7,2481.8164686000114
2020-07-21T00:00:00Z,BCHUSD,222.7,232.5,222.2,230.4,3114.8775578100126
2020-07-22T00:00:00Z,BCHUSD,230.4,240.1,228.0,239.4,3391.179356870006
2020-07-23T00:00:00Z,BCHUSD,239.5,243.2,235.4,238.7,6132.494116639996
2020-07-24T00:00:00Z,BCHUSD,238.7,239.2,232.8,235.5,3246.6962774400145
2020-07-25T00:00:00Z,BCHUSD,235.9,253.9,235.5,250.5,5746.557726930014
2020-07-26T00:00:00Z,BCHUSD,251.4,257.9,244.3,247.6,7244.457324059997
2020-07-27T00:00:00Z,BCHUSD,248.1,275.5,247.8,269.3,25038.687999300022
2020-07-28T00:00:00Z,BCHUSD,269.4,297.7,264.7,288.7,22582.715629980125
2020-07-29T00:00:00Z,BCHUSD,289.7,294.3,285.6,288.2,12028.596868340004
2020-07-30T00:00:00Z,BCHUSD,287.4,300.7,280.9,293.0,9432.09884166998
2020-07-31T00:00:00Z,BCHUSD,292.3,306.7,287.5,301.4,7919.404726950003
2020-08-01T00:00:00Z,BCHUSD,302.0,321.7,298.6,319.8,12848.060897710006
2020-08-02T00:00:00Z,BCHUSD,319.8,337.9,242.5,284.0,22296.28973190997
2020-08-03T00:00:00Z,BCHUSD,284.2,304.7,279.1,297.3,12356.337400190001
2020-08-04T00:00:00Z,BCHUSD,297.5,303.0,281.3,288.5,6370.619191199976
2020-08-05T00:00:00Z,BCHUSD,288.5,298.5,284.0,293.9,6216.493230640011
2020-08-06T00:00:00Z,BCHUSD,293.0,319.7,287.6,308.3,8737.97808138002
2020-08-07T00:00:00Z,BCHUSD,308.9,326.4,278.1,302.3,15412.84966313996
2020-08-08T00:00:00Z,BCHUSD,302.5,309.5,297.1,304.0,7221.1339009800095
2020-08-09T00:00:00Z,BCHUSD,305.4,309.2,291.9,299.7,7458.459272100022
2020-08-10T00:00:00Z,BCHUSD,300.0,309.6,286.2,302.4,8296.699237240005
2020-08-11T00:00:00Z,BCHUSD,302.6,305.9,268.6,281.9,11519.49583452001
2020-08-12T00:00:00Z,BCHUSD,281.3,290.3,270.3,285.2,6099.706836939986
2020-08-13T00:00:00Z,BCHUSD,284.8,297.8,274.7,296.4,6847.399740209997
2020-08-14T00:00:00Z,BCHUSD,296.6,298.2,287.4,293.6,6706.933319499992
2020-08-15T00:00:00Z,BCHUSD,294.5,309.1,291.0,302.2,10007.41210252998
2020-08-16T00:00:00Z,BCHUSD,302.7,314.0,294.5,308.5,5986.828309479995
2020-08-17T00:00:00Z,BCHUSD,308.7,325.4,301.4,317.7,16649.459051639977
2020-08-18T00:00:00Z,BCHUSD,317.9,324.6,300.1,303.6,10192.430166529999
2020-08-19T00:00:00Z,BCHUSD,304.3,309.2,265.0,292.3,18172.945507350043
2020-08-20T00:00:00Z,BCHUSD,293.0,296.2,289.3,295.1,5014.407699069999
2020-08-21T00:00:00Z,BCHUSD,294.8,305.2,281.6,282.9,9058.63001756001
2020-08-22T00:00:00Z,BCHUSD,282.6,287.7,276.3,287.1,7807.918893079997
2020-08-23T00:00:00Z,BCHUSD,286.9,288.1,279.3,285.4,2355.6448663000015
2020-08-24T00:00:00Z,BCHUSD,284.8,294.9,282.1,291.1,2438.984935659997
2020-08-25T00:00:00Z,BCHUSD,291.4,291.6,270.0,276.3,11897.167883650009
2020-08-26T00:00:00Z,BCHUSD,275.0,279.1,271.6,275.5,3052.5404757500005
2020-08-27T00:00:00Z,BCHUSD,275.0,277.0,258.2,264.3,4962.92655741
2020-08-28T00:00:00Z,BCHUSD,263.8,272.0,261.3,268.8,2805.3838506999973
2020-08-29T00:00:00Z,BCHUSD,268.9,272.8,266.4,268.1,2699.0879780499968
2020-08-30T00:00:00Z,BCHUSD,268.2,278.8,267.9,278.8,2639.5553716199993
2020-08-31T00:00:00Z,BCHUSD,279.5,281.3,273.0,274.5,2346.076623499997
2020-09-01T00:00:00Z,BCHUSD,274.0,297.0,268.9,292.0,4917.852986429998
2020-09-02T00:00:00Z,BCHUSD,295.1,295.1,246.3,264.0,10307.780116289994
2020-09-03T00:00:00Z,BCHUSD,264.2,266.5,201.0,214.7,14408.608070229999
2020-09-04T00:00:00Z,BCHUSD,215.0,240.0,212.8,230.5,12581.969010109973
2020-09-05T00:00:00Z,BCHUSD,230.3,234.5,213.9,225.2,15031.992727550054
2020-09-06T00:00:00Z,BCHUSD,225.8,233.0,219.5,227.9,5288.069522769991
2020-09-07T00:00:00Z,BCHUSD,228.3,229.7,216.0,228.3,9135.815413240005
2020-09-08T00:00:00Z,BCHUSD,228.7,230.0,215.8,222.1,12077.192889049995
2020-09-09T00:00:00Z,BCHUSD,222.1,228.3,218.8,224.0,3451.972418390001
2020-09-10T00:00:00Z,BCHUSD,224.2,230.7,224.2,227.2,4857.753628279996
2020-09-11T00:00:00Z,BCHUSD,227.6,228.3,220.6,225.4,1935.8230399800004
2020-09-12T00:00:00Z,BCHUSD,225.5,230.5,222.7,230.5,1612.0908517999997
2020-09-13T00:00:00Z,BCHUSD,230.5,234.6,219.5,222.1,2811.0954867
2020-09-14T00:00:00Z,BCHUSD,222.3,228.7,219.5,225.7,4228.627024680001
2020-09-15T00:00:00Z,BCHUSD,225.8,241.7,225.3,234.6,7145.505612519992
2020-09-16T00:00:00Z,BCHUSD,234.7,235.6,226.8,230.9,6237.147668070006
2020-09-17T00:00:00Z,BCHUSD,230.5,239.0,229.8,233.4,4736.816871059996
2020-09-18T00:00:00Z,BCHUSD,232.9,238.8,230.2,233.9,3889.5802765100016
2020-09-19T00:00:00Z,BCHUSD,233.8,237.6,231.9,233.8,2705.116112700001
2020-09-20T00:00:00Z,BCHUSD,232.9,233.2,222.3,225.8,4392.072969970001
2020-09-21T00:00:00Z,BCHUSD,225.9,228.8,207.7,212.8,4925.823381030001
2020-09-22T00:00:00Z,BCHUSD,212.5,219.9,210.8,219.9,3568.737068870001
2020-09-23T00:00:00Z,BCHUSD,220.2,220.2,202.4,207.5,2741.2673270900004
2020-09-24T00:00:00Z,BCHUSD,207.7,219.7,206.5,216.1,4688.547033600004
2020-09-25T00:00:00Z,BCHUSD,216.2,217.9,211.0,216.4,4864.572170990007
2020-09-26T00:00:00Z,BCHUSD,216.7,224.2,213.1,221.6,3553.1884836199943
2020-09-27T00:00:00Z,BCHUSD,221.4,231.6,216.5,229.4,3957.220925290005
2020-09-28T00:00:00Z,BCHUSD,229.5,234.6,223.9,225.8,3541.485605039997
2020-09-29T00:00:00Z,BCHUSD,225.1,230.1,224.5,229.0,2028.3239976900009
2020-09-30T00:00:00Z,BCHUSD,229.1,231.2,225.2,227.8,2575.1484957700004
2020-10-01T00:00:00Z,BCHUSD,228.1,234.0,222.1,227.7,4068.830991339998
2020-10-02T00:00:00Z,BCHUSD,226.5,228.0,212.8,219.4,4696.791161339994
2020-10-03T00:00:00Z,BCHUSD,219.8,221.3,217.9,218.4,1871.6073237800028
2020-10-04T00:00:00Z,BCHUSD,218.4,222.5,216.7,220.9,3193.0335695400013
2020-10-05T00:00:00Z,BCHUSD,221.0,222.6,218.5,221.6,2385.6928198699998
2020-10-06T00:00:00Z,BCHUSD,221.9,230.3,214.3,219.5,3994.265872849999
2020-10-07T00:00:00Z,BCHUSD,219.8,224.5,216.4,223.1,2676.69574855
2020-10-08T00:00:00Z,BCHUSD,223.2,236.1,221.6,233.7,3370.0264880899936
2020-10-09T00:00:00Z,BCHUSD,234.0,240.2,232.1,237.3,3713.7547607199904
2020-10-10T00:00:00Z,BCHUSD,237.4,246.6,236.1,237.2,3202.362122939991
2020-10-11T00:00:00Z,BCHUSD,237.2,243.4,236.6,239.2,2451.511356589996
2020-10-12T00:00:00Z,BCHUSD,239.1,244.1,233.4,239.9,3743.807838899991
2020-10-13T00:00:00Z,BCHUSD,239.9,255.2,237.8,253.6,5373.307435529993
2020-10-14T00:00:00Z,BCHUSD,253.4,260.2,250.2,259.3,8807.03990460004
2020-10-15T00:00:00Z,BCHUSD,259.2,265.2,255.8,262.1,5205.945102799965
2020-10-16T00:00:00Z,BCHUSD,262.1,266.88,243.82,249.9,9530.684340189995
2020-10-17T00:00:00Z,BCHUSD,250.4,252.4,241.4,245.2,4330.486747279996
2020-10-18T00:00:00Z,BCHUSD,244.61,250.89,244.01,249.4,2831.768046330002
2020-10-19T00:00:00Z,BCHUSD,249.4,252.5,245.4,249.9,3031.5493561000058
2020-10-20T00:00:00Z,BCHUSD,249.9,249.95,238.07,240.88,4951.165247540002
2020-10-21T00:00:00Z,BCHUSD,240.81,264.44,240.37,259.19,13692.453520520035
2020-10-22T00:00:00Z,BCHUSD,258.9,274.5,258.9,268.2,6784.117805560005
2020-10-23T00:00:00Z,BCHUSD,268.2,276.05,264.53,270.84,5172.031418580001
2020-10-24T00:00:00Z,BCHUSD,270.72,278.79,268.17,276.2,2482.260289070001
2020-10-25T00:00:00Z,BCHUSD,276.2,276.2,268.51,271.27,3425.6746310399985
2020-10-26T00:00:00Z,BCHUSD,271.47,273.25,253.1,259.65,10846.464965500081
2020-10-27T00:00:00Z,BCHUSD,259.85,268.16,257.5,264.47,4529.429745570001
2020-10-28T00:00:00Z,BCHUSD,264.41,280.6,259.4,268.45,8900.386854050117
2020-10-29T00:00:00Z,BCHUSD,268.45,271.4,258.11,267.76,9505.1558455201
2020-10-30T00:00:00Z,BCHUSD,267.76,270.8,255.3,262.33,7893.0417682900315
2020-10-31T00:00:00Z,BCHUSD,262.25,266.44,260.01,262.29,4083.839228380009
2020-11-01T00:00:00Z,BCHUSD,262.28,270.9,260.68,267.97,4440.628247230003
2020-11-02T00:00:00Z,BCHUSD,268.03,271.6,254.3,257.72,5695.442257010027
2020-11-03T00:00:00Z,BCHUSD,257.72,259.05,232.53,244.21,18135.47973164004
2020-11-04T00:00:00Z,BCHUSD,244.22,244.57,231.07,241.28,10868.564365660062
2020-11-05T00:00:00Z,BCHUSD,241.5,252.48,240.98,249.89,11791.522299790071
2020-11-06T00:00:00Z,BCHUSD,249.83,259.73,248.52,258.02,7614.04862117006
2020-11-07T00:00:00Z,BCHUSD,258.24,277.04,245.1,253.81,12770.595915150057
2020-11-08T00:00:00Z,BCHUSD,253.5,279.79,251.4,270.52,9119.586317690027
2020-11-09T00:00:00Z,BCHUSD,270.73,274.3,257.73,264.21,9771.683899050022
2020-11-10T00:00:00Z,BCHUSD,264.31,266.37,255.1,257.64,8644.172715750037
2020-11-11T00:00:00Z,BCHUSD,257.64,262.71,256.0,256.9,9678.334912290074
2020-11-12T00:00:00Z,BCHUSD,257.19,265.0,252.1,260.13,10742.983267900046
2020-11-13T00:00:00Z,BCHUSD,260.12,275.0,248.94,260.38,15453.52638804004
2020-11-14T00:00:00Z,BCHUSD,260.38,262.3,253.75,255.69,3805.184293550013
2020-11-15T00:00:00Z,BCHUSD,255.69,270.0,243.01,250.49,5985.561167739967
2020-11-16T00:00:00Z,BCHUSD,250.18,260.5,246.66,252.8,4268.314115599991
2020-11-17T00:00:00Z,BCHUSD,252.3,259.0,250.0,255.7,4971.199546339983
2020-11-18T00:00:00Z,BCHUSD,255.7,259.0,244.53,247.2,7918.785627149907
2020-11-19T00:00:00Z,BCHUSD,247.26,250.39,243.02,246.59,4086.4227269500043
2020-11-20T00:00:00Z,BCHUSD,246.5,260.96,246.22,260.0,6599.850435779976
2020-11-21T00:00:00Z,BCHUSD,260.09,309.0,256.92,305.13,17448.345273039933
2020-11-22T00:00:00Z,BCHUSD,305.14,313.0,274.12,288.73,18205.820369140074
2020-11-23T00:00:00Z,BCHUSD,289.23,326.84,283.08,322.98,19992.208196430074
2020-11-24T00:00:00Z,BCHUSD,323.22,372.12,323.13,349.5,39839.54403318987
2020-11-25T00:00:00Z,BCHUSD,349.7,364.9,298.5,313.63,20210.583131820113
2020-11-26T00:00:00Z,BCHUSD,313.1,321.27,255.0,271.59,43042.26132404993
2020-11-27T00:00:00Z,BCHUSD,271.68,279.34,256.1,265.7,6411.742562459997
2020-11-28T00:00:00Z,BCHUSD,265.76,284.88,261.24,276.65,5556.013195530013
2020-11-29T00:00:00Z,BCHUSD,276.57,288.9,272.52,285.6,4767.608257530007
2020-11-30T00:00:00Z,BCHUSD,285.75,322.1,280.44,317.8,15004.375038059992
2020-12-01T00:00:00Z,BCHUSD,318.0,320.8,271.01,288.37,18940.127051399893
2020-12-02T00:00:00Z,BCHUSD,287.3,297.6,280.9,294.67,6333.10819048998
2020-12-03T00:00:00Z,BCHUSD,294.18,297.09,286.0,292.41,4622.4739454600085
2020-12-04T00:00:00Z,BCHUSD,291.71,307.35,276.0,280.31,13651.969570159996
2020-12-05T00:00:00Z,BCHUSD,280.27,289.8,274.6,289.8,3203.245905110004
2020-12-06T00:00:00Z,BCHUSD,289.79,293.4,279.52,286.5,2744.1151983899977
2020-12-07T00:00:00Z,BCHUSD,286.51,290.5,281.17,283.8,3836.037069979994
2020-12-08T00:00:00Z,BCHUSD,283.98,284.75,262.37,267.66,9323.459016730021
2020-12-09T00:00:00Z,BCHUSD,267.5,271.05,255.0,268.89,10996.74841135001
2020-12-10T00:00:00Z,BCHUSD,268.8,269.16,261.55,265.45,4573.201672859995
2020-12-11T00:00:00Z,BCHUSD,265.66,266.44,256.3,259.26,6900.7607727299865
2020-12-12T00:00:00Z,BCHUSD,259.07,270.4,258.36,267.74,5558.014054899989
2020-12-13T00:00:00Z,BCHUSD,267.85,282.33,266.22,275.35,7432.142965549999
2020-12-14T00:00:00Z,BCHUSD,275.4,280.03,265.22,276.63,4774.786948480008
2020-12-15T00:00:00Z,BCHUSD,276.63,298.73,270.6,288.69,11727.463660789988
2020-12-16T00:00:00Z,BCHUSD,288.7,314.1,282.04,312.72,11005.278449209987
2020-12-17T00:00:00Z,BCHUSD,312.2,331.07,302.08,311.1,16736.30747995007
2020-12-18T00:00:00Z,BCHUSD,310.87,322.9,305.13,313.73,6938.757859839986
2020-12-19T00:00:00Z,BCHUSD,313.88,325.55,309.78,318.26,6960.68668559
2020-12-20T00:00:00Z,BCHUSD,317.53,367.47,310.0,349.08,30742.797899970086
2020-12-21T00:00:00Z,BCHUSD,348.57,379.81,307.7,314.29,34035.37499107024
2020-12-22T00:00:00Z,BCHUSD,313.51,324.89,298.5,323.39,10660.793676820042
2020-12-23T00:00:00Z,BCHUSD,323.2,326.29,266.7,275.23,17061.986034150144
2020-12-24T00:00:00Z,BCHUSD,274.88,299.48,270.76,296.69,9480.64032138001
2020-12-25T00:00:00Z,BCHUSD,297.01,324.89,293.13,318.81,12452.099413050017
2020-12-26T00:00:00Z,BCHUSD,318.81,329.78,310.02,323.01,15472.043998760017
2020-12-27T00:00:00Z,BCHUSD,323.06,366.23,306.9,337.05,25078.89342824039
2020-12-28T00:00:00Z,BCHUSD,337.34,376.22,334.11,360.15,15202.266871720061
2020-12-29T00:00:00Z,BCHUSD,360.14,365.72,330.16,352.15,29920.835444810105
2020-12-30T00:00:00Z,BCHUSD,352.52,366.4,341.71,359.27,19671.376126710045
2020-12-31T00:00:00Z,BCHUSD,359.06,361.0,334.71,343.1,24087.04604656003
2021-01-01T00:00:00Z,BCHUSD,342.4,355.65,332.38,341.36,10848.480882370026
2021-01-02T00:00:00Z,BCHUSD,342.0,368.6,334.09,354.32,18653.127051790118
2021-01-03T00:00:00Z,BCHUSD,354.75,434.29,354.58,424.68,33410.69946963046
2021-01-04T00:00:00Z,BCHUSD,424.69,466.79,379.0,405.9,35846.49335275966
2021-01-05T00:00:00Z,BCHUSD,406.14,425.56,390.3,419.4,14945.986334670035
2021-01-06T00:00:00Z,BCHUSD,419.64,459.13,411.2,453.95,20382.860384079824
2021-01-07T00:00:00Z,BCHUSD,454.44,483.48,428.09,448.94,21268.765444269928
2021-01-08T00:00:00Z,BCHUSD,449.2,455.0,402.13,438.5,17797.230561030025
2021-01-09T00:00:00Z,BCHUSD,438.1,590.2,418.58,577.32,31811.314429079423
2021-01-10T00:00:00Z,BCHUSD,577.68,630.8,547.21,602.02,56380.83474977816
2021-01-11T00:00:00Z,BCHUSD,600.6,601.8,399.0,477.8,57780.84172490961
2021-01-12T00:00:00Z,BCHUSD,476.88,510.7,443.1,451.19,19164.85675650994
2021-01-13T00:00:00Z,BCHUSD,450.1,500.9,434.51,496.9,16002.995046560009
2021-01-14T00:00:00Z,BCHUSD,497.83,538.43,484.02,526.48,21307.601097950017
2021-01-15T00:00:00Z,BCHUSD,527.35,535.33,453.0,491.66,20691.27646494004
2021-01-16T00:00:00Z,BCHUSD,493.05,514.69,473.9,489.42,12876.549926819984
2021-01-17T00:00:00Z,BCHUSD,489.26,494.9,462.0,478.14,12255.462937729993
2021-01-18T00:00:00Z,BCHUSD,479.32,514.0,469.49,509.0,14491.286852400035
2021-01-19T00:00:00Z,BCHUSD,509.9,552.2,502.58,508.22,13500.880663540027
2021-01-20T00:00:00Z,BCHUSD,508.22,518.41,471.05,497.78,11500.601037990007
2021-01-21T00:00:00Z,BCHUSD,498.82,498.83,405.0,418.26,14339.75910836001
2021-01-22T00:00:00Z,BCHUSD,418.24,451.0,392.0,441.18,13591.48834931996
2021-01-23T00:00:00Z,BCHUSD,438.0,443.6,419.92,431.31,7782.390731459968
2021-01-24T00:00:00Z,BCHUSD,428.22,449.97,422.35,439.78,11520.158084519951
2021-01-25T00:00:00Z,BCHUSD,439.86,465.37,431.43,433.49,12439.230458620008
2021-01-26T00:00:00Z,BCHUSD,430.9,438.03,415.21,428.02,23373.545716950193
2021-01-27T00:00:00Z,BCHUSD,426.58,427.97,370.0,378.71,14754.054223720004
2021-01-28T00:00:00Z,BCHUSD,378.71,415.0,371.9,405.31,14597.915393239997
2021-01-29T00:00:00Z,BCHUSD,405.86,450.0,392.08,407.4,27608.687010460104
2021-01-30T00:00:00Z,BCHUSD,407.34,419.7,392.0,417.09,11466.92055673999
2021-01-31T00:00:00Z,BCHUSD,415.9,415.9,391.19,399.63,11045.027159399959
2021-02-01T00:00:00Z,BCHUSD,399.78,445.0,390.27,414.53,12942.136613230003
2021-02-02T00:00:00Z,BCHUSD,413.77,434.6,411.61,430.49,11873.706140479955
2021-02-03T00:00:00Z,BCHUSD,430.54,450.0,428.76,446.41,8377.594078889975
2021-02-04T00:00:00Z,BCHUSD,446.41,455.69,413.5,421.05,15390.380143619954
2021-02-05T00:00:00Z,BCHUSD,421.47,449.09,418.61,447.95,13579.364943060018
2021-02-06T00:00:00Z,BCHUSD,448.01,490.5,446.18,459.22,21250.91847741001
2021-02-07T00:00:00Z,BCHUSD,457.0,464.35,430.43,446.16,20901.276128580066
2021-02-08T00:00:00Z,BCHUSD,445.5,488.71,437.38,486.2,21172.574644579974
2021-02-09T00:00:00Z,BCHUSD,486.04,520.98,474.0,515.84,21333.816136160007
2021-02-10T00:00:00Z,BCHUSD,515.89,539.29,470.26,495.24,25984.120738610072
2021-02-11T00:00:00Z,BCHUSD,496.11,542.0,490.99,530.71,18431.02990687998
2021-02-12T00:00:00Z,BCHUSD,531.35,581.0,510.77,576.79,19986.06699046
2021-02-13T00:00:00Z,BCHUSD,579.07,668.48,541.86,667.36,32382.356331460058
2021-02-14T00:00:00Z,BCHUSD,668.82,754.98,652.64,721.85,37545.707538559865
2021-02-15T00:00:00Z,BCHUSD,721.64,774.09,604.16,715.75,40982.16817415003
2021-02-16T00:00:00Z,BCHUSD,716.65,744.62,670.0,706.35,21520.29447433992
2021-02-17T00:00:00Z,BCHUSD,706.88,726.9,675.68,716.71,18312.82203081996
2021-02-18T00:00:00Z,BCHUSD,716.71,729.9,689.91,706.15,13031.738915319991
2021-02-19T00:00:00Z,BCHUSD,704.38,743.04,678.0,719.5,22957.537169990046
2021-02-20T00:00:00Z,BCHUSD,719.29,748.0,634.79,678.88,25658.07073794006
2021-02-21T00:00:00Z,BCHUSD,679.52,736.31,668.43,706.79,12214.671767160053
2021-02-22T00:00:00Z,BCHUSD,707.45,710.88,438.0,629.07,31663.29596397015
2021-02-23T00:00:00Z,BCHUSD,629.87,631.92,433.86,517.36,55045.2993212111
2021-02-24T00:00:00Z,BCHUSD,513.62,556.3,496.53,527.55,21475.32504656023
2021-02-25T00:00:00Z,BCHUSD,527.75,557.51,494.41,498.69,16498.115470069974
2021-02-26T00:00:00Z,BCHUSD,497.77,508.61,457.56,483.81,16508.02959094001
2021-02-27T00:00:00Z,BCHUSD,484.7,501.2,474.27,483.85,10793.908442689866
2021-02-28T00:00:00Z,BCHUSD,483.8,485.4,432.0,460.55,12084.30821728998
2021-03-01T00:00:00Z,BCHUSD,461.19,506.93,458.77,501.83,14803.891353680032
2021-03-02T00:00:00Z,BCHUSD,501.83,549.8,494.64,517.72,22356.8757638401
2021-03-03T00:00:00Z,BCHUSD,517.6,555.96,511.99,521.6,15163.123933659892
2021-03-04T00:00:00Z,BCHUSD,521.45,538.05,493.2,506.41,13562.847940349851
2021-03-05T00:00:00Z,BCHUSD,505.2,506.43,472.63,498.26,12131.184116869796
2021-03-06T00:00:00Z,BCHUSD,498.68,504.87,483.1,501.25,6447.918607999992
2021-03-07T00:00:00Z,BCHUSD,501.72,518.62,501.72,517.36,5991.277087759989
2021-03-08T00:00:00Z,BCHUSD,516.7,530.42,502.09,529.33,9801.43898405004
2021-03-09T00:00:00Z,BCHUSD,529.75,547.11,524.16,545.34,13771.878164179983
2021-03-10T00:00:00Z,BCHUSD,545.4,568.0,517.05,547.45,16175.116380860125
2021-03-11T00:00:00Z,BCHUSD,546.39,564.06,528.2,549.77,13285.103700270065
2021-03-12T00:00:00Z,BCHUSD,550.16,563.29,510.01,538.82,12837.585459330016
2021-03-13T00:00:00Z,BCHUSD,537.54,608.68,521.95,593.79,16843.228562000008
2021-03-14T00:00:00Z,BCHUSD,593.63,600.87,552.21,552.61,11775.723435360036
2021-03-15T00:00:00Z,BCHUSD,552.19,567.8,514.6,523.25,13225.643827980044
2021-03-16T00:00:00Z,BCHUSD,524.07,537.82,502.21,529.04,10189.024374490009
2021-03-17T00:00:00Z,BCHUSD,529.03,541.45,512.16,541.44,5508.572190129993
2021-03-18T00:00:00Z,BCHUSD,541.45,546.61,523.1,528.34,7094.231766830002
2021-03-19T00:00:00Z,BCHUSD,528.57,550.63,517.03,533.08,8140.661885690011
2021-03-20T00:00:00Z,BCHUSD,532.81,552.0,530.07,536.01,8413.535571390034
2021-03-21T00:00:00Z,BCHUSD,535.83,542.91,515.72,524.46,5527.567597419998
2021-03-22T00:00:00Z,BCHUSD,522.58,538.99,506.55,509.57,8211.588564479996
2021-03-23T00:00:00Z,BCHUSD,509.5,532.53,506.0,510.81,6845.623743600024
2021-03-24T00:00:00Z,BCHUSD,510.6,529.28,441.25,474.5,11332.627951710047
2021-03-25T00:00:00Z,BCHUSD,473.74,482.15,451.62,474.69,9462.207163970077
2021-03-26T00:00:00Z,BCHUSD,473.97,507.72,470.59,506.05,11384.581348860089
2021-03-27T00:00:00Z,BCHUSD,506.07,509.48,485.15,500.4,8820.570981700046
2021-03-28T00:00:00Z,BCHUSD,500.93,505.2,488.35,497.01,6032.597412350027
2021-03-29T00:00:00Z,BCHUSD,496.73,523.98,491.19,518.31,8236.436607050053
2021-03-30T00:00:00Z,BCHUSD,518.11,536.07,511.8,525.73,7175.110930030008
2021-03-31T00:00:00Z,BCHUSD,525.77,544.44,503.35,541.08,10863.989708120167
2021-04-01T00:00:00Z,BCHUSD,541.34,559.45,529.23,556.08,10215.933812990063
2021-04-02T00:00:00Z,BCHUSD,557.17,597.5,545.29,580.92,11831.661789210139
2021-04-03T00:00:00Z,BCHUSD,580.97,596.26,528.89,530.89,8772.773515450051
2021-04-04T00:00:00Z,BCHUSD,530.71,563.31,522.0,560.74,7888.131607330001
2021-04-05T00:00:00Z,BCHUSD,561.11,647.0,554.39,647.0,13744.598521970103
2021-04-06T00:00:00Z,BCHUSD,647.95,673.66,615.74,661.97,22950.376847990032
2021-04-07T00:00:00Z,BCHUSD,663.25,693.03,595.91,615.16,27692.052211449925
2021-04-08T00:00:00Z,BCHUSD,615.16,643.5,610.0,643.5,11288.342364620192
2021-04-09T00:00:00Z,BCHUSD,643.74,649.24,625.64,630.85,8130.146427510018
2021-04-10T00:00:00Z,BCHUSD,631.71,680.06,625.01,672.8,11265.043609110056
2021-04-11T00:00:00Z,BCHUSD,672.94,714.99,670.0,690.04,14483.986115320111
2021-04-12T00:00:00Z,BCHUSD,690.99,696.48,651.84,671.94,8645.424384710066
2021-04-13T00:00:00Z,BCHUSD,670.47,751.47,667.38,745.39,13769.748692140074
2021-04-14T00:00:00Z,BCHUSD,744.9,845.0,744.9,816.02,29317.597785880203
2021-04-15T00:00:00Z,BCHUSD,816.02,878.79,799.11,866.02,15573.612688300043
2021-04-16T00:00:00Z,BCHUSD,867.32,1178.99,821.1,1105.4,66460.40535015825
2021-04-17T00:00:00Z,BCHUSD,1106.01,1215.58,991.62,991.62,38587.038051189265
2021-04-18T00:00:00Z,BCHUSD,991.92,1015.76,809.01,976.22,44783.45443908829
2021-04-19T00:00:00Z,BCHUSD,975.96,1041.75,874.37,892.7,24253.34801417021
2021-04-20T00:00:00Z,BCHUSD,894.03,972.75,831.3,942.69,33582.831688459526
2021-04-21T00:00:00Z,BCHUSD,942.46,999.64,901.0,910.0,17347.211161810104
2021-04-22T00:00:00Z,BCHUSD,910.14,971.65,843.06,854.14,24232.85351667976
2021-04-23T00:00:00Z,BCHUSD,853.33,873.6,700.0,839.41,30159.595008219923
2021-04-24T00:00:00Z,BCHUSD,839.9,839.9,748.78,772.4,10978.765898840042
2021-04-25T00:00:00Z,BCHUSD,773.32,806.48,715.02,759.19,10859.587424670028
2021-04-26T00:00:00Z,BCHUSD,759.82,849.68,751.7,849.06,15265.322723869951
2021-04-27T00:00:00Z,BCHUSD,847.7,892.39,833.19,891.55,11612.072023260092
2021-04-28T00:00:00Z,BCHUSD,891.1,929.8,854.1,911.57,14141.1784062301
2021-04-29T00:00:00Z,BCHUSD,911.78,915.0,858.45,881.21,6579.560544950017
2021-04-30T00:00:00Z,BCHUSD,879.42,1000.0,869.8,995.49,13839.371774080037
2021-05-01T00:00:00Z,BCHUSD,995.49,1031.84,977.01,1005.33,9130.415700970008
2021-05-02T00:00:00Z,BCHUSD,1003.33,1010.54,952.45,974.01,6691.421107579967
2021-05-03T00:00:00Z,BCHUSD,974.01,1048.46,973.64,1016.44,9041.547698499928
2021-05-04T00:00:00Z,BCHUSD,1016.34,1056.35,932.89,950.6,16485.255438150118
2021-05-05T00:00:00Z,BCHUSD,950.6,1479.74,940.46,1455.76,47693.30487975941
2021-05-06T00:00:00Z,BCHUSD,1454.75,1607.35,1271.25,1509.44,44301.41017897833
2021-05-07T00:00:00Z,BCHUSD,1508.61,1508.61,1274.0,1343.26,25423.75949443999
2021-05-08T00:00:00Z,BCHUSD,1341.31,1450.61,1325.7,1400.79,19136.306392270224
2021-05-09T00:00:00Z,BCHUSD,1400.57,1431.35,1284.81,1428.74,12928.764315570104
2021-05-10T00:00:00Z,BCHUSD,1430.0,1572.0,1222.01,1320.69,25696.742189859797
2021-05-11T00:00:00Z,BCHUSD,1320.69,1549.96,1302.22,1549.93,19431.808646440037
2021-05-12T00:00:00Z,BCHUSD,1549.93,1644.56,1205.0,1229.89,28394.80472843989
2021-05-13T00:00:00Z,BCHUSD,1229.89,1348.25,1136.05,1250.97,27821.227166249864
2021-05-14T00:00:00Z,BCHUSD,1257.66,1361.53,1226.24,1299.38,15441.632586159994
2021-05-15T00:00:00Z,BCHUSD,1294.04,1335.6,1163.0,1169.02,8076.483172570044
2021-05-16T00:00:00Z,BCHUSD,1174.2,1281.15,1100.0,1167.22,14093.839414220076
2021-05-17T00:00:00Z,BCHUSD,1167.3,1167.3,990.0,1068.83,26573.900785319798
2021-05-18T00:00:00Z,BCHUSD,1069.1,1167.16,1052.9,1089.91,15528.58740133022
2021-05-19T00:00:00Z,BCHUSD,1089.31,1110.88,378.88,693.86,55761.90226303745
2021-05-20T00:00:00Z,BCHUSD,698.22,865.28,619.56,819.4,25898.098259599785
2021-05-21T00:00:00Z,BCHUSD,819.4,852.4,605.0,688.1,28969.859966499793
2021-05-22T00:00:00Z,BCHUSD,688.69,720.76,598.01,630.05,16463.895379080077
2021-05-23T00:00:00Z,BCHUSD,629.98,659.49,468.62,552.74,23997.761011759656
2021-05-24T00:00:00Z,BCHUSD,553.24,761.22,540.02,753.59,27993.895750569787
2021-05-25T00:00:00Z,BCHUSD,752.3,793.07,671.35,719.5,22197.215184420154
2021-05-26T00:00:00Z,BCHUSD,720.22,789.91,709.0,764.89,14797.848004750069
2021-05-27T00:00:00Z,BCHUSD,765.36,806.31,702.38,749.7,13496.36365601003
2021-05-28T00:00:00Z,BCHUSD,749.89,760.55,653.1,688.34,16366.202324520038
2021-05-29T00:00:00Z,BCHUSD,688.82,720.54,619.26,652.12,18631.86493984011
2021-05-30T00:00:00Z,BCHUSD,652.05,688.96,617.05,661.73,14570.169584190071
2021-05-31T00:00:00Z,BCHUSD,660.54,711.08,635.28,702.98,16365.723165790085
2021-06-01T00:00:00Z,BCHUSD,700.96,720.43,669.17,691.2,11661.663847400005
2021-06-02T00:00:00Z,BCHUSD,693.1,716.13,674.98,699.25,12818.698466740037
2021-06-03T00:00:00Z,BCHUSD,695.45,735.56,688.89,718.38,6707.283282560022
2021-06-04T00:00:00Z,BCHUSD,719.0,719.97,644.0,670.36,12178.43751009
2021-06-05T00:00:00Z,BCHUSD,671.73,688.88,634.74,649.31,10381.02331231005
2021-06-06T00:00:00Z,BCHUSD,648.82,669.51,645.0,657.07,5546.932885670003
2021-06-07T00:00:00Z,BCHUSD,656.96,669.84,590.2,595.32,10726.763367560052
2021-06-08T00:00:00Z,BCHUSD,596.61,604.69,543.7,595.55,12986.306048989976
2021-06-09T00:00:00Z,BCHUSD,595.44,634.64,566.64,633.69,9477.45872727999
2021-06-10T00:00:00Z,BCHUSD,634.11,638.6,589.84,601.6,7205.102431679985
2021-06-11T00:00:00Z,BCHUSD,602.33,610.74,570.01,576.82,5101.528332320003
2021-06-12T00:00:00Z,BCHUSD,576.82,591.64,548.31,579.85,5707.971030210005
2021-06-13T00:00:00Z,BCHUSD,579.91,615.0,558.37,614.18,7755.89439135004
2021-06-14T00:00:00Z,BCHUSD,614.96,640.99,599.3,640.99,7832.056716749998
2021-06-15T00:00:00Z,BCHUSD,641.65,650.0,616.9,627.78,8763.53585492
2021-06-16T00:00:00Z,BCHUSD,626.71,627.3,590.16,592.9,6508.2693767699875
2021-06-17T00:00:00Z,BCHUSD,592.98,620.54,584.8,598.66,5315.360207729962
2021-06-18T00:00:00Z,BCHUSD,598.66,599.41,545.44,562.49,7463.16198891997
2021-06-19T00:00:00Z,BCHUSD,561.84,581.59,552.35,553.07,6094.44803431998
2021-06-20T00:00:00Z,BCHUSD,551.94,560.52,513.75,556.81,6601.142880159971
2021-06-21T00:00:00Z,BCHUSD,556.22,559.51,454.78,456.86,11483.471179939972
2021-06-22T00:00:00Z,BCHUSD,455.31,477.85,388.24,444.09,17780.124657380147
2021-06-23T00:00:00Z,BCHUSD,444.09,486.32,438.98,472.97,17570.443680830012
2021-06-24T00:00:00Z,BCHUSD,473.19,495.11,456.39,486.82,8647.133808269977
2021-06-25T00:00:00Z,BCHUSD,486.83,496.63,448.41,454.09,9256.67838792999
2021-06-26T00:00:00Z,BCHUSD,449.19,463.97,428.87,459.71,7021.000739509967
2021-06-27T00:00:00Z,BCHUSD,459.64,478.1,447.01,477.39,5730.963260059966
2021-06-28T00:00:00Z,BCHUSD,477.39,518.2,472.88,501.31,9903.835698639996
2021-06-29T00:00:00Z,BCHUSD,501.32,547.74,501.07,523.92,8906.583852379996
2021-06-30T00:00:00Z,BCHUSD,524.0,533.76,499.11,526.37,6754.2278144099955
2021-07-01T00:00:00Z,BCHUSD,525.78,526.06,486.39,497.52,18320.70940214997
2021-07-02T00:00:00Z,BCHUSD,496.59,504.26,475.8,496.6,5587.133972859992
2021-07-03T00:00:00Z,BCHUSD,496.11,514.29,488.68,505.07,4096.205821309992
2021-07-04T00:00:00Z,BCHUSD,505.1,541.92,495.91,526.86,5646.064207260001
2021-07-05T00:00:00Z,BCHUSD,526.24,526.92,487.89,504.85,7534.523598719965
2021-07-06T00:00:00Z,BCHUSD,504.85,526.09,500.36,512.28,8893.74360361997
2021-07-07T00:00:00Z,BCHUSD,511.4,537.67,505.85,509.11,9983.861490560023
2021-07-08T00:00:00Z,BCHUSD,508.91,510.46,480.0,490.46,7378.268812600032
2021-07-09T00:00:00Z,BCHUSD,490.18,509.98,471.7,504.23,7964.342643699981
2021-07-10T00:00:00Z,BCHUSD,504.47,510.74,484.23,497.78,6137.02960539002
2021-07-11T00:00:00Z,BCHUSD,497.06,503.89,489.39,497.89,5553.485858210021
2021-07-12T00:00:00Z,BCHUSD,497.91,508.41,471.39,480.27,5152.021852110015
2021-07-13T00:00:00Z,BCHUSD,478.52,483.97,460.19,464.88,6666.901418510013
2021-07-14T00:00:00Z,BCHUSD,464.77,477.98,444.49,466.9,13439.250794940008
2021-07-15T00:00:00Z,BCHUSD,466.9,473.51,444.12,456.09,6129.119192890005
2021-07-16T00:00:00Z,BCHUSD,455.65,464.22,437.04,438.24,4930.447634119994
2021-07-17T00:00:00Z,BCHUSD,438.25,446.38,430.83,436.99,4311.9478414199975
2021-07-18T00:00:00Z,BCHUSD,436.37,453.23,432.8,439.56,3393.964635230001
2021-07-19T00:00:00Z,BCHUSD,437.01,440.91,413.54,414.37,6016.122563719989
2021-07-20T00:00:00Z,BCHUSD,414.78,422.3,384.62,398.56,11997.49499314005
2021-07-21T00:00:00Z,BCHUSD,398.48,435.79,392.54,430.46,9528.645853290007
2021-07-22T00:00:00Z,BCHUSD,430.46,445.33,424.91,441.19,4682.670690810006
2021-07-23T00:00:00Z,BCHUSD,440.99,455.86,432.02,455.02,5634.71026486002
2021-07-24T00:00:00Z,BCHUSD,455.13,464.61,450.62,458.69,5537.763488779998
2021-07-25T00:00:00Z,BCHUSD,458.89,459.61,442.0,455.48,3861.0491696599975
2021-07-26T00:00:00Z,BCHUSD,454.89,517.71,453.52,483.82,9069.423943620037
2021-07-27T00:00:00Z,BCHUSD,481.4,503.8,468.02,502.17,4886.38328534
2021-07-28T00:00:00Z,BCHUSD,501.84,518.96,490.16,511.46,4752.005855720001
2021-07-29T00:00:00Z,BCHUSD,511.54,547.0,499.2,537.72,4294.691050149988
2021-07-30T00:00:00Z,BCHUSD,538.67,553.0,518.2,552.79,7130.240084149985
2021-07-31T00:00:00Z,BCHUSD,553.23,557.9,537.33,545.55,3697.926084930005
2021-08-01T00:00:00Z,BCHUSD,546.18,563.02,513.4,526.9,8174.353659189992
2021-08-02T00:00:00Z,BCHUSD,526.18,567.56,520.3,544.09,4548.791986449999
2021-08-03T00:00:00Z,BCHUSD,543.59,551.48,521.92,537.48,7455.936036549989
2021-08-04T00:00:00Z,BCHUSD,538.91,552.61,525.3,545.51,4872.428799029999
2021-08-05T00:00:00Z,BCHUSD,544.76,550.29,523.77,548.0,6441.9406566199805
2021-08-06T00:00:00Z,BCHUSD,548.99,561.1,537.48,557.06,5209.443787649995
2021-08-07T00:00:00Z,BCHUSD,557.05,591.0,554.09,584.13,5766.398168179948
2021-08-08T00:00:00Z,BCHUSD,584.1,589.55,555.16,555.16,4119.453155639999
2021-08-09T00:00:00Z,BCHUSD,556.01,600.43,544.32,592.34,3766.0370395099962
2021-08-10T00:00:00Z,BCHUSD,590.51,606.4,573.93,592.56,4450.252554619992
2021-08-11T00:00:00Z,BCHUSD,591.99,632.58,590.8,621.08,7508.153249320001
2021-08-12T00:00:00Z,BCHUSD,620.85,649.87,592.78,605.5,6385.975880749969
2021-08-13T00:00:00Z,BCHUSD,605.95,655.49,602.14,654.91,5401.67443658
2021-08-14T00:00:00Z,BCHUSD,654.8,692.96,642.9,692.82,5500.00107243001
2021-08-15T00:00:00Z,BCHUSD,692.83,709.68,674.41,703.34,4197.835887139992
2021-08-16T00:00:00Z,BCHUSD,704.68,714.69,673.78,674.79,7623.472383549991
2021-08-17T00:00:00Z,BCHUSD,674.11,690.54,638.0,638.13,4242.570799199997
2021-08-18T00:00:00Z,BCHUSD,638.86,654.68,620.07,632.1,3204.055074599991
2021-08-19T00:00:00Z,BCHUSD,632.29,659.98,620.01,659.98,3253.1399620899983
2021-08-20T00:00:00Z,BCHUSD,659.99,700.49,653.59,694.15,5600.194322470013
2021-08-21T00:00:00Z,BCHUSD,693.71,699.99,672.05,676.45,3016.8826026899983
2021-08-22T00:00:00Z,BCHUSD,676.9,689.77,653.29,673.29,1780.3432767799982
2021-08-23T00:00:00Z,BCHUSD,674.69,695.8,664.23,678.59,7818.372259180004
2021-08-24T00:00:00Z,BCHUSD,677.82,683.37,634.32,637.22,4976.43443865999
2021-08-25T00:00:00Z,BCHUSD,637.61,658.73,626.9,650.41,4906.022301620001
2021-08-26T00:00:00Z,BCHUSD,650.56,655.88,605.0,606.08,4532.629968969999
2021-08-27T00:00:00Z,BCHUSD,606.47,635.99,596.76,635.99,2258.582917359996
2021-08-28T00:00:00Z,BCHUSD,635.25,646.79,622.94,646.79,1564.6313929699998
2021-08-29T00:00:00Z,BCHUSD,646.79,692.55,646.79,661.05,5009.161916430003
2021-08-30T00:00:00Z,BCHUSD,660.2,664.45,630.95,632.24,2573.9700391099996
2021-08-31T00:00:00Z,BCHUSD,632.24,651.4,624.29,636.83,2753.4227847999973
2021-09-01T00:00:00Z,BCHUSD,635.44,657.27,625.82,656.41,5177.57790307
2021-09-02T00:00:00Z,BCHUSD,656.18,674.08,652.88,665.12,3970.542266569985
2021-09-03T00:00:00Z,BCHUSD,664.67,721.44,651.8,713.36,10438.018282530007
2021-09-04T00:00:00Z,BCHUSD,713.49,734.57,697.4,708.93,4515.462124999989
2021-09-05T00:00:00Z,BCHUSD,708.93,767.07,699.6,765.13,5664.402436130008
2021-09-06T00:00:00Z,BCHUSD,764.95,804.09,741.78,785.68,8134.242834910013
2021-09-07T00:00:00Z,BCHUSD,785.51,787.62,555.0,672.1,24782.460560310145
2021-09-08T00:00:00Z,BCHUSD,670.72,679.31,644.24,662.19,4776.844509719991
2021-09-09T00:00:00Z,BCHUSD,662.68,673.7,656.35,661.15,3657.8788007800094
2021-09-10T00:00:00Z,BCHUSD,661.15,673.6,618.61,629.05,3224.4963234299917
2021-09-11T00:00:00Z,BCHUSD,629.05,647.63,626.12,635.79,1375.6324147699972
2021-09-12T00:00:00Z,BCHUSD,636.3,654.79,623.46,647.07,2391.6659492500044
2021-09-13T00:00:00Z,BCHUSD,647.94,660.14,592.05,614.49,8153.7621319799755
2021-09-14T00:00:00Z,BCHUSD,614.48,642.42,609.75,640.02,4314.341170289994
2021-09-15T00:00:00Z,BCHUSD,640.56,656.59,633.15,653.17,2637.738977740002
2021-09-16T00:00:00Z,BCHUSD,653.09,655.23,626.5,639.83,2831.866504750004
2021-09-17T00:00:00Z,BCHUSD,639.51,647.36,614.0,620.95,2737.725937259999
2021-09-18T00:00:00Z,BCHUSD,621.52,638.27,615.86,630.89,3665.36872706
2021-09-19T00:00:00Z,BCHUSD,630.6,647.21,603.35,610.63,5033.584642130006
2021-09-20T00:00:00Z,BCHUSD,609.04,609.04,530.67,539.56,7021.913129039984
2021-09-21T00:00:00Z,BCHUSD,541.27,551.56,497.99,504.44,7312.046563359997
2021-09-22T00:00:00Z,BCHUSD,504.91,548.28,496.95,548.28,5232.763638910011
2021-09-23T00:00:00Z,BCHUSD,546.53,552.9,532.9,552.49,2728.532844299994
2021-09-24T00:00:00Z,BCHUSD,552.24,555.77,479.69,512.58,5268.762554430008
2021-09-25T00:00:00Z,BCHUSD,512.89,522.76,502.58,518.73,3296.479746399997
2021-09-26T00:00:00Z,BCHUSD,517.12,519.59,481.45,503.34,6472.318529779997
2021-09-27T00:00:00Z,BCHUSD,503.6,515.3,488.02,488.02,2053.523456769999
2021-09-28T00:00:00Z,BCHUSD,488.02,498.73,472.89,473.79,3405.7217376300023
2021-09-29T00:00:00Z,BCHUSD,473.79,498.03,471.77,485.03,1750.60008198
2021-09-30T00:00:00Z,BCHUSD,483.33,506.01,482.11,502.5,1552.8834691100003
2021-10-01T00:00:00Z,BCHUSD,502.8,544.57,500.63,543.58,8716.788059919987
2021-10-02T00:00:00Z,BCHUSD,543.34,560.31,537.5,552.96,1814.806402449998
2021-10-03T00:00:00Z,BCHUSD,552.76,579.36,544.71,570.79,3638.670793160001
2021-10-04T00:00:00Z,BCHUSD,571.38,571.38,531.0,552.08,3228.9838240099966
2021-10-05T00:00:00Z,BCHUSD,551.02,599.6,549.61,595.93,6467.720273749975
2021-10-06T00:00:00Z,BCHUSD,596.32,625.0,562.27,617.12,8545.680052610016
2021-10-07T00:00:00Z,BCHUSD,617.76,635.8,599.09,611.51,4861.374844089984
2021-10-08T00:00:00Z,BCHUSD,611.4,617.31,588.2,596.09,2894.15319981
2021-10-09T00:00:00Z,BCHUSD,596.09,625.01,592.29,614.48,2229.609170400001
2021-10-10T00:00:00Z,BCHUSD,615.22,622.41,583.0,585.59,3612.3221002999976
2021-10-11T00:00:00Z,BCHUSD,582.9,618.0,576.49,601.22,3897.4673461699945
2021-10-12T00:00:00Z,BCHUSD,601.01,601.05,568.29,587.33,4917.864596900008
2021-10-13T00:00:00Z,BCHUSD,588.13,594.27,572.0,593.75,3090.2193389299878
2021-10-14T00:00:00Z,BCHUSD,593.78,607.97,591.72,597.46,3387.5260273899908
2021-10-15T00:00:00Z,BCHUSD,598.57,636.87,585.58,625.48,6034.187144589995
2021-10-16T00:00:00Z,BCHUSD,626.05,648.2,624.16,624.76,2922.835997399991
2021-10-17T00:00:00Z,BCHUSD,624.6,628.1,589.59,611.94,3946.2527008599945
2021-10-18T00:00:00Z,BCHUSD,612.07,618.73,598.79,610.77,3158.860671980011
2021-10-19T00:00:00Z,BCHUSD,611.08,624.17,599.96,618.97,5377.091295069998
2021-10-20T00:00:00Z,BCHUSD,618.58,648.73,605.46,644.5,5152.661298710006
2021-10-21T00:00:00Z,BCHUSD,644.5,655.67,617.75,622.91,9895.990855860016
2021-10-22T00:00:00Z,BCHUSD,623.6,636.89,612.56,624.19,3463.3937794600115
2021-10-23T00:00:00Z,BCHUSD,622.55,637.53,614.11,628.65,5316.744465340012
2021-10-24T00:00:00Z,BCHUSD,629.0,632.52,606.2,617.48,3394.240244010008
2021-10-25T00:00:00Z,BCHUSD,617.46,628.1,615.6,621.32,1958.0604421100045
2021-10-26T00:00:00Z,BCHUSD,621.8,631.83,600.0,611.91,2006.5012003800018
2021-10-27T00:00:00Z,BCHUSD,612.01,618.78,533.0,548.85,13163.057305200029
2021-10-28T00:00:00Z,BCHUSD,548.67,591.63,544.88,578.89,3925.4335046700035
2021-10-29T00:00:00Z,BCHUSD,579.36,596.22,574.83,594.0,1970.119804220003
2021-10-30T00:00:00Z,BCHUSD,594.39,600.73,576.81,584.76,1069.5669002799982
2021-10-31T00:00:00Z,BCHUSD,585.22,604.29,575.13,597.05,2360.4698989800027
2021-11-01T00:00:00Z,BCHUSD,596.94,599.52,580.0,587.07,3122.782911810003
2021-11-02T00:00:00Z,BCHUSD,588.13,608.87,583.0,598.53,2857.0455129400084
2021-11-03T00:00:00Z,BCHUSD,598.54,618.91,590.38,611.26,6992.576249280016
2021-11-04T00:00:00Z,BCHUSD,611.32,613.13,587.83,595.82,2078.832263699994
2021-11-05T00:00:00Z,BCHUSD,596.22,632.4,592.33,598.82,4335.805904970026
2021-11-06T00:00:00Z,BCHUSD,598.41,603.01,575.43,587.56,5167.555902610005
2021-11-07T00:00:00Z,BCHUSD,587.04,600.79,586.36,600.79,1762.8657737500002
2021-11-08T00:00:00Z,BCHUSD,600.79,642.97,599.79,638.25,4403.399591840006
2021-11-09T00:00:00Z,BCHUSD,638.51,730.64,637.52,717.27,14031.516514550049
2021-11-10T00:00:00Z,BCHUSD,717.06,728.6,643.9,664.01,13560.135134799984
2021-11-11T00:00:00Z,BCHUSD,664.01,680.94,658.99,676.53,2463.4108560900004
2021-11-12T00:00:00Z,BCHUSD,676.12,684.0,646.9,669.6,5357.967904890005
2021-11-13T00:00:00Z,BCHUSD,668.45,669.91,655.82,665.5,1247.9235988199996
2021-11-14T00:00:00Z,BCHUSD,666.14,679.39,657.48,679.39,3480.1328509200043
2021-11-15T00:00:00Z,BCHUSD,679.26,685.35,663.89,665.5,3838.6935213399934
2021-11-16T00:00:00Z,BCHUSD,665.49,665.49,553.77,598.8,8694.873388820022
2021-11-17T00:00:00Z,BCHUSD,598.68,603.2,577.95,595.34,5816.353663109988
2021-11-18T00:00:00Z,BCHUSD,595.47,601.2,543.81,554.69,5956.290395949993
2021-11-19T00:00:00Z,BCHUSD,554.67,577.49,548.43,574.91,1879.5777727999978
2021-11-20T00:00:00Z,BCHUSD,575.12,588.43,565.69,584.46,1739.402474389999
2021-11-21T00:00:00Z,BCHUSD,584.11,585.4,569.36,575.95,1116.4133996400003
2021-11-22T00:00:00Z,BCHUSD,575.23,578.44,548.0,558.79,3196.9647087600074
2021-11-23T00:00:00Z,BCHUSD,557.4,575.4,546.93,570.86,1758.7812916599987
2021-11-24T00:00:00Z,BCHUSD,572.12,620.27,558.78,619.47,7882.581585079985
2021-11-25T00:00:00Z,BCHUSD,618.62,635.34,608.01,616.36,4937.816351390002
2021-11-26T00:00:00Z,BCHUSD,616.56,618.9,540.89,556.64,16390.323427300013
2021-11-27T00:00:00Z,BCHUSD,558.05,573.2,555.77,563.27,3485.436179819994
2021-11-28T00:00:00Z,BCHUSD,562.5,568.77,532.15,567.24,3833.0399761099966
2021-11-29T00:00:00Z,BCHUSD,569.28,581.46,557.99,576.44,2429.7535923400037
2021-11-30T00:00:00Z,BCHUSD,575.62,587.78,557.57,569.85,1800.0035123500022
2021-12-01T00:00:00Z,BCHUSD,570.42,586.81,565.35,571.07,2487.1923399099883
2021-12-02T00:00:00Z,BCHUSD,570.54,574.62,558.65,562.13,1012.6871180299975
2021-12-03T00:00:00Z,BCHUSD,562.28,568.02,519.0,532.94,3147.698829770004
2021-12-04T00:00:00Z,BCHUSD,531.16,534.48,351.1,474.26,32185.904424810105
2021-12-05T00:00:00Z,BCHUSD,473.71,477.78,435.71,453.38,7151.682857619997
2021-12-06T00:00:00Z,BCHUSD,453.92,480.82,419.69,475.66,9023.724919959976
2021-12-07T00:00:00Z,BCHUSD,475.38,502.94,464.68,474.29,5076.9562402200045
2021-12-08T00:00:00Z,BCHUSD,472.4,487.91,464.27,480.12,3818.8343903600007
2021-12-09T00:00:00Z,BCHUSD,481.08,481.94,448.5,449.41,5402.94245123
2021-12-10T00:00:00Z,BCHUSD,449.0,468.34,437.52,439.89,5120.3243807100025
2021-12-11T00:00:00Z,BCHUSD,438.75,461.12,432.5,458.92,2717.3812276700028
2021-12-12T00:00:00Z,BCHUSD,459.68,462.45,442.6,458.35,1929.0506886799963
2021-12-13T00:00:00Z,BCHUSD,459.73,460.26,414.24,422.7,4283.37652250001
2021-12-14T00:00:00Z,BCHUSD,422.32,441.99,419.08,437.01,2632.5873251299945
2021-12-15T00:00:00Z,BCHUSD,436.69,449.97,417.22,447.23,2560.872181419987
2021-12-16T00:00:00Z,BCHUSD,447.79,453.78,437.69,437.94,1875.8336362000007
2021-12-17T00:00:00Z,BCHUSD,437.5,441.5,417.96,425.25,1690.3593519399992
2021-12-18T00:00:00Z,BCHUSD,424.63,438.96,419.97,436.44,1413.1988447699969
2021-12-19T00:00:00Z,BCHUSD,436.27,445.08,432.45,432.45,2668.254068149995
2021-12-20T00:00:00Z,BCHUSD,432.92,439.32,419.73,431.78,1310.196478300008
2021-12-21T00:00:00Z,BCHUSD,431.2,440.65,427.26,438.14,1420.8629400700004
2021-12-22T00:00:00Z,BCHUSD,438.83,446.72,435.19,438.28,1564.2000938000022
2021-12-23T00:00:00Z,BCHUSD,438.63,458.18,434.88,455.6,1724.4538544900047
2021-12-24T00:00:00Z,BCHUSD,455.92,461.05,449.28,451.7,2171.797424970007
2021-12-25T00:00:00Z,BCHUSD,451.78,460.4,448.17,455.58,1002.0637363699998
2021-12-26T00:00:00Z,BCHUSD,455.38,455.38,444.98,452.13,937.3071521300006
2021-12-27T00:00:00Z,BCHUSD,452.4,475.98,448.1,465.42,2307.64636829
2021-12-28T00:00:00Z,BCHUSD,465.37,465.37,438.26,439.19,2289.6305894500006
2021-12-29T00:00:00Z,BCHUSD,439.31,445.37,427.14,429.95,2039.1304456100015
2021-12-30T00:00:00Z,BCHUSD,428.69,436.81,423.79,431.35,7304.427343309999
2021-12-31T00:00:00Z,BCHUSD,431.4,436.82,419.55,430.48,2217.0240838099976
2022-01-01T00:00:00Z,BCHUSD,430.26,445.46,430.26,444.75,880.3424997900008
2022-01-02T00:00:00Z,BCHUSD,445.08,451.97,443.05,448.46,1499.1063745600009
2022-01-03T00:00:00Z,BCHUSD,446.59,447.41,431.59,434.25,903.3757984000008
2022-01-04T00:00:00Z,BCHUSD,434.69,439.01,425.76,427.28,1167.3202068499993
2022-01-05T00:00:00Z,BCHUSD,427.05,431.79,389.91,399.37,2720.6217177500002
2022-01-06T00:00:00Z,BCHUSD,399.38,402.37,387.42,400.34,2052.2417030199963
2022-01-07T00:00:00Z,BCHUSD,400.38,400.62,375.68,384.96,5109.064875920006
2022-01-08T00:00:00Z,BCHUSD,385.77,391.28,361.75,373.05,2727.8280223800007
2022-01-09T00:00:00Z,BCHUSD,372.83,380.9,368.16,377.03,974.3345037800013
2022-01-10T00:00:00Z,BCHUSD,376.46,378.07,348.52,363.8,4014.167469279993
2022-01-11T00:00:00Z,BCHUSD,362.4,374.54,362.4,369.85,1747.18789699
2022-01-12T00:00:00Z,BCHUSD,370.01,385.4,368.15,383.81,1500.4313211599997
2022-01-13T00:00:00Z,BCHUSD,383.81,391.4,376.99,377.29,1355.5321842399997
2022-01-14T00:00:00Z,BCHUSD,377.64,392.9,377.0,386.03,1490.5660092399983
2022-01-15T00:00:00Z,BCHUSD,386.32,392.91,383.45,391.61,540.1185846000009
2022-01-16T00:00:00Z,BCHUSD,390.58,392.99,382.8,388.55,668.6266369599999
2022-01-17T00:00:00Z,BCHUSD,388.71,389.21,373.39,380.9,660.1019476000002
2022-01-18T00:00:00Z,BCHUSD,381.24,398.07,375.0,382.01,2360.1688210999973
2022-01-19T00:00:00Z,BCHUSD,381.75,384.04,366.23,369.06,1644.8781450499953
2022-01-20T00:00:00Z,BCHUSD,369.14,383.94,356.51,357.8,1567.901521290001
2022-01-21T00:00:00Z,BCHUSD,357.43,359.3,308.83,315.33,4931.505749769995
2022-01-22T00:00:00Z,BCHUSD,314.83,318.49,265.27,291.0,12824.808776770036
2022-01-23T00:00:00Z,BCHUSD,292.07,303.11,284.43,302.12,3115.6299304800004
2022-01-24T00:00:00Z,BCHUSD,302.55,302.55,259.87,292.24,8837.115489579988
2022-01-25T00:00:00Z,BCHUSD,290.7,294.49,283.74,293.02,2239.6502279600004
2022-01-26T00:00:00Z,BCHUSD,291.7,314.41,284.58,289.67,2769.637269810002
2022-01-27T00:00:00Z,BCHUSD,289.14,294.83,277.96,289.46,1855.1375311300003
2022-01-28T00:00:00Z,BCHUSD,289.63,297.1,282.37,296.94,1333.5698854599998
2022-01-29T00:00:00Z,BCHUSD,296.55,301.94,291.86,298.42,2115.743655910002
2022-01-30T00:00:00Z,BCHUSD,298.21,302.17,287.76,289.68,1112.7566272699978
2022-01-31T00:00:00Z,BCHUSD,290.23,290.31,278.38,285.81,1806.3559632499964
2022-02-01T00:00:00Z,BCHUSD,285.24,291.05,283.0,288.79,2443.2846884100054
2022-02-02T00:00:00Z,BCHUSD,288.09,296.68,276.97,278.36,3050.556502450006
2022-02-03T00:00:00Z,BCHUSD,278.13,281.43,271.43,280.74,1594.933976450001
2022-02-04T00:00:00Z,BCHUSD,281.43,306.18,276.84,305.61,1792.0963194100002
2022-02-05T00:00:00Z,BCHUSD,305.9,328.94,302.76,320.8,2172.978751480001
2022-02-06T00:00:00Z,BCHUSD,321.09,328.28,312.69,325.16,892.7833659700012
2022-02-07T00:00:00Z,BCHUSD,324.44,343.4,318.35,343.4,3736.095381669998
2022-02-08T00:00:00Z,BCHUSD,343.32,355.92,325.49,336.26,2402.719678089997
2022-02-09T00:00:00Z,BCHUSD,336.31,347.75,329.07,346.42,953.1126855200018
2022-02-10T00:00:00Z,BCHUSD,345.57,362.41,337.08,340.95,2326.251737830001
2022-02-11T00:00:00Z,BCHUSD,340.53,341.68,316.96,320.5,2260.7299767699983
2022-02-12T00:00:00Z,BCHUSD,320.14,330.12,312.79,330.12,1276.1894272900017
2022-02-13T00:00:00Z,BCHUSD,330.51,339.93,325.05,334.8,1183.3127378499998
2022-02-14T00:00:00Z,BCHUSD,333.81,337.75,318.9,332.04,1183.5695050100005
2022-02-15T00:00:00Z,BCHUSD,331.51,344.46,329.11,343.79,959.0625752
2022-02-16T00:00:00Z,BCHUSD,342.83,343.42,329.37,334.95,1367.5868214099996
2022-02-17T00:00:00Z,BCHUSD,335.03,336.35,309.94,312.58,1010.2405528400013
2022-02-18T00:00:00Z,BCHUSD,311.06,318.65,306.75,311.01,1171.881178860001
2022-02-19T00:00:00Z,BCHUSD,310.04,315.95,305.46,312.44,662.0037297500003
2022-02-20T00:00:00Z,BCHUSD,312.44,312.56,297.0,302.63,4030.633174949996
2022-02-21T00:00:00Z,BCHUSD,302.87,310.32,283.55,284.0,2321.2700280700024
2022-02-22T00:00:00Z,BCHUSD,284.09,295.51,276.06,294.28,1802.1045142600037
2022-02-23T00:00:00Z,BCHUSD,293.36,304.94,287.3,289.4,1300.70141823
2022-02-24T00:00:00Z,BCHUSD,287.86,309.9,260.0,301.48,5591.0177173000075
2022-02-25T00:00:00Z,BCHUSD,299.0,312.08,290.68,308.14,1546.1558728800023
2022-02-26T00:00:00Z,BCHUSD,309.34,325.63,307.41,315.03,3591.0521574799996
2022-02-27T00:00:00Z,BCHUSD,315.54,320.73,300.06,304.72,1287.4287628600011
2022-02-28T00:00:00Z,BCHUSD,302.84,339.0,301.11,339.0,1131.6468613700001
2022-03-01T00:00:00Z,BCHUSD,339.02,343.45,320.52,328.48,2255.3467499099984
2022-03-02T00:00:00Z,BCHUSD,328.1,331.2,318.38,320.52,1331.209238299999
2022-03-03T00:00:00Z,BCHUSD,319.7,321.54,306.03,315.52,725.2538041799996
2022-03-04T00:00:00Z,BCHUSD,315.13,315.13,286.18,289.77,1970.9249972399994
2022-03-05T00:00:00Z,BCHUSD,288.62,295.38,283.66,294.29,768.5198017900007
2022-03-06T00:00:00Z,BCHUSD,294.15,296.02,281.0,282.01,967.7974537899987
2022-03-07T00:00:00Z,BCHUSD,281.4,290.77,270.35,274.53,1799.3435053899989
2022-03-08T00:00:00Z,BCHUSD,274.15,289.36,272.98,284.8,1116.5059343000005
2022-03-09T00:00:00Z,BCHUSD,284.71,317.76,284.16,307.56,2672.6009654500003
2022-03-10T00:00:00Z,BCHUSD,307.69,308.82,283.9,289.9,2004.9109549800003
2022-03-11T00:00:00Z,BCHUSD,289.35,294.56,281.71,287.61,958.2483330599995
2022-03-12T00:00:00Z,BCHUSD,287.69,293.99,287.69,290.79,373.47201582000025
2022-03-13T00:00:00Z,BCHUSD,290.54,295.7,278.42,280.67,701.3811015099991
2022-03-14T00:00:00Z,BCHUSD,279.11,289.95,277.9,289.31,1581.683219230001
2022-03-15T00:00:00Z,BCHUSD,289.8,292.51,281.93,289.3,813.5615223300014
2022-03-16T00:00:00Z,BCHUSD,289.45,302.08,286.51,299.43,2872.220282160006
2022-03-17T00:00:00Z,BCHUSD,300.17,300.9,294.62,296.44,981.3712370399999
2022-03-18T00:00:00Z,BCHUSD,296.32,306.53,291.0,305.57,1094.9411130000015
2022-03-19T00:00:00Z,BCHUSD,305.82,328.43,305.82,328.06,1146.9311276799997
2022-03-20T00:00:00Z,BCHUSD,328.09,332.45,315.96,327.42,1968.9947904199976
2022-03-21T00:00:00Z,BCHUSD,328.05,340.23,321.01,335.44,9743.287303140016
2022-03-22T00:00:00Z,BCHUSD,335.15,386.88,334.53,376.31,5659.671762040006
2022-03-23T00:00:00Z,BCHUSD,376.35,384.38,353.66,364.09,4932.937592929984
2022-03-24T00:00:00Z,BCHUSD,363.93,367.43,352.4,366.42,7342.529426450038
2022-03-25T00:00:00Z,BCHUSD,366.42,374.1,353.31,364.97,2401.726842979998
2022-03-26T00:00:00Z,BCHUSD,365.32,366.27,357.2,362.73,580.0440620700003
2022-03-27T00:00:00Z,BCHUSD,361.06,377.16,355.73,377.06,984.4729571199986
2022-03-28T00:00:00Z,BCHUSD,377.02,385.58,364.25,368.51,3730.4047225099994
2022-03-29T00:00:00Z,BCHUSD,368.88,387.87,366.59,373.02,2417.9574352100085
2022-03-30T00:00:00Z,BCHUSD,372.43,386.47,362.51,379.29,4474.069782610007
2022-03-31T00:00:00Z,BCHUSD,379.29,391.41,362.0,384.68,3460.1328689100114
2022-04-01T00:00:00Z,BCHUSD,385.19,389.18,363.91,376.99,1865.83523227
2022-04-02T00:00:00Z,BCHUSD,376.51,382.71,371.05,373.02,1422.0174884999992
2022-04-03T00:00:00Z,BCHUSD,373.08,381.01,368.7,378.7,593.7016495099999
2022-04-04T00:00:00Z,BCHUSD,378.1,379.43,363.2,375.97,1498.47709092
2022-04-05T00:00:00Z,BCHUSD,376.44,381.84,365.47,365.47,1155.0455572599988
2022-04-06T00:00:00Z,BCHUSD,365.1,367.67,329.31,331.19,3315.5944431700023
2022-04-07T00:00:00Z,BCHUSD,331.2,340.01,326.68,336.58,1398.264113659998
2022-04-08T00:00:00Z,BCHUSD,335.94,338.62,321.07,323.16,1410.3122822099995
2022-04-09T00:00:00Z,BCHUSD,323.36,327.26,321.88,325.78,596.4274830500002
2022-04-10T00:00:00Z,BCHUSD,326.04,332.17,318.6,318.6,1429.7628400500007
2022-04-11T00:00:00Z,BCHUSD,319.81,320.55,291.05,294.79,2972.569951839999
2022-04-12T00:00:00Z,BCHUSD,295.69,307.25,293.68,304.68,1333.8113299199995
2022-04-13T00:00:00Z,BCHUSD,305.12,349.0,301.65,341.28,6979.093652659998
2022-04-14T00:00:00Z,BCHUSD,341.41,353.57,332.79,337.59,3830.2427019600063
2022-04-15T00:00:00Z,BCHUSD,337.94,344.63,333.25,340.75,1855.2767411700002
2022-04-16T00:00:00Z,BCHUSD,340.98,348.04,339.34,343.49,609.1412626700001
2022-04-17T00:00:00Z,BCHUSD,342.72,348.64,327.44,328.42,783.3426096699994
2022-04-18T00:00:00Z,BCHUSD,328.37,341.5,313.2,339.75,4038.450756460002
2022-04-19T00:00:00Z,BCHUSD,340.47,343.21,332.91,340.48,2756.593807849996
2022-04-20T00:00:00Z,BCHUSD,340.43,344.4,329.35,330.65,1893.3814339999985
2022-04-21T00:00:00Z,BCHUSD,330.59,345.5,311.44,315.74,2447.4406836699977
2022-04-22T00:00:00Z,BCHUSD,315.87,334.74,314.64,321.03,2432.9771513399924
2022-04-23T00:00:00Z,BCHUSD,321.4,323.93,311.87,312.86,419.14264154999984
2022-04-24T00:00:00Z,BCHUSD,312.52,314.86,307.5,307.58,853.4353458100002
2022-04-25T00:00:00Z,BCHUSD,307.97,315.42,300.06,315.07,1453.8275693900014
2022-04-26T00:00:00Z,BCHUSD,314.72,321.62,291.9,296.23,1361.6528311199972
2022-04-27T00:00:00Z,BCHUSD,296.15,309.44,294.2,306.28,1181.2401700400014
2022-04-28T00:00:00Z,BCHUSD,307.23,312.34,303.5,306.56,846.2486545300001
2022-04-29T00:00:00Z,BCHUSD,306.59,308.66,291.4,294.23,1076.09619414
2022-04-30T00:00:00Z,BCHUSD,294.13,298.05,267.81,278.0,3639.4489548999964
2022-05-01T00:00:00Z,BCHUSD,278.03,287.4,273.02,284.43,3721.23077690003
2022-05-02T00:00:00Z,BCHUSD,284.34,289.79,280.06,284.93,1036.4631780900006
2022-05-03T00:00:00Z,BCHUSD,284.6,289.32,276.42,279.24,1074.7585780099992
2022-05-04T00:00:00Z,BCHUSD,279.45,299.8,278.9,299.5,1123.9893374399992
2022-05-05T00:00:00Z,BCHUSD,300.26,302.4,272.45,277.12,3535.7620885999977
2022-05-06T00:00:00Z,BCHUSD,276.6,277.72,265.94,274.75,1332.1551582100003
2022-05-07T00:00:00Z,BCHUSD,275.34,277.25,263.71,268.53,727.5316160899997
2022-05-08T00:00:00Z,BCHUSD,268.05,269.59,260.01,261.72,3259.4614822299964
2022-05-09T00:00:00Z,BCHUSD,262.1,266.0,215.17,217.34,17338.209977109982
2022-05-10T00:00:00Z,BCHUSD,217.97,243.97,211.0,231.5,5626.267190560003
2022-05-11T00:00:00Z,BCHUSD,231.08,249.58,183.31,193.69,30452.181180989715
2022-05-12T00:00:00Z,BCHUSD,193.78,225.6,150.32,193.1,28939.314909609755
2022-05-13T00:00:00Z,BCHUSD,193.64,221.08,191.29,201.82,7557.742821249953
2022-05-14T00:00:00Z,BCHUSD,202.39,236.08,186.15,208.45,9790.547163289948
2022-05-15T00:00:00Z,BCHUSD,208.69,215.6,202.72,214.58,6220.579436630028
2022-05-16T00:00:00Z,BCHUSD,213.3,213.3,195.63,197.32,4231.762175920016
2022-05-17T00:00:00Z,BCHUSD,197.51,215.6,194.69,207.11,5382.995365479997
2022-05-18T00:00:00Z,BCHUSD,206.79,208.76,186.01,186.7,3220.9071851300014
2022-05-19T00:00:00Z,BCHUSD,187.62,198.53,180.69,196.31,2784.383810380002
2022-05-20T00:00:00Z,BCHUSD,196.5,200.24,186.13,190.12,3009.1612947600047
2022-05-21T00:00:00Z,BCHUSD,189.72,195.31,186.11,192.26,2563.5305457899976
2022-05-22T00:00:00Z,BCHUSD,192.09,201.71,190.31,198.1,1618.0356757999996
2022-05-23T00:00:00Z,BCHUSD,197.67,207.52,189.01,191.83,2787.9343164000074
2022-05-24T00:00:00Z,BCHUSD,191.66,197.2,183.23,195.35,3126.35184912
2022-05-25T00:00:00Z,BCHUSD,195.34,200.98,189.01,190.19,5550.887418179997
2022-05-26T00:00:00Z,BCHUSD,190.09,192.46,172.63,179.8,7015.6487654699995
2022-05-27T00:00:00Z,BCHUSD,179.29,184.4,171.72,174.72,5577.069242940012
2022-05-28T00:00:00Z,BCHUSD,174.31,179.93,172.87,178.79,2111.7227843699975
2022-05-29T00:00:00Z,BCHUSD,178.54,185.68,175.51,185.04,6807.131594109933
2022-05-30T00:00:00Z,BCHUSD,185.18,199.29,184.69,196.94,2392.6158927099846
2022-05-31T00:00:00Z,BCHUSD,196.94,206.9,192.04,204.47,4780.397262260007
2022-06-01T00:00:00Z,BCHUSD,204.75,210.6,184.4,185.89,3995.415228010008
2022-06-02T00:00:00Z,BCHUSD,185.88,189.72,182.72,188.82,1093.83142923
2022-06-03T00:00:00Z,BCHUSD,188.82,191.35,180.33,182.91,2472.25525282
2022-06-04T00:00:00Z,BCHUSD,182.96,189.47,180.02,188.2,718.2831902700002
2022-06-05T00:00:00Z,BCHUSD,189.2,189.9,178.1,179.68,3127.104419780003
2022-06-06T00:00:00Z,BCHUSD,179.81,188.86,179.25,185.86,3312.207443770002
2022-06-07T00:00:00Z,BCHUSD,185.65,187.75,173.33,182.01,4201.306582000006
2022-06-08T00:00:00Z,BCHUSD,181.92,182.76,174.71,176.55,3567.4967157500023
2022-06-09T00:00:00Z,BCHUSD,176.21,180.48,172.5,175.52,959.4898983299989
2022-06-10T00:00:00Z,BCHUSD,175.48,177.18,165.94,167.73,5734.074416820006
2022-06-11T00:00:00Z,BCHUSD,167.56,169.43,155.0,156.62,2318.763483709999
2022-06-12T00:00:00Z,BCHUSD,156.6,157.83,145.53,145.98,3406.6922511700027
2022-06-13T00:00:00Z,BCHUSD,146.46,148.85,124.2,126.77,11060.523740819966
2022-06-14T00:00:00Z,BCHUSD,126.06,134.27,117.87,126.14,18708.43567192004
2022-06-15T00:00:00Z,BCHUSD,125.76,131.13,110.19,127.64,10681.344385050013
2022-06-16T00:00:00Z,BCHUSD,127.77,130.41,107.35,109.24,8621.237084159991
2022-06-17T00:00:00Z,BCHUSD,109.15,121.8,106.72,121.2,7105.7100311700115
2022-06-18T00:00:00Z,BCHUSD,121.25,125.01,109.24,115.68,14039.69931273002
2022-06-19T00:00:00Z,BCHUSD,115.4,123.5,111.26,120.26,8596.785170820005
2022-06-20T00:00:00Z,BCHUSD,120.37,124.38,115.95,118.64,18442.38764434008
2022-06-21T00:00:00Z,BCHUSD,118.69,122.86,113.9,119.19,9091.305029139981
2022-06-22T00:00:00Z,BCHUSD,119.08,119.08,112.56,112.68,5375.016949350003
2022-06-23T00:00:00Z,BCHUSD,112.6,118.11,111.69,116.16,2045.1943115200004
2022-06-24T00:00:00Z,BCHUSD,116.2,120.99,113.92,113.92,5857.464327249995
2022-06-25T00:00:00Z,BCHUSD,114.18,116.09,111.04,115.59,2654.403887159999
2022-06-26T00:00:00Z,BCHUSD,115.05,119.02,112.44,112.65,3098.332317319993
2022-06-27T00:00:00Z,BCHUSD,113.01,117.0,110.27,111.3,1929.781979120001
2022-06-28T00:00:00Z,BCHUSD,111.93,112.65,102.0,102.99,20075.003021460012
2022-06-29T00:00:00Z,BCHUSD,102.88,107.53,101.11,104.37,4879.968045859989
2022-06-30T00:00:00Z,BCHUSD,104.4,104.75,97.32,103.14,4531.716746750006
2022-07-01T00:00:00Z,BCHUSD,102.66,106.21,98.5,101.06,2686.336945089998
2022-07-02T00:00:00Z,BCHUSD,100.83,107.0,100.61,106.44,1159.4782676300006
2022-07-03T00:00:00Z,BCHUSD,106.97,107.98,101.94,105.69,2100.0937604599962
2022-07-04T00:00:00Z,BCHUSD,105.05,108.3,102.48,108.13,2799.168059250001
2022-07-05T00:00:00Z,BCHUSD,108.4,108.45,101.77,104.01,5533.344796140002
2022-07-06T00:00:00Z,BCHUSD,103.82,106.86,102.78,106.08,1547.3307890600004
2022-07-07T00:00:00Z,BCHUSD,106.27,112.23,104.97,111.56,1595.32362077
2022-07-08T00:00:00Z,BCHUSD,112.25,113.31,106.88,108.57,2647.339119289998
2022-07-09T00:00:00Z,BCHUSD,109.47,112.99,108.63,111.47,2921.843025869998
2022-07-10T00:00:00Z,BCHUSD,111.39,111.39,105.58,106.77,2382.8593426899997
2022-07-11T00:00:00Z,BCHUSD,106.47,107.08,98.7,99.1,2782.6109389200005
2022-07-12T00:00:00Z,BCHUSD,98.7,100.78,96.96,96.99,2184.4409390500014
2022-07-13T00:00:00Z,BCHUSD,96.89,102.49,95.25,102.49,2894.048782130005
2022-07-14T00:00:00Z,BCHUSD,102.72,104.13,99.18,102.93,1922.8076696200012
2022-07-15T00:00:00Z,BCHUSD,103.14,106.98,101.73,106.08,2717.7190812199997
2022-07-16T00:00:00Z,BCHUSD,106.08,110.53,103.89,109.49,1765.043101130001
2022-07-17T00:00:00Z,BCHUSD,109.7,116.07,107.94,110.22,3096.994209519998
2022-07-18T00:00:00Z,BCHUSD,110.22,121.92,110.22,121.62,3129.6193655900047
2022-07-19T00:00:00Z,BCHUSD,121.44,129.39,115.94,128.31,4643.533943810001
2022-07-20T00:00:00Z,BCHUSD,128.42,131.26,120.02,121.63,4601.2675824399985
2022-07-21T00:00:00Z,BCHUSD,122.1,124.13,117.78,122.72,4758.329416609991
2022-07-22T00:00:00Z,BCHUSD,122.72,129.33,119.96,123.3,3800.445318960003
2022-07-23T00:00:00Z,BCHUSD,123.5,126.75,118.16,122.65,1394.0282623499993
2022-07-24T00:00:00Z,BCHUSD,123.03,135.1,123.03,131.94,2640.584310340005
2022-07-25T00:00:00Z,BCHUSD,132.68,132.68,117.76,118.2,25519.080020369554
2022-07-26T00:00:00Z,BCHUSD,117.81,119.16,113.82,119.16,3706.1768929000577
2022-07-27T00:00:00Z,BCHUSD,119.25,127.41,116.55,127.41,5777.106631580015
2022-07-28T00:00:00Z,BCHUSD,127.43,159.37,127.43,156.12,9521.84794918005
2022-07-29T00:00:00Z,BCHUSD,155.86,164.8,147.62,151.75,7832.084436630066
2022-07-30T00:00:00Z,BCHUSD,152.4,154.55,142.83,145.26,17295.985860580004
2022-07-31T00:00:00Z,BCHUSD,145.33,150.21,138.72,139.7,3456.873025480008
2022-08-01T00:00:00Z,BCHUSD,138.81,142.15,134.08,138.0,2766.543590010003
2022-08-02T00:00:00Z,BCHUSD,137.52,139.07,128.9,133.85,6606.957716420082
2022-08-03T00:00:00Z,BCHUSD,133.68,142.83,130.38,133.84,7305.257124820059
2022-08-04T00:00:00Z,BCHUSD,133.91,138.58,132.32,134.55,7637.962029170028
2022-08-05T00:00:00Z,BCHUSD,134.39,142.03,134.3,142.03,5457.614245050056
2022-08-06T00:00:00Z,BCHUSD,142.03,143.35,139.3,141.43,3413.5175459100146
2022-08-07T00:00:00Z,BCHUSD,140.87,143.91,138.12,141.31,3485.644586850021
2022-08-08T00:00:00Z,BCHUSD,141.13,147.98,140.46,143.64,4471.751925750038
2022-08-09T00:00:00Z,BCHUSD,143.65,144.35,133.31,134.76,3321.5959076000377
2022-08-10T00:00:00Z,BCHUSD,134.33,145.03,131.53,142.24,7680.65938883006
2022-08-11T00:00:00Z,BCHUSD,142.08,148.6,141.83,142.97,7159.8586211200445
2022-08-12T00:00:00Z,BCHUSD,143.08,143.37,138.62,143.02,4875.320069750031
2022-08-13T00:00:00Z,BCHUSD,143.05,147.12,142.95,144.35,3566.105698490024
2022-08-14T00:00:00Z,BCHUSD,144.25,147.68,138.3,139.59,3187.6285967800136
2022-08-15T00:00:00Z,BCHUSD,138.88,143.41,133.84,137.64,6843.0384074600515
2022-08-16T00:00:00Z,BCHUSD,137.26,138.46,134.66,136.69,2934.1092204500305
2022-08-17T00:00:00Z,BCHUSD,136.41,144.75,132.5,133.74,6252.047243730034
2022-08-18T00:00:00Z,BCHUSD,133.67,136.3,127.38,129.02,3161.686116630016
2022-08-19T00:00:00Z,BCHUSD,129.14,129.14,113.47,114.66,9047.361413540033
2022-08-20T00:00:00Z,BCHUSD,114.66,118.22,111.41,114.79,1776.1341188599943
2022-08-21T00:00:00Z,BCHUSD,114.74,120.61,114.36,119.59,1198.9298612199977
2022-08-22T00:00:00Z,BCHUSD,119.68,123.31,113.52,122.85,4009.4456442700366
2022-08-23T00:00:00Z,BCHUSD,122.68,135.72,120.13,133.54,2806.994796440027
2022-08-24T00:00:00Z,BCHUSD,133.72,138.96,130.7,130.7,1814.6205101399987
2022-08-25T00:00:00Z,BCHUSD,130.45,132.74,128.41,130.72,1273.0013387999977
2022-08-26T00:00:00Z,BCHUSD,130.58,130.58,114.99,116.08,8395.522520610039
2022-08-27T00:00:00Z,BCHUSD,116.1,118.43,113.28,115.63,2105.503530510006
2022-08-28T00:00:00Z,BCHUSD,115.22,121.17,111.85,112.24,2301.929201560001
2022-08-29T00:00:00Z,BCHUSD,112.62,119.89,110.89,119.89,2613.9167156000312
2022-08-30T00:00:00Z,BCHUSD,119.22,120.63,111.94,114.75,1241.349838249998
2022-08-31T00:00:00Z,BCHUSD,114.85,117.97,114.71,115.19,2703.7902999700327
2022-09-01T00:00:00Z,BCHUSD,115.22,117.2,113.09,116.79,1571.3990616299975
2022-09-02T00:00:00Z,BCHUSD,116.81,120.29,114.88,116.51,2448.936203170022
2022-09-03T00:00:00Z,BCHUSD,116.02,119.3,115.96,117.77,2471.3983526200027
2022-09-04T00:00:00Z,BCHUSD,117.83,118.35,115.97,118.35,734.950626389999
2022-09-05T00:00:00Z,BCHUSD,118.44,126.25,117.26,126.12,6320.377050680044
2022-09-06T00:00:00Z,BCHUSD,125.61,127.92,111.84,112.2,2162.3200051100043
2022-09-07T00:00:00Z,BCHUSD,112.22,119.51,110.36,118.78,2048.1841905999977
2022-09-08T00:00:00Z,BCHUSD,118.7,130.0,116.14,126.64,3140.107146730011
2022-09-09T00:00:00Z,BCHUSD,126.61,138.64,126.27,133.07,7241.496455040073
2022-09-10T00:00:00Z,BCHUSD,133.11,135.04,130.59,133.89,1015.2620285699982
2022-09-11T00:00:00Z,BCHUSD,132.8,133.7,127.56,130.45,1741.1361362199984
2022-09-12T00:00:00Z,BCHUSD,130.19,132.81,126.5,128.94,3087.4177157700283
2022-09-13T00:00:00Z,BCHUSD,128.85,133.72,116.1,117.6,5119.473723490034
2022-09-14T00:00:00Z,BCHUSD,116.95,120.84,116.17,120.5,2247.036072280001
2022-09-15T00:00:00Z,BCHUSD,120.08,122.95,116.21,117.61,8975.610120700085
2022-09-16T00:00:00Z,BCHUSD,117.64,120.81,116.2,119.65,3405.42841995005
2022-09-17T00:00:00Z,BCHUSD,119.71,123.28,119.47,122.34,690.4764405099985
2022-09-18T00:00:00Z,BCHUSD,121.49,121.83,110.72,111.92,1113.875586129999
2022-09-19T00:00:00Z,BCHUSD,111.99,113.39,106.62,112.55,1815.8227606899982
2022-09-20T00:00:00Z,BCHUSD,112.21,117.82,111.08,113.06,8855.40759940005
2022-09-21T00:00:00Z,BCHUSD,112.87,119.26,106.78,109.27,3689.0213649500292
2022-09-22T00:00:00Z,BCHUSD,108.98,117.23,108.62,116.65,1399.7425817199992
2022-09-23T00:00:00Z,BCHUSD,116.77,120.43,112.54,120.32,1994.7083559799967
2022-09-24T00:00:00Z,BCHUSD,120.2,122.14,117.48,117.64,846.4601686099974
2022-09-25T00:00:00Z,BCHUSD,117.58,118.53,112.3,113.5,771.6763534099985
2022-09-26T00:00:00Z,BCHUSD,113.22,117.56,112.51,115.9,3576.1653739000203
2022-09-27T00:00:00Z,BCHUSD,116.13,120.49,112.75,114.47,1163.104913249996
2022-09-28T00:00:00Z,BCHUSD,114.42,115.92,110.33,115.02,1798.6506611099978
2022-09-29T00:00:00Z,BCHUSD,114.31,118.0,113.64,116.9,1055.9069983799975
2022-09-30T00:00:00Z,BCHUSD,116.9,124.93,115.56,120.2,7621.8112643000395
2022-10-01T00:00:00Z,BCHUSD,120.11,120.92,115.95,117.34,2144.4945199699996
2022-10-02T00:00:00Z,BCHUSD,117.0,118.54,114.0,114.31,793.7207868199988
2022-10-03T00:00:00Z,BCHUSD,114.3,116.57,113.7,116.4,960.6204991399985
2022-10-04T00:00:00Z,BCHUSD,116.43,122.13,115.74,121.58,2603.572485580018
2022-10-05T00:00:00Z,BCHUSD,121.16,123.69,119.05,122.22,5987.731978960047
2022-10-06T00:00:00Z,BCHUSD,122.13,123.77,118.2,118.94,1529.2590872099975
2022-10-07T00:00:00Z,BCHUSD,118.42,120.22,115.56,116.87,1723.476801689998
2022-10-08T00:00:00Z,BCHUSD,116.87,118.75,115.65,117.05,320.2455162199991
2022-10-09T00:00:00Z,BCHUSD,117.07,118.4,116.47,117.34,963.0996875700012
2022-10-10T00:00:00Z,BCHUSD,117.03,117.99,110.77,111.87,1451.0426602299985
2022-10-11T00:00:00Z,BCHUSD,111.19,112.42,109.13,111.12,3754.439855390004
2022-10-12T00:00:00Z,BCHUSD,111.22,112.64,110.79,111.79,2234.9342282200023
2022-10-13T00:00:00Z,BCHUSD,111.89,112.96,101.92,108.84,6940.678729620091
2022-10-14T00:00:00Z,BCHUSD,108.78,111.69,106.66,107.62,984.2660574900002
2022-10-15T00:00:00Z,BCHUSD,107.59,109.55,106.92,108.39,1490.1206606499975
2022-10-16T00:00:00Z,BCHUSD,108.13,111.01,108.13,110.4,612.2872726899986
2022-10-17T00:00:00Z,BCHUSD,110.39,111.57,109.38,110.82,947.8932129599991
2022-10-18T00:00:00Z,BCHUSD,110.82,111.51,107.28,108.86,1382.955018409998
2022-10-19T00:00:00Z,BCHUSD,108.74,108.94,105.31,105.9,345.2689414499994
2022-10-20T00:00:00Z,BCHUSD,105.85,108.88,104.99,106.46,1405.9970365299991
2022-10-21T00:00:00Z,BCHUSD,106.21,107.4,102.92,107.04,1292.6808182299985
2022-10-22T00:00:00Z,BCHUSD,107.13,110.39,106.09,108.71,1756.767349960003
2022-10-23T00:00:00Z,BCHUSD,108.72,111.1,108.06,110.96,855.0255977099984
2022-10-24T00:00:00Z,BCHUSD,111.01,111.15,107.47,107.99,2150.1131973500005
2022-10-25T00:00:00Z,BCHUSD,107.86,114.16,107.86,112.91,1252.519215279998
2022-10-26T00:00:00Z,BCHUSD,112.89,116.4,112.16,115.0,1652.9401009499982
2022-10-27T00:00:00Z,BCHUSD,114.6,116.86,111.78,112.46,2546.960543750002
2022-10-28T00:00:00Z,BCHUSD,112.4,116.23,111.22,115.7,1186.2669549599977
2022-10-29T00:00:00Z,BCHUSD,115.82,120.69,115.49,118.64,970.7459706199969
2022-10-30T00:00:00Z,BCHUSD,118.62,120.3,114.66,116.41,898.1377268699983
2022-10-31T00:00:00Z,BCHUSD,116.37,117.82,113.65,115.13,906.0243882099976
2022-11-01T00:00:00Z,BCHUSD,115.07,116.61,114.22,115.1,2233.9939009000027
2022-11-02T00:00:00Z,BCHUSD,115.01,121.92,112.14,113.72,4367.229565270053
2022-11-03T00:00:00Z,BCHUSD,113.76,120.03,113.76,115.89,3385.94024605002
2022-11-04T00:00:00Z,BCHUSD,115.37,125.0,115.27,124.54,13640.617850240096
2022-11-05T00:00:00Z,BCHUSD,124.54,125.97,122.48,123.84,1794.5916756199972
2022-11-06T00:00:00Z,BCHUSD,123.72,124.35,116.25,116.33,9572.64464176
2022-11-07T00:00:00Z,BCHUSD,116.35,119.32,115.36,117.99,4809.709372440046
2022-11-08T00:00:00Z,BCHUSD,117.99,118.88,102.0,103.6,13544.670406950283
2022-11-09T00:00:00Z,BCHUSD,103.42,106.62,88.0,89.72,13232.25421202021
2022-11-10T00:00:00Z,BCHUSD,89.76,105.95,88.27,102.53,18941.365296999742
2022-11-11T00:00:00Z,BCHUSD,102.57,106.66,98.9,102.88,3679.109124690025
2022-11-12T00:00:00Z,BCHUSD,102.92,102.92,97.69,102.37,5076.795279180084
2022-11-13T00:00:00Z,BCHUSD,102.39,103.32,97.98,99.59,3522.531797829998
2022-11-14T00:00:00Z,BCHUSD,99.58,104.37,96.23,103.8,5182.922858349994
2022-11-15T00:00:00Z,BCHUSD,103.64,106.1,102.27,103.8,1300.0778166599978
2022-11-16T00:00:00Z,BCHUSD,103.9,109.63,102.49,104.55,4632.355629369995
2022-11-17T00:00:00Z,BCHUSD,104.37,105.13,101.3,103.85,3708.7611821699993
2022-11-18T00:00:00Z,BCHUSD,103.82,105.74,103.71,104.71,2008.8736088600008
2022-11-19T00:00:00Z,BCHUSD,104.5,106.05,104.0,104.74,1521.8286338499997
2022-11-20T00:00:00Z,BCHUSD,104.74,107.43,103.15,104.69,2413.8475389900004
2022-11-21T00:00:00Z,BCHUSD,104.69,107.0,100.54,103.28,7795.785802249999
2022-11-22T00:00:00Z,BCHUSD,103.08,109.15,103.08,109.05,10616.629227089992
2022-11-23T00:00:00Z,BCHUSD,109.14,119.35,108.59,114.83,8224.456302739984
2022-11-24T00:00:00Z,BCHUSD,114.49,118.59,113.18,115.78,6230.917303450003
2022-11-25T00:00:00Z,BCHUSD,115.61,116.32,113.16,113.92,3526.033265790002
2022-11-26T00:00:00Z,BCHUSD,113.7,115.53,111.46,112.5,1349.1438044000001
2022-11-27T00:00:00Z,BCHUSD,112.5,113.43,110.89,111.11,722.9754775699994
2022-11-28T00:00:00Z,BCHUSD,111.16,111.87,106.18,110.06,1372.9109422099996
2022-11-29T00:00:00Z,BCHUSD,110.01,113.11,109.39,111.04,2531.4473664400016
2022-11-30T00:00:00Z,BCHUSD,111.21,114.58,110.65,113.34,2497.6488677300026
2022-12-01T00:00:00Z,BCHUSD,113.6,113.7,109.87,110.21,6593.650942810012
2022-12-02T00:00:00Z,BCHUSD,110.53,112.48,108.51,112.08,4698.103496800005
2022-12-03T00:00:00Z,BCHUSD,112.0,112.45,109.59,109.61,1293.1319571100003
2022-12-04T00:00:00Z,BCHUSD,110.05,111.82,109.96,111.06,509.0313633199993
2022-12-05T00:00:00Z,BCHUSD,111.15,116.81,109.86,110.4,3412.3038230500015
2022-12-06T00:00:00Z,BCHUSD,110.48,112.26,110.44,112.18,596.7434327399999
2022-12-07T00:00:00Z,BCHUSD,112.23,112.72,107.63,109.18,1359.8975530600003
2022-12-08T00:00:00Z,BCHUSD,109.3,112.33,108.62,111.97,3249.734550999999
2022-12-09T00:00:00Z,BCHUSD,111.91,112.13,109.1,109.79,870.0116013899997
2022-12-10T00:00:00Z,BCHUSD,109.76,110.43,108.78,109.45,965.7226858500004
2022-12-11T00:00:00Z,BCHUSD,109.17,109.79,106.06,106.58,679.3988055799998
2022-12-12T00:00:00Z,BCHUSD,106.01,106.77,102.4,106.28,4061.0596819700004
2022-12-13T00:00:00Z,BCHUSD,106.24,111.42,103.84,110.17,2376.9844531499994
2022-12-14T00:00:00Z,BCHUSD,110.17,111.2,107.74,109.08,790.9508809000006
2022-12-15T00:00:00Z,BCHUSD,109.22,109.85,107.0,107.28,2916.9870646100007
2022-12-16T00:00:00Z,BCHUSD,107.21,107.86,98.98,100.23,3480.8334783400023
2022-12-17T00:00:00Z,BCHUSD,100.14,103.38,98.9,103.1,1266.821551089999
2022-12-18T00:00:00Z,BCHUSD,103.24,103.56,101.57,102.17,371.07143127000006
2022-12-19T00:00:00Z,BCHUSD,102.09,102.95,98.0,98.57,3000.8940928100033
2022-12-20T00:00:00Z,BCHUSD,98.53,102.43,98.42,101.76,932.7235560099995
2022-12-21T00:00:00Z,BCHUSD,101.77,102.1,99.91,100.34,552.6107940499999
2022-12-22T00:00:00Z,BCHUSD,100.4,101.49,99.62,101.46,339.13790976999985
2022-12-23T00:00:00Z,BCHUSD,101.5,102.77,101.31,101.84,655.77950864
2022-12-24T00:00:00Z,BCHUSD,101.93,102.71,101.66,101.79,413.7448990299997
2022-12-25T00:00:00Z,BCHUSD,101.66,101.98,99.81,101.4,822.9293235300004
2022-12-26T00:00:00Z,BCHUSD,101.39,103.34,100.95,103.34,496.12043941999997
2022-12-27T00:00:00Z,BCHUSD,103.53,103.72,101.16,101.64,441.81840912000007
2022-12-28T00:00:00Z,BCHUSD,101.62,102.48,98.73,99.06,4387.786538610005
2022-12-29T00:00:00Z,BCHUSD,99.15,100.29,97.38,98.5,1401.7086469399994
2022-12-30T00:00:00Z,BCHUSD,98.42,98.42,95.56,96.77,3530.9703865999986
2022-12-31T00:00:00Z,BCHUSD,96.6,98.29,96.57,96.88,1317.7264699900004
2023-01-01T00:00:00Z,BCHUSD,96.97,97.43,96.18,96.89,394.16308347
2023-01-02T00:00:00Z,BCHUSD,96.86,100.28,95.5,99.18,762.5209021799998
2023-01-03T00:00:00Z,BCHUSD,99.38,100.58,98.9,99.69,3460.5255551699947
2023-01-04T00:00:00Z,BCHUSD,99.6,102.67,99.6,101.56,1800.9729762499996
2023-01-05T00:00:00Z,BCHUSD,101.56,103.45,100.67,100.67,628.2478208599999
2023-01-06T00:00:00Z,BCHUSD,101.2,101.88,98.05,101.67,1483.1063842899987
2023-01-07T00:00:00Z,BCHUSD,101.56,102.08,101.42,101.49,549.9761649900003
2023-01-08T00:00:00Z,BCHUSD,101.49,103.81,100.98,103.81,477.0095358699999
2023-01-09T00:00:00Z,BCHUSD,103.81,107.67,103.81,107.2,4905.794633700005
2023-01-10T00:00:00Z,BCHUSD,107.24,109.0,105.84,107.36,2822.033810510001
2023-01-11T00:00:00Z,BCHUSD,107.42,109.99,105.51,109.85,1056.44584834
2023-01-12T00:00:00Z,BCHUSD,109.68,125.12,107.68,119.64,13800.397329629943
2023-01-13T00:00:00Z,BCHUSD,119.64,127.49,117.82,124.27,5028.03586076001
2023-01-14T00:00:00Z,BCHUSD,124.47,131.23,120.18,125.82,5232.128721180016
2023-01-15T00:00:00Z,BCHUSD,126.03,127.12,121.75,124.92,870.2155136199996
2023-01-16T00:00:00Z,BCHUSD,124.98,146.93,119.55,123.86,4441.872214940006
2023-01-17T00:00:00Z,BCHUSD,123.67,125.57,122.01,122.69,4572.315890230003
2023-01-18T00:00:00Z,BCHUSD,122.69,127.34,115.94,118.9,4252.594081039996
2023-01-19T00:00:00Z,BCHUSD,119.0,122.44,119.0,121.78,2998.9538812799965
2023-01-20T00:00:00Z,BCHUSD,121.69,128.1,120.47,128.1,1776.8311460099997
2023-01-21T00:00:00Z,BCHUSD,128.1,133.88,125.44,128.24,1851.8740362599988
2023-01-22T00:00:00Z,BCHUSD,127.93,132.37,127.35,128.9,1408.2787629700017
2023-01-23T00:00:00Z,BCHUSD,128.69,138.09,128.69,133.4,1426.4565217699987
2023-01-24T00:00:00Z,BCHUSD,132.99,136.96,125.89,128.26,1839.3125073400001
2023-01-25T00:00:00Z,BCHUSD,128.07,134.66,125.47,132.25,1798.7310999999986
2023-01-26T00:00:00Z,BCHUSD,132.13,134.87,129.83,133.89,2227.998569149999
2023-01-27T00:00:00Z,BCHUSD,134.1,136.25,131.96,134.97,2022.5324966399976
2023-01-28T00:00:00Z,BCHUSD,135.19,135.67,131.45,132.66,785.3940798700006
2023-01-29T00:00:00Z,BCHUSD,132.16,138.55,132.16,136.69,1097.0140074900012
2023-01-30T00:00:00Z,BCHUSD,136.32,136.43,127.6,131.21,4717.978003390008
2023-01-31T00:00:00Z,BCHUSD,131.26,136.23,130.9,133.38,1366.2368228299977
2023-02-01T00:00:00Z,BCHUSD,133.39,136.89,129.96,136.32,1384.4453173700022
2023-02-02T00:00:00Z,BCHUSD,136.24,143.31,136.08,136.72,3305.0314093000015
2023-02-03T00:00:00Z,BCHUSD,136.86,139.76,136.27,138.06,2779.009497600001
2023-02-04T00:00:00Z,BCHUSD,138.03,139.92,136.59,138.15,1377.8772443699995
2023-02-05T00:00:00Z,BCHUSD,137.67,138.23,132.89,134.47,967.0251832300005
2023-02-06T00:00:00Z,BCHUSD,134.46,135.01,130.39,131.67,1572.9600179000006
2023-02-07T00:00:00Z,BCHUSD,131.4,137.4,131.4,135.99,1065.6887920600007
2023-02-08T00:00:00Z,BCHUSD,136.11,136.67,129.77,131.66,2125.7661561499995
2023-02-09T00:00:00Z,BCHUSD,131.67,132.54,122.19,126.68,12178.885408729986
2023-02-10T00:00:00Z,BCHUSD,126.48,130.67,124.03,124.45,9866.209815169992
2023-02-11T00:00:00Z,BCHUSD,124.5,125.24,123.13,124.77,793.1084881200002
2023-02-12T00:00:00Z,BCHUSD,124.88,126.61,121.2,122.9,1710.19335208
2023-02-13T00:00:00Z,BCHUSD,122.73,124.64,119.86,123.96,2646.976092870003
2023-02-14T00:00:00Z,BCHUSD,123.94,127.12,122.95,126.76,1948.7581038799995
2023-02-15T00:00:00Z,BCHUSD,126.0,135.13,125.16,134.76,2443.9425911399994
2023-02-16T00:00:00Z,BCHUSD,134.63,135.77,127.71,127.94,1655.5216552600014
2023-02-17T00:00:00Z,BCHUSD,127.99,134.38,127.56,133.45,1093.2386788400001
2023-02-18T00:00:00Z,BCHUSD,133.99,138.65,133.42,136.13,1467.5712010400011
2023-02-19T00:00:00Z,BCHUSD,136.21,140.96,134.9,136.19,2918.7198029600054
2023-02-20T00:00:00Z,BCHUSD,136.46,148.83,133.39,145.61,7777.932753529985
2023-02-21T00:00:00Z,BCHUSD,145.12,153.96,142.78,145.26,8998.278140199986
2023-02-22T00:00:00Z,BCHUSD,145.23,147.74,137.1,141.7,3295.479414820012
2023-02-23T00:00:00Z,BCHUSD,141.96,143.79,137.53,138.83,1451.5038556700013
2023-02-24T00:00:00Z,BCHUSD,138.69,139.45,130.38,132.82,6881.7881298200155
2023-02-25T00:00:00Z,BCHUSD,132.81,135.6,129.58,133.14,1266.8253645199989
2023-02-26T00:00:00Z,BCHUSD,133.2,137.27,132.41,136.17,559.1135411000008
2023-02-27T00:00:00Z,BCHUSD,136.33,138.1,133.39,134.97,2998.6173721999958
2023-02-28T00:00:00Z,BCHUSD,135.27,135.27,130.76,131.87,3101.7328809100004
2023-03-01T00:00:00Z,BCHUSD,131.96,135.68,131.89,134.27,2039.0250122799996
2023-03-02T00:00:00Z,BCHUSD,134.42,134.52,129.92,131.77,1549.0769562999983
2023-03-03T00:00:00Z,BCHUSD,131.71,131.71,119.57,126.06,4301.458527090003
2023-03-04T00:00:00Z,BCHUSD,126.31,126.93,122.36,124.47,2199.7172318999974
2023-03-05T00:00:00Z,BCHUSD,124.18,126.32,123.29,124.04,1543.697479850001
2023-03-06T00:00:00Z,BCHUSD,123.68,124.81,122.36,124.24,1452.9175572599995
2023-03-07T00:00:00Z,BCHUSD,124.02,125.86,120.12,122.16,1499.2373270300002
2023-03-08T00:00:00Z,BCHUSD,122.36,122.58,114.66,116.6,1518.6303266800012
2023-03-09T00:00:00Z,BCHUSD,116.76,118.37,106.3,110.34,3379.1129896800035
2023-03-10T00:00:00Z,BCHUSD,109.47,112.34,105.34,112.34,4201.619811760004
2023-03-11T00:00:00Z,BCHUSD,111.91,116.32,108.22,114.39,5019.689805340004
2023-03-12T00:00:00Z,BCHUSD,114.47,121.64,112.9,120.94,2574.4260793700014
2023-03-13T00:00:00Z,BCHUSD,121.26,128.69,119.9,126.88,10465.185327170006
2023-03-14T00:00:00Z,BCHUSD,127.24,136.47,126.07,131.3,7093.175647339994
2023-03-15T00:00:00Z,BCHUSD,131.41,134.21,122.23,123.63,3124.0136745300097
2023-03-16T00:00:00Z,BCHUSD,123.61,127.04,122.7,126.4,2924.224059939998
2023-03-17T00:00:00Z,BCHUSD,125.94,135.82,125.1,135.52,3340.815994120001
2023-03-18T00:00:00Z,BCHUSD,135.48,138.07,130.76,131.26,1541.7688374599993
2023-03-19T00:00:00Z,BCHUSD,131.33,137.46,131.33,135.85,953.7375788000006
2023-03-20T00:00:00Z,BCHUSD,136.21,139.7,129.89,130.18,2163.69728351
2023-03-21T00:00:00Z,BCHUSD,130.54,134.74,126.17,134.38,1238.0631932399995
2023-03-22T00:00:00Z,BCHUSD,134.28,134.28,123.17,126.23,3240.7975623500015
2023-03-23T00:00:00Z,BCHUSD,126.23,131.13,124.78,128.84,1518.2444850299985
2023-03-24T00:00:00Z,BCHUSD,128.89,131.83,121.97,123.77,4426.102656880001
2023-03-25T00:00:00Z,BCHUSD,123.94,127.58,123.5,125.09,539.3878604600001
2023-03-26T00:00:00Z,BCHUSD,124.67,127.18,123.38,124.76,4427.699707989995
2023-03-27T00:00:00Z,BCHUSD,124.75,124.88,116.88,120.24,3106.370536179999
2023-03-28T00:00:00Z,BCHUSD,120.55,122.05,119.0,120.81,2152.0047643899993
2023-03-29T00:00:00Z,BCHUSD,120.95,124.76,120.51,123.27,1273.3114683199983
2023-03-30T00:00:00Z,BCHUSD,123.28,125.06,119.18,121.02,1562.5247769700006
2023-03-31T00:00:00Z,BCHUSD,120.84,124.39,120.43,123.91,4510.564163920005
2023-04-01T00:00:00Z,BCHUSD,124.51,127.75,123.41,126.11,994.2412097800009
2023-04-02T00:00:00Z,BCHUSD,126.41,126.41,121.37,123.03,817.1368698999996
2023-04-03T00:00:00Z,BCHUSD,123.19,129.59,119.71,127.72,3936.039791360002
2023-04-04T00:00:00Z,BCHUSD,128.34,128.34,125.88,127.02,2138.7137688099974
2023-04-05T00:00:00Z,BCHUSD,127.09,130.0,125.14,127.34,900.6669610499997
2023-04-06T00:00:00Z,BCHUSD,127.22,127.64,124.92,126.0,600.9704388400002
2023-04-07T00:00:00Z,BCHUSD,125.96,126.56,123.41,124.66,1064.1573446199998
2023-04-08T00:00:00Z,BCHUSD,124.2,125.21,123.0,123.79,335.40024260000007
2023-04-09T00:00:00Z,BCHUSD,123.75,126.48,123.43,125.6,455.12549021
2023-04-10T00:00:00Z,BCHUSD,125.6,128.67,124.22,127.88,2047.0591873900014
2023-04-11T00:00:00Z,BCHUSD,128.26,130.81,127.57,128.99,1666.3223659000002
2023-04-12T00:00:00Z,BCHUSD,129.26,129.88,125.88,128.87,1798.7616487000014
2023-04-13T00:00:00Z,BCHUSD,129.03,131.81,128.13,131.2,1185.7106261800004
2023-04-14T00:00:00Z,BCHUSD,131.22,134.37,129.19,132.45,2042.10623881
2023-04-15T00:00:00Z,BCHUSD,132.09,133.43,130.93,132.93,432.39310424000024
2023-04-16T00:00:00Z,BCHUSD,132.75,136.19,131.21,134.27,2498.839290290001
2023-04-17T00:00:00Z,BCHUSD,134.59,134.59,130.54,132.0,1151.1959380000005
2023-04-18T00:00:00Z,BCHUSD,131.87,134.18,130.75,133.59,2160.2627473
2023-04-19T00:00:00Z,BCHUSD,133.59,133.8,122.75,125.09,3272.9430967400035
2023-04-20T00:00:00Z,BCHUSD,124.75,126.94,121.68,123.17,1573.38959542
2023-04-21T00:00:00Z,BCHUSD,123.41,125.05,118.41,119.94,2714.8483421200026
2023-04-22T00:00:00Z,BCHUSD,119.74,122.77,119.31,122.33,1118.2980059700005
2023-04-23T00:00:00Z,BCHUSD,122.07,122.74,118.27,119.77,1239.7859989400006
2023-04-24T00:00:00Z,BCHUSD,119.65,121.5,118.72,119.22,2035.7999374399994
2023-04-25T00:00:00Z,BCHUSD,119.28,120.35,116.79,120.35,842.6354628199994
2023-04-26T00:00:00Z,BCHUSD,119.93,123.32,111.8,117.53,5003.551001310008
2023-04-27T00:00:00Z,BCHUSD,117.4,120.34,116.11,117.05,1851.2394103100014
2023-04-28T00:00:00Z,BCHUSD,116.62,120.17,115.68,118.17,1353.6601353599995
2023-04-29T00:00:00Z,BCHUSD,118.08,120.21,117.83,119.79,710.4039362199999
2023-04-30T00:00:00Z,BCHUSD,119.6,121.05,117.8,117.8,679.1645076399999
2023-05-01T00:00:00Z,BCHUSD,117.68,118.37,115.26,116.98,1019.4396974399993
2023-05-02T00:00:00Z,BCHUSD,117.05,119.61,116.4,119.24,1322.6784462799997
2023-05-03T00:00:00Z,BCHUSD,119.21,120.81,116.11,120.57,951.7197035100003
2023-05-04T00:00:00Z,BCHUSD,120.12,120.12,116.48,117.43,1216.04030452
2023-05-05T00:00:00Z,BCHUSD,117.35,120.98,116.89,120.09,1056.4209397399993
2023-05-06T00:00:00Z,BCHUSD,120.45,120.63,115.51,117.44,755.5178567800006
2023-05-07T00:00:00Z,BCHUSD,117.22,117.69,115.98,116.22,195.21060846000003
2023-05-08T00:00:00Z,BCHUSD,116.06,116.85,107.72,111.25,4020.9980398299995
2023-05-09T00:00:00Z,BCHUSD,111.21,124.2,110.43,122.12,7476.702696320013
2023-05-10T00:00:00Z,BCHUSD,121.84,123.9,111.84,115.85,7483.025150200008
2023-05-11T00:00:00Z,BCHUSD,115.11,115.11,110.29,113.39,5602.65476718
2023-05-12T00:00:00Z,BCHUSD,113.22,115.57,112.26,114.95,3703.227379699997
2023-05-13T00:00:00Z,BCHUSD,114.89,114.89,112.63,113.0,590.1488021200003
2023-05-14T00:00:00Z,BCHUSD,113.57,115.95,113.35,115.27,424.29321909
2023-05-15T00:00:00Z,BCHUSD,115.46,120.88,114.42,116.27,2008.1497972
2023-05-16T00:00:00Z,BCHUSD,116.2,117.57,114.12,117.0,869.0077625299991
2023-05-17T00:00:00Z,BCHUSD,116.61,118.77,115.41,118.05,1294.2289614800006
2023-05-18T00:00:00Z,BCHUSD,117.75,118.02,112.89,115.38,1674.286599509998
2023-05-19T00:00:00Z,BCHUSD,115.22,116.11,114.76,115.49,815.4696690199996
2023-05-20T00:00:00Z,BCHUSD,115.59,116.98,114.68,116.56,445.0536206900003
2023-05-21T00:00:00Z,BCHUSD,116.47,117.2,114.12,114.68,400.39614355999987
2023-05-22T00:00:00Z,BCHUSD,114.7,115.27,113.02,114.75,3159.2943912599967
2023-05-23T00:00:00Z,BCHUSD,114.74,117.28,114.74,115.64,2899.1624091099993
2023-05-24T00:00:00Z,BCHUSD,115.68,115.68,110.91,112.07,2523.9373422699996
2023-05-25T00:00:00Z,BCHUSD,112.05,112.38,109.47,111.98,1435.6849979399997
2023-05-26T00:00:00Z,BCHUSD,112.01,113.82,111.42,113.27,1680.8578288600004
2023-05-27T00:00:00Z,BCHUSD,113.16,114.15,112.49,113.98,454.03890791
2023-05-28T00:00:00Z,BCHUSD,114.1,116.9,113.8,116.62,907.7841126599996
2023-05-29T00:00:00Z,BCHUSD,116.55,117.33,114.71,114.97,1375.1566699899995
2023-05-30T00:00:00Z,BCHUSD,114.96,115.73,114.01,114.01,969.1180792400004
2023-05-31T00:00:00Z,BCHUSD,114.07,114.37,112.26,113.29,3002.4957445900004
2023-06-01T00:00:00Z,BCHUSD,113.2,113.5,111.72,113.42,2313.699199840003
2023-06-02T00:00:00Z,BCHUSD,113.5,115.36,112.88,114.82,3071.280313029999
2023-06-03T00:00:00Z,BCHUSD,114.84,115.28,114.33,114.96,1420.8242671800003
2023-06-04T00:00:00Z,BCHUSD,114.97,116.96,114.23,115.61,2475.246192469995
2023-06-05T00:00:00Z,BCHUSD,115.61,115.61,107.1,108.82,3352.302828100001
2023-06-06T00:00:00Z,BCHUSD,108.69,114.86,107.47,114.86,3995.557490789998
2023-06-07T00:00:00Z,BCHUSD,114.73,116.78,110.19,110.96,4615.49859384
2023-06-08T00:00:00Z,BCHUSD,111.16,112.42,110.45,111.8,1827.1672115300003
2023-06-09T00:00:00Z,BCHUSD,111.69,111.97,109.7,110.8,5293.375330500007
2023-06-10T00:00:00Z,BCHUSD,110.9,110.91,90.76,103.55,11648.75167669001
2023-06-11T00:00:00Z,BCHUSD,103.56,103.56,101.71,102.92,1956.6648985699985
2023-06-12T00:00:00Z,BCHUSD,102.95,104.29,100.59,102.75,2799.394503620001
2023-06-13T00:00:00Z,BCHUSD,102.78,106.77,102.2,105.37,3174.7939602199976
2023-06-14T00:00:00Z,BCHUSD,105.22,106.21,100.74,101.73,2932.7883109199997
2023-06-15T00:00:00Z,BCHUSD,101.78,105.03,101.68,104.74,6291.864073719999
2023-06-16T00:00:00Z,BCHUSD,104.5,109.18,102.7,108.04,3554.806440130003
2023-06-17T00:00:00Z,BCHUSD,107.8,108.79,106.28,106.68,737.4731090000004
2023-06-18T00:00:00Z,BCHUSD,106.52,108.75,105.63,106.98,3397.7948240800024
2023-06-19T00:00:00Z,BCHUSD,107.1,107.27,104.75,106.66,609.1917310200001
2023-06-20T00:00:00Z,BCHUSD,106.81,110.58,105.2,109.94,3394.5762164100056
2023-06-21T00:00:00Z,BCHUSD,109.95,140.0,109.77,136.07,25995.379428440065
2023-06-22T00:00:00Z,BCHUSD,136.11,149.26,128.78,133.71,14460.219533539963
2023-06-23T00:00:00Z,BCHUSD,133.56,193.17,133.56,181.58,37676.28436205996
2023-06-24T00:00:00Z,BCHUSD,182.74,220.25,179.23,212.63,35699.09469424985
2023-06-25T00:00:00Z,BCHUSD,212.81,219.67,186.12,194.43,24212.892527969845
2023-06-26T00:00:00Z,BCHUSD,194.46,237.4,187.55,223.26,23636.19327205985
2023-06-27T00:00:00Z,BCHUSD,223.54,238.6,216.62,229.84,14920.140539309938
2023-06-28T00:00:00Z,BCHUSD,229.12,244.88,220.4,225.18,9272.13260455002
2023-06-29T00:00:00Z,BCHUSD,225.17,255.54,223.8,253.34,15918.543344879987
2023-06-30T00:00:00Z,BCHUSD,253.42,333.0,252.38,304.29,51293.575979030036
2023-07-01T00:00:00Z,BCHUSD,304.27,310.65,278.0,291.07,13689.151960999969
2023-07-02T00:00:00Z,BCHUSD,291.29,308.47,268.41,299.09,15990.766986669913
2023-07-03T00:00:00Z,BCHUSD,299.09,302.18,280.14,292.32,10062.16308609995
2023-07-04T00:00:00Z,BCHUSD,292.17,293.0,271.34,272.33,6436.886877680006
2023-07-05T00:00:00Z,BCHUSD,272.34,278.3,247.98,271.42,13648.282817909954
2023-07-06T00:00:00Z,BCHUSD,271.18,302.99,268.26,275.55,17961.104458889957
2023-07-07T00:00:00Z,BCHUSD,275.57,288.93,272.56,278.7,11757.904819880203
2023-07-08T00:00:00Z,BCHUSD,277.94,282.64,262.2,272.4,7564.286411310017
2023-07-09T00:00:00Z,BCHUSD,272.24,279.06,262.31,265.98,5319.53895313001
2023-07-10T00:00:00Z,BCHUSD,265.78,287.04,258.46,274.64,9334.987404830003
2023-07-11T00:00:00Z,BCHUSD,274.8,277.19,270.51,273.79,4382.735573590011
2023-07-12T00:00:00Z,BCHUSD,274.04,294.27,273.07,282.56,8001.070623680027
2023-07-13T00:00:00Z,BCHUSD,282.39,291.94,269.11,274.65,10763.729338899977
2023-07-14T00:00:00Z,BCHUSD,274.0,278.96,251.11,264.18,10686.43270717996
2023-07-15T00:00:00Z,BCHUSD,263.68,263.76,246.1,253.64,5344.792007309994
2023-07-16T00:00:00Z,BCHUSD,253.41,261.31,247.83,249.93,3221.574506950002
2023-07-17T00:00:00Z,BCHUSD,250.02,254.29,235.9,242.65,5449.398537400011
2023-07-18T00:00:00Z,BCHUSD,242.44,247.82,231.98,244.31,4477.722400990016
2023-07-19T00:00:00Z,BCHUSD,243.93,251.78,241.21,244.39,5041.128020320006
2023-07-20T00:00:00Z,BCHUSD,244.04,255.22,240.52,243.89,6939.565014639998
2023-07-21T00:00:00Z,BCHUSD,243.54,248.24,241.59,246.07,2431.883953809998
2023-07-22T00:00:00Z,BCHUSD,246.14,247.77,237.75,239.32,2388.3090903100024
2023-07-23T00:00:00Z,BCHUSD,239.14,255.5,238.54,249.36,3712.6489604900135
2023-07-24T00:00:00Z,BCHUSD,249.3,253.51,235.97,238.44,6237.52912093002
2023-07-25T00:00:00Z,BCHUSD,238.39,239.4,232.32,237.21,4781.033785619994
2023-07-26T00:00:00Z,BCHUSD,237.21,244.62,234.23,241.96,2578.6685915599965
2023-07-27T00:00:00Z,BCHUSD,241.34,249.42,241.01,245.11,1503.4848159399967
2023-07-28T00:00:00Z,BCHUSD,245.04,245.3,241.09,241.09,1315.1091041500001
2023-07-29T00:00:00Z,BCHUSD,241.06,242.27,238.51,241.98,1158.1149338800012
2023-07-30T00:00:00Z,BCHUSD,241.98,255.52,241.26,252.84,5081.7634171799955
2023-07-31T00:00:00Z,BCHUSD,253.34,258.96,247.3,247.97,4038.000049840004
2023-08-01T00:00:00Z,BCHUSD,247.96,248.5,239.49,245.0,3837.365378810003
2023-08-02T00:00:00Z,BCHUSD,244.83,247.18,221.3,228.99,4720.30014441001
2023-08-03T00:00:00Z,BCHUSD,228.55,231.56,222.99,225.25,3319.8056129899983
2023-08-04T00:00:00Z,BCHUSD,225.18,229.4,220.87,227.21,2877.6092663500017
2023-08-05T00:00:00Z,BCHUSD,227.38,228.28,223.23,226.54,2123.9619903899966
2023-08-06T00:00:00Z,BCHUSD,226.35,228.04,221.34,222.48,1201.0535788099992
2023-08-07T00:00:00Z,BCHUSD,222.8,245.5,217.56,237.63,9929.843780730169
2023-08-08T00:00:00Z,BCHUSD,237.4,248.97,234.81,237.83,6449.682724820043
2023-08-09T00:00:00Z,BCHUSD,238.53,239.38,233.57,238.64,3003.298837569998
2023-08-10T00:00:00Z,BCHUSD,238.6,240.36,230.33,232.04,2317.762505440003
2023-08-11T00:00:00Z,BCHUSD,231.73,232.74,227.08,228.99,1716.344332669999
2023-08-12T00:00:00Z,BCHUSD,228.87,230.4,227.32,228.49,409.09656463000044
2023-08-13T00:00:00Z,BCHUSD,228.6,230.9,225.06,228.39,1378.4642425500015
2023-08-14T00:00:00Z,BCHUSD,228.47,230.75,225.74,229.86,1227.8452734599998
2023-08-15T00:00:00Z,BCHUSD,230.06,237.04,226.15,228.63,3477.3614619499995
2023-08-16T00:00:00Z,BCHUSD,228.74,230.85,201.04,207.91,5994.537280819999
2023-08-17T00:00:00Z,BCHUSD,207.94,210.99,160.9,184.44,18979.794660009822
2023-08-18T00:00:00Z,BCHUSD,184.17,191.43,178.64,187.19,7069.544571530036
2023-08-19T00:00:00Z,BCHUSD,187.45,191.77,184.1,187.17,1870.732941169998
2023-08-20T00:00:00Z,BCHUSD,187.01,190.59,186.74,188.7,1607.6292289299993
2023-08-21T00:00:00Z,BCHUSD,188.55,198.68,180.86,185.69,3473.2225798700015
2023-08-22T00:00:00Z,BCHUSD,185.59,188.09,176.78,184.79,2604.148213090001
2023-08-23T00:00:00Z,BCHUSD,184.87,196.5,184.87,193.66,2480.827138180001
2023-08-24T00:00:00Z,BCHUSD,193.74,195.0,188.82,194.4,933.8921811099993
2023-08-25T00:00:00Z,BCHUSD,194.0,194.26,188.49,191.87,1369.9641620599984
2023-08-26T00:00:00Z,BCHUSD,191.71,192.14,188.94,190.24,325.36286839000064
2023-08-27T00:00:00Z,BCHUSD,190.22,201.54,190.18,198.1,2086.558993030004
2023-08-28T00:00:00Z,BCHUSD,197.59,197.68,187.17,190.44,4635.308247440012
2023-08-29T00:00:00Z,BCHUSD,190.48,228.16,189.04,225.02,13515.654003519887
2023-08-30T00:00:00Z,BCHUSD,225.27,225.72,211.5,215.89,5348.777905479997
2023-08-31T00:00:00Z,BCHUSD,215.95,222.8,202.93,207.54,8962.239469300117
2023-09-01T00:00:00Z,BCHUSD,207.61,210.86,197.81,199.78,2932.2262711100266
2023-09-02T00:00:00Z,BCHUSD,199.38,201.62,191.06,194.98,1566.2266218399916
2023-09-03T00:00:00Z,BCHUSD,194.94,198.05,191.43,196.66,1456.1024494899966
2023-09-04T00:00:00Z,BCHUSD,196.26,199.1,189.71,193.53,2486.189177649993
2023-09-05T00:00:00Z,BCHUSD,193.74,194.95,189.33,192.05,1029.528125269999
2023-09-06T00:00:00Z,BCHUSD,191.97,195.78,189.45,193.07,839.3365089500002
2023-09-07T00:00:00Z,BCHUSD,192.97,194.28,190.07,193.43,700.4939520800009
2023-09-08T00:00:00Z,BCHUSD,192.84,197.0,190.74,193.2,1126.3784742999987
2023-09-09T00:00:00Z,BCHUSD,193.18,196.16,191.16,193.12,957.4956691099986
2023-09-10T00:00:00Z,BCHUSD,193.08,193.11,183.7,190.25,2638.6195292200136
2023-09-11T00:00:00Z,BCHUSD,190.3,191.5,180.67,183.91,1827.3088553999985
2023-09-12T00:00:00Z,BCHUSD,184.24,210.61,184.24,198.58,7695.047412979953
2023-09-13T00:00:00Z,BCHUSD,198.12,204.36,195.9,199.78,4255.40476733
2023-09-14T00:00:00Z,BCHUSD,199.82,210.39,198.77,208.1,3122.3538635499986
2023-09-15T00:00:00Z,BCHUSD,207.89,225.7,206.45,217.18,6909.106423379937
2023-09-16T00:00:00Z,BCHUSD,216.83,223.38,213.13,214.76,2401.2667716900055
2023-09-17T00:00:00Z,BCHUSD,214.67,214.67,205.42,210.3,2199.328712130001
2023-09-18T00:00:00Z,BCHUSD,210.24,225.5,207.44,217.47,4124.817409220002
2023-09-19T00:00:00Z,BCHUSD,217.63,222.27,214.44,218.8,3041.8884650699924
2023-09-20T00:00:00Z,BCHUSD,218.77,221.11,211.48,215.51,4533.155218379999
2023-09-21T00:00:00Z,BCHUSD,215.08,215.59,205.84,208.64,5034.783045279987
2023-09-22T00:00:00Z,BCHUSD,208.57,209.95,204.46,207.86,3096.378008670002
2023-09-23T00:00:00Z,BCHUSD,208.08,209.55,206.78,208.1,2239.6960794499983
2023-09-24T00:00:00Z,BCHUSD,208.14,209.77,203.0,204.78,816.6841543099996
2023-09-25T00:00:00Z,BCHUSD,204.6,213.4,202.3,210.23,2873.9023387599955
2023-09-26T00:00:00Z,BCHUSD,210.36,215.57,209.56,214.53,2907.894182420005
2023-09-27T00:00:00Z,BCHUSD,214.96,236.67,213.38,228.87,11453.038282519965
2023-09-28T00:00:00Z,BCHUSD,228.51,245.15,228.17,238.84,10018.302331540039
2023-09-29T00:00:00Z,BCHUSD,238.7,241.12,229.3,235.19,6765.0889313999805
2023-09-30T00:00:00Z,BCHUSD,234.95,239.3,232.22,234.0,1749.9185059900005
2023-10-01T00:00:00Z,BCHUSD,233.92,245.4,233.03,242.33,5087.774092410008
2023-10-02T00:00:00Z,BCHUSD,242.35,255.6,240.55,246.57,7276.758621030012
2023-10-03T00:00:00Z,BCHUSD,246.94,251.27,228.1,230.49,5771.3543437700155
2023-10-04T00:00:00Z,BCHUSD,230.2,234.01,223.81,233.27,3430.5200165699985
2023-10-05T00:00:00Z,BCHUSD,233.08,234.72,225.7,230.96,2318.1258082599993
2023-10-06T00:00:00Z,BCHUSD,231.24,233.93,226.1,230.92,2372.8564497500015
2023-10-07T00:00:00Z,BCHUSD,230.82,236.32,228.58,229.99,2561.5523794799947
2023-10-08T00:00:00Z,BCHUSD,230.28,233.15,226.82,228.19,1291.631929439996
2023-10-09T00:00:00Z,BCHUSD,228.07,229.07,210.67,218.44,3695.405866049994
2023-10-10T00:00:00Z,BCHUSD,218.45,220.27,210.4,212.36,1964.9304515699985
2023-10-11T00:00:00Z,BCHUSD,212.15,216.85,206.59,213.97,3101.3385896800005
2023-10-12T00:00:00Z,BCHUSD,213.74,217.39,207.4,214.11,3302.338385219988
2023-10-13T00:00:00Z,BCHUSD,213.97,218.81,211.95,217.34,3241.1952280100027
2023-10-14T00:00:00Z,BCHUSD,217.33,218.19,214.39,214.58,1191.9855538999996
2023-10-15T00:00:00Z,BCHUSD,214.5,216.55,213.07,215.23,788.28308265
2023-10-16T00:00:00Z,BCHUSD,215.2,249.69,214.98,230.83,12255.241859879998
2023-10-17T00:00:00Z,BCHUSD,230.81,232.38,223.6,226.49,2829.6286263299967
2023-10-18T00:00:00Z,BCHUSD,226.49,232.74,224.91,226.78,2237.958189380001
2023-10-19T00:00:00Z,BCHUSD,226.7,235.0,225.05,227.33,1703.5004088299995
2023-10-20T00:00:00Z,BCHUSD,227.37,249.73,226.49,240.68,7769.32003991009
2023-10-21T00:00:00Z,BCHUSD,240.7,246.31,238.1,243.91,5271.021752890016
2023-10-22T00:00:00Z,BCHUSD,243.98,254.76,237.33,243.28,5300.309879450008
2023-10-23T00:00:00Z,BCHUSD,243.22,264.59,240.6,261.94,8507.434646320036
2023-10-24T00:00:00Z,BCHUSD,261.94,269.8,245.97,251.8,6458.71493842999
2023-10-25T00:00:00Z,BCHUSD,251.14,259.92,248.43,254.24,3553.0581031400015
2023-10-26T00:00:00Z,BCHUSD,254.35,256.49,240.79,247.27,4615.306678250019
2023-10-27T00:00:00Z,BCHUSD,247.3,247.4,233.11,239.34,8632.971801450038
2023-10-28T00:00:00Z,BCHUSD,239.73,247.68,239.73,244.86,1919.858286469996
2023-10-29T00:00:00Z,BCHUSD,244.39,249.53,242.31,246.03,1827.3915787499986
2023-10-30T00:00:00Z,BCHUSD,246.25,250.98,241.41,246.07,3635.645265650002
2023-10-31T00:00:00Z,BCHUSD,246.31,248.83,235.93,245.06,1746.1849414299966
2023-11-01T00:00:00Z,BCHUSD,245.0,247.29,236.9,245.11,2858.766938689999
2023-11-02T00:00:00Z,BCHUSD,245.4,249.07,230.8,235.51,4794.334663729997
2023-11-03T00:00:00Z,BCHUSD,235.12,240.75,231.7,237.61,2166.393259379999
2023-11-04T00:00:00Z,BCHUSD,236.99,240.48,236.0,240.47,2601.343041370003
2023-11-05T00:00:00Z,BCHUSD,240.55,243.05,234.11,237.82,3035.4122787099977
2023-11-06T00:00:00Z,BCHUSD,237.83,244.73,235.73,242.76,7545.662654899998
2023-11-07T00:00:00Z,BCHUSD,242.75,251.75,237.51,243.99,9482.969668870051
2023-11-08T00:00:00Z,BCHUSD,243.86,247.34,241.73,245.51,1929.630303500004
2023-11-09T00:00:00Z,BCHUSD,245.42,257.7,226.0,239.89,11545.704820330131
2023-11-10T00:00:00Z,BCHUSD,240.06,242.47,233.73,239.79,2935.6715873199905
2023-11-11T00:00:00Z,BCHUSD,239.79,241.72,232.74,236.65,2560.7444724699862
2023-11-12T00:00:00Z,BCHUSD,236.73,239.58,230.69,236.29,1398.2672590299946
2023-11-13T00:00:00Z,BCHUSD,236.59,240.17,232.09,234.08,6548.641920070046
2023-11-14T00:00:00Z,BCHUSD,234.07,238.85,220.11,231.86,3032.74559388999
2023-11-15T00:00:00Z,BCHUSD,231.97,238.06,230.36,237.96,3233.5536192500035
2023-11-16T00:00:00Z,BCHUSD,238.06,244.7,230.98,233.78,4098.22008194
2023-11-17T00:00:00Z,BCHUSD,233.86,234.99,221.66,229.74,2496.940137949986
2023-11-18T00:00:00Z,BCHUSD,229.3,229.44,221.1,227.46,1156.4696938999991
2023-11-19T00:00:00Z,BCHUSD,227.16,230.89,224.49,230.23,9515.262643779999
2023-11-20T00:00:00Z,BCHUSD,229.86,230.59,224.92,226.42,1036.56130454
2023-11-21T00:00:00Z,BCHUSD,226.17,235.9,213.0,216.77,6546.579483820013
2023-11-22T00:00:00Z,BCHUSD,216.14,224.72,216.06,224.1,3090.420288840009
2023-11-23T00:00:00Z,BCHUSD,224.17,227.55,222.05,225.36,1148.0994908700015
2023-11-24T00:00:00Z,BCHUSD,225.42,230.29,224.54,226.59,1447.4954268399968
2023-11-25T00:00:00Z,BCHUSD,226.55,228.2,225.99,227.55,793.1876818900022
2023-11-26T00:00:00Z,BCHUSD,227.67,229.75,222.0,226.92,997.3915749500034
2023-11-27T00:00:00Z,BCHUSD,226.92,229.38,219.36,223.4,3578.3790465599914
2023-11-28T00:00:00Z,BCHUSD,223.23,224.69,219.73,223.26,10615.413675089923
2023-11-29T00:00:00Z,BCHUSD,223.46,226.87,221.23,223.28,1151.87951021
2023-11-30T00:00:00Z,BCHUSD,223.29,223.46,220.38,221.64,862.7206306799999
2023-12-01T00:00:00Z,BCHUSD,221.56,226.35,220.88,225.19,867.120856550001
2023-12-02T00:00:00Z,BCHUSD,225.24,228.58,224.92,228.2,1393.7972989400034
2023-12-03T00:00:00Z,BCHUSD,228.28,233.1,224.1,230.04,1180.9586702400013
2023-12-04T00:00:00Z,BCHUSD,230.21,256.05,229.14,252.25,15122.100016969858
2023-12-05T00:00:00Z,BCHUSD,252.4,252.81,238.62,250.91,4378.208843540009
2023-12-06T00:00:00Z,BCHUSD,251.48,264.96,243.05,244.57,13196.893960990052
2023-12-07T00:00:00Z,BCHUSD,244.69,248.99,239.52,247.08,1861.6864368099896
2023-12-08T00:00:00Z,BCHUSD,247.05,254.46,245.77,253.63,2302.0077531799934
2023-12-09T00:00:00Z,BCHUSD,253.98,262.8,250.4,252.75,3599.5312184399622
2023-12-10T00:00:00Z,BCHUSD,252.88,255.14,244.61,251.0,1887.0713143500022
2023-12-11T00:00:00Z,BCHUSD,251.04,251.41,213.16,230.27,4642.251799150004
2023-12-12T00:00:00Z,BCHUSD,230.47,234.8,227.0,232.14,1224.5570815599997
2023-12-13T00:00:00Z,BCHUSD,231.95,237.17,223.11,235.35,3373.914136769999
2023-12-14T00:00:00Z,BCHUSD,235.45,237.83,226.8,237.32,4698.541273339998
2023-12-15T00:00:00Z,BCHUSD,237.29,237.29,225.47,227.01,4456.78700616001
2023-12-16T00:00:00Z,BCHUSD,227.08,231.57,224.87,229.62,950.2970436999997
2023-12-17T00:00:00Z,BCHUSD,229.66,230.3,225.06,225.79,1405.3572223499978
2023-12-18T00:00:00Z,BCHUSD,226.02,227.8,217.2,227.8,2139.2434690199975
2023-12-19T00:00:00Z,BCHUSD,227.8,230.73,222.73,225.21,2911.6996336600037
2023-12-20T00:00:00Z,BCHUSD,225.19,234.52,223.73,229.52,3538.4260935000293
2023-12-21T00:00:00Z,BCHUSD,229.36,234.49,228.68,233.1,1371.8690860800007
2023-12-22T00:00:00Z,BCHUSD,233.3,244.0,231.57,238.35,5041.215625969977
2023-12-23T00:00:00Z,BCHUSD,238.61,238.7,230.35,232.92,3177.3532820000046
2023-12-24T00:00:00Z,BCHUSD,232.39,233.95,226.21,229.19,2310.8917210999957
2023-12-25T00:00:00Z,BCHUSD,229.14,237.43,228.21,234.82,1763.274155749996
2023-12-26T00:00:00Z,BCHUSD,234.99,235.01,220.31,229.22,5356.624742440037
2023-12-27T00:00:00Z,BCHUSD,229.35,265.44,226.67,264.4,15415.478971400284
2023-12-28T00:00:00Z,BCHUSD,264.82,278.23,257.86,262.67,8974.586689749758
2023-12-29T00:00:00Z,BCHUSD,261.62,269.25,249.32,254.16,7522.529663930019
2023-12-30T00:00:00Z,BCHUSD,254.48,287.7,254.17,270.68,6839.16733932993
2023-12-31T00:00:00Z,BCHUSD,271.68,272.22,252.04,259.23,4373.575003659981
2024-01-01T00:00:00Z,BCHUSD,259.62,269.49,255.9,267.5,3557.5288194199875
2024-01-02T00:00:00Z,BCHUSD,267.74,270.85,254.27,256.86,4287.087243349976
2024-01-03T00:00:00Z,BCHUSD,257.1,268.04,217.92,234.23,14048.932199219722
2024-01-04T00:00:00Z,BCHUSD,234.27,240.24,232.6,239.79,2744.411951059993
2024-01-05T00:00:00Z,BCHUSD,239.84,242.17,227.18,239.44,4147.832031889997
2024-01-06T00:00:00Z,BCHUSD,239.38,243.49,231.2,236.07,1888.16745916
2024-01-07T00:00:00Z,BCHUSD,236.24,239.9,230.0,232.28,1076.4606151299984
2024-01-08T00:00:00Z,BCHUSD,232.21,255.89,221.3,253.97,3317.1626942600196
2024-01-09T00:00:00Z,BCHUSD,254.03,257.6,240.0,245.17,4087.8422665199487
2024-01-10T00:00:00Z,BCHUSD,244.85,260.15,233.59,254.45,3112.433944439975
2024-01-11T00:00:00Z,BCHUSD,254.71,289.17,250.82,276.86,13459.986762920524
2024-01-12T00:00:00Z,BCHUSD,276.52,298.23,250.41,259.78,13413.26053724019
2024-01-13T00:00:00Z,BCHUSD,259.73,262.12,250.95,254.1,2576.3394319600025
2024-01-14T00:00:00Z,BCHUSD,254.17,258.96,245.23,245.72,1943.9166014099972
2024-01-15T00:00:00Z,BCHUSD,245.78,257.61,245.32,250.09,4480.75099401
2024-01-16T00:00:00Z,BCHUSD,250.27,256.2,248.88,251.13,2218.5577665699984
2024-01-17T00:00:00Z,BCHUSD,251.1,251.29,240.66,244.05,3470.8026310999976
2024-01-18T00:00:00Z,BCHUSD,244.22,244.77,233.17,237.4,1836.2313618599946
2024-01-19T00:00:00Z,BCHUSD,237.21,237.82,226.45,236.59,2569.7805760399974
2024-01-20T00:00:00Z,BCHUSD,236.58,240.02,235.04,238.92,2387.6787103399993
2024-01-21T00:00:00Z,BCHUSD,238.91,242.63,236.57,236.81,1939.0224056899992
2024-01-22T00:00:00Z,BCHUSD,236.63,242.45,230.35,235.08,4700.653376630006
2024-01-23T00:00:00Z,BCHUSD,235.31,237.3,218.94,229.37,2991.4990289200027
2024-01-24T00:00:00Z,BCHUSD,229.01,238.19,228.33,236.65,2509.271519260003
2024-01-25T00:00:00Z,BCHUSD,236.02,238.44,234.47,236.69,2333.683026199999
2024-01-26T00:00:00Z,BCHUSD,236.14,242.94,234.29,241.94,2722.6226108899923
2024-01-27T00:00:00Z,BCHUSD,241.95,245.35,239.41,243.9,2353.644108209998
2024-01-28T00:00:00Z,BCHUSD,243.8,245.7,235.06,236.94,3378.3703105899954
2024-01-29T00:00:00Z,BCHUSD,236.96,241.85,234.38,241.44,792.1489996100007
2024-01-30T00:00:00Z,BCHUSD,241.25,243.94,236.58,237.55,4358.595834509997
2024-01-31T00:00:00Z,BCHUSD,237.55,238.84,232.56,234.23,1308.4959520399998
2024-02-01T00:00:00Z,BCHUSD,234.12,237.16,230.45,236.66,1308.7374781599997
2024-02-02T00:00:00Z,BCHUSD,236.83,237.8,234.49,236.28,1722.8171967400006
2024-02-03T00:00:00Z,BCHUSD,236.28,241.89,236.04,241.12,2238.322360940003
2024-02-04T00:00:00Z,BCHUSD,241.42,244.04,233.11,235.15,3160.220420069997
2024-02-05T00:00:00Z,BCHUSD,234.86,237.58,234.24,235.48,416.3206217300002
2024-02-06T00:00:00Z,BCHUSD,235.47,237.6,234.27,235.3,2706.6473970599955
2024-02-07T00:00:00Z,BCHUSD,235.32,240.94,234.61,240.57,420.34630370000053
2024-02-08T00:00:00Z,BCHUSD,240.77,244.93,240.43,244.37,1080.521344350001
2024-02-09T00:00:00Z,BCHUSD,244.66,253.75,244.66,250.3,1899.205906579999
2024-02-10T00:00:00Z,BCHUSD,250.39,251.49,243.71,247.7,697.4276337499998
2024-02-11T00:00:00Z,BCHUSD,247.79,283.8,246.97,277.98,15327.764505520021
2024-02-12T00:00:00Z,BCHUSD,277.78,289.19,267.38,280.79,5719.643648259924
2024-02-13T00:00:00Z,BCHUSD,280.36,287.44,267.2,270.72,5660.1728880200235
2024-02-14T00:00:00Z,BCHUSD,270.51,293.94,264.97,281.4,5138.296312559988
2024-02-15T00:00:00Z,BCHUSD,280.99,282.62,266.34,270.79,3379.493102220004
2024-02-16T00:00:00Z,BCHUSD,270.78,275.28,265.58,274.95,5472.340027950007
2024-02-17T00:00:00Z,BCHUSD,274.28,274.51,258.82,267.51,1736.176207869994
2024-02-18T00:00:00Z,BCHUSD,267.5,271.79,265.16,270.54,516.5740530200003
2024-02-19T00:00:00Z,BCHUSD,270.45,273.39,266.92,273.05,1267.2254456700002
2024-02-20T00:00:00Z,BCHUSD,272.99,273.89,256.36,265.17,4230.593432229965
2024-02-21T00:00:00Z,BCHUSD,265.24,266.67,255.37,263.55,1267.3879173799974
2024-02-22T00:00:00Z,BCHUSD,263.01,265.89,259.61,260.0,2582.4121774399982
2024-02-23T00:00:00Z,BCHUSD,260.19,266.74,259.33,264.37,3175.1565724400075
2024-02-24T00:00:00Z,BCHUSD,264.96,270.29,263.12,267.53,1072.4934615999985
2024-02-25T00:00:00Z,BCHUSD,267.57,270.71,265.78,267.81,571.8874731799995
2024-02-26T00:00:00Z,BCHUSD,267.32,276.87,262.3,274.92,3118.845887140001
2024-02-27T00:00:00Z,BCHUSD,274.96,313.69,274.73,292.71,17858.89838035011
2024-02-28T00:00:00Z,BCHUSD,292.84,313.9,277.0,296.8,9178.581858169997
2024-02-29T00:00:00Z,BCHUSD,296.43,323.29,291.58,297.95,9923.13394202996
2024-03-01T00:00:00Z,BCHUSD,298.06,319.62,297.28,316.4,8405.353988940067
2024-03-02T00:00:00Z,BCHUSD,316.59,506.09,315.91,502.05,49289.12026738616
2024-03-03T00:00:00Z,BCHUSD,501.51,527.79,455.65,471.22,22752.658962348993
2024-03-04T00:00:00Z,BCHUSD,470.11,478.73,433.85,474.0,16533.497001479805
2024-03-05T00:00:00Z,BCHUSD,473.96,482.58,338.89,401.5,18680.765441109674
2024-03-06T00:00:00Z,BCHUSD,402.15,420.99,384.26,415.69,7817.518851530092
2024-03-07T00:00:00Z,BCHUSD,415.58,439.95,398.54,432.5,3858.214189129965
2024-03-08T00:00:00Z,BCHUSD,432.52,446.7,417.66,437.46,4409.089883899929
2024-03-09T00:00:00Z,BCHUSD,437.57,458.59,426.05,433.34,3093.759867910007
2024-03-10T00:00:00Z,BCHUSD,433.17,446.63,412.54,424.13,2703.2930530500194
2024-03-11T00:00:00Z,BCHUSD,423.73,456.5,402.09,448.37,6360.550469510001
2024-03-12T00:00:00Z,BCHUSD,448.55,448.73,410.16,434.71,6437.064037139971
2024-03-13T00:00:00Z,BCHUSD,434.6,454.46,424.21,442.42,7218.499188020077
2024-03-14T00:00:00Z,BCHUSD,442.67,474.48,416.1,441.8,11128.733808839928
2024-03-15T00:00:00Z,BCHUSD,441.63,444.62,384.0,416.45,4517.621512870001
2024-03-16T00:00:00Z,BCHUSD,416.65,421.39,382.13,388.25,3610.1246306799953
2024-03-17T00:00:00Z,BCHUSD,388.73,407.25,369.1,402.39,3064.698059589993
2024-03-18T00:00:00Z,BCHUSD,402.04,410.77,384.15,400.57,5009.777230530004
2024-03-19T00:00:00Z,BCHUSD,401.06,411.34,351.1,358.95,7119.69909666006
2024-03-20T00:00:00Z,BCHUSD,358.12,412.0,348.2,409.63,5274.12073709
2024-03-21T00:00:00Z,BCHUSD,409.73,435.63,403.47,414.14,7607.210854179928
2024-03-22T00:00:00Z,BCHUSD,414.21,433.33,391.51,432.48,6588.45257120998
2024-03-23T00:00:00Z,BCHUSD,431.78,475.85,420.34,455.75,11958.85709447997
2024-03-24T00:00:00Z,BCHUSD,455.87,499.0,445.46,484.38,11665.498807749907
2024-03-25T00:00:00Z,BCHUSD,485.38,507.54,473.4,487.56,13836.477168540268
2024-03-26T00:00:00Z,BCHUSD,487.56,494.97,467.97,479.62,4351.637706859993
2024-03-27T00:00:00Z,BCHUSD,479.53,553.5,478.48,538.36,17660.582596750148
2024-03-28T00:00:00Z,BCHUSD,538.44,586.7,527.28,567.81,10709.668687130245
2024-03-29T00:00:00Z,BCHUSD,567.84,639.62,553.22,621.22,14178.398520099903
2024-03-30T00:00:00Z,BCHUSD,620.37,623.84,591.16,597.17,4921.961705049976
2024-03-31T00:00:00Z,BCHUSD,597.46,694.28,588.75,678.82,11965.688976390093
2024-04-01T00:00:00Z,BCHUSD,679.49,702.6,617.35,648.19,13167.321612739917
2024-04-02T00:00:00Z,BCHUSD,648.18,649.71,586.0,638.94,10664.166340320347
2024-04-03T00:00:00Z,BCHUSD,639.83,643.54,562.41,593.07,10969.734447089977
2024-04-04T00:00:00Z,BCHUSD,592.77,683.03,591.97,665.5,17604.560813999604
2024-04-05T00:00:00Z,BCHUSD,665.57,718.21,645.88,658.19,11638.069288169943
2024-04-06T00:00:00Z,BCHUSD,658.17,716.32,658.17,694.44,7457.044403560059
2024-04-07T00:00:00Z,BCHUSD,695.53,709.5,675.63,684.87,4342.722890169975
2024-04-08T00:00:00Z,BCHUSD,685.08,711.77,678.54,681.13,6319.255669080004
2024-04-09T00:00:00Z,BCHUSD,680.61,694.82,656.51,674.46,5465.8079256500105
2024-04-10T00:00:00Z,BCHUSD,670.0,672.8,595.88,629.26,9069.85996350992
2024-04-11T00:00:00Z,BCHUSD,629.57,629.57,600.54,614.21,2370.421702369981
2024-04-12T00:00:00Z,BCHUSD,613.99,618.41,490.72,534.07,9490.09876272017
2024-04-13T00:00:00Z,BCHUSD,533.58,551.73,444.24,480.34,9752.659054880114
2024-04-14T00:00:00Z,BCHUSD,478.43,530.58,463.86,527.0,4104.430959460017
2024-04-15T00:00:00Z,BCHUSD,526.1,568.4,491.02,508.1,6103.591418030051
2024-04-16T00:00:00Z,BCHUSD,506.68,510.16,463.74,486.7,3863.88105614001
2024-04-17T00:00:00Z,BCHUSD,486.04,489.27,447.37,463.36,3272.0330004199923
2024-04-18T00:00:00Z,BCHUSD,463.89,488.85,453.75,483.19,2025.27907419999
2024-04-19T00:00:00Z,BCHUSD,481.83,492.8,444.73,476.49,2439.4040979400074
2024-04-20T00:00:00Z,BCHUSD,476.67,522.36,470.82,515.38,5934.125141870016
2024-04-21T00:00:00Z,BCHUSD,514.84,518.47,493.88,502.11,1444.5039212700024
2024-04-22T00:00:00Z,BCHUSD,502.43,527.93,496.52,522.71,2507.526724859988
2024-04-23T00:00:00Z,BCHUSD,522.81,523.15,502.75,506.09,1070.2742817700014
2024-04-24T00:00:00Z,BCHUSD,505.39,511.82,473.86,479.23,2340.311600519935
2024-04-25T00:00:00Z,BCHUSD,478.74,485.98,467.36,478.73,2026.1508438100034
2024-04-26T00:00:00Z,BCHUSD,478.4,493.19,467.14,482.68,833.4370579699995
2024-04-27T00:00:00Z,BCHUSD,482.42,485.73,465.58,477.43,1150.6754202899979
2024-04-28T00:00:00Z,BCHUSD,476.66,487.61,467.71,470.63,625.0181416300002
2024-04-29T00:00:00Z,BCHUSD,470.26,473.78,448.0,465.18,1409.7787668200021
2024-04-30T00:00:00Z,BCHUSD,464.68,470.01,420.42,435.34,5309.928706350021
2024-05-01T00:00:00Z,BCHUSD,433.6,435.39,399.51,425.15,3656.262419049979
2024-05-02T00:00:00Z,BCHUSD,423.93,434.53,410.8,431.98,1102.2382021000021
2024-05-03T00:00:00Z,BCHUSD,429.86,458.19,426.04,453.16,3336.8668324200057
2024-05-04T00:00:00Z,BCHUSD,452.55,480.0,452.55,463.11,1614.7239231800047
2024-05-05T00:00:00Z,BCHUSD,463.4,472.67,455.82,469.5,638.2358579500011
2024-05-06T00:00:00Z,BCHUSD,469.18,483.83,463.29,473.48,2461.0045817600117
2024-05-07T00:00:00Z,BCHUSD,473.03,493.93,466.71,471.14,2968.371347300022
2024-05-08T00:00:00Z,BCHUSD,470.68,473.22,444.52,448.34,5230.447413100051
2024-05-09T00:00:00Z,BCHUSD,447.92,457.89,442.1,454.42,1975.7954543100425
2024-05-10T00:00:00Z,BCHUSD,454.61,456.52,421.97,426.7,1399.6099479499953
2024-05-11T00:00:00Z,BCHUSD,427.46,434.06,425.83,429.37,596.3803223899996
2024-05-12T00:00:00Z,BCHUSD,430.44,437.73,427.31,433.33,625.3041409599997
2024-05-13T00:00:00Z,BCHUSD,434.64,447.84,421.51,436.92,1217.5868964600031
2024-05-14T00:00:00Z,BCHUSD,436.65,438.7,426.2,428.52,576.1385143800003
2024-05-15T00:00:00Z,BCHUSD,429.29,466.6,423.91,463.73,3793.8343764699744
2024-05-16T00:00:00Z,BCHUSD,464.21,465.7,442.63,445.06,1508.7593101600066
2024-05-17T00:00:00Z,BCHUSD,444.41,478.25,442.7,466.18,5941.823579710059
2024-05-18T00:00:00Z,BCHUSD,466.6,491.75,464.95,475.68,2802.72134390999
2024-05-19T00:00:00Z,BCHUSD,474.95,496.33,473.72,484.75,3825.9903103999895
2024-05-20T00:00:00Z,BCHUSD,485.23,518.23,476.61,518.23,5712.498757409986
2024-05-21T00:00:00Z,BCHUSD,517.85,529.62,509.4,514.79,3647.914564809971
2024-05-22T00:00:00Z,BCHUSD,514.78,515.45,494.84,498.64,2265.623594410007
2024-05-23T00:00:00Z,BCHUSD,498.76,516.3,472.72,490.75,2850.3401640799984
2024-05-24T00:00:00Z,BCHUSD,490.43,500.24,480.36,494.86,4696.024837200004
2024-05-25T00:00:00Z,BCHUSD,495.04,501.94,491.02,493.35,738.7512142500012
2024-05-26T00:00:00Z,BCHUSD,493.21,493.46,481.0,483.6,1369.9235364399985
2024-05-27T00:00:00Z,BCHUSD,484.05,502.74,481.47,489.17,1360.5261825600012
2024-05-28T00:00:00Z,BCHUSD,489.16,489.16,460.76,470.8,2722.177021940012
2024-05-29T00:00:00Z,BCHUSD,470.41,474.48,462.84,465.07,2258.3247632400016
2024-05-30T00:00:00Z,BCHUSD,465.26,475.0,459.42,465.17,830.9335727200001
2024-05-31T00:00:00Z,BCHUSD,464.07,469.17,447.6,454.91,1351.870431880007
2024-06-01T00:00:00Z,BCHUSD,454.69,465.48,453.9,463.14,408.81291484999974
2024-06-02T00:00:00Z,BCHUSD,463.33,464.64,453.01,458.57,524.7552172900012
2024-06-03T00:00:00Z,BCHUSD,457.9,471.36,455.29,464.56,879.2972471600012
2024-06-04T00:00:00Z,BCHUSD,464.97,479.36,459.81,477.13,4627.71457473998
2024-06-05T00:00:00Z,BCHUSD,477.5,497.81,477.03,495.61,1708.213433350005
2024-06-06T00:00:00Z,BCHUSD,495.39,502.58,486.5,495.48,1826.3426276700038
2024-06-07T00:00:00Z,BCHUSD,495.49,520.17,460.64,477.9,5057.0293310800225
2024-06-08T00:00:00Z,BCHUSD,476.81,484.43,465.63,469.78,1094.3642288899991
2024-06-09T00:00:00Z,BCHUSD,469.67,475.57,465.07,474.4,424.6310551999997
2024-06-10T00:00:00Z,BCHUSD,474.22,474.45,461.64,468.79,651.8349488100009
2024-06-11T00:00:00Z,BCHUSD,468.86,469.01,434.22,447.79,1232.7246165199967
2024-06-12T00:00:00Z,BCHUSD,445.83,466.19,439.24,453.85,1814.6823446799863
2024-06-13T00:00:00Z,BCHUSD,454.0,455.77,430.1,431.45,3234.626369850002
2024-06-14T00:00:00Z,BCHUSD,431.46,440.43,406.77,422.91,1906.5000790200047
2024-06-15T00:00:00Z,BCHUSD,422.91,432.2,422.11,429.54,491.80166211000005
2024-06-16T00:00:00Z,BCHUSD,429.57,433.33,426.39,427.96,476.28319765999845
2024-06-17T00:00:00Z,BCHUSD,427.48,428.8,404.1,420.14,1775.185362920006
2024-06-18T00:00:00Z,BCHUSD,419.68,420.66,372.37,389.42,5035.682803679897
2024-06-19T00:00:00Z,BCHUSD,388.36,398.11,385.53,388.83,1202.9271293300023
2024-06-20T00:00:00Z,BCHUSD,388.82,399.92,385.53,390.2,1199.8095157100013
2024-06-21T00:00:00Z,BCHUSD,389.76,397.15,376.8,382.99,4482.446692880011
2024-06-22T00:00:00Z,BCHUSD,382.68,399.5,380.17,392.11,1799.0432429799994
2024-06-23T00:00:00Z,BCHUSD,392.37,396.21,378.83,380.83,928.3533675599979
2024-06-24T00:00:00Z,BCHUSD,380.83,383.62,344.16,363.73,5063.751631520049
2024-06-25T00:00:00Z,BCHUSD,363.65,394.0,363.65,388.01,3382.9901537600044
2024-06-26T00:00:00Z,BCHUSD,388.57,396.82,373.43,373.67,1278.7565258800005
2024-06-27T00:00:00Z,BCHUSD,373.21,392.81,369.75,388.74,1631.7435420099982
2024-06-28T00:00:00Z,BCHUSD,389.32,406.45,383.36,385.27,3549.9215006199975
2024-06-29T00:00:00Z,BCHUSD,385.0,388.85,378.92,380.4,330.23899319000066
2024-06-30T00:00:00Z,BCHUSD,380.37,396.31,378.4,393.63,570.0016015699997
2024-07-01T00:00:00Z,BCHUSD,392.52,397.8,382.29,383.83,2511.3301083200026
2024-07-02T00:00:00Z,BCHUSD,383.48,393.56,378.0,382.34,1345.997048610003
2024-07-03T00:00:00Z,BCHUSD,380.97,381.86,368.18,372.84,677.1563701
2024-07-04T00:00:00Z,BCHUSD,372.84,374.11,330.64,331.8,2642.6266510899927
2024-07-05T00:00:00Z,BCHUSD,331.31,331.47,288.29,325.78,6958.486304500055
2024-07-06T00:00:00Z,BCHUSD,325.28,344.03,320.03,342.94,2275.647651290002
2024-07-07T00:00:00Z,BCHUSD,343.01,343.01,311.32,311.32,3667.3773544699943
2024-07-08T00:00:00Z,BCHUSD,312.84,337.61,299.09,333.32,1645.1391310599881
2024-07-09T00:00:00Z,BCHUSD,332.89,340.34,328.63,330.83,1597.3474298199992
2024-07-10T00:00:00Z,BCHUSD,331.1,346.39,327.31,341.23,1316.9702579300022
2024-07-11T00:00:00Z,BCHUSD,340.14,368.91,335.81,346.56,4382.895228669993
2024-07-12T00:00:00Z,BCHUSD,347.0,370.47,340.97,368.69,1558.9512491400023
2024-07-13T00:00:00Z,BCHUSD,368.94,379.89,368.94,375.92,1143.8085032600002
2024-07-14T00:00:00Z,BCHUSD,375.86,387.7,364.02,377.21,4032.8308146500203
2024-07-15T00:00:00Z,BCHUSD,376.33,400.98,375.75,400.3,2532.4889711599967
2024-07-16T00:00:00Z,BCHUSD,400.24,405.07,369.65,387.43,4379.199824100017
2024-07-17T00:00:00Z,BCHUSD,387.24,398.81,371.69,375.32,3073.1835415500127
2024-07-18T00:00:00Z,BCHUSD,375.83,386.26,369.76,382.58,1689.2035092600029
2024-07-19T00:00:00Z,BCHUSD,382.37,400.01,369.98,391.77,2778.8070880900023
2024-07-20T00:00:00Z,BCHUSD,392.31,398.79,386.21,395.82,603.4491801500009
2024-07-21T00:00:00Z,BCHUSD,394.9,401.36,378.99,401.0,882.4651828399997
2024-07-22T00:00:00Z,BCHUSD,401.38,404.44,383.61,386.69,1057.9076960699979
2024-07-23T00:00:00Z,BCHUSD,386.33,392.37,360.84,366.35,9092.238866399894
2024-07-24T00:00:00Z,BCHUSD,366.35,374.34,359.8,362.3,3252.0361792000067
2024-07-25T00:00:00Z,BCHUSD,362.79,365.03,346.92,361.51,1744.6682418000012
2024-07-26T00:00:00Z,BCHUSD,361.45,378.82,361.12,377.45,1696.1665864000006
2024-07-27T00:00:00Z,BCHUSD,377.22,397.77,377.03,391.83,2786.9384852499875
2024-07-28T00:00:00Z,BCHUSD,392.4,423.6,389.21,416.96,5941.537175809969
2024-07-29T00:00:00Z,BCHUSD,416.64,458.52,413.86,439.36,8069.445332889882
2024-07-30T00:00:00Z,BCHUSD,438.94,446.92,427.99,432.36,1818.3139569699897
2024-07-31T00:00:00Z,BCHUSD,432.79,440.79,411.26,414.63,1616.4138327199987
2024-08-01T00:00:00Z,BCHUSD,414.5,423.08,389.52,413.05,2977.675385569997
2024-08-02T00:00:00Z,BCHUSD,414.0,417.13,378.93,381.77,2434.8721533499915
2024-08-03T00:00:00Z,BCHUSD,380.51,385.32,354.88,364.66,2260.7266431499897
2024-08-04T00:00:00Z,BCHUSD,364.17,366.95,331.09,332.15,4150.076580429993
2024-08-05T00:00:00Z,BCHUSD,332.12,334.96,274.11,309.74,11685.609477689937
2024-08-06T00:00:00Z,BCHUSD,309.47,330.24,307.68,314.7,4946.425575589979
2024-08-07T00:00:00Z,BCHUSD,314.63,327.78,309.22,312.99,1445.0627566600024
2024-08-08T00:00:00Z,BCHUSD,313.98,372.47,308.38,352.52,3852.0280184500184
2024-08-09T00:00:00Z,BCHUSD,353.28,357.36,336.45,348.21,1979.5532175600076
2024-08-10T00:00:00Z,BCHUSD,347.75,359.16,345.82,354.59,1040.7168027599978
2024-08-11T00:00:00Z,BCHUSD,354.62,358.46,327.69,330.36,2053.600756459994
2024-08-12T00:00:00Z,BCHUSD,331.59,360.24,329.77,355.17,1754.3460122900021
2024-08-13T00:00:00Z,BCHUSD,354.47,365.25,343.99,352.23,2444.843583730012
2024-08-14T00:00:00Z,BCHUSD,351.59,352.48,335.12,337.96,1649.9907536299975
2024-08-15T00:00:00Z,BCHUSD,337.78,344.25,327.8,334.56,1767.1230322399952
2024-08-16T00:00:00Z,BCHUSD,334.33,346.6,328.58,338.14,1205.824736199998
2024-08-17T00:00:00Z,BCHUSD,338.13,347.97,336.0,340.67,2797.1691522999945
2024-08-18T00:00:00Z,BCHUSD,341.09,345.13,333.34,333.34,1106.463716650001
2024-08-19T00:00:00Z,BCHUSD,333.09,339.24,330.57,337.97,1141.5978146300006
2024-08-20T00:00:00Z,BCHUSD,338.36,347.04,331.64,335.58,881.6290753000001
2024-08-21T00:00:00Z,BCHUSD,336.33,355.34,333.66,349.07,2099.526874860002
2024-08-22T00:00:00Z,BCHUSD,349.65,351.74,342.65,346.59,1087.7405550599997
2024-08-23T00:00:00Z,BCHUSD,346.79,369.14,346.51,365.1,1931.7050532300027
2024-08-24T00:00:00Z,BCHUSD,365.13,369.03,358.14,363.77,2003.8445405599982
2024-08-25T00:00:00Z,BCHUSD,363.78,364.91,350.73,356.47,2592.7176189700053
2024-08-26T00:00:00Z,BCHUSD,356.65,357.94,339.77,342.68,1798.3909737800059
2024-08-27T00:00:00Z,BCHUSD,342.4,347.21,315.45,324.42,1699.497825869996
2024-08-28T00:00:00Z,BCHUSD,323.95,330.08,314.49,321.99,1240.4384323200031
2024-08-29T00:00:00Z,BCHUSD,322.15,330.79,317.79,322.22,850.0224814399991
2024-08-30T00:00:00Z,BCHUSD,322.5,327.01,315.01,325.03,429.93372905999934
2024-08-31T00:00:00Z,BCHUSD,325.06,326.86,320.29,322.17,1111.6379497499988
2024-09-01T00:00:00Z,BCHUSD,322.34,322.73,310.74,312.85,865.4545514399982
2024-09-02T00:00:00Z,BCHUSD,313.18,325.51,311.41,323.78,2502.006547220002
2024-09-03T00:00:00Z,BCHUSD,323.82,326.0,308.6,308.67,1076.07579535
2024-09-04T00:00:00Z,BCHUSD,308.72,319.38,296.38,315.19,2424.280256140008
2024-09-05T00:00:00Z,BCHUSD,315.17,316.94,303.78,307.4,1152.3385100099983
2024-09-06T00:00:00Z,BCHUSD,307.51,312.59,286.41,294.71,4571.42725304999
2024-09-07T00:00:00Z,BCHUSD,294.76,308.12,293.16,299.48,3082.9091747699936
2024-09-08T00:00:00Z,BCHUSD,298.98,308.02,298.71,305.05,593.1666173399992
2024-09-09T00:00:00Z,BCHUSD,305.46,325.75,305.09,322.8,752.223637499998
2024-09-10T00:00:00Z,BCHUSD,322.42,331.45,310.42,329.66,2034.6878200999972
2024-09-11T00:00:00Z,BCHUSD,329.58,343.54,320.0,337.34,2449.55483984
2024-09-12T00:00:00Z,BCHUSD,337.83,340.68,330.01,333.32,959.7871355499989
2024-09-13T00:00:00Z,BCHUSD,332.72,337.72,327.39,335.68,1318.2097693200005
2024-09-14T00:00:00Z,BCHUSD,336.56,337.63,325.4,327.17,979.9931500200006
2024-09-15T00:00:00Z,BCHUSD,327.1,328.94,314.2,316.07,1785.0023802599972
2024-09-16T00:00:00Z,BCHUSD,316.35,317.09,309.09,312.2,1423.0533466899988
2024-09-17T00:00:00Z,BCHUSD,311.74,321.28,310.18,314.14,596.25663915
2024-09-18T00:00:00Z,BCHUSD,313.1,327.65,306.92,327.22,1711.2479796400028
2024-09-19T00:00:00Z,BCHUSD,327.22,349.73,326.36,340.26,6271.251505159949
2024-09-20T00:00:00Z,BCHUSD,340.36,345.2,332.56,335.64,2256.6282754700014
2024-09-21T00:00:00Z,BCHUSD,335.84,346.73,331.47,345.52,617.4114205399997
2024-09-22T00:00:00Z,BCHUSD,345.49,347.21,334.41,342.93,587.6159526699997
2024-09-23T00:00:00Z,BCHUSD,342.7,348.9,336.85,341.92,1278.367484259997
2024-09-24T00:00:00Z,BCHUSD,341.86,351.51,337.59,348.06,1277.1327364600015
2024-09-25T00:00:00Z,BCHUSD,348.49,355.16,341.39,343.16,1330.9525702100034
2024-09-26T00:00:00Z,BCHUSD,344.52,357.93,339.39,352.2,540.8455022100001
2024-09-27T00:00:00Z,BCHUSD,353.8,364.35,353.75,358.82,1288.166128479996
2024-09-28T00:00:00Z,BCHUSD,359.2,361.18,346.63,353.23,1036.2122228199978
2024-09-29T00:00:00Z,BCHUSD,352.15,357.93,345.95,352.82,2710.337164509999
2024-09-30T00:00:00Z,BCHUSD,352.75,353.62,334.33,337.36,1195.5554219399983
2024-10-01T00:00:00Z,BCHUSD,337.23,347.34,311.13,318.16,2800.911386299991
2024-10-02T00:00:00Z,BCHUSD,317.37,324.3,309.19,316.21,1621.2826339099977
2024-10-03T00:00:00Z,BCHUSD,316.53,322.73,307.73,320.16,1742.16363017
2024-10-04T00:00:00Z,BCHUSD,320.49,325.67,319.11,324.76,2938.56579478
2024-10-05T00:00:00Z,BCHUSD,324.85,325.57,318.64,321.46,420.20330484
2024-10-06T00:00:00Z,BCHUSD,320.94,325.28,320.90,324.49,412.51308441
2024-10-07T00:00:00Z,BCHUSD,324.73,332.23,320.44,323.57,746.49842949
2024-10-08T00:00:00Z,BCHUSD,323.97,333.00,321.69,328.89,862.58092019
2024-10-09T00:00:00Z,BCHUSD,329.32,330.04,318.04,320.31,535.63677778
2024-10-10T00:00:00Z,BCHUSD,319.16,325.01,317.36,322.24,837.75014425
2024-10-11T00:00:00Z,BCHUSD,322.41,328.85,321.95,326.53,449.71459162
2024-10-12T00:00:00Z,BCHUSD,326.95,332.80,324.79,329.41,474.53038181
2024-10-13T00:00:00Z,BCHUSD,329.12,329.55,317.79,321.02,406.71849622
2024-10-14T00:00:00Z,BCHUSD,321.05,370.02,319.30,369.07,3546.39434684
2024-10-15T00:00:00Z,BCHUSD,369.66,385.95,345.00,355.07,3204.70643143
2024-10-16T00:00:00Z,BCHUSD,353.85,371.41,352.61,365.22,3227.27334674
2024-10-17T00:00:00Z,BCHUSD,365.60,375.48,360.24,369.15,2107.16797230
2024-10-18T00:00:00Z,BCHUSD,369.99,376.82,363.00,366.96,3185.54904572
2024-10-19T00:00:00Z,BCHUSD,367.22,368.73,361.58,363.56,688.77377428
2024-10-20T00:00:00Z,BCHUSD,363.24,371.25,357.74,368.81,2140.15200520
2024-10-21T00:00:00Z,BCHUSD,369.65,378.56,359.01,364.11,1065.53869683
2024-10-22T00:00:00Z,BCHUSD,363.66,366.30,354.33,357.42,1239.76736525
2024-10-23T00:00:00Z,BCHUSD,357.11,357.22,338.50,348.37,1344.92238367
2024-10-24T00:00:00Z,BCHUSD,347.78,370.66,346.86,366.84,1414.47085110
2024-10-25T00:00:00Z,BCHUSD,367.75,373.96,339.55,348.94,4561.33495345
2024-10-26T00:00:00Z,BCHUSD,348.44,356.31,345.71,347.52,940.84940674
2024-10-27T00:00:00Z,BCHUSD,347.63,353.79,346.79,352.17,791.08248846
2024-10-28T00:00:00Z,BCHUSD,352.08,367.76,343.87,365.11,1698.14267635
2024-10-29T00:00:00Z,BCHUSD,365.40,389.00,363.80,385.50,3413.44729886
2024-10-30T00:00:00Z,BCHUSD,385.83,387.25,366.22,370.36,3202.58673396
2024-10-31T00:00:00Z,BCHUSD,368.69,377.74,349.64,358.17,2923.41003787
2024-11-01T00:00:00Z,BCHUSD,358.23,359.47,343.84,349.56,1894.15956656
2024-11-02T00:00:00Z,BCHUSD,349.78,357.11,341.44,353.67,1651.65465886
2024-11-03T00:00:00Z,BCHUSD,353.24,353.72,334.24,340.94,1620.52809437
2024-11-04T00:00:00Z,BCHUSD,339.35,342.44,322.31,329.36,2930.65380214
2024-11-05T00:00:00Z,BCHUSD,329.20,345.10,326.81,342.62,1540.03758262
2024-11-06T00:00:00Z,BCHUSD,343.64,384.16,342.71,378.60,7323.47475254
2024-11-07T00:00:00Z,BCHUSD,378.62,386.83,371.01,377.48,2318.29868281
2024-11-08T00:00:00Z,BCHUSD,379.48,383.52,364.62,377.42,3651.05191165
2024-11-09T00:00:00Z,BCHUSD,377.11,407.25,369.35,407.25,6262.65637330
2024-11-10T00:00:00Z,BCHUSD,404.79,454.57,395.64,442.58,16367.08496612
2024-11-11T00:00:00Z,BCHUSD,441.81,482.13,423.05,474.30,11277.21163429
2024-11-12T00:00:00Z,BCHUSD,473.19,474.24,418.83,431.93,9306.19693689
2024-11-13T00:00:00Z,BCHUSD,432.91,451.09,404.20,439.76,6026.97810674
2024-11-14T00:00:00Z,BCHUSD,439.96,446.02,410.57,415.27,3031.77854739
2024-11-15T00:00:00Z,BCHUSD,416.83,436.61,410.43,431.87,2034.93413205
2024-11-16T00:00:00Z,BCHUSD,431.69,483.27,428.75,461.67,9000.25092832
2024-11-17T00:00:00Z,BCHUSD,462.01,488.70,425.10,432.92,9551.17880233
2024-11-18T00:00:00Z,BCHUSD,432.93,471.36,431.59,452.39,9205.73729451
2024-11-19T00:00:00Z,BCHUSD,452.52,460.29,439.00,447.00,2905.46548117
2024-11-20T00:00:00Z,BCHUSD,447.17,454.66,429.61,440.22,4587.17288070
2024-11-21T00:00:00Z,BCHUSD,440.31,535.91,430.00,487.31,18908.98255103
2024-11-22T00:00:00Z,BCHUSD,484.09,503.24,473.01,490.90,8586.88273380
2024-11-23T00:00:00Z,BCHUSD,491.29,568.63,486.87,510.70,14088.03226698
2024-11-24T00:00:00Z,BCHUSD,510.47,527.90,473.99,515.42,4821.09879162
2024-11-25T00:00:00Z,BCHUSD,515.47,532.46,483.46,491.29,9804.35019749
2024-11-26T00:00:00Z,BCHUSD,491.78,504.86,471.24,492.55,3246.95420019
2024-11-27T00:00:00Z,BCHUSD,491.98,523.89,484.94,518.14,8270.44158982
2024-11-28T00:00:00Z,BCHUSD,517.90,525.71,498.13,512.14,3277.30568990
2024-11-29T00:00:00Z,BCHUSD,511.45,522.81,500.00,518.64,2345.33758469
2024-11-30T00:00:00Z,BCHUSD,518.65,539.63,506.30,526.61,5401.36162765
2024-12-01T00:00:00Z,BCHUSD,524.46,537.02,509.89,532.40,3618.71874278
2024-12-02T00:00:00Z,BCHUSD,532.68,561.79,495.37,538.10,10831.22459900
2024-12-03T00:00:00Z,BCHUSD,538.10,591.13,512.50,587.35,14466.39068835
2024-12-04T00:00:00Z,BCHUSD,586.27,601.84,542.10,584.50,13943.53905782
2024-12-05T00:00:00Z,BCHUSD,584.50,633.17,551.75,589.02,16333.99518298
2024-12-06T00:00:00Z,BCHUSD,588.97,639.78,580.56,619.74,7115.28419224
2024-12-07T00:00:00Z,BCHUSD,619.44,627.12,605.23,608.17,2623.25982813
2024-12-08T00:00:00Z,BCHUSD,607.66,625.01,602.19,622.44,3727.43785106
2024-12-09T00:00:00Z,BCHUSD,622.87,623.62,512.29,553.49,6928.13984748
2024-12-10T00:00:00Z,BCHUSD,552.23,564.43,485.85,516.57,6078.17295704
2024-12-11T00:00:00Z,BCHUSD,516.62,550.34,503.58,546.96,4419.11412143
2024-12-12T00:00:00Z,BCHUSD,546.36,563.64,537.86,539.95,2242.14832324
2024-12-13T00:00:00Z,BCHUSD,539.46,543.38,526.58,542.43,1575.82058802
2024-12-14T00:00:00Z,BCHUSD,539.94,551.12,520.48,533.76,1878.41279095
2024-12-15T00:00:00Z,BCHUSD,531.55,550.00,525.27,545.46,1643.79162624
2024-12-16T00:00:00Z,BCHUSD,545.77,556.51,522.51,537.77,2430.87268382
2024-12-17T00:00:00Z,BCHUSD,537.90,547.08,524.39,529.76,5270.74789965
2024-12-18T00:00:00Z,BCHUSD,529.83,542.89,472.72,480.27,7873.34583523
2024-12-19T00:00:00Z,BCHUSD,479.83,488.87,421.56,438.95,11021.86938250
2024-12-20T00:00:00Z,BCHUSD,438.46,450.76,390.00,448.97,9909.20953522
2024-12-21T00:00:00Z,BCHUSD,448.45,472.22,442.82,454.63,3029.37448112
2024-12-22T00:00:00Z,BCHUSD,455.45,460.29,434.58,447.62,1912.94214116
2024-12-23T00:00:00Z,BCHUSD,445.57,464.78,431.94,460.30,3048.31169955
2024-12-24T00:00:00Z,BCHUSD,460.56,477.97,450.95,470.24,1106.61886910
2024-12-25T00:00:00Z,BCHUSD,469.35,470.73,454.34,465.37,354.97809970
2024-12-26T00:00:00Z,BCHUSD,465.68,467.71,432.56,437.15,1249.91985786
2024-12-27T00:00:00Z,BCHUSD,436.46,461.21,435.13,440.18,1090.51208614
2024-12-28T00:00:00Z,BCHUSD,441.18,452.84,437.83,450.95,193.94332712
2024-12-29T00:00:00Z,BCHUSD,450.04,452.59,434.49,438.88,901.69659677
2024-12-30T00:00:00Z,BCHUSD,439.31,452.31,428.03,443.42,2376.97434303
2024-12-31T00:00:00Z,BCHUSD,442.22,454.24,433.19,433.49,829.21710082
2025-01-01T00:00:00Z,BCHUSD,434.85,453.38,430.14,449.57,2524.96393448
2025-01-02T00:00:00Z,BCHUSD,450.57,465.68,450.57,460.84,1091.86856697
2025-01-03T00:00:00Z,BCHUSD,461.26,476.88,456.13,473.17,1368.30313996
2025-01-04T00:00:00Z,BCHUSD,473.17,482.51,469.58,479.87,1285.29148538
2025-01-05T00:00:00Z,BCHUSD,477.61,477.61,462.95,469.58,475.68150768
2025-01-06T00:00:00Z,BCHUSD,472.29,485.76,465.63,482.64,2129.89156753
2025-01-07T00:00:00Z,BCHUSD,482.94,486.34,435.37,437.79,1739.62728585
2025-01-08T00:00:00Z,BCHUSD,438.36,441.62,417.94,434.09,1980.01932426
2025-01-09T00:00:00Z,BCHUSD,434.77,436.47,411.83,421.64,902.63666006
2025-01-10T00:00:00Z,BCHUSD,422.25,450.80,420.65,450.14,1683.36652652
2025-01-11T00:00:00Z,BCHUSD,449.92,449.92,436.11,440.72,560.41645886
2025-01-12T00:00:00Z,BCHUSD,440.50,463.40,436.66,447.62,1011.13922965
2025-01-13T00:00:00Z,BCHUSD,447.54,452.48,400.17,428.12,2564.89347637
2025-01-14T00:00:00Z,BCHUSD,426.60,441.00,426.12,438.76,1457.53042598
2025-01-15T00:00:00Z,BCHUSD,437.17,462.52,431.04,461.27,2337.66635990
2025-01-16T00:00:00Z,BCHUSD,461.66,471.09,446.82,462.12,2037.37388254
2025-01-17T00:00:00Z,BCHUSD,462.52,499.99,462.52,489.19,4584.94063262
2025-01-18T00:00:00Z,BCHUSD,489.37,494.83,458.39,465.97,3452.51022668
2025-01-19T00:00:00Z,BCHUSD,466.55,470.38,418.96,426.84,4743.50230728
2025-01-20T00:00:00Z,BCHUSD,427.09,480.01,415.60,431.46,4107.95837656
2025-01-21T00:00:00Z,BCHUSD,430.62,454.28,419.31,445.76,1393.99890606
2025-01-22T00:00:00Z,BCHUSD,447.46,450.66,434.35,434.35,663.25503661
2025-01-23T00:00:00Z,BCHUSD,435.85,447.36,425.44,437.43,834.13743442
2025-01-24T00:00:00Z,BCHUSD,435.96,442.59,426.68,432.20,1502.15385895
2025-01-25T00:00:00Z,BCHUSD,432.30,451.80,430.89,445.06,616.28946682
2025-01-26T00:00:00Z,BCHUSD,445.54,447.23,424.64,425.37,852.76163649
2025-01-27T00:00:00Z,BCHUSD,424.67,428.79,396.74,427.63,5449.92229223
2025-01-28T00:00:00Z,BCHUSD,427.50,431.19,406.38,410.46,1390.32445100
2025-01-29T00:00:00Z,BCHUSD,410.17,421.39,404.93,414.92,399.59608371
2025-01-30T00:00:00Z,BCHUSD,416.30,439.05,413.09,434.62,1412.82136061
2025-01-31T00:00:00Z,BCHUSD,435.80,444.83,420.00,421.90,1263.27321844
2025-02-01T00:00:00Z,BCHUSD,423.52,430.70,402.00,403.93,1104.83094380
2025-02-02T00:00:00Z,BCHUSD,403.19,410.13,342.05,360.05,9662.08695583
2025-02-03T00:00:00Z,BCHUSD,360.16,360.16,272.02,353.38,11327.64012787
2025-02-04T00:00:00Z,BCHUSD,353.39,355.74,321.65,331.82,6710.19195800
2025-02-05T00:00:00Z,BCHUSD,329.41,338.20,323.63,327.79,896.47835394
2025-02-06T00:00:00Z,BCHUSD,328.13,334.87,314.03,316.16,838.31794867
2025-02-07T00:00:00Z,BCHUSD,316.17,335.29,308.66,318.77,480.03512951
2025-02-08T00:00:00Z,BCHUSD,318.18,324.11,315.66,323.50,192.72398112
2025-02-09T00:00:00Z,BCHUSD,323.13,329.15,313.16,324.83,1037.09863750
2025-02-10T00:00:00Z,BCHUSD,324.92,334.36,315.89,329.40,696.72647923
2025-02-11T00:00:00Z,BCHUSD,329.61,344.27,326.01,331.38,650.81278814
2025-02-12T00:00:00Z,BCHUSD,330.97,346.51,322.56,342.97,856.88036624
2025-02-13T00:00:00Z,BCHUSD,343.13,345.32,327.85,335.48,824.28130546
2025-02-14T00:00:00Z,BCHUSD,335.49,351.00,334.00,341.44,2239.39002486
2025-02-15T00:00:00Z,BCHUSD,341.72,345.39,331.36,333.05,305.11874467
2025-02-16T00:00:00Z,BCHUSD,333.07,334.74,325.60,326.01,553.14144580
2025-02-17T00:00:00Z,BCHUSD,326.33,336.60,317.32,323.43,1377.14991166
2025-02-18T00:00:00Z,BCHUSD,323.62,324.88,307.65,315.88,2033.67119632
2025-02-19T00:00:00Z,BCHUSD,315.89,324.22,311.72,322.66,646.51690881
2025-02-20T00:00:00Z,BCHUSD,322.38,326.83,320.34,325.86,486.98705269
2025-02-21T00:00:00Z,BCHUSD,326.16,333.72,309.71,313.46,863.11806880
2025-02-22T00:00:00Z,BCHUSD,313.13,322.41,312.65,321.04,260.00166151
2025-02-23T00:00:00Z,BCHUSD,321.07,332.06,320.79,328.08,375.37201858
2025-02-24T00:00:00Z,BCHUSD,328.13,329.18,285.92,291.55,2755.79678161
2025-02-25T00:00:00Z,BCHUSD,292.42,296.19,275.45,291.75,1474.96541901
2025-02-26T00:00:00Z,BCHUSD,291.73,300.51,284.26,293.27,1557.69893452
2025-02-27T00:00:00Z,BCHUSD,293.59,303.00,289.91,296.53,1086.19462842
2025-02-28T00:00:00Z,BCHUSD,296.52,319.62,269.69,315.23,4508.58110551
2025-03-01T00:00:00Z,BCHUSD,315.61,323.86,307.60,311.08,2001.25988640
2025-03-02T00:00:00Z,BCHUSD,310.72,341.25,309.83,334.15,3824.19333425
2025-03-03T00:00:00Z,BCHUSD,334.15,356.57,311.09,320.86,9541.21991571
2025-03-04T00:00:00Z,BCHUSD,320.86,329.92,291.33,320.42,4790.03226746
2025-03-05T00:00:00Z,BCHUSD,319.84,398.81,319.84,391.80,14831.22844211
2025-03-06T00:00:00Z,BCHUSD,391.84,419.44,383.97,395.51,7350.53401624
2025-03-07T00:00:00Z,BCHUSD,394.98,409.88,383.07,388.82,10021.44827288
2025-03-08T00:00:00Z,BCHUSD,388.27,395.73,376.91,385.46,2318.46111267
2025-03-09T00:00:00Z,BCHUSD,385.14,386.50,356.37,357.25,2110.36847107
2025-03-10T00:00:00Z,BCHUSD,357.25,372.24,331.29,331.29,2924.86561513
2025-03-11T00:00:00Z,BCHUSD,331.34,350.11,316.45,339.58,2546.44216046
2025-03-12T00:00:00Z,BCHUSD,340.04,360.28,330.21,354.06,6123.64954596
2025-03-13T00:00:00Z,BCHUSD,353.63,355.12,324.01,326.14,2172.09084771
2025-03-14T00:00:00Z,BCHUSD,325.55,335.11,325.54,331.05,1273.51699753
2025-03-15T00:00:00Z,BCHUSD,331.32,352.62,328.46,342.59,3259.17994871
2025-03-16T00:00:00Z,BCHUSD,342.47,342.47,325.20,333.14,1506.99998840
2025-03-17T00:00:00Z,BCHUSD,333.55,341.95,331.29,337.81,718.12706936
2025-03-18T00:00:00Z,BCHUSD,337.62,343.48,329.50,335.11,969.12166620
2025-03-19T00:00:00Z,BCHUSD,335.32,346.51,332.47,345.21,1090.03809831
2025-03-20T00:00:00Z,BCHUSD,345.44,349.84,330.29,333.28,1144.98110387
2025-03-21T00:00:00Z,BCHUSD,333.52,335.03,320.50,322.90,2056.80565943
2025-03-22T00:00:00Z,BCHUSD,322.93,325.94,321.12,322.10,369.43877676
2025-03-23T00:00:00Z,BCHUSD,322.10,325.80,320.94,325.16,810.30147299
2025-03-24T00:00:00Z,BCHUSD,324.78,336.34,321.65,332.47,2394.37152109
2025-03-25T00:00:00Z,BCHUSD,332.13,339.48,326.89,335.85,937.93847248
2025-03-26T00:00:00Z,BCHUSD,336.09,341.76,328.69,334.93,1661.88974174
2025-03-27T00:00:00Z,BCHUSD,335.08,339.65,321.06,325.00,1884.19923959
2025-03-28T00:00:00Z,BCHUSD,324.62,328.00,304.61,307.49,2313.29873857
2025-03-29T00:00:00Z,BCHUSD,307.59,308.68,298.67,303.09,1052.49695449
2025-03-30T00:00:00Z,BCHUSD,303.34,307.87,294.04,298.69,336.58533203
2025-03-31T00:00:00Z,BCHUSD,299.12,305.66,289.87,303.40,1060.88522100
2025-04-01T00:00:00Z,BCHUSD,303.50,317.88,302.43,308.48,928.64322168
2025-04-02T00:00:00Z,BCHUSD,307.63,316.57,290.43,293.10,1459.31077691
2025-04-03T00:00:00Z,BCHUSD,292.29,307.56,291.66,300.97,1011.10583203
2025-04-04T00:00:00Z,BCHUSD,301.25,309.83,294.69,301.24,645.30396801
2025-04-05T00:00:00Z,BCHUSD,300.99,304.00,297.09,303.89,400.32595920
2025-04-06T00:00:00Z,BCHUSD,304.00,307.79,265.50,271.90,1804.86764467
2025-04-07T00:00:00Z,BCHUSD,271.75,281.84,249.49,275.51,2458.07162255
2025-04-08T00:00:00Z,BCHUSD,275.31,284.68,267.00,269.05,2099.05706258
2025-04-09T00:00:00Z,BCHUSD,268.60,311.09,259.06,301.34,2777.52977144
2025-04-10T00:00:00Z,BCHUSD,301.22,303.92,282.40,290.06,948.46251406
2025-04-11T00:00:00Z,BCHUSD,289.87,315.75,289.87,312.64,2515.65063332
2025-04-12T00:00:00Z,BCHUSD,312.85,359.39,311.29,344.59,3805.67236199
2025-04-13T00:00:00Z,BCHUSD,343.61,353.08,336.16,342.97,2141.57267790
2025-04-14T00:00:00Z,BCHUSD,344.25,373.59,322.95,323.75,5517.31166999
2025-04-15T00:00:00Z,BCHUSD,323.54,337.18,317.54,319.28,3109.05493341
2025-04-16T00:00:00Z,BCHUSD,318.94,325.79,314.63,321.58,778.51718517
2025-04-17T00:00:00Z,BCHUSD,322.25,340.22,321.16,333.10,1416.13391205
2025-04-18T00:00:00Z,BCHUSD,333.77,344.95,327.60,335.01,1342.32504772
2025-04-19T00:00:00Z,BCHUSD,334.90,339.90,332.83,335.52,791.74112877
2025-04-20T00:00:00Z,BCHUSD,335.40,342.62,331.92,336.17,694.59067980
2025-04-21T00:00:00Z,BCHUSD,336.19,348.03,336.16,344.41,3046.38249652
2025-04-22T00:00:00Z,BCHUSD,343.65,364.60,337.25,362.85,3907.66771153
2025-04-23T00:00:00Z,BCHUSD,362.54,363.66,353.70,358.29,1926.97788847
2025-04-24T00:00:00Z,BCHUSD,358.38,367.45,343.68,356.80,2471.21119313
2025-04-25T00:00:00Z,BCHUSD,356.03,384.27,348.83,373.03,4738.29951863
2025-04-26T00:00:00Z,BCHUSD,373.40,377.27,355.27,355.92,2483.07403636
2025-04-27T00:00:00Z,BCHUSD,355.58,360.38,345.10,346.00,869.43993790
2025-04-28T00:00:00Z,BCHUSD,345.72,369.98,342.00,363.40,5160.66359581
2025-04-29T00:00:00Z,BCHUSD,364.42,377.35,361.01,363.57,3015.92772916
2025-04-30T00:00:00Z,BCHUSD,363.88,369.32,355.47,366.23,1102.79384479
2025-05-01T00:00:00Z,BCHUSD,366.41,374.36,360.44,361.36,1587.19329140
2025-05-02T00:00:00Z,BCHUSD,361.06,386.68,359.46,382.88,2576.96817837
2025-05-03T00:00:00Z,BCHUSD,382.98,383.13,362.66,363.45,1692.37526809
2025-05-04T00:00:00Z,BCHUSD,362.25,370.53,353.03,356.44,1700.20261758
2025-05-05T00:00:00Z,BCHUSD,356.26,360.92,349.71,354.09,1135.90997932
2025-05-06T00:00:00Z,BCHUSD,353.42,374.47,350.53,374.47,2567.93733701
2025-05-07T00:00:00Z,BCHUSD,374.47,390.90,355.43,383.64,8447.34109813
2025-05-08T00:00:00Z,BCHUSD,383.88,430.14,382.30,420.90,17856.03880314
2025-05-09T00:00:00Z,BCHUSD,421.78,428.93,403.69,415.87,5696.21391459
2025-05-10T00:00:00Z,BCHUSD,413.42,433.10,410.61,430.99,2593.99825529
2025-05-11T00:00:00Z,BCHUSD,430.90,432.16,402.33,408.07,1808.32582484
2025-05-12T00:00:00Z,BCHUSD,407.93,420.00,396.67,410.56,8397.42259640
2025-05-13T00:00:00Z,BCHUSD,410.50,415.93,391.78,411.15,4672.31341557
2025-05-14T00:00:00Z,BCHUSD,411.36,413.38,398.98,402.61,1456.86139410
2025-05-15T00:00:00Z,BCHUSD,402.74,404.83,383.34,395.65,939.84912347
2025-05-16T00:00:00Z,BCHUSD,396.01,403.52,393.72,395.92,1101.98456946
2025-05-17T00:00:00Z,BCHUSD,396.30,401.38,386.21,392.28,252.34849397
2025-05-18T00:00:00Z,BCHUSD,392.42,407.68,389.63,406.74,1211.91316739
2025-05-19T00:00:00Z,BCHUSD,406.84,408.42,375.95,393.22,600.65074285
2025-05-20T00:00:00Z,BCHUSD,393.40,398.39,384.32,393.94,660.79735163
2025-05-21T00:00:00Z,BCHUSD,394.20,412.00,391.24,407.15,1163.90430695
2025-05-22T00:00:00Z,BCHUSD,407.17,445.54,407.17,443.43,4241.56811892
2025-05-23T00:00:00Z,BCHUSD,444.64,462.18,424.98,426.14,3428.73668777
2025-05-24T00:00:00Z,BCHUSD,426.37,432.28,419.98,421.78,804.26740495
2025-05-25T00:00:00Z,BCHUSD,421.14,427.15,408.11,422.80,957.57197207
2025-05-26T00:00:00Z,BCHUSD,422.98,428.56,413.50,415.87,620.73374129
2025-05-27T00:00:00Z,BCHUSD,415.28,424.03,409.00,414.80,1033.29642115
2025-05-28T00:00:00Z,BCHUSD,414.84,426.84,404.55,424.99,2421.79960027
2025-05-29T00:00:00Z,BCHUSD,424.71,428.09,405.51,409.52,837.75297815
2025-05-30T00:00:00Z,BCHUSD,409.71,414.51,394.10,398.37,702.05712574
2025-05-31T00:00:00Z,BCHUSD,398.91,422.60,389.01,414.75,667.29816226
2025-06-01T00:00:00Z,BCHUSD,414.87,415.50,397.66,403.56,652.08023872
2025-06-02T00:00:00Z,BCHUSD,403.28,406.95,397.30,404.37,434.49625578
2025-06-03T00:00:00Z,BCHUSD,402.80,409.00,400.46,401.04,527.94397370
2025-06-04T00:00:00Z,BCHUSD,400.81,410.61,397.10,401.66,494.06799226
2025-06-05T00:00:00Z,BCHUSD,400.17,404.61,378.28,385.08,832.34491793
2025-06-06T00:00:00Z,BCHUSD,385.37,398.98,380.97,395.96,502.02946907
2025-06-07T00:00:00Z,BCHUSD,396.39,411.56,394.24,409.28,809.18680304
2025-06-08T00:00:00Z,BCHUSD,409.60,419.55,406.62,411.35,497.32973897
2025-06-09T00:00:00Z,BCHUSD,411.63,429.65,410.85,425.62,1060.57742147
2025-06-10T00:00:00Z,BCHUSD,425.04,443.18,418.55,438.26,1920.31724056
2025-06-11T00:00:00Z,BCHUSD,437.99,446.58,421.97,429.34,5164.60338629
2025-06-12T00:00:00Z,BCHUSD,428.13,442.01,424.12,425.65,1878.76203215
2025-06-13T00:00:00Z,BCHUSD,424.03,453.37,398.20,448.87,5885.39888414
2025-06-14T00:00:00Z,BCHUSD,448.61,449.93,422.09,430.82,1645.24136861
2025-06-15T00:00:00Z,BCHUSD,431.15,469.46,431.15,460.63,2114.12264859
2025-06-16T00:00:00Z,BCHUSD,460.87,476.36,451.73,463.02,4909.36066799
2025-06-17T00:00:00Z,BCHUSD,462.81,483.37,457.39,463.30,3483.98876758
2025-06-18T00:00:00Z,BCHUSD,462.64,480.81,457.10,458.87,1901.52370906
2025-06-19T00:00:00Z,BCHUSD,459.69,502.58,453.52,496.70,5379.69559891
2025-06-20T00:00:00Z,BCHUSD,496.89,500.26,472.43,473.45,4083.16542344
2025-06-21T00:00:00Z,BCHUSD,473.05,478.14,458.25,467.70,1445.89173958
2025-06-22T00:00:00Z,BCHUSD,467.42,470.76,437.20,455.13,7082.78446110
2025-06-23T00:00:00Z,BCHUSD,454.63,469.32,438.33,462.92,2318.89486806
2025-06-24T00:00:00Z,BCHUSD,462.97,467.10,449.25,453.69,2489.33405554
2025-06-25T00:00:00Z,BCHUSD,453.99,494.90,453.96,483.06,4871.26595576
2025-06-26T00:00:00Z,BCHUSD,483.01,506.49,481.94,490.03,2393.17736504
2025-06-27T00:00:00Z,BCHUSD,489.39,509.74,484.51,505.01,2515.52034838
2025-06-28T00:00:00Z,BCHUSD,504.99,505.18,487.48,491.53,882.44275864
2025-06-29T00:00:00Z,BCHUSD,491.42,508.38,488.60,503.79,1579.56016526
2025-06-30T00:00:00Z,BCHUSD,504.50,522.26,488.64,506.04,1786.07052059
2025-07-01T00:00:00Z,BCHUSD,506.10,527.90,498.70,500.51,3499.80268087
2025-07-02T00:00:00Z,BCHUSD,500.27,512.20,498.49,510.53,3185.63970015
2025-07-03T00:00:00Z,BCHUSD,510.67,514.66,491.32,496.43,1858.71350357
2025-07-04T00:00:00Z,BCHUSD,496.67,496.67,469.59,484.08,1656.76268705
2025-07-05T00:00:00Z,BCHUSD,484.20,489.39,481.14,489.07,525.51929999
2025-07-06T00:00:00Z,BCHUSD,489.25,500.00,483.29,492.43,412.53170543
2025-07-07T00:00:00Z,BCHUSD,491.80,500.11,488.12,495.64,856.00002604
2025-07-08T00:00:00Z,BCHUSD,496.43,507.21,494.17,501.02,3022.01092378
2025-07-09T00:00:00Z,BCHUSD,501.02,517.07,499.84,514.64,2688.27538885
2025-07-10T00:00:00Z,BCHUSD,514.53,521.99,501.54,518.44,3168.64940598
2025-07-11T00:00:00Z,BCHUSD,518.51,538.78,514.39,531.87,3307.24494013
2025-07-12T00:00:00Z,BCHUSD,530.18,535.22,502.42,506.81,3170.92042822
2025-07-13T00:00:00Z,BCHUSD,506.60,513.26,501.75,508.25,1691.64764562
2025-07-14T00:00:00Z,BCHUSD,508.25,526.92,498.17,504.79,1825.78119104
2025-07-15T00:00:00Z,BCHUSD,504.63,505.52,482.29,497.92,1275.56895169
2025-07-16T00:00:00Z,BCHUSD,497.98,508.98,491.54,499.21,2532.39648150
2025-07-17T00:00:00Z,BCHUSD,499.43,504.81,488.00,499.58,2242.49930119
2025-07-18T00:00:00Z,BCHUSD,500.21,542.64,499.71,514.66,6470.12612825
2025-07-19T00:00:00Z,BCHUSD,514.66,523.03,502.25,513.36,1820.06195637
2025-07-20T00:00:00Z,BCHUSD,513.42,553.00,510.09,547.95,7657.79061390
2025-07-21T00:00:00Z,BCHUSD,548.37,548.37,517.29,523.16,3304.26016410
2025-07-22T00:00:00Z,BCHUSD,523.11,534.73,511.34,526.52,2770.22959419
2025-07-23T00:00:00Z,BCHUSD,526.43,529.79,498.01,512.60,2085.26050439
2025-07-24T00:00:00Z,BCHUSD,512.33,529.22,491.32,512.01,2686.00660764
2025-07-25T00:00:00Z,BCHUSD,512.58,563.01,509.85,557.02,7439.68505056
2025-07-26T00:00:00Z,BCHUSD,557.33,562.90,552.06,559.07,1392.33338057
2025-07-27T00:00:00Z,BCHUSD,559.00,607.07,555.94,589.81,6984.83094715
2025-07-28T00:00:00Z,BCHUSD,589.81,606.06,569.51,571.86,6877.56618518
2025-07-29T00:00:00Z,BCHUSD,572.20,586.46,560.00,563.05,4653.23190373
2025-07-30T00:00:00Z,BCHUSD,563.79,594.41,551.00,589.70,2664.98716902
2025-07-31T00:00:00Z,BCHUSD,589.71,596.29,560.44,561.70,2525.45603663
2025-08-01T00:00:00Z,BCHUSD,561.07,574.24,527.70,535.59,3505.30088039
2025-08-02T00:00:00Z,BCHUSD,535.59,543.79,517.98,521.74,889.67656643
2025-08-03T00:00:00Z,BCHUSD,520.18,547.55,514.66,544.23,1271.17205661
2025-08-04T00:00:00Z,BCHUSD,545.18,580.97,545.18,573.65,2945.79513924
2025-08-05T00:00:00Z,BCHUSD,574.26,583.43,541.72,551.15,1981.78141412
2025-08-06T00:00:00Z,BCHUSD,551.24,573.58,547.74,570.57,733.59394134
2025-08-07T00:00:00Z,BCHUSD,571.15,584.72,567.90,582.29,1440.57346060
2025-08-08T00:00:00Z,BCHUSD,582.13,588.72,573.37,586.50,3321.49882779
2025-08-09T00:00:00Z,BCHUSD,586.69,591.45,565.65,566.79,4146.09214716
2025-08-10T00:00:00Z,BCHUSD,566.73,585.32,560.00,570.57,3693.79611451
2025-08-11T00:00:00Z,BCHUSD,570.20,598.90,570.00,578.80,5134.20963597
2025-08-12T00:00:00Z,BCHUSD,579.44,625.70,579.26,618.69,4029.94134786
2025-08-13T00:00:00Z,BCHUSD,618.56,632.83,601.49,616.11,4536.49682964
2025-08-14T00:00:00Z,BCHUSD,615.95,626.54,579.16,593.88,2127.42438715
2025-08-15T00:00:00Z,BCHUSD,593.62,601.63,580.50,592.42,3505.12547146
2025-08-16T00:00:00Z,BCHUSD,592.97,597.56,577.31,588.03,1928.71057422
2025-08-17T00:00:00Z,BCHUSD,587.56,592.19,580.98,582.37,1347.85459333
2025-08-18T00:00:00Z,BCHUSD,582.37,582.41,561.17,569.50,1027.26673161
2025-08-19T00:00:00Z,BCHUSD,569.27,573.29,548.22,548.46,1365.46177842
2025-08-20T00:00:00Z,BCHUSD,548.22,562.66,544.57,559.58,1311.18621568
2025-08-21T00:00:00Z,BCHUSD,560.51,564.79,550.38,554.29,580.29880799
2025-08-22T00:00:00Z,BCHUSD,554.60,607.15,550.84,599.29,3301.52119677
2025-08-23T00:00:00Z,BCHUSD,599.35,601.24,584.11,590.99,969.39280295
2025-08-24T00:00:00Z,BCHUSD,591.14,599.62,582.92,583.52,976.92757168
2025-08-25T00:00:00Z,BCHUSD,582.90,588.13,536.85,544.79,2849.40898390
2025-08-26T00:00:00Z,BCHUSD,543.68,555.00,531.50,550.79,1599.16059690
2025-08-27T00:00:00Z,BCHUSD,550.54,562.60,544.40,550.09,1802.90382770
2025-08-28T00:00:00Z,BCHUSD,550.07,565.95,549.16,557.81,964.32914379
2025-08-29T00:00:00Z,BCHUSD,557.77,559.80,527.86,531.00,1246.37007812
2025-08-30T00:00:00Z,BCHUSD,530.15,554.03,524.49,553.57,1190.84533544
2025-08-31T00:00:00Z,BCHUSD,553.07,554.80,542.62,544.74,564.44270772
2025-09-01T00:00:00Z,BCHUSD,544.16,551.38,530.51,544.56,2334.23680526
2025-09-02T00:00:00Z,BCHUSD,544.13,587.91,543.91,585.68,6085.43378217
2025-09-03T00:00:00Z,BCHUSD,585.10,605.77,578.99,603.68,6310.26545879
2025-09-04T00:00:00Z,BCHUSD,603.84,604.62,583.28,587.33,1532.00113616
2025-09-05T00:00:00Z,BCHUSD,586.93,620.00,585.00,606.60,3606.73981568
2025-09-06T00:00:00Z,BCHUSD,606.61,616.49,584.07,594.23,2460.28415886
2025-09-07T00:00:00Z,BCHUSD,595.32,607.99,593.63,603.23,1043.19410066
2025-09-08T00:00:00Z,BCHUSD,602.90,605.59,585.80,588.50,1455.48613640
2025-09-09T00:00:00Z,BCHUSD,588.44,590.53,574.59,580.98,1618.55373576
2025-09-10T00:00:00Z,BCHUSD,580.77,591.03,577.20,580.56,1274.83323983
2025-09-11T00:00:00Z,BCHUSD,580.56,603.60,576.61,596.32,2812.47599702
2025-09-12T00:00:00Z,BCHUSD,596.33,601.21,587.88,598.81,701.40698826
2025-09-13T00:00:00Z,BCHUSD,598.79,605.46,593.34,598.48,1504.42038465
2025-09-14T00:00:00Z,BCHUSD,598.62,604.79,589.00,601.51,571.55943576
2025-09-15T00:00:00Z,BCHUSD,602.34,606.70,587.92,594.00,1223.28114860
2025-09-16T00:00:00Z,BCHUSD,594.00,601.68,589.94,598.72,837.18767596
2025-09-17T00:00:00Z,BCHUSD,598.62,625.10,590.84,616.50,1951.71160629
2025-09-18T00:00:00Z,BCHUSD,616.96,650.33,612.39,624.51,5257.99652832
2025-09-19T00:00:00Z,BCHUSD,624.50,631.97,598.83,600.17,2106.21672840
2025-09-20T00:00:00Z,BCHUSD,600.53,606.51,594.29,594.74,935.55461555
2025-09-21T00:00:00Z,BCHUSD,594.77,602.20,593.82,593.88,1018.45562360
2025-09-22T00:00:00Z,BCHUSD,593.80,593.84,552.97,567.67,1017.54165064
2025-09-23T00:00:00Z,BCHUSD,567.78,569.68,554.65,556.82,460.40641843
2025-09-24T00:00:00Z,BCHUSD,557.03,564.11,549.16,556.28,219.42070170
2025-09-25T00:00:00Z,BCHUSD,557.42,557.42,534.35,536.05,1420.56058859
2025-09-26T00:00:00Z,BCHUSD,536.36,551.11,535.60,548.48,1054.64606338
2025-09-27T00:00:00Z,BCHUSD,548.24,548.24,540.49,544.08,309.18592693
2025-09-28T00:00:00Z,BCHUSD,544.07,558.23,536.41,556.36,761.39343795
2025-09-29T00:00:00Z,BCHUSD,556.49,563.16,550.56,561.24,592.12163432
2025-09-30T00:00:00Z,BCHUSD,560.89,562.81,549.58,560.61,1380.64106192
2025-10-01T00:00:00Z,BCHUSD,560.60,599.20,559.55,593.10,4247.38468289
2025-10-02T00:00:00Z,BCHUSD,592.04,597.57,581.41,595.00,2080.14796968
2025-10-03T00:00:00Z,BCHUSD,595.00,615.00,591.01,609.04,5470.58979999
2025-10-04T00:00:00Z,BCHUSD,608.43,609.41,585.00,590.49,1101.98293156
2025-10-05T00:00:00Z,BCHUSD,590.49,613.68,588.56,594.12,1777.52113788
2025-10-06T00:00:00Z,BCHUSD,594.38,606.30,593.14,599.01,1342.09779235
2025-10-07T00:00:00Z,BCHUSD,598.71,599.88,574.47,576.53,849.73721951
2025-10-08T00:00:00Z,BCHUSD,576.91,588.05,574.47,583.19,870.40231029
2025-10-09T00:00:00Z,BCHUSD,582.86,593.54,568.97,580.29,1226.53871485
2025-10-10T00:00:00Z,BCHUSD,580.12,601.48,472.00,513.90,8170.92476955
2025-10-11T00:00:00Z,BCHUSD,513.56,540.63,478.74,501.55,1585.33583756
2025-10-12T00:00:00Z,BCHUSD,500.57,545.68,496.99,540.89,1215.87042871
2025-10-13T00:00:00Z,BCHUSD,541.70,549.11,531.37,545.78,1515.66521802
2025-10-14T00:00:00Z,BCHUSD,546.59,546.91,508.91,538.21,734.63213238
2025-10-15T00:00:00Z,BCHUSD,538.36,545.17,518.70,522.40,811.00441885
2025-10-16T00:00:00Z,BCHUSD,521.86,529.04,501.82,504.64,812.99697092
2025-10-17T00:00:00Z,BCHUSD,504.27,510.93,442.20,470.05,1902.15131728
2025-10-18T00:00:00Z,BCHUSD,470.13,480.46,462.19,468.07,428.07806734
2025-10-19T00:00:00Z,BCHUSD,468.70,478.71,457.66,472.60,1078.14840471
2025-10-20T00:00:00Z,BCHUSD,472.02,486.63,467.46,479.19,1168.41668699
2025-10-21T00:00:00Z,BCHUSD,478.91,514.85,464.90,481.53,1723.44687287
2025-10-22T00:00:00Z,BCHUSD,481.79,484.99,463.78,473.14,2099.53232311
2025-10-23T00:00:00Z,BCHUSD,473.00,491.08,472.58,480.56,608.00289949
2025-10-24T00:00:00Z,BCHUSD,480.87,507.74,479.25,503.24,1136.27085184
2025-10-25T00:00:00Z,BCHUSD,503.27,513.70,496.66,508.28,1095.24714010
2025-10-26T00:00:00Z,BCHUSD,508.72,565.00,508.27,558.77,4688.50490011
2025-10-27T00:00:00Z,BCHUSD,559.55,572.29,552.69,555.23,2591.45933466
2025-10-28T00:00:00Z,BCHUSD,555.63,570.63,550.49,557.75,1241.15035432
2025-10-29T00:00:00Z,BCHUSD,557.13,566.25,547.66,556.56,1847.28269024
2025-10-30T00:00:00Z,BCHUSD,555.65,575.95,526.28,541.31,2713.14595326
2025-10-31T00:00:00Z,BCHUSD,541.16,567.85,533.56,537.22,2144.52461659
2025-11-01T00:00:00Z,BCHUSD,535.04,561.54,531.30,554.10,1081.21334746
2025-11-02T00:00:00Z,BCHUSD,553.05,555.05,523.40,537.13,1389.61666298
2025-11-03T00:00:00Z,BCHUSD,537.01,537.01,492.47,505.87,2241.07007622
2025-11-04T00:00:00Z,BCHUSD,505.78,512.67,459.71,480.07,2430.17288814
2025-11-05T00:00:00Z,BCHUSD,480.04,494.08,461.34,488.94,625.22387453
2025-11-06T00:00:00Z,BCHUSD,488.18,488.88,464.98,472.47,741.78357508
2025-11-07T00:00:00Z,BCHUSD,472.47,524.22,470.23,511.63,1722.32660904
2025-11-08T00:00:00Z,BCHUSD,511.70,514.66,486.36,496.09,457.33276892
2025-11-09T00:00:00Z,BCHUSD,495.38,505.80,488.84,503.52,698.35056557
2025-11-10T00:00:00Z,BCHUSD,503.26,524.25,501.49,516.77,1482.83315785
2025-11-11T00:00:00Z,BCHUSD,517.59,531.71,503.94,505.58,3471.68782050
2025-11-12T00:00:00Z,BCHUSD,505.48,532.74,498.04,507.57,4689.06650154
2025-11-13T00:00:00Z,BCHUSD,507.31,530.60,493.61,509.06,3346.46072061
2025-11-14T00:00:00Z,BCHUSD,508.76,516.29,475.90,479.38,2225.00766780
2025-11-15T00:00:00Z,BCHUSD,479.74,519.15,479.74,502.63,1587.89238173
2025-11-16T00:00:00Z,BCHUSD,502.14,503.48,472.56,482.82,673.96662017
2025-11-17T00:00:00Z,BCHUSD,483.29,514.07,481.14,490.18,1847.16995101
2025-11-18T00:00:00Z,BCHUSD,489.26,536.77,475.93,522.99,2316.79054766
2025-11-19T00:00:00Z,BCHUSD,523.23,523.23,470.93,485.73,2627.57667355
2025-11-20T00:00:00Z,BCHUSD,485.69,511.96,473.57,480.51,4000.53437063
2025-11-21T00:00:00Z,BCHUSD,480.30,547.98,446.80,533.20,7197.69891878
2025-11-22T00:00:00Z,BCHUSD,533.65,568.56,521.19,556.04,8787.10706283
2025-11-23T00:00:00Z,BCHUSD,556.11,557.20,536.05,539.32,2773.46636961
2025-11-24T00:00:00Z,BCHUSD,538.97,562.92,537.33,548.93,5248.90158093
2025-11-25T00:00:00Z,BCHUSD,548.65,548.65,516.49,527.20,3003.07537639
2025-11-26T00:00:00Z,BCHUSD,527.21,548.78,526.20,543.95,5439.77812468
2025-11-27T00:00:00Z,BCHUSD,544.27,550.38,531.45,532.33,1288.60675423
2025-11-28T00:00:00Z,BCHUSD,532.34,554.32,531.21,548.60,2380.36303504
2025-11-29T00:00:00Z,BCHUSD,548.31,548.56,517.44,520.83,2803.27534032
2025-11-30T00:00:00Z,BCHUSD,520.91,561.78,519.49,540.87,3538.84780634
2025-12-01T00:00:00Z,BCHUSD,540.88,545.56,508.61,523.25,4953.08821551
2025-12-02T00:00:00Z,BCHUSD,523.16,558.02,520.00,545.74,5974.51770526
2025-12-03T00:00:00Z,BCHUSD,546.15,606.74,543.82,592.11,6282.11114465
2025-12-04T00:00:00Z,BCHUSD,590.53,598.59,566.96,574.28,1991.76405837
2025-12-05T00:00:00Z,BCHUSD,574.72,583.44,557.06,560.41,2030.04055646
2025-12-06T00:00:00Z,BCHUSD,559.78,597.13,558.16,583.63,3904.96327642
2025-12-07T00:00:00Z,BCHUSD,583.62,604.48,569.18,598.42,1693.87463650
2025-12-08T00:00:00Z,BCHUSD,598.50,604.78,575.91,579.75,3661.30078729
2025-12-09T00:00:00Z,BCHUSD,579.00,591.05,570.30,585.29,3002.95955737
2025-12-10T00:00:00Z,BCHUSD,585.46,588.55,558.80,573.31,3226.08507451
2025-12-11T00:00:00Z,BCHUSD,572.80,576.70,551.95,574.92,2779.40893366
2025-12-12T00:00:00Z,BCHUSD,574.45,587.63,568.63,581.93,2715.79648555
2025-12-13T00:00:00Z,BCHUSD,581.65,586.53,567.91,580.23,941.84845650
2025-12-14T00:00:00Z,BCHUSD,579.85,584.23,552.95,558.43,1488.83804823
2025-12-15T00:00:00Z,BCHUSD,558.51,572.59,518.93,535.77,2962.94609635
2025-12-16T00:00:00Z,BCHUSD,535.56,557.15,527.14,546.20,1408.46504612
2025-12-17T00:00:00Z,BCHUSD,545.48,568.24,541.11,545.92,1954.69521501
2025-12-18T00:00:00Z,BCHUSD,546.47,579.00,528.06,565.66,8543.14914801
2025-12-19T00:00:00Z,BCHUSD,565.55,631.06,557.11,624.01,7504.74805204
2025-12-20T00:00:00Z,BCHUSD,624.79,625.00,588.57,592.66,5294.27013346
2025-12-21T00:00:00Z,BCHUSD,591.81,602.08,576.89,590.80,1999.61770832
2025-12-22T00:00:00Z,BCHUSD,590.89,597.58,572.85,589.87,5677.29883161
2025-12-23T00:00:00Z,BCHUSD,589.82,593.07,570.42,572.00,1428.95543939
2025-12-24T00:00:00Z,BCHUSD,572.24,580.21,562.90,568.45,1714.63053916
2025-12-25T00:00:00Z,BCHUSD,568.38,600.00,566.14,589.56,3488.24835764
2025-12-26T00:00:00Z,BCHUSD,589.05,613.87,586.53,593.57,3541.91278381
2025-12-27T00:00:00Z,BCHUSD,593.04,624.70,592.62,622.82,2793.18278929
2025-12-28T00:00:00Z,BCHUSD,622.77,636.78,610.25,621.34,4931.35449324
2025-12-29T00:00:00Z,BCHUSD,621.29,625.85,592.29,598.13,6344.46765780
2025-12-30T00:00:00Z,BCHUSD,598.47,606.88,590.99,595.24,1957.40243586
2025-12-31T00:00:00Z,BCHUSD,594.44,602.43,592.75,599.21,989.53989679
2026-01-01T00:00:00Z,BCHUSD,598.78,605.00,583.01,591.93,1633.87342250
2026-01-02T00:00:00Z,BCHUSD,593.00,617.92,584.95,607.07,3950.01419509
2026-01-03T00:00:00Z,BCHUSD,610.61,663.50,608.15,654.33,9249.34400113
2026-01-04T00:00:00Z,BCHUSD,654.66,662.15,635.44,639.04,5687.13417586
2026-01-05T00:00:00Z,BCHUSD,639.50,668.61,639.50,645.59,6572.33190814
2026-01-06T00:00:00Z,BCHUSD,645.00,656.45,624.25,637.95,3908.29386099
2026-01-07T00:00:00Z,BCHUSD,637.34,637.34,622.02,628.79,1552.36441657
2026-01-08T00:00:00Z,BCHUSD,629.34,652.33,619.71,631.50,4990.24001503
2026-01-09T00:00:00Z,BCHUSD,631.52,641.02,625.24,633.79,1224.11618549
2026-01-10T00:00:00Z,BCHUSD,633.64,650.86,630.71,643.11,1586.75587781
2026-01-11T00:00:00Z,BCHUSD,643.20,664.56,639.84,647.95,3808.19613686
2026-01-12T00:00:00Z,BCHUSD,647.46,659.85,612.41,621.35,5644.21729545
2026-01-13T00:00:00Z,BCHUSD,620.48,625.11,604.41,616.76,4295.06731918
2026-01-14T00:00:00Z,BCHUSD,616.18,618.86,592.42,597.54,7366.32202874
2026-01-15T00:00:00Z,BCHUSD,597.37,630.07,574.52,592.25,8578.63516764
2026-01-16T00:00:00Z,BCHUSD,590.69,606.48,589.81,599.55,2943.45154180
2026-01-17T00:00:00Z,BCHUSD,599.57,602.01,588.88,593.90,1328.12347239
2026-01-18T00:00:00Z,BCHUSD,593.62,601.55,587.83,590.89,1367.36689053
2026-01-19T00:00:00Z,BCHUSD,590.00,594.28,562.00,583.37,2673.95962798
2026-01-20T00:00:00Z,BCHUSD,583.18,586.54,563.62,572.31,1388.76459016
2026-01-21T00:00:00Z,BCHUSD,572.85,597.31,569.26,584.43,2716.84698999
2026-01-22T00:00:00Z,BCHUSD,584.24,602.94,584.08,598.48,2222.17785719
2026-01-23T00:00:00Z,BCHUSD,598.04,600.58,585.83,595.07,2045.43394037
2026-01-24T00:00:00Z,BCHUSD,595.24,597.90,589.89,592.65,762.59612820
2026-01-25T00:00:00Z,BCHUSD,592.92,594.67,563.79,570.85,5923.43608596
2026-01-26T00:00:00Z,BCHUSD,570.77,582.06,570.77,578.60,910.64061126
2026-01-27T00:00:00Z,BCHUSD,577.01,602.59,576.82,599.13,1944.54850428
2026-01-28T00:00:00Z,BCHUSD,599.31,600.60,588.94,590.36,1625.76112812
2026-01-29T00:00:00Z,BCHUSD,590.28,590.29,547.61,553.39,2326.62476425
2026-01-30T00:00:00Z,BCHUSD,553.19,558.61,532.91,552.43,2300.75617999
2026-01-31T00:00:00Z,BCHUSD,552.68,552.81,469.79,506.69,6707.06005464
2026-02-01T00:00:00Z,BCHUSD,506.87,537.43,505.99,515.60,2174.63879766
2026-02-02T00:00:00Z,BCHUSD,516.23,543.50,497.20,539.92,4458.27952561
2026-02-03T00:00:00Z,BCHUSD,539.29,540.78,509.24,525.64,1649.89118036
2026-02-04T00:00:00Z,BCHUSD,525.97,537.96,514.18,531.37,3180.83591765
2026-02-05T00:00:00Z,BCHUSD,530.38,540.85,451.76,451.76,5474.32780632
2026-02-06T00:00:00Z,BCHUSD,453.06,541.15,423.48,524.42,9444.55046949
2026-02-07T00:00:00Z,BCHUSD,523.33,540.03,514.13,525.14,2694.96482188
2026-02-08T00:00:00Z,BCHUSD,525.34,539.87,517.00,527.33,1526.11369351
2026-02-09T00:00:00Z,BCHUSD,526.13,537.28,510.93,532.70,1414.08843070
2026-02-10T00:00:00Z,BCHUSD,532.82,533.65,511.56,524.56,3045.15210207
2026-02-11T00:00:00Z,BCHUSD,524.28,527.12,507.36,515.53,3040.68539153
2026-02-12T00:00:00Z,BCHUSD,515.64,520.36,493.58,502.94,1556.18622881
2026-02-13T00:00:00Z,BCHUSD,502.25,570.70,499.33,563.64,3760.38317407
2026-02-14T00:00:00Z,BCHUSD,563.55,571.82,557.82,562.49,2252.23469421
2026-02-15T00:00:00Z,BCHUSD,562.41,565.75,550.69,554.54,1108.17778245
2026-02-16T00:00:00Z,BCHUSD,553.42,580.75,550.48,568.86,6217.61275885
2026-02-17T00:00:00Z,BCHUSD,568.88,576.96,550.29,562.45,2519.88967092
2026-02-18T00:00:00Z,BCHUSD,563.35,569.60,550.88,557.51,1980.87278773
2026-02-19T00:00:00Z,BCHUSD,558.06,564.72,538.69,560.07,3198.49098273
2026-02-20T00:00:00Z,BCHUSD,559.70,570.44,540.97,562.30,5609.86717231
2026-02-21T00:00:00Z,BCHUSD,561.70,575.31,558.90,563.99,1363.37658889
2026-02-22T00:00:00Z,BCHUSD,563.83,585.26,559.38,570.25,3106.76446211
2026-02-23T00:00:00Z,BCHUSD,570.21,570.71,487.52,495.43,5837.72637414
2026-02-24T00:00:00Z,BCHUSD,495.64,498.63,470.86,485.05,5720.68519133
2026-02-25T00:00:00Z,BCHUSD,484.73,520.20,484.69,492.65,5121.61149264
2026-02-26T00:00:00Z,BCHUSD,493.10,505.54,476.94,478.50,1701.10803546
2026-02-27T00:00:00Z,BCHUSD,478.00,490.20,456.35,461.22,3127.34106684
2026-02-28T00:00:00Z,BCHUSD,462.01,468.21,440.00,457.40,4728.52418873
2026-03-01T00:00:00Z,BCHUSD,457.59,467.28,430.84,441.53,3513.20124847
2026-03-02T00:00:00Z,BCHUSD,442.11,453.84,436.32,444.82,2243.38208302
2026-03-03T00:00:00Z,BCHUSD,445.50,449.51,432.63,443.77,2236.13633855
2026-03-04T00:00:00Z,BCHUSD,444.39,476.53,439.24,467.53,4289.86342434
2026-03-05T00:00:00Z,BCHUSD,466.86,467.20,454.79,462.08,1192.94904475
2026-03-06T00:00:00Z,BCHUSD,461.52,463.28,442.06,449.72,1960.90040056
2026-03-07T00:00:00Z,BCHUSD,450.36,453.52,445.31,450.18,503.07099510
2026-03-08T00:00:00Z,BCHUSD,450.53,455.31,441.11,442.83,643.67951124
2026-03-09T00:00:00Z,BCHUSD,443.09,456.36,443.09,443.90,1309.05807243
2026-03-10T00:00:00Z,BCHUSD,444.42,453.99,442.97,446.91,1865.66646434
2026-03-11T00:00:00Z,BCHUSD,446.47,461.06,446.47,455.59,1773.52874207
2026-03-12T00:00:00Z,BCHUSD,455.48,460.77,451.93,455.12,1112.46573657
2026-03-13T00:00:00Z,BCHUSD,455.34,475.33,455.34,460.70,2773.22914766
2026-03-14T00:00:00Z,BCHUSD,460.73,467.98,454.65,467.56,1180.77898643
2026-03-15T00:00:00Z,BCHUSD,467.85,471.84,460.58,469.74,2054.40343651
2026-03-16T00:00:00Z,BCHUSD,469.74,484.83,466.24,478.40,1406.63673141
2026-03-17T00:00:00Z,BCHUSD,478.68,481.00,470.35,470.35,1006.18139628
2026-03-18T00:00:00Z,BCHUSD,471.40,472.49,447.00,457.03,2031.68919619
2026-03-19T00:00:00Z,BCHUSD,457.06,460.42,450.83,455.13,850.46146308
2026-03-20T00:00:00Z,BCHUSD,455.71,474.77,455.36,474.56,1977.03078979
2026-03-21T00:00:00Z,BCHUSD,474.77,476.59,460.06,462.43,1185.22852277
2026-03-22T00:00:00Z,BCHUSD,460.38,471.35,457.69,467.44,1413.30812434
2026-03-23T00:00:00Z,BCHUSD,467.18,485.00,463.45,477.95,1707.84225238
2026-03-24T00:00:00Z,BCHUSD,478.04,479.30,469.18,477.04,777.61317783
2026-03-25T00:00:00Z,BCHUSD,477.04,479.81,471.49,473.26,353.89605557
2026-03-26T00:00:00Z,BCHUSD,473.54,473.69,458.41,462.27,988.21209993
2026-03-27T00:00:00Z,BCHUSD,461.85,473.00,458.22,472.70,2232.89698280
2026-03-28T00:00:00Z,BCHUSD,472.70,483.71,470.80,480.46,1769.62266318
2026-03-29T00:00:00Z,BCHUSD,480.57,484.03,447.04,452.13,1824.67289237
2026-03-30T00:00:00Z,BCHUSD,452.25,466.70,450.69,458.76,1149.94343040
2026-03-31T00:00:00Z,BCHUSD,459.82,477.07,459.82,466.28,765.90392215
2026-04-01T00:00:00Z,BCHUSD,466.24,466.24,453.75,454.73,443.72090223
2026-04-02T00:00:00Z,BCHUSD,455.63,455.74,439.75,444.00,1329.60038867
2026-04-03T00:00:00Z,BCHUSD,444.41,446.14,439.70,443.31,513.74815962
2026-04-04T00:00:00Z,BCHUSD,443.00,444.56,440.99,441.42,232.37856552
2026-04-05T00:00:00Z,BCHUSD,440.76,441.44,420.50,427.00,970.58002174
2026-04-06T00:00:00Z,BCHUSD,429.10,440.39,429.10,435.39,604.32579428
2026-04-07T00:00:00Z,BCHUSD,434.81,447.62,430.24,446.21,337.19822161
2026-04-08T00:00:00Z,BCHUSD,446.04,449.37,440.03,441.19,1195.83776506
2026-04-09T00:00:00Z,BCHUSD,441.08,446.79,433.46,443.00,785.30308750
2026-04-10T00:00:00Z,BCHUSD,443.17,446.91,434.62,443.94,711.88932429
2026-04-11T00:00:00Z,BCHUSD,443.88,445.24,437.25,437.68,273.33907947
2026-04-12T00:00:00Z,BCHUSD,437.88,437.93,420.00,421.19,357.56327672
2026-04-13T00:00:00Z,BCHUSD,422.56,440.49,422.56,438.49,279.82863675
2026-04-14T00:00:00Z,BCHUSD,438.78,443.91,434.30,436.15,509.92694369
2026-04-15T00:00:00Z,BCHUSD,436.32,443.27,427.91,440.63,1191.74498058
2026-04-16T00:00:00Z,BCHUSD,440.46,456.80,433.96,455.34,804.73149763
2026-04-17T00:00:00Z,BCHUSD,455.38,461.49,447.25,453.89,868.20900232
2026-04-18T00:00:00Z,BCHUSD,453.36,456.12,443.74,444.08,628.51314822
2026-04-19T00:00:00Z,BCHUSD,443.88,445.79,434.30,435.43,1587.28569187
2026-04-20T00:00:00Z,BCHUSD,435.92,446.02,435.86,443.47,250.35565005
2026-04-21T00:00:00Z,BCHUSD,444.09,450.29,440.34,448.18,841.38331551
2026-04-22T00:00:00Z,BCHUSD,448.95,473.69,448.46,461.34,1316.93360537
2026-04-23T00:00:00Z,BCHUSD,460.63,460.90,453.41,460.63,408.26317916
2026-04-24T00:00:00Z,BCHUSD,460.63,461.35,454.70,456.28,241.27244386
2026-04-25T00:00:00Z,BCHUSD,455.99,456.12,452.22,453.41,165.61480026
2026-04-26T00:00:00Z,BCHUSD,453.27,455.46,450.67,455.04,209.44480863
2026-04-27T00:00:00Z,BCHUSD,455.09,457.93,446.32,449.92,920.44958575
2026-04-28T00:00:00Z,BCHUSD,449.80,453.84,443.20,453.47,457.61936286
2026-04-29T00:00:00Z,BCHUSD,453.75,455.07,441.94,447.57,530.27583626
2026-04-30T00:00:00Z,BCHUSD,447.61,448.90,440.31,441.28,550.91542017
2026-05-01T00:00:00Z,BCHUSD,441.29,458.04,441.02,450.49,402.83582242
2026-05-02T00:00:00Z,BCHUSD,450.59,453.05,444.99,445.45,356.89965574
2026-05-03T00:00:00Z,BCHUSD,445.63,447.25,442.60,443.05,787.01762208
2026-05-04T00:00:00Z,BCHUSD,442.99,450.27,437.25,443.67,856.23251345
2026-05-05T00:00:00Z,BCHUSD,444.35,464.32,443.12,461.50,1353.66112677
2026-05-06T00:00:00Z,BCHUSD,461.20,488.55,458.46,465.80,4805.03612266
2026-05-07T00:00:00Z,BCHUSD,466.29,466.39,448.29,450.22,755.84858654
2026-05-08T00:00:00Z,BCHUSD,451.24,454.11,448.00,450.25,1176.79552750
2026-05-09T00:00:00Z,BCHUSD,450.18,453.70,448.65,449.85,470.19944776
2026-05-10T00:00:00Z,BCHUSD,450.11,464.85,449.49,463.81,481.17444882
2026-05-11T00:00:00Z,BCHUSD,464.82,465.08,447.79,449.99,656.49271159
2026-05-12T00:00:00Z,BCHUSD,450.07,450.07,436.23,439.46,1137.60386076
2026-05-13T00:00:00Z,BCHUSD,439.00,444.73,430.05,434.01,744.59083003
2026-05-14T00:00:00Z,BCHUSD,434.64,439.06,431.30,434.71,437.30366976
2026-05-15T00:00:00Z,BCHUSD,435.24,437.35,424.21,426.44,862.53671056
2026-05-16T00:00:00Z,BCHUSD,427.09,427.63,410.47,415.94,1503.99382760
2026-05-17T00:00:00Z,BCHUSD,416.02,416.60,399.04,404.58,870.41521357
2026-05-18T00:00:00Z,BCHUSD,403.54,403.58,348.28,378.20,9574.09289999
2026-05-19T00:00:00Z,BCHUSD,378.00,386.29,361.12,370.18,5273.77240937
2026-05-20T00:00:00Z,BCHUSD,370.15,374.70,364.23,372.79,1297.10932787
2026-05-21T00:00:00Z,BCHUSD,372.92,383.04,372.50,380.70,2541.22156461
2026-05-22T00:00:00Z,BCHUSD,380.03,381.47,359.20,360.36,2777.27252061
2026-05-23T00:00:00Z,BCHUSD,360.64,364.14,342.86,355.62,3397.49559713
2026-05-24T00:00:00Z,BCHUSD,355.29,357.34,333.10,346.79,1475.59880823
2026-05-25T00:00:00Z,BCHUSD,346.66,351.90,343.77,351.13,809.35982346
2026-05-26T00:00:00Z,BCHUSD,351.14,354.55,342.50,343.26,978.36000798
2026-05-27T00:00:00Z,BCHUSD,342.97,346.74,331.68,334.15,1137.53530251
2026-05-28T00:00:00Z,BCHUSD,334.36,335.65,293.17,299.68,6677.14299276
2026-05-29T00:00:00Z,BCHUSD,299.84,310.05,296.34,301.93,5031.36561127
2026-05-30T00:00:00Z,BCHUSD,302.03,307.58,296.58,303.33,1208.87395486
2026-05-31T00:00:00Z,BCHUSD,303.60,307.37,297.40,302.38,1810.89120492
2026-06-01T00:00:00Z,BCHUSD,302.61,304.00,277.92,293.40,5966.24495109
2026-06-02T00:00:00Z,BCHUSD,292.75,293.70,265.17,268.53,3707.19235614
2026-06-03T00:00:00Z,BCHUSD,269.71,271.09,239.45,243.07,13498.32986861
2026-06-04T00:00:00Z,BCHUSD,244.48,251.67,230.26,245.27,5100.39598548
2026-06-05T00:00:00Z,BCHUSD,245.13,245.64,208.06,209.90,10203.39303053
2026-06-06T00:00:00Z,BCHUSD,211.03,226.78,201.98,217.24,12114.87141314
2026-06-07T00:00:00Z,BCHUSD,217.45,234.78,215.84,229.82,4568.52939142
2026-06-08T00:00:00Z,BCHUSD,230.77,231.42,199.82,208.94,15661.98413322
2026-06-09T00:00:00Z,BCHUSD,208.96,210.79,200.96,203.50,4024.37947034
2026-06-10T00:00:00Z,BCHUSD,203.53,204.21,191.77,195.06,4047.18544069
2026-06-11T00:00:00Z,BCHUSD,195.04,209.48,192.47,205.25,7069.81934973
2026-06-12T00:00:00Z,BCHUSD,205.07,208.90,200.96,202.10,3908.07642086
2026-06-13T00:00:00Z,BCHUSD,201.96,209.73,200.97,208.45,2875.58099842
2026-06-14T00:00:00Z,BCHUSD,208.46,210.70,196.77,210.70,4719.87356977
2026-06-15T00:00:00Z,BCHUSD,210.67,230.83,209.53,224.48,9102.81386169
2026-06-16T00:00:00Z,BCHUSD,224.03,228.20,212.90,213.99,12699.58752426
2026-06-17T00:00:00Z,BCHUSD,213.99,217.82,208.66,212.18,4361.64084774
2026-06-18T00:00:00Z,BCHUSD,213.35,215.13,192.99,199.70,8458.65921778
2026-06-19T00:00:00Z,BCHUSD,199.54,199.57,192.96,198.48,3672.03362417
2026-06-20T00:00:00Z,BCHUSD,198.50,200.77,195.76,199.61,2370.73799609
2026-06-21T00:00:00Z,BCHUSD,199.77,199.82,194.35,194.67,1139.10009454
2026-06-22T00:00:00Z,BCHUSD,195.29,205.02,195.29,197.30,2626.34607900
2026-06-23T00:00:00Z,BCHUSD,197.31,198.24,186.40,194.41,5527.32997715
2026-06-24T00:00:00Z,BCHUSD,194.33,196.12,180.91,190.19,5003.95740744
2026-06-25T00:00:00Z,BCHUSD,190.26,196.98,182.18,192.66,4790.59373081
2026-06-26T00:00:00Z,BCHUSD,193.04,202.32,184.82,196.97,3511.61560513
2026-06-27T00:00:00Z,BCHUSD,197.06,199.67,194.31,195.63,474.88560036
2026-06-28T00:00:00Z,BCHUSD,195.09,197.88,187.97,191.19,2157.24070836
2026-06-29T00:00:00Z,BCHUSD,190.20,202.67,188.53,200.48,1797.02549322
2026-06-30T00:00:00Z,BCHUSD,200.79,202.24,194.06,199.72,1966.42761508
2026-07-01T00:00:00Z,BCHUSD,199.45,218.53,195.81,209.74,5714.90194813
2026-07-02T00:00:00Z,BCHUSD,210.09,222.91,209.95,219.88,4784.97125237
2026-07-03T00:00:00Z,BCHUSD,220.36,230.76,219.54,229.22,4766.63786750
2026-07-04T00:00:00Z,BCHUSD,228.54,237.60,224.27,236.08,2518.97847676
2026-07-05T00:00:00Z,BCHUSD,235.81,249.12,233.89,244.13,5799.11849614
2026-07-06T00:00:00Z,BCHUSD,243.62,250.85,234.48,241.59,8334.71284089
2026-07-07T00:00:00Z,BCHUSD,241.84,244.87,234.57,239.50,2734.60139520
2026-07-08T00:00:00Z,BCHUSD,239.50,241.56,229.21,235.15,2588.93642879
2026-07-09T00:00:00Z,BCHUSD,235.46,240.82,231.15,237.64,2947.12515884
2026-07-10T00:00:00Z,BCHUSD,237.85,254.82,237.06,245.07,2613.11871720
2026-07-11T00:00:00Z,BCHUSD,243.95,249.86,243.43,243.95,883.95274811
2026-07-12T00:00:00Z,BCHUSD,243.55,247.48,239.07,240.11,2010.80712782
2026-07-13T00:00:00Z,BCHUSD,239.81,244.50,232.68,236.27,2367.92127380
2026-07-14T00:00:00Z,BCHUSD,236.31,241.94,231.45,236.48,4919.75784389
2026-07-15T00:00:00Z,BCHUSD,236.79,238.11,222.30,223.10,3628.59653805
2026-07-16T00:00:00Z,BCHUSD,223.40,227.05,219.47,221.37,5979.73487521
2026-07-17T00:00:00Z,BCHUSD,221.66,224.34,214.04,219.85,2538.59326439
2026-07-18T00:00:00Z,BCHUSD,219.83,221.43,216.77,220.02,800.74246792
2026-07-19T00:00:00Z,BCHUSD,219.89,220.20,213.93,215.07,857.11573727
2026-07-20T00:00:00Z,BCHUSD,214.91,221.01,209.80,219.81,3434.50511270
2026-07-21T00:00:00Z,BCHUSD,219.73,226.64,219.48,223.64,2235.28070935
2026-07-22T00:00:00Z,BCHUSD,223.88,225.33,218.51,219.87,1698.92672167
2026-07-23T00:00:00Z,BCHUSD,219.93,220.22,208.26,212.01,1754.89072162
2026-07-24T00:00:00Z,BCHUSD,211.71,213.14,207.07,210.40,1430.49189649
2026-07-25T00:00:00Z,BCHUSD,210.66,212.64,209.00,209.70,1277.38525108
2026-07-26T00:00:00Z,BCHUSD,209.77,218.87,209.04,216.85,1544.24475638
2026-07-27T00:00:00Z,BCHUSD,216.88,219.70,210.91,211.84,3218.51095493
2026-07-28T00:00:00Z,BCHUSD,211.83,215.03,208.99,214.35,1520.91193518
2026-07-29T00:00:00Z,BCHUSD,214.81,215.93,204.28,211.18,1815.23789858
2026-07-30T00:00:00Z,BCHUSD,210.77,221.61,208.16,216.80,4048.21567199
2026-07-31T00:00:00Z,BCHUSD,216.93,218.07,205.06,210.23,1897.01037706
2026-08-01T00:00:00Z,BCHUSD,210.08,211.88,206.01,207.90,1331.47049664
2026-08-02T00:00:00Z,BCHUSD,207.90,214.60,207.05,212.52,1506.74842086
2026-08-03T00:00:00Z,BCHUSD,212.39,214.88,208.30,213.12,1070.29361511
2026-08-04T00:00:00Z,BCHUSD,213.01,214.65,211.47,213.55,527.18971520
2026-08-05T00:00:00Z,BCHUSD,213.09,217.10,209.87,214.38,2548.61153861
2026-08-06T00:00:00Z,BCHUSD,214.51,215.40,210.73,212.65,1374.73805798
2026-08-07T00:00:00Z,BCHUSD,212.69,217.88,212.52,214.63,767.48489295
2026-08-08T00:00:00Z,BCHUSD,215.01,218.71,214.34,215.99,631.75164657
2026-08-09T00:00:00Z,BCHUSD,215.95,218.45,213.84,214.67,615.54254812
2026-08-10T00:00:00Z,BCHUSD,215.05,217.14,212.30,213.11,225.03872440
2026-08-11T00:00:00Z,BCHUSD,212.92,215.91,211.10,213.71,397.43406857
2026-08-12T00:00:00Z,BCHUSD,213.52,216.43,211.33,212.51,357.37259933
2026-08-13T00:00:00Z,BCHUSD,212.47,215.89,205.05,206.47,2567.73531814
2026-08-14T00:00:00Z,BCHUSD,206.34,206.98,199.65,204.69,2048.15810693
2026-08-15T00:00:00Z,BCHUSD,204.83,207.11,202.76,203.34,1680.46718619
2026-08-16T00:00:00Z,BCHUSD,203.40,204.81,201.83,203.60,479.04028137
2026-08-17T00:00:00Z,BCHUSD,203.98,205.48,203.20,205.03,575.50716229
2026-08-18T00:00:00Z,BCHUSD,204.59,204.99,202.43,203.39,630.92928940
2026-08-19T00:00:00Z,BCHUSD,203.47,214.00,201.99,213.50,4860.18768416
2026-08-20T00:00:00Z,BCHUSD,213.39,226.44,208.49,222.65,4933.50908118
2026-08-21T00:00:00Z,BCHUSD,223.24,300.95,223.24,288.00,32518.04365117
2026-08-22T00:00:00Z,BCHUSD,287.62,305.44,260.00,276.59,13886.02538021
2026-08-23T00:00:00Z,BCHUSD,275.85,280.20,262.87,274.38,6229.45608173
2026-08-24T00:00:00Z,BCHUSD,274.36,285.63,262.53,270.73,11053.39260678
2026-08-25T00:00:00Z,BCHUSD,270.50,281.66,260.66,265.96,4752.35542390
2026-08-26T00:00:00Z,BCHUSD,266.03,270.54,258.14,268.89,2210.74760128
2026-08-27T00:00:00Z,BCHUSD,268.68,274.01,264.79,269.74,2150.34989387
2026-08-28T00:00:00Z,BCHUSD,268.64,272.04,244.29,247.88,6911.62190480
2026-08-29T00:00:00Z,BCHUSD,248.60,248.83,242.67,247.28,1304.34692887
2026-08-30T00:00:00Z,BCHUSD,247.27,255.08,239.80,243.56,3555.20374449
2026-08-31T00:00:00Z,BCHUSD,243.24,249.14,241.63,247.18,2494.82784594
2026-09-01T00:00:00Z,BCHUSD,246.99,251.75,243.09,246.13,1698.23997715
2026-09-02T00:00:00Z,BCHUSD,245.93,249.79,240.74,244.54,1489.99182328
2026-09-03T00:00:00Z,BCHUSD,244.49,261.36,242.24,256.60,9052.98110650
2026-09-04T00:00:00Z,BCHUSD,256.62,261.15,246.91,248.07,3718.28125201
2026-09-05T00:00:00Z,BCHUSD,248.00,260.00,244.89,257.04,5018.77177678
2026-09-06T00:00:00Z,BCHUSD,255.99,265.07,253.96,261.04,7257.60114414
2026-09-07T00:00:00Z,BCHUSD,261.03,269.98,252.02,259.63,8715.58342809
2026-09-08T00:00:00Z,BCHUSD,259.59,263.32,251.50,258.31,6832.08884317
2026-09-09T00:00:00Z,BCHUSD,258.36,261.32,247.73,251.79,3194.90102867
2026-09-10T00:00:00Z,BCHUSD,251.72,252.29,223.07,223.74,8079.57475934
2026-09-11T00:00:00Z,BCHUSD,224.52,238.04,219.20,228.20,7015.15755906
2026-09-12T00:00:00Z,BCHUSD,228.36,232.07,224.70,226.47,2472.61417428
2026-09-13T00:00:00Z,BCHUSD,226.30,226.75,219.43,221.42,3688.58596172
2026-09-14T00:00:00Z,BCHUSD,221.17,230.17,219.64,223.20,5576.02893999
2026-09-15T00:00:00Z,BCHUSD,223.10,224.92,212.67,217.03,3548.59648318
2026-09-16T00:00:00Z,BCHUSD,217.73,221.43,213.81,220.88,2007.16325255
2026-09-17T00:00:00Z,BCHUSD,221.35,240.78,219.51,233.92,8669.31619921
2026-09-18T00:00:00Z,BCHUSD,234.00,266.00,233.24,254.99,11446.64341221
2026-09-19T00:00:00Z,BCHUSD,255.19,258.06,244.79,255.01,6210.12066721
2026-09-20T00:00:00Z,BCHUSD,254.81,255.31,243.28,252.73,4636.16413286
2026-09-21T00:00:00Z,BCHUSD,252.64,273.42,249.97,267.15,19154.80084951
2026-09-22T00:00:00Z,BCHUSD,268.05,347.72,261.54,344.66,74174.93502460
2026-09-23T00:00:00Z,BCHUSD,344.87,365.91,324.01,337.65,50619.23957972
2026-09-24T00:00:00Z,BCHUSD,338.41,349.06,325.00,338.37,14652.50848426
2026-09-25T00:00:00Z,BCHUSD,338.64,346.93,327.91,343.05,12199.58041592
2026-09-26T00:00:00Z,BCHUSD,343.05,344.02,332.17,336.02,3920.98402621
2026-09-27T00:00:00Z,BCHUSD,335.91,347.56,327.69,332.48,7683.81869836
2026-09-28T00:00:00Z,BCHUSD,331.86,333.63,305.02,310.20,12550.23031970
2026-09-29T00:00:00Z,BCHUSD,310.17,313.90,302.59,307.44,5561.16413028
2026-09-30T00:00:00Z,BCHUSD,307.86,318.17,303.34,306.09,5280.47657960
