timestamp,symbol,open,high,low,close,volume
2021-10-26T00:00:00Z,BNCUSD,5.0,5.0,3.51,3.98,101123.88803191006
2021-10-27T00:00:00Z,BNCUSD,3.98,4.25,3.27,3.59,93825.67480211999
2021-10-28T00:00:00Z,BNCUSD,3.59,3.85,3.31,3.39,54515.060911230015
2021-10-29T00:00:00Z,BNCUSD,3.41,3.67,3.2,3.57,65139.57120301004
2021-10-30T00:00:00Z,BNCUSD,3.54,3.84,3.27,3.7,32972.69588415
2021-10-31T00:00:00Z,BNCUSD,3.7,3.94,3.6,3.9,27483.483891600004
2021-11-01T00:00:00Z,BNCUSD,3.88,4.0,3.77,3.85,25717.150836030025
2021-11-02T00:00:00Z,BNCUSD,3.86,5.49,3.86,4.55,115698.51715337012
2021-11-03T00:00:00Z,BNCUSD,4.51,6.48,4.23,5.54,170876.0794622999
2021-11-04T00:00:00Z,BNCUSD,5.54,6.28,5.25,5.73,75937.92869013007
2021-11-05T00:00:00Z,BNCUSD,5.74,5.86,4.71,5.13,60822.15447699002
2021-11-06T00:00:00Z,BNCUSD,5.11,5.26,4.92,5.23,23147.275280090005
2021-11-07T00:00:00Z,BNCUSD,5.22,5.42,4.99,5.26,21765.295162390004
2021-11-08T00:00:00Z,BNCUSD,5.26,5.88,5.1,5.77,24293.574880520002
2021-11-09T00:00:00Z,BNCUSD,5.77,6.4,5.43,5.57,47838.146029890006
2021-11-10T00:00:00Z,BNCUSD,5.58,5.93,4.3,4.88,76425.64597807002
2021-11-11T00:00:00Z,BNCUSD,4.93,5.84,4.73,5.45,25419.921735680007
2021-11-12T00:00:00Z,BNCUSD,5.49,5.54,4.88,5.19,30250.175010380015
2021-11-13T00:00:00Z,BNCUSD,5.19,5.22,4.79,5.01,19069.295212980007
2021-11-14T00:00:00Z,BNCUSD,5.02,5.16,4.76,4.96,12778.31505775001
2021-11-15T00:00:00Z,BNCUSD,4.94,4.99,4.57,4.63,15197.142281800006
2021-11-16T00:00:00Z,BNCUSD,4.65,4.65,3.86,4.2,52469.30563658999
2021-11-17T00:00:00Z,BNCUSD,4.16,4.32,3.93,4.25,33043.16445383003
2021-11-18T00:00:00Z,BNCUSD,4.3,4.31,3.85,4.04,23303.15306805002
2021-11-19T00:00:00Z,BNCUSD,4.04,4.37,3.9,4.26,15333.215148890013
2021-11-20T00:00:00Z,BNCUSD,4.27,4.36,4.15,4.28,9048.545407280002
2021-11-21T00:00:00Z,BNCUSD,4.26,4.26,3.67,4.02,29755.22494205003
2021-11-22T00:00:00Z,BNCUSD,4.0,4.07,3.47,3.51,21207.89999125001
2021-11-23T00:00:00Z,BNCUSD,3.51,3.96,3.37,3.65,28839.531812330013
2021-11-24T00:00:00Z,BNCUSD,3.63,3.96,3.5,3.57,17510.14049326999
2021-11-25T00:00:00Z,BNCUSD,3.57,3.67,3.36,3.54,28234.682386490003
2021-11-26T00:00:00Z,BNCUSD,3.54,3.56,3.05,3.3,46605.65562090008
2021-11-27T00:00:00Z,BNCUSD,3.31,3.65,3.26,3.41,20745.807755459988
2021-11-28T00:00:00Z,BNCUSD,3.41,3.57,3.24,3.41,25904.756941220006
2021-11-29T00:00:00Z,BNCUSD,3.42,3.48,3.23,3.27,34538.837032340016
2021-11-30T00:00:00Z,BNCUSD,3.29,3.31,3.01,3.16,28382.87172291
2021-12-01T00:00:00Z,BNCUSD,3.15,3.45,2.95,3.09,25564.76993886003
2021-12-02T00:00:00Z,BNCUSD,3.06,3.06,2.6,2.84,18195.50710079
2021-12-03T00:00:00Z,BNCUSD,2.85,2.96,2.62,2.7,9715.743900079997
2021-12-04T00:00:00Z,BNCUSD,2.7,2.73,2.05,2.53,58437.65013001996
2021-12-05T00:00:00Z,BNCUSD,2.53,2.59,2.31,2.41,14789.58295191001
2021-12-06T00:00:00Z,BNCUSD,2.41,2.42,2.08,2.24,15022.33834495
2021-12-07T00:00:00Z,BNCUSD,2.24,2.37,2.2,2.25,6862.361387250001
2021-12-08T00:00:00Z,BNCUSD,2.24,2.31,2.15,2.31,6909.196296449998
2021-12-09T00:00:00Z,BNCUSD,2.31,2.31,2.09,2.19,4868.31384769
2021-12-10T00:00:00Z,BNCUSD,2.18,2.25,2.04,2.11,10407.317206990005
2021-12-11T00:00:00Z,BNCUSD,2.09,2.26,2.02,2.13,10588.092002460005
2021-12-12T00:00:00Z,BNCUSD,2.13,2.17,2.04,2.11,6205.596076859998
2021-12-13T00:00:00Z,BNCUSD,2.1,2.11,1.92,1.92,4158.299007640002
2021-12-14T00:00:00Z,BNCUSD,1.95,1.99,1.84,1.89,8027.52227894
2021-12-15T00:00:00Z,BNCUSD,1.89,2.03,1.64,1.86,34562.431908019986
2021-12-16T00:00:00Z,BNCUSD,1.84,2.14,1.69,1.78,11255.104782130007
2021-12-17T00:00:00Z,BNCUSD,1.78,1.84,1.66,1.76,4014.3468615200004
2021-12-18T00:00:00Z,BNCUSD,1.75,1.81,1.66,1.72,3369.3201337500013
2021-12-19T00:00:00Z,BNCUSD,1.7,1.85,1.64,1.69,3758.7076537500006
2021-12-20T00:00:00Z,BNCUSD,1.69,1.74,1.51,1.63,4754.735720809999
2021-12-21T00:00:00Z,BNCUSD,1.58,1.73,1.57,1.67,6627.441101839986
2021-12-22T00:00:00Z,BNCUSD,1.66,1.96,1.62,1.74,5848.216669929998
2021-12-23T00:00:00Z,BNCUSD,1.65,1.79,1.54,1.77,14862.99078859
2021-12-24T00:00:00Z,BNCUSD,1.77,1.8,1.65,1.65,7981.275194260002
2021-12-25T00:00:00Z,BNCUSD,1.77,1.77,1.63,1.71,8471.917736450001
2021-12-26T00:00:00Z,BNCUSD,1.71,1.81,1.63,1.81,12930.383395240004
2021-12-27T00:00:00Z,BNCUSD,1.78,1.8,1.68,1.71,12063.659668589995
2021-12-28T00:00:00Z,BNCUSD,1.74,1.82,1.68,1.79,14435.242614819992
2021-12-29T00:00:00Z,BNCUSD,1.78,1.8,1.56,1.62,13382.38304986
2021-12-30T00:00:00Z,BNCUSD,1.61,1.71,1.51,1.57,3900.08316185
2021-12-31T00:00:00Z,BNCUSD,1.6,1.81,1.5,1.54,6565.278282949999
2022-01-01T00:00:00Z,BNCUSD,1.54,1.64,1.51,1.56,4393.166792220003
2022-01-02T00:00:00Z,BNCUSD,1.58,1.62,1.55,1.55,2252.8317111499987
2022-01-03T00:00:00Z,BNCUSD,1.58,1.62,1.52,1.57,2913.522323059998
2022-01-04T00:00:00Z,BNCUSD,1.6,1.91,1.52,1.69,12406.322989459977
2022-01-05T00:00:00Z,BNCUSD,1.66,1.7,1.52,1.57,16820.471453440005
2022-01-06T00:00:00Z,BNCUSD,1.55,1.58,1.5,1.53,7022.390180659998
2022-01-07T00:00:00Z,BNCUSD,1.53,1.53,1.38,1.41,10043.073893620003
2022-01-08T00:00:00Z,BNCUSD,1.42,1.51,1.35,1.39,10197.699316010005
2022-01-09T00:00:00Z,BNCUSD,1.43,1.88,1.35,1.42,13394.545104789999
2022-01-10T00:00:00Z,BNCUSD,1.48,1.61,1.29,1.39,9228.816780180005
2022-01-11T00:00:00Z,BNCUSD,1.39,1.8,1.3,1.54,19911.247397570012
2022-01-12T00:00:00Z,BNCUSD,1.57,1.8,1.53,1.57,25023.76524309999
2022-01-13T00:00:00Z,BNCUSD,1.59,1.64,1.5,1.6,7187.969533719999
2022-01-14T00:00:00Z,BNCUSD,1.63,1.75,1.55,1.59,17964.748444159988
2022-01-15T00:00:00Z,BNCUSD,1.62,1.64,1.45,1.58,16575.035842980014
2022-01-16T00:00:00Z,BNCUSD,1.57,1.57,1.46,1.48,4732.451275010002
2022-01-17T00:00:00Z,BNCUSD,1.48,1.56,1.36,1.38,9183.981365270003
2022-01-18T00:00:00Z,BNCUSD,1.38,1.43,1.26,1.42,15863.049721299996
2022-01-19T00:00:00Z,BNCUSD,1.41,1.41,1.25,1.33,3709.0076760800002
2022-01-20T00:00:00Z,BNCUSD,1.32,1.53,1.32,1.39,11087.319800590003
2022-01-21T00:00:00Z,BNCUSD,1.39,1.45,1.18,1.21,13749.209574420003
2022-01-22T00:00:00Z,BNCUSD,1.21,1.22,1.03,1.08,18997.302245909996
2022-01-23T00:00:00Z,BNCUSD,1.09,1.13,1.06,1.12,5086.692272020001
2022-01-24T00:00:00Z,BNCUSD,1.13,1.13,0.96,1.0,6596.821554150003
2022-01-25T00:00:00Z,BNCUSD,1.04,1.1,0.95,1.0,8116.489301759998
2022-01-26T00:00:00Z,BNCUSD,1.01,1.17,0.93,1.0,22854.39688383001
2022-01-27T00:00:00Z,BNCUSD,1.0,1.09,0.92,0.97,9246.188762630003
2022-01-28T00:00:00Z,BNCUSD,0.96,1.0,0.87,0.94,6021.698258559999
2022-01-29T00:00:00Z,BNCUSD,0.96,1.13,0.89,0.94,38991.199467599974
2022-01-30T00:00:00Z,BNCUSD,0.93,0.94,0.84,0.84,11370.717855789999
2022-01-31T00:00:00Z,BNCUSD,0.86,0.88,0.82,0.87,9598.917805559999
2022-02-01T00:00:00Z,BNCUSD,0.87,0.9,0.82,0.87,14128.683666030001
2022-02-02T00:00:00Z,BNCUSD,0.86,0.88,0.75,0.78,4290.211404859999
2022-02-03T00:00:00Z,BNCUSD,0.79,0.81,0.71,0.76,6898.293338590002
2022-02-04T00:00:00Z,BNCUSD,0.79,0.93,0.77,0.82,19192.06762757001
2022-02-05T00:00:00Z,BNCUSD,0.81,0.87,0.81,0.83,20840.34627767999
2022-02-06T00:00:00Z,BNCUSD,0.82,0.87,0.8,0.82,15391.267369570001
2022-02-07T00:00:00Z,BNCUSD,0.86,0.93,0.76,0.87,58796.864646180016
2022-02-08T00:00:00Z,BNCUSD,0.86,0.91,0.79,0.79,10545.932874119997
2022-02-09T00:00:00Z,BNCUSD,0.83,0.85,0.78,0.81,10992.351069720005
2022-02-10T00:00:00Z,BNCUSD,0.81,0.84,0.76,0.76,12595.577724100001
2022-02-11T00:00:00Z,BNCUSD,0.75,0.8,0.67,0.68,44673.570475669985
2022-02-12T00:00:00Z,BNCUSD,0.67,0.78,0.65,0.72,37123.41520409005
2022-02-13T00:00:00Z,BNCUSD,0.72,0.73,0.67,0.68,7885.532195199998
2022-02-14T00:00:00Z,BNCUSD,0.65,0.66,0.64,0.66,19851.741901470006
2022-02-15T00:00:00Z,BNCUSD,0.66,0.7,0.65,0.68,4070.5884971200003
2022-02-16T00:00:00Z,BNCUSD,0.67,0.72,0.65,0.67,9232.567655609997
2022-02-17T00:00:00Z,BNCUSD,0.67,0.7,0.63,0.65,12254.385705360004
2022-02-18T00:00:00Z,BNCUSD,0.63,0.68,0.62,0.63,3747.2901675199996
2022-02-19T00:00:00Z,BNCUSD,0.64,0.65,0.61,0.62,5261.65418633
2022-02-20T00:00:00Z,BNCUSD,0.62,0.62,0.53,0.56,39292.07225340999
2022-02-21T00:00:00Z,BNCUSD,0.55,0.65,0.49,0.5,26226.01796206001
2022-02-22T00:00:00Z,BNCUSD,0.49,0.53,0.49,0.51,7788.74191345
2022-02-23T00:00:00Z,BNCUSD,0.52,0.54,0.5,0.51,2912.29984431
2022-02-24T00:00:00Z,BNCUSD,0.5,0.5,0.43,0.46,12688.931891159995
2022-02-25T00:00:00Z,BNCUSD,0.47,0.5,0.43,0.49,12359.604800620002
2022-02-26T00:00:00Z,BNCUSD,0.49,0.52,0.45,0.46,18917.162818109995
2022-02-27T00:00:00Z,BNCUSD,0.46,0.48,0.42,0.44,16944.351532939996
2022-02-28T00:00:00Z,BNCUSD,0.43,0.47,0.42,0.47,30470.898879459986
2022-03-01T00:00:00Z,BNCUSD,0.45,0.49,0.45,0.47,6888.838884920002
2022-03-02T00:00:00Z,BNCUSD,0.47,0.5,0.46,0.48,24674.39767144
2022-03-03T00:00:00Z,BNCUSD,0.47,0.52,0.47,0.48,51401.645749140014
2022-03-04T00:00:00Z,BNCUSD,0.48,0.48,0.44,0.44,18147.607551489986
2022-03-05T00:00:00Z,BNCUSD,0.46,0.46,0.45,0.45,1320.4730398300003
2022-03-06T00:00:00Z,BNCUSD,0.45,0.48,0.42,0.46,14604.563818860006
2022-03-07T00:00:00Z,BNCUSD,0.46,0.47,0.43,0.43,4961.678927500002
2022-03-08T00:00:00Z,BNCUSD,0.45,0.46,0.42,0.42,13605.119566309999
2022-03-09T00:00:00Z,BNCUSD,0.43,0.57,0.42,0.56,42961.12134685999
2022-03-10T00:00:00Z,BNCUSD,0.54,0.62,0.45,0.49,41654.27888921
2022-03-11T00:00:00Z,BNCUSD,0.51,0.51,0.43,0.47,25485.121830380005
2022-03-12T00:00:00Z,BNCUSD,0.46,0.53,0.44,0.47,40377.781471009985
2022-03-13T00:00:00Z,BNCUSD,0.46,0.49,0.43,0.48,10541.902327099993
2022-03-14T00:00:00Z,BNCUSD,0.44,0.46,0.42,0.45,4823.00450995
2022-03-15T00:00:00Z,BNCUSD,0.45,0.45,0.41,0.44,1822.4317758
2022-03-16T00:00:00Z,BNCUSD,0.42,0.46,0.42,0.44,18126.542839039997
2022-03-17T00:00:00Z,BNCUSD,0.44,0.46,0.44,0.45,4284.231927909986
2022-03-18T00:00:00Z,BNCUSD,0.46,0.49,0.44,0.49,12427.656076940018
2022-03-19T00:00:00Z,BNCUSD,0.48,0.6,0.47,0.57,44628.10658715996
2022-03-20T00:00:00Z,BNCUSD,0.58,0.64,0.53,0.56,41361.269000190085
2022-03-21T00:00:00Z,BNCUSD,0.55,0.63,0.53,0.58,35111.88588716005
2022-03-22T00:00:00Z,BNCUSD,0.59,0.63,0.52,0.59,42552.324282159956
2022-03-23T00:00:00Z,BNCUSD,0.57,0.88,0.57,0.65,48927.02423839986
2022-03-24T00:00:00Z,BNCUSD,0.65,0.68,0.62,0.68,10689.339235190031
2022-03-25T00:00:00Z,BNCUSD,0.66,0.68,0.62,0.62,9313.13785804
2022-03-26T00:00:00Z,BNCUSD,0.66,0.68,0.62,0.62,9324.39047991
2022-03-27T00:00:00Z,BNCUSD,0.62,0.66,0.61,0.62,3736.606646099999
2022-03-28T00:00:00Z,BNCUSD,0.63,0.67,0.59,0.64,35441.95115239001
2022-03-29T00:00:00Z,BNCUSD,0.65,0.67,0.63,0.65,9617.15785314
2022-03-30T00:00:00Z,BNCUSD,0.65,1.18,0.65,1.07,179636.32410950022
2022-03-31T00:00:00Z,BNCUSD,1.08,1.66,1.02,1.3,428024.2756375883
2022-04-01T00:00:00Z,BNCUSD,1.3,1.46,1.06,1.11,222594.6004401396
2022-04-02T00:00:00Z,BNCUSD,1.13,1.25,1.01,1.09,159741.21541480007
2022-04-03T00:00:00Z,BNCUSD,1.09,1.35,1.05,1.16,131780.9395101002
2022-04-04T00:00:00Z,BNCUSD,1.16,1.2,1.05,1.12,50774.24106325004
2022-04-05T00:00:00Z,BNCUSD,1.12,1.28,1.07,1.11,79509.24350240995
2022-04-06T00:00:00Z,BNCUSD,1.13,1.17,0.99,1.01,41057.20819409994
2022-04-07T00:00:00Z,BNCUSD,1.02,1.06,0.97,1.02,12449.63406977
2022-04-08T00:00:00Z,BNCUSD,1.02,1.03,0.92,0.92,20597.999376159987
2022-04-09T00:00:00Z,BNCUSD,0.94,0.98,0.9,0.93,9917.839889810002
2022-04-10T00:00:00Z,BNCUSD,0.94,1.08,0.92,1.0,50347.5322004
2022-04-11T00:00:00Z,BNCUSD,0.99,1.0,0.83,0.87,35632.08076427999
2022-04-12T00:00:00Z,BNCUSD,0.86,0.89,0.72,0.8,50143.93052388001
2022-04-13T00:00:00Z,BNCUSD,0.82,0.94,0.79,0.89,13069.205129790003
2022-04-14T00:00:00Z,BNCUSD,0.88,0.9,0.79,0.81,20318.305463270004
2022-04-15T00:00:00Z,BNCUSD,0.81,0.85,0.76,0.81,9565.510857149993
2022-04-16T00:00:00Z,BNCUSD,0.79,0.82,0.74,0.78,7082.855593839994
2022-04-17T00:00:00Z,BNCUSD,0.79,0.81,0.76,0.78,4012.138922019999
2022-04-18T00:00:00Z,BNCUSD,0.77,0.8,0.75,0.8,4271.31600627
2022-04-19T00:00:00Z,BNCUSD,0.81,0.83,0.79,0.82,6550.186478440002
2022-04-20T00:00:00Z,BNCUSD,0.83,0.88,0.8,0.85,8051.903956710003
2022-04-21T00:00:00Z,BNCUSD,0.84,0.9,0.79,0.79,8317.187387769998
2022-04-22T00:00:00Z,BNCUSD,0.8,0.82,0.73,0.77,30624.321232300048
2022-04-23T00:00:00Z,BNCUSD,0.75,0.75,0.7,0.73,6102.798217900004
2022-04-24T00:00:00Z,BNCUSD,0.73,0.75,0.69,0.7,9079.664262739996
2022-04-25T00:00:00Z,BNCUSD,0.69,0.69,0.61,0.66,14960.188160889998
2022-04-26T00:00:00Z,BNCUSD,0.65,0.69,0.62,0.65,5736.458533480002
2022-04-27T00:00:00Z,BNCUSD,0.65,0.67,0.61,0.65,4000.4491526700017
2022-04-28T00:00:00Z,BNCUSD,0.65,0.7,0.62,0.65,28831.98968512999
2022-04-29T00:00:00Z,BNCUSD,0.65,0.7,0.61,0.64,52451.53333216002
2022-04-30T00:00:00Z,BNCUSD,0.65,0.67,0.6,0.63,9610.409184379996
2022-05-01T00:00:00Z,BNCUSD,0.62,0.64,0.57,0.61,11505.599683979994
2022-05-02T00:00:00Z,BNCUSD,0.63,0.63,0.59,0.59,5158.95306753
2022-05-03T00:00:00Z,BNCUSD,0.61,0.63,0.57,0.61,8404.36866882
2022-05-04T00:00:00Z,BNCUSD,0.61,0.65,0.57,0.63,4661.427483450002
2022-05-05T00:00:00Z,BNCUSD,0.62,0.66,0.55,0.56,11266.694620729999
2022-05-06T00:00:00Z,BNCUSD,0.57,0.57,0.52,0.55,11942.407388479998
2022-05-07T00:00:00Z,BNCUSD,0.55,0.56,0.51,0.52,9455.49661101
2022-05-08T00:00:00Z,BNCUSD,0.54,0.54,0.45,0.52,55374.303803090006
2022-05-09T00:00:00Z,BNCUSD,0.53,0.59,0.46,0.49,62806.1349506
2022-05-10T00:00:00Z,BNCUSD,0.49,0.51,0.43,0.43,12318.725604319989
2022-05-11T00:00:00Z,BNCUSD,0.47,0.48,0.32,0.32,47470.899976780005
2022-05-12T00:00:00Z,BNCUSD,0.38,0.38,0.24,0.31,39013.04282817999
2022-05-13T00:00:00Z,BNCUSD,0.329,0.38,0.31,0.35,34089.58176509998
2022-05-14T00:00:00Z,BNCUSD,0.35,0.35,0.299,0.32,15473.742492569998
2022-05-15T00:00:00Z,BNCUSD,0.301,0.36,0.3,0.359,5844.267879420004
2022-05-16T00:00:00Z,BNCUSD,0.335,0.378,0.329,0.339,13511.59376646
2022-05-17T00:00:00Z,BNCUSD,0.346,0.427,0.342,0.367,55635.089922309955
2022-05-18T00:00:00Z,BNCUSD,0.367,0.399,0.326,0.355,31503.358156420047
2022-05-19T00:00:00Z,BNCUSD,0.355,0.372,0.296,0.338,11261.903788419997
2022-05-20T00:00:00Z,BNCUSD,0.341,0.37,0.327,0.336,8095.9393492300005
2022-05-21T00:00:00Z,BNCUSD,0.35,0.358,0.303,0.322,4750.069702929998
2022-05-22T00:00:00Z,BNCUSD,0.325,0.354,0.308,0.326,8375.49203364
2022-05-23T00:00:00Z,BNCUSD,0.326,0.375,0.311,0.351,12348.936243959997
2022-05-24T00:00:00Z,BNCUSD,0.357,0.364,0.329,0.334,13657.254861739997
2022-05-25T00:00:00Z,BNCUSD,0.342,0.346,0.328,0.335,1496.6755919300006
2022-05-26T00:00:00Z,BNCUSD,0.347,0.363,0.318,0.348,42536.979751879975
2022-05-27T00:00:00Z,BNCUSD,0.333,0.348,0.318,0.322,9608.384365060003
2022-05-28T00:00:00Z,BNCUSD,0.322,0.331,0.317,0.318,2674.21854307
2022-05-29T00:00:00Z,BNCUSD,0.317,0.339,0.306,0.32,15224.82587237
2022-05-30T00:00:00Z,BNCUSD,0.322,0.341,0.312,0.322,9857.73095434
2022-05-31T00:00:00Z,BNCUSD,0.34,0.439,0.32,0.398,94063.58764556999
2022-06-01T00:00:00Z,BNCUSD,0.392,0.417,0.34,0.352,23171.680258240005
2022-06-02T00:00:00Z,BNCUSD,0.362,0.37,0.333,0.351,8247.93787291
2022-06-03T00:00:00Z,BNCUSD,0.371,0.371,0.318,0.339,23736.866574260013
2022-06-04T00:00:00Z,BNCUSD,0.354,0.362,0.323,0.348,1646.4558103399997
2022-06-05T00:00:00Z,BNCUSD,0.347,0.347,0.33,0.331,746.7153783499999
2022-06-06T00:00:00Z,BNCUSD,0.334,0.358,0.332,0.341,21567.24357644
2022-06-07T00:00:00Z,BNCUSD,0.355,0.377,0.311,0.327,24703.479949079992
2022-06-08T00:00:00Z,BNCUSD,0.335,0.34,0.318,0.321,2903.48584799
2022-06-09T00:00:00Z,BNCUSD,0.319,0.336,0.311,0.318,2706.54787381
2022-06-10T00:00:00Z,BNCUSD,0.33,0.335,0.272,0.305,13968.040879690001
2022-06-11T00:00:00Z,BNCUSD,0.287,0.314,0.263,0.272,18696.144670169997
2022-06-12T00:00:00Z,BNCUSD,0.273,0.313,0.251,0.262,15099.684834700003
2022-06-13T00:00:00Z,BNCUSD,0.242,0.255,0.21,0.219,82114.02959149999
2022-06-14T00:00:00Z,BNCUSD,0.225,0.267,0.22,0.255,20051.483449560004
2022-06-15T00:00:00Z,BNCUSD,0.255,0.278,0.23,0.252,26630.76897332003
2022-06-16T00:00:00Z,BNCUSD,0.247,0.254,0.208,0.241,25442.038137000007
2022-06-17T00:00:00Z,BNCUSD,0.23,0.25,0.229,0.234,9237.622754959997
2022-06-18T00:00:00Z,BNCUSD,0.254,0.254,0.203,0.22,31313.426639569996
2022-06-19T00:00:00Z,BNCUSD,0.227,0.251,0.201,0.24,1538.25870356
2022-06-20T00:00:00Z,BNCUSD,0.219,0.252,0.213,0.226,458.47057
2022-06-21T00:00:00Z,BNCUSD,0.224,0.245,0.221,0.235,2995.3048318199994
2022-06-22T00:00:00Z,BNCUSD,0.237,0.238,0.209,0.217,6896.727162790002
2022-06-23T00:00:00Z,BNCUSD,0.219,0.244,0.212,0.214,7895.887763500001
2022-06-24T00:00:00Z,BNCUSD,0.228,0.238,0.209,0.232,22871.77472956999
2022-06-25T00:00:00Z,BNCUSD,0.229,0.234,0.201,0.224,8709.393863590001
2022-06-26T00:00:00Z,BNCUSD,0.224,0.224,0.209,0.211,15319.87136947
2022-06-27T00:00:00Z,BNCUSD,0.21,0.269,0.202,0.234,8305.090250919997
2022-06-28T00:00:00Z,BNCUSD,0.253,0.263,0.228,0.232,25996.244193620005
2022-06-29T00:00:00Z,BNCUSD,0.232,0.234,0.21,0.23,9258.91444148
2022-06-30T00:00:00Z,BNCUSD,0.215,0.225,0.2,0.2,7188.695411130004
2022-07-01T00:00:00Z,BNCUSD,0.219,0.227,0.203,0.215,2300.453919
2022-07-02T00:00:00Z,BNCUSD,0.229,0.231,0.207,0.209,3032.2103566900005
2022-07-03T00:00:00Z,BNCUSD,0.209,0.219,0.204,0.208,2488.86903
2022-07-04T00:00:00Z,BNCUSD,0.203,0.218,0.203,0.206,1868.7151703199997
2022-07-05T00:00:00Z,BNCUSD,0.218,0.218,0.202,0.217,1816.08221784
2022-07-06T00:00:00Z,BNCUSD,0.209,0.222,0.202,0.215,2477.33964
2022-07-07T00:00:00Z,BNCUSD,0.218,0.229,0.203,0.222,13659.489086990001
2022-07-08T00:00:00Z,BNCUSD,0.221,0.238,0.209,0.221,10884.610442189998
2022-07-09T00:00:00Z,BNCUSD,0.236,0.256,0.21,0.218,5608.166837549999
2022-07-10T00:00:00Z,BNCUSD,0.211,0.236,0.211,0.228,6172.460524070003
2022-07-11T00:00:00Z,BNCUSD,0.205,0.228,0.197,0.208,11895.577685299999
2022-07-12T00:00:00Z,BNCUSD,0.208,0.21,0.196,0.199,1050.5297422899998
2022-07-13T00:00:00Z,BNCUSD,0.215,0.222,0.199,0.208,16247.38738655
2022-07-14T00:00:00Z,BNCUSD,0.205,0.222,0.204,0.219,2808.15213108
2022-07-15T00:00:00Z,BNCUSD,0.207,0.222,0.203,0.208,6657.480891530001
2022-07-16T00:00:00Z,BNCUSD,0.212,0.224,0.203,0.224,11017.277497110006
2022-07-17T00:00:00Z,BNCUSD,0.216,0.223,0.202,0.214,13141.002437940002
2022-07-18T00:00:00Z,BNCUSD,0.227,0.242,0.217,0.23,1230.55314003
2022-07-19T00:00:00Z,BNCUSD,0.23,0.234,0.212,0.223,18215.365206750008
2022-07-20T00:00:00Z,BNCUSD,0.218,0.247,0.214,0.214,13345.36729024
2022-07-21T00:00:00Z,BNCUSD,0.214,0.232,0.213,0.213,4376.81035333
2022-07-22T00:00:00Z,BNCUSD,0.216,0.225,0.211,0.224,6680.2083962199995
2022-07-23T00:00:00Z,BNCUSD,0.215,0.223,0.207,0.208,9064.12480087
2022-07-24T00:00:00Z,BNCUSD,0.209,0.221,0.207,0.217,2934.96751916
2022-07-25T00:00:00Z,BNCUSD,0.21,0.217,0.207,0.207,1700.1585499999999
2022-07-26T00:00:00Z,BNCUSD,0.219,0.22,0.202,0.203,1997.3721885900002
2022-07-27T00:00:00Z,BNCUSD,0.213,0.227,0.202,0.216,18440.506490670006
2022-07-28T00:00:00Z,BNCUSD,0.22,0.226,0.215,0.221,8349.702088760003
2022-07-29T00:00:00Z,BNCUSD,0.212,0.245,0.212,0.236,14590.676339189999
2022-07-30T00:00:00Z,BNCUSD,0.236,0.251,0.223,0.227,24504.101487799995
2022-07-31T00:00:00Z,BNCUSD,0.226,0.249,0.217,0.223,8539.322097289998
2022-08-01T00:00:00Z,BNCUSD,0.236,0.237,0.221,0.221,17449.397908999996
2022-08-02T00:00:00Z,BNCUSD,0.235,0.251,0.217,0.233,24158.135898849996
2022-08-03T00:00:00Z,BNCUSD,0.244,0.263,0.227,0.247,16816.85413219
2022-08-04T00:00:00Z,BNCUSD,0.247,0.259,0.238,0.239,18207.34931683
2022-08-05T00:00:00Z,BNCUSD,0.25,0.252,0.233,0.248,7890.4476065
2022-08-06T00:00:00Z,BNCUSD,0.235,0.247,0.231,0.243,21483.429384049996
2022-08-07T00:00:00Z,BNCUSD,0.243,0.243,0.232,0.238,652.66729
2022-08-08T00:00:00Z,BNCUSD,0.228,0.242,0.227,0.231,11211.978557319999
2022-08-09T00:00:00Z,BNCUSD,0.231,0.238,0.204,0.223,28573.13274364001
2022-08-10T00:00:00Z,BNCUSD,0.208,0.226,0.204,0.226,5818.0373819999995
2022-08-11T00:00:00Z,BNCUSD,0.226,0.231,0.216,0.218,16291.776802070004
2022-08-12T00:00:00Z,BNCUSD,0.225,0.23,0.217,0.227,739.73509172
2022-08-13T00:00:00Z,BNCUSD,0.217,0.227,0.216,0.227,5330.94756545
2022-08-14T00:00:00Z,BNCUSD,0.218,0.225,0.21,0.21,5655.059190859999
2022-08-15T00:00:00Z,BNCUSD,0.222,0.224,0.21,0.21,1449.7501303700003
2022-08-16T00:00:00Z,BNCUSD,0.21,0.224,0.21,0.21,5070.40775487
2022-08-17T00:00:00Z,BNCUSD,0.217,0.221,0.21,0.215,1925.6323383300003
2022-08-18T00:00:00Z,BNCUSD,0.207,0.225,0.201,0.201,9916.115844830001
2022-08-19T00:00:00Z,BNCUSD,0.2,0.216,0.198,0.198,1913.28227958
2022-08-20T00:00:00Z,BNCUSD,0.19,0.214,0.183,0.19,5586.3826400000025
2022-08-21T00:00:00Z,BNCUSD,0.2,0.204,0.182,0.2,33021.15189008998
2022-08-22T00:00:00Z,BNCUSD,0.189,0.226,0.187,0.189,4831.563324930001
2022-08-23T00:00:00Z,BNCUSD,0.198,0.203,0.19,0.19,765.4512455199999
2022-08-24T00:00:00Z,BNCUSD,0.203,0.203,0.19,0.201,2751.67142359
2022-08-25T00:00:00Z,BNCUSD,0.196,0.204,0.196,0.196,384.00811
2022-08-26T00:00:00Z,BNCUSD,0.196,0.208,0.192,0.2,52331.21435627997
2022-08-27T00:00:00Z,BNCUSD,0.199,0.199,0.182,0.19,5567.238069990001
2022-08-28T00:00:00Z,BNCUSD,0.182,0.19,0.182,0.182,1609.95604
2022-08-29T00:00:00Z,BNCUSD,0.182,0.222,0.181,0.202,298535.8537556002
2022-08-30T00:00:00Z,BNCUSD,0.19,0.2,0.184,0.196,3456.43660701
2022-08-31T00:00:00Z,BNCUSD,0.197,0.221,0.193,0.214,17137.068700739997
2022-09-01T00:00:00Z,BNCUSD,0.214,0.218,0.19,0.191,20653.204612070003
2022-09-02T00:00:00Z,BNCUSD,0.201,0.203,0.192,0.198,3501.26791477
2022-09-03T00:00:00Z,BNCUSD,0.205,0.214,0.197,0.2,2213.89363
2022-09-04T00:00:00Z,BNCUSD,0.209,0.23,0.189,0.207,15847.89303809
2022-09-05T00:00:00Z,BNCUSD,0.199,0.23,0.19,0.202,11159.006297170003
2022-09-06T00:00:00Z,BNCUSD,0.21,0.228,0.199,0.208,28044.992150289985
2022-09-07T00:00:00Z,BNCUSD,0.225,0.245,0.199,0.223,27591.41729912
2022-09-08T00:00:00Z,BNCUSD,0.214,0.216,0.199,0.213,3082.2009061100002
2022-09-09T00:00:00Z,BNCUSD,0.205,0.246,0.198,0.215,13808.50258684
2022-09-10T00:00:00Z,BNCUSD,0.206,0.215,0.202,0.212,1163.2096707199998
2022-09-11T00:00:00Z,BNCUSD,0.202,0.212,0.2,0.202,2732.55130877
2022-09-12T00:00:00Z,BNCUSD,0.214,0.215,0.203,0.204,26828.455790000007
2022-09-13T00:00:00Z,BNCUSD,0.213,0.216,0.182,0.196,17969.924461349998
2022-09-14T00:00:00Z,BNCUSD,0.196,0.197,0.18,0.196,20766.850480339996
2022-09-15T00:00:00Z,BNCUSD,0.194,0.194,0.184,0.184,3906.1351290300004
2022-09-16T00:00:00Z,BNCUSD,0.19,0.19,0.181,0.186,4056.53443022
2022-09-17T00:00:00Z,BNCUSD,0.188,0.207,0.181,0.192,21886.204752299993
2022-09-18T00:00:00Z,BNCUSD,0.192,0.199,0.186,0.186,7709.303628319999
2022-09-19T00:00:00Z,BNCUSD,0.181,0.189,0.173,0.187,19664.025484549995
2022-09-20T00:00:00Z,BNCUSD,0.187,0.187,0.173,0.178,1341.0706699999998
2022-09-21T00:00:00Z,BNCUSD,0.184,0.184,0.177,0.183,1896.03981
2022-09-22T00:00:00Z,BNCUSD,0.173,0.181,0.167,0.179,7384.153490679999
2022-09-23T00:00:00Z,BNCUSD,0.179,0.204,0.169,0.185,49124.28136533001
2022-09-24T00:00:00Z,BNCUSD,0.194,0.195,0.164,0.172,59253.81289403001
2022-09-25T00:00:00Z,BNCUSD,0.172,0.18,0.165,0.17,9384.531729009997
2022-09-26T00:00:00Z,BNCUSD,0.17,0.17,0.155,0.169,31031.01111435999
2022-09-27T00:00:00Z,BNCUSD,0.168,0.172,0.157,0.162,25704.797197969994
2022-09-28T00:00:00Z,BNCUSD,0.159,0.17,0.155,0.17,7253.862277759999
2022-09-29T00:00:00Z,BNCUSD,0.164,0.169,0.159,0.159,5248.15199245
2022-09-30T00:00:00Z,BNCUSD,0.161,0.163,0.149,0.158,65488.151407080004
2022-10-01T00:00:00Z,BNCUSD,0.163,0.168,0.153,0.156,7693.451028269999
2022-10-02T00:00:00Z,BNCUSD,0.154,0.162,0.145,0.156,61917.610085700006
2022-10-03T00:00:00Z,BNCUSD,0.155,0.155,0.142,0.146,26747.41199114
2022-10-04T00:00:00Z,BNCUSD,0.147,0.152,0.134,0.152,7144.135259370001
2022-10-05T00:00:00Z,BNCUSD,0.15,0.151,0.145,0.145,17104.839178010003
2022-10-06T00:00:00Z,BNCUSD,0.147,0.158,0.145,0.148,16130.95770272
2022-10-07T00:00:00Z,BNCUSD,0.152,0.155,0.138,0.139,33274.00187589999
2022-10-08T00:00:00Z,BNCUSD,0.144,0.149,0.139,0.148,3411.545654090001
2022-10-09T00:00:00Z,BNCUSD,0.148,0.149,0.139,0.139,1080.5647200000003
2022-10-10T00:00:00Z,BNCUSD,0.139,0.148,0.139,0.139,13069.106378429995
2022-10-11T00:00:00Z,BNCUSD,0.139,0.142,0.131,0.131,12617.66262875
2022-10-12T00:00:00Z,BNCUSD,0.133,0.135,0.115,0.134,21115.202605010003
2022-10-13T00:00:00Z,BNCUSD,0.129,0.134,0.125,0.129,20312.263081999994
2022-10-14T00:00:00Z,BNCUSD,0.127,0.185,0.126,0.167,86201.70892150995
2022-10-15T00:00:00Z,BNCUSD,0.167,0.167,0.132,0.143,37234.03140608001
2022-10-16T00:00:00Z,BNCUSD,0.138,0.144,0.134,0.134,31381.075606749982
2022-10-17T00:00:00Z,BNCUSD,0.134,0.145,0.133,0.133,65901.94536107
2022-10-18T00:00:00Z,BNCUSD,0.133,0.134,0.128,0.134,5045.443117290001
2022-10-19T00:00:00Z,BNCUSD,0.129,0.132,0.126,0.127,8509.635038929999
2022-10-20T00:00:00Z,BNCUSD,0.127,0.133,0.126,0.133,4398.06751
2022-10-21T00:00:00Z,BNCUSD,0.127,0.133,0.123,0.127,26451.10174434001
2022-10-22T00:00:00Z,BNCUSD,0.123,0.141,0.123,0.131,52130.625241940026
2022-10-23T00:00:00Z,BNCUSD,0.132,0.143,0.122,0.125,68800.72402841
2022-10-24T00:00:00Z,BNCUSD,0.123,0.131,0.118,0.125,30694.93983405
2022-10-25T00:00:00Z,BNCUSD,0.125,0.132,0.124,0.126,45398.85068025999
2022-10-26T00:00:00Z,BNCUSD,0.125,0.145,0.124,0.13,21506.54246321
2022-10-27T00:00:00Z,BNCUSD,0.136,0.14,0.125,0.129,5036.9294907700005
2022-10-28T00:00:00Z,BNCUSD,0.129,0.138,0.124,0.132,18648.06938269
2022-10-29T00:00:00Z,BNCUSD,0.127,0.131,0.123,0.128,27325.59402948
2022-10-30T00:00:00Z,BNCUSD,0.124,0.13,0.12,0.12,15470.090970159998
2022-10-31T00:00:00Z,BNCUSD,0.123,0.132,0.118,0.124,92132.11012471997
2022-11-01T00:00:00Z,BNCUSD,0.124,0.129,0.122,0.122,53611.65044369
2022-11-02T00:00:00Z,BNCUSD,0.121,0.133,0.112,0.119,69109.57868971003
2022-11-03T00:00:00Z,BNCUSD,0.12,0.13,0.113,0.12,25016.19748475
2022-11-04T00:00:00Z,BNCUSD,0.117,0.175,0.114,0.125,45442.45608093001
2022-11-05T00:00:00Z,BNCUSD,0.127,0.13,0.123,0.125,7907.9680963499995
2022-11-06T00:00:00Z,BNCUSD,0.125,0.131,0.121,0.124,22869.363351789994
2022-11-07T00:00:00Z,BNCUSD,0.124,0.133,0.122,0.126,31074.634436329994
2022-11-08T00:00:00Z,BNCUSD,0.129,0.133,0.101,0.11,25805.79181519998
2022-11-09T00:00:00Z,BNCUSD,0.109,0.114,0.09,0.096,35252.92587151001
2022-11-10T00:00:00Z,BNCUSD,0.093,0.105,0.09,0.1,5643.980820180001
2022-11-11T00:00:00Z,BNCUSD,0.103,0.103,0.09,0.09,24731.014936040003
2022-11-12T00:00:00Z,BNCUSD,0.09,0.098,0.086,0.09,8955.07521246
2022-11-13T00:00:00Z,BNCUSD,0.088,0.098,0.084,0.087,3919.3939327199996
2022-11-14T00:00:00Z,BNCUSD,0.085,0.088,0.079,0.085,13771.138739590004
2022-11-15T00:00:00Z,BNCUSD,0.085,0.089,0.079,0.079,9861.864562920005
2022-11-16T00:00:00Z,BNCUSD,0.081,0.084,0.079,0.079,3252.31670074
2022-11-17T00:00:00Z,BNCUSD,0.081,0.086,0.079,0.081,1476.2432099999992
2022-11-18T00:00:00Z,BNCUSD,0.081,0.089,0.079,0.081,4342.819616820001
2022-11-19T00:00:00Z,BNCUSD,0.08,0.088,0.08,0.084,33525.65409992
2022-11-20T00:00:00Z,BNCUSD,0.083,0.1,0.081,0.081,73564.52039326998
2022-11-21T00:00:00Z,BNCUSD,0.081,0.095,0.08,0.087,13599.720970350005
2022-11-22T00:00:00Z,BNCUSD,0.086,0.104,0.08,0.091,24076.899272119987
2022-11-23T00:00:00Z,BNCUSD,0.091,0.104,0.086,0.093,241864.48625104997
2022-11-24T00:00:00Z,BNCUSD,0.096,0.099,0.087,0.097,37082.441566600006
2022-11-25T00:00:00Z,BNCUSD,0.098,0.114,0.083,0.1,46943.77647573
2022-11-26T00:00:00Z,BNCUSD,0.097,0.105,0.096,0.096,2596.5497842600003
2022-11-27T00:00:00Z,BNCUSD,0.1,0.103,0.092,0.1,8022.648880779999
2022-11-28T00:00:00Z,BNCUSD,0.1,0.108,0.093,0.101,19706.26089549
2022-11-29T00:00:00Z,BNCUSD,0.104,0.107,0.097,0.099,37111.47033526001
2022-11-30T00:00:00Z,BNCUSD,0.099,0.107,0.099,0.1,10131.090636130004
2022-12-01T00:00:00Z,BNCUSD,0.103,0.11,0.1,0.103,5278.191507110001
2022-12-02T00:00:00Z,BNCUSD,0.1,0.101,0.096,0.101,5063.617234400001
2022-12-03T00:00:00Z,BNCUSD,0.101,0.136,0.097,0.102,59099.846250990035
2022-12-04T00:00:00Z,BNCUSD,0.102,0.109,0.096,0.104,14955.811798269999
2022-12-05T00:00:00Z,BNCUSD,0.108,0.126,0.103,0.107,33458.95620412997
2022-12-06T00:00:00Z,BNCUSD,0.108,0.17,0.097,0.109,62058.78640226
2022-12-07T00:00:00Z,BNCUSD,0.104,0.13,0.1,0.116,15168.642207450006
2022-12-08T00:00:00Z,BNCUSD,0.118,0.137,0.109,0.125,32626.19141957002
2022-12-09T00:00:00Z,BNCUSD,0.119,0.166,0.1,0.128,52419.598256669946
2022-12-10T00:00:00Z,BNCUSD,0.127,0.222,0.122,0.137,197815.9895247
2022-12-11T00:00:00Z,BNCUSD,0.133,0.148,0.121,0.129,56441.950269170055
2022-12-12T00:00:00Z,BNCUSD,0.132,0.132,0.104,0.112,46797.15046321999
2022-12-13T00:00:00Z,BNCUSD,0.115,0.118,0.107,0.113,11662.939446450002
2022-12-14T00:00:00Z,BNCUSD,0.113,0.116,0.105,0.112,35361.27572139997
2022-12-15T00:00:00Z,BNCUSD,0.112,0.113,0.108,0.11,5130.36981396
2022-12-16T00:00:00Z,BNCUSD,0.11,0.114,0.095,0.097,18013.85999295
2022-12-17T00:00:00Z,BNCUSD,0.098,0.109,0.097,0.103,14852.403150370003
2022-12-18T00:00:00Z,BNCUSD,0.103,0.106,0.102,0.103,3870.89542678
2022-12-19T00:00:00Z,BNCUSD,0.105,0.115,0.101,0.105,17511.583139149992
2022-12-20T00:00:00Z,BNCUSD,0.105,0.11,0.102,0.106,29318.80120768
2022-12-21T00:00:00Z,BNCUSD,0.106,0.112,0.103,0.103,6730.355244670002
2022-12-22T00:00:00Z,BNCUSD,0.104,0.108,0.1,0.106,11936.665582520001
2022-12-23T00:00:00Z,BNCUSD,0.106,0.2,0.098,0.112,154337.56671874019
2022-12-24T00:00:00Z,BNCUSD,0.109,0.112,0.107,0.109,2365.16874769
2022-12-25T00:00:00Z,BNCUSD,0.109,0.111,0.105,0.105,3462.17228488
2022-12-26T00:00:00Z,BNCUSD,0.107,0.107,0.103,0.103,13441.709951240002
2022-12-27T00:00:00Z,BNCUSD,0.104,0.11,0.104,0.11,14130.66503215
2022-12-28T00:00:00Z,BNCUSD,0.106,0.107,0.1,0.103,49822.63583275001
2022-12-29T00:00:00Z,BNCUSD,0.103,0.105,0.101,0.103,3151.8076590299993
2022-12-30T00:00:00Z,BNCUSD,0.103,0.105,0.099,0.1,9258.231669160003
2022-12-31T00:00:00Z,BNCUSD,0.102,0.104,0.095,0.102,16627.808793319997
2023-01-01T00:00:00Z,BNCUSD,0.1,0.104,0.079,0.099,26627.860250130016
2023-01-02T00:00:00Z,BNCUSD,0.099,0.115,0.088,0.099,38937.33470563
2023-01-03T00:00:00Z,BNCUSD,0.099,0.102,0.095,0.102,1925.6367937400003
2023-01-04T00:00:00Z,BNCUSD,0.102,0.105,0.095,0.104,5249.31460604
2023-01-05T00:00:00Z,BNCUSD,0.103,0.107,0.099,0.099,26612.236303679998
2023-01-06T00:00:00Z,BNCUSD,0.099,0.104,0.099,0.104,12816.493786779996
2023-01-07T00:00:00Z,BNCUSD,0.1,0.107,0.1,0.103,1054.9382386500001
2023-01-08T00:00:00Z,BNCUSD,0.102,0.106,0.097,0.104,2170.48358467
2023-01-09T00:00:00Z,BNCUSD,0.099,0.107,0.098,0.107,9969.85379288
2023-01-10T00:00:00Z,BNCUSD,0.107,0.107,0.104,0.105,235.76457
2023-01-11T00:00:00Z,BNCUSD,0.102,0.104,0.099,0.104,407.57804480000004
2023-01-12T00:00:00Z,BNCUSD,0.104,0.114,0.1,0.107,7383.940512450001
2023-01-13T00:00:00Z,BNCUSD,0.105,0.116,0.102,0.109,10528.471222059998
2023-01-14T00:00:00Z,BNCUSD,0.107,0.125,0.105,0.109,17289.088937059998
2023-01-15T00:00:00Z,BNCUSD,0.11,0.115,0.104,0.105,13300.62261497
2023-01-16T00:00:00Z,BNCUSD,0.112,0.114,0.106,0.108,7807.56431
2023-01-17T00:00:00Z,BNCUSD,0.108,0.22,0.104,0.163,517743.9622761903
2023-01-18T00:00:00Z,BNCUSD,0.162,0.237,0.148,0.182,691712.0046139106
2023-01-19T00:00:00Z,BNCUSD,0.181,0.271,0.175,0.245,428765.16498154955
2023-01-20T00:00:00Z,BNCUSD,0.24,0.33,0.214,0.243,831342.1110011691
2023-01-21T00:00:00Z,BNCUSD,0.244,0.292,0.217,0.227,791539.8204660102
2023-01-22T00:00:00Z,BNCUSD,0.227,0.264,0.209,0.209,251264.05335858976
2023-01-23T00:00:00Z,BNCUSD,0.213,0.364,0.206,0.327,868325.189304229
2023-01-24T00:00:00Z,BNCUSD,0.327,0.345,0.279,0.286,780939.9222895905
2023-01-25T00:00:00Z,BNCUSD,0.286,0.339,0.28,0.327,319026.9480748401
2023-01-26T00:00:00Z,BNCUSD,0.323,0.467,0.323,0.396,506012.0778429004
2023-01-27T00:00:00Z,BNCUSD,0.396,0.446,0.368,0.382,365259.3779409308
2023-01-28T00:00:00Z,BNCUSD,0.383,0.41,0.347,0.372,291479.78646121995
2023-01-29T00:00:00Z,BNCUSD,0.375,0.508,0.352,0.386,218095.1592571101
2023-01-30T00:00:00Z,BNCUSD,0.387,0.401,0.321,0.337,172029.83159199008
2023-01-31T00:00:00Z,BNCUSD,0.33,0.373,0.329,0.346,129871.03469834996
2023-02-01T00:00:00Z,BNCUSD,0.344,0.48,0.291,0.36,444236.8214216803
2023-02-02T00:00:00Z,BNCUSD,0.362,0.364,0.307,0.334,198279.1752712501
2023-02-03T00:00:00Z,BNCUSD,0.333,0.335,0.305,0.31,107360.04782462986
2023-02-04T00:00:00Z,BNCUSD,0.308,0.419,0.307,0.383,183132.32878222008
2023-02-05T00:00:00Z,BNCUSD,0.376,0.379,0.299,0.326,147129.46367534998
2023-02-06T00:00:00Z,BNCUSD,0.327,0.496,0.318,0.428,400650.2770839195
2023-02-07T00:00:00Z,BNCUSD,0.421,0.557,0.416,0.538,218970.63969245003
2023-02-08T00:00:00Z,BNCUSD,0.544,0.544,0.415,0.456,200611.7907876504
2023-02-09T00:00:00Z,BNCUSD,0.461,0.48,0.397,0.423,205427.6062507001
2023-02-10T00:00:00Z,BNCUSD,0.433,0.492,0.404,0.432,172417.66166816014
2023-02-11T00:00:00Z,BNCUSD,0.432,0.441,0.416,0.43,39679.47909410999
2023-02-12T00:00:00Z,BNCUSD,0.43,0.47,0.43,0.448,114716.80489058992
2023-02-13T00:00:00Z,BNCUSD,0.453,0.457,0.356,0.39,165525.02660275996
2023-02-14T00:00:00Z,BNCUSD,0.392,0.448,0.366,0.399,95538.32697459005
2023-02-15T00:00:00Z,BNCUSD,0.399,0.48,0.392,0.436,85246.08353850993
2023-02-16T00:00:00Z,BNCUSD,0.436,0.479,0.425,0.451,124939.12899282992
2023-02-17T00:00:00Z,BNCUSD,0.458,0.458,0.399,0.439,98467.79295488994
2023-02-18T00:00:00Z,BNCUSD,0.439,0.443,0.396,0.399,84009.64709042004
2023-02-19T00:00:00Z,BNCUSD,0.406,0.44,0.399,0.427,92741.34977319992
2023-02-20T00:00:00Z,BNCUSD,0.427,0.431,0.401,0.401,47670.10852348997
2023-02-21T00:00:00Z,BNCUSD,0.406,0.422,0.364,0.369,59949.27962141004
2023-02-22T00:00:00Z,BNCUSD,0.375,0.418,0.335,0.369,114213.31218987006
2023-02-23T00:00:00Z,BNCUSD,0.375,0.418,0.373,0.387,37053.52185537999
2023-02-24T00:00:00Z,BNCUSD,0.394,0.396,0.333,0.341,48243.66169253002
2023-02-25T00:00:00Z,BNCUSD,0.341,0.356,0.327,0.344,12309.433959949998
2023-02-26T00:00:00Z,BNCUSD,0.343,0.374,0.324,0.364,74067.24594717997
2023-02-27T00:00:00Z,BNCUSD,0.369,0.397,0.345,0.377,56836.80033022007
2023-02-28T00:00:00Z,BNCUSD,0.374,0.391,0.358,0.378,16151.720290580004
2023-03-01T00:00:00Z,BNCUSD,0.382,0.386,0.371,0.376,13109.13336257
2023-03-02T00:00:00Z,BNCUSD,0.381,0.384,0.345,0.358,26177.37601388
2023-03-03T00:00:00Z,BNCUSD,0.361,0.361,0.332,0.342,55550.38489857999
2023-03-04T00:00:00Z,BNCUSD,0.348,0.362,0.329,0.354,60454.90702013
2023-03-05T00:00:00Z,BNCUSD,0.354,0.358,0.3,0.339,141799.13495490997
2023-03-06T00:00:00Z,BNCUSD,0.339,0.339,0.312,0.318,36496.44711515001
2023-03-07T00:00:00Z,BNCUSD,0.317,0.32,0.274,0.28,178884.69715371024
2023-03-08T00:00:00Z,BNCUSD,0.284,0.289,0.244,0.247,44952.90650134
2023-03-09T00:00:00Z,BNCUSD,0.242,0.277,0.187,0.2,159074.73949864993
2023-03-10T00:00:00Z,BNCUSD,0.199,0.216,0.185,0.216,118250.98070954005
2023-03-11T00:00:00Z,BNCUSD,0.216,0.263,0.208,0.234,106676.66266878998
2023-03-12T00:00:00Z,BNCUSD,0.234,0.267,0.216,0.248,88819.37209680004
2023-03-13T00:00:00Z,BNCUSD,0.252,0.3,0.243,0.282,155777.6724902198
2023-03-14T00:00:00Z,BNCUSD,0.282,0.319,0.275,0.286,87572.91198996999
2023-03-15T00:00:00Z,BNCUSD,0.286,0.293,0.24,0.255,127366.3861241799
2023-03-16T00:00:00Z,BNCUSD,0.253,0.271,0.244,0.265,34199.513594820004
2023-03-17T00:00:00Z,BNCUSD,0.266,0.283,0.265,0.276,64757.217544359984
2023-03-18T00:00:00Z,BNCUSD,0.279,0.3,0.274,0.274,53165.48355329
2023-03-19T00:00:00Z,BNCUSD,0.278,0.291,0.273,0.281,15462.98489964
2023-03-20T00:00:00Z,BNCUSD,0.287,0.288,0.261,0.261,43228.30854858002
2023-03-21T00:00:00Z,BNCUSD,0.262,0.265,0.207,0.24,58583.59346536
2023-03-22T00:00:00Z,BNCUSD,0.245,0.266,0.22,0.229,51329.23590406001
2023-03-23T00:00:00Z,BNCUSD,0.229,0.266,0.227,0.246,22887.717575220006
2023-03-24T00:00:00Z,BNCUSD,0.247,0.259,0.22,0.233,24370.221102460004
2023-03-25T00:00:00Z,BNCUSD,0.239,0.24,0.215,0.223,18645.232545530005
2023-03-26T00:00:00Z,BNCUSD,0.228,0.248,0.217,0.238,29378.21283809001
2023-03-27T00:00:00Z,BNCUSD,0.239,0.253,0.21,0.226,104041.31694366994
2023-03-28T00:00:00Z,BNCUSD,0.226,0.247,0.214,0.234,33685.45309092001
2023-03-29T00:00:00Z,BNCUSD,0.24,0.278,0.233,0.274,118644.66879254996
2023-03-30T00:00:00Z,BNCUSD,0.27,0.315,0.258,0.286,308449.4488853495
2023-03-31T00:00:00Z,BNCUSD,0.284,0.293,0.276,0.277,43683.92444125
2023-04-01T00:00:00Z,BNCUSD,0.277,0.281,0.257,0.275,72664.32486884002
2023-04-02T00:00:00Z,BNCUSD,0.274,0.285,0.266,0.269,17141.378789919996
2023-04-03T00:00:00Z,BNCUSD,0.269,0.272,0.24,0.251,82136.63292100996
2023-04-04T00:00:00Z,BNCUSD,0.251,0.277,0.234,0.275,130380.78526213008
2023-04-05T00:00:00Z,BNCUSD,0.274,0.311,0.272,0.291,87281.74283649
2023-04-06T00:00:00Z,BNCUSD,0.291,0.297,0.276,0.285,56989.75613889998
2023-04-07T00:00:00Z,BNCUSD,0.283,0.294,0.282,0.285,10293.218153520002
2023-04-08T00:00:00Z,BNCUSD,0.285,0.291,0.266,0.278,28905.93390491
2023-04-09T00:00:00Z,BNCUSD,0.274,0.282,0.258,0.28,26008.436379230006
2023-04-10T00:00:00Z,BNCUSD,0.279,0.279,0.239,0.261,75310.19290357005
2023-04-11T00:00:00Z,BNCUSD,0.26,0.27,0.247,0.267,83625.23957127998
2023-04-12T00:00:00Z,BNCUSD,0.268,0.284,0.222,0.263,67956.53893779998
2023-04-13T00:00:00Z,BNCUSD,0.263,0.275,0.251,0.264,47818.24202102999
2023-04-14T00:00:00Z,BNCUSD,0.266,0.295,0.265,0.275,51443.10744254997
2023-04-15T00:00:00Z,BNCUSD,0.275,0.31,0.267,0.299,22769.197573289992
2023-04-16T00:00:00Z,BNCUSD,0.298,0.3,0.278,0.287,34793.79713721002
2023-04-17T00:00:00Z,BNCUSD,0.287,0.287,0.242,0.277,58650.70481624002
2023-04-18T00:00:00Z,BNCUSD,0.278,0.295,0.273,0.287,26375.12898261999
2023-04-19T00:00:00Z,BNCUSD,0.285,0.3,0.255,0.255,48212.50524077
2023-04-20T00:00:00Z,BNCUSD,0.255,0.256,0.19,0.222,250458.60139454002
2023-04-21T00:00:00Z,BNCUSD,0.227,0.23,0.201,0.206,80221.36212923002
2023-04-22T00:00:00Z,BNCUSD,0.207,0.239,0.2,0.218,104867.89033902998
2023-04-23T00:00:00Z,BNCUSD,0.218,0.239,0.191,0.199,99465.56016792
2023-04-24T00:00:00Z,BNCUSD,0.199,0.208,0.198,0.206,13914.729650499998
2023-04-25T00:00:00Z,BNCUSD,0.206,0.209,0.187,0.198,54466.45618658
2023-04-26T00:00:00Z,BNCUSD,0.201,0.214,0.194,0.2,53572.07093383998
2023-04-27T00:00:00Z,BNCUSD,0.2,0.2,0.191,0.196,102308.44606859001
2023-04-28T00:00:00Z,BNCUSD,0.195,0.197,0.183,0.188,83750.38361421997
2023-04-29T00:00:00Z,BNCUSD,0.188,0.188,0.178,0.185,105269.07681098995
2023-04-30T00:00:00Z,BNCUSD,0.185,0.195,0.184,0.189,37253.38987130001
2023-05-01T00:00:00Z,BNCUSD,0.188,0.194,0.171,0.176,46947.99824845001
2023-05-02T00:00:00Z,BNCUSD,0.176,0.184,0.166,0.182,30707.289476970007
2023-05-03T00:00:00Z,BNCUSD,0.179,0.196,0.173,0.179,36327.34871797001
2023-05-04T00:00:00Z,BNCUSD,0.174,0.182,0.169,0.172,19148.175636750006
2023-05-05T00:00:00Z,BNCUSD,0.172,0.178,0.159,0.172,51861.218970779984
2023-05-06T00:00:00Z,BNCUSD,0.167,0.167,0.142,0.149,69692.69414263999
2023-05-07T00:00:00Z,BNCUSD,0.148,0.152,0.127,0.137,77418.74081454003
2023-05-08T00:00:00Z,BNCUSD,0.137,0.15,0.134,0.14,110666.78297561996
2023-05-09T00:00:00Z,BNCUSD,0.144,0.171,0.136,0.153,178024.63205426992
2023-05-10T00:00:00Z,BNCUSD,0.152,0.237,0.148,0.192,433592.40100247035
2023-05-11T00:00:00Z,BNCUSD,0.187,0.223,0.167,0.208,262822.9068160698
2023-05-12T00:00:00Z,BNCUSD,0.212,0.221,0.19,0.196,214500.0868526702
2023-05-13T00:00:00Z,BNCUSD,0.196,0.209,0.189,0.202,85447.31156996998
2023-05-14T00:00:00Z,BNCUSD,0.202,0.225,0.199,0.212,98247.71575948005
2023-05-15T00:00:00Z,BNCUSD,0.209,0.213,0.199,0.204,82732.45872455004
2023-05-16T00:00:00Z,BNCUSD,0.206,0.213,0.194,0.204,106162.48807017
2023-05-17T00:00:00Z,BNCUSD,0.201,0.205,0.198,0.205,36173.917040789995
2023-05-18T00:00:00Z,BNCUSD,0.203,0.205,0.19,0.194,55181.087642999984
2023-05-19T00:00:00Z,BNCUSD,0.195,0.205,0.193,0.202,60483.28607845999
2023-05-20T00:00:00Z,BNCUSD,0.199,0.203,0.192,0.199,21084.9423621
2023-05-21T00:00:00Z,BNCUSD,0.198,0.209,0.198,0.205,35482.398823959986
2023-05-22T00:00:00Z,BNCUSD,0.202,0.218,0.2,0.209,31734.165047069997
2023-05-23T00:00:00Z,BNCUSD,0.207,0.224,0.199,0.216,164981.24300673997
2023-05-24T00:00:00Z,BNCUSD,0.217,0.247,0.195,0.215,295516.8196585701
2023-05-25T00:00:00Z,BNCUSD,0.214,0.215,0.208,0.212,19723.471057320003
2023-05-26T00:00:00Z,BNCUSD,0.21,0.224,0.204,0.208,36216.22456526
2023-05-27T00:00:00Z,BNCUSD,0.205,0.212,0.198,0.204,16317.975114950003
2023-05-28T00:00:00Z,BNCUSD,0.204,0.216,0.203,0.214,51036.15744209999
2023-05-29T00:00:00Z,BNCUSD,0.215,0.231,0.21,0.217,16165.866596290001
2023-05-30T00:00:00Z,BNCUSD,0.213,0.219,0.196,0.207,78992.75451349995
2023-05-31T00:00:00Z,BNCUSD,0.204,0.21,0.18,0.189,86386.01746349002
2023-06-01T00:00:00Z,BNCUSD,0.191,0.193,0.189,0.192,14336.641038050002
2023-06-02T00:00:00Z,BNCUSD,0.192,0.193,0.181,0.187,40400.90272664
2023-06-03T00:00:00Z,BNCUSD,0.187,0.193,0.187,0.19,19079.229885439996
2023-06-04T00:00:00Z,BNCUSD,0.189,0.205,0.189,0.191,31179.35228726
2023-06-05T00:00:00Z,BNCUSD,0.191,0.196,0.179,0.179,66794.87037174002
2023-06-06T00:00:00Z,BNCUSD,0.182,0.19,0.177,0.19,30382.26341998
2023-06-07T00:00:00Z,BNCUSD,0.184,0.19,0.179,0.188,27862.544291819995
2023-06-08T00:00:00Z,BNCUSD,0.187,0.188,0.177,0.182,10867.50306093
2023-06-09T00:00:00Z,BNCUSD,0.177,0.184,0.17,0.174,13066.632578499999
2023-06-10T00:00:00Z,BNCUSD,0.177,0.198,0.142,0.166,186871.35624751996
2023-06-11T00:00:00Z,BNCUSD,0.156,0.165,0.147,0.158,39668.68439155
2023-06-12T00:00:00Z,BNCUSD,0.158,0.165,0.156,0.158,17192.015426679995
2023-06-13T00:00:00Z,BNCUSD,0.162,0.164,0.155,0.161,13407.002521879998
2023-06-14T00:00:00Z,BNCUSD,0.161,0.166,0.157,0.162,8193.15749824
2023-06-15T00:00:00Z,BNCUSD,0.162,0.165,0.155,0.155,9094.379592189998
2023-06-16T00:00:00Z,BNCUSD,0.157,0.162,0.153,0.161,6441.22174719
2023-06-17T00:00:00Z,BNCUSD,0.156,0.187,0.155,0.166,57901.62330587003
2023-06-18T00:00:00Z,BNCUSD,0.168,0.189,0.165,0.18,22767.127959589994
2023-06-19T00:00:00Z,BNCUSD,0.179,0.179,0.155,0.17,74606.07079449997
2023-06-20T00:00:00Z,BNCUSD,0.173,0.182,0.16,0.163,50340.59957524001
2023-06-21T00:00:00Z,BNCUSD,0.162,0.185,0.161,0.176,21539.900943939996
2023-06-22T00:00:00Z,BNCUSD,0.175,0.19,0.171,0.181,17586.49811465
2023-06-23T00:00:00Z,BNCUSD,0.18,0.189,0.172,0.182,25015.82548414
2023-06-24T00:00:00Z,BNCUSD,0.186,0.188,0.183,0.183,5119.09247907
2023-06-25T00:00:00Z,BNCUSD,0.186,0.188,0.182,0.182,19532.544065470007
2023-06-26T00:00:00Z,BNCUSD,0.181,0.188,0.179,0.18,8165.4332672499995
2023-06-27T00:00:00Z,BNCUSD,0.183,0.2,0.183,0.193,10663.54722325
2023-06-28T00:00:00Z,BNCUSD,0.197,0.197,0.176,0.181,16714.760206329996
2023-06-29T00:00:00Z,BNCUSD,0.181,0.196,0.181,0.194,36138.418403280004
2023-06-30T00:00:00Z,BNCUSD,0.194,0.203,0.192,0.196,47644.77901931997
2023-07-01T00:00:00Z,BNCUSD,0.196,0.201,0.193,0.201,10636.102242560002
2023-07-02T00:00:00Z,BNCUSD,0.2,0.2,0.194,0.194,2691.4974015199996
2023-07-03T00:00:00Z,BNCUSD,0.199,0.203,0.195,0.201,21540.481112740006
2023-07-04T00:00:00Z,BNCUSD,0.201,0.205,0.197,0.199,22249.1610484
2023-07-05T00:00:00Z,BNCUSD,0.199,0.205,0.195,0.2,19180.69787546
2023-07-06T00:00:00Z,BNCUSD,0.2,0.205,0.185,0.19,21455.78159248
2023-07-07T00:00:00Z,BNCUSD,0.187,0.2,0.185,0.193,10758.928188510003
2023-07-08T00:00:00Z,BNCUSD,0.196,0.205,0.192,0.195,9032.28129014
2023-07-09T00:00:00Z,BNCUSD,0.194,0.197,0.189,0.19,8078.78449351
2023-07-10T00:00:00Z,BNCUSD,0.189,0.194,0.186,0.194,17336.82367884
2023-07-11T00:00:00Z,BNCUSD,0.191,0.2,0.189,0.189,32165.984744940008
2023-07-12T00:00:00Z,BNCUSD,0.189,0.195,0.184,0.188,18667.24093736
2023-07-13T00:00:00Z,BNCUSD,0.188,0.205,0.184,0.198,44856.95606455
2023-07-14T00:00:00Z,BNCUSD,0.198,0.259,0.188,0.195,105554.01341275999
2023-07-15T00:00:00Z,BNCUSD,0.195,0.214,0.195,0.197,20511.517232770002
2023-07-16T00:00:00Z,BNCUSD,0.2,0.203,0.185,0.187,25082.218554610005
2023-07-17T00:00:00Z,BNCUSD,0.189,0.199,0.187,0.193,13600.22413126
2023-07-18T00:00:00Z,BNCUSD,0.193,0.204,0.186,0.188,40244.352693750014
2023-07-19T00:00:00Z,BNCUSD,0.188,0.199,0.186,0.19,14412.70569333
2023-07-20T00:00:00Z,BNCUSD,0.19,0.196,0.188,0.191,7836.67605239
2023-07-21T00:00:00Z,BNCUSD,0.19,0.195,0.18,0.187,54527.15562317
2023-07-22T00:00:00Z,BNCUSD,0.187,0.188,0.18,0.181,28302.245185120002
2023-07-23T00:00:00Z,BNCUSD,0.182,0.187,0.179,0.185,15671.925370020006
2023-07-24T00:00:00Z,BNCUSD,0.186,0.186,0.177,0.177,3440.27370097
2023-07-25T00:00:00Z,BNCUSD,0.177,0.18,0.172,0.177,7931.55420926
2023-07-26T00:00:00Z,BNCUSD,0.173,0.179,0.166,0.179,14875.968469960002
2023-07-27T00:00:00Z,BNCUSD,0.179,0.182,0.172,0.172,6698.32486699
2023-07-28T00:00:00Z,BNCUSD,0.174,0.185,0.167,0.179,16986.17480844
2023-07-29T00:00:00Z,BNCUSD,0.182,0.185,0.176,0.178,11049.398654290004
2023-07-30T00:00:00Z,BNCUSD,0.181,0.183,0.169,0.176,23828.027416440003
2023-07-31T00:00:00Z,BNCUSD,0.179,0.18,0.175,0.175,802.7044896499999
2023-08-01T00:00:00Z,BNCUSD,0.175,0.175,0.167,0.171,32673.81811591
2023-08-02T00:00:00Z,BNCUSD,0.175,0.183,0.175,0.177,9168.97411413
2023-08-03T00:00:00Z,BNCUSD,0.178,0.254,0.173,0.19,133467.78957585004
2023-08-04T00:00:00Z,BNCUSD,0.19,0.223,0.18,0.203,149173.06891913014
2023-08-05T00:00:00Z,BNCUSD,0.203,0.222,0.182,0.19,52706.20651513
2023-08-06T00:00:00Z,BNCUSD,0.19,0.21,0.18,0.2,77681.90544711
2023-08-07T00:00:00Z,BNCUSD,0.2,0.204,0.197,0.201,20556.431777789992
2023-08-08T00:00:00Z,BNCUSD,0.201,0.21,0.197,0.202,35375.929982719994
2023-08-09T00:00:00Z,BNCUSD,0.202,0.227,0.202,0.219,103248.58539817
2023-08-10T00:00:00Z,BNCUSD,0.219,0.221,0.205,0.215,86288.71735978998
2023-08-11T00:00:00Z,BNCUSD,0.216,0.229,0.21,0.222,13599.304125420003
2023-08-12T00:00:00Z,BNCUSD,0.227,0.233,0.225,0.231,4226.341640539999
2023-08-13T00:00:00Z,BNCUSD,0.231,0.246,0.229,0.235,28779.292813310003
2023-08-14T00:00:00Z,BNCUSD,0.24,0.249,0.234,0.241,13499.88351143
2023-08-15T00:00:00Z,BNCUSD,0.249,0.269,0.227,0.232,53842.47820326001
2023-08-16T00:00:00Z,BNCUSD,0.239,0.248,0.218,0.223,69355.17195653002
2023-08-17T00:00:00Z,BNCUSD,0.227,0.227,0.209,0.211,62344.78434135999
2023-08-18T00:00:00Z,BNCUSD,0.21,0.22,0.203,0.217,28454.350045709994
2023-08-19T00:00:00Z,BNCUSD,0.217,0.221,0.212,0.22,2818.44808146
2023-08-20T00:00:00Z,BNCUSD,0.214,0.224,0.212,0.212,7720.58296171
2023-08-21T00:00:00Z,BNCUSD,0.218,0.244,0.213,0.221,21387.02623781
2023-08-22T00:00:00Z,BNCUSD,0.222,0.23,0.211,0.211,16742.057320270003
2023-08-23T00:00:00Z,BNCUSD,0.215,0.218,0.205,0.218,5368.16712357
2023-08-24T00:00:00Z,BNCUSD,0.212,0.218,0.209,0.209,2726.8716672899996
2023-08-25T00:00:00Z,BNCUSD,0.213,0.221,0.205,0.218,21135.701138300003
2023-08-26T00:00:00Z,BNCUSD,0.218,0.218,0.203,0.21,21352.190382489996
2023-08-27T00:00:00Z,BNCUSD,0.215,0.216,0.208,0.211,6941.794971310001
2023-08-28T00:00:00Z,BNCUSD,0.215,0.219,0.206,0.208,11791.708589480004
2023-08-29T00:00:00Z,BNCUSD,0.213,0.213,0.202,0.203,50782.71941187999
2023-08-30T00:00:00Z,BNCUSD,0.209,0.21,0.202,0.203,4723.370878850001
2023-08-31T00:00:00Z,BNCUSD,0.203,0.21,0.2,0.2,7919.39564433
2023-09-01T00:00:00Z,BNCUSD,0.206,0.207,0.19,0.193,55408.57142679001
2023-09-02T00:00:00Z,BNCUSD,0.2,0.201,0.193,0.193,1049.24279225
2023-09-03T00:00:00Z,BNCUSD,0.198,0.202,0.195,0.195,3426.75304836
2023-09-04T00:00:00Z,BNCUSD,0.199,0.215,0.197,0.205,10170.058724120001
2023-09-05T00:00:00Z,BNCUSD,0.205,0.205,0.194,0.203,7181.379398149999
2023-09-06T00:00:00Z,BNCUSD,0.204,0.206,0.198,0.199,4451.9259361
2023-09-07T00:00:00Z,BNCUSD,0.206,0.208,0.198,0.204,4940.25945529
2023-09-08T00:00:00Z,BNCUSD,0.199,0.206,0.199,0.206,2301.34447139
2023-09-09T00:00:00Z,BNCUSD,0.201,0.205,0.199,0.205,1348.51490501
2023-09-10T00:00:00Z,BNCUSD,0.206,0.214,0.199,0.212,6135.133400990001
2023-09-11T00:00:00Z,BNCUSD,0.212,0.212,0.194,0.194,11263.64859126
2023-09-12T00:00:00Z,BNCUSD,0.2,0.201,0.194,0.195,2132.63923509
2023-09-13T00:00:00Z,BNCUSD,0.202,0.202,0.192,0.192,7179.861320460001
2023-09-14T00:00:00Z,BNCUSD,0.197,0.199,0.193,0.194,5220.685333700001
2023-09-15T00:00:00Z,BNCUSD,0.198,0.218,0.189,0.192,25896.135154049993
2023-09-16T00:00:00Z,BNCUSD,0.2,0.2,0.191,0.195,4466.76391697
2023-09-17T00:00:00Z,BNCUSD,0.194,0.199,0.19,0.193,2584.2913222399998
2023-09-18T00:00:00Z,BNCUSD,0.193,0.205,0.182,0.198,26226.206440079986
2023-09-19T00:00:00Z,BNCUSD,0.193,0.202,0.193,0.195,4062.7299153100003
2023-09-20T00:00:00Z,BNCUSD,0.198,0.198,0.194,0.198,2114.5065571
2023-09-21T00:00:00Z,BNCUSD,0.195,0.195,0.194,0.194,1929.65979381
2023-09-22T00:00:00Z,BNCUSD,0.194,0.21,0.187,0.195,16593.27708631
2023-09-23T00:00:00Z,BNCUSD,0.191,0.195,0.189,0.189,1163.97842496
2023-09-24T00:00:00Z,BNCUSD,0.189,0.193,0.187,0.187,2103.13485156
2023-09-25T00:00:00Z,BNCUSD,0.187,0.193,0.18,0.189,12656.05883881
2023-09-26T00:00:00Z,BNCUSD,0.189,0.195,0.18,0.184,28443.651538669998
2023-09-27T00:00:00Z,BNCUSD,0.18,0.185,0.172,0.178,56915.48395553002
2023-09-28T00:00:00Z,BNCUSD,0.178,0.19,0.177,0.19,11937.44219797
2023-09-29T00:00:00Z,BNCUSD,0.19,0.198,0.186,0.19,8208.76570074
2023-09-30T00:00:00Z,BNCUSD,0.188,0.216,0.181,0.2,56467.69820564999
2023-10-01T00:00:00Z,BNCUSD,0.2,0.208,0.196,0.205,22080.34858717
2023-10-02T00:00:00Z,BNCUSD,0.205,0.21,0.201,0.204,13646.970163909997
2023-10-03T00:00:00Z,BNCUSD,0.204,0.206,0.202,0.205,5366.082459880001
2023-10-04T00:00:00Z,BNCUSD,0.205,0.207,0.202,0.202,7676.5213420499995
2023-10-05T00:00:00Z,BNCUSD,0.202,0.205,0.196,0.196,10572.225046639998
2023-10-06T00:00:00Z,BNCUSD,0.2,0.203,0.195,0.198,5769.629419559999
2023-10-07T00:00:00Z,BNCUSD,0.196,0.198,0.192,0.196,2259.76870922
2023-10-08T00:00:00Z,BNCUSD,0.196,0.203,0.195,0.195,6181.9915482100005
2023-10-09T00:00:00Z,BNCUSD,0.198,0.198,0.181,0.188,20943.63835127
2023-10-10T00:00:00Z,BNCUSD,0.189,0.191,0.18,0.187,35572.221926540005
2023-10-11T00:00:00Z,BNCUSD,0.189,0.211,0.185,0.19,28756.78757161001
2023-10-12T00:00:00Z,BNCUSD,0.195,0.203,0.192,0.194,22407.32817317
2023-10-13T00:00:00Z,BNCUSD,0.194,0.202,0.19,0.197,8328.70002519
2023-10-14T00:00:00Z,BNCUSD,0.197,0.21,0.195,0.202,7663.430201330001
2023-10-15T00:00:00Z,BNCUSD,0.203,0.208,0.196,0.203,8433.1311962
2023-10-16T00:00:00Z,BNCUSD,0.201,0.209,0.192,0.197,22213.619660889985
2023-10-17T00:00:00Z,BNCUSD,0.202,0.222,0.196,0.207,45609.35063065999
2023-10-18T00:00:00Z,BNCUSD,0.207,0.214,0.202,0.213,19522.82191779
2023-10-19T00:00:00Z,BNCUSD,0.208,0.245,0.196,0.218,25923.720553520012
2023-10-20T00:00:00Z,BNCUSD,0.214,0.226,0.214,0.217,7861.552011260001
2023-10-21T00:00:00Z,BNCUSD,0.216,0.228,0.212,0.225,9503.271515490003
2023-10-22T00:00:00Z,BNCUSD,0.228,0.236,0.217,0.233,8894.071885279998
2023-10-23T00:00:00Z,BNCUSD,0.23,0.245,0.223,0.241,15309.720575589996
2023-10-24T00:00:00Z,BNCUSD,0.242,0.268,0.242,0.256,47620.13716345002
2023-10-25T00:00:00Z,BNCUSD,0.256,0.263,0.253,0.263,17394.56944359
2023-10-26T00:00:00Z,BNCUSD,0.262,0.276,0.249,0.256,42896.88782539
2023-10-27T00:00:00Z,BNCUSD,0.256,0.258,0.234,0.235,22917.983235550004
2023-10-28T00:00:00Z,BNCUSD,0.235,0.255,0.234,0.238,38001.20009199001
2023-10-29T00:00:00Z,BNCUSD,0.239,0.241,0.234,0.239,9422.79776284
2023-10-30T00:00:00Z,BNCUSD,0.238,0.241,0.23,0.237,8633.209128830002
2023-10-31T00:00:00Z,BNCUSD,0.234,0.24,0.222,0.231,26192.26403864999
2023-11-01T00:00:00Z,BNCUSD,0.234,0.252,0.231,0.242,25158.443866010002
2023-11-02T00:00:00Z,BNCUSD,0.25,0.25,0.223,0.239,43632.82734014999
2023-11-03T00:00:00Z,BNCUSD,0.239,0.241,0.232,0.233,3754.5812502199997
2023-11-04T00:00:00Z,BNCUSD,0.238,0.239,0.222,0.231,76641.03098182997
2023-11-05T00:00:00Z,BNCUSD,0.231,0.241,0.217,0.228,75536.94276212
2023-11-06T00:00:00Z,BNCUSD,0.229,0.266,0.225,0.254,40967.50273359
2023-11-07T00:00:00Z,BNCUSD,0.253,0.269,0.24,0.253,37286.43202909
2023-11-08T00:00:00Z,BNCUSD,0.253,0.283,0.25,0.264,53443.37264941002
2023-11-09T00:00:00Z,BNCUSD,0.264,0.274,0.25,0.267,89804.96723100994
2023-11-10T00:00:00Z,BNCUSD,0.267,0.309,0.262,0.287,74641.55462744995
2023-11-11T00:00:00Z,BNCUSD,0.296,0.316,0.273,0.288,71406.92875755999
2023-11-12T00:00:00Z,BNCUSD,0.298,0.326,0.288,0.306,24286.95258901998
2023-11-13T00:00:00Z,BNCUSD,0.312,0.312,0.286,0.294,7711.143635939999
2023-11-14T00:00:00Z,BNCUSD,0.295,0.296,0.263,0.275,27490.670546439997
2023-11-15T00:00:00Z,BNCUSD,0.276,0.285,0.267,0.276,20498.360184209996
2023-11-16T00:00:00Z,BNCUSD,0.284,0.291,0.274,0.285,17138.35617483
2023-11-17T00:00:00Z,BNCUSD,0.293,0.311,0.272,0.278,35932.24070765
2023-11-18T00:00:00Z,BNCUSD,0.285,0.285,0.266,0.269,7312.99183503
2023-11-19T00:00:00Z,BNCUSD,0.276,0.29,0.266,0.281,15964.29046372
2023-11-20T00:00:00Z,BNCUSD,0.287,0.287,0.259,0.271,30975.67518471001
2023-11-21T00:00:00Z,BNCUSD,0.28,0.28,0.255,0.255,13628.396492559998
2023-11-22T00:00:00Z,BNCUSD,0.265,0.269,0.255,0.269,12948.508683839998
2023-11-23T00:00:00Z,BNCUSD,0.269,0.273,0.266,0.27,3933.23340585
2023-11-24T00:00:00Z,BNCUSD,0.269,0.273,0.26,0.271,9625.232045879999
2023-11-25T00:00:00Z,BNCUSD,0.27,0.274,0.256,0.274,11752.74105656
2023-11-26T00:00:00Z,BNCUSD,0.274,0.28,0.262,0.28,19627.87056536999
2023-11-27T00:00:00Z,BNCUSD,0.279,0.292,0.263,0.281,25694.378541359994
2023-11-28T00:00:00Z,BNCUSD,0.281,0.347,0.266,0.285,19324.832161989998
2023-11-29T00:00:00Z,BNCUSD,0.283,0.289,0.266,0.276,16026.215571059996
2023-11-30T00:00:00Z,BNCUSD,0.275,0.299,0.27,0.282,24233.27913195
2023-12-01T00:00:00Z,BNCUSD,0.291,0.318,0.281,0.288,63075.62830531998
2023-12-02T00:00:00Z,BNCUSD,0.294,0.298,0.278,0.29,24162.476278809998
2023-12-03T00:00:00Z,BNCUSD,0.282,0.314,0.281,0.284,22732.09284036
2023-12-04T00:00:00Z,BNCUSD,0.289,0.294,0.277,0.287,17586.52278492999
2023-12-05T00:00:00Z,BNCUSD,0.292,0.32,0.281,0.296,58713.801950099994
2023-12-06T00:00:00Z,BNCUSD,0.303,0.359,0.28,0.343,69541.55352095996
2023-12-07T00:00:00Z,BNCUSD,0.343,0.36,0.287,0.321,80036.52891663002
2023-12-08T00:00:00Z,BNCUSD,0.311,0.478,0.309,0.355,109057.03726445996
2023-12-09T00:00:00Z,BNCUSD,0.357,0.412,0.348,0.368,88032.14034094007
2023-12-10T00:00:00Z,BNCUSD,0.376,0.401,0.357,0.372,22287.11365768999
2023-12-11T00:00:00Z,BNCUSD,0.373,0.393,0.339,0.363,42574.39901780999
2023-12-12T00:00:00Z,BNCUSD,0.373,0.396,0.35,0.38,35974.99001843
2023-12-13T00:00:00Z,BNCUSD,0.392,0.427,0.343,0.389,46229.97386806
2023-12-14T00:00:00Z,BNCUSD,0.393,0.44,0.36,0.386,57590.66945840002
2023-12-15T00:00:00Z,BNCUSD,0.388,0.417,0.349,0.378,91689.79154045998
2023-12-16T00:00:00Z,BNCUSD,0.373,0.398,0.366,0.37,16689.546776389998
2023-12-17T00:00:00Z,BNCUSD,0.38,0.39,0.37,0.373,12343.282112209996
2023-12-18T00:00:00Z,BNCUSD,0.372,0.384,0.353,0.373,13601.337296439995
2023-12-19T00:00:00Z,BNCUSD,0.377,0.38,0.364,0.369,14213.43442996
2023-12-20T00:00:00Z,BNCUSD,0.368,0.425,0.346,0.387,45024.10595299998
2023-12-21T00:00:00Z,BNCUSD,0.383,0.476,0.368,0.417,42418.76992414998
2023-12-22T00:00:00Z,BNCUSD,0.425,0.489,0.408,0.457,101958.29774576993
2023-12-23T00:00:00Z,BNCUSD,0.468,0.536,0.451,0.535,56713.44971068001
2023-12-24T00:00:00Z,BNCUSD,0.538,0.66,0.497,0.564,165245.62043972008
2023-12-25T00:00:00Z,BNCUSD,0.584,0.75,0.577,0.684,65176.807985300016
2023-12-26T00:00:00Z,BNCUSD,0.72,0.787,0.615,0.682,123456.13813785998
2023-12-27T00:00:00Z,BNCUSD,0.682,0.711,0.619,0.637,72832.73376832993
2023-12-28T00:00:00Z,BNCUSD,0.637,0.644,0.55,0.566,55817.63535212006
2023-12-29T00:00:00Z,BNCUSD,0.57,0.618,0.53,0.555,44311.93166484
2023-12-30T00:00:00Z,BNCUSD,0.542,0.631,0.534,0.567,46239.77997954
2023-12-31T00:00:00Z,BNCUSD,0.573,0.634,0.548,0.618,50780.64993020995
2024-01-01T00:00:00Z,BNCUSD,0.626,0.65,0.572,0.597,75558.11643042005
2024-01-02T00:00:00Z,BNCUSD,0.614,0.632,0.546,0.588,46372.07009477999
2024-01-03T00:00:00Z,BNCUSD,0.581,0.595,0.509,0.556,84550.70013567
2024-01-04T00:00:00Z,BNCUSD,0.56,0.594,0.53,0.57,65205.11969858002
2024-01-05T00:00:00Z,BNCUSD,0.579,0.585,0.508,0.542,61166.08414398
2024-01-06T00:00:00Z,BNCUSD,0.531,0.543,0.497,0.512,51487.28286762001
2024-01-07T00:00:00Z,BNCUSD,0.515,0.527,0.47,0.484,45287.76308200998
2024-01-08T00:00:00Z,BNCUSD,0.493,0.539,0.461,0.533,67974.79845528999
2024-01-09T00:00:00Z,BNCUSD,0.543,0.543,0.385,0.486,43750.33886408998
2024-01-10T00:00:00Z,BNCUSD,0.486,0.531,0.462,0.524,47278.68600581
2024-01-11T00:00:00Z,BNCUSD,0.53,0.619,0.523,0.548,44235.43087125003
2024-01-12T00:00:00Z,BNCUSD,0.554,0.608,0.539,0.559,60365.29848875
2024-01-13T00:00:00Z,BNCUSD,0.537,0.581,0.504,0.58,48644.81305719
2024-01-14T00:00:00Z,BNCUSD,0.581,0.587,0.521,0.521,20008.204684819993
2024-01-15T00:00:00Z,BNCUSD,0.536,0.584,0.5,0.526,22819.343763080007
2024-01-16T00:00:00Z,BNCUSD,0.533,0.533,0.496,0.52,40939.63545184
2024-01-17T00:00:00Z,BNCUSD,0.526,0.549,0.507,0.54,13454.096956429998
2024-01-18T00:00:00Z,BNCUSD,0.541,0.547,0.487,0.507,48669.70484580997
2024-01-19T00:00:00Z,BNCUSD,0.51,0.544,0.486,0.519,45696.71114485001
2024-01-20T00:00:00Z,BNCUSD,0.528,0.545,0.514,0.545,7606.795226309999
2024-01-21T00:00:00Z,BNCUSD,0.544,0.729,0.532,0.571,60180.49074154
2024-01-22T00:00:00Z,BNCUSD,0.57,0.59,0.508,0.508,76790.07384143997
2024-01-23T00:00:00Z,BNCUSD,0.533,0.535,0.489,0.501,17060.581027090004
2024-01-24T00:00:00Z,BNCUSD,0.515,0.525,0.497,0.525,6033.579439569995
2024-01-25T00:00:00Z,BNCUSD,0.525,0.592,0.503,0.541,35315.98319869999
2024-01-26T00:00:00Z,BNCUSD,0.551,0.624,0.523,0.554,38570.51531265
2024-01-27T00:00:00Z,BNCUSD,0.569,0.579,0.544,0.579,3108.5219316400007
2024-01-28T00:00:00Z,BNCUSD,0.578,0.603,0.552,0.563,10929.09082038
2024-01-29T00:00:00Z,BNCUSD,0.576,0.629,0.563,0.605,12971.872414410005
2024-01-30T00:00:00Z,BNCUSD,0.629,0.629,0.568,0.577,28033.737962590007
2024-01-31T00:00:00Z,BNCUSD,0.584,0.616,0.52,0.59,46392.097055870014
2024-02-01T00:00:00Z,BNCUSD,0.603,0.612,0.557,0.6,36281.799750289996
2024-02-02T00:00:00Z,BNCUSD,0.611,0.68,0.603,0.646,44122.47884729
2024-02-03T00:00:00Z,BNCUSD,0.646,0.69,0.631,0.69,35001.79572520002
2024-02-04T00:00:00Z,BNCUSD,0.689,0.716,0.66,0.667,36017.74282597001
2024-02-05T00:00:00Z,BNCUSD,0.699,0.739,0.663,0.724,60852.755909429994
2024-02-06T00:00:00Z,BNCUSD,0.725,0.848,0.7,0.716,30447.35801585001
2024-02-07T00:00:00Z,BNCUSD,0.739,0.81,0.701,0.756,59200.441700690026
2024-02-08T00:00:00Z,BNCUSD,0.757,0.796,0.715,0.75,54659.15275292999
2024-02-09T00:00:00Z,BNCUSD,0.753,0.776,0.71,0.755,40658.80902853002
2024-02-10T00:00:00Z,BNCUSD,0.767,0.776,0.715,0.743,31832.97107672999
2024-02-11T00:00:00Z,BNCUSD,0.743,0.745,0.699,0.707,26255.35039959001
2024-02-12T00:00:00Z,BNCUSD,0.707,0.728,0.67,0.719,18835.958664829992
2024-02-13T00:00:00Z,BNCUSD,0.725,0.736,0.696,0.703,13094.090270930003
2024-02-14T00:00:00Z,BNCUSD,0.724,0.733,0.682,0.722,26493.43849617999
2024-02-15T00:00:00Z,BNCUSD,0.721,0.752,0.712,0.732,25810.895776450016
2024-02-16T00:00:00Z,BNCUSD,0.738,0.758,0.705,0.721,23697.533278589985
2024-02-17T00:00:00Z,BNCUSD,0.722,0.731,0.699,0.718,23216.03395214
2024-02-18T00:00:00Z,BNCUSD,0.726,0.8,0.718,0.749,39593.38380308001
2024-02-19T00:00:00Z,BNCUSD,0.749,0.804,0.73,0.77,35853.336345079995
2024-02-20T00:00:00Z,BNCUSD,0.777,0.815,0.73,0.733,32437.779279399998
2024-02-21T00:00:00Z,BNCUSD,0.749,0.767,0.714,0.722,22876.259861310005
2024-02-22T00:00:00Z,BNCUSD,0.725,0.727,0.683,0.691,55096.728703789966
2024-02-23T00:00:00Z,BNCUSD,0.691,0.708,0.665,0.672,58117.153629220025
2024-02-24T00:00:00Z,BNCUSD,0.67,0.694,0.655,0.668,34671.20274456001
2024-02-25T00:00:00Z,BNCUSD,0.67,0.693,0.649,0.69,28023.79568826001
2024-02-26T00:00:00Z,BNCUSD,0.689,0.692,0.631,0.681,72693.04192481008
2024-02-27T00:00:00Z,BNCUSD,0.688,0.86,0.66,0.705,118661.1976283199
2024-02-28T00:00:00Z,BNCUSD,0.705,0.72,0.675,0.69,48824.46818273998
2024-02-29T00:00:00Z,BNCUSD,0.695,0.788,0.693,0.709,59244.32339616001
2024-03-01T00:00:00Z,BNCUSD,0.736,0.788,0.698,0.746,48146.01141635997
2024-03-02T00:00:00Z,BNCUSD,0.77,0.833,0.682,0.795,122342.0517803103
2024-03-03T00:00:00Z,BNCUSD,0.802,0.802,0.723,0.79,45676.52153987002
2024-03-04T00:00:00Z,BNCUSD,0.798,0.86,0.755,0.766,70820.07837004999
2024-03-05T00:00:00Z,BNCUSD,0.77,0.773,0.677,0.693,89655.18499648989
2024-03-06T00:00:00Z,BNCUSD,0.692,0.775,0.67,0.742,116454.22950199003
2024-03-07T00:00:00Z,BNCUSD,0.737,0.838,0.685,0.803,78704.67722847995
2024-03-08T00:00:00Z,BNCUSD,0.789,0.85,0.711,0.746,128813.31663670993
2024-03-09T00:00:00Z,BNCUSD,0.747,0.764,0.713,0.733,50748.08872123997
2024-03-10T00:00:00Z,BNCUSD,0.733,0.757,0.693,0.702,71901.71781760993
2024-03-11T00:00:00Z,BNCUSD,0.708,0.754,0.622,0.714,195410.06580912007
2024-03-12T00:00:00Z,BNCUSD,0.719,0.74,0.665,0.688,81860.13007674996
2024-03-13T00:00:00Z,BNCUSD,0.688,0.717,0.658,0.671,117090.12141663005
2024-03-14T00:00:00Z,BNCUSD,0.671,0.744,0.631,0.676,122715.19304192011
2024-03-15T00:00:00Z,BNCUSD,0.686,0.736,0.631,0.653,94052.72408521
2024-03-16T00:00:00Z,BNCUSD,0.654,0.668,0.59,0.614,56042.50805498
2024-03-17T00:00:00Z,BNCUSD,0.608,0.644,0.585,0.639,67386.2547628
2024-03-18T00:00:00Z,BNCUSD,0.641,0.651,0.578,0.617,71200.68867841999
2024-03-19T00:00:00Z,BNCUSD,0.621,0.621,0.559,0.588,93861.58322621994
2024-03-20T00:00:00Z,BNCUSD,0.588,0.656,0.566,0.63,82873.31197263997
2024-03-21T00:00:00Z,BNCUSD,0.633,0.663,0.606,0.621,42769.4112591
2024-03-22T00:00:00Z,BNCUSD,0.613,0.626,0.564,0.577,32042.785831000037
2024-03-23T00:00:00Z,BNCUSD,0.584,0.6,0.583,0.589,8731.472426620003
2024-03-24T00:00:00Z,BNCUSD,0.592,0.596,0.56,0.58,47863.481453590044
2024-03-25T00:00:00Z,BNCUSD,0.583,0.662,0.561,0.638,51846.71624727996
2024-03-26T00:00:00Z,BNCUSD,0.641,0.67,0.595,0.618,55974.129019859996
2024-03-27T00:00:00Z,BNCUSD,0.618,0.621,0.573,0.588,18842.408073149985
2024-03-28T00:00:00Z,BNCUSD,0.588,0.596,0.561,0.573,52532.80713907004
2024-03-29T00:00:00Z,BNCUSD,0.571,0.582,0.549,0.575,34970.42732761
2024-03-30T00:00:00Z,BNCUSD,0.579,0.581,0.565,0.565,13863.390452240008
2024-03-31T00:00:00Z,BNCUSD,0.566,0.576,0.537,0.551,27420.29201347999
2024-04-01T00:00:00Z,BNCUSD,0.551,0.569,0.517,0.541,57720.138780949994
2024-04-02T00:00:00Z,BNCUSD,0.529,0.558,0.503,0.534,39382.057095970005
2024-04-03T00:00:00Z,BNCUSD,0.537,0.548,0.506,0.527,33638.16682406999
2024-04-04T00:00:00Z,BNCUSD,0.518,0.539,0.513,0.52,35541.929299239986
2024-04-05T00:00:00Z,BNCUSD,0.518,0.542,0.512,0.522,19563.862069019982
2024-04-06T00:00:00Z,BNCUSD,0.513,0.547,0.506,0.52,26705.925467100005
2024-04-07T00:00:00Z,BNCUSD,0.527,0.562,0.513,0.525,32833.155881670005
2024-04-08T00:00:00Z,BNCUSD,0.53,0.549,0.522,0.544,23447.079694370004
2024-04-09T00:00:00Z,BNCUSD,0.536,0.542,0.498,0.516,31755.10261793999
2024-04-10T00:00:00Z,BNCUSD,0.516,0.538,0.49,0.5,31330.44696908002
2024-04-11T00:00:00Z,BNCUSD,0.5,0.511,0.465,0.492,63781.01041714999
2024-04-12T00:00:00Z,BNCUSD,0.479,0.496,0.403,0.44,43813.345574139996
2024-04-13T00:00:00Z,BNCUSD,0.436,0.45,0.389,0.416,79710.37729243
2024-04-14T00:00:00Z,BNCUSD,0.416,0.43,0.371,0.413,43414.50006507002
2024-04-15T00:00:00Z,BNCUSD,0.404,0.439,0.39,0.406,66264.82729758
2024-04-16T00:00:00Z,BNCUSD,0.407,0.413,0.379,0.396,30709.447213449996
2024-04-17T00:00:00Z,BNCUSD,0.393,0.404,0.383,0.398,18648.062423640004
2024-04-18T00:00:00Z,BNCUSD,0.398,0.454,0.386,0.434,30397.33502111999
2024-04-19T00:00:00Z,BNCUSD,0.426,0.441,0.403,0.426,16555.697464269997
2024-04-20T00:00:00Z,BNCUSD,0.429,0.446,0.411,0.438,45946.95023917999
2024-04-21T00:00:00Z,BNCUSD,0.436,0.445,0.414,0.422,17498.551093119993
2024-04-22T00:00:00Z,BNCUSD,0.422,0.449,0.422,0.437,30304.465297439994
2024-04-23T00:00:00Z,BNCUSD,0.434,0.439,0.392,0.425,35866.39084763001
2024-04-24T00:00:00Z,BNCUSD,0.427,0.428,0.4,0.409,8125.728827839998
2024-04-25T00:00:00Z,BNCUSD,0.395,0.421,0.391,0.4,10554.606725969996
2024-04-26T00:00:00Z,BNCUSD,0.405,0.421,0.386,0.406,8384.7553826
2024-04-27T00:00:00Z,BNCUSD,0.393,0.41,0.387,0.388,11676.129856170004
2024-04-28T00:00:00Z,BNCUSD,0.4,0.435,0.387,0.419,22069.483203859996
2024-04-29T00:00:00Z,BNCUSD,0.418,0.486,0.416,0.437,57868.77036391002
2024-04-30T00:00:00Z,BNCUSD,0.445,0.499,0.423,0.46,74758.99311840007
2024-05-01T00:00:00Z,BNCUSD,0.46,0.482,0.441,0.481,22811.401077599996
2024-05-02T00:00:00Z,BNCUSD,0.479,0.483,0.46,0.483,13819.343285150006
2024-05-03T00:00:00Z,BNCUSD,0.477,0.529,0.477,0.488,53065.47330369001
2024-05-04T00:00:00Z,BNCUSD,0.488,0.512,0.475,0.493,19018.89544794
2024-05-05T00:00:00Z,BNCUSD,0.493,0.514,0.476,0.508,10863.59777609
2024-05-06T00:00:00Z,BNCUSD,0.5,0.519,0.482,0.508,38623.55978805999
2024-05-07T00:00:00Z,BNCUSD,0.497,0.503,0.485,0.488,2961.4480551500005
2024-05-08T00:00:00Z,BNCUSD,0.484,0.489,0.475,0.475,16547.284121409997
2024-05-09T00:00:00Z,BNCUSD,0.482,0.503,0.451,0.475,23591.989405250006
2024-05-10T00:00:00Z,BNCUSD,0.462,0.476,0.43,0.441,25928.789170899992
2024-05-11T00:00:00Z,BNCUSD,0.431,0.452,0.403,0.445,38775.66606276001
2024-05-12T00:00:00Z,BNCUSD,0.443,0.453,0.426,0.426,12865.170711300001
2024-05-13T00:00:00Z,BNCUSD,0.437,0.449,0.402,0.427,14691.786532430006
2024-05-14T00:00:00Z,BNCUSD,0.436,0.46,0.406,0.426,34209.35905123
2024-05-15T00:00:00Z,BNCUSD,0.424,0.459,0.388,0.431,83517.64605467998
2024-05-16T00:00:00Z,BNCUSD,0.431,0.439,0.421,0.426,15457.210589889999
2024-05-17T00:00:00Z,BNCUSD,0.433,0.452,0.425,0.45,17212.0999801
2024-05-18T00:00:00Z,BNCUSD,0.435,0.444,0.419,0.444,4566.92807827
2024-05-19T00:00:00Z,BNCUSD,0.44,0.445,0.422,0.424,6426.047288909999
2024-05-20T00:00:00Z,BNCUSD,0.424,0.46,0.413,0.444,33001.93823887999
2024-05-21T00:00:00Z,BNCUSD,0.46,0.515,0.429,0.445,50823.97585357002
2024-05-22T00:00:00Z,BNCUSD,0.438,0.457,0.433,0.444,14771.963935920001
2024-05-23T00:00:00Z,BNCUSD,0.445,0.49,0.411,0.423,53794.98450049002
2024-05-24T00:00:00Z,BNCUSD,0.429,0.441,0.418,0.431,13220.11802781
2024-05-25T00:00:00Z,BNCUSD,0.428,0.446,0.417,0.446,8881.11053193
2024-05-26T00:00:00Z,BNCUSD,0.446,0.453,0.428,0.445,17306.977116290003
2024-05-27T00:00:00Z,BNCUSD,0.44,0.449,0.413,0.441,25869.075788560003
2024-05-28T00:00:00Z,BNCUSD,0.432,0.439,0.421,0.421,14733.422970629998
2024-05-29T00:00:00Z,BNCUSD,0.425,0.432,0.401,0.422,31785.16041819
2024-05-30T00:00:00Z,BNCUSD,0.415,0.426,0.403,0.411,28901.54995397
2024-05-31T00:00:00Z,BNCUSD,0.407,0.415,0.39,0.403,15243.48220975
2024-06-01T00:00:00Z,BNCUSD,0.403,0.407,0.38,0.407,61687.21518174999
2024-06-02T00:00:00Z,BNCUSD,0.392,0.41,0.374,0.395,30935.569823409987
2024-06-03T00:00:00Z,BNCUSD,0.39,0.401,0.361,0.387,32159.69617858999
2024-06-04T00:00:00Z,BNCUSD,0.386,0.393,0.352,0.375,133550.5826525399
2024-06-05T00:00:00Z,BNCUSD,0.377,0.384,0.278,0.364,136281.70230498005
2024-06-06T00:00:00Z,BNCUSD,0.358,0.373,0.355,0.362,37644.35681477001
2024-06-07T00:00:00Z,BNCUSD,0.364,0.374,0.331,0.332,111577.83395698
2024-06-08T00:00:00Z,BNCUSD,0.335,0.342,0.312,0.318,118881.88915594004
2024-06-09T00:00:00Z,BNCUSD,0.315,0.321,0.244,0.302,144213.98862834994
2024-06-10T00:00:00Z,BNCUSD,0.302,0.314,0.291,0.298,53177.10866783
2024-06-11T00:00:00Z,BNCUSD,0.3,0.311,0.285,0.285,53558.27417086999
2024-06-12T00:00:00Z,BNCUSD,0.291,0.393,0.284,0.331,30061.680148469986
2024-06-13T00:00:00Z,BNCUSD,0.331,0.344,0.314,0.322,12307.01843167
2024-06-14T00:00:00Z,BNCUSD,0.326,0.338,0.308,0.32,12358.315318869996
2024-06-15T00:00:00Z,BNCUSD,0.319,0.322,0.308,0.322,8147.837539329998
2024-06-16T00:00:00Z,BNCUSD,0.322,0.337,0.317,0.337,7366.164315359999
2024-06-17T00:00:00Z,BNCUSD,0.323,0.373,0.288,0.315,164662.64061647002
2024-06-18T00:00:00Z,BNCUSD,0.314,0.314,0.296,0.309,35491.736829800015
2024-06-19T00:00:00Z,BNCUSD,0.308,0.33,0.301,0.328,7336.722776549999
2024-06-20T00:00:00Z,BNCUSD,0.329,0.344,0.318,0.321,12912.628306290002
2024-06-21T00:00:00Z,BNCUSD,0.319,0.336,0.318,0.323,12704.772705150004
2024-06-22T00:00:00Z,BNCUSD,0.329,0.332,0.3,0.317,190204.29739295994
2024-06-23T00:00:00Z,BNCUSD,0.318,0.336,0.31,0.312,7753.979860699998
2024-06-24T00:00:00Z,BNCUSD,0.308,0.317,0.286,0.302,31067.513887580004
2024-06-25T00:00:00Z,BNCUSD,0.301,0.31,0.29,0.299,10159.018973449998
2024-06-26T00:00:00Z,BNCUSD,0.299,0.309,0.296,0.297,5173.900638300001
2024-06-27T00:00:00Z,BNCUSD,0.304,0.317,0.296,0.316,14106.034978439999
2024-06-28T00:00:00Z,BNCUSD,0.316,0.326,0.309,0.315,4944.99679465
2024-06-29T00:00:00Z,BNCUSD,0.311,0.321,0.307,0.313,14557.346380770005
2024-06-30T00:00:00Z,BNCUSD,0.317,0.332,0.309,0.313,9145.64652167
2024-07-01T00:00:00Z,BNCUSD,0.317,0.326,0.311,0.315,6143.306873830001
2024-07-02T00:00:00Z,BNCUSD,0.318,0.319,0.31,0.313,13868.309301559999
2024-07-03T00:00:00Z,BNCUSD,0.314,0.327,0.293,0.293,28991.743329399982
2024-07-04T00:00:00Z,BNCUSD,0.295,0.299,0.27,0.278,80782.23418971994
2024-07-05T00:00:00Z,BNCUSD,0.28,0.281,0.261,0.277,36641.311584639996
2024-07-06T00:00:00Z,BNCUSD,0.278,0.28,0.174,0.229,431017.1810086694
2024-07-07T00:00:00Z,BNCUSD,0.229,0.23,0.197,0.214,176960.03294214993
2024-07-08T00:00:00Z,BNCUSD,0.214,0.221,0.203,0.212,93681.1611021
2024-07-09T00:00:00Z,BNCUSD,0.211,0.245,0.211,0.232,31768.65127276999
2024-07-10T00:00:00Z,BNCUSD,0.231,0.246,0.23,0.236,15971.368950839998
2024-07-11T00:00:00Z,BNCUSD,0.236,0.259,0.228,0.248,31201.139956139996
2024-07-12T00:00:00Z,BNCUSD,0.249,0.257,0.234,0.248,30242.59201286003
2024-07-13T00:00:00Z,BNCUSD,0.252,0.268,0.241,0.257,14304.891643690002
2024-07-14T00:00:00Z,BNCUSD,0.256,0.268,0.247,0.257,16266.214798419993
2024-07-15T00:00:00Z,BNCUSD,0.262,0.267,0.255,0.259,55961.234181899985
2024-07-16T00:00:00Z,BNCUSD,0.262,0.264,0.241,0.259,37609.540632749995
2024-07-17T00:00:00Z,BNCUSD,0.261,0.279,0.242,0.249,68652.30836238003
2024-07-18T00:00:00Z,BNCUSD,0.249,0.254,0.248,0.25,8985.401343590001
2024-07-19T00:00:00Z,BNCUSD,0.25,0.258,0.244,0.253,19176.27026142
2024-07-20T00:00:00Z,BNCUSD,0.258,0.258,0.247,0.258,3602.856440100001
2024-07-21T00:00:00Z,BNCUSD,0.254,0.257,0.247,0.253,5883.228894680001
2024-07-22T00:00:00Z,BNCUSD,0.255,0.26,0.248,0.251,7595.62893312
2024-07-23T00:00:00Z,BNCUSD,0.248,0.259,0.24,0.246,18377.772724209997
2024-07-24T00:00:00Z,BNCUSD,0.246,0.255,0.239,0.247,34909.472178359996
2024-07-25T00:00:00Z,BNCUSD,0.251,0.257,0.22,0.237,60538.34019502004
2024-07-26T00:00:00Z,BNCUSD,0.234,0.252,0.233,0.246,14584.492414569999
2024-07-27T00:00:00Z,BNCUSD,0.242,0.248,0.231,0.245,17628.646252900005
2024-07-28T00:00:00Z,BNCUSD,0.245,0.248,0.239,0.239,6546.802521929998
2024-07-29T00:00:00Z,BNCUSD,0.238,0.248,0.236,0.237,15068.923848900002
2024-07-30T00:00:00Z,BNCUSD,0.241,0.246,0.236,0.236,4136.35606228
2024-07-31T00:00:00Z,BNCUSD,0.239,0.243,0.23,0.236,16674.220432719994
2024-08-01T00:00:00Z,BNCUSD,0.234,0.237,0.215,0.218,10606.05832182
2024-08-02T00:00:00Z,BNCUSD,0.221,0.227,0.205,0.21,16929.160739750005
2024-08-03T00:00:00Z,BNCUSD,0.209,0.222,0.201,0.209,42137.23935337
2024-08-04T00:00:00Z,BNCUSD,0.212,0.217,0.187,0.194,98953.34752037999
2024-08-05T00:00:00Z,BNCUSD,0.194,0.201,0.159,0.181,70639.937291
2024-08-06T00:00:00Z,BNCUSD,0.184,0.211,0.169,0.19,74672.00957911
2024-08-07T00:00:00Z,BNCUSD,0.19,0.192,0.173,0.186,9977.22315104
2024-08-08T00:00:00Z,BNCUSD,0.181,0.195,0.181,0.195,16734.00098186999
2024-08-09T00:00:00Z,BNCUSD,0.192,0.194,0.18,0.189,34534.929931880004
2024-08-10T00:00:00Z,BNCUSD,0.19,0.197,0.186,0.192,5151.467656519999
2024-08-11T00:00:00Z,BNCUSD,0.196,0.2,0.181,0.185,9579.9485593
2024-08-12T00:00:00Z,BNCUSD,0.185,0.193,0.184,0.19,5721.804381880001
2024-08-13T00:00:00Z,BNCUSD,0.192,0.214,0.189,0.208,11160.85191799
2024-08-14T00:00:00Z,BNCUSD,0.213,0.239,0.207,0.214,94761.04844707991
2024-08-15T00:00:00Z,BNCUSD,0.211,0.217,0.203,0.212,15501.008392840005
2024-08-16T00:00:00Z,BNCUSD,0.206,0.212,0.199,0.202,16502.30150382
2024-08-17T00:00:00Z,BNCUSD,0.208,0.21,0.2,0.204,3498.4728349900006
2024-08-18T00:00:00Z,BNCUSD,0.203,0.212,0.199,0.205,10067.012886049999
2024-08-19T00:00:00Z,BNCUSD,0.204,0.206,0.197,0.199,10458.776929339998
2024-08-20T00:00:00Z,BNCUSD,0.202,0.21,0.197,0.204,3503.95134258
2024-08-21T00:00:00Z,BNCUSD,0.205,0.214,0.204,0.213,6336.842988780001
2024-08-22T00:00:00Z,BNCUSD,0.215,0.216,0.208,0.213,8344.22094897
2024-08-23T00:00:00Z,BNCUSD,0.214,0.218,0.207,0.213,10410.85012996
2024-08-24T00:00:00Z,BNCUSD,0.218,0.223,0.212,0.223,6309.670618869999
2024-08-25T00:00:00Z,BNCUSD,0.224,0.229,0.212,0.222,9430.05488689
2024-08-26T00:00:00Z,BNCUSD,0.226,0.226,0.211,0.212,4784.549921299999
2024-08-27T00:00:00Z,BNCUSD,0.219,0.22,0.204,0.204,8022.045083579998
2024-08-28T00:00:00Z,BNCUSD,0.205,0.217,0.193,0.2,28591.904489930006
2024-08-29T00:00:00Z,BNCUSD,0.199,0.21,0.192,0.201,8295.317673099999
2024-08-30T00:00:00Z,BNCUSD,0.197,0.202,0.15,0.202,24695.28308880001
2024-08-31T00:00:00Z,BNCUSD,0.201,0.203,0.182,0.198,72293.86081736999
2024-09-01T00:00:00Z,BNCUSD,0.191,0.202,0.183,0.193,21479.4502726
2024-09-02T00:00:00Z,BNCUSD,0.194,0.201,0.192,0.195,5045.666907680001
2024-09-03T00:00:00Z,BNCUSD,0.199,0.201,0.193,0.193,2948.301884559999
2024-09-04T00:00:00Z,BNCUSD,0.194,0.198,0.189,0.19,23716.230893210017
2024-09-05T00:00:00Z,BNCUSD,0.191,0.193,0.176,0.184,39208.42679338999
2024-09-06T00:00:00Z,BNCUSD,0.186,0.193,0.183,0.188,10865.415242239998
2024-09-07T00:00:00Z,BNCUSD,0.184,0.198,0.184,0.188,15059.449375069998
2024-09-08T00:00:00Z,BNCUSD,0.186,0.191,0.181,0.188,14703.119967060002
2024-09-09T00:00:00Z,BNCUSD,0.187,0.196,0.18,0.19,24112.961353560004
2024-09-10T00:00:00Z,BNCUSD,0.194,0.204,0.18,0.196,54086.215887069986
2024-09-11T00:00:00Z,BNCUSD,0.187,0.195,0.182,0.186,7451.845012310001
2024-09-12T00:00:00Z,BNCUSD,0.186,0.199,0.185,0.193,9160.573814000003
2024-09-13T00:00:00Z,BNCUSD,0.19,0.207,0.19,0.198,7635.674214249999
2024-09-14T00:00:00Z,BNCUSD,0.203,0.206,0.193,0.202,5465.028120450001
2024-09-15T00:00:00Z,BNCUSD,0.202,0.205,0.195,0.202,3968.52464498
2024-09-16T00:00:00Z,BNCUSD,0.199,0.207,0.198,0.2,4643.784893290001
2024-09-17T00:00:00Z,BNCUSD,0.199,0.204,0.198,0.204,2523.2515583100003
2024-09-18T00:00:00Z,BNCUSD,0.202,0.204,0.194,0.204,10487.655685
2024-09-19T00:00:00Z,BNCUSD,0.201,0.22,0.197,0.213,23001.719562379993
2024-09-20T00:00:00Z,BNCUSD,0.212,0.219,0.212,0.214,4520.211452700001
2024-09-21T00:00:00Z,BNCUSD,0.214,0.218,0.206,0.218,5652.076332949999
2024-09-22T00:00:00Z,BNCUSD,0.215,0.216,0.204,0.208,19564.57497528
2024-09-23T00:00:00Z,BNCUSD,0.21,0.216,0.204,0.212,3096.9348748700004
2024-09-24T00:00:00Z,BNCUSD,0.211,0.222,0.205,0.217,9208.82304999
2024-09-25T00:00:00Z,BNCUSD,0.218,0.227,0.211,0.219,17779.05348852
2024-09-26T00:00:00Z,BNCUSD,0.218,0.24,0.21,0.222,32122.26496275999
2024-09-27T00:00:00Z,BNCUSD,0.223,0.224,0.212,0.218,12718.420610209992
2024-09-28T00:00:00Z,BNCUSD,0.218,0.241,0.211,0.224,25111.324943230007
2024-09-29T00:00:00Z,BNCUSD,0.224,0.225,0.21,0.217,8718.122085510002
2024-09-30T00:00:00Z,BNCUSD,0.215,0.219,0.193,0.214,24333.52074092
2024-10-01T00:00:00Z,BNCUSD,0.212,0.216,0.194,0.194,19034.374437309994
2024-10-02T00:00:00Z,BNCUSD,0.196,0.202,0.187,0.192,16993.297851090003
2024-10-03T00:00:00Z,BNCUSD,0.1940,0.2000,0.1870,0.1890,23228.35961746
2024-10-04T00:00:00Z,BNCUSD,0.1900,0.1970,0.1890,0.1920,1966.07116769
2024-10-05T00:00:00Z,BNCUSD,0.1940,0.1960,0.1860,0.1900,9922.45268314
2024-10-06T00:00:00Z,BNCUSD,0.1870,0.1980,0.1830,0.1950,18846.06837921
2024-10-07T00:00:00Z,BNCUSD,0.1910,0.1980,0.1840,0.1860,25210.88171064
2024-10-08T00:00:00Z,BNCUSD,0.1920,0.1930,0.1300,0.1840,29143.01775961
2024-10-09T00:00:00Z,BNCUSD,0.1880,0.1960,0.1850,0.1880,11129.23473922
2024-10-10T00:00:00Z,BNCUSD,0.1880,0.1950,0.1820,0.1900,3413.99591065
2024-10-11T00:00:00Z,BNCUSD,0.1900,0.1920,0.1750,0.1880,24301.69416760
2024-10-12T00:00:00Z,BNCUSD,0.1910,0.1970,0.1860,0.1890,19769.41531625
2024-10-13T00:00:00Z,BNCUSD,0.1890,0.1900,0.1850,0.1850,16557.70472953
2024-10-14T00:00:00Z,BNCUSD,0.1890,0.2000,0.1830,0.1860,42148.88807251
2024-10-15T00:00:00Z,BNCUSD,0.1910,0.2400,0.1850,0.1900,28558.14285154
2024-10-16T00:00:00Z,BNCUSD,0.1910,0.2020,0.1880,0.1950,4454.26753400
2024-10-17T00:00:00Z,BNCUSD,0.1890,0.2150,0.1880,0.1890,19504.14697346
2024-10-18T00:00:00Z,BNCUSD,0.1880,0.1990,0.1850,0.1880,6551.84629989
2024-10-19T00:00:00Z,BNCUSD,0.1910,0.1950,0.1880,0.1880,1841.34810446
2024-10-20T00:00:00Z,BNCUSD,0.1960,0.1990,0.1880,0.1980,2183.36762173
2024-10-21T00:00:00Z,BNCUSD,0.1980,0.2050,0.1890,0.1890,17069.92481790
2024-10-22T00:00:00Z,BNCUSD,0.1980,0.2000,0.1870,0.1930,6798.92794553
2024-10-23T00:00:00Z,BNCUSD,0.1990,0.2020,0.1870,0.1960,5455.29063354
2024-10-24T00:00:00Z,BNCUSD,0.1960,0.1990,0.1860,0.1930,2939.22097132
2024-10-25T00:00:00Z,BNCUSD,0.1960,0.1970,0.1850,0.1850,2888.53784619
2024-10-26T00:00:00Z,BNCUSD,0.1880,0.1920,0.1860,0.1860,3608.39885049
2024-10-27T00:00:00Z,BNCUSD,0.1860,0.1920,0.1860,0.1860,678.09313999
2024-10-28T00:00:00Z,BNCUSD,0.1850,0.1960,0.1830,0.1910,9362.67282836
2024-10-29T00:00:00Z,BNCUSD,0.1880,0.1920,0.1830,0.1900,9810.14443559
2024-10-30T00:00:00Z,BNCUSD,0.1860,0.1920,0.1800,0.1910,13415.75251789
2024-10-31T00:00:00Z,BNCUSD,0.1910,0.1920,0.1810,0.1860,3477.67895830
2024-11-01T00:00:00Z,BNCUSD,0.1880,0.1950,0.1830,0.1880,5969.56440287
2024-11-02T00:00:00Z,BNCUSD,0.1910,0.1920,0.1760,0.1830,39763.20193193
2024-11-03T00:00:00Z,BNCUSD,0.1840,0.1840,0.1700,0.1710,20717.49206881
2024-11-04T00:00:00Z,BNCUSD,0.1730,0.1820,0.1670,0.1740,40692.59003864
2024-11-05T00:00:00Z,BNCUSD,0.1740,0.1820,0.1660,0.1770,41102.66680824
2024-11-06T00:00:00Z,BNCUSD,0.1770,0.1880,0.1740,0.1850,16425.23741228
2024-11-07T00:00:00Z,BNCUSD,0.1850,0.1900,0.1800,0.1850,8451.01642629
2024-11-08T00:00:00Z,BNCUSD,0.1850,0.1940,0.1820,0.1870,27549.36454438
2024-11-09T00:00:00Z,BNCUSD,0.1900,0.1940,0.1810,0.1930,10767.91271138
2024-11-10T00:00:00Z,BNCUSD,0.1940,0.2050,0.1880,0.2020,63492.93488061
2024-11-11T00:00:00Z,BNCUSD,0.2000,0.2230,0.1980,0.2160,28108.22810832
2024-11-12T00:00:00Z,BNCUSD,0.2170,0.2260,0.2050,0.2120,15764.44897940
2024-11-13T00:00:00Z,BNCUSD,0.2200,0.2220,0.1840,0.2030,49123.46031023
2024-11-14T00:00:00Z,BNCUSD,0.2060,0.2080,0.1940,0.1970,15216.91151497
2024-11-15T00:00:00Z,BNCUSD,0.1960,0.2030,0.1790,0.1980,87271.05337830
2024-11-16T00:00:00Z,BNCUSD,0.1980,0.2100,0.1880,0.1990,34009.99634847
2024-11-17T00:00:00Z,BNCUSD,0.1990,0.2190,0.1940,0.2110,13487.70908018
2024-11-18T00:00:00Z,BNCUSD,0.2100,0.2320,0.2040,0.2140,15529.44862673
2024-11-19T00:00:00Z,BNCUSD,0.2220,0.2260,0.2160,0.2180,26812.34576605
2024-11-20T00:00:00Z,BNCUSD,0.2180,0.2400,0.2170,0.2400,51724.21970188
2024-11-21T00:00:00Z,BNCUSD,0.2270,0.2390,0.2160,0.2340,74962.44931385
2024-11-22T00:00:00Z,BNCUSD,0.2350,0.2520,0.2240,0.2480,41680.62340109
2024-11-23T00:00:00Z,BNCUSD,0.2500,0.3390,0.2440,0.3150,213391.30557069
2024-11-24T00:00:00Z,BNCUSD,0.3040,0.3400,0.2830,0.3050,73722.49247815
2024-11-25T00:00:00Z,BNCUSD,0.2980,0.3280,0.2840,0.2950,68827.70119219
2024-11-26T00:00:00Z,BNCUSD,0.3000,0.3100,0.2740,0.2760,21856.34222203
2024-11-27T00:00:00Z,BNCUSD,0.2790,0.3060,0.2740,0.2870,18422.34758523
2024-11-28T00:00:00Z,BNCUSD,0.2870,0.3120,0.2770,0.2770,11743.71961735
2024-11-29T00:00:00Z,BNCUSD,0.2900,0.3100,0.2750,0.3030,46055.11830391
2024-11-30T00:00:00Z,BNCUSD,0.3020,0.3090,0.2830,0.2990,37352.39915684
2024-12-01T00:00:00Z,BNCUSD,0.2990,0.3090,0.2840,0.2980,51430.72469180
2024-12-02T00:00:00Z,BNCUSD,0.2950,0.3030,0.2740,0.3020,22597.65938840
2024-12-03T00:00:00Z,BNCUSD,0.3020,0.3230,0.2870,0.3190,30437.17011139
2024-12-04T00:00:00Z,BNCUSD,0.3190,0.3540,0.3130,0.3440,76165.47625719
2024-12-05T00:00:00Z,BNCUSD,0.3410,0.3540,0.3170,0.3240,36317.07989638
2024-12-06T00:00:00Z,BNCUSD,0.3260,0.3460,0.3150,0.3320,51960.72977703
2024-12-07T00:00:00Z,BNCUSD,0.3350,0.3400,0.3020,0.3290,30677.17192848
2024-12-08T00:00:00Z,BNCUSD,0.3290,0.3400,0.3200,0.3200,28307.52723623
2024-12-09T00:00:00Z,BNCUSD,0.3200,0.3350,0.2670,0.2850,33038.84149813
2024-12-10T00:00:00Z,BNCUSD,0.2800,0.2820,0.2590,0.2670,15330.44604422
2024-12-11T00:00:00Z,BNCUSD,0.2660,0.2920,0.2620,0.2860,11567.97998534
2024-12-12T00:00:00Z,BNCUSD,0.2860,0.3010,0.2710,0.2800,28567.28844171
2024-12-13T00:00:00Z,BNCUSD,0.2830,0.2900,0.2710,0.2770,6079.53399561
2024-12-14T00:00:00Z,BNCUSD,0.2810,0.2910,0.2660,0.2800,15940.09486061
2024-12-15T00:00:00Z,BNCUSD,0.2770,0.2820,0.2630,0.2690,19383.48935600
2024-12-16T00:00:00Z,BNCUSD,0.2680,0.2880,0.2670,0.2820,12609.25910146
2024-12-17T00:00:00Z,BNCUSD,0.2790,0.2810,0.2620,0.2730,14546.84457577
2024-12-18T00:00:00Z,BNCUSD,0.2680,0.2800,0.2570,0.2610,4411.63590107
2024-12-19T00:00:00Z,BNCUSD,0.2570,0.2700,0.2260,0.2310,32212.11110546
2024-12-20T00:00:00Z,BNCUSD,0.2320,0.2440,0.2080,0.2430,28928.92678935
2024-12-21T00:00:00Z,BNCUSD,0.2410,0.2560,0.2320,0.2320,15984.90428372
2024-12-22T00:00:00Z,BNCUSD,0.2370,0.2480,0.2220,0.2270,19534.44545758
2024-12-23T00:00:00Z,BNCUSD,0.2280,0.2430,0.2230,0.2360,14498.67427496
2024-12-24T00:00:00Z,BNCUSD,0.2360,0.2440,0.2210,0.2430,21152.89253892
2024-12-25T00:00:00Z,BNCUSD,0.2440,0.2550,0.2310,0.2460,11522.35007481
2024-12-26T00:00:00Z,BNCUSD,0.2440,0.2460,0.2220,0.2340,4793.96918580
2024-12-27T00:00:00Z,BNCUSD,0.2380,0.2390,0.2260,0.2340,6307.88781606
2024-12-28T00:00:00Z,BNCUSD,0.2350,0.2710,0.2350,0.2530,41687.48369430
2024-12-29T00:00:00Z,BNCUSD,0.2560,0.2690,0.2380,0.2380,12756.08859019
2024-12-30T00:00:00Z,BNCUSD,0.2400,0.2520,0.2330,0.2460,12148.95545660
2024-12-31T00:00:00Z,BNCUSD,0.2360,0.2470,0.2320,0.2410,1886.78891114
2025-01-01T00:00:00Z,BNCUSD,0.2390,0.2500,0.2390,0.2500,1676.33363417
2025-01-02T00:00:00Z,BNCUSD,0.2470,0.2600,0.2390,0.2450,18711.46129172
2025-01-03T00:00:00Z,BNCUSD,0.2470,0.2590,0.2430,0.2520,9496.25029553
2025-01-04T00:00:00Z,BNCUSD,0.2520,0.2640,0.2420,0.2520,22251.83977907
2025-01-05T00:00:00Z,BNCUSD,0.2530,0.2620,0.2470,0.2590,12170.30405375
2025-01-06T00:00:00Z,BNCUSD,0.2590,0.2690,0.2460,0.2600,11524.36240327
2025-01-07T00:00:00Z,BNCUSD,0.2610,0.2730,0.2330,0.2460,16171.01813946
2025-01-08T00:00:00Z,BNCUSD,0.2370,0.2420,0.2220,0.2250,6597.95693996
2025-01-09T00:00:00Z,BNCUSD,0.2320,0.2370,0.2140,0.2210,21898.47928638
2025-01-10T00:00:00Z,BNCUSD,0.2210,0.2290,0.2180,0.2240,31972.55288575
2025-01-11T00:00:00Z,BNCUSD,0.2250,0.2490,0.2240,0.2260,53742.25500092
2025-01-12T00:00:00Z,BNCUSD,0.2260,0.2280,0.2200,0.2230,17632.54181991
2025-01-13T00:00:00Z,BNCUSD,0.2230,0.2240,0.2030,0.2060,66717.54597423
2025-01-14T00:00:00Z,BNCUSD,0.2060,0.2180,0.2050,0.2140,43313.25799441
2025-01-15T00:00:00Z,BNCUSD,0.2140,0.2300,0.2110,0.2260,16735.77127528
2025-01-16T00:00:00Z,BNCUSD,0.2280,0.2380,0.2250,0.2340,89410.91746935
2025-01-17T00:00:00Z,BNCUSD,0.2330,0.2430,0.2310,0.2430,59896.06247240
2025-01-18T00:00:00Z,BNCUSD,0.2410,0.2430,0.2130,0.2210,40109.21254470
2025-01-19T00:00:00Z,BNCUSD,0.2210,0.2230,0.2030,0.2060,42763.46972533
2025-01-20T00:00:00Z,BNCUSD,0.2060,0.2190,0.1950,0.2080,61659.77220039
2025-01-21T00:00:00Z,BNCUSD,0.2070,0.2190,0.2050,0.2170,48136.30415096
2025-01-22T00:00:00Z,BNCUSD,0.2170,0.2190,0.2110,0.2130,36674.18273314
2025-01-23T00:00:00Z,BNCUSD,0.2120,0.2120,0.2020,0.2090,21321.34266491
2025-01-24T00:00:00Z,BNCUSD,0.2090,0.2200,0.2070,0.2150,78521.00011889
2025-01-25T00:00:00Z,BNCUSD,0.2150,0.2200,0.2140,0.2200,39899.16003616
2025-01-26T00:00:00Z,BNCUSD,0.2190,0.2200,0.2130,0.2160,30782.73093473
2025-01-27T00:00:00Z,BNCUSD,0.2150,0.2150,0.2010,0.2120,30424.70230385
2025-01-28T00:00:00Z,BNCUSD,0.2110,0.2150,0.1990,0.2010,28935.46637950
2025-01-29T00:00:00Z,BNCUSD,0.2010,0.2030,0.1970,0.2000,42337.66106852
2025-01-30T00:00:00Z,BNCUSD,0.2000,0.2070,0.1980,0.2020,89026.78602398
2025-01-31T00:00:00Z,BNCUSD,0.2030,0.2050,0.1950,0.2020,55331.76115334
2025-02-01T00:00:00Z,BNCUSD,0.2030,0.2030,0.1900,0.1900,21936.80220899
2025-02-02T00:00:00Z,BNCUSD,0.1930,0.1930,0.1710,0.1730,42950.70103653
2025-02-03T00:00:00Z,BNCUSD,0.1720,0.1760,0.1510,0.1750,76139.71433909
2025-02-04T00:00:00Z,BNCUSD,0.1750,0.1790,0.1570,0.1680,103782.91345921
2025-02-05T00:00:00Z,BNCUSD,0.1680,0.1690,0.1640,0.1640,21615.27227849
2025-02-06T00:00:00Z,BNCUSD,0.1630,0.1700,0.1630,0.1670,17339.44401230
2025-02-07T00:00:00Z,BNCUSD,0.1660,0.1710,0.1640,0.1640,15237.69119907
2025-02-08T00:00:00Z,BNCUSD,0.1650,0.1730,0.1620,0.1730,16427.79231843
2025-02-09T00:00:00Z,BNCUSD,0.1720,0.1760,0.1660,0.1710,18655.08303945
2025-02-10T00:00:00Z,BNCUSD,0.1710,0.1760,0.1680,0.1740,14110.68874723
2025-02-11T00:00:00Z,BNCUSD,0.1750,0.1800,0.1710,0.1720,14451.89036982
2025-02-12T00:00:00Z,BNCUSD,0.1720,0.1800,0.1680,0.1770,11360.78116766
2025-02-13T00:00:00Z,BNCUSD,0.1770,0.1780,0.1630,0.1690,58490.66739173
2025-02-14T00:00:00Z,BNCUSD,0.1700,0.1770,0.1690,0.1720,20282.75711341
2025-02-15T00:00:00Z,BNCUSD,0.1720,0.1750,0.1710,0.1730,10190.17546446
2025-02-16T00:00:00Z,BNCUSD,0.1730,0.1800,0.1700,0.1700,41445.59155191
2025-02-17T00:00:00Z,BNCUSD,0.1690,0.1720,0.1680,0.1690,11748.61830716
2025-02-18T00:00:00Z,BNCUSD,0.1690,0.1690,0.1590,0.1630,27141.49429711
2025-02-19T00:00:00Z,BNCUSD,0.1620,0.1670,0.1480,0.1620,58024.68967656
2025-02-20T00:00:00Z,BNCUSD,0.1640,0.1740,0.1630,0.1740,38260.92593405
2025-02-21T00:00:00Z,BNCUSD,0.1730,0.1790,0.1690,0.1740,25524.46079467
2025-02-22T00:00:00Z,BNCUSD,0.1730,0.1790,0.1730,0.1760,36496.70839335
2025-02-23T00:00:00Z,BNCUSD,0.1750,0.1770,0.1730,0.1750,4246.29253640
2025-02-24T00:00:00Z,BNCUSD,0.1750,0.1780,0.1640,0.1660,19783.10529523
2025-02-25T00:00:00Z,BNCUSD,0.1660,0.1750,0.1620,0.1720,22007.65071922
2025-02-26T00:00:00Z,BNCUSD,0.1720,0.1820,0.1710,0.1740,17816.69179660
2025-02-27T00:00:00Z,BNCUSD,0.1730,0.1900,0.1730,0.1900,15710.48123964
2025-02-28T00:00:00Z,BNCUSD,0.1880,0.1890,0.1740,0.1840,31994.36636332
2025-03-01T00:00:00Z,BNCUSD,0.1840,0.1850,0.1790,0.1790,37063.58079872
2025-03-02T00:00:00Z,BNCUSD,0.1800,0.1900,0.1800,0.1900,46795.64800391
2025-03-03T00:00:00Z,BNCUSD,0.1900,0.1900,0.1740,0.1740,13571.27414760
2025-03-04T00:00:00Z,BNCUSD,0.1750,0.1750,0.1590,0.1670,69179.40424632
2025-03-05T00:00:00Z,BNCUSD,0.1660,0.1720,0.1640,0.1710,12871.67600421
2025-03-06T00:00:00Z,BNCUSD,0.1710,0.1740,0.1650,0.1670,28091.97845875
2025-03-07T00:00:00Z,BNCUSD,0.1670,0.1760,0.1610,0.1690,28211.21820966
2025-03-08T00:00:00Z,BNCUSD,0.1700,0.1710,0.1660,0.1690,11483.08138972
2025-03-09T00:00:00Z,BNCUSD,0.1690,0.1720,0.1610,0.1610,18300.40851110
2025-03-10T00:00:00Z,BNCUSD,0.1610,0.1680,0.1520,0.1540,28585.46285516
2025-03-11T00:00:00Z,BNCUSD,0.1530,0.1550,0.1470,0.1540,19966.30734525
2025-03-12T00:00:00Z,BNCUSD,0.1530,0.1550,0.1490,0.1550,13840.58245357
2025-03-13T00:00:00Z,BNCUSD,0.1540,0.1540,0.1460,0.1510,59754.62723777
2025-03-14T00:00:00Z,BNCUSD,0.1490,0.1600,0.1490,0.1570,3557.12492379
2025-03-15T00:00:00Z,BNCUSD,0.1580,0.1630,0.1580,0.1590,7781.74780614
2025-03-16T00:00:00Z,BNCUSD,0.1600,0.1600,0.1550,0.1570,1053.08607111
2025-03-17T00:00:00Z,BNCUSD,0.1570,0.1610,0.1570,0.1610,5093.62352063
2025-03-18T00:00:00Z,BNCUSD,0.1600,0.1640,0.1560,0.1600,8690.27827338
2025-03-19T00:00:00Z,BNCUSD,0.1600,0.1640,0.1590,0.1620,22655.24363675
2025-03-20T00:00:00Z,BNCUSD,0.1590,0.1610,0.1570,0.1600,1819.99404557
2025-03-21T00:00:00Z,BNCUSD,0.1580,0.1660,0.1570,0.1630,10105.77999623
2025-03-22T00:00:00Z,BNCUSD,0.1650,0.1660,0.1610,0.1640,958.15560652
2025-03-23T00:00:00Z,BNCUSD,0.1650,0.1680,0.1620,0.1630,3199.91460431
2025-03-24T00:00:00Z,BNCUSD,0.1650,0.1730,0.1630,0.1730,4801.10121688
2025-03-25T00:00:00Z,BNCUSD,0.1730,0.2000,0.1470,0.1670,76689.88783994
2025-03-26T00:00:00Z,BNCUSD,0.1700,0.1700,0.1610,0.1640,3299.15557882
2025-03-27T00:00:00Z,BNCUSD,0.1650,0.1720,0.1650,0.1720,2070.52929277
2025-03-28T00:00:00Z,BNCUSD,0.1720,0.1720,0.1590,0.1610,1592.44196568
2025-03-29T00:00:00Z,BNCUSD,0.1610,0.1620,0.1530,0.1550,2869.73445883
2025-03-30T00:00:00Z,BNCUSD,0.1530,0.1550,0.1520,0.1520,1535.27192160
2025-03-31T00:00:00Z,BNCUSD,0.1530,0.1540,0.1520,0.1520,2985.73669359
2025-04-01T00:00:00Z,BNCUSD,0.1540,0.1600,0.1540,0.1550,3371.24396654
2025-04-02T00:00:00Z,BNCUSD,0.1540,0.1570,0.1480,0.1480,5613.66496380
2025-04-03T00:00:00Z,BNCUSD,0.1480,0.1530,0.1440,0.1490,38174.96879913
2025-04-04T00:00:00Z,BNCUSD,0.1490,0.1490,0.1420,0.1430,18588.59607974
2025-04-05T00:00:00Z,BNCUSD,0.1440,0.1470,0.1400,0.1410,8667.25821222
2025-04-06T00:00:00Z,BNCUSD,0.1410,0.1420,0.1310,0.1310,17359.29623977
2025-04-07T00:00:00Z,BNCUSD,0.1320,0.1340,0.1230,0.1289,36100.84947755
2025-04-08T00:00:00Z,BNCUSD,0.1300,0.1328,0.1260,0.1260,8641.51775388
2025-04-09T00:00:00Z,BNCUSD,0.1241,0.1310,0.1211,0.1298,14251.77176237
2025-04-10T00:00:00Z,BNCUSD,0.1293,0.1293,0.1190,0.1232,18260.12002650
2025-04-11T00:00:00Z,BNCUSD,0.1240,0.1259,0.1233,0.1259,6091.89526228
2025-04-12T00:00:00Z,BNCUSD,0.1254,0.1318,0.1245,0.1279,2007.15381439
2025-04-13T00:00:00Z,BNCUSD,0.1281,0.1305,0.1260,0.1271,8976.44612702
2025-04-14T00:00:00Z,BNCUSD,0.1300,0.1311,0.1281,0.1284,2006.31068155
2025-04-15T00:00:00Z,BNCUSD,0.1284,0.1314,0.1261,0.1261,7949.67863217
2025-04-16T00:00:00Z,BNCUSD,0.1261,0.1286,0.1248,0.1256,5451.56219167
2025-04-17T00:00:00Z,BNCUSD,0.1252,0.1284,0.1232,0.1249,6048.93467005
2025-04-18T00:00:00Z,BNCUSD,0.1253,0.1287,0.1239,0.1273,21206.62446214
2025-04-19T00:00:00Z,BNCUSD,0.1280,0.1320,0.1280,0.1320,15358.17358629
2025-04-20T00:00:00Z,BNCUSD,0.1320,0.1354,0.1312,0.1326,6516.51535966
2025-04-21T00:00:00Z,BNCUSD,0.1345,0.1345,0.1312,0.1312,2120.48477585
2025-04-22T00:00:00Z,BNCUSD,0.1300,0.1421,0.1300,0.1409,9272.12795375
2025-04-23T00:00:00Z,BNCUSD,0.1411,0.1423,0.1374,0.1401,3775.84647095
2025-04-24T00:00:00Z,BNCUSD,0.1398,0.1398,0.1337,0.1390,2159.03011472
2025-04-25T00:00:00Z,BNCUSD,0.1390,0.1442,0.1388,0.1427,5378.77612579
2025-04-26T00:00:00Z,BNCUSD,0.1453,0.1480,0.1411,0.1450,1703.75204330
2025-04-27T00:00:00Z,BNCUSD,0.1445,0.1453,0.1388,0.1420,2226.87077293
2025-04-28T00:00:00Z,BNCUSD,0.1412,0.1449,0.1392,0.1407,4115.54018363
2025-04-29T00:00:00Z,BNCUSD,0.1424,0.1459,0.1407,0.1432,2812.80054860
2025-04-30T00:00:00Z,BNCUSD,0.1423,0.1444,0.1378,0.1416,4544.47146315
2025-05-01T00:00:00Z,BNCUSD,0.1419,0.1452,0.1388,0.1425,5398.82160030
2025-05-02T00:00:00Z,BNCUSD,0.1425,0.1453,0.1421,0.1421,2471.07007946
2025-05-03T00:00:00Z,BNCUSD,0.1453,0.1453,0.1414,0.1414,14044.72843389
2025-05-04T00:00:00Z,BNCUSD,0.1414,0.1415,0.1384,0.1395,27772.53670625
2025-05-05T00:00:00Z,BNCUSD,0.1389,0.1412,0.1374,0.1401,1364.65286015
2025-05-06T00:00:00Z,BNCUSD,0.1371,0.1384,0.1343,0.1352,1884.46382312
2025-05-07T00:00:00Z,BNCUSD,0.1352,0.1395,0.1346,0.1378,3112.28277196
2025-05-08T00:00:00Z,BNCUSD,0.1378,0.1472,0.1378,0.1472,6752.90700675
2025-05-09T00:00:00Z,BNCUSD,0.1472,0.1600,0.1472,0.1528,8897.86030791
2025-05-10T00:00:00Z,BNCUSD,0.1600,0.1639,0.1532,0.1609,7348.48060188
2025-05-11T00:00:00Z,BNCUSD,0.1622,0.1650,0.1575,0.1594,2491.48657077
2025-05-12T00:00:00Z,BNCUSD,0.1623,0.1650,0.1531,0.1594,21452.29082759
2025-05-13T00:00:00Z,BNCUSD,0.1606,0.1631,0.1462,0.1618,30549.46509003
2025-05-14T00:00:00Z,BNCUSD,0.1630,0.1632,0.1550,0.1550,4480.75411422
2025-05-15T00:00:00Z,BNCUSD,0.1635,0.1635,0.1455,0.1472,7768.02442073
2025-05-16T00:00:00Z,BNCUSD,0.1528,0.1565,0.1438,0.1565,13466.25183912
2025-05-17T00:00:00Z,BNCUSD,0.1535,0.1589,0.1441,0.1441,3175.19293772
2025-05-18T00:00:00Z,BNCUSD,0.1440,0.1576,0.1440,0.1511,7707.60098409
2025-05-19T00:00:00Z,BNCUSD,0.1520,0.1585,0.1398,0.1460,19312.22294984
2025-05-20T00:00:00Z,BNCUSD,0.1460,0.1734,0.1400,0.1424,18741.03589427
2025-05-21T00:00:00Z,BNCUSD,0.1462,0.1528,0.1406,0.1479,15105.47257421
2025-05-22T00:00:00Z,BNCUSD,0.1476,0.1577,0.1475,0.1537,8572.60642533
2025-05-23T00:00:00Z,BNCUSD,0.1527,0.1640,0.1420,0.1478,24072.89674173
2025-05-24T00:00:00Z,BNCUSD,0.1477,0.1652,0.1419,0.1443,25320.22184039
2025-05-25T00:00:00Z,BNCUSD,0.1466,0.1590,0.1466,0.1538,12600.65876695
2025-05-26T00:00:00Z,BNCUSD,0.1545,0.1579,0.1469,0.1523,19482.00575091
2025-05-27T00:00:00Z,BNCUSD,0.1510,0.1546,0.1493,0.1512,11683.17692690
2025-05-28T00:00:00Z,BNCUSD,0.1501,0.1555,0.1478,0.1530,11815.42087825
2025-05-29T00:00:00Z,BNCUSD,0.1537,0.1557,0.1501,0.1501,3779.61083718
2025-05-30T00:00:00Z,BNCUSD,0.1489,0.1489,0.1407,0.1407,7008.26740204
2025-05-31T00:00:00Z,BNCUSD,0.1407,0.1432,0.1386,0.1432,1433.31685732
2025-06-01T00:00:00Z,BNCUSD,0.1426,0.1432,0.1387,0.1403,2398.53165764
2025-06-02T00:00:00Z,BNCUSD,0.1405,0.1405,0.1327,0.1342,4082.76482998
2025-06-03T00:00:00Z,BNCUSD,0.1318,0.1353,0.1291,0.1333,4564.94793837
2025-06-04T00:00:00Z,BNCUSD,0.1329,0.1329,0.1301,0.1317,2675.73476214
2025-06-05T00:00:00Z,BNCUSD,0.1319,0.1319,0.1266,0.1270,2898.23149082
2025-06-06T00:00:00Z,BNCUSD,0.1307,0.1324,0.1277,0.1283,5434.38044331
2025-06-07T00:00:00Z,BNCUSD,0.1312,0.1312,0.1299,0.1299,661.92057129
2025-06-08T00:00:00Z,BNCUSD,0.1275,0.1339,0.1275,0.1336,8867.00398169
2025-06-09T00:00:00Z,BNCUSD,0.1320,0.1353,0.1320,0.1341,13777.91819830
2025-06-10T00:00:00Z,BNCUSD,0.1349,0.1386,0.1333,0.1366,7352.67477395
2025-06-11T00:00:00Z,BNCUSD,0.1380,0.1384,0.1346,0.1346,944.82455547
2025-06-12T00:00:00Z,BNCUSD,0.1363,0.1365,0.1300,0.1300,1893.91983906
2025-06-13T00:00:00Z,BNCUSD,0.1300,0.1340,0.1235,0.1293,18735.10419821
2025-06-14T00:00:00Z,BNCUSD,0.1284,0.1297,0.1274,0.1274,845.15156794
2025-06-15T00:00:00Z,BNCUSD,0.1254,0.1254,0.1254,0.1254,522.89213000
2025-06-16T00:00:00Z,BNCUSD,0.1268,0.1292,0.1234,0.1234,23550.25884351
2025-06-17T00:00:00Z,BNCUSD,0.1249,0.1251,0.1218,0.1230,891.90673826
2025-06-18T00:00:00Z,BNCUSD,0.1251,0.1253,0.1219,0.1226,2028.34752765
2025-06-19T00:00:00Z,BNCUSD,0.1218,0.1226,0.1204,0.1206,1479.69634916
2025-06-20T00:00:00Z,BNCUSD,0.1260,0.1260,0.1161,0.1176,8922.44412077
2025-06-21T00:00:00Z,BNCUSD,0.1209,0.1270,0.1189,0.1224,17481.45263509
2025-06-22T00:00:00Z,BNCUSD,0.1220,0.1220,0.1128,0.1152,5882.27546431
2025-06-23T00:00:00Z,BNCUSD,0.1141,0.1173,0.1114,0.1172,9146.68786050
2025-06-24T00:00:00Z,BNCUSD,0.1161,0.1170,0.1149,0.1160,6605.42432020
2025-06-25T00:00:00Z,BNCUSD,0.1149,0.1160,0.1137,0.1157,12267.00141907
2025-06-26T00:00:00Z,BNCUSD,0.1144,0.1149,0.1144,0.1149,484.16338842
2025-06-27T00:00:00Z,BNCUSD,0.1135,0.1157,0.1133,0.1156,2607.97971190
2025-06-28T00:00:00Z,BNCUSD,0.1156,0.1177,0.1125,0.1133,16945.33353189
2025-06-29T00:00:00Z,BNCUSD,0.1160,0.1196,0.1145,0.1172,13354.68163068
2025-06-30T00:00:00Z,BNCUSD,0.1174,0.1196,0.1123,0.1177,19111.22614372
2025-07-01T00:00:00Z,BNCUSD,0.1163,0.1163,0.1152,0.1152,1802.19921506
2025-07-02T00:00:00Z,BNCUSD,0.1157,0.1200,0.1149,0.1183,8107.15587290
2025-07-03T00:00:00Z,BNCUSD,0.1189,0.1230,0.1156,0.1158,23148.34682762
2025-07-04T00:00:00Z,BNCUSD,0.1157,0.1170,0.1136,0.1139,8941.21621325
2025-07-05T00:00:00Z,BNCUSD,0.1154,0.1228,0.1144,0.1144,7515.14476514
2025-07-06T00:00:00Z,BNCUSD,0.1158,0.1175,0.1158,0.1175,94.38768000
2025-07-07T00:00:00Z,BNCUSD,0.1176,0.1177,0.1161,0.1167,8719.35727719
2025-07-08T00:00:00Z,BNCUSD,0.1161,0.1162,0.1154,0.1154,2292.58444272
2025-07-09T00:00:00Z,BNCUSD,0.1161,0.1161,0.1155,0.1160,416.04925346
2025-07-10T00:00:00Z,BNCUSD,0.1177,0.1228,0.1166,0.1214,12894.55752052
2025-07-11T00:00:00Z,BNCUSD,0.1226,0.1236,0.1137,0.1229,45320.55484315
2025-07-12T00:00:00Z,BNCUSD,0.1237,0.1246,0.1205,0.1236,11330.00950057
2025-07-13T00:00:00Z,BNCUSD,0.1224,0.1325,0.1218,0.1281,17423.79614780
2025-07-14T00:00:00Z,BNCUSD,0.1287,0.1303,0.1278,0.1291,8467.08822199
2025-07-15T00:00:00Z,BNCUSD,0.1291,0.1298,0.1218,0.1293,21979.93614703
2025-07-16T00:00:00Z,BNCUSD,0.1301,0.1350,0.1239,0.1310,9059.14355222
2025-07-17T00:00:00Z,BNCUSD,0.1302,0.1335,0.1277,0.1299,2899.75765892
2025-07-18T00:00:00Z,BNCUSD,0.1310,0.1363,0.1277,0.1277,17167.33754731
2025-07-19T00:00:00Z,BNCUSD,0.1280,0.1375,0.1217,0.1234,33531.62842983
2025-07-20T00:00:00Z,BNCUSD,0.1253,0.1376,0.1188,0.1245,67686.16999752
2025-07-21T00:00:00Z,BNCUSD,0.1238,0.1322,0.1189,0.1206,24529.85188461
2025-07-22T00:00:00Z,BNCUSD,0.1221,0.1305,0.1188,0.1190,12714.32891816
2025-07-23T00:00:00Z,BNCUSD,0.1225,0.1249,0.1162,0.1162,15907.95744796
2025-07-24T00:00:00Z,BNCUSD,0.1162,0.1194,0.1115,0.1154,28994.10950645
2025-07-25T00:00:00Z,BNCUSD,0.1153,0.1153,0.1094,0.1153,4065.43828746
2025-07-26T00:00:00Z,BNCUSD,0.1153,0.1263,0.1119,0.1162,31974.48106542
2025-07-27T00:00:00Z,BNCUSD,0.1166,0.1209,0.1062,0.1144,90899.55438433
2025-07-28T00:00:00Z,BNCUSD,0.1120,0.1158,0.1098,0.1098,19472.64355568
2025-07-29T00:00:00Z,BNCUSD,0.1094,0.1140,0.1084,0.1084,4301.88158128
2025-07-30T00:00:00Z,BNCUSD,0.1112,0.1148,0.1107,0.1148,11026.05934046
2025-07-31T00:00:00Z,BNCUSD,0.1148,0.1148,0.1115,0.1115,948.14393318
2025-08-01T00:00:00Z,BNCUSD,0.1119,0.1139,0.1062,0.1072,10737.25890565
2025-08-02T00:00:00Z,BNCUSD,0.1049,0.1095,0.1025,0.1026,5670.69760782
2025-08-03T00:00:00Z,BNCUSD,0.1066,0.1220,0.1022,0.1092,75164.76894849
2025-08-04T00:00:00Z,BNCUSD,0.1092,0.1104,0.1031,0.1093,23105.69514982
2025-08-05T00:00:00Z,BNCUSD,0.1086,0.1098,0.1047,0.1060,4344.05704441
2025-08-06T00:00:00Z,BNCUSD,0.1063,0.1094,0.1060,0.1094,6150.92876403
2025-08-07T00:00:00Z,BNCUSD,0.1118,0.1190,0.1090,0.1115,16039.30226123
2025-08-08T00:00:00Z,BNCUSD,0.1119,0.1156,0.1106,0.1125,5667.76789624
2025-08-09T00:00:00Z,BNCUSD,0.1138,0.1163,0.1124,0.1124,5632.57430926
2025-08-10T00:00:00Z,BNCUSD,0.1138,0.1140,0.1089,0.1109,28030.69659834
2025-08-11T00:00:00Z,BNCUSD,0.1108,0.1187,0.1078,0.1083,8164.65453388
2025-08-12T00:00:00Z,BNCUSD,0.1167,0.1190,0.1079,0.1100,22783.78640792
2025-08-13T00:00:00Z,BNCUSD,0.1147,0.1165,0.1083,0.1152,9401.56828305
2025-08-14T00:00:00Z,BNCUSD,0.1153,0.1171,0.1058,0.1058,24668.96597301
2025-08-15T00:00:00Z,BNCUSD,0.1070,0.1190,0.1046,0.1098,66209.37217694
2025-08-16T00:00:00Z,BNCUSD,0.1090,0.1116,0.1060,0.1098,5585.34081858
2025-08-17T00:00:00Z,BNCUSD,0.1098,0.1190,0.1074,0.1168,7770.08211053
2025-08-18T00:00:00Z,BNCUSD,0.1189,0.1190,0.1038,0.1090,7964.80080915
2025-08-19T00:00:00Z,BNCUSD,0.1039,0.1178,0.1023,0.1036,7515.52796315
2025-08-20T00:00:00Z,BNCUSD,0.1025,0.1153,0.1020,0.1033,6141.50765584
2025-08-21T00:00:00Z,BNCUSD,0.1163,0.1170,0.1026,0.1026,3203.84178086
2025-08-22T00:00:00Z,BNCUSD,0.1148,0.1151,0.1070,0.1132,5806.31463879
2025-08-23T00:00:00Z,BNCUSD,0.1070,0.1153,0.1046,0.1153,7531.76607148
2025-08-24T00:00:00Z,BNCUSD,0.1152,0.1175,0.1061,0.1175,12622.27962916
2025-08-25T00:00:00Z,BNCUSD,0.1174,0.1175,0.1041,0.1041,13661.07356250
2025-08-26T00:00:00Z,BNCUSD,0.1044,0.1177,0.1003,0.1108,25475.04828460
2025-08-27T00:00:00Z,BNCUSD,0.1056,0.1120,0.1030,0.1067,12124.18361043
2025-08-28T00:00:00Z,BNCUSD,0.1067,0.1190,0.1004,0.1048,34422.97242332
2025-08-29T00:00:00Z,BNCUSD,0.1027,0.1171,0.0950,0.0986,43905.05242846
2025-08-30T00:00:00Z,BNCUSD,0.0985,0.1096,0.0958,0.0970,33113.78654166
2025-08-31T00:00:00Z,BNCUSD,0.0976,0.0976,0.0976,0.0976,26.07993810
2025-09-01T00:00:00Z,BNCUSD,0.1142,0.1190,0.0969,0.1012,1263656.60371883
2025-09-02T00:00:00Z,BNCUSD,0.1010,0.1060,0.0996,0.0996,29257.39076107
2025-09-03T00:00:00Z,BNCUSD,0.0995,0.1052,0.0994,0.1033,8632.69852928
2025-09-04T00:00:00Z,BNCUSD,0.1033,0.1033,0.0987,0.1030,1609.35322612
2025-09-05T00:00:00Z,BNCUSD,0.1029,0.1033,0.0961,0.1014,82892.62805565
2025-09-06T00:00:00Z,BNCUSD,0.1016,0.1022,0.0989,0.1008,6706.42298951
2025-09-07T00:00:00Z,BNCUSD,0.1008,0.1035,0.0989,0.0991,3297.73614312
2025-09-08T00:00:00Z,BNCUSD,0.0994,0.1038,0.0990,0.1016,5869.04949332
2025-09-09T00:00:00Z,BNCUSD,0.1041,0.1042,0.0993,0.1040,8469.93044637
2025-09-10T00:00:00Z,BNCUSD,0.1040,0.1040,0.1002,0.1035,8705.16493657
2025-09-11T00:00:00Z,BNCUSD,0.1035,0.1036,0.1009,0.1036,9554.34681000
2025-09-12T00:00:00Z,BNCUSD,0.1012,0.1060,0.1012,0.1060,33542.80832164
2025-09-13T00:00:00Z,BNCUSD,0.1060,0.1060,0.1034,0.1043,3015.29650931
2025-09-14T00:00:00Z,BNCUSD,0.1060,0.1060,0.0998,0.1025,36492.94121355
2025-09-15T00:00:00Z,BNCUSD,0.1034,0.1053,0.0986,0.0993,10717.59518955
2025-09-16T00:00:00Z,BNCUSD,0.1032,0.1033,0.0993,0.1003,3050.87965733
2025-09-17T00:00:00Z,BNCUSD,0.1006,0.1020,0.1003,0.1003,1706.76512267
2025-09-18T00:00:00Z,BNCUSD,0.1038,0.1057,0.1002,0.1035,9543.56349100
2025-09-19T00:00:00Z,BNCUSD,0.1037,0.1043,0.0987,0.0988,11622.85492465
2025-09-20T00:00:00Z,BNCUSD,0.0988,0.1042,0.0987,0.0988,17201.15659127
2025-09-21T00:00:00Z,BNCUSD,0.1039,0.1047,0.0997,0.1021,4229.96267202
2025-09-22T00:00:00Z,BNCUSD,0.0997,0.1027,0.0952,0.0953,21576.87304191
2025-09-23T00:00:00Z,BNCUSD,0.1001,0.1021,0.0948,0.0948,7303.50738649
2025-09-24T00:00:00Z,BNCUSD,0.1022,0.1060,0.0948,0.0956,24571.60763938
2025-09-25T00:00:00Z,BNCUSD,0.1018,0.1058,0.0913,0.0967,41914.68487156
2025-09-26T00:00:00Z,BNCUSD,0.0960,0.0975,0.0906,0.0968,5325.18720637
2025-09-27T00:00:00Z,BNCUSD,0.0933,0.0939,0.0912,0.0939,326.00000000
2025-09-28T00:00:00Z,BNCUSD,0.0965,0.0969,0.0904,0.0969,8331.04020314
2025-09-29T00:00:00Z,BNCUSD,0.0945,0.0970,0.0940,0.0970,7532.86509000
2025-09-30T00:00:00Z,BNCUSD,0.0970,0.0970,0.0936,0.0939,7461.36742121
2025-10-01T00:00:00Z,BNCUSD,0.0969,0.1000,0.0955,0.1000,13489.00894963
2025-10-02T00:00:00Z,BNCUSD,0.1000,0.1067,0.1000,0.1033,37852.70318931
2025-10-03T00:00:00Z,BNCUSD,0.1022,0.1074,0.0995,0.1066,19387.30413316
2025-10-04T00:00:00Z,BNCUSD,0.0996,0.1160,0.0996,0.1062,8779.94447301
2025-10-05T00:00:00Z,BNCUSD,0.1119,0.1120,0.0992,0.1105,10321.77346744
2025-10-06T00:00:00Z,BNCUSD,0.1119,0.1138,0.1026,0.1127,4964.07353938
2025-10-07T00:00:00Z,BNCUSD,0.1125,0.1150,0.1006,0.1042,18767.83916427
2025-10-08T00:00:00Z,BNCUSD,0.1019,0.1129,0.1008,0.1016,54778.96817963
2025-10-09T00:00:00Z,BNCUSD,0.1088,0.1088,0.0984,0.0995,19041.16776118
2025-10-10T00:00:00Z,BNCUSD,0.1013,0.1076,0.0831,0.0880,77930.60645537
2025-10-11T00:00:00Z,BNCUSD,0.0877,0.0925,0.0830,0.0887,95617.63545728
2025-10-12T00:00:00Z,BNCUSD,0.0887,0.0960,0.0870,0.0908,6828.74337438
2025-10-13T00:00:00Z,BNCUSD,0.0957,0.0965,0.0902,0.0958,46631.09818567
2025-10-14T00:00:00Z,BNCUSD,0.0959,0.0959,0.0897,0.0897,8002.89559355
2025-10-15T00:00:00Z,BNCUSD,0.0956,0.0956,0.0874,0.0875,3748.89584397
2025-10-16T00:00:00Z,BNCUSD,0.0927,0.0966,0.0859,0.0868,30165.88618398
2025-10-17T00:00:00Z,BNCUSD,0.0937,0.0940,0.0833,0.0838,7126.62300550
2025-10-18T00:00:00Z,BNCUSD,0.0835,0.0925,0.0820,0.0821,9510.03774837
2025-10-19T00:00:00Z,BNCUSD,0.0821,0.0897,0.0821,0.0848,3186.24212184
2025-10-20T00:00:00Z,BNCUSD,0.0927,0.0945,0.0859,0.0861,1255.40230663
2025-10-21T00:00:00Z,BNCUSD,0.0851,0.0932,0.0844,0.0845,13356.79366841
2025-10-22T00:00:00Z,BNCUSD,0.0863,0.0869,0.0821,0.0825,9198.79727167
2025-10-23T00:00:00Z,BNCUSD,0.0821,0.0889,0.0821,0.0835,1954.59008999
2025-10-24T00:00:00Z,BNCUSD,0.0889,0.0895,0.0836,0.0865,10839.31491388
2025-10-25T00:00:00Z,BNCUSD,0.0893,0.0893,0.0842,0.0892,580.59456923
2025-10-26T00:00:00Z,BNCUSD,0.0842,0.0893,0.0835,0.0893,29740.18059500
2025-10-27T00:00:00Z,BNCUSD,0.0884,0.0911,0.0864,0.0906,31099.99252104
2025-10-28T00:00:00Z,BNCUSD,0.0873,0.0900,0.0852,0.0852,20470.87485485
2025-10-29T00:00:00Z,BNCUSD,0.0872,0.0888,0.0850,0.0861,28287.39257343
2025-10-30T00:00:00Z,BNCUSD,0.0857,0.0981,0.0833,0.0833,59397.76343508
2025-10-31T00:00:00Z,BNCUSD,0.0900,0.0920,0.0853,0.0871,3175.43291447
2025-11-01T00:00:00Z,BNCUSD,0.0870,0.1070,0.0870,0.1013,110887.05403374
2025-11-02T00:00:00Z,BNCUSD,0.1003,0.1157,0.0989,0.1028,31706.52525659
2025-11-03T00:00:00Z,BNCUSD,0.0997,0.0997,0.0944,0.0983,7180.42878854
2025-11-04T00:00:00Z,BNCUSD,0.0986,0.0986,0.0900,0.0900,20146.68441497
2025-11-05T00:00:00Z,BNCUSD,0.0900,0.0932,0.0879,0.0932,3784.75507028
2025-11-06T00:00:00Z,BNCUSD,0.0878,0.0913,0.0852,0.0858,14053.79871816
2025-11-07T00:00:00Z,BNCUSD,0.0862,0.1038,0.0862,0.0889,4974.66620139
2025-11-08T00:00:00Z,BNCUSD,0.0979,0.1089,0.0927,0.1073,12198.88448675
2025-11-09T00:00:00Z,BNCUSD,0.1069,0.1074,0.0922,0.0922,7408.67596788
2025-11-10T00:00:00Z,BNCUSD,0.0975,0.1005,0.0915,0.0917,2082.58142458
2025-11-11T00:00:00Z,BNCUSD,0.0956,0.0962,0.0894,0.0925,1574.95793076
2025-11-12T00:00:00Z,BNCUSD,0.0911,0.0922,0.0887,0.0910,2258.45174000
2025-11-13T00:00:00Z,BNCUSD,0.0911,0.0930,0.0886,0.0886,1999.59715296
2025-11-14T00:00:00Z,BNCUSD,0.0886,0.0985,0.0865,0.0915,8816.56329461
2025-11-15T00:00:00Z,BNCUSD,0.0871,0.0874,0.0871,0.0874,299.00000000
2025-11-16T00:00:00Z,BNCUSD,0.0874,0.0874,0.0874,0.0874,0.00000000
2025-11-17T00:00:00Z,BNCUSD,0.0968,0.0969,0.0872,0.0877,3814.99890209
2025-11-18T00:00:00Z,BNCUSD,0.0961,0.0961,0.0865,0.0866,17191.03793360
2025-11-19T00:00:00Z,BNCUSD,0.0861,0.0959,0.0853,0.0938,9660.11131620
2025-11-20T00:00:00Z,BNCUSD,0.0946,0.0950,0.0869,0.0871,4476.98821525
2025-11-21T00:00:00Z,BNCUSD,0.0869,0.0922,0.0793,0.0796,14941.01435795
2025-11-22T00:00:00Z,BNCUSD,0.0850,0.0869,0.0810,0.0849,17291.69876405
2025-11-23T00:00:00Z,BNCUSD,0.0952,0.0952,0.0952,0.0952,104.60251046
2025-11-24T00:00:00Z,BNCUSD,0.0863,0.0925,0.0855,0.0876,12102.30269448
2025-11-25T00:00:00Z,BNCUSD,0.0861,0.0951,0.0860,0.0889,14975.53623250
2025-11-26T00:00:00Z,BNCUSD,0.0890,0.0924,0.0863,0.0871,3630.05506426
2025-11-27T00:00:00Z,BNCUSD,0.0922,0.0930,0.0870,0.0914,5040.77527332
2025-11-28T00:00:00Z,BNCUSD,0.0947,0.1130,0.0929,0.1051,49883.52363366
2025-11-29T00:00:00Z,BNCUSD,0.0991,0.1055,0.0974,0.0980,5797.32623684
2025-11-30T00:00:00Z,BNCUSD,0.0979,0.0979,0.0972,0.0976,3094.52119112
2025-12-01T00:00:00Z,BNCUSD,0.0971,0.1046,0.0918,0.0982,18284.15136044
2025-12-02T00:00:00Z,BNCUSD,0.0997,0.1029,0.0909,0.0954,12518.19844468
2025-12-03T00:00:00Z,BNCUSD,0.0953,0.0954,0.0905,0.0926,10030.24273443
2025-12-04T00:00:00Z,BNCUSD,0.0900,0.0958,0.0885,0.0885,9446.24487373
2025-12-05T00:00:00Z,BNCUSD,0.0965,0.0970,0.0882,0.0882,8821.96199551
2025-12-06T00:00:00Z,BNCUSD,0.0897,0.0954,0.0879,0.0954,2083.85021450
2025-12-07T00:00:00Z,BNCUSD,0.0946,0.0946,0.0845,0.0926,20757.91818960
2025-12-08T00:00:00Z,BNCUSD,0.0899,0.0986,0.0893,0.0944,9365.61402419
2025-12-09T00:00:00Z,BNCUSD,0.0987,0.0994,0.0941,0.0949,3771.54239076
2025-12-10T00:00:00Z,BNCUSD,0.0999,0.1014,0.0938,0.1014,1342.92753281
2025-12-11T00:00:00Z,BNCUSD,0.0968,0.1013,0.0906,0.0995,23832.42805078
2025-12-12T00:00:00Z,BNCUSD,0.0937,0.0984,0.0932,0.0937,11125.41263923
2025-12-13T00:00:00Z,BNCUSD,0.0933,0.0950,0.0884,0.0936,27613.26315688
2025-12-14T00:00:00Z,BNCUSD,0.0899,0.0990,0.0884,0.0943,14461.64782919
2025-12-15T00:00:00Z,BNCUSD,0.0924,0.0986,0.0888,0.0888,1659.95903466
2025-12-16T00:00:00Z,BNCUSD,0.0986,0.0987,0.0869,0.0869,9828.29881913
2025-12-17T00:00:00Z,BNCUSD,0.0949,0.0976,0.0861,0.0861,2200.26256882
2025-12-18T00:00:00Z,BNCUSD,0.0860,0.0947,0.0854,0.0874,3250.90889066
2025-12-19T00:00:00Z,BNCUSD,0.0869,0.0964,0.0861,0.0875,1821.16541193
2025-12-20T00:00:00Z,BNCUSD,0.0963,0.0965,0.0869,0.0925,3415.31104451
2025-12-21T00:00:00Z,BNCUSD,0.0924,0.0966,0.0893,0.0893,836.51136000
2025-12-22T00:00:00Z,BNCUSD,0.0890,0.0998,0.0864,0.0900,95790.52238607
2025-12-23T00:00:00Z,BNCUSD,0.0865,0.0880,0.0865,0.0880,692.25477099
2025-12-24T00:00:00Z,BNCUSD,0.0978,0.0978,0.0840,0.0871,103671.63931054
2025-12-25T00:00:00Z,BNCUSD,0.0840,0.0878,0.0840,0.0878,542.32908000
2025-12-26T00:00:00Z,BNCUSD,0.0867,0.0890,0.0846,0.0890,2273.08633214
2025-12-27T00:00:00Z,BNCUSD,0.0890,0.0980,0.0864,0.0864,2226.79043968
2025-12-28T00:00:00Z,BNCUSD,0.0881,0.0978,0.0869,0.0977,1710.34952258
2025-12-29T00:00:00Z,BNCUSD,0.0867,0.0867,0.0867,0.0867,50.61349693
2025-12-30T00:00:00Z,BNCUSD,0.0867,0.0880,0.0842,0.0846,32303.29740872
2025-12-31T00:00:00Z,BNCUSD,0.0846,0.0881,0.0845,0.0851,16416.68667199
2026-01-01T00:00:00Z,BNCUSD,0.0853,0.0881,0.0850,0.0850,3571.83992172
2026-01-02T00:00:00Z,BNCUSD,0.0955,0.0964,0.0849,0.0910,3924.23385912
2026-01-03T00:00:00Z,BNCUSD,0.0975,0.0975,0.0849,0.0927,3443.02645295
2026-01-04T00:00:00Z,BNCUSD,0.0856,0.0940,0.0853,0.0853,2931.21333848
2026-01-05T00:00:00Z,BNCUSD,0.0940,0.0956,0.0849,0.0849,335.38388462
2026-01-06T00:00:00Z,BNCUSD,0.0850,0.0939,0.0820,0.0854,43049.46628196
2026-01-07T00:00:00Z,BNCUSD,0.0820,0.0857,0.0820,0.0849,5197.69074532
2026-01-08T00:00:00Z,BNCUSD,0.0849,0.0850,0.0820,0.0850,2321.01854613
2026-01-09T00:00:00Z,BNCUSD,0.0850,0.0857,0.0818,0.0818,1447.76363287
2026-01-10T00:00:00Z,BNCUSD,0.0857,0.0868,0.0809,0.0809,1185.64948157
2026-01-11T00:00:00Z,BNCUSD,0.0872,0.0884,0.0813,0.0813,1556.10323934
2026-01-12T00:00:00Z,BNCUSD,0.0873,0.0889,0.0823,0.0826,2850.49680678
2026-01-13T00:00:00Z,BNCUSD,0.0864,0.0875,0.0805,0.0805,630.09080533
2026-01-14T00:00:00Z,BNCUSD,0.0865,0.0869,0.0805,0.0805,2943.84076000
2026-01-15T00:00:00Z,BNCUSD,0.0867,0.0867,0.0834,0.0834,1399.46609000
2026-01-16T00:00:00Z,BNCUSD,0.0839,0.0861,0.0805,0.0805,176.30926000
2026-01-17T00:00:00Z,BNCUSD,0.0860,0.0865,0.0818,0.0818,986.67658051
2026-01-18T00:00:00Z,BNCUSD,0.0856,0.0871,0.0791,0.0867,27820.56717886
2026-01-19T00:00:00Z,BNCUSD,0.0801,0.0869,0.0760,0.0866,15629.60937090
2026-01-20T00:00:00Z,BNCUSD,0.0866,0.0866,0.0705,0.0738,15140.66275880
2026-01-21T00:00:00Z,BNCUSD,0.0735,0.0735,0.0680,0.0709,14800.41186460
2026-01-22T00:00:00Z,BNCUSD,0.0715,0.0782,0.0714,0.0745,14003.39574302
2026-01-23T00:00:00Z,BNCUSD,0.0747,0.0775,0.0737,0.0743,5466.46291803
2026-01-24T00:00:00Z,BNCUSD,0.0768,0.0768,0.0739,0.0739,314.62331458
2026-01-25T00:00:00Z,BNCUSD,0.0754,0.0754,0.0737,0.0737,3597.96402859
2026-01-26T00:00:00Z,BNCUSD,0.0748,0.0755,0.0737,0.0737,825.65491000
2026-01-27T00:00:00Z,BNCUSD,0.0737,0.0757,0.0692,0.0756,9922.21158500
2026-01-28T00:00:00Z,BNCUSD,0.0756,0.0756,0.0688,0.0755,1327.72945462
2026-01-29T00:00:00Z,BNCUSD,0.0754,0.0755,0.0636,0.0638,38119.83072105
2026-01-30T00:00:00Z,BNCUSD,0.0702,0.0704,0.0570,0.0619,71224.90547006
2026-01-31T00:00:00Z,BNCUSD,0.0653,0.0654,0.0506,0.0545,41382.99656917
2026-02-01T00:00:00Z,BNCUSD,0.0554,0.0586,0.0518,0.0586,13449.91606405
2026-02-02T00:00:00Z,BNCUSD,0.0586,0.0586,0.0530,0.0548,30141.54881239
2026-02-03T00:00:00Z,BNCUSD,0.0521,0.0548,0.0509,0.0531,28491.83905602
2026-02-04T00:00:00Z,BNCUSD,0.0519,0.0519,0.0501,0.0513,3778.89896999
2026-02-05T00:00:00Z,BNCUSD,0.0513,0.0513,0.0445,0.0464,51451.00188408
2026-02-06T00:00:00Z,BNCUSD,0.0444,0.0477,0.0433,0.0475,55490.96866966
2026-02-07T00:00:00Z,BNCUSD,0.0475,0.0475,0.0445,0.0450,474.77013046
2026-02-08T00:00:00Z,BNCUSD,0.0488,0.0756,0.0470,0.0489,776953.46024739
2026-02-09T00:00:00Z,BNCUSD,0.0489,0.0650,0.0474,0.0494,458661.61001516
2026-02-10T00:00:00Z,BNCUSD,0.0487,0.0487,0.0460,0.0465,64021.47078608
2026-02-11T00:00:00Z,BNCUSD,0.0477,0.0493,0.0451,0.0457,39422.65581470
2026-02-12T00:00:00Z,BNCUSD,0.0444,0.0460,0.0438,0.0440,18672.51950973
2026-02-13T00:00:00Z,BNCUSD,0.0454,0.0455,0.0438,0.0438,159.01536000
2026-02-14T00:00:00Z,BNCUSD,0.0436,0.0500,0.0436,0.0500,5784.56978544
2026-02-15T00:00:00Z,BNCUSD,0.0484,0.0489,0.0462,0.0462,2353.43408447
2026-02-16T00:00:00Z,BNCUSD,0.0480,0.0497,0.0457,0.0457,2151.33262687
2026-02-17T00:00:00Z,BNCUSD,0.0456,0.0457,0.0456,0.0457,485.86673000
2026-02-18T00:00:00Z,BNCUSD,0.0441,0.0448,0.0438,0.0441,31088.48416000
2026-02-19T00:00:00Z,BNCUSD,0.0435,0.0453,0.0435,0.0453,161.41376879
2026-02-20T00:00:00Z,BNCUSD,0.0439,0.0439,0.0429,0.0429,2241.02240360
2026-02-21T00:00:00Z,BNCUSD,0.0430,0.0436,0.0408,0.0420,13606.58515107
2026-02-22T00:00:00Z,BNCUSD,0.0413,0.0422,0.0401,0.0401,333.42038407
2026-02-23T00:00:00Z,BNCUSD,0.0415,0.0418,0.0372,0.0372,39577.44821838
2026-02-24T00:00:00Z,BNCUSD,0.0386,0.0402,0.0386,0.0389,323.43869816
2026-02-25T00:00:00Z,BNCUSD,0.0392,0.0395,0.0378,0.0395,2494.49042290
2026-02-26T00:00:00Z,BNCUSD,0.0395,0.0395,0.0393,0.0393,696.08596101
2026-02-27T00:00:00Z,BNCUSD,0.0395,0.0395,0.0379,0.0379,337.80100000
2026-02-28T00:00:00Z,BNCUSD,0.0382,0.0382,0.0368,0.0370,47479.62127858
2026-03-01T00:00:00Z,BNCUSD,0.0379,0.0394,0.0371,0.0388,1792.27715617
2026-03-02T00:00:00Z,BNCUSD,0.0372,0.0494,0.0371,0.0440,134157.07520831
2026-03-03T00:00:00Z,BNCUSD,0.0420,0.0493,0.0405,0.0420,79808.49795146
2026-03-04T00:00:00Z,BNCUSD,0.0415,0.0447,0.0415,0.0421,43810.98967197
2026-03-05T00:00:00Z,BNCUSD,0.0421,0.0421,0.0401,0.0401,6016.83857737
2026-03-06T00:00:00Z,BNCUSD,0.0400,0.0403,0.0381,0.0381,12624.67866735
2026-03-07T00:00:00Z,BNCUSD,0.0380,0.0380,0.0380,0.0380,100.05000000
2026-03-08T00:00:00Z,BNCUSD,0.0370,0.0386,0.0349,0.0349,11324.94335186
2026-03-09T00:00:00Z,BNCUSD,0.0368,0.0375,0.0368,0.0375,1162.03408843
2026-03-10T00:00:00Z,BNCUSD,0.0385,0.0385,0.0357,0.0357,3845.70708000
2026-03-11T00:00:00Z,BNCUSD,0.0366,0.0366,0.0342,0.0356,45627.73303466
2026-03-12T00:00:00Z,BNCUSD,0.0354,0.0359,0.0354,0.0356,1546.71174942
2026-03-13T00:00:00Z,BNCUSD,0.0361,0.0362,0.0358,0.0358,6024.80692380
2026-03-14T00:00:00Z,BNCUSD,0.0358,0.0358,0.0355,0.0358,1228.93159999
2026-03-15T00:00:00Z,BNCUSD,0.0377,0.0380,0.0361,0.0363,3011.65093000
2026-03-16T00:00:00Z,BNCUSD,0.0367,0.0381,0.0367,0.0381,9330.26169231
2026-03-17T00:00:00Z,BNCUSD,0.0363,0.0379,0.0355,0.0379,5022.53385137
2026-03-18T00:00:00Z,BNCUSD,0.0380,0.0380,0.0352,0.0352,4005.11244127
2026-03-19T00:00:00Z,BNCUSD,0.0352,0.0368,0.0345,0.0353,23948.01862458
2026-03-20T00:00:00Z,BNCUSD,0.0365,0.0365,0.0346,0.0346,6982.48576034
2026-03-21T00:00:00Z,BNCUSD,0.0346,0.0360,0.0346,0.0360,11122.12018182
2026-03-22T00:00:00Z,BNCUSD,0.0346,0.0357,0.0337,0.0345,25990.25114597
2026-03-23T00:00:00Z,BNCUSD,0.0350,0.0352,0.0338,0.0352,7116.29670421
2026-03-24T00:00:00Z,BNCUSD,0.0331,0.0337,0.0331,0.0337,386.96854998
2026-03-25T00:00:00Z,BNCUSD,0.0331,0.0344,0.0315,0.0327,15491.52595260
2026-03-26T00:00:00Z,BNCUSD,0.0313,0.0316,0.0301,0.0302,28020.95586891
2026-03-27T00:00:00Z,BNCUSD,0.0298,0.0332,0.0285,0.0285,15954.63284728
2026-03-28T00:00:00Z,BNCUSD,0.0287,0.0300,0.0270,0.0278,52525.24365829
2026-03-29T00:00:00Z,BNCUSD,0.0283,0.0299,0.0278,0.0297,20668.58457706
2026-03-30T00:00:00Z,BNCUSD,0.0295,0.0304,0.0274,0.0278,20376.67016521
2026-03-31T00:00:00Z,BNCUSD,0.0302,0.0307,0.0269,0.0286,24838.00143975
2026-04-01T00:00:00Z,BNCUSD,0.0282,0.0291,0.0277,0.0285,44322.04480839
2026-04-02T00:00:00Z,BNCUSD,0.0285,0.0285,0.0273,0.0273,1131.01890000
2026-04-03T00:00:00Z,BNCUSD,0.0293,0.0293,0.0293,0.0293,166.48631000
2026-04-04T00:00:00Z,BNCUSD,0.0272,0.0274,0.0272,0.0274,898.91289989
2026-04-05T00:00:00Z,BNCUSD,0.0272,0.0300,0.0271,0.0273,6092.56880167
2026-04-06T00:00:00Z,BNCUSD,0.0300,0.0319,0.0286,0.0286,4110.60567284
2026-04-07T00:00:00Z,BNCUSD,0.0311,0.0400,0.0292,0.0315,50002.38689703
2026-04-08T00:00:00Z,BNCUSD,0.0362,0.0392,0.0291,0.0297,93913.48546366
2026-04-09T00:00:00Z,BNCUSD,0.0300,0.0309,0.0292,0.0309,32585.64443568
2026-04-10T00:00:00Z,BNCUSD,0.0295,0.0312,0.0280,0.0312,96798.35576812
2026-04-11T00:00:00Z,BNCUSD,0.0298,0.0314,0.0298,0.0313,3670.12799133
2026-04-12T00:00:00Z,BNCUSD,0.0313,0.0430,0.0298,0.0303,845430.98810519
2026-04-13T00:00:00Z,BNCUSD,0.0303,0.0304,0.0301,0.0304,17247.96925044
2026-04-14T00:00:00Z,BNCUSD,0.0304,0.0310,0.0300,0.0307,30671.93019868
2026-04-15T00:00:00Z,BNCUSD,0.0297,0.0308,0.0295,0.0308,9066.75320441
2026-04-16T00:00:00Z,BNCUSD,0.0308,0.0368,0.0308,0.0319,46697.03178511
2026-04-17T00:00:00Z,BNCUSD,0.0319,0.0346,0.0317,0.0326,37257.49766077
2026-04-18T00:00:00Z,BNCUSD,0.0336,0.0347,0.0325,0.0327,4039.52842949
2026-04-19T00:00:00Z,BNCUSD,0.0327,0.0344,0.0318,0.0318,3164.69423895
2026-04-20T00:00:00Z,BNCUSD,0.0315,0.0325,0.0307,0.0325,5306.97874228
2026-04-21T00:00:00Z,BNCUSD,0.0339,0.0346,0.0314,0.0314,3327.21170583
2026-04-22T00:00:00Z,BNCUSD,0.0323,0.0327,0.0314,0.0327,168.66880000
2026-04-23T00:00:00Z,BNCUSD,0.0314,0.0314,0.0311,0.0311,560.43956043
2026-04-24T00:00:00Z,BNCUSD,0.0322,0.0322,0.0306,0.0320,2728.02178218
2026-04-25T00:00:00Z,BNCUSD,0.0308,0.0319,0.0307,0.0319,1385.00232000
2026-04-26T00:00:00Z,BNCUSD,0.0313,0.0319,0.0313,0.0319,334.27442918
2026-04-27T00:00:00Z,BNCUSD,0.0313,0.0342,0.0307,0.0333,2758.79208557
2026-04-28T00:00:00Z,BNCUSD,0.0344,0.0344,0.0295,0.0295,35962.02491233
2026-04-29T00:00:00Z,BNCUSD,0.0312,0.0313,0.0312,0.0313,1000.62737000
2026-04-30T00:00:00Z,BNCUSD,0.0295,0.0297,0.0292,0.0297,4806.03045000
2026-05-01T00:00:00Z,BNCUSD,0.0291,0.0354,0.0282,0.0335,123495.37568111
2026-05-02T00:00:00Z,BNCUSD,0.0347,0.0347,0.0322,0.0325,5856.98410716
2026-05-03T00:00:00Z,BNCUSD,0.0326,0.0381,0.0314,0.0319,26340.25155719
2026-05-04T00:00:00Z,BNCUSD,0.0347,0.0384,0.0308,0.0308,21444.77249900
2026-05-05T00:00:00Z,BNCUSD,0.0315,0.0315,0.0304,0.0304,788.98355042
2026-05-06T00:00:00Z,BNCUSD,0.0311,0.0326,0.0303,0.0325,6432.20971667
2026-05-07T00:00:00Z,BNCUSD,0.0359,0.0384,0.0303,0.0310,83821.64883329
2026-05-08T00:00:00Z,BNCUSD,0.0336,0.0350,0.0309,0.0350,18963.88685577
2026-05-09T00:00:00Z,BNCUSD,0.0350,0.0350,0.0314,0.0315,8912.13660758
2026-05-10T00:00:00Z,BNCUSD,0.0317,0.0331,0.0310,0.0331,2577.42077940
2026-05-11T00:00:00Z,BNCUSD,0.0319,0.0345,0.0311,0.0345,14229.48333755
2026-05-12T00:00:00Z,BNCUSD,0.0351,0.0357,0.0324,0.0324,1813.75848380
2026-05-13T00:00:00Z,BNCUSD,0.0346,0.0351,0.0325,0.0325,29607.92428162
2026-05-14T00:00:00Z,BNCUSD,0.0325,0.0333,0.0320,0.0320,3098.80908767
2026-05-15T00:00:00Z,BNCUSD,0.0325,0.0325,0.0322,0.0322,434.27121000
2026-05-16T00:00:00Z,BNCUSD,0.0322,0.0322,0.0302,0.0302,2580.20156900
2026-05-17T00:00:00Z,BNCUSD,0.0314,0.0314,0.0300,0.0300,356.48189648
2026-05-18T00:00:00Z,BNCUSD,0.0310,0.0332,0.0289,0.0332,8016.68267700
2026-05-19T00:00:00Z,BNCUSD,0.0288,0.0332,0.0284,0.0314,2402.49969477
2026-05-20T00:00:00Z,BNCUSD,0.0332,0.0383,0.0284,0.0304,58985.97154820
2026-05-21T00:00:00Z,BNCUSD,0.0306,0.0307,0.0283,0.0296,19201.77953694
2026-05-22T00:00:00Z,BNCUSD,0.0303,0.0303,0.0279,0.0279,2358.55781096
2026-05-23T00:00:00Z,BNCUSD,0.0292,0.0292,0.0276,0.0279,7969.18418148
2026-05-24T00:00:00Z,BNCUSD,0.0270,0.0300,0.0262,0.0287,36184.87407526
2026-05-25T00:00:00Z,BNCUSD,0.0309,0.0309,0.0272,0.0272,3064.42721790
2026-05-26T00:00:00Z,BNCUSD,0.0272,0.0310,0.0269,0.0269,3314.41173798
2026-05-27T00:00:00Z,BNCUSD,0.0272,0.0310,0.0263,0.0310,25917.68078241
2026-05-28T00:00:00Z,BNCUSD,0.0273,0.0273,0.0260,0.0271,28405.22118940
2026-05-29T00:00:00Z,BNCUSD,0.0258,0.0278,0.0257,0.0257,8656.49211734
2026-05-30T00:00:00Z,BNCUSD,0.0262,0.0272,0.0240,0.0244,26225.87732264
2026-05-31T00:00:00Z,BNCUSD,0.0253,0.0258,0.0248,0.0258,23825.95027614
2026-06-01T00:00:00Z,BNCUSD,0.0258,0.0258,0.0258,0.0258,38.18689000
2026-06-02T00:00:00Z,BNCUSD,0.0258,0.0270,0.0236,0.0236,50158.39210554
2026-06-03T00:00:00Z,BNCUSD,0.0236,0.0236,0.0236,0.0236,0.00000000
2026-06-04T00:00:00Z,BNCUSD,0.0234,0.0241,0.0216,0.0220,83634.00583490
2026-06-05T00:00:00Z,BNCUSD,0.0216,0.0220,0.0204,0.0220,7636.79450079
2026-06-06T00:00:00Z,BNCUSD,0.0203,0.0221,0.0202,0.0221,4415.23453423
2026-06-07T00:00:00Z,BNCUSD,0.0201,0.0221,0.0200,0.0205,7985.08836048
2026-06-08T00:00:00Z,BNCUSD,0.0223,0.0223,0.0203,0.0208,8101.00727792
2026-06-09T00:00:00Z,BNCUSD,0.0224,0.0224,0.0203,0.0209,1467.17051373
2026-06-10T00:00:00Z,BNCUSD,0.0206,0.0224,0.0205,0.0205,648.86273930
2026-06-11T00:00:00Z,BNCUSD,0.0223,0.0224,0.0223,0.0224,1207.06020353
2026-06-12T00:00:00Z,BNCUSD,0.0225,0.0225,0.0211,0.0211,540.22610290
2026-06-13T00:00:00Z,BNCUSD,0.0224,0.0225,0.0210,0.0225,1304.00220000
2026-06-14T00:00:00Z,BNCUSD,0.0225,0.0225,0.0212,0.0212,284.52955000
2026-06-15T00:00:00Z,BNCUSD,0.0225,0.0225,0.0219,0.0225,6466.51596804
2026-06-16T00:00:00Z,BNCUSD,0.0215,0.0225,0.0206,0.0206,946.39886000
2026-06-17T00:00:00Z,BNCUSD,0.0223,0.0225,0.0200,0.0202,2324.69335998
2026-06-18T00:00:00Z,BNCUSD,0.0199,0.0219,0.0198,0.0219,15042.15533988
2026-06-19T00:00:00Z,BNCUSD,0.0219,0.0219,0.0195,0.0195,26046.95810897
2026-06-20T00:00:00Z,BNCUSD,0.0195,0.0195,0.0195,0.0195,394.61361060
2026-06-21T00:00:00Z,BNCUSD,0.0195,0.0195,0.0195,0.0195,0.00000000
2026-06-22T00:00:00Z,BNCUSD,0.0202,0.0202,0.0197,0.0198,21992.41692358
2026-06-23T00:00:00Z,BNCUSD,0.0208,0.0208,0.0200,0.0200,401.55000000
2026-06-24T00:00:00Z,BNCUSD,0.0218,0.0218,0.0178,0.0189,61703.20006975
2026-06-25T00:00:00Z,BNCUSD,0.0221,0.0221,0.0176,0.0176,21819.91794571
2026-06-26T00:00:00Z,BNCUSD,0.0176,0.0176,0.0176,0.0176,0.00000000
2026-06-27T00:00:00Z,BNCUSD,0.0190,0.0190,0.0175,0.0176,31059.92882899
2026-06-28T00:00:00Z,BNCUSD,0.0171,0.0181,0.0168,0.0181,10748.31741898
2026-06-29T00:00:00Z,BNCUSD,0.0181,0.0256,0.0170,0.0181,319626.76762982
2026-06-30T00:00:00Z,BNCUSD,0.0173,0.0180,0.0171,0.0174,31614.70085247
2026-07-01T00:00:00Z,BNCUSD,0.0179,0.0181,0.0176,0.0181,13606.37437614
2026-07-02T00:00:00Z,BNCUSD,0.0177,0.0187,0.0177,0.0181,27855.82952954
2026-07-03T00:00:00Z,BNCUSD,0.0185,0.0185,0.0180,0.0180,595.86697426
2026-07-04T00:00:00Z,BNCUSD,0.0180,0.0180,0.0180,0.0180,0.00000000
2026-07-05T00:00:00Z,BNCUSD,0.0187,0.0187,0.0177,0.0177,721.12513368
2026-07-06T00:00:00Z,BNCUSD,0.0187,0.0187,0.0177,0.0178,10176.51191600
2026-07-07T00:00:00Z,BNCUSD,0.0177,0.0186,0.0173,0.0173,8816.55141590
2026-07-08T00:00:00Z,BNCUSD,0.0186,0.0187,0.0173,0.0173,1904.78170473
2026-07-09T00:00:00Z,BNCUSD,0.0187,0.0187,0.0173,0.0175,30201.15360935
2026-07-10T00:00:00Z,BNCUSD,0.0172,0.0184,0.0167,0.0167,5214.94892223
2026-07-11T00:00:00Z,BNCUSD,0.0184,0.0184,0.0165,0.0165,29981.27376489
2026-07-12T00:00:00Z,BNCUSD,0.0165,0.0182,0.0161,0.0172,5822.69693949
2026-07-13T00:00:00Z,BNCUSD,0.0172,0.0172,0.0172,0.0172,0.00000000
2026-07-14T00:00:00Z,BNCUSD,0.0154,0.0179,0.0154,0.0164,10594.47698087
2026-07-15T00:00:00Z,BNCUSD,0.0165,0.0165,0.0152,0.0160,3138.71369734
2026-07-16T00:00:00Z,BNCUSD,0.0161,0.0162,0.0151,0.0157,3573.83365344
2026-07-17T00:00:00Z,BNCUSD,0.0150,0.0154,0.0147,0.0150,13840.59657175
2026-07-18T00:00:00Z,BNCUSD,0.0140,0.0147,0.0139,0.0141,9655.39558004
2026-07-19T00:00:00Z,BNCUSD,0.0146,0.0148,0.0134,0.0138,50259.07943957
2026-07-20T00:00:00Z,BNCUSD,0.0187,0.0187,0.0135,0.0135,508.99345462
2026-07-21T00:00:00Z,BNCUSD,0.0151,0.0151,0.0150,0.0150,27684.00000000
2026-07-22T00:00:00Z,BNCUSD,0.0150,0.0150,0.0150,0.0150,0.00000000
2026-07-23T00:00:00Z,BNCUSD,0.0157,0.0165,0.0137,0.0137,60799.36652489
2026-07-24T00:00:00Z,BNCUSD,0.0147,0.0154,0.0136,0.0137,81952.22917592
2026-07-25T00:00:00Z,BNCUSD,0.0136,0.0139,0.0136,0.0136,27536.64014078
2026-07-26T00:00:00Z,BNCUSD,0.0136,0.0140,0.0136,0.0136,9055.49128475
2026-07-27T00:00:00Z,BNCUSD,0.0133,0.0133,0.0128,0.0128,86085.51099295
2026-07-28T00:00:00Z,BNCUSD,0.0134,0.0135,0.0125,0.0131,5097.24168400
2026-07-29T00:00:00Z,BNCUSD,0.0135,0.0136,0.0135,0.0136,30012.98396436
2026-07-30T00:00:00Z,BNCUSD,0.0136,0.0165,0.0134,0.0165,68276.49744656
2026-07-31T00:00:00Z,BNCUSD,0.0143,0.0173,0.0130,0.0142,118241.24760979
2026-08-01T00:00:00Z,BNCUSD,0.0140,0.0140,0.0125,0.0125,12714.19175334
2026-08-02T00:00:00Z,BNCUSD,0.0126,0.0133,0.0126,0.0133,83781.58167349
2026-08-03T00:00:00Z,BNCUSD,0.0133,0.0133,0.0125,0.0126,4047.25443000
2026-08-04T00:00:00Z,BNCUSD,0.0126,0.0127,0.0126,0.0127,1914.85772000
2026-08-05T00:00:00Z,BNCUSD,0.0132,0.0133,0.0127,0.0132,11391.70993488
2026-08-06T00:00:00Z,BNCUSD,0.0128,0.0128,0.0128,0.0128,1021.55190000
2026-08-07T00:00:00Z,BNCUSD,0.0133,0.0160,0.0132,0.0135,19895.01446211
2026-08-08T00:00:00Z,BNCUSD,0.0158,0.0187,0.0137,0.0147,40885.42818903
2026-08-09T00:00:00Z,BNCUSD,0.0180,0.0180,0.0147,0.0150,41826.00947492
2026-08-10T00:00:00Z,BNCUSD,0.0159,0.0160,0.0151,0.0151,24836.81340868
2026-08-11T00:00:00Z,BNCUSD,0.0148,0.0148,0.0148,0.0148,836.64020000
2026-08-12T00:00:00Z,BNCUSD,0.0147,0.0150,0.0142,0.0142,8515.90083723
2026-08-13T00:00:00Z,BNCUSD,0.0145,0.0149,0.0145,0.0149,3782.72932540
2026-08-14T00:00:00Z,BNCUSD,0.0151,0.0157,0.0151,0.0157,9219.33668424
2026-08-15T00:00:00Z,BNCUSD,0.0143,0.0143,0.0140,0.0140,4240.21063233
2026-08-16T00:00:00Z,BNCUSD,0.0164,0.0172,0.0164,0.0166,8504.98976527
2026-08-17T00:00:00Z,BNCUSD,0.0168,0.0175,0.0142,0.0142,44809.12525694
2026-08-18T00:00:00Z,BNCUSD,0.0144,0.0144,0.0137,0.0137,24812.09820873
2026-08-19T00:00:00Z,BNCUSD,0.0134,0.0147,0.0134,0.0140,10303.02108387
2026-08-20T00:00:00Z,BNCUSD,0.0145,0.0151,0.0145,0.0149,98648.18605044
2026-08-21T00:00:00Z,BNCUSD,0.0150,0.0170,0.0150,0.0150,36842.75281962
2026-08-22T00:00:00Z,BNCUSD,0.0159,0.0176,0.0146,0.0159,91052.64993693
2026-08-23T00:00:00Z,BNCUSD,0.0152,0.0170,0.0148,0.0149,40231.24065391
2026-08-24T00:00:00Z,BNCUSD,0.0152,0.0156,0.0150,0.0156,20348.16148356
2026-08-25T00:00:00Z,BNCUSD,0.0154,0.0154,0.0154,0.0154,186.52273000
2026-08-26T00:00:00Z,BNCUSD,0.0154,0.0154,0.0154,0.0154,100.00000000
2026-08-27T00:00:00Z,BNCUSD,0.0154,0.0156,0.0140,0.0152,550175.72946838
2026-08-28T00:00:00Z,BNCUSD,0.0151,0.0154,0.0142,0.0143,216645.26190747
2026-08-29T00:00:00Z,BNCUSD,0.0142,0.0146,0.0135,0.0141,38938.20749648
2026-08-30T00:00:00Z,BNCUSD,0.0139,0.0147,0.0137,0.0137,9178.97054012
2026-08-31T00:00:00Z,BNCUSD,0.0135,0.0143,0.0134,0.0135,42811.56944712
2026-09-01T00:00:00Z,BNCUSD,0.0136,0.0141,0.0126,0.0130,113803.49830063
2026-09-02T00:00:00Z,BNCUSD,0.0132,0.0132,0.0121,0.0121,43980.63700004
2026-09-03T00:00:00Z,BNCUSD,0.0129,0.0129,0.0120,0.0124,19970.76928670
2026-09-04T00:00:00Z,BNCUSD,0.0122,0.0129,0.0120,0.0126,55718.74685982
2026-09-05T00:00:00Z,BNCUSD,0.0126,0.0128,0.0115,0.0117,100493.62366282
2026-09-06T00:00:00Z,BNCUSD,0.0122,0.0122,0.0106,0.0106,334878.94313773
2026-09-07T00:00:00Z,BNCUSD,0.0109,0.0119,0.0107,0.0119,38801.18644558
2026-09-08T00:00:00Z,BNCUSD,0.0114,0.0120,0.0114,0.0116,7774.41215504
2026-09-09T00:00:00Z,BNCUSD,0.0108,0.0129,0.0107,0.0129,56952.90550137
2026-09-10T00:00:00Z,BNCUSD,0.0113,0.0125,0.0112,0.0115,128027.32533255
2026-09-11T00:00:00Z,BNCUSD,0.0115,0.0122,0.0115,0.0122,15509.45406339
2026-09-12T00:00:00Z,BNCUSD,0.0122,0.0122,0.0122,0.0122,0.00000000
2026-09-13T00:00:00Z,BNCUSD,0.0122,0.0122,0.0122,0.0122,0.00000000
2026-09-14T00:00:00Z,BNCUSD,0.0122,0.0122,0.0122,0.0122,0.00000000
2026-09-15T00:00:00Z,BNCUSD,0.0122,0.0122,0.0122,0.0122,0.00000000
2026-09-16T00:00:00Z,BNCUSD,0.0122,0.0122,0.0122,0.0122,0.00000000
2026-09-17T00:00:00Z,BNCUSD,0.0122,0.0122,0.0122,0.0122,0.00000000
2026-09-18T00:00:00Z,BNCUSD,0.0122,0.0122,0.0122,0.0122,0.00000000
2026-09-19T00:00:00Z,BNCUSD,0.0122,0.0122,0.0122,0.0122,0.00000000
2026-09-20T00:00:00Z,BNCUSD,0.0122,0.0122,0.0122,0.0122,0.00000000
2026-09-21T00:00:00Z,BNCUSD,0.0122,0.0122,0.0122,0.0122,0.00000000
2026-09-22T00:00:00Z,BNCUSD,0.0122,0.0122,0.0122,0.0122,0.00000000
2026-09-23T00:00:00Z,BNCUSD,0.0122,0.0122,0.0122,0.0122,0.00000000
2026-09-24T00:00:00Z,BNCUSD,0.0122,0.0122,0.0122,0.0122,0.00000000
2026-09-25T00:00:00Z,BNCUSD,0.0122,0.0122,0.0122,0.0122,0.00000000
2026-09-26T00:00:00Z,BNCUSD,0.0122,0.0122,0.0122,0.0122,0.00000000
2026-09-27T00:00:00Z,BNCUSD,0.0122,0.0122,0.0122,0.0122,0.00000000
2026-09-28T00:00:00Z,BNCUSD,0.0122,0.0122,0.0122,0.0122,0.00000000
2026-09-29T00:00:00Z,BNCUSD,0.0122,0.0122,0.0122,0.0122,0.00000000
2026-09-30T00:00:00Z,BNCUSD,0.0122,0.0122,0.0122,0.0122,0.00000000
