timestamp,symbol,open,high,low,close,volume
2022-08-26T00:00:00Z,BOBAUSD,0.3816,0.468,0.3816,0.3962,60529.00526634999
2022-08-27T00:00:00Z,BOBAUSD,0.3986,0.3986,0.3416,0.3424,59930.74960395999
2022-08-28T00:00:00Z,BOBAUSD,0.3553,0.3579,0.3235,0.3235,3380.4765866800003
2022-08-29T00:00:00Z,BOBAUSD,0.3215,0.3711,0.3214,0.3395,26283.498666530002
2022-08-30T00:00:00Z,BOBAUSD,0.3397,0.3406,0.3206,0.3277,11334.34731533
2022-08-31T00:00:00Z,BOBAUSD,0.3281,0.3375,0.3172,0.3247,17340.49874016
2022-09-01T00:00:00Z,BOBAUSD,0.3211,0.3292,0.3096,0.3209,53042.12362198998
2022-09-02T00:00:00Z,BOBAUSD,0.3179,0.3378,0.3119,0.3152,32506.560082919994
2022-09-03T00:00:00Z,BOBAUSD,0.318,0.3232,0.3078,0.308,12925.774209070001
2022-09-04T00:00:00Z,BOBAUSD,0.3094,0.3155,0.308,0.3155,921.2650074400001
2022-09-05T00:00:00Z,BOBAUSD,0.3126,0.3126,0.308,0.3097,2279.75466233
2022-09-06T00:00:00Z,BOBAUSD,0.3071,0.3199,0.2994,0.3004,5652.263086319999
2022-09-07T00:00:00Z,BOBAUSD,0.2998,0.3221,0.288,0.312,20007.942033320003
2022-09-08T00:00:00Z,BOBAUSD,0.3105,0.3244,0.2987,0.3147,26582.11569899
2022-09-09T00:00:00Z,BOBAUSD,0.3112,0.3538,0.3112,0.3364,26404.50038991
2022-09-10T00:00:00Z,BOBAUSD,0.3279,0.3397,0.3279,0.3397,31970.85293493
2022-09-11T00:00:00Z,BOBAUSD,0.3375,0.3403,0.3244,0.333,36972.98287155
2022-09-12T00:00:00Z,BOBAUSD,0.3313,0.3488,0.3281,0.3373,27273.918354540005
2022-09-13T00:00:00Z,BOBAUSD,0.3433,0.3474,0.3072,0.3139,30402.729656410003
2022-09-14T00:00:00Z,BOBAUSD,0.3138,0.3383,0.3138,0.3373,13563.941590380002
2022-09-15T00:00:00Z,BOBAUSD,0.341,0.3517,0.3071,0.3173,15686.775653909996
2022-09-16T00:00:00Z,BOBAUSD,0.3177,0.3221,0.3106,0.3145,3527.291295870001
2022-09-17T00:00:00Z,BOBAUSD,0.3194,0.3194,0.3143,0.317,1122.19945556
2022-09-18T00:00:00Z,BOBAUSD,0.3174,0.3264,0.298,0.298,7336.611184210001
2022-09-19T00:00:00Z,BOBAUSD,0.2857,0.302,0.2857,0.302,4858.6589037700005
2022-09-20T00:00:00Z,BOBAUSD,0.2992,0.3026,0.2915,0.2982,2899.97872068
2022-09-21T00:00:00Z,BOBAUSD,0.2982,0.3104,0.2887,0.2888,4623.2648321199995
2022-09-22T00:00:00Z,BOBAUSD,0.2889,0.3084,0.2874,0.3074,5109.705436920001
2022-09-23T00:00:00Z,BOBAUSD,0.306,0.3105,0.2884,0.3037,6246.430553330007
2022-09-24T00:00:00Z,BOBAUSD,0.304,0.3071,0.2951,0.3,2410.1700284000003
2022-09-25T00:00:00Z,BOBAUSD,0.3003,0.3046,0.2899,0.2947,3773.4452974899987
2022-09-26T00:00:00Z,BOBAUSD,0.2945,0.3029,0.2847,0.2927,7807.84896425
2022-09-27T00:00:00Z,BOBAUSD,0.2937,0.3062,0.2851,0.2898,6470.373771420005
2022-09-28T00:00:00Z,BOBAUSD,0.2898,0.2952,0.2829,0.2926,7334.095184090001
2022-09-29T00:00:00Z,BOBAUSD,0.2926,0.2971,0.2868,0.2898,8429.7394732
2022-09-30T00:00:00Z,BOBAUSD,0.29,0.2977,0.2861,0.2887,3592.8276200200025
2022-10-01T00:00:00Z,BOBAUSD,0.2873,0.2939,0.2851,0.2854,5021.783228120003
2022-10-02T00:00:00Z,BOBAUSD,0.2854,0.2876,0.2825,0.2825,5735.594262620003
2022-10-03T00:00:00Z,BOBAUSD,0.2826,0.288,0.2821,0.288,5808.64689353
2022-10-04T00:00:00Z,BOBAUSD,0.2893,0.2971,0.2824,0.2914,9637.50481061
2022-10-05T00:00:00Z,BOBAUSD,0.2881,0.2946,0.2873,0.2902,2657.28792968
2022-10-06T00:00:00Z,BOBAUSD,0.2913,0.2969,0.2871,0.2888,7503.290651840001
2022-10-07T00:00:00Z,BOBAUSD,0.29,0.2923,0.2833,0.2844,2414.9896096199977
2022-10-08T00:00:00Z,BOBAUSD,0.2861,0.2898,0.2847,0.2876,889.3882438200002
2022-10-09T00:00:00Z,BOBAUSD,0.2873,0.2889,0.2836,0.2888,2631.4714456799993
2022-10-10T00:00:00Z,BOBAUSD,0.2884,0.3062,0.2839,0.2839,7483.648650350001
2022-10-11T00:00:00Z,BOBAUSD,0.2838,0.2851,0.2765,0.2792,5802.918002879999
2022-10-12T00:00:00Z,BOBAUSD,0.2781,0.2862,0.2767,0.2804,5864.716694069998
2022-10-13T00:00:00Z,BOBAUSD,0.278,0.2832,0.2696,0.2796,4722.411278430002
2022-10-14T00:00:00Z,BOBAUSD,0.2773,0.2963,0.2773,0.2835,7643.441822870002
2022-10-15T00:00:00Z,BOBAUSD,0.2814,0.2836,0.2779,0.2794,1696.4009018500003
2022-10-16T00:00:00Z,BOBAUSD,0.2804,0.2835,0.2793,0.2816,1146.8385011100004
2022-10-17T00:00:00Z,BOBAUSD,0.2807,0.2874,0.2807,0.2831,2726.05380491
2022-10-18T00:00:00Z,BOBAUSD,0.2848,0.2867,0.2795,0.2823,18044.690657750012
2022-10-19T00:00:00Z,BOBAUSD,0.2825,0.2825,0.2745,0.2784,1619.84999076
2022-10-20T00:00:00Z,BOBAUSD,0.276,0.2782,0.273,0.2782,990.25018322
2022-10-21T00:00:00Z,BOBAUSD,0.2797,0.2832,0.2682,0.2733,3051.747481020001
2022-10-22T00:00:00Z,BOBAUSD,0.2722,0.279,0.27,0.275,1696.9832379500008
2022-10-23T00:00:00Z,BOBAUSD,0.2744,0.2786,0.2697,0.2784,1165.2064623099998
2022-10-24T00:00:00Z,BOBAUSD,0.2787,0.28,0.2757,0.2791,18643.215144980004
2022-10-25T00:00:00Z,BOBAUSD,0.2799,0.2939,0.2773,0.2868,10065.780049029998
2022-10-26T00:00:00Z,BOBAUSD,0.2859,0.293,0.2826,0.2883,5268.254086060001
2022-10-27T00:00:00Z,BOBAUSD,0.2873,0.2931,0.2867,0.2883,5012.773573350003
2022-10-28T00:00:00Z,BOBAUSD,0.2896,0.2963,0.2822,0.2963,8013.588049170001
2022-10-29T00:00:00Z,BOBAUSD,0.2933,0.2944,0.2881,0.2925,1607.0335837300004
2022-10-30T00:00:00Z,BOBAUSD,0.2919,0.2957,0.286,0.292,2744.025724549998
2022-10-31T00:00:00Z,BOBAUSD,0.2928,0.299,0.2865,0.299,3182.504422520002
2022-11-01T00:00:00Z,BOBAUSD,0.2981,0.3106,0.2981,0.3059,5982.06393422
2022-11-02T00:00:00Z,BOBAUSD,0.3041,0.306,0.2904,0.2909,1194.4175300500006
2022-11-03T00:00:00Z,BOBAUSD,0.2913,0.3057,0.2913,0.2971,4506.00557143
2022-11-04T00:00:00Z,BOBAUSD,0.2993,0.3225,0.2986,0.3225,4626.41404134
2022-11-05T00:00:00Z,BOBAUSD,0.3218,0.339,0.3191,0.3221,12522.96587587
2022-11-06T00:00:00Z,BOBAUSD,0.3229,0.3229,0.3019,0.3028,6554.337403789999
2022-11-07T00:00:00Z,BOBAUSD,0.3012,0.3032,0.2921,0.2944,3665.562143670001
2022-11-08T00:00:00Z,BOBAUSD,0.2952,0.2976,0.2608,0.2663,17085.707573890002
2022-11-09T00:00:00Z,BOBAUSD,0.2635,1.6262,0.2046,0.2126,22136.552449840005
2022-11-10T00:00:00Z,BOBAUSD,0.2133,0.2437,0.2054,0.2406,33777.28328403
2022-11-11T00:00:00Z,BOBAUSD,0.24,0.2422,0.1842,0.2213,32692.23437386001
2022-11-12T00:00:00Z,BOBAUSD,0.2271,0.3499,0.1667,0.2152,21289.798678560008
2022-11-13T00:00:00Z,BOBAUSD,0.2117,0.9,0.2,0.2046,115440.36576235002
2022-11-14T00:00:00Z,BOBAUSD,0.1929,0.2018,0.1905,0.1932,44227.99508815999
2022-11-15T00:00:00Z,BOBAUSD,0.194,0.2089,0.1927,0.2011,66177.57492201
2022-11-16T00:00:00Z,BOBAUSD,0.2014,0.2014,0.1863,0.1935,2514.94148771
2022-11-17T00:00:00Z,BOBAUSD,0.195,0.38,0.1853,0.1916,387823.9432622195
2022-11-18T00:00:00Z,BOBAUSD,0.1933,0.3926,0.188,0.233,476779.4843570704
2022-11-19T00:00:00Z,BOBAUSD,0.231,0.2359,0.2078,0.2162,89072.07413157006
2022-11-20T00:00:00Z,BOBAUSD,0.2137,0.214,0.2005,0.2005,4022.1458516100006
2022-11-21T00:00:00Z,BOBAUSD,0.1993,0.2012,0.1904,0.1904,5661.472503749998
2022-11-22T00:00:00Z,BOBAUSD,0.1934,0.2112,0.1884,0.1929,10965.876867959998
2022-11-23T00:00:00Z,BOBAUSD,0.1983,0.2093,0.1964,0.2,9410.29605937
2022-11-24T00:00:00Z,BOBAUSD,0.1995,0.2438,0.1995,0.2078,6285.44430991
2022-11-25T00:00:00Z,BOBAUSD,0.2025,0.2148,0.2018,0.2027,45855.48803778
2022-11-26T00:00:00Z,BOBAUSD,0.2023,0.2025,0.1977,0.1995,3575.5749679499995
2022-11-27T00:00:00Z,BOBAUSD,0.1993,0.2028,0.1993,0.2028,3176.6144213
2022-11-28T00:00:00Z,BOBAUSD,0.2012,0.2022,0.1976,0.2012,3145.59527746
2022-11-29T00:00:00Z,BOBAUSD,0.199,0.2007,0.1973,0.2006,47419.28153944008
2022-11-30T00:00:00Z,BOBAUSD,0.2008,0.2082,0.1978,0.1986,19771.60966161999
2022-12-01T00:00:00Z,BOBAUSD,0.2014,0.2072,0.2011,0.2017,5360.304167789998
2022-12-02T00:00:00Z,BOBAUSD,0.202,0.23,0.2019,0.2159,113896.05889246991
2022-12-03T00:00:00Z,BOBAUSD,0.2134,0.2179,0.1997,0.2034,60119.22495694
2022-12-04T00:00:00Z,BOBAUSD,0.2029,0.2058,0.198,0.2038,26081.769967639964
2022-12-05T00:00:00Z,BOBAUSD,0.2026,0.2183,0.199,0.2032,18872.733127570013
2022-12-06T00:00:00Z,BOBAUSD,0.2037,0.2066,0.2012,0.2026,4930.240071529999
2022-12-07T00:00:00Z,BOBAUSD,0.2034,0.2054,0.1958,0.1997,13734.693837900008
2022-12-08T00:00:00Z,BOBAUSD,0.1987,0.2018,0.1952,0.2004,20972.08943942999
2022-12-09T00:00:00Z,BOBAUSD,0.2004,0.2084,0.1987,0.2045,15095.226954099995
2022-12-10T00:00:00Z,BOBAUSD,0.2051,0.2077,0.2011,0.2029,11089.467657359986
2022-12-11T00:00:00Z,BOBAUSD,0.2028,0.2141,0.1999,0.1999,84544.67643123999
2022-12-12T00:00:00Z,BOBAUSD,0.2008,0.2076,0.1974,0.2033,59075.45227205012
2022-12-13T00:00:00Z,BOBAUSD,0.2033,0.2098,0.2016,0.2055,14627.458649870005
2022-12-14T00:00:00Z,BOBAUSD,0.2056,0.2121,0.2025,0.2054,10831.540953149994
2022-12-15T00:00:00Z,BOBAUSD,0.2044,0.2072,0.1964,0.1991,18473.631683179996
2022-12-16T00:00:00Z,BOBAUSD,0.1992,0.2024,0.1867,0.1867,107696.61616588
2022-12-17T00:00:00Z,BOBAUSD,0.1849,0.1883,0.175,0.1876,72185.49693737
2022-12-18T00:00:00Z,BOBAUSD,0.1882,0.19,0.1838,0.1882,5633.341753320003
2022-12-19T00:00:00Z,BOBAUSD,0.189,0.189,0.1858,0.1858,3578.9242195099973
2022-12-20T00:00:00Z,BOBAUSD,0.1865,0.1865,0.1783,0.1804,18284.208448939982
2022-12-21T00:00:00Z,BOBAUSD,0.1812,0.1822,0.175,0.1775,81193.80711859014
2022-12-22T00:00:00Z,BOBAUSD,0.1772,0.1793,0.1555,0.1705,102017.36114501001
2022-12-23T00:00:00Z,BOBAUSD,0.1701,0.1801,0.1672,0.1768,24839.44525618001
2022-12-24T00:00:00Z,BOBAUSD,0.1773,0.1866,0.1739,0.1744,20617.764699870007
2022-12-25T00:00:00Z,BOBAUSD,0.1752,0.1803,0.1741,0.1759,5285.920099869999
2022-12-26T00:00:00Z,BOBAUSD,0.1751,0.181,0.1742,0.1754,17854.544579299967
2022-12-27T00:00:00Z,BOBAUSD,0.1756,0.1803,0.1667,0.1699,75883.81880739007
2022-12-28T00:00:00Z,BOBAUSD,0.1693,0.1708,0.1622,0.1663,38147.64081752999
2022-12-29T00:00:00Z,BOBAUSD,0.1665,0.1702,0.1655,0.1666,29373.65081512999
2022-12-30T00:00:00Z,BOBAUSD,0.1664,0.1667,0.1563,0.1591,37703.37649822999
2022-12-31T00:00:00Z,BOBAUSD,0.1585,0.176,0.1557,0.1678,24384.684256090033
2023-01-01T00:00:00Z,BOBAUSD,0.1691,0.1716,0.1599,0.1618,22749.613326770013
2023-01-02T00:00:00Z,BOBAUSD,0.1613,0.2032,0.1612,0.1627,42221.757384709985
2023-01-03T00:00:00Z,BOBAUSD,0.1626,0.1673,0.1613,0.166,22034.874102270052
2023-01-04T00:00:00Z,BOBAUSD,0.1658,0.171,0.1658,0.1703,6992.803767679996
2023-01-05T00:00:00Z,BOBAUSD,0.1701,0.1738,0.1688,0.1716,116183.82232902003
2023-01-06T00:00:00Z,BOBAUSD,0.171,0.1739,0.1661,0.1731,64325.696448979834
2023-01-07T00:00:00Z,BOBAUSD,0.1727,0.256,0.1714,0.1796,79253.2622351999
2023-01-08T00:00:00Z,BOBAUSD,0.1786,0.1965,0.1752,0.1807,45413.303720039956
2023-01-09T00:00:00Z,BOBAUSD,0.1811,0.213,0.179,0.1863,87546.04625683979
2023-01-10T00:00:00Z,BOBAUSD,0.1861,0.1984,0.1755,0.1857,63186.773473080044
2023-01-11T00:00:00Z,BOBAUSD,0.1822,0.1878,0.1802,0.184,12779.41471372
2023-01-12T00:00:00Z,BOBAUSD,0.1851,0.1919,0.1838,0.1913,36419.01680031002
2023-01-13T00:00:00Z,BOBAUSD,0.192,0.1967,0.1896,0.1951,106489.83677949001
2023-01-14T00:00:00Z,BOBAUSD,0.195,0.2235,0.194,0.2051,37482.701518650036
2023-01-15T00:00:00Z,BOBAUSD,0.206,0.2067,0.1978,0.2059,24141.048076579988
2023-01-16T00:00:00Z,BOBAUSD,0.205,0.2288,0.2045,0.2094,12638.029579770006
2023-01-17T00:00:00Z,BOBAUSD,0.2085,0.2206,0.2072,0.2173,26748.802184230008
2023-01-18T00:00:00Z,BOBAUSD,0.2165,0.2288,0.192,0.1943,99085.79279428998
2023-01-19T00:00:00Z,BOBAUSD,0.195,0.2034,0.1915,0.2034,19147.089010339987
2023-01-20T00:00:00Z,BOBAUSD,0.2044,0.2145,0.2019,0.2138,4424.302006620003
2023-01-21T00:00:00Z,BOBAUSD,0.2141,0.2264,0.1992,0.2139,174027.19748051005
2023-01-22T00:00:00Z,BOBAUSD,0.2078,0.2102,0.1909,0.2018,76595.22994701998
2023-01-23T00:00:00Z,BOBAUSD,0.203,0.2574,0.203,0.221,55511.72137872999
2023-01-24T00:00:00Z,BOBAUSD,0.2204,0.2444,0.2116,0.2268,33455.02251405002
2023-01-25T00:00:00Z,BOBAUSD,0.2278,0.2317,0.2133,0.2301,20129.274273839987
2023-01-26T00:00:00Z,BOBAUSD,0.2285,0.2313,0.2067,0.2108,53121.289223929976
2023-01-27T00:00:00Z,BOBAUSD,0.2108,0.2291,0.2106,0.227,113399.97806420001
2023-01-28T00:00:00Z,BOBAUSD,0.2272,0.2562,0.2229,0.2229,80545.53989316
2023-01-29T00:00:00Z,BOBAUSD,0.2296,0.2426,0.2257,0.2356,7578.35441485
2023-01-30T00:00:00Z,BOBAUSD,0.2362,0.2372,0.2175,0.2182,20659.61849142
2023-01-31T00:00:00Z,BOBAUSD,0.2182,0.2287,0.1915,0.2168,138381.33376865
2023-02-01T00:00:00Z,BOBAUSD,0.2288,0.2387,0.2185,0.2312,27753.538352009997
2023-02-02T00:00:00Z,BOBAUSD,0.2284,0.299,0.2284,0.2395,73020.0595429
2023-02-03T00:00:00Z,BOBAUSD,0.246,0.2878,0.2366,0.2552,57006.75860134998
2023-02-04T00:00:00Z,BOBAUSD,0.2535,0.2805,0.2486,0.2667,15008.816250019998
2023-02-05T00:00:00Z,BOBAUSD,0.2647,0.2758,0.2387,0.2644,9531.83426439
2023-02-06T00:00:00Z,BOBAUSD,0.2707,0.2879,0.2502,0.26,26095.684192140005
2023-02-07T00:00:00Z,BOBAUSD,0.2574,0.2711,0.2439,0.2711,29559.38302768
2023-02-08T00:00:00Z,BOBAUSD,0.273,0.31,0.2684,0.2731,118935.04694132996
2023-02-09T00:00:00Z,BOBAUSD,0.2707,0.2707,0.2526,0.2553,12569.011015889999
2023-02-10T00:00:00Z,BOBAUSD,0.258,0.266,0.2363,0.2565,44266.4040336
2023-02-11T00:00:00Z,BOBAUSD,0.2513,0.2555,0.241,0.241,8133.03032475
2023-02-12T00:00:00Z,BOBAUSD,0.2453,0.2625,0.2404,0.2586,17835.642320720002
2023-02-13T00:00:00Z,BOBAUSD,0.2583,0.2944,0.2402,0.2479,13437.1946125
2023-02-14T00:00:00Z,BOBAUSD,0.2462,0.2493,0.2417,0.246,7699.730467400001
2023-02-15T00:00:00Z,BOBAUSD,0.2493,0.2607,0.2424,0.2591,71291.39102115002
2023-02-16T00:00:00Z,BOBAUSD,0.2618,0.2768,0.2508,0.2537,72111.13318043998
2023-02-17T00:00:00Z,BOBAUSD,0.2502,0.2624,0.2497,0.2595,17619.575412129998
2023-02-18T00:00:00Z,BOBAUSD,0.2591,0.2679,0.2582,0.2602,22642.81448471
2023-02-19T00:00:00Z,BOBAUSD,0.2591,0.2616,0.2565,0.2595,12178.282232680003
2023-02-20T00:00:00Z,BOBAUSD,0.2595,0.2765,0.2595,0.2679,34345.976180390004
2023-02-21T00:00:00Z,BOBAUSD,0.27,0.2823,0.2689,0.2692,9008.003832359998
2023-02-22T00:00:00Z,BOBAUSD,0.2652,0.2652,0.2528,0.2542,24260.460591189996
2023-02-23T00:00:00Z,BOBAUSD,0.2621,0.2687,0.2605,0.2648,15783.45473132
2023-02-24T00:00:00Z,BOBAUSD,0.2655,0.2666,0.2477,0.2477,38532.96118235999
2023-02-25T00:00:00Z,BOBAUSD,0.2499,0.3748,0.2499,0.3251,349623.44564243016
2023-02-26T00:00:00Z,BOBAUSD,0.3261,0.3767,0.2713,0.3013,197991.1250194501
2023-02-27T00:00:00Z,BOBAUSD,0.2932,0.306,0.2787,0.287,77956.79693412002
2023-02-28T00:00:00Z,BOBAUSD,0.2876,0.2886,0.2683,0.2763,27758.66963638
2023-03-01T00:00:00Z,BOBAUSD,0.2744,0.2827,0.2618,0.2728,29765.97293548
2023-03-02T00:00:00Z,BOBAUSD,0.2749,0.2749,0.2584,0.2684,58589.004778980016
2023-03-03T00:00:00Z,BOBAUSD,0.2611,0.2656,0.2608,0.2639,40255.60159793001
2023-03-04T00:00:00Z,BOBAUSD,0.2617,0.2617,0.255,0.2591,38468.410930870006
2023-03-05T00:00:00Z,BOBAUSD,0.2579,0.2579,0.2526,0.2535,8579.67845188
2023-03-06T00:00:00Z,BOBAUSD,0.2525,0.2576,0.2315,0.2458,18605.16934208
2023-03-07T00:00:00Z,BOBAUSD,0.2409,0.2424,0.2301,0.2355,17554.30462909
2023-03-08T00:00:00Z,BOBAUSD,0.2285,0.2285,0.221,0.221,1564.54198524
2023-03-09T00:00:00Z,BOBAUSD,0.2199,0.2285,0.2137,0.2137,51051.74008527
2023-03-10T00:00:00Z,BOBAUSD,0.2106,0.2106,0.1979,0.2095,9468.915830029999
2023-03-11T00:00:00Z,BOBAUSD,0.2137,0.214,0.2031,0.2071,8824.15571187
2023-03-12T00:00:00Z,BOBAUSD,0.2062,0.2151,0.2027,0.2151,4973.533567910001
2023-03-13T00:00:00Z,BOBAUSD,0.2197,0.2664,0.2174,0.2525,25690.821783139996
2023-03-14T00:00:00Z,BOBAUSD,0.2484,0.2666,0.2387,0.2545,106029.26418587995
2023-03-15T00:00:00Z,BOBAUSD,0.2534,0.2534,0.2335,0.2335,95361.26311557001
2023-03-16T00:00:00Z,BOBAUSD,0.2303,0.2419,0.2301,0.2407,9363.263567229997
2023-03-17T00:00:00Z,BOBAUSD,0.2436,0.2617,0.2436,0.2617,1600.46917242
2023-03-18T00:00:00Z,BOBAUSD,0.2618,0.2707,0.2525,0.2525,1497.74586322
2023-03-19T00:00:00Z,BOBAUSD,0.2525,0.269,0.2513,0.2553,3059.13012073
2023-03-20T00:00:00Z,BOBAUSD,0.2525,0.2525,0.2336,0.2461,63803.62970109001
2023-03-21T00:00:00Z,BOBAUSD,0.2408,0.2432,0.2356,0.24,3967.021317309999
2023-03-22T00:00:00Z,BOBAUSD,0.2387,0.2445,0.2284,0.2317,85422.69326536
2023-03-23T00:00:00Z,BOBAUSD,0.2338,0.2363,0.2316,0.2353,2269.34347273
2023-03-24T00:00:00Z,BOBAUSD,0.2336,0.2338,0.229,0.229,274.6123665
2023-03-25T00:00:00Z,BOBAUSD,0.229,0.229,0.2285,0.2285,887.56004016
2023-03-26T00:00:00Z,BOBAUSD,0.2291,0.2525,0.2291,0.2505,7867.034487790001
2023-03-27T00:00:00Z,BOBAUSD,0.2511,0.2587,0.2201,0.2249,25348.959570429997
2023-03-28T00:00:00Z,BOBAUSD,0.2253,0.2341,0.2253,0.2285,5530.209229889999
2023-03-29T00:00:00Z,BOBAUSD,0.2285,0.2398,0.2183,0.2352,97698.13487785996
2023-03-30T00:00:00Z,BOBAUSD,0.2403,0.2409,0.2244,0.2283,8108.693874810002
2023-03-31T00:00:00Z,BOBAUSD,0.2283,0.2293,0.2252,0.2293,47991.11940613997
2023-04-01T00:00:00Z,BOBAUSD,0.2282,0.2301,0.2282,0.2282,1095.3265999999999
2023-04-02T00:00:00Z,BOBAUSD,0.2277,0.2282,0.2248,0.2248,999.6567654699999
2023-04-03T00:00:00Z,BOBAUSD,0.2248,0.2274,0.221,0.2236,13535.216886880002
2023-04-04T00:00:00Z,BOBAUSD,0.2222,0.2265,0.222,0.2254,2772.8424783
2023-04-05T00:00:00Z,BOBAUSD,0.228,0.2303,0.228,0.2284,3747.0512799999997
2023-04-06T00:00:00Z,BOBAUSD,0.228,0.2281,0.228,0.2281,21983.391848620002
2023-04-07T00:00:00Z,BOBAUSD,0.2291,0.2298,0.2291,0.2298,879.354
2023-04-08T00:00:00Z,BOBAUSD,0.2288,0.2316,0.2271,0.2271,4726.448000000001
2023-04-09T00:00:00Z,BOBAUSD,0.2276,0.2276,0.2239,0.2268,1037.53378182
2023-04-10T00:00:00Z,BOBAUSD,0.2268,0.2268,0.2224,0.2252,7797.94292933
2023-04-11T00:00:00Z,BOBAUSD,0.2266,0.2323,0.2266,0.2313,5633.8151839600005
2023-04-12T00:00:00Z,BOBAUSD,0.2301,0.2301,0.2263,0.2275,1723.68163321
2023-04-13T00:00:00Z,BOBAUSD,0.2258,0.2415,0.22,0.2312,46337.260460879996
2023-04-14T00:00:00Z,BOBAUSD,0.2334,0.2387,0.2318,0.2318,4264.72974668
2023-04-15T00:00:00Z,BOBAUSD,0.2357,0.2423,0.2357,0.2401,4981.58154819
2023-04-16T00:00:00Z,BOBAUSD,0.2401,0.25,0.2401,0.25,9459.138869969998
2023-04-17T00:00:00Z,BOBAUSD,0.2494,0.2521,0.2393,0.2427,15067.631180210003
2023-04-18T00:00:00Z,BOBAUSD,0.2428,0.2497,0.2428,0.244,5441.24342587
2023-04-19T00:00:00Z,BOBAUSD,0.2474,0.2474,0.2282,0.2282,10944.097429860001
2023-04-20T00:00:00Z,BOBAUSD,0.2282,0.2282,0.2195,0.2195,13093.874307369999
2023-04-21T00:00:00Z,BOBAUSD,0.2183,0.2183,0.2105,0.2105,20354.9287847
2023-04-22T00:00:00Z,BOBAUSD,0.2122,0.2141,0.2122,0.2141,982.91748776
2023-04-23T00:00:00Z,BOBAUSD,0.2135,0.2137,0.2101,0.2103,15099.289108639998
2023-04-24T00:00:00Z,BOBAUSD,0.2112,0.2112,0.2054,0.2068,12580.722518990002
2023-04-25T00:00:00Z,BOBAUSD,0.2067,0.2067,0.2044,0.2054,1195.09996
2023-04-26T00:00:00Z,BOBAUSD,0.2077,0.2238,0.2077,0.2182,14234.930587030005
2023-04-27T00:00:00Z,BOBAUSD,0.2205,0.2206,0.2167,0.2182,4070.2717952999997
2023-04-28T00:00:00Z,BOBAUSD,0.2192,0.2201,0.2186,0.2198,1855.0959566400002
2023-04-29T00:00:00Z,BOBAUSD,0.2185,0.221,0.2177,0.2183,5591.24408897
2023-04-30T00:00:00Z,BOBAUSD,0.218,0.218,0.2154,0.2154,737.69955726
2023-05-01T00:00:00Z,BOBAUSD,0.2119,0.2175,0.206,0.2091,45640.6350475
2023-05-02T00:00:00Z,BOBAUSD,0.2099,0.2129,0.2078,0.208,19857.606708970005
2023-05-03T00:00:00Z,BOBAUSD,0.2079,0.2079,0.2007,0.2033,24330.233783310003
2023-05-04T00:00:00Z,BOBAUSD,0.2033,0.2046,0.1974,0.2013,4850.53485599
2023-05-05T00:00:00Z,BOBAUSD,0.2008,0.2008,0.1938,0.1938,13591.19793374
2023-05-06T00:00:00Z,BOBAUSD,0.1957,0.1984,0.1811,0.1811,39239.620373599995
2023-05-07T00:00:00Z,BOBAUSD,0.184,0.1851,0.1784,0.1842,74656.26420857
2023-05-08T00:00:00Z,BOBAUSD,0.1838,0.1838,0.166,0.166,71872.45508431998
2023-05-09T00:00:00Z,BOBAUSD,0.166,0.1735,0.163,0.1735,3381.68189656
2023-05-10T00:00:00Z,BOBAUSD,0.1723,0.1844,0.1723,0.1806,16527.56541798
2023-05-11T00:00:00Z,BOBAUSD,0.1814,0.183,0.1689,0.1706,15953.613964869997
2023-05-12T00:00:00Z,BOBAUSD,0.163,0.1716,0.161,0.1716,94460.76067748004
2023-05-13T00:00:00Z,BOBAUSD,0.1717,0.1775,0.168,0.1723,9524.62446537
2023-05-14T00:00:00Z,BOBAUSD,0.1721,0.1727,0.1692,0.1722,14130.001423659998
2023-05-15T00:00:00Z,BOBAUSD,0.1724,0.1736,0.1694,0.1711,9798.823177620001
2023-05-16T00:00:00Z,BOBAUSD,0.1722,0.1832,0.1661,0.1723,14832.847952090004
2023-05-17T00:00:00Z,BOBAUSD,0.1718,0.1742,0.1718,0.1742,17471.11397378
2023-05-18T00:00:00Z,BOBAUSD,0.1739,0.1767,0.1737,0.1766,15129.36612664
2023-05-19T00:00:00Z,BOBAUSD,0.1753,0.1801,0.1752,0.1801,8383.678661540001
2023-05-20T00:00:00Z,BOBAUSD,0.1803,0.1803,0.1751,0.176,6866.547266
2023-05-21T00:00:00Z,BOBAUSD,0.176,0.176,0.1753,0.1753,5743.14741518
2023-05-22T00:00:00Z,BOBAUSD,0.1756,0.1756,0.1694,0.1704,51008.40600824001
2023-05-23T00:00:00Z,BOBAUSD,0.1711,0.1734,0.1663,0.1723,18153.024735400002
2023-05-24T00:00:00Z,BOBAUSD,0.1731,0.1731,0.1661,0.1661,1447.908
2023-05-25T00:00:00Z,BOBAUSD,0.1686,0.1697,0.158,0.1675,21162.068413530003
2023-05-26T00:00:00Z,BOBAUSD,0.1688,0.1699,0.1688,0.1699,1309.54484297
2023-05-27T00:00:00Z,BOBAUSD,0.1682,0.1704,0.1682,0.1704,1014.13068959
2023-05-28T00:00:00Z,BOBAUSD,0.1698,0.1769,0.1662,0.1705,2068.21471446
2023-05-29T00:00:00Z,BOBAUSD,0.169,0.1697,0.1669,0.1692,4165.09648605
2023-05-30T00:00:00Z,BOBAUSD,0.169,0.17,0.1684,0.1685,4315.00388074
2023-05-31T00:00:00Z,BOBAUSD,0.1696,0.1696,0.163,0.163,2204.2626298699997
2023-06-01T00:00:00Z,BOBAUSD,0.164,0.1648,0.1533,0.1631,1959.1579352499998
2023-06-02T00:00:00Z,BOBAUSD,0.1573,0.178,0.1566,0.1749,125268.18700922998
2023-06-03T00:00:00Z,BOBAUSD,0.1742,0.1781,0.1694,0.1723,6763.301382430001
2023-06-04T00:00:00Z,BOBAUSD,0.1726,0.1726,0.1686,0.1686,8447.24196396
2023-06-05T00:00:00Z,BOBAUSD,0.1698,0.1698,0.1583,0.1631,11895.59384386
2023-06-06T00:00:00Z,BOBAUSD,0.1613,0.1643,0.1561,0.1598,4608.75121622
2023-06-07T00:00:00Z,BOBAUSD,0.159,0.159,0.1501,0.1556,18196.210300119998
2023-06-08T00:00:00Z,BOBAUSD,0.15,0.1656,0.15,0.1598,12363.438127470003
2023-06-09T00:00:00Z,BOBAUSD,0.1571,0.1643,0.1571,0.1611,1737.72294551
2023-06-10T00:00:00Z,BOBAUSD,0.1583,0.1583,0.1419,0.1432,29506.668047179995
2023-06-11T00:00:00Z,BOBAUSD,0.1435,0.1448,0.1422,0.1422,407.97874871
2023-06-12T00:00:00Z,BOBAUSD,0.1412,0.146,0.1408,0.1411,1366.1707477599998
2023-06-13T00:00:00Z,BOBAUSD,0.1421,0.1421,0.1407,0.1407,450.20351502999995
2023-06-14T00:00:00Z,BOBAUSD,0.1422,0.1422,0.1352,0.1352,3921.3390816999995
2023-06-15T00:00:00Z,BOBAUSD,0.1336,0.1337,0.1273,0.1313,4445.6814173600005
2023-06-16T00:00:00Z,BOBAUSD,0.1344,0.1344,0.1344,0.1344,25.0
2023-06-17T00:00:00Z,BOBAUSD,0.1364,0.1422,0.1364,0.1401,7295.941520390001
2023-06-18T00:00:00Z,BOBAUSD,0.1384,0.1399,0.1368,0.1383,8825.175980600003
2023-06-19T00:00:00Z,BOBAUSD,0.1368,0.1374,0.1289,0.1338,48673.30071716
2023-06-20T00:00:00Z,BOBAUSD,0.1358,0.1392,0.1347,0.1381,2203.4791916
2023-06-21T00:00:00Z,BOBAUSD,0.1409,0.1449,0.1383,0.1413,2018.7343218899998
2023-06-22T00:00:00Z,BOBAUSD,0.1421,0.1451,0.1421,0.1445,2214.96929048
2023-06-23T00:00:00Z,BOBAUSD,0.1454,0.1512,0.1407,0.1493,3806.04936252
2023-06-24T00:00:00Z,BOBAUSD,0.1486,0.1502,0.1369,0.1405,2993.3283662199997
2023-06-25T00:00:00Z,BOBAUSD,0.1411,0.1443,0.1402,0.1443,1980.64312498
2023-06-26T00:00:00Z,BOBAUSD,0.1394,0.1406,0.1384,0.1384,285.04902083
2023-06-27T00:00:00Z,BOBAUSD,0.1385,0.1391,0.1374,0.1378,4245.25633855
2023-06-28T00:00:00Z,BOBAUSD,0.1371,0.1371,0.1216,0.1266,33938.21198771999
2023-06-29T00:00:00Z,BOBAUSD,0.127,0.1328,0.127,0.1314,3731.5497091499997
2023-06-30T00:00:00Z,BOBAUSD,0.1356,0.1372,0.1316,0.1329,2600.56641847
2023-07-01T00:00:00Z,BOBAUSD,0.1336,0.14,0.1316,0.1316,88149.20543445
2023-07-02T00:00:00Z,BOBAUSD,0.1385,0.1388,0.1322,0.1354,10417.252062739999
2023-07-03T00:00:00Z,BOBAUSD,0.1349,0.1384,0.1332,0.1359,30978.448454059995
2023-07-04T00:00:00Z,BOBAUSD,0.1356,0.1411,0.135,0.136,6842.8939683
2023-07-05T00:00:00Z,BOBAUSD,0.1372,0.1372,0.135,0.1359,2198.22230218
2023-07-06T00:00:00Z,BOBAUSD,0.1321,0.1337,0.131,0.1337,18084.956507740004
2023-07-07T00:00:00Z,BOBAUSD,0.1356,0.1357,0.1316,0.1335,2423.9312362699998
2023-07-08T00:00:00Z,BOBAUSD,0.1354,0.1354,0.1311,0.1321,3421.8551428499995
2023-07-09T00:00:00Z,BOBAUSD,0.1323,0.1367,0.1312,0.1348,1053.88106215
2023-07-10T00:00:00Z,BOBAUSD,0.135,0.1402,0.132,0.1343,5728.9817898599995
2023-07-11T00:00:00Z,BOBAUSD,0.1371,0.1431,0.1319,0.1355,11721.486507630001
2023-07-12T00:00:00Z,BOBAUSD,0.1323,0.1364,0.1321,0.1355,5597.69442067
2023-07-13T00:00:00Z,BOBAUSD,0.138,0.1448,0.1329,0.14,78929.94944523997
2023-07-14T00:00:00Z,BOBAUSD,0.1387,0.1435,0.1379,0.1403,17191.987946470006
2023-07-15T00:00:00Z,BOBAUSD,0.1369,0.1405,0.1359,0.1359,1864.5795037700002
2023-07-16T00:00:00Z,BOBAUSD,0.1387,0.1427,0.1337,0.1337,1495.87510175
2023-07-17T00:00:00Z,BOBAUSD,0.1362,0.1362,0.1305,0.1349,12934.16262869
2023-07-18T00:00:00Z,BOBAUSD,0.1332,0.1358,0.1332,0.1358,2048.69515635
2023-07-19T00:00:00Z,BOBAUSD,0.1315,0.1345,0.1312,0.1345,5908.470322169999
2023-07-20T00:00:00Z,BOBAUSD,0.1329,0.2308,0.1247,0.1331,851423.8446657893
2023-07-21T00:00:00Z,BOBAUSD,0.1319,0.1332,0.13,0.1307,3608.57826702
2023-07-22T00:00:00Z,BOBAUSD,0.1339,0.1387,0.1328,0.1333,97784.36175723001
2023-07-23T00:00:00Z,BOBAUSD,0.1342,0.1368,0.1342,0.1368,5937.03581871
2023-07-24T00:00:00Z,BOBAUSD,0.1382,0.139,0.1328,0.1328,7799.284533419999
2023-07-25T00:00:00Z,BOBAUSD,0.136,0.1389,0.1346,0.1362,7695.54948589
2023-07-26T00:00:00Z,BOBAUSD,0.1368,0.1383,0.1348,0.1372,898.9534054499999
2023-07-27T00:00:00Z,BOBAUSD,0.1391,0.1392,0.1355,0.1374,7898.159081879999
2023-07-28T00:00:00Z,BOBAUSD,0.1376,0.1396,0.1355,0.1363,3675.3342646199994
2023-07-29T00:00:00Z,BOBAUSD,0.1382,0.1387,0.135,0.135,1160.42432685
2023-07-30T00:00:00Z,BOBAUSD,0.1387,0.1393,0.134,0.138,20658.02628698
2023-07-31T00:00:00Z,BOBAUSD,0.1383,0.139,0.1276,0.139,8512.83264791
2023-08-01T00:00:00Z,BOBAUSD,0.1383,0.142,0.137,0.1419,1520.3389726000003
2023-08-02T00:00:00Z,BOBAUSD,0.1409,0.1409,0.1283,0.1407,176.674
2023-08-03T00:00:00Z,BOBAUSD,0.135,0.1386,0.1313,0.1342,11720.046507119998
2023-08-04T00:00:00Z,BOBAUSD,0.135,0.1355,0.1337,0.1353,15733.763485660002
2023-08-05T00:00:00Z,BOBAUSD,0.1346,0.1386,0.1346,0.1386,181.05603065999998
2023-08-06T00:00:00Z,BOBAUSD,0.1354,0.138,0.1343,0.1343,20015.602861490002
2023-08-07T00:00:00Z,BOBAUSD,0.1343,0.1355,0.1316,0.1318,4640.52313339
2023-08-08T00:00:00Z,BOBAUSD,0.1319,0.1337,0.1276,0.1337,10197.556827699998
2023-08-09T00:00:00Z,BOBAUSD,0.1338,0.1338,0.1338,0.1338,27.40284005
2023-08-10T00:00:00Z,BOBAUSD,0.1326,0.1336,0.1307,0.1307,3115.2837831700003
2023-08-11T00:00:00Z,BOBAUSD,0.1331,0.1331,0.1331,0.1331,111.85681671
2023-08-12T00:00:00Z,BOBAUSD,0.132,0.1342,0.132,0.1342,9938.27589346
2023-08-13T00:00:00Z,BOBAUSD,0.1325,0.134,0.1292,0.1312,5658.90222149
2023-08-14T00:00:00Z,BOBAUSD,0.1357,0.1363,0.1343,0.1343,1703.4908732
2023-08-15T00:00:00Z,BOBAUSD,0.1307,0.1339,0.1307,0.1323,2736.7130648400002
2023-08-16T00:00:00Z,BOBAUSD,0.1334,0.1334,0.1291,0.1291,20711.847355699996
2023-08-17T00:00:00Z,BOBAUSD,0.1289,0.1304,0.1222,0.1245,68427.5039912
2023-08-18T00:00:00Z,BOBAUSD,0.1222,0.1258,0.1221,0.1228,8251.559288010001
2023-08-19T00:00:00Z,BOBAUSD,0.1251,0.1277,0.1248,0.1261,4514.0449707200005
2023-08-20T00:00:00Z,BOBAUSD,0.1247,0.1261,0.122,0.1235,6095.486270470002
2023-08-21T00:00:00Z,BOBAUSD,0.121,0.1221,0.1191,0.1221,2823.2822718899997
2023-08-23T00:00:00Z,BOBAUSD,0.1218,0.1221,0.121,0.121,793.67930379
2023-08-24T00:00:00Z,BOBAUSD,0.1216,0.1216,0.1216,0.1216,202.554
2023-08-25T00:00:00Z,BOBAUSD,0.1216,0.1227,0.1198,0.1211,8119.39242636
2023-08-26T00:00:00Z,BOBAUSD,0.1226,0.1229,0.1196,0.1196,2015.292
2023-08-27T00:00:00Z,BOBAUSD,0.1203,0.1205,0.1203,0.1205,1080.56408021
2023-08-28T00:00:00Z,BOBAUSD,0.1205,0.1213,0.1205,0.1213,374.5803163
2023-08-29T00:00:00Z,BOBAUSD,0.1216,0.1238,0.1187,0.122,6000.93412983
2023-08-30T00:00:00Z,BOBAUSD,0.123,0.1235,0.1222,0.1222,391.971
2023-08-31T00:00:00Z,BOBAUSD,0.1212,0.1269,0.1212,0.1213,8966.81131208
2023-09-01T00:00:00Z,BOBAUSD,0.1224,0.1261,0.1224,0.1224,35286.15686032
2023-09-02T00:00:00Z,BOBAUSD,0.1196,0.12,0.1182,0.1182,2927.17857257
2023-09-03T00:00:00Z,BOBAUSD,0.1183,0.1183,0.1183,0.1183,22.308
2023-09-04T00:00:00Z,BOBAUSD,0.1197,0.1225,0.1181,0.1225,1326.7570896500001
2023-09-05T00:00:00Z,BOBAUSD,0.1222,0.1222,0.1222,0.1222,16.125
2023-09-06T00:00:00Z,BOBAUSD,0.1182,0.1201,0.1148,0.1148,6313.51968033
2023-09-07T00:00:00Z,BOBAUSD,0.1214,0.1228,0.1183,0.1186,4329.50209432
2023-09-08T00:00:00Z,BOBAUSD,0.1227,0.1232,0.1227,0.1232,973.4540000000001
2023-09-09T00:00:00Z,BOBAUSD,0.1218,0.1218,0.1218,0.1218,246.30541871
2023-09-11T00:00:00Z,BOBAUSD,0.1188,0.1211,0.1162,0.1162,7386.028130000001
2023-09-12T00:00:00Z,BOBAUSD,0.1193,0.1194,0.117,0.1178,717.12611476
2023-09-13T00:00:00Z,BOBAUSD,0.1188,0.1188,0.1169,0.1169,281.58843074000004
2023-09-14T00:00:00Z,BOBAUSD,0.1174,0.1174,0.1159,0.1169,1019.0902121900001
2023-09-15T00:00:00Z,BOBAUSD,0.117,0.1173,0.117,0.1173,117.774
2023-09-16T00:00:00Z,BOBAUSD,0.1164,0.1171,0.11,0.1142,63916.61698692
2023-09-17T00:00:00Z,BOBAUSD,0.1143,0.115,0.1131,0.1146,10586.15557085
2023-09-18T00:00:00Z,BOBAUSD,0.1138,0.1166,0.1138,0.1165,1226.6727879000002
2023-09-19T00:00:00Z,BOBAUSD,0.1138,0.1161,0.1123,0.1131,882.21646503
2023-09-20T00:00:00Z,BOBAUSD,0.113,0.1142,0.1125,0.1142,394.42083713
2023-09-21T00:00:00Z,BOBAUSD,0.1153,0.1178,0.11,0.1121,38764.889700980006
2023-09-22T00:00:00Z,BOBAUSD,0.1103,0.1121,0.1099,0.1119,1095.43750491
2023-09-23T00:00:00Z,BOBAUSD,0.1111,0.1111,0.1086,0.1086,22526.46828416
2023-09-24T00:00:00Z,BOBAUSD,0.1068,0.1093,0.1063,0.1072,4750.977300619999
2023-09-25T00:00:00Z,BOBAUSD,0.1091,0.1126,0.1076,0.1109,4063.2349724500004
2023-09-26T00:00:00Z,BOBAUSD,0.1094,0.1094,0.1065,0.1065,1543.39071871
2023-09-27T00:00:00Z,BOBAUSD,0.1103,0.1104,0.1103,0.1104,446.33
2023-09-28T00:00:00Z,BOBAUSD,0.1067,0.1067,0.1067,0.1067,180.609
2023-09-29T00:00:00Z,BOBAUSD,0.1106,0.1125,0.1084,0.1084,880.1921398300001
2023-09-30T00:00:00Z,BOBAUSD,0.1114,0.1114,0.1114,0.1114,62.44254937
2023-10-01T00:00:00Z,BOBAUSD,0.1118,0.1147,0.1118,0.1147,2800.2341741699993
2023-10-02T00:00:00Z,BOBAUSD,0.1131,0.1145,0.1118,0.1145,934.60969374
2023-10-03T00:00:00Z,BOBAUSD,0.1142,0.1171,0.1124,0.1124,5174.521945890001
2023-10-04T00:00:00Z,BOBAUSD,0.109,0.1114,0.1089,0.109,575.81046199
2023-10-05T00:00:00Z,BOBAUSD,0.1103,0.1197,0.1102,0.1102,3122.3172363800004
2023-10-06T00:00:00Z,BOBAUSD,0.1113,0.114,0.1097,0.112,2539.2241459299994
2023-10-07T00:00:00Z,BOBAUSD,0.1117,0.1123,0.1117,0.1123,1760.175
2023-10-08T00:00:00Z,BOBAUSD,0.1112,0.1124,0.1108,0.1108,912.2259603900001
2023-10-09T00:00:00Z,BOBAUSD,0.112,0.112,0.1057,0.1075,5224.937533439999
2023-10-10T00:00:00Z,BOBAUSD,0.1089,0.1095,0.1086,0.1086,904.69621339
2023-10-11T00:00:00Z,BOBAUSD,0.112,0.112,0.1056,0.1069,217.76100000000002
2023-10-12T00:00:00Z,BOBAUSD,0.1053,0.1065,0.1048,0.1058,2146.9240753599997
2023-10-13T00:00:00Z,BOBAUSD,0.1034,0.1045,0.1034,0.1044,519.9517435
2023-10-14T00:00:00Z,BOBAUSD,0.1032,0.1084,0.1026,0.1084,9293.63
2023-10-15T00:00:00Z,BOBAUSD,0.1039,0.1111,0.102,0.1045,1298.28411085
2023-10-16T00:00:00Z,BOBAUSD,0.105,0.1068,0.105,0.1058,3714.4065804800002
2023-10-17T00:00:00Z,BOBAUSD,0.1052,0.1071,0.1044,0.1066,3268.49891175
2023-10-18T00:00:00Z,BOBAUSD,0.1054,0.1067,0.1045,0.1045,1247.0980000000002
2023-10-19T00:00:00Z,BOBAUSD,0.107,0.107,0.1062,0.1062,332.352
2023-10-20T00:00:00Z,BOBAUSD,0.106,0.106,0.106,0.106,706.34572475
2023-10-21T00:00:00Z,BOBAUSD,0.1049,0.1062,0.104,0.1062,2849.6041031900004
2023-10-22T00:00:00Z,BOBAUSD,0.1056,0.1057,0.1056,0.1057,625.25405086
2023-10-23T00:00:00Z,BOBAUSD,0.1064,0.1064,0.1057,0.1058,1501.18033557
2023-10-24T00:00:00Z,BOBAUSD,0.1065,0.1151,0.1061,0.1104,30444.12121522001
2023-10-25T00:00:00Z,BOBAUSD,0.1084,0.1152,0.107,0.1152,21335.80698195
2023-10-26T00:00:00Z,BOBAUSD,0.1193,0.1205,0.1126,0.1188,23909.84601751
2023-10-27T00:00:00Z,BOBAUSD,0.1166,0.1182,0.1139,0.1181,11922.365006390004
2023-10-28T00:00:00Z,BOBAUSD,0.1189,0.119,0.1175,0.1185,2993.65749523
2023-10-29T00:00:00Z,BOBAUSD,0.12,0.123,0.1184,0.1222,6482.290473810001
2023-10-30T00:00:00Z,BOBAUSD,0.1224,0.1232,0.1185,0.1216,6279.200100260002
2023-10-31T00:00:00Z,BOBAUSD,0.1216,0.1232,0.1195,0.1232,13312.35942018
2023-11-01T00:00:00Z,BOBAUSD,0.1232,0.1232,0.12,0.1225,10835.923068470001
2023-11-02T00:00:00Z,BOBAUSD,0.1229,0.1273,0.1229,0.1252,17383.82634624
2023-11-03T00:00:00Z,BOBAUSD,0.1246,0.125,0.1232,0.1234,2250.0335800999997
2023-11-04T00:00:00Z,BOBAUSD,0.1255,0.1258,0.1247,0.125,673.98234323
2023-11-05T00:00:00Z,BOBAUSD,0.1272,0.1339,0.127,0.1289,24057.825572140006
2023-11-06T00:00:00Z,BOBAUSD,0.1283,0.1328,0.1256,0.1269,6180.64907662
2023-11-07T00:00:00Z,BOBAUSD,0.1292,0.1494,0.125,0.1357,48350.15062631999
2023-11-08T00:00:00Z,BOBAUSD,0.1338,0.1358,0.1202,0.135,37385.903895749994
2023-11-09T00:00:00Z,BOBAUSD,0.1368,0.1444,0.1363,0.1382,18684.711214339997
2023-11-10T00:00:00Z,BOBAUSD,0.139,0.1583,0.1281,0.1388,67235.01881605
2023-11-11T00:00:00Z,BOBAUSD,0.1429,0.1465,0.1388,0.1411,47175.99886672001
2023-11-12T00:00:00Z,BOBAUSD,0.141,0.1417,0.1388,0.1394,25879.70063388001
2023-11-13T00:00:00Z,BOBAUSD,0.1418,0.1449,0.1389,0.1389,13277.17107415
2023-11-14T00:00:00Z,BOBAUSD,0.1389,0.1581,0.1384,0.1459,112130.23222676005
2023-11-15T00:00:00Z,BOBAUSD,0.1453,0.1479,0.1395,0.1451,30401.646872440007
2023-11-16T00:00:00Z,BOBAUSD,0.147,0.1486,0.1332,0.1429,83531.89804901999
2023-11-17T00:00:00Z,BOBAUSD,0.1399,0.1466,0.1375,0.14,14454.21358915
2023-11-18T00:00:00Z,BOBAUSD,0.1402,0.1521,0.1383,0.1426,20308.557629449995
2023-11-19T00:00:00Z,BOBAUSD,0.1453,0.1453,0.1422,0.1446,2130.46210705
2023-11-20T00:00:00Z,BOBAUSD,0.1454,0.148,0.1431,0.148,6646.177863860001
2023-11-21T00:00:00Z,BOBAUSD,0.1431,0.1476,0.1421,0.1425,25392.341611420015
2023-11-22T00:00:00Z,BOBAUSD,0.1426,0.1517,0.1426,0.1499,8822.730204400003
2023-11-23T00:00:00Z,BOBAUSD,0.1511,0.1568,0.1463,0.1549,10805.41673024
2023-11-24T00:00:00Z,BOBAUSD,0.15,0.1543,0.146,0.1497,27591.479817810006
2023-11-25T00:00:00Z,BOBAUSD,0.1543,0.1545,0.1483,0.1497,6707.3281423200015
2023-11-26T00:00:00Z,BOBAUSD,0.149,0.1565,0.1485,0.155,15919.852139959998
2023-11-27T00:00:00Z,BOBAUSD,0.1558,0.1609,0.144,0.1506,29674.245690200016
2023-11-28T00:00:00Z,BOBAUSD,0.1538,0.1554,0.1481,0.1549,17992.55969587
2023-11-29T00:00:00Z,BOBAUSD,0.1502,0.1539,0.1481,0.1507,6918.718969609999
2023-11-30T00:00:00Z,BOBAUSD,0.1479,0.1499,0.1471,0.1485,1654.2812809499997
2023-12-01T00:00:00Z,BOBAUSD,0.1494,0.1517,0.1435,0.1494,46891.750104369974
2023-12-02T00:00:00Z,BOBAUSD,0.1504,0.1552,0.1494,0.1552,12160.574374409996
2023-12-03T00:00:00Z,BOBAUSD,0.1552,0.1621,0.1508,0.1553,22997.90888682
2023-12-04T00:00:00Z,BOBAUSD,0.1557,0.1707,0.1522,0.161,41553.42183859999
2023-12-05T00:00:00Z,BOBAUSD,0.161,0.2154,0.161,0.1842,171000.7751012301
2023-12-06T00:00:00Z,BOBAUSD,0.1849,0.1875,0.1666,0.177,37394.35958392
2023-12-07T00:00:00Z,BOBAUSD,0.1727,0.1787,0.1659,0.1726,12816.591354829998
2023-12-08T00:00:00Z,BOBAUSD,0.1719,0.175,0.1584,0.1723,38457.289989760015
2023-12-09T00:00:00Z,BOBAUSD,0.1744,0.1859,0.1713,0.1814,11926.9561377
2023-12-10T00:00:00Z,BOBAUSD,0.1849,0.192,0.1703,0.1802,17004.702705670003
2023-12-11T00:00:00Z,BOBAUSD,0.1765,0.1865,0.1649,0.1783,29146.768039189996
2023-12-12T00:00:00Z,BOBAUSD,0.1735,0.1909,0.1656,0.1694,29316.782753670002
2023-12-13T00:00:00Z,BOBAUSD,0.1693,0.1728,0.163,0.1728,12374.041148740002
2023-12-14T00:00:00Z,BOBAUSD,0.1738,0.1882,0.169,0.174,7755.42548887
2023-12-15T00:00:00Z,BOBAUSD,0.1777,0.18,0.1748,0.1748,10334.478592919999
2023-12-16T00:00:00Z,BOBAUSD,0.1748,0.1789,0.1742,0.1789,6335.221486370001
2023-12-17T00:00:00Z,BOBAUSD,0.1719,0.1744,0.17,0.171,8866.757665559999
2023-12-18T00:00:00Z,BOBAUSD,0.1679,0.1679,0.1628,0.1676,7648.275935170001
2023-12-19T00:00:00Z,BOBAUSD,0.168,0.1696,0.1627,0.1632,7091.9923285700015
2023-12-20T00:00:00Z,BOBAUSD,0.1647,0.1722,0.1647,0.1653,13068.0072814
2023-12-21T00:00:00Z,BOBAUSD,0.1676,0.1676,0.1651,0.167,8579.58549894
2023-12-22T00:00:00Z,BOBAUSD,0.1659,0.1792,0.1659,0.1792,18575.21698223
2023-12-23T00:00:00Z,BOBAUSD,0.1813,0.53,0.1813,0.4033,1829403.954428045
2023-12-24T00:00:00Z,BOBAUSD,0.4153,0.4156,0.2765,0.2925,889221.7764997692
2023-12-25T00:00:00Z,BOBAUSD,0.2958,0.3351,0.2689,0.2759,197551.79144276964
2023-12-26T00:00:00Z,BOBAUSD,0.2739,0.2784,0.2336,0.2407,216402.0832680799
2023-12-27T00:00:00Z,BOBAUSD,0.2401,0.348,0.2401,0.3042,593471.1812788094
2023-12-28T00:00:00Z,BOBAUSD,0.3059,0.3171,0.2706,0.2731,157697.47133224976
2023-12-29T00:00:00Z,BOBAUSD,0.2741,0.2746,0.2475,0.2537,200984.72223746026
2023-12-30T00:00:00Z,BOBAUSD,0.253,0.3115,0.2442,0.2932,113553.24219190989
2023-12-31T00:00:00Z,BOBAUSD,0.3006,0.3006,0.2516,0.2608,165127.93707892002
2024-01-01T00:00:00Z,BOBAUSD,0.2605,0.2862,0.252,0.2862,68368.4307934
2024-01-02T00:00:00Z,BOBAUSD,0.2847,0.3246,0.2731,0.2852,174143.42414045992
2024-01-03T00:00:00Z,BOBAUSD,0.2842,0.3002,0.2499,0.2612,75035.86267833
2024-01-04T00:00:00Z,BOBAUSD,0.2549,0.2813,0.2516,0.2725,107735.38925456995
2024-01-05T00:00:00Z,BOBAUSD,0.2735,0.2756,0.2456,0.252,22148.20807885
2024-01-06T00:00:00Z,BOBAUSD,0.2547,0.2547,0.237,0.237,24476.122473470004
2024-01-07T00:00:00Z,BOBAUSD,0.2359,0.2425,0.2158,0.2163,65128.262579419985
2024-01-08T00:00:00Z,BOBAUSD,0.2196,0.2407,0.2079,0.2399,34896.09924029998
2024-01-09T00:00:00Z,BOBAUSD,0.2363,0.2479,0.2153,0.2235,36097.82276966998
2024-01-10T00:00:00Z,BOBAUSD,0.2327,0.2665,0.2276,0.2608,63897.41248374002
2024-01-11T00:00:00Z,BOBAUSD,0.2596,0.3037,0.2513,0.2782,157382.21698913007
2024-01-12T00:00:00Z,BOBAUSD,0.2802,0.2802,0.2349,0.2533,79277.37399207997
2024-01-13T00:00:00Z,BOBAUSD,0.25,0.2782,0.2456,0.2685,28448.719665440003
2024-01-14T00:00:00Z,BOBAUSD,0.2681,0.286,0.2597,0.2599,31467.106174860008
2024-01-15T00:00:00Z,BOBAUSD,0.2622,0.2817,0.2578,0.2761,8716.033888729997
2024-01-16T00:00:00Z,BOBAUSD,0.2752,0.3012,0.2734,0.2807,57171.57666888999
2024-01-17T00:00:00Z,BOBAUSD,0.2786,0.2849,0.2642,0.2642,15042.848145709999
2024-01-18T00:00:00Z,BOBAUSD,0.2663,0.2672,0.2456,0.2477,26997.89177747
2024-01-19T00:00:00Z,BOBAUSD,0.2469,0.2495,0.2354,0.2457,47238.538583249996
2024-01-20T00:00:00Z,BOBAUSD,0.248,0.2578,0.2458,0.2458,1660.41375187
2024-01-21T00:00:00Z,BOBAUSD,0.242,0.2521,0.2176,0.2429,26441.94334473
2024-01-22T00:00:00Z,BOBAUSD,0.2436,0.2436,0.2263,0.2301,17236.67741847
2024-01-23T00:00:00Z,BOBAUSD,0.2269,0.2321,0.2111,0.2187,13029.299219739998
2024-01-24T00:00:00Z,BOBAUSD,0.2208,0.2251,0.2185,0.2214,1998.29501243
2024-01-25T00:00:00Z,BOBAUSD,0.2222,0.2269,0.2202,0.2231,3878.31070178
2024-01-26T00:00:00Z,BOBAUSD,0.2229,0.2373,0.2202,0.2355,25198.270616989998
2024-01-27T00:00:00Z,BOBAUSD,0.234,0.2376,0.2319,0.2375,7356.70358717
2024-01-28T00:00:00Z,BOBAUSD,0.2371,0.2377,0.2277,0.2277,4087.12341991
2024-01-29T00:00:00Z,BOBAUSD,0.2291,0.232,0.225,0.2293,10799.285869050002
2024-01-30T00:00:00Z,BOBAUSD,0.2293,0.267,0.2293,0.2446,52541.589074519994
2024-01-31T00:00:00Z,BOBAUSD,0.246,0.246,0.2326,0.233,26185.795208469994
2024-02-01T00:00:00Z,BOBAUSD,0.2318,0.2318,0.2268,0.23,8712.45469838
2024-02-02T00:00:00Z,BOBAUSD,0.228,0.2317,0.2222,0.2295,19237.523492189997
2024-02-03T00:00:00Z,BOBAUSD,0.2316,0.2357,0.2232,0.229,6270.369819660001
2024-02-04T00:00:00Z,BOBAUSD,0.2279,0.2299,0.2223,0.2242,2853.2494686900004
2024-02-05T00:00:00Z,BOBAUSD,0.2221,0.223,0.2164,0.2183,7461.351704689999
2024-02-06T00:00:00Z,BOBAUSD,0.2159,0.2337,0.2156,0.2331,20517.44383026
2024-02-07T00:00:00Z,BOBAUSD,0.2296,0.2351,0.2258,0.2347,3862.04446991
2024-02-08T00:00:00Z,BOBAUSD,0.2373,0.3099,0.2334,0.2461,155751.9108743
2024-02-09T00:00:00Z,BOBAUSD,0.2467,0.2669,0.2427,0.2501,14375.058112889994
2024-02-10T00:00:00Z,BOBAUSD,0.2507,0.2547,0.249,0.2545,10033.856241129999
2024-02-11T00:00:00Z,BOBAUSD,0.2535,0.2613,0.2496,0.2562,13009.514179569998
2024-02-12T00:00:00Z,BOBAUSD,0.2585,0.2678,0.2539,0.2678,20414.94060388
2024-02-13T00:00:00Z,BOBAUSD,0.2656,0.2659,0.2513,0.2543,18925.92962659
2024-02-14T00:00:00Z,BOBAUSD,0.2541,0.2623,0.2514,0.2604,21578.72451786001
2024-02-15T00:00:00Z,BOBAUSD,0.2599,0.269,0.2529,0.2579,33527.61451041002
2024-02-16T00:00:00Z,BOBAUSD,0.2589,0.2645,0.2546,0.2591,7388.311934000001
2024-02-17T00:00:00Z,BOBAUSD,0.2591,0.2596,0.2502,0.2535,27234.82117969
2024-02-18T00:00:00Z,BOBAUSD,0.2524,0.2567,0.2467,0.2512,24873.862454450005
2024-02-19T00:00:00Z,BOBAUSD,0.2558,0.2741,0.2558,0.2624,33058.12958968
2024-02-20T00:00:00Z,BOBAUSD,0.2624,0.2663,0.2299,0.2574,78694.52970588002
2024-02-21T00:00:00Z,BOBAUSD,0.2574,0.2619,0.2423,0.2517,30298.29775223001
2024-02-22T00:00:00Z,BOBAUSD,0.2517,0.2655,0.2503,0.2546,7508.788295370001
2024-02-23T00:00:00Z,BOBAUSD,0.2546,0.2551,0.2407,0.2432,16986.668607720003
2024-02-24T00:00:00Z,BOBAUSD,0.2424,0.2493,0.238,0.2476,14664.214723139996
2024-02-25T00:00:00Z,BOBAUSD,0.245,0.2737,0.2445,0.2718,41232.31262249998
2024-02-26T00:00:00Z,BOBAUSD,0.2726,0.2778,0.2534,0.2706,14052.42356253
2024-02-27T00:00:00Z,BOBAUSD,0.2722,0.3073,0.2583,0.2859,58786.39521353
2024-02-28T00:00:00Z,BOBAUSD,0.2852,0.298,0.268,0.2811,42708.06151788001
2024-02-29T00:00:00Z,BOBAUSD,0.2828,0.2962,0.2774,0.2774,24701.74477591
2024-03-01T00:00:00Z,BOBAUSD,0.2806,0.3161,0.2804,0.303,27914.30677355
2024-03-02T00:00:00Z,BOBAUSD,0.3024,0.3823,0.299,0.3589,166474.73479269017
2024-03-03T00:00:00Z,BOBAUSD,0.3623,0.4058,0.3317,0.3846,142678.2947632502
2024-03-04T00:00:00Z,BOBAUSD,0.3846,0.3999,0.3491,0.3754,132940.42528981002
2024-03-05T00:00:00Z,BOBAUSD,0.3725,0.4411,0.3596,0.3791,174147.48867464007
2024-03-06T00:00:00Z,BOBAUSD,0.3811,0.4424,0.3704,0.4278,143792.97232442006
2024-03-07T00:00:00Z,BOBAUSD,0.4296,0.5437,0.415,0.4952,264301.9673951702
2024-03-08T00:00:00Z,BOBAUSD,0.4966,0.6245,0.4817,0.5756,384441.3895401399
2024-03-09T00:00:00Z,BOBAUSD,0.5729,0.6761,0.549,0.5818,211552.43898929007
2024-03-10T00:00:00Z,BOBAUSD,0.5792,0.6269,0.5376,0.5531,120083.04236915
2024-03-11T00:00:00Z,BOBAUSD,0.5576,0.6077,0.5364,0.597,56280.688501079996
2024-03-12T00:00:00Z,BOBAUSD,0.5977,0.8941,0.5971,0.8038,377149.3576482196
2024-03-13T00:00:00Z,BOBAUSD,0.8124,0.8585,0.6999,0.797,284294.80330165016
2024-03-14T00:00:00Z,BOBAUSD,0.7939,1.42,0.7925,1.2276,1308040.8823698875
2024-03-15T00:00:00Z,BOBAUSD,1.2286,1.2331,0.8797,0.974,770001.5479229304
2024-03-16T00:00:00Z,BOBAUSD,0.9784,0.9983,0.8014,0.8413,257856.98376439026
2024-03-17T00:00:00Z,BOBAUSD,0.8508,1.1524,0.8446,1.1055,1128896.2240890695
2024-03-18T00:00:00Z,BOBAUSD,1.1212,1.1532,0.8398,0.8571,503048.46728573955
2024-03-19T00:00:00Z,BOBAUSD,0.8591,0.8838,0.6175,0.6321,575171.6474518101
2024-03-20T00:00:00Z,BOBAUSD,0.6445,0.68,0.5339,0.6147,839393.6079172291
2024-03-21T00:00:00Z,BOBAUSD,0.6086,0.614,0.5008,0.5291,646745.2654372202
2024-03-22T00:00:00Z,BOBAUSD,0.5275,0.6594,0.5069,0.5387,596423.1285795902
2024-03-23T00:00:00Z,BOBAUSD,0.5446,0.5519,0.5127,0.5254,203500.65498716006
2024-03-24T00:00:00Z,BOBAUSD,0.5231,0.7458,0.5209,0.676,1346402.004813518
2024-03-25T00:00:00Z,BOBAUSD,0.6763,0.68,0.6109,0.6366,571332.8636976604
2024-03-26T00:00:00Z,BOBAUSD,0.6379,0.6744,0.6064,0.6148,254115.6249738003
2024-03-27T00:00:00Z,BOBAUSD,0.6141,0.6203,0.53,0.573,285345.9843344501
2024-03-28T00:00:00Z,BOBAUSD,0.5755,0.6207,0.5568,0.5903,147163.38548673
2024-03-29T00:00:00Z,BOBAUSD,0.586,0.5899,0.5532,0.5664,99026.38044310002
2024-03-30T00:00:00Z,BOBAUSD,0.565,0.6375,0.5609,0.576,377441.05629420985
2024-03-31T00:00:00Z,BOBAUSD,0.5762,0.62,0.5744,0.6069,149950.58951474994
2024-04-01T00:00:00Z,BOBAUSD,0.606,0.606,0.5378,0.5435,198500.92807452008
2024-04-02T00:00:00Z,BOBAUSD,0.5416,0.5469,0.5052,0.5183,96886.00833954
2024-04-03T00:00:00Z,BOBAUSD,0.5211,0.5373,0.4968,0.5122,91884.75513304993
2024-04-04T00:00:00Z,BOBAUSD,0.5087,0.5356,0.4899,0.504,107500.25024210998
2024-04-05T00:00:00Z,BOBAUSD,0.502,0.5053,0.4645,0.4754,137720.08558965
2024-04-06T00:00:00Z,BOBAUSD,0.4733,0.5002,0.4718,0.5002,53036.61893483
2024-04-07T00:00:00Z,BOBAUSD,0.498,0.5112,0.4876,0.5025,51609.59112538
2024-04-08T00:00:00Z,BOBAUSD,0.4999,0.588,0.4854,0.5536,309581.2901336103
2024-04-09T00:00:00Z,BOBAUSD,0.554,0.5558,0.5046,0.5056,331155.9751231098
2024-04-10T00:00:00Z,BOBAUSD,0.5053,0.5275,0.4835,0.527,109115.30270274995
2024-04-11T00:00:00Z,BOBAUSD,0.5246,0.533,0.4951,0.5019,77468.40985501002
2024-04-12T00:00:00Z,BOBAUSD,0.5055,0.511,0.4173,0.4285,148381.56505647994
2024-04-13T00:00:00Z,BOBAUSD,0.4257,0.4424,0.3568,0.394,241695.2821581496
2024-04-14T00:00:00Z,BOBAUSD,0.3916,0.4056,0.3776,0.4054,55088.985326669965
2024-04-15T00:00:00Z,BOBAUSD,0.4048,0.4369,0.3837,0.3862,62716.7213981
2024-04-16T00:00:00Z,BOBAUSD,0.3935,0.4041,0.3801,0.398,16992.003975779997
2024-04-17T00:00:00Z,BOBAUSD,0.3972,0.4051,0.3719,0.384,45832.88695813999
2024-04-18T00:00:00Z,BOBAUSD,0.3773,0.4328,0.3754,0.4289,67390.7871719
2024-04-19T00:00:00Z,BOBAUSD,0.4262,0.4262,0.3919,0.4015,47016.728628930025
2024-04-20T00:00:00Z,BOBAUSD,0.4019,0.4282,0.4,0.4229,26996.630602819998
2024-04-21T00:00:00Z,BOBAUSD,0.4205,0.4418,0.4198,0.4215,15421.642398049997
2024-04-22T00:00:00Z,BOBAUSD,0.4221,0.4477,0.4198,0.4355,94268.09913287997
2024-04-23T00:00:00Z,BOBAUSD,0.4351,0.4403,0.424,0.4242,124906.50243891001
2024-04-24T00:00:00Z,BOBAUSD,0.4265,0.4265,0.39,0.39,25450.099358180007
2024-04-25T00:00:00Z,BOBAUSD,0.392,0.4078,0.3849,0.406,37572.67030598
2024-04-26T00:00:00Z,BOBAUSD,0.4068,0.4068,0.3953,0.4004,6360.29602277
2024-04-27T00:00:00Z,BOBAUSD,0.399,0.4024,0.3878,0.3967,4301.60603124
2024-04-28T00:00:00Z,BOBAUSD,0.3984,0.41,0.3894,0.3894,11272.844855550002
2024-04-29T00:00:00Z,BOBAUSD,0.3927,0.3927,0.3739,0.3805,11760.509609350003
2024-04-30T00:00:00Z,BOBAUSD,0.3866,0.3873,0.3515,0.3623,25170.539644999997
2024-05-01T00:00:00Z,BOBAUSD,0.3624,0.3643,0.3369,0.3509,45118.613603870006
2024-05-02T00:00:00Z,BOBAUSD,0.353,0.3638,0.347,0.3524,13441.223080419999
2024-05-03T00:00:00Z,BOBAUSD,0.3536,0.3829,0.3531,0.3766,26134.63809761
2024-05-04T00:00:00Z,BOBAUSD,0.3775,0.4001,0.3703,0.3886,26417.538010200005
2024-05-05T00:00:00Z,BOBAUSD,0.3879,0.3913,0.3755,0.3866,19277.59376998
2024-05-06T00:00:00Z,BOBAUSD,0.3869,0.3984,0.3727,0.3729,12493.59690107
2024-05-07T00:00:00Z,BOBAUSD,0.3758,0.3803,0.3639,0.3654,15917.996961640005
2024-05-08T00:00:00Z,BOBAUSD,0.3656,0.3714,0.3502,0.3515,15698.473338160002
2024-05-09T00:00:00Z,BOBAUSD,0.3503,0.361,0.3456,0.3609,8554.934622470002
2024-05-10T00:00:00Z,BOBAUSD,0.3614,0.3668,0.3498,0.3529,13296.579461660001
2024-05-11T00:00:00Z,BOBAUSD,0.3545,0.3562,0.3485,0.3486,3205.78027525
2024-05-12T00:00:00Z,BOBAUSD,0.3524,0.3524,0.3453,0.3458,4666.636019459998
2024-05-13T00:00:00Z,BOBAUSD,0.3489,0.3598,0.3329,0.3473,34904.45310294001
2024-05-14T00:00:00Z,BOBAUSD,0.3481,0.3481,0.3266,0.3266,31305.51776713
2024-05-15T00:00:00Z,BOBAUSD,0.3286,0.3439,0.3286,0.3439,10284.828612190002
2024-05-16T00:00:00Z,BOBAUSD,0.3453,0.3466,0.34,0.3456,8783.62700411
2024-05-17T00:00:00Z,BOBAUSD,0.3445,0.3619,0.3427,0.353,12237.396787530004
2024-05-18T00:00:00Z,BOBAUSD,0.3518,0.3602,0.339,0.3395,58379.62766137001
2024-05-19T00:00:00Z,BOBAUSD,0.3399,0.3462,0.3294,0.3302,14617.095844019997
2024-05-20T00:00:00Z,BOBAUSD,0.3332,0.3641,0.3329,0.3639,10319.600799150001
2024-05-21T00:00:00Z,BOBAUSD,0.363,0.4138,0.357,0.3945,84354.31749485001
2024-05-22T00:00:00Z,BOBAUSD,0.3931,0.5019,0.3896,0.3934,387193.2069491799
2024-05-23T00:00:00Z,BOBAUSD,0.3921,0.41,0.3654,0.3921,140050.12987178995
2024-05-24T00:00:00Z,BOBAUSD,0.3926,0.3929,0.3694,0.3739,39737.71933454
2024-05-25T00:00:00Z,BOBAUSD,0.3752,0.3798,0.3536,0.3594,63289.72493531002
2024-05-26T00:00:00Z,BOBAUSD,0.3608,0.3643,0.3519,0.355,11086.27880734
2024-05-27T00:00:00Z,BOBAUSD,0.3542,0.3806,0.3541,0.3773,37990.7592007
2024-05-28T00:00:00Z,BOBAUSD,0.3754,0.3922,0.3641,0.3677,68245.78612071002
2024-05-29T00:00:00Z,BOBAUSD,0.3693,0.3714,0.3476,0.3476,65064.69673228001
2024-05-30T00:00:00Z,BOBAUSD,0.3487,0.3514,0.26,0.3362,287540.8928945601
2024-05-31T00:00:00Z,BOBAUSD,0.3374,0.3474,0.3318,0.3403,14790.035826609997
2024-06-01T00:00:00Z,BOBAUSD,0.3421,0.3506,0.3362,0.3362,2881.9770160499997
2024-06-02T00:00:00Z,BOBAUSD,0.3353,0.3374,0.3283,0.3292,13750.007179780005
2024-06-03T00:00:00Z,BOBAUSD,0.3302,0.3372,0.3279,0.3307,29494.721503960005
2024-06-04T00:00:00Z,BOBAUSD,0.3296,0.3318,0.3234,0.33,13006.803409869999
2024-06-05T00:00:00Z,BOBAUSD,0.3314,0.3444,0.3313,0.3334,9905.06144953
2024-06-06T00:00:00Z,BOBAUSD,0.3333,0.3369,0.3296,0.3324,17358.296996579997
2024-06-07T00:00:00Z,BOBAUSD,0.3352,0.3387,0.3117,0.3167,34930.75291308001
2024-06-08T00:00:00Z,BOBAUSD,0.3173,0.3196,0.3029,0.3101,35982.86608832
2024-06-09T00:00:00Z,BOBAUSD,0.3105,0.3146,0.3085,0.3122,23853.604985519996
2024-06-10T00:00:00Z,BOBAUSD,0.3106,0.3106,0.2904,0.3007,77752.5695541
2024-06-11T00:00:00Z,BOBAUSD,0.3025,0.3025,0.2847,0.2922,13423.239588510001
2024-06-12T00:00:00Z,BOBAUSD,0.2895,0.3026,0.2889,0.2922,57331.19414901999
2024-06-13T00:00:00Z,BOBAUSD,0.2923,0.2986,0.2858,0.288,11293.97725121
2024-06-14T00:00:00Z,BOBAUSD,0.2882,0.3183,0.2845,0.2873,58822.70329334997
2024-06-15T00:00:00Z,BOBAUSD,0.2875,0.2875,0.2761,0.28,7436.7941354800005
2024-06-16T00:00:00Z,BOBAUSD,0.2797,0.2888,0.2797,0.2866,31774.121140509997
2024-06-17T00:00:00Z,BOBAUSD,0.2863,0.2863,0.278,0.2828,13316.212347240002
2024-06-18T00:00:00Z,BOBAUSD,0.282,0.282,0.2516,0.2524,44436.93036808002
2024-06-19T00:00:00Z,BOBAUSD,0.2543,0.2697,0.2541,0.264,8494.87576184
2024-06-20T00:00:00Z,BOBAUSD,0.2632,0.2697,0.2586,0.262,13308.779256810001
2024-06-21T00:00:00Z,BOBAUSD,0.26,0.2612,0.2539,0.2539,4017.16414219
2024-06-22T00:00:00Z,BOBAUSD,0.2583,0.2583,0.2554,0.2555,1143.0153434200001
2024-06-23T00:00:00Z,BOBAUSD,0.2584,0.2589,0.2556,0.2556,928.1409599199999
2024-06-24T00:00:00Z,BOBAUSD,0.2544,0.2548,0.231,0.2429,22435.308189779997
2024-06-25T00:00:00Z,BOBAUSD,0.248,0.2663,0.248,0.2541,6674.78620543
2024-06-26T00:00:00Z,BOBAUSD,0.2539,0.2539,0.2477,0.2489,3923.5388566899996
2024-06-27T00:00:00Z,BOBAUSD,0.2482,0.2539,0.2464,0.2528,1877.0694772900001
2024-06-28T00:00:00Z,BOBAUSD,0.252,0.252,0.2449,0.2449,9743.81612828
2024-06-29T00:00:00Z,BOBAUSD,0.2467,0.2474,0.2462,0.2465,6831.944323170001
2024-06-30T00:00:00Z,BOBAUSD,0.2469,0.2497,0.2465,0.2493,8542.910928020001
2024-07-01T00:00:00Z,BOBAUSD,0.2527,0.2544,0.25,0.2504,14813.398019440001
2024-07-02T00:00:00Z,BOBAUSD,0.2491,0.2508,0.2479,0.2508,4890.392000000001
2024-07-03T00:00:00Z,BOBAUSD,0.2519,0.2519,0.2384,0.2393,10421.46692007
2024-07-04T00:00:00Z,BOBAUSD,0.2368,0.2401,0.2112,0.2123,17223.19952638
2024-07-05T00:00:00Z,BOBAUSD,0.2107,0.2397,0.1981,0.2306,52788.239164319995
2024-07-06T00:00:00Z,BOBAUSD,0.2306,0.2313,0.2238,0.2305,5743.31697116
2024-07-07T00:00:00Z,BOBAUSD,0.2305,0.2311,0.2125,0.2136,25426.636043240003
2024-07-08T00:00:00Z,BOBAUSD,0.2146,0.229,0.2086,0.229,5940.0934801
2024-07-09T00:00:00Z,BOBAUSD,0.2295,0.2416,0.2288,0.2416,9028.818781029999
2024-07-10T00:00:00Z,BOBAUSD,0.2419,0.249,0.2419,0.249,10598.92141073
2024-07-11T00:00:00Z,BOBAUSD,0.2469,0.2469,0.2365,0.2365,8408.447160870002
2024-07-12T00:00:00Z,BOBAUSD,0.2362,0.2407,0.2362,0.2371,2474.37428224
2024-07-13T00:00:00Z,BOBAUSD,0.2382,0.2548,0.2382,0.2474,50753.19025643999
2024-07-14T00:00:00Z,BOBAUSD,0.2463,0.2514,0.2463,0.2514,397.091466
2024-07-15T00:00:00Z,BOBAUSD,0.252,0.2632,0.252,0.2632,11022.179760250001
2024-07-16T00:00:00Z,BOBAUSD,0.2609,0.2609,0.2499,0.259,27739.803334429995
2024-07-17T00:00:00Z,BOBAUSD,0.2608,0.2632,0.2564,0.2585,23935.851451439998
2024-07-18T00:00:00Z,BOBAUSD,0.2557,0.2656,0.2557,0.2571,20082.923835730002
2024-07-19T00:00:00Z,BOBAUSD,0.255,0.2626,0.2538,0.2623,9541.515172889998
2024-07-20T00:00:00Z,BOBAUSD,0.2628,0.2666,0.2599,0.2628,54269.64244788
2024-07-21T00:00:00Z,BOBAUSD,0.2634,0.2656,0.2369,0.2638,74947.11042215998
2024-07-22T00:00:00Z,BOBAUSD,0.2644,0.2674,0.2624,0.2632,43402.331292600014
2024-07-23T00:00:00Z,BOBAUSD,0.2626,0.2639,0.2503,0.2512,66119.17878217001
2024-07-24T00:00:00Z,BOBAUSD,0.2514,0.253,0.2449,0.2449,24876.167545239998
2024-07-25T00:00:00Z,BOBAUSD,0.2408,0.2439,0.2361,0.2382,3248.78493357
2024-07-26T00:00:00Z,BOBAUSD,0.2413,0.2492,0.2413,0.2465,2953.7332866700003
2024-07-27T00:00:00Z,BOBAUSD,0.2473,0.2484,0.2422,0.2425,14893.416779520001
2024-07-28T00:00:00Z,BOBAUSD,0.244,0.244,0.2407,0.2422,6609.42337554
2024-07-29T00:00:00Z,BOBAUSD,0.2407,0.2454,0.2387,0.2415,23320.011930400004
2024-07-30T00:00:00Z,BOBAUSD,0.2421,0.2437,0.235,0.2359,6276.740476430001
2024-07-31T00:00:00Z,BOBAUSD,0.2352,0.2407,0.2235,0.2331,41382.63017592999
2024-08-01T00:00:00Z,BOBAUSD,0.2305,0.2324,0.2237,0.2273,6737.387413910001
2024-08-02T00:00:00Z,BOBAUSD,0.2296,0.2296,0.2141,0.2141,87697.53306518997
2024-08-03T00:00:00Z,BOBAUSD,0.2132,0.2207,0.2083,0.2084,14446.654069130002
2024-08-04T00:00:00Z,BOBAUSD,0.2083,0.216,0.2028,0.2054,18754.864275149997
2024-08-05T00:00:00Z,BOBAUSD,0.2032,0.2032,0.1459,0.1918,139327.60032449
2024-08-06T00:00:00Z,BOBAUSD,0.1924,0.1975,0.1869,0.195,10475.978221880001
2024-08-07T00:00:00Z,BOBAUSD,0.1917,0.216,0.1581,0.1925,151512.63535882995
2024-08-08T00:00:00Z,BOBAUSD,0.1926,0.2096,0.192,0.2086,7088.71823767
2024-08-09T00:00:00Z,BOBAUSD,0.207,0.2081,0.1962,0.1999,17074.606108099997
2024-08-10T00:00:00Z,BOBAUSD,0.2021,0.2031,0.2011,0.2017,1004.28040517
2024-08-11T00:00:00Z,BOBAUSD,0.2035,0.206,0.1955,0.1955,6789.1729246
2024-08-12T00:00:00Z,BOBAUSD,0.1956,0.2076,0.1941,0.2027,22288.886736530007
2024-08-13T00:00:00Z,BOBAUSD,0.1996,0.2061,0.1977,0.2054,4518.14602343
2024-08-14T00:00:00Z,BOBAUSD,0.2051,0.208,0.2017,0.2059,63468.14631568001
2024-08-15T00:00:00Z,BOBAUSD,0.209,0.2251,0.197,0.2,10913.805697330004
2024-08-16T00:00:00Z,BOBAUSD,0.2013,0.2044,0.2013,0.2031,2573.20181404
2024-08-17T00:00:00Z,BOBAUSD,0.2033,0.2088,0.2021,0.2081,3830.1025417799997
2024-08-18T00:00:00Z,BOBAUSD,0.2058,0.2093,0.2011,0.2075,21941.65942146999
2024-08-19T00:00:00Z,BOBAUSD,0.2071,0.2268,0.2044,0.2216,25685.205215829996
2024-08-20T00:00:00Z,BOBAUSD,0.223,0.2231,0.2143,0.2157,26712.521120740003
2024-08-21T00:00:00Z,BOBAUSD,0.2155,0.2181,0.2152,0.216,3265.20235001
2024-08-22T00:00:00Z,BOBAUSD,0.2174,0.2205,0.2138,0.2168,7745.29786323
2024-08-23T00:00:00Z,BOBAUSD,0.218,0.2271,0.2177,0.2271,8272.546497700001
2024-08-24T00:00:00Z,BOBAUSD,0.2281,0.2344,0.2281,0.2284,13577.39388316
2024-08-25T00:00:00Z,BOBAUSD,0.2285,0.2285,0.2239,0.2239,4995.2169652
2024-08-26T00:00:00Z,BOBAUSD,0.2239,0.2239,0.22,0.22,9587.262552940001
2024-08-27T00:00:00Z,BOBAUSD,0.22,0.22,0.2017,0.2017,12414.65793594
2024-08-28T00:00:00Z,BOBAUSD,0.2035,0.2152,0.2035,0.21,3175.7134245
2024-08-29T00:00:00Z,BOBAUSD,0.2123,0.2154,0.2109,0.2126,16557.9731841
2024-08-30T00:00:00Z,BOBAUSD,0.2135,0.2135,0.2022,0.2072,6439.5674205
2024-08-31T00:00:00Z,BOBAUSD,0.2092,0.2092,0.2066,0.2066,253.40007834
2024-09-01T00:00:00Z,BOBAUSD,0.2066,0.2066,0.2009,0.202,2449.7012237500003
2024-09-02T00:00:00Z,BOBAUSD,0.1993,0.2031,0.1992,0.2023,4307.88760163
2024-09-03T00:00:00Z,BOBAUSD,0.2022,0.2043,0.1931,0.1954,4037.5940046
2024-09-04T00:00:00Z,BOBAUSD,0.1975,0.2108,0.1975,0.2108,2675.51995647
2024-09-05T00:00:00Z,BOBAUSD,0.2109,0.2109,0.2016,0.2023,973.95596565
2024-09-06T00:00:00Z,BOBAUSD,0.1974,0.2015,0.1869,0.1907,10487.004489930001
2024-09-07T00:00:00Z,BOBAUSD,0.1953,0.1971,0.1953,0.197,1401.84003962
2024-09-08T00:00:00Z,BOBAUSD,0.2017,0.2021,0.1935,0.2021,754.9351099999999
2024-09-09T00:00:00Z,BOBAUSD,0.2029,0.2076,0.2006,0.2076,23645.022313789992
2024-09-10T00:00:00Z,BOBAUSD,0.2053,0.2067,0.2021,0.2037,3321.59430534
2024-09-11T00:00:00Z,BOBAUSD,0.2008,0.2008,0.1908,0.1974,10724.800059239999
2024-09-12T00:00:00Z,BOBAUSD,0.2011,0.2103,0.2006,0.2103,9422.786761319998
2024-09-13T00:00:00Z,BOBAUSD,0.2092,0.2308,0.2061,0.2159,37116.533809600005
2024-09-14T00:00:00Z,BOBAUSD,0.2159,0.2159,0.2066,0.2066,52459.405878210004
2024-09-15T00:00:00Z,BOBAUSD,0.2084,0.214,0.2084,0.2109,11418.15577293
2024-09-16T00:00:00Z,BOBAUSD,0.2095,0.2095,0.1972,0.1972,22172.94357915
2024-09-17T00:00:00Z,BOBAUSD,0.2004,0.2058,0.2003,0.2013,9766.754898629999
2024-09-18T00:00:00Z,BOBAUSD,0.2041,0.2052,0.1982,0.2041,9468.513287310001
2024-09-19T00:00:00Z,BOBAUSD,0.2059,0.2224,0.2043,0.2174,30905.37013283
2024-09-20T00:00:00Z,BOBAUSD,0.2136,0.219,0.2136,0.2158,9619.34705642
2024-09-21T00:00:00Z,BOBAUSD,0.2156,0.2355,0.2155,0.2299,120786.76565068998
2024-09-22T00:00:00Z,BOBAUSD,0.2304,0.2307,0.2176,0.2176,30574.15541366003
2024-09-23T00:00:00Z,BOBAUSD,0.2178,0.2264,0.2178,0.2215,49408.46874443998
2024-09-24T00:00:00Z,BOBAUSD,0.2214,0.2214,0.2149,0.2199,37091.50854644999
2024-09-25T00:00:00Z,BOBAUSD,0.2199,0.2207,0.2163,0.2163,31425.782910879992
2024-09-26T00:00:00Z,BOBAUSD,0.2161,0.2503,0.2058,0.2436,111634.13320340985
2024-09-27T00:00:00Z,BOBAUSD,0.2436,0.2442,0.2243,0.232,57295.66157892996
2024-09-28T00:00:00Z,BOBAUSD,0.232,0.2363,0.2271,0.2297,22792.915062549993
2024-09-29T00:00:00Z,BOBAUSD,0.2297,0.2503,0.2285,0.2382,63920.54402979006
2024-09-30T00:00:00Z,BOBAUSD,0.238,0.259,0.2338,0.2383,94847.21043128977
2024-10-01T00:00:00Z,BOBAUSD,0.2384,0.2435,0.221,0.2268,77227.66189098003
2024-10-02T00:00:00Z,BOBAUSD,0.2269,0.2441,0.2178,0.2196,74131.74484758991
2024-10-03T00:00:00Z,BOBAUSD,0.21950,0.22270,0.21530,0.21620,21041.07656131
2024-10-04T00:00:00Z,BOBAUSD,0.21660,0.22820,0.21650,0.22280,41082.55222711
2024-10-05T00:00:00Z,BOBAUSD,0.22280,0.22630,0.21990,0.22100,7319.79021087
2024-10-06T00:00:00Z,BOBAUSD,0.22100,0.22480,0.21910,0.22370,21968.74383897
2024-10-07T00:00:00Z,BOBAUSD,0.22380,0.22940,0.22080,0.22080,18623.60026610
2024-10-08T00:00:00Z,BOBAUSD,0.22070,0.22070,0.21050,0.21050,40173.10296872
2024-10-09T00:00:00Z,BOBAUSD,0.21050,0.21390,0.20260,0.20340,36047.42829495
2024-10-10T00:00:00Z,BOBAUSD,0.20330,0.20910,0.20070,0.20410,10628.77114812
2024-10-11T00:00:00Z,BOBAUSD,0.20420,0.20960,0.20420,0.20650,16097.98669365
2024-10-12T00:00:00Z,BOBAUSD,0.20660,0.21450,0.20660,0.21130,33578.66535058
2024-10-13T00:00:00Z,BOBAUSD,0.21080,0.21080,0.20220,0.20600,7695.05531283
2024-10-14T00:00:00Z,BOBAUSD,0.20610,0.21000,0.20460,0.20810,7786.48951975
2024-10-15T00:00:00Z,BOBAUSD,0.20820,0.20870,0.20160,0.20320,28082.36460689
2024-10-16T00:00:00Z,BOBAUSD,0.20330,0.20730,0.20330,0.20450,11113.01026543
2024-10-17T00:00:00Z,BOBAUSD,0.20470,0.21390,0.20140,0.21260,23599.52814487
2024-10-18T00:00:00Z,BOBAUSD,0.21270,0.21420,0.20760,0.20910,33649.27904468
2024-10-19T00:00:00Z,BOBAUSD,0.20920,0.21030,0.20630,0.20860,26606.74793710
2024-10-20T00:00:00Z,BOBAUSD,0.20840,0.21820,0.20720,0.21430,37696.79795424
2024-10-21T00:00:00Z,BOBAUSD,0.21380,0.22930,0.20790,0.20980,59326.22408729
2024-10-22T00:00:00Z,BOBAUSD,0.20970,0.21030,0.20360,0.20710,25308.77147328
2024-10-23T00:00:00Z,BOBAUSD,0.20700,0.20700,0.19290,0.19700,13125.82903988
2024-10-24T00:00:00Z,BOBAUSD,0.19700,0.20250,0.19620,0.19920,34914.92386970
2024-10-25T00:00:00Z,BOBAUSD,0.19920,0.20000,0.18130,0.18320,31407.78816121
2024-10-26T00:00:00Z,BOBAUSD,0.18310,0.19400,0.18280,0.19110,19288.06744074
2024-10-27T00:00:00Z,BOBAUSD,0.19080,0.19430,0.18730,0.19210,18116.44236021
2024-10-28T00:00:00Z,BOBAUSD,0.19180,0.19630,0.18890,0.19410,16461.04198498
2024-10-29T00:00:00Z,BOBAUSD,0.19400,0.20080,0.19250,0.19730,18244.73808920
2024-10-30T00:00:00Z,BOBAUSD,0.19720,0.19720,0.19100,0.19260,16875.32268785
2024-10-31T00:00:00Z,BOBAUSD,0.19270,0.19270,0.18190,0.18410,137754.13620555
2024-11-01T00:00:00Z,BOBAUSD,0.18420,0.18960,0.18020,0.18060,11124.12748626
2024-11-02T00:00:00Z,BOBAUSD,0.18080,0.18520,0.17520,0.17520,6775.35038771
2024-11-03T00:00:00Z,BOBAUSD,0.17670,0.17870,0.17030,0.17570,17082.08348763
2024-11-04T00:00:00Z,BOBAUSD,0.17560,0.17820,0.16290,0.16390,40005.09120627
2024-11-05T00:00:00Z,BOBAUSD,0.16400,0.17410,0.16400,0.17070,18986.50756394
2024-11-06T00:00:00Z,BOBAUSD,0.17080,0.17780,0.17070,0.17770,36582.05896416
2024-11-07T00:00:00Z,BOBAUSD,0.17780,0.18100,0.17720,0.17840,16806.17969631
2024-11-08T00:00:00Z,BOBAUSD,0.17840,0.17890,0.17380,0.17670,11836.56780534
2024-11-09T00:00:00Z,BOBAUSD,0.17660,0.19110,0.17620,0.18790,43436.25396954
2024-11-10T00:00:00Z,BOBAUSD,0.18780,0.20170,0.18310,0.18770,70703.49374863
2024-11-11T00:00:00Z,BOBAUSD,0.18770,0.20150,0.18420,0.19700,178902.10383435
2024-11-12T00:00:00Z,BOBAUSD,0.19700,0.19900,0.18060,0.18400,144111.23001444
2024-11-13T00:00:00Z,BOBAUSD,0.18410,0.18710,0.17660,0.18300,94785.53810753
2024-11-14T00:00:00Z,BOBAUSD,0.18300,0.18590,0.18080,0.18180,55145.46969681
2024-11-15T00:00:00Z,BOBAUSD,0.18190,0.19890,0.18190,0.18790,101127.88872335
2024-11-16T00:00:00Z,BOBAUSD,0.18800,0.21300,0.18800,0.20390,106802.29942097
2024-11-17T00:00:00Z,BOBAUSD,0.20400,0.20870,0.19410,0.19740,173548.18131812
2024-11-18T00:00:00Z,BOBAUSD,0.19750,0.20940,0.19500,0.20150,148952.03247211
2024-11-19T00:00:00Z,BOBAUSD,0.20170,0.21360,0.19750,0.20050,187081.93388021
2024-11-20T00:00:00Z,BOBAUSD,0.20030,0.20030,0.19340,0.19530,126111.16608838
2024-11-21T00:00:00Z,BOBAUSD,0.19540,0.21150,0.18720,0.20490,153487.74637533
2024-11-22T00:00:00Z,BOBAUSD,0.20480,0.20880,0.19710,0.20410,100545.28042848
2024-11-23T00:00:00Z,BOBAUSD,0.20400,0.22160,0.20390,0.21040,386748.93021660
2024-11-24T00:00:00Z,BOBAUSD,0.21030,0.22420,0.20560,0.21530,150294.06456098
2024-11-25T00:00:00Z,BOBAUSD,0.21540,0.28480,0.21540,0.27640,691077.23978897
2024-11-26T00:00:00Z,BOBAUSD,0.27660,0.36560,0.25720,0.25800,790031.72083529
2024-11-27T00:00:00Z,BOBAUSD,0.25790,0.27450,0.24140,0.26580,924626.55908988
2024-11-28T00:00:00Z,BOBAUSD,0.26580,0.26660,0.25200,0.25930,119187.88109553
2024-11-29T00:00:00Z,BOBAUSD,0.25940,0.26480,0.24410,0.25370,146985.73693609
2024-11-30T00:00:00Z,BOBAUSD,0.25380,0.27490,0.24850,0.26220,625652.11145575
2024-12-01T00:00:00Z,BOBAUSD,0.26230,0.27330,0.25190,0.26450,218248.80695172
2024-12-02T00:00:00Z,BOBAUSD,0.26540,0.28270,0.24000,0.26290,258353.07894392
2024-12-03T00:00:00Z,BOBAUSD,0.26300,0.30260,0.25450,0.28650,374417.28352306
2024-12-04T00:00:00Z,BOBAUSD,0.28660,0.35130,0.28660,0.31840,548765.89601097
2024-12-05T00:00:00Z,BOBAUSD,0.31840,0.34780,0.30100,0.30570,243969.98184835
2024-12-06T00:00:00Z,BOBAUSD,0.30610,0.33830,0.30600,0.32920,276382.73374559
2024-12-07T00:00:00Z,BOBAUSD,0.32910,0.34200,0.30410,0.30830,156207.85001713
2024-12-08T00:00:00Z,BOBAUSD,0.30820,0.31230,0.29870,0.30330,89486.89205877
2024-12-09T00:00:00Z,BOBAUSD,0.30330,0.30370,0.24460,0.26610,298289.66579438
2024-12-10T00:00:00Z,BOBAUSD,0.26620,0.26990,0.23320,0.25470,183466.53975280
2024-12-11T00:00:00Z,BOBAUSD,0.25440,0.27400,0.24430,0.26930,122360.11316521
2024-12-12T00:00:00Z,BOBAUSD,0.26970,0.28970,0.26180,0.26710,196486.94329138
2024-12-13T00:00:00Z,BOBAUSD,0.26710,0.27120,0.25930,0.26320,96767.42504693
2024-12-14T00:00:00Z,BOBAUSD,0.26340,0.28440,0.25580,0.26180,106044.65611927
2024-12-15T00:00:00Z,BOBAUSD,0.26170,0.26940,0.25650,0.26640,52076.30783657
2024-12-16T00:00:00Z,BOBAUSD,0.26640,0.28740,0.26100,0.27110,100365.42532209
2024-12-17T00:00:00Z,BOBAUSD,0.27100,0.27100,0.25500,0.25500,58973.28471094
2024-12-18T00:00:00Z,BOBAUSD,0.25500,0.25570,0.23150,0.23420,66561.70496313
2024-12-19T00:00:00Z,BOBAUSD,0.23400,0.23400,0.21090,0.21590,231480.59246378
2024-12-20T00:00:00Z,BOBAUSD,0.21590,0.21710,0.19000,0.21660,106542.84911661
2024-12-21T00:00:00Z,BOBAUSD,0.21720,0.22280,0.20390,0.20470,31868.84329685
2024-12-22T00:00:00Z,BOBAUSD,0.20570,0.20700,0.19550,0.19550,13069.98540255
2024-12-23T00:00:00Z,BOBAUSD,0.19640,0.20720,0.19640,0.20720,14808.57182362
2024-12-24T00:00:00Z,BOBAUSD,0.21130,0.22170,0.20930,0.21910,19109.34785293
2024-12-25T00:00:00Z,BOBAUSD,0.21850,0.21850,0.21230,0.21300,37967.46984720
2024-12-26T00:00:00Z,BOBAUSD,0.21200,0.21200,0.20040,0.21100,38138.61024120
2024-12-27T00:00:00Z,BOBAUSD,0.21030,0.23240,0.21000,0.21980,73385.80503198
2024-12-28T00:00:00Z,BOBAUSD,0.22340,0.23630,0.21860,0.22310,113754.94738208
2024-12-29T00:00:00Z,BOBAUSD,0.22170,0.22310,0.21080,0.21480,92122.94743943
2024-12-30T00:00:00Z,BOBAUSD,0.21600,0.21600,0.20420,0.20640,73535.92768286
2024-12-31T00:00:00Z,BOBAUSD,0.20630,0.22550,0.20310,0.20420,118032.01690849
2025-01-01T00:00:00Z,BOBAUSD,0.20500,0.20820,0.20230,0.20590,37923.67477868
2025-01-02T00:00:00Z,BOBAUSD,0.20620,0.21390,0.20620,0.21140,40267.15166837
2025-01-03T00:00:00Z,BOBAUSD,0.21330,0.21880,0.20890,0.21820,101789.29036492
2025-01-04T00:00:00Z,BOBAUSD,0.21760,0.21760,0.20930,0.21410,45573.40362719
2025-01-05T00:00:00Z,BOBAUSD,0.21410,0.21500,0.20900,0.20940,73835.90752609
2025-01-06T00:00:00Z,BOBAUSD,0.20910,0.22080,0.20880,0.21750,37043.09234355
2025-01-07T00:00:00Z,BOBAUSD,0.21830,0.21900,0.19870,0.19870,49837.84770699
2025-01-08T00:00:00Z,BOBAUSD,0.19970,0.19980,0.19000,0.19330,71681.66725696
2025-01-09T00:00:00Z,BOBAUSD,0.19280,0.19490,0.18850,0.18920,32137.89351327
2025-01-10T00:00:00Z,BOBAUSD,0.19160,0.19670,0.18980,0.19240,17040.41979782
2025-01-11T00:00:00Z,BOBAUSD,0.19100,0.19100,0.18940,0.19040,4353.79783489
2025-01-12T00:00:00Z,BOBAUSD,0.18990,0.19230,0.18970,0.19150,10760.21151167
2025-01-13T00:00:00Z,BOBAUSD,0.19150,0.19230,0.17680,0.18590,75345.93198390
2025-01-14T00:00:00Z,BOBAUSD,0.18710,0.19210,0.18620,0.18840,32822.78820218
2025-01-15T00:00:00Z,BOBAUSD,0.19030,0.19810,0.18870,0.19700,98158.60137758
2025-01-16T00:00:00Z,BOBAUSD,0.19500,0.19600,0.19290,0.19430,15712.71091442
2025-01-17T00:00:00Z,BOBAUSD,0.19430,0.23850,0.19430,0.23540,125396.99895989
2025-01-18T00:00:00Z,BOBAUSD,0.23350,0.23490,0.20150,0.20400,84242.82521811
2025-01-19T00:00:00Z,BOBAUSD,0.20570,0.20930,0.18450,0.18470,114217.65552407
2025-01-20T00:00:00Z,BOBAUSD,0.18470,0.19720,0.18110,0.19620,193197.82495913
2025-01-21T00:00:00Z,BOBAUSD,0.19560,0.19930,0.18300,0.19780,18517.08433358
2025-01-22T00:00:00Z,BOBAUSD,0.19650,0.19740,0.18860,0.18940,45914.92592195
2025-01-23T00:00:00Z,BOBAUSD,0.19150,0.19150,0.18220,0.18870,14442.30199606
2025-01-24T00:00:00Z,BOBAUSD,0.18750,0.19660,0.18010,0.19150,48873.52762602
2025-01-25T00:00:00Z,BOBAUSD,0.19000,0.19100,0.18660,0.19050,26338.46264750
2025-01-26T00:00:00Z,BOBAUSD,0.18910,0.20690,0.18860,0.19070,22070.32951455
2025-01-27T00:00:00Z,BOBAUSD,0.18910,0.19880,0.17540,0.19520,46622.25807641
2025-01-28T00:00:00Z,BOBAUSD,0.19510,0.22330,0.19030,0.19570,262556.74829881
2025-01-29T00:00:00Z,BOBAUSD,0.19610,0.19720,0.18230,0.18920,107413.71213976
2025-01-30T00:00:00Z,BOBAUSD,0.18870,0.19550,0.18860,0.19260,28575.67156094
2025-01-31T00:00:00Z,BOBAUSD,0.19230,0.20610,0.18980,0.19490,28738.38003476
2025-02-01T00:00:00Z,BOBAUSD,0.19450,0.19950,0.16420,0.18710,115996.25729755
2025-02-02T00:00:00Z,BOBAUSD,0.18750,0.18930,0.15710,0.17230,191140.89780326
2025-02-03T00:00:00Z,BOBAUSD,0.16990,0.17230,0.13890,0.16920,241870.20146524
2025-02-04T00:00:00Z,BOBAUSD,0.16640,0.17300,0.15570,0.15930,226377.35976549
2025-02-05T00:00:00Z,BOBAUSD,0.16130,0.16470,0.15240,0.15470,30148.58477524
2025-02-06T00:00:00Z,BOBAUSD,0.15750,0.16150,0.14810,0.14870,31697.05708754
2025-02-07T00:00:00Z,BOBAUSD,0.15220,0.15510,0.14480,0.14480,24772.70115536
2025-02-08T00:00:00Z,BOBAUSD,0.15010,0.15010,0.14290,0.14790,39602.22158832
2025-02-09T00:00:00Z,BOBAUSD,0.14820,0.15460,0.14740,0.14910,33410.75190662
2025-02-10T00:00:00Z,BOBAUSD,0.14690,0.14950,0.14520,0.14780,12489.38364913
2025-02-11T00:00:00Z,BOBAUSD,0.15170,0.15510,0.14650,0.14650,32855.06515259
2025-02-12T00:00:00Z,BOBAUSD,0.14570,0.15330,0.14290,0.15290,24108.12208262
2025-02-13T00:00:00Z,BOBAUSD,0.15170,0.15260,0.14810,0.14810,15295.42445386
2025-02-14T00:00:00Z,BOBAUSD,0.15140,0.15500,0.14360,0.15390,23769.11829860
2025-02-15T00:00:00Z,BOBAUSD,0.15500,0.19900,0.15500,0.17030,488094.20033328
2025-02-16T00:00:00Z,BOBAUSD,0.16930,0.16930,0.15320,0.15320,37258.96404608
2025-02-17T00:00:00Z,BOBAUSD,0.15490,0.16260,0.15150,0.15530,36927.17326182
2025-02-18T00:00:00Z,BOBAUSD,0.15340,0.15340,0.14360,0.14650,18268.67184628
2025-02-19T00:00:00Z,BOBAUSD,0.14770,0.17720,0.14660,0.16500,94842.70131911
2025-02-20T00:00:00Z,BOBAUSD,0.16390,0.18720,0.15400,0.15610,200062.47556312
2025-02-21T00:00:00Z,BOBAUSD,0.15580,0.16170,0.14680,0.14980,40337.06112973
2025-02-22T00:00:00Z,BOBAUSD,0.15030,0.15490,0.14980,0.15390,36680.67979606
2025-02-23T00:00:00Z,BOBAUSD,0.15420,0.16310,0.15360,0.15580,45053.67411069
2025-02-24T00:00:00Z,BOBAUSD,0.15460,0.16030,0.14560,0.14560,77266.00920293
2025-02-25T00:00:00Z,BOBAUSD,0.14560,0.14760,0.14200,0.14760,15788.37045784
2025-02-26T00:00:00Z,BOBAUSD,0.14210,0.14350,0.12430,0.13830,66276.55661441
2025-02-27T00:00:00Z,BOBAUSD,0.13810,0.14270,0.13630,0.13830,27026.62691150
2025-02-28T00:00:00Z,BOBAUSD,0.13910,0.13970,0.12740,0.13470,40015.04543763
2025-03-01T00:00:00Z,BOBAUSD,0.13360,0.13810,0.13060,0.13070,5885.45521081
2025-03-02T00:00:00Z,BOBAUSD,0.13280,0.13690,0.12990,0.13540,30823.81408691
2025-03-03T00:00:00Z,BOBAUSD,0.13370,0.13920,0.12160,0.12540,66428.38991667
2025-03-04T00:00:00Z,BOBAUSD,0.12190,0.12540,0.11820,0.12320,53780.66578777
2025-03-05T00:00:00Z,BOBAUSD,0.12270,0.12610,0.12160,0.12310,28298.63116641
2025-03-06T00:00:00Z,BOBAUSD,0.12710,0.12710,0.12460,0.12460,10462.15733336
2025-03-07T00:00:00Z,BOBAUSD,0.12520,0.12520,0.12290,0.12290,16677.03392600
2025-03-08T00:00:00Z,BOBAUSD,0.12320,0.12440,0.12250,0.12440,1144.37618110
2025-03-09T00:00:00Z,BOBAUSD,0.12140,0.12150,0.11430,0.11430,15196.59564504
2025-03-10T00:00:00Z,BOBAUSD,0.11500,0.11760,0.11060,0.11070,30397.71058365
2025-03-11T00:00:00Z,BOBAUSD,0.10820,0.11180,0.10640,0.11180,53574.12123038
2025-03-12T00:00:00Z,BOBAUSD,0.11030,0.11540,0.11000,0.11240,35269.84842800
2025-03-13T00:00:00Z,BOBAUSD,0.11390,0.11390,0.10710,0.10730,17681.48403986
2025-03-14T00:00:00Z,BOBAUSD,0.10700,0.11120,0.10670,0.11120,27546.08160507
2025-03-15T00:00:00Z,BOBAUSD,0.10950,0.11270,0.10950,0.11240,50484.01422331
2025-03-16T00:00:00Z,BOBAUSD,0.11330,0.11800,0.11330,0.11360,35989.15617119
2025-03-17T00:00:00Z,BOBAUSD,0.11480,0.11830,0.11480,0.11720,9832.86225255
2025-03-18T00:00:00Z,BOBAUSD,0.11630,0.11630,0.11250,0.11250,13313.10162897
2025-03-19T00:00:00Z,BOBAUSD,0.11370,0.11820,0.11270,0.11660,8387.65815225
2025-03-20T00:00:00Z,BOBAUSD,0.11680,0.11770,0.11320,0.11400,66248.59676028
2025-03-21T00:00:00Z,BOBAUSD,0.11410,0.11510,0.11300,0.11300,9083.93170391
2025-03-22T00:00:00Z,BOBAUSD,0.11410,0.11700,0.11310,0.11580,1737.40306995
2025-03-23T00:00:00Z,BOBAUSD,0.11580,0.11900,0.11420,0.11500,880910.58640144
2025-03-24T00:00:00Z,BOBAUSD,0.11440,0.11640,0.11400,0.11550,7091.69772913
2025-03-25T00:00:00Z,BOBAUSD,0.11600,0.12190,0.11590,0.11690,31049.01643433
2025-03-26T00:00:00Z,BOBAUSD,0.11730,0.11870,0.11500,0.11600,5425.48185826
2025-03-27T00:00:00Z,BOBAUSD,0.11640,0.11640,0.11050,0.11050,8107.33776687
2025-03-28T00:00:00Z,BOBAUSD,0.11010,0.11010,0.10140,0.10350,25204.59141927
2025-03-29T00:00:00Z,BOBAUSD,0.10170,0.10180,0.09560,0.09610,53643.29780124
2025-03-30T00:00:00Z,BOBAUSD,0.09670,0.09860,0.09490,0.09490,33630.08908350
2025-03-31T00:00:00Z,BOBAUSD,0.09450,0.09840,0.09340,0.09440,62970.54986732
2025-04-01T00:00:00Z,BOBAUSD,0.09550,0.09820,0.09200,0.09260,50675.01901717
2025-04-02T00:00:00Z,BOBAUSD,0.09190,0.09260,0.08380,0.08640,36255.48878839
2025-04-03T00:00:00Z,BOBAUSD,0.08630,0.09650,0.08490,0.08920,178291.82573986
2025-04-04T00:00:00Z,BOBAUSD,0.08890,0.11490,0.08890,0.09290,595172.83977499
2025-04-05T00:00:00Z,BOBAUSD,0.09280,0.09290,0.08820,0.08980,99861.17020172
2025-04-06T00:00:00Z,BOBAUSD,0.08890,0.09510,0.07710,0.07800,175682.32078641
2025-04-07T00:00:00Z,BOBAUSD,0.07770,0.07950,0.07080,0.07590,241288.91187186
2025-04-08T00:00:00Z,BOBAUSD,0.07640,0.07940,0.06880,0.06880,289053.39288933
2025-04-09T00:00:00Z,BOBAUSD,0.06840,0.07590,0.06720,0.07490,137234.55883308
2025-04-10T00:00:00Z,BOBAUSD,0.07530,0.07530,0.06750,0.06880,88324.42172370
2025-04-11T00:00:00Z,BOBAUSD,0.06910,0.07320,0.06910,0.07200,75800.23533266
2025-04-12T00:00:00Z,BOBAUSD,0.07190,0.07620,0.07110,0.07470,130522.05277562
2025-04-13T00:00:00Z,BOBAUSD,0.07450,0.08050,0.07190,0.07300,187129.61428757
2025-04-14T00:00:00Z,BOBAUSD,0.07460,0.07540,0.07080,0.07230,173050.04143305
2025-04-15T00:00:00Z,BOBAUSD,0.07190,0.08030,0.07150,0.07400,155909.50295875
2025-04-16T00:00:00Z,BOBAUSD,0.07390,0.07390,0.06940,0.07140,99224.22573451
2025-04-17T00:00:00Z,BOBAUSD,0.07110,0.07430,0.07110,0.07380,56894.90115180
2025-04-18T00:00:00Z,BOBAUSD,0.07380,0.07610,0.07370,0.07520,44813.45057786
2025-04-19T00:00:00Z,BOBAUSD,0.07520,0.07820,0.07510,0.07640,49595.06278121
2025-04-20T00:00:00Z,BOBAUSD,0.07650,0.08790,0.07460,0.08130,305649.66448649
2025-04-21T00:00:00Z,BOBAUSD,0.08170,0.14230,0.08170,0.09070,2323245.62998036
2025-04-22T00:00:00Z,BOBAUSD,0.08930,0.09810,0.08060,0.08470,835996.83380158
2025-04-23T00:00:00Z,BOBAUSD,0.08490,0.09140,0.08290,0.08360,323627.08290397
2025-04-24T00:00:00Z,BOBAUSD,0.08400,0.08510,0.07850,0.08400,297418.13735348
2025-04-25T00:00:00Z,BOBAUSD,0.08370,0.08630,0.08220,0.08440,171506.83481280
2025-04-26T00:00:00Z,BOBAUSD,0.08440,0.08530,0.08150,0.08260,101696.80899007
2025-04-27T00:00:00Z,BOBAUSD,0.08270,0.08360,0.07710,0.07910,152668.87002687
2025-04-28T00:00:00Z,BOBAUSD,0.07870,0.08240,0.07710,0.08070,155893.43306676
2025-04-29T00:00:00Z,BOBAUSD,0.08060,0.08310,0.07950,0.07950,100157.46935146
2025-04-30T00:00:00Z,BOBAUSD,0.08020,0.08280,0.07780,0.07930,178660.75530417
2025-05-01T00:00:00Z,BOBAUSD,0.07980,0.08180,0.07550,0.07890,202494.19668886
2025-05-02T00:00:00Z,BOBAUSD,0.07940,0.08350,0.07920,0.08230,94586.11779042
2025-05-03T00:00:00Z,BOBAUSD,0.08240,0.08280,0.07710,0.07880,212400.01063035
2025-05-04T00:00:00Z,BOBAUSD,0.07850,0.07910,0.07620,0.07720,97818.14862498
2025-05-05T00:00:00Z,BOBAUSD,0.07730,0.08260,0.07630,0.07970,192773.27778276
2025-05-06T00:00:00Z,BOBAUSD,0.07880,0.07920,0.07540,0.07810,86391.69808431
2025-05-07T00:00:00Z,BOBAUSD,0.07820,0.07890,0.07690,0.07880,57470.99132028
2025-05-08T00:00:00Z,BOBAUSD,0.07900,0.08390,0.07900,0.08240,154824.24628750
2025-05-09T00:00:00Z,BOBAUSD,0.08270,0.08730,0.08230,0.08500,396122.86297972
2025-05-10T00:00:00Z,BOBAUSD,0.08610,0.09280,0.08560,0.09280,89474.31639798
2025-05-11T00:00:00Z,BOBAUSD,0.09300,0.09360,0.08760,0.08890,108272.50305366
2025-05-12T00:00:00Z,BOBAUSD,0.08880,0.09450,0.08790,0.09170,139891.19363965
2025-05-13T00:00:00Z,BOBAUSD,0.09080,0.09610,0.08810,0.09610,161977.74332945
2025-05-14T00:00:00Z,BOBAUSD,0.09550,0.09560,0.08860,0.08900,63284.15235703
2025-05-15T00:00:00Z,BOBAUSD,0.08880,0.11780,0.08210,0.09760,1588231.27792774
2025-05-16T00:00:00Z,BOBAUSD,0.09760,0.14000,0.09340,0.13020,2607547.77751391
2025-05-17T00:00:00Z,BOBAUSD,0.12910,0.13320,0.10270,0.11330,1286860.52005666
2025-05-18T00:00:00Z,BOBAUSD,0.11340,0.11340,0.09910,0.10280,821521.74210961
2025-05-19T00:00:00Z,BOBAUSD,0.10220,0.10270,0.09370,0.09820,302058.63167934
2025-05-20T00:00:00Z,BOBAUSD,0.09860,0.09920,0.09390,0.09480,315639.84401546
2025-05-21T00:00:00Z,BOBAUSD,0.09430,0.09800,0.09130,0.09430,294088.74006288
2025-05-22T00:00:00Z,BOBAUSD,0.09450,0.09940,0.09360,0.09440,194696.89843954
2025-05-23T00:00:00Z,BOBAUSD,0.09400,0.12720,0.09000,0.11620,1104869.44026529
2025-05-24T00:00:00Z,BOBAUSD,0.11630,0.11670,0.09900,0.10120,614151.66924097
2025-05-25T00:00:00Z,BOBAUSD,0.10220,0.10840,0.09590,0.09950,189536.52087735
2025-05-26T00:00:00Z,BOBAUSD,0.10070,0.10610,0.09520,0.10180,161990.22652541
2025-05-27T00:00:00Z,BOBAUSD,0.10180,0.10390,0.09690,0.09980,124723.37266796
2025-05-28T00:00:00Z,BOBAUSD,0.09830,0.10130,0.09680,0.09850,80618.69897662
2025-05-29T00:00:00Z,BOBAUSD,0.09860,0.10040,0.09230,0.09510,131252.32298452
2025-05-30T00:00:00Z,BOBAUSD,0.09470,0.10130,0.09150,0.09210,159209.76042293
2025-05-31T00:00:00Z,BOBAUSD,0.09140,0.09970,0.08940,0.09280,185773.27858622
2025-06-01T00:00:00Z,BOBAUSD,0.09210,0.09470,0.09130,0.09470,34688.46567973
2025-06-02T00:00:00Z,BOBAUSD,0.09640,0.09730,0.09180,0.09500,176282.20297685
2025-06-03T00:00:00Z,BOBAUSD,0.09550,0.09560,0.09310,0.09310,61237.40054322
2025-06-04T00:00:00Z,BOBAUSD,0.09280,0.09490,0.09070,0.09070,39597.58645121
2025-06-05T00:00:00Z,BOBAUSD,0.09100,0.09150,0.08480,0.08530,95089.82470706
2025-06-06T00:00:00Z,BOBAUSD,0.08550,0.08840,0.07690,0.08270,126851.17059875
2025-06-07T00:00:00Z,BOBAUSD,0.08320,0.08580,0.08320,0.08540,99917.92616396
2025-06-08T00:00:00Z,BOBAUSD,0.08510,0.08860,0.08380,0.08780,219875.92128677
2025-06-09T00:00:00Z,BOBAUSD,0.08690,0.10080,0.08690,0.09100,758384.57289824
2025-06-10T00:00:00Z,BOBAUSD,0.09140,0.09660,0.08970,0.09500,215660.83827077
2025-06-11T00:00:00Z,BOBAUSD,0.09440,0.09550,0.09030,0.09080,297870.06827018
2025-06-12T00:00:00Z,BOBAUSD,0.09070,0.09730,0.08880,0.08970,512247.63848391
2025-06-13T00:00:00Z,BOBAUSD,0.08990,0.09530,0.08360,0.09080,519432.07817463
2025-06-14T00:00:00Z,BOBAUSD,0.09100,0.09100,0.08780,0.09100,126654.04435357
2025-06-15T00:00:00Z,BOBAUSD,0.09090,0.09760,0.08960,0.09030,364695.00444723
2025-06-16T00:00:00Z,BOBAUSD,0.09100,0.09680,0.09070,0.09330,93615.95100715
2025-06-17T00:00:00Z,BOBAUSD,0.09180,0.09220,0.08490,0.08820,47682.80826705
2025-06-18T00:00:00Z,BOBAUSD,0.08790,0.08930,0.08610,0.08800,106229.82303972
2025-06-19T00:00:00Z,BOBAUSD,0.08900,0.08900,0.08390,0.08560,56993.24576118
2025-06-20T00:00:00Z,BOBAUSD,0.08640,0.08750,0.08280,0.08330,89730.51818735
2025-06-21T00:00:00Z,BOBAUSD,0.08340,0.08520,0.08090,0.08190,153224.74257665
2025-06-22T00:00:00Z,BOBAUSD,0.08220,0.08310,0.07310,0.07840,189117.57042141
2025-06-23T00:00:00Z,BOBAUSD,0.07820,0.08470,0.07780,0.08470,68447.12690198
2025-06-24T00:00:00Z,BOBAUSD,0.08430,0.08700,0.08330,0.08430,40455.25663305
2025-06-25T00:00:00Z,BOBAUSD,0.08500,0.08640,0.08230,0.08500,23579.71088286
2025-06-26T00:00:00Z,BOBAUSD,0.08450,0.08520,0.08060,0.08130,135550.44093266
2025-06-27T00:00:00Z,BOBAUSD,0.08110,0.08420,0.08060,0.08210,55258.67498962
2025-06-28T00:00:00Z,BOBAUSD,0.08260,0.08390,0.08180,0.08380,71706.32130068
2025-06-29T00:00:00Z,BOBAUSD,0.08310,0.09000,0.08220,0.08610,64187.09469544
2025-06-30T00:00:00Z,BOBAUSD,0.08710,0.09610,0.08260,0.08950,413843.71843849
2025-07-01T00:00:00Z,BOBAUSD,0.08950,0.11980,0.08630,0.09300,2062181.88609010
2025-07-02T00:00:00Z,BOBAUSD,0.09240,0.09890,0.08800,0.09490,701714.69616786
2025-07-03T00:00:00Z,BOBAUSD,0.09450,0.09980,0.09060,0.09360,359746.76269031
2025-07-04T00:00:00Z,BOBAUSD,0.09380,0.09780,0.08990,0.09650,122225.37073716
2025-07-05T00:00:00Z,BOBAUSD,0.09600,0.09790,0.08960,0.09090,51837.90324049
2025-07-06T00:00:00Z,BOBAUSD,0.09120,0.09130,0.08660,0.09060,144673.60139060
2025-07-07T00:00:00Z,BOBAUSD,0.09000,0.09140,0.08660,0.08790,65506.87073318
2025-07-08T00:00:00Z,BOBAUSD,0.08810,0.09140,0.08760,0.08930,23765.70704901
2025-07-09T00:00:00Z,BOBAUSD,0.08890,0.09190,0.08820,0.09100,36359.21586026
2025-07-10T00:00:00Z,BOBAUSD,0.09100,0.09960,0.09100,0.09620,171027.18850762
2025-07-11T00:00:00Z,BOBAUSD,0.09620,0.09900,0.09310,0.09370,146887.95196926
2025-07-12T00:00:00Z,BOBAUSD,0.09270,0.09710,0.09090,0.09200,55982.90890817
2025-07-13T00:00:00Z,BOBAUSD,0.09330,0.09560,0.09280,0.09320,31893.51925268
2025-07-14T00:00:00Z,BOBAUSD,0.09410,0.09880,0.09270,0.09680,178658.29954847
2025-07-15T00:00:00Z,BOBAUSD,0.09750,0.11400,0.09570,0.10390,504593.15764510
2025-07-16T00:00:00Z,BOBAUSD,0.10360,0.10750,0.09940,0.10460,107132.12578536
2025-07-17T00:00:00Z,BOBAUSD,0.10370,0.14000,0.10020,0.10380,403354.41690801
2025-07-18T00:00:00Z,BOBAUSD,0.10290,0.10680,0.09680,0.10460,133723.16339998
2025-07-19T00:00:00Z,BOBAUSD,0.10370,0.11930,0.10250,0.10790,671082.67309263
2025-07-20T00:00:00Z,BOBAUSD,0.10770,0.11250,0.10700,0.10790,155190.78716366
2025-07-21T00:00:00Z,BOBAUSD,0.10800,0.11290,0.10570,0.10860,131450.95666199
2025-07-22T00:00:00Z,BOBAUSD,0.10770,0.11000,0.10530,0.11000,60989.52886311
2025-07-23T00:00:00Z,BOBAUSD,0.11000,0.11000,0.09810,0.09950,358416.54887463
2025-07-24T00:00:00Z,BOBAUSD,0.09900,0.10170,0.09200,0.09650,109751.63059125
2025-07-25T00:00:00Z,BOBAUSD,0.09620,0.10610,0.09450,0.10130,196093.68922887
2025-07-26T00:00:00Z,BOBAUSD,0.10130,0.10310,0.09930,0.10090,38867.79260212
2025-07-27T00:00:00Z,BOBAUSD,0.10000,0.10400,0.10000,0.10220,40957.78073845
2025-07-28T00:00:00Z,BOBAUSD,0.10240,0.10510,0.09800,0.09800,105671.87273207
2025-07-29T00:00:00Z,BOBAUSD,0.09800,0.10040,0.09710,0.09750,133389.07178125
2025-07-30T00:00:00Z,BOBAUSD,0.09730,0.09780,0.09290,0.09450,17265.65564169
2025-07-31T00:00:00Z,BOBAUSD,0.09770,0.09960,0.09380,0.09380,24351.98842052
2025-08-01T00:00:00Z,BOBAUSD,0.09270,0.09270,0.08890,0.08940,68364.28021654
2025-08-02T00:00:00Z,BOBAUSD,0.08970,0.09180,0.08810,0.08970,188617.35767356
2025-08-03T00:00:00Z,BOBAUSD,0.08990,0.09470,0.08920,0.09030,156454.59143905
2025-08-04T00:00:00Z,BOBAUSD,0.09030,0.09340,0.09030,0.09340,241516.62424458
2025-08-05T00:00:00Z,BOBAUSD,0.09270,0.09270,0.08890,0.08900,167352.49865608
2025-08-06T00:00:00Z,BOBAUSD,0.08980,0.09120,0.08880,0.09120,111432.11552641
2025-08-07T00:00:00Z,BOBAUSD,0.09100,0.09350,0.09100,0.09350,160502.14563803
2025-08-08T00:00:00Z,BOBAUSD,0.09350,0.09490,0.09260,0.09490,108507.95374464
2025-08-09T00:00:00Z,BOBAUSD,0.09480,0.09780,0.09360,0.09710,226913.80493299
2025-08-10T00:00:00Z,BOBAUSD,0.09730,0.09780,0.09360,0.09470,96009.85654891
2025-08-11T00:00:00Z,BOBAUSD,0.09460,0.09710,0.09210,0.09240,209585.44369430
2025-08-12T00:00:00Z,BOBAUSD,0.09270,0.09790,0.09200,0.09660,193937.05751932
2025-08-13T00:00:00Z,BOBAUSD,0.09700,0.12150,0.09700,0.11880,1118597.09418419
2025-08-14T00:00:00Z,BOBAUSD,0.12010,0.13270,0.10110,0.10310,1221765.44410817
2025-08-15T00:00:00Z,BOBAUSD,0.10340,0.10890,0.09700,0.10180,285225.41828705
2025-08-16T00:00:00Z,BOBAUSD,0.09980,0.10210,0.09640,0.10030,224960.65482897
2025-08-17T00:00:00Z,BOBAUSD,0.10080,0.10440,0.09840,0.10250,192769.89203054
2025-08-18T00:00:00Z,BOBAUSD,0.10090,0.10090,0.08500,0.09740,176274.16129266
2025-08-19T00:00:00Z,BOBAUSD,0.09750,0.09750,0.09270,0.09320,52914.39033165
2025-08-20T00:00:00Z,BOBAUSD,0.09380,0.09680,0.09290,0.09560,31382.65712932
2025-08-21T00:00:00Z,BOBAUSD,0.09560,0.09700,0.09250,0.09250,81670.77329374
2025-08-22T00:00:00Z,BOBAUSD,0.09260,0.10260,0.09130,0.09930,143391.34479323
2025-08-23T00:00:00Z,BOBAUSD,0.09930,0.09930,0.09280,0.09560,95035.21479918
2025-08-24T00:00:00Z,BOBAUSD,0.09540,0.09960,0.09350,0.09510,183048.37487923
2025-08-25T00:00:00Z,BOBAUSD,0.09510,0.09590,0.08970,0.08970,87210.64507731
2025-08-26T00:00:00Z,BOBAUSD,0.08980,0.09470,0.08950,0.09400,53255.45922047
2025-08-27T00:00:00Z,BOBAUSD,0.09410,0.09490,0.09320,0.09320,42588.60555107
2025-08-28T00:00:00Z,BOBAUSD,0.09320,0.09540,0.09300,0.09390,100307.73370297
2025-08-29T00:00:00Z,BOBAUSD,0.09400,0.09400,0.09000,0.09050,24742.00291046
2025-08-30T00:00:00Z,BOBAUSD,0.09030,0.09320,0.09020,0.09210,35057.97548098
2025-08-31T00:00:00Z,BOBAUSD,0.09260,0.11750,0.09250,0.09750,611664.81446795
2025-09-01T00:00:00Z,BOBAUSD,0.09680,0.10000,0.09040,0.09060,262258.36481912
2025-09-02T00:00:00Z,BOBAUSD,0.09110,0.09570,0.09110,0.09430,78162.37671679
2025-09-03T00:00:00Z,BOBAUSD,0.09430,0.09540,0.09260,0.09490,56771.28489705
2025-09-04T00:00:00Z,BOBAUSD,0.09440,0.09770,0.09250,0.09430,195159.56184303
2025-09-05T00:00:00Z,BOBAUSD,0.09410,0.09650,0.09290,0.09410,73649.97079361
2025-09-06T00:00:00Z,BOBAUSD,0.09410,0.09570,0.09360,0.09490,42896.25002438
2025-09-07T00:00:00Z,BOBAUSD,0.09460,0.09530,0.09410,0.09430,28664.46555494
2025-09-08T00:00:00Z,BOBAUSD,0.09500,0.09590,0.09400,0.09540,57811.38507366
2025-09-09T00:00:00Z,BOBAUSD,0.09520,0.09570,0.09470,0.09500,18125.52591429
2025-09-10T00:00:00Z,BOBAUSD,0.09470,0.09700,0.09450,0.09530,102962.31442554
2025-09-11T00:00:00Z,BOBAUSD,0.09570,0.09920,0.09430,0.09760,173615.53480528
2025-09-12T00:00:00Z,BOBAUSD,0.09770,0.09990,0.09560,0.09610,33936.83808696
2025-09-13T00:00:00Z,BOBAUSD,0.09640,0.11630,0.09640,0.10450,349464.01046707
2025-09-14T00:00:00Z,BOBAUSD,0.10360,0.10440,0.09810,0.09810,89501.43871553
2025-09-15T00:00:00Z,BOBAUSD,0.09760,0.09950,0.09540,0.09580,11464.21780123
2025-09-16T00:00:00Z,BOBAUSD,0.09600,0.09630,0.09500,0.09570,16725.20914112
2025-09-17T00:00:00Z,BOBAUSD,0.09560,0.09620,0.09460,0.09590,41614.58935053
2025-09-18T00:00:00Z,BOBAUSD,0.09600,0.09740,0.09600,0.09610,75039.06223343
2025-09-19T00:00:00Z,BOBAUSD,0.09610,0.09710,0.09380,0.09420,69773.27328033
2025-09-20T00:00:00Z,BOBAUSD,0.09370,0.09430,0.09300,0.09370,58856.19594439
2025-09-21T00:00:00Z,BOBAUSD,0.09340,0.09420,0.09210,0.09350,78978.24552917
2025-09-22T00:00:00Z,BOBAUSD,0.09230,0.09230,0.08490,0.08590,273617.18714832
2025-09-23T00:00:00Z,BOBAUSD,0.08550,0.08710,0.08520,0.08520,176243.94002418
2025-09-24T00:00:00Z,BOBAUSD,0.08550,0.08550,0.08250,0.08410,248079.73899718
2025-09-25T00:00:00Z,BOBAUSD,0.08420,0.08420,0.08000,0.08020,222654.41439617
2025-09-26T00:00:00Z,BOBAUSD,0.08040,0.08300,0.07990,0.08220,204433.05538199
2025-09-27T00:00:00Z,BOBAUSD,0.08250,0.08540,0.08230,0.08480,174735.58642800
2025-09-28T00:00:00Z,BOBAUSD,0.08410,0.08670,0.08310,0.08670,193119.18067701
2025-09-29T00:00:00Z,BOBAUSD,0.08610,0.08610,0.08420,0.08550,97189.03716011
2025-09-30T00:00:00Z,BOBAUSD,0.08520,0.08740,0.08390,0.08550,100062.64964150
2025-10-01T00:00:00Z,BOBAUSD,0.08500,0.08810,0.08480,0.08790,106547.42451940
2025-10-02T00:00:00Z,BOBAUSD,0.08840,0.09050,0.08840,0.08870,124233.58379930
2025-10-03T00:00:00Z,BOBAUSD,0.08880,0.08940,0.08750,0.08940,77170.20438972
2025-10-04T00:00:00Z,BOBAUSD,0.08900,0.08900,0.08770,0.08840,46089.97115331
2025-10-05T00:00:00Z,BOBAUSD,0.08830,0.08950,0.08780,0.08780,39908.80699121
2025-10-06T00:00:00Z,BOBAUSD,0.08770,0.09200,0.08770,0.09180,117556.71666980
2025-10-07T00:00:00Z,BOBAUSD,0.09190,0.09190,0.08700,0.08750,182958.98798334
2025-10-08T00:00:00Z,BOBAUSD,0.08630,0.08820,0.08510,0.08820,67231.02590576
2025-10-09T00:00:00Z,BOBAUSD,0.08830,0.08830,0.08280,0.08480,74572.73263908
2025-10-10T00:00:00Z,BOBAUSD,0.08560,0.08560,0.06690,0.07450,218402.29719231
2025-10-11T00:00:00Z,BOBAUSD,0.07410,0.07600,0.06530,0.07380,309600.31240558
2025-10-12T00:00:00Z,BOBAUSD,0.07300,0.07570,0.07000,0.07510,87366.04538135
2025-10-13T00:00:00Z,BOBAUSD,0.07450,0.07570,0.07340,0.07540,72608.87772059
2025-10-14T00:00:00Z,BOBAUSD,0.07530,0.07530,0.06890,0.07110,101654.54782896
2025-10-15T00:00:00Z,BOBAUSD,0.07080,0.07200,0.06830,0.06840,202807.01098569
2025-10-16T00:00:00Z,BOBAUSD,0.06880,0.06970,0.06640,0.06670,159852.31272600
2025-10-17T00:00:00Z,BOBAUSD,0.06670,0.07640,0.06190,0.06330,339978.44641043
2025-10-18T00:00:00Z,BOBAUSD,0.06330,0.06480,0.06310,0.06310,62461.30129776
2025-10-19T00:00:00Z,BOBAUSD,0.06310,0.06880,0.06280,0.06600,54971.60098080
2025-10-20T00:00:00Z,BOBAUSD,0.06500,0.06730,0.06500,0.06600,97479.10996553
2025-10-21T00:00:00Z,BOBAUSD,0.06620,0.06850,0.06410,0.06480,192389.07307832
2025-10-22T00:00:00Z,BOBAUSD,0.06460,0.06460,0.06090,0.06210,166601.72567872
2025-10-23T00:00:00Z,BOBAUSD,0.06240,0.06420,0.06240,0.06280,86578.10707660
2025-10-24T00:00:00Z,BOBAUSD,0.06320,0.07190,0.06210,0.06700,269874.33255706
2025-10-25T00:00:00Z,BOBAUSD,0.06690,0.06900,0.06480,0.06530,116843.17134760
2025-10-26T00:00:00Z,BOBAUSD,0.06520,0.06850,0.06430,0.06710,99804.77077010
2025-10-27T00:00:00Z,BOBAUSD,0.06710,0.06860,0.06570,0.06610,124751.82630312
2025-10-28T00:00:00Z,BOBAUSD,0.06610,0.06880,0.06490,0.06500,201134.47622916
2025-10-29T00:00:00Z,BOBAUSD,0.06490,0.07000,0.06400,0.06710,264238.84452836
2025-10-30T00:00:00Z,BOBAUSD,0.06680,0.06680,0.06290,0.06420,103609.26108773
2025-10-31T00:00:00Z,BOBAUSD,0.06430,0.06460,0.06260,0.06320,101880.44754050
2025-11-01T00:00:00Z,BOBAUSD,0.06330,0.06480,0.06320,0.06480,63689.63579164
2025-11-02T00:00:00Z,BOBAUSD,0.06470,0.06470,0.06280,0.06290,41172.01589993
2025-11-03T00:00:00Z,BOBAUSD,0.06350,0.06360,0.05800,0.05920,269991.93850738
2025-11-04T00:00:00Z,BOBAUSD,0.05920,0.06060,0.05240,0.05520,329226.22859855
2025-11-05T00:00:00Z,BOBAUSD,0.05520,0.05880,0.05370,0.05560,355491.31596497
2025-11-06T00:00:00Z,BOBAUSD,0.05580,0.05580,0.05300,0.05440,418927.87028021
2025-11-07T00:00:00Z,BOBAUSD,0.05440,0.06910,0.05430,0.06050,645139.89742315
2025-11-08T00:00:00Z,BOBAUSD,0.06010,0.07500,0.05810,0.06140,411196.76222557
2025-11-09T00:00:00Z,BOBAUSD,0.06000,0.06400,0.05990,0.06180,70985.77822265
2025-11-10T00:00:00Z,BOBAUSD,0.06150,0.06370,0.06020,0.06060,148135.66694140
2025-11-11T00:00:00Z,BOBAUSD,0.06060,0.06200,0.05730,0.05730,65926.12560467
2025-11-12T00:00:00Z,BOBAUSD,0.05700,0.05890,0.05560,0.05660,204216.57596857
2025-11-13T00:00:00Z,BOBAUSD,0.05700,0.05760,0.05310,0.05460,253757.06689858
2025-11-14T00:00:00Z,BOBAUSD,0.05400,0.05780,0.05310,0.05550,349539.41583515
2025-11-15T00:00:00Z,BOBAUSD,0.05580,0.05730,0.05440,0.05500,271386.38242177
2025-11-16T00:00:00Z,BOBAUSD,0.05500,0.05540,0.05190,0.05280,172907.57163349
2025-11-17T00:00:00Z,BOBAUSD,0.05270,0.05470,0.05020,0.05030,489705.94904178
2025-11-18T00:00:00Z,BOBAUSD,0.05040,0.06110,0.04970,0.04990,222045.18891697
2025-11-19T00:00:00Z,BOBAUSD,0.04990,0.05090,0.04930,0.05020,137996.55891029
2025-11-20T00:00:00Z,BOBAUSD,0.05010,0.05070,0.04930,0.05030,211588.24581771
2025-11-21T00:00:00Z,BOBAUSD,0.04990,0.05010,0.04230,0.04380,452905.30698563
2025-11-22T00:00:00Z,BOBAUSD,0.04370,0.04860,0.04290,0.04380,224989.85364204
2025-11-23T00:00:00Z,BOBAUSD,0.04410,0.04770,0.04400,0.04560,48854.84722790
2025-11-24T00:00:00Z,BOBAUSD,0.04580,0.04910,0.04540,0.04700,158963.60287990
2025-11-25T00:00:00Z,BOBAUSD,0.04670,0.04680,0.04470,0.04510,133874.56600911
2025-11-26T00:00:00Z,BOBAUSD,0.04530,0.04560,0.04510,0.04530,33483.76016971
2025-11-27T00:00:00Z,BOBAUSD,0.04530,0.04550,0.04530,0.04550,1548.24483516
2025-11-28T00:00:00Z,BOBAUSD,0.04500,0.04540,0.04450,0.04460,23714.73585231
2025-11-29T00:00:00Z,BOBAUSD,0.04470,0.04580,0.04340,0.04550,157727.80538658
2025-11-30T00:00:00Z,BOBAUSD,0.04530,0.05820,0.04450,0.04450,700997.05549122
2025-12-01T00:00:00Z,BOBAUSD,0.04430,0.04430,0.03960,0.04060,121093.85340203
2025-12-02T00:00:00Z,BOBAUSD,0.04020,0.04280,0.04020,0.04160,71506.84189159
2025-12-03T00:00:00Z,BOBAUSD,0.04180,0.04310,0.04160,0.04310,140778.87417410
2025-12-04T00:00:00Z,BOBAUSD,0.04340,0.07630,0.04260,0.06370,2354669.50258221
2025-12-05T00:00:00Z,BOBAUSD,0.06340,0.06430,0.04860,0.04940,1648494.05069912
2025-12-06T00:00:00Z,BOBAUSD,0.04890,0.05130,0.04500,0.04550,873182.45269574
2025-12-07T00:00:00Z,BOBAUSD,0.04520,0.05030,0.04430,0.04430,406571.59964045
2025-12-08T00:00:00Z,BOBAUSD,0.04460,0.04590,0.04460,0.04540,245478.91582024
2025-12-09T00:00:00Z,BOBAUSD,0.04600,0.04630,0.04380,0.04460,334939.74643681
2025-12-10T00:00:00Z,BOBAUSD,0.04460,0.04570,0.04400,0.04440,337874.70466377
2025-12-11T00:00:00Z,BOBAUSD,0.04430,0.04910,0.04300,0.04520,617276.65073196
2025-12-12T00:00:00Z,BOBAUSD,0.04470,0.04830,0.04380,0.04410,251618.14483503
2025-12-13T00:00:00Z,BOBAUSD,0.04400,0.04400,0.04360,0.04360,15838.65383081
2025-12-14T00:00:00Z,BOBAUSD,0.04360,0.04380,0.04270,0.04270,206963.75195866
2025-12-15T00:00:00Z,BOBAUSD,0.04280,0.04280,0.04060,0.04060,302662.06064696
2025-12-16T00:00:00Z,BOBAUSD,0.04060,0.04140,0.03960,0.04120,170792.19343005
2025-12-17T00:00:00Z,BOBAUSD,0.04080,0.04360,0.03920,0.03920,438758.36500679
2025-12-18T00:00:00Z,BOBAUSD,0.03920,0.04050,0.03900,0.03950,62804.37204262
2025-12-19T00:00:00Z,BOBAUSD,0.04000,0.04280,0.03990,0.04050,141709.40628642
2025-12-20T00:00:00Z,BOBAUSD,0.04030,0.04090,0.03940,0.04000,165903.46498265
2025-12-21T00:00:00Z,BOBAUSD,0.04020,0.04020,0.03930,0.03930,19574.17313109
2025-12-22T00:00:00Z,BOBAUSD,0.03930,0.04000,0.03920,0.03970,45500.19955361
2025-12-23T00:00:00Z,BOBAUSD,0.03900,0.03930,0.03860,0.03890,73220.06534440
2025-12-24T00:00:00Z,BOBAUSD,0.03890,0.03920,0.03880,0.03920,21478.56673239
2025-12-25T00:00:00Z,BOBAUSD,0.03950,0.04030,0.03950,0.04030,1263.94790146
2025-12-26T00:00:00Z,BOBAUSD,0.04050,0.04320,0.04050,0.04110,126753.10108599
2025-12-27T00:00:00Z,BOBAUSD,0.04140,0.04240,0.04090,0.04110,10450.88845655
2025-12-28T00:00:00Z,BOBAUSD,0.04120,0.04310,0.04100,0.04100,24533.94299887
2025-12-29T00:00:00Z,BOBAUSD,0.04070,0.04170,0.04070,0.04140,7955.59720000
2025-12-30T00:00:00Z,BOBAUSD,0.04070,0.04090,0.04040,0.04060,20739.38962952
2025-12-31T00:00:00Z,BOBAUSD,0.03990,0.04000,0.03890,0.03890,96299.06932756
2026-01-01T00:00:00Z,BOBAUSD,0.03960,0.04030,0.03890,0.04030,46524.62669458
2026-01-02T00:00:00Z,BOBAUSD,0.04050,0.04190,0.04030,0.04190,63636.15523911
2026-01-03T00:00:00Z,BOBAUSD,0.04190,0.04280,0.04170,0.04280,37758.58023925
2026-01-04T00:00:00Z,BOBAUSD,0.04250,0.04490,0.04250,0.04380,189770.05699049
2026-01-05T00:00:00Z,BOBAUSD,0.04380,0.04570,0.04340,0.04540,171605.05998211
2026-01-06T00:00:00Z,BOBAUSD,0.04570,0.04580,0.04400,0.04500,138563.56042284
2026-01-07T00:00:00Z,BOBAUSD,0.04510,0.04510,0.04330,0.04330,37910.43315002
2026-01-08T00:00:00Z,BOBAUSD,0.04310,0.04330,0.04230,0.04250,25409.57692015
2026-01-09T00:00:00Z,BOBAUSD,0.04260,0.04270,0.04250,0.04270,1344.77200902
2026-01-10T00:00:00Z,BOBAUSD,0.04310,0.04400,0.04290,0.04300,38601.28577274
2026-01-11T00:00:00Z,BOBAUSD,0.04270,0.04440,0.04270,0.04310,62334.51728738
2026-01-12T00:00:00Z,BOBAUSD,0.04310,0.04310,0.04230,0.04250,11843.21340706
2026-01-13T00:00:00Z,BOBAUSD,0.04230,0.04370,0.04230,0.04370,92703.88553541
2026-01-14T00:00:00Z,BOBAUSD,0.04360,0.04380,0.04340,0.04370,6024.83989170
2026-01-15T00:00:00Z,BOBAUSD,0.04360,0.04460,0.04198,0.04250,47330.69860811
2026-01-16T00:00:00Z,BOBAUSD,0.04270,0.04270,0.04241,0.04241,1746.38400000
2026-01-17T00:00:00Z,BOBAUSD,0.04268,0.04339,0.04259,0.04339,1843.14350365
2026-01-18T00:00:00Z,BOBAUSD,0.04428,0.04890,0.04428,0.04550,181877.47534398
2026-01-19T00:00:00Z,BOBAUSD,0.04325,0.04488,0.04243,0.04380,22620.42933361
2026-01-20T00:00:00Z,BOBAUSD,0.04370,0.04370,0.04071,0.04071,61536.33337383
2026-01-21T00:00:00Z,BOBAUSD,0.04057,0.04058,0.03840,0.03990,44990.84433730
2026-01-22T00:00:00Z,BOBAUSD,0.03951,0.04019,0.03951,0.04000,10399.69744760
2026-01-23T00:00:00Z,BOBAUSD,0.03999,0.03999,0.03922,0.03936,13121.00481652
2026-01-24T00:00:00Z,BOBAUSD,0.03901,0.03919,0.03890,0.03909,5767.07325848
2026-01-25T00:00:00Z,BOBAUSD,0.03880,0.03880,0.03800,0.03839,29822.90439374
2026-01-26T00:00:00Z,BOBAUSD,0.03862,0.03863,0.03647,0.03648,33646.50674864
2026-01-27T00:00:00Z,BOBAUSD,0.03668,0.03720,0.03650,0.03719,95691.15876549
2026-01-28T00:00:00Z,BOBAUSD,0.03690,0.04128,0.03580,0.03736,419970.77683622
2026-01-29T00:00:00Z,BOBAUSD,0.03710,0.03710,0.03422,0.03580,69797.66307401
2026-01-30T00:00:00Z,BOBAUSD,0.03429,0.03461,0.03362,0.03433,4545.23628000
2026-01-31T00:00:00Z,BOBAUSD,0.03353,0.03353,0.02981,0.02981,78721.54827625
2026-02-01T00:00:00Z,BOBAUSD,0.03017,0.03190,0.02971,0.02994,156524.21044001
2026-02-02T00:00:00Z,BOBAUSD,0.03001,0.03066,0.02930,0.03051,73725.12505065
2026-02-03T00:00:00Z,BOBAUSD,0.03081,0.03179,0.03004,0.03074,51832.68852957
2026-02-04T00:00:00Z,BOBAUSD,0.03040,0.03061,0.02931,0.02931,11437.92468850
2026-02-05T00:00:00Z,BOBAUSD,0.02863,0.02863,0.02331,0.02363,461492.95187503
2026-02-06T00:00:00Z,BOBAUSD,0.02241,0.02633,0.02126,0.02540,210631.88685387
2026-02-07T00:00:00Z,BOBAUSD,0.02502,0.02720,0.02440,0.02619,72170.60651520
2026-02-08T00:00:00Z,BOBAUSD,0.02461,0.02672,0.02410,0.02495,81890.41613849
2026-02-09T00:00:00Z,BOBAUSD,0.02439,0.02530,0.02391,0.02486,24832.94744741
2026-02-10T00:00:00Z,BOBAUSD,0.02471,0.02471,0.02392,0.02432,57222.06314322
2026-02-11T00:00:00Z,BOBAUSD,0.02463,0.02491,0.02264,0.02308,63873.02753173
2026-02-12T00:00:00Z,BOBAUSD,0.02348,0.02348,0.02250,0.02264,72842.01093917
2026-02-13T00:00:00Z,BOBAUSD,0.02270,0.02428,0.02241,0.02280,205949.63552106
2026-02-14T00:00:00Z,BOBAUSD,0.02289,0.02368,0.02253,0.02333,255031.38021852
2026-02-15T00:00:00Z,BOBAUSD,0.02256,0.02266,0.02150,0.02164,239188.43318874
2026-02-16T00:00:00Z,BOBAUSD,0.02152,0.02174,0.02143,0.02172,146675.30307464
2026-02-17T00:00:00Z,BOBAUSD,0.02180,0.02181,0.02136,0.02181,4502.12517493
2026-02-18T00:00:00Z,BOBAUSD,0.02193,0.02194,0.02147,0.02147,28331.00718950
2026-02-19T00:00:00Z,BOBAUSD,0.02141,0.02141,0.01974,0.02018,356897.68688423
2026-02-20T00:00:00Z,BOBAUSD,0.02049,0.02080,0.02041,0.02075,106262.02765605
2026-02-21T00:00:00Z,BOBAUSD,0.02132,0.02133,0.02112,0.02133,6904.79582210
2026-02-22T00:00:00Z,BOBAUSD,0.02158,0.02756,0.02112,0.02119,2657677.45023164
2026-02-23T00:00:00Z,BOBAUSD,0.02118,0.02119,0.01965,0.01971,340717.38143702
2026-02-24T00:00:00Z,BOBAUSD,0.01945,0.02026,0.01885,0.01961,268362.77754307
2026-02-25T00:00:00Z,BOBAUSD,0.01950,0.02055,0.01950,0.02034,135185.29403656
2026-02-26T00:00:00Z,BOBAUSD,0.02014,0.02015,0.01907,0.01907,83066.51563241
2026-02-27T00:00:00Z,BOBAUSD,0.01936,0.01987,0.01913,0.01956,141440.25493933
2026-02-28T00:00:00Z,BOBAUSD,0.01942,0.01955,0.01852,0.01920,177889.24395194
2026-03-01T00:00:00Z,BOBAUSD,0.01957,0.01957,0.01851,0.01879,137814.75281118
2026-03-02T00:00:00Z,BOBAUSD,0.01894,0.03493,0.01856,0.03124,1979700.97334857
2026-03-03T00:00:00Z,BOBAUSD,0.03124,0.03990,0.02384,0.02418,6957154.96289807
2026-03-04T00:00:00Z,BOBAUSD,0.02383,0.02537,0.02192,0.02205,1107660.83348593
2026-03-05T00:00:00Z,BOBAUSD,0.02194,0.02255,0.02129,0.02160,280165.19463325
2026-03-06T00:00:00Z,BOBAUSD,0.02129,0.02807,0.02057,0.02384,656199.39098300
2026-03-07T00:00:00Z,BOBAUSD,0.02381,0.02464,0.02184,0.02312,574102.41443777
2026-03-08T00:00:00Z,BOBAUSD,0.02282,0.02282,0.02123,0.02124,153440.38510698
2026-03-09T00:00:00Z,BOBAUSD,0.02135,0.02156,0.02100,0.02130,42280.86263249
2026-03-10T00:00:00Z,BOBAUSD,0.02134,0.02167,0.02077,0.02104,176473.68081365
2026-03-11T00:00:00Z,BOBAUSD,0.02110,0.02116,0.02080,0.02106,13358.72760589
2026-03-12T00:00:00Z,BOBAUSD,0.02087,0.02111,0.02047,0.02099,112364.97486619
2026-03-13T00:00:00Z,BOBAUSD,0.02105,0.02111,0.02060,0.02090,58540.48413653
2026-03-14T00:00:00Z,BOBAUSD,0.02049,0.02072,0.02042,0.02046,4465.82814100
2026-03-15T00:00:00Z,BOBAUSD,0.02037,0.02073,0.02036,0.02045,5420.32378081
2026-03-16T00:00:00Z,BOBAUSD,0.02062,0.02113,0.02062,0.02097,73019.59564561
2026-03-17T00:00:00Z,BOBAUSD,0.02109,0.02809,0.02062,0.02414,2304379.07305673
2026-03-18T00:00:00Z,BOBAUSD,0.02372,0.02431,0.02103,0.02116,775574.96803330
2026-03-19T00:00:00Z,BOBAUSD,0.02085,0.02085,0.01970,0.01983,364542.70393187
2026-03-20T00:00:00Z,BOBAUSD,0.01978,0.01978,0.01821,0.01835,289602.52456030
2026-03-21T00:00:00Z,BOBAUSD,0.01840,0.03157,0.01825,0.02282,2538305.41898330
2026-03-22T00:00:00Z,BOBAUSD,0.02260,0.02313,0.02067,0.02089,366417.31066348
2026-03-23T00:00:00Z,BOBAUSD,0.02060,0.02331,0.02053,0.02108,318188.16598857
2026-03-24T00:00:00Z,BOBAUSD,0.02092,0.02331,0.02050,0.02196,484023.49846221
2026-03-25T00:00:00Z,BOBAUSD,0.02208,0.02383,0.02052,0.02209,712973.56349244
2026-03-26T00:00:00Z,BOBAUSD,0.02194,0.02474,0.02158,0.02212,542926.51365352
2026-03-27T00:00:00Z,BOBAUSD,0.02213,0.02225,0.02094,0.02154,634652.33672763
2026-03-28T00:00:00Z,BOBAUSD,0.02124,0.02319,0.02122,0.02150,560687.14678270
2026-03-29T00:00:00Z,BOBAUSD,0.02138,0.02225,0.02082,0.02142,316441.17905111
2026-03-30T00:00:00Z,BOBAUSD,0.02083,0.02193,0.02083,0.02149,96564.98613310
2026-03-31T00:00:00Z,BOBAUSD,0.02115,0.02160,0.02027,0.02099,134233.30542186
2026-04-01T00:00:00Z,BOBAUSD,0.02083,0.02354,0.02040,0.02178,1062909.71464480
2026-04-02T00:00:00Z,BOBAUSD,0.02191,0.02201,0.02095,0.02103,163986.43772609
2026-04-03T00:00:00Z,BOBAUSD,0.02089,0.02140,0.02066,0.02103,54056.00472266
2026-04-04T00:00:00Z,BOBAUSD,0.02160,0.02207,0.02084,0.02148,194147.94762077
2026-04-05T00:00:00Z,BOBAUSD,0.02151,0.02151,0.02069,0.02073,76492.98346309
2026-04-06T00:00:00Z,BOBAUSD,0.02128,0.02309,0.02125,0.02182,190610.18266883
2026-04-07T00:00:00Z,BOBAUSD,0.02167,0.02258,0.02124,0.02200,281144.57478115
2026-04-08T00:00:00Z,BOBAUSD,0.02213,0.02351,0.02186,0.02325,103087.80792288
2026-04-09T00:00:00Z,BOBAUSD,0.02280,0.02298,0.02218,0.02262,232410.56487407
2026-04-10T00:00:00Z,BOBAUSD,0.02253,0.02259,0.02191,0.02229,34873.92041893
2026-04-11T00:00:00Z,BOBAUSD,0.02269,0.02297,0.02183,0.02237,75433.94419030
2026-04-12T00:00:00Z,BOBAUSD,0.02253,0.02259,0.02166,0.02166,42270.04444339
2026-04-13T00:00:00Z,BOBAUSD,0.02178,0.02293,0.02178,0.02235,61792.20998389
2026-04-14T00:00:00Z,BOBAUSD,0.02257,0.02305,0.02221,0.02221,79402.87047177
2026-04-15T00:00:00Z,BOBAUSD,0.02252,0.02255,0.02199,0.02255,94194.37548042
2026-04-16T00:00:00Z,BOBAUSD,0.02256,0.02356,0.02244,0.02306,116311.55927932
2026-04-17T00:00:00Z,BOBAUSD,0.02245,0.02394,0.02234,0.02322,182439.63199214
2026-04-18T00:00:00Z,BOBAUSD,0.02328,0.02529,0.02322,0.02394,325466.64839124
2026-04-19T00:00:00Z,BOBAUSD,0.02387,0.03262,0.02292,0.02360,2288068.58830506
2026-04-20T00:00:00Z,BOBAUSD,0.02399,0.02527,0.02393,0.02441,195411.32221639
2026-04-21T00:00:00Z,BOBAUSD,0.02390,0.02466,0.02357,0.02403,166712.58612742
2026-04-22T00:00:00Z,BOBAUSD,0.02397,0.02486,0.02377,0.02413,22634.44143008
2026-04-23T00:00:00Z,BOBAUSD,0.02377,0.02400,0.02353,0.02353,54599.79258691
2026-04-24T00:00:00Z,BOBAUSD,0.02367,0.02418,0.02362,0.02418,47113.12658927
2026-04-25T00:00:00Z,BOBAUSD,0.02517,0.02607,0.02402,0.02419,184985.66166220
2026-04-26T00:00:00Z,BOBAUSD,0.02396,0.02398,0.02367,0.02380,50882.56467108
2026-04-27T00:00:00Z,BOBAUSD,0.02373,0.02380,0.02285,0.02303,22376.98896017
2026-04-28T00:00:00Z,BOBAUSD,0.02289,0.02306,0.02269,0.02283,24083.97899999
2026-04-29T00:00:00Z,BOBAUSD,0.02283,0.02332,0.02274,0.02290,20460.79964734
2026-04-30T00:00:00Z,BOBAUSD,0.02270,0.02294,0.02270,0.02294,67102.31541076
2026-05-01T00:00:00Z,BOBAUSD,0.02279,0.02302,0.02275,0.02275,34746.93800902
2026-05-02T00:00:00Z,BOBAUSD,0.02289,0.02345,0.02289,0.02338,15091.55197975
2026-05-03T00:00:00Z,BOBAUSD,0.02419,0.03700,0.02419,0.03014,3269995.95530351
2026-05-04T00:00:00Z,BOBAUSD,0.02973,0.02973,0.02555,0.02580,1227280.08210611
2026-05-05T00:00:00Z,BOBAUSD,0.02564,0.02606,0.02482,0.02551,154171.69544031
2026-05-06T00:00:00Z,BOBAUSD,0.02536,0.02635,0.02536,0.02607,93106.26614740
2026-05-07T00:00:00Z,BOBAUSD,0.02602,0.02786,0.02548,0.02578,214735.30481381
2026-05-08T00:00:00Z,BOBAUSD,0.02587,0.03332,0.02569,0.03048,826086.77940369
2026-05-09T00:00:00Z,BOBAUSD,0.03047,0.03125,0.02735,0.02847,798611.35984656
2026-05-10T00:00:00Z,BOBAUSD,0.02804,0.02965,0.02748,0.02805,310835.34906490
2026-05-11T00:00:00Z,BOBAUSD,0.02782,0.02847,0.02699,0.02738,263124.94218047
2026-05-12T00:00:00Z,BOBAUSD,0.02728,0.03137,0.02682,0.02720,353329.42544992
2026-05-13T00:00:00Z,BOBAUSD,0.02718,0.02718,0.02650,0.02650,95292.66912660
2026-05-14T00:00:00Z,BOBAUSD,0.02648,0.02680,0.02614,0.02650,34423.95468857
2026-05-15T00:00:00Z,BOBAUSD,0.02677,0.02677,0.02600,0.02613,29410.31594165
2026-05-16T00:00:00Z,BOBAUSD,0.02603,0.02967,0.02524,0.02651,870995.71567899
2026-05-17T00:00:00Z,BOBAUSD,0.02689,0.02709,0.02593,0.02600,55362.78618314
2026-05-18T00:00:00Z,BOBAUSD,0.02535,0.02662,0.02488,0.02541,113582.48302257
2026-05-19T00:00:00Z,BOBAUSD,0.02607,0.02607,0.02528,0.02528,79129.93603016
2026-05-20T00:00:00Z,BOBAUSD,0.02525,0.02548,0.02500,0.02539,15139.34700000
2026-05-21T00:00:00Z,BOBAUSD,0.02520,0.02570,0.02489,0.02511,51212.86581172
2026-05-22T00:00:00Z,BOBAUSD,0.02495,0.02587,0.02430,0.02453,140195.99909447
2026-05-23T00:00:00Z,BOBAUSD,0.02467,0.02509,0.02397,0.02509,36862.61908432
2026-05-24T00:00:00Z,BOBAUSD,0.02511,0.02769,0.02486,0.02549,219372.34033971
2026-05-25T00:00:00Z,BOBAUSD,0.02528,0.02696,0.02522,0.02591,163173.33562342
2026-05-26T00:00:00Z,BOBAUSD,0.02496,0.02542,0.02473,0.02524,46477.91117864
2026-05-27T00:00:00Z,BOBAUSD,0.02476,0.02646,0.02415,0.02415,82577.04088630
2026-05-28T00:00:00Z,BOBAUSD,0.02425,0.02445,0.02344,0.02390,29463.37214491
2026-05-29T00:00:00Z,BOBAUSD,0.02402,0.03482,0.02338,0.02961,2095952.34403658
2026-05-30T00:00:00Z,BOBAUSD,0.02966,0.02966,0.02506,0.02525,1394977.76878383
2026-05-31T00:00:00Z,BOBAUSD,0.02525,0.02600,0.02484,0.02573,215811.47872493
2026-06-01T00:00:00Z,BOBAUSD,0.02560,0.02560,0.02450,0.02450,147895.33065021
2026-06-02T00:00:00Z,BOBAUSD,0.02452,0.02469,0.02365,0.02390,223238.37271835
2026-06-03T00:00:00Z,BOBAUSD,0.02379,0.02453,0.02372,0.02376,82401.12854655
2026-06-04T00:00:00Z,BOBAUSD,0.02412,0.02554,0.02308,0.02377,254924.62478959
2026-06-05T00:00:00Z,BOBAUSD,0.02384,0.02570,0.02248,0.02312,585133.26242240
2026-06-06T00:00:00Z,BOBAUSD,0.02281,0.02283,0.02173,0.02272,86917.55156571
2026-06-07T00:00:00Z,BOBAUSD,0.02275,0.02328,0.02238,0.02306,216109.82116770
2026-06-08T00:00:00Z,BOBAUSD,0.02312,0.02483,0.02286,0.02328,288996.74271711
2026-06-09T00:00:00Z,BOBAUSD,0.02304,0.02307,0.02235,0.02235,86136.05272270
2026-06-10T00:00:00Z,BOBAUSD,0.02235,0.02296,0.02206,0.02268,140746.68499530
2026-06-11T00:00:00Z,BOBAUSD,0.02281,0.02379,0.02281,0.02377,89780.97176313
2026-06-12T00:00:00Z,BOBAUSD,0.02378,0.02416,0.02212,0.02242,188270.26431480
2026-06-13T00:00:00Z,BOBAUSD,0.02248,0.02281,0.02228,0.02275,27541.01470161
2026-06-14T00:00:00Z,BOBAUSD,0.02275,0.02312,0.02229,0.02312,36003.21973894
2026-06-15T00:00:00Z,BOBAUSD,0.02282,0.02385,0.02282,0.02290,158125.24228828
2026-06-16T00:00:00Z,BOBAUSD,0.02282,0.02408,0.02282,0.02346,95701.41083257
2026-06-17T00:00:00Z,BOBAUSD,0.02335,0.02387,0.02282,0.02282,76841.32513944
2026-06-18T00:00:00Z,BOBAUSD,0.02266,0.02271,0.02188,0.02208,141547.97621513
2026-06-19T00:00:00Z,BOBAUSD,0.02217,0.02229,0.02190,0.02215,26391.97642697
2026-06-20T00:00:00Z,BOBAUSD,0.02218,0.03038,0.02213,0.02363,1758532.16399609
2026-06-21T00:00:00Z,BOBAUSD,0.02373,0.02454,0.02268,0.02268,283078.28510647
2026-06-22T00:00:00Z,BOBAUSD,0.02276,0.02288,0.02221,0.02221,54887.05724382
2026-06-23T00:00:00Z,BOBAUSD,0.02248,0.02248,0.02170,0.02170,85619.27279527
2026-06-24T00:00:00Z,BOBAUSD,0.02250,0.02269,0.02000,0.02055,158050.55339833
2026-06-25T00:00:00Z,BOBAUSD,0.02024,0.02077,0.01540,0.01955,166392.52425339
2026-06-26T00:00:00Z,BOBAUSD,0.01988,0.02222,0.01968,0.02155,101919.08660749
2026-06-27T00:00:00Z,BOBAUSD,0.02062,0.02065,0.01991,0.01991,19832.51066031
2026-06-28T00:00:00Z,BOBAUSD,0.01987,0.02059,0.01979,0.02031,38412.12265992
2026-06-29T00:00:00Z,BOBAUSD,0.02013,0.02059,0.01980,0.02054,12823.68946649
2026-06-30T00:00:00Z,BOBAUSD,0.02006,0.02042,0.01952,0.02001,7532.85840528
2026-07-01T00:00:00Z,BOBAUSD,0.01968,0.02039,0.01941,0.02026,16605.90926897
2026-07-02T00:00:00Z,BOBAUSD,0.02036,0.02101,0.02027,0.02041,35957.65680997
2026-07-03T00:00:00Z,BOBAUSD,0.02074,0.02239,0.02005,0.02089,65519.12834193
2026-07-04T00:00:00Z,BOBAUSD,0.02074,0.02255,0.02049,0.02051,100146.46714738
2026-07-05T00:00:00Z,BOBAUSD,0.02045,0.02119,0.02016,0.02090,48620.50872965
2026-07-06T00:00:00Z,BOBAUSD,0.02073,0.02311,0.02044,0.02122,49166.90918905
2026-07-07T00:00:00Z,BOBAUSD,0.02103,0.02103,0.01955,0.01999,390152.93947755
2026-07-08T00:00:00Z,BOBAUSD,0.01969,0.01986,0.01958,0.01971,20002.13446775
2026-07-09T00:00:00Z,BOBAUSD,0.01995,0.02029,0.01975,0.02019,74818.33273418
2026-07-10T00:00:00Z,BOBAUSD,0.02021,0.02196,0.02020,0.02049,109349.96148452
2026-07-11T00:00:00Z,BOBAUSD,0.02072,0.02131,0.02036,0.02036,113708.41709279
2026-07-12T00:00:00Z,BOBAUSD,0.02036,0.02036,0.02036,0.02036,0.00000000
2026-07-13T00:00:00Z,BOBAUSD,0.02040,0.02046,0.01960,0.01961,19406.89764893
2026-07-14T00:00:00Z,BOBAUSD,0.02036,0.02071,0.02023,0.02069,24913.42916843
2026-07-15T00:00:00Z,BOBAUSD,0.02069,0.02070,0.02014,0.02068,22964.42849374
2026-07-16T00:00:00Z,BOBAUSD,0.02066,0.02066,0.02014,0.02014,5304.69581670
2026-07-17T00:00:00Z,BOBAUSD,0.01999,0.02006,0.01968,0.01968,19141.06821537
2026-07-18T00:00:00Z,BOBAUSD,0.01958,0.02038,0.01927,0.02010,130198.09836331
2026-07-19T00:00:00Z,BOBAUSD,0.01993,0.01993,0.01954,0.01954,6647.85057176
2026-07-20T00:00:00Z,BOBAUSD,0.01975,0.02229,0.01904,0.01943,208121.31220530
2026-07-21T00:00:00Z,BOBAUSD,0.01945,0.01992,0.01899,0.01956,63896.57184945
2026-07-22T00:00:00Z,BOBAUSD,0.01951,0.01994,0.01908,0.01926,48931.98907549
2026-07-23T00:00:00Z,BOBAUSD,0.01910,0.01931,0.01883,0.01902,60773.67615571
2026-07-24T00:00:00Z,BOBAUSD,0.01888,0.01929,0.01886,0.01915,37017.97705503
2026-07-25T00:00:00Z,BOBAUSD,0.01926,0.01941,0.01918,0.01925,7795.12100000
2026-07-26T00:00:00Z,BOBAUSD,0.01955,0.02514,0.01934,0.01948,288590.93794196
2026-07-27T00:00:00Z,BOBAUSD,0.01940,0.02017,0.01936,0.01969,37696.74486038
2026-07-28T00:00:00Z,BOBAUSD,0.01950,0.02156,0.01849,0.01859,314597.87283336
2026-07-29T00:00:00Z,BOBAUSD,0.01891,0.01954,0.01824,0.01861,431395.85613510
2026-07-30T00:00:00Z,BOBAUSD,0.01893,0.01945,0.01873,0.01894,98337.91510592
2026-07-31T00:00:00Z,BOBAUSD,0.01890,0.01915,0.01874,0.01909,13745.26755000
2026-08-01T00:00:00Z,BOBAUSD,0.01919,0.01959,0.01917,0.01917,13807.11974404
2026-08-02T00:00:00Z,BOBAUSD,0.01907,0.01935,0.01897,0.01935,11755.96800000
2026-08-03T00:00:00Z,BOBAUSD,0.01912,0.01918,0.01851,0.01918,37726.63957959
2026-08-04T00:00:00Z,BOBAUSD,0.01931,0.01931,0.01864,0.01890,29950.43562580
2026-08-05T00:00:00Z,BOBAUSD,0.01885,0.01919,0.01873,0.01873,13673.52485692
2026-08-06T00:00:00Z,BOBAUSD,0.01897,0.01923,0.01872,0.01894,96714.91777989
2026-08-07T00:00:00Z,BOBAUSD,0.01879,0.01947,0.01874,0.01927,28524.77793164
2026-08-08T00:00:00Z,BOBAUSD,0.01961,0.02000,0.01931,0.01981,32177.98234553
2026-08-09T00:00:00Z,BOBAUSD,0.01904,0.01955,0.01854,0.01854,177894.94617652
2026-08-10T00:00:00Z,BOBAUSD,0.01863,0.01915,0.01859,0.01910,47009.84446118
2026-08-11T00:00:00Z,BOBAUSD,0.01937,0.02078,0.01894,0.01909,262254.29303231
2026-08-12T00:00:00Z,BOBAUSD,0.01887,0.01927,0.01845,0.01845,47985.29758942
2026-08-13T00:00:00Z,BOBAUSD,0.01853,0.01861,0.01776,0.01791,38628.44453499
2026-08-14T00:00:00Z,BOBAUSD,0.01801,0.01801,0.01734,0.01749,51437.06709289
2026-08-15T00:00:00Z,BOBAUSD,0.01751,0.01760,0.01730,0.01756,66813.02619034
2026-08-16T00:00:00Z,BOBAUSD,0.01744,0.01744,0.01704,0.01713,93116.09809775
2026-08-17T00:00:00Z,BOBAUSD,0.01721,0.01735,0.01694,0.01729,152525.75717350
2026-08-18T00:00:00Z,BOBAUSD,0.01706,0.01778,0.01692,0.01734,138847.68328272
2026-08-19T00:00:00Z,BOBAUSD,0.01760,0.01822,0.01728,0.01822,237685.65078846
2026-08-20T00:00:00Z,BOBAUSD,0.01805,0.01872,0.01801,0.01858,183576.16002388
2026-08-21T00:00:00Z,BOBAUSD,0.01854,0.01930,0.01811,0.01887,151451.66016646
2026-08-22T00:00:00Z,BOBAUSD,0.01924,0.01950,0.01851,0.01896,228226.08492699
2026-08-23T00:00:00Z,BOBAUSD,0.01901,0.02159,0.01872,0.01935,315070.78498777
2026-08-24T00:00:00Z,BOBAUSD,0.01929,0.01949,0.01807,0.01938,324042.66761927
2026-08-25T00:00:00Z,BOBAUSD,0.01930,0.01930,0.01843,0.01850,228401.13034992
2026-08-26T00:00:00Z,BOBAUSD,0.01856,0.02036,0.01842,0.01918,336601.11182744
2026-08-27T00:00:00Z,BOBAUSD,0.01944,0.02137,0.01943,0.02054,310134.40549303
2026-08-28T00:00:00Z,BOBAUSD,0.02026,0.02071,0.01918,0.01988,325146.64423337
2026-08-29T00:00:00Z,BOBAUSD,0.01987,0.02052,0.01906,0.02005,110127.16546119
2026-08-30T00:00:00Z,BOBAUSD,0.02004,0.02165,0.01987,0.02062,181655.78919620
2026-08-31T00:00:00Z,BOBAUSD,0.01988,0.02183,0.01980,0.02085,173992.59379199
2026-09-01T00:00:00Z,BOBAUSD,0.02065,0.02098,0.01913,0.01954,116722.25518872
2026-09-02T00:00:00Z,BOBAUSD,0.01989,0.01989,0.01900,0.01916,171249.68321020
2026-09-03T00:00:00Z,BOBAUSD,0.01914,0.02004,0.01840,0.01968,110649.96902216
2026-09-04T00:00:00Z,BOBAUSD,0.01963,0.02028,0.01887,0.01947,106204.97322162
2026-09-05T00:00:00Z,BOBAUSD,0.01990,0.02042,0.01896,0.01989,239928.76576900
2026-09-06T00:00:00Z,BOBAUSD,0.01984,0.02069,0.01949,0.02007,153014.44325133
2026-09-07T00:00:00Z,BOBAUSD,0.01998,0.02018,0.01914,0.02003,136362.34538827
2026-09-08T00:00:00Z,BOBAUSD,0.01963,0.02035,0.01908,0.01964,243334.38494715
2026-09-09T00:00:00Z,BOBAUSD,0.01966,0.02068,0.01916,0.01918,86832.54582071
2026-09-10T00:00:00Z,BOBAUSD,0.01915,0.01949,0.01821,0.01821,215725.92225877
2026-09-11T00:00:00Z,BOBAUSD,0.01836,0.01999,0.01816,0.01879,415003.71388824
2026-09-12T00:00:00Z,BOBAUSD,0.01879,0.01908,0.01847,0.01852,85628.01835409
2026-09-13T00:00:00Z,BOBAUSD,0.01873,0.01976,0.01863,0.01883,426172.14494796
2026-09-14T00:00:00Z,BOBAUSD,0.01883,0.01920,0.01834,0.01879,344668.40154990
2026-09-15T00:00:00Z,BOBAUSD,0.01872,0.01899,0.01818,0.01823,209568.26253253
2026-09-16T00:00:00Z,BOBAUSD,0.01820,0.01867,0.01800,0.01810,97881.93970291
2026-09-17T00:00:00Z,BOBAUSD,0.01831,0.01927,0.01824,0.01895,158074.84344847
2026-09-18T00:00:00Z,BOBAUSD,0.01902,0.02036,0.01883,0.01949,120664.70400693
2026-09-19T00:00:00Z,BOBAUSD,0.01956,0.02021,0.01939,0.02005,53552.90942032
2026-09-20T00:00:00Z,BOBAUSD,0.01998,0.02033,0.01920,0.01967,60540.66238712
2026-09-21T00:00:00Z,BOBAUSD,0.01984,0.02120,0.01926,0.02051,112142.30628543
2026-09-22T00:00:00Z,BOBAUSD,0.02032,0.03058,0.02030,0.02096,333661.05722150
2026-09-23T00:00:00Z,BOBAUSD,0.02094,0.02171,0.02034,0.02056,261849.47586084
2026-09-24T00:00:00Z,BOBAUSD,0.02030,0.02224,0.01994,0.02067,237899.91688805
2026-09-25T00:00:00Z,BOBAUSD,0.02082,0.02247,0.02082,0.02102,158854.00948961
2026-09-26T00:00:00Z,BOBAUSD,0.02117,0.02234,0.02117,0.02197,317653.30492081
2026-09-27T00:00:00Z,BOBAUSD,0.02172,0.03169,0.02124,0.02313,1058173.48684384
