timestamp,symbol,open,high,low,close,volume
2021-07-06T00:00:00Z,CQTUSD,0.469,0.5,0.4,0.458,709865.0066205508
2021-07-07T00:00:00Z,CQTUSD,0.46,0.46,0.41,0.424,321265.3293473402
2021-07-08T00:00:00Z,CQTUSD,0.421,0.479,0.377,0.464,341366.84171912
2021-07-09T00:00:00Z,CQTUSD,0.466,0.466,0.416,0.436,265078.07807310007
2021-07-10T00:00:00Z,CQTUSD,0.436,0.446,0.421,0.433,126381.05460673997
2021-07-11T00:00:00Z,CQTUSD,0.433,0.439,0.419,0.419,49794.430296449995
2021-07-12T00:00:00Z,CQTUSD,0.416,0.427,0.394,0.402,97655.73912051006
2021-07-13T00:00:00Z,CQTUSD,0.399,0.408,0.38,0.399,62407.070975190014
2021-07-14T00:00:00Z,CQTUSD,0.4,0.4,0.364,0.377,269920.0946454401
2021-07-15T00:00:00Z,CQTUSD,0.373,0.373,0.324,0.344,392530.5463624701
2021-07-16T00:00:00Z,CQTUSD,0.341,0.347,0.323,0.346,126353.00709170995
2021-07-17T00:00:00Z,CQTUSD,0.344,0.397,0.341,0.393,601665.7364518701
2021-07-18T00:00:00Z,CQTUSD,0.392,0.414,0.379,0.39,168490.81425920012
2021-07-19T00:00:00Z,CQTUSD,0.389,0.389,0.348,0.352,221414.60226837013
2021-07-20T00:00:00Z,CQTUSD,0.351,0.355,0.315,0.315,126724.62408661992
2021-07-21T00:00:00Z,CQTUSD,0.316,0.35,0.316,0.338,239392.13085121996
2021-07-22T00:00:00Z,CQTUSD,0.337,0.355,0.333,0.35,68561.71558936
2021-07-23T00:00:00Z,CQTUSD,0.348,0.361,0.337,0.341,82754.02956101003
2021-07-24T00:00:00Z,CQTUSD,0.339,0.369,0.337,0.363,154921.08371916006
2021-07-25T00:00:00Z,CQTUSD,0.365,0.366,0.345,0.353,115639.25259137001
2021-07-26T00:00:00Z,CQTUSD,0.352,0.385,0.352,0.355,274080.05516718
2021-07-27T00:00:00Z,CQTUSD,0.35,0.355,0.336,0.346,96732.8920858
2021-07-28T00:00:00Z,CQTUSD,0.346,0.355,0.334,0.334,131441.41698543998
2021-07-29T00:00:00Z,CQTUSD,0.333,0.35,0.331,0.35,56647.31272417003
2021-07-30T00:00:00Z,CQTUSD,0.353,0.392,0.353,0.392,209599.28496714
2021-07-31T00:00:00Z,CQTUSD,0.39,0.423,0.382,0.423,365426.7583255901
2021-08-01T00:00:00Z,CQTUSD,0.425,0.473,0.415,0.428,244523.76175934004
2021-08-02T00:00:00Z,CQTUSD,0.43,0.453,0.4,0.447,144238.47579992012
2021-08-03T00:00:00Z,CQTUSD,0.448,0.492,0.432,0.454,97976.00319844995
2021-08-04T00:00:00Z,CQTUSD,0.456,0.566,0.456,0.521,420569.0370374801
2021-08-05T00:00:00Z,CQTUSD,0.521,0.562,0.487,0.536,555131.7786587001
2021-08-06T00:00:00Z,CQTUSD,0.536,0.592,0.534,0.584,289275.4654013005
2021-08-07T00:00:00Z,CQTUSD,0.589,0.697,0.586,0.675,369528.0801766403
2021-08-08T00:00:00Z,CQTUSD,0.676,0.702,0.585,0.619,372478.29349850985
2021-08-09T00:00:00Z,CQTUSD,0.618,0.691,0.598,0.654,239781.17905288996
2021-08-10T00:00:00Z,CQTUSD,0.653,0.848,0.646,0.815,581782.1631141055
2021-08-11T00:00:00Z,CQTUSD,0.806,0.94,0.773,0.86,499049.34059300995
2021-08-12T00:00:00Z,CQTUSD,0.863,1.279,0.861,1.198,904038.8999946201
2021-08-13T00:00:00Z,CQTUSD,1.198,1.959,1.003,1.743,1802200.9354810703
2021-08-14T00:00:00Z,CQTUSD,1.742,2.111,1.511,1.551,1865138.8307938066
2021-08-15T00:00:00Z,CQTUSD,1.56,1.754,1.207,1.581,1758365.8035284085
2021-08-16T00:00:00Z,CQTUSD,1.568,1.569,1.287,1.354,664262.2232907888
2021-08-17T00:00:00Z,CQTUSD,1.355,1.445,1.204,1.204,587464.0842757202
2021-08-18T00:00:00Z,CQTUSD,1.207,1.44,1.077,1.264,959236.6201997029
2021-08-19T00:00:00Z,CQTUSD,1.258,1.655,1.196,1.519,1041475.4898553931
2021-08-20T00:00:00Z,CQTUSD,1.536,1.69,1.453,1.611,792860.6961248107
2021-08-21T00:00:00Z,CQTUSD,1.607,1.607,1.49,1.493,290763.4213278499
2021-08-22T00:00:00Z,CQTUSD,1.493,1.584,1.408,1.461,478170.01646102994
2021-08-23T00:00:00Z,CQTUSD,1.461,1.633,1.418,1.46,534035.8964343801
2021-08-24T00:00:00Z,CQTUSD,1.451,1.531,1.31,1.327,325947.16698495037
2021-08-25T00:00:00Z,CQTUSD,1.333,1.418,1.261,1.397,267270.36217833025
2021-08-26T00:00:00Z,CQTUSD,1.402,1.468,1.252,1.324,284454.38911961974
2021-08-27T00:00:00Z,CQTUSD,1.324,1.44,1.265,1.422,281220.67813486024
2021-08-28T00:00:00Z,CQTUSD,1.425,1.426,1.316,1.338,125866.94232926
2021-08-29T00:00:00Z,CQTUSD,1.342,1.349,1.252,1.258,158033.15470867994
2021-08-30T00:00:00Z,CQTUSD,1.26,1.317,1.191,1.222,172824.4015747402
2021-08-31T00:00:00Z,CQTUSD,1.219,1.289,1.192,1.204,91574.74449761005
2021-09-01T00:00:00Z,CQTUSD,1.198,1.429,1.147,1.31,452592.0136643599
2021-09-02T00:00:00Z,CQTUSD,1.309,1.47,1.309,1.369,256954.78941923022
2021-09-03T00:00:00Z,CQTUSD,1.371,1.38,1.314,1.319,124786.15227314994
2021-09-04T00:00:00Z,CQTUSD,1.323,1.34,1.272,1.277,94837.21117742007
2021-09-05T00:00:00Z,CQTUSD,1.285,1.297,1.242,1.296,112543.80135560001
2021-09-06T00:00:00Z,CQTUSD,1.301,1.56,1.301,1.386,451188.1698165199
2021-09-07T00:00:00Z,CQTUSD,1.394,1.66,1.165,1.249,562887.4373763093
2021-09-08T00:00:00Z,CQTUSD,1.258,1.318,1.08,1.289,260390.8761370302
2021-09-09T00:00:00Z,CQTUSD,1.292,1.357,1.247,1.298,315302.5206493101
2021-09-10T00:00:00Z,CQTUSD,1.307,1.314,1.192,1.21,167030.35115644
2021-09-11T00:00:00Z,CQTUSD,1.222,1.269,1.159,1.223,125872.95689780997
2021-09-12T00:00:00Z,CQTUSD,1.221,1.267,1.202,1.236,139625.86274935002
2021-09-13T00:00:00Z,CQTUSD,1.243,1.25,1.13,1.232,162108.30906851013
2021-09-14T00:00:00Z,CQTUSD,1.227,1.342,1.141,1.26,376859.6961378803
2021-09-15T00:00:00Z,CQTUSD,1.267,1.455,1.267,1.38,284864.0970618701
2021-09-16T00:00:00Z,CQTUSD,1.367,1.438,1.25,1.29,389299.4365697899
2021-09-17T00:00:00Z,CQTUSD,1.285,1.288,1.152,1.162,463454.22152227006
2021-09-18T00:00:00Z,CQTUSD,1.167,1.4,1.166,1.232,696724.4502211089
2021-09-19T00:00:00Z,CQTUSD,1.225,1.265,1.181,1.193,341811.37681401
2021-09-20T00:00:00Z,CQTUSD,1.196,1.213,1.001,1.001,612803.7400213296
2021-09-21T00:00:00Z,CQTUSD,1.003,1.234,0.96,1.056,606635.1020597905
2021-09-22T00:00:00Z,CQTUSD,1.045,1.19,0.999,1.163,1800871.56827729
2021-09-23T00:00:00Z,CQTUSD,1.168,1.185,1.067,1.101,429745.4138812299
2021-09-24T00:00:00Z,CQTUSD,1.095,1.119,0.927,1.037,858195.9698247998
2021-09-25T00:00:00Z,CQTUSD,1.027,1.028,0.918,0.957,872247.1067859293
2021-09-26T00:00:00Z,CQTUSD,0.955,0.955,0.817,0.892,1320881.4245151982
2021-09-27T00:00:00Z,CQTUSD,0.897,0.912,0.835,0.856,971783.3347813416
2021-09-28T00:00:00Z,CQTUSD,0.854,0.923,0.833,0.834,833901.38373973
2021-09-29T00:00:00Z,CQTUSD,0.825,0.91,0.825,0.854,1014785.5843712904
2021-09-30T00:00:00Z,CQTUSD,0.857,1.018,0.857,1.011,1075904.661423841
2021-10-01T00:00:00Z,CQTUSD,1.014,1.182,0.995,1.182,358059.0902611103
2021-10-02T00:00:00Z,CQTUSD,1.179,1.268,1.122,1.213,618486.37128376
2021-10-03T00:00:00Z,CQTUSD,1.207,1.21,1.1,1.139,310910.99569454027
2021-10-04T00:00:00Z,CQTUSD,1.14,1.2,1.059,1.172,479692.1503861301
2021-10-05T00:00:00Z,CQTUSD,1.159,1.45,1.153,1.422,1911226.7145883914
2021-10-06T00:00:00Z,CQTUSD,1.4,1.498,1.231,1.425,320044.4450661298
2021-10-07T00:00:00Z,CQTUSD,1.421,1.52,1.33,1.436,2242372.981160482
2021-10-08T00:00:00Z,CQTUSD,1.441,1.491,1.209,1.26,3124857.551355119
2021-10-09T00:00:00Z,CQTUSD,1.278,1.346,1.227,1.291,1535997.9785028812
2021-10-10T00:00:00Z,CQTUSD,1.29,1.322,1.209,1.224,427356.9119162802
2021-10-11T00:00:00Z,CQTUSD,1.221,1.294,1.135,1.261,1456329.918652389
2021-10-12T00:00:00Z,CQTUSD,1.26,1.263,1.13,1.194,3984162.037763584
2021-10-13T00:00:00Z,CQTUSD,1.203,1.248,1.14,1.24,1645276.684002493
2021-10-14T00:00:00Z,CQTUSD,1.25,1.32,1.217,1.261,457967.2335213603
2021-10-15T00:00:00Z,CQTUSD,1.271,1.298,1.215,1.24,113634.42873886993
2021-10-16T00:00:00Z,CQTUSD,1.24,1.333,1.225,1.31,237553.13230501977
2021-10-17T00:00:00Z,CQTUSD,1.312,1.32,1.2,1.248,101848.84967429996
2021-10-18T00:00:00Z,CQTUSD,1.252,1.287,1.171,1.201,153420.83778397
2021-10-19T00:00:00Z,CQTUSD,1.203,1.234,1.177,1.221,31491.40959704998
2021-10-20T00:00:00Z,CQTUSD,1.227,1.237,1.164,1.213,96979.80987599997
2021-10-21T00:00:00Z,CQTUSD,1.21,1.221,1.15,1.16,108118.29417041
2021-10-22T00:00:00Z,CQTUSD,1.153,1.23,1.136,1.209,265676.3021196003
2021-10-23T00:00:00Z,CQTUSD,1.209,1.229,1.18,1.215,101517.47657376
2021-10-24T00:00:00Z,CQTUSD,1.21,1.222,1.172,1.198,92244.58683681003
2021-10-25T00:00:00Z,CQTUSD,1.2,1.215,1.178,1.197,67041.10618137004
2021-10-26T00:00:00Z,CQTUSD,1.194,1.499,1.182,1.255,706343.9944536783
2021-10-27T00:00:00Z,CQTUSD,1.262,1.362,1.186,1.211,219552.26683728996
2021-10-28T00:00:00Z,CQTUSD,1.211,1.225,1.166,1.171,121624.26244539
2021-10-29T00:00:00Z,CQTUSD,1.174,1.244,1.156,1.162,156707.08220461998
2021-10-30T00:00:00Z,CQTUSD,1.159,1.171,1.103,1.155,175385.10276060997
2021-10-31T00:00:00Z,CQTUSD,1.156,1.197,1.103,1.133,125794.70406026003
2021-11-01T00:00:00Z,CQTUSD,1.151,1.158,1.058,1.134,245551.83945211009
2021-11-02T00:00:00Z,CQTUSD,1.12,1.155,1.105,1.123,191365.47856095995
2021-11-03T00:00:00Z,CQTUSD,1.124,1.25,1.11,1.215,342573.5528328404
2021-11-04T00:00:00Z,CQTUSD,1.227,1.235,1.133,1.162,261771.87033641984
2021-11-05T00:00:00Z,CQTUSD,1.151,1.3,1.118,1.127,126892.42513607006
2021-11-06T00:00:00Z,CQTUSD,1.13,1.161,1.115,1.128,77689.87184262
2021-11-07T00:00:00Z,CQTUSD,1.134,1.16,1.109,1.133,55074.42354364995
2021-11-08T00:00:00Z,CQTUSD,1.133,1.148,1.087,1.119,144708.75388663996
2021-11-09T00:00:00Z,CQTUSD,1.112,1.168,1.102,1.126,83007.60521507001
2021-11-10T00:00:00Z,CQTUSD,1.13,1.135,1.057,1.089,169684.08611311996
2021-11-11T00:00:00Z,CQTUSD,1.072,1.135,1.052,1.115,72033.14864888
2021-11-12T00:00:00Z,CQTUSD,1.101,1.136,1.056,1.087,87281.48611423
2021-11-13T00:00:00Z,CQTUSD,1.089,1.115,1.063,1.099,42231.306774690005
2021-11-14T00:00:00Z,CQTUSD,1.102,1.146,1.057,1.081,182269.94544990992
2021-11-15T00:00:00Z,CQTUSD,1.085,1.1,1.059,1.079,24651.90840026
2021-11-16T00:00:00Z,CQTUSD,1.076,1.076,0.92,0.977,260588.75981121973
2021-11-17T00:00:00Z,CQTUSD,0.969,0.971,0.914,0.954,109172.84169449999
2021-11-18T00:00:00Z,CQTUSD,0.958,0.958,0.863,0.871,159245.71392964004
2021-11-19T00:00:00Z,CQTUSD,0.872,0.984,0.859,0.969,130981.60928597997
2021-11-20T00:00:00Z,CQTUSD,0.971,0.99,0.925,0.982,139067.9248449299
2021-11-21T00:00:00Z,CQTUSD,0.974,0.978,0.942,0.963,46715.612397460005
2021-11-22T00:00:00Z,CQTUSD,0.961,0.968,0.915,0.954,140858.4052775499
2021-11-23T00:00:00Z,CQTUSD,0.922,1.184,0.922,1.136,217685.05668297003
2021-11-24T00:00:00Z,CQTUSD,1.139,1.286,1.078,1.095,164431.01022381004
2021-11-25T00:00:00Z,CQTUSD,1.092,1.118,1.044,1.073,176105.1614231301
2021-11-26T00:00:00Z,CQTUSD,1.077,1.168,0.968,1.001,184960.71307535993
2021-11-27T00:00:00Z,CQTUSD,1.001,1.223,0.998,1.106,169183.52050455022
2021-11-28T00:00:00Z,CQTUSD,1.111,1.112,1.009,1.064,77609.32283042997
2021-11-29T00:00:00Z,CQTUSD,1.07,1.125,1.041,1.102,63369.94806245002
2021-11-30T00:00:00Z,CQTUSD,1.094,1.095,1.033,1.06,112871.23352461003
2021-12-01T00:00:00Z,CQTUSD,1.06,1.092,1.039,1.044,56498.40312459002
2021-12-02T00:00:00Z,CQTUSD,1.047,1.053,0.966,1.002,72863.09328943994
2021-12-03T00:00:00Z,CQTUSD,1.01,1.012,0.903,0.92,152859.1476645799
2021-12-04T00:00:00Z,CQTUSD,0.921,0.926,0.7,0.795,442780.0971180809
2021-12-05T00:00:00Z,CQTUSD,0.801,0.844,0.739,0.747,61034.19784410999
2021-12-06T00:00:00Z,CQTUSD,0.749,0.75,0.629,0.728,260191.06654767983
2021-12-07T00:00:00Z,CQTUSD,0.723,0.772,0.71,0.767,80517.96297951994
2021-12-08T00:00:00Z,CQTUSD,0.765,0.765,0.692,0.722,129759.71922260009
2021-12-09T00:00:00Z,CQTUSD,0.724,0.763,0.621,0.63,149928.43685677
2021-12-10T00:00:00Z,CQTUSD,0.629,0.658,0.607,0.619,132216.27994918986
2021-12-11T00:00:00Z,CQTUSD,0.609,0.636,0.579,0.636,133368.07461222998
2021-12-12T00:00:00Z,CQTUSD,0.633,0.654,0.609,0.653,61723.52180460997
2021-12-13T00:00:00Z,CQTUSD,0.647,0.647,0.574,0.59,104169.47840197
2021-12-14T00:00:00Z,CQTUSD,0.581,0.604,0.535,0.565,127601.93001733997
2021-12-15T00:00:00Z,CQTUSD,0.569,0.592,0.528,0.588,39644.090409200006
2021-12-16T00:00:00Z,CQTUSD,0.589,0.626,0.589,0.595,74893.34128975998
2021-12-17T00:00:00Z,CQTUSD,0.596,0.601,0.542,0.56,552016.1146403601
2021-12-18T00:00:00Z,CQTUSD,0.556,0.589,0.548,0.583,148877.89823826004
2021-12-19T00:00:00Z,CQTUSD,0.583,0.618,0.534,0.536,394990.25032155943
2021-12-20T00:00:00Z,CQTUSD,0.536,0.564,0.504,0.528,699577.8370522793
2021-12-21T00:00:00Z,CQTUSD,0.528,0.551,0.512,0.543,171412.89742378
2021-12-22T00:00:00Z,CQTUSD,0.54,0.575,0.528,0.54,215183.29866136008
2021-12-23T00:00:00Z,CQTUSD,0.533,0.605,0.53,0.581,134489.20081249997
2021-12-24T00:00:00Z,CQTUSD,0.583,0.63,0.577,0.601,67957.34983154004
2021-12-25T00:00:00Z,CQTUSD,0.607,0.611,0.573,0.583,196928.61274126
2021-12-26T00:00:00Z,CQTUSD,0.584,0.608,0.56,0.6,281869.57933853
2021-12-27T00:00:00Z,CQTUSD,0.599,0.62,0.572,0.591,103534.11833654002
2021-12-28T00:00:00Z,CQTUSD,0.583,0.587,0.537,0.561,77188.74602674003
2021-12-29T00:00:00Z,CQTUSD,0.559,0.578,0.543,0.556,90859.42069500004
2021-12-30T00:00:00Z,CQTUSD,0.563,0.583,0.558,0.572,89582.14300063
2021-12-31T00:00:00Z,CQTUSD,0.571,0.599,0.569,0.573,75704.73037938001
2022-01-01T00:00:00Z,CQTUSD,0.572,0.583,0.562,0.575,52436.29016551
2022-01-02T00:00:00Z,CQTUSD,0.58,0.6,0.572,0.59,65963.39193993
2022-01-03T00:00:00Z,CQTUSD,0.592,0.592,0.564,0.572,80518.81254255
2022-01-04T00:00:00Z,CQTUSD,0.571,0.571,0.51,0.548,157857.28081915024
2022-01-05T00:00:00Z,CQTUSD,0.559,0.564,0.511,0.525,176451.42209826
2022-01-06T00:00:00Z,CQTUSD,0.524,0.526,0.493,0.514,92553.83228901996
2022-01-07T00:00:00Z,CQTUSD,0.517,0.545,0.504,0.516,159276.04638665996
2022-01-08T00:00:00Z,CQTUSD,0.516,0.527,0.501,0.518,123138.54953584007
2022-01-09T00:00:00Z,CQTUSD,0.524,0.525,0.496,0.515,41907.86893543001
2022-01-10T00:00:00Z,CQTUSD,0.514,0.518,0.48,0.486,73264.78279623
2022-01-11T00:00:00Z,CQTUSD,0.486,0.509,0.47,0.5,117407.62183099987
2022-01-12T00:00:00Z,CQTUSD,0.499,0.513,0.486,0.509,106782.32249212998
2022-01-13T00:00:00Z,CQTUSD,0.504,0.518,0.495,0.508,127289.79495902003
2022-01-14T00:00:00Z,CQTUSD,0.508,0.575,0.508,0.543,134186.12459568004
2022-01-15T00:00:00Z,CQTUSD,0.545,0.638,0.54,0.617,154400.8876620799
2022-01-16T00:00:00Z,CQTUSD,0.623,0.744,0.618,0.729,652613.0586843602
2022-01-17T00:00:00Z,CQTUSD,0.727,0.733,0.631,0.656,281374.12446455035
2022-01-18T00:00:00Z,CQTUSD,0.66,0.687,0.608,0.632,139534.30890065985
2022-01-19T00:00:00Z,CQTUSD,0.624,0.634,0.575,0.588,54407.65963110001
2022-01-20T00:00:00Z,CQTUSD,0.586,0.617,0.542,0.547,179333.33410885002
2022-01-21T00:00:00Z,CQTUSD,0.536,0.548,0.433,0.434,263867.1326722699
2022-01-22T00:00:00Z,CQTUSD,0.433,0.44,0.369,0.391,107037.0427066699
2022-01-23T00:00:00Z,CQTUSD,0.395,0.42,0.388,0.41,86056.80717704
2022-01-24T00:00:00Z,CQTUSD,0.409,0.409,0.343,0.394,371426.7438448901
2022-01-25T00:00:00Z,CQTUSD,0.399,0.406,0.381,0.393,112692.94274674999
2022-01-26T00:00:00Z,CQTUSD,0.396,0.415,0.364,0.389,77593.49454658
2022-01-27T00:00:00Z,CQTUSD,0.389,0.413,0.373,0.387,65583.38945361995
2022-01-28T00:00:00Z,CQTUSD,0.387,0.391,0.365,0.389,164598.62174991993
2022-01-29T00:00:00Z,CQTUSD,0.39,0.404,0.389,0.395,83075.27053497
2022-01-30T00:00:00Z,CQTUSD,0.394,0.408,0.381,0.386,57449.425914899984
2022-01-31T00:00:00Z,CQTUSD,0.385,0.386,0.369,0.382,40718.3858289
2022-02-01T00:00:00Z,CQTUSD,0.383,0.401,0.38,0.392,179321.93587137005
2022-02-02T00:00:00Z,CQTUSD,0.391,0.402,0.379,0.389,29016.345476410002
2022-02-03T00:00:00Z,CQTUSD,0.386,0.386,0.369,0.376,279746.54097286006
2022-02-04T00:00:00Z,CQTUSD,0.375,0.415,0.375,0.408,68922.60031770001
2022-02-05T00:00:00Z,CQTUSD,0.413,0.422,0.408,0.413,13291.928986189996
2022-02-06T00:00:00Z,CQTUSD,0.416,0.454,0.415,0.439,146866.23909697004
2022-02-07T00:00:00Z,CQTUSD,0.444,0.48,0.442,0.473,76845.19698015999
2022-02-08T00:00:00Z,CQTUSD,0.475,0.478,0.43,0.449,46698.98875453
2022-02-09T00:00:00Z,CQTUSD,0.453,0.468,0.45,0.462,25844.76391764
2022-02-10T00:00:00Z,CQTUSD,0.457,0.485,0.451,0.452,35660.693366190004
2022-02-11T00:00:00Z,CQTUSD,0.445,0.455,0.416,0.419,18835.70526007
2022-02-12T00:00:00Z,CQTUSD,0.421,0.425,0.405,0.407,3369.55283357
2022-02-13T00:00:00Z,CQTUSD,0.407,0.407,0.39,0.393,18359.72741218
2022-02-14T00:00:00Z,CQTUSD,0.393,0.405,0.387,0.395,14128.939711850002
2022-02-15T00:00:00Z,CQTUSD,0.395,0.419,0.395,0.415,88345.50621820001
2022-02-16T00:00:00Z,CQTUSD,0.417,0.426,0.402,0.426,8015.839330180001
2022-02-17T00:00:00Z,CQTUSD,0.429,0.438,0.386,0.387,79887.42224936998
2022-02-18T00:00:00Z,CQTUSD,0.385,0.396,0.376,0.378,28061.637670810007
2022-02-19T00:00:00Z,CQTUSD,0.379,0.388,0.379,0.388,8900.40888142
2022-02-20T00:00:00Z,CQTUSD,0.39,0.39,0.353,0.361,143494.50538282006
2022-02-21T00:00:00Z,CQTUSD,0.362,0.375,0.354,0.354,73659.74209202
2022-02-22T00:00:00Z,CQTUSD,0.353,0.353,0.337,0.348,10187.687163209997
2022-02-23T00:00:00Z,CQTUSD,0.351,0.366,0.347,0.347,215878.48125519
2022-02-24T00:00:00Z,CQTUSD,0.343,0.343,0.312,0.332,120968.67713905
2022-02-25T00:00:00Z,CQTUSD,0.328,0.347,0.324,0.343,22749.614027789987
2022-02-26T00:00:00Z,CQTUSD,0.343,0.358,0.337,0.356,57846.44439688998
2022-02-27T00:00:00Z,CQTUSD,0.357,0.357,0.327,0.328,53756.93863565999
2022-02-28T00:00:00Z,CQTUSD,0.33,0.356,0.327,0.355,114870.85276253993
2022-03-01T00:00:00Z,CQTUSD,0.357,0.37,0.352,0.369,31625.499153990004
2022-03-02T00:00:00Z,CQTUSD,0.369,0.378,0.358,0.36,21866.61201666
2022-03-03T00:00:00Z,CQTUSD,0.36,0.361,0.348,0.353,36845.63974293
2022-03-04T00:00:00Z,CQTUSD,0.351,0.351,0.327,0.329,197900.88950710002
2022-03-05T00:00:00Z,CQTUSD,0.326,0.36,0.326,0.359,182989.3265480699
2022-03-06T00:00:00Z,CQTUSD,0.356,0.425,0.356,0.421,474412.8696284807
2022-03-07T00:00:00Z,CQTUSD,0.423,0.425,0.363,0.366,56757.62453487997
2022-03-08T00:00:00Z,CQTUSD,0.358,0.368,0.349,0.36,93607.13732276998
2022-03-09T00:00:00Z,CQTUSD,0.365,0.375,0.339,0.356,138812.45883275004
2022-03-10T00:00:00Z,CQTUSD,0.351,0.354,0.339,0.341,78891.98281744
2022-03-11T00:00:00Z,CQTUSD,0.341,0.343,0.338,0.339,10080.73354948
2022-03-12T00:00:00Z,CQTUSD,0.342,0.344,0.339,0.339,1394.04842522
2022-03-13T00:00:00Z,CQTUSD,0.34,0.341,0.332,0.332,30319.609904280005
2022-03-14T00:00:00Z,CQTUSD,0.331,0.337,0.327,0.337,19716.804534739997
2022-03-15T00:00:00Z,CQTUSD,0.335,0.335,0.314,0.325,31005.013180159996
2022-03-16T00:00:00Z,CQTUSD,0.323,0.324,0.294,0.317,97818.89123698999
2022-03-17T00:00:00Z,CQTUSD,0.317,0.329,0.313,0.327,38821.04209795
2022-03-18T00:00:00Z,CQTUSD,0.327,0.334,0.316,0.332,42875.10687876999
2022-03-19T00:00:00Z,CQTUSD,0.333,0.346,0.332,0.34,159480.15670058996
2022-03-20T00:00:00Z,CQTUSD,0.343,0.345,0.327,0.328,113680.33542881002
2022-03-21T00:00:00Z,CQTUSD,0.327,0.335,0.317,0.331,82980.11669514
2022-03-22T00:00:00Z,CQTUSD,0.329,0.351,0.324,0.343,108686.16466381004
2022-03-23T00:00:00Z,CQTUSD,0.345,0.376,0.332,0.344,48753.55595332998
2022-03-24T00:00:00Z,CQTUSD,0.346,0.352,0.333,0.343,179044.45516502007
2022-03-25T00:00:00Z,CQTUSD,0.343,0.4,0.34,0.371,305928.9711053199
2022-03-26T00:00:00Z,CQTUSD,0.375,0.39,0.356,0.365,168486.17505583004
2022-03-27T00:00:00Z,CQTUSD,0.363,0.371,0.347,0.365,73960.92273264
2022-03-28T00:00:00Z,CQTUSD,0.368,0.374,0.364,0.365,101100.37998071003
2022-03-29T00:00:00Z,CQTUSD,0.357,0.393,0.357,0.366,86980.61461724999
2022-03-30T00:00:00Z,CQTUSD,0.367,0.405,0.367,0.394,196893.26934977004
2022-03-31T00:00:00Z,CQTUSD,0.394,0.437,0.38,0.391,311155.04823195003
2022-04-01T00:00:00Z,CQTUSD,0.385,0.401,0.369,0.399,64076.81697922998
2022-04-02T00:00:00Z,CQTUSD,0.401,0.429,0.401,0.405,295049.5949186799
2022-04-03T00:00:00Z,CQTUSD,0.404,0.419,0.394,0.413,100865.15209833004
2022-04-04T00:00:00Z,CQTUSD,0.413,0.431,0.384,0.399,59788.458568919996
2022-04-05T00:00:00Z,CQTUSD,0.4,0.407,0.375,0.375,163543.79457539003
2022-04-06T00:00:00Z,CQTUSD,0.371,0.371,0.335,0.338,240293.028454
2022-04-07T00:00:00Z,CQTUSD,0.339,0.356,0.337,0.351,67371.60453355004
2022-04-08T00:00:00Z,CQTUSD,0.351,0.359,0.331,0.331,97088.05772206996
2022-04-09T00:00:00Z,CQTUSD,0.334,0.347,0.334,0.34,40193.69021035
2022-04-10T00:00:00Z,CQTUSD,0.34,0.346,0.331,0.343,42300.86971552
2022-04-11T00:00:00Z,CQTUSD,0.336,0.338,0.301,0.302,314753.94118314947
2022-04-12T00:00:00Z,CQTUSD,0.305,0.32,0.303,0.308,75687.09096249999
2022-04-13T00:00:00Z,CQTUSD,0.308,0.326,0.3,0.309,87991.40837976999
2022-04-14T00:00:00Z,CQTUSD,0.312,0.316,0.292,0.295,65292.31699236001
2022-04-15T00:00:00Z,CQTUSD,0.295,0.301,0.285,0.295,91399.54508833
2022-04-16T00:00:00Z,CQTUSD,0.295,0.303,0.295,0.303,2536.5247390700006
2022-04-17T00:00:00Z,CQTUSD,0.304,0.304,0.297,0.297,5983.45935478
2022-04-18T00:00:00Z,CQTUSD,0.295,0.308,0.291,0.308,16444.82923351
2022-04-19T00:00:00Z,CQTUSD,0.309,0.333,0.307,0.331,92317.18654301995
2022-04-20T00:00:00Z,CQTUSD,0.33,0.331,0.319,0.321,26018.590028660004
2022-04-21T00:00:00Z,CQTUSD,0.323,0.332,0.309,0.309,36270.04225085
2022-04-22T00:00:00Z,CQTUSD,0.31,0.314,0.307,0.308,3864.99217096
2022-04-23T00:00:00Z,CQTUSD,0.309,0.31,0.304,0.304,1520.9769073300001
2022-04-24T00:00:00Z,CQTUSD,0.306,0.309,0.293,0.297,13624.543449710005
2022-04-25T00:00:00Z,CQTUSD,0.299,0.299,0.273,0.289,48440.49986012999
2022-04-26T00:00:00Z,CQTUSD,0.29,0.299,0.281,0.283,57478.56023438
2022-04-27T00:00:00Z,CQTUSD,0.283,0.287,0.276,0.28,19437.73846894
2022-04-28T00:00:00Z,CQTUSD,0.279,0.283,0.274,0.276,21857.52277770999
2022-04-29T00:00:00Z,CQTUSD,0.277,0.279,0.259,0.263,26881.13227539
2022-04-30T00:00:00Z,CQTUSD,0.263,0.27,0.234,0.235,56194.557485270016
2022-05-01T00:00:00Z,CQTUSD,0.231,0.24,0.226,0.233,133751.93646921
2022-05-02T00:00:00Z,CQTUSD,0.234,0.244,0.234,0.236,31208.330409900016
2022-05-03T00:00:00Z,CQTUSD,0.234,0.242,0.232,0.234,70284.68447475
2022-05-04T00:00:00Z,CQTUSD,0.233,0.275,0.233,0.272,198084.49650313007
2022-05-05T00:00:00Z,CQTUSD,0.274,0.279,0.24,0.241,23001.314008809997
2022-05-06T00:00:00Z,CQTUSD,0.245,0.253,0.24,0.243,87151.82009043002
2022-05-07T00:00:00Z,CQTUSD,0.241,0.242,0.232,0.235,9511.603428080001
2022-05-08T00:00:00Z,CQTUSD,0.233,0.233,0.224,0.227,8745.096496219998
2022-05-09T00:00:00Z,CQTUSD,0.225,0.228,0.208,0.208,64000.44671697999
2022-05-10T00:00:00Z,CQTUSD,0.206,0.228,0.201,0.203,125034.72464525001
2022-05-11T00:00:00Z,CQTUSD,0.202,0.209,0.158,0.158,185679.94788604008
2022-05-12T00:00:00Z,CQTUSD,0.157,0.16,0.125,0.132,359464.30751527025
2022-05-13T00:00:00Z,CQTUSD,0.132,0.157,0.131,0.15,98619.64861818998
2022-05-14T00:00:00Z,CQTUSD,0.15,0.1531,0.1341,0.152,111551.09989274999
2022-05-15T00:00:00Z,CQTUSD,0.152,0.16,0.143,0.158,82589.58378653001
2022-05-16T00:00:00Z,CQTUSD,0.1589,0.1951,0.1463,0.17,430283.71758814005
2022-05-17T00:00:00Z,CQTUSD,0.171,0.171,0.1527,0.158,300150.4965315197
2022-05-18T00:00:00Z,CQTUSD,0.1597,0.161,0.1447,0.1527,97594.27910228
2022-05-19T00:00:00Z,CQTUSD,0.1503,0.1683,0.1473,0.1618,84170.61573158
2022-05-20T00:00:00Z,CQTUSD,0.1617,0.1669,0.1504,0.155,79388.83559057997
2022-05-21T00:00:00Z,CQTUSD,0.1554,0.17,0.1519,0.16,80577.52468329998
2022-05-22T00:00:00Z,CQTUSD,0.162,0.166,0.16,0.1636,42115.40278608999
2022-05-23T00:00:00Z,CQTUSD,0.1641,0.1709,0.1601,0.1602,24346.724399590006
2022-05-24T00:00:00Z,CQTUSD,0.1608,0.1619,0.153,0.157,13402.607989379994
2022-05-25T00:00:00Z,CQTUSD,0.1566,0.1582,0.1476,0.1488,28247.07553906
2022-05-26T00:00:00Z,CQTUSD,0.148,0.1609,0.1407,0.1466,119069.75300576005
2022-05-27T00:00:00Z,CQTUSD,0.1466,0.15,0.141,0.1451,55343.082558339986
2022-05-28T00:00:00Z,CQTUSD,0.1438,0.148,0.1438,0.1459,3988.6578592399997
2022-05-29T00:00:00Z,CQTUSD,0.145,0.145,0.135,0.1386,75666.12040471999
2022-05-30T00:00:00Z,CQTUSD,0.139,0.151,0.139,0.151,54864.89044619999
2022-05-31T00:00:00Z,CQTUSD,0.1492,0.154,0.1466,0.15,23289.757931539996
2022-06-01T00:00:00Z,CQTUSD,0.1494,0.1494,0.1426,0.144,49858.74488445
2022-06-02T00:00:00Z,CQTUSD,0.1482,0.1526,0.139,0.1448,217839.66608211995
2022-06-03T00:00:00Z,CQTUSD,0.145,0.1464,0.133,0.139,105006.91920379002
2022-06-04T00:00:00Z,CQTUSD,0.137,0.1383,0.134,0.1369,23056.43562118
2022-06-05T00:00:00Z,CQTUSD,0.137,0.137,0.1304,0.1337,21830.55049433
2022-06-06T00:00:00Z,CQTUSD,0.138,0.142,0.134,0.136,121535.21784846002
2022-06-07T00:00:00Z,CQTUSD,0.136,0.136,0.1283,0.134,10736.85211772
2022-06-08T00:00:00Z,CQTUSD,0.133,0.1332,0.1256,0.1256,24545.40866276
2022-06-09T00:00:00Z,CQTUSD,0.1254,0.1274,0.1238,0.125,22671.64452891
2022-06-10T00:00:00Z,CQTUSD,0.1239,0.1246,0.109,0.1091,93918.29572961
2022-06-11T00:00:00Z,CQTUSD,0.1088,0.1106,0.1031,0.1043,28817.946372490005
2022-06-12T00:00:00Z,CQTUSD,0.1054,0.11,0.1,0.1026,49940.09244495
2022-06-13T00:00:00Z,CQTUSD,0.103,0.109,0.0961,0.107,204952.07466119993
2022-06-14T00:00:00Z,CQTUSD,0.102,0.1189,0.1,0.1127,38710.429739840016
2022-06-15T00:00:00Z,CQTUSD,0.1176,0.1176,0.094,0.106,131403.95164907994
2022-06-16T00:00:00Z,CQTUSD,0.1079,0.1079,0.0967,0.097,30157.59332977999
2022-06-17T00:00:00Z,CQTUSD,0.1005,0.1022,0.099,0.101,159837.55417128006
2022-06-18T00:00:00Z,CQTUSD,0.1019,0.1026,0.094,0.097,49250.80405909001
2022-06-19T00:00:00Z,CQTUSD,0.098,0.107,0.098,0.105,81524.19123148
2022-06-20T00:00:00Z,CQTUSD,0.11,0.11,0.101,0.107,119117.50587766
2022-06-21T00:00:00Z,CQTUSD,0.1071,0.1141,0.104,0.105,214624.98849828003
2022-06-22T00:00:00Z,CQTUSD,0.105,0.114,0.105,0.112,27498.006112370003
2022-06-23T00:00:00Z,CQTUSD,0.1107,0.1219,0.1102,0.1219,41870.53436621999
2022-06-24T00:00:00Z,CQTUSD,0.1227,0.125,0.12,0.122,27949.223616410003
2022-06-25T00:00:00Z,CQTUSD,0.1214,0.1214,0.1181,0.1195,1445.76277279
2022-06-26T00:00:00Z,CQTUSD,0.119,0.1272,0.1183,0.1219,15821.85819337
2022-06-27T00:00:00Z,CQTUSD,0.122,0.124,0.118,0.119,5032.3564752
2022-06-28T00:00:00Z,CQTUSD,0.116,0.117,0.1105,0.112,25189.137308740002
2022-06-29T00:00:00Z,CQTUSD,0.1118,0.1123,0.102,0.106,115392.74347142004
2022-06-30T00:00:00Z,CQTUSD,0.104,0.109,0.103,0.107,25499.247658760007
2022-07-01T00:00:00Z,CQTUSD,0.1085,0.111,0.107,0.1098,34526.00646027
2022-07-02T00:00:00Z,CQTUSD,0.111,0.1118,0.1067,0.1067,3697.8568166
2022-07-03T00:00:00Z,CQTUSD,0.107,0.1187,0.103,0.116,13179.118610819996
2022-07-04T00:00:00Z,CQTUSD,0.112,0.112,0.109,0.111,22456.627301939996
2022-07-05T00:00:00Z,CQTUSD,0.111,0.1111,0.105,0.108,38521.41270632001
2022-07-06T00:00:00Z,CQTUSD,0.111,0.114,0.11,0.114,6689.309761870001
2022-07-07T00:00:00Z,CQTUSD,0.115,0.115,0.108,0.114,64462.39825273996
2022-07-08T00:00:00Z,CQTUSD,0.1148,0.1148,0.1111,0.112,9128.192502389998
2022-07-09T00:00:00Z,CQTUSD,0.113,0.1143,0.111,0.113,9304.000829139999
2022-07-10T00:00:00Z,CQTUSD,0.111,0.1165,0.1106,0.111,4249.48648961
2022-07-11T00:00:00Z,CQTUSD,0.111,0.112,0.105,0.105,5848.732504520003
2022-07-12T00:00:00Z,CQTUSD,0.104,0.1047,0.102,0.102,12791.418101660001
2022-07-13T00:00:00Z,CQTUSD,0.102,0.102,0.097,0.1,27185.66387854999
2022-07-14T00:00:00Z,CQTUSD,0.101,0.103,0.1,0.102,9966.95676317
2022-07-15T00:00:00Z,CQTUSD,0.1005,0.1057,0.1002,0.105,56243.38614242
2022-07-16T00:00:00Z,CQTUSD,0.105,0.1082,0.1023,0.1071,16309.644449710002
2022-07-17T00:00:00Z,CQTUSD,0.1079,0.108,0.104,0.105,57701.39394400999
2022-07-18T00:00:00Z,CQTUSD,0.107,0.113,0.107,0.113,42348.98773047
2022-07-19T00:00:00Z,CQTUSD,0.1137,0.1438,0.111,0.12,214489.6458691501
2022-07-20T00:00:00Z,CQTUSD,0.117,0.1209,0.113,0.113,163306.71951842995
2022-07-21T00:00:00Z,CQTUSD,0.115,0.118,0.1109,0.118,56948.9228765
2022-07-22T00:00:00Z,CQTUSD,0.118,0.1215,0.117,0.117,24183.013124130008
2022-07-23T00:00:00Z,CQTUSD,0.118,0.118,0.112,0.114,52276.88083266002
2022-07-24T00:00:00Z,CQTUSD,0.1159,0.1159,0.1121,0.1131,6536.50365097
2022-07-25T00:00:00Z,CQTUSD,0.111,0.111,0.109,0.11,19837.792614889997
2022-07-26T00:00:00Z,CQTUSD,0.107,0.1082,0.1048,0.1082,24527.186016830005
2022-07-27T00:00:00Z,CQTUSD,0.1084,0.1163,0.1064,0.1163,21165.597026509997
2022-07-28T00:00:00Z,CQTUSD,0.1155,0.1202,0.1152,0.1184,50908.27083915001
2022-07-29T00:00:00Z,CQTUSD,0.1173,0.1273,0.1173,0.1266,225985.21715095008
2022-07-30T00:00:00Z,CQTUSD,0.1263,0.1299,0.1239,0.1258,13102.137967719993
2022-07-31T00:00:00Z,CQTUSD,0.1249,0.1289,0.123,0.1234,45306.761289700014
2022-08-01T00:00:00Z,CQTUSD,0.1239,0.1239,0.05,0.0671,1321667.9196384395
2022-08-02T00:00:00Z,CQTUSD,0.0671,0.0926,0.0656,0.0897,1494341.2673004428
2022-08-03T00:00:00Z,CQTUSD,0.0884,0.0905,0.0827,0.0831,372081.7556815397
2022-08-04T00:00:00Z,CQTUSD,0.084,0.0868,0.0812,0.084,207208.04288094008
2022-08-05T00:00:00Z,CQTUSD,0.0831,0.0877,0.0817,0.0837,96314.30548711999
2022-08-06T00:00:00Z,CQTUSD,0.0838,0.0911,0.0837,0.0889,146123.62321166994
2022-08-07T00:00:00Z,CQTUSD,0.0891,0.0895,0.0824,0.0834,60764.58263079997
2022-08-08T00:00:00Z,CQTUSD,0.084,0.0894,0.0832,0.0887,501362.65492993
2022-08-09T00:00:00Z,CQTUSD,0.0886,0.0886,0.083,0.085,39947.40525264003
2022-08-10T00:00:00Z,CQTUSD,0.0835,0.0902,0.0834,0.0894,182938.88796305997
2022-08-11T00:00:00Z,CQTUSD,0.0889,0.0911,0.0888,0.0888,566462.6208557097
2022-08-12T00:00:00Z,CQTUSD,0.0888,0.0919,0.0876,0.0884,268835.6455052099
2022-08-13T00:00:00Z,CQTUSD,0.0884,0.09,0.0802,0.0885,283020.64977241
2022-08-14T00:00:00Z,CQTUSD,0.0882,0.0895,0.0852,0.0855,37053.73748588002
2022-08-15T00:00:00Z,CQTUSD,0.0855,0.0863,0.0837,0.0843,28619.59416056001
2022-08-16T00:00:00Z,CQTUSD,0.0837,0.0845,0.08,0.083,76905.39397466004
2022-08-17T00:00:00Z,CQTUSD,0.083,0.0838,0.0783,0.0786,49261.227612139985
2022-08-18T00:00:00Z,CQTUSD,0.0784,0.0795,0.0754,0.0768,203661.26544616
2022-08-19T00:00:00Z,CQTUSD,0.0753,0.0753,0.0679,0.0686,209875.73035526992
2022-08-20T00:00:00Z,CQTUSD,0.0686,0.0686,0.0661,0.0665,420429.4969488702
2022-08-21T00:00:00Z,CQTUSD,0.0662,0.0702,0.0655,0.067,240254.09833701994
2022-08-22T00:00:00Z,CQTUSD,0.067,0.0697,0.0645,0.0687,360242.59987731994
2022-08-23T00:00:00Z,CQTUSD,0.0681,0.0718,0.0678,0.0714,168662.18150912988
2022-08-24T00:00:00Z,CQTUSD,0.0717,0.0724,0.0695,0.0712,58076.85785633998
2022-08-25T00:00:00Z,CQTUSD,0.0712,0.077,0.0712,0.0769,39893.16899373001
2022-08-26T00:00:00Z,CQTUSD,0.077,0.0779,0.0723,0.0727,49074.197830189994
2022-08-27T00:00:00Z,CQTUSD,0.0715,0.0715,0.0693,0.0699,39849.197881280015
2022-08-28T00:00:00Z,CQTUSD,0.0699,0.071,0.069,0.069,66961.51585922998
2022-08-29T00:00:00Z,CQTUSD,0.069,0.0699,0.0629,0.0693,337625.4197596102
2022-08-30T00:00:00Z,CQTUSD,0.0695,0.0696,0.0649,0.066,40621.653861559986
2022-08-31T00:00:00Z,CQTUSD,0.0657,0.0673,0.065,0.0652,91063.27673248998
2022-09-01T00:00:00Z,CQTUSD,0.0649,0.0654,0.0625,0.0643,81711.18052051993
2022-09-02T00:00:00Z,CQTUSD,0.0643,0.0689,0.0635,0.0686,67503.07507707005
2022-09-03T00:00:00Z,CQTUSD,0.0689,0.0704,0.0664,0.0671,54291.81583591998
2022-09-04T00:00:00Z,CQTUSD,0.0672,0.0694,0.0672,0.0691,21043.26126515
2022-09-05T00:00:00Z,CQTUSD,0.0698,0.0702,0.0676,0.0683,85128.47655038998
2022-09-06T00:00:00Z,CQTUSD,0.0684,0.0703,0.0671,0.0671,47173.873464389995
2022-09-07T00:00:00Z,CQTUSD,0.067,0.069,0.0662,0.0687,29329.035655460004
2022-09-08T00:00:00Z,CQTUSD,0.0692,0.0702,0.0682,0.0698,52491.33496939998
2022-09-09T00:00:00Z,CQTUSD,0.069,0.0719,0.0683,0.0717,66645.60221477
2022-09-10T00:00:00Z,CQTUSD,0.0711,0.0718,0.0704,0.0711,46664.60673111002
2022-09-11T00:00:00Z,CQTUSD,0.0717,0.0717,0.0704,0.0712,29393.625329009992
2022-09-12T00:00:00Z,CQTUSD,0.071,0.0742,0.0706,0.0728,116401.16109878002
2022-09-13T00:00:00Z,CQTUSD,0.0729,0.0729,0.0688,0.0692,172764.06873220025
2022-09-14T00:00:00Z,CQTUSD,0.0692,0.0698,0.0691,0.0694,20213.010889219993
2022-09-15T00:00:00Z,CQTUSD,0.0697,0.071,0.0684,0.0684,21196.55917933001
2022-09-16T00:00:00Z,CQTUSD,0.0683,0.0683,0.066,0.0669,104739.35771764995
2022-09-17T00:00:00Z,CQTUSD,0.0676,0.0702,0.0671,0.0695,35838.79584526999
2022-09-18T00:00:00Z,CQTUSD,0.0694,0.0697,0.0656,0.0658,53131.78493157998
2022-09-19T00:00:00Z,CQTUSD,0.0651,0.0672,0.0648,0.0672,118666.96844102991
2022-09-20T00:00:00Z,CQTUSD,0.0671,0.0678,0.0661,0.0661,23486.861681360002
2022-09-21T00:00:00Z,CQTUSD,0.066,0.0683,0.0595,0.0626,115924.57408340993
2022-09-22T00:00:00Z,CQTUSD,0.0627,0.0662,0.0627,0.0642,76010.25073506
2022-09-23T00:00:00Z,CQTUSD,0.0652,0.0695,0.0652,0.0662,175632.7409989299
2022-09-24T00:00:00Z,CQTUSD,0.0662,0.069,0.0662,0.0682,43969.9841275
2022-09-25T00:00:00Z,CQTUSD,0.0683,0.0683,0.0675,0.0675,4580.64619514
2022-09-26T00:00:00Z,CQTUSD,0.0681,0.0697,0.0673,0.0692,36296.956503620015
2022-09-27T00:00:00Z,CQTUSD,0.0694,0.0709,0.068,0.0701,42820.31030598
2022-09-28T00:00:00Z,CQTUSD,0.0704,0.0707,0.0683,0.0697,22213.03157982999
2022-09-29T00:00:00Z,CQTUSD,0.0698,0.0701,0.0683,0.07,12767.7219886
2022-09-30T00:00:00Z,CQTUSD,0.0701,0.0705,0.0693,0.0702,30488.090299680007
2022-10-01T00:00:00Z,CQTUSD,0.0696,0.0703,0.069,0.0692,33328.08571264
2022-10-02T00:00:00Z,CQTUSD,0.0696,0.0703,0.0687,0.0702,23710.23887222999
2022-10-03T00:00:00Z,CQTUSD,0.0697,0.0735,0.0697,0.0734,43960.929574710004
2022-10-04T00:00:00Z,CQTUSD,0.0736,0.0784,0.0729,0.0784,52158.037792660005
2022-10-05T00:00:00Z,CQTUSD,0.0787,0.0954,0.0787,0.087,830096.0262961794
2022-10-06T00:00:00Z,CQTUSD,0.0869,0.0876,0.0811,0.0816,96048.31612445005
2022-10-07T00:00:00Z,CQTUSD,0.0822,0.0822,0.0786,0.0801,37324.43779045
2022-10-08T00:00:00Z,CQTUSD,0.0795,0.0827,0.0795,0.0818,28423.344962249997
2022-10-09T00:00:00Z,CQTUSD,0.0826,0.0855,0.0813,0.0824,69626.24164248999
2022-10-10T00:00:00Z,CQTUSD,0.0823,0.0842,0.0806,0.0819,41828.82216936001
2022-10-11T00:00:00Z,CQTUSD,0.0813,0.0813,0.08,0.0809,4662.47656839
2022-10-12T00:00:00Z,CQTUSD,0.0823,0.084,0.0822,0.084,7684.106709309999
2022-10-13T00:00:00Z,CQTUSD,0.0841,0.0865,0.0788,0.0831,138756.32914267998
2022-10-14T00:00:00Z,CQTUSD,0.0849,0.0857,0.0834,0.0834,29049.150908369993
2022-10-15T00:00:00Z,CQTUSD,0.0838,0.0871,0.0829,0.0864,53926.18019243
2022-10-16T00:00:00Z,CQTUSD,0.0865,0.094,0.0865,0.0899,201383.41546237
2022-10-17T00:00:00Z,CQTUSD,0.0894,0.0947,0.0891,0.0931,21821.22852787
2022-10-18T00:00:00Z,CQTUSD,0.0928,0.0973,0.0898,0.0898,55053.85580255
2022-10-19T00:00:00Z,CQTUSD,0.0906,0.0921,0.0855,0.0855,79461.60236840995
2022-10-20T00:00:00Z,CQTUSD,0.0858,0.0859,0.0813,0.0823,147762.32817048
2022-10-21T00:00:00Z,CQTUSD,0.0837,0.0877,0.0828,0.0843,128018.73523488002
2022-10-22T00:00:00Z,CQTUSD,0.0855,0.0875,0.0855,0.0875,21001.717896959995
2022-10-23T00:00:00Z,CQTUSD,0.0876,0.0876,0.0848,0.0873,21433.15173433
2022-10-24T00:00:00Z,CQTUSD,0.0873,0.0873,0.0839,0.0869,92966.79005472998
2022-10-25T00:00:00Z,CQTUSD,0.087,0.0876,0.0794,0.0794,40542.21650406002
2022-10-26T00:00:00Z,CQTUSD,0.0808,0.0833,0.08,0.0812,113197.50223814002
2022-10-27T00:00:00Z,CQTUSD,0.0811,0.0833,0.0756,0.0756,32801.16818336
2022-10-28T00:00:00Z,CQTUSD,0.0766,0.0803,0.0761,0.0787,72963.63297423998
2022-10-29T00:00:00Z,CQTUSD,0.0782,0.1253,0.0776,0.0945,676651.35819596
2022-10-30T00:00:00Z,CQTUSD,0.0938,0.1247,0.087,0.0976,902681.1525540969
2022-10-31T00:00:00Z,CQTUSD,0.0964,0.1148,0.093,0.11,896723.8744151623
2022-11-01T00:00:00Z,CQTUSD,0.1101,0.1142,0.11,0.1112,322864.25955803
2022-11-02T00:00:00Z,CQTUSD,0.1112,0.1115,0.0814,0.1005,765765.8551276101
2022-11-03T00:00:00Z,CQTUSD,0.1007,0.1448,0.1006,0.1184,553334.9593346203
2022-11-04T00:00:00Z,CQTUSD,0.1258,0.1417,0.1202,0.1249,932444.3651488199
2022-11-05T00:00:00Z,CQTUSD,0.1262,0.1268,0.1196,0.1252,391361.2890920002
2022-11-06T00:00:00Z,CQTUSD,0.124,0.1268,0.115,0.115,123137.06980761996
2022-11-07T00:00:00Z,CQTUSD,0.1152,0.1243,0.1049,0.1057,127262.7511185
2022-11-08T00:00:00Z,CQTUSD,0.1075,0.1171,0.0939,0.1039,277141.22442425
2022-11-09T00:00:00Z,CQTUSD,0.107,0.107,0.08,0.0801,621294.6662297201
2022-11-10T00:00:00Z,CQTUSD,0.08,0.0929,0.0779,0.0911,741265.2395876102
2022-11-11T00:00:00Z,CQTUSD,0.0961,0.097,0.0851,0.0884,89107.02536620002
2022-11-12T00:00:00Z,CQTUSD,0.0892,0.0895,0.082,0.0872,55165.98999078998
2022-11-13T00:00:00Z,CQTUSD,0.0849,0.1103,0.0721,0.0778,261457.54037326988
2022-11-14T00:00:00Z,CQTUSD,0.077,0.0845,0.0712,0.0724,99886.83066768001
2022-11-15T00:00:00Z,CQTUSD,0.072,0.078,0.0715,0.0772,33564.54255479
2022-11-16T00:00:00Z,CQTUSD,0.0772,0.085,0.0746,0.0749,106243.20843520007
2022-11-17T00:00:00Z,CQTUSD,0.0769,0.0816,0.0713,0.0743,76956.27514609
2022-11-18T00:00:00Z,CQTUSD,0.0742,0.1119,0.0728,0.1119,467231.30668005976
2022-11-19T00:00:00Z,CQTUSD,0.1118,0.1375,0.0929,0.093,474690.5732899801
2022-11-20T00:00:00Z,CQTUSD,0.0929,0.0998,0.0892,0.0903,46797.53471197999
2022-11-21T00:00:00Z,CQTUSD,0.0904,0.0931,0.0765,0.0929,169781.84397151013
2022-11-22T00:00:00Z,CQTUSD,0.0945,0.1156,0.0939,0.0979,311518.29119759
2022-11-23T00:00:00Z,CQTUSD,0.1007,0.1085,0.1006,0.1083,63630.99913436999
2022-11-24T00:00:00Z,CQTUSD,0.1084,0.1444,0.1048,0.1068,71536.65051337998
2022-11-25T00:00:00Z,CQTUSD,0.1093,0.1263,0.1064,0.1144,208831.93312754005
2022-11-26T00:00:00Z,CQTUSD,0.118,0.1273,0.1144,0.1148,32501.02492919
2022-11-27T00:00:00Z,CQTUSD,0.1148,0.121,0.0966,0.1135,74804.34133615998
2022-11-28T00:00:00Z,CQTUSD,0.1132,0.1132,0.1065,0.1089,97664.94574131996
2022-11-29T00:00:00Z,CQTUSD,0.1063,0.1082,0.0866,0.1076,87078.90542550999
2022-11-30T00:00:00Z,CQTUSD,0.1084,0.1197,0.1084,0.1197,33269.91739615999
2022-12-01T00:00:00Z,CQTUSD,0.1195,0.1215,0.1087,0.1113,45947.801547519986
2022-12-02T00:00:00Z,CQTUSD,0.1113,0.1121,0.1076,0.1097,39402.0369633
2022-12-03T00:00:00Z,CQTUSD,0.1112,0.1112,0.1086,0.111,10182.84634371
2022-12-04T00:00:00Z,CQTUSD,0.1111,0.1136,0.1094,0.1116,26596.25214245
2022-12-05T00:00:00Z,CQTUSD,0.1082,0.1131,0.1,0.1033,96257.51480162
2022-12-06T00:00:00Z,CQTUSD,0.1035,0.1035,0.0924,0.0981,35803.80739896
2022-12-07T00:00:00Z,CQTUSD,0.0979,0.0979,0.0929,0.0929,13752.312651439997
2022-12-08T00:00:00Z,CQTUSD,0.093,0.093,0.0848,0.092,59066.77254289002
2022-12-09T00:00:00Z,CQTUSD,0.0965,0.0996,0.093,0.0932,28482.877687710003
2022-12-10T00:00:00Z,CQTUSD,0.0941,0.1004,0.0931,0.096,53024.86531052001
2022-12-11T00:00:00Z,CQTUSD,0.0957,0.0963,0.0952,0.0963,7302.81921995
2022-12-12T00:00:00Z,CQTUSD,0.0963,0.1034,0.0946,0.0956,112503.98705443006
2022-12-13T00:00:00Z,CQTUSD,0.0947,0.0993,0.0927,0.0993,27325.85969717
2022-12-14T00:00:00Z,CQTUSD,0.0918,0.105,0.0903,0.0996,72804.27360391001
2022-12-15T00:00:00Z,CQTUSD,0.1036,0.1036,0.0965,0.0965,85623.18721009998
2022-12-16T00:00:00Z,CQTUSD,0.0964,0.097,0.0926,0.0931,25681.71361624001
2022-12-17T00:00:00Z,CQTUSD,0.0971,0.0971,0.0905,0.0944,106622.72446430998
2022-12-18T00:00:00Z,CQTUSD,0.0952,0.0971,0.0934,0.0967,37182.168984380005
2022-12-19T00:00:00Z,CQTUSD,0.0975,0.1131,0.0958,0.1053,89696.90263000998
2022-12-20T00:00:00Z,CQTUSD,0.1017,0.1118,0.0991,0.1022,28414.769684359995
2022-12-21T00:00:00Z,CQTUSD,0.1011,0.1098,0.1001,0.1067,21025.5338094
2022-12-22T00:00:00Z,CQTUSD,0.1097,0.1113,0.1039,0.109,19415.141306449998
2022-12-23T00:00:00Z,CQTUSD,0.1092,0.1103,0.1075,0.1075,9213.378003979999
2022-12-24T00:00:00Z,CQTUSD,0.1058,0.1061,0.1058,0.1061,2060.1544388400002
2022-12-25T00:00:00Z,CQTUSD,0.1057,0.1088,0.1051,0.1078,5769.425861829999
2022-12-26T00:00:00Z,CQTUSD,0.1101,0.1101,0.1063,0.1076,15817.326365230001
2022-12-27T00:00:00Z,CQTUSD,0.1064,0.1087,0.1038,0.1074,19479.879738369997
2022-12-28T00:00:00Z,CQTUSD,0.1051,0.1052,0.1016,0.1032,93650.28353612011
2022-12-29T00:00:00Z,CQTUSD,0.1026,0.103,0.0986,0.1022,57083.38747566998
2022-12-30T00:00:00Z,CQTUSD,0.1021,0.1063,0.1015,0.1053,63863.66512478999
2022-12-31T00:00:00Z,CQTUSD,0.1079,0.1134,0.1042,0.1064,366434.93127188296
2023-01-01T00:00:00Z,CQTUSD,0.1063,0.1073,0.106,0.1069,12654.094098810001
2023-01-02T00:00:00Z,CQTUSD,0.1071,0.1138,0.1071,0.1088,70667.84738016002
2023-01-03T00:00:00Z,CQTUSD,0.1085,0.1138,0.1078,0.1131,92726.15284962
2023-01-04T00:00:00Z,CQTUSD,0.1133,0.1155,0.1085,0.1087,69542.25697249
2023-01-05T00:00:00Z,CQTUSD,0.1086,0.1154,0.1051,0.1063,24050.496612200004
2023-01-06T00:00:00Z,CQTUSD,0.1063,0.1084,0.1056,0.1076,49762.59984617998
2023-01-07T00:00:00Z,CQTUSD,0.1076,0.1099,0.101,0.1015,27813.512370759967
2023-01-08T00:00:00Z,CQTUSD,0.1015,0.111,0.1015,0.1092,89440.98862513002
2023-01-09T00:00:00Z,CQTUSD,0.1098,0.1155,0.1051,0.1088,49757.66788877001
2023-01-10T00:00:00Z,CQTUSD,0.1088,0.1125,0.1061,0.1106,95182.40996345
2023-01-11T00:00:00Z,CQTUSD,0.1107,0.1155,0.1021,0.1103,132275.60233138982
2023-01-12T00:00:00Z,CQTUSD,0.1105,0.1148,0.1061,0.1111,88723.31535335
2023-01-13T00:00:00Z,CQTUSD,0.1118,0.1148,0.1054,0.1106,204820.41975009997
2023-01-14T00:00:00Z,CQTUSD,0.111,0.1155,0.1079,0.1122,119057.07929215998
2023-01-15T00:00:00Z,CQTUSD,0.1133,0.1142,0.1083,0.111,38617.13203962
2023-01-16T00:00:00Z,CQTUSD,0.1108,0.1136,0.1025,0.1057,176249.36173935005
2023-01-17T00:00:00Z,CQTUSD,0.1057,0.1089,0.1046,0.1089,57359.55734882001
2023-01-18T00:00:00Z,CQTUSD,0.1102,0.111,0.0984,0.1002,290061.91962271
2023-01-19T00:00:00Z,CQTUSD,0.0996,0.1045,0.0956,0.103,133201.56466047995
2023-01-20T00:00:00Z,CQTUSD,0.1013,0.1049,0.0971,0.1029,31591.523107060002
2023-01-21T00:00:00Z,CQTUSD,0.1032,0.1075,0.1013,0.1064,86335.61399392998
2023-01-22T00:00:00Z,CQTUSD,0.1053,0.107,0.103,0.1038,130379.65668559002
2023-01-23T00:00:00Z,CQTUSD,0.1037,0.1099,0.1028,0.1064,65938.86061363
2023-01-24T00:00:00Z,CQTUSD,0.1064,0.1133,0.1061,0.108,208790.40829525
2023-01-25T00:00:00Z,CQTUSD,0.108,0.125,0.105,0.1156,301048.61478992965
2023-01-26T00:00:00Z,CQTUSD,0.116,0.16,0.1086,0.1247,249600.53005787
2023-01-27T00:00:00Z,CQTUSD,0.1174,0.1452,0.1159,0.1341,445435.9078401199
2023-01-28T00:00:00Z,CQTUSD,0.1344,0.1385,0.1302,0.1331,95330.2754466
2023-01-29T00:00:00Z,CQTUSD,0.1356,0.1394,0.132,0.137,68034.61228273003
2023-01-30T00:00:00Z,CQTUSD,0.1357,0.1388,0.125,0.125,86362.16532765
2023-01-31T00:00:00Z,CQTUSD,0.1262,0.1327,0.1187,0.1307,327120.94507000974
2023-02-01T00:00:00Z,CQTUSD,0.1275,0.1368,0.12,0.1362,109972.08713383999
2023-02-02T00:00:00Z,CQTUSD,0.1319,0.1379,0.1241,0.134,80927.04011169002
2023-02-03T00:00:00Z,CQTUSD,0.1305,0.1519,0.1305,0.1411,315052.26964874985
2023-02-04T00:00:00Z,CQTUSD,0.1398,0.1759,0.1359,0.1535,519700.6314438701
2023-02-05T00:00:00Z,CQTUSD,0.1581,0.1678,0.1414,0.1569,135699.42914564002
2023-02-06T00:00:00Z,CQTUSD,0.1585,0.2271,0.1559,0.1707,733982.5071387592
2023-02-07T00:00:00Z,CQTUSD,0.1735,0.2423,0.1669,0.2063,549924.1181002004
2023-02-08T00:00:00Z,CQTUSD,0.2126,0.2126,0.1699,0.1806,653356.9335092701
2023-02-09T00:00:00Z,CQTUSD,0.1822,0.1905,0.14,0.1443,486890.3225930196
2023-02-10T00:00:00Z,CQTUSD,0.1443,0.1683,0.1397,0.1485,558657.5769486701
2023-02-11T00:00:00Z,CQTUSD,0.1505,0.1614,0.144,0.1603,126080.71046916
2023-02-12T00:00:00Z,CQTUSD,0.1615,0.1698,0.1484,0.1548,111489.44850546002
2023-02-13T00:00:00Z,CQTUSD,0.1483,0.1549,0.1402,0.1504,211506.36930819013
2023-02-14T00:00:00Z,CQTUSD,0.1514,0.175,0.15,0.17,223304.04028841
2023-02-15T00:00:00Z,CQTUSD,0.17,0.1736,0.1418,0.1697,850091.1710480392
2023-02-16T00:00:00Z,CQTUSD,0.1693,0.1704,0.147,0.1483,592556.89578179
2023-02-17T00:00:00Z,CQTUSD,0.1488,0.1589,0.1449,0.1511,148716.43590534996
2023-02-18T00:00:00Z,CQTUSD,0.151,0.1585,0.1474,0.1497,201000.04656176025
2023-02-19T00:00:00Z,CQTUSD,0.1497,0.189,0.14,0.1449,214108.66827855006
2023-02-20T00:00:00Z,CQTUSD,0.1453,0.1529,0.1423,0.1452,97545.19227150003
2023-02-21T00:00:00Z,CQTUSD,0.1471,0.1472,0.1366,0.1429,52746.59331248999
2023-02-22T00:00:00Z,CQTUSD,0.143,0.145,0.12,0.1322,272316.8276471599
2023-02-23T00:00:00Z,CQTUSD,0.1292,0.14,0.1204,0.1279,472312.1788431202
2023-02-24T00:00:00Z,CQTUSD,0.1289,0.1698,0.1261,0.1394,771964.4121561599
2023-02-25T00:00:00Z,CQTUSD,0.139,0.1577,0.1367,0.1456,360393.86010977015
2023-02-26T00:00:00Z,CQTUSD,0.1491,0.155,0.1399,0.1476,98135.45648417994
2023-02-27T00:00:00Z,CQTUSD,0.148,0.155,0.1418,0.1534,195895.38181314
2023-02-28T00:00:00Z,CQTUSD,0.1524,0.168,0.1462,0.1574,265807.7960880301
2023-03-01T00:00:00Z,CQTUSD,0.1574,0.2001,0.1564,0.1847,334844.89494781016
2023-03-02T00:00:00Z,CQTUSD,0.1868,0.188,0.1487,0.1653,291545.11613515025
2023-03-03T00:00:00Z,CQTUSD,0.1654,0.186,0.1564,0.17,233295.20223257018
2023-03-04T00:00:00Z,CQTUSD,0.17,0.1743,0.158,0.1637,57618.47508442999
2023-03-05T00:00:00Z,CQTUSD,0.1636,0.1728,0.1619,0.1658,83686.48490417
2023-03-06T00:00:00Z,CQTUSD,0.1659,0.17,0.1585,0.1636,195687.16402646995
2023-03-07T00:00:00Z,CQTUSD,0.1638,0.1666,0.1511,0.1642,229390.22455537991
2023-03-08T00:00:00Z,CQTUSD,0.1649,0.17,0.1491,0.1526,116050.53837403003
2023-03-09T00:00:00Z,CQTUSD,0.1526,0.1598,0.1401,0.1405,126580.03707767001
2023-03-10T00:00:00Z,CQTUSD,0.1411,0.1571,0.136,0.1563,171080.3427201701
2023-03-11T00:00:00Z,CQTUSD,0.1557,0.1557,0.1328,0.1422,71840.91024767
2023-03-12T00:00:00Z,CQTUSD,0.1422,0.1555,0.1422,0.1519,95917.14115414003
2023-03-13T00:00:00Z,CQTUSD,0.1521,0.1734,0.1502,0.1618,114130.64949288998
2023-03-14T00:00:00Z,CQTUSD,0.1611,0.1785,0.159,0.177,49176.93035511002
2023-03-15T00:00:00Z,CQTUSD,0.177,0.2001,0.1511,0.161,105444.01107140002
2023-03-16T00:00:00Z,CQTUSD,0.1622,0.1743,0.1609,0.1743,55193.64403140998
2023-03-17T00:00:00Z,CQTUSD,0.1752,0.19,0.1592,0.168,193852.12099974987
2023-03-18T00:00:00Z,CQTUSD,0.1679,0.1713,0.1489,0.1529,203751.8213225
2023-03-19T00:00:00Z,CQTUSD,0.1534,0.1622,0.1525,0.1614,83017.99511513996
2023-03-20T00:00:00Z,CQTUSD,0.157,0.1585,0.1494,0.1528,53729.24115809999
2023-03-21T00:00:00Z,CQTUSD,0.1528,0.1601,0.1524,0.1564,104529.53456968999
2023-03-22T00:00:00Z,CQTUSD,0.1584,0.1585,0.1459,0.1499,62660.904512080015
2023-03-23T00:00:00Z,CQTUSD,0.1529,0.1583,0.148,0.15,254209.40611667008
2023-03-24T00:00:00Z,CQTUSD,0.1511,0.154,0.1442,0.1501,72718.57254147001
2023-03-25T00:00:00Z,CQTUSD,0.1501,0.1529,0.1369,0.1476,62576.03682400999
2023-03-26T00:00:00Z,CQTUSD,0.1476,0.1508,0.1459,0.1495,283820.9847839401
2023-03-27T00:00:00Z,CQTUSD,0.149,0.1514,0.1396,0.1448,54267.49896066997
2023-03-28T00:00:00Z,CQTUSD,0.1421,0.1506,0.1421,0.1492,44065.51625395001
2023-03-29T00:00:00Z,CQTUSD,0.1496,0.1589,0.1481,0.1528,27154.282823060003
2023-03-30T00:00:00Z,CQTUSD,0.1543,0.1556,0.148,0.1539,114748.54493036
2023-03-31T00:00:00Z,CQTUSD,0.1529,0.1571,0.15,0.1551,39674.175316099994
2023-04-01T00:00:00Z,CQTUSD,0.1551,0.1564,0.1518,0.1558,82972.18804698999
2023-04-02T00:00:00Z,CQTUSD,0.1546,0.1602,0.1524,0.1545,11809.066871459996
2023-04-03T00:00:00Z,CQTUSD,0.1524,0.1542,0.1492,0.1536,30982.40681561999
2023-04-04T00:00:00Z,CQTUSD,0.1536,0.1536,0.1493,0.151,195427.29768464997
2023-04-05T00:00:00Z,CQTUSD,0.151,0.1682,0.151,0.1652,160036.56905017994
2023-04-06T00:00:00Z,CQTUSD,0.1625,0.1625,0.1537,0.1568,67025.43085734003
2023-04-07T00:00:00Z,CQTUSD,0.1555,0.1555,0.1516,0.1542,65272.85639879
2023-04-08T00:00:00Z,CQTUSD,0.1542,0.1637,0.1532,0.1566,31970.707135290002
2023-04-09T00:00:00Z,CQTUSD,0.1513,0.167,0.1513,0.1577,38005.714601579995
2023-04-10T00:00:00Z,CQTUSD,0.1589,0.1991,0.1577,0.1754,260093.22651662
2023-04-11T00:00:00Z,CQTUSD,0.1751,0.1814,0.1666,0.172,127415.37550018998
2023-04-12T00:00:00Z,CQTUSD,0.1738,0.1751,0.1641,0.1723,30325.16849471
2023-04-13T00:00:00Z,CQTUSD,0.1726,0.1877,0.171,0.1806,54687.32395529999
2023-04-14T00:00:00Z,CQTUSD,0.1815,0.1875,0.176,0.1834,68544.95383619999
2023-04-15T00:00:00Z,CQTUSD,0.195,0.195,0.1761,0.179,31412.819869969997
2023-04-16T00:00:00Z,CQTUSD,0.1794,0.1826,0.1762,0.178,52952.71518305001
2023-04-17T00:00:00Z,CQTUSD,0.179,0.1797,0.1717,0.177,108565.76468148999
2023-04-18T00:00:00Z,CQTUSD,0.1772,0.1793,0.1698,0.1715,35627.918110390005
2023-04-19T00:00:00Z,CQTUSD,0.1769,0.1769,0.1592,0.16,85323.78627590001
2023-04-20T00:00:00Z,CQTUSD,0.1624,0.1693,0.1603,0.1657,31692.89073176
2023-04-21T00:00:00Z,CQTUSD,0.1677,0.1694,0.15,0.15,91720.68088886
2023-04-22T00:00:00Z,CQTUSD,0.1503,0.1659,0.15,0.1537,89240.11450402
2023-04-23T00:00:00Z,CQTUSD,0.1618,0.1651,0.152,0.1581,54647.49390995999
2023-04-24T00:00:00Z,CQTUSD,0.1582,0.1597,0.15,0.151,53544.76806609
2023-04-25T00:00:00Z,CQTUSD,0.1591,0.162,0.1535,0.162,64216.06255205999
2023-04-26T00:00:00Z,CQTUSD,0.1603,0.1671,0.1535,0.1608,94830.08459706999
2023-04-27T00:00:00Z,CQTUSD,0.161,0.1628,0.1571,0.1605,21932.995573519995
2023-04-28T00:00:00Z,CQTUSD,0.1613,0.1625,0.1548,0.161,43204.63545466001
2023-04-29T00:00:00Z,CQTUSD,0.1584,0.1601,0.15,0.1559,111044.98438012
2023-04-30T00:00:00Z,CQTUSD,0.1576,0.1599,0.1541,0.1542,12926.545868610001
2023-05-01T00:00:00Z,CQTUSD,0.158,0.158,0.127,0.1426,486804.5023419098
2023-05-02T00:00:00Z,CQTUSD,0.1428,0.1532,0.1364,0.1449,243602.6266589199
2023-05-03T00:00:00Z,CQTUSD,0.1498,0.1591,0.1438,0.1495,57140.282211239995
2023-05-04T00:00:00Z,CQTUSD,0.1496,0.1511,0.14,0.145,35018.38096958
2023-05-05T00:00:00Z,CQTUSD,0.1461,0.1579,0.1449,0.151,84380.85215786
2023-05-06T00:00:00Z,CQTUSD,0.1526,0.1526,0.1417,0.1459,15508.619222659998
2023-05-07T00:00:00Z,CQTUSD,0.1463,0.1484,0.1403,0.1403,52718.39356418
2023-05-08T00:00:00Z,CQTUSD,0.1492,0.1492,0.1305,0.1305,57178.63846051999
2023-05-09T00:00:00Z,CQTUSD,0.1309,0.1419,0.1275,0.131,58512.29393026999
2023-05-10T00:00:00Z,CQTUSD,0.1315,0.1369,0.1297,0.1335,21880.189976830006
2023-05-11T00:00:00Z,CQTUSD,0.1333,0.1391,0.1265,0.1276,26155.898051890006
2023-05-12T00:00:00Z,CQTUSD,0.132,0.1342,0.1211,0.129,47523.14548734998
2023-05-13T00:00:00Z,CQTUSD,0.1291,0.1363,0.1265,0.1363,15810.834140060002
2023-05-14T00:00:00Z,CQTUSD,0.1364,0.1378,0.1241,0.128,46186.48061355002
2023-05-15T00:00:00Z,CQTUSD,0.128,0.1335,0.128,0.1334,74490.92346087002
2023-05-16T00:00:00Z,CQTUSD,0.1333,0.1348,0.1217,0.1329,75800.91247300999
2023-05-17T00:00:00Z,CQTUSD,0.1331,0.1401,0.1322,0.1377,45685.75537818001
2023-05-18T00:00:00Z,CQTUSD,0.1381,0.14,0.1308,0.1315,36120.611446589995
2023-05-19T00:00:00Z,CQTUSD,0.1367,0.1368,0.1315,0.1328,51027.788217059984
2023-05-20T00:00:00Z,CQTUSD,0.1341,0.1343,0.1269,0.1274,13053.44219389
2023-05-21T00:00:00Z,CQTUSD,0.1297,0.1319,0.118,0.1221,147788.73069828996
2023-05-22T00:00:00Z,CQTUSD,0.1235,0.129,0.1222,0.128,22188.629202570006
2023-05-23T00:00:00Z,CQTUSD,0.1266,0.13,0.1243,0.1275,16908.40939272
2023-05-24T00:00:00Z,CQTUSD,0.1281,0.1281,0.1207,0.1222,28220.357678529992
2023-05-25T00:00:00Z,CQTUSD,0.1223,0.1291,0.1204,0.1246,49429.78432398
2023-05-26T00:00:00Z,CQTUSD,0.1302,0.1302,0.1213,0.1258,12580.92076865
2023-05-27T00:00:00Z,CQTUSD,0.1266,0.1266,0.1204,0.1229,15460.243669840002
2023-05-28T00:00:00Z,CQTUSD,0.1243,0.1243,0.1212,0.1225,16017.126534099998
2023-05-29T00:00:00Z,CQTUSD,0.1228,0.1253,0.1196,0.1196,35959.989088359995
2023-05-30T00:00:00Z,CQTUSD,0.12,0.121,0.1148,0.1192,111765.50718775
2023-05-31T00:00:00Z,CQTUSD,0.1195,0.1257,0.1162,0.1254,38392.24141971
2023-06-01T00:00:00Z,CQTUSD,0.1255,0.1256,0.1157,0.1229,48069.86623556999
2023-06-02T00:00:00Z,CQTUSD,0.1232,0.1259,0.12,0.1256,26723.50621556
2023-06-03T00:00:00Z,CQTUSD,0.1255,0.1382,0.1245,0.1369,62832.13936767998
2023-06-04T00:00:00Z,CQTUSD,0.1378,0.1429,0.1249,0.1257,44140.73230683
2023-06-05T00:00:00Z,CQTUSD,0.1295,0.1295,0.116,0.1212,92477.34949328
2023-06-06T00:00:00Z,CQTUSD,0.1232,0.1236,0.118,0.1224,127785.13277567997
2023-06-07T00:00:00Z,CQTUSD,0.1225,0.1227,0.116,0.1161,22199.171367799998
2023-06-08T00:00:00Z,CQTUSD,0.1172,0.1225,0.1149,0.1149,31988.70273542
2023-06-09T00:00:00Z,CQTUSD,0.1156,0.1238,0.1151,0.1238,18823.164062890006
2023-06-10T00:00:00Z,CQTUSD,0.1178,0.125,0.1003,0.1085,185449.05592197
2023-06-11T00:00:00Z,CQTUSD,0.108,0.1136,0.1023,0.1074,20144.52292572
2023-06-12T00:00:00Z,CQTUSD,0.1085,0.1138,0.1045,0.1083,13631.338226090002
2023-06-13T00:00:00Z,CQTUSD,0.1138,0.1138,0.1041,0.1109,52415.81168314
2023-06-14T00:00:00Z,CQTUSD,0.1125,0.1185,0.1053,0.1102,146387.45623585003
2023-06-15T00:00:00Z,CQTUSD,0.1113,0.1201,0.1058,0.1147,88032.6381586
2023-06-16T00:00:00Z,CQTUSD,0.1129,0.1247,0.1075,0.122,29321.352533679998
2023-06-17T00:00:00Z,CQTUSD,0.1165,0.1202,0.1119,0.1167,23044.82489522
2023-06-18T00:00:00Z,CQTUSD,0.1168,0.1222,0.1145,0.1167,11642.38330935
2023-06-19T00:00:00Z,CQTUSD,0.1171,0.122,0.1097,0.1143,20322.21129453
2023-06-20T00:00:00Z,CQTUSD,0.1172,0.1187,0.1117,0.1162,36075.680403839986
2023-06-21T00:00:00Z,CQTUSD,0.1183,0.1333,0.1158,0.127,36412.215863839985
2023-06-22T00:00:00Z,CQTUSD,0.1239,0.1345,0.106,0.1166,135626.34942128006
2023-06-23T00:00:00Z,CQTUSD,0.1207,0.1215,0.1154,0.1189,57107.23224261
2023-06-24T00:00:00Z,CQTUSD,0.117,0.122,0.1158,0.1206,31358.27132081
2023-06-25T00:00:00Z,CQTUSD,0.1171,0.1263,0.1171,0.1223,21565.516797580007
2023-06-26T00:00:00Z,CQTUSD,0.1196,0.1247,0.1154,0.1208,19564.918366520003
2023-06-27T00:00:00Z,CQTUSD,0.119,0.1271,0.1159,0.1231,73492.03225347999
2023-06-28T00:00:00Z,CQTUSD,0.1216,0.1236,0.1159,0.1169,7937.43495116
2023-06-29T00:00:00Z,CQTUSD,0.123,0.1254,0.1166,0.1193,19185.209200679998
2023-06-30T00:00:00Z,CQTUSD,0.1192,0.1223,0.1162,0.1193,78571.11122502
2023-07-01T00:00:00Z,CQTUSD,0.1195,0.1197,0.1122,0.1135,91075.44317258002
2023-07-02T00:00:00Z,CQTUSD,0.1138,0.1144,0.1115,0.1137,20265.047494209997
2023-07-03T00:00:00Z,CQTUSD,0.1138,0.1168,0.113,0.1138,45184.84485952
2023-07-04T00:00:00Z,CQTUSD,0.1132,0.115,0.11,0.1122,58663.56926742001
2023-07-05T00:00:00Z,CQTUSD,0.1126,0.1127,0.1047,0.1049,49722.10015186
2023-07-06T00:00:00Z,CQTUSD,0.1049,0.13,0.1016,0.1048,246804.65603535995
2023-07-07T00:00:00Z,CQTUSD,0.1053,0.1083,0.1,0.1,51636.70217858
2023-07-08T00:00:00Z,CQTUSD,0.1,0.1038,0.1,0.1004,26350.926079390003
2023-07-09T00:00:00Z,CQTUSD,0.1009,0.1064,0.0983,0.0985,34864.493355230006
2023-07-10T00:00:00Z,CQTUSD,0.0999,0.1024,0.0965,0.0999,47663.33401384001
2023-07-11T00:00:00Z,CQTUSD,0.1003,0.1037,0.0998,0.1037,23174.688580909995
2023-07-12T00:00:00Z,CQTUSD,0.1035,0.1077,0.1029,0.1067,14644.712035349998
2023-07-13T00:00:00Z,CQTUSD,0.1062,0.1216,0.1031,0.1172,100236.66659522004
2023-07-14T00:00:00Z,CQTUSD,0.1161,0.1161,0.1032,0.1046,195076.81651952004
2023-07-15T00:00:00Z,CQTUSD,0.1046,0.1082,0.1043,0.107,9449.48676806
2023-07-16T00:00:00Z,CQTUSD,0.1074,0.1114,0.1072,0.1078,19493.30643343
2023-07-17T00:00:00Z,CQTUSD,0.1078,0.1097,0.105,0.1059,16081.965593619998
2023-07-18T00:00:00Z,CQTUSD,0.1061,0.1118,0.1061,0.1118,26531.868641570003
2023-07-19T00:00:00Z,CQTUSD,0.1114,0.116,0.1077,0.111,56127.359051260006
2023-07-20T00:00:00Z,CQTUSD,0.1106,0.1172,0.1099,0.115,27290.39210377001
2023-07-21T00:00:00Z,CQTUSD,0.1132,0.1185,0.1104,0.1166,25663.396475920003
2023-07-22T00:00:00Z,CQTUSD,0.116,0.116,0.1112,0.1124,7966.930924699999
2023-07-23T00:00:00Z,CQTUSD,0.1121,0.1122,0.1096,0.1116,13986.8946224
2023-07-24T00:00:00Z,CQTUSD,0.1092,0.1119,0.1052,0.1082,21501.448909710005
2023-07-25T00:00:00Z,CQTUSD,0.1104,0.1104,0.1072,0.1072,8405.29118787
2023-07-26T00:00:00Z,CQTUSD,0.1099,0.1103,0.106,0.1068,9019.955691890002
2023-07-27T00:00:00Z,CQTUSD,0.109,0.1098,0.1015,0.1046,15586.582944270003
2023-07-28T00:00:00Z,CQTUSD,0.1055,0.1103,0.1018,0.1047,18378.81018892
2023-07-29T00:00:00Z,CQTUSD,0.1053,0.1089,0.1024,0.1039,22137.102475449996
2023-07-30T00:00:00Z,CQTUSD,0.1033,0.1065,0.1025,0.1036,9468.601000569999
2023-07-31T00:00:00Z,CQTUSD,0.1034,0.1045,0.0996,0.1045,23295.127285980005
2023-08-01T00:00:00Z,CQTUSD,0.1044,0.1046,0.0979,0.1016,208926.63111620003
2023-08-02T00:00:00Z,CQTUSD,0.1033,0.1057,0.0996,0.1023,26231.27656311
2023-08-03T00:00:00Z,CQTUSD,0.1023,0.106,0.0999,0.1042,24349.36335626
2023-08-04T00:00:00Z,CQTUSD,0.104,0.1049,0.0988,0.1002,31964.558509330003
2023-08-05T00:00:00Z,CQTUSD,0.1013,0.1033,0.095,0.0969,11378.93490634
2023-08-06T00:00:00Z,CQTUSD,0.099,0.101,0.0951,0.0965,17965.21974594
2023-08-07T00:00:00Z,CQTUSD,0.0981,0.0995,0.0949,0.0972,12781.12568624
2023-08-08T00:00:00Z,CQTUSD,0.0987,0.0996,0.0946,0.0991,22472.63271227
2023-08-09T00:00:00Z,CQTUSD,0.1,0.1,0.0982,0.0984,5837.942926920001
2023-08-10T00:00:00Z,CQTUSD,0.0972,0.0998,0.0934,0.0947,36962.99795115
2023-08-11T00:00:00Z,CQTUSD,0.0946,0.0993,0.0946,0.0988,27838.628636190006
2023-08-12T00:00:00Z,CQTUSD,0.0973,0.0979,0.0943,0.0956,13231.327469119999
2023-08-13T00:00:00Z,CQTUSD,0.096,0.098,0.0952,0.0967,13315.243544320001
2023-08-14T00:00:00Z,CQTUSD,0.0978,0.0996,0.0971,0.099,116326.4081885101
2023-08-15T00:00:00Z,CQTUSD,0.099,0.099,0.0939,0.0939,30736.85545349
2023-08-16T00:00:00Z,CQTUSD,0.0937,0.0963,0.092,0.0939,21611.69364075
2023-08-17T00:00:00Z,CQTUSD,0.093,0.0994,0.0861,0.0878,136282.96349572996
2023-08-18T00:00:00Z,CQTUSD,0.0896,0.0922,0.0844,0.0863,43834.88832125
2023-08-19T00:00:00Z,CQTUSD,0.0883,0.091,0.0859,0.089,40998.733854879996
2023-08-20T00:00:00Z,CQTUSD,0.0884,0.0897,0.0834,0.085,39108.183794549994
2023-08-21T00:00:00Z,CQTUSD,0.0856,0.0876,0.0836,0.086,27507.70534147
2023-08-22T00:00:00Z,CQTUSD,0.0856,0.0862,0.081,0.082,37036.31774764
2023-08-23T00:00:00Z,CQTUSD,0.0831,0.0833,0.0798,0.0823,14335.028030779999
2023-08-24T00:00:00Z,CQTUSD,0.0822,0.0822,0.08,0.08,13881.31514737
2023-08-25T00:00:00Z,CQTUSD,0.0802,0.0803,0.0789,0.08,39072.593109609996
2023-08-26T00:00:00Z,CQTUSD,0.0799,0.0843,0.0798,0.084,40823.15124913001
2023-08-27T00:00:00Z,CQTUSD,0.0838,0.0857,0.0821,0.0857,121481.07545874998
2023-08-28T00:00:00Z,CQTUSD,0.0858,0.0937,0.0844,0.0903,129214.30258484001
2023-08-29T00:00:00Z,CQTUSD,0.089,0.0948,0.088,0.0892,74192.36778182998
2023-08-30T00:00:00Z,CQTUSD,0.0908,0.0941,0.088,0.0888,48006.07354313001
2023-08-31T00:00:00Z,CQTUSD,0.0874,0.0879,0.0848,0.0858,37492.55427237
2023-09-01T00:00:00Z,CQTUSD,0.0871,0.0878,0.0852,0.0852,10299.929933739999
2023-09-02T00:00:00Z,CQTUSD,0.088,0.0954,0.083,0.0866,43530.86422774
2023-09-03T00:00:00Z,CQTUSD,0.0876,0.0876,0.0798,0.0822,36111.27916034
2023-09-04T00:00:00Z,CQTUSD,0.0826,0.0826,0.0779,0.0801,26139.705739959994
2023-09-05T00:00:00Z,CQTUSD,0.0798,0.0801,0.0765,0.0784,35029.43403213001
2023-09-06T00:00:00Z,CQTUSD,0.0787,0.0793,0.0787,0.0791,1026.4331661
2023-09-07T00:00:00Z,CQTUSD,0.079,0.079,0.0768,0.0768,12048.23185575
2023-09-08T00:00:00Z,CQTUSD,0.0762,0.0771,0.0745,0.0755,84921.91851076002
2023-09-09T00:00:00Z,CQTUSD,0.0757,0.0759,0.0736,0.0736,8832.11562587
2023-09-10T00:00:00Z,CQTUSD,0.0735,0.0736,0.0706,0.0716,33637.933606809995
2023-09-11T00:00:00Z,CQTUSD,0.0714,0.0714,0.0647,0.0662,64812.48484313
2023-09-12T00:00:00Z,CQTUSD,0.0662,0.0698,0.0631,0.0677,189958.21915915993
2023-09-13T00:00:00Z,CQTUSD,0.0666,0.0715,0.0628,0.0628,22234.759748610002
2023-09-14T00:00:00Z,CQTUSD,0.0639,0.0699,0.0635,0.0694,21106.05394029
2023-09-15T00:00:00Z,CQTUSD,0.0702,0.0706,0.067,0.0675,11551.076856669999
2023-09-16T00:00:00Z,CQTUSD,0.0685,0.0703,0.0677,0.0695,25505.307112680002
2023-09-17T00:00:00Z,CQTUSD,0.0678,0.0683,0.0655,0.067,39261.870888369995
2023-09-18T00:00:00Z,CQTUSD,0.0682,0.069,0.0658,0.0668,37998.09854318
2023-09-19T00:00:00Z,CQTUSD,0.0657,0.0682,0.0654,0.0665,17137.9507046
2023-09-20T00:00:00Z,CQTUSD,0.0654,0.0696,0.0654,0.068,6274.463832979999
2023-09-21T00:00:00Z,CQTUSD,0.0674,0.0707,0.0674,0.0704,15043.89662332
2023-09-22T00:00:00Z,CQTUSD,0.0697,0.0738,0.0696,0.0738,23315.250529660003
2023-09-23T00:00:00Z,CQTUSD,0.0743,0.0842,0.0669,0.0833,136186.55801438
2023-09-24T00:00:00Z,CQTUSD,0.0834,0.0932,0.0811,0.0893,48592.071909119986
2023-09-25T00:00:00Z,CQTUSD,0.0899,0.0902,0.0811,0.0818,20859.650656949994
2023-09-26T00:00:00Z,CQTUSD,0.0818,0.0871,0.0811,0.0813,23468.60528183
2023-09-27T00:00:00Z,CQTUSD,0.0828,0.0931,0.0821,0.0841,30229.63368205
2023-09-28T00:00:00Z,CQTUSD,0.0852,0.0867,0.0811,0.0841,43761.153153889994
2023-09-29T00:00:00Z,CQTUSD,0.0856,0.0989,0.0827,0.0933,172476.23479537998
2023-09-30T00:00:00Z,CQTUSD,0.0933,0.1022,0.0894,0.0974,83461.09067340998
2023-10-01T00:00:00Z,CQTUSD,0.0984,0.165,0.0974,0.127,1428396.8227353697
2023-10-02T00:00:00Z,CQTUSD,0.1232,0.127,0.102,0.1077,467211.83371464995
2023-10-03T00:00:00Z,CQTUSD,0.1063,0.1149,0.1,0.1017,319457.52834513003
2023-10-04T00:00:00Z,CQTUSD,0.1013,0.1315,0.1013,0.1247,420890.11463360954
2023-10-05T00:00:00Z,CQTUSD,0.1247,0.1247,0.1046,0.1165,130774.08754122003
2023-10-06T00:00:00Z,CQTUSD,0.1173,0.147,0.1163,0.1309,197570.84247318
2023-10-07T00:00:00Z,CQTUSD,0.1299,0.1392,0.1225,0.131,344082.9217312902
2023-10-08T00:00:00Z,CQTUSD,0.1308,0.1381,0.1243,0.1381,345925.8575001301
2023-10-09T00:00:00Z,CQTUSD,0.1382,0.1382,0.118,0.1185,132264.44445236
2023-10-10T00:00:00Z,CQTUSD,0.119,0.122,0.1162,0.118,81153.24265548002
2023-10-11T00:00:00Z,CQTUSD,0.1164,0.1164,0.1042,0.1062,208183.47087136004
2023-10-12T00:00:00Z,CQTUSD,0.1066,0.1156,0.1059,0.1102,62221.663484950004
2023-10-13T00:00:00Z,CQTUSD,0.1095,0.1171,0.1056,0.1131,422461.2093005997
2023-10-14T00:00:00Z,CQTUSD,0.1146,0.1168,0.1071,0.1138,14468.20910808
2023-10-15T00:00:00Z,CQTUSD,0.1133,0.1144,0.1127,0.1135,16354.298770830002
2023-10-16T00:00:00Z,CQTUSD,0.1138,0.1165,0.1068,0.1132,72314.24085535
2023-10-17T00:00:00Z,CQTUSD,0.1141,0.1224,0.1092,0.1094,66394.26907308998
2023-10-18T00:00:00Z,CQTUSD,0.1104,0.1111,0.108,0.1099,33936.64037131001
2023-10-19T00:00:00Z,CQTUSD,0.1109,0.1311,0.1106,0.1229,45266.24461232
2023-10-20T00:00:00Z,CQTUSD,0.1229,0.1406,0.1229,0.1383,170725.64825821004
2023-10-21T00:00:00Z,CQTUSD,0.1367,0.1376,0.1213,0.1245,166433.83111859008
2023-10-22T00:00:00Z,CQTUSD,0.1242,0.1262,0.1204,0.1258,26507.284777939996
2023-10-23T00:00:00Z,CQTUSD,0.1264,0.1366,0.1264,0.1305,73370.21116757
2023-10-24T00:00:00Z,CQTUSD,0.1283,0.1399,0.1223,0.136,67990.07601498
2023-10-25T00:00:00Z,CQTUSD,0.1348,0.1396,0.1323,0.1355,140213.82890866004
2023-10-26T00:00:00Z,CQTUSD,0.1355,0.1383,0.1315,0.1358,84630.05300494004
2023-10-27T00:00:00Z,CQTUSD,0.1367,0.1567,0.1351,0.1541,164729.74879762006
2023-10-28T00:00:00Z,CQTUSD,0.1556,0.1589,0.1429,0.1455,144362.30548705003
2023-10-29T00:00:00Z,CQTUSD,0.1473,0.1516,0.1423,0.1445,24176.528594830004
2023-10-30T00:00:00Z,CQTUSD,0.1441,0.1517,0.1419,0.1423,68281.55660547
2023-10-31T00:00:00Z,CQTUSD,0.1449,0.1518,0.1386,0.14,37635.73375135
2023-11-01T00:00:00Z,CQTUSD,0.1387,0.1497,0.1353,0.1435,36932.92811343999
2023-11-02T00:00:00Z,CQTUSD,0.1455,0.1483,0.139,0.1408,23829.838286259994
2023-11-03T00:00:00Z,CQTUSD,0.1386,0.1386,0.1255,0.1319,85559.31447068002
2023-11-04T00:00:00Z,CQTUSD,0.131,0.1433,0.1306,0.1418,148736.49851602004
2023-11-05T00:00:00Z,CQTUSD,0.1401,0.1422,0.131,0.1331,85086.99675759001
2023-11-06T00:00:00Z,CQTUSD,0.1329,0.1366,0.1266,0.1362,134049.96835474003
2023-11-07T00:00:00Z,CQTUSD,0.1356,0.1357,0.1215,0.1292,166587.33359788
2023-11-08T00:00:00Z,CQTUSD,0.1292,0.1333,0.1287,0.1296,85234.63227653
2023-11-09T00:00:00Z,CQTUSD,0.132,0.1407,0.1252,0.1275,203832.71201844004
2023-11-10T00:00:00Z,CQTUSD,0.1285,0.1387,0.1285,0.1343,103793.45768135003
2023-11-11T00:00:00Z,CQTUSD,0.1343,0.1388,0.1302,0.1333,38320.552568869985
2023-11-12T00:00:00Z,CQTUSD,0.1332,0.1431,0.1318,0.1385,45431.712312209995
2023-11-13T00:00:00Z,CQTUSD,0.1397,0.1454,0.1288,0.1388,44422.45782971999
2023-11-14T00:00:00Z,CQTUSD,0.1388,0.1409,0.1246,0.1281,28199.00754565
2023-11-15T00:00:00Z,CQTUSD,0.1271,0.1595,0.1256,0.141,91996.33505091003
2023-11-16T00:00:00Z,CQTUSD,0.143,0.1502,0.1394,0.145,108456.49698781002
2023-11-17T00:00:00Z,CQTUSD,0.1446,0.151,0.134,0.1346,89844.36823734001
2023-11-18T00:00:00Z,CQTUSD,0.1357,0.1357,0.1308,0.1331,20127.74912856
2023-11-19T00:00:00Z,CQTUSD,0.1354,0.1354,0.1308,0.134,30046.175417930004
2023-11-20T00:00:00Z,CQTUSD,0.1346,0.1589,0.1335,0.1566,342481.71394151007
2023-11-21T00:00:00Z,CQTUSD,0.1533,0.1569,0.138,0.138,143557.25952869005
2023-11-22T00:00:00Z,CQTUSD,0.1394,0.1831,0.1389,0.1767,293649.66167367005
2023-11-23T00:00:00Z,CQTUSD,0.1778,0.22,0.1629,0.195,585034.7060053202
2023-11-24T00:00:00Z,CQTUSD,0.195,0.22,0.1859,0.2162,271327.3872596199
2023-11-25T00:00:00Z,CQTUSD,0.2162,0.2398,0.1921,0.2244,259617.63177344005
2023-11-26T00:00:00Z,CQTUSD,0.2244,0.2398,0.2154,0.2241,214651.41037350008
2023-11-27T00:00:00Z,CQTUSD,0.2218,0.2218,0.2,0.2032,166026.20663369
2023-11-28T00:00:00Z,CQTUSD,0.2,0.2072,0.1879,0.2053,133913.9500122
2023-11-29T00:00:00Z,CQTUSD,0.2039,0.2039,0.1941,0.1983,48953.33257867001
2023-11-30T00:00:00Z,CQTUSD,0.2002,0.2016,0.1909,0.1915,64356.001699919965
2023-12-01T00:00:00Z,CQTUSD,0.1935,0.2125,0.1886,0.2123,119904.38008252002
2023-12-02T00:00:00Z,CQTUSD,0.2056,0.2056,0.1961,0.2001,90808.64870649998
2023-12-03T00:00:00Z,CQTUSD,0.2001,0.2106,0.199,0.2005,38456.57522416
2023-12-04T00:00:00Z,CQTUSD,0.2004,0.2085,0.1978,0.205,52196.258932790006
2023-12-05T00:00:00Z,CQTUSD,0.2064,0.25,0.2049,0.2365,360015.50989029027
2023-12-06T00:00:00Z,CQTUSD,0.2362,0.2761,0.2128,0.2642,307364.90800703963
2023-12-07T00:00:00Z,CQTUSD,0.2609,0.278,0.2424,0.2494,219817.69428292976
2023-12-08T00:00:00Z,CQTUSD,0.2478,0.2791,0.2422,0.2696,112956.41139962009
2023-12-09T00:00:00Z,CQTUSD,0.2698,0.28,0.2502,0.2534,153682.0880224401
2023-12-10T00:00:00Z,CQTUSD,0.2546,0.2567,0.2452,0.2487,67717.03098797999
2023-12-11T00:00:00Z,CQTUSD,0.25,0.2519,0.214,0.2291,130013.43590374994
2023-12-12T00:00:00Z,CQTUSD,0.23,0.2454,0.226,0.2426,63732.34579097999
2023-12-13T00:00:00Z,CQTUSD,0.2439,0.2479,0.2308,0.2308,103598.95627704007
2023-12-14T00:00:00Z,CQTUSD,0.2308,0.2362,0.2273,0.2314,100563.07618622
2023-12-15T00:00:00Z,CQTUSD,0.2314,0.2321,0.2048,0.2048,193946.6718096399
2023-12-16T00:00:00Z,CQTUSD,0.2054,0.2214,0.1922,0.2159,306179.3192545296
2023-12-17T00:00:00Z,CQTUSD,0.2155,0.2329,0.2123,0.2256,145207.53133320002
2023-12-18T00:00:00Z,CQTUSD,0.2301,0.2568,0.2039,0.2123,175548.7825640801
2023-12-19T00:00:00Z,CQTUSD,0.2143,0.2493,0.2133,0.2319,180376.46072107012
2023-12-20T00:00:00Z,CQTUSD,0.2313,0.2408,0.2214,0.2361,102637.09082534001
2023-12-21T00:00:00Z,CQTUSD,0.2361,0.2415,0.2052,0.225,132424.51993419998
2023-12-22T00:00:00Z,CQTUSD,0.2256,0.2274,0.2122,0.2274,83652.55718314998
2023-12-23T00:00:00Z,CQTUSD,0.2267,0.2276,0.2194,0.224,33217.791222030006
2023-12-24T00:00:00Z,CQTUSD,0.2232,0.2407,0.2154,0.2227,89852.22596489998
2023-12-25T00:00:00Z,CQTUSD,0.2218,0.2223,0.2098,0.2203,103981.63668250998
2023-12-26T00:00:00Z,CQTUSD,0.2192,0.2271,0.2166,0.221,41086.378048039995
2023-12-27T00:00:00Z,CQTUSD,0.2209,0.2359,0.2167,0.2311,85484.78369252002
2023-12-28T00:00:00Z,CQTUSD,0.2347,0.2493,0.2187,0.2329,93023.33278194003
2023-12-29T00:00:00Z,CQTUSD,0.2312,0.2333,0.2227,0.2282,21409.435661879997
2023-12-30T00:00:00Z,CQTUSD,0.2301,0.2649,0.2273,0.2435,130386.69690336
2023-12-31T00:00:00Z,CQTUSD,0.246,0.2532,0.2399,0.2481,76600.46802589
2024-01-01T00:00:00Z,CQTUSD,0.2464,0.2503,0.2347,0.2437,53614.35573363001
2024-01-02T00:00:00Z,CQTUSD,0.2455,0.2515,0.2375,0.2412,92957.76701666
2024-01-03T00:00:00Z,CQTUSD,0.2399,0.2534,0.2195,0.2296,147200.86350984007
2024-01-04T00:00:00Z,CQTUSD,0.2335,0.2523,0.2147,0.2523,424931.7673883599
2024-01-05T00:00:00Z,CQTUSD,0.2515,0.2749,0.2451,0.2674,139015.387858
2024-01-06T00:00:00Z,CQTUSD,0.2674,0.31,0.2656,0.3051,486331.4632178395
2024-01-07T00:00:00Z,CQTUSD,0.3032,0.3199,0.2656,0.2758,387101.90086914005
2024-01-08T00:00:00Z,CQTUSD,0.2737,0.3037,0.251,0.2746,404920.1735706701
2024-01-09T00:00:00Z,CQTUSD,0.2758,0.2929,0.2603,0.279,122670.74783002998
2024-01-10T00:00:00Z,CQTUSD,0.2835,0.301,0.2616,0.2862,210268.07899743004
2024-01-11T00:00:00Z,CQTUSD,0.2851,0.2881,0.2639,0.2639,171178.59266967996
2024-01-12T00:00:00Z,CQTUSD,0.2685,0.2792,0.2449,0.2496,133971.17177090998
2024-01-13T00:00:00Z,CQTUSD,0.2479,0.255,0.235,0.253,146963.29553003004
2024-01-14T00:00:00Z,CQTUSD,0.2534,0.2576,0.2448,0.2482,50867.97702340998
2024-01-15T00:00:00Z,CQTUSD,0.2489,0.2628,0.2329,0.2502,109879.40613026998
2024-01-16T00:00:00Z,CQTUSD,0.25,0.2677,0.23,0.2677,148762.33533763993
2024-01-17T00:00:00Z,CQTUSD,0.2677,0.2849,0.2516,0.2586,170278.04326415996
2024-01-18T00:00:00Z,CQTUSD,0.2585,0.2589,0.2314,0.2356,147807.03420309004
2024-01-19T00:00:00Z,CQTUSD,0.2357,0.25,0.2181,0.2415,117153.17252205996
2024-01-20T00:00:00Z,CQTUSD,0.2445,0.2484,0.2228,0.2272,68514.52088555998
2024-01-21T00:00:00Z,CQTUSD,0.2327,0.2468,0.2253,0.233,87330.88931850997
2024-01-22T00:00:00Z,CQTUSD,0.2317,0.2417,0.2156,0.2253,108356.61925860998
2024-01-23T00:00:00Z,CQTUSD,0.2253,0.2317,0.198,0.2099,142841.71186410994
2024-01-24T00:00:00Z,CQTUSD,0.21,0.25,0.2098,0.2317,116738.0684062
2024-01-25T00:00:00Z,CQTUSD,0.2333,0.2558,0.2333,0.2558,124500.59278581996
2024-01-26T00:00:00Z,CQTUSD,0.253,0.2557,0.2438,0.244,47821.46557989
2024-01-27T00:00:00Z,CQTUSD,0.2471,0.249,0.2436,0.2481,81771.78102030003
2024-01-28T00:00:00Z,CQTUSD,0.2492,0.2541,0.2436,0.2436,72426.10136741001
2024-01-29T00:00:00Z,CQTUSD,0.2461,0.256,0.2447,0.2491,53875.66870327999
2024-01-30T00:00:00Z,CQTUSD,0.2476,0.2519,0.2425,0.2425,94435.37659375001
2024-01-31T00:00:00Z,CQTUSD,0.2424,0.2428,0.2226,0.2323,92706.17715733999
2024-02-01T00:00:00Z,CQTUSD,0.2276,0.2362,0.2235,0.2253,50829.128768179995
2024-02-02T00:00:00Z,CQTUSD,0.223,0.2262,0.2199,0.2214,48659.85234798
2024-02-03T00:00:00Z,CQTUSD,0.2217,0.2249,0.2113,0.2144,62140.90021125
2024-02-04T00:00:00Z,CQTUSD,0.2151,0.2173,0.1939,0.2052,344809.8387887401
2024-02-05T00:00:00Z,CQTUSD,0.2051,0.2173,0.2033,0.2085,121597.46092832006
2024-02-06T00:00:00Z,CQTUSD,0.2085,0.2132,0.2044,0.2119,54734.75711676
2024-02-07T00:00:00Z,CQTUSD,0.2108,0.2162,0.2097,0.2162,35464.48195600001
2024-02-08T00:00:00Z,CQTUSD,0.216,0.2166,0.2066,0.2098,114372.77737067013
2024-02-09T00:00:00Z,CQTUSD,0.2112,0.2148,0.2038,0.2109,95849.6715319
2024-02-10T00:00:00Z,CQTUSD,0.2122,0.2156,0.2018,0.2054,77068.53838635
2024-02-11T00:00:00Z,CQTUSD,0.204,0.2089,0.2,0.2037,156906.62597788995
2024-02-12T00:00:00Z,CQTUSD,0.201,0.2135,0.2005,0.2053,315948.5256125899
2024-02-13T00:00:00Z,CQTUSD,0.2049,0.2089,0.2,0.2021,94851.28312142998
2024-02-14T00:00:00Z,CQTUSD,0.2009,0.2105,0.1957,0.2072,275162.48700608005
2024-02-15T00:00:00Z,CQTUSD,0.2082,0.2241,0.2013,0.2117,240552.33923708982
2024-02-16T00:00:00Z,CQTUSD,0.2119,0.2192,0.2,0.2019,251361.8272038399
2024-02-17T00:00:00Z,CQTUSD,0.2019,0.2091,0.1977,0.1992,125963.17644016008
2024-02-18T00:00:00Z,CQTUSD,0.2007,0.215,0.1988,0.2053,152141.85679025995
2024-02-19T00:00:00Z,CQTUSD,0.2046,0.3978,0.2044,0.3046,1707290.4772498587
2024-02-20T00:00:00Z,CQTUSD,0.3046,0.3782,0.2898,0.3004,1497458.865973949
2024-02-21T00:00:00Z,CQTUSD,0.3006,0.3347,0.2725,0.2827,469332.79818053084
2024-02-22T00:00:00Z,CQTUSD,0.2809,0.2891,0.2506,0.2761,811361.2506152504
2024-02-23T00:00:00Z,CQTUSD,0.2772,0.289,0.2561,0.2649,378702.6749441397
2024-02-24T00:00:00Z,CQTUSD,0.2655,0.2914,0.2578,0.2799,195486.14008092013
2024-02-25T00:00:00Z,CQTUSD,0.2787,0.323,0.2644,0.2766,593198.0371910302
2024-02-26T00:00:00Z,CQTUSD,0.275,0.32,0.2735,0.294,579378.4289858202
2024-02-27T00:00:00Z,CQTUSD,0.2932,0.3687,0.2913,0.3412,956253.0179444298
2024-02-28T00:00:00Z,CQTUSD,0.343,0.3857,0.3225,0.3857,706122.9639895912
2024-02-29T00:00:00Z,CQTUSD,0.3815,0.4,0.3417,0.3451,439950.7832166298
2024-03-01T00:00:00Z,CQTUSD,0.345,0.432,0.3434,0.4067,584903.8046900517
2024-03-02T00:00:00Z,CQTUSD,0.4072,0.4164,0.3848,0.3932,266468.6101882902
2024-03-03T00:00:00Z,CQTUSD,0.3888,0.3926,0.3651,0.3676,327044.07644032955
2024-03-04T00:00:00Z,CQTUSD,0.3676,0.4455,0.358,0.4295,362177.3982087002
2024-03-05T00:00:00Z,CQTUSD,0.4291,0.45,0.3318,0.3647,1016262.3602604892
2024-03-06T00:00:00Z,CQTUSD,0.3691,0.412,0.3574,0.4065,328046.1491815599
2024-03-07T00:00:00Z,CQTUSD,0.4065,0.4139,0.3749,0.4112,302326.1591690799
2024-03-08T00:00:00Z,CQTUSD,0.4112,0.42,0.3736,0.3973,450402.68968197
2024-03-09T00:00:00Z,CQTUSD,0.3973,0.4186,0.3703,0.3852,367925.6064470198
2024-03-10T00:00:00Z,CQTUSD,0.3829,0.41,0.3651,0.3859,430829.8395814501
2024-03-11T00:00:00Z,CQTUSD,0.3839,0.45,0.3667,0.428,371436.2664009705
2024-03-12T00:00:00Z,CQTUSD,0.4347,0.467,0.3931,0.4157,308761.71423676
2024-03-13T00:00:00Z,CQTUSD,0.4143,0.4271,0.37,0.3733,787480.2515914504
2024-03-14T00:00:00Z,CQTUSD,0.3733,0.3952,0.3472,0.3939,1405207.227162673
2024-03-15T00:00:00Z,CQTUSD,0.3937,0.3937,0.3341,0.3634,434597.60501779034
2024-03-16T00:00:00Z,CQTUSD,0.3625,0.3758,0.34,0.3442,244697.8303634301
2024-03-17T00:00:00Z,CQTUSD,0.3446,0.38,0.3218,0.3619,451336.5863377001
2024-03-18T00:00:00Z,CQTUSD,0.3631,0.384,0.343,0.3521,276552.0306003402
2024-03-19T00:00:00Z,CQTUSD,0.3528,0.3564,0.3193,0.3353,239920.91038749012
2024-03-20T00:00:00Z,CQTUSD,0.3341,0.3613,0.3215,0.3577,260008.88807599008
2024-03-21T00:00:00Z,CQTUSD,0.3608,0.3656,0.3344,0.3499,125080.52712856999
2024-03-22T00:00:00Z,CQTUSD,0.3501,0.3582,0.312,0.3153,218860.03900596005
2024-03-23T00:00:00Z,CQTUSD,0.3153,0.3206,0.3,0.3072,495728.65716591
2024-03-24T00:00:00Z,CQTUSD,0.3092,0.3167,0.3061,0.3161,75370.20524924
2024-03-25T00:00:00Z,CQTUSD,0.3164,0.3967,0.3127,0.375,569358.1361730894
2024-03-26T00:00:00Z,CQTUSD,0.375,0.379,0.3224,0.3386,397373.24882626
2024-03-27T00:00:00Z,CQTUSD,0.3393,0.3518,0.3128,0.3241,386651.18950444995
2024-03-28T00:00:00Z,CQTUSD,0.3267,0.3455,0.3249,0.33,260084.1065314299
2024-03-29T00:00:00Z,CQTUSD,0.3311,0.3315,0.3164,0.3214,91223.3632247
2024-03-30T00:00:00Z,CQTUSD,0.324,0.3247,0.3049,0.3091,274156.5603431502
2024-03-31T00:00:00Z,CQTUSD,0.3093,0.317,0.3051,0.317,176700.13074382985
2024-04-01T00:00:00Z,CQTUSD,0.316,0.3313,0.29,0.29,419711.52994373
2024-04-02T00:00:00Z,CQTUSD,0.29,0.2939,0.2659,0.2767,289998.8986789201
2024-04-03T00:00:00Z,CQTUSD,0.2768,0.2861,0.2702,0.2716,239907.51129038
2024-04-04T00:00:00Z,CQTUSD,0.2724,0.3005,0.2609,0.2825,203573.8162060602
2024-04-05T00:00:00Z,CQTUSD,0.2857,0.2871,0.2616,0.2692,71651.05202618998
2024-04-06T00:00:00Z,CQTUSD,0.2695,0.2787,0.2674,0.2708,129714.91936835992
2024-04-07T00:00:00Z,CQTUSD,0.2703,0.276,0.2683,0.2685,121070.04253221003
2024-04-08T00:00:00Z,CQTUSD,0.2706,0.3257,0.2652,0.3224,845420.97015
2024-04-09T00:00:00Z,CQTUSD,0.3224,0.3224,0.2647,0.2691,553887.5431444192
2024-04-10T00:00:00Z,CQTUSD,0.2688,0.2719,0.2565,0.2679,210566.68985556014
2024-04-11T00:00:00Z,CQTUSD,0.2683,0.2683,0.255,0.2559,121089.76783487003
2024-04-12T00:00:00Z,CQTUSD,0.2553,0.2576,0.221,0.2277,288845.2412127401
2024-04-13T00:00:00Z,CQTUSD,0.2282,0.2282,0.1944,0.2127,129749.78412432995
2024-04-14T00:00:00Z,CQTUSD,0.2083,0.241,0.1923,0.2289,176429.36441349002
2024-04-15T00:00:00Z,CQTUSD,0.2309,0.2477,0.2019,0.212,344276.32256950013
2024-04-16T00:00:00Z,CQTUSD,0.2106,0.2345,0.2106,0.2297,206797.30590963006
2024-04-17T00:00:00Z,CQTUSD,0.2295,0.2368,0.2191,0.2207,70708.76281798
2024-04-18T00:00:00Z,CQTUSD,0.2216,0.2257,0.2177,0.222,68564.47372473999
2024-04-19T00:00:00Z,CQTUSD,0.222,0.222,0.1996,0.2071,221791.81586423988
2024-04-20T00:00:00Z,CQTUSD,0.2075,0.2224,0.1912,0.1958,604415.0282716698
2024-04-21T00:00:00Z,CQTUSD,0.1958,0.2,0.183,0.1846,288284.37722851004
2024-04-22T00:00:00Z,CQTUSD,0.184,0.1893,0.1736,0.1832,465510.65439778956
2024-04-23T00:00:00Z,CQTUSD,0.1862,0.2024,0.1789,0.1986,502021.1000082296
2024-04-24T00:00:00Z,CQTUSD,0.1999,0.2043,0.188,0.1939,404769.7336291699
2024-04-25T00:00:00Z,CQTUSD,0.1927,0.2031,0.188,0.1993,99389.99236190002
2024-04-26T00:00:00Z,CQTUSD,0.1992,0.2277,0.1869,0.1905,203228.29426796996
2024-04-27T00:00:00Z,CQTUSD,0.186,0.1899,0.1768,0.1798,64881.554194920005
2024-04-28T00:00:00Z,CQTUSD,0.1805,0.1835,0.1673,0.1693,161329.06660531007
2024-04-29T00:00:00Z,CQTUSD,0.1693,0.1823,0.1636,0.1823,131231.23143167005
2024-04-30T00:00:00Z,CQTUSD,0.1823,0.2311,0.1618,0.1905,746234.4022336095
2024-05-01T00:00:00Z,CQTUSD,0.191,0.2035,0.1818,0.1928,388380.38598972996
2024-05-02T00:00:00Z,CQTUSD,0.1935,0.1935,0.1809,0.1928,278844.09446813987
2024-05-03T00:00:00Z,CQTUSD,0.1936,0.2401,0.1877,0.2012,393312.74958873005
2024-05-04T00:00:00Z,CQTUSD,0.201,0.2143,0.1979,0.1992,164172.25476342996
2024-05-05T00:00:00Z,CQTUSD,0.1989,0.2046,0.1943,0.2005,74840.50448945003
2024-05-06T00:00:00Z,CQTUSD,0.2006,0.2052,0.1896,0.1933,207551.24276460995
2024-05-07T00:00:00Z,CQTUSD,0.1913,0.2017,0.1898,0.1906,133319.93298936
2024-05-08T00:00:00Z,CQTUSD,0.1906,0.1975,0.1906,0.1914,132565.06721854996
2024-05-09T00:00:00Z,CQTUSD,0.1919,0.2004,0.1889,0.1979,156376.94817823998
2024-05-10T00:00:00Z,CQTUSD,0.1966,0.1967,0.1911,0.1935,30022.844452310004
2024-05-11T00:00:00Z,CQTUSD,0.1924,0.1935,0.1868,0.1882,41588.47551403001
2024-05-12T00:00:00Z,CQTUSD,0.1882,0.192,0.1754,0.1781,129772.50095099001
2024-05-13T00:00:00Z,CQTUSD,0.1784,0.1787,0.164,0.1703,226603.95576903003
2024-05-14T00:00:00Z,CQTUSD,0.1679,0.1712,0.1588,0.1595,82935.94477033998
2024-05-15T00:00:00Z,CQTUSD,0.1586,0.1743,0.1562,0.1707,176570.36048277997
2024-05-16T00:00:00Z,CQTUSD,0.17,0.2078,0.1694,0.1997,338895.96675081964
2024-05-17T00:00:00Z,CQTUSD,0.1983,0.233,0.1983,0.2241,807395.2947294399
2024-05-18T00:00:00Z,CQTUSD,0.2224,0.2224,0.1935,0.1935,171680.35125014995
2024-05-19T00:00:00Z,CQTUSD,0.1942,0.1982,0.1853,0.1875,110051.25870538
2024-05-20T00:00:00Z,CQTUSD,0.1887,0.241,0.1871,0.2388,502856.26725823095
2024-05-21T00:00:00Z,CQTUSD,0.2363,0.239,0.2145,0.2323,334256.66239517985
2024-05-22T00:00:00Z,CQTUSD,0.2323,0.248,0.2317,0.2464,128134.30876132999
2024-05-23T00:00:00Z,CQTUSD,0.2467,0.25,0.2312,0.2466,205936.71080306004
2024-05-24T00:00:00Z,CQTUSD,0.244,0.2885,0.2429,0.2745,261147.71957764006
2024-05-25T00:00:00Z,CQTUSD,0.2744,0.285,0.2664,0.2752,162199.62126317006
2024-05-26T00:00:00Z,CQTUSD,0.2749,0.2749,0.252,0.2555,52746.96353904999
2024-05-27T00:00:00Z,CQTUSD,0.2584,0.2743,0.2403,0.2425,314841.9190279798
2024-05-28T00:00:00Z,CQTUSD,0.2429,0.245,0.2279,0.2421,236219.9373054001
2024-05-29T00:00:00Z,CQTUSD,0.2421,0.257,0.2363,0.2363,142081.72310566998
2024-05-30T00:00:00Z,CQTUSD,0.2361,0.2368,0.2228,0.2293,82725.43140514004
2024-05-31T00:00:00Z,CQTUSD,0.2291,0.2293,0.2181,0.2205,55637.33877751999
2024-06-01T00:00:00Z,CQTUSD,0.2206,0.2212,0.2063,0.215,246710.30971592004
2024-06-02T00:00:00Z,CQTUSD,0.215,0.2591,0.2097,0.2341,397962.8732473798
2024-06-03T00:00:00Z,CQTUSD,0.2325,0.2454,0.2165,0.2341,262304.3041791101
2024-06-04T00:00:00Z,CQTUSD,0.2341,0.2402,0.2255,0.2297,146424.97006379
2024-06-05T00:00:00Z,CQTUSD,0.2288,0.2426,0.225,0.2426,257242.01379170993
2024-06-06T00:00:00Z,CQTUSD,0.2422,0.2508,0.2299,0.2508,133788.30009465007
2024-06-07T00:00:00Z,CQTUSD,0.2508,0.253,0.2357,0.2456,284724.53849303
2024-06-08T00:00:00Z,CQTUSD,0.2433,0.246,0.2287,0.2354,62963.15570976001
2024-06-09T00:00:00Z,CQTUSD,0.2368,0.2368,0.214,0.2186,147410.18900172997
2024-06-10T00:00:00Z,CQTUSD,0.2163,0.218,0.2023,0.2063,171376.64662611994
2024-06-11T00:00:00Z,CQTUSD,0.2072,0.2592,0.204,0.2193,341120.4611338597
2024-06-12T00:00:00Z,CQTUSD,0.2203,0.2326,0.2121,0.2199,151944.56824243
2024-06-13T00:00:00Z,CQTUSD,0.2196,0.2199,0.1804,0.1839,266908.58843637997
2024-06-14T00:00:00Z,CQTUSD,0.187,0.1903,0.1609,0.1717,260287.08004245016
2024-06-15T00:00:00Z,CQTUSD,0.1731,0.183,0.1611,0.1804,180599.40823263992
2024-06-16T00:00:00Z,CQTUSD,0.1817,0.2078,0.1801,0.1924,89486.88279388999
2024-06-17T00:00:00Z,CQTUSD,0.1924,0.2152,0.17,0.1841,159671.14144339
2024-06-18T00:00:00Z,CQTUSD,0.1857,0.1884,0.148,0.1567,296768.78686626005
2024-06-19T00:00:00Z,CQTUSD,0.1551,0.1683,0.1477,0.1619,149885.09877208003
2024-06-20T00:00:00Z,CQTUSD,0.1632,0.1659,0.1484,0.1531,130452.24010497001
2024-06-21T00:00:00Z,CQTUSD,0.1529,0.1623,0.1448,0.1598,111879.67955549006
2024-06-22T00:00:00Z,CQTUSD,0.1606,0.1769,0.152,0.1551,309731.84879841
2024-06-23T00:00:00Z,CQTUSD,0.1554,0.1587,0.1395,0.1402,216993.35067624005
2024-06-24T00:00:00Z,CQTUSD,0.1418,0.1443,0.1335,0.143,135705.81263607007
2024-06-25T00:00:00Z,CQTUSD,0.1448,0.161,0.1441,0.161,129242.95023263997
2024-06-26T00:00:00Z,CQTUSD,0.1623,0.1717,0.1547,0.1547,90391.3299678
2024-06-27T00:00:00Z,CQTUSD,0.157,0.1649,0.1565,0.1634,39920.50648357999
2024-06-28T00:00:00Z,CQTUSD,0.1626,0.1629,0.1527,0.1551,108373.15386706998
2024-06-29T00:00:00Z,CQTUSD,0.1553,0.1623,0.1553,0.1604,99697.23075270996
2024-06-30T00:00:00Z,CQTUSD,0.1609,0.1618,0.1548,0.1604,29741.082599240006
2024-07-01T00:00:00Z,CQTUSD,0.1603,0.1637,0.1581,0.1587,29974.63512968
2024-07-02T00:00:00Z,CQTUSD,0.1579,0.1579,0.1466,0.1506,119087.37067513003
2024-07-03T00:00:00Z,CQTUSD,0.1506,0.1506,0.1377,0.138,114876.68987434001
2024-07-04T00:00:00Z,CQTUSD,0.138,0.1583,0.1319,0.1374,279868.51418879995
2024-07-05T00:00:00Z,CQTUSD,0.139,0.139,0.127,0.1309,94375.45907570994
2024-07-06T00:00:00Z,CQTUSD,0.1313,0.1435,0.1291,0.1347,65202.871942230006
2024-07-07T00:00:00Z,CQTUSD,0.1354,0.1354,0.1294,0.1297,39130.48467197
2024-07-08T00:00:00Z,CQTUSD,0.13,0.1663,0.1278,0.1524,215034.2966578299
2024-07-09T00:00:00Z,CQTUSD,0.1516,0.185,0.1505,0.1766,422722.0816099601
2024-07-10T00:00:00Z,CQTUSD,0.1701,0.19,0.1658,0.1785,85451.91323617008
2024-07-11T00:00:00Z,CQTUSD,0.1786,0.1786,0.0669,0.0883,8590129.203291124
2024-07-12T00:00:00Z,CQTUSD,0.0844,0.0969,0.021,0.0301,28489896.528462663
2024-07-13T00:00:00Z,CQTUSD,0.0302,0.0407,0.0251,0.0327,14005788.05508391
2024-07-14T00:00:00Z,CQTUSD,0.0326,0.039,0.0243,0.0269,10412119.104437342
2024-07-15T00:00:00Z,CQTUSD,0.027,0.0314,0.0119,0.0173,20411082.76595868
2024-07-16T00:00:00Z,CQTUSD,0.0177,0.019,0.0087,0.0106,23644037.674740963
2024-07-17T00:00:00Z,CQTUSD,0.0109,0.0127,0.0058,0.0064,25552805.48368954
2024-07-18T00:00:00Z,CQTUSD,0.0064,0.0072,0.0022,0.0037,36026848.34239222
2024-07-19T00:00:00Z,CQTUSD,0.0037,0.0038,0.0015,0.0019,48168724.56776561
2024-07-20T00:00:00Z,CQTUSD,0.0019,0.0219,0.0018,0.0165,94776783.88296779
2024-07-21T00:00:00Z,CQTUSD,0.0167,0.0515,0.012,0.0385,80867905.40080726
2024-07-22T00:00:00Z,CQTUSD,0.0391,0.042,0.0138,0.0201,78084167.47394533
2024-07-23T00:00:00Z,CQTUSD,0.0201,0.033,0.0182,0.0253,36525848.86422317
2024-07-24T00:00:00Z,CQTUSD,0.025,0.0277,0.02,0.0201,11419810.691556688
2024-07-25T00:00:00Z,CQTUSD,0.0203,0.0218,0.0145,0.0155,13828104.530812472
2024-07-26T00:00:00Z,CQTUSD,0.0154,0.0203,0.0129,0.0148,26129273.17679231
2024-07-27T00:00:00Z,CQTUSD,0.015,0.0155,0.0133,0.0142,11844223.54622295
2024-07-28T00:00:00Z,CQTUSD,0.0142,0.0157,0.0135,0.0144,8924437.215711558
2024-07-29T00:00:00Z,CQTUSD,0.0146,0.0149,0.0119,0.0119,13906698.412194656
2024-07-30T00:00:00Z,CQTUSD,0.012,0.0138,0.0112,0.012,11907800.004464557
2024-07-31T00:00:00Z,CQTUSD,0.0122,0.0126,0.0097,0.0115,12323026.790762553
2024-08-01T00:00:00Z,CQTUSD,0.0115,0.0116,0.0088,0.0098,11930544.873242045
2024-08-02T00:00:00Z,CQTUSD,0.0098,0.0098,0.0066,0.0072,13092941.148871355
2024-08-03T00:00:00Z,CQTUSD,0.0073,0.0117,0.007,0.0096,30515240.85409685
2024-08-04T00:00:00Z,CQTUSD,0.0097,0.0105,0.009,0.0097,13098610.953860097
2024-08-05T00:00:00Z,CQTUSD,0.0098,0.0098,0.0069,0.0079,13454942.665397102
2024-08-06T00:00:00Z,CQTUSD,0.0079,0.011,0.005,0.0068,69073871.35459456
2024-08-07T00:00:00Z,CQTUSD,0.0068,0.0077,0.006,0.0063,22158586.987076648
2024-08-08T00:00:00Z,CQTUSD,0.0064,0.0073,0.0058,0.0061,16090539.445400756
2024-08-09T00:00:00Z,CQTUSD,0.0062,0.0069,0.0054,0.0055,15638236.610350134
2024-08-10T00:00:00Z,CQTUSD,0.0054,0.0068,0.005,0.0062,15503483.061047496
2024-08-11T00:00:00Z,CQTUSD,0.0062,0.0067,0.0054,0.0055,9386360.328497928
2024-08-12T00:00:00Z,CQTUSD,0.0056,0.006,0.0054,0.0056,8560500.705535034
2024-08-13T00:00:00Z,CQTUSD,0.0057,0.0058,0.0051,0.0053,4679951.110652178
2024-08-14T00:00:00Z,CQTUSD,0.0053,0.0055,0.0049,0.0051,6818966.2427752605
2024-08-15T00:00:00Z,CQTUSD,0.0051,0.0065,0.0049,0.0054,11635312.564528175
2024-08-16T00:00:00Z,CQTUSD,0.0055,0.006,0.0052,0.0054,5307269.513754797
2024-08-17T00:00:00Z,CQTUSD,0.0053,0.0054,0.0046,0.0052,4732531.598541878
2024-08-18T00:00:00Z,CQTUSD,0.0052,0.0054,0.005,0.005,2380658.053806569
2024-08-19T00:00:00Z,CQTUSD,0.005,0.0052,0.0045,0.0048,4540143.60050115
2024-08-20T00:00:00Z,CQTUSD,0.0048,0.0053,0.0047,0.0048,5110802.846161528
2024-08-21T00:00:00Z,CQTUSD,0.0047,0.0051,0.0047,0.0049,1409455.9198378106
2024-08-22T00:00:00Z,CQTUSD,0.005,0.005,0.0046,0.0048,1736995.1679347097
2024-08-23T00:00:00Z,CQTUSD,0.0047,0.0048,0.0044,0.0047,2563804.5417462396
2024-08-24T00:00:00Z,CQTUSD,0.0047,0.0049,0.0045,0.0048,3686707.303555989
2024-08-25T00:00:00Z,CQTUSD,0.0048,0.0048,0.0045,0.0046,1126116.5673662098
2024-08-26T00:00:00Z,CQTUSD,0.0047,0.0047,0.0045,0.0046,1382796.60904223
2024-08-27T00:00:00Z,CQTUSD,0.0046,0.0046,0.0041,0.0042,2049388.2917617806
2024-08-28T00:00:00Z,CQTUSD,0.0042,0.0043,0.0039,0.0041,2435949.3594872686
2024-08-29T00:00:00Z,CQTUSD,0.0041,0.0041,0.0036,0.0037,1984015.88243134
2024-08-30T00:00:00Z,CQTUSD,0.0037,0.0067,0.0033,0.0061,13830800.675468955
2024-08-31T00:00:00Z,CQTUSD,0.006,0.0063,0.0039,0.0055,28060223.20656425
2024-09-01T00:00:00Z,CQTUSD,0.0054,0.0055,0.0046,0.0048,7564861.86027459
2024-09-02T00:00:00Z,CQTUSD,0.0048,0.0052,0.0044,0.0047,2987078.1826605075
2024-09-03T00:00:00Z,CQTUSD,0.0047,0.0048,0.0043,0.0046,2329235.670087821
2024-09-04T00:00:00Z,CQTUSD,0.0045,0.0047,0.0042,0.0045,2704920.7787947683
2024-09-05T00:00:00Z,CQTUSD,0.0045,0.0047,0.0044,0.0044,2061986.595248799
2024-09-06T00:00:00Z,CQTUSD,0.0044,0.0046,0.0043,0.0044,2328269.641087791
2024-09-07T00:00:00Z,CQTUSD,0.0044,0.0045,0.0041,0.0041,1994395.4673521204
2024-09-08T00:00:00Z,CQTUSD,0.0041,0.0046,0.0039,0.0042,3312210.8189468286
2024-09-09T00:00:00Z,CQTUSD,0.0042,0.0047,0.0042,0.0044,4672014.979774312
2024-09-10T00:00:00Z,CQTUSD,0.0044,0.0046,0.0042,0.0044,1872350.8876642804
2024-09-11T00:00:00Z,CQTUSD,0.0043,0.0045,0.0042,0.0045,2517343.7719040005
2024-09-12T00:00:00Z,CQTUSD,0.0044,0.0057,0.0043,0.0047,9971930.17443571
2024-09-13T00:00:00Z,CQTUSD,0.0047,0.0049,0.0045,0.0048,3856683.786510662
2024-09-14T00:00:00Z,CQTUSD,0.0047,0.0048,0.0045,0.0046,722620.8213005498
2024-09-15T00:00:00Z,CQTUSD,0.0047,0.0048,0.0045,0.0045,762981.63337254
2024-09-16T00:00:00Z,CQTUSD,0.0046,0.0047,0.0044,0.0044,1141422.8597695602
2024-09-17T00:00:00Z,CQTUSD,0.0044,0.0047,0.0044,0.0046,1025733.7672501497
2024-09-18T00:00:00Z,CQTUSD,0.0046,0.0047,0.0044,0.0045,1393807.2996412304
2024-09-19T00:00:00Z,CQTUSD,0.0045,0.0047,0.0045,0.0046,2572209.565770259
2024-09-20T00:00:00Z,CQTUSD,0.0045,0.0047,0.0045,0.0045,1871133.7673769402
2024-09-21T00:00:00Z,CQTUSD,0.0045,0.0046,0.0044,0.0044,1947437.2587642903
2024-09-22T00:00:00Z,CQTUSD,0.0044,0.0045,0.0043,0.0043,872334.3305876501
2024-09-23T00:00:00Z,CQTUSD,0.0044,0.0045,0.0041,0.0042,2483387.6009503994
2024-09-24T00:00:00Z,CQTUSD,0.0042,0.0045,0.0041,0.0043,2085677.9125084004
2024-09-25T00:00:00Z,CQTUSD,0.0043,0.0046,0.0043,0.0044,2001320.744719749
2024-09-26T00:00:00Z,CQTUSD,0.0045,0.0046,0.0042,0.0044,1953918.0999587895
2024-09-27T00:00:00Z,CQTUSD,0.0044,0.0046,0.0042,0.0042,2951194.4136306825
2024-09-28T00:00:00Z,CQTUSD,0.0042,0.0044,0.0042,0.0042,956902.4137754502
2024-09-29T00:00:00Z,CQTUSD,0.0042,0.0042,0.004,0.0041,1733246.5647478397
2024-09-30T00:00:00Z,CQTUSD,0.0041,0.0041,0.0039,0.004,1442032.3829388996
2024-10-01T00:00:00Z,CQTUSD,0.004,0.0043,0.0039,0.0042,3544939.702744442
2024-10-02T00:00:00Z,CQTUSD,0.0042,0.0045,0.0041,0.0041,4708025.022513431
2024-10-03T00:00:00Z,CQTUSD,0.00410,0.00420,0.00400,0.00410,1254012.91967545
2024-10-04T00:00:00Z,CQTUSD,0.00410,0.00420,0.00390,0.00410,1334650.33308707
2024-10-05T00:00:00Z,CQTUSD,0.00410,0.00420,0.00390,0.00400,1038880.83774375
2024-10-06T00:00:00Z,CQTUSD,0.00400,0.00430,0.00370,0.00420,3366898.21841008
2024-10-07T00:00:00Z,CQTUSD,0.00410,0.00410,0.00370,0.00400,2275224.20822865
2024-10-08T00:00:00Z,CQTUSD,0.00390,0.00400,0.00370,0.00380,3022303.42919740
2024-10-09T00:00:00Z,CQTUSD,0.00380,0.00410,0.00360,0.00380,1745785.12346221
2024-10-10T00:00:00Z,CQTUSD,0.00380,0.00400,0.00360,0.00380,1722221.79026862
2024-10-11T00:00:00Z,CQTUSD,0.00360,0.00400,0.00360,0.00390,911643.11336349
2024-10-12T00:00:00Z,CQTUSD,0.00400,0.00400,0.00380,0.00390,574611.03869892
2024-10-13T00:00:00Z,CQTUSD,0.00400,0.00400,0.00380,0.00380,710882.68201217
2024-10-14T00:00:00Z,CQTUSD,0.00390,0.00400,0.00380,0.00380,999875.03407017
2024-10-15T00:00:00Z,CQTUSD,0.00390,0.00400,0.00360,0.00380,4271157.16226235
2024-10-16T00:00:00Z,CQTUSD,0.00390,0.00390,0.00360,0.00380,1851632.50949966
2024-10-17T00:00:00Z,CQTUSD,0.00380,0.00380,0.00330,0.00350,5237868.59220679
2024-10-18T00:00:00Z,CQTUSD,0.00360,0.00370,0.00350,0.00350,2380909.05318063
2024-10-19T00:00:00Z,CQTUSD,0.00360,0.00370,0.00340,0.00350,2826602.95138904
2024-10-20T00:00:00Z,CQTUSD,0.00360,0.00360,0.00340,0.00350,3144268.08714620
2024-10-21T00:00:00Z,CQTUSD,0.00350,0.00360,0.00330,0.00330,3190952.43177632
2024-10-22T00:00:00Z,CQTUSD,0.00330,0.00360,0.00310,0.00320,4644625.30183232
2024-10-23T00:00:00Z,CQTUSD,0.00340,0.00340,0.00300,0.00320,2641499.07954836
2024-10-24T00:00:00Z,CQTUSD,0.00310,0.00330,0.00300,0.00310,1251446.57934788
2024-10-25T00:00:00Z,CQTUSD,0.00300,0.00320,0.00290,0.00310,1669835.04103603
2024-10-26T00:00:00Z,CQTUSD,0.00310,0.00630,0.00300,0.00370,17577334.80487873
2024-10-27T00:00:00Z,CQTUSD,0.00380,0.00560,0.00330,0.00430,33091787.76995876
2024-10-28T00:00:00Z,CQTUSD,0.00420,0.00440,0.00370,0.00390,7463495.20070675
2024-10-29T00:00:00Z,CQTUSD,0.00380,0.00390,0.00350,0.00370,5963474.64030409
2024-10-30T00:00:00Z,CQTUSD,0.00380,0.00390,0.00360,0.00370,1353017.79312540
2024-10-31T00:00:00Z,CQTUSD,0.00370,0.00370,0.00350,0.00350,1692413.91759677
2024-11-01T00:00:00Z,CQTUSD,0.00360,0.00370,0.00340,0.00350,698509.75511078
2024-11-02T00:00:00Z,CQTUSD,0.00350,0.00370,0.00340,0.00340,712818.61330348
2024-11-03T00:00:00Z,CQTUSD,0.00350,0.00390,0.00350,0.00360,3378584.82120251
2024-11-04T00:00:00Z,CQTUSD,0.00360,0.00370,0.00350,0.00350,1315832.83254181
2024-11-05T00:00:00Z,CQTUSD,0.00360,0.00360,0.00340,0.00340,927680.14332205
2024-11-06T00:00:00Z,CQTUSD,0.00350,0.00360,0.00310,0.00330,3614890.55657026
2024-11-07T00:00:00Z,CQTUSD,0.00330,0.00360,0.00320,0.00350,3971086.63063104
2024-11-08T00:00:00Z,CQTUSD,0.00360,0.00370,0.00350,0.00360,1144099.24427388
2024-11-09T00:00:00Z,CQTUSD,0.00360,0.00360,0.00330,0.00350,1956789.94002340
2024-11-10T00:00:00Z,CQTUSD,0.00350,0.00360,0.00330,0.00340,2841647.99305331
2024-11-11T00:00:00Z,CQTUSD,0.00350,0.00360,0.00340,0.00350,3554489.15572981
2024-11-12T00:00:00Z,CQTUSD,0.00350,0.00350,0.00330,0.00340,2772488.55005640
2024-11-13T00:00:00Z,CQTUSD,0.00340,0.00350,0.00310,0.00330,3758021.64406482
2024-11-14T00:00:00Z,CQTUSD,0.00330,0.00350,0.00330,0.00330,2200321.34485702
2024-11-15T00:00:00Z,CQTUSD,0.00330,0.00400,0.00330,0.00360,6145215.12909563
2024-11-16T00:00:00Z,CQTUSD,0.00360,0.00360,0.00330,0.00340,2217275.08407293
2024-11-17T00:00:00Z,CQTUSD,0.00340,0.00370,0.00340,0.00350,3743958.29163691
2024-11-18T00:00:00Z,CQTUSD,0.00350,0.00360,0.00320,0.00330,5280127.01884711
2024-11-19T00:00:00Z,CQTUSD,0.00330,0.00350,0.00310,0.00340,3683527.75142154
2024-11-20T00:00:00Z,CQTUSD,0.00340,0.01880,0.00320,0.00810,124098124.37291555
2024-11-21T00:00:00Z,CQTUSD,0.00810,0.00940,0.00510,0.00630,78254998.21719629
2024-11-22T00:00:00Z,CQTUSD,0.00640,0.00640,0.00430,0.00570,24647788.01630974
2024-11-23T00:00:00Z,CQTUSD,0.00560,0.00950,0.00520,0.00640,44447735.28543962
2024-11-24T00:00:00Z,CQTUSD,0.00630,0.00990,0.00630,0.00790,48009435.26445545
2024-11-25T00:00:00Z,CQTUSD,0.00790,0.01010,0.00730,0.00760,19359184.89653266
2024-11-26T00:00:00Z,CQTUSD,0.00760,0.00830,0.00670,0.00750,9519895.42500864
2024-11-27T00:00:00Z,CQTUSD,0.00750,0.00830,0.00710,0.00800,5419787.30755033
2024-11-28T00:00:00Z,CQTUSD,0.00800,0.00810,0.00720,0.00750,2105680.52489171
2024-11-29T00:00:00Z,CQTUSD,0.00740,0.00830,0.00660,0.00700,13848670.07575412
2024-11-30T00:00:00Z,CQTUSD,0.00710,0.00740,0.00650,0.00680,5000954.66366470
2024-12-01T00:00:00Z,CQTUSD,0.00690,0.00710,0.00670,0.00690,3424784.55143848
2024-12-02T00:00:00Z,CQTUSD,0.00680,0.00700,0.00650,0.00660,5512628.66651337
2024-12-03T00:00:00Z,CQTUSD,0.00650,0.00660,0.00580,0.00640,6791532.58019099
2024-12-04T00:00:00Z,CQTUSD,0.00630,0.00700,0.00620,0.00660,5137567.33610674
2024-12-05T00:00:00Z,CQTUSD,0.00660,0.00700,0.00640,0.00670,3897821.36357109
2024-12-06T00:00:00Z,CQTUSD,0.00660,0.00710,0.00660,0.00690,2605332.84423972
2024-12-07T00:00:00Z,CQTUSD,0.00700,0.00770,0.00670,0.00680,2641521.69563594
2024-12-08T00:00:00Z,CQTUSD,0.00690,0.00690,0.00600,0.00650,3092606.90815271
2024-12-09T00:00:00Z,CQTUSD,0.00640,0.00650,0.00600,0.00620,2749830.72723107
2024-12-10T00:00:00Z,CQTUSD,0.00620,0.00800,0.00620,0.00670,24753041.41547880
2024-12-11T00:00:00Z,CQTUSD,0.00680,0.00740,0.00610,0.00670,12542624.92213695
2024-12-12T00:00:00Z,CQTUSD,0.00670,0.00680,0.00640,0.00650,2729467.25985979
2024-12-13T00:00:00Z,CQTUSD,0.00660,0.00670,0.00640,0.00650,2079498.97587523
2024-12-14T00:00:00Z,CQTUSD,0.00640,0.00670,0.00640,0.00650,1128860.84279937
2024-12-15T00:00:00Z,CQTUSD,0.00660,0.00690,0.00630,0.00650,1343512.76852784
2024-12-16T00:00:00Z,CQTUSD,0.00650,0.00660,0.00570,0.00610,4589938.82732483
2024-12-17T00:00:00Z,CQTUSD,0.00600,0.00630,0.00600,0.00600,724330.41374396
2024-12-18T00:00:00Z,CQTUSD,0.00600,0.00680,0.00590,0.00590,1844929.40965958
2024-12-19T00:00:00Z,CQTUSD,0.00590,0.00600,0.00550,0.00550,1509296.36347823
2024-12-20T00:00:00Z,CQTUSD,0.00570,0.00590,0.00450,0.00570,3318712.18535299
2024-12-21T00:00:00Z,CQTUSD,0.00560,0.00620,0.00550,0.00610,1499083.89130951
2024-12-22T00:00:00Z,CQTUSD,0.00590,0.00610,0.00560,0.00610,990239.18284978
2024-12-23T00:00:00Z,CQTUSD,0.00600,0.00620,0.00540,0.00570,2562873.24932472
2024-12-24T00:00:00Z,CQTUSD,0.00580,0.00580,0.00540,0.00550,999895.44015512
2024-12-25T00:00:00Z,CQTUSD,0.00550,0.00580,0.00540,0.00580,933627.29278306
2024-12-26T00:00:00Z,CQTUSD,0.00570,0.00570,0.00540,0.00560,980441.41985213
2024-12-27T00:00:00Z,CQTUSD,0.00550,0.00590,0.00530,0.00550,1560920.99906052
2024-12-28T00:00:00Z,CQTUSD,0.00540,0.00590,0.00530,0.00540,1280730.55553810
2024-12-29T00:00:00Z,CQTUSD,0.00540,0.00570,0.00510,0.00510,1418834.17918230
2024-12-30T00:00:00Z,CQTUSD,0.00530,0.00530,0.00500,0.00510,603237.17009863
2024-12-31T00:00:00Z,CQTUSD,0.00510,0.00520,0.00490,0.00490,949184.18087710
2025-01-01T00:00:00Z,CQTUSD,0.00490,0.00510,0.00490,0.00500,594192.21219738
2025-01-02T00:00:00Z,CQTUSD,0.00500,0.00510,0.00490,0.00490,307483.06043605
2025-01-03T00:00:00Z,CQTUSD,0.00500,0.00540,0.00490,0.00520,1886403.40737910
2025-01-04T00:00:00Z,CQTUSD,0.00520,0.00560,0.00510,0.00530,3624653.84998342
2025-01-05T00:00:00Z,CQTUSD,0.00540,0.00560,0.00510,0.00520,944261.56835219
2025-01-06T00:00:00Z,CQTUSD,0.00510,0.00530,0.00510,0.00520,851893.91067541
2025-01-07T00:00:00Z,CQTUSD,0.00520,0.00530,0.00510,0.00510,1915938.13206565
2025-01-08T00:00:00Z,CQTUSD,0.00510,0.00510,0.00480,0.00480,711661.16978827
2025-01-09T00:00:00Z,CQTUSD,0.00490,0.00500,0.00480,0.00480,694604.76187257
2025-01-10T00:00:00Z,CQTUSD,0.00480,0.00500,0.00470,0.00480,1153149.75656516
2025-01-11T00:00:00Z,CQTUSD,0.00480,0.00510,0.00480,0.00480,1479324.48573394
2025-01-12T00:00:00Z,CQTUSD,0.00490,0.00490,0.00480,0.00480,323509.15561214
2025-01-13T00:00:00Z,CQTUSD,0.00490,0.00490,0.00460,0.00480,592332.26511272
2025-01-14T00:00:00Z,CQTUSD,0.00470,0.00480,0.00430,0.00480,1277583.39615998
2025-01-15T00:00:00Z,CQTUSD,0.00470,0.00490,0.00460,0.00480,961306.25047068
2025-01-16T00:00:00Z,CQTUSD,0.00480,0.00520,0.00470,0.00470,1894988.30388476
2025-01-17T00:00:00Z,CQTUSD,0.00480,0.00490,0.00460,0.00470,1696704.83714151
2025-01-18T00:00:00Z,CQTUSD,0.00470,0.00540,0.00430,0.00460,5016310.47695499
2025-01-19T00:00:00Z,CQTUSD,0.00460,0.00500,0.00420,0.00430,4509663.00789249
2025-01-20T00:00:00Z,CQTUSD,0.00430,0.00430,0.00360,0.00380,8102352.70854892
2025-01-21T00:00:00Z,CQTUSD,0.00380,0.00400,0.00260,0.00360,5060498.32002323
2025-01-22T00:00:00Z,CQTUSD,0.00370,0.00370,0.00330,0.00340,1001087.05399179
2025-01-23T00:00:00Z,CQTUSD,0.00340,0.00560,0.00340,0.00420,15800600.52024838
2025-01-24T00:00:00Z,CQTUSD,0.00440,0.00750,0.00350,0.00400,54745819.75511871
2025-01-25T00:00:00Z,CQTUSD,0.00420,0.00470,0.00350,0.00360,7312683.94689198
2025-01-26T00:00:00Z,CQTUSD,0.00380,0.00430,0.00350,0.00380,4113812.22404760
2025-01-27T00:00:00Z,CQTUSD,0.00370,0.00390,0.00360,0.00390,1850134.78431929
2025-01-28T00:00:00Z,CQTUSD,0.00390,0.00390,0.00340,0.00370,3518390.04475007
2025-01-29T00:00:00Z,CQTUSD,0.00360,0.01140,0.00350,0.00670,204326009.53547279
2025-01-30T00:00:00Z,CQTUSD,0.00670,0.00890,0.00640,0.00770,90740266.62700930
2025-01-31T00:00:00Z,CQTUSD,0.00770,0.00770,0.00550,0.00600,28759326.89676301
2025-02-01T00:00:00Z,CQTUSD,0.00590,0.00840,0.00560,0.00670,66375597.09000796
2025-02-02T00:00:00Z,CQTUSD,0.00670,0.00720,0.00520,0.00550,46467837.80607044
2025-02-03T00:00:00Z,CQTUSD,0.00550,0.00590,0.00480,0.00530,13343290.62873982
2025-02-04T00:00:00Z,CQTUSD,0.00530,0.00590,0.00500,0.00520,9034181.23897707
2025-02-05T00:00:00Z,CQTUSD,0.00520,0.00570,0.00520,0.00530,2604236.74080452
2025-02-06T00:00:00Z,CQTUSD,0.00530,0.00560,0.00490,0.00490,3381045.14012198
2025-02-07T00:00:00Z,CQTUSD,0.00490,0.00500,0.00440,0.00440,3927727.59821403
2025-02-08T00:00:00Z,CQTUSD,0.00440,0.00450,0.00420,0.00430,1109308.96780828
2025-02-09T00:00:00Z,CQTUSD,0.00430,0.00590,0.00380,0.00430,17997011.39910852
2025-02-10T00:00:00Z,CQTUSD,0.00430,0.00470,0.00410,0.00450,3676002.78975461
2025-02-11T00:00:00Z,CQTUSD,0.00440,0.00460,0.00400,0.00430,3723293.44641945
2025-02-12T00:00:00Z,CQTUSD,0.00440,0.00440,0.00410,0.00430,1637525.65568310
2025-02-13T00:00:00Z,CQTUSD,0.00440,0.00460,0.00430,0.00440,1135343.44334072
2025-02-14T00:00:00Z,CQTUSD,0.00430,0.00450,0.00430,0.00450,1246442.11610095
2025-02-15T00:00:00Z,CQTUSD,0.00450,0.00450,0.00440,0.00440,382410.03247494
2025-02-16T00:00:00Z,CQTUSD,0.00440,0.00450,0.00430,0.00430,373896.00892672
2025-02-17T00:00:00Z,CQTUSD,0.00430,0.00440,0.00410,0.00420,991852.19703180
2025-02-18T00:00:00Z,CQTUSD,0.00430,0.00430,0.00420,0.00420,1169636.68706191
2025-02-19T00:00:00Z,CQTUSD,0.00420,0.00430,0.00420,0.00420,496781.58216627
2025-02-20T00:00:00Z,CQTUSD,0.00410,0.00430,0.00410,0.00420,861172.93771902
2025-02-21T00:00:00Z,CQTUSD,0.00420,0.00430,0.00390,0.00420,2587871.48801650
2025-02-22T00:00:00Z,CQTUSD,0.00420,0.00420,0.00410,0.00420,881202.04599507
2025-02-23T00:00:00Z,CQTUSD,0.00410,0.00420,0.00390,0.00390,1183340.01259543
2025-02-24T00:00:00Z,CQTUSD,0.00390,0.00400,0.00360,0.00390,2533540.55996058
2025-02-25T00:00:00Z,CQTUSD,0.00390,0.00460,0.00370,0.00370,6409933.26237725
2025-02-26T00:00:00Z,CQTUSD,0.00380,0.00420,0.00370,0.00390,2364962.01952947
2025-02-27T00:00:00Z,CQTUSD,0.00390,0.00390,0.00380,0.00380,399134.27044438
2025-02-28T00:00:00Z,CQTUSD,0.00380,0.00390,0.00370,0.00370,856729.95153465
2025-03-01T00:00:00Z,CQTUSD,0.00380,0.00380,0.00370,0.00370,1244982.10238076
2025-03-02T00:00:00Z,CQTUSD,0.00370,0.00390,0.00360,0.00380,784208.90738465
2025-03-03T00:00:00Z,CQTUSD,0.00390,0.00400,0.00370,0.00380,2315259.58918275
2025-03-04T00:00:00Z,CQTUSD,0.00380,0.00390,0.00370,0.00370,774513.93411954
2025-03-05T00:00:00Z,CQTUSD,0.00380,0.00380,0.00360,0.00370,664059.48989861
2025-03-06T00:00:00Z,CQTUSD,0.00370,0.00410,0.00360,0.00393,3080554.33876433
2025-03-07T00:00:00Z,CQTUSD,0.00387,0.00400,0.00371,0.00378,2002601.90035174
2025-03-08T00:00:00Z,CQTUSD,0.00378,0.00384,0.00372,0.00375,470991.20888395
2025-03-09T00:00:00Z,CQTUSD,0.00375,0.00376,0.00350,0.00352,2510337.55275114
2025-03-10T00:00:00Z,CQTUSD,0.00350,0.00352,0.00322,0.00330,1919924.81136716
2025-03-11T00:00:00Z,CQTUSD,0.00325,0.00350,0.00322,0.00335,997056.35198209
2025-03-12T00:00:00Z,CQTUSD,0.00335,0.00335,0.00313,0.00332,638275.16315749
2025-03-13T00:00:00Z,CQTUSD,0.00334,0.00459,0.00330,0.00330,11751931.58127177
2025-03-14T00:00:00Z,CQTUSD,0.00331,0.00337,0.00326,0.00332,1052267.95824645
2025-03-15T00:00:00Z,CQTUSD,0.00334,0.00409,0.00334,0.00380,3446241.50298887
2025-03-16T00:00:00Z,CQTUSD,0.00373,0.00373,0.00341,0.00351,1483672.80614718
2025-03-17T00:00:00Z,CQTUSD,0.00355,0.00367,0.00350,0.00356,325810.42222043
2025-03-18T00:00:00Z,CQTUSD,0.00351,0.00356,0.00341,0.00347,1692607.98559103
2025-03-19T00:00:00Z,CQTUSD,0.00347,0.00355,0.00343,0.00345,660452.14373865
2025-03-20T00:00:00Z,CQTUSD,0.00345,0.00354,0.00335,0.00341,517985.71844712
2025-03-21T00:00:00Z,CQTUSD,0.00346,0.00353,0.00338,0.00350,725290.32035247
2025-03-22T00:00:00Z,CQTUSD,0.00346,0.00348,0.00335,0.00338,912594.41736217
2025-03-23T00:00:00Z,CQTUSD,0.00339,0.00343,0.00335,0.00339,544409.43630104
2025-03-24T00:00:00Z,CQTUSD,0.00337,0.00348,0.00335,0.00348,294191.78901519
2025-03-25T00:00:00Z,CQTUSD,0.00339,0.00346,0.00329,0.00346,675594.16698770
2025-03-26T00:00:00Z,CQTUSD,0.00343,0.00346,0.00339,0.00344,101962.04382326
2025-03-27T00:00:00Z,CQTUSD,0.00341,0.00349,0.00336,0.00342,595610.64230641
2025-03-28T00:00:00Z,CQTUSD,0.00345,0.00364,0.00338,0.00344,1739968.90778980
2025-03-29T00:00:00Z,CQTUSD,0.00347,0.00351,0.00333,0.00339,1719952.53830519
2025-03-30T00:00:00Z,CQTUSD,0.00339,0.00339,0.00331,0.00336,194219.64486905
2025-03-31T00:00:00Z,CQTUSD,0.00338,0.00338,0.00314,0.00318,944679.06518545
2025-04-01T00:00:00Z,CQTUSD,0.00320,0.00342,0.00314,0.00324,2372146.76510548
2025-04-02T00:00:00Z,CQTUSD,0.00324,0.00327,0.00315,0.00319,114960.89408635
2025-04-03T00:00:00Z,CQTUSD,0.00318,0.00331,0.00313,0.00329,1003587.69254786
2025-04-04T00:00:00Z,CQTUSD,0.00331,0.00340,0.00322,0.00340,228234.15289815
2025-04-05T00:00:00Z,CQTUSD,0.00342,0.00349,0.00310,0.00320,2851064.66733005
2025-04-06T00:00:00Z,CQTUSD,0.00323,0.00356,0.00320,0.00326,2131574.90563810
2025-04-07T00:00:00Z,CQTUSD,0.00325,0.00330,0.00305,0.00314,1321632.40115912
2025-04-08T00:00:00Z,CQTUSD,0.00318,0.00319,0.00303,0.00304,268912.02417391
2025-04-09T00:00:00Z,CQTUSD,0.00311,0.00334,0.00268,0.00321,2740587.28136121
2025-04-10T00:00:00Z,CQTUSD,0.00320,0.00330,0.00245,0.00261,4440448.02775534
2025-04-11T00:00:00Z,CQTUSD,0.00257,0.00308,0.00256,0.00302,2239046.65674387
2025-04-12T00:00:00Z,CQTUSD,0.00294,0.00313,0.00290,0.00292,611981.81191602
2025-04-13T00:00:00Z,CQTUSD,0.00299,0.00308,0.00261,0.00266,911559.00180590
2025-04-14T00:00:00Z,CQTUSD,0.00270,0.00301,0.00263,0.00282,2310373.98432379
2025-04-15T00:00:00Z,CQTUSD,0.00281,0.00353,0.00272,0.00283,4920202.35689133
2025-04-16T00:00:00Z,CQTUSD,0.00283,0.00295,0.00282,0.00282,1024109.06227953
2025-04-17T00:00:00Z,CQTUSD,0.00288,0.00310,0.00260,0.00280,3049015.06328904
2025-04-18T00:00:00Z,CQTUSD,0.00280,0.00309,0.00273,0.00278,1952807.23447343
2025-04-19T00:00:00Z,CQTUSD,0.00280,0.00287,0.00262,0.00287,717830.78528192
2025-04-20T00:00:00Z,CQTUSD,0.00287,0.00294,0.00286,0.00293,131370.34223621
2025-04-21T00:00:00Z,CQTUSD,0.00292,0.00299,0.00260,0.00286,1766280.67172356
2025-04-22T00:00:00Z,CQTUSD,0.00287,0.00304,0.00287,0.00303,1231089.18122586
2025-04-23T00:00:00Z,CQTUSD,0.00303,0.00362,0.00303,0.00344,1631132.16841767
2025-04-24T00:00:00Z,CQTUSD,0.00332,0.00340,0.00322,0.00327,368974.47911237
2025-04-25T00:00:00Z,CQTUSD,0.00327,0.00337,0.00300,0.00316,730355.20066057
2025-04-26T00:00:00Z,CQTUSD,0.00305,0.00318,0.00292,0.00302,881473.49647758
2025-04-27T00:00:00Z,CQTUSD,0.00301,0.00324,0.00282,0.00313,2878903.16585634
2025-04-28T00:00:00Z,CQTUSD,0.00326,0.00326,0.00286,0.00306,1238627.93774909
2025-04-29T00:00:00Z,CQTUSD,0.00298,0.00347,0.00298,0.00333,1038445.94682574
2025-04-30T00:00:00Z,CQTUSD,0.00334,0.00335,0.00317,0.00324,838291.27266943
2025-05-01T00:00:00Z,CQTUSD,0.00320,0.00329,0.00311,0.00322,191813.09791586
2025-05-02T00:00:00Z,CQTUSD,0.00312,0.00321,0.00306,0.00312,979359.70874979
2025-05-03T00:00:00Z,CQTUSD,0.00312,0.00317,0.00308,0.00311,46935.16737343
2025-05-04T00:00:00Z,CQTUSD,0.00307,0.00313,0.00293,0.00304,221991.76513249
2025-05-05T00:00:00Z,CQTUSD,0.00309,0.00320,0.00293,0.00293,509534.35392262
2025-05-06T00:00:00Z,CQTUSD,0.00292,0.00297,0.00282,0.00282,300988.45593624
2025-05-07T00:00:00Z,CQTUSD,0.00292,0.00302,0.00269,0.00292,885767.55625994
2025-05-08T00:00:00Z,CQTUSD,0.00293,0.00301,0.00276,0.00294,1427382.14283542
2025-05-09T00:00:00Z,CQTUSD,0.00294,0.00310,0.00287,0.00306,1755515.54988201
2025-05-10T00:00:00Z,CQTUSD,0.00309,0.00324,0.00285,0.00291,1267982.33846170
2025-05-11T00:00:00Z,CQTUSD,0.00293,0.00349,0.00293,0.00315,3927999.18327017
2025-05-12T00:00:00Z,CQTUSD,0.00305,0.00346,0.00300,0.00320,1645505.41823174
2025-05-13T00:00:00Z,CQTUSD,0.00319,0.00335,0.00308,0.00326,598734.91330917
2025-05-14T00:00:00Z,CQTUSD,0.00318,0.00330,0.00316,0.00319,352393.94463752
2025-05-15T00:00:00Z,CQTUSD,0.00329,0.00359,0.00319,0.00320,1996577.63820864
2025-05-16T00:00:00Z,CQTUSD,0.00318,0.00326,0.00312,0.00326,431540.19863890
2025-05-17T00:00:00Z,CQTUSD,0.00325,0.00328,0.00312,0.00314,181863.85589802
2025-05-18T00:00:00Z,CQTUSD,0.00322,0.00324,0.00311,0.00323,665809.71819708
2025-05-19T00:00:00Z,CQTUSD,0.00320,0.00353,0.00318,0.00335,1465107.82750059
2025-05-20T00:00:00Z,CQTUSD,0.00331,0.00360,0.00310,0.00312,2421509.51088042
2025-05-21T00:00:00Z,CQTUSD,0.00323,0.00338,0.00311,0.00320,664814.47922696
2025-05-22T00:00:00Z,CQTUSD,0.00324,0.00348,0.00310,0.00318,1482158.01796446
2025-05-23T00:00:00Z,CQTUSD,0.00326,0.00340,0.00318,0.00323,1794864.35696113
2025-05-24T00:00:00Z,CQTUSD,0.00323,0.00323,0.00311,0.00311,484464.14798373
2025-05-25T00:00:00Z,CQTUSD,0.00311,0.00317,0.00310,0.00315,724761.69339447
2025-05-26T00:00:00Z,CQTUSD,0.00315,0.00321,0.00311,0.00315,536007.51683753
2025-05-27T00:00:00Z,CQTUSD,0.00313,0.00316,0.00311,0.00316,178038.65525158
2025-05-28T00:00:00Z,CQTUSD,0.00316,0.00318,0.00310,0.00311,762589.64127910
2025-05-29T00:00:00Z,CQTUSD,0.00311,0.00324,0.00291,0.00305,2889357.44972000
2025-05-30T00:00:00Z,CQTUSD,0.00307,0.00323,0.00301,0.00301,2402590.22415878
2025-05-31T00:00:00Z,CQTUSD,0.00301,0.00304,0.00301,0.00301,418745.60125621
2025-06-01T00:00:00Z,CQTUSD,0.00303,0.00305,0.00297,0.00300,889441.74291293
2025-06-02T00:00:00Z,CQTUSD,0.00299,0.00301,0.00297,0.00301,189264.54319538
2025-06-03T00:00:00Z,CQTUSD,0.00299,0.00305,0.00298,0.00303,340589.99127323
2025-06-04T00:00:00Z,CQTUSD,0.00303,0.00324,0.00302,0.00304,387860.83661855
2025-06-05T00:00:00Z,CQTUSD,0.00306,0.00309,0.00290,0.00295,2021480.12861079
2025-06-06T00:00:00Z,CQTUSD,0.00297,0.00306,0.00276,0.00294,288598.89689590
2025-06-07T00:00:00Z,CQTUSD,0.00293,0.00298,0.00289,0.00298,155037.31682271
2025-06-08T00:00:00Z,CQTUSD,0.00298,0.00299,0.00288,0.00297,156696.22119407
2025-06-09T00:00:00Z,CQTUSD,0.00298,0.00409,0.00298,0.00308,6216745.69540191
2025-06-10T00:00:00Z,CQTUSD,0.00311,0.00325,0.00308,0.00325,2179693.67692522
2025-06-11T00:00:00Z,CQTUSD,0.00317,0.00336,0.00316,0.00317,665048.64435237
2025-06-12T00:00:00Z,CQTUSD,0.00319,0.00319,0.00300,0.00300,582528.25966595
2025-06-13T00:00:00Z,CQTUSD,0.00300,0.00305,0.00284,0.00298,535179.83325685
2025-06-14T00:00:00Z,CQTUSD,0.00300,0.00375,0.00300,0.00336,3654794.52468566
2025-06-15T00:00:00Z,CQTUSD,0.00337,0.00340,0.00328,0.00330,303812.26025513
2025-06-16T00:00:00Z,CQTUSD,0.00333,0.00335,0.00311,0.00316,652105.60515894
2025-06-17T00:00:00Z,CQTUSD,0.00315,0.00324,0.00300,0.00300,234378.35049012
2025-06-18T00:00:00Z,CQTUSD,0.00303,0.00318,0.00291,0.00318,1206135.48398342
2025-06-19T00:00:00Z,CQTUSD,0.00314,0.00319,0.00302,0.00315,705071.79645263
2025-06-20T00:00:00Z,CQTUSD,0.00319,0.00319,0.00310,0.00310,83050.65214961
2025-06-21T00:00:00Z,CQTUSD,0.00315,0.00318,0.00301,0.00302,254963.55755507
2025-06-22T00:00:00Z,CQTUSD,0.00307,0.00315,0.00297,0.00297,801119.82598003
2025-06-23T00:00:00Z,CQTUSD,0.00295,0.00301,0.00281,0.00297,653706.86094443
2025-06-24T00:00:00Z,CQTUSD,0.00294,0.00310,0.00294,0.00303,360524.30924489
2025-06-25T00:00:00Z,CQTUSD,0.00303,0.00303,0.00297,0.00299,195845.96022361
2025-06-26T00:00:00Z,CQTUSD,0.00298,0.00306,0.00293,0.00299,590948.37493698
2025-06-27T00:00:00Z,CQTUSD,0.00300,0.00301,0.00295,0.00295,109033.23665085
2025-06-28T00:00:00Z,CQTUSD,0.00299,0.00299,0.00292,0.00297,214529.74475701
2025-06-29T00:00:00Z,CQTUSD,0.00297,0.00304,0.00285,0.00299,676152.29036968
2025-06-30T00:00:00Z,CQTUSD,0.00305,0.00305,0.00289,0.00292,350298.53509360
2025-07-01T00:00:00Z,CQTUSD,0.00295,0.00352,0.00294,0.00313,8192129.50354713
2025-07-02T00:00:00Z,CQTUSD,0.00315,0.00317,0.00252,0.00307,6915307.06547016
2025-07-03T00:00:00Z,CQTUSD,0.00307,0.00314,0.00248,0.00260,10934664.32674936
2025-07-04T00:00:00Z,CQTUSD,0.00261,0.00276,0.00207,0.00219,20271456.61430078
2025-07-05T00:00:00Z,CQTUSD,0.00217,0.00233,0.00213,0.00224,3839482.28041748
2025-07-06T00:00:00Z,CQTUSD,0.00228,0.00231,0.00216,0.00221,1048936.40843505
2025-07-07T00:00:00Z,CQTUSD,0.00221,0.00227,0.00217,0.00219,516485.73262958
2025-07-08T00:00:00Z,CQTUSD,0.00217,0.00220,0.00205,0.00217,1317770.75579012
2025-07-09T00:00:00Z,CQTUSD,0.00217,0.00234,0.00212,0.00233,1649910.80687552
2025-07-10T00:00:00Z,CQTUSD,0.00232,0.00247,0.00226,0.00247,1336481.81706906
2025-07-11T00:00:00Z,CQTUSD,0.00245,0.00248,0.00222,0.00229,3140274.86149571
2025-07-12T00:00:00Z,CQTUSD,0.00233,0.00247,0.00200,0.00232,6042158.59179736
2025-07-13T00:00:00Z,CQTUSD,0.00233,0.00235,0.00205,0.00220,3581786.04319365
2025-07-14T00:00:00Z,CQTUSD,0.00220,0.00235,0.00216,0.00234,1699273.25693904
2025-07-15T00:00:00Z,CQTUSD,0.00233,0.00235,0.00227,0.00234,1381026.50861406
2025-07-16T00:00:00Z,CQTUSD,0.00230,0.00235,0.00208,0.00229,5067043.87154712
2025-07-17T00:00:00Z,CQTUSD,0.00224,0.00234,0.00209,0.00232,980387.70276024
2025-07-18T00:00:00Z,CQTUSD,0.00234,0.00234,0.00217,0.00217,1405848.29398983
2025-07-19T00:00:00Z,CQTUSD,0.00216,0.00328,0.00208,0.00211,22633719.21642726
2025-07-20T00:00:00Z,CQTUSD,0.00212,0.00221,0.00200,0.00201,17117421.61567269
2025-07-21T00:00:00Z,CQTUSD,0.00207,0.00226,0.00198,0.00203,11728918.19434597
2025-07-22T00:00:00Z,CQTUSD,0.00204,0.00210,0.00198,0.00204,2101315.12736069
2025-07-23T00:00:00Z,CQTUSD,0.00201,0.00205,0.00171,0.00191,6259583.33377996
2025-07-24T00:00:00Z,CQTUSD,0.00190,0.00210,0.00179,0.00206,5143644.93977742
2025-07-25T00:00:00Z,CQTUSD,0.00204,0.00209,0.00141,0.00186,10127466.04976159
2025-07-26T00:00:00Z,CQTUSD,0.00186,0.00208,0.00181,0.00191,4164704.43916530
2025-07-27T00:00:00Z,CQTUSD,0.00194,0.00209,0.00191,0.00205,3118752.64114922
2025-07-28T00:00:00Z,CQTUSD,0.00205,0.00210,0.00173,0.00192,3073338.87245796
2025-07-29T00:00:00Z,CQTUSD,0.00195,0.00199,0.00174,0.00196,1036253.01195138
2025-07-30T00:00:00Z,CQTUSD,0.00193,0.00198,0.00176,0.00192,2227322.19729178
2025-07-31T00:00:00Z,CQTUSD,0.00188,0.00206,0.00188,0.00199,1675103.48783589
2025-08-01T00:00:00Z,CQTUSD,0.00195,0.00202,0.00184,0.00200,495195.35969064
2025-08-02T00:00:00Z,CQTUSD,0.00196,0.00215,0.00181,0.00203,1534799.55531742
2025-08-03T00:00:00Z,CQTUSD,0.00206,0.00240,0.00183,0.00194,9167649.80896284
2025-08-04T00:00:00Z,CQTUSD,0.00194,0.00194,0.00179,0.00190,3879604.39655645
2025-08-05T00:00:00Z,CQTUSD,0.00187,0.00255,0.00180,0.00187,10276830.96750203
2025-08-06T00:00:00Z,CQTUSD,0.00190,0.00226,0.00186,0.00195,6025087.10457996
2025-08-07T00:00:00Z,CQTUSD,0.00196,0.00205,0.00196,0.00200,1336725.48277500
2025-08-08T00:00:00Z,CQTUSD,0.00201,0.00203,0.00191,0.00193,1073168.00816965
2025-08-09T00:00:00Z,CQTUSD,0.00196,0.00234,0.00187,0.00191,1965754.59920933
2025-08-10T00:00:00Z,CQTUSD,0.00189,0.00198,0.00186,0.00193,1690880.00048207
2025-08-11T00:00:00Z,CQTUSD,0.00191,0.00195,0.00174,0.00186,1132410.36521684
2025-08-12T00:00:00Z,CQTUSD,0.00190,0.00193,0.00182,0.00193,555698.51290407
2025-08-13T00:00:00Z,CQTUSD,0.00194,0.00198,0.00176,0.00188,3441534.52757765
2025-08-14T00:00:00Z,CQTUSD,0.00187,0.00229,0.00175,0.00178,4797781.63303744
2025-08-15T00:00:00Z,CQTUSD,0.00180,0.00222,0.00180,0.00184,2907660.62236587
2025-08-16T00:00:00Z,CQTUSD,0.00189,0.00192,0.00178,0.00178,267730.65448845
2025-08-17T00:00:00Z,CQTUSD,0.00187,0.00195,0.00173,0.00194,3006504.18626952
2025-08-18T00:00:00Z,CQTUSD,0.00194,0.00195,0.00179,0.00194,753155.96314287
2025-08-19T00:00:00Z,CQTUSD,0.00188,0.00217,0.00166,0.00187,2518116.34487503
2025-08-20T00:00:00Z,CQTUSD,0.00185,0.00188,0.00182,0.00188,229530.38842833
2025-08-21T00:00:00Z,CQTUSD,0.00189,0.00189,0.00182,0.00184,249425.60355161
2025-08-22T00:00:00Z,CQTUSD,0.00182,0.00190,0.00182,0.00186,702904.75402835
2025-08-23T00:00:00Z,CQTUSD,0.00186,0.00189,0.00181,0.00188,846387.47188430
2025-08-24T00:00:00Z,CQTUSD,0.00188,0.00189,0.00185,0.00188,321047.71022315
2025-08-25T00:00:00Z,CQTUSD,0.00188,0.00188,0.00184,0.00184,434810.62148646
2025-08-26T00:00:00Z,CQTUSD,0.00184,0.00189,0.00180,0.00185,683480.15453592
2025-08-27T00:00:00Z,CQTUSD,0.00186,0.00186,0.00181,0.00181,27133.24152000
2025-08-28T00:00:00Z,CQTUSD,0.00182,0.00185,0.00181,0.00185,406433.34693931
2025-08-29T00:00:00Z,CQTUSD,0.00185,0.00205,0.00180,0.00191,1172468.81315274
2025-08-30T00:00:00Z,CQTUSD,0.00190,0.00205,0.00179,0.00188,1910145.52102596
2025-08-31T00:00:00Z,CQTUSD,0.00186,0.00196,0.00180,0.00180,582353.08339410
2025-09-01T00:00:00Z,CQTUSD,0.00181,0.00187,0.00172,0.00178,1095179.46405002
2025-09-02T00:00:00Z,CQTUSD,0.00185,0.00200,0.00185,0.00189,1098417.88570974
2025-09-03T00:00:00Z,CQTUSD,0.00195,0.00197,0.00175,0.00193,346295.85838929
2025-09-04T00:00:00Z,CQTUSD,0.00195,0.00195,0.00186,0.00189,337942.65099391
2025-09-05T00:00:00Z,CQTUSD,0.00177,0.00188,0.00171,0.00188,642257.82260973
2025-09-06T00:00:00Z,CQTUSD,0.00177,0.00187,0.00173,0.00173,165553.88856332
2025-09-07T00:00:00Z,CQTUSD,0.00180,0.00189,0.00176,0.00189,252423.18101000
2025-09-08T00:00:00Z,CQTUSD,0.00189,0.00189,0.00150,0.00167,2695828.48456609
2025-09-09T00:00:00Z,CQTUSD,0.00170,0.00195,0.00160,0.00169,5449311.50619371
2025-09-10T00:00:00Z,CQTUSD,0.00175,0.00213,0.00168,0.00202,11631450.64192695
2025-09-11T00:00:00Z,CQTUSD,0.00204,0.00210,0.00192,0.00201,1743728.49326303
2025-09-12T00:00:00Z,CQTUSD,0.00206,0.00206,0.00187,0.00197,1530427.07462310
2025-09-13T00:00:00Z,CQTUSD,0.00194,0.00196,0.00169,0.00186,3559859.78767062
2025-09-14T00:00:00Z,CQTUSD,0.00187,0.00190,0.00179,0.00187,1173533.96025347
2025-09-15T00:00:00Z,CQTUSD,0.00190,0.00212,0.00185,0.00196,7711374.56741564
2025-09-16T00:00:00Z,CQTUSD,0.00199,0.00200,0.00178,0.00188,4271561.09054006
2025-09-17T00:00:00Z,CQTUSD,0.00188,0.00191,0.00174,0.00185,2418160.47724951
2025-09-18T00:00:00Z,CQTUSD,0.00184,0.00194,0.00176,0.00185,3786056.33112916
2025-09-19T00:00:00Z,CQTUSD,0.00188,0.00216,0.00178,0.00179,6414860.77482246
2025-09-20T00:00:00Z,CQTUSD,0.00186,0.00194,0.00172,0.00180,2873232.75410552
2025-09-21T00:00:00Z,CQTUSD,0.00179,0.00183,0.00173,0.00182,259705.88588436
2025-09-22T00:00:00Z,CQTUSD,0.00182,0.00193,0.00170,0.00172,1882369.43449766
2025-09-23T00:00:00Z,CQTUSD,0.00177,0.00181,0.00172,0.00173,245116.40765027
2025-09-24T00:00:00Z,CQTUSD,0.00174,0.00182,0.00171,0.00178,349623.37211853
2025-09-25T00:00:00Z,CQTUSD,0.00181,0.00181,0.00171,0.00175,419175.76363883
2025-09-26T00:00:00Z,CQTUSD,0.00173,0.00175,0.00135,0.00162,5573654.81884787
2025-09-27T00:00:00Z,CQTUSD,0.00158,0.00168,0.00154,0.00163,2154295.37617168
2025-09-28T00:00:00Z,CQTUSD,0.00159,0.00159,0.00149,0.00159,868704.76563864
2025-09-29T00:00:00Z,CQTUSD,0.00159,0.00161,0.00155,0.00160,848017.39324893
2025-09-30T00:00:00Z,CQTUSD,0.00159,0.00159,0.00122,0.00140,5868270.72007690
2025-10-01T00:00:00Z,CQTUSD,0.00140,0.00153,0.00126,0.00139,9313404.10021539
2025-10-02T00:00:00Z,CQTUSD,0.00144,0.00155,0.00139,0.00155,1141580.27372195
2025-10-03T00:00:00Z,CQTUSD,0.00151,0.00155,0.00143,0.00152,1197222.46509124
2025-10-04T00:00:00Z,CQTUSD,0.00152,0.00153,0.00135,0.00139,3932709.28448898
2025-10-05T00:00:00Z,CQTUSD,0.00137,0.00149,0.00130,0.00140,7751593.23473911
2025-10-06T00:00:00Z,CQTUSD,0.00139,0.00146,0.00125,0.00146,18694204.32096530
2025-10-07T00:00:00Z,CQTUSD,0.00143,0.00152,0.00135,0.00137,4698475.20581544
2025-10-08T00:00:00Z,CQTUSD,0.00135,0.00138,0.00123,0.00126,4190902.14969740
2025-10-09T00:00:00Z,CQTUSD,0.00127,0.00139,0.00124,0.00133,4548126.75140835
2025-10-10T00:00:00Z,CQTUSD,0.00132,0.00132,0.00102,0.00111,7306070.66323081
2025-10-11T00:00:00Z,CQTUSD,0.00115,0.00195,0.00115,0.00144,16602792.52522568
2025-10-12T00:00:00Z,CQTUSD,0.00144,0.00145,0.00134,0.00144,1429184.82745253
2025-10-13T00:00:00Z,CQTUSD,0.00141,0.00144,0.00139,0.00141,511789.47808880
2025-10-14T00:00:00Z,CQTUSD,0.00142,0.00142,0.00138,0.00138,489450.92799402
2025-10-15T00:00:00Z,CQTUSD,0.00139,0.00141,0.00128,0.00130,2821856.85142708
2025-10-16T00:00:00Z,CQTUSD,0.00130,0.00137,0.00130,0.00132,911761.23851861
2025-10-17T00:00:00Z,CQTUSD,0.00131,0.00134,0.00126,0.00128,2416489.04444757
2025-10-18T00:00:00Z,CQTUSD,0.00129,0.00132,0.00128,0.00132,517809.71618688
2025-10-19T00:00:00Z,CQTUSD,0.00132,0.00134,0.00128,0.00132,549537.07970171
2025-10-20T00:00:00Z,CQTUSD,0.00133,0.00135,0.00120,0.00125,1398765.05549989
2025-10-21T00:00:00Z,CQTUSD,0.00130,0.00130,0.00110,0.00126,1846980.73093249
2025-10-22T00:00:00Z,CQTUSD,0.00126,0.00132,0.00120,0.00126,1254734.46142441
2025-10-23T00:00:00Z,CQTUSD,0.00125,0.00130,0.00120,0.00124,724033.06624043
2025-10-24T00:00:00Z,CQTUSD,0.00128,0.00132,0.00123,0.00128,655890.86023576
2025-10-25T00:00:00Z,CQTUSD,0.00127,0.00134,0.00120,0.00129,1066932.44806289
2025-10-26T00:00:00Z,CQTUSD,0.00133,0.00133,0.00117,0.00130,1947928.04532141
2025-10-27T00:00:00Z,CQTUSD,0.00129,0.00133,0.00124,0.00133,951865.90778137
2025-10-28T00:00:00Z,CQTUSD,0.00134,0.00159,0.00106,0.00118,14809677.76518608
2025-10-29T00:00:00Z,CQTUSD,0.00117,0.00128,0.00112,0.00122,7890928.72657992
2025-10-30T00:00:00Z,CQTUSD,0.00121,0.00121,0.00115,0.00120,631537.53087334
2025-10-31T00:00:00Z,CQTUSD,0.00120,0.00123,0.00118,0.00122,306509.21776656
2025-11-01T00:00:00Z,CQTUSD,0.00119,0.00122,0.00115,0.00118,1119607.81876188
2025-11-02T00:00:00Z,CQTUSD,0.00117,0.00120,0.00107,0.00114,1483630.25122075
2025-11-03T00:00:00Z,CQTUSD,0.00112,0.00114,0.00106,0.00114,849096.40601097
2025-11-04T00:00:00Z,CQTUSD,0.00114,0.00115,0.00108,0.00108,495714.04817996
2025-11-05T00:00:00Z,CQTUSD,0.00109,0.00117,0.00104,0.00113,4848586.63396077
2025-11-06T00:00:00Z,CQTUSD,0.00109,0.00114,0.00104,0.00109,1660319.48630951
2025-11-07T00:00:00Z,CQTUSD,0.00109,0.00114,0.00108,0.00114,624829.35496302
2025-11-08T00:00:00Z,CQTUSD,0.00114,0.00115,0.00106,0.00110,435505.31741515
2025-11-09T00:00:00Z,CQTUSD,0.00110,0.00117,0.00107,0.00113,578009.52368665
2025-11-10T00:00:00Z,CQTUSD,0.00114,0.00117,0.00114,0.00116,457834.71530134
2025-11-11T00:00:00Z,CQTUSD,0.00117,0.00117,0.00114,0.00117,313158.19733853
2025-11-12T00:00:00Z,CQTUSD,0.00116,0.00117,0.00116,0.00117,122944.97041162
2025-11-13T00:00:00Z,CQTUSD,0.00117,0.00124,0.00113,0.00119,4102875.80214973
2025-11-14T00:00:00Z,CQTUSD,0.00119,0.00125,0.00118,0.00124,1863835.49055871
2025-11-15T00:00:00Z,CQTUSD,0.00122,0.00125,0.00117,0.00120,425009.27610050
2025-11-16T00:00:00Z,CQTUSD,0.00122,0.00125,0.00119,0.00124,122429.61397811
2025-11-17T00:00:00Z,CQTUSD,0.00124,0.00126,0.00105,0.00111,1674350.98064294
2025-11-18T00:00:00Z,CQTUSD,0.00111,0.00111,0.00106,0.00109,291428.06867651
2025-11-19T00:00:00Z,CQTUSD,0.00109,0.00109,0.00104,0.00104,329400.51620626
2025-11-20T00:00:00Z,CQTUSD,0.00104,0.00106,0.00104,0.00104,248471.55514589
2025-11-21T00:00:00Z,CQTUSD,0.00104,0.00128,0.00080,0.00108,12733002.14170953
2025-11-22T00:00:00Z,CQTUSD,0.00106,0.00116,0.00085,0.00113,3518606.14007463
2025-11-23T00:00:00Z,CQTUSD,0.00112,0.00116,0.00108,0.00110,459503.33107891
2025-11-24T00:00:00Z,CQTUSD,0.00111,0.00111,0.00097,0.00102,703508.57126252
2025-11-25T00:00:00Z,CQTUSD,0.00102,0.00105,0.00085,0.00099,2597252.81727437
2025-11-26T00:00:00Z,CQTUSD,0.00097,0.00104,0.00086,0.00101,4159088.65428192
2025-11-27T00:00:00Z,CQTUSD,0.00103,0.00112,0.00102,0.00109,1642974.44825899
2025-11-28T00:00:00Z,CQTUSD,0.00112,0.00112,0.00109,0.00109,1060902.88993867
2025-11-29T00:00:00Z,CQTUSD,0.00109,0.00112,0.00109,0.00110,367649.37889402
2025-11-30T00:00:00Z,CQTUSD,0.00112,0.00112,0.00109,0.00111,335216.53383104
2025-12-01T00:00:00Z,CQTUSD,0.00109,0.00111,0.00109,0.00111,436359.59509958
2025-12-02T00:00:00Z,CQTUSD,0.00111,0.00111,0.00109,0.00109,237246.51339000
2025-12-03T00:00:00Z,CQTUSD,0.00110,0.00111,0.00106,0.00108,832495.38211937
2025-12-04T00:00:00Z,CQTUSD,0.00103,0.00113,0.00098,0.00100,1688131.60336562
2025-12-05T00:00:00Z,CQTUSD,0.00106,0.00107,0.00100,0.00101,378538.35746194
2025-12-06T00:00:00Z,CQTUSD,0.00099,0.00111,0.00098,0.00102,236221.70385120
2025-12-07T00:00:00Z,CQTUSD,0.00106,0.00106,0.00100,0.00105,129404.75523284
2025-12-08T00:00:00Z,CQTUSD,0.00104,0.00131,0.00104,0.00126,3477215.73746125
2025-12-09T00:00:00Z,CQTUSD,0.00125,0.00125,0.00117,0.00117,861278.19561889
2025-12-10T00:00:00Z,CQTUSD,0.00116,0.00121,0.00110,0.00113,272212.66678000
2025-12-11T00:00:00Z,CQTUSD,0.00113,0.00125,0.00113,0.00122,1022745.97649755
2025-12-12T00:00:00Z,CQTUSD,0.00124,0.00124,0.00112,0.00112,772801.98000452
2025-12-13T00:00:00Z,CQTUSD,0.00113,0.00116,0.00110,0.00113,405959.76535840
2025-12-14T00:00:00Z,CQTUSD,0.00113,0.00114,0.00113,0.00113,86822.45573274
2025-12-15T00:00:00Z,CQTUSD,0.00112,0.00117,0.00103,0.00114,660270.01121931
2025-12-16T00:00:00Z,CQTUSD,0.00114,0.00116,0.00107,0.00108,485339.90116276
2025-12-17T00:00:00Z,CQTUSD,0.00106,0.00113,0.00106,0.00106,525330.97854289
2025-12-18T00:00:00Z,CQTUSD,0.00107,0.00112,0.00106,0.00107,465843.42246186
2025-12-19T00:00:00Z,CQTUSD,0.00108,0.00113,0.00107,0.00113,217083.11953918
2025-12-20T00:00:00Z,CQTUSD,0.00109,0.00109,0.00103,0.00103,167479.04772412
2025-12-21T00:00:00Z,CQTUSD,0.00102,0.00105,0.00102,0.00105,33091.04431164
2025-12-22T00:00:00Z,CQTUSD,0.00108,0.00115,0.00102,0.00105,1286136.72004222
2025-12-23T00:00:00Z,CQTUSD,0.00106,0.00112,0.00104,0.00106,195506.86422387
2025-12-24T00:00:00Z,CQTUSD,0.00105,0.00111,0.00104,0.00105,201345.14606374
2025-12-25T00:00:00Z,CQTUSD,0.00112,0.00112,0.00102,0.00102,695233.32653268
2025-12-26T00:00:00Z,CQTUSD,0.00102,0.00104,0.00102,0.00104,43652.33276326
2025-12-27T00:00:00Z,CQTUSD,0.00102,0.00102,0.00089,0.00097,484368.39273229
2025-12-28T00:00:00Z,CQTUSD,0.00091,0.00108,0.00085,0.00090,3022025.08267986
2025-12-29T00:00:00Z,CQTUSD,0.00101,0.00101,0.00089,0.00089,676041.73836942
2025-12-30T00:00:00Z,CQTUSD,0.00093,0.00097,0.00085,0.00089,1769710.76137647
2025-12-31T00:00:00Z,CQTUSD,0.00091,0.00091,0.00087,0.00087,91891.83057000
2026-01-01T00:00:00Z,CQTUSD,0.00087,0.00089,0.00083,0.00089,94430.55212650
2026-01-02T00:00:00Z,CQTUSD,0.00087,0.00088,0.00084,0.00087,207897.69631891
2026-01-03T00:00:00Z,CQTUSD,0.00085,0.00097,0.00085,0.00097,1333746.97799326
2026-01-04T00:00:00Z,CQTUSD,0.00099,0.00103,0.00086,0.00103,708576.58433311
2026-01-05T00:00:00Z,CQTUSD,0.00096,0.00106,0.00095,0.00100,803494.29729350
2026-01-06T00:00:00Z,CQTUSD,0.00099,0.00102,0.00088,0.00090,1228639.10875580
2026-01-07T00:00:00Z,CQTUSD,0.00097,0.00097,0.00090,0.00090,127922.33113960
2026-01-08T00:00:00Z,CQTUSD,0.00096,0.00101,0.00096,0.00101,374449.75238961
2026-01-09T00:00:00Z,CQTUSD,0.00094,0.00101,0.00088,0.00094,1087844.33030860
2026-01-10T00:00:00Z,CQTUSD,0.00092,0.00093,0.00086,0.00090,791872.00768598
2026-01-11T00:00:00Z,CQTUSD,0.00089,0.00095,0.00088,0.00091,622214.93654536
2026-01-12T00:00:00Z,CQTUSD,0.00092,0.00094,0.00090,0.00094,57289.12286118
2026-01-13T00:00:00Z,CQTUSD,0.00096,0.00097,0.00086,0.00086,867396.88649998
2026-01-14T00:00:00Z,CQTUSD,0.00089,0.00093,0.00087,0.00088,232585.87254486
2026-01-15T00:00:00Z,CQTUSD,0.00093,0.00094,0.00071,0.00080,4393354.54592781
2026-01-16T00:00:00Z,CQTUSD,0.00080,0.00087,0.00076,0.00087,644049.15810286
2026-01-17T00:00:00Z,CQTUSD,0.00087,0.00093,0.00083,0.00088,1463235.80038505
2026-01-18T00:00:00Z,CQTUSD,0.00088,0.00092,0.00076,0.00083,2161694.82867275
2026-01-19T00:00:00Z,CQTUSD,0.00082,0.00091,0.00067,0.00076,4777149.14004742
2026-01-20T00:00:00Z,CQTUSD,0.00081,0.00085,0.00060,0.00079,4564524.18070122
2026-01-21T00:00:00Z,CQTUSD,0.00079,0.00079,0.00063,0.00076,2214589.60917428
2026-01-22T00:00:00Z,CQTUSD,0.00075,0.00079,0.00074,0.00074,338711.20653051
2026-01-23T00:00:00Z,CQTUSD,0.00074,0.00078,0.00073,0.00073,116287.64446000
2026-01-24T00:00:00Z,CQTUSD,0.00078,0.00086,0.00074,0.00083,878461.03275334
2026-01-25T00:00:00Z,CQTUSD,0.00076,0.00083,0.00073,0.00073,383245.67299876
2026-01-26T00:00:00Z,CQTUSD,0.00077,0.00080,0.00066,0.00077,2996831.67195141
2026-01-27T00:00:00Z,CQTUSD,0.00075,0.00079,0.00072,0.00072,14394.76113181
2026-01-28T00:00:00Z,CQTUSD,0.00075,0.00087,0.00068,0.00084,2634944.21728689
2026-01-29T00:00:00Z,CQTUSD,0.00086,0.00086,0.00075,0.00076,148967.29428536
2026-01-30T00:00:00Z,CQTUSD,0.00080,0.00088,0.00074,0.00075,1453578.16723098
2026-01-31T00:00:00Z,CQTUSD,0.00074,0.00088,0.00040,0.00075,4197360.07609924
2026-02-01T00:00:00Z,CQTUSD,0.00068,0.00074,0.00044,0.00050,4206381.17124024
2026-02-02T00:00:00Z,CQTUSD,0.00053,0.00069,0.00044,0.00046,6489988.00731686
2026-02-03T00:00:00Z,CQTUSD,0.00049,0.00053,0.00037,0.00044,6261655.61005562
2026-02-04T00:00:00Z,CQTUSD,0.00045,0.00050,0.00039,0.00041,1720906.29117917
2026-02-05T00:00:00Z,CQTUSD,0.00041,0.00044,0.00033,0.00040,2229858.19582301
2026-02-06T00:00:00Z,CQTUSD,0.00040,0.00069,0.00037,0.00055,17347244.32589104
2026-02-07T00:00:00Z,CQTUSD,0.00054,0.00064,0.00046,0.00050,2698669.59940290
2026-02-08T00:00:00Z,CQTUSD,0.00047,0.00053,0.00047,0.00047,1565853.63432109
2026-02-09T00:00:00Z,CQTUSD,0.00047,0.00050,0.00046,0.00046,579439.62316980
2026-02-10T00:00:00Z,CQTUSD,0.00047,0.00057,0.00047,0.00048,3695347.59543119
2026-02-11T00:00:00Z,CQTUSD,0.00047,0.00047,0.00042,0.00047,1631207.15547914
2026-02-12T00:00:00Z,CQTUSD,0.00046,0.00047,0.00043,0.00046,961951.78179253
2026-02-13T00:00:00Z,CQTUSD,0.00044,0.00047,0.00043,0.00047,1235719.97800418
2026-02-14T00:00:00Z,CQTUSD,0.00047,0.00049,0.00044,0.00045,386358.64762334
2026-02-15T00:00:00Z,CQTUSD,0.00043,0.00048,0.00043,0.00045,409964.86474440
2026-02-16T00:00:00Z,CQTUSD,0.00047,0.00047,0.00041,0.00042,824075.71084551
2026-02-17T00:00:00Z,CQTUSD,0.00042,0.00045,0.00042,0.00042,553563.71439551
2026-02-18T00:00:00Z,CQTUSD,0.00042,0.00044,0.00040,0.00040,1892088.17857559
2026-02-19T00:00:00Z,CQTUSD,0.00048,0.00048,0.00035,0.00039,9509506.55530066
2026-02-20T00:00:00Z,CQTUSD,0.00040,0.00040,0.00040,0.00040,102360.96496582
2026-02-21T00:00:00Z,CQTUSD,0.00040,0.00043,0.00040,0.00040,163791.51629913
2026-02-22T00:00:00Z,CQTUSD,0.00042,0.00042,0.00040,0.00041,471616.22711094
2026-02-23T00:00:00Z,CQTUSD,0.00040,0.00040,0.00032,0.00036,6325667.14353226
2026-02-24T00:00:00Z,CQTUSD,0.00036,0.00037,0.00035,0.00037,600159.13835595
2026-02-25T00:00:00Z,CQTUSD,0.00037,0.00038,0.00036,0.00038,918456.48142894
2026-02-26T00:00:00Z,CQTUSD,0.00038,0.00038,0.00035,0.00035,1024912.51697421
2026-02-27T00:00:00Z,CQTUSD,0.00036,0.00037,0.00034,0.00036,720104.88953229
2026-02-28T00:00:00Z,CQTUSD,0.00037,0.00037,0.00034,0.00037,505829.34149684
2026-03-01T00:00:00Z,CQTUSD,0.00037,0.00037,0.00035,0.00035,192935.32589120
2026-03-02T00:00:00Z,CQTUSD,0.00035,0.00035,0.00034,0.00035,495335.97089579
2026-03-03T00:00:00Z,CQTUSD,0.00035,0.00035,0.00034,0.00034,618424.81837979
2026-03-04T00:00:00Z,CQTUSD,0.00035,0.00035,0.00034,0.00035,393920.61947135
2026-03-05T00:00:00Z,CQTUSD,0.00035,0.00036,0.00033,0.00034,1026359.04913230
2026-03-06T00:00:00Z,CQTUSD,0.00034,0.00034,0.00033,0.00034,700366.64165773
2026-03-07T00:00:00Z,CQTUSD,0.00033,0.00035,0.00032,0.00033,1924984.77323387
2026-03-08T00:00:00Z,CQTUSD,0.00033,0.00160,0.00033,0.00102,95771735.42117597
2026-03-09T00:00:00Z,CQTUSD,0.00089,0.00102,0.00054,0.00065,61899158.43673657
2026-03-10T00:00:00Z,CQTUSD,0.00058,0.00083,0.00055,0.00068,22423602.35128696
2026-03-11T00:00:00Z,CQTUSD,0.00066,0.00076,0.00060,0.00062,2406997.54128606
2026-03-12T00:00:00Z,CQTUSD,0.00062,0.00065,0.00055,0.00057,4180092.31673334
2026-03-13T00:00:00Z,CQTUSD,0.00061,0.00063,0.00057,0.00058,4405771.58116582
2026-03-14T00:00:00Z,CQTUSD,0.00059,0.00062,0.00056,0.00056,864280.27101489
2026-03-15T00:00:00Z,CQTUSD,0.00058,0.00060,0.00054,0.00058,998970.97235393
2026-03-16T00:00:00Z,CQTUSD,0.00054,0.00058,0.00052,0.00052,2300913.27849963
2026-03-17T00:00:00Z,CQTUSD,0.00053,0.00055,0.00046,0.00047,5534544.91903509
2026-03-18T00:00:00Z,CQTUSD,0.00047,0.00055,0.00047,0.00050,3599663.34441625
2026-03-19T00:00:00Z,CQTUSD,0.00050,0.00051,0.00049,0.00051,356335.83565665
2026-03-20T00:00:00Z,CQTUSD,0.00049,0.00054,0.00042,0.00052,5088613.53187504
2026-03-21T00:00:00Z,CQTUSD,0.00053,0.00053,0.00048,0.00050,1267371.89595860
2026-03-22T00:00:00Z,CQTUSD,0.00049,0.00050,0.00046,0.00047,545449.79310805
2026-03-23T00:00:00Z,CQTUSD,0.00048,0.00054,0.00046,0.00053,1669023.86541465
2026-03-24T00:00:00Z,CQTUSD,0.00053,0.00055,0.00051,0.00051,58678.73801862
2026-03-25T00:00:00Z,CQTUSD,0.00051,0.00054,0.00044,0.00046,5787512.31499965
2026-03-26T00:00:00Z,CQTUSD,0.00045,0.00047,0.00043,0.00044,1713976.93851315
2026-03-27T00:00:00Z,CQTUSD,0.00043,0.00044,0.00041,0.00041,1972542.69739374
2026-03-28T00:00:00Z,CQTUSD,0.00042,0.00045,0.00042,0.00045,739119.28163049
2026-03-29T00:00:00Z,CQTUSD,0.00045,0.00048,0.00044,0.00047,493631.12128556
2026-03-30T00:00:00Z,CQTUSD,0.00049,0.00051,0.00046,0.00051,675137.89789746
2026-03-31T00:00:00Z,CQTUSD,0.00051,0.00051,0.00047,0.00049,1367530.89641910
2026-04-01T00:00:00Z,CQTUSD,0.00048,0.00049,0.00047,0.00049,402583.86568781
2026-04-02T00:00:00Z,CQTUSD,0.00047,0.00047,0.00040,0.00045,3554939.20055243
2026-04-03T00:00:00Z,CQTUSD,0.00044,0.00046,0.00040,0.00043,840992.89878338
2026-04-04T00:00:00Z,CQTUSD,0.00043,0.00047,0.00043,0.00047,498069.42116657
2026-04-05T00:00:00Z,CQTUSD,0.00046,0.00046,0.00046,0.00046,80000.00000000
2026-04-06T00:00:00Z,CQTUSD,0.00046,0.00046,0.00043,0.00043,767437.87702368
2026-04-07T00:00:00Z,CQTUSD,0.00046,0.00046,0.00041,0.00045,129535.95216145
2026-04-08T00:00:00Z,CQTUSD,0.00046,0.00046,0.00042,0.00045,392574.36634739
2026-04-09T00:00:00Z,CQTUSD,0.00042,0.00042,0.00040,0.00042,1514041.03522578
2026-04-10T00:00:00Z,CQTUSD,0.00041,0.00053,0.00040,0.00045,3421117.03426597
2026-04-11T00:00:00Z,CQTUSD,0.00045,0.00047,0.00043,0.00043,1006484.22973303
2026-04-12T00:00:00Z,CQTUSD,0.00042,0.00046,0.00042,0.00042,426681.48033309
2026-04-13T00:00:00Z,CQTUSD,0.00045,0.00045,0.00045,0.00045,279510.53543000
2026-04-14T00:00:00Z,CQTUSD,0.00044,0.00048,0.00044,0.00048,514442.89350262
2026-04-15T00:00:00Z,CQTUSD,0.00047,0.00048,0.00046,0.00048,515222.82965732
2026-04-16T00:00:00Z,CQTUSD,0.00047,0.00054,0.00047,0.00053,2797361.52575050
2026-04-17T00:00:00Z,CQTUSD,0.00051,0.00054,0.00050,0.00051,1455832.59253038
2026-04-18T00:00:00Z,CQTUSD,0.00053,0.00058,0.00050,0.00057,1038483.38617869
2026-04-19T00:00:00Z,CQTUSD,0.00057,0.00077,0.00057,0.00063,3151911.66309002
2026-04-20T00:00:00Z,CQTUSD,0.00060,0.00065,0.00059,0.00059,252322.26339227
2026-04-21T00:00:00Z,CQTUSD,0.00058,0.00062,0.00057,0.00057,215442.46032630
2026-04-22T00:00:00Z,CQTUSD,0.00059,0.00059,0.00056,0.00056,155498.68480373
2026-04-23T00:00:00Z,CQTUSD,0.00055,0.00055,0.00043,0.00049,4542048.78327880
2026-04-24T00:00:00Z,CQTUSD,0.00050,0.00055,0.00049,0.00053,722326.21882646
2026-04-25T00:00:00Z,CQTUSD,0.00049,0.00052,0.00046,0.00050,928447.53949950
2026-04-26T00:00:00Z,CQTUSD,0.00050,0.00056,0.00048,0.00055,480407.12106632
2026-04-27T00:00:00Z,CQTUSD,0.00055,0.00055,0.00050,0.00050,333139.83657559
2026-04-28T00:00:00Z,CQTUSD,0.00052,0.00057,0.00051,0.00057,159551.05208869
2026-04-29T00:00:00Z,CQTUSD,0.00054,0.00059,0.00043,0.00053,15937313.12623870
2026-04-30T00:00:00Z,CQTUSD,0.00054,0.00057,0.00047,0.00049,2778137.96370688
2026-05-01T00:00:00Z,CQTUSD,0.00051,0.00055,0.00050,0.00050,387275.46123567
2026-05-02T00:00:00Z,CQTUSD,0.00058,0.00059,0.00048,0.00048,336821.78682126
2026-05-03T00:00:00Z,CQTUSD,0.00051,0.00054,0.00049,0.00049,352867.05327946
2026-05-04T00:00:00Z,CQTUSD,0.00050,0.00058,0.00049,0.00049,718553.44706244
2026-05-05T00:00:00Z,CQTUSD,0.00055,0.00066,0.00051,0.00052,5568543.23702578
2026-05-06T00:00:00Z,CQTUSD,0.00051,0.00066,0.00051,0.00058,1437093.97129625
2026-05-07T00:00:00Z,CQTUSD,0.00062,0.00063,0.00054,0.00059,972100.71372167
2026-05-08T00:00:00Z,CQTUSD,0.00060,0.00060,0.00052,0.00056,4681557.37247863
2026-05-09T00:00:00Z,CQTUSD,0.00056,0.00060,0.00056,0.00056,593952.62171057
2026-05-10T00:00:00Z,CQTUSD,0.00060,0.00065,0.00055,0.00058,1245262.30413591
2026-05-11T00:00:00Z,CQTUSD,0.00063,0.00063,0.00059,0.00059,23821.40581503
2026-05-12T00:00:00Z,CQTUSD,0.00060,0.00064,0.00058,0.00059,917359.45814856
2026-05-13T00:00:00Z,CQTUSD,0.00058,0.00063,0.00057,0.00060,481736.48099508
2026-05-14T00:00:00Z,CQTUSD,0.00058,0.00061,0.00054,0.00059,721884.80106168
2026-05-15T00:00:00Z,CQTUSD,0.00059,0.00059,0.00048,0.00054,7583679.68085121
2026-05-16T00:00:00Z,CQTUSD,0.00053,0.00053,0.00050,0.00052,508843.74513630
2026-05-17T00:00:00Z,CQTUSD,0.00052,0.00052,0.00050,0.00051,260064.96834692
2026-05-18T00:00:00Z,CQTUSD,0.00050,0.00052,0.00049,0.00050,950246.41536456
2026-05-19T00:00:00Z,CQTUSD,0.00050,0.00051,0.00050,0.00051,376024.74333122
2026-05-20T00:00:00Z,CQTUSD,0.00050,0.00050,0.00050,0.00050,2153.10531000
2026-05-21T00:00:00Z,CQTUSD,0.00048,0.00049,0.00047,0.00048,637096.89589394
2026-05-22T00:00:00Z,CQTUSD,0.00048,0.00048,0.00048,0.00048,0.00000000
2026-05-23T00:00:00Z,CQTUSD,0.00050,0.00061,0.00048,0.00054,7862002.31361901
2026-05-24T00:00:00Z,CQTUSD,0.00052,0.00060,0.00048,0.00055,1339674.46936728
2026-05-25T00:00:00Z,CQTUSD,0.00058,0.00065,0.00055,0.00065,516355.52002279
2026-05-26T00:00:00Z,CQTUSD,0.00061,0.00061,0.00055,0.00055,862473.87015831
2026-05-27T00:00:00Z,CQTUSD,0.00056,0.00056,0.00047,0.00051,1326672.14387293
2026-05-28T00:00:00Z,CQTUSD,0.00050,0.00053,0.00049,0.00049,304302.90263402
2026-05-29T00:00:00Z,CQTUSD,0.00052,0.00056,0.00040,0.00047,4675855.28146056
2026-05-30T00:00:00Z,CQTUSD,0.00047,0.00057,0.00041,0.00051,2928121.40874840
2026-05-31T00:00:00Z,CQTUSD,0.00051,0.00060,0.00045,0.00052,25163442.95625856
2026-06-01T00:00:00Z,CQTUSD,0.00049,0.00119,0.00049,0.00056,21210190.13652375
2026-06-02T00:00:00Z,CQTUSD,0.00056,0.00075,0.00045,0.00050,11859837.64826102
2026-06-03T00:00:00Z,CQTUSD,0.00056,0.00080,0.00048,0.00059,23075385.61856499
2026-06-04T00:00:00Z,CQTUSD,0.00059,0.00076,0.00057,0.00065,24746981.52515480
2026-06-05T00:00:00Z,CQTUSD,0.00066,0.00073,0.00057,0.00063,11841154.84799953
2026-06-06T00:00:00Z,CQTUSD,0.00062,0.00085,0.00059,0.00059,16945997.11154265
2026-06-07T00:00:00Z,CQTUSD,0.00063,0.00073,0.00063,0.00071,5596336.51755822
2026-06-08T00:00:00Z,CQTUSD,0.00073,0.00073,0.00061,0.00061,4933235.73433545
2026-06-09T00:00:00Z,CQTUSD,0.00059,0.00084,0.00055,0.00059,8600435.81280680
2026-06-10T00:00:00Z,CQTUSD,0.00060,0.00065,0.00057,0.00062,430172.25415358
2026-06-11T00:00:00Z,CQTUSD,0.00064,0.00065,0.00050,0.00059,756539.60407249
2026-06-12T00:00:00Z,CQTUSD,0.00061,0.00061,0.00050,0.00055,975401.15448591
2026-06-13T00:00:00Z,CQTUSD,0.00055,0.00069,0.00055,0.00061,1022939.43245623
2026-06-14T00:00:00Z,CQTUSD,0.00063,0.00078,0.00052,0.00070,4166009.74761208
2026-06-15T00:00:00Z,CQTUSD,0.00071,0.00074,0.00056,0.00063,8575142.25431352
2026-06-16T00:00:00Z,CQTUSD,0.00063,0.00075,0.00058,0.00063,2720782.65837805
2026-06-17T00:00:00Z,CQTUSD,0.00060,0.00062,0.00052,0.00053,659597.41500485
2026-06-18T00:00:00Z,CQTUSD,0.00057,0.00081,0.00054,0.00067,1012591.01262529
2026-06-19T00:00:00Z,CQTUSD,0.00065,0.00067,0.00065,0.00067,134232.19041543
2026-06-20T00:00:00Z,CQTUSD,0.00067,0.00070,0.00065,0.00070,109767.04407381
2026-06-21T00:00:00Z,CQTUSD,0.00067,0.00069,0.00063,0.00066,175313.92548220
2026-06-22T00:00:00Z,CQTUSD,0.00066,0.00070,0.00065,0.00070,341045.18666790
2026-06-23T00:00:00Z,CQTUSD,0.00065,0.00078,0.00054,0.00069,1179395.20785876
2026-06-24T00:00:00Z,CQTUSD,0.00070,0.00070,0.00051,0.00055,1050551.37168627
2026-06-25T00:00:00Z,CQTUSD,0.00055,0.00074,0.00054,0.00063,737223.02935585
2026-06-26T00:00:00Z,CQTUSD,0.00071,0.00156,0.00063,0.00078,30134947.08597486
2026-06-27T00:00:00Z,CQTUSD,0.00078,0.00114,0.00063,0.00076,29816121.19491617
2026-06-28T00:00:00Z,CQTUSD,0.00072,0.00075,0.00067,0.00069,624233.62268975
2026-06-29T00:00:00Z,CQTUSD,0.00069,0.00103,0.00059,0.00074,6567478.73774712
2026-06-30T00:00:00Z,CQTUSD,0.00072,0.00105,0.00072,0.00074,3924959.13763364
2026-07-01T00:00:00Z,CQTUSD,0.00073,0.00073,0.00066,0.00070,192555.56437765
2026-07-02T00:00:00Z,CQTUSD,0.00072,0.00088,0.00072,0.00075,809970.68341975
2026-07-03T00:00:00Z,CQTUSD,0.00077,0.00107,0.00074,0.00081,1758083.11381803
2026-07-04T00:00:00Z,CQTUSD,0.00077,0.00081,0.00071,0.00081,370808.12238518
2026-07-05T00:00:00Z,CQTUSD,0.00076,0.00106,0.00074,0.00094,1862623.56400994
2026-07-06T00:00:00Z,CQTUSD,0.00095,0.00118,0.00079,0.00088,1966961.93319041
2026-07-07T00:00:00Z,CQTUSD,0.00088,0.00093,0.00077,0.00084,758109.37541017
2026-07-08T00:00:00Z,CQTUSD,0.00081,0.00081,0.00079,0.00081,85573.25179233
2026-07-09T00:00:00Z,CQTUSD,0.00081,0.00118,0.00080,0.00101,2805422.14396840
2026-07-10T00:00:00Z,CQTUSD,0.00100,0.00113,0.00072,0.00079,2577049.27762747
2026-07-11T00:00:00Z,CQTUSD,0.00075,0.00078,0.00075,0.00076,220369.04125415
2026-07-12T00:00:00Z,CQTUSD,0.00078,0.00083,0.00064,0.00075,6963998.12031909
2026-07-13T00:00:00Z,CQTUSD,0.00075,0.00077,0.00070,0.00076,667584.09983193
2026-07-14T00:00:00Z,CQTUSD,0.00076,0.00079,0.00072,0.00075,266498.88468999
2026-07-15T00:00:00Z,CQTUSD,0.00079,0.00079,0.00074,0.00074,117935.99999999
2026-07-16T00:00:00Z,CQTUSD,0.00071,0.00077,0.00060,0.00061,4622553.85329545
2026-07-17T00:00:00Z,CQTUSD,0.00061,0.00063,0.00060,0.00062,1637426.47327034
2026-07-18T00:00:00Z,CQTUSD,0.00061,0.00062,0.00060,0.00062,521238.03199838
2026-07-19T00:00:00Z,CQTUSD,0.00063,0.00065,0.00063,0.00064,475386.73819799
2026-07-20T00:00:00Z,CQTUSD,0.00065,0.00065,0.00064,0.00064,136934.39816000
2026-07-21T00:00:00Z,CQTUSD,0.00064,0.00065,0.00057,0.00065,1204901.66615671
2026-07-22T00:00:00Z,CQTUSD,0.00062,0.00077,0.00058,0.00063,838389.10312629
2026-07-23T00:00:00Z,CQTUSD,0.00075,0.00077,0.00058,0.00074,1181723.15708291
2026-07-24T00:00:00Z,CQTUSD,0.00074,0.00078,0.00065,0.00073,1001240.95592724
2026-07-25T00:00:00Z,CQTUSD,0.00078,0.00078,0.00062,0.00063,867895.82920896
2026-07-26T00:00:00Z,CQTUSD,0.00062,0.00067,0.00060,0.00066,494209.64862865
2026-07-27T00:00:00Z,CQTUSD,0.00069,0.00069,0.00060,0.00061,632198.68102887
2026-07-28T00:00:00Z,CQTUSD,0.00060,0.00076,0.00058,0.00059,2429260.40863478
2026-07-29T00:00:00Z,CQTUSD,0.00066,0.00066,0.00057,0.00061,1696898.74198553
2026-07-30T00:00:00Z,CQTUSD,0.00058,0.00061,0.00058,0.00061,28767.24138000
2026-07-31T00:00:00Z,CQTUSD,0.00058,0.00060,0.00057,0.00060,847933.85146723
2026-08-01T00:00:00Z,CQTUSD,0.00059,0.00059,0.00057,0.00059,372480.87843985
2026-08-02T00:00:00Z,CQTUSD,0.00059,0.00060,0.00058,0.00059,427681.92313083
2026-08-03T00:00:00Z,CQTUSD,0.00060,0.00062,0.00059,0.00059,239295.37220210
2026-08-04T00:00:00Z,CQTUSD,0.00060,0.00060,0.00059,0.00059,69465.49622299
2026-08-05T00:00:00Z,CQTUSD,0.00058,0.00062,0.00058,0.00059,58750.00000000
2026-08-06T00:00:00Z,CQTUSD,0.00058,0.00058,0.00058,0.00058,117588.53660999
2026-08-07T00:00:00Z,CQTUSD,0.00061,0.00072,0.00057,0.00060,2273912.70906386
2026-08-08T00:00:00Z,CQTUSD,0.00063,0.00063,0.00059,0.00059,137417.89939000
2026-08-09T00:00:00Z,CQTUSD,0.00059,0.00060,0.00057,0.00059,401614.49827071
2026-08-10T00:00:00Z,CQTUSD,0.00059,0.00060,0.00058,0.00058,638776.94486965
2026-08-11T00:00:00Z,CQTUSD,0.00059,0.00062,0.00058,0.00062,560043.38031906
2026-08-12T00:00:00Z,CQTUSD,0.00060,0.00064,0.00058,0.00059,160441.69318663
2026-08-13T00:00:00Z,CQTUSD,0.00061,0.00064,0.00061,0.00062,360740.22569210
2026-08-14T00:00:00Z,CQTUSD,0.00063,0.00064,0.00060,0.00060,206251.85273006
2026-08-15T00:00:00Z,CQTUSD,0.00064,0.00064,0.00061,0.00061,53694.57385789
2026-08-16T00:00:00Z,CQTUSD,0.00063,0.00066,0.00059,0.00065,619196.32934057
2026-08-17T00:00:00Z,CQTUSD,0.00069,0.00078,0.00057,0.00062,4701947.46791762
2026-08-18T00:00:00Z,CQTUSD,0.00059,0.00062,0.00057,0.00061,1913645.70665034
2026-08-19T00:00:00Z,CQTUSD,0.00060,0.00061,0.00056,0.00059,410495.38543599
2026-08-20T00:00:00Z,CQTUSD,0.00061,0.00062,0.00058,0.00058,310992.50009593
2026-08-21T00:00:00Z,CQTUSD,0.00058,0.00061,0.00055,0.00057,679169.48700436
2026-08-22T00:00:00Z,CQTUSD,0.00059,0.00060,0.00051,0.00058,1108292.00572212
2026-08-23T00:00:00Z,CQTUSD,0.00057,0.00061,0.00055,0.00061,415406.77201983
2026-08-24T00:00:00Z,CQTUSD,0.00059,0.00060,0.00055,0.00055,561583.11467630
2026-08-25T00:00:00Z,CQTUSD,0.00056,0.00060,0.00052,0.00058,1040969.72463332
2026-08-26T00:00:00Z,CQTUSD,0.00060,0.00062,0.00058,0.00058,617191.23245612
2026-08-27T00:00:00Z,CQTUSD,0.00061,0.00062,0.00024,0.00029,34280600.88105980
2026-08-28T00:00:00Z,CQTUSD,0.00029,0.00038,0.00022,0.00027,58885531.20097928
2026-08-29T00:00:00Z,CQTUSD,0.00029,0.00040,0.00027,0.00033,10227838.18970183
2026-08-30T00:00:00Z,CQTUSD,0.00030,0.00038,0.00024,0.00033,4994921.56404796
2026-08-31T00:00:00Z,CQTUSD,0.00034,0.00034,0.00024,0.00025,6233421.39181191
2026-09-01T00:00:00Z,CQTUSD,0.00027,0.00029,0.00012,0.00023,6247229.29353707
2026-09-02T00:00:00Z,CQTUSD,0.00021,0.00024,0.00011,0.00022,4580824.54597020
2026-09-03T00:00:00Z,CQTUSD,0.00020,0.00020,0.00016,0.00016,169079.81737457
2026-09-04T00:00:00Z,CQTUSD,0.00015,0.00023,0.00009,0.00016,6130674.71272288
2026-09-05T00:00:00Z,CQTUSD,0.00013,0.00016,0.00013,0.00013,1373968.73898405
2026-09-06T00:00:00Z,CQTUSD,0.00011,0.00012,0.00009,0.00010,3722429.49216616
2026-09-07T00:00:00Z,CQTUSD,0.00011,0.00013,0.00009,0.00010,3345503.31044664
2026-09-08T00:00:00Z,CQTUSD,0.00009,0.00010,0.00007,0.00008,2744555.62873084
2026-09-09T00:00:00Z,CQTUSD,0.00007,0.00010,0.00006,0.00007,3469444.24893251
2026-09-10T00:00:00Z,CQTUSD,0.00004,0.00009,0.00003,0.00003,1102603.24543499
2026-09-11T00:00:00Z,CQTUSD,0.00003,0.00003,0.00003,0.00003,1489685.50093334
2026-09-12T00:00:00Z,CQTUSD,0.00003,0.00003,0.00003,0.00003,0.00000000
2026-09-13T00:00:00Z,CQTUSD,0.00003,0.00003,0.00003,0.00003,0.00000000
2026-09-14T00:00:00Z,CQTUSD,0.00003,0.00003,0.00003,0.00003,0.00000000
2026-09-15T00:00:00Z,CQTUSD,0.00003,0.00003,0.00003,0.00003,0.00000000
2026-09-16T00:00:00Z,CQTUSD,0.00003,0.00003,0.00003,0.00003,0.00000000
2026-09-17T00:00:00Z,CQTUSD,0.00003,0.00003,0.00003,0.00003,0.00000000
2026-09-18T00:00:00Z,CQTUSD,0.00003,0.00003,0.00003,0.00003,0.00000000
2026-09-19T00:00:00Z,CQTUSD,0.00003,0.00003,0.00003,0.00003,0.00000000
2026-09-20T00:00:00Z,CQTUSD,0.00003,0.00003,0.00003,0.00003,0.00000000
2026-09-21T00:00:00Z,CQTUSD,0.00003,0.00003,0.00003,0.00003,0.00000000
2026-09-22T00:00:00Z,CQTUSD,0.00003,0.00003,0.00003,0.00003,0.00000000
