timestamp,symbol,open,high,low,close,volume
2017-04-12T00:00:00Z,DASHUSD,66.85,79.99987,66.0,71.5,911.7890931199998
2017-04-13T00:00:00Z,DASHUSD,72.35,78.7,66.00322,73.0,2809.7393608399984
2017-04-14T00:00:00Z,DASHUSD,73.5,74.99468,69.00208,72.29725,1334.1769492099986
2017-04-15T00:00:00Z,DASHUSD,72.24973,78.7,69.27511,75.96924,1439.8336944899995
2017-04-16T00:00:00Z,DASHUSD,75.96,76.97999,74.00012,76.39223,308.05094067000005
2017-04-17T00:00:00Z,DASHUSD,76.32991,77.49982,74.5,76.19995,1061.94731474
2017-04-18T00:00:00Z,DASHUSD,76.11995,77.45804,70.78384,72.99847,865.1464332099997
2017-04-19T00:00:00Z,DASHUSD,72.99998,75.42497,72.00604,72.00648,260.48225148999995
2017-04-20T00:00:00Z,DASHUSD,73.52212,73.52212,70.23953,71.80001,299.39065429000004
2017-04-21T00:00:00Z,DASHUSD,71.80001,72.8,70.39702,71.88903,236.45118927999997
2017-04-22T00:00:00Z,DASHUSD,72.60334,73.0,70.75879,71.1024,480.56136782999994
2017-04-23T00:00:00Z,DASHUSD,72.95957,72.95957,70.21162,71.02448,516.0464172899999
2017-04-24T00:00:00Z,DASHUSD,70.24353,72.3,70.0,72.3,348.40105524000006
2017-04-25T00:00:00Z,DASHUSD,72.0,73.99997,70.82979,72.09146,897.8774249400004
2017-04-26T00:00:00Z,DASHUSD,72.09306,72.9782,71.0,72.1,295.6555083400001
2017-04-27T00:00:00Z,DASHUSD,72.5,82.0,70.66859,81.74464,1459.12819473
2017-04-28T00:00:00Z,DASHUSD,81.57154,81.57154,72.22297,80.5,1997.2655082499991
2017-04-29T00:00:00Z,DASHUSD,80.5,102.2019,80.5,94.06927,1907.2579940900002
2017-04-30T00:00:00Z,DASHUSD,93.50001,98.01119,89.99992,92.82983,802.2743487300004
2017-05-01T00:00:00Z,DASHUSD,90.02437,96.0,83.0,83.0,1085.7466606900002
2017-05-02T00:00:00Z,DASHUSD,87.14989,89.75462,82.9,87.97657,638.5005823700005
2017-05-03T00:00:00Z,DASHUSD,87.95599,92.61,83.9378,90.0,2158.68930292
2017-05-04T00:00:00Z,DASHUSD,92.11435,97.89996,88.8569,90.40799,2533.27906532
2017-05-05T00:00:00Z,DASHUSD,93.19999,104.89947,90.41725,98.34506,2038.2374317200022
2017-05-06T00:00:00Z,DASHUSD,99.71767,101.79341,94.00002,98.87604,331.67612512999995
2017-05-07T00:00:00Z,DASHUSD,96.00002,110.0918,90.0,100.879,2120.1926216799984
2017-05-08T00:00:00Z,DASHUSD,103.57996,103.57996,91.65936,99.19995,1603.263236410001
2017-05-09T00:00:00Z,DASHUSD,96.20008,101.49994,77.50008,90.03067,2404.35118075
2017-05-10T00:00:00Z,DASHUSD,91.30179,95.99991,89.00002,92.0,889.4413951499998
2017-05-11T00:00:00Z,DASHUSD,91.75,94.1,89.0,91.99112,488.2844010499999
2017-05-12T00:00:00Z,DASHUSD,89.80516,92.0,84.0,88.04825,948.1059415799997
2017-05-13T00:00:00Z,DASHUSD,84.85,89.89401,81.64596,88.00909,963.3974220500002
2017-05-14T00:00:00Z,DASHUSD,89.98998,95.41235,88.46319,89.25,787.4591769300006
2017-05-15T00:00:00Z,DASHUSD,89.3,92.12801,81.99995,92.11,852.0917658300002
2017-05-16T00:00:00Z,DASHUSD,91.5,91.5,85.91403,87.92905,928.0895857200005
2017-05-17T00:00:00Z,DASHUSD,87.92675,88.0,78.0,84.72203,3529.369237070002
2017-05-18T00:00:00Z,DASHUSD,83.01692,90.9432,82.43305,90.5998,2425.4746599200002
2017-05-19T00:00:00Z,DASHUSD,89.90012,100.99895,87.42329,98.64992,1276.4253013900013
2017-05-20T00:00:00Z,DASHUSD,98.61999,105.79194,97.74165,99.37785,1168.6582560400004
2017-05-21T00:00:00Z,DASHUSD,99.3461,101.5738,96.86167,101.57291,1150.0010714699993
2017-05-22T00:00:00Z,DASHUSD,98.51719,145.0,92.0,116.66193,5056.686929170008
2017-05-23T00:00:00Z,DASHUSD,114.3216,138.27784,114.32157,129.0245,3295.851111319997
2017-05-24T00:00:00Z,DASHUSD,133.84222,149.95,133.84222,145.23397,3046.268746120004
2017-05-25T00:00:00Z,DASHUSD,145.5,145.5,116.04917,116.45325,5653.719476400004
2017-05-26T00:00:00Z,DASHUSD,117.0,139.87996,107.45237,111.10123,2622.92020408
2017-05-27T00:00:00Z,DASHUSD,115.43557,122.95671,84.99996,98.87292,2709.588942629999
2017-05-28T00:00:00Z,DASHUSD,98.23434,118.43958,98.23434,106.1,2495.885370869999
2017-05-29T00:00:00Z,DASHUSD,106.12088,121.34502,103.57516,115.00033,1196.75483113
2017-05-30T00:00:00Z,DASHUSD,115.95701,127.99981,112.91649,116.35083,1644.6363021400018
2017-05-31T00:00:00Z,DASHUSD,124.11423,144.27992,116.50489,137.37001,2492.829085680002
2017-06-01T00:00:00Z,DASHUSD,140.64014,150.0,130.70033,135.76297,2399.25171849
2017-06-02T00:00:00Z,DASHUSD,137.37999,147.99999,137.12308,147.99999,1712.7669644399998
2017-06-03T00:00:00Z,DASHUSD,147.79996,151.49998,143.5,147.46876,1162.4200754700012
2017-06-04T00:00:00Z,DASHUSD,143.7865,147.38277,140.07623,144.4,1070.1526206999997
2017-06-05T00:00:00Z,DASHUSD,144.93891,147.01493,141.0,147.005,2945.7277869799987
2017-06-06T00:00:00Z,DASHUSD,147.00243,148.97,130.0,145.00005,2658.5364296700013
2017-06-07T00:00:00Z,DASHUSD,146.31789,154.98734,131.10001,141.84128,2837.0682550400015
2017-06-08T00:00:00Z,DASHUSD,141.84091,148.58863,138.00063,145.48517,1082.5629288299988
2017-06-09T00:00:00Z,DASHUSD,146.06326,150.99873,144.874,147.02222,1281.3331282599997
2017-06-10T00:00:00Z,DASHUSD,147.02336,152.6487,145.11954,146.04659,1423.451975909998
2017-06-11T00:00:00Z,DASHUSD,149.5512,199.99941,146.21107,188.22202,2589.3139531099955
2017-06-12T00:00:00Z,DASHUSD,185.0,196.48684,147.0,167.26833,5497.098664720002
2017-06-13T00:00:00Z,DASHUSD,167.02379,184.99995,161.00194,183.11235,2681.4255844900035
2017-06-14T00:00:00Z,DASHUSD,183.11106,193.0,144.9605,160.00088,3512.0699230099963
2017-06-15T00:00:00Z,DASHUSD,158.00365,165.89454,132.50004,160.35692,4411.5567314
2017-06-16T00:00:00Z,DASHUSD,159.90005,168.0,150.00038,162.60001,1625.9205502099965
2017-06-17T00:00:00Z,DASHUSD,160.00009,187.0,158.36924,179.80017,1081.3520310000138
2017-06-18T00:00:00Z,DASHUSD,179.8018,195.0,172.59953,194.15763,3142.5444722799984
2017-06-19T00:00:00Z,DASHUSD,189.00002,201.99879,188.5,199.7032,3847.3662226900024
2017-06-20T00:00:00Z,DASHUSD,195.60171,200.0,160.0,189.01811,2958.3402696600037
2017-06-21T00:00:00Z,DASHUSD,189.01682,194.99929,165.63008,179.42869,1262.7225648700007
2017-06-22T00:00:00Z,DASHUSD,179.42869,186.99998,172.05753,181.00001,891.5758993799998
2017-06-23T00:00:00Z,DASHUSD,181.00005,190.72062,181.0,188.44017,1043.4681160600005
2017-06-24T00:00:00Z,DASHUSD,184.39913,188.42838,171.80001,179.22833,791.8472675000005
2017-06-25T00:00:00Z,DASHUSD,175.01462,178.22542,159.99995,166.56523,1017.6464405600005
2017-06-26T00:00:00Z,DASHUSD,165.0023,174.0,136.00001,154.65695,2646.650381889996
2017-06-27T00:00:00Z,DASHUSD,161.0,175.09926,145.00007,174.94193,1601.0365873699982
2017-06-28T00:00:00Z,DASHUSD,174.94273,187.99939,170.00095,180.02276,1406.8121193299996
2017-06-29T00:00:00Z,DASHUSD,180.7134,186.66305,173.52172,173.52172,1787.4212647899992
2017-06-30T00:00:00Z,DASHUSD,173.75,184.99999,173.75,174.73788,1266.5389256100002
2017-07-01T00:00:00Z,DASHUSD,179.97646,179.97646,157.66139,164.91476,567.3902458500003
2017-07-02T00:00:00Z,DASHUSD,164.90631,178.95418,161.96666,173.00082,1255.296369699999
2017-07-03T00:00:00Z,DASHUSD,173.00098,182.0,170.75547,181.9886,978.2143128200001
2017-07-04T00:00:00Z,DASHUSD,180.99975,190.0,178.93007,182.15987,2129.810447770003
2017-07-05T00:00:00Z,DASHUSD,182.15984,216.14,179.11482,208.88,4279.058488929992
2017-07-06T00:00:00Z,DASHUSD,206.78791,230.0,203.05786,209.85801,3987.9400406600075
2017-07-07T00:00:00Z,DASHUSD,209.858,212.53421,187.22038,189.51403,2052.2371415299995
2017-07-08T00:00:00Z,DASHUSD,192.10756,210.0,186.00002,209.0,1618.5372791800007
2017-07-09T00:00:00Z,DASHUSD,209.9,240.0,187.20008,195.97657,2225.215010010003
2017-07-10T00:00:00Z,DASHUSD,196.27305,200.67307,160.00003,172.7,3387.639659460003
2017-07-11T00:00:00Z,DASHUSD,172.99997,179.25626,152.0001,164.4567,3971.6645031199937
2017-07-12T00:00:00Z,DASHUSD,164.45422,183.40313,156.81119,176.86043,2311.3695458800007
2017-07-13T00:00:00Z,DASHUSD,179.97891,182.0,165.00004,170.97841,1344.5550700599974
2017-07-14T00:00:00Z,DASHUSD,169.0,171.56427,154.30001,160.75871,1581.6543347400025
2017-07-15T00:00:00Z,DASHUSD,160.75,162.99724,138.0001,138.0001,3736.963975820007
2017-07-16T00:00:00Z,DASHUSD,138.0001,142.2813,115.00004,129.84005,4079.6889148900013
2017-07-17T00:00:00Z,DASHUSD,132.06356,154.75794,130.0,152.99998,2230.66193783
2017-07-18T00:00:00Z,DASHUSD,150.60059,167.19996,145.0,159.89969,2905.4984157299987
2017-07-19T00:00:00Z,DASHUSD,156.73922,173.82894,152.0,152.25477,1776.7467115200002
2017-07-20T00:00:00Z,DASHUSD,158.36933,215.0,154.00012,189.10808,4094.4201500999907
2017-07-21T00:00:00Z,DASHUSD,186.90506,200.0,180.00001,185.87204,2341.4114192399993
2017-07-22T00:00:00Z,DASHUSD,185.87204,198.00005,185.6,197.8,2051.6466650299985
2017-07-23T00:00:00Z,DASHUSD,197.79999,212.5,189.43551,190.60488,1232.69744575
2017-07-24T00:00:00Z,DASHUSD,195.47565,219.0,191.0,204.89996,7001.195733310004
2017-07-25T00:00:00Z,DASHUSD,201.64003,210.0,170.60001,194.0,6578.864104030003
2017-07-26T00:00:00Z,DASHUSD,194.0,210.0,184.85796,193.0,3628.659834799999
2017-07-27T00:00:00Z,DASHUSD,194.2,199.59834,190.52267,195.95882,974.3664779900002
2017-07-28T00:00:00Z,DASHUSD,195.50312,198.467,181.0,184.17072,2207.6693973800025
2017-07-29T00:00:00Z,DASHUSD,184.17267,188.42574,167.30096,185.44064,2919.6845979600016
2017-07-30T00:00:00Z,DASHUSD,187.74083,187.81775,171.94586,175.4185,1318.8568123399994
2017-07-31T00:00:00Z,DASHUSD,175.8321,180.0,170.51539,178.5,841.049257560001
2017-08-01T00:00:00Z,DASHUSD,178.5,186.66991,176.73478,184.99721,1730.7921378100007
2017-08-02T00:00:00Z,DASHUSD,184.99993,186.81382,178.00001,182.53,1908.0756791499978
2017-08-03T00:00:00Z,DASHUSD,182.53,192.99999,178.0507,187.9999,1449.2904989899998
2017-08-04T00:00:00Z,DASHUSD,187.99993,196.8,186.2726,191.49784,2663.2632624499947
2017-08-05T00:00:00Z,DASHUSD,188.0027,198.30457,186.17771,192.12345,2478.3737863199945
2017-08-06T00:00:00Z,DASHUSD,192.12346,196.99987,187.8,187.80074,1052.3641788699997
2017-08-07T00:00:00Z,DASHUSD,187.80117,209.32323,187.80001,198.4,2377.076190870004
2017-08-08T00:00:00Z,DASHUSD,198.39876,205.0,194.48512,204.0,1625.8695236400008
2017-08-09T00:00:00Z,DASHUSD,204.0,209.0,197.27214,208.99994,1627.8092820699987
2017-08-10T00:00:00Z,DASHUSD,202.79339,210.0,201.02355,206.203,1192.6799403400005
2017-08-11T00:00:00Z,DASHUSD,206.203,214.99892,200.0,210.14576,1700.0921283500018
2017-08-12T00:00:00Z,DASHUSD,207.50212,212.2,201.5,203.29153,1210.109886069997
2017-08-13T00:00:00Z,DASHUSD,203.8915,212.2,195.79894,198.99791,1473.4640622900006
2017-08-14T00:00:00Z,DASHUSD,198.99477,203.29984,195.0,200.0,1855.5469803999956
2017-08-15T00:00:00Z,DASHUSD,200.0,208.0,192.0,205.0,2389.325677679997
2017-08-16T00:00:00Z,DASHUSD,205.0,249.0,200.0,231.90155,3804.95933322
2017-08-17T00:00:00Z,DASHUSD,231.90278,262.0,229.0795,240.0,3388.4574733299996
2017-08-18T00:00:00Z,DASHUSD,239.8,249.9,214.9,236.54562,1179.5778045099976
2017-08-19T00:00:00Z,DASHUSD,222.62213,360.0,217.20025,310.0,4398.888735240018
2017-08-20T00:00:00Z,DASHUSD,310.0,339.0,264.0,293.99,2793.469989120002
2017-08-21T00:00:00Z,DASHUSD,294.0,303.31829,280.0,281.08,792.8807779099993
2017-08-22T00:00:00Z,DASHUSD,281.08,300.0,267.0,299.9499,1872.9884421199981
2017-08-23T00:00:00Z,DASHUSD,290.0173,309.0,290.0,292.84833,1637.5568122100035
2017-08-24T00:00:00Z,DASHUSD,297.64202,312.85,291.00258,312.85,1380.0365734600014
2017-08-25T00:00:00Z,DASHUSD,312.85,324.37,305.0,321.0,2334.738722900003
2017-08-26T00:00:00Z,DASHUSD,321.00002,414.99999,321.00002,404.98836,3455.084008769994
2017-08-27T00:00:00Z,DASHUSD,395.0,404.0,355.136,364.99793,2499.379103939996
2017-08-28T00:00:00Z,DASHUSD,364.99793,370.99962,352.59,360.0,1406.057907990001
2017-08-29T00:00:00Z,DASHUSD,358.22266,375.0,357.0,366.5,1126.08848829
2017-08-30T00:00:00Z,DASHUSD,366.5,383.318,357.2,371.99,1476.7742865099976
2017-08-31T00:00:00Z,DASHUSD,372.0,387.2,368.002,387.182,1364.9124499499994
2017-09-01T00:00:00Z,DASHUSD,386.0,397.0,382.0,397.0,1384.1984749099972
2017-09-02T00:00:00Z,DASHUSD,397.0,409.668,323.002,350.011,1794.5875711199978
2017-09-03T00:00:00Z,DASHUSD,354.83,375.0,338.0,362.0,981.8554828399966
2017-09-04T00:00:00Z,DASHUSD,362.0,362.0,300.6935,326.69,1857.87786139
2017-09-05T00:00:00Z,DASHUSD,326.69,340.0,298.0,338.001,1978.829058029993
2017-09-06T00:00:00Z,DASHUSD,338.0,373.0,335.041,356.659,1578.2547837900038
2017-09-07T00:00:00Z,DASHUSD,354.5,355.95,340.144,347.522,1329.2979000199985
2017-09-08T00:00:00Z,DASHUSD,352.24,383.22,320.0,336.0,2594.318360800015
2017-09-09T00:00:00Z,DASHUSD,336.0,372.0,318.067,329.0,961.6474210500045
2017-09-10T00:00:00Z,DASHUSD,329.98,366.956,305.35,322.67,1167.5424016600023
2017-09-11T00:00:00Z,DASHUSD,328.63,335.899,315.37,319.955,1656.768908319998
2017-09-12T00:00:00Z,DASHUSD,319.955,344.766,319.955,325.98,1406.5267395799997
2017-09-13T00:00:00Z,DASHUSD,331.599,331.599,283.1,302.0,1834.4285290299968
2017-09-14T00:00:00Z,DASHUSD,300.0,305.628,221.0,240.13,3353.94511760999
2017-09-15T00:00:00Z,DASHUSD,240.67,323.5,223.0,285.17,2558.747893990003
2017-09-16T00:00:00Z,DASHUSD,289.43,311.8,284.28,300.24,1878.5761366599966
2017-09-17T00:00:00Z,DASHUSD,300.37,319.939,282.02,312.78,2094.830360889996
2017-09-18T00:00:00Z,DASHUSD,319.659,345.0,315.342,335.525,2293.881252229993
2017-09-19T00:00:00Z,DASHUSD,332.31,340.0,317.854,326.842,819.5374406399994
2017-09-20T00:00:00Z,DASHUSD,327.15,350.0,315.327,342.079,1190.8653527399986
2017-09-21T00:00:00Z,DASHUSD,342.001,369.88,308.0,338.786,2901.2393561499916
2017-09-22T00:00:00Z,DASHUSD,326.199,358.708,326.19,346.825,1119.8700528899997
2017-09-23T00:00:00Z,DASHUSD,346.739,365.0,341.5,352.96,866.0671672299985
2017-09-24T00:00:00Z,DASHUSD,352.66,357.043,330.0,330.835,1427.2987627699981
2017-09-25T00:00:00Z,DASHUSD,330.835,351.839,330.81,346.78,2738.366785229995
2017-09-26T00:00:00Z,DASHUSD,349.571,354.0,338.8,343.0,859.4297544899985
2017-09-27T00:00:00Z,DASHUSD,343.04,353.0,336.87,352.351,1668.1207318799984
2017-09-28T00:00:00Z,DASHUSD,352.351,354.999,338.85,344.26,2830.326530030004
2017-09-29T00:00:00Z,DASHUSD,343.78,346.16,320.0,328.282,3337.822404920004
2017-09-30T00:00:00Z,DASHUSD,330.8,334.0,326.07,330.0,932.9281171400004
2017-10-01T00:00:00Z,DASHUSD,328.124,332.23,314.0,318.97,599.4818536400002
2017-10-02T00:00:00Z,DASHUSD,318.0,324.929,304.48,310.09,1152.9940709999994
2017-10-03T00:00:00Z,DASHUSD,306.44,310.76,290.001,294.9,1528.6491897899994
2017-10-04T00:00:00Z,DASHUSD,294.86,318.8,294.86,303.688,1773.1641203099998
2017-10-05T00:00:00Z,DASHUSD,304.46,309.53,292.001,307.199,1114.303295399998
2017-10-06T00:00:00Z,DASHUSD,307.199,314.433,304.0,305.579,714.0679983199997
2017-10-07T00:00:00Z,DASHUSD,305.579,313.51,302.29,310.966,325.19188045999954
2017-10-08T00:00:00Z,DASHUSD,310.53,315.0,300.834,302.0,631.5037874299993
2017-10-09T00:00:00Z,DASHUSD,302.02,302.02,280.731,285.98,2305.854841879996
2017-10-10T00:00:00Z,DASHUSD,282.853,295.507,280.0,289.08,1194.1696546999974
2017-10-11T00:00:00Z,DASHUSD,289.957,302.0,285.0,297.64,662.243162059999
2017-10-12T00:00:00Z,DASHUSD,299.337,303.068,290.0,290.1,1326.3480933199996
2017-10-13T00:00:00Z,DASHUSD,290.12,308.395,288.0,308.395,2538.5159552200134
2017-10-14T00:00:00Z,DASHUSD,309.0,319.89,305.01,316.31,797.7080509999998
2017-10-15T00:00:00Z,DASHUSD,316.31,317.99,295.0,307.337,1385.9350524099998
2017-10-16T00:00:00Z,DASHUSD,307.337,309.818,299.632,304.46,617.6366767
2017-10-17T00:00:00Z,DASHUSD,301.7,303.9,297.8,299.7,616.0815512199991
2017-10-18T00:00:00Z,DASHUSD,298.877,299.888,283.0,299.154,1117.375947689999
2017-10-19T00:00:00Z,DASHUSD,296.22,298.1,289.713,294.2,347.21518749999996
2017-10-20T00:00:00Z,DASHUSD,294.2,300.0,285.01,285.01,457.78051060999985
2017-10-21T00:00:00Z,DASHUSD,287.94,290.65,274.029,278.599,780.2330067799993
2017-10-22T00:00:00Z,DASHUSD,276.59,282.95,269.567,270.6,424.27335721999975
2017-10-23T00:00:00Z,DASHUSD,276.0,292.0,264.05,281.49,1148.3196770099996
2017-10-24T00:00:00Z,DASHUSD,280.0,301.0,272.7,292.491,1050.4183822199986
2017-10-25T00:00:00Z,DASHUSD,292.49,298.78,285.0,285.8,493.7859896099998
2017-10-26T00:00:00Z,DASHUSD,286.44,294.926,282.001,285.0,711.5653253999994
2017-10-27T00:00:00Z,DASHUSD,285.5,287.599,277.207,282.0,719.7650504899996
2017-10-28T00:00:00Z,DASHUSD,282.009,294.299,269.86,275.234,739.8425886499998
2017-10-29T00:00:00Z,DASHUSD,275.98,285.828,274.587,282.355,288.40062359999996
2017-10-30T00:00:00Z,DASHUSD,282.3,289.523,280.97,284.27,396.2950454199998
2017-10-31T00:00:00Z,DASHUSD,286.0,286.44,279.0,279.38,599.2368219199999
2017-11-01T00:00:00Z,DASHUSD,279.0,282.0,270.002,270.8,873.4724582699989
2017-11-02T00:00:00Z,DASHUSD,274.695,277.0,252.5,263.379,1540.3686237999998
2017-11-03T00:00:00Z,DASHUSD,262.38,280.024,260.212,280.024,841.8935531799992
2017-11-04T00:00:00Z,DASHUSD,279.1,279.97,271.0,275.16,612.7198669000002
2017-11-05T00:00:00Z,DASHUSD,275.27,275.5,270.01,271.389,566.3200276099996
2017-11-06T00:00:00Z,DASHUSD,270.063,302.0,266.99,275.43,835.6173011400006
2017-11-07T00:00:00Z,DASHUSD,275.24,301.98,275.24,290.08,1509.523384179999
2017-11-08T00:00:00Z,DASHUSD,290.0,329.9,287.0,325.17,2797.7705708100025
2017-11-09T00:00:00Z,DASHUSD,325.2,340.0,312.332,330.94,2805.7555810599993
2017-11-10T00:00:00Z,DASHUSD,330.92,350.0,298.0,322.79,3080.374967210002
2017-11-11T00:00:00Z,DASHUSD,329.579,359.0,319.0,345.37,2245.5895812799995
2017-11-12T00:00:00Z,DASHUSD,342.643,499.0,310.51,490.0,9122.075317680044
2017-11-13T00:00:00Z,DASHUSD,487.0,504.0,387.45,427.0,4366.639346129985
2017-11-14T00:00:00Z,DASHUSD,428.978,444.999,407.001,425.4,1415.1690635099965
2017-11-15T00:00:00Z,DASHUSD,425.42,474.0,412.25,419.979,2186.9352906699974
2017-11-16T00:00:00Z,DASHUSD,419.979,430.0,412.25,412.28,1419.1534528600002
2017-11-17T00:00:00Z,DASHUSD,417.26,432.87,410.0,429.438,1746.8909430500005
2017-11-18T00:00:00Z,DASHUSD,428.14,474.0,420.0,455.32,2476.7820221899956
2017-11-19T00:00:00Z,DASHUSD,454.955,461.72,420.001,441.17,694.4125163900007
2017-11-20T00:00:00Z,DASHUSD,440.929,472.0,435.0,472.0,1564.533744069999
2017-11-21T00:00:00Z,DASHUSD,472.0,519.0,452.0,491.98,4360.426270460001
2017-11-22T00:00:00Z,DASHUSD,493.273,592.0,490.821,577.0,4692.412804410007
2017-11-23T00:00:00Z,DASHUSD,577.386,588.93,551.0,565.0,2069.742084650002
2017-11-24T00:00:00Z,DASHUSD,565.0,571.774,547.8,557.0,1222.1680531599993
2017-11-25T00:00:00Z,DASHUSD,557.0,649.685,557.0,635.012,2339.8724293399946
2017-11-26T00:00:00Z,DASHUSD,635.011,648.0,605.0,615.87,1188.1925889300003
2017-11-27T00:00:00Z,DASHUSD,615.87,629.126,605.0,618.6,1337.1523440699996
2017-11-28T00:00:00Z,DASHUSD,618.6,623.488,600.0,605.0,1972.7639219500004
2017-11-29T00:00:00Z,DASHUSD,605.0,789.0,600.0,665.044,4249.581164400012
2017-11-30T00:00:00Z,DASHUSD,671.0,815.0,657.942,779.852,4722.580321160008
2017-12-01T00:00:00Z,DASHUSD,779.0,799.605,685.001,785.85,2835.649867050002
2017-12-02T00:00:00Z,DASHUSD,788.019,797.0,753.0,764.1,966.7308261999985
2017-12-03T00:00:00Z,DASHUSD,766.0,810.0,755.0,771.085,1818.3513904900012
2017-12-04T00:00:00Z,DASHUSD,780.89,791.778,756.01,769.29,1104.0845498199994
2017-12-05T00:00:00Z,DASHUSD,769.29,774.989,750.001,750.001,1026.782044859999
2017-12-06T00:00:00Z,DASHUSD,760.17,766.0,662.001,689.999,2200.5820713900052
2017-12-07T00:00:00Z,DASHUSD,689.999,750.0,661.5,669.146,1784.5484817000001
2017-12-08T00:00:00Z,DASHUSD,670.0,782.0,653.1,722.775,2326.083237189997
2017-12-09T00:00:00Z,DASHUSD,722.0,768.0,701.01,717.009,1467.4491424899973
2017-12-10T00:00:00Z,DASHUSD,717.009,739.0,651.0,691.628,2476.1753834399988
2017-12-11T00:00:00Z,DASHUSD,691.628,789.0,685.891,755.0,2201.444489979999
2017-12-12T00:00:00Z,DASHUSD,753.4,904.0,736.78,857.0,2785.361902350008
2017-12-13T00:00:00Z,DASHUSD,856.996,909.88,790.0,866.652,1909.7113715200005
2017-12-14T00:00:00Z,DASHUSD,864.183,945.0,840.0,924.868,3012.372232659995
2017-12-15T00:00:00Z,DASHUSD,916.129,925.171,831.758,886.0,1211.9484604500012
2017-12-16T00:00:00Z,DASHUSD,890.0,989.0,885.0,989.0,1277.78035064
2017-12-17T00:00:00Z,DASHUSD,989.0,1250.0,952.767,1080.0,2960.1236953099983
2017-12-18T00:00:00Z,DASHUSD,1080.0,1170.0,1020.1,1139.54,1412.8391900000022
2017-12-19T00:00:00Z,DASHUSD,1139.283,1249.0,1000.0,1150.03,2187.5328886999937
2017-12-20T00:00:00Z,DASHUSD,1157.834,1625.0,1050.001,1524.0,4158.27068199998
2017-12-21T00:00:00Z,DASHUSD,1527.998,1600.0,1220.6,1306.093,2359.5166530200027
2017-12-22T00:00:00Z,DASHUSD,1332.681,1420.0,875.0,1299.95,4953.714675289961
2017-12-23T00:00:00Z,DASHUSD,1294.851,1298.9,1100.213,1179.032,1546.558560070002
2017-12-24T00:00:00Z,DASHUSD,1198.95,1202.779,1001.048,1123.04,1394.114828279997
2017-12-25T00:00:00Z,DASHUSD,1126.85,1193.7,1082.297,1121.0,865.6141980999997
2017-12-26T00:00:00Z,DASHUSD,1133.074,1193.999,1121.372,1173.79,557.5196046200001
2017-12-27T00:00:00Z,DASHUSD,1185.872,1219.939,1120.877,1132.214,803.1988359999984
2017-12-28T00:00:00Z,DASHUSD,1140.7,1189.999,1007.631,1109.293,1117.4798917299963
2017-12-29T00:00:00Z,DASHUSD,1112.553,1150.0,1022.141,1091.29,1280.5992349600021
2017-12-30T00:00:00Z,DASHUSD,1086.805,1086.805,905.101,964.025,1176.1233412599986
2017-12-31T00:00:00Z,DASHUSD,961.843,1069.999,930.351,1027.191,782.082222440001
2018-01-01T00:00:00Z,DASHUSD,1027.191,1058.839,983.663,1035.0,1287.9945840500006
2018-01-02T00:00:00Z,DASHUSD,1036.0,1210.0,1036.0,1160.0,1040.7047244800015
2018-01-03T00:00:00Z,DASHUSD,1168.0,1200.0,1104.379,1134.11,1267.8612019799998
2018-01-04T00:00:00Z,DASHUSD,1134.133,1250.0,987.501,1130.239,2140.7280478399957
2018-01-05T00:00:00Z,DASHUSD,1130.239,1171.549,1020.001,1054.499,1614.3012403
2018-01-06T00:00:00Z,DASHUSD,1054.498,1192.0,1053.482,1150.243,651.2460409299995
2018-01-07T00:00:00Z,DASHUSD,1150.244,1250.0,1142.623,1151.412,1298.1673137899982
2018-01-08T00:00:00Z,DASHUSD,1150.229,1167.627,976.0,1080.202,1409.2771088499999
2018-01-09T00:00:00Z,DASHUSD,1083.683,1137.696,1041.001,1090.1,1041.6315031099984
2018-01-10T00:00:00Z,DASHUSD,1095.728,1108.559,1014.84,1099.0,1067.10399944
2018-01-11T00:00:00Z,DASHUSD,1098.999,1100.0,950.0,997.0,427.7229043399992
2018-01-13T00:00:00Z,DASHUSD,997.0,1400.0,980.0,1073.091,3955.1101173200186
2018-01-14T00:00:00Z,DASHUSD,1055.29,1087.818,980.0,999.784,4426.566140620001
2018-01-15T00:00:00Z,DASHUSD,999.784,1030.001,927.236,927.236,2710.108276870042
2018-01-16T00:00:00Z,DASHUSD,931.001,998.799,640.0,767.75,8667.150710559958
2018-01-17T00:00:00Z,DASHUSD,767.73,848.312,611.001,799.159,5647.154397850062
2018-01-18T00:00:00Z,DASHUSD,799.179,949.0,759.301,836.299,3527.684140369995
2018-01-19T00:00:00Z,DASHUSD,830.001,877.313,805.0,847.5,1772.6660657799803
2018-01-20T00:00:00Z,DASHUSD,854.738,960.0,845.234,921.91,1572.9928830899917
2018-01-21T00:00:00Z,DASHUSD,925.97,929.138,791.512,810.961,1234.1645500399982
2018-01-22T00:00:00Z,DASHUSD,822.52,845.0,700.7,759.483,2399.6183654399724
2018-01-23T00:00:00Z,DASHUSD,761.222,799.999,685.98,759.0,1982.2205389799942
2018-01-24T00:00:00Z,DASHUSD,766.023,792.792,729.27,785.0,927.7563787999994
2018-01-25T00:00:00Z,DASHUSD,789.843,825.0,777.88,793.84,1148.3024394399952
2018-01-26T00:00:00Z,DASHUSD,790.02,814.069,737.191,778.151,1126.9410714499986
2018-01-27T00:00:00Z,DASHUSD,779.87,786.59,750.0,770.018,859.7664514899997
2018-01-28T00:00:00Z,DASHUSD,773.605,810.0,759.41,807.03,1522.0692043799902
2018-01-29T00:00:00Z,DASHUSD,807.03,808.87,745.0,758.141,827.541258489999
2018-01-30T00:00:00Z,DASHUSD,763.742,779.599,660.368,664.03,1959.8212463899795
2018-01-31T00:00:00Z,DASHUSD,667.855,696.93,642.593,689.5,1741.7556670799834
2018-02-01T00:00:00Z,DASHUSD,689.5,700.0,562.48,609.923,2277.606331189988
2018-02-02T00:00:00Z,DASHUSD,610.128,610.133,430.0,590.427,4662.745221750042
2018-02-03T00:00:00Z,DASHUSD,586.855,650.0,525.94,626.88,1055.27032361
2018-02-04T00:00:00Z,DASHUSD,631.681,648.908,525.041,538.027,1381.8749381399973
2018-02-05T00:00:00Z,DASHUSD,539.873,552.161,420.41,444.984,4141.331500689891
2018-02-06T00:00:00Z,DASHUSD,444.963,540.33,376.047,526.579,4837.420818969985
2018-02-07T00:00:00Z,DASHUSD,520.867,590.0,484.421,517.913,2227.0676827900065
2018-02-08T00:00:00Z,DASHUSD,516.99,609.27,515.211,601.271,2074.401440919966
2018-02-09T00:00:00Z,DASHUSD,600.161,642.955,572.0,636.1,2351.390292150007
2018-02-10T00:00:00Z,DASHUSD,635.15,670.74,599.648,632.117,1257.9846962200015
2018-02-11T00:00:00Z,DASHUSD,628.917,628.917,556.498,576.639,685.8279522399997
2018-02-12T00:00:00Z,DASHUSD,581.108,626.0,580.107,618.999,741.2601359999998
2018-02-13T00:00:00Z,DASHUSD,617.1,623.19,580.0,592.765,396.44091583000034
2018-02-14T00:00:00Z,DASHUSD,591.298,688.797,591.298,681.899,1717.0564008999966
2018-02-15T00:00:00Z,DASHUSD,679.011,708.467,659.941,696.398,1049.219553470001
2018-02-16T00:00:00Z,DASHUSD,697.125,722.915,675.5,694.723,571.3783839299994
2018-02-17T00:00:00Z,DASHUSD,694.722,749.413,688.572,738.181,555.1316771499992
2018-02-18T00:00:00Z,DASHUSD,736.26,747.169,669.329,689.35,1139.4562580600016
2018-02-19T00:00:00Z,DASHUSD,685.893,732.578,685.893,728.509,540.7715861799999
2018-02-20T00:00:00Z,DASHUSD,731.649,737.46,675.0,675.52,1028.9917854899966
2018-02-21T00:00:00Z,DASHUSD,679.618,720.4,656.92,656.92,1117.4703195599936
2018-02-22T00:00:00Z,DASHUSD,661.539,680.77,590.367,624.605,4560.009821009989
2018-02-23T00:00:00Z,DASHUSD,625.0,650.18,601.201,630.6,698.0854619299998
2018-02-24T00:00:00Z,DASHUSD,629.669,640.255,570.68,590.37,814.7249657799989
2018-02-25T00:00:00Z,DASHUSD,586.791,600.7,576.305,590.54,358.89919395999914
2018-02-26T00:00:00Z,DASHUSD,590.54,628.889,577.668,620.0,361.71471148999944
2018-02-27T00:00:00Z,DASHUSD,621.0,651.999,604.88,605.529,549.8296353299991
2018-02-28T00:00:00Z,DASHUSD,609.399,621.799,578.411,582.368,1072.545006840001
2018-03-01T00:00:00Z,DASHUSD,580.0,624.89,579.5,619.0,631.2333493999996
2018-03-02T00:00:00Z,DASHUSD,618.996,621.188,595.0,599.29,387.3591404799998
2018-03-03T00:00:00Z,DASHUSD,604.899,615.8,594.78,608.693,457.74301912999977
2018-03-04T00:00:00Z,DASHUSD,607.91,622.52,593.001,622.52,846.9102991200006
2018-03-05T00:00:00Z,DASHUSD,618.98,623.75,603.003,613.0,1060.2619350699988
2018-03-06T00:00:00Z,DASHUSD,607.251,607.251,561.412,578.1,1124.152429569997
2018-03-07T00:00:00Z,DASHUSD,577.9,584.301,500.175,510.0,1864.208656769997
2018-03-08T00:00:00Z,DASHUSD,509.989,533.52,480.01,492.279,2455.3610222199995
2018-03-09T00:00:00Z,DASHUSD,490.98,500.0,438.8,499.699,2478.818197500003
2018-03-10T00:00:00Z,DASHUSD,495.37,530.191,472.0,484.259,1102.8539337500001
2018-03-11T00:00:00Z,DASHUSD,480.362,548.0,465.56,527.704,913.8550315099994
2018-03-12T00:00:00Z,DASHUSD,529.717,548.0,481.0,495.86,999.79487534
2018-03-13T00:00:00Z,DASHUSD,497.41,513.039,476.9,484.199,688.8684834099996
2018-03-14T00:00:00Z,DASHUSD,489.073,493.0,413.138,421.66,1234.2831525900012
2018-03-15T00:00:00Z,DASHUSD,424.491,433.088,389.1,416.0,1136.90839404
2018-03-16T00:00:00Z,DASHUSD,416.756,433.273,371.202,424.64,1587.5173800700047
2018-03-17T00:00:00Z,DASHUSD,424.58,428.376,314.9,384.128,2216.4934156500053
2018-03-18T00:00:00Z,DASHUSD,387.01,395.49,315.0,393.051,2956.2050082000087
2018-03-19T00:00:00Z,DASHUSD,395.267,410.0,367.12,409.447,1787.7968064100032
2018-03-20T00:00:00Z,DASHUSD,410.611,443.959,395.3,426.302,2189.419671489996
2018-03-21T00:00:00Z,DASHUSD,427.77,451.85,420.793,432.312,2082.3001786300024
2018-03-22T00:00:00Z,DASHUSD,434.114,439.3,394.436,409.794,1286.532795439999
2018-03-23T00:00:00Z,DASHUSD,410.67,434.018,390.8,434.018,817.1911119799993
2018-03-24T00:00:00Z,DASHUSD,432.6,460.0,420.013,420.013,1237.5952369900003
2018-03-25T00:00:00Z,DASHUSD,418.966,424.14,407.46,410.643,1518.7760272400005
2018-03-26T00:00:00Z,DASHUSD,409.391,412.92,370.0,389.572,1150.1631592200004
2018-03-27T00:00:00Z,DASHUSD,389.801,392.05,350.871,352.912,1589.2126367400003
2018-03-28T00:00:00Z,DASHUSD,351.18,367.39,345.602,349.597,1362.352567780001
2018-03-29T00:00:00Z,DASHUSD,349.597,350.56,315.195,325.663,2371.9213532400017
2018-03-30T00:00:00Z,DASHUSD,327.9,331.21,300.001,307.81,6422.2981832499945
2018-03-31T00:00:00Z,DASHUSD,310.386,327.209,300.19,303.719,701.5819727899998
2018-04-01T00:00:00Z,DASHUSD,303.809,310.2,283.16,290.502,916.1052526699991
2018-04-02T00:00:00Z,DASHUSD,291.197,312.0,287.182,311.35,731.8996747999997
2018-04-03T00:00:00Z,DASHUSD,313.798,409.901,310.511,340.5,2320.737942910002
2018-04-04T00:00:00Z,DASHUSD,339.59,340.0,295.0,298.6,1029.5824145
2018-04-05T00:00:00Z,DASHUSD,298.001,303.5,287.348,299.7,701.9656263900007
2018-04-06T00:00:00Z,DASHUSD,299.49,302.35,282.109,284.05,1081.7248337099995
2018-04-07T00:00:00Z,DASHUSD,284.96,309.31,284.96,296.116,955.9572913999991
2018-04-08T00:00:00Z,DASHUSD,296.116,314.94,296.116,309.388,314.69022959000006
2018-04-09T00:00:00Z,DASHUSD,313.87,323.1,292.321,297.029,1024.49124827
2018-04-10T00:00:00Z,DASHUSD,300.1,301.319,290.7,297.799,1088.5185057600017
2018-04-11T00:00:00Z,DASHUSD,300.0,310.74,295.893,310.74,705.0542084499998
2018-04-12T00:00:00Z,DASHUSD,309.899,357.0,304.3,357.0,3260.8316076400015
2018-04-13T00:00:00Z,DASHUSD,357.0,391.968,344.8,351.524,2305.5382558900005
2018-04-14T00:00:00Z,DASHUSD,351.803,380.159,350.4,356.902,764.684774329998
2018-04-15T00:00:00Z,DASHUSD,359.466,388.23,359.466,381.478,509.25585496999935
2018-04-16T00:00:00Z,DASHUSD,384.52,384.52,352.91,364.919,823.4564999999997
2018-04-17T00:00:00Z,DASHUSD,364.5,378.58,359.833,365.0,628.3628959099997
2018-04-18T00:00:00Z,DASHUSD,364.79,424.96,362.62,424.96,2422.8197990499957
2018-04-19T00:00:00Z,DASHUSD,422.683,436.4,408.893,429.901,1391.432771479993
2018-04-20T00:00:00Z,DASHUSD,433.99,465.0,425.183,463.8,1651.4969264299898
2018-04-21T00:00:00Z,DASHUSD,463.8,463.801,424.721,444.737,814.0628048299982
2018-04-22T00:00:00Z,DASHUSD,447.711,482.025,440.001,470.669,1637.0832460399945
2018-04-23T00:00:00Z,DASHUSD,470.797,527.102,461.9,505.347,1397.7184116399978
2018-04-24T00:00:00Z,DASHUSD,506.436,547.967,506.436,528.93,2564.0269143800065
2018-04-25T00:00:00Z,DASHUSD,526.999,527.0,448.18,462.499,2826.8753068100204
2018-04-26T00:00:00Z,DASHUSD,462.499,505.0,447.223,505.0,1462.7652636599953
2018-04-27T00:00:00Z,DASHUSD,505.0,506.989,470.0,470.0,1271.6719819999978
2018-04-28T00:00:00Z,DASHUSD,470.0,504.643,470.0,498.653,1064.6358112899968
2018-04-29T00:00:00Z,DASHUSD,498.86,509.9,477.94,499.703,367.9528105899997
2018-04-30T00:00:00Z,DASHUSD,497.74,501.259,471.341,473.475,636.921403229999
2018-05-01T00:00:00Z,DASHUSD,473.475,484.628,452.105,478.8,609.952249529998
2018-05-02T00:00:00Z,DASHUSD,477.4,488.0,465.101,488.0,686.4568821999995
2018-05-03T00:00:00Z,DASHUSD,488.159,514.899,481.9,504.619,2104.0397309499986
2018-05-04T00:00:00Z,DASHUSD,499.441,500.9,476.401,483.564,1048.6966263999975
2018-05-05T00:00:00Z,DASHUSD,485.582,511.329,485.582,509.286,589.9928183799996
2018-05-06T00:00:00Z,DASHUSD,505.107,520.8,476.901,484.098,837.0397976099952
2018-05-07T00:00:00Z,DASHUSD,484.878,484.985,444.372,455.6,946.3049876299972
2018-05-08T00:00:00Z,DASHUSD,456.669,467.799,435.736,441.702,451.2737512099986
2018-05-09T00:00:00Z,DASHUSD,440.0,447.199,411.003,442.2,331.0675349600002
2018-05-10T00:00:00Z,DASHUSD,444.099,462.799,417.405,417.405,659.8587898999999
2018-05-11T00:00:00Z,DASHUSD,415.813,433.84,384.717,391.299,1430.0486952299993
2018-05-12T00:00:00Z,DASHUSD,391.899,407.73,375.901,403.395,604.32341508
2018-05-13T00:00:00Z,DASHUSD,406.383,420.1,393.999,416.878,326.20227164999983
2018-05-14T00:00:00Z,DASHUSD,416.874,453.511,386.2,432.597,959.7666616199983
2018-05-15T00:00:00Z,DASHUSD,432.857,454.892,422.201,426.101,904.1991931700005
2018-05-16T00:00:00Z,DASHUSD,426.399,426.399,395.101,412.5,681.33090516
2018-05-17T00:00:00Z,DASHUSD,414.497,418.899,383.001,387.899,470.8590530899999
2018-05-18T00:00:00Z,DASHUSD,386.996,395.6,373.0,393.049,897.9102784900006
2018-05-19T00:00:00Z,DASHUSD,395.582,403.3,383.357,384.0,336.92509677999993
2018-05-20T00:00:00Z,DASHUSD,385.788,404.5,382.501,400.992,258.41210668000014
2018-05-21T00:00:00Z,DASHUSD,403.496,403.496,382.219,382.219,520.2486049799998
2018-05-22T00:00:00Z,DASHUSD,380.302,382.904,355.2,356.319,753.0535881899995
2018-05-23T00:00:00Z,DASHUSD,358.396,358.599,328.237,339.932,2301.132262489998
2018-05-24T00:00:00Z,DASHUSD,339.269,349.969,325.0,344.398,1072.36062159
2018-05-25T00:00:00Z,DASHUSD,343.008,346.55,327.633,337.196,666.6856774400003
2018-05-26T00:00:00Z,DASHUSD,337.699,338.199,322.06,322.06,178.46411390000003
2018-05-27T00:00:00Z,DASHUSD,320.0,320.6,311.8,314.3,185.42140042999995
2018-05-28T00:00:00Z,DASHUSD,314.3,320.499,285.0,285.0,1094.0337160799997
2018-05-29T00:00:00Z,DASHUSD,285.001,321.198,283.208,315.5,2173.579814800002
2018-05-30T00:00:00Z,DASHUSD,318.0,323.599,295.361,302.541,1091.5724424499995
2018-05-31T00:00:00Z,DASHUSD,301.151,315.188,298.2,304.394,686.1684640699998
2018-06-01T00:00:00Z,DASHUSD,305.4,316.098,300.261,316.098,363.3398629200004
2018-06-02T00:00:00Z,DASHUSD,315.666,327.05,309.722,321.483,682.87421396
2018-06-03T00:00:00Z,DASHUSD,321.48,336.583,321.48,331.478,359.9996252200001
2018-06-04T00:00:00Z,DASHUSD,332.69,334.327,310.599,317.999,431.23680101000014
2018-06-05T00:00:00Z,DASHUSD,317.011,321.5,306.202,317.75,562.5589608600003
2018-06-06T00:00:00Z,DASHUSD,317.751,318.92,308.0,315.292,349.54080397
2018-06-07T00:00:00Z,DASHUSD,314.657,318.0,312.308,312.308,192.55706050000006
2018-06-08T00:00:00Z,DASHUSD,314.618,316.423,300.0,312.0,809.29925778
2018-06-09T00:00:00Z,DASHUSD,312.1,312.695,296.503,296.503,575.6379845300002
2018-06-10T00:00:00Z,DASHUSD,295.5,295.699,267.322,268.606,818.60397876
2018-06-11T00:00:00Z,DASHUSD,268.278,278.098,258.93,270.98,473.5188770800002
2018-06-12T00:00:00Z,DASHUSD,271.703,276.0,257.234,257.234,480.67177491000024
2018-06-13T00:00:00Z,DASHUSD,260.166,264.199,238.851,244.717,1405.3993629000006
2018-06-14T00:00:00Z,DASHUSD,245.397,273.593,243.859,267.853,1076.1927691299993
2018-06-15T00:00:00Z,DASHUSD,268.409,272.409,253.537,254.04,1004.1147477399995
2018-06-16T00:00:00Z,DASHUSD,254.603,269.0,254.6,266.055,287.2017217400002
2018-06-17T00:00:00Z,DASHUSD,266.055,270.651,261.306,264.8,795.4921971599997
2018-06-18T00:00:00Z,DASHUSD,264.8,267.262,250.8,264.894,472.22929297
2018-06-19T00:00:00Z,DASHUSD,267.449,271.542,257.299,259.746,303.8189533500001
2018-06-20T00:00:00Z,DASHUSD,260.454,267.359,252.708,265.7,1059.4194517999997
2018-06-21T00:00:00Z,DASHUSD,267.873,268.516,258.919,261.254,152.38183019000002
2018-06-22T00:00:00Z,DASHUSD,259.73,259.73,231.732,235.234,1100.2035771099982
2018-06-23T00:00:00Z,DASHUSD,236.0,247.696,236.0,243.139,549.2963304499995
2018-06-24T00:00:00Z,DASHUSD,243.139,243.439,225.001,237.441,1359.5436013999974
2018-06-25T00:00:00Z,DASHUSD,237.14,245.782,235.412,240.804,1061.1096793799995
2018-06-26T00:00:00Z,DASHUSD,240.777,241.522,227.032,229.53,664.0944927999997
2018-06-27T00:00:00Z,DASHUSD,228.8,230.6,223.17,230.236,1159.9055385699994
2018-06-28T00:00:00Z,DASHUSD,229.931,229.931,217.181,217.181,412.9922774000001
2018-06-29T00:00:00Z,DASHUSD,219.381,238.815,217.0,235.259,376.4561857900002
2018-06-30T00:00:00Z,DASHUSD,235.908,246.0,231.034,239.024,1603.8581107499997
2018-07-01T00:00:00Z,DASHUSD,239.9,240.23,224.007,234.759,3211.770576760002
2018-07-02T00:00:00Z,DASHUSD,234.9,253.0,234.9,249.998,1298.44791368
2018-07-03T00:00:00Z,DASHUSD,250.0,260.082,240.546,240.546,546.4134295399999
2018-07-04T00:00:00Z,DASHUSD,241.338,252.288,229.731,245.091,653.0453147200003
2018-07-05T00:00:00Z,DASHUSD,245.091,250.99,237.659,239.73,306.19537483999983
2018-07-06T00:00:00Z,DASHUSD,242.049,242.049,235.017,238.552,607.0012246599996
2018-07-07T00:00:00Z,DASHUSD,242.979,247.322,235.695,246.01,404.28989774000036
2018-07-08T00:00:00Z,DASHUSD,248.48,248.801,240.951,242.933,781.3247718100004
2018-07-09T00:00:00Z,DASHUSD,241.205,244.5,228.666,230.696,410.25745922000004
2018-07-10T00:00:00Z,DASHUSD,229.53,231.419,219.55,220.23,672.4482560700001
2018-07-11T00:00:00Z,DASHUSD,222.139,225.0,215.026,215.111,306.31019419
2018-07-12T00:00:00Z,DASHUSD,218.161,218.161,206.63,210.7,5276.593942249997
2018-07-13T00:00:00Z,DASHUSD,213.796,240.181,213.796,220.94,3013.4993822599945
2018-07-14T00:00:00Z,DASHUSD,217.562,225.446,215.102,222.925,583.25072444
2018-07-15T00:00:00Z,DASHUSD,221.169,233.344,220.158,230.579,239.08765731999995
2018-07-16T00:00:00Z,DASHUSD,230.774,249.621,227.331,246.85,1689.8065534599991
2018-07-17T00:00:00Z,DASHUSD,245.155,265.234,238.547,260.664,2139.284433879999
2018-07-18T00:00:00Z,DASHUSD,260.666,272.6,259.191,266.806,2268.4668267200045
2018-07-19T00:00:00Z,DASHUSD,266.84,297.0,255.005,261.0,1554.4731078399925
2018-07-20T00:00:00Z,DASHUSD,261.079,288.933,241.7,243.219,3886.9335556000124
2018-07-21T00:00:00Z,DASHUSD,241.7,256.69,236.993,255.443,1421.3527754099978
2018-07-22T00:00:00Z,DASHUSD,253.661,260.91,246.311,249.613,815.59109924
2018-07-23T00:00:00Z,DASHUSD,249.551,258.949,240.0,240.388,2529.721556200006
2018-07-24T00:00:00Z,DASHUSD,241.498,255.0,237.002,252.957,1646.5255175399982
2018-07-25T00:00:00Z,DASHUSD,251.653,255.268,240.0,245.26,513.1821932499998
2018-07-26T00:00:00Z,DASHUSD,244.07,251.249,242.518,242.699,237.56607980000007
2018-07-27T00:00:00Z,DASHUSD,242.699,255.468,233.72,243.829,1852.403577770001
2018-07-28T00:00:00Z,DASHUSD,243.829,245.11,238.1,239.88,531.77809881
2018-07-29T00:00:00Z,DASHUSD,241.368,242.095,237.1,238.0,408.03733724000006
2018-07-30T00:00:00Z,DASHUSD,238.001,240.0,230.74,235.469,525.6151025699997
2018-07-31T00:00:00Z,DASHUSD,235.09,235.09,212.598,217.576,2939.563758999999
2018-08-01T00:00:00Z,DASHUSD,218.793,223.439,212.702,218.73,1774.1453956500004
2018-08-02T00:00:00Z,DASHUSD,219.41,220.782,206.003,210.0,1612.3339430899994
2018-08-03T00:00:00Z,DASHUSD,208.204,213.378,203.0,209.261,1747.0875052600004
2018-08-04T00:00:00Z,DASHUSD,210.667,213.704,200.0,202.72,1680.2556156100002
2018-08-05T00:00:00Z,DASHUSD,201.201,208.048,200.322,205.397,335.26920667
2018-08-06T00:00:00Z,DASHUSD,207.761,212.198,199.128,199.99,458.9053853800003
2018-08-07T00:00:00Z,DASHUSD,200.0,242.0,187.106,187.633,5938.429068860004
2018-08-08T00:00:00Z,DASHUSD,186.0,190.714,170.031,172.007,3125.904023090001
2018-08-09T00:00:00Z,DASHUSD,172.864,191.527,171.953,183.995,1474.7393330799987
2018-08-10T00:00:00Z,DASHUSD,184.545,189.075,166.471,168.065,2374.338473480005
2018-08-11T00:00:00Z,DASHUSD,168.0,171.614,162.49,165.236,1069.819951169997
2018-08-12T00:00:00Z,DASHUSD,163.872,169.989,162.528,167.783,876.9614794699829
2018-08-13T00:00:00Z,DASHUSD,167.716,170.0,143.0,144.072,3494.824203480001
2018-08-14T00:00:00Z,DASHUSD,143.205,143.989,130.024,138.214,3768.613484450006
2018-08-15T00:00:00Z,DASHUSD,138.799,189.996,138.799,152.607,1618.024350909998
2018-08-16T00:00:00Z,DASHUSD,153.533,159.0,148.501,149.504,393.53719907000027
2018-08-17T00:00:00Z,DASHUSD,151.158,167.591,151.158,167.197,1082.2935090500002
2018-08-18T00:00:00Z,DASHUSD,167.6,169.97,145.803,151.701,2174.919752539998
2018-08-19T00:00:00Z,DASHUSD,152.376,169.994,149.487,153.872,891.1806567599998
2018-08-20T00:00:00Z,DASHUSD,156.683,158.042,141.385,141.998,1188.6627186399992
2018-08-21T00:00:00Z,DASHUSD,141.965,145.634,137.0,141.896,1771.9523008799993
2018-08-22T00:00:00Z,DASHUSD,141.818,152.818,135.101,136.776,1246.8073847700011
2018-08-23T00:00:00Z,DASHUSD,136.958,140.999,135.181,140.186,1340.4720701099986
2018-08-24T00:00:00Z,DASHUSD,140.186,146.199,137.65,145.178,603.4487907900004
2018-08-25T00:00:00Z,DASHUSD,145.178,146.299,141.463,145.003,264.29534177000005
2018-08-26T00:00:00Z,DASHUSD,144.719,144.826,137.793,140.521,207.06592002
2018-08-27T00:00:00Z,DASHUSD,141.577,190.434,140.739,182.971,4974.164277039997
2018-08-28T00:00:00Z,DASHUSD,182.87,202.9,171.89,194.447,10726.138390410013
2018-08-29T00:00:00Z,DASHUSD,194.25,200.663,185.601,186.827,1933.891046499999
2018-08-30T00:00:00Z,DASHUSD,186.739,187.295,172.982,184.297,962.6644974100008
2018-08-31T00:00:00Z,DASHUSD,184.677,195.789,182.951,195.1,781.1599332900003
2018-09-01T00:00:00Z,DASHUSD,194.704,224.83,194.704,221.0,1755.9765110399956
2018-09-02T00:00:00Z,DASHUSD,222.7,222.7,205.452,213.498,1735.47823941
2018-09-03T00:00:00Z,DASHUSD,213.8,223.439,204.231,218.33,2953.6394436599994
2018-09-04T00:00:00Z,DASHUSD,216.6,220.885,212.871,216.049,1479.604910189998
2018-09-05T00:00:00Z,DASHUSD,216.69,221.2,171.411,172.051,3395.6798038899988
2018-09-06T00:00:00Z,DASHUSD,173.498,180.893,159.416,180.877,2605.8768695700114
2018-09-07T00:00:00Z,DASHUSD,178.858,192.597,171.0,186.997,1829.9190045199991
2018-09-08T00:00:00Z,DASHUSD,186.382,200.08,182.001,185.618,2027.0132238900007
2018-09-09T00:00:00Z,DASHUSD,186.246,198.676,175.558,193.49,1878.8653772499993
2018-09-10T00:00:00Z,DASHUSD,192.886,206.26,192.886,201.244,1995.3337108699986
2018-09-11T00:00:00Z,DASHUSD,201.974,204.676,180.18,186.0,1066.6180146899999
2018-09-12T00:00:00Z,DASHUSD,186.816,187.698,170.435,185.317,1733.1959287199993
2018-09-13T00:00:00Z,DASHUSD,185.0,201.0,180.695,192.25,1560.8875791300006
2018-09-14T00:00:00Z,DASHUSD,191.201,199.483,185.705,190.138,703.9008982900007
2018-09-15T00:00:00Z,DASHUSD,190.978,194.695,186.846,191.8,384.95985016000014
2018-09-16T00:00:00Z,DASHUSD,190.114,193.388,183.806,192.146,346.36558468999976
2018-09-17T00:00:00Z,DASHUSD,193.487,199.593,178.18,182.904,1456.147747099999
2018-09-18T00:00:00Z,DASHUSD,182.817,192.2,176.241,190.1,1835.4049671799985
2018-09-19T00:00:00Z,DASHUSD,190.1,197.264,170.0,191.399,2266.9973185000053
2018-09-20T00:00:00Z,DASHUSD,191.428,201.848,187.489,199.602,1198.5904546400004
2018-09-21T00:00:00Z,DASHUSD,199.602,212.379,199.602,208.8,2102.391439219994
2018-09-22T00:00:00Z,DASHUSD,209.0,214.009,198.801,205.29,847.2145122199996
2018-09-23T00:00:00Z,DASHUSD,203.252,211.997,202.4,205.772,2290.7910615499986
2018-09-24T00:00:00Z,DASHUSD,203.9,206.03,192.001,197.615,717.186206639998
2018-09-25T00:00:00Z,DASHUSD,196.77,197.4,180.1,190.0,1166.387762569995
2018-09-26T00:00:00Z,DASHUSD,189.148,192.601,182.97,183.615,998.5225786600008
2018-09-27T00:00:00Z,DASHUSD,184.023,197.495,182.8,196.19,1468.620878969998
2018-09-28T00:00:00Z,DASHUSD,195.299,196.134,185.225,187.651,870.4467124199998
2018-09-29T00:00:00Z,DASHUSD,186.088,190.377,183.314,187.386,219.41599130999987
2018-09-30T00:00:00Z,DASHUSD,187.589,190.199,185.1,186.31,413.98917689999996
2018-10-01T00:00:00Z,DASHUSD,187.59,188.366,183.903,186.3,818.5639321699998
2018-10-02T00:00:00Z,DASHUSD,186.3,187.447,178.704,180.899,460.59670899
2018-10-03T00:00:00Z,DASHUSD,180.8,181.024,172.588,176.325,1033.404323929999
2018-10-04T00:00:00Z,DASHUSD,177.049,181.662,176.999,179.565,402.55070588000007
2018-10-05T00:00:00Z,DASHUSD,180.676,183.046,177.455,181.172,587.3349225699995
2018-10-06T00:00:00Z,DASHUSD,181.455,187.38,178.404,179.372,589.5466147800001
2018-10-07T00:00:00Z,DASHUSD,180.565,180.896,176.443,180.495,235.99803755000008
2018-10-08T00:00:00Z,DASHUSD,179.106,182.971,177.087,182.255,621.4239443800003
2018-10-09T00:00:00Z,DASHUSD,181.38,182.176,177.801,179.873,362.1464064300001
2018-10-10T00:00:00Z,DASHUSD,179.583,179.583,174.886,177.012,207.17407237999996
2018-10-11T00:00:00Z,DASHUSD,176.526,176.526,154.007,154.176,1897.9244580199995
2018-10-12T00:00:00Z,DASHUSD,153.411,160.752,150.316,155.347,626.4796962999993
2018-10-13T00:00:00Z,DASHUSD,156.182,159.741,155.418,158.989,529.1278034700001
2018-10-14T00:00:00Z,DASHUSD,159.999,160.001,153.721,153.889,132.15873071000001
2018-10-15T00:00:00Z,DASHUSD,154.713,165.68,152.151,160.704,1995.4782593299997
2018-10-16T00:00:00Z,DASHUSD,160.211,161.457,158.232,160.598,469.9170640700001
2018-10-17T00:00:00Z,DASHUSD,160.59,160.689,155.444,157.308,1386.52808974
2018-10-18T00:00:00Z,DASHUSD,157.127,157.728,150.761,151.843,974.6054015399997
2018-10-19T00:00:00Z,DASHUSD,151.797,152.65,150.624,151.436,330.79727821999995
2018-10-20T00:00:00Z,DASHUSD,151.521,155.049,151.521,152.628,247.77682641
2018-10-21T00:00:00Z,DASHUSD,153.4,154.757,152.266,152.266,178.6013086
2018-10-22T00:00:00Z,DASHUSD,152.769,152.769,150.102,150.683,1005.5479726500001
2018-10-23T00:00:00Z,DASHUSD,151.108,152.462,150.103,151.497,744.527386900002
2018-10-24T00:00:00Z,DASHUSD,152.613,157.904,152.217,154.001,822.6326552100003
2018-10-25T00:00:00Z,DASHUSD,154.001,154.697,153.3,153.3,151.75863209000002
2018-10-26T00:00:00Z,DASHUSD,153.696,154.37,151.348,153.948,357.9207903699999
2018-10-27T00:00:00Z,DASHUSD,154.731,154.884,152.0,152.0,137.96600865000008
2018-10-28T00:00:00Z,DASHUSD,152.148,155.0,152.148,154.601,250.31408711999998
2018-10-29T00:00:00Z,DASHUSD,154.542,154.799,147.606,147.784,596.8272948600002
2018-10-30T00:00:00Z,DASHUSD,149.368,152.691,149.366,152.002,538.2741163
2018-10-31T00:00:00Z,DASHUSD,153.141,158.0,151.32,152.199,961.6371589600006
2018-11-01T00:00:00Z,DASHUSD,151.717,153.78,151.3,153.059,533.6754839299998
2018-11-02T00:00:00Z,DASHUSD,152.885,155.1,152.5,153.971,500.01246644000054
2018-11-03T00:00:00Z,DASHUSD,153.5,155.018,153.308,154.877,389.46448468000006
2018-11-04T00:00:00Z,DASHUSD,153.699,170.889,151.5,164.688,1830.702527889997
2018-11-05T00:00:00Z,DASHUSD,164.838,168.088,160.828,163.7,803.4598997399962
2018-11-06T00:00:00Z,DASHUSD,163.934,173.1,163.673,169.973,1410.6727493199899
2018-11-07T00:00:00Z,DASHUSD,170.05,171.598,163.306,166.0,1062.6183545199926
2018-11-08T00:00:00Z,DASHUSD,166.0,175.0,163.512,163.999,2060.4242433999957
2018-11-09T00:00:00Z,DASHUSD,164.196,164.496,157.565,158.001,1505.0939187199947
2018-11-10T00:00:00Z,DASHUSD,158.001,162.75,157.0,159.501,1285.3803260399986
2018-11-11T00:00:00Z,DASHUSD,159.587,160.262,157.107,158.329,485.56096803999975
2018-11-12T00:00:00Z,DASHUSD,158.989,166.779,158.809,160.4,1121.699117649998
2018-11-13T00:00:00Z,DASHUSD,161.411,162.045,157.158,158.402,886.6422545899984
2018-11-14T00:00:00Z,DASHUSD,158.404,160.805,129.023,140.126,4768.7251635500015
2018-11-15T00:00:00Z,DASHUSD,139.687,141.038,126.174,136.503,3071.8963932100055
2018-11-16T00:00:00Z,DASHUSD,137.057,139.496,133.205,135.223,1361.51083641
2018-11-17T00:00:00Z,DASHUSD,135.64,135.644,129.758,131.299,807.6034474299998
2018-11-18T00:00:00Z,DASHUSD,132.003,134.991,130.0,131.2,919.6818859399992
2018-11-19T00:00:00Z,DASHUSD,131.4,131.4,107.167,107.265,6268.824735240003
2018-11-20T00:00:00Z,DASHUSD,107.265,112.0,95.236,103.032,5927.846688879985
2018-11-21T00:00:00Z,DASHUSD,103.15,113.577,100.609,113.056,2529.825018060003
2018-11-22T00:00:00Z,DASHUSD,112.921,115.269,99.7,99.7,2583.3188944099957
2018-11-23T00:00:00Z,DASHUSD,99.7,100.65,95.209,98.171,4636.523209609993
2018-11-24T00:00:00Z,DASHUSD,98.598,101.97,88.016,90.097,3839.548916729996
2018-11-25T00:00:00Z,DASHUSD,90.104,92.485,80.453,90.058,3943.4357117200016
2018-11-26T00:00:00Z,DASHUSD,90.589,98.0,79.643,88.059,3679.360766519997
2018-11-27T00:00:00Z,DASHUSD,87.878,90.964,83.991,87.94,1215.1527477000009
2018-11-28T00:00:00Z,DASHUSD,88.169,118.4,88.169,97.96,3812.511090280003
2018-11-29T00:00:00Z,DASHUSD,98.81,99.212,92.365,95.565,1088.1900573199994
2018-11-30T00:00:00Z,DASHUSD,95.382,96.952,86.871,90.999,892.5065003700004
2018-12-01T00:00:00Z,DASHUSD,90.703,96.959,89.102,93.829,327.00663803
2018-12-02T00:00:00Z,DASHUSD,93.802,96.136,89.754,91.542,812.3178069699999
2018-12-03T00:00:00Z,DASHUSD,92.0,92.0,81.13,83.373,1343.0721825700007
2018-12-04T00:00:00Z,DASHUSD,83.201,87.868,80.997,83.473,2081.437086989996
2018-12-05T00:00:00Z,DASHUSD,84.099,84.304,76.069,76.55,989.003259530001
2018-12-06T00:00:00Z,DASHUSD,76.802,77.802,57.0,63.5,7972.008561230004
2018-12-07T00:00:00Z,DASHUSD,63.6,67.685,58.102,67.448,13132.508153239969
2018-12-08T00:00:00Z,DASHUSD,68.1,69.4,63.26,67.165,5034.792053890002
2018-12-09T00:00:00Z,DASHUSD,66.917,75.095,66.73,74.65,1179.1602839699995
2018-12-10T00:00:00Z,DASHUSD,74.649,75.99,65.2,66.794,5647.723445329998
2018-12-11T00:00:00Z,DASHUSD,66.791,67.888,61.531,62.014,1146.7607626800002
2018-12-12T00:00:00Z,DASHUSD,62.014,66.25,61.903,63.76,1543.5632377299999
2018-12-13T00:00:00Z,DASHUSD,63.804,63.896,58.768,59.2,4525.773065539996
2018-12-14T00:00:00Z,DASHUSD,59.206,60.353,57.212,57.845,3253.2719620200037
2018-12-15T00:00:00Z,DASHUSD,58.04,64.705,56.214,61.001,1947.4322968200024
2018-12-16T00:00:00Z,DASHUSD,61.441,64.687,60.187,61.855,2481.3636011699955
2018-12-17T00:00:00Z,DASHUSD,62.289,72.699,61.972,70.588,4439.3599760599955
2018-12-18T00:00:00Z,DASHUSD,70.588,73.059,67.096,72.955,1346.8288535299992
2018-12-19T00:00:00Z,DASHUSD,72.703,80.095,72.322,72.397,4033.7106023100014
2018-12-20T00:00:00Z,DASHUSD,72.396,100.201,71.7,96.13,6670.138028879998
2018-12-21T00:00:00Z,DASHUSD,96.152,96.389,82.619,83.731,6652.613102320003
2018-12-22T00:00:00Z,DASHUSD,84.603,92.438,80.65,86.318,4733.101258300003
2018-12-23T00:00:00Z,DASHUSD,86.66,91.107,86.342,87.959,5601.002308160003
2018-12-24T00:00:00Z,DASHUSD,89.5,103.261,89.5,90.097,3394.2421268700045
2018-12-25T00:00:00Z,DASHUSD,90.204,90.204,78.657,82.894,3631.6059801600045
2018-12-26T00:00:00Z,DASHUSD,81.863,86.486,79.45,82.608,1720.0931467400012
2018-12-27T00:00:00Z,DASHUSD,82.8,82.894,73.975,74.781,3265.205292490004
2018-12-28T00:00:00Z,DASHUSD,74.607,85.133,73.516,82.801,4712.715830759997
2018-12-29T00:00:00Z,DASHUSD,83.447,84.52,77.288,77.8,3354.166861989998
2018-12-30T00:00:00Z,DASHUSD,77.648,83.238,77.1,80.854,2098.899948490002
2018-12-31T00:00:00Z,DASHUSD,80.66,82.4,76.365,77.073,1144.1636391999998
2019-01-01T00:00:00Z,DASHUSD,77.635,80.355,76.4,79.823,2261.836825650002
2019-01-02T00:00:00Z,DASHUSD,80.1,84.3,79.322,83.671,1530.1572689600025
2019-01-03T00:00:00Z,DASHUSD,83.636,84.852,78.545,78.97,1576.1256161200008
2019-01-04T00:00:00Z,DASHUSD,78.76,81.83,77.702,79.405,681.6302013300008
2019-01-05T00:00:00Z,DASHUSD,79.405,81.0,78.803,79.273,1657.7521596799995
2019-01-06T00:00:00Z,DASHUSD,79.431,85.6,78.306,84.388,1557.4301510500022
2019-01-07T00:00:00Z,DASHUSD,85.16,85.737,81.483,82.38,2748.1958377699993
2019-01-08T00:00:00Z,DASHUSD,82.767,83.199,79.172,80.137,1663.6564338200012
2019-01-09T00:00:00Z,DASHUSD,80.391,87.149,80.19,85.0,3416.5162643600006
2019-01-10T00:00:00Z,DASHUSD,85.0,85.95,69.752,72.757,2745.5690397699977
2019-01-11T00:00:00Z,DASHUSD,72.218,74.0,70.71,72.1,1182.0219671900006
2019-01-12T00:00:00Z,DASHUSD,72.102,73.102,71.774,72.059,254.85300964000007
2019-01-13T00:00:00Z,DASHUSD,72.37,72.924,67.837,68.92,432.63011775999996
2019-01-14T00:00:00Z,DASHUSD,69.01,73.298,67.206,71.449,2615.993064300001
2019-01-15T00:00:00Z,DASHUSD,71.996,71.996,67.838,69.297,507.07224547000004
2019-01-16T00:00:00Z,DASHUSD,69.175,71.846,69.021,70.443,1294.789384240002
2019-01-17T00:00:00Z,DASHUSD,70.603,71.53,69.248,71.207,882.5915317300002
2019-01-18T00:00:00Z,DASHUSD,71.469,71.469,69.44,70.113,381.7315780399998
2019-01-19T00:00:00Z,DASHUSD,70.26,73.712,69.97,72.699,741.3799422700009
2019-01-20T00:00:00Z,DASHUSD,72.326,72.737,66.661,68.4,546.11302964
2019-01-21T00:00:00Z,DASHUSD,68.588,69.419,67.622,68.603,436.97693271999987
2019-01-22T00:00:00Z,DASHUSD,68.867,71.53,67.233,70.6,670.3232201399998
2019-01-23T00:00:00Z,DASHUSD,70.95,73.583,69.563,70.116,1245.3587360700003
2019-01-24T00:00:00Z,DASHUSD,70.616,73.55,69.93,72.101,833.0520419300004
2019-01-25T00:00:00Z,DASHUSD,72.551,73.502,70.677,72.66,1363.8226518600002
2019-01-26T00:00:00Z,DASHUSD,72.702,73.97,72.279,72.764,398.08236028000016
2019-01-27T00:00:00Z,DASHUSD,72.508,72.688,68.894,70.098,494.60071092999993
2019-01-28T00:00:00Z,DASHUSD,70.033,70.033,65.0,66.68,1449.1077538400002
2019-01-29T00:00:00Z,DASHUSD,67.1,68.125,65.187,66.419,621.1962274600002
2019-01-30T00:00:00Z,DASHUSD,66.67,68.81,65.668,67.941,817.2245135500002
2019-01-31T00:00:00Z,DASHUSD,68.013,68.51,66.238,66.55,1966.52553116
2019-02-01T00:00:00Z,DASHUSD,66.63,66.85,65.322,65.958,1042.5520673000003
2019-02-02T00:00:00Z,DASHUSD,65.8,67.0,65.431,67.0,1620.12844841
2019-02-03T00:00:00Z,DASHUSD,67.042,67.042,64.71,65.896,553.2494293900002
2019-02-04T00:00:00Z,DASHUSD,65.804,66.303,65.254,65.733,600.8394286299997
2019-02-05T00:00:00Z,DASHUSD,65.897,68.0,65.405,67.038,1628.4008869000008
2019-02-06T00:00:00Z,DASHUSD,67.301,67.68,64.3,64.521,3272.56005044
2019-02-07T00:00:00Z,DASHUSD,64.519,66.659,64.427,66.464,233.12933641
2019-02-08T00:00:00Z,DASHUSD,66.446,73.063,65.901,72.481,1876.2004451000005
2019-02-09T00:00:00Z,DASHUSD,72.925,74.244,72.274,72.92,1191.8860565800003
2019-02-10T00:00:00Z,DASHUSD,73.067,74.498,71.399,74.498,703.796966250001
2019-02-11T00:00:00Z,DASHUSD,74.327,80.695,73.201,79.496,3678.9713899900044
2019-02-12T00:00:00Z,DASHUSD,78.83,82.293,77.172,81.19,2713.4809173800004
2019-02-13T00:00:00Z,DASHUSD,81.43,81.811,78.901,79.251,1380.3015468199997
2019-02-14T00:00:00Z,DASHUSD,79.292,79.886,76.105,76.957,1464.181792559999
2019-02-15T00:00:00Z,DASHUSD,76.633,79.0,75.606,77.657,675.1435258200004
2019-02-16T00:00:00Z,DASHUSD,77.657,79.457,77.657,77.8,173.73998956
2019-02-17T00:00:00Z,DASHUSD,77.79,79.457,76.62,78.521,661.52284789
2019-02-18T00:00:00Z,DASHUSD,78.202,86.38,77.971,85.015,1763.4560666300004
2019-02-19T00:00:00Z,DASHUSD,85.052,88.956,85.023,86.603,896.7740939100023
2019-02-20T00:00:00Z,DASHUSD,86.208,87.102,83.04,86.003,2774.6398281599986
2019-02-21T00:00:00Z,DASHUSD,85.9,87.782,82.213,83.693,1532.304811640001
2019-02-22T00:00:00Z,DASHUSD,83.602,85.552,82.94,85.238,282.9238537799995
2019-02-23T00:00:00Z,DASHUSD,84.572,90.0,83.67,88.718,1612.241804560001
2019-02-24T00:00:00Z,DASHUSD,89.125,92.774,77.047,79.462,3742.4274466800016
2019-02-25T00:00:00Z,DASHUSD,79.198,83.257,78.923,81.835,542.7436531600001
2019-02-26T00:00:00Z,DASHUSD,81.705,82.006,79.478,81.4,1022.7002637499999
2019-02-27T00:00:00Z,DASHUSD,81.013,81.056,76.7,80.199,1891.7232606599996
2019-02-28T00:00:00Z,DASHUSD,79.847,83.2,79.706,80.96,1697.5204676700007
2019-03-01T00:00:00Z,DASHUSD,82.155,83.213,81.844,81.901,569.45326462
2019-03-02T00:00:00Z,DASHUSD,82.16,82.744,80.395,81.632,195.49379613
2019-03-03T00:00:00Z,DASHUSD,82.176,82.481,78.387,79.622,695.3165948899998
2019-03-04T00:00:00Z,DASHUSD,79.853,80.363,76.788,77.544,1109.60171076
2019-03-05T00:00:00Z,DASHUSD,77.4,82.869,77.364,81.567,1198.8540881300003
2019-03-06T00:00:00Z,DASHUSD,82.052,82.738,80.005,82.5,1361.4256357499994
2019-03-07T00:00:00Z,DASHUSD,82.627,83.265,81.4,81.76,1185.9890026100004
2019-03-08T00:00:00Z,DASHUSD,81.851,82.149,77.9,78.6,1006.5874882000002
2019-03-09T00:00:00Z,DASHUSD,78.991,83.162,78.991,82.512,517.2060609899994
2019-03-10T00:00:00Z,DASHUSD,82.518,82.525,80.026,82.29,217.63890115
2019-03-11T00:00:00Z,DASHUSD,82.38,82.505,78.916,82.505,1173.4842316099996
2019-03-12T00:00:00Z,DASHUSD,82.44,91.461,80.896,90.624,5575.540000949991
2019-03-13T00:00:00Z,DASHUSD,90.889,92.847,88.603,89.999,1598.4865113899966
2019-03-14T00:00:00Z,DASHUSD,89.711,89.711,86.7,88.4,1804.0276774699998
2019-03-15T00:00:00Z,DASHUSD,88.4,90.4,88.306,88.901,748.5808157299997
2019-03-16T00:00:00Z,DASHUSD,88.9,92.099,88.9,91.21,715.0443388999993
2019-03-17T00:00:00Z,DASHUSD,91.21,92.557,89.3,92.049,1616.4211816300017
2019-03-18T00:00:00Z,DASHUSD,92.0,94.272,90.015,90.493,2103.7621048400006
2019-03-19T00:00:00Z,DASHUSD,90.5,91.691,89.502,90.129,1460.1776372200002
2019-03-20T00:00:00Z,DASHUSD,90.209,93.403,89.359,92.286,660.4716886400008
2019-03-21T00:00:00Z,DASHUSD,92.018,92.57,88.103,89.375,1724.9722468999994
2019-03-22T00:00:00Z,DASHUSD,89.243,91.882,88.915,90.3,529.0395587500001
2019-03-23T00:00:00Z,DASHUSD,90.156,91.382,89.704,91.382,1167.1220462800004
2019-03-24T00:00:00Z,DASHUSD,91.259,91.955,90.364,91.272,528.7947396000002
2019-03-25T00:00:00Z,DASHUSD,90.913,91.504,86.994,88.749,894.0995180199989
2019-03-26T00:00:00Z,DASHUSD,88.302,88.692,87.111,87.9,350.1772728799999
2019-03-27T00:00:00Z,DASHUSD,88.399,95.13,88.303,93.871,3265.9287924799996
2019-03-28T00:00:00Z,DASHUSD,93.11,96.443,92.251,95.213,1765.4274766399992
2019-03-29T00:00:00Z,DASHUSD,95.468,97.994,95.466,97.956,1242.5970472099984
2019-03-30T00:00:00Z,DASHUSD,97.991,100.4,95.315,99.908,1020.3356900000002
2019-03-31T00:00:00Z,DASHUSD,100.412,110.56,99.303,110.2,3678.3546902900025
2019-04-01T00:00:00Z,DASHUSD,110.2,119.698,108.0,113.09,6715.476931359986
2019-04-02T00:00:00Z,DASHUSD,113.09,126.215,111.351,124.111,6317.8481081799855
2019-04-03T00:00:00Z,DASHUSD,124.498,140.1,119.003,124.51,13358.618530889935
2019-04-04T00:00:00Z,DASHUSD,123.468,132.27,119.3,122.6,6886.206460700015
2019-04-05T00:00:00Z,DASHUSD,124.0,133.881,123.941,132.463,2252.2433093600002
2019-04-06T00:00:00Z,DASHUSD,133.464,137.25,126.211,131.373,1956.3643202199974
2019-04-07T00:00:00Z,DASHUSD,130.696,135.712,130.346,135.5,1601.8208403699991
2019-04-08T00:00:00Z,DASHUSD,135.712,138.709,131.551,136.956,1736.7306299099996
2019-04-09T00:00:00Z,DASHUSD,136.0,136.874,130.293,131.998,2214.7809065899987
2019-04-10T00:00:00Z,DASHUSD,131.918,134.154,105.0,129.853,1299.1238640099962
2019-04-11T00:00:00Z,DASHUSD,129.409,129.605,114.432,122.5,3525.3530622400035
2019-04-12T00:00:00Z,DASHUSD,123.088,123.088,115.062,119.129,2842.2238783899975
2019-04-13T00:00:00Z,DASHUSD,118.963,120.541,118.214,118.903,674.6150965100004
2019-04-14T00:00:00Z,DASHUSD,119.103,123.423,118.308,122.7,2336.2774807200003
2019-04-15T00:00:00Z,DASHUSD,122.441,124.206,114.875,118.42,1260.9811695300007
2019-04-16T00:00:00Z,DASHUSD,118.301,121.55,116.356,121.01,1570.0979441499999
2019-04-17T00:00:00Z,DASHUSD,121.139,122.667,118.205,120.385,1847.9866606100009
2019-04-18T00:00:00Z,DASHUSD,120.389,126.094,120.201,124.368,1305.7253247799995
2019-04-19T00:00:00Z,DASHUSD,124.164,124.281,121.0,122.615,589.52585168
2019-04-20T00:00:00Z,DASHUSD,122.884,125.094,121.9,123.279,270.7001441999996
2019-04-21T00:00:00Z,DASHUSD,123.641,124.498,118.168,121.688,427.7510441800001
2019-04-22T00:00:00Z,DASHUSD,121.518,123.697,120.111,122.633,473.13970799
2019-04-23T00:00:00Z,DASHUSD,122.016,126.099,118.385,118.4,1796.2798178499988
2019-04-24T00:00:00Z,DASHUSD,118.159,121.325,111.578,115.335,2704.587603319998
2019-04-25T00:00:00Z,DASHUSD,115.34,118.34,105.0,106.736,4568.165225549996
2019-04-26T00:00:00Z,DASHUSD,106.799,109.975,103.48,106.614,2668.828208310001
2019-04-27T00:00:00Z,DASHUSD,107.377,110.99,105.999,107.172,1465.1412382499998
2019-04-28T00:00:00Z,DASHUSD,107.173,108.794,105.9,107.542,241.44490291999992
2019-04-29T00:00:00Z,DASHUSD,108.047,108.386,104.5,105.78,2090.802296090001
2019-04-30T00:00:00Z,DASHUSD,105.821,110.795,105.205,110.1,812.4962251800006
2019-05-01T00:00:00Z,DASHUSD,110.1,118.0,109.52,115.0,1540.9526037300013
2019-05-02T00:00:00Z,DASHUSD,115.05,116.083,113.502,114.976,452.4478555000001
2019-05-03T00:00:00Z,DASHUSD,114.388,120.461,113.6,118.51,2010.2236956200018
2019-05-04T00:00:00Z,DASHUSD,118.9,121.762,115.49,119.34,2959.7229459799973
2019-05-05T00:00:00Z,DASHUSD,119.195,119.382,116.458,117.4,379.22405006000014
2019-05-06T00:00:00Z,DASHUSD,116.801,120.732,115.0,119.115,4087.135230609998
2019-05-07T00:00:00Z,DASHUSD,119.0,122.499,114.66,115.16,3573.183890929997
2019-05-08T00:00:00Z,DASHUSD,115.16,118.037,113.5,116.541,1834.73398527
2019-05-09T00:00:00Z,DASHUSD,116.626,117.632,108.919,111.553,4695.972054850002
2019-05-10T00:00:00Z,DASHUSD,111.9,115.132,110.149,112.233,3498.587237059993
2019-05-11T00:00:00Z,DASHUSD,112.651,126.95,111.601,123.717,11310.143959560097
2019-05-12T00:00:00Z,DASHUSD,123.7,129.259,117.805,124.6,4354.396362820004
2019-05-13T00:00:00Z,DASHUSD,124.137,136.9,124.137,131.68,7867.834050210019
2019-05-14T00:00:00Z,DASHUSD,132.019,143.668,131.643,141.601,6247.142819979996
2019-05-15T00:00:00Z,DASHUSD,141.791,155.845,141.618,154.062,6605.768724790026
2019-05-16T00:00:00Z,DASHUSD,154.386,162.4,144.001,148.509,4543.768114240002
2019-05-17T00:00:00Z,DASHUSD,149.386,150.671,123.897,139.785,4722.495052860005
2019-05-18T00:00:00Z,DASHUSD,139.783,144.499,134.906,141.517,1261.9324626599998
2019-05-19T00:00:00Z,DASHUSD,141.499,177.197,141.499,173.106,3694.860932980001
2019-05-20T00:00:00Z,DASHUSD,173.57,176.623,156.3,168.437,4617.907235769994
2019-05-21T00:00:00Z,DASHUSD,166.645,170.158,160.673,167.276,948.8154373300001
2019-05-22T00:00:00Z,DASHUSD,166.993,168.003,151.112,154.969,2684.2674653799977
2019-05-23T00:00:00Z,DASHUSD,152.974,156.571,145.576,154.011,1421.0395142099994
2019-05-24T00:00:00Z,DASHUSD,154.572,198.889,153.505,156.28,6194.776453519995
2019-05-25T00:00:00Z,DASHUSD,156.306,160.721,154.729,155.783,780.2718810800003
2019-05-26T00:00:00Z,DASHUSD,156.95,165.642,152.193,162.254,2169.1957309899976
2019-05-27T00:00:00Z,DASHUSD,165.3,170.243,162.493,166.5,1297.0860123899995
2019-05-28T00:00:00Z,DASHUSD,167.625,173.0,161.901,169.087,1189.3296120100001
2019-05-29T00:00:00Z,DASHUSD,169.816,175.0,161.001,168.8,1928.6403907700019
2019-05-30T00:00:00Z,DASHUSD,168.335,176.483,152.367,163.591,3378.302119439999
2019-05-31T00:00:00Z,DASHUSD,162.697,166.399,157.307,166.0,2442.5619680599984
2019-06-01T00:00:00Z,DASHUSD,165.999,167.0,161.503,163.245,1098.9950712699995
2019-06-02T00:00:00Z,DASHUSD,163.082,167.708,161.957,165.313,929.8904345000001
2019-06-03T00:00:00Z,DASHUSD,163.798,164.773,135.1,156.346,2650.8246279599957
2019-06-04T00:00:00Z,DASHUSD,154.055,156.694,140.0,143.833,2477.5576612499985
2019-06-05T00:00:00Z,DASHUSD,143.201,149.181,141.931,147.836,2374.485899099997
2019-06-06T00:00:00Z,DASHUSD,146.791,148.488,138.392,143.701,1317.0720142100006
2019-06-07T00:00:00Z,DASHUSD,144.569,152.822,141.701,149.801,4131.205832460003
2019-06-08T00:00:00Z,DASHUSD,149.507,149.642,143.2,146.249,592.68226867
2019-06-09T00:00:00Z,DASHUSD,145.829,145.829,139.5,142.168,875.5750326199994
2019-06-10T00:00:00Z,DASHUSD,140.941,151.11,140.941,150.901,2742.175085589997
2019-06-11T00:00:00Z,DASHUSD,150.901,150.901,143.096,147.5,4984.580094009993
2019-06-12T00:00:00Z,DASHUSD,147.505,158.401,146.803,156.776,1635.8686406200004
2019-06-13T00:00:00Z,DASHUSD,155.905,159.874,153.723,154.152,956.6622947599998
2019-06-14T00:00:00Z,DASHUSD,153.661,154.501,149.576,154.136,1015.7909828500004
2019-06-15T00:00:00Z,DASHUSD,154.399,165.9,153.009,154.853,1122.4949984500001
2019-06-16T00:00:00Z,DASHUSD,155.516,161.426,149.715,157.133,4386.6783609399945
2019-06-17T00:00:00Z,DASHUSD,157.051,160.608,155.475,158.71,941.0527123299989
2019-06-18T00:00:00Z,DASHUSD,158.851,166.034,154.527,158.007,3519.2283345400047
2019-06-19T00:00:00Z,DASHUSD,157.998,162.245,157.632,161.445,736.2569662199987
2019-06-20T00:00:00Z,DASHUSD,161.348,163.447,158.43,161.373,908.8007219599992
2019-06-21T00:00:00Z,DASHUSD,162.1,167.9,161.92,167.43,1123.9614811599981
2019-06-22T00:00:00Z,DASHUSD,167.9,182.5,152.123,176.034,3899.4240230600026
2019-06-23T00:00:00Z,DASHUSD,175.008,179.015,169.391,173.211,847.6842544899987
2019-06-24T00:00:00Z,DASHUSD,172.613,178.5,169.286,175.906,1161.2482905299998
2019-06-25T00:00:00Z,DASHUSD,175.906,180.326,174.003,177.21,1901.6063904399987
2019-06-26T00:00:00Z,DASHUSD,177.327,187.65,161.0,173.745,5156.670855479997
2019-06-27T00:00:00Z,DASHUSD,172.656,175.0,145.923,155.099,4581.588336339996
2019-06-28T00:00:00Z,DASHUSD,155.129,171.115,151.731,169.686,1975.1139444200012
2019-06-29T00:00:00Z,DASHUSD,170.0,170.227,161.92,169.467,692.4491803400002
2019-06-30T00:00:00Z,DASHUSD,170.001,171.3,153.375,155.767,904.2455118900004
2019-07-01T00:00:00Z,DASHUSD,155.26,160.9,145.95,154.47,1745.389935420001
2019-07-02T00:00:00Z,DASHUSD,153.491,154.097,144.703,152.023,1949.577328050001
2019-07-03T00:00:00Z,DASHUSD,152.419,158.374,152.419,157.694,1500.9377244500008
2019-07-04T00:00:00Z,DASHUSD,158.322,162.503,153.146,153.942,867.9487060499995
2019-07-05T00:00:00Z,DASHUSD,154.448,155.937,150.821,154.199,1026.1924906799998
2019-07-06T00:00:00Z,DASHUSD,154.721,158.404,153.328,154.106,386.3317947799999
2019-07-07T00:00:00Z,DASHUSD,153.751,159.685,153.751,157.999,386.0953642300003
2019-07-08T00:00:00Z,DASHUSD,157.999,160.716,156.81,159.198,418.5033338100002
2019-07-09T00:00:00Z,DASHUSD,159.998,162.381,152.041,156.166,2010.1271510599995
2019-07-10T00:00:00Z,DASHUSD,156.032,157.773,143.018,149.918,1151.721210379999
2019-07-11T00:00:00Z,DASHUSD,150.505,150.506,135.0,142.621,1483.1808823599986
2019-07-12T00:00:00Z,DASHUSD,143.594,148.52,141.56,142.962,643.9017461100002
2019-07-13T00:00:00Z,DASHUSD,142.78,144.591,136.311,140.136,1463.8351513100001
2019-07-14T00:00:00Z,DASHUSD,140.38,140.981,124.225,127.81,917.95860092
2019-07-15T00:00:00Z,DASHUSD,126.906,126.906,116.659,121.646,2250.900940110002
2019-07-16T00:00:00Z,DASHUSD,121.404,122.83,91.694,100.094,4157.790728270003
2019-07-17T00:00:00Z,DASHUSD,101.226,158.72,95.708,102.381,3150.0663049599953
2019-07-18T00:00:00Z,DASHUSD,102.788,112.039,99.9,110.747,1723.3002794700003
2019-07-19T00:00:00Z,DASHUSD,110.618,113.854,106.77,112.791,778.9704814000006
2019-07-20T00:00:00Z,DASHUSD,112.325,120.677,112.325,116.48,748.0958505599999
2019-07-21T00:00:00Z,DASHUSD,116.076,119.0,115.86,118.088,398.62715352
2019-07-22T00:00:00Z,DASHUSD,119.0,119.0,112.019,114.117,1310.4337150499991
2019-07-23T00:00:00Z,DASHUSD,114.287,114.313,108.496,109.213,673.4919489400003
2019-07-24T00:00:00Z,DASHUSD,108.605,110.548,106.633,109.532,661.8402008899999
2019-07-25T00:00:00Z,DASHUSD,108.687,116.325,108.687,114.39,705.0854516899994
2019-07-26T00:00:00Z,DASHUSD,114.506,115.323,111.744,115.228,993.4829484800001
2019-07-27T00:00:00Z,DASHUSD,115.126,117.494,108.032,110.908,735.9018568500001
2019-07-28T00:00:00Z,DASHUSD,109.947,111.578,102.414,108.217,704.0531770299999
2019-07-29T00:00:00Z,DASHUSD,107.363,109.638,104.007,105.721,419.53230346000026
2019-07-30T00:00:00Z,DASHUSD,105.715,107.76,103.883,104.974,818.9420940200001
2019-07-31T00:00:00Z,DASHUSD,105.358,108.404,104.649,108.404,3028.58395645
2019-08-01T00:00:00Z,DASHUSD,107.381,107.525,104.777,107.068,708.6469525500004
2019-08-02T00:00:00Z,DASHUSD,107.282,109.139,104.358,104.954,1834.18576706
2019-08-03T00:00:00Z,DASHUSD,104.978,108.0,104.978,106.396,1353.6014827999995
2019-08-04T00:00:00Z,DASHUSD,106.85,107.335,103.417,106.224,654.7757146100004
2019-08-05T00:00:00Z,DASHUSD,107.068,113.243,106.909,110.647,2943.0743756199986
2019-08-06T00:00:00Z,DASHUSD,110.0,111.25,103.934,106.0,3533.634692209999
2019-08-07T00:00:00Z,DASHUSD,106.438,110.252,105.616,107.504,2133.3988274499993
2019-08-08T00:00:00Z,DASHUSD,106.812,107.339,103.545,105.369,3784.254038019999
2019-08-09T00:00:00Z,DASHUSD,105.419,105.496,102.321,102.982,793.2956740499999
2019-08-10T00:00:00Z,DASHUSD,103.586,104.077,97.297,99.016,1372.97112221
2019-08-11T00:00:00Z,DASHUSD,98.747,120.0,98.747,106.606,3692.8691548799993
2019-08-12T00:00:00Z,DASHUSD,106.328,106.403,102.383,104.43,1637.2686592300001
2019-08-13T00:00:00Z,DASHUSD,104.352,108.058,100.056,100.652,1798.2560969600006
2019-08-14T00:00:00Z,DASHUSD,101.291,102.268,95.157,95.481,2121.7209841799995
2019-08-15T00:00:00Z,DASHUSD,96.009,102.965,89.0,94.395,3107.948866869992
2019-08-16T00:00:00Z,DASHUSD,94.395,95.03,91.372,93.648,2196.724218369999
2019-08-17T00:00:00Z,DASHUSD,93.37,93.467,90.919,91.763,292.66681484
2019-08-18T00:00:00Z,DASHUSD,91.745,96.317,90.911,94.918,447.9338028
2019-08-19T00:00:00Z,DASHUSD,94.636,97.039,93.841,96.619,1275.2375595600004
2019-08-20T00:00:00Z,DASHUSD,96.737,97.261,93.074,93.359,437.12020285999944
2019-08-21T00:00:00Z,DASHUSD,93.484,93.484,86.429,89.325,2400.9370064700083
2019-08-22T00:00:00Z,DASHUSD,89.851,92.306,87.942,91.677,442.5391105099997
2019-08-23T00:00:00Z,DASHUSD,90.556,96.58,90.172,93.743,1106.3927689799953
2019-08-24T00:00:00Z,DASHUSD,93.769,93.801,90.138,92.124,169.47294330999986
2019-08-25T00:00:00Z,DASHUSD,92.167,93.384,90.268,90.812,425.1432355199999
2019-08-26T00:00:00Z,DASHUSD,91.053,93.765,91.053,92.1,290.7956345600001
2019-08-27T00:00:00Z,DASHUSD,92.1,92.1,89.945,90.441,1099.4839511300002
2019-08-28T00:00:00Z,DASHUSD,90.269,90.383,84.112,84.222,1553.1157956099994
2019-08-29T00:00:00Z,DASHUSD,84.181,84.471,78.0,79.98,1186.7468095600007
2019-08-30T00:00:00Z,DASHUSD,80.046,81.901,78.704,79.79,1868.2835665299988
2019-08-31T00:00:00Z,DASHUSD,80.073,82.0,78.365,80.0,787.3469247000004
2019-09-01T00:00:00Z,DASHUSD,80.034,80.511,78.234,79.777,761.3405215699989
2019-09-02T00:00:00Z,DASHUSD,79.777,85.0,79.114,81.34,2075.0824764400018
2019-09-03T00:00:00Z,DASHUSD,81.661,83.406,80.119,82.678,648.1173546500005
2019-09-04T00:00:00Z,DASHUSD,82.434,82.443,80.0,80.9,1173.02909561
2019-09-05T00:00:00Z,DASHUSD,81.106,81.518,80.0,80.002,836.0232833599999
2019-09-06T00:00:00Z,DASHUSD,80.0,83.352,77.804,79.786,1936.3883045399991
2019-09-07T00:00:00Z,DASHUSD,79.856,84.884,79.856,83.771,1451.0432644199996
2019-09-08T00:00:00Z,DASHUSD,83.81,87.525,83.803,87.523,2259.563373959997
2019-09-09T00:00:00Z,DASHUSD,87.74,88.843,85.662,86.255,703.6314463299998
2019-09-10T00:00:00Z,DASHUSD,86.709,86.709,81.855,82.389,1336.4510590399996
2019-09-11T00:00:00Z,DASHUSD,83.317,84.485,81.679,81.697,955.0930246699999
2019-09-12T00:00:00Z,DASHUSD,82.22,97.426,81.199,85.401,1938.3922793899983
2019-09-13T00:00:00Z,DASHUSD,85.6,94.524,84.97,93.333,1917.7141638999988
2019-09-14T00:00:00Z,DASHUSD,93.45,94.814,89.901,91.901,1228.8517646799992
2019-09-15T00:00:00Z,DASHUSD,91.691,91.837,88.888,89.0,141.0508760100001
2019-09-16T00:00:00Z,DASHUSD,89.052,94.423,87.874,92.674,1718.5267649799982
2019-09-17T00:00:00Z,DASHUSD,92.674,99.4,90.696,94.609,2101.64718263
2019-09-18T00:00:00Z,DASHUSD,94.015,98.7,93.761,97.657,1688.9120008699974
2019-09-19T00:00:00Z,DASHUSD,97.8,104.0,64.1,100.453,6074.752835259994
2019-09-20T00:00:00Z,DASHUSD,100.187,100.188,95.278,96.692,824.54090583
2019-09-21T00:00:00Z,DASHUSD,96.512,96.512,92.637,92.866,534.8349163599996
2019-09-22T00:00:00Z,DASHUSD,92.558,93.49,90.55,90.833,645.3797909000003
2019-09-23T00:00:00Z,DASHUSD,90.632,90.632,86.675,86.932,825.2462288999994
2019-09-24T00:00:00Z,DASHUSD,86.781,87.949,68.17,72.002,2239.6341097399954
2019-09-25T00:00:00Z,DASHUSD,73.259,77.275,69.23,73.65,2656.2759142900018
2019-09-26T00:00:00Z,DASHUSD,73.019,103.88,66.0,69.636,3823.1893700199926
2019-09-27T00:00:00Z,DASHUSD,68.426,72.479,67.267,71.633,1698.3828383199998
2019-09-28T00:00:00Z,DASHUSD,71.143,72.677,70.234,71.85,787.1685731799993
2019-09-29T00:00:00Z,DASHUSD,71.145,71.503,67.591,69.0,526.1530576900002
2019-09-30T00:00:00Z,DASHUSD,69.0,71.744,66.619,70.59,2059.822617409999
2019-10-01T00:00:00Z,DASHUSD,71.0,72.543,69.396,69.951,1156.2945806299995
2019-10-02T00:00:00Z,DASHUSD,70.408,70.717,69.285,70.717,239.99312992999984
2019-10-03T00:00:00Z,DASHUSD,70.76,70.765,67.955,69.639,1495.0807794399984
2019-10-04T00:00:00Z,DASHUSD,69.105,70.441,68.011,69.826,1507.0566554300008
2019-10-05T00:00:00Z,DASHUSD,69.588,69.795,68.49,69.795,310.55199576000007
2019-10-06T00:00:00Z,DASHUSD,69.795,71.034,68.002,69.099,1768.3516913899982
2019-10-07T00:00:00Z,DASHUSD,68.932,72.0,68.5,71.0,629.1925907399998
2019-10-08T00:00:00Z,DASHUSD,71.0,73.998,70.273,70.323,4719.719332320009
2019-10-09T00:00:00Z,DASHUSD,70.799,74.97,70.378,74.0,2373.719637630002
2019-10-10T00:00:00Z,DASHUSD,74.0,74.589,70.838,72.595,3154.4020804800057
2019-10-11T00:00:00Z,DASHUSD,72.341,73.907,69.524,69.586,2033.3776298500027
2019-10-12T00:00:00Z,DASHUSD,69.694,73.274,69.694,70.648,1782.022532949999
2019-10-13T00:00:00Z,DASHUSD,70.487,71.77,70.017,70.292,1968.375999470002
2019-10-14T00:00:00Z,DASHUSD,70.154,71.264,70.15,71.083,2144.944089649999
2019-10-15T00:00:00Z,DASHUSD,71.09,73.347,70.758,71.225,3535.7753489200013
2019-10-16T00:00:00Z,DASHUSD,71.299,71.532,66.772,68.202,1841.6865812199992
2019-10-17T00:00:00Z,DASHUSD,67.591,70.117,67.299,68.775,1215.846117039999
2019-10-18T00:00:00Z,DASHUSD,68.592,68.95,67.128,67.646,1984.1912320200017
2019-10-19T00:00:00Z,DASHUSD,67.758,68.706,67.098,67.224,1063.98683057
2019-10-20T00:00:00Z,DASHUSD,67.202,70.107,67.031,69.26,336.21017456999994
2019-10-21T00:00:00Z,DASHUSD,69.4,69.797,68.08,68.856,255.38498267
2019-10-22T00:00:00Z,DASHUSD,68.501,95.0,66.676,67.042,1949.3188000199993
2019-10-23T00:00:00Z,DASHUSD,67.282,67.283,61.449,62.667,1047.3989789099994
2019-10-24T00:00:00Z,DASHUSD,62.891,63.288,61.603,62.499,1896.5179362199988
2019-10-25T00:00:00Z,DASHUSD,62.592,70.353,62.592,70.178,4216.479271849998
2019-10-26T00:00:00Z,DASHUSD,70.383,79.0,67.96,70.468,4905.5260183300015
2019-10-27T00:00:00Z,DASHUSD,70.645,80.0,68.542,71.827,3144.840597109999
2019-10-28T00:00:00Z,DASHUSD,72.619,77.066,69.77,71.648,4956.778600999999
2019-10-29T00:00:00Z,DASHUSD,71.648,76.057,71.648,72.77,1139.6334681899991
2019-10-30T00:00:00Z,DASHUSD,73.211,74.54,71.323,72.05,1220.0471186299992
2019-10-31T00:00:00Z,DASHUSD,72.102,72.574,69.944,71.577,1266.932312219999
2019-11-01T00:00:00Z,DASHUSD,71.752,72.094,70.108,71.795,1236.4791996199997
2019-11-02T00:00:00Z,DASHUSD,71.651,72.4,71.338,72.065,1311.00705697
2019-11-03T00:00:00Z,DASHUSD,72.399,72.6,70.736,71.596,689.6944483200002
2019-11-04T00:00:00Z,DASHUSD,71.344,74.0,70.71,72.846,1514.3666491999988
2019-11-05T00:00:00Z,DASHUSD,72.723,78.19,71.827,74.62,2325.7217812200006
2019-11-06T00:00:00Z,DASHUSD,74.62,74.663,72.801,74.3,1602.3656475400028
2019-11-07T00:00:00Z,DASHUSD,74.15,74.33,71.6,72.133,1430.1026690299987
2019-11-08T00:00:00Z,DASHUSD,71.815,72.662,60.8,69.52,2069.7917253399996
2019-11-09T00:00:00Z,DASHUSD,69.343,70.259,69.062,69.548,300.45067675000007
2019-11-10T00:00:00Z,DASHUSD,69.504,72.197,69.258,71.329,1198.1112019699992
2019-11-11T00:00:00Z,DASHUSD,71.373,72.219,69.177,69.983,672.4716826500002
2019-11-12T00:00:00Z,DASHUSD,70.32,70.495,68.601,70.17,684.4046661099999
2019-11-13T00:00:00Z,DASHUSD,70.183,70.357,69.394,69.639,705.4486955900003
2019-11-14T00:00:00Z,DASHUSD,69.64,69.857,68.124,68.526,1058.00449878
2019-11-15T00:00:00Z,DASHUSD,68.725,69.289,66.569,68.005,374.20115408
2019-11-16T00:00:00Z,DASHUSD,68.005,68.005,67.496,67.973,787.1008515199998
2019-11-17T00:00:00Z,DASHUSD,67.827,68.277,67.065,67.749,283.5311320200001
2019-11-18T00:00:00Z,DASHUSD,67.66,67.66,63.048,64.528,367.6566689600001
2019-11-19T00:00:00Z,DASHUSD,64.535,65.184,63.0,65.184,739.7988696499996
2019-11-20T00:00:00Z,DASHUSD,65.097,65.359,63.022,63.451,2534.649594619998
2019-11-21T00:00:00Z,DASHUSD,63.162,64.401,59.25,60.258,1832.5181325799974
2019-11-22T00:00:00Z,DASHUSD,60.099,60.91,53.638,55.343,2799.178488469995
2019-11-23T00:00:00Z,DASHUSD,55.404,56.743,53.805,54.7,441.99776405000057
2019-11-24T00:00:00Z,DASHUSD,54.288,54.772,50.966,51.07,780.6600357800002
2019-11-25T00:00:00Z,DASHUSD,51.027,53.623,47.804,50.128,2801.9530398799934
2019-11-26T00:00:00Z,DASHUSD,50.12,50.832,49.697,50.179,916.56180043
2019-11-27T00:00:00Z,DASHUSD,50.15,77.7,48.153,50.569,2839.564546140005
2019-11-28T00:00:00Z,DASHUSD,50.832,67.367,49.222,52.448,8400.28276392
2019-11-29T00:00:00Z,DASHUSD,52.449,59.462,52.449,56.759,4848.721425840003
2019-11-30T00:00:00Z,DASHUSD,56.961,57.853,54.715,55.049,1702.3479855199982
2019-12-01T00:00:00Z,DASHUSD,55.049,55.049,52.318,53.23,353.72058203999967
2019-12-02T00:00:00Z,DASHUSD,53.079,67.0,51.113,51.755,6855.050106260022
2019-12-03T00:00:00Z,DASHUSD,51.745,52.172,50.712,51.237,1504.5900939999992
2019-12-04T00:00:00Z,DASHUSD,51.124,53.016,49.508,50.62,6973.125151490008
2019-12-05T00:00:00Z,DASHUSD,50.249,51.326,49.18,50.14,4099.299386480004
2019-12-06T00:00:00Z,DASHUSD,49.97,52.926,49.879,52.502,1689.2750298699991
2019-12-07T00:00:00Z,DASHUSD,52.829,53.234,51.588,52.915,1778.3872394799969
2019-12-08T00:00:00Z,DASHUSD,52.533,52.533,51.713,52.137,194.27674847000003
2019-12-09T00:00:00Z,DASHUSD,52.022,53.184,50.637,51.044,2040.062423419997
2019-12-10T00:00:00Z,DASHUSD,51.044,51.516,49.4,49.946,2042.9636419400008
2019-12-11T00:00:00Z,DASHUSD,49.808,50.511,49.396,49.628,919.6929162599994
2019-12-12T00:00:00Z,DASHUSD,49.723,50.856,48.464,49.801,5180.562530220007
2019-12-13T00:00:00Z,DASHUSD,49.996,50.716,49.639,50.556,592.6463300899998
2019-12-14T00:00:00Z,DASHUSD,50.673,51.2,49.138,49.447,1948.4812335799998
2019-12-15T00:00:00Z,DASHUSD,49.065,51.115,44.947,50.588,1783.003087149998
2019-12-16T00:00:00Z,DASHUSD,50.456,50.456,45.09,45.944,4302.160757350001
2019-12-17T00:00:00Z,DASHUSD,45.843,45.843,40.667,41.198,6026.597912630008
2019-12-18T00:00:00Z,DASHUSD,41.085,45.589,40.046,44.274,2649.5040074499975
2019-12-19T00:00:00Z,DASHUSD,44.756,44.796,42.162,42.886,710.2810344499994
2019-12-20T00:00:00Z,DASHUSD,42.887,43.55,42.138,43.322,518.6282834799999
2019-12-21T00:00:00Z,DASHUSD,43.266,43.266,42.14,42.549,742.2371566599999
2019-12-22T00:00:00Z,DASHUSD,42.681,44.02,42.389,43.771,851.2696477099997
2019-12-23T00:00:00Z,DASHUSD,44.383,44.729,42.554,42.807,890.9240275399994
2019-12-24T00:00:00Z,DASHUSD,42.917,43.03,41.449,41.604,2930.007352779997
2019-12-25T00:00:00Z,DASHUSD,41.342,41.598,40.157,40.584,945.87985086
2019-12-26T00:00:00Z,DASHUSD,40.282,40.938,38.161,39.953,3670.2737164299992
2019-12-27T00:00:00Z,DASHUSD,39.753,40.2,38.128,39.698,1506.331145140001
2019-12-28T00:00:00Z,DASHUSD,40.0,42.74,39.886,41.929,5460.072431900005
2019-12-29T00:00:00Z,DASHUSD,41.566,44.935,41.184,44.602,3107.6643309399983
2019-12-30T00:00:00Z,DASHUSD,44.602,44.65,41.967,41.967,3106.74896212
2019-12-31T00:00:00Z,DASHUSD,41.883,42.543,40.585,41.027,1399.5098155
2020-01-01T00:00:00Z,DASHUSD,40.855,42.508,40.797,41.811,3560.1436087899997
2020-01-02T00:00:00Z,DASHUSD,41.592,41.592,39.829,39.839,1723.4265271699999
2020-01-03T00:00:00Z,DASHUSD,39.889,45.4,39.889,43.726,4483.007501349998
2020-01-04T00:00:00Z,DASHUSD,43.8,47.337,43.047,46.026,4724.647481439996
2020-01-05T00:00:00Z,DASHUSD,46.057,53.44,46.055,51.055,5332.208851170002
2020-01-06T00:00:00Z,DASHUSD,51.154,57.766,50.674,56.732,9412.160130229986
2020-01-07T00:00:00Z,DASHUSD,56.932,57.623,52.414,54.655,5579.440470099993
2020-01-08T00:00:00Z,DASHUSD,54.616,56.99,51.134,52.221,2738.0802690499972
2020-01-09T00:00:00Z,DASHUSD,51.605,53.173,49.932,50.62,1322.760779859999
2020-01-10T00:00:00Z,DASHUSD,50.809,56.881,49.759,56.857,4912.095435330001
2020-01-11T00:00:00Z,DASHUSD,56.898,70.0,55.692,63.452,9755.017882480031
2020-01-12T00:00:00Z,DASHUSD,63.246,67.676,62.117,66.329,4825.060985989998
2020-01-13T00:00:00Z,DASHUSD,66.351,71.714,63.673,69.397,5871.089041709989
2020-01-14T00:00:00Z,DASHUSD,69.499,89.665,55.717,88.958,26325.286729510168
2020-01-15T00:00:00Z,DASHUSD,89.0,154.999,88.54,133.013,49795.28665571037
2020-01-16T00:00:00Z,DASHUSD,134.1,134.692,113.004,128.025,15095.395263129949
2020-01-17T00:00:00Z,DASHUSD,127.0,127.767,109.243,113.136,8831.707664199987
2020-01-18T00:00:00Z,DASHUSD,113.204,116.498,95.552,101.161,14133.750627210085
2020-01-19T00:00:00Z,DASHUSD,100.755,109.0,91.656,105.033,9786.473821109996
2020-01-20T00:00:00Z,DASHUSD,105.031,115.148,99.134,109.56,9005.828174589982
2020-01-21T00:00:00Z,DASHUSD,109.562,114.047,104.554,110.784,3399.48048103
2020-01-22T00:00:00Z,DASHUSD,110.41,112.624,106.442,106.828,5420.190544230006
2020-01-23T00:00:00Z,DASHUSD,107.518,107.518,98.036,102.203,3784.3093379599986
2020-01-24T00:00:00Z,DASHUSD,101.907,103.696,93.317,100.232,3685.287806190001
2020-01-25T00:00:00Z,DASHUSD,99.961,103.461,97.35,101.297,1100.31176066
2020-01-26T00:00:00Z,DASHUSD,101.069,112.537,100.047,110.658,3916.218503680002
2020-01-27T00:00:00Z,DASHUSD,110.862,119.232,110.607,112.827,5267.3061260800005
2020-01-28T00:00:00Z,DASHUSD,112.938,117.656,110.973,115.509,3196.0238748899915
2020-01-29T00:00:00Z,DASHUSD,115.836,127.912,114.691,121.179,7359.15449943999
2020-01-30T00:00:00Z,DASHUSD,121.44,124.898,118.198,121.79,11664.142496360004
2020-01-31T00:00:00Z,DASHUSD,121.941,123.714,113.0,115.961,5554.387114130005
2020-02-01T00:00:00Z,DASHUSD,115.514,119.458,114.502,115.898,1359.0666648100012
2020-02-02T00:00:00Z,DASHUSD,116.0,117.417,112.835,114.319,674.1373445999997
2020-02-03T00:00:00Z,DASHUSD,114.257,117.058,97.0,114.246,4568.297085780004
2020-02-04T00:00:00Z,DASHUSD,115.292,115.462,108.383,110.101,2657.0232338000055
2020-02-05T00:00:00Z,DASHUSD,110.672,124.233,109.691,122.499,4167.425665229998
2020-02-06T00:00:00Z,DASHUSD,123.259,124.42,117.652,119.737,5873.989040929988
2020-02-07T00:00:00Z,DASHUSD,120.542,122.458,117.386,118.426,875.5049550499994
2020-02-08T00:00:00Z,DASHUSD,119.0,131.395,112.623,126.405,7167.931068719998
2020-02-09T00:00:00Z,DASHUSD,126.405,130.246,124.339,127.428,3053.592032300002
2020-02-10T00:00:00Z,DASHUSD,128.591,128.591,122.524,127.448,3318.55984548
2020-02-11T00:00:00Z,DASHUSD,127.448,133.679,123.764,129.642,4215.877900620004
2020-02-12T00:00:00Z,DASHUSD,129.805,137.054,129.476,133.395,4356.342465919998
2020-02-13T00:00:00Z,DASHUSD,133.393,137.69,127.343,131.25,5699.709021100004
2020-02-14T00:00:00Z,DASHUSD,131.25,134.574,122.1,133.064,3338.1207799300046
2020-02-15T00:00:00Z,DASHUSD,133.0,133.281,116.589,120.422,3379.888267170006
2020-02-16T00:00:00Z,DASHUSD,120.015,123.552,101.107,111.076,4008.3173097400004
2020-02-17T00:00:00Z,DASHUSD,110.028,116.193,102.056,114.851,4675.030404060013
2020-02-18T00:00:00Z,DASHUSD,114.56,117.574,107.675,115.529,1562.2090868099997
2020-02-19T00:00:00Z,DASHUSD,115.679,115.82,104.37,105.552,2867.9393781299937
2020-02-20T00:00:00Z,DASHUSD,105.458,106.744,98.405,104.923,3486.833518809995
2020-02-21T00:00:00Z,DASHUSD,104.384,110.187,103.679,107.817,3230.798454360001
2020-02-22T00:00:00Z,DASHUSD,107.335,109.4,103.12,104.462,1505.0253206999994
2020-02-23T00:00:00Z,DASHUSD,104.2,109.285,103.955,108.493,952.7802256300004
2020-02-24T00:00:00Z,DASHUSD,108.21,109.01,100.0,102.785,1936.6117503800012
2020-02-25T00:00:00Z,DASHUSD,103.005,103.005,94.645,95.693,2322.9186258999957
2020-02-26T00:00:00Z,DASHUSD,96.665,96.665,79.79,84.211,11256.61064970999
2020-02-27T00:00:00Z,DASHUSD,84.352,93.8,79.903,89.495,3480.775402399996
2020-02-28T00:00:00Z,DASHUSD,89.727,92.284,83.5,88.098,3156.6989728799995
2020-02-29T00:00:00Z,DASHUSD,88.747,90.365,85.199,85.254,1696.8734353700004
2020-03-01T00:00:00Z,DASHUSD,85.328,89.749,83.2,84.85,1168.7503849000013
2020-03-02T00:00:00Z,DASHUSD,85.233,91.895,84.431,90.115,1754.3389004699995
2020-03-03T00:00:00Z,DASHUSD,90.115,90.232,87.085,88.923,1186.62145903
2020-03-04T00:00:00Z,DASHUSD,88.236,89.849,85.733,86.911,1898.5245937000004
2020-03-05T00:00:00Z,DASHUSD,87.087,92.786,87.087,90.029,3592.2608628200005
2020-03-06T00:00:00Z,DASHUSD,90.029,94.105,89.334,93.623,3255.5644183200016
2020-03-07T00:00:00Z,DASHUSD,94.105,94.105,87.582,88.842,2015.0390143400014
2020-03-08T00:00:00Z,DASHUSD,87.666,87.666,72.965,73.968,5225.614752149996
2020-03-09T00:00:00Z,DASHUSD,74.144,75.5,68.033,72.881,2506.6485839300008
2020-03-10T00:00:00Z,DASHUSD,73.803,76.338,71.35,74.486,1282.9419693200011
2020-03-11T00:00:00Z,DASHUSD,74.68,75.137,67.23,72.468,2524.432296819998
2020-03-12T00:00:00Z,DASHUSD,72.302,72.302,42.002,44.289,13601.572718440042
2020-03-13T00:00:00Z,DASHUSD,44.55,53.65,33.976,51.459,21864.46043225006
2020-03-14T00:00:00Z,DASHUSD,51.514,51.514,45.218,45.936,5325.189350329999
2020-03-15T00:00:00Z,DASHUSD,45.524,50.647,45.245,47.398,3163.0167890699936
2020-03-16T00:00:00Z,DASHUSD,47.17,47.434,38.53,43.074,8905.300214949995
2020-03-17T00:00:00Z,DASHUSD,43.074,46.882,42.686,45.943,2819.8593128500024
2020-03-18T00:00:00Z,DASHUSD,45.761,63.117,45.421,62.613,6657.298230089994
2020-03-19T00:00:00Z,DASHUSD,62.524,70.996,56.952,65.66,10797.266207749997
2020-03-20T00:00:00Z,DASHUSD,67.547,77.875,62.424,71.687,13214.080662689985
2020-03-21T00:00:00Z,DASHUSD,70.934,75.646,67.905,71.516,5080.129758669993
2020-03-22T00:00:00Z,DASHUSD,71.128,73.254,61.501,62.429,9286.514795889994
2020-03-23T00:00:00Z,DASHUSD,61.741,71.265,61.367,71.265,5656.859787389991
2020-03-24T00:00:00Z,DASHUSD,71.272,72.0,67.705,69.782,4810.907976539997
2020-03-25T00:00:00Z,DASHUSD,69.298,70.369,66.575,67.73,1888.7942738100012
2020-03-26T00:00:00Z,DASHUSD,68.247,68.982,66.753,68.601,1951.4958600699986
2020-03-27T00:00:00Z,DASHUSD,68.815,73.13,66.91,67.656,3614.5544726399944
2020-03-28T00:00:00Z,DASHUSD,67.55,67.55,62.332,65.533,8966.447321809988
2020-03-29T00:00:00Z,DASHUSD,65.682,65.705,60.616,60.616,1370.0688435800014
2020-03-30T00:00:00Z,DASHUSD,60.714,67.521,60.714,66.044,1929.78619325
2020-03-31T00:00:00Z,DASHUSD,66.0,66.387,64.106,64.946,2877.2521666300013
2020-04-01T00:00:00Z,DASHUSD,64.978,66.75,62.516,66.113,3270.7662053199997
2020-04-02T00:00:00Z,DASHUSD,66.279,71.727,65.13,67.532,3094.3434826599996
2020-04-03T00:00:00Z,DASHUSD,67.88,70.216,66.636,67.912,1901.5168386399996
2020-04-04T00:00:00Z,DASHUSD,67.733,69.324,67.602,68.566,2381.71341391
2020-04-05T00:00:00Z,DASHUSD,68.524,68.524,65.797,66.893,469.53160942000017
2020-04-06T00:00:00Z,DASHUSD,67.437,73.245,67.437,73.245,4027.6440425000055
2020-04-07T00:00:00Z,DASHUSD,73.151,75.985,70.242,72.045,5140.76541246001
2020-04-08T00:00:00Z,DASHUSD,72.287,76.7,71.267,75.604,3369.9723732200055
2020-04-09T00:00:00Z,DASHUSD,75.644,84.03,74.3,82.9,4582.088710490003
2020-04-10T00:00:00Z,DASHUSD,82.5,83.031,70.059,74.526,3168.326182009997
2020-04-11T00:00:00Z,DASHUSD,74.896,77.736,73.036,75.272,1583.5678651500002
2020-04-12T00:00:00Z,DASHUSD,75.273,78.359,73.458,74.335,2201.182109119998
2020-04-13T00:00:00Z,DASHUSD,73.599,74.0,70.521,73.342,2015.9591749900003
2020-04-14T00:00:00Z,DASHUSD,73.404,74.598,72.019,72.243,693.1548367200002
2020-04-15T00:00:00Z,DASHUSD,72.259,73.633,70.062,70.589,848.1940081100003
2020-04-16T00:00:00Z,DASHUSD,70.361,77.452,67.81,75.953,6665.455295320005
2020-04-17T00:00:00Z,DASHUSD,75.747,78.0,74.847,76.2,2568.2640094999983
2020-04-18T00:00:00Z,DASHUSD,76.236,80.44,76.127,80.219,2622.6154154699984
2020-04-19T00:00:00Z,DASHUSD,80.1,83.43,77.607,80.33,3664.276749900003
2020-04-20T00:00:00Z,DASHUSD,80.218,82.732,72.815,74.539,5155.848369229997
2020-04-21T00:00:00Z,DASHUSD,74.365,75.863,73.074,74.355,2521.0542058199935
2020-04-22T00:00:00Z,DASHUSD,74.644,82.053,74.644,80.777,1614.5961988200004
2020-04-23T00:00:00Z,DASHUSD,81.202,84.571,79.152,81.102,2175.5277884599977
2020-04-24T00:00:00Z,DASHUSD,81.691,82.899,80.875,81.713,459.9270699499997
2020-04-25T00:00:00Z,DASHUSD,81.364,88.021,80.68,85.715,1554.6125879699991
2020-04-26T00:00:00Z,DASHUSD,86.218,87.391,82.774,84.128,2341.48579334
2020-04-27T00:00:00Z,DASHUSD,84.122,84.501,80.313,82.8,2192.509892809999
2020-04-28T00:00:00Z,DASHUSD,82.373,82.95,80.0,82.446,2199.5407118500048
2020-04-29T00:00:00Z,DASHUSD,82.203,86.327,82.071,84.975,3956.356113369999
2020-04-30T00:00:00Z,DASHUSD,85.069,88.5,79.745,80.817,4835.4722926199975
2020-05-01T00:00:00Z,DASHUSD,81.3,83.757,81.3,82.982,1467.4874846899997
2020-05-02T00:00:00Z,DASHUSD,83.081,83.629,81.616,83.324,886.7495720100002
2020-05-03T00:00:00Z,DASHUSD,83.461,83.886,80.099,80.963,672.8790971499998
2020-05-04T00:00:00Z,DASHUSD,80.88,80.88,75.51,79.835,2168.229684450002
2020-05-05T00:00:00Z,DASHUSD,80.0,81.137,78.063,79.568,846.92998853
2020-05-06T00:00:00Z,DASHUSD,79.35,81.228,76.91,76.91,524.74236974
2020-05-07T00:00:00Z,DASHUSD,76.371,80.037,76.277,78.904,3893.4872767899974
2020-05-08T00:00:00Z,DASHUSD,79.106,83.401,77.388,81.707,2811.68289107
2020-05-09T00:00:00Z,DASHUSD,81.2,82.466,79.133,79.133,969.2761086999993
2020-05-10T00:00:00Z,DASHUSD,79.13,79.13,68.492,72.123,3365.6504591999974
2020-05-11T00:00:00Z,DASHUSD,72.339,73.099,66.539,70.083,1748.7773825899988
2020-05-12T00:00:00Z,DASHUSD,69.843,74.8,69.684,73.133,1840.6716935299996
2020-05-13T00:00:00Z,DASHUSD,73.368,74.738,72.373,74.15,1195.7899640299988
2020-05-14T00:00:00Z,DASHUSD,74.15,75.8,73.347,74.887,946.4303597599995
2020-05-15T00:00:00Z,DASHUSD,74.426,74.998,71.848,72.15,1120.93349166
2020-05-16T00:00:00Z,DASHUSD,72.367,74.3,72.154,74.09,820.585596780001
2020-05-17T00:00:00Z,DASHUSD,73.62,77.159,73.62,75.0,1930.7523192299996
2020-05-18T00:00:00Z,DASHUSD,75.0,78.325,75.0,76.123,1212.8266485299998
2020-05-19T00:00:00Z,DASHUSD,75.679,77.089,74.186,77.089,746.9248985
2020-05-20T00:00:00Z,DASHUSD,77.002,78.483,74.762,78.231,1762.4774576000007
2020-05-21T00:00:00Z,DASHUSD,78.358,78.569,71.11,73.207,3043.175689809998
2020-05-22T00:00:00Z,DASHUSD,72.864,75.405,72.142,74.337,1520.4254622099995
2020-05-23T00:00:00Z,DASHUSD,74.931,75.515,73.314,73.821,502.98248264
2020-05-24T00:00:00Z,DASHUSD,74.0,75.576,71.742,71.742,357.28291399
2020-05-25T00:00:00Z,DASHUSD,71.417,73.638,71.0,73.638,1297.8652623499997
2020-05-26T00:00:00Z,DASHUSD,73.663,73.663,71.197,72.699,1452.6835099099994
2020-05-27T00:00:00Z,DASHUSD,72.654,74.562,72.228,73.596,3109.62276207
2020-05-28T00:00:00Z,DASHUSD,73.614,75.266,72.431,75.153,1664.3696794200005
2020-05-29T00:00:00Z,DASHUSD,75.136,75.42,73.572,74.05,2633.0520215299994
2020-05-30T00:00:00Z,DASHUSD,74.015,79.533,73.786,79.268,3922.2124916999996
2020-05-31T00:00:00Z,DASHUSD,79.115,80.849,75.611,76.331,2086.6510856499995
2020-06-01T00:00:00Z,DASHUSD,76.093,80.46,75.68,80.197,1601.82824924
2020-06-02T00:00:00Z,DASHUSD,80.213,82.129,75.172,78.178,3586.9834566999925
2020-06-03T00:00:00Z,DASHUSD,78.521,78.662,76.585,77.816,1519.4439394699993
2020-06-04T00:00:00Z,DASHUSD,78.15,78.761,77.0,78.511,2937.9856547800005
2020-06-05T00:00:00Z,DASHUSD,78.626,79.7,77.765,78.007,1069.852381689999
2020-06-06T00:00:00Z,DASHUSD,77.634,78.926,77.188,78.352,1455.6493012300004
2020-06-07T00:00:00Z,DASHUSD,78.334,78.639,75.83,77.872,1306.7440298299985
2020-06-08T00:00:00Z,DASHUSD,78.034,78.349,76.948,77.591,939.2458960299998
2020-06-09T00:00:00Z,DASHUSD,77.74,78.0,76.709,77.7,1285.2376944600003
2020-06-10T00:00:00Z,DASHUSD,77.405,78.617,76.989,78.53,1093.93612432
2020-06-11T00:00:00Z,DASHUSD,78.424,78.581,71.749,71.947,3364.0572888900056
2020-06-12T00:00:00Z,DASHUSD,72.045,74.588,71.3,73.486,605.9233354999996
2020-06-13T00:00:00Z,DASHUSD,73.06,74.267,72.672,74.052,1190.84972513
2020-06-14T00:00:00Z,DASHUSD,74.052,74.052,71.758,72.6,834.82698373
2020-06-15T00:00:00Z,DASHUSD,72.528,72.528,68.491,72.019,727.8207074499999
2020-06-16T00:00:00Z,DASHUSD,71.9,73.157,71.363,72.552,1033.2462979999998
2020-06-17T00:00:00Z,DASHUSD,72.644,73.287,70.921,72.358,650.0231954300003
2020-06-18T00:00:00Z,DASHUSD,72.456,72.456,70.981,71.21,813.9470946500005
2020-06-19T00:00:00Z,DASHUSD,71.018,71.209,69.853,69.953,1252.4204278600002
2020-06-20T00:00:00Z,DASHUSD,70.232,70.828,69.387,70.635,393.6751199099999
2020-06-21T00:00:00Z,DASHUSD,70.829,71.162,69.856,69.856,112.26690808000001
2020-06-22T00:00:00Z,DASHUSD,70.324,72.589,70.227,72.447,1428.52457008
2020-06-23T00:00:00Z,DASHUSD,72.358,76.551,71.593,73.897,1505.1384415599994
2020-06-24T00:00:00Z,DASHUSD,74.084,75.124,70.575,72.205,1089.2565635500002
2020-06-25T00:00:00Z,DASHUSD,71.844,71.998,70.17,71.52,1114.2249350000002
2020-06-26T00:00:00Z,DASHUSD,71.333,71.373,69.528,70.481,709.48079837
2020-06-27T00:00:00Z,DASHUSD,70.532,70.742,65.243,67.052,924.0719583099998
2020-06-28T00:00:00Z,DASHUSD,66.66,68.488,65.395,67.559,2052.02662976
2020-06-29T00:00:00Z,DASHUSD,67.619,68.922,66.737,68.748,1578.0968413999992
2020-06-30T00:00:00Z,DASHUSD,68.687,68.743,67.795,68.16,973.0482107899996
2020-07-01T00:00:00Z,DASHUSD,67.767,69.113,67.303,68.228,720.6164941900001
2020-07-02T00:00:00Z,DASHUSD,68.278,68.799,65.348,66.719,1155.6322699699995
2020-07-03T00:00:00Z,DASHUSD,66.488,67.2,65.942,66.622,1753.9295290300004
2020-07-04T00:00:00Z,DASHUSD,66.638,68.1,66.318,67.396,2974.4331205700028
2020-07-05T00:00:00Z,DASHUSD,67.7,67.7,65.913,67.402,756.33443088
2020-07-06T00:00:00Z,DASHUSD,67.282,70.3,67.282,70.3,3090.7310124100018
2020-07-07T00:00:00Z,DASHUSD,70.7,70.85,69.3,70.079,1929.3459881299996
2020-07-08T00:00:00Z,DASHUSD,69.716,73.219,69.475,72.683,1141.83245413
2020-07-09T00:00:00Z,DASHUSD,72.15,73.89,70.53,71.78,1028.0839977899989
2020-07-10T00:00:00Z,DASHUSD,71.786,71.786,70.199,71.75,1539.3785662599998
2020-07-11T00:00:00Z,DASHUSD,71.75,72.867,71.451,72.553,1379.6878141699995
2020-07-12T00:00:00Z,DASHUSD,72.925,73.067,70.95,72.0,2366.12283905
2020-07-13T00:00:00Z,DASHUSD,71.802,75.662,71.14,71.801,4959.558320499991
2020-07-14T00:00:00Z,DASHUSD,71.234,72.509,70.147,72.001,1929.1702379099975
2020-07-15T00:00:00Z,DASHUSD,71.889,72.209,70.674,70.931,2573.280027130004
2020-07-16T00:00:00Z,DASHUSD,70.76,71.284,68.223,69.489,2680.200129049999
2020-07-17T00:00:00Z,DASHUSD,69.307,70.075,68.793,69.592,881.0480266400002
2020-07-18T00:00:00Z,DASHUSD,69.495,69.629,68.782,69.348,316.58689204999996
2020-07-19T00:00:00Z,DASHUSD,69.4,70.416,68.717,70.359,1003.34155554
2020-07-20T00:00:00Z,DASHUSD,70.365,70.389,68.8,68.8,405.5772803
2020-07-21T00:00:00Z,DASHUSD,68.935,71.2,68.905,70.854,1844.8079694300009
2020-07-22T00:00:00Z,DASHUSD,71.2,73.425,71.2,73.251,1055.3551765199998
2020-07-23T00:00:00Z,DASHUSD,73.264,74.254,72.569,73.33,1369.348337089999
2020-07-24T00:00:00Z,DASHUSD,73.46,73.556,71.49,72.049,1139.3600847299997
2020-07-25T00:00:00Z,DASHUSD,72.187,74.974,72.187,74.741,1050.8419635600005
2020-07-26T00:00:00Z,DASHUSD,74.835,77.715,74.144,75.249,4131.268729860028
2020-07-27T00:00:00Z,DASHUSD,75.418,79.23,73.415,77.9,4183.697002170008
2020-07-28T00:00:00Z,DASHUSD,77.9,80.998,76.054,80.121,4461.546018089996
2020-07-29T00:00:00Z,DASHUSD,80.121,84.4,79.243,81.519,3575.112723440002
2020-07-30T00:00:00Z,DASHUSD,81.18,82.513,79.33,81.41,3190.6625489300004
2020-07-31T00:00:00Z,DASHUSD,81.41,83.541,80.08,82.629,2119.4312847099986
2020-08-01T00:00:00Z,DASHUSD,82.725,94.218,81.886,92.84,6115.089112959999
2020-08-02T00:00:00Z,DASHUSD,92.997,95.44,81.0,84.891,7617.965374929992
2020-08-03T00:00:00Z,DASHUSD,84.361,89.969,84.105,87.561,4561.713019080012
2020-08-04T00:00:00Z,DASHUSD,88.003,89.006,85.526,86.861,2635.7846811000004
2020-08-05T00:00:00Z,DASHUSD,86.997,93.322,86.172,92.353,3489.2849908599983
2020-08-06T00:00:00Z,DASHUSD,92.247,104.858,90.203,100.894,7721.384712739998
2020-08-07T00:00:00Z,DASHUSD,100.057,103.95,93.12,96.796,5104.29728863999
2020-08-08T00:00:00Z,DASHUSD,96.055,102.08,94.966,97.558,1426.6038848099995
2020-08-09T00:00:00Z,DASHUSD,98.583,98.951,95.0,97.124,2934.820386429999
2020-08-10T00:00:00Z,DASHUSD,97.835,98.477,93.39,95.25,4828.394393320003
2020-08-11T00:00:00Z,DASHUSD,95.83,96.647,85.931,88.613,4311.36439041
2020-08-12T00:00:00Z,DASHUSD,88.232,92.121,84.504,92.121,2853.113213550003
2020-08-13T00:00:00Z,DASHUSD,92.086,93.328,85.996,92.646,2682.4362655000014
2020-08-14T00:00:00Z,DASHUSD,92.755,93.489,90.227,92.023,3621.968639129999
2020-08-15T00:00:00Z,DASHUSD,92.429,103.0,91.251,93.924,2569.193035739999
2020-08-16T00:00:00Z,DASHUSD,93.338,95.21,91.474,95.0,2956.099370280001
2020-08-17T00:00:00Z,DASHUSD,95.053,100.338,93.107,97.706,4634.6077513000055
2020-08-18T00:00:00Z,DASHUSD,97.83,98.78,92.098,93.185,2281.528060080001
2020-08-19T00:00:00Z,DASHUSD,92.875,93.817,87.01,87.639,2012.6666956199963
2020-08-20T00:00:00Z,DASHUSD,88.368,92.0,87.143,91.286,3758.5839732900013
2020-08-21T00:00:00Z,DASHUSD,91.917,95.507,86.615,86.615,2626.118766410005
2020-08-22T00:00:00Z,DASHUSD,86.622,91.025,85.18,90.997,960.7291679799989
2020-08-23T00:00:00Z,DASHUSD,90.803,92.886,87.75,91.13,812.5872149400003
2020-08-24T00:00:00Z,DASHUSD,91.284,93.71,89.55,91.766,702.7918154299998
2020-08-25T00:00:00Z,DASHUSD,91.728,91.847,82.72,84.825,3332.542923739998
2020-08-26T00:00:00Z,DASHUSD,84.0,87.595,83.5,85.979,1368.338751149999
2020-08-27T00:00:00Z,DASHUSD,86.387,86.387,81.7,83.549,2219.3688369799993
2020-08-28T00:00:00Z,DASHUSD,82.855,85.852,82.563,85.174,440.6406819499999
2020-08-29T00:00:00Z,DASHUSD,84.79,86.62,84.542,85.65,300.42953233
2020-08-30T00:00:00Z,DASHUSD,85.712,89.49,85.364,88.287,1336.605665389999
2020-08-31T00:00:00Z,DASHUSD,88.389,88.692,85.869,86.271,1325.3059012699994
2020-09-01T00:00:00Z,DASHUSD,86.041,90.71,84.61,89.092,1744.4990496000003
2020-09-02T00:00:00Z,DASHUSD,89.433,89.508,80.585,83.238,2999.8157003499987
2020-09-03T00:00:00Z,DASHUSD,82.992,83.198,65.113,67.067,3026.0803449899977
2020-09-04T00:00:00Z,DASHUSD,67.068,73.863,66.239,72.748,3039.603773689999
2020-09-05T00:00:00Z,DASHUSD,72.839,74.065,64.853,68.13,2403.199329079999
2020-09-06T00:00:00Z,DASHUSD,67.731,71.604,67.117,69.781,1275.50150648
2020-09-07T00:00:00Z,DASHUSD,70.193,78.064,65.847,76.075,2012.0465871400024
2020-09-08T00:00:00Z,DASHUSD,76.026,77.481,69.102,74.524,3452.8248312700066
2020-09-09T00:00:00Z,DASHUSD,75.294,77.426,74.025,75.97,1861.9340544699996
2020-09-10T00:00:00Z,DASHUSD,77.026,77.853,75.252,76.853,1015.7581872200005
2020-09-11T00:00:00Z,DASHUSD,77.288,77.409,74.541,77.132,1023.7009269700005
2020-09-12T00:00:00Z,DASHUSD,76.904,80.0,75.749,79.435,926.59885118
2020-09-13T00:00:00Z,DASHUSD,78.525,78.813,73.401,75.209,1434.51460286
2020-09-14T00:00:00Z,DASHUSD,74.234,76.682,73.9,75.122,1606.7473720799999
2020-09-15T00:00:00Z,DASHUSD,74.89,75.761,72.036,72.792,2866.530781380003
2020-09-16T00:00:00Z,DASHUSD,72.562,74.089,71.003,73.056,2031.9617501600017
2020-09-17T00:00:00Z,DASHUSD,73.083,74.535,71.715,73.338,2530.5253984799974
2020-09-18T00:00:00Z,DASHUSD,72.838,73.582,70.592,71.677,1262.3667562899998
2020-09-19T00:00:00Z,DASHUSD,72.237,73.41,71.485,72.804,854.00216952
2020-09-20T00:00:00Z,DASHUSD,72.6,72.6,69.7,70.748,2676.048344050002
2020-09-21T00:00:00Z,DASHUSD,70.344,71.5,65.0,67.354,5153.175848640003
2020-09-22T00:00:00Z,DASHUSD,66.7,68.949,66.659,67.988,1600.7921283300004
2020-09-23T00:00:00Z,DASHUSD,68.356,68.477,64.403,64.613,918.1523676199998
2020-09-24T00:00:00Z,DASHUSD,64.943,68.295,64.943,67.942,757.6782428800001
2020-09-25T00:00:00Z,DASHUSD,67.884,69.415,66.758,68.574,3486.622492510001
2020-09-26T00:00:00Z,DASHUSD,68.913,69.81,68.579,69.104,1041.87192825
2020-09-27T00:00:00Z,DASHUSD,69.225,69.902,67.509,68.939,1232.4895967500004
2020-09-28T00:00:00Z,DASHUSD,69.063,70.063,66.977,67.17,1323.3106199000008
2020-09-29T00:00:00Z,DASHUSD,67.361,68.596,66.767,68.596,385.7232374999999
2020-09-30T00:00:00Z,DASHUSD,68.54,69.203,66.803,69.126,1028.8904904600008
2020-10-01T00:00:00Z,DASHUSD,69.14,71.302,67.092,67.865,1993.7947289800004
2020-10-02T00:00:00Z,DASHUSD,67.851,68.754,64.12,65.969,2061.817783869999
2020-10-03T00:00:00Z,DASHUSD,65.933,66.654,65.691,65.827,572.0467661399999
2020-10-04T00:00:00Z,DASHUSD,65.875,66.773,64.88,66.453,738.6265989599992
2020-10-05T00:00:00Z,DASHUSD,66.362,67.188,65.753,66.86,816.0859056099995
2020-10-06T00:00:00Z,DASHUSD,67.415,68.055,64.609,65.231,2518.0279210300005
2020-10-07T00:00:00Z,DASHUSD,65.006,66.177,64.226,65.576,605.8089825099996
2020-10-08T00:00:00Z,DASHUSD,65.778,67.24,64.459,66.226,736.2409820600002
2020-10-09T00:00:00Z,DASHUSD,66.519,67.924,66.0,67.59,1666.9624594599998
2020-10-10T00:00:00Z,DASHUSD,67.915,69.5,67.557,67.85,1876.8404650999996
2020-10-11T00:00:00Z,DASHUSD,68.197,72.5,67.869,71.809,1733.376628620001
2020-10-12T00:00:00Z,DASHUSD,71.783,74.478,70.353,71.769,3838.879498209999
2020-10-13T00:00:00Z,DASHUSD,71.697,73.152,70.428,71.364,1484.30685768
2020-10-14T00:00:00Z,DASHUSD,72.0,72.0,69.315,69.874,1673.9601111999991
2020-10-15T00:00:00Z,DASHUSD,69.719,70.431,68.079,69.349,732.8165099199992
2020-10-16T00:00:00Z,DASHUSD,69.089,69.887,65.501,65.985,1832.9881962299994
2020-10-17T00:00:00Z,DASHUSD,66.091,67.618,65.333,67.618,854.9914962100006
2020-10-18T00:00:00Z,DASHUSD,67.346,67.359,66.562,67.101,330.37782542999986
2020-10-19T00:00:00Z,DASHUSD,67.325,78.478,66.131,74.928,6894.091126740063
2020-10-20T00:00:00Z,DASHUSD,74.9,76.724,70.301,71.061,4649.075271220004
2020-10-21T00:00:00Z,DASHUSD,70.564,76.943,70.564,75.0,2868.4914935600013
2020-10-22T00:00:00Z,DASHUSD,75.0,78.154,74.338,74.338,3587.0093778699975
2020-10-23T00:00:00Z,DASHUSD,74.45,75.16,70.777,72.062,1758.5463926299979
2020-10-24T00:00:00Z,DASHUSD,72.074,73.584,71.667,73.345,1622.206580369998
2020-10-25T00:00:00Z,DASHUSD,73.104,73.604,70.706,71.142,874.0418038600005
2020-10-26T00:00:00Z,DASHUSD,70.917,72.4,68.528,69.169,2470.128678400002
2020-10-27T00:00:00Z,DASHUSD,69.169,72.158,69.059,70.797,1450.6174731599983
2020-10-28T00:00:00Z,DASHUSD,70.786,71.05,66.95,67.925,3576.747371579995
2020-10-29T00:00:00Z,DASHUSD,68.296,68.639,65.95,66.946,2623.2599115999983
2020-10-30T00:00:00Z,DASHUSD,66.824,72.4,64.337,69.664,3166.8394634100023
2020-10-31T00:00:00Z,DASHUSD,69.726,72.848,68.617,70.231,2829.3563323699996
2020-11-01T00:00:00Z,DASHUSD,70.395,70.618,68.236,68.587,467.8246742800001
2020-11-02T00:00:00Z,DASHUSD,68.777,69.589,64.885,65.523,2216.12041572
2020-11-03T00:00:00Z,DASHUSD,64.913,65.566,63.125,64.339,1300.71210252
2020-11-04T00:00:00Z,DASHUSD,64.339,65.203,62.199,64.499,2619.34546498
2020-11-05T00:00:00Z,DASHUSD,64.708,70.685,63.802,67.679,6821.333919330003
2020-11-06T00:00:00Z,DASHUSD,67.57,70.936,67.486,70.089,3959.3969393899993
2020-11-07T00:00:00Z,DASHUSD,70.2,72.228,65.006,66.587,4727.241640150004
2020-11-08T00:00:00Z,DASHUSD,66.581,69.306,65.84,68.247,732.9415342600005
2020-11-09T00:00:00Z,DASHUSD,68.125,69.078,66.499,68.354,3031.912629809997
2020-11-10T00:00:00Z,DASHUSD,68.034,69.859,67.748,68.828,1131.5402642800004
2020-11-11T00:00:00Z,DASHUSD,68.873,71.512,68.873,69.444,2651.645556340002
2020-11-12T00:00:00Z,DASHUSD,69.141,80.0,68.562,78.293,19037.687401140047
2020-11-13T00:00:00Z,DASHUSD,77.775,79.3,75.89,77.533,2519.588532619998
2020-11-14T00:00:00Z,DASHUSD,77.809,79.781,74.531,77.212,6523.791029480001
2020-11-15T00:00:00Z,DASHUSD,77.611,77.633,73.661,75.031,2715.182413160003
2020-11-16T00:00:00Z,DASHUSD,74.736,82.479,74.616,80.799,6413.73612160999
2020-11-17T00:00:00Z,DASHUSD,80.733,83.958,80.304,83.284,4452.720865659989
2020-11-18T00:00:00Z,DASHUSD,83.285,83.652,76.885,80.556,3810.3401031099997
2020-11-19T00:00:00Z,DASHUSD,79.832,84.759,77.795,82.29,4663.151848449998
2020-11-20T00:00:00Z,DASHUSD,82.291,85.124,82.205,83.165,2517.9483185100016
2020-11-21T00:00:00Z,DASHUSD,83.289,94.643,83.105,94.643,6115.615738970007
2020-11-22T00:00:00Z,DASHUSD,94.463,95.527,85.129,90.415,7320.745313499984
2020-11-23T00:00:00Z,DASHUSD,90.614,95.998,89.441,94.218,5395.393366669994
2020-11-24T00:00:00Z,DASHUSD,94.242,123.446,92.33,114.31,35074.59750167005
2020-11-25T00:00:00Z,DASHUSD,114.298,115.817,98.273,102.325,14157.535870770029
2020-11-26T00:00:00Z,DASHUSD,102.183,104.081,83.513,91.833,20301.25185940999
2020-11-27T00:00:00Z,DASHUSD,91.841,95.43,87.105,92.292,2505.7025507599983
2020-11-28T00:00:00Z,DASHUSD,92.294,114.272,91.137,109.384,9592.459465370013
2020-11-29T00:00:00Z,DASHUSD,109.302,114.698,104.2,108.541,6507.984580339987
2020-11-30T00:00:00Z,DASHUSD,108.351,118.0,106.784,113.197,11790.607435770004
2020-12-01T00:00:00Z,DASHUSD,112.833,115.915,101.03,104.598,15168.72744431004
2020-12-02T00:00:00Z,DASHUSD,103.663,107.847,100.327,105.874,4739.039865259994
2020-12-03T00:00:00Z,DASHUSD,105.494,108.365,103.876,107.823,3437.6435930900016
2020-12-04T00:00:00Z,DASHUSD,107.371,110.843,97.222,99.387,3045.274148329997
2020-12-05T00:00:00Z,DASHUSD,97.93,103.568,96.767,102.978,1519.7430725699967
2020-12-06T00:00:00Z,DASHUSD,103.05,104.621,99.316,102.218,3794.8621221099907
2020-12-07T00:00:00Z,DASHUSD,101.82,104.436,100.524,101.421,6482.520871629993
2020-12-08T00:00:00Z,DASHUSD,101.42,101.547,92.916,94.799,16505.785918570047
2020-12-09T00:00:00Z,DASHUSD,94.63,95.976,88.61,95.701,9027.365822940003
2020-12-10T00:00:00Z,DASHUSD,95.697,95.823,90.51,93.067,1952.6155579499996
2020-12-11T00:00:00Z,DASHUSD,92.939,95.048,87.777,93.33,10087.327025990004
2020-12-12T00:00:00Z,DASHUSD,93.335,99.753,93.128,94.678,3498.3595324
2020-12-13T00:00:00Z,DASHUSD,94.642,99.423,93.0,97.381,4937.213282270008
2020-12-14T00:00:00Z,DASHUSD,97.435,97.489,94.087,96.569,2559.199316699998
2020-12-15T00:00:00Z,DASHUSD,96.651,97.486,94.246,96.95,2948.031331409995
2020-12-16T00:00:00Z,DASHUSD,96.952,106.859,94.702,105.573,8571.26422155999
2020-12-17T00:00:00Z,DASHUSD,105.573,115.73,101.732,108.44,9197.5654868
2020-12-18T00:00:00Z,DASHUSD,108.05,113.95,104.07,107.989,4542.38315114999
2020-12-19T00:00:00Z,DASHUSD,108.076,112.142,105.335,108.336,8636.666747070007
2020-12-20T00:00:00Z,DASHUSD,108.092,114.545,104.517,109.556,7224.696688279995
2020-12-21T00:00:00Z,DASHUSD,109.502,119.25,101.697,104.0,8396.07402728999
2020-12-22T00:00:00Z,DASHUSD,104.0,106.286,96.421,105.832,6150.480028719986
2020-12-23T00:00:00Z,DASHUSD,105.685,106.22,87.166,91.299,8188.034553799989
2020-12-24T00:00:00Z,DASHUSD,91.364,99.465,87.732,98.493,4424.3309876199955
2020-12-25T00:00:00Z,DASHUSD,98.463,105.032,95.907,102.387,6614.402615830001
2020-12-26T00:00:00Z,DASHUSD,103.139,120.0,101.312,107.65,8693.60019314
2020-12-27T00:00:00Z,DASHUSD,107.763,112.981,100.939,107.0,7792.640694119996
2020-12-28T00:00:00Z,DASHUSD,107.123,110.727,104.521,107.083,3384.8628680500005
2020-12-29T00:00:00Z,DASHUSD,106.886,108.55,98.879,104.03,4272.946791180015
2020-12-30T00:00:00Z,DASHUSD,104.03,105.7,99.17,101.5,5022.29363121
2020-12-31T00:00:00Z,DASHUSD,101.922,102.495,97.0,99.531,6489.16228479999
2021-01-01T00:00:00Z,DASHUSD,99.72,102.896,86.367,88.623,24748.6748119001
2021-01-02T00:00:00Z,DASHUSD,88.346,94.0,85.194,86.919,15246.28761087004
2021-01-03T00:00:00Z,DASHUSD,86.96,91.999,85.212,89.613,27565.11006624003
2021-01-04T00:00:00Z,DASHUSD,89.613,98.664,84.3,88.891,25083.368009560076
2021-01-05T00:00:00Z,DASHUSD,88.953,90.392,85.483,89.181,13122.11065236001
2021-01-06T00:00:00Z,DASHUSD,89.363,95.329,87.0,94.554,25054.886552270065
2021-01-07T00:00:00Z,DASHUSD,94.648,108.0,92.474,99.062,27491.61438474006
2021-01-08T00:00:00Z,DASHUSD,99.044,101.017,92.203,96.696,8781.11183482
2021-01-09T00:00:00Z,DASHUSD,96.458,111.544,94.459,110.291,17362.40154894005
2021-01-10T00:00:00Z,DASHUSD,110.647,159.546,110.647,146.924,66268.74867615943
2021-01-11T00:00:00Z,DASHUSD,146.777,148.465,101.0,125.121,42384.38241170004
2021-01-12T00:00:00Z,DASHUSD,125.2,135.792,116.33,128.493,27694.16752978016
2021-01-13T00:00:00Z,DASHUSD,127.473,138.0,120.139,133.512,27952.78774108008
2021-01-14T00:00:00Z,DASHUSD,133.153,137.674,129.069,132.664,11034.697114820015
2021-01-15T00:00:00Z,DASHUSD,132.626,136.269,114.947,124.32,14795.750072940038
2021-01-16T00:00:00Z,DASHUSD,124.556,132.062,121.49,125.366,11469.764928679986
2021-01-17T00:00:00Z,DASHUSD,124.355,126.85,120.333,123.742,3758.8388027999968
2021-01-18T00:00:00Z,DASHUSD,124.372,132.4,121.347,129.247,9322.456724339989
2021-01-19T00:00:00Z,DASHUSD,129.455,134.524,122.083,125.279,11756.348485490013
2021-01-20T00:00:00Z,DASHUSD,124.315,126.991,111.682,121.408,9133.197163409995
2021-01-21T00:00:00Z,DASHUSD,121.516,121.826,99.634,99.639,9340.451369549995
2021-01-22T00:00:00Z,DASHUSD,99.747,108.498,94.003,105.083,13230.831648269997
2021-01-23T00:00:00Z,DASHUSD,104.487,110.385,102.401,105.179,8785.858702049985
2021-01-24T00:00:00Z,DASHUSD,104.112,111.298,103.687,106.196,5424.619274819999
2021-01-25T00:00:00Z,DASHUSD,106.401,113.124,105.0,105.0,4241.469385319995
2021-01-26T00:00:00Z,DASHUSD,104.625,106.142,100.548,104.745,4542.486607279996
2021-01-27T00:00:00Z,DASHUSD,104.579,104.579,94.386,96.857,4040.4208695000007
2021-01-28T00:00:00Z,DASHUSD,96.68,105.84,95.0,103.165,21108.46039676009
2021-01-29T00:00:00Z,DASHUSD,103.154,112.0,88.38,104.722,7978.822614619996
2021-01-30T00:00:00Z,DASHUSD,104.641,106.24,92.101,105.144,4796.963065050008
2021-01-31T00:00:00Z,DASHUSD,104.768,106.377,100.508,102.245,2263.333130919999
2021-02-01T00:00:00Z,DASHUSD,102.389,105.651,100.184,103.442,6506.098446409989
2021-02-02T00:00:00Z,DASHUSD,103.5,110.89,103.055,109.865,10905.206237589988
2021-02-03T00:00:00Z,DASHUSD,110.216,118.45,110.216,117.033,10009.646911010013
2021-02-04T00:00:00Z,DASHUSD,117.034,118.649,109.938,111.039,6886.841597389993
2021-02-05T00:00:00Z,DASHUSD,111.234,122.489,110.696,120.37,10064.858989980012
2021-02-06T00:00:00Z,DASHUSD,120.4,123.115,115.47,118.578,11990.330697709987
2021-02-07T00:00:00Z,DASHUSD,118.734,121.891,113.0,118.431,7786.1872357900165
2021-02-08T00:00:00Z,DASHUSD,118.395,126.533,115.489,126.533,11239.12428150004
2021-02-09T00:00:00Z,DASHUSD,126.578,137.998,124.067,137.568,13676.979590109968
2021-02-10T00:00:00Z,DASHUSD,137.999,148.883,128.618,139.914,18262.032515910018
2021-02-11T00:00:00Z,DASHUSD,140.078,167.589,138.624,164.912,21419.36903032006
2021-02-12T00:00:00Z,DASHUSD,165.284,173.638,155.566,170.264,12617.386671140015
2021-02-13T00:00:00Z,DASHUSD,170.834,300.879,170.435,267.536,90140.3836221295
2021-02-14T00:00:00Z,DASHUSD,268.906,279.617,222.0,231.049,52816.3717275199
2021-02-15T00:00:00Z,DASHUSD,231.359,291.439,197.263,261.812,54171.95217852985
2021-02-16T00:00:00Z,DASHUSD,259.257,272.606,243.56,249.453,25846.468048820047
2021-02-17T00:00:00Z,DASHUSD,249.781,271.404,235.466,266.145,17504.523831320017
2021-02-18T00:00:00Z,DASHUSD,266.468,303.397,258.991,281.783,29186.141178729886
2021-02-19T00:00:00Z,DASHUSD,281.132,335.8,269.901,323.667,43338.52480448984
2021-02-20T00:00:00Z,DASHUSD,324.0,332.322,281.539,297.949,25482.91580621008
2021-02-21T00:00:00Z,DASHUSD,297.964,317.095,289.883,302.034,9250.876651030016
2021-02-22T00:00:00Z,DASHUSD,302.139,303.453,191.536,272.504,34895.34506195006
2021-02-23T00:00:00Z,DASHUSD,272.657,272.657,201.267,231.406,41022.22304562985
2021-02-24T00:00:00Z,DASHUSD,226.336,262.845,219.104,238.097,15980.04776033005
2021-02-25T00:00:00Z,DASHUSD,238.1,248.76,216.98,217.716,6748.829935399996
2021-02-26T00:00:00Z,DASHUSD,217.761,223.864,202.358,206.482,9008.10804566
2021-02-27T00:00:00Z,DASHUSD,206.638,224.402,205.838,210.881,10281.50744146997
2021-02-28T00:00:00Z,DASHUSD,210.0,212.055,181.73,197.113,12484.593955520028
2021-03-01T00:00:00Z,DASHUSD,197.2,224.073,196.769,224.073,8342.677165569983
2021-03-02T00:00:00Z,DASHUSD,224.839,229.998,209.038,215.606,9892.909316429987
2021-03-03T00:00:00Z,DASHUSD,214.844,235.605,214.638,222.421,9652.67270392999
2021-03-04T00:00:00Z,DASHUSD,222.66,229.845,206.253,211.489,6983.339027729989
2021-03-05T00:00:00Z,DASHUSD,209.657,210.693,196.39,205.926,5896.384087190005
2021-03-06T00:00:00Z,DASHUSD,205.852,210.683,200.701,208.783,2433.4714912000018
2021-03-07T00:00:00Z,DASHUSD,208.924,216.1,206.698,214.678,4800.382633830001
2021-03-08T00:00:00Z,DASHUSD,214.784,219.028,206.619,218.748,4298.548936539996
2021-03-09T00:00:00Z,DASHUSD,218.748,245.938,214.675,244.234,8941.05974325997
2021-03-10T00:00:00Z,DASHUSD,244.554,250.5,226.376,235.174,7587.031081250012
2021-03-11T00:00:00Z,DASHUSD,235.048,243.933,225.202,235.605,4652.5762486399935
2021-03-12T00:00:00Z,DASHUSD,235.734,239.248,215.97,225.448,5796.026411020003
2021-03-13T00:00:00Z,DASHUSD,224.405,244.777,217.132,243.44,8113.180706870013
2021-03-14T00:00:00Z,DASHUSD,243.272,249.897,231.643,231.643,5012.018948299995
2021-03-15T00:00:00Z,DASHUSD,232.209,240.27,218.166,221.432,3480.4207087700033
2021-03-16T00:00:00Z,DASHUSD,221.845,225.286,210.142,223.762,4559.9572435200025
2021-03-17T00:00:00Z,DASHUSD,223.834,230.955,217.039,229.414,3194.239416129992
2021-03-18T00:00:00Z,DASHUSD,229.438,237.671,222.133,226.239,5003.521997929982
2021-03-19T00:00:00Z,DASHUSD,225.346,231.33,219.935,225.477,5112.557083359995
2021-03-20T00:00:00Z,DASHUSD,225.414,236.588,224.486,227.27,5150.920179289989
2021-03-21T00:00:00Z,DASHUSD,227.013,230.396,219.224,221.095,3450.6445952799977
2021-03-22T00:00:00Z,DASHUSD,221.042,222.989,204.487,206.368,6191.5817376299965
2021-03-23T00:00:00Z,DASHUSD,206.428,212.612,203.164,208.084,3534.980557519992
2021-03-24T00:00:00Z,DASHUSD,207.273,214.36,187.604,191.278,9270.395226519993
2021-03-25T00:00:00Z,DASHUSD,190.547,195.652,182.091,189.196,6407.042112759999
2021-03-26T00:00:00Z,DASHUSD,189.421,203.811,188.626,203.811,3374.210543150004
2021-03-27T00:00:00Z,DASHUSD,204.003,205.084,193.181,201.919,4372.125515889997
2021-03-28T00:00:00Z,DASHUSD,201.396,207.554,195.71,207.554,1923.77521574
2021-03-29T00:00:00Z,DASHUSD,207.805,217.53,203.557,214.851,5683.226377819992
2021-03-30T00:00:00Z,DASHUSD,214.805,219.908,210.306,216.364,5170.530108449997
2021-03-31T00:00:00Z,DASHUSD,216.519,225.498,205.361,222.759,10492.086741929987
2021-04-01T00:00:00Z,DASHUSD,222.419,236.8,220.835,233.424,9169.386996080013
2021-04-02T00:00:00Z,DASHUSD,234.124,250.0,229.301,243.948,7989.286356859987
2021-04-03T00:00:00Z,DASHUSD,243.282,249.9,221.806,222.888,4955.14559523
2021-04-04T00:00:00Z,DASHUSD,222.415,276.28,221.314,270.266,21877.401631550165
2021-04-05T00:00:00Z,DASHUSD,270.65,278.0,253.485,273.202,13427.593504560076
2021-04-06T00:00:00Z,DASHUSD,273.939,283.3,251.376,275.772,14287.9486101301
2021-04-07T00:00:00Z,DASHUSD,276.598,293.222,244.555,253.442,13472.297626710124
2021-04-08T00:00:00Z,DASHUSD,253.466,269.66,251.027,267.473,5130.860558949982
2021-04-09T00:00:00Z,DASHUSD,267.651,274.063,261.432,264.618,4775.59974992001
2021-04-10T00:00:00Z,DASHUSD,264.708,286.056,263.264,282.95,6950.781093299966
2021-04-11T00:00:00Z,DASHUSD,282.951,294.133,278.546,286.585,6305.492255549982
2021-04-12T00:00:00Z,DASHUSD,286.951,297.677,272.969,280.059,7650.849815619957
2021-04-13T00:00:00Z,DASHUSD,280.667,300.719,277.224,293.418,5210.13018074999
2021-04-14T00:00:00Z,DASHUSD,293.974,318.128,284.999,305.394,21241.505427359894
2021-04-15T00:00:00Z,DASHUSD,305.398,329.996,298.816,327.293,9438.59665988997
2021-04-16T00:00:00Z,DASHUSD,327.374,395.274,319.3,380.4,34011.38180500006
2021-04-17T00:00:00Z,DASHUSD,380.673,412.12,352.502,357.0,15395.864477369945
2021-04-18T00:00:00Z,DASHUSD,357.132,360.492,262.0,317.359,28748.119624699986
2021-04-19T00:00:00Z,DASHUSD,319.43,326.91,278.27,294.197,10350.310010509898
2021-04-20T00:00:00Z,DASHUSD,294.525,329.821,271.916,318.024,12416.351168839876
2021-04-21T00:00:00Z,DASHUSD,318.163,328.732,292.857,295.0,13595.314245920012
2021-04-22T00:00:00Z,DASHUSD,295.707,314.0,273.334,276.637,11532.806227079978
2021-04-23T00:00:00Z,DASHUSD,275.668,282.508,230.136,262.629,19587.3893461
2021-04-24T00:00:00Z,DASHUSD,260.0,260.0,239.396,245.829,4813.703360679994
2021-04-25T00:00:00Z,DASHUSD,246.453,269.546,234.092,246.679,13859.881895549966
2021-04-26T00:00:00Z,DASHUSD,246.693,281.353,244.665,279.004,8077.338782979969
2021-04-27T00:00:00Z,DASHUSD,278.053,293.321,275.435,293.321,7022.30922344999
2021-04-28T00:00:00Z,DASHUSD,293.4,299.011,275.843,289.285,5502.781358089978
2021-04-29T00:00:00Z,DASHUSD,288.394,289.731,273.486,286.775,5504.284621019994
2021-04-30T00:00:00Z,DASHUSD,286.82,330.164,282.502,320.197,11294.863661180012
2021-05-01T00:00:00Z,DASHUSD,319.804,328.919,308.695,322.13,6594.718421079979
2021-05-02T00:00:00Z,DASHUSD,322.543,323.923,303.893,315.343,4168.753542619992
2021-05-03T00:00:00Z,DASHUSD,315.317,343.575,315.317,342.906,7841.07676035
2021-05-04T00:00:00Z,DASHUSD,342.161,384.401,316.137,361.5,27022.224555070246
2021-05-05T00:00:00Z,DASHUSD,361.502,420.0,359.0,396.823,29605.607816910157
2021-05-06T00:00:00Z,DASHUSD,396.976,454.999,372.443,443.503,36271.81536793012
2021-05-07T00:00:00Z,DASHUSD,443.064,476.5,392.271,405.16,33007.629545590346
2021-05-08T00:00:00Z,DASHUSD,404.555,427.988,393.655,409.866,12054.924037710023
2021-05-09T00:00:00Z,DASHUSD,410.267,410.378,374.606,406.546,13118.035464229968
2021-05-10T00:00:00Z,DASHUSD,406.771,431.885,330.001,371.205,25738.78850193027
2021-05-11T00:00:00Z,DASHUSD,371.421,434.837,361.316,426.998,19155.334594599957
2021-05-12T00:00:00Z,DASHUSD,427.357,439.149,352.0,355.342,30839.954386950205
2021-05-13T00:00:00Z,DASHUSD,355.342,384.0,330.0,357.688,22885.744108590137
2021-05-14T00:00:00Z,DASHUSD,356.694,386.64,355.364,372.229,8477.994233429976
2021-05-15T00:00:00Z,DASHUSD,372.638,374.999,333.85,336.816,5843.093483549989
2021-05-16T00:00:00Z,DASHUSD,337.238,366.589,311.587,331.602,8734.566077589987
2021-05-17T00:00:00Z,DASHUSD,331.638,331.641,281.677,294.573,41937.90268420991
2021-05-18T00:00:00Z,DASHUSD,295.948,318.502,291.3,304.69,13909.350855430017
2021-05-19T00:00:00Z,DASHUSD,304.99,310.084,110.0,190.009,56129.48006142001
2021-05-20T00:00:00Z,DASHUSD,191.593,238.387,165.339,227.62,16116.665817120132
2021-05-21T00:00:00Z,DASHUSD,228.814,235.36,165.523,189.078,25781.65284476014
2021-05-22T00:00:00Z,DASHUSD,188.741,193.798,170.0,178.138,4452.6892045099885
2021-05-23T00:00:00Z,DASHUSD,177.564,183.81,122.217,151.173,20959.161631830255
2021-05-24T00:00:00Z,DASHUSD,150.96,201.292,146.961,201.292,25541.1470708802
2021-05-25T00:00:00Z,DASHUSD,201.405,215.679,178.612,195.168,25215.27665610022
2021-05-26T00:00:00Z,DASHUSD,195.831,222.0,192.29,214.032,15089.496993190105
2021-05-27T00:00:00Z,DASHUSD,214.169,215.275,192.163,205.112,6754.113055599988
2021-05-28T00:00:00Z,DASHUSD,205.112,206.171,171.647,183.239,8413.178869249952
2021-05-29T00:00:00Z,DASHUSD,183.067,210.152,171.043,177.082,13962.05764437003
2021-05-30T00:00:00Z,DASHUSD,176.927,190.525,164.486,181.797,9775.21564427001
2021-05-31T00:00:00Z,DASHUSD,181.5,200.207,173.498,197.793,6161.221485859989
2021-06-01T00:00:00Z,DASHUSD,197.581,201.476,184.587,191.485,6869.2726365899825
2021-06-02T00:00:00Z,DASHUSD,191.705,209.18,187.389,202.675,8803.045900409992
2021-06-03T00:00:00Z,DASHUSD,202.079,216.0,198.35,210.251,11422.266659709985
2021-06-04T00:00:00Z,DASHUSD,209.574,209.679,180.517,192.09,12779.642240799976
2021-06-05T00:00:00Z,DASHUSD,191.582,198.413,179.664,184.641,18013.790029470183
2021-06-06T00:00:00Z,DASHUSD,184.825,192.999,182.362,185.445,8597.031726079973
2021-06-07T00:00:00Z,DASHUSD,185.567,195.126,170.0,172.643,12326.112608330002
2021-06-08T00:00:00Z,DASHUSD,172.699,174.731,153.0,166.73,11056.44929865999
2021-06-09T00:00:00Z,DASHUSD,166.297,177.625,158.551,176.897,9813.920652349912
2021-06-10T00:00:00Z,DASHUSD,177.109,179.518,164.583,169.614,3121.0692103199985
2021-06-11T00:00:00Z,DASHUSD,170.291,173.979,163.79,165.49,2795.0879937900077
2021-06-12T00:00:00Z,DASHUSD,165.446,165.671,154.66,163.471,2093.309735480003
2021-06-13T00:00:00Z,DASHUSD,163.543,173.095,157.363,172.671,2493.888258670001
2021-06-14T00:00:00Z,DASHUSD,172.765,177.959,167.894,177.713,2932.099773409998
2021-06-15T00:00:00Z,DASHUSD,177.864,179.023,169.789,172.782,13552.063835359932
2021-06-16T00:00:00Z,DASHUSD,171.103,174.689,163.37,164.211,3339.6094821800043
2021-06-17T00:00:00Z,DASHUSD,164.353,173.978,160.528,163.777,5695.311669810006
2021-06-18T00:00:00Z,DASHUSD,163.837,164.675,150.808,155.221,2829.6514662100008
2021-06-19T00:00:00Z,DASHUSD,154.555,160.725,151.594,152.057,9875.941600379982
2021-06-20T00:00:00Z,DASHUSD,151.0,155.439,141.628,153.51,3176.7939112600016
2021-06-21T00:00:00Z,DASHUSD,153.304,154.0,123.0,123.724,10024.614060720001
2021-06-22T00:00:00Z,DASHUSD,123.094,131.641,102.007,119.252,20322.31411209005
2021-06-23T00:00:00Z,DASHUSD,119.343,131.757,117.437,127.362,2728.9094271899994
2021-06-24T00:00:00Z,DASHUSD,127.362,134.689,120.562,131.231,4117.301029309994
2021-06-25T00:00:00Z,DASHUSD,131.576,134.315,119.062,119.87,16140.464741129963
2021-06-26T00:00:00Z,DASHUSD,119.87,126.489,115.459,124.384,6676.988841209982
2021-06-27T00:00:00Z,DASHUSD,124.148,127.33,118.348,127.104,1851.2659003899985
2021-06-28T00:00:00Z,DASHUSD,127.424,134.009,124.946,132.09,3032.024399679999
2021-06-29T00:00:00Z,DASHUSD,132.147,148.195,130.692,140.752,2558.625866889997
2021-06-30T00:00:00Z,DASHUSD,140.752,146.39,134.28,145.4,16566.14272488997
2021-07-01T00:00:00Z,DASHUSD,145.409,145.561,133.121,139.236,4631.450671929995
2021-07-02T00:00:00Z,DASHUSD,137.812,140.454,129.685,135.451,5292.423044999998
2021-07-03T00:00:00Z,DASHUSD,134.939,140.236,132.514,138.33,563.4520456100005
2021-07-04T00:00:00Z,DASHUSD,138.099,143.291,133.964,140.301,889.0807461099992
2021-07-05T00:00:00Z,DASHUSD,139.697,139.84,129.389,132.665,862.1486640300026
2021-07-06T00:00:00Z,DASHUSD,132.633,138.448,132.074,135.12,1670.9082308499992
2021-07-07T00:00:00Z,DASHUSD,134.67,139.185,133.807,134.66,1208.790443330001
2021-07-08T00:00:00Z,DASHUSD,134.622,134.832,123.684,126.34,3319.1110534699974
2021-07-09T00:00:00Z,DASHUSD,126.382,130.332,121.449,128.374,3598.9369001599953
2021-07-10T00:00:00Z,DASHUSD,128.487,130.778,125.27,128.274,1463.5428384600025
2021-07-11T00:00:00Z,DASHUSD,128.379,130.877,125.42,128.311,634.4809610199999
2021-07-12T00:00:00Z,DASHUSD,128.311,134.998,125.361,126.977,3677.448996130008
2021-07-13T00:00:00Z,DASHUSD,126.067,127.509,121.952,123.73,1925.0538141999987
2021-07-14T00:00:00Z,DASHUSD,123.981,124.642,115.732,123.085,2927.0045160299946
2021-07-15T00:00:00Z,DASHUSD,123.164,124.813,116.404,122.536,1776.85839587
2021-07-16T00:00:00Z,DASHUSD,122.64,124.108,114.666,114.864,5429.616532089999
2021-07-17T00:00:00Z,DASHUSD,114.548,118.862,113.535,115.926,2993.8546786099982
2021-07-18T00:00:00Z,DASHUSD,116.57,121.881,115.037,115.881,1360.76960348
2021-07-19T00:00:00Z,DASHUSD,115.881,175.851,109.745,137.423,26625.55607006964
2021-07-20T00:00:00Z,DASHUSD,138.708,147.419,115.468,125.509,29316.28006786987
2021-07-21T00:00:00Z,DASHUSD,124.953,151.468,124.385,138.772,21531.3158953199
2021-07-22T00:00:00Z,DASHUSD,138.184,146.26,135.479,143.215,3450.0855276899947
2021-07-23T00:00:00Z,DASHUSD,142.924,145.599,135.48,142.857,3457.9311625900023
2021-07-24T00:00:00Z,DASHUSD,142.966,149.103,138.379,141.02,11232.216506829976
2021-07-25T00:00:00Z,DASHUSD,140.93,142.929,136.697,139.411,3940.377213269996
2021-07-26T00:00:00Z,DASHUSD,138.943,156.917,138.931,142.827,11612.032145670019
2021-07-27T00:00:00Z,DASHUSD,142.36,147.519,137.868,146.146,3943.876263499995
2021-07-28T00:00:00Z,DASHUSD,146.015,156.546,143.11,152.596,7351.415599360008
2021-07-29T00:00:00Z,DASHUSD,152.597,164.946,148.065,164.946,3701.8832162599965
2021-07-30T00:00:00Z,DASHUSD,164.842,167.116,153.861,165.426,3488.29376420999
2021-07-31T00:00:00Z,DASHUSD,165.592,168.087,160.102,163.74,1444.1346060599965
2021-08-01T00:00:00Z,DASHUSD,164.242,174.08,158.469,160.473,2961.6920377599995
2021-08-02T00:00:00Z,DASHUSD,160.34,164.058,156.361,161.858,2203.6392941800023
2021-08-03T00:00:00Z,DASHUSD,162.105,163.571,153.274,156.143,3423.506000469999
2021-08-04T00:00:00Z,DASHUSD,156.749,164.331,151.257,161.33,2584.604281969998
2021-08-05T00:00:00Z,DASHUSD,161.727,165.0,154.634,165.0,1746.8166911300038
2021-08-06T00:00:00Z,DASHUSD,164.652,168.355,160.279,167.374,3426.45741812
2021-08-07T00:00:00Z,DASHUSD,166.695,173.584,164.426,170.688,3480.7744298199955
2021-08-08T00:00:00Z,DASHUSD,170.245,172.5,159.777,161.624,1987.8491495700039
2021-08-09T00:00:00Z,DASHUSD,162.408,181.118,157.025,179.275,5057.497617199999
2021-08-10T00:00:00Z,DASHUSD,179.21,180.274,169.344,175.711,2949.261848850004
2021-08-11T00:00:00Z,DASHUSD,176.216,187.891,175.982,181.79,3761.6786243799916
2021-08-12T00:00:00Z,DASHUSD,181.57,190.401,170.519,180.316,2877.473094199997
2021-08-13T00:00:00Z,DASHUSD,180.614,204.403,178.117,204.403,4528.607049629998
2021-08-14T00:00:00Z,DASHUSD,204.497,204.679,190.623,198.68,5597.415520619975
2021-08-15T00:00:00Z,DASHUSD,199.284,217.335,191.725,215.975,6646.505392260002
2021-08-16T00:00:00Z,DASHUSD,216.236,216.516,199.3,201.391,5852.281684099985
2021-08-17T00:00:00Z,DASHUSD,201.024,211.517,186.29,194.41,8652.846123259967
2021-08-18T00:00:00Z,DASHUSD,195.013,213.635,186.208,210.067,5733.482935390006
2021-08-19T00:00:00Z,DASHUSD,210.037,221.254,198.709,220.303,7037.866629049993
2021-08-20T00:00:00Z,DASHUSD,219.923,235.319,218.533,232.67,6301.400477089964
2021-08-21T00:00:00Z,DASHUSD,232.659,249.0,226.586,237.115,8984.571415439981
2021-08-22T00:00:00Z,DASHUSD,237.104,257.134,230.466,255.557,6059.721841829986
2021-08-23T00:00:00Z,DASHUSD,255.609,284.426,255.311,270.438,12869.35132205995
2021-08-24T00:00:00Z,DASHUSD,269.977,273.855,245.123,248.0,6536.272835359968
2021-08-25T00:00:00Z,DASHUSD,248.492,264.649,239.468,264.649,3747.806595379994
2021-08-26T00:00:00Z,DASHUSD,264.349,264.668,230.69,232.7,4065.3904075300097
2021-08-27T00:00:00Z,DASHUSD,232.282,243.411,222.432,242.5,4290.280984179969
2021-08-28T00:00:00Z,DASHUSD,242.414,243.103,234.864,235.646,1921.9021736399982
2021-08-29T00:00:00Z,DASHUSD,236.452,247.156,224.275,225.544,2868.430609450002
2021-08-30T00:00:00Z,DASHUSD,225.609,230.805,215.136,216.323,3507.149239460001
2021-08-31T00:00:00Z,DASHUSD,216.415,229.034,212.731,223.96,2143.2487506899984
2021-09-01T00:00:00Z,DASHUSD,222.618,240.396,216.167,238.664,4581.827641509993
2021-09-02T00:00:00Z,DASHUSD,238.783,245.951,235.062,239.018,3166.8541328300025
2021-09-03T00:00:00Z,DASHUSD,239.445,251.457,233.328,247.351,3323.338593119993
2021-09-04T00:00:00Z,DASHUSD,247.36,256.502,245.548,252.547,5774.002279450025
2021-09-05T00:00:00Z,DASHUSD,251.932,268.784,248.325,264.287,4316.815367459991
2021-09-06T00:00:00Z,DASHUSD,264.37,265.562,250.734,255.337,3954.9535125999987
2021-09-07T00:00:00Z,DASHUSD,255.745,256.25,186.742,206.735,15513.327624180118
2021-09-08T00:00:00Z,DASHUSD,207.073,211.904,184.793,201.867,10484.424454299982
2021-09-09T00:00:00Z,DASHUSD,201.877,207.732,194.53,202.335,7116.653365259967
2021-09-10T00:00:00Z,DASHUSD,202.335,214.635,187.28,192.975,6882.133751640006
2021-09-11T00:00:00Z,DASHUSD,192.975,203.727,191.605,193.722,2163.16503674
2021-09-12T00:00:00Z,DASHUSD,193.722,206.4,189.281,203.884,3153.796867599994
2021-09-13T00:00:00Z,DASHUSD,204.26,214.77,186.923,196.462,6342.765028050002
2021-09-14T00:00:00Z,DASHUSD,196.374,205.67,195.043,205.67,2967.7224550400047
2021-09-15T00:00:00Z,DASHUSD,205.94,209.505,202.745,208.753,3290.336756790003
2021-09-16T00:00:00Z,DASHUSD,209.461,229.281,202.983,208.295,7409.854995389989
2021-09-17T00:00:00Z,DASHUSD,207.932,209.242,195.471,197.973,1953.9784444899997
2021-09-18T00:00:00Z,DASHUSD,199.078,205.318,195.225,199.525,4038.359728759999
2021-09-19T00:00:00Z,DASHUSD,199.928,200.943,190.983,192.81,5414.347851220013
2021-09-20T00:00:00Z,DASHUSD,193.11,193.11,167.652,169.565,7053.38776148999
2021-09-21T00:00:00Z,DASHUSD,169.337,176.844,155.136,157.311,4795.397571870004
2021-09-22T00:00:00Z,DASHUSD,157.636,176.201,154.724,175.655,2437.83128428
2021-09-23T00:00:00Z,DASHUSD,175.592,184.442,172.352,184.302,4262.242648190007
2021-09-24T00:00:00Z,DASHUSD,184.522,185.17,156.722,165.509,6254.780318359994
2021-09-25T00:00:00Z,DASHUSD,165.732,171.819,159.455,164.964,2162.334899929994
2021-09-26T00:00:00Z,DASHUSD,164.444,164.755,151.0,161.595,3940.1853405300003
2021-09-27T00:00:00Z,DASHUSD,161.746,167.221,153.334,153.334,1634.7615274799994
2021-09-28T00:00:00Z,DASHUSD,153.693,158.378,146.545,147.241,2440.5028157899997
2021-09-29T00:00:00Z,DASHUSD,147.644,160.702,146.687,152.361,3800.6425809799985
2021-09-30T00:00:00Z,DASHUSD,152.903,169.999,152.903,165.934,2015.9682998699973
2021-10-01T00:00:00Z,DASHUSD,165.934,176.913,163.385,176.873,6087.290339330001
2021-10-02T00:00:00Z,DASHUSD,176.488,182.992,172.226,177.698,1585.505862800001
2021-10-03T00:00:00Z,DASHUSD,178.526,182.014,174.032,177.981,1771.8764951300009
2021-10-04T00:00:00Z,DASHUSD,178.19,180.229,167.921,174.373,5430.783786509988
2021-10-05T00:00:00Z,DASHUSD,174.373,184.758,172.084,182.935,1757.0401971300005
2021-10-06T00:00:00Z,DASHUSD,182.881,190.676,171.068,185.294,5824.632323699984
2021-10-07T00:00:00Z,DASHUSD,184.977,198.087,180.09,189.163,3853.6768878799976
2021-10-08T00:00:00Z,DASHUSD,189.0,198.586,186.385,189.408,2454.892948530001
2021-10-09T00:00:00Z,DASHUSD,189.624,194.55,187.41,193.275,2840.326319380001
2021-10-10T00:00:00Z,DASHUSD,192.797,195.454,181.803,181.849,2208.366685350006
2021-10-11T00:00:00Z,DASHUSD,181.823,190.544,178.322,183.057,1666.0953784300004
2021-10-12T00:00:00Z,DASHUSD,182.139,187.0,170.587,180.649,6685.551309349998
2021-10-13T00:00:00Z,DASHUSD,180.172,183.427,173.817,183.209,4134.2065759799925
2021-10-14T00:00:00Z,DASHUSD,183.473,189.405,182.612,186.028,1328.1975953200003
2021-10-15T00:00:00Z,DASHUSD,185.462,198.416,181.895,193.589,4080.4897761499947
2021-10-16T00:00:00Z,DASHUSD,194.691,198.168,189.904,190.63,1519.7730054099986
2021-10-17T00:00:00Z,DASHUSD,189.706,192.441,179.267,186.252,1612.1814580000002
2021-10-18T00:00:00Z,DASHUSD,185.66,190.529,180.647,186.733,1392.0333524599973
2021-10-19T00:00:00Z,DASHUSD,186.865,194.762,180.871,194.017,9294.556967679986
2021-10-20T00:00:00Z,DASHUSD,193.356,205.67,189.7,201.673,5804.535412930002
2021-10-21T00:00:00Z,DASHUSD,201.673,207.811,193.16,197.356,8391.181914359995
2021-10-22T00:00:00Z,DASHUSD,196.732,202.987,192.498,195.318,4163.103545459999
2021-10-23T00:00:00Z,DASHUSD,195.331,198.437,191.786,197.171,1033.7995334500004
2021-10-24T00:00:00Z,DASHUSD,197.624,214.348,197.156,202.801,9186.008780039998
2021-10-25T00:00:00Z,DASHUSD,202.945,209.707,201.564,208.57,1516.5926297100023
2021-10-26T00:00:00Z,DASHUSD,208.185,208.378,195.449,198.6,1886.771077819997
2021-10-27T00:00:00Z,DASHUSD,198.203,201.851,170.0,175.2,7204.337166569993
2021-10-28T00:00:00Z,DASHUSD,175.395,186.301,173.258,183.609,6344.518520390012
2021-10-29T00:00:00Z,DASHUSD,182.854,188.879,181.772,187.677,3156.3970480799926
2021-10-30T00:00:00Z,DASHUSD,187.951,189.285,179.777,183.843,2251.6197850400026
2021-10-31T00:00:00Z,DASHUSD,183.825,199.597,183.762,192.642,2170.0135430999994
2021-11-01T00:00:00Z,DASHUSD,192.03,194.79,183.907,189.383,1638.9701413499995
2021-11-02T00:00:00Z,DASHUSD,189.067,202.615,188.097,200.496,4673.483722410003
2021-11-03T00:00:00Z,DASHUSD,201.416,205.521,193.16,201.497,4167.819417130003
2021-11-04T00:00:00Z,DASHUSD,201.646,204.071,193.891,198.853,1895.4208585799993
2021-11-05T00:00:00Z,DASHUSD,199.636,199.876,191.61,193.484,1324.6679213900002
2021-11-06T00:00:00Z,DASHUSD,194.492,197.71,185.711,191.021,4403.372003789994
2021-11-07T00:00:00Z,DASHUSD,191.273,193.669,189.9,193.669,1563.7476775199984
2021-11-08T00:00:00Z,DASHUSD,193.7,212.974,193.644,211.844,5405.222555170001
2021-11-09T00:00:00Z,DASHUSD,212.183,238.602,211.471,234.766,13875.093706590002
2021-11-10T00:00:00Z,DASHUSD,234.588,247.318,208.852,217.271,9595.190485140038
2021-11-11T00:00:00Z,DASHUSD,217.271,235.142,213.539,232.574,3089.3769463399944
2021-11-12T00:00:00Z,DASHUSD,232.235,235.739,212.417,221.537,3390.3118017200068
2021-11-13T00:00:00Z,DASHUSD,221.673,231.822,217.44,228.882,2343.680261799998
2021-11-14T00:00:00Z,DASHUSD,228.988,231.778,220.001,228.931,1066.09907992
2021-11-15T00:00:00Z,DASHUSD,229.065,240.0,224.096,224.265,3242.3965990499923
2021-11-16T00:00:00Z,DASHUSD,224.001,224.001,189.168,199.201,5059.892658980006
2021-11-17T00:00:00Z,DASHUSD,198.945,200.263,185.0,189.488,2500.9955263000024
2021-11-18T00:00:00Z,DASHUSD,189.507,190.851,170.374,176.008,4390.381338340006
2021-11-19T00:00:00Z,DASHUSD,175.938,189.28,174.576,189.24,3313.8493713999896
2021-11-20T00:00:00Z,DASHUSD,189.46,198.104,186.459,193.663,2105.078799939997
2021-11-21T00:00:00Z,DASHUSD,193.478,208.754,187.55,208.347,5637.138300339988
2021-11-22T00:00:00Z,DASHUSD,207.399,209.105,189.295,197.788,3537.329850319997
2021-11-23T00:00:00Z,DASHUSD,198.432,200.751,184.877,187.576,4111.587510959998
2021-11-24T00:00:00Z,DASHUSD,187.577,204.767,184.636,204.647,18158.847970230025
2021-11-25T00:00:00Z,DASHUSD,204.421,215.452,202.29,214.571,7613.97653992
2021-11-26T00:00:00Z,DASHUSD,215.0,215.574,179.318,183.454,8569.972454379997
2021-11-27T00:00:00Z,DASHUSD,183.904,190.151,181.427,183.099,5199.38671118
2021-11-28T00:00:00Z,DASHUSD,181.995,182.665,164.5,178.718,5553.894927940013
2021-11-29T00:00:00Z,DASHUSD,179.335,184.633,176.114,182.156,2681.9767808899987
2021-11-30T00:00:00Z,DASHUSD,182.212,186.149,174.7,180.113,4252.688975369998
2021-12-01T00:00:00Z,DASHUSD,179.194,187.428,176.958,178.257,6095.813972559994
2021-12-02T00:00:00Z,DASHUSD,178.054,178.054,172.33,176.224,3002.6856648999983
2021-12-03T00:00:00Z,DASHUSD,176.065,180.301,161.231,167.387,5045.409583789997
2021-12-04T00:00:00Z,DASHUSD,167.533,167.721,110.964,142.62,19218.097517609916
2021-12-05T00:00:00Z,DASHUSD,142.716,144.564,126.964,134.798,7285.182471169967
2021-12-06T00:00:00Z,DASHUSD,134.805,139.839,122.256,137.538,8567.134618519984
2021-12-07T00:00:00Z,DASHUSD,137.417,144.456,135.663,138.415,5632.661682979998
2021-12-08T00:00:00Z,DASHUSD,138.758,148.864,135.627,147.342,7934.5009808200075
2021-12-09T00:00:00Z,DASHUSD,147.773,152.513,136.06,136.2,10240.116110490013
2021-12-10T00:00:00Z,DASHUSD,137.302,141.399,131.34,133.64,4908.258305540009
2021-12-11T00:00:00Z,DASHUSD,133.934,141.52,131.07,140.509,2838.1137680400034
2021-12-12T00:00:00Z,DASHUSD,140.522,140.522,134.619,138.509,1379.8956827799982
2021-12-13T00:00:00Z,DASHUSD,138.509,139.116,124.133,126.355,2992.931566230003
2021-12-14T00:00:00Z,DASHUSD,125.631,134.115,125.058,131.327,2390.3939979599977
2021-12-15T00:00:00Z,DASHUSD,131.539,136.592,124.533,133.604,2289.386070119999
2021-12-16T00:00:00Z,DASHUSD,134.806,135.894,129.909,130.172,1008.3396351499996
2021-12-17T00:00:00Z,DASHUSD,131.182,132.104,124.5,127.975,1803.2149672800026
2021-12-18T00:00:00Z,DASHUSD,128.323,132.075,126.297,129.711,1122.8440732000001
2021-12-19T00:00:00Z,DASHUSD,129.946,133.046,129.15,129.15,1348.9534815200013
2021-12-20T00:00:00Z,DASHUSD,128.996,129.728,122.779,127.269,2235.8847585500016
2021-12-21T00:00:00Z,DASHUSD,127.413,134.658,125.728,134.403,5026.493298089995
2021-12-22T00:00:00Z,DASHUSD,134.512,142.725,131.575,134.889,4284.498038679997
2021-12-23T00:00:00Z,DASHUSD,135.648,147.194,131.768,146.395,4974.963241369994
2021-12-24T00:00:00Z,DASHUSD,146.628,156.549,145.182,149.536,14348.081529850082
2021-12-25T00:00:00Z,DASHUSD,148.867,153.695,148.489,150.178,1450.6823511100008
2021-12-26T00:00:00Z,DASHUSD,149.833,150.842,145.516,149.153,1546.510460320002
2021-12-27T00:00:00Z,DASHUSD,149.119,155.486,149.119,150.919,1257.6933621100002
2021-12-28T00:00:00Z,DASHUSD,150.155,150.155,134.79,134.842,4624.216726789993
2021-12-29T00:00:00Z,DASHUSD,134.83,136.686,131.144,133.212,1767.467747560001
2021-12-30T00:00:00Z,DASHUSD,133.293,135.7,129.649,132.933,2344.4436440599998
2021-12-31T00:00:00Z,DASHUSD,133.723,142.589,131.228,133.551,3883.005444550001
2022-01-01T00:00:00Z,DASHUSD,134.283,139.374,133.84,137.983,2206.9377488800014
2022-01-02T00:00:00Z,DASHUSD,138.262,143.12,136.53,142.021,1099.709646190001
2022-01-03T00:00:00Z,DASHUSD,142.051,142.794,136.438,139.681,1509.18411568
2022-01-04T00:00:00Z,DASHUSD,139.316,139.528,133.662,134.588,5042.002445659994
2022-01-05T00:00:00Z,DASHUSD,134.487,136.803,117.259,122.691,5828.130354109983
2022-01-06T00:00:00Z,DASHUSD,122.053,125.224,117.991,124.368,4042.532676979992
2022-01-07T00:00:00Z,DASHUSD,124.653,134.671,115.536,134.671,7152.700759499979
2022-01-08T00:00:00Z,DASHUSD,134.818,146.52,131.769,141.996,9694.352981520015
2022-01-09T00:00:00Z,DASHUSD,142.109,157.338,140.723,153.345,8007.609291619996
2022-01-10T00:00:00Z,DASHUSD,153.25,154.792,139.812,148.09,5381.028838999998
2022-01-11T00:00:00Z,DASHUSD,148.043,156.11,141.351,141.496,4248.154829479991
2022-01-12T00:00:00Z,DASHUSD,141.622,144.828,138.714,143.529,3572.0888719999953
2022-01-13T00:00:00Z,DASHUSD,143.431,144.819,137.546,141.263,2515.5583671200034
2022-01-14T00:00:00Z,DASHUSD,141.431,146.826,138.658,141.273,5274.741887689989
2022-01-15T00:00:00Z,DASHUSD,141.461,142.394,138.964,141.641,1626.4350888200001
2022-01-16T00:00:00Z,DASHUSD,140.975,142.67,136.186,137.361,1656.3584065299997
2022-01-17T00:00:00Z,DASHUSD,137.579,138.159,132.922,135.702,1293.3703301900002
2022-01-18T00:00:00Z,DASHUSD,135.871,136.754,127.56,130.474,2916.1079472399997
2022-01-19T00:00:00Z,DASHUSD,130.58,131.833,126.238,126.901,1985.8009808700008
2022-01-20T00:00:00Z,DASHUSD,126.615,133.597,120.637,121.395,1640.2062196199981
2022-01-21T00:00:00Z,DASHUSD,120.9,122.27,102.356,106.025,6670.1125420199905
2022-01-22T00:00:00Z,DASHUSD,106.278,107.591,85.885,97.093,14003.13743546001
2022-01-23T00:00:00Z,DASHUSD,96.913,100.763,93.258,99.388,4188.255035849995
2022-01-24T00:00:00Z,DASHUSD,99.471,100.054,80.671,90.184,10378.754673680018
2022-01-25T00:00:00Z,DASHUSD,90.056,92.206,88.155,89.439,2937.4193851600007
2022-01-26T00:00:00Z,DASHUSD,89.439,99.065,88.812,93.145,3573.6161242599956
2022-01-27T00:00:00Z,DASHUSD,92.726,94.361,87.371,91.724,2542.0052611499987
2022-01-28T00:00:00Z,DASHUSD,91.766,96.024,90.0,95.858,2406.1985495199992
2022-01-29T00:00:00Z,DASHUSD,95.748,98.036,93.498,96.246,1215.680562480001
2022-01-30T00:00:00Z,DASHUSD,96.67,97.999,92.149,92.85,1373.2665454799999
2022-01-31T00:00:00Z,DASHUSD,92.669,94.931,88.572,94.221,1107.1806348399996
2022-02-01T00:00:00Z,DASHUSD,94.082,97.548,94.082,97.196,1248.9931580200002
2022-02-02T00:00:00Z,DASHUSD,97.41,99.496,92.02,93.201,2152.6178156000005
2022-02-03T00:00:00Z,DASHUSD,92.836,95.206,90.766,95.206,1839.5224071400003
2022-02-04T00:00:00Z,DASHUSD,94.725,103.117,94.402,102.922,3839.815219409998
2022-02-05T00:00:00Z,DASHUSD,102.695,106.489,101.537,103.772,2573.8446735400007
2022-02-06T00:00:00Z,DASHUSD,103.961,109.0,102.542,108.739,2434.803602089998
2022-02-07T00:00:00Z,DASHUSD,108.748,117.0,106.202,116.143,5082.903431119987
2022-02-08T00:00:00Z,DASHUSD,116.254,119.409,109.517,113.005,4149.7982883199975
2022-02-09T00:00:00Z,DASHUSD,112.84,118.246,110.417,115.081,3072.9807400199957
2022-02-10T00:00:00Z,DASHUSD,115.071,117.468,110.134,111.787,3496.75346041999
2022-02-11T00:00:00Z,DASHUSD,111.323,114.473,102.994,103.893,3394.125837459999
2022-02-12T00:00:00Z,DASHUSD,103.747,106.643,100.232,103.486,2906.2827216800038
2022-02-13T00:00:00Z,DASHUSD,103.827,106.046,100.914,102.244,2226.2224721199996
2022-02-14T00:00:00Z,DASHUSD,102.341,104.629,98.901,104.155,2869.214361959999
2022-02-15T00:00:00Z,DASHUSD,104.171,109.836,103.793,109.25,2120.9740697099996
2022-02-16T00:00:00Z,DASHUSD,109.24,116.27,106.163,115.407,1908.6211141900003
2022-02-17T00:00:00Z,DASHUSD,115.406,118.624,103.377,104.92,3770.810923270001
2022-02-18T00:00:00Z,DASHUSD,104.297,110.693,103.621,105.189,3920.7821239600053
2022-02-19T00:00:00Z,DASHUSD,105.08,106.596,100.084,102.556,2368.136746540001
2022-02-20T00:00:00Z,DASHUSD,102.167,102.167,95.188,97.945,4084.105655829996
2022-02-21T00:00:00Z,DASHUSD,98.263,101.382,86.529,87.062,7507.36853586998
2022-02-22T00:00:00Z,DASHUSD,87.259,93.885,84.5,93.712,6918.863219649998
2022-02-23T00:00:00Z,DASHUSD,93.536,96.157,88.116,88.54,2320.7057235199995
2022-02-24T00:00:00Z,DASHUSD,87.898,90.649,77.248,87.644,10561.026861650033
2022-02-25T00:00:00Z,DASHUSD,88.065,94.018,86.144,92.726,5662.743239899998
2022-02-26T00:00:00Z,DASHUSD,92.66,95.999,91.744,93.631,2392.187992289999
2022-02-27T00:00:00Z,DASHUSD,93.757,95.362,86.423,88.248,3297.8011901400073
2022-02-28T00:00:00Z,DASHUSD,87.441,100.564,86.891,100.492,5189.179253299995
2022-03-01T00:00:00Z,DASHUSD,100.556,102.76,96.661,99.605,4784.778161709992
2022-03-02T00:00:00Z,DASHUSD,99.699,103.5,96.971,100.736,4573.304639829993
2022-03-03T00:00:00Z,DASHUSD,100.82,102.657,94.886,96.683,1864.4841488800012
2022-03-04T00:00:00Z,DASHUSD,96.812,96.813,87.962,89.292,3001.3459062700163
2022-03-05T00:00:00Z,DASHUSD,89.048,90.281,87.005,89.673,1425.71275367
2022-03-06T00:00:00Z,DASHUSD,90.116,90.678,84.988,86.07,1435.4333810100018
2022-03-07T00:00:00Z,DASHUSD,85.488,90.559,83.589,85.745,1726.5156954400015
2022-03-08T00:00:00Z,DASHUSD,85.916,97.393,85.564,96.327,3147.7982332699967
2022-03-09T00:00:00Z,DASHUSD,96.327,101.556,95.616,99.599,5892.642385199994
2022-03-10T00:00:00Z,DASHUSD,100.053,105.369,93.149,104.774,8936.703867329967
2022-03-11T00:00:00Z,DASHUSD,104.296,104.38,94.945,95.156,4524.508382179994
2022-03-12T00:00:00Z,DASHUSD,95.054,101.0,95.0,98.925,2191.5124473800024
2022-03-13T00:00:00Z,DASHUSD,98.95,102.933,92.166,93.695,3313.8043477099977
2022-03-14T00:00:00Z,DASHUSD,93.487,98.574,92.169,98.123,1443.9660395999997
2022-03-15T00:00:00Z,DASHUSD,98.268,98.268,93.016,95.375,1692.6779490999986
2022-03-16T00:00:00Z,DASHUSD,95.314,99.558,94.702,98.369,2075.980352829999
2022-03-17T00:00:00Z,DASHUSD,97.75,100.464,96.0,96.441,3369.8815026999987
2022-03-18T00:00:00Z,DASHUSD,96.436,99.507,93.255,98.855,2612.7309920099997
2022-03-19T00:00:00Z,DASHUSD,98.821,104.551,98.821,102.961,5914.013332299994
2022-03-20T00:00:00Z,DASHUSD,103.104,118.0,101.393,115.625,9087.942059080005
2022-03-21T00:00:00Z,DASHUSD,115.549,123.861,112.421,123.861,9967.465906930047
2022-03-22T00:00:00Z,DASHUSD,123.74,132.65,121.566,130.572,4515.318778880008
2022-03-23T00:00:00Z,DASHUSD,130.721,138.453,126.463,129.593,5786.251735419999
2022-03-24T00:00:00Z,DASHUSD,129.819,134.0,123.838,129.771,4103.351392970008
2022-03-25T00:00:00Z,DASHUSD,129.791,132.229,122.126,126.28,2819.240046080005
2022-03-26T00:00:00Z,DASHUSD,126.192,131.706,125.802,128.045,1521.7162838499994
2022-03-27T00:00:00Z,DASHUSD,127.534,133.042,125.0,133.042,1998.6892968899992
2022-03-28T00:00:00Z,DASHUSD,132.31,138.0,126.133,127.676,5088.2711201899965
2022-03-29T00:00:00Z,DASHUSD,127.915,135.595,127.427,130.311,6577.3357365299935
2022-03-30T00:00:00Z,DASHUSD,130.124,136.673,126.615,132.824,9744.848757489966
2022-03-31T00:00:00Z,DASHUSD,132.748,137.086,125.407,126.869,8662.232372389992
2022-04-01T00:00:00Z,DASHUSD,127.402,130.372,113.415,127.992,10276.863248989992
2022-04-02T00:00:00Z,DASHUSD,127.725,131.434,126.615,127.246,3094.125682850001
2022-04-03T00:00:00Z,DASHUSD,127.246,134.726,124.528,132.614,2587.525430399996
2022-04-04T00:00:00Z,DASHUSD,132.001,134.253,125.831,133.261,4110.199294100009
2022-04-05T00:00:00Z,DASHUSD,133.328,136.161,126.724,127.123,2627.933079669995
2022-04-06T00:00:00Z,DASHUSD,126.724,126.843,113.12,113.24,4411.043364479987
2022-04-07T00:00:00Z,DASHUSD,113.657,117.568,107.563,116.909,3988.453510519996
2022-04-08T00:00:00Z,DASHUSD,116.698,117.869,108.651,110.968,2899.5399141000057
2022-04-09T00:00:00Z,DASHUSD,110.925,117.751,110.687,114.801,1154.1632612600013
2022-04-10T00:00:00Z,DASHUSD,114.851,115.631,110.559,111.112,767.0046476699997
2022-04-11T00:00:00Z,DASHUSD,110.994,112.098,99.005,100.656,2622.0661477199965
2022-04-12T00:00:00Z,DASHUSD,100.791,105.149,99.544,102.576,4417.108737919991
2022-04-13T00:00:00Z,DASHUSD,102.124,106.998,101.233,105.565,1428.960266199999
2022-04-14T00:00:00Z,DASHUSD,105.024,108.179,101.583,106.389,7200.194985000004
2022-04-15T00:00:00Z,DASHUSD,106.389,110.911,106.01,109.263,2339.65448275
2022-04-16T00:00:00Z,DASHUSD,109.203,110.26,106.706,108.598,1195.6601081199992
2022-04-17T00:00:00Z,DASHUSD,108.305,109.516,104.266,104.979,482.6673080999993
2022-04-18T00:00:00Z,DASHUSD,104.2,108.72,101.04,108.72,2088.43787868
2022-04-19T00:00:00Z,DASHUSD,108.72,110.527,106.199,109.597,810.7171771200005
2022-04-20T00:00:00Z,DASHUSD,109.211,109.508,105.367,107.052,1435.7613829900022
2022-04-21T00:00:00Z,DASHUSD,107.022,109.809,100.048,102.205,3886.6415642500024
2022-04-22T00:00:00Z,DASHUSD,102.205,105.958,101.488,103.901,2119.5811554900015
2022-04-23T00:00:00Z,DASHUSD,103.771,104.322,101.386,102.342,361.4137192099999
2022-04-24T00:00:00Z,DASHUSD,101.693,102.298,98.856,100.053,784.7124172800011
2022-04-25T00:00:00Z,DASHUSD,100.0,100.0,93.498,99.399,3276.1507625999975
2022-04-26T00:00:00Z,DASHUSD,99.357,101.135,91.623,93.203,1872.5525141299997
2022-04-27T00:00:00Z,DASHUSD,92.965,96.157,92.411,95.68,757.7903769600003
2022-04-28T00:00:00Z,DASHUSD,95.3,99.578,94.794,96.172,2077.9986523500015
2022-04-29T00:00:00Z,DASHUSD,96.548,99.576,90.727,91.995,1470.4546671399999
2022-04-30T00:00:00Z,DASHUSD,91.818,94.452,80.984,85.453,2050.7246496600023
2022-05-01T00:00:00Z,DASHUSD,84.916,91.014,84.04,90.219,1732.6214225200022
2022-05-02T00:00:00Z,DASHUSD,89.904,90.827,86.229,89.864,1000.4750843400008
2022-05-03T00:00:00Z,DASHUSD,89.205,90.69,86.5,87.889,496.5923757099999
2022-05-04T00:00:00Z,DASHUSD,88.073,95.805,88.062,95.805,3414.5258057
2022-05-05T00:00:00Z,DASHUSD,95.975,97.265,85.351,87.475,1996.8699507199944
2022-05-06T00:00:00Z,DASHUSD,87.479,88.277,84.601,87.942,2461.7155300399995
2022-05-07T00:00:00Z,DASHUSD,87.439,87.548,81.501,83.621,3061.698264760001
2022-05-08T00:00:00Z,DASHUSD,83.702,85.223,80.181,82.932,1212.038604059999
2022-05-09T00:00:00Z,DASHUSD,83.217,85.437,69.132,69.777,7863.3916772400235
2022-05-10T00:00:00Z,DASHUSD,70.066,78.761,68.342,73.412,5676.508632079998
2022-05-11T00:00:00Z,DASHUSD,73.261,74.553,53.501,57.311,9566.705411220062
2022-05-12T00:00:00Z,DASHUSD,58.174,61.18,43.66,54.349,7182.951003160031
2022-05-13T00:00:00Z,DASHUSD,53.271,62.554,52.744,57.89,2970.1094561399964
2022-05-14T00:00:00Z,DASHUSD,58.012,61.284,55.224,61.134,2657.467410649992
2022-05-15T00:00:00Z,DASHUSD,61.168,62.919,58.5,62.919,2019.7521034400027
2022-05-16T00:00:00Z,DASHUSD,62.83,62.83,55.393,57.774,6505.211333649997
2022-05-17T00:00:00Z,DASHUSD,57.774,60.967,56.646,60.237,1854.7271522300023
2022-05-18T00:00:00Z,DASHUSD,60.244,61.452,55.145,55.217,1532.089181890001
2022-05-19T00:00:00Z,DASHUSD,55.786,59.163,53.649,58.719,5068.472857829999
2022-05-20T00:00:00Z,DASHUSD,58.569,60.094,55.803,57.56,4304.167759199999
2022-05-21T00:00:00Z,DASHUSD,57.212,58.027,55.951,57.007,4542.773845309999
2022-05-22T00:00:00Z,DASHUSD,56.991,61.722,56.514,61.566,1178.8758981800004
2022-05-23T00:00:00Z,DASHUSD,61.336,64.625,59.0,59.642,2346.712206450005
2022-05-24T00:00:00Z,DASHUSD,59.695,62.345,58.067,62.237,1740.56523251
2022-05-25T00:00:00Z,DASHUSD,62.204,63.971,60.744,62.086,1798.1967322100002
2022-05-26T00:00:00Z,DASHUSD,62.65,63.3,55.295,58.216,2840.855857390002
2022-05-27T00:00:00Z,DASHUSD,58.047,58.667,54.206,54.73,1136.9023430100003
2022-05-28T00:00:00Z,DASHUSD,54.959,56.832,54.161,56.735,1887.3262230200032
2022-05-29T00:00:00Z,DASHUSD,56.492,57.723,55.144,57.645,1079.4145620600016
2022-05-30T00:00:00Z,DASHUSD,57.683,63.18,57.406,62.991,1088.4620672700003
2022-05-31T00:00:00Z,DASHUSD,63.174,65.155,60.321,64.585,1181.95583458
2022-06-01T00:00:00Z,DASHUSD,64.972,67.814,58.448,59.543,5039.053771579992
2022-06-02T00:00:00Z,DASHUSD,59.057,60.18,57.971,60.18,1126.2382841099984
2022-06-03T00:00:00Z,DASHUSD,59.712,59.712,56.199,58.023,1201.528864310001
2022-06-04T00:00:00Z,DASHUSD,58.669,58.991,57.253,58.65,433.3040658900002
2022-06-05T00:00:00Z,DASHUSD,58.609,59.141,57.642,58.63,832.4186581499996
2022-06-06T00:00:00Z,DASHUSD,58.53,61.822,58.422,60.082,1249.4179042699989
2022-06-07T00:00:00Z,DASHUSD,60.015,60.573,56.127,58.481,1402.3770864299997
2022-06-08T00:00:00Z,DASHUSD,58.145,59.284,57.437,58.049,670.4488150399997
2022-06-09T00:00:00Z,DASHUSD,57.747,58.478,57.164,57.74,1083.0109470200005
2022-06-10T00:00:00Z,DASHUSD,57.87,57.87,53.161,53.972,2578.416300619999
2022-06-11T00:00:00Z,DASHUSD,54.245,54.56,48.549,48.954,1872.0481245099977
2022-06-12T00:00:00Z,DASHUSD,49.035,49.502,45.575,46.017,1904.9396403799988
2022-06-13T00:00:00Z,DASHUSD,46.192,46.258,39.427,42.474,8387.216464990004
2022-06-14T00:00:00Z,DASHUSD,42.098,44.383,39.0,43.553,5030.874725640008
2022-06-15T00:00:00Z,DASHUSD,43.335,45.814,38.514,45.749,5852.166601580003
2022-06-16T00:00:00Z,DASHUSD,45.85,46.272,41.174,41.591,3208.1829437199985
2022-06-17T00:00:00Z,DASHUSD,41.59,44.117,41.362,43.603,2877.596396029998
2022-06-18T00:00:00Z,DASHUSD,43.726,44.184,38.557,41.64,2991.244467689997
2022-06-19T00:00:00Z,DASHUSD,41.55,45.053,39.941,43.973,3182.1144187600003
2022-06-20T00:00:00Z,DASHUSD,44.24,46.08,43.21,45.404,2755.4140653099967
2022-06-21T00:00:00Z,DASHUSD,45.341,48.758,44.594,46.898,8891.892233440027
2022-06-22T00:00:00Z,DASHUSD,47.036,51.84,44.35,45.133,7134.1646535500195
2022-06-23T00:00:00Z,DASHUSD,45.128,48.801,45.128,48.628,2678.277764360002
2022-06-24T00:00:00Z,DASHUSD,48.576,52.509,48.576,51.606,4070.424413380001
2022-06-25T00:00:00Z,DASHUSD,51.474,52.688,49.568,52.172,2573.6351123200016
2022-06-26T00:00:00Z,DASHUSD,52.227,53.14,49.173,49.327,2559.3894311699987
2022-06-27T00:00:00Z,DASHUSD,49.284,51.628,48.56,49.045,2481.193765759999
2022-06-28T00:00:00Z,DASHUSD,49.044,49.659,45.771,46.154,3271.2600329499983
2022-06-29T00:00:00Z,DASHUSD,46.314,46.904,43.944,44.317,3622.7810941099915
2022-06-30T00:00:00Z,DASHUSD,44.425,44.689,40.385,42.187,4364.6499861400025
2022-07-01T00:00:00Z,DASHUSD,42.127,43.296,40.774,41.528,3056.720552050001
2022-07-02T00:00:00Z,DASHUSD,41.694,43.236,40.695,42.795,1118.5429940299966
2022-07-03T00:00:00Z,DASHUSD,42.8,43.407,41.425,42.716,642.476573330001
2022-07-04T00:00:00Z,DASHUSD,42.721,44.409,41.581,44.301,1955.3165812299974
2022-07-05T00:00:00Z,DASHUSD,44.239,44.74,41.783,43.028,2250.9768836100016
2022-07-06T00:00:00Z,DASHUSD,42.966,44.686,42.343,44.294,1413.4242022599972
2022-07-07T00:00:00Z,DASHUSD,44.235,46.248,43.716,46.074,4429.10052279
2022-07-08T00:00:00Z,DASHUSD,46.044,47.274,44.927,45.713,3700.523318090007
2022-07-09T00:00:00Z,DASHUSD,45.732,48.061,45.732,47.798,1199.8081307300004
2022-07-10T00:00:00Z,DASHUSD,47.789,47.789,44.231,45.114,8950.996106980005
2022-07-11T00:00:00Z,DASHUSD,44.972,45.032,41.336,41.537,5315.201744550018
2022-07-12T00:00:00Z,DASHUSD,41.497,42.039,39.768,39.85,3465.460273349999
2022-07-13T00:00:00Z,DASHUSD,39.707,42.4,39.439,42.349,6328.393032830003
2022-07-14T00:00:00Z,DASHUSD,42.5,43.74,40.604,43.65,3726.8800019100004
2022-07-15T00:00:00Z,DASHUSD,43.661,44.686,43.1,43.371,1706.0818048199976
2022-07-16T00:00:00Z,DASHUSD,43.13,44.924,42.111,44.826,4282.892977550003
2022-07-17T00:00:00Z,DASHUSD,44.788,47.0,44.171,46.03,5978.636858500001
2022-07-18T00:00:00Z,DASHUSD,46.302,49.7,46.036,49.025,8730.640226370024
2022-07-19T00:00:00Z,DASHUSD,48.868,50.813,47.38,49.921,6252.85056883
2022-07-20T00:00:00Z,DASHUSD,49.8,50.75,46.809,47.54,1549.4744793900006
2022-07-21T00:00:00Z,DASHUSD,47.603,48.292,45.46,48.108,1289.5859780100002
2022-07-22T00:00:00Z,DASHUSD,47.943,50.673,47.719,48.36,4619.56688808
2022-07-23T00:00:00Z,DASHUSD,48.308,50.19,46.778,47.835,693.9244277200004
2022-07-24T00:00:00Z,DASHUSD,47.81,50.01,47.657,48.854,768.4627771400004
2022-07-25T00:00:00Z,DASHUSD,48.89,49.017,44.752,44.94,2490.453753099999
2022-07-26T00:00:00Z,DASHUSD,44.93,44.993,42.57,43.957,1727.3489616399986
2022-07-27T00:00:00Z,DASHUSD,44.009,48.085,42.971,48.085,1938.6232986099994
2022-07-28T00:00:00Z,DASHUSD,48.028,53.636,47.697,52.334,3306.604781119999
2022-07-29T00:00:00Z,DASHUSD,52.526,54.51,50.11,50.65,4093.976455179993
2022-07-30T00:00:00Z,DASHUSD,50.675,53.518,50.31,50.405,1670.5096959199989
2022-07-31T00:00:00Z,DASHUSD,50.711,53.771,50.675,51.35,3353.740963279995
2022-08-01T00:00:00Z,DASHUSD,51.051,52.36,48.619,49.479,2191.6164205199952
2022-08-02T00:00:00Z,DASHUSD,49.642,50.13,47.173,48.681,1257.6818949900003
2022-08-03T00:00:00Z,DASHUSD,48.585,50.4,47.181,48.387,841.6708768000002
2022-08-04T00:00:00Z,DASHUSD,48.747,50.28,48.49,49.41,1083.066957729999
2022-08-05T00:00:00Z,DASHUSD,49.375,52.2,49.375,52.2,741.3554669799997
2022-08-06T00:00:00Z,DASHUSD,52.262,53.379,51.773,52.479,1741.2616195600006
2022-08-07T00:00:00Z,DASHUSD,52.516,54.563,51.84,53.01,850.2249038899996
2022-08-08T00:00:00Z,DASHUSD,53.34,56.191,53.314,56.17,1903.2234768400035
2022-08-09T00:00:00Z,DASHUSD,56.23,58.331,52.219,53.119,5273.320650439997
2022-08-10T00:00:00Z,DASHUSD,52.707,55.018,51.106,54.65,2146.215681970001
2022-08-11T00:00:00Z,DASHUSD,54.504,57.177,54.442,55.486,3162.1899384999942
2022-08-12T00:00:00Z,DASHUSD,55.669,56.394,53.941,56.097,2068.503596360001
2022-08-13T00:00:00Z,DASHUSD,56.134,57.541,55.624,56.896,623.3196104200001
2022-08-14T00:00:00Z,DASHUSD,56.839,58.001,54.599,55.128,1082.84498486
2022-08-15T00:00:00Z,DASHUSD,55.008,56.58,52.34,53.203,2743.433639849999
2022-08-16T00:00:00Z,DASHUSD,53.013,53.7,52.0,52.472,1259.46360269
2022-08-17T00:00:00Z,DASHUSD,52.323,55.264,51.78,52.813,1769.07381773
2022-08-18T00:00:00Z,DASHUSD,53.101,54.233,49.732,50.341,718.687310469999
2022-08-19T00:00:00Z,DASHUSD,50.19,50.399,44.305,44.767,2426.4873698500032
2022-08-20T00:00:00Z,DASHUSD,44.858,46.23,44.438,45.537,576.7438488300004
2022-08-21T00:00:00Z,DASHUSD,45.779,47.385,45.422,46.989,253.94539690000002
2022-08-22T00:00:00Z,DASHUSD,46.739,47.16,44.125,47.16,843.9306625899993
2022-08-23T00:00:00Z,DASHUSD,47.18,48.72,45.81,48.492,1077.9195712699993
2022-08-24T00:00:00Z,DASHUSD,48.646,50.51,47.314,49.16,994.3342243899989
2022-08-25T00:00:00Z,DASHUSD,49.193,50.191,48.718,49.096,738.5538577199995
2022-08-26T00:00:00Z,DASHUSD,48.882,48.882,43.861,43.986,1513.3090955399973
2022-08-27T00:00:00Z,DASHUSD,43.908,45.174,43.886,45.174,724.4062861600003
2022-08-28T00:00:00Z,DASHUSD,45.029,45.86,43.966,43.966,298.59012240000015
2022-08-29T00:00:00Z,DASHUSD,43.966,47.52,43.712,47.459,2192.9834218100004
2022-08-30T00:00:00Z,DASHUSD,47.481,48.073,45.099,45.54,1797.0809656499996
2022-08-31T00:00:00Z,DASHUSD,45.604,46.321,44.274,44.416,742.2272981899997
2022-09-01T00:00:00Z,DASHUSD,44.644,44.791,43.06,44.695,1242.4065349899997
2022-09-02T00:00:00Z,DASHUSD,44.609,47.155,44.285,45.694,6566.783699429999
2022-09-03T00:00:00Z,DASHUSD,45.524,46.85,45.29,46.731,494.7281547500001
2022-09-04T00:00:00Z,DASHUSD,46.675,47.609,46.022,47.609,354.60258410000006
2022-09-05T00:00:00Z,DASHUSD,47.636,48.47,46.477,47.611,878.7916039399995
2022-09-06T00:00:00Z,DASHUSD,47.78,48.774,42.65,42.671,4403.550467840006
2022-09-07T00:00:00Z,DASHUSD,42.6,45.54,42.253,44.934,922.7344486899998
2022-09-08T00:00:00Z,DASHUSD,45.198,46.453,44.343,46.273,2026.7283738499991
2022-09-09T00:00:00Z,DASHUSD,46.487,49.54,46.487,48.949,2933.73229112
2022-09-10T00:00:00Z,DASHUSD,48.891,50.118,48.58,48.894,506.6996335499998
2022-09-11T00:00:00Z,DASHUSD,48.635,48.88,47.22,48.216,622.3112098699997
2022-09-12T00:00:00Z,DASHUSD,48.252,49.85,46.87,47.098,3639.6756117300006
2022-09-13T00:00:00Z,DASHUSD,46.87,48.132,43.354,43.894,2895.819472639998
2022-09-14T00:00:00Z,DASHUSD,44.073,45.69,43.74,45.69,1418.2232991099984
2022-09-15T00:00:00Z,DASHUSD,45.569,45.569,43.264,43.817,994.53280951
2022-09-16T00:00:00Z,DASHUSD,43.677,44.35,42.815,43.692,476.68476244000004
2022-09-17T00:00:00Z,DASHUSD,43.79,44.716,43.79,44.582,642.25933208
2022-09-18T00:00:00Z,DASHUSD,44.581,44.593,40.002,40.155,912.9020381699996
2022-09-19T00:00:00Z,DASHUSD,40.182,41.028,39.117,40.929,1532.656276809998
2022-09-20T00:00:00Z,DASHUSD,40.852,41.486,40.01,40.717,2285.314707289999
2022-09-21T00:00:00Z,DASHUSD,40.527,42.781,39.239,39.893,3249.301390610001
2022-09-22T00:00:00Z,DASHUSD,39.666,42.202,39.666,41.963,2434.0573074800004
2022-09-23T00:00:00Z,DASHUSD,42.177,42.823,40.57,42.163,1453.9565015200003
2022-09-24T00:00:00Z,DASHUSD,41.866,42.69,41.465,41.578,556.0692356399999
2022-09-25T00:00:00Z,DASHUSD,41.574,42.343,40.642,41.115,429.60872654
2022-09-26T00:00:00Z,DASHUSD,40.895,41.78,40.28,41.427,1124.8317568200005
2022-09-27T00:00:00Z,DASHUSD,41.829,43.625,41.011,41.586,664.4705601799998
2022-09-28T00:00:00Z,DASHUSD,41.79,41.79,39.941,41.28,596.5171510199999
2022-09-29T00:00:00Z,DASHUSD,41.334,42.33,40.848,42.33,614.7312539500002
2022-09-30T00:00:00Z,DASHUSD,42.16,42.75,41.636,41.765,615.1560641699999
2022-10-01T00:00:00Z,DASHUSD,42.101,42.382,41.683,41.733,921.01977461
2022-10-02T00:00:00Z,DASHUSD,41.794,41.926,39.67,39.881,400.9242666499997
2022-10-03T00:00:00Z,DASHUSD,39.696,41.338,39.39,41.338,912.1201137100003
2022-10-04T00:00:00Z,DASHUSD,41.36,42.696,41.126,42.326,504.57534331999983
2022-10-05T00:00:00Z,DASHUSD,42.31,42.996,41.36,42.149,559.4153560999997
2022-10-06T00:00:00Z,DASHUSD,42.33,42.74,41.947,42.126,810.9241156499999
2022-10-07T00:00:00Z,DASHUSD,42.079,42.41,41.327,42.308,1047.0680858000003
2022-10-08T00:00:00Z,DASHUSD,42.248,42.84,42.013,42.12,384.5917469599999
2022-10-09T00:00:00Z,DASHUSD,42.416,43.14,42.256,42.922,2466.1353911999995
2022-10-10T00:00:00Z,DASHUSD,42.941,43.453,41.785,41.785,1362.7801936100004
2022-10-11T00:00:00Z,DASHUSD,41.84,41.84,40.68,41.245,1117.1236490299998
2022-10-12T00:00:00Z,DASHUSD,41.412,42.368,41.295,41.804,1500.0646373900013
2022-10-13T00:00:00Z,DASHUSD,41.671,41.671,38.11,40.368,2787.85323663
2022-10-14T00:00:00Z,DASHUSD,40.211,41.639,39.68,40.245,410.12649187
2022-10-15T00:00:00Z,DASHUSD,40.21,41.052,40.146,40.368,164.27605352999998
2022-10-16T00:00:00Z,DASHUSD,40.489,42.08,40.489,41.832,452.14054389999995
2022-10-17T00:00:00Z,DASHUSD,41.475,41.738,41.016,41.47,1866.2639491499986
2022-10-18T00:00:00Z,DASHUSD,41.62,41.725,40.152,40.641,1373.4361616200006
2022-10-19T00:00:00Z,DASHUSD,40.856,40.856,39.398,39.672,1471.0011822899992
2022-10-20T00:00:00Z,DASHUSD,39.643,40.638,39.203,39.557,986.1254237500003
2022-10-21T00:00:00Z,DASHUSD,39.32,40.887,38.68,40.64,779.7788661900001
2022-10-22T00:00:00Z,DASHUSD,40.621,41.109,40.193,40.814,177.31470262
2022-10-23T00:00:00Z,DASHUSD,40.882,41.823,39.981,41.708,453.60646946999987
2022-10-24T00:00:00Z,DASHUSD,41.727,41.798,39.82,40.144,1118.70135033
2022-10-25T00:00:00Z,DASHUSD,40.332,41.97,39.664,41.189,2880.8582068599994
2022-10-26T00:00:00Z,DASHUSD,41.598,42.835,41.181,42.157,1415.4409497600009
2022-10-27T00:00:00Z,DASHUSD,42.095,43.405,41.2,41.263,1744.6317460400005
2022-10-28T00:00:00Z,DASHUSD,41.282,42.549,41.031,42.43,635.72616346
2022-10-29T00:00:00Z,DASHUSD,42.55,43.971,42.454,42.587,1533.65189103
2022-10-30T00:00:00Z,DASHUSD,42.68,43.57,41.54,41.97,502.5284510199999
2022-10-31T00:00:00Z,DASHUSD,42.065,42.65,41.353,41.857,481.44823787000007
2022-11-01T00:00:00Z,DASHUSD,42.12,42.246,41.138,41.138,193.55412072
2022-11-02T00:00:00Z,DASHUSD,41.13,41.91,40.0,40.853,1713.0882047900006
2022-11-03T00:00:00Z,DASHUSD,40.93,42.639,40.93,41.782,1708.3914087000007
2022-11-04T00:00:00Z,DASHUSD,41.861,45.062,41.861,44.544,4983.446962669997
2022-11-05T00:00:00Z,DASHUSD,44.636,46.005,44.636,45.367,2371.2418809400006
2022-11-06T00:00:00Z,DASHUSD,45.4,45.951,43.469,43.692,616.9402536099998
2022-11-07T00:00:00Z,DASHUSD,43.624,47.316,43.44,45.814,5930.1736513199985
2022-11-08T00:00:00Z,DASHUSD,46.074,47.025,34.801,38.306,6515.645235379992
2022-11-09T00:00:00Z,DASHUSD,38.323,38.493,30.729,32.129,6018.7293776799925
2022-11-10T00:00:00Z,DASHUSD,32.025,37.05,31.5,36.758,8706.416617999987
2022-11-11T00:00:00Z,DASHUSD,36.84,37.5,34.51,35.81,3739.687642400002
2022-11-12T00:00:00Z,DASHUSD,35.744,35.745,33.232,33.518,2436.988914159999
2022-11-13T00:00:00Z,DASHUSD,33.695,34.58,32.666,33.148,3707.0055412999995
2022-11-14T00:00:00Z,DASHUSD,33.21,34.538,31.513,34.538,1899.9013598000004
2022-11-15T00:00:00Z,DASHUSD,34.404,35.103,33.896,34.238,2528.8341397700005
2022-11-16T00:00:00Z,DASHUSD,34.102,34.473,32.94,33.815,570.1783039999996
2022-11-17T00:00:00Z,DASHUSD,33.871,34.012,32.917,33.612,6067.109346549999
2022-11-18T00:00:00Z,DASHUSD,33.879,34.625,33.4,34.389,1959.6846623400002
2022-11-19T00:00:00Z,DASHUSD,34.208,35.746,33.85,35.588,860.2368378100003
2022-11-20T00:00:00Z,DASHUSD,35.635,35.999,34.338,34.464,666.9457594600002
2022-11-21T00:00:00Z,DASHUSD,34.23,34.975,33.62,34.496,628.8362730199998
2022-11-22T00:00:00Z,DASHUSD,34.47,37.225,34.19,37.225,919.29990119
2022-11-23T00:00:00Z,DASHUSD,37.21,43.86,36.822,43.255,5802.067984040004
2022-11-24T00:00:00Z,DASHUSD,43.229,43.257,41.52,41.989,3978.008865929994
2022-11-25T00:00:00Z,DASHUSD,41.775,42.31,40.261,40.455,2037.911446430001
2022-11-26T00:00:00Z,DASHUSD,40.576,42.146,40.54,40.968,988.6714945900005
2022-11-27T00:00:00Z,DASHUSD,41.34,42.027,40.47,40.53,514.2179443699998
2022-11-28T00:00:00Z,DASHUSD,40.763,40.798,38.71,39.973,893.7536364200002
2022-11-29T00:00:00Z,DASHUSD,39.815,43.402,39.638,43.298,1403.85976786
2022-11-30T00:00:00Z,DASHUSD,43.192,44.74,42.028,43.233,4623.933881079997
2022-12-01T00:00:00Z,DASHUSD,43.238,46.383,42.818,45.426,5347.527645259999
2022-12-02T00:00:00Z,DASHUSD,45.56,46.15,44.399,45.654,1230.22397176
2022-12-03T00:00:00Z,DASHUSD,45.79,46.5,44.683,44.941,5577.5666703800025
2022-12-04T00:00:00Z,DASHUSD,45.139,45.666,44.237,44.968,797.7843518299998
2022-12-05T00:00:00Z,DASHUSD,44.71,47.974,44.71,47.111,5135.301993680001
2022-12-06T00:00:00Z,DASHUSD,47.051,47.928,45.5,46.218,2528.8915113899993
2022-12-07T00:00:00Z,DASHUSD,46.407,47.594,43.737,44.24,915.93445053
2022-12-08T00:00:00Z,DASHUSD,43.908,45.264,43.454,45.264,440.4293713299999
2022-12-09T00:00:00Z,DASHUSD,45.094,47.311,44.674,46.591,2477.9906295099986
2022-12-10T00:00:00Z,DASHUSD,46.449,47.928,46.219,46.495,486.6056232199999
2022-12-11T00:00:00Z,DASHUSD,46.826,47.658,46.523,46.634,1846.3798307700001
2022-12-12T00:00:00Z,DASHUSD,46.532,49.85,44.713,48.787,3690.9486310899947
2022-12-13T00:00:00Z,DASHUSD,48.789,50.248,47.129,48.211,1479.2292053699998
2022-12-14T00:00:00Z,DASHUSD,48.311,49.824,48.093,49.123,700.10597594
2022-12-15T00:00:00Z,DASHUSD,48.818,48.893,46.378,46.512,621.5377904900002
2022-12-16T00:00:00Z,DASHUSD,46.525,47.136,42.24,43.266,2856.519259470001
2022-12-17T00:00:00Z,DASHUSD,43.506,43.737,41.403,43.203,1291.6467237200004
2022-12-18T00:00:00Z,DASHUSD,42.859,43.217,42.098,42.834,92.25943932999999
2022-12-19T00:00:00Z,DASHUSD,42.665,43.536,40.55,41.3,1125.95607364
2022-12-20T00:00:00Z,DASHUSD,41.109,43.0,41.109,42.173,416.89185388
2022-12-21T00:00:00Z,DASHUSD,42.244,42.986,41.586,42.287,920.0512579900006
2022-12-22T00:00:00Z,DASHUSD,42.352,43.338,41.4,42.648,831.3537250500002
2022-12-23T00:00:00Z,DASHUSD,42.568,43.296,42.487,43.246,308.73489985
2022-12-24T00:00:00Z,DASHUSD,43.266,44.139,43.075,43.712,807.5196015700008
2022-12-25T00:00:00Z,DASHUSD,44.123,44.598,43.632,44.544,1772.0667168499988
2022-12-26T00:00:00Z,DASHUSD,44.463,45.629,44.204,44.808,1332.5036013200004
2022-12-27T00:00:00Z,DASHUSD,44.73,45.284,43.5,44.045,2639.0413019000002
2022-12-28T00:00:00Z,DASHUSD,44.064,44.064,42.431,42.858,2302.620439560002
2022-12-29T00:00:00Z,DASHUSD,43.041,43.513,41.597,42.551,3659.3487483500007
2022-12-30T00:00:00Z,DASHUSD,42.504,42.657,40.475,41.839,2214.019819529999
2022-12-31T00:00:00Z,DASHUSD,41.954,43.284,41.664,41.997,2291.0470160699956
2023-01-01T00:00:00Z,DASHUSD,41.937,42.316,40.95,42.316,1674.0294764800014
2023-01-02T00:00:00Z,DASHUSD,41.861,43.971,41.563,43.604,1030.6248419700005
2023-01-03T00:00:00Z,DASHUSD,43.576,43.797,42.348,42.905,789.0552605700003
2023-01-04T00:00:00Z,DASHUSD,42.779,46.235,42.779,45.871,934.1348569700004
2023-01-05T00:00:00Z,DASHUSD,45.902,46.041,44.854,44.854,648.4146573600003
2023-01-06T00:00:00Z,DASHUSD,44.988,46.0,43.984,46.0,1141.9266049700002
2023-01-07T00:00:00Z,DASHUSD,45.999,46.973,45.677,46.298,1083.19669175
2023-01-08T00:00:00Z,DASHUSD,45.946,47.972,45.792,47.768,824.0101455700004
2023-01-09T00:00:00Z,DASHUSD,47.77,50.6,47.77,48.914,4629.409508419998
2023-01-10T00:00:00Z,DASHUSD,48.823,49.517,47.692,48.35,936.3624007199999
2023-01-11T00:00:00Z,DASHUSD,48.068,49.201,46.514,49.201,2967.540769070002
2023-01-12T00:00:00Z,DASHUSD,49.416,49.892,47.175,49.397,3624.6255125199973
2023-01-13T00:00:00Z,DASHUSD,49.425,52.414,48.683,51.406,5615.835667970001
2023-01-14T00:00:00Z,DASHUSD,51.406,54.165,49.956,51.387,3103.3609970099974
2023-01-15T00:00:00Z,DASHUSD,51.554,52.389,49.709,51.56,962.5542550999995
2023-01-16T00:00:00Z,DASHUSD,51.848,52.809,47.417,49.226,8122.867859240009
2023-01-17T00:00:00Z,DASHUSD,49.121,50.343,48.487,49.347,1176.4637562400005
2023-01-18T00:00:00Z,DASHUSD,49.387,49.99,46.0,46.868,1780.80795455
2023-01-19T00:00:00Z,DASHUSD,46.806,49.05,46.695,49.05,601.3193158400001
2023-01-20T00:00:00Z,DASHUSD,48.955,52.748,48.891,51.628,3616.208375839997
2023-01-21T00:00:00Z,DASHUSD,51.999,53.89,50.593,52.713,941.1564584500012
2023-01-22T00:00:00Z,DASHUSD,52.39,53.148,50.419,51.545,2387.9767477
2023-01-23T00:00:00Z,DASHUSD,51.504,53.8,51.504,51.994,2167.6987034500025
2023-01-24T00:00:00Z,DASHUSD,51.82,52.875,48.38,48.847,1039.4987258700003
2023-01-25T00:00:00Z,DASHUSD,48.928,51.76,48.38,50.523,1227.9303580400006
2023-01-26T00:00:00Z,DASHUSD,50.831,51.175,49.37,50.802,283.8618866699999
2023-01-27T00:00:00Z,DASHUSD,50.748,52.176,49.67,51.697,1338.8929589200013
2023-01-28T00:00:00Z,DASHUSD,51.83,51.992,50.13,50.274,1347.1258929299995
2023-01-29T00:00:00Z,DASHUSD,50.689,58.173,50.689,56.857,7304.8133785299915
2023-01-30T00:00:00Z,DASHUSD,56.69,60.465,55.519,59.689,2746.3682300799987
2023-01-31T00:00:00Z,DASHUSD,59.404,62.429,58.853,60.204,4068.5097027299926
2023-02-01T00:00:00Z,DASHUSD,60.24,63.71,58.339,62.903,1773.7335977100001
2023-02-02T00:00:00Z,DASHUSD,62.907,63.856,60.621,61.471,2843.2681338099947
2023-02-03T00:00:00Z,DASHUSD,61.632,64.664,60.91,62.938,1753.6551025200008
2023-02-04T00:00:00Z,DASHUSD,63.088,63.088,61.186,61.378,373.54350911999984
2023-02-05T00:00:00Z,DASHUSD,61.556,61.556,58.14,59.376,1049.92056361
2023-02-06T00:00:00Z,DASHUSD,60.146,64.135,58.905,61.913,5130.198002679986
2023-02-07T00:00:00Z,DASHUSD,62.229,66.205,61.992,65.8,5986.25247014
2023-02-08T00:00:00Z,DASHUSD,65.8,66.49,62.294,64.323,1711.410270660003
2023-02-09T00:00:00Z,DASHUSD,64.315,64.336,55.077,57.137,4446.646792009991
2023-02-10T00:00:00Z,DASHUSD,57.49,58.606,57.031,57.797,492.53365747999976
2023-02-11T00:00:00Z,DASHUSD,57.801,62.652,57.801,62.108,1736.9560099200005
2023-02-12T00:00:00Z,DASHUSD,62.136,63.242,60.712,62.33,718.27901254
2023-02-13T00:00:00Z,DASHUSD,62.833,64.588,60.695,63.15,6464.640265779984
2023-02-14T00:00:00Z,DASHUSD,63.119,69.371,62.264,68.236,4880.70157698999
2023-02-15T00:00:00Z,DASHUSD,68.15,73.848,68.037,73.757,8207.43542271997
2023-02-16T00:00:00Z,DASHUSD,73.223,77.551,71.789,73.613,3166.888187460002
2023-02-17T00:00:00Z,DASHUSD,73.507,74.862,70.859,72.754,1088.8605225700007
2023-02-18T00:00:00Z,DASHUSD,73.247,75.439,71.781,72.308,1363.2755751000002
2023-02-19T00:00:00Z,DASHUSD,72.286,73.26,70.449,70.611,2023.2096058900001
2023-02-20T00:00:00Z,DASHUSD,71.94,74.0,70.45,72.197,1705.7448221300012
2023-02-21T00:00:00Z,DASHUSD,72.526,72.62,68.821,70.644,4577.019306710001
2023-02-22T00:00:00Z,DASHUSD,70.644,73.791,68.588,73.499,740.0893909800009
2023-02-23T00:00:00Z,DASHUSD,73.448,73.904,70.45,70.831,569.1732067100002
2023-02-24T00:00:00Z,DASHUSD,70.987,71.212,67.5,69.985,904.3479076300001
2023-02-25T00:00:00Z,DASHUSD,70.245,70.245,67.04,69.306,583.0663298300003
2023-02-26T00:00:00Z,DASHUSD,69.224,74.484,69.031,74.076,1922.4452333700006
2023-02-27T00:00:00Z,DASHUSD,74.119,74.663,72.092,74.329,1537.468818429999
2023-02-28T00:00:00Z,DASHUSD,74.402,74.402,71.348,71.472,751.7783122899996
2023-03-01T00:00:00Z,DASHUSD,71.698,73.985,71.116,73.985,1219.1479143099987
2023-03-02T00:00:00Z,DASHUSD,74.05,74.294,70.75,72.249,658.4527932699999
2023-03-03T00:00:00Z,DASHUSD,72.187,72.187,66.0,69.322,1449.1204359000012
2023-03-04T00:00:00Z,DASHUSD,69.28,69.79,65.58,67.284,1381.5810351799992
2023-03-05T00:00:00Z,DASHUSD,67.16,68.751,64.744,65.282,872.6537357899997
2023-03-06T00:00:00Z,DASHUSD,65.713,65.767,61.249,62.34,1235.9897969799993
2023-03-07T00:00:00Z,DASHUSD,62.342,63.359,60.447,61.071,1003.9700980199991
2023-03-08T00:00:00Z,DASHUSD,62.185,62.33,57.469,58.26,813.6303308699997
2023-03-09T00:00:00Z,DASHUSD,58.053,60.088,53.251,54.77,1629.47902357
2023-03-10T00:00:00Z,DASHUSD,54.686,54.686,47.0,50.555,3189.2057992199984
2023-03-11T00:00:00Z,DASHUSD,49.934,51.885,43.895,46.948,5539.675184969994
2023-03-12T00:00:00Z,DASHUSD,46.719,54.108,45.858,53.502,8048.046465710005
2023-03-13T00:00:00Z,DASHUSD,53.615,57.575,51.16,56.108,4194.009968739997
2023-03-14T00:00:00Z,DASHUSD,56.576,60.347,54.467,58.37,3289.01713024
2023-03-15T00:00:00Z,DASHUSD,58.668,59.695,50.855,52.022,2065.3354892500006
2023-03-16T00:00:00Z,DASHUSD,52.229,53.809,51.565,53.184,6061.859070429993
2023-03-17T00:00:00Z,DASHUSD,53.045,58.445,52.456,58.445,2116.02740843
2023-03-18T00:00:00Z,DASHUSD,58.359,60.321,55.366,55.827,1436.3894346200002
2023-03-19T00:00:00Z,DASHUSD,56.746,58.42,55.28,57.715,2679.4733053099994
2023-03-20T00:00:00Z,DASHUSD,57.53,58.842,55.366,56.382,1201.1652834999998
2023-03-21T00:00:00Z,DASHUSD,55.505,58.886,54.075,58.598,1868.2487776700013
2023-03-22T00:00:00Z,DASHUSD,58.525,59.319,53.876,59.319,1405.6824421500003
2023-03-23T00:00:00Z,DASHUSD,58.784,64.205,56.18,63.545,1626.1949334700003
2023-03-24T00:00:00Z,DASHUSD,63.753,64.522,59.739,61.687,1414.8125486400006
2023-03-25T00:00:00Z,DASHUSD,61.773,62.343,57.507,58.22,671.29323085
2023-03-26T00:00:00Z,DASHUSD,58.22,60.215,57.591,59.447,321.26879346
2023-03-27T00:00:00Z,DASHUSD,59.098,59.098,54.602,56.116,960.9475599599994
2023-03-28T00:00:00Z,DASHUSD,55.974,56.685,54.61,56.286,2732.6359273300045
2023-03-29T00:00:00Z,DASHUSD,56.58,58.929,56.58,58.011,684.4671411000002
2023-03-30T00:00:00Z,DASHUSD,57.954,58.941,55.28,56.424,1286.4608451400009
2023-03-31T00:00:00Z,DASHUSD,56.629,58.574,55.532,58.415,2899.1486835599994
2023-04-01T00:00:00Z,DASHUSD,58.683,60.103,58.169,58.664,984.5256821399996
2023-04-02T00:00:00Z,DASHUSD,58.69,59.285,56.103,57.117,749.8058522800002
2023-04-03T00:00:00Z,DASHUSD,56.231,58.597,55.416,57.797,1988.5232803300003
2023-04-04T00:00:00Z,DASHUSD,57.734,58.066,56.75,57.423,633.6701663800002
2023-04-05T00:00:00Z,DASHUSD,57.57,58.87,56.741,57.694,978.4881089399994
2023-04-06T00:00:00Z,DASHUSD,57.495,57.495,56.111,56.654,278.09843801
2023-04-07T00:00:00Z,DASHUSD,56.43,56.548,55.53,56.092,228.29938639000008
2023-04-08T00:00:00Z,DASHUSD,56.089,56.392,55.308,55.694,776.0678012900003
2023-04-09T00:00:00Z,DASHUSD,55.691,56.158,54.483,55.902,1075.4457189999996
2023-04-10T00:00:00Z,DASHUSD,55.742,57.793,55.287,57.639,574.2795646100002
2023-04-11T00:00:00Z,DASHUSD,57.506,58.366,56.944,56.944,711.8741949299999
2023-04-12T00:00:00Z,DASHUSD,56.956,56.956,54.698,55.733,297.9123173799998
2023-04-13T00:00:00Z,DASHUSD,55.736,57.605,55.642,57.263,405.35083313999985
2023-04-14T00:00:00Z,DASHUSD,57.413,60.142,56.827,60.142,1462.6144885999995
2023-04-15T00:00:00Z,DASHUSD,60.0,60.564,58.98,59.698,302.71605615
2023-04-16T00:00:00Z,DASHUSD,58.808,61.88,58.348,61.288,2292.1004478600007
2023-04-17T00:00:00Z,DASHUSD,60.991,60.991,57.67,58.401,1861.6968201999994
2023-04-18T00:00:00Z,DASHUSD,58.413,60.249,57.696,59.655,1079.237241570001
2023-04-19T00:00:00Z,DASHUSD,59.506,59.545,51.833,53.029,2536.2856405000016
2023-04-20T00:00:00Z,DASHUSD,53.1,53.5,50.69,51.773,1302.33184586
2023-04-21T00:00:00Z,DASHUSD,51.661,52.18,48.233,48.807,1706.8799608800014
2023-04-22T00:00:00Z,DASHUSD,49.132,50.403,48.743,50.226,330.1332562999999
2023-04-23T00:00:00Z,DASHUSD,49.725,50.781,48.637,50.246,471.7720005699999
2023-04-24T00:00:00Z,DASHUSD,49.975,51.037,48.96,49.848,1437.1309563500015
2023-04-25T00:00:00Z,DASHUSD,50.001,51.65,49.237,51.635,406.0187371899999
2023-04-26T00:00:00Z,DASHUSD,51.582,53.4,47.286,49.792,3931.8178820999865
2023-04-27T00:00:00Z,DASHUSD,50.136,51.34,49.247,50.203,1637.24430606
2023-04-28T00:00:00Z,DASHUSD,50.408,50.569,49.54,50.087,1842.2323483199998
2023-04-29T00:00:00Z,DASHUSD,49.959,51.419,49.858,50.972,151.41164074999998
2023-04-30T00:00:00Z,DASHUSD,51.092,51.097,49.352,49.962,230.51733370000005
2023-05-01T00:00:00Z,DASHUSD,49.592,49.793,47.8,48.243,1134.0014496799995
2023-05-02T00:00:00Z,DASHUSD,48.17,48.817,47.629,48.552,420.6640955999998
2023-05-03T00:00:00Z,DASHUSD,48.58,49.455,47.04,49.16,374.58626833999995
2023-05-04T00:00:00Z,DASHUSD,49.296,49.296,48.375,48.745,326.6050443400002
2023-05-05T00:00:00Z,DASHUSD,48.687,49.2,48.04,48.732,877.3628177300008
2023-05-06T00:00:00Z,DASHUSD,48.551,48.872,45.169,45.49,2968.75505498
2023-05-07T00:00:00Z,DASHUSD,45.605,46.281,45.573,45.624,258.42421515
2023-05-08T00:00:00Z,DASHUSD,45.674,45.767,40.867,41.785,2635.4837310199987
2023-05-09T00:00:00Z,DASHUSD,41.77,42.003,40.249,42.003,934.7355508800002
2023-05-10T00:00:00Z,DASHUSD,42.2,43.877,40.618,43.119,839.7479809999999
2023-05-11T00:00:00Z,DASHUSD,42.934,42.934,39.5,40.783,1061.4430958800012
2023-05-12T00:00:00Z,DASHUSD,40.864,40.966,38.837,40.89,2054.552737800001
2023-05-13T00:00:00Z,DASHUSD,40.65,41.033,40.02,40.829,665.7685320999998
2023-05-14T00:00:00Z,DASHUSD,40.51,41.73,40.161,41.188,617.2909637800002
2023-05-15T00:00:00Z,DASHUSD,41.251,42.744,40.67,42.068,748.6251067900001
2023-05-16T00:00:00Z,DASHUSD,42.194,43.456,41.613,43.258,490.03331432000004
2023-05-17T00:00:00Z,DASHUSD,43.26,45.404,43.26,44.292,2301.1291922799987
2023-05-18T00:00:00Z,DASHUSD,44.203,44.396,42.293,43.352,747.6932603200001
2023-05-19T00:00:00Z,DASHUSD,43.199,44.847,43.199,44.517,974.3490347600004
2023-05-20T00:00:00Z,DASHUSD,44.346,44.423,43.881,44.282,135.25734805000002
2023-05-21T00:00:00Z,DASHUSD,44.242,44.242,43.326,43.942,190.62283379999994
2023-05-22T00:00:00Z,DASHUSD,43.576,43.84,43.138,43.418,442.33139134000015
2023-05-23T00:00:00Z,DASHUSD,43.313,44.632,43.279,43.279,5202.725720719994
2023-05-24T00:00:00Z,DASHUSD,43.302,43.334,40.383,41.029,2338.5244105799993
2023-05-25T00:00:00Z,DASHUSD,40.658,41.498,39.757,41.25,1705.1494789300002
2023-05-26T00:00:00Z,DASHUSD,40.968,42.2,40.87,42.151,417.96794066999996
2023-05-27T00:00:00Z,DASHUSD,41.818,42.415,41.522,42.008,433.38238377000016
2023-05-28T00:00:00Z,DASHUSD,42.254,49.792,42.254,43.863,3440.735292669999
2023-05-29T00:00:00Z,DASHUSD,43.856,43.96,42.913,43.408,623.4331231100001
2023-05-30T00:00:00Z,DASHUSD,43.289,44.112,42.6,43.74,2199.9187635399994
2023-05-31T00:00:00Z,DASHUSD,43.901,44.301,41.554,41.925,539.97736718
2023-06-01T00:00:00Z,DASHUSD,41.914,42.202,40.959,41.792,571.6465730800002
2023-06-02T00:00:00Z,DASHUSD,41.898,42.723,41.732,42.723,823.5097906400001
2023-06-03T00:00:00Z,DASHUSD,42.395,43.301,42.257,42.573,146.92892648999998
2023-06-04T00:00:00Z,DASHUSD,42.563,43.461,42.293,42.778,106.73788311000001
2023-06-05T00:00:00Z,DASHUSD,42.502,42.55,37.951,39.202,2672.8596181499975
2023-06-06T00:00:00Z,DASHUSD,38.814,40.074,37.904,40.043,1152.4632796700007
2023-06-07T00:00:00Z,DASHUSD,39.979,39.979,37.521,38.384,2987.6671534099987
2023-06-08T00:00:00Z,DASHUSD,38.423,39.161,37.604,38.853,967.3514737800001
2023-06-09T00:00:00Z,DASHUSD,38.712,39.151,38.079,38.409,2489.5500027800017
2023-06-10T00:00:00Z,DASHUSD,38.286,38.286,27.293,29.866,9749.013114849997
2023-06-11T00:00:00Z,DASHUSD,29.804,30.034,28.568,29.115,1810.73041417
2023-06-12T00:00:00Z,DASHUSD,29.016,29.362,28.158,29.117,1005.4518986000003
2023-06-13T00:00:00Z,DASHUSD,29.046,29.733,28.634,29.644,1969.1424593900017
2023-06-14T00:00:00Z,DASHUSD,29.61,30.396,28.163,29.0,1438.8028846399986
2023-06-15T00:00:00Z,DASHUSD,29.318,29.893,28.852,29.621,1887.6164911400015
2023-06-16T00:00:00Z,DASHUSD,29.565,31.052,29.432,30.644,1407.0563589499998
2023-06-17T00:00:00Z,DASHUSD,30.508,31.417,30.485,31.321,339.92480587
2023-06-18T00:00:00Z,DASHUSD,31.087,31.202,29.937,30.15,433.2656185300002
2023-06-19T00:00:00Z,DASHUSD,30.132,31.084,30.079,30.815,485.79133157999996
2023-06-20T00:00:00Z,DASHUSD,30.751,32.996,30.75,32.764,2938.868980099998
2023-06-21T00:00:00Z,DASHUSD,32.761,34.221,32.761,33.463,4305.017462419991
2023-06-22T00:00:00Z,DASHUSD,33.463,34.491,32.331,32.918,1026.1642862099998
2023-06-23T00:00:00Z,DASHUSD,33.134,35.646,32.96,34.674,3502.766300490001
2023-06-24T00:00:00Z,DASHUSD,34.524,35.728,34.221,35.125,1972.693073710001
2023-06-25T00:00:00Z,DASHUSD,35.236,36.863,34.91,35.312,1769.8551193700018
2023-06-26T00:00:00Z,DASHUSD,35.132,36.95,34.168,36.091,3614.1920361599973
2023-06-27T00:00:00Z,DASHUSD,36.02,36.775,35.291,36.068,1444.69662136
2023-06-28T00:00:00Z,DASHUSD,35.895,35.895,32.962,33.795,1780.7135366700002
2023-06-29T00:00:00Z,DASHUSD,33.766,34.55,33.629,34.112,1043.4782264300002
2023-06-30T00:00:00Z,DASHUSD,34.258,38.932,34.006,37.599,4030.7488042599953
2023-07-01T00:00:00Z,DASHUSD,37.876,39.366,37.559,37.77,2995.3673881299987
2023-07-02T00:00:00Z,DASHUSD,38.134,38.274,36.781,38.21,1084.0281397499998
2023-07-03T00:00:00Z,DASHUSD,38.036,38.4,37.293,37.571,1461.6493866400003
2023-07-04T00:00:00Z,DASHUSD,37.606,38.118,35.961,36.596,730.3879361900001
2023-07-05T00:00:00Z,DASHUSD,36.422,36.629,34.517,35.137,989.8896514699995
2023-07-06T00:00:00Z,DASHUSD,34.698,36.064,33.424,33.654,3152.9181133199986
2023-07-07T00:00:00Z,DASHUSD,33.406,34.067,33.293,33.925,913.7325507199995
2023-07-08T00:00:00Z,DASHUSD,33.935,34.17,32.991,33.478,109.30769217999996
2023-07-09T00:00:00Z,DASHUSD,33.578,33.877,33.297,33.695,280.3026676299999
2023-07-10T00:00:00Z,DASHUSD,33.237,34.08,32.436,33.547,4292.961955759999
2023-07-11T00:00:00Z,DASHUSD,33.62,33.816,33.105,33.508,715.5218520600001
2023-07-12T00:00:00Z,DASHUSD,33.569,33.926,33.102,33.426,173.32892540000006
2023-07-13T00:00:00Z,DASHUSD,33.422,36.159,32.99,36.027,2741.247357530002
2023-07-14T00:00:00Z,DASHUSD,36.0,36.447,33.264,34.261,2889.3899499499958
2023-07-15T00:00:00Z,DASHUSD,34.118,34.696,33.839,33.939,488.85576592000007
2023-07-16T00:00:00Z,DASHUSD,34.037,34.037,32.573,32.751,2178.01918039
2023-07-17T00:00:00Z,DASHUSD,32.677,33.497,32.049,33.046,2979.6843751000015
2023-07-18T00:00:00Z,DASHUSD,33.112,33.54,31.412,31.997,1458.3075114600001
2023-07-19T00:00:00Z,DASHUSD,31.996,32.709,31.996,32.133,2004.9545466200013
2023-07-20T00:00:00Z,DASHUSD,32.129,33.107,32.045,32.562,721.15904003
2023-07-21T00:00:00Z,DASHUSD,32.465,33.18,32.413,33.081,963.2846069499994
2023-07-22T00:00:00Z,DASHUSD,33.221,33.602,32.414,32.414,779.2215358899997
2023-07-23T00:00:00Z,DASHUSD,32.555,33.996,32.528,33.678,739.7478247200002
2023-07-24T00:00:00Z,DASHUSD,33.821,33.821,31.458,32.018,1944.6147131500006
2023-07-25T00:00:00Z,DASHUSD,31.929,32.009,31.23,31.403,1260.9937401899995
2023-07-26T00:00:00Z,DASHUSD,31.419,31.909,30.839,31.643,976.3653131600006
2023-07-27T00:00:00Z,DASHUSD,31.575,31.968,31.327,31.749,1613.2067107100015
2023-07-28T00:00:00Z,DASHUSD,31.904,32.538,31.631,32.259,1109.0114046100005
2023-07-29T00:00:00Z,DASHUSD,32.372,32.549,32.033,32.549,1065.8063375500003
2023-07-30T00:00:00Z,DASHUSD,32.54,32.69,31.22,32.147,962.8579196200005
2023-07-31T00:00:00Z,DASHUSD,32.058,32.318,31.345,31.649,1092.1471801400003
2023-08-01T00:00:00Z,DASHUSD,31.53,31.7,30.374,31.7,1019.6264201299996
2023-08-02T00:00:00Z,DASHUSD,31.751,32.257,31.569,31.892,1204.2935790299996
2023-08-03T00:00:00Z,DASHUSD,31.89,32.091,31.329,31.347,572.9360293799998
2023-08-04T00:00:00Z,DASHUSD,31.332,31.404,30.5,30.751,1591.675842870002
2023-08-05T00:00:00Z,DASHUSD,30.757,30.959,30.359,30.94,678.9521229500001
2023-08-06T00:00:00Z,DASHUSD,30.757,32.757,30.743,32.332,1040.4489550599997
2023-08-07T00:00:00Z,DASHUSD,32.451,33.351,31.865,32.457,1799.5740495500004
2023-08-08T00:00:00Z,DASHUSD,32.333,33.206,32.196,32.9,908.1761834799998
2023-08-09T00:00:00Z,DASHUSD,32.9,33.308,32.648,32.874,1116.7760234500004
2023-08-10T00:00:00Z,DASHUSD,32.682,32.99,31.807,32.321,1863.7938723600007
2023-08-11T00:00:00Z,DASHUSD,32.293,32.758,32.168,32.463,291.05693033
2023-08-12T00:00:00Z,DASHUSD,32.434,32.476,32.09,32.241,344.0874493099997
2023-08-13T00:00:00Z,DASHUSD,32.206,32.342,31.812,31.812,76.44284445000002
2023-08-14T00:00:00Z,DASHUSD,31.94,32.286,31.784,31.989,1608.6454224400006
2023-08-15T00:00:00Z,DASHUSD,31.888,31.888,28.807,29.747,2725.8227217800004
2023-08-16T00:00:00Z,DASHUSD,29.701,29.769,27.547,28.393,3041.1512808499956
2023-08-17T00:00:00Z,DASHUSD,28.357,28.641,23.864,26.0,3419.9302437699994
2023-08-18T00:00:00Z,DASHUSD,26.032,26.618,25.754,26.508,1314.1092893400012
2023-08-19T00:00:00Z,DASHUSD,26.439,26.762,26.268,26.614,491.47333033999985
2023-08-20T00:00:00Z,DASHUSD,26.896,27.2,26.635,27.003,215.66977264999997
2023-08-21T00:00:00Z,DASHUSD,26.901,27.021,25.867,26.431,2713.4045554299996
2023-08-22T00:00:00Z,DASHUSD,26.412,26.762,25.644,26.279,2550.6709650600005
2023-08-23T00:00:00Z,DASHUSD,26.298,26.839,25.735,26.463,768.7974844700002
2023-08-24T00:00:00Z,DASHUSD,26.515,26.515,24.869,25.174,2388.4628164700025
2023-08-25T00:00:00Z,DASHUSD,25.092,25.54,24.421,25.489,926.0092314100002
2023-08-26T00:00:00Z,DASHUSD,25.461,25.652,25.222,25.319,342.4090742899998
2023-08-27T00:00:00Z,DASHUSD,25.339,25.904,25.176,25.691,364.7551867799999
2023-08-28T00:00:00Z,DASHUSD,25.645,26.366,25.407,26.124,1092.8658833499999
2023-08-29T00:00:00Z,DASHUSD,26.124,27.433,25.431,27.107,3394.7376637099997
2023-08-30T00:00:00Z,DASHUSD,27.102,27.102,26.625,26.961,3377.14143017
2023-08-31T00:00:00Z,DASHUSD,26.861,27.146,25.566,26.03,1116.80745611
2023-09-01T00:00:00Z,DASHUSD,26.066,26.135,25.061,25.243,1913.2119352400014
2023-09-02T00:00:00Z,DASHUSD,25.25,25.417,24.981,25.383,546.9541154599999
2023-09-03T00:00:00Z,DASHUSD,25.344,25.762,25.302,25.593,899.7782695200004
2023-09-04T00:00:00Z,DASHUSD,25.603,25.907,25.28,25.619,1169.4045608499998
2023-09-05T00:00:00Z,DASHUSD,25.5,25.857,25.291,25.73,2456.4795253199977
2023-09-06T00:00:00Z,DASHUSD,25.752,25.834,24.0,25.594,10719.188029120027
2023-09-07T00:00:00Z,DASHUSD,25.559,26.221,25.53,26.023,1193.8243446499994
2023-09-08T00:00:00Z,DASHUSD,26.028,26.493,25.662,26.19,2026.2349208500025
2023-09-09T00:00:00Z,DASHUSD,26.19,26.531,26.118,26.513,702.85154695
2023-09-10T00:00:00Z,DASHUSD,26.494,26.494,25.175,25.627,1008.7526887400007
2023-09-11T00:00:00Z,DASHUSD,25.654,25.654,24.356,24.68,3675.078681429998
2023-09-12T00:00:00Z,DASHUSD,24.71,25.826,24.71,25.356,4822.709690689994
2023-09-13T00:00:00Z,DASHUSD,25.326,25.776,25.087,25.598,795.1767836100001
2023-09-14T00:00:00Z,DASHUSD,25.561,25.91,25.32,25.598,731.9404165900004
2023-09-15T00:00:00Z,DASHUSD,25.604,26.72,25.46,26.571,1016.1694647400001
2023-09-16T00:00:00Z,DASHUSD,26.557,27.186,26.502,26.8,219.46847764
2023-09-17T00:00:00Z,DASHUSD,26.691,26.695,25.6,25.809,539.7795392400001
2023-09-18T00:00:00Z,DASHUSD,25.68,26.783,25.581,25.952,1168.72318274
2023-09-19T00:00:00Z,DASHUSD,25.89,26.486,25.817,26.309,2198.3931887500007
2023-09-20T00:00:00Z,DASHUSD,26.429,26.5,25.986,26.476,791.6594720999997
2023-09-21T00:00:00Z,DASHUSD,26.6,26.732,25.883,26.212,1638.8597908299996
2023-09-22T00:00:00Z,DASHUSD,26.218,26.78,26.115,26.78,924.7302282199995
2023-09-23T00:00:00Z,DASHUSD,26.697,26.931,26.533,26.729,974.7305124599995
2023-09-24T00:00:00Z,DASHUSD,26.596,26.861,26.298,26.368,278.72170413
2023-09-25T00:00:00Z,DASHUSD,26.337,27.095,26.125,26.929,456.06452188
2023-09-26T00:00:00Z,DASHUSD,26.969,27.311,26.231,26.535,4227.512677250002
2023-09-27T00:00:00Z,DASHUSD,26.573,27.138,26.191,26.244,578.34478392
2023-09-28T00:00:00Z,DASHUSD,26.478,27.141,26.295,26.911,388.20767825
2023-09-29T00:00:00Z,DASHUSD,26.927,27.686,26.801,27.439,1503.985522270001
2023-09-30T00:00:00Z,DASHUSD,27.37,28.197,27.161,27.732,709.5884567800003
2023-10-01T00:00:00Z,DASHUSD,27.766,28.6,27.457,28.428,1240.9955373499997
2023-10-02T00:00:00Z,DASHUSD,28.241,28.6,26.935,27.446,3716.2749493700026
2023-10-03T00:00:00Z,DASHUSD,27.406,27.899,26.908,27.058,1694.9242758500013
2023-10-04T00:00:00Z,DASHUSD,26.983,27.179,26.16,27.151,814.0366328499999
2023-10-05T00:00:00Z,DASHUSD,27.11,27.553,26.732,26.95,437.3183834300001
2023-10-06T00:00:00Z,DASHUSD,26.955,27.152,26.805,26.904,356.44094161999993
2023-10-07T00:00:00Z,DASHUSD,26.872,27.231,26.719,26.778,1891.5633676100017
2023-10-08T00:00:00Z,DASHUSD,26.786,26.927,26.43,26.569,2413.379555650001
2023-10-09T00:00:00Z,DASHUSD,26.523,26.689,24.994,25.879,1527.0767485199997
2023-10-10T00:00:00Z,DASHUSD,26.009,26.253,25.411,25.69,1683.9054856000005
2023-10-11T00:00:00Z,DASHUSD,25.65,26.19,25.119,25.515,963.2725556600001
2023-10-12T00:00:00Z,DASHUSD,25.474,25.474,23.276,25.031,2181.294296869999
2023-10-13T00:00:00Z,DASHUSD,25.001,25.717,24.779,25.386,2202.840208019999
2023-10-14T00:00:00Z,DASHUSD,25.357,25.679,25.357,25.5,1679.6177389200004
2023-10-15T00:00:00Z,DASHUSD,25.488,25.8,25.412,25.611,451.9234451999998
2023-10-16T00:00:00Z,DASHUSD,25.636,26.848,25.607,25.78,1465.1337085900013
2023-10-17T00:00:00Z,DASHUSD,25.761,25.874,24.728,25.003,667.2624365300001
2023-10-18T00:00:00Z,DASHUSD,25.028,25.302,24.62,24.794,846.9899876400004
2023-10-19T00:00:00Z,DASHUSD,24.737,24.944,24.599,24.899,1149.04285421
2023-10-20T00:00:00Z,DASHUSD,24.92,25.892,24.859,25.296,1747.4210717300011
2023-10-21T00:00:00Z,DASHUSD,25.4,26.464,25.312,26.135,597.8272607799996
2023-10-22T00:00:00Z,DASHUSD,26.081,26.367,25.653,26.297,1519.9493238800023
2023-10-23T00:00:00Z,DASHUSD,26.268,27.961,26.112,27.6,3128.512607000003
2023-10-24T00:00:00Z,DASHUSD,27.7,28.844,27.133,27.954,3727.1640697299954
2023-10-25T00:00:00Z,DASHUSD,28.014,28.344,27.21,27.538,2483.337219690004
2023-10-26T00:00:00Z,DASHUSD,27.648,28.809,27.102,27.96,2699.681990740004
2023-10-27T00:00:00Z,DASHUSD,27.976,28.035,27.015,27.579,2435.9695592499966
2023-10-28T00:00:00Z,DASHUSD,27.66,28.48,27.637,28.448,671.7916169699974
2023-10-29T00:00:00Z,DASHUSD,28.611,28.8,28.143,28.489,319.24150375999955
2023-10-30T00:00:00Z,DASHUSD,28.66,29.468,28.278,29.449,2220.6040984300025
2023-10-31T00:00:00Z,DASHUSD,29.533,30.936,28.31,29.331,4483.99110208999
2023-11-01T00:00:00Z,DASHUSD,29.334,30.191,28.369,29.893,3016.706892079998
2023-11-02T00:00:00Z,DASHUSD,29.974,30.287,28.131,28.561,3213.66214138
2023-11-03T00:00:00Z,DASHUSD,28.536,29.0,27.75,29.0,1633.6504376999999
2023-11-04T00:00:00Z,DASHUSD,28.895,30.0,28.806,29.773,2890.7195446500027
2023-11-05T00:00:00Z,DASHUSD,29.917,30.662,29.788,30.441,3381.7469555599973
2023-11-06T00:00:00Z,DASHUSD,30.438,31.27,30.007,31.085,2199.8435767200017
2023-11-07T00:00:00Z,DASHUSD,30.956,31.824,30.07,30.947,1874.41733837
2023-11-08T00:00:00Z,DASHUSD,30.927,31.659,30.712,31.42,4511.93794658
2023-11-09T00:00:00Z,DASHUSD,31.33,32.721,28.01,30.367,4984.315471829994
2023-11-10T00:00:00Z,DASHUSD,30.549,32.923,30.09,32.129,2408.5611294900023
2023-11-11T00:00:00Z,DASHUSD,32.213,33.282,31.143,33.137,2642.778748439997
2023-11-12T00:00:00Z,DASHUSD,33.091,33.986,31.774,33.608,3731.229152479996
2023-11-13T00:00:00Z,DASHUSD,33.583,34.2,31.727,32.224,2890.8388773399997
2023-11-14T00:00:00Z,DASHUSD,31.84,32.57,30.01,31.024,2371.8498614200007
2023-11-15T00:00:00Z,DASHUSD,30.937,32.326,30.937,32.255,2529.022546449999
2023-11-16T00:00:00Z,DASHUSD,32.319,32.633,30.072,30.685,3777.211709600002
2023-11-17T00:00:00Z,DASHUSD,30.647,31.286,29.548,30.74,929.6396817400001
2023-11-18T00:00:00Z,DASHUSD,30.484,30.491,29.1,29.896,1792.4839345500006
2023-11-19T00:00:00Z,DASHUSD,29.819,30.669,29.293,30.669,636.51399822
2023-11-20T00:00:00Z,DASHUSD,30.624,31.24,30.331,30.625,1684.38407174
2023-11-21T00:00:00Z,DASHUSD,30.694,31.211,27.76,28.097,3017.134925109998
2023-11-22T00:00:00Z,DASHUSD,28.127,29.486,28.127,29.172,2787.9092759399964
2023-11-23T00:00:00Z,DASHUSD,29.202,29.837,28.981,29.628,1304.7657127100001
2023-11-24T00:00:00Z,DASHUSD,29.571,30.445,29.571,30.109,1263.0804935800006
2023-11-25T00:00:00Z,DASHUSD,30.169,31.253,30.169,31.151,940.6549481200005
2023-11-26T00:00:00Z,DASHUSD,31.047,31.117,29.915,30.95,1290.9699670900006
2023-11-27T00:00:00Z,DASHUSD,30.772,30.999,29.099,29.77,1568.425362230001
2023-11-28T00:00:00Z,DASHUSD,29.804,30.452,29.176,29.972,988.30199854
2023-11-29T00:00:00Z,DASHUSD,29.94,30.417,29.534,29.982,2000.9457421900026
2023-11-30T00:00:00Z,DASHUSD,30.041,30.241,29.817,30.169,1965.0716892899998
2023-12-01T00:00:00Z,DASHUSD,30.194,30.699,30.12,30.644,1671.8704949700004
2023-12-02T00:00:00Z,DASHUSD,30.7,32.005,30.7,31.869,3661.2689313699993
2023-12-03T00:00:00Z,DASHUSD,31.932,31.959,31.008,31.535,3017.0200464999975
2023-12-04T00:00:00Z,DASHUSD,31.609,32.788,31.133,32.381,2717.3304038799865
2023-12-05T00:00:00Z,DASHUSD,32.4,32.709,31.5,32.435,1831.1732773900012
2023-12-06T00:00:00Z,DASHUSD,32.662,32.816,31.182,31.947,2870.2610741600015
2023-12-07T00:00:00Z,DASHUSD,32.005,33.37,31.885,33.208,1846.5799799100007
2023-12-08T00:00:00Z,DASHUSD,33.253,36.064,32.911,34.705,5474.182475869999
2023-12-09T00:00:00Z,DASHUSD,34.756,35.745,34.331,34.825,4185.2352392600005
2023-12-10T00:00:00Z,DASHUSD,35.084,36.329,34.483,34.712,3649.45881765
2023-12-11T00:00:00Z,DASHUSD,34.976,34.976,30.313,32.321,8001.988042579998
2023-12-12T00:00:00Z,DASHUSD,32.377,33.32,32.118,32.979,2288.888122239999
2023-12-13T00:00:00Z,DASHUSD,32.972,34.055,31.832,33.456,2919.031256579999
2023-12-14T00:00:00Z,DASHUSD,33.353,34.363,32.543,34.104,3693.7622638999997
2023-12-15T00:00:00Z,DASHUSD,33.893,33.895,31.88,31.88,6368.300636929993
2023-12-16T00:00:00Z,DASHUSD,31.969,32.997,31.677,32.733,2081.49023901
2023-12-17T00:00:00Z,DASHUSD,32.84,32.879,31.76,31.824,778.4562140700001
2023-12-18T00:00:00Z,DASHUSD,31.878,31.909,29.707,31.438,3100.025167230002
2023-12-19T00:00:00Z,DASHUSD,31.444,32.081,30.235,30.391,705.8573211200004
2023-12-20T00:00:00Z,DASHUSD,30.509,31.785,30.41,31.103,3375.9834540099987
2023-12-21T00:00:00Z,DASHUSD,31.131,32.339,30.921,32.159,2198.2730422500013
2023-12-22T00:00:00Z,DASHUSD,32.245,33.113,31.97,33.089,3082.5086233599973
2023-12-23T00:00:00Z,DASHUSD,33.131,33.442,32.101,33.442,1476.4332830200008
2023-12-24T00:00:00Z,DASHUSD,33.376,35.42,32.68,34.551,4321.921893209999
2023-12-25T00:00:00Z,DASHUSD,34.515,35.5,34.169,35.279,2178.29949351
2023-12-26T00:00:00Z,DASHUSD,35.329,36.962,34.249,36.308,3751.4933924299944
2023-12-27T00:00:00Z,DASHUSD,36.213,38.656,34.47,38.535,5369.468648539997
2023-12-28T00:00:00Z,DASHUSD,38.363,38.466,36.195,37.062,6277.863301159995
2023-12-29T00:00:00Z,DASHUSD,37.025,37.181,32.119,33.015,10474.40547719002
2023-12-30T00:00:00Z,DASHUSD,32.874,33.446,32.492,33.021,3140.5146642499953
2023-12-31T00:00:00Z,DASHUSD,32.997,33.089,30.811,31.672,2522.744306159999
2024-01-01T00:00:00Z,DASHUSD,31.757,33.571,31.163,33.306,4426.495721909992
2024-01-02T00:00:00Z,DASHUSD,33.145,33.959,32.44,32.824,2633.2815627500036
2024-01-03T00:00:00Z,DASHUSD,32.86,33.375,26.585,28.947,10568.779323850018
2024-01-04T00:00:00Z,DASHUSD,29.128,30.667,28.458,30.022,4432.698460629998
2024-01-05T00:00:00Z,DASHUSD,30.162,30.193,28.13,29.54,4967.591527279997
2024-01-06T00:00:00Z,DASHUSD,29.549,29.567,27.687,28.781,1223.3095035400013
2024-01-07T00:00:00Z,DASHUSD,28.687,29.289,26.836,27.079,2491.738721730001
2024-01-08T00:00:00Z,DASHUSD,27.134,28.489,25.311,28.444,2312.52896915
2024-01-09T00:00:00Z,DASHUSD,28.481,28.574,26.408,27.346,4099.379194759999
2024-01-10T00:00:00Z,DASHUSD,27.369,30.0,26.777,29.4,5283.493529039996
2024-01-11T00:00:00Z,DASHUSD,29.384,30.79,29.269,29.935,2536.981481410001
2024-01-12T00:00:00Z,DASHUSD,30.109,31.121,27.564,28.951,2843.822720059997
2024-01-13T00:00:00Z,DASHUSD,29.11,29.958,28.182,29.619,1582.7786382200009
2024-01-14T00:00:00Z,DASHUSD,29.55,29.676,28.244,28.244,1880.9117474500008
2024-01-15T00:00:00Z,DASHUSD,28.206,29.777,28.206,29.178,2785.626114530002
2024-01-16T00:00:00Z,DASHUSD,29.228,29.746,28.934,29.488,883.0412189500005
2024-01-17T00:00:00Z,DASHUSD,29.467,29.599,28.7,28.771,437.9286818699998
2024-01-18T00:00:00Z,DASHUSD,28.87,29.021,27.494,27.854,1661.8938566600007
2024-01-19T00:00:00Z,DASHUSD,27.855,27.99,25.714,27.519,2397.341396910001
2024-01-20T00:00:00Z,DASHUSD,27.589,28.816,27.424,28.66,1661.5248179600007
2024-01-21T00:00:00Z,DASHUSD,28.719,29.641,28.619,28.619,942.7786603800005
2024-01-22T00:00:00Z,DASHUSD,28.659,28.775,27.368,27.551,1431.3191221500008
2024-01-23T00:00:00Z,DASHUSD,27.551,27.997,25.857,26.79,2462.201094669999
2024-01-24T00:00:00Z,DASHUSD,26.8,27.642,26.612,27.131,1870.5684875500008
2024-01-25T00:00:00Z,DASHUSD,27.048,27.111,26.401,26.94,2057.582221050002
2024-01-26T00:00:00Z,DASHUSD,27.035,28.127,27.011,27.687,1851.7172014300015
2024-01-27T00:00:00Z,DASHUSD,27.689,28.106,27.627,28.061,335.6770503499999
2024-01-28T00:00:00Z,DASHUSD,28.117,28.547,27.391,27.625,842.4300744200007
2024-01-29T00:00:00Z,DASHUSD,27.491,28.159,27.288,28.159,1006.3158550199997
2024-01-30T00:00:00Z,DASHUSD,28.021,28.582,27.345,27.49,3497.995798630001
2024-01-31T00:00:00Z,DASHUSD,27.381,27.674,26.31,26.614,1740.4934326600012
2024-02-01T00:00:00Z,DASHUSD,26.707,27.32,26.221,27.18,3367.77600025
2024-02-02T00:00:00Z,DASHUSD,27.276,27.543,26.993,27.531,470.43080104000006
2024-02-03T00:00:00Z,DASHUSD,27.612,27.834,27.284,27.687,1627.60574541
2024-02-04T00:00:00Z,DASHUSD,27.54,27.672,26.757,26.757,602.3661601699998
2024-02-05T00:00:00Z,DASHUSD,26.7,27.467,26.424,27.035,1610.6513662500006
2024-02-06T00:00:00Z,DASHUSD,27.221,27.373,26.328,26.347,2589.2196031299995
2024-02-07T00:00:00Z,DASHUSD,26.261,27.029,26.056,27.029,5100.172680600001
2024-02-08T00:00:00Z,DASHUSD,27.011,27.109,26.632,26.791,1080.0639439399997
2024-02-09T00:00:00Z,DASHUSD,26.886,27.657,26.876,27.507,2756.103759519997
2024-02-10T00:00:00Z,DASHUSD,27.585,27.621,26.932,27.526,290.6589246699999
2024-02-11T00:00:00Z,DASHUSD,27.509,28.345,27.352,27.421,3766.183067450001
2024-02-12T00:00:00Z,DASHUSD,27.471,28.335,27.052,28.231,1210.8270326199997
2024-02-13T00:00:00Z,DASHUSD,28.24,28.423,27.269,27.886,1965.9423892700017
2024-02-14T00:00:00Z,DASHUSD,27.937,28.437,27.493,28.083,1642.7038260400009
2024-02-15T00:00:00Z,DASHUSD,28.194,29.138,28.1,29.046,6904.720291209993
2024-02-16T00:00:00Z,DASHUSD,28.967,29.39,28.212,29.101,1823.8686733800005
2024-02-17T00:00:00Z,DASHUSD,29.109,30.243,28.38,30.15,974.71221099
2024-02-18T00:00:00Z,DASHUSD,30.253,30.59,29.579,29.732,2221.306144759999
2024-02-19T00:00:00Z,DASHUSD,29.903,30.33,29.5,30.129,4001.6923165199987
2024-02-20T00:00:00Z,DASHUSD,30.146,30.825,28.62,29.867,2629.2363294099996
2024-02-21T00:00:00Z,DASHUSD,29.882,29.997,28.269,29.363,3696.334740540001
2024-02-22T00:00:00Z,DASHUSD,29.427,30.969,28.866,29.555,3726.861537070004
2024-02-23T00:00:00Z,DASHUSD,29.686,29.801,28.772,29.436,2066.192439440001
2024-02-24T00:00:00Z,DASHUSD,29.532,30.81,29.134,30.476,3965.2829478600006
2024-02-25T00:00:00Z,DASHUSD,30.443,31.025,29.799,30.995,927.9134769800002
2024-02-26T00:00:00Z,DASHUSD,30.912,31.871,29.972,31.833,4010.9320423900012
2024-02-27T00:00:00Z,DASHUSD,31.83,32.726,31.48,32.076,6557.914589129994
2024-02-28T00:00:00Z,DASHUSD,32.091,33.0,28.421,31.111,5781.340084669987
2024-02-29T00:00:00Z,DASHUSD,31.229,33.85,30.921,31.955,7490.442571169993
2024-03-01T00:00:00Z,DASHUSD,32.154,34.203,32.154,33.945,2972.8089303699994
2024-03-02T00:00:00Z,DASHUSD,33.998,40.83,33.861,39.688,11161.015164170016
2024-03-03T00:00:00Z,DASHUSD,39.894,39.968,34.649,37.937,6229.773828799996
2024-03-04T00:00:00Z,DASHUSD,37.967,40.214,36.0,39.221,7754.073188799979
2024-03-05T00:00:00Z,DASHUSD,39.138,41.299,31.476,35.539,10647.902672070002
2024-03-06T00:00:00Z,DASHUSD,35.508,38.974,34.84,38.651,4050.3718522399977
2024-03-07T00:00:00Z,DASHUSD,38.61,39.822,38.082,39.203,1979.0001512899996
2024-03-08T00:00:00Z,DASHUSD,39.332,40.994,37.429,40.617,4351.199372889999
2024-03-09T00:00:00Z,DASHUSD,40.6,41.133,39.734,40.394,2325.9130730600014
2024-03-10T00:00:00Z,DASHUSD,40.805,41.455,39.355,40.278,3283.270432120005
2024-03-11T00:00:00Z,DASHUSD,40.36,44.141,37.921,43.073,6673.874401759997
2024-03-12T00:00:00Z,DASHUSD,43.162,43.914,39.944,42.494,4182.328419939997
2024-03-13T00:00:00Z,DASHUSD,42.511,44.0,41.938,42.736,4035.871048549995
2024-03-14T00:00:00Z,DASHUSD,42.909,42.909,38.673,40.77,4221.654584190003
2024-03-15T00:00:00Z,DASHUSD,40.752,40.973,35.787,38.69,3141.8746658399996
2024-03-16T00:00:00Z,DASHUSD,39.1,39.415,35.351,35.99,2451.2619465799994
2024-03-17T00:00:00Z,DASHUSD,36.138,37.574,34.203,37.141,2245.3486796
2024-03-18T00:00:00Z,DASHUSD,36.713,37.456,34.63,35.551,2085.8272022100023
2024-03-19T00:00:00Z,DASHUSD,35.497,35.759,31.632,32.73,3004.852199589999
2024-03-20T00:00:00Z,DASHUSD,32.768,36.146,31.627,35.766,3904.838275870002
2024-03-21T00:00:00Z,DASHUSD,35.57,36.281,34.89,35.674,1111.2487191900004
2024-03-22T00:00:00Z,DASHUSD,35.722,36.759,34.098,34.797,1250.5005565100005
2024-03-23T00:00:00Z,DASHUSD,34.804,36.357,34.804,35.71,468.31421087999985
2024-03-24T00:00:00Z,DASHUSD,35.63,37.4,35.488,37.028,1831.1353072100005
2024-03-25T00:00:00Z,DASHUSD,37.012,38.373,36.623,37.855,2578.8716832499995
2024-03-26T00:00:00Z,DASHUSD,38.107,42.5,37.441,38.698,12574.859157450004
2024-03-27T00:00:00Z,DASHUSD,38.707,39.181,36.442,37.872,3542.4977849499983
2024-03-28T00:00:00Z,DASHUSD,37.852,39.008,37.337,38.381,3901.88421337
2024-03-29T00:00:00Z,DASHUSD,38.137,40.59,37.967,39.851,2456.52848396
2024-03-30T00:00:00Z,DASHUSD,39.902,40.0,38.487,38.863,912.46942618
2024-03-31T00:00:00Z,DASHUSD,38.881,40.085,38.802,40.016,1617.6436884500008
2024-04-01T00:00:00Z,DASHUSD,39.963,40.505,36.896,37.835,2052.5817945900003
2024-04-02T00:00:00Z,DASHUSD,37.718,37.718,34.515,36.106,1648.0251839300001
2024-04-03T00:00:00Z,DASHUSD,35.989,36.993,34.89,35.712,997.19265129
2024-04-04T00:00:00Z,DASHUSD,35.891,37.392,35.178,36.931,960.73281058
2024-04-05T00:00:00Z,DASHUSD,36.938,37.102,35.242,36.136,747.6032556999999
2024-04-06T00:00:00Z,DASHUSD,36.0,37.473,35.961,37.232,589.7088262199999
2024-04-07T00:00:00Z,DASHUSD,37.18,37.873,36.943,37.445,1319.5960710099996
2024-04-08T00:00:00Z,DASHUSD,37.399,39.599,37.098,39.2,3819.1299879500025
2024-04-09T00:00:00Z,DASHUSD,39.37,39.37,36.943,37.097,1071.3787280700008
2024-04-10T00:00:00Z,DASHUSD,36.948,37.192,35.232,36.986,1083.42802151
2024-04-11T00:00:00Z,DASHUSD,36.965,37.419,36.429,36.852,418.96016122000003
2024-04-12T00:00:00Z,DASHUSD,36.916,38.397,29.81,31.861,11211.637331400003
2024-04-13T00:00:00Z,DASHUSD,31.786,32.366,25.232,28.34,5065.141296519991
2024-04-14T00:00:00Z,DASHUSD,28.148,30.326,27.318,30.14,1271.6095427100004
2024-04-15T00:00:00Z,DASHUSD,30.048,31.399,27.252,28.483,2157.2894135100014
2024-04-16T00:00:00Z,DASHUSD,28.407,28.673,26.836,28.189,1503.9883293500015
2024-04-17T00:00:00Z,DASHUSD,28.175,28.339,26.66,27.624,1952.8524694200012
2024-04-18T00:00:00Z,DASHUSD,27.662,29.299,27.143,29.011,1045.3457615600003
2024-04-19T00:00:00Z,DASHUSD,28.941,30.338,27.102,29.648,613.0213509199997
2024-04-20T00:00:00Z,DASHUSD,29.524,31.554,29.524,31.402,322.84638658999995
2024-04-21T00:00:00Z,DASHUSD,31.346,31.6,30.129,30.77,408.16774861000005
2024-04-22T00:00:00Z,DASHUSD,30.931,31.874,30.69,31.825,1945.4819575399997
2024-04-23T00:00:00Z,DASHUSD,31.825,32.053,31.113,31.238,1475.0242928900002
2024-04-24T00:00:00Z,DASHUSD,31.221,32.27,29.718,30.083,1810.10257073
2024-04-25T00:00:00Z,DASHUSD,30.048,30.969,29.574,30.541,420.64771033999995
2024-04-26T00:00:00Z,DASHUSD,30.516,30.587,29.359,30.206,12203.508998120013
2024-04-27T00:00:00Z,DASHUSD,30.338,30.339,28.85,29.599,1093.8903973200006
2024-04-28T00:00:00Z,DASHUSD,29.611,30.13,29.311,29.311,2423.13144432
2024-04-29T00:00:00Z,DASHUSD,29.498,29.608,28.346,29.608,1156.0494094699998
2024-04-30T00:00:00Z,DASHUSD,29.494,29.666,27.002,27.95,726.3733737400001
2024-05-01T00:00:00Z,DASHUSD,27.831,28.6,26.42,28.583,1072.029961850001
2024-05-02T00:00:00Z,DASHUSD,28.583,29.485,28.138,29.26,1260.68778853
2024-05-03T00:00:00Z,DASHUSD,29.193,30.1,28.869,29.9,554.9831174299999
2024-05-04T00:00:00Z,DASHUSD,29.756,29.879,29.223,29.225,584.8695326600001
2024-05-05T00:00:00Z,DASHUSD,29.2,29.57,28.7,29.204,844.5861798400002
2024-05-06T00:00:00Z,DASHUSD,29.297,29.9,28.785,29.191,2491.644263659999
2024-05-07T00:00:00Z,DASHUSD,29.135,29.285,28.56,28.661,913.7661184599999
2024-05-08T00:00:00Z,DASHUSD,28.604,29.644,28.214,29.498,1863.1885278300006
2024-05-09T00:00:00Z,DASHUSD,29.429,30.145,28.876,30.036,1927.7367100200006
2024-05-10T00:00:00Z,DASHUSD,29.951,30.25,28.8,29.141,1328.6947635100005
2024-05-11T00:00:00Z,DASHUSD,29.136,29.3,28.591,28.591,370.58707467000005
2024-05-12T00:00:00Z,DASHUSD,28.542,28.579,27.776,27.863,192.95475745000002
2024-05-13T00:00:00Z,DASHUSD,27.879,28.437,27.093,28.132,1113.79753098
2024-05-14T00:00:00Z,DASHUSD,28.131,28.189,27.385,27.385,691.4733820499999
2024-05-15T00:00:00Z,DASHUSD,27.528,29.11,27.238,29.019,368.6511135999999
2024-05-16T00:00:00Z,DASHUSD,29.057,29.599,28.602,29.341,1196.6850464299998
2024-05-17T00:00:00Z,DASHUSD,29.325,30.024,29.208,29.853,604.1746461099999
2024-05-18T00:00:00Z,DASHUSD,29.871,29.964,29.385,29.761,394.39797974999993
2024-05-19T00:00:00Z,DASHUSD,29.815,29.815,28.9,28.989,101.75188023000001
2024-05-20T00:00:00Z,DASHUSD,28.8,31.006,28.562,31.006,1435.1759924300002
2024-05-21T00:00:00Z,DASHUSD,31.006,31.378,30.683,31.127,1496.643874799999
2024-05-22T00:00:00Z,DASHUSD,31.092,31.176,30.378,30.715,1334.1070220500003
2024-05-23T00:00:00Z,DASHUSD,30.742,31.0,29.102,30.105,1318.6862993699995
2024-05-24T00:00:00Z,DASHUSD,30.307,32.431,29.0,30.583,2147.100048909999
2024-05-25T00:00:00Z,DASHUSD,30.63,30.809,30.125,30.516,282.60544174000006
2024-05-26T00:00:00Z,DASHUSD,30.391,30.462,29.7,29.976,347.68440688
2024-05-27T00:00:00Z,DASHUSD,29.989,30.852,29.81,30.686,1385.4471598799996
2024-05-28T00:00:00Z,DASHUSD,30.672,30.672,29.9,30.073,2796.2341280699984
2024-05-29T00:00:00Z,DASHUSD,30.08,30.355,29.747,29.79,432.0666539599998
2024-05-30T00:00:00Z,DASHUSD,29.906,30.289,29.151,29.9,860.0769509700004
2024-05-31T00:00:00Z,DASHUSD,29.9,30.285,29.669,30.225,299.05950914999994
2024-06-01T00:00:00Z,DASHUSD,30.13,30.39,29.982,29.982,352.93966552999996
2024-06-02T00:00:00Z,DASHUSD,29.9,30.043,29.353,29.374,515.76624448
2024-06-03T00:00:00Z,DASHUSD,29.31,29.889,29.2,29.488,1059.2617484999996
2024-06-04T00:00:00Z,DASHUSD,29.524,30.053,29.3,29.92,605.7162829700001
2024-06-05T00:00:00Z,DASHUSD,30.035,30.519,29.912,30.24,2752.500348680002
2024-06-06T00:00:00Z,DASHUSD,30.4,30.421,29.8,30.2,174.01537278000004
2024-06-07T00:00:00Z,DASHUSD,30.178,30.365,26.17,28.009,2911.1520694199953
2024-06-08T00:00:00Z,DASHUSD,27.87,28.106,26.371,26.439,1582.93730467
2024-06-09T00:00:00Z,DASHUSD,26.429,26.779,25.92,26.779,812.2860096000003
2024-06-10T00:00:00Z,DASHUSD,26.748,26.926,25.921,26.2,1054.9038004600004
2024-06-11T00:00:00Z,DASHUSD,26.279,26.279,24.633,25.547,934.5971440000005
2024-06-12T00:00:00Z,DASHUSD,25.406,26.879,25.271,26.504,477.7511436600002
2024-06-13T00:00:00Z,DASHUSD,26.595,26.595,25.838,25.964,573.9252033099999
2024-06-14T00:00:00Z,DASHUSD,25.965,26.576,25.075,25.912,1513.1696829700008
2024-06-15T00:00:00Z,DASHUSD,25.886,26.079,25.765,25.891,405.30362931000013
2024-06-16T00:00:00Z,DASHUSD,26.014,26.4,25.49,25.692,324.4025513299999
2024-06-17T00:00:00Z,DASHUSD,25.81,25.81,24.26,24.965,1955.067473780001
2024-06-18T00:00:00Z,DASHUSD,24.911,24.911,21.831,23.129,2342.1578098100003
2024-06-19T00:00:00Z,DASHUSD,22.941,23.725,22.895,23.559,1656.5778123600005
2024-06-20T00:00:00Z,DASHUSD,23.633,24.249,23.411,23.689,451.58745888
2024-06-21T00:00:00Z,DASHUSD,23.515,24.105,23.44,23.682,1129.7895346100008
2024-06-22T00:00:00Z,DASHUSD,23.656,24.303,23.647,24.134,781.8937033800003
2024-06-23T00:00:00Z,DASHUSD,24.124,24.419,23.38,23.598,824.9387619800002
2024-06-24T00:00:00Z,DASHUSD,23.525,23.614,22.21,23.148,2590.6074385600014
2024-06-25T00:00:00Z,DASHUSD,23.175,24.292,23.089,24.204,917.9850538200003
2024-06-26T00:00:00Z,DASHUSD,24.263,24.263,23.478,23.996,2435.68692344
2024-06-27T00:00:00Z,DASHUSD,23.908,24.69,23.763,24.649,379.51045832999984
2024-06-28T00:00:00Z,DASHUSD,24.711,25.075,24.555,24.707,983.6235845800004
2024-06-29T00:00:00Z,DASHUSD,24.549,25.024,24.331,24.331,645.6413530400001
2024-06-30T00:00:00Z,DASHUSD,23.998,24.848,23.625,24.848,345.3448051100004
2024-07-01T00:00:00Z,DASHUSD,24.823,24.975,23.998,23.998,632.7882449600005
2024-07-02T00:00:00Z,DASHUSD,23.981,24.706,23.859,24.667,1084.5052929500002
2024-07-03T00:00:00Z,DASHUSD,24.719,24.973,23.429,24.58,1641.3891403300015
2024-07-04T00:00:00Z,DASHUSD,24.517,24.517,21.8,21.969,2484.737059950001
2024-07-05T00:00:00Z,DASHUSD,21.945,23.125,19.446,22.625,5692.954289169993
2024-07-06T00:00:00Z,DASHUSD,22.621,23.675,22.497,23.363,553.73256539
2024-07-07T00:00:00Z,DASHUSD,23.47,23.604,21.865,21.865,1675.250185720001
2024-07-08T00:00:00Z,DASHUSD,21.876,23.579,20.962,23.02,717.1999536800004
2024-07-09T00:00:00Z,DASHUSD,22.883,24.332,22.883,24.0,1259.3796879900003
2024-07-10T00:00:00Z,DASHUSD,23.984,24.004,23.322,23.818,599.4922718800004
2024-07-11T00:00:00Z,DASHUSD,23.805,24.439,23.562,23.9,648.6930188400004
2024-07-12T00:00:00Z,DASHUSD,23.847,24.551,23.632,24.532,1330.2633058199995
2024-07-13T00:00:00Z,DASHUSD,24.521,26.146,24.521,25.964,2284.9273658100014
2024-07-14T00:00:00Z,DASHUSD,26.146,27.696,25.605,27.053,2693.0108590000004
2024-07-15T00:00:00Z,DASHUSD,27.228,27.936,26.61,27.412,2207.956869050001
2024-07-16T00:00:00Z,DASHUSD,27.371,29.597,26.0,28.078,6524.126058629994
2024-07-17T00:00:00Z,DASHUSD,28.14,28.599,27.426,27.499,2692.6102769400004
2024-07-18T00:00:00Z,DASHUSD,27.542,27.937,26.501,27.365,3929.9687255099966
2024-07-19T00:00:00Z,DASHUSD,27.18,27.936,24.0,27.577,10081.48099817999
2024-07-20T00:00:00Z,DASHUSD,27.7,28.3,27.625,27.9,1073.2431012800005
2024-07-21T00:00:00Z,DASHUSD,28.216,28.865,27.612,28.268,5238.233695389999
2024-07-22T00:00:00Z,DASHUSD,28.44,28.456,26.76,26.809,2379.06584363
2024-07-23T00:00:00Z,DASHUSD,26.796,27.233,26.359,26.532,1255.3619524900005
2024-07-24T00:00:00Z,DASHUSD,26.475,27.4,26.475,26.682,4998.533360749995
2024-07-25T00:00:00Z,DASHUSD,26.645,26.645,24.777,25.616,2484.9810421499988
2024-07-26T00:00:00Z,DASHUSD,25.993,27.131,25.99,26.898,807.0612753899999
2024-07-27T00:00:00Z,DASHUSD,26.788,27.18,26.521,26.962,549.3478997800011
2024-07-28T00:00:00Z,DASHUSD,26.853,26.992,26.444,26.58,462.5491092300001
2024-07-29T00:00:00Z,DASHUSD,26.755,27.729,26.751,26.997,2273.416110729999
2024-07-30T00:00:00Z,DASHUSD,26.63,27.099,26.121,26.282,2676.217448669999
2024-07-31T00:00:00Z,DASHUSD,26.143,27.3,26.12,26.674,2350.05888537
2024-08-01T00:00:00Z,DASHUSD,26.433,27.11,24.195,25.683,4299.3081806499895
2024-08-02T00:00:00Z,DASHUSD,25.809,25.894,24.124,24.384,3889.631730399999
2024-08-03T00:00:00Z,DASHUSD,24.386,24.973,22.809,23.302,3723.155875169994
2024-08-04T00:00:00Z,DASHUSD,23.539,23.579,21.327,22.261,410.10044758999976
2024-08-05T00:00:00Z,DASHUSD,22.292,22.928,19.001,22.155,3752.5987100499965
2024-08-06T00:00:00Z,DASHUSD,22.162,22.841,22.124,22.383,1882.9690943200012
2024-08-07T00:00:00Z,DASHUSD,22.544,23.195,21.823,21.865,775.7160386200002
2024-08-08T00:00:00Z,DASHUSD,22.152,23.999,21.875,23.731,1312.1458440600015
2024-08-09T00:00:00Z,DASHUSD,23.765,24.476,23.725,24.472,930.5197470900001
2024-08-10T00:00:00Z,DASHUSD,24.334,24.539,24.11,24.507,550.7714717700001
2024-08-11T00:00:00Z,DASHUSD,24.669,25.077,24.013,24.256,649.1158611200003
2024-08-12T00:00:00Z,DASHUSD,24.297,25.449,23.901,25.449,1037.6286773399997
2024-08-13T00:00:00Z,DASHUSD,25.323,25.925,25.186,25.565,2349.1840702199993
2024-08-14T00:00:00Z,DASHUSD,25.53,25.831,25.09,25.592,491.6014678699997
2024-08-15T00:00:00Z,DASHUSD,25.676,25.765,24.738,25.266,1511.5093817400007
2024-08-16T00:00:00Z,DASHUSD,25.045,26.0,24.809,25.346,828.43932167
2024-08-17T00:00:00Z,DASHUSD,25.281,26.437,24.973,25.987,1289.12741571
2024-08-18T00:00:00Z,DASHUSD,26.213,26.406,25.816,26.107,1058.9998688199998
2024-08-19T00:00:00Z,DASHUSD,25.849,26.043,25.36,26.043,1395.4672366600012
2024-08-20T00:00:00Z,DASHUSD,25.872,26.301,25.07,25.256,2688.4963109100195
2024-08-21T00:00:00Z,DASHUSD,25.264,26.077,24.859,25.912,664.0929079199987
2024-08-22T00:00:00Z,DASHUSD,26.122,26.48,25.827,26.216,2186.31536994
2024-08-23T00:00:00Z,DASHUSD,26.215,27.111,25.802,27.06,2162.295713920001
2024-08-24T00:00:00Z,DASHUSD,27.092,27.333,26.585,26.807,1354.79319476
2024-08-25T00:00:00Z,DASHUSD,26.923,26.992,26.03,26.702,314.57641540000014
2024-08-26T00:00:00Z,DASHUSD,26.44,26.451,24.76,24.76,2572.426760599999
2024-08-27T00:00:00Z,DASHUSD,24.81,24.975,23.447,24.008,3847.425312899998
2024-08-28T00:00:00Z,DASHUSD,23.947,24.325,23.097,23.753,824.9185338700004
2024-08-29T00:00:00Z,DASHUSD,23.728,24.122,23.004,23.357,1197.4080435700005
2024-08-30T00:00:00Z,DASHUSD,23.501,23.71,22.957,23.71,950.0324394100007
2024-08-31T00:00:00Z,DASHUSD,23.9,23.937,23.177,23.487,328.2450633700001
2024-09-01T00:00:00Z,DASHUSD,23.44,23.441,22.671,22.76,883.4097849600008
2024-09-02T00:00:00Z,DASHUSD,22.771,23.89,22.672,23.89,935.5775621900004
2024-09-03T00:00:00Z,DASHUSD,23.931,25.24,23.931,24.187,3658.1052910399953
2024-09-04T00:00:00Z,DASHUSD,24.259,24.88,23.256,24.036,2732.0756857800025
2024-09-05T00:00:00Z,DASHUSD,23.986,24.202,23.39,24.024,432.55836319
2024-09-06T00:00:00Z,DASHUSD,23.907,24.149,22.671,23.211,441.9504105899999
2024-09-07T00:00:00Z,DASHUSD,23.042,23.721,22.934,23.5,201.59683330000004
2024-09-08T00:00:00Z,DASHUSD,23.452,24.281,23.452,23.856,3469.38048066
2024-09-09T00:00:00Z,DASHUSD,24.044,24.381,23.743,24.279,1647.2552548599997
2024-09-10T00:00:00Z,DASHUSD,24.032,24.264,23.885,24.064,604.7835795900003
2024-09-11T00:00:00Z,DASHUSD,23.8,24.045,23.337,23.914,424.8267586700002
2024-09-12T00:00:00Z,DASHUSD,23.969,24.29,23.87,23.9,743.9700708399996
2024-09-13T00:00:00Z,DASHUSD,24.007,24.476,23.756,24.317,304.79978342000015
2024-09-14T00:00:00Z,DASHUSD,24.42,24.52,24.111,24.52,217.2865864400001
2024-09-15T00:00:00Z,DASHUSD,24.536,24.7,23.494,23.533,220.86887972000008
2024-09-16T00:00:00Z,DASHUSD,23.371,23.532,23.097,23.469,520.9575086899999
2024-09-17T00:00:00Z,DASHUSD,23.477,24.069,23.477,23.928,384.35026984
2024-09-18T00:00:00Z,DASHUSD,24.017,24.631,23.249,24.631,1004.1270342500001
2024-09-19T00:00:00Z,DASHUSD,24.878,25.4,24.831,25.002,964.2123841200001
2024-09-20T00:00:00Z,DASHUSD,25.062,25.389,24.737,25.043,241.59255347000007
2024-09-21T00:00:00Z,DASHUSD,24.974,25.506,24.974,25.425,107.46974028000001
2024-09-22T00:00:00Z,DASHUSD,25.389,25.389,24.435,24.938,423.27511430000004
2024-09-23T00:00:00Z,DASHUSD,24.825,25.396,24.825,25.036,884.1094640300003
2024-09-24T00:00:00Z,DASHUSD,25.211,25.98,24.993,25.894,2282.9733317999967
2024-09-25T00:00:00Z,DASHUSD,25.888,26.148,25.483,25.574,999.7437196300002
2024-09-26T00:00:00Z,DASHUSD,25.584,26.2,25.378,25.949,1035.0282763000002
2024-09-27T00:00:00Z,DASHUSD,26.026,26.456,25.816,25.998,1675.61791655
2024-09-28T00:00:00Z,DASHUSD,26.073,26.679,25.379,25.609,698.2662061
2024-09-29T00:00:00Z,DASHUSD,25.555,25.77,25.2,25.471,472.9069442499999
2024-09-30T00:00:00Z,DASHUSD,25.44,25.876,24.316,24.316,805.5597659100002
2024-10-01T00:00:00Z,DASHUSD,24.333,24.838,22.176,22.603,4499.132996739991
2024-10-02T00:00:00Z,DASHUSD,22.803,23.479,22.661,22.857,915.3118447000007
2024-10-03T00:00:00Z,DASHUSD,22.862,23.252,22.214,23.069,1364.64899908
2024-10-04T00:00:00Z,DASHUSD,23.097,23.706,22.987,23.706,1495.91726147
2024-10-05T00:00:00Z,DASHUSD,23.645,23.998,23.523,23.790,1578.88534762
2024-10-06T00:00:00Z,DASHUSD,23.752,24.409,23.752,23.962,1963.58118220
2024-10-07T00:00:00Z,DASHUSD,24.290,24.476,23.683,23.908,1308.20055122
2024-10-08T00:00:00Z,DASHUSD,23.873,24.000,23.072,23.132,434.77564761
2024-10-09T00:00:00Z,DASHUSD,23.234,23.336,22.612,22.713,501.20786778
2024-10-10T00:00:00Z,DASHUSD,22.675,22.936,22.331,22.880,852.16683114
2024-10-11T00:00:00Z,DASHUSD,23.021,23.822,23.021,23.619,890.21932913
2024-10-12T00:00:00Z,DASHUSD,23.619,24.099,23.619,23.983,233.34464780
2024-10-13T00:00:00Z,DASHUSD,23.983,24.186,23.321,23.725,936.77934917
2024-10-14T00:00:00Z,DASHUSD,23.717,24.458,23.468,24.443,1047.53126386
2024-10-15T00:00:00Z,DASHUSD,24.476,24.603,23.777,24.178,1454.69993478
2024-10-16T00:00:00Z,DASHUSD,24.160,24.325,23.942,24.087,1730.28160796
2024-10-17T00:00:00Z,DASHUSD,24.148,24.148,23.490,23.683,899.32025644
2024-10-18T00:00:00Z,DASHUSD,23.704,24.250,23.494,23.709,1118.80143268
2024-10-19T00:00:00Z,DASHUSD,23.832,24.150,23.811,24.067,381.56562471
2024-10-20T00:00:00Z,DASHUSD,24.142,24.660,23.880,24.600,2104.47010497
2024-10-21T00:00:00Z,DASHUSD,24.716,24.716,23.540,23.928,2962.94134773
2024-10-22T00:00:00Z,DASHUSD,23.650,23.868,23.172,23.503,419.40159240
2024-10-23T00:00:00Z,DASHUSD,23.339,23.423,22.657,23.323,692.63509581
2024-10-24T00:00:00Z,DASHUSD,23.283,23.500,22.959,23.455,793.20453435
2024-10-25T00:00:00Z,DASHUSD,23.377,23.419,21.100,21.839,838.97152097
2024-10-26T00:00:00Z,DASHUSD,21.711,22.315,21.682,22.053,562.17256801
2024-10-27T00:00:00Z,DASHUSD,22.200,22.367,21.966,22.111,132.21276596
2024-10-28T00:00:00Z,DASHUSD,22.353,22.767,22.075,22.593,732.06040702
2024-10-29T00:00:00Z,DASHUSD,22.714,23.370,22.703,23.303,3396.67248685
2024-10-30T00:00:00Z,DASHUSD,23.302,23.422,22.839,23.192,1849.29033331
2024-10-31T00:00:00Z,DASHUSD,23.105,23.143,22.123,22.270,402.69791973
2024-11-01T00:00:00Z,DASHUSD,22.224,22.684,21.826,22.294,473.78651902
2024-11-02T00:00:00Z,DASHUSD,22.430,22.671,22.110,22.215,1846.57615414
2024-11-03T00:00:00Z,DASHUSD,22.222,22.222,21.089,21.885,2233.56341316
2024-11-04T00:00:00Z,DASHUSD,21.771,22.145,21.339,21.433,969.94135458
2024-11-05T00:00:00Z,DASHUSD,21.558,22.131,21.542,22.057,532.45601985
2024-11-06T00:00:00Z,DASHUSD,22.261,23.377,22.261,23.330,2059.17742330
2024-11-07T00:00:00Z,DASHUSD,23.300,24.000,23.089,23.491,13977.91538695
2024-11-08T00:00:00Z,DASHUSD,23.516,23.751,23.297,23.722,2720.42873064
2024-11-09T00:00:00Z,DASHUSD,23.829,26.022,23.804,24.951,10685.35192275
2024-11-10T00:00:00Z,DASHUSD,24.800,27.392,24.658,25.952,11484.83560022
2024-11-11T00:00:00Z,DASHUSD,25.965,26.795,25.324,26.771,7633.30820454
2024-11-12T00:00:00Z,DASHUSD,26.585,27.283,24.713,26.342,6016.97565403
2024-11-13T00:00:00Z,DASHUSD,26.599,26.600,24.553,25.505,2845.69849257
2024-11-14T00:00:00Z,DASHUSD,25.583,26.434,24.655,25.077,2401.56688085
2024-11-15T00:00:00Z,DASHUSD,25.205,28.113,24.813,27.837,3281.70028349
2024-11-16T00:00:00Z,DASHUSD,27.840,30.501,27.695,30.008,41831.10062977
2024-11-17T00:00:00Z,DASHUSD,29.977,30.342,27.018,27.326,4283.55594799
2024-11-18T00:00:00Z,DASHUSD,27.434,30.500,27.434,29.580,8819.71516494
2024-11-19T00:00:00Z,DASHUSD,29.589,30.035,28.130,28.589,15573.44650107
2024-11-20T00:00:00Z,DASHUSD,28.436,28.436,26.904,27.345,12552.55679398
2024-11-21T00:00:00Z,DASHUSD,27.395,29.525,27.058,28.756,3997.27748016
2024-11-22T00:00:00Z,DASHUSD,28.957,29.885,28.380,29.842,2302.73625760
2024-11-23T00:00:00Z,DASHUSD,29.898,35.427,29.448,33.811,21254.75571742
2024-11-24T00:00:00Z,DASHUSD,33.704,36.602,31.846,34.146,17856.18152191
2024-11-25T00:00:00Z,DASHUSD,34.113,35.162,32.321,33.236,6576.73483544
2024-11-26T00:00:00Z,DASHUSD,33.093,35.378,31.005,33.245,9567.41059123
2024-11-27T00:00:00Z,DASHUSD,32.942,38.600,32.921,38.179,26563.37476172
2024-11-28T00:00:00Z,DASHUSD,37.507,37.572,35.334,36.796,9891.86056823
2024-11-29T00:00:00Z,DASHUSD,36.728,37.582,35.280,37.557,5573.84312345
2024-11-30T00:00:00Z,DASHUSD,37.304,40.290,36.898,39.495,17045.92496576
2024-12-01T00:00:00Z,DASHUSD,39.350,46.787,37.919,46.085,28351.91465166
2024-12-02T00:00:00Z,DASHUSD,46.328,58.500,46.328,52.338,59759.43996902
2024-12-03T00:00:00Z,DASHUSD,52.345,62.142,42.598,57.425,43653.93576806
2024-12-04T00:00:00Z,DASHUSD,57.452,62.900,55.001,58.530,28913.95892221
2024-12-05T00:00:00Z,DASHUSD,58.493,71.631,55.599,64.941,34742.65408362
2024-12-06T00:00:00Z,DASHUSD,64.883,65.621,59.103,61.894,17264.71199490
2024-12-07T00:00:00Z,DASHUSD,61.505,63.014,58.550,60.036,5341.75887855
2024-12-08T00:00:00Z,DASHUSD,60.025,60.325,57.552,58.389,5680.17236514
2024-12-09T00:00:00Z,DASHUSD,58.065,58.070,41.400,47.297,16449.43369056
2024-12-10T00:00:00Z,DASHUSD,47.257,47.788,40.011,45.603,12532.31416979
2024-12-11T00:00:00Z,DASHUSD,45.536,50.118,43.513,49.186,13383.93080506
2024-12-12T00:00:00Z,DASHUSD,48.856,51.343,47.689,48.698,4789.88303672
2024-12-13T00:00:00Z,DASHUSD,48.810,49.635,47.666,48.810,1943.28643325
2024-12-14T00:00:00Z,DASHUSD,48.549,49.000,45.107,46.145,4944.28230369
2024-12-15T00:00:00Z,DASHUSD,46.103,47.631,44.593,47.473,2929.62543685
2024-12-16T00:00:00Z,DASHUSD,47.102,48.039,43.455,44.836,6630.28577341
2024-12-17T00:00:00Z,DASHUSD,44.852,46.954,43.676,44.270,3666.41845028
2024-12-18T00:00:00Z,DASHUSD,44.363,44.654,37.701,38.815,5304.24406901
2024-12-19T00:00:00Z,DASHUSD,38.787,40.501,34.636,36.485,6589.08923350
2024-12-20T00:00:00Z,DASHUSD,36.068,38.478,31.466,38.019,11009.15515147
2024-12-21T00:00:00Z,DASHUSD,38.266,40.565,35.183,35.331,6481.19366869
2024-12-22T00:00:00Z,DASHUSD,35.514,37.149,34.611,35.276,4314.49164233
2024-12-23T00:00:00Z,DASHUSD,35.248,39.665,34.726,38.880,5429.42659409
2024-12-24T00:00:00Z,DASHUSD,39.002,45.653,38.263,43.740,13367.37171517
2024-12-25T00:00:00Z,DASHUSD,43.503,49.517,43.503,45.748,12287.25303780
2024-12-26T00:00:00Z,DASHUSD,45.930,46.390,40.367,40.416,7435.11407237
2024-12-27T00:00:00Z,DASHUSD,40.553,42.209,37.883,39.223,10784.97704092
2024-12-28T00:00:00Z,DASHUSD,39.243,43.738,38.586,43.393,9374.95518716
2024-12-29T00:00:00Z,DASHUSD,43.472,43.703,39.340,39.743,5500.28399062
2024-12-30T00:00:00Z,DASHUSD,39.668,41.586,37.478,38.489,7572.56750683
2024-12-31T00:00:00Z,DASHUSD,38.310,39.460,37.484,37.842,3693.28236350
2025-01-01T00:00:00Z,DASHUSD,37.883,40.621,37.230,39.408,5900.09266519
2025-01-02T00:00:00Z,DASHUSD,39.535,41.153,38.631,40.207,4444.11907636
2025-01-03T00:00:00Z,DASHUSD,40.129,43.924,39.166,43.015,7942.25649450
2025-01-04T00:00:00Z,DASHUSD,43.260,43.602,42.117,42.677,4822.85042011
2025-01-05T00:00:00Z,DASHUSD,42.662,44.513,42.046,43.762,3806.40065590
2025-01-06T00:00:00Z,DASHUSD,43.588,44.731,42.423,43.748,4713.47534271
2025-01-07T00:00:00Z,DASHUSD,43.400,43.543,38.644,38.764,3761.60546654
2025-01-08T00:00:00Z,DASHUSD,38.664,39.139,35.347,37.537,4858.06297065
2025-01-09T00:00:00Z,DASHUSD,37.666,38.036,35.696,36.863,3441.60029815
2025-01-10T00:00:00Z,DASHUSD,36.964,37.729,36.239,37.540,4473.51844562
2025-01-11T00:00:00Z,DASHUSD,37.595,37.876,36.741,37.285,1852.00766467
2025-01-12T00:00:00Z,DASHUSD,37.262,37.547,36.332,36.576,1527.28029950
2025-01-13T00:00:00Z,DASHUSD,36.868,37.705,33.017,35.213,2680.52821917
2025-01-14T00:00:00Z,DASHUSD,35.399,37.931,35.232,37.931,2336.58053177
2025-01-15T00:00:00Z,DASHUSD,37.675,40.275,36.762,40.230,5603.00791650
2025-01-16T00:00:00Z,DASHUSD,40.106,40.656,38.396,39.277,3209.76644862
2025-01-17T00:00:00Z,DASHUSD,39.554,44.408,39.554,43.575,7785.81506522
2025-01-18T00:00:00Z,DASHUSD,43.770,44.255,39.038,40.037,2591.60673576
2025-01-19T00:00:00Z,DASHUSD,39.841,40.446,35.010,35.696,8866.86794659
2025-01-20T00:00:00Z,DASHUSD,35.662,39.098,34.768,36.447,3130.99478608
2025-01-21T00:00:00Z,DASHUSD,36.412,38.063,34.526,36.721,1359.66156700
2025-01-22T00:00:00Z,DASHUSD,36.740,37.511,35.700,35.815,2985.76808183
2025-01-23T00:00:00Z,DASHUSD,35.841,36.429,34.550,35.473,1357.58239955
2025-01-24T00:00:00Z,DASHUSD,35.568,36.023,34.332,34.871,4432.97935374
2025-01-25T00:00:00Z,DASHUSD,34.844,35.660,34.700,35.194,1474.95237276
2025-01-26T00:00:00Z,DASHUSD,35.142,35.586,33.803,33.803,4091.54960241
2025-01-27T00:00:00Z,DASHUSD,33.733,33.835,30.611,33.211,4159.36640023
2025-01-28T00:00:00Z,DASHUSD,33.480,33.515,30.800,31.034,1626.67827291
2025-01-29T00:00:00Z,DASHUSD,30.916,33.048,30.634,32.131,3927.64248290
2025-01-30T00:00:00Z,DASHUSD,32.085,34.931,31.880,34.064,3522.09880915
2025-01-31T00:00:00Z,DASHUSD,34.176,35.053,33.112,33.761,5856.79603602
2025-02-01T00:00:00Z,DASHUSD,33.815,34.790,30.500,30.500,4905.53657245
2025-02-02T00:00:00Z,DASHUSD,30.483,31.246,25.181,26.782,6446.35174444
2025-02-03T00:00:00Z,DASHUSD,26.175,27.094,20.096,26.886,10969.63057633
2025-02-04T00:00:00Z,DASHUSD,26.917,27.221,24.262,25.716,11898.09629520
2025-02-05T00:00:00Z,DASHUSD,25.755,26.305,25.056,25.283,2016.75275365
2025-02-06T00:00:00Z,DASHUSD,25.340,25.760,23.986,24.560,3104.44289325
2025-02-07T00:00:00Z,DASHUSD,24.541,26.214,24.231,25.037,6601.03418745
2025-02-08T00:00:00Z,DASHUSD,24.977,25.795,24.442,25.768,1717.37494413
2025-02-09T00:00:00Z,DASHUSD,25.774,26.621,24.818,25.819,3542.60746412
2025-02-10T00:00:00Z,DASHUSD,25.852,27.041,25.035,27.041,1055.97805888
2025-02-11T00:00:00Z,DASHUSD,27.041,28.292,26.418,26.997,1699.97615505
2025-02-12T00:00:00Z,DASHUSD,26.824,27.941,25.700,27.903,2083.45340622
2025-02-13T00:00:00Z,DASHUSD,27.940,28.580,26.985,27.685,1640.85236632
2025-02-14T00:00:00Z,DASHUSD,27.709,29.003,27.195,27.914,6410.65446035
2025-02-15T00:00:00Z,DASHUSD,27.930,28.237,26.917,27.137,801.51973371
2025-02-16T00:00:00Z,DASHUSD,27.116,27.376,26.624,26.803,1053.62988518
2025-02-17T00:00:00Z,DASHUSD,26.786,27.388,25.962,26.481,1677.84912629
2025-02-18T00:00:00Z,DASHUSD,26.511,26.554,24.959,25.743,1280.80365635
2025-02-19T00:00:00Z,DASHUSD,25.750,26.831,25.492,26.519,5400.15197516
2025-02-20T00:00:00Z,DASHUSD,26.494,27.899,26.389,27.686,1604.26517782
2025-02-21T00:00:00Z,DASHUSD,27.650,28.566,26.347,26.600,2457.22280447
2025-02-22T00:00:00Z,DASHUSD,26.602,27.568,26.602,27.378,1987.16483247
2025-02-23T00:00:00Z,DASHUSD,27.381,27.752,26.824,27.133,2193.50052575
2025-02-24T00:00:00Z,DASHUSD,27.084,27.136,24.120,24.120,9616.99343923
2025-02-25T00:00:00Z,DASHUSD,24.142,25.370,22.825,25.310,5531.65766133
2025-02-26T00:00:00Z,DASHUSD,25.359,26.869,24.957,26.357,4339.42134071
2025-02-27T00:00:00Z,DASHUSD,26.465,27.076,25.176,26.225,2702.81082270
2025-02-28T00:00:00Z,DASHUSD,26.182,26.228,23.509,25.914,9895.19480904
2025-03-01T00:00:00Z,DASHUSD,25.907,26.414,24.797,25.447,2263.30318601
2025-03-02T00:00:00Z,DASHUSD,25.335,27.941,25.171,27.287,3235.72654688
2025-03-03T00:00:00Z,DASHUSD,27.378,27.453,23.750,24.057,3136.20643770
2025-03-04T00:00:00Z,DASHUSD,23.943,24.497,22.217,24.153,4601.40756080
2025-03-05T00:00:00Z,DASHUSD,24.212,24.999,23.820,24.933,1184.28278657
2025-03-06T00:00:00Z,DASHUSD,24.670,25.372,24.206,24.530,889.19210045
2025-03-07T00:00:00Z,DASHUSD,24.621,24.941,23.352,24.181,1681.42531275
2025-03-08T00:00:00Z,DASHUSD,24.149,24.463,23.800,24.065,674.35458894
2025-03-09T00:00:00Z,DASHUSD,24.097,24.242,21.720,22.129,3007.14182003
2025-03-10T00:00:00Z,DASHUSD,22.222,23.172,20.589,21.000,4355.22715448
2025-03-11T00:00:00Z,DASHUSD,21.000,22.323,20.000,21.747,9179.68262708
2025-03-12T00:00:00Z,DASHUSD,21.796,22.388,21.111,22.168,3389.99184603
2025-03-13T00:00:00Z,DASHUSD,22.154,22.319,21.572,22.114,2225.92378953
2025-03-14T00:00:00Z,DASHUSD,22.154,23.076,22.154,22.697,1723.50191269
2025-03-15T00:00:00Z,DASHUSD,22.635,23.254,22.566,23.126,851.45376517
2025-03-16T00:00:00Z,DASHUSD,23.051,23.301,22.415,22.728,599.07344493
2025-03-17T00:00:00Z,DASHUSD,22.669,23.520,22.669,23.351,1576.24351736
2025-03-18T00:00:00Z,DASHUSD,23.310,24.184,22.610,24.030,2244.16858999
2025-03-19T00:00:00Z,DASHUSD,24.130,24.613,23.810,24.219,531.34826147
2025-03-20T00:00:00Z,DASHUSD,24.413,24.413,23.606,23.648,900.19867073
2025-03-21T00:00:00Z,DASHUSD,23.760,23.793,22.844,22.970,609.71477174
2025-03-22T00:00:00Z,DASHUSD,22.962,23.527,22.962,23.342,413.55800437
2025-03-23T00:00:00Z,DASHUSD,23.201,25.653,22.587,23.360,3999.58362478
2025-03-24T00:00:00Z,DASHUSD,23.401,24.105,23.196,23.847,2186.47100876
2025-03-25T00:00:00Z,DASHUSD,23.976,24.205,23.552,23.893,3043.35551527
2025-03-26T00:00:00Z,DASHUSD,24.100,24.595,23.851,23.987,2847.81761385
2025-03-27T00:00:00Z,DASHUSD,23.948,24.371,23.683,24.011,762.02337088
2025-03-28T00:00:00Z,DASHUSD,23.888,24.026,22.596,22.809,1064.51508596
2025-03-29T00:00:00Z,DASHUSD,22.925,22.926,21.050,21.359,3913.73204748
2025-03-30T00:00:00Z,DASHUSD,21.400,22.089,21.400,22.055,1150.59370386
2025-03-31T00:00:00Z,DASHUSD,22.097,22.539,21.560,22.265,1718.50263658
2025-04-01T00:00:00Z,DASHUSD,22.418,23.040,22.377,22.665,456.79846769
2025-04-02T00:00:00Z,DASHUSD,22.599,22.780,21.232,21.553,810.23373898
2025-04-03T00:00:00Z,DASHUSD,21.816,22.003,20.671,21.604,2986.55605504
2025-04-04T00:00:00Z,DASHUSD,21.648,21.880,21.105,21.636,918.11613195
2025-04-05T00:00:00Z,DASHUSD,21.678,21.735,21.243,21.260,275.81057597
2025-04-06T00:00:00Z,DASHUSD,21.358,21.392,19.540,19.812,1826.42032296
2025-04-07T00:00:00Z,DASHUSD,19.858,20.218,17.697,19.665,9247.02978212
2025-04-08T00:00:00Z,DASHUSD,19.672,20.177,18.892,18.969,4579.50406165
2025-04-09T00:00:00Z,DASHUSD,19.041,20.978,18.646,20.774,3597.37684437
2025-04-10T00:00:00Z,DASHUSD,20.842,20.858,19.636,19.895,1452.82803146
2025-04-11T00:00:00Z,DASHUSD,19.980,20.921,19.918,20.506,550.95138094
2025-04-12T00:00:00Z,DASHUSD,20.478,21.376,20.405,21.320,1157.46733756
2025-04-13T00:00:00Z,DASHUSD,21.342,21.445,20.470,20.587,1180.52417440
2025-04-14T00:00:00Z,DASHUSD,20.840,21.082,20.563,20.563,186.04551120
2025-04-15T00:00:00Z,DASHUSD,20.601,20.800,20.282,20.285,1239.14490891
2025-04-16T00:00:00Z,DASHUSD,20.207,20.511,19.950,20.147,4542.15217678
2025-04-17T00:00:00Z,DASHUSD,20.225,20.556,20.074,20.361,702.55490609
2025-04-18T00:00:00Z,DASHUSD,20.364,21.153,20.355,20.825,556.47449252
2025-04-19T00:00:00Z,DASHUSD,20.866,21.282,20.864,21.113,476.59055554
2025-04-20T00:00:00Z,DASHUSD,21.061,21.437,20.985,21.251,3300.14004001
2025-04-21T00:00:00Z,DASHUSD,21.255,21.676,20.826,20.973,4192.49266812
2025-04-22T00:00:00Z,DASHUSD,20.974,22.281,20.566,22.142,13597.11632236
2025-04-23T00:00:00Z,DASHUSD,22.191,22.757,22.059,22.303,1501.47734292
2025-04-24T00:00:00Z,DASHUSD,22.210,22.337,21.579,22.212,468.87738105
2025-04-25T00:00:00Z,DASHUSD,22.229,22.674,22.014,22.409,974.99453326
2025-04-26T00:00:00Z,DASHUSD,22.503,22.809,22.250,22.530,1635.06084771
2025-04-27T00:00:00Z,DASHUSD,22.495,22.576,21.349,21.397,2667.57499425
2025-04-28T00:00:00Z,DASHUSD,21.327,25.000,20.961,23.572,12579.85337883
2025-04-29T00:00:00Z,DASHUSD,23.578,24.118,22.929,23.176,5417.86811414
2025-04-30T00:00:00Z,DASHUSD,23.125,24.545,22.865,23.499,3925.90164952
2025-05-01T00:00:00Z,DASHUSD,23.421,23.673,23.018,23.026,2966.30133249
2025-05-02T00:00:00Z,DASHUSD,23.165,24.000,23.042,23.701,3893.46994450
2025-05-03T00:00:00Z,DASHUSD,23.713,23.713,22.116,22.524,935.60107530
2025-05-04T00:00:00Z,DASHUSD,22.566,22.566,21.693,21.859,1111.17073913
2025-05-05T00:00:00Z,DASHUSD,21.970,22.121,21.617,21.797,844.09296918
2025-05-06T00:00:00Z,DASHUSD,21.753,22.021,20.500,21.191,1621.94408401
2025-05-07T00:00:00Z,DASHUSD,21.184,21.578,20.894,21.473,1591.77163344
2025-05-08T00:00:00Z,DASHUSD,21.481,23.286,21.416,23.175,3685.98413807
2025-05-09T00:00:00Z,DASHUSD,23.042,24.278,23.042,23.984,2719.90949453
2025-05-10T00:00:00Z,DASHUSD,24.034,25.221,23.834,25.221,1608.93347930
2025-05-11T00:00:00Z,DASHUSD,25.203,25.290,24.141,24.585,1654.26663692
2025-05-12T00:00:00Z,DASHUSD,24.627,25.662,23.918,24.847,7118.53812604
2025-05-13T00:00:00Z,DASHUSD,24.807,25.825,23.530,25.724,2128.30994090
2025-05-14T00:00:00Z,DASHUSD,25.707,26.069,24.741,24.804,1095.06000084
2025-05-15T00:00:00Z,DASHUSD,24.808,25.280,22.791,23.648,6930.76435614
2025-05-16T00:00:00Z,DASHUSD,23.632,24.141,23.328,23.438,1861.40289610
2025-05-17T00:00:00Z,DASHUSD,23.495,23.495,22.695,22.916,391.04722764
2025-05-18T00:00:00Z,DASHUSD,22.869,24.000,22.727,23.737,950.14772260
2025-05-19T00:00:00Z,DASHUSD,23.785,23.785,22.572,23.434,2879.18824058
2025-05-20T00:00:00Z,DASHUSD,23.437,23.884,23.010,23.529,3811.27116118
2025-05-21T00:00:00Z,DASHUSD,23.542,24.302,23.196,24.053,3184.09596621
2025-05-22T00:00:00Z,DASHUSD,24.106,25.594,24.098,25.040,6748.53342152
2025-05-23T00:00:00Z,DASHUSD,25.104,25.611,23.348,23.348,2621.68757945
2025-05-24T00:00:00Z,DASHUSD,23.342,23.684,23.131,23.151,1406.49891799
2025-05-25T00:00:00Z,DASHUSD,23.278,23.690,22.632,23.690,2022.84825745
2025-05-26T00:00:00Z,DASHUSD,23.689,24.008,23.431,23.431,905.50124551
2025-05-27T00:00:00Z,DASHUSD,23.543,24.226,23.146,23.981,714.38474789
2025-05-28T00:00:00Z,DASHUSD,23.955,24.216,23.372,23.803,2089.08540486
2025-05-29T00:00:00Z,DASHUSD,23.820,24.228,23.131,23.181,2730.69868016
2025-05-30T00:00:00Z,DASHUSD,23.324,23.324,21.809,21.917,22009.33001824
2025-05-31T00:00:00Z,DASHUSD,21.838,22.119,21.381,21.948,576.84284172
2025-06-01T00:00:00Z,DASHUSD,21.838,22.202,21.590,22.133,674.66004398
2025-06-02T00:00:00Z,DASHUSD,22.112,22.323,21.624,22.279,2024.38614456
2025-06-03T00:00:00Z,DASHUSD,22.382,22.633,22.152,22.317,2359.80361243
2025-06-04T00:00:00Z,DASHUSD,22.301,22.548,21.516,21.533,2963.38997701
2025-06-05T00:00:00Z,DASHUSD,21.585,21.717,20.262,20.700,903.13715908
2025-06-06T00:00:00Z,DASHUSD,20.569,21.515,20.302,21.291,370.19301276
2025-06-07T00:00:00Z,DASHUSD,21.313,21.766,21.313,21.614,950.22922083
2025-06-08T00:00:00Z,DASHUSD,21.626,21.801,21.243,21.476,875.03962176
2025-06-09T00:00:00Z,DASHUSD,21.405,22.287,21.224,22.287,3246.13626387
2025-06-10T00:00:00Z,DASHUSD,22.288,22.915,21.926,22.690,1209.95372760
2025-06-11T00:00:00Z,DASHUSD,22.544,22.663,21.717,21.813,1358.92951708
2025-06-12T00:00:00Z,DASHUSD,21.783,21.789,20.685,20.809,1393.30457753
2025-06-13T00:00:00Z,DASHUSD,20.509,20.540,19.575,20.537,3890.80150465
2025-06-14T00:00:00Z,DASHUSD,20.495,20.526,20.072,20.284,2472.98891950
2025-06-15T00:00:00Z,DASHUSD,20.241,20.405,19.944,20.119,1084.68410247
2025-06-16T00:00:00Z,DASHUSD,20.124,20.909,19.954,20.168,1702.53317517
2025-06-17T00:00:00Z,DASHUSD,20.109,20.444,19.437,19.599,2134.75538613
2025-06-18T00:00:00Z,DASHUSD,19.636,20.032,19.198,19.800,2173.55264346
2025-06-19T00:00:00Z,DASHUSD,19.943,20.025,19.625,19.818,1304.04496069
2025-06-20T00:00:00Z,DASHUSD,19.938,20.237,19.051,19.497,3213.24170539
2025-06-21T00:00:00Z,DASHUSD,19.524,19.719,18.460,18.777,1407.59516319
2025-06-22T00:00:00Z,DASHUSD,18.842,19.041,17.441,18.292,4838.81850697
2025-06-23T00:00:00Z,DASHUSD,18.319,19.808,18.101,19.763,7134.72943472
2025-06-24T00:00:00Z,DASHUSD,19.788,20.221,19.710,20.072,1885.94565954
2025-06-25T00:00:00Z,DASHUSD,20.160,20.314,19.662,19.707,1875.71888368
2025-06-26T00:00:00Z,DASHUSD,19.784,20.154,19.168,19.297,1708.52193979
2025-06-27T00:00:00Z,DASHUSD,19.286,19.502,19.213,19.456,2351.47455458
2025-06-28T00:00:00Z,DASHUSD,19.524,19.903,19.443,19.847,807.09424262
2025-06-29T00:00:00Z,DASHUSD,19.841,20.459,19.740,20.342,2146.04460550
2025-06-30T00:00:00Z,DASHUSD,20.341,20.498,19.749,20.043,4794.92524858
2025-07-01T00:00:00Z,DASHUSD,20.047,20.047,19.077,19.255,1073.63776129
2025-07-02T00:00:00Z,DASHUSD,19.317,20.590,19.142,20.590,5642.42842122
2025-07-03T00:00:00Z,DASHUSD,20.532,20.965,20.289,20.463,1844.51718764
2025-07-04T00:00:00Z,DASHUSD,20.472,20.472,19.711,19.768,1627.67660101
2025-07-05T00:00:00Z,DASHUSD,19.846,19.908,19.657,19.836,994.78378062
2025-07-06T00:00:00Z,DASHUSD,19.738,20.282,19.698,20.026,3460.35102035
2025-07-07T00:00:00Z,DASHUSD,20.106,20.185,19.748,19.837,575.78472338
2025-07-08T00:00:00Z,DASHUSD,19.819,20.174,19.662,20.001,366.44118576
2025-07-09T00:00:00Z,DASHUSD,19.984,20.874,19.795,20.797,1737.90766237
2025-07-10T00:00:00Z,DASHUSD,20.686,21.660,20.664,21.466,3362.59212862
2025-07-11T00:00:00Z,DASHUSD,21.364,22.528,21.320,21.823,3128.34937970
2025-07-12T00:00:00Z,DASHUSD,21.749,22.115,21.207,21.757,3348.13163266
2025-07-13T00:00:00Z,DASHUSD,21.780,23.096,21.702,22.330,2518.99363694
2025-07-14T00:00:00Z,DASHUSD,22.353,23.147,21.927,22.146,10140.13754220
2025-07-15T00:00:00Z,DASHUSD,22.182,22.305,21.061,22.304,3587.56920293
2025-07-16T00:00:00Z,DASHUSD,22.366,23.538,21.782,22.755,6645.15804880
2025-07-17T00:00:00Z,DASHUSD,22.700,22.975,22.224,22.675,3139.88346921
2025-07-18T00:00:00Z,DASHUSD,22.846,24.878,22.846,23.591,3250.25946896
2025-07-19T00:00:00Z,DASHUSD,23.658,24.753,23.085,24.330,2048.64828413
2025-07-20T00:00:00Z,DASHUSD,24.253,25.967,24.249,25.199,6316.83965156
2025-07-21T00:00:00Z,DASHUSD,25.172,25.887,24.715,25.032,3873.16653329
2025-07-22T00:00:00Z,DASHUSD,24.970,25.739,24.273,25.434,3132.39190029
2025-07-23T00:00:00Z,DASHUSD,25.364,25.733,22.902,23.271,2199.52126631
2025-07-24T00:00:00Z,DASHUSD,23.281,23.545,22.084,22.750,1290.25075528
2025-07-25T00:00:00Z,DASHUSD,22.660,23.051,22.085,22.715,2536.81615380
2025-07-26T00:00:00Z,DASHUSD,22.786,22.943,22.293,22.550,1228.92843226
2025-07-27T00:00:00Z,DASHUSD,22.489,23.286,22.396,23.090,882.48482418
2025-07-28T00:00:00Z,DASHUSD,23.174,23.763,21.711,21.751,2807.41845655
2025-07-29T00:00:00Z,DASHUSD,21.841,22.059,20.935,21.236,2018.28382720
2025-07-30T00:00:00Z,DASHUSD,21.021,21.408,20.273,21.408,981.44944868
2025-07-31T00:00:00Z,DASHUSD,21.473,21.932,20.473,20.540,829.74976137
2025-08-01T00:00:00Z,DASHUSD,20.534,21.053,20.058,20.399,6837.60994859
2025-08-02T00:00:00Z,DASHUSD,20.383,20.546,19.694,20.023,1862.48926986
2025-08-03T00:00:00Z,DASHUSD,19.988,20.800,19.935,20.644,5558.29300568
2025-08-04T00:00:00Z,DASHUSD,20.654,21.767,20.654,21.737,2385.76527104
2025-08-05T00:00:00Z,DASHUSD,21.747,21.748,20.751,21.079,2124.48846854
2025-08-06T00:00:00Z,DASHUSD,21.135,21.465,20.670,21.093,4178.38391006
2025-08-07T00:00:00Z,DASHUSD,21.126,22.029,20.950,21.916,1705.00061432
2025-08-08T00:00:00Z,DASHUSD,22.041,22.890,21.785,22.550,6131.04173241
2025-08-09T00:00:00Z,DASHUSD,22.595,23.364,22.595,23.203,3006.90570561
2025-08-10T00:00:00Z,DASHUSD,23.287,23.537,22.576,23.072,2654.14126049
2025-08-11T00:00:00Z,DASHUSD,23.095,23.730,22.370,22.657,6536.45580342
2025-08-12T00:00:00Z,DASHUSD,22.532,23.697,22.072,23.447,3237.88787127
2025-08-13T00:00:00Z,DASHUSD,23.496,24.016,23.100,23.985,5759.68610292
2025-08-14T00:00:00Z,DASHUSD,23.927,24.273,21.977,22.203,4957.23864284
2025-08-15T00:00:00Z,DASHUSD,22.205,22.665,21.545,22.198,5528.44735008
2025-08-16T00:00:00Z,DASHUSD,22.322,23.463,22.322,23.231,2870.82971673
2025-08-17T00:00:00Z,DASHUSD,23.225,23.545,22.965,23.104,667.96672392
2025-08-18T00:00:00Z,DASHUSD,22.926,22.935,21.997,22.010,7294.78996644
2025-08-19T00:00:00Z,DASHUSD,22.200,22.329,21.306,21.306,5015.87858787
2025-08-20T00:00:00Z,DASHUSD,21.412,22.340,21.148,22.163,1346.17405775
2025-08-21T00:00:00Z,DASHUSD,22.179,22.404,21.772,21.977,3146.40211743
2025-08-22T00:00:00Z,DASHUSD,22.046,23.270,21.160,23.161,9548.31334186
2025-08-23T00:00:00Z,DASHUSD,23.232,23.707,22.784,23.266,7452.30807297
2025-08-24T00:00:00Z,DASHUSD,23.294,23.651,22.515,22.958,1846.75055358
2025-08-25T00:00:00Z,DASHUSD,22.868,23.240,21.473,21.708,4661.40532387
2025-08-26T00:00:00Z,DASHUSD,21.638,23.632,21.616,23.094,4403.51123390
2025-08-27T00:00:00Z,DASHUSD,23.221,23.705,22.820,23.544,4637.33698837
2025-08-28T00:00:00Z,DASHUSD,23.727,23.884,23.000,23.503,1267.88941938
2025-08-29T00:00:00Z,DASHUSD,23.374,23.601,22.350,22.771,5323.16813812
2025-08-30T00:00:00Z,DASHUSD,22.695,24.408,22.455,24.260,6350.70414842
2025-08-31T00:00:00Z,DASHUSD,24.274,24.825,23.624,23.624,5224.56457387
2025-09-01T00:00:00Z,DASHUSD,23.611,23.611,22.324,22.636,6661.60509724
2025-09-02T00:00:00Z,DASHUSD,22.742,23.346,22.511,23.261,1422.51085567
2025-09-03T00:00:00Z,DASHUSD,23.326,24.139,23.182,24.028,7683.22289616
2025-09-04T00:00:00Z,DASHUSD,24.010,24.066,23.110,23.304,2265.65460295
2025-09-05T00:00:00Z,DASHUSD,23.250,24.384,23.250,23.900,4228.78806529
2025-09-06T00:00:00Z,DASHUSD,24.046,24.068,23.460,23.527,2805.05193968
2025-09-07T00:00:00Z,DASHUSD,23.643,25.423,23.643,24.767,7557.48318405
2025-09-08T00:00:00Z,DASHUSD,24.554,25.523,24.554,25.088,6560.38966610
2025-09-09T00:00:00Z,DASHUSD,25.339,25.616,24.543,24.879,3536.28597420
2025-09-10T00:00:00Z,DASHUSD,24.675,25.264,24.298,24.660,2142.20575589
2025-09-11T00:00:00Z,DASHUSD,24.660,24.935,24.233,24.580,2275.01917780
2025-09-12T00:00:00Z,DASHUSD,24.615,24.999,24.273,24.956,1398.05085313
2025-09-13T00:00:00Z,DASHUSD,25.000,25.580,24.818,25.371,758.95977182
2025-09-14T00:00:00Z,DASHUSD,25.363,25.363,23.960,24.273,2015.54117826
2025-09-15T00:00:00Z,DASHUSD,24.281,24.455,22.718,23.231,6986.26490346
2025-09-16T00:00:00Z,DASHUSD,23.230,23.924,23.017,23.658,1590.80755739
2025-09-17T00:00:00Z,DASHUSD,23.687,24.091,23.207,24.040,5741.01550880
2025-09-18T00:00:00Z,DASHUSD,24.028,24.470,23.934,24.390,6133.86669077
2025-09-19T00:00:00Z,DASHUSD,24.384,24.636,23.085,23.192,5375.80217024
2025-09-20T00:00:00Z,DASHUSD,23.201,23.545,23.052,23.275,3439.39324439
2025-09-21T00:00:00Z,DASHUSD,23.270,23.313,22.863,22.943,2616.72823400
2025-09-22T00:00:00Z,DASHUSD,22.874,23.206,20.253,21.080,21397.35550188
2025-09-23T00:00:00Z,DASHUSD,21.080,21.312,20.649,21.203,6174.74044105
2025-09-24T00:00:00Z,DASHUSD,21.075,21.571,20.785,21.185,5632.80976360
2025-09-25T00:00:00Z,DASHUSD,21.133,21.133,19.933,20.039,2738.27176265
2025-09-26T00:00:00Z,DASHUSD,20.178,20.715,19.944,20.580,2980.69401709
2025-09-27T00:00:00Z,DASHUSD,20.627,21.288,20.567,20.903,4407.67531292
2025-09-28T00:00:00Z,DASHUSD,20.915,21.345,20.663,21.279,1038.51615583
2025-09-29T00:00:00Z,DASHUSD,21.310,23.000,21.310,22.716,5633.11407813
2025-09-30T00:00:00Z,DASHUSD,22.678,23.098,22.016,22.389,14628.45022987
2025-10-01T00:00:00Z,DASHUSD,22.334,34.399,22.192,31.246,63376.90388604
2025-10-02T00:00:00Z,DASHUSD,31.396,38.900,29.644,32.681,71128.23821812
2025-10-03T00:00:00Z,DASHUSD,32.711,35.822,31.431,31.700,36992.26532118
2025-10-04T00:00:00Z,DASHUSD,31.581,37.317,29.655,34.309,45617.07742211
2025-10-05T00:00:00Z,DASHUSD,34.277,37.210,33.636,35.598,56385.49857242
2025-10-06T00:00:00Z,DASHUSD,35.454,35.964,34.271,34.507,22970.09484928
2025-10-07T00:00:00Z,DASHUSD,34.562,34.615,29.709,30.032,33541.56272653
2025-10-08T00:00:00Z,DASHUSD,30.079,34.610,28.508,32.999,40498.29366614
2025-10-09T00:00:00Z,DASHUSD,33.110,36.322,30.064,35.227,51293.55808885
2025-10-10T00:00:00Z,DASHUSD,35.233,49.951,29.000,37.674,255903.84419079
2025-10-11T00:00:00Z,DASHUSD,37.696,43.553,32.483,39.637,65071.41035606
2025-10-12T00:00:00Z,DASHUSD,39.558,59.439,37.009,53.360,152433.39645714
2025-10-13T00:00:00Z,DASHUSD,53.201,61.414,49.381,50.688,92496.46282582
2025-10-14T00:00:00Z,DASHUSD,50.798,51.943,43.499,45.272,56481.56506605
2025-10-15T00:00:00Z,DASHUSD,45.303,52.924,44.470,45.645,45737.69497418
2025-10-16T00:00:00Z,DASHUSD,45.542,49.905,41.894,42.169,47751.59553207
2025-10-17T00:00:00Z,DASHUSD,42.156,47.047,38.809,43.130,75599.68007534
2025-10-18T00:00:00Z,DASHUSD,43.050,48.402,42.055,42.585,26008.08127468
2025-10-19T00:00:00Z,DASHUSD,42.670,45.707,41.838,43.715,19422.12747567
2025-10-20T00:00:00Z,DASHUSD,43.610,52.000,41.349,48.805,38933.61239521
2025-10-21T00:00:00Z,DASHUSD,49.002,51.221,44.512,45.247,29372.36428028
2025-10-22T00:00:00Z,DASHUSD,45.270,47.646,40.762,41.638,18947.13543179
2025-10-23T00:00:00Z,DASHUSD,41.589,43.498,41.000,41.680,8843.28064970
2025-10-24T00:00:00Z,DASHUSD,41.838,43.429,39.400,42.041,18444.52994700
2025-10-25T00:00:00Z,DASHUSD,41.915,42.804,40.588,41.962,11111.44857556
2025-10-26T00:00:00Z,DASHUSD,42.031,52.162,41.215,49.901,59681.04669245
2025-10-27T00:00:00Z,DASHUSD,49.909,54.383,47.799,48.584,50448.93425352
2025-10-28T00:00:00Z,DASHUSD,48.656,49.626,45.137,45.785,31862.53166872
2025-10-29T00:00:00Z,DASHUSD,45.716,49.420,45.396,46.351,24346.03603808
2025-10-30T00:00:00Z,DASHUSD,46.335,47.593,41.141,43.953,28729.83448521
2025-10-31T00:00:00Z,DASHUSD,43.822,53.283,43.719,52.765,48039.78020343
2025-11-01T00:00:00Z,DASHUSD,52.767,76.641,51.744,74.105,200484.14335204
2025-11-02T00:00:00Z,DASHUSD,73.914,96.300,70.168,89.634,176961.44641548
2025-11-03T00:00:00Z,DASHUSD,89.766,119.826,80.000,119.085,247661.49004350
2025-11-04T00:00:00Z,DASHUSD,118.739,150.000,108.011,121.095,353745.25491879
2025-11-05T00:00:00Z,DASHUSD,121.201,123.079,100.000,104.164,195195.68097149
2025-11-06T00:00:00Z,DASHUSD,104.164,134.139,97.044,112.823,263227.00520602
2025-11-07T00:00:00Z,DASHUSD,112.659,125.000,99.477,101.201,190170.90571807
2025-11-08T00:00:00Z,DASHUSD,101.282,103.157,75.102,81.506,198501.57802087
2025-11-09T00:00:00Z,DASHUSD,81.400,97.972,72.674,81.410,169839.88895278
2025-11-10T00:00:00Z,DASHUSD,81.537,85.900,71.244,72.791,106159.24791130
2025-11-11T00:00:00Z,DASHUSD,72.685,77.270,65.010,67.066,60041.02526339
2025-11-12T00:00:00Z,DASHUSD,67.086,72.291,63.519,67.168,86771.07620372
2025-11-13T00:00:00Z,DASHUSD,67.059,71.368,61.588,63.654,48134.66786873
2025-11-14T00:00:00Z,DASHUSD,63.616,78.107,61.543,74.222,102497.48863245
2025-11-15T00:00:00Z,DASHUSD,74.337,105.000,70.158,97.785,225270.17815378
2025-11-16T00:00:00Z,DASHUSD,97.293,104.000,82.473,85.543,200558.38115237
2025-11-17T00:00:00Z,DASHUSD,85.470,91.205,78.530,82.219,94230.20705376
2025-11-18T00:00:00Z,DASHUSD,82.104,82.104,73.176,77.738,92261.51194673
2025-11-19T00:00:00Z,DASHUSD,77.054,82.861,72.549,79.675,80644.43884205
2025-11-20T00:00:00Z,DASHUSD,78.950,85.844,72.523,72.676,88102.90544900
2025-11-21T00:00:00Z,DASHUSD,72.787,74.169,58.465,60.449,69842.88625778
2025-11-22T00:00:00Z,DASHUSD,60.461,61.416,52.689,56.869,62679.04712508
2025-11-23T00:00:00Z,DASHUSD,56.988,62.599,56.388,56.388,59805.51286389
2025-11-24T00:00:00Z,DASHUSD,56.431,60.769,54.864,56.604,29616.71938710
2025-11-25T00:00:00Z,DASHUSD,56.651,57.605,54.271,57.242,37007.00213836
2025-11-26T00:00:00Z,DASHUSD,57.269,70.000,57.269,70.000,111525.25690818
2025-11-27T00:00:00Z,DASHUSD,69.795,71.479,61.356,61.806,41763.37780848
2025-11-28T00:00:00Z,DASHUSD,61.774,61.787,57.209,58.280,22136.14613434
2025-11-29T00:00:00Z,DASHUSD,58.371,58.725,55.893,56.652,15045.19848090
2025-11-30T00:00:00Z,DASHUSD,56.614,57.436,53.248,53.390,12153.86540036
2025-12-01T00:00:00Z,DASHUSD,53.405,53.428,46.700,48.346,32583.03009552
2025-12-02T00:00:00Z,DASHUSD,48.384,51.118,46.120,47.568,26914.73485739
2025-12-03T00:00:00Z,DASHUSD,47.417,52.647,46.218,48.773,38211.46290186
2025-12-04T00:00:00Z,DASHUSD,48.745,51.127,47.102,49.476,28233.06350718
2025-12-05T00:00:00Z,DASHUSD,49.536,53.091,46.497,47.011,45399.53462345
2025-12-06T00:00:00Z,DASHUSD,47.014,48.994,45.871,47.597,26975.14414039
2025-12-07T00:00:00Z,DASHUSD,47.434,47.579,43.449,44.612,45200.96081500
2025-12-08T00:00:00Z,DASHUSD,44.608,52.641,44.396,49.674,41419.67276156
2025-12-09T00:00:00Z,DASHUSD,49.657,51.374,47.312,50.450,49806.63018596
2025-12-10T00:00:00Z,DASHUSD,50.431,53.317,46.271,46.842,35002.54891036
2025-12-11T00:00:00Z,DASHUSD,46.780,49.735,45.524,48.032,21426.28612956
2025-12-12T00:00:00Z,DASHUSD,48.056,48.638,45.665,46.616,13200.65359809
2025-12-13T00:00:00Z,DASHUSD,46.576,47.168,44.377,44.983,9770.53068569
2025-12-14T00:00:00Z,DASHUSD,44.933,45.487,40.780,41.111,12011.69656753
2025-12-15T00:00:00Z,DASHUSD,41.034,43.667,39.113,40.901,19193.18851203
2025-12-16T00:00:00Z,DASHUSD,40.801,42.645,39.267,41.047,19738.33478797
2025-12-17T00:00:00Z,DASHUSD,41.064,41.489,37.961,38.062,16062.22681695
2025-12-18T00:00:00Z,DASHUSD,38.062,39.152,35.163,35.735,14622.79128942
2025-12-19T00:00:00Z,DASHUSD,35.712,39.700,35.074,38.550,21094.37176374
2025-12-20T00:00:00Z,DASHUSD,38.636,41.197,38.407,40.067,8786.10193413
2025-12-21T00:00:00Z,DASHUSD,40.043,40.043,37.000,38.257,41729.55666438
2025-12-22T00:00:00Z,DASHUSD,38.324,39.303,37.364,38.382,12068.11934560
2025-12-23T00:00:00Z,DASHUSD,38.303,38.956,36.737,37.716,7529.21406160
2025-12-24T00:00:00Z,DASHUSD,37.773,38.471,35.928,38.233,12949.15083777
2025-12-25T00:00:00Z,DASHUSD,38.324,40.351,37.858,37.918,22112.07376183
2025-12-26T00:00:00Z,DASHUSD,37.973,39.789,37.822,39.247,5885.09020246
2025-12-27T00:00:00Z,DASHUSD,39.260,47.254,39.055,44.672,55766.77188383
2025-12-28T00:00:00Z,DASHUSD,44.628,45.823,43.452,43.984,28353.86664610
2025-12-29T00:00:00Z,DASHUSD,43.994,45.107,41.955,42.349,20263.91147442
2025-12-30T00:00:00Z,DASHUSD,42.360,43.606,42.136,42.571,6599.14235882
2025-12-31T00:00:00Z,DASHUSD,42.590,43.366,40.711,41.600,9712.71899124
2026-01-01T00:00:00Z,DASHUSD,41.610,44.410,40.969,43.178,8538.99237575
2026-01-02T00:00:00Z,DASHUSD,43.233,43.375,41.111,42.717,8597.95615703
2026-01-03T00:00:00Z,DASHUSD,42.796,45.146,42.253,43.298,6933.44850358
2026-01-04T00:00:00Z,DASHUSD,43.190,44.070,42.310,43.328,7280.27112948
2026-01-05T00:00:00Z,DASHUSD,43.443,44.472,42.356,44.082,13768.04311409
2026-01-06T00:00:00Z,DASHUSD,44.001,46.700,42.918,44.658,11094.52933189
2026-01-07T00:00:00Z,DASHUSD,44.543,44.588,40.382,40.935,10410.20485644
2026-01-08T00:00:00Z,DASHUSD,40.833,41.367,37.596,38.757,12486.13698118
2026-01-09T00:00:00Z,DASHUSD,38.756,39.586,37.538,37.847,8863.82114668
2026-01-10T00:00:00Z,DASHUSD,37.736,37.901,36.667,37.343,7574.48693611
2026-01-11T00:00:00Z,DASHUSD,37.203,38.103,36.578,37.231,5473.84379984
2026-01-12T00:00:00Z,DASHUSD,37.207,39.411,36.770,39.411,19889.29043012
2026-01-13T00:00:00Z,DASHUSD,39.321,69.908,39.188,58.875,341433.41815511
2026-01-14T00:00:00Z,DASHUSD,58.804,89.204,55.808,79.924,333731.68594247
2026-01-15T00:00:00Z,DASHUSD,79.912,87.308,75.149,80.953,198318.44045891
2026-01-16T00:00:00Z,DASHUSD,80.828,96.783,79.721,85.520,218059.09166669
2026-01-17T00:00:00Z,DASHUSD,85.494,85.868,73.105,74.598,121033.02554370
2026-01-18T00:00:00Z,DASHUSD,74.626,92.410,71.553,78.778,168205.56990092
2026-01-19T00:00:00Z,DASHUSD,78.771,88.400,73.214,75.292,121520.20856437
2026-01-20T00:00:00Z,DASHUSD,75.380,76.001,67.602,69.805,184155.80551713
2026-01-21T00:00:00Z,DASHUSD,69.714,72.310,66.167,67.265,85702.47008870
2026-01-22T00:00:00Z,DASHUSD,67.292,68.306,62.253,62.697,40330.46810732
2026-01-23T00:00:00Z,DASHUSD,62.746,72.917,62.524,67.466,109901.91942935
2026-01-24T00:00:00Z,DASHUSD,67.426,67.486,62.891,63.229,46472.90043110
2026-01-25T00:00:00Z,DASHUSD,63.305,65.980,58.638,58.720,51086.97066371
2026-01-26T00:00:00Z,DASHUSD,58.712,61.559,57.792,59.840,39269.35888438
2026-01-27T00:00:00Z,DASHUSD,59.858,65.557,59.594,62.337,71096.96334729
2026-01-28T00:00:00Z,DASHUSD,62.415,63.588,57.496,58.399,45356.06911020
2026-01-29T00:00:00Z,DASHUSD,58.316,59.020,53.500,54.514,31512.73779365
2026-01-30T00:00:00Z,DASHUSD,54.558,55.282,49.563,51.237,34237.39586904
2026-01-31T00:00:00Z,DASHUSD,51.240,51.358,41.111,44.255,52837.99627127
2026-02-01T00:00:00Z,DASHUSD,44.265,46.695,42.123,43.939,32603.13064667
2026-02-02T00:00:00Z,DASHUSD,43.966,45.592,42.096,44.081,20530.19880538
2026-02-03T00:00:00Z,DASHUSD,44.064,44.825,40.000,41.360,49713.80648879
2026-02-04T00:00:00Z,DASHUSD,41.410,42.546,39.355,39.477,19174.89532017
2026-02-05T00:00:00Z,DASHUSD,39.468,40.681,33.578,34.061,39555.65706849
2026-02-06T00:00:00Z,DASHUSD,34.045,39.755,30.923,37.766,37240.87506334
2026-02-07T00:00:00Z,DASHUSD,37.791,38.021,35.024,36.935,23927.79446234
2026-02-08T00:00:00Z,DASHUSD,36.764,38.421,35.520,37.287,18617.86673947
2026-02-09T00:00:00Z,DASHUSD,37.114,37.430,33.700,36.525,36393.32270317
2026-02-10T00:00:00Z,DASHUSD,36.537,37.172,34.271,35.138,14607.03515497
2026-02-11T00:00:00Z,DASHUSD,35.212,35.867,32.273,33.908,26157.00368431
2026-02-12T00:00:00Z,DASHUSD,33.916,35.128,33.088,34.314,14010.69725210
2026-02-13T00:00:00Z,DASHUSD,34.361,39.144,33.860,37.021,31372.18457502
2026-02-14T00:00:00Z,DASHUSD,37.000,41.513,36.897,40.082,55037.65161328
2026-02-15T00:00:00Z,DASHUSD,40.136,41.402,36.780,37.583,25174.87508650
2026-02-16T00:00:00Z,DASHUSD,37.528,39.219,36.780,38.119,18196.05992997
2026-02-17T00:00:00Z,DASHUSD,38.038,38.729,36.625,37.287,11759.12609097
2026-02-18T00:00:00Z,DASHUSD,37.328,38.242,35.220,35.526,15542.78159094
2026-02-19T00:00:00Z,DASHUSD,35.501,36.392,34.141,34.552,10706.69282828
2026-02-20T00:00:00Z,DASHUSD,34.581,35.356,32.810,35.191,18100.77521779
2026-02-21T00:00:00Z,DASHUSD,35.203,35.955,33.875,34.011,14108.60022679
2026-02-22T00:00:00Z,DASHUSD,33.968,34.563,32.760,33.123,11727.85239647
2026-02-23T00:00:00Z,DASHUSD,33.175,33.862,31.107,31.939,23889.07093473
2026-02-24T00:00:00Z,DASHUSD,31.952,33.461,31.314,32.414,13410.02795765
2026-02-25T00:00:00Z,DASHUSD,32.383,36.157,32.198,34.791,18398.90017811
2026-02-26T00:00:00Z,DASHUSD,34.759,36.275,33.674,34.125,8577.02178868
2026-02-27T00:00:00Z,DASHUSD,34.178,35.710,32.500,33.210,6027.07496882
2026-02-28T00:00:00Z,DASHUSD,33.279,33.476,30.701,32.883,19846.00875153
2026-03-01T00:00:00Z,DASHUSD,32.942,34.520,31.100,31.827,10257.87587128
2026-03-02T00:00:00Z,DASHUSD,31.897,35.228,31.464,34.779,9958.27174192
2026-03-03T00:00:00Z,DASHUSD,34.806,34.911,32.466,34.199,6929.35839841
2026-03-04T00:00:00Z,DASHUSD,34.207,36.282,33.599,35.100,15134.17437395
2026-03-05T00:00:00Z,DASHUSD,34.949,35.438,33.743,34.310,20535.88344781
2026-03-06T00:00:00Z,DASHUSD,34.345,34.765,32.155,32.504,11267.60422171
2026-03-07T00:00:00Z,DASHUSD,32.501,32.853,31.596,31.803,5659.45061646
2026-03-08T00:00:00Z,DASHUSD,31.827,31.827,30.149,30.425,6919.81362226
2026-03-09T00:00:00Z,DASHUSD,30.421,32.900,30.217,32.094,7532.59194481
2026-03-10T00:00:00Z,DASHUSD,32.117,33.500,32.082,32.347,6328.25887887
2026-03-11T00:00:00Z,DASHUSD,32.337,32.781,31.683,32.544,10936.68160115
2026-03-12T00:00:00Z,DASHUSD,32.450,32.943,31.812,32.904,20857.25357572
2026-03-13T00:00:00Z,DASHUSD,32.907,34.192,32.120,32.360,28145.93846734
2026-03-14T00:00:00Z,DASHUSD,32.311,33.311,32.203,32.679,6319.46436754
2026-03-15T00:00:00Z,DASHUSD,32.575,34.158,32.410,33.830,16180.84244635
2026-03-16T00:00:00Z,DASHUSD,33.887,37.020,33.685,35.949,48737.09587292
2026-03-17T00:00:00Z,DASHUSD,35.858,36.319,34.354,35.211,14291.58221212
2026-03-18T00:00:00Z,DASHUSD,35.331,35.832,32.021,32.511,20097.37248828
2026-03-19T00:00:00Z,DASHUSD,32.579,32.841,31.150,31.330,10607.92770140
2026-03-20T00:00:00Z,DASHUSD,31.366,32.213,31.350,32.068,7959.80704404
2026-03-21T00:00:00Z,DASHUSD,32.124,33.355,31.129,31.461,8744.72647557
2026-03-22T00:00:00Z,DASHUSD,31.364,32.686,30.784,32.337,7007.75362127
2026-03-23T00:00:00Z,DASHUSD,32.325,34.841,32.236,34.513,41029.96883670
2026-03-24T00:00:00Z,DASHUSD,34.473,35.174,33.511,34.286,4423.10609596
2026-03-25T00:00:00Z,DASHUSD,34.344,34.992,33.656,34.081,3118.15406052
2026-03-26T00:00:00Z,DASHUSD,34.082,34.372,32.010,32.304,6688.04965298
2026-03-27T00:00:00Z,DASHUSD,32.252,32.859,31.412,31.631,9533.53737789
2026-03-28T00:00:00Z,DASHUSD,31.670,32.701,31.115,31.726,5391.41142961
2026-03-29T00:00:00Z,DASHUSD,31.631,32.322,30.862,31.770,6541.05088121
2026-03-30T00:00:00Z,DASHUSD,31.796,32.926,31.622,31.992,5524.78827737
2026-03-31T00:00:00Z,DASHUSD,32.062,33.261,31.698,32.663,9484.51380090
2026-04-01T00:00:00Z,DASHUSD,32.654,33.095,31.586,31.657,9167.98548229
2026-04-02T00:00:00Z,DASHUSD,31.628,31.878,29.412,30.125,12960.33506352
2026-04-03T00:00:00Z,DASHUSD,30.176,30.651,29.707,29.884,5129.51720614
2026-04-04T00:00:00Z,DASHUSD,29.879,30.959,29.560,30.808,6366.27932951
2026-04-05T00:00:00Z,DASHUSD,30.835,30.966,29.798,30.404,6190.50409866
2026-04-06T00:00:00Z,DASHUSD,30.502,31.240,29.899,30.073,15415.41724855
2026-04-07T00:00:00Z,DASHUSD,30.183,34.059,29.975,33.545,19767.95972707
2026-04-08T00:00:00Z,DASHUSD,33.746,33.881,31.868,32.175,19473.54392875
2026-04-09T00:00:00Z,DASHUSD,31.969,37.813,31.570,35.911,29021.05741195
2026-04-10T00:00:00Z,DASHUSD,35.868,46.248,35.604,45.757,105805.30700170
2026-04-11T00:00:00Z,DASHUSD,45.793,48.539,43.261,46.352,58892.12256601
2026-04-12T00:00:00Z,DASHUSD,46.260,47.680,40.733,40.983,82138.74305419
2026-04-13T00:00:00Z,DASHUSD,41.006,43.650,39.778,41.352,43837.73383551
2026-04-14T00:00:00Z,DASHUSD,41.375,41.619,37.604,38.308,27395.49846680
2026-04-15T00:00:00Z,DASHUSD,38.385,39.081,37.796,38.016,13491.11646703
2026-04-16T00:00:00Z,DASHUSD,38.074,38.557,36.400,36.979,20831.33489776
2026-04-17T00:00:00Z,DASHUSD,37.015,38.240,36.241,36.901,17345.39722463
2026-04-18T00:00:00Z,DASHUSD,36.990,37.385,34.191,34.515,13268.20245784
2026-04-19T00:00:00Z,DASHUSD,34.511,35.867,33.388,33.568,19103.76404178
2026-04-20T00:00:00Z,DASHUSD,33.684,34.778,33.400,34.234,10779.21952066
2026-04-21T00:00:00Z,DASHUSD,34.320,37.211,34.128,36.704,21173.82667872
2026-04-22T00:00:00Z,DASHUSD,36.762,37.641,35.364,35.364,27205.20785402
2026-04-23T00:00:00Z,DASHUSD,35.351,36.800,34.556,36.515,20097.77454632
2026-04-24T00:00:00Z,DASHUSD,36.680,37.405,35.478,36.670,21030.29084170
2026-04-25T00:00:00Z,DASHUSD,36.688,36.688,35.790,36.145,5056.82681504
2026-04-26T00:00:00Z,DASHUSD,36.100,37.070,35.840,36.261,5473.70589756
2026-04-27T00:00:00Z,DASHUSD,36.294,37.160,34.414,35.496,8288.38667497
2026-04-28T00:00:00Z,DASHUSD,35.487,35.704,34.653,34.867,7744.15225585
2026-04-29T00:00:00Z,DASHUSD,34.820,35.749,33.325,34.452,14402.19875869
2026-04-30T00:00:00Z,DASHUSD,34.561,35.529,34.051,35.416,5841.53938344
2026-05-01T00:00:00Z,DASHUSD,35.355,38.858,34.960,37.734,22628.39561774
2026-05-02T00:00:00Z,DASHUSD,37.690,38.610,36.680,37.092,13406.21903981
2026-05-03T00:00:00Z,DASHUSD,37.051,39.665,36.875,39.204,52028.12157079
2026-05-04T00:00:00Z,DASHUSD,39.149,51.116,39.070,47.556,171969.64182303
2026-05-05T00:00:00Z,DASHUSD,47.466,50.268,44.508,49.037,54836.28813133
2026-05-06T00:00:00Z,DASHUSD,49.278,58.040,47.671,51.342,133558.87548831
2026-05-07T00:00:00Z,DASHUSD,51.419,54.228,49.405,52.127,69216.29544232
2026-05-08T00:00:00Z,DASHUSD,52.144,52.555,47.290,50.311,52896.18408566
2026-05-09T00:00:00Z,DASHUSD,50.202,52.737,48.751,49.095,32024.32825927
2026-05-10T00:00:00Z,DASHUSD,48.948,49.890,45.924,47.597,27395.18440090
2026-05-11T00:00:00Z,DASHUSD,47.555,47.751,46.022,46.759,20823.57508502
2026-05-12T00:00:00Z,DASHUSD,46.731,47.118,44.664,46.392,13401.02785186
2026-05-13T00:00:00Z,DASHUSD,46.407,47.560,43.395,43.740,13904.40530478
2026-05-14T00:00:00Z,DASHUSD,43.811,46.989,43.132,46.157,12625.80185298
2026-05-15T00:00:00Z,DASHUSD,46.381,46.382,42.673,43.372,11886.86814167
2026-05-16T00:00:00Z,DASHUSD,43.271,43.534,40.510,41.310,6905.71358693
2026-05-17T00:00:00Z,DASHUSD,41.331,42.694,40.429,40.885,14870.01042196
2026-05-18T00:00:00Z,DASHUSD,40.743,43.467,40.126,42.727,17468.50651656
2026-05-19T00:00:00Z,DASHUSD,42.869,43.387,41.712,42.145,10349.68752985
2026-05-20T00:00:00Z,DASHUSD,42.277,50.705,41.625,50.705,81831.58648981
2026-05-21T00:00:00Z,DASHUSD,50.680,54.404,46.994,48.836,58243.23061582
2026-05-22T00:00:00Z,DASHUSD,48.722,49.562,42.474,42.701,34785.87123567
2026-05-23T00:00:00Z,DASHUSD,42.700,46.732,41.675,45.994,55540.25529518
2026-05-24T00:00:00Z,DASHUSD,46.058,47.208,44.560,45.853,18513.42557410
2026-05-25T00:00:00Z,DASHUSD,45.862,47.367,44.400,44.725,28800.10339654
2026-05-26T00:00:00Z,DASHUSD,44.725,45.598,42.960,43.483,21482.37259002
2026-05-27T00:00:00Z,DASHUSD,43.484,44.280,42.125,42.523,17952.07510326
2026-05-28T00:00:00Z,DASHUSD,42.534,42.610,38.398,39.941,31422.70425899
2026-05-29T00:00:00Z,DASHUSD,40.093,40.890,38.925,39.394,18112.92311239
2026-05-30T00:00:00Z,DASHUSD,39.318,40.227,38.496,39.314,18664.99001020
2026-05-31T00:00:00Z,DASHUSD,39.378,40.527,38.751,40.188,11259.31822617
2026-06-01T00:00:00Z,DASHUSD,40.183,41.465,38.097,39.531,30739.37577323
2026-06-02T00:00:00Z,DASHUSD,39.568,40.513,36.835,37.833,35619.67955789
2026-06-03T00:00:00Z,DASHUSD,37.887,40.301,37.887,39.304,26732.86665463
2026-06-04T00:00:00Z,DASHUSD,39.443,39.655,33.203,34.346,48276.30029366
2026-06-05T00:00:00Z,DASHUSD,34.224,34.224,29.390,31.490,66004.26566215
2026-06-06T00:00:00Z,DASHUSD,31.595,32.851,29.613,32.636,31877.68982873
2026-06-07T00:00:00Z,DASHUSD,32.758,38.252,32.427,36.901,51276.39868714
2026-06-08T00:00:00Z,DASHUSD,36.917,37.591,36.238,36.875,25915.69460097
2026-06-09T00:00:00Z,DASHUSD,36.808,38.423,35.086,35.208,31849.41361393
2026-06-10T00:00:00Z,DASHUSD,35.218,35.615,33.324,33.809,13628.01186227
2026-06-11T00:00:00Z,DASHUSD,33.813,36.141,33.807,35.618,20069.90964221
2026-06-12T00:00:00Z,DASHUSD,35.667,35.826,34.227,34.338,14596.74525926
2026-06-13T00:00:00Z,DASHUSD,34.340,35.692,34.277,35.492,6026.13285900
2026-06-14T00:00:00Z,DASHUSD,35.480,38.257,34.616,38.257,12324.70479373
2026-06-15T00:00:00Z,DASHUSD,38.440,40.180,37.455,38.261,29943.75804519
2026-06-16T00:00:00Z,DASHUSD,38.235,38.818,36.907,37.494,18334.86995196
2026-06-17T00:00:00Z,DASHUSD,37.502,38.130,35.780,36.244,7197.08839372
2026-06-18T00:00:00Z,DASHUSD,36.318,36.596,34.400,35.405,10331.43389372
2026-06-19T00:00:00Z,DASHUSD,35.441,37.434,34.432,37.434,4430.10603987
2026-06-20T00:00:00Z,DASHUSD,37.609,38.221,36.004,36.927,12215.42751015
2026-06-21T00:00:00Z,DASHUSD,36.936,37.283,34.592,34.596,7506.41632608
2026-06-22T00:00:00Z,DASHUSD,34.728,35.722,34.143,34.413,10369.49646546
2026-06-23T00:00:00Z,DASHUSD,34.523,36.509,33.554,36.217,21915.09538379
2026-06-24T00:00:00Z,DASHUSD,36.417,36.975,32.003,33.626,14875.59774588
2026-06-25T00:00:00Z,DASHUSD,33.692,35.426,32.100,33.987,11819.38404099
2026-06-26T00:00:00Z,DASHUSD,33.917,34.964,32.750,34.239,12164.52426369
2026-06-27T00:00:00Z,DASHUSD,34.189,34.466,32.782,32.964,5123.88514768
2026-06-28T00:00:00Z,DASHUSD,32.937,33.119,31.753,32.238,6295.47112753
2026-06-29T00:00:00Z,DASHUSD,32.031,33.784,31.779,33.223,15514.61138275
2026-06-30T00:00:00Z,DASHUSD,33.259,33.493,32.284,32.518,14859.70540412
2026-07-01T00:00:00Z,DASHUSD,32.532,34.740,31.726,33.098,6308.30971562
2026-07-02T00:00:00Z,DASHUSD,33.063,36.147,33.000,34.515,17000.66197963
2026-07-03T00:00:00Z,DASHUSD,34.523,36.492,34.523,35.831,13228.02007024
2026-07-04T00:00:00Z,DASHUSD,35.885,36.589,34.943,35.681,3158.74694121
2026-07-05T00:00:00Z,DASHUSD,35.520,35.698,34.619,35.685,2204.71993413
2026-07-06T00:00:00Z,DASHUSD,35.656,35.779,34.018,35.112,5333.32742887
2026-07-07T00:00:00Z,DASHUSD,35.133,37.300,34.589,35.409,10764.91753298
2026-07-08T00:00:00Z,DASHUSD,35.325,35.735,33.261,34.294,7733.24386638
2026-07-09T00:00:00Z,DASHUSD,34.415,34.566,33.660,34.075,6569.11655090
2026-07-10T00:00:00Z,DASHUSD,34.073,35.523,33.990,34.870,10643.31303965
2026-07-11T00:00:00Z,DASHUSD,34.826,35.356,33.848,33.945,2659.52267015
2026-07-12T00:00:00Z,DASHUSD,33.876,35.479,33.778,34.371,4165.27137174
2026-07-13T00:00:00Z,DASHUSD,34.456,35.144,32.570,32.854,7443.22042424
2026-07-14T00:00:00Z,DASHUSD,32.886,34.180,32.386,34.082,10797.64646373
2026-07-15T00:00:00Z,DASHUSD,34.125,35.497,33.935,34.500,13308.18371550
2026-07-16T00:00:00Z,DASHUSD,34.546,34.739,33.138,33.282,5917.14026342
2026-07-17T00:00:00Z,DASHUSD,33.303,34.484,33.059,34.271,8888.48069290
2026-07-18T00:00:00Z,DASHUSD,34.279,34.416,33.546,34.164,5803.79882245
2026-07-19T00:00:00Z,DASHUSD,34.172,34.987,33.699,34.353,4361.32649321
2026-07-20T00:00:00Z,DASHUSD,34.308,34.665,33.587,34.140,3862.60695942
2026-07-21T00:00:00Z,DASHUSD,34.088,35.128,33.853,34.883,7170.03554065
2026-07-22T00:00:00Z,DASHUSD,34.863,35.017,33.241,33.481,16114.81236819
2026-07-23T00:00:00Z,DASHUSD,33.450,33.762,32.698,32.883,9439.25655719
2026-07-24T00:00:00Z,DASHUSD,32.848,33.199,31.873,32.091,9323.33201904
2026-07-25T00:00:00Z,DASHUSD,32.013,32.804,31.936,32.429,4193.91215239
2026-07-26T00:00:00Z,DASHUSD,32.463,33.199,32.343,32.898,5649.78645780
2026-07-27T00:00:00Z,DASHUSD,32.907,33.005,31.043,31.222,10785.29097070
2026-07-28T00:00:00Z,DASHUSD,31.232,31.782,29.929,31.401,21299.19810779
2026-07-29T00:00:00Z,DASHUSD,31.477,31.551,28.800,29.653,13949.91996282
2026-07-30T00:00:00Z,DASHUSD,29.637,30.580,29.245,30.254,16470.77478527
2026-07-31T00:00:00Z,DASHUSD,30.247,30.950,29.565,30.755,12428.67931769
2026-08-01T00:00:00Z,DASHUSD,30.876,32.206,30.580,31.099,12815.33174116
2026-08-02T00:00:00Z,DASHUSD,31.127,31.687,31.109,31.498,6147.45146456
2026-08-03T00:00:00Z,DASHUSD,31.416,31.490,30.728,31.073,6037.07070316
2026-08-04T00:00:00Z,DASHUSD,31.200,31.629,30.950,31.261,4613.81537973
2026-08-05T00:00:00Z,DASHUSD,31.245,31.645,30.724,30.860,12148.82061115
2026-08-06T00:00:00Z,DASHUSD,30.832,31.440,30.059,31.175,9181.71319007
2026-08-07T00:00:00Z,DASHUSD,31.160,32.850,30.696,30.774,17105.62834772
2026-08-08T00:00:00Z,DASHUSD,30.751,32.266,30.504,31.936,24888.21518759
2026-08-09T00:00:00Z,DASHUSD,31.952,32.048,30.950,31.090,12538.33537947
2026-08-10T00:00:00Z,DASHUSD,31.007,31.279,30.805,30.840,5699.26020578
2026-08-11T00:00:00Z,DASHUSD,30.724,30.927,30.268,30.648,8505.00250199
2026-08-12T00:00:00Z,DASHUSD,30.614,30.750,29.919,29.976,3085.03316607
2026-08-13T00:00:00Z,DASHUSD,30.039,30.478,29.879,30.397,4429.93617661
2026-08-14T00:00:00Z,DASHUSD,30.428,30.597,29.612,30.120,3670.36664710
2026-08-15T00:00:00Z,DASHUSD,30.126,30.214,29.687,29.716,3196.32792242
2026-08-16T00:00:00Z,DASHUSD,29.685,30.393,29.484,29.927,8644.09330735
2026-08-17T00:00:00Z,DASHUSD,29.954,30.625,29.870,30.453,6537.91652796
2026-08-18T00:00:00Z,DASHUSD,30.461,30.629,29.726,29.817,5152.86360768
2026-08-19T00:00:00Z,DASHUSD,29.788,32.285,29.585,31.665,18826.20331710
2026-08-20T00:00:00Z,DASHUSD,31.825,33.578,31.398,32.719,28812.16882438
2026-08-21T00:00:00Z,DASHUSD,32.678,39.589,32.639,38.670,40673.14521133
2026-08-22T00:00:00Z,DASHUSD,38.680,48.147,35.450,41.121,113096.49826821
2026-08-23T00:00:00Z,DASHUSD,41.136,43.823,38.316,42.425,73356.09656865
2026-08-24T00:00:00Z,DASHUSD,42.396,43.432,40.594,41.562,31341.22468179
2026-08-25T00:00:00Z,DASHUSD,41.522,43.995,37.550,37.902,35804.95263094
2026-08-26T00:00:00Z,DASHUSD,37.895,39.500,36.939,39.302,17513.69815560
2026-08-27T00:00:00Z,DASHUSD,39.233,41.294,38.154,39.595,15914.29584772
2026-08-28T00:00:00Z,DASHUSD,39.569,40.086,36.923,38.459,18476.49289921
2026-08-29T00:00:00Z,DASHUSD,38.476,42.591,38.307,41.305,27563.16343380
2026-08-30T00:00:00Z,DASHUSD,41.241,44.555,40.502,41.708,37498.08731387
2026-08-31T00:00:00Z,DASHUSD,41.809,48.600,40.527,44.774,92683.41561767
2026-09-01T00:00:00Z,DASHUSD,44.806,47.460,42.817,43.909,29638.22652118
2026-09-02T00:00:00Z,DASHUSD,43.885,43.921,41.120,42.656,22892.89784049
2026-09-03T00:00:00Z,DASHUSD,42.726,47.884,42.091,47.400,42368.18991772
2026-09-04T00:00:00Z,DASHUSD,47.440,64.598,46.080,62.504,156492.90147269
2026-09-05T00:00:00Z,DASHUSD,62.704,74.000,61.677,65.300,150895.85572499
2026-09-06T00:00:00Z,DASHUSD,65.444,82.887,65.276,71.307,93273.80074478
2026-09-07T00:00:00Z,DASHUSD,71.332,72.412,62.346,62.931,47590.79248602
2026-09-08T00:00:00Z,DASHUSD,62.707,64.984,61.392,62.480,33392.21043346
2026-09-09T00:00:00Z,DASHUSD,62.533,66.337,58.050,58.539,44650.28115656
2026-09-10T00:00:00Z,DASHUSD,58.697,58.938,53.916,54.003,29832.39921572
2026-09-11T00:00:00Z,DASHUSD,54.030,59.521,54.030,56.861,29826.56779200
2026-09-12T00:00:00Z,DASHUSD,56.850,57.229,54.624,54.760,13805.29054028
2026-09-13T00:00:00Z,DASHUSD,54.704,56.156,52.522,52.966,16200.28973446
2026-09-14T00:00:00Z,DASHUSD,53.017,56.301,52.642,53.772,16121.29653651
2026-09-15T00:00:00Z,DASHUSD,53.841,54.145,49.386,50.531,19210.93637275
2026-09-16T00:00:00Z,DASHUSD,50.536,57.537,49.930,55.994,42870.25234617
2026-09-17T00:00:00Z,DASHUSD,55.947,62.510,55.772,61.097,42639.03459420
2026-09-18T00:00:00Z,DASHUSD,61.109,65.063,57.500,63.459,60793.00310345
2026-09-19T00:00:00Z,DASHUSD,63.450,64.144,57.591,58.734,30353.94661492
2026-09-20T00:00:00Z,DASHUSD,58.689,58.860,54.333,57.528,30953.48171153
2026-09-21T00:00:00Z,DASHUSD,57.729,61.590,56.293,59.046,25092.55698345
2026-09-22T00:00:00Z,DASHUSD,59.390,65.574,58.001,64.187,51861.75751454
2026-09-23T00:00:00Z,DASHUSD,64.004,66.000,57.321,57.685,84964.83160319
2026-09-24T00:00:00Z,DASHUSD,57.771,64.155,57.020,63.612,60594.84829627
2026-09-25T00:00:00Z,DASHUSD,63.540,65.650,61.305,63.966,37434.05432324
2026-09-26T00:00:00Z,DASHUSD,63.823,73.630,62.060,71.872,97781.45691937
2026-09-27T00:00:00Z,DASHUSD,71.854,73.202,66.500,68.490,38579.66547723
