timestamp,symbol,open,high,low,close,volume
2022-06-16T00:00:00Z,EGLDUSD,55.48,55.48,50.4,50.4,572.529567
2022-06-17T00:00:00Z,EGLDUSD,50.75,54.15,50.75,52.76,712.4895175299998
2022-06-18T00:00:00Z,EGLDUSD,52.76,53.08,43.55,46.13,2189.7794217200017
2022-06-19T00:00:00Z,EGLDUSD,45.76,53.7,43.66,52.95,2178.6176432299994
2022-06-20T00:00:00Z,EGLDUSD,52.95,58.81,51.48,57.19,2295.9379077000026
2022-06-21T00:00:00Z,EGLDUSD,57.19,75.0,56.51,58.07,2171.589886860007
2022-06-22T00:00:00Z,EGLDUSD,58.06,61.7,56.61,58.45,1547.8955075699998
2022-06-23T00:00:00Z,EGLDUSD,58.41,72.88,57.46,60.51,1366.9024968500003
2022-06-24T00:00:00Z,EGLDUSD,60.51,64.51,60.51,63.21,1675.367583730001
2022-06-25T00:00:00Z,EGLDUSD,63.16,64.45,60.5,61.63,891.4444182100005
2022-06-26T00:00:00Z,EGLDUSD,61.84,62.35,55.09,55.09,1181.3284159599998
2022-06-27T00:00:00Z,EGLDUSD,55.51,58.56,55.51,56.4,595.0098627199997
2022-06-28T00:00:00Z,EGLDUSD,56.53,56.87,51.84,52.2,833.8334544299994
2022-06-29T00:00:00Z,EGLDUSD,51.8,52.75,49.83,50.29,1771.3924664800018
2022-06-30T00:00:00Z,EGLDUSD,50.22,50.66,46.41,50.66,2302.407863400001
2022-07-01T00:00:00Z,EGLDUSD,50.7,51.94,48.79,50.88,1204.3376970100007
2022-07-02T00:00:00Z,EGLDUSD,51.24,51.44,43.7,50.52,2206.686729090001
2022-07-03T00:00:00Z,EGLDUSD,50.47,51.98,49.31,51.11,1583.1926276499996
2022-07-04T00:00:00Z,EGLDUSD,51.09,54.17,50.34,53.91,734.9565856600007
2022-07-05T00:00:00Z,EGLDUSD,54.23,55.85,52.34,54.13,748.0402756500002
2022-07-06T00:00:00Z,EGLDUSD,54.1,55.31,53.47,54.59,2186.7477311800008
2022-07-07T00:00:00Z,EGLDUSD,54.59,57.1,53.74,56.38,742.5020754999997
2022-07-08T00:00:00Z,EGLDUSD,56.38,56.92,52.98,54.36,995.8436582999999
2022-07-09T00:00:00Z,EGLDUSD,54.12,65.88,54.12,55.99,771.4349630600001
2022-07-10T00:00:00Z,EGLDUSD,56.43,56.43,47.56,52.08,1025.4291328500003
2022-07-11T00:00:00Z,EGLDUSD,52.27,52.27,49.98,50.32,812.5149977399992
2022-07-12T00:00:00Z,EGLDUSD,50.4,60.76,49.17,49.17,1238.5841503799998
2022-07-13T00:00:00Z,EGLDUSD,49.14,52.09,47.4,52.09,1155.2995759500009
2022-07-14T00:00:00Z,EGLDUSD,52.13,59.13,52.13,58.18,1454.1214030599979
2022-07-15T00:00:00Z,EGLDUSD,58.24,60.9,50.71,59.43,1995.8969326299994
2022-07-16T00:00:00Z,EGLDUSD,59.86,60.0,57.08,59.62,756.49079116
2022-07-17T00:00:00Z,EGLDUSD,60.06,62.28,57.89,57.89,834.8413499299999
2022-07-18T00:00:00Z,EGLDUSD,57.85,66.88,57.05,60.36,1696.2707070799993
2022-07-19T00:00:00Z,EGLDUSD,59.93,62.98,57.84,60.58,1465.6042635799993
2022-07-20T00:00:00Z,EGLDUSD,60.59,62.13,53.09,55.3,1524.093998480001
2022-07-21T00:00:00Z,EGLDUSD,55.1,56.74,53.27,56.36,917.4705717200009
2022-07-22T00:00:00Z,EGLDUSD,55.96,59.14,54.7,55.29,850.6436927999996
2022-07-23T00:00:00Z,EGLDUSD,54.89,56.65,52.39,54.89,946.4761975999999
2022-07-24T00:00:00Z,EGLDUSD,54.95,55.9,54.35,54.88,428.87618314
2022-07-25T00:00:00Z,EGLDUSD,54.76,54.76,50.48,50.48,655.75897551
2022-07-26T00:00:00Z,EGLDUSD,50.45,50.8,49.13,50.8,581.3007854299997
2022-07-27T00:00:00Z,EGLDUSD,50.83,54.79,50.25,54.79,943.3713392200002
2022-07-28T00:00:00Z,EGLDUSD,54.85,57.35,53.67,57.09,861.1274472700005
2022-07-29T00:00:00Z,EGLDUSD,56.83,59.28,54.81,55.88,3296.452448029999
2022-07-30T00:00:00Z,EGLDUSD,56.28,60.0,55.72,56.74,4484.516261920002
2022-07-31T00:00:00Z,EGLDUSD,56.9,59.94,56.41,57.48,1132.2713855000006
2022-08-01T00:00:00Z,EGLDUSD,57.07,59.71,56.68,58.61,1268.4803813800008
2022-08-02T00:00:00Z,EGLDUSD,58.97,59.29,54.3,55.89,927.7041965400005
2022-08-03T00:00:00Z,EGLDUSD,55.85,58.88,54.97,57.2,749.3276503199997
2022-08-04T00:00:00Z,EGLDUSD,57.53,59.02,57.27,58.46,499.7599606999996
2022-08-05T00:00:00Z,EGLDUSD,58.47,63.73,58.47,62.45,1209.4053006500008
2022-08-06T00:00:00Z,EGLDUSD,62.43,66.25,61.7,64.54,1094.126218920001
2022-08-07T00:00:00Z,EGLDUSD,64.56,67.77,64.17,67.0,1083.9355997599998
2022-08-08T00:00:00Z,EGLDUSD,67.05,68.34,64.76,65.81,1018.6540898799994
2022-08-09T00:00:00Z,EGLDUSD,66.08,67.01,61.25,61.68,991.4224325900012
2022-08-10T00:00:00Z,EGLDUSD,62.14,70.5,60.49,66.94,1118.127241859999
2022-08-11T00:00:00Z,EGLDUSD,67.48,69.27,64.69,64.69,1101.7690319599994
2022-08-12T00:00:00Z,EGLDUSD,64.62,66.92,63.37,66.89,1055.3280593700008
2022-08-13T00:00:00Z,EGLDUSD,66.91,67.72,64.66,64.99,554.0628414100003
2022-08-14T00:00:00Z,EGLDUSD,65.01,66.67,62.36,62.73,608.2017412300003
2022-08-15T00:00:00Z,EGLDUSD,62.47,64.27,57.02,60.49,865.4143622599997
2022-08-16T00:00:00Z,EGLDUSD,60.53,61.75,59.69,60.53,1730.2224470000008
2022-08-17T00:00:00Z,EGLDUSD,60.54,62.16,57.01,57.48,858.2988677900004
2022-08-18T00:00:00Z,EGLDUSD,57.48,59.02,54.57,55.02,660.4500598300001
2022-08-19T00:00:00Z,EGLDUSD,54.99,62.5,51.5,52.95,1843.7685760299994
2022-08-20T00:00:00Z,EGLDUSD,52.95,54.35,51.94,52.95,734.64451285
2022-08-21T00:00:00Z,EGLDUSD,52.95,55.06,52.51,54.98,400.06945084000006
2022-08-22T00:00:00Z,EGLDUSD,55.07,55.45,52.35,53.74,687.17183804
2022-08-23T00:00:00Z,EGLDUSD,53.8,54.37,52.8,54.01,862.8664540600001
2022-08-24T00:00:00Z,EGLDUSD,53.69,56.26,52.94,55.45,912.0521736100002
2022-08-25T00:00:00Z,EGLDUSD,55.45,57.84,55.45,57.26,744.5125251000002
2022-08-26T00:00:00Z,EGLDUSD,57.2,59.41,50.51,53.36,3511.9606532699995
2022-08-27T00:00:00Z,EGLDUSD,53.35,54.72,51.25,52.81,2344.569510490001
2022-08-28T00:00:00Z,EGLDUSD,52.81,53.0,50.01,50.01,944.9747451399994
2022-08-29T00:00:00Z,EGLDUSD,50.4,53.51,50.0,53.03,1560.4636025800019
2022-08-30T00:00:00Z,EGLDUSD,53.04,56.43,52.47,54.21,1789.6900799800028
2022-08-31T00:00:00Z,EGLDUSD,54.63,55.66,50.11,52.66,2930.729852469996
2022-09-01T00:00:00Z,EGLDUSD,52.64,52.92,51.25,52.88,980.3297016800002
2022-09-02T00:00:00Z,EGLDUSD,52.88,53.5,51.67,52.23,588.1230358700006
2022-09-03T00:00:00Z,EGLDUSD,52.26,52.43,51.16,51.31,447.4051754499997
2022-09-04T00:00:00Z,EGLDUSD,51.18,51.6,50.58,51.49,424.1842589099998
2022-09-05T00:00:00Z,EGLDUSD,51.52,51.83,50.77,51.69,581.4102209899997
2022-09-06T00:00:00Z,EGLDUSD,51.46,55.5,48.46,48.71,2603.312610740002
2022-09-07T00:00:00Z,EGLDUSD,48.66,51.4,48.29,51.08,1626.6391800399988
2022-09-08T00:00:00Z,EGLDUSD,51.38,53.08,50.35,52.7,698.2609645200001
2022-09-09T00:00:00Z,EGLDUSD,53.11,54.52,53.11,53.8,1399.9451370099987
2022-09-10T00:00:00Z,EGLDUSD,53.62,54.42,53.37,53.75,627.6661122199996
2022-09-11T00:00:00Z,EGLDUSD,54.16,54.37,52.38,52.75,1354.1050159899987
2022-09-12T00:00:00Z,EGLDUSD,52.78,53.93,51.63,52.0,1205.9606480700004
2022-09-13T00:00:00Z,EGLDUSD,51.7,52.5,48.96,49.17,1949.3135238000002
2022-09-14T00:00:00Z,EGLDUSD,48.94,50.6,48.74,49.93,1111.6933806999998
2022-09-15T00:00:00Z,EGLDUSD,49.83,49.9,48.14,48.57,1175.6446543600014
2022-09-16T00:00:00Z,EGLDUSD,48.53,49.51,48.29,49.1,1061.4999690499997
2022-09-17T00:00:00Z,EGLDUSD,49.25,51.96,49.25,51.47,846.7669024400001
2022-09-18T00:00:00Z,EGLDUSD,51.28,51.54,46.88,47.4,952.3979348099998
2022-09-19T00:00:00Z,EGLDUSD,47.23,49.6,46.62,47.99,1284.8775087900003
2022-09-20T00:00:00Z,EGLDUSD,47.95,48.78,47.63,47.82,937.68706333
2022-09-21T00:00:00Z,EGLDUSD,47.76,48.84,45.61,46.05,1370.8103222899995
2022-09-22T00:00:00Z,EGLDUSD,46.08,48.72,45.99,47.96,998.3536697700002
2022-09-23T00:00:00Z,EGLDUSD,47.98,50.5,46.72,47.73,2292.9186839299987
2022-09-24T00:00:00Z,EGLDUSD,47.78,49.12,47.74,47.96,635.88755115
2022-09-25T00:00:00Z,EGLDUSD,47.95,48.77,46.31,46.47,574.0115218600002
2022-09-26T00:00:00Z,EGLDUSD,46.34,47.23,45.76,46.83,779.65833853
2022-09-27T00:00:00Z,EGLDUSD,46.83,49.5,46.07,46.67,1172.9193612699999
2022-09-28T00:00:00Z,EGLDUSD,46.58,48.27,45.33,47.42,862.2989615800001
2022-09-29T00:00:00Z,EGLDUSD,47.71,48.08,46.81,47.93,584.0561363200006
2022-09-30T00:00:00Z,EGLDUSD,47.93,49.89,47.31,47.53,2009.6001734200013
2022-10-01T00:00:00Z,EGLDUSD,47.55,48.32,47.12,48.04,692.8030245800009
2022-10-02T00:00:00Z,EGLDUSD,47.89,48.78,47.07,48.18,828.8969133099997
2022-10-03T00:00:00Z,EGLDUSD,48.18,53.73,47.98,52.24,3327.997192159996
2022-10-04T00:00:00Z,EGLDUSD,52.27,56.63,52.16,55.38,5148.261331840006
2022-10-05T00:00:00Z,EGLDUSD,55.24,56.17,53.9,54.45,1964.6629025099978
2022-10-06T00:00:00Z,EGLDUSD,54.45,55.74,54.45,55.41,1183.4848720800005
2022-10-07T00:00:00Z,EGLDUSD,55.15,56.23,54.36,55.21,851.00378354
2022-10-08T00:00:00Z,EGLDUSD,55.53,55.79,53.9,54.06,1699.6237105600005
2022-10-09T00:00:00Z,EGLDUSD,53.91,57.23,53.9,56.93,1182.9097270999994
2022-10-10T00:00:00Z,EGLDUSD,57.09,57.7,55.1,56.77,2539.2325888400005
2022-10-11T00:00:00Z,EGLDUSD,56.49,78.77,54.1,54.65,4323.211784360003
2022-10-12T00:00:00Z,EGLDUSD,55.05,56.27,54.35,55.6,1742.7002429099998
2022-10-13T00:00:00Z,EGLDUSD,55.6,56.08,51.12,53.17,3127.2415558300013
2022-10-14T00:00:00Z,EGLDUSD,53.15,54.65,52.68,53.12,1548.04992693
2022-10-15T00:00:00Z,EGLDUSD,53.45,64.0,53.45,56.5,3145.5487519999965
2022-10-16T00:00:00Z,EGLDUSD,56.55,57.27,55.48,55.48,2104.102322039999
2022-10-17T00:00:00Z,EGLDUSD,55.49,57.26,55.12,57.26,3315.4041068199967
2022-10-18T00:00:00Z,EGLDUSD,57.27,57.93,56.38,56.38,2120.79741615
2022-10-19T00:00:00Z,EGLDUSD,56.36,57.48,55.82,56.28,1095.4038764799998
2022-10-20T00:00:00Z,EGLDUSD,56.21,60.0,54.94,58.21,3372.9925672300064
2022-10-21T00:00:00Z,EGLDUSD,57.9,58.16,55.11,55.9,1531.8587171500003
2022-10-22T00:00:00Z,EGLDUSD,55.5,60.0,53.87,55.26,1559.2471736399993
2022-10-23T00:00:00Z,EGLDUSD,55.15,58.93,54.82,56.76,779.3617776200006
2022-10-24T00:00:00Z,EGLDUSD,56.67,61.0,56.53,58.33,2452.9845991499997
2022-10-25T00:00:00Z,EGLDUSD,58.34,59.6,56.77,57.12,2270.4572009500002
2022-10-26T00:00:00Z,EGLDUSD,56.77,59.6,56.16,57.23,1749.206703360001
2022-10-27T00:00:00Z,EGLDUSD,57.23,68.33,55.01,55.54,1881.684533879998
2022-10-28T00:00:00Z,EGLDUSD,55.45,57.69,55.26,57.62,912.5006192900006
2022-10-29T00:00:00Z,EGLDUSD,57.62,58.65,56.25,56.52,1183.4638326300005
2022-10-30T00:00:00Z,EGLDUSD,56.67,62.57,56.33,58.26,1940.243969850001
2022-10-31T00:00:00Z,EGLDUSD,58.29,87.0,56.64,58.64,4930.958391240003
2022-11-01T00:00:00Z,EGLDUSD,58.64,60.5,58.64,60.05,2354.002904880001
2022-11-02T00:00:00Z,EGLDUSD,60.11,60.93,57.6,59.44,1859.6450675099995
2022-11-03T00:00:00Z,EGLDUSD,59.07,64.08,59.07,59.65,2962.5547340399967
2022-11-04T00:00:00Z,EGLDUSD,59.36,63.24,57.6,60.74,2513.4225973500056
2022-11-05T00:00:00Z,EGLDUSD,60.56,65.0,57.83,58.39,3464.019318019994
2022-11-06T00:00:00Z,EGLDUSD,58.19,58.72,54.1,54.72,2172.3926759599995
2022-11-07T00:00:00Z,EGLDUSD,54.52,55.87,51.36,53.55,4662.498822310007
2022-11-08T00:00:00Z,EGLDUSD,53.85,59.0,48.38,49.49,5966.036078859992
2022-11-09T00:00:00Z,EGLDUSD,49.49,52.59,40.0,41.85,10572.610869899954
2022-11-10T00:00:00Z,EGLDUSD,41.59,50.07,40.05,47.56,5615.598065100024
2022-11-11T00:00:00Z,EGLDUSD,47.86,51.85,44.8,45.56,2083.5905255800017
2022-11-12T00:00:00Z,EGLDUSD,45.56,46.3,42.01,44.31,2966.138415450002
2022-11-13T00:00:00Z,EGLDUSD,44.28,48.03,42.13,43.13,1968.7183171599997
2022-11-14T00:00:00Z,EGLDUSD,43.12,50.0,40.12,44.62,3305.6593749100025
2022-11-15T00:00:00Z,EGLDUSD,44.61,48.25,43.45,43.63,1600.8595604599998
2022-11-16T00:00:00Z,EGLDUSD,43.63,45.0,41.7,42.03,2348.7458385699993
2022-11-17T00:00:00Z,EGLDUSD,42.06,44.2,41.8,43.6,1732.6325565599998
2022-11-18T00:00:00Z,EGLDUSD,43.59,44.06,42.3,42.89,1167.0866158200006
2022-11-19T00:00:00Z,EGLDUSD,42.88,43.48,42.4,42.65,553.4596035700001
2022-11-20T00:00:00Z,EGLDUSD,42.94,43.84,41.0,41.29,1193.2949357199993
2022-11-21T00:00:00Z,EGLDUSD,41.29,41.94,40.5,41.34,1377.94364681
2022-11-22T00:00:00Z,EGLDUSD,41.23,49.76,38.24,42.03,2207.963262699999
2022-11-23T00:00:00Z,EGLDUSD,42.03,46.54,38.59,42.14,1503.0221682899999
2022-11-24T00:00:00Z,EGLDUSD,42.14,43.07,41.76,42.64,494.0386198400002
2022-11-25T00:00:00Z,EGLDUSD,42.55,42.97,41.46,42.0,620.1540244199998
2022-11-26T00:00:00Z,EGLDUSD,42.02,44.08,42.02,43.29,975.3604457500002
2022-11-27T00:00:00Z,EGLDUSD,43.34,44.01,43.19,43.19,225.22765814
2022-11-28T00:00:00Z,EGLDUSD,42.97,43.72,41.4,42.36,493.8421248400001
2022-11-29T00:00:00Z,EGLDUSD,42.12,43.75,41.07,42.59,884.1303936099999
2022-11-30T00:00:00Z,EGLDUSD,42.58,44.5,41.61,43.72,721.5292713100005
2022-12-01T00:00:00Z,EGLDUSD,43.55,45.0,42.86,43.36,540.258783470001
2022-12-02T00:00:00Z,EGLDUSD,43.8,43.97,42.62,43.8,986.1564445199995
2022-12-03T00:00:00Z,EGLDUSD,43.76,45.0,42.63,43.38,1163.2359890999999
2022-12-04T00:00:00Z,EGLDUSD,43.44,44.0,42.69,44.0,559.6685492999998
2022-12-05T00:00:00Z,EGLDUSD,44.0,46.82,42.9,43.19,1035.5669242900003
2022-12-06T00:00:00Z,EGLDUSD,43.3,46.82,42.86,45.67,2706.7905319099978
2022-12-07T00:00:00Z,EGLDUSD,45.97,46.82,41.22,43.85,3180.8614923799955
2022-12-08T00:00:00Z,EGLDUSD,43.81,45.66,42.9,45.06,2563.455561790001
2022-12-09T00:00:00Z,EGLDUSD,45.28,46.8,45.17,45.61,1231.4620981699993
2022-12-10T00:00:00Z,EGLDUSD,45.14,49.34,44.94,45.4,804.9321147000004
2022-12-11T00:00:00Z,EGLDUSD,45.46,45.98,44.87,44.95,549.6838560500001
2022-12-12T00:00:00Z,EGLDUSD,44.96,45.09,42.66,44.55,2205.8454108900005
2022-12-13T00:00:00Z,EGLDUSD,44.48,45.55,43.75,44.02,1996.9273669599995
2022-12-14T00:00:00Z,EGLDUSD,43.93,47.5,42.3,43.1,1501.8871089100016
2022-12-15T00:00:00Z,EGLDUSD,43.21,43.43,41.32,41.83,1102.3669904599997
2022-12-16T00:00:00Z,EGLDUSD,41.96,42.25,38.48,39.1,2142.124053299999
2022-12-17T00:00:00Z,EGLDUSD,38.83,39.52,37.83,39.21,2442.555037289997
2022-12-18T00:00:00Z,EGLDUSD,39.21,39.69,38.77,39.25,829.5965778899995
2022-12-19T00:00:00Z,EGLDUSD,39.19,39.95,34.93,36.09,3200.356888140001
2022-12-20T00:00:00Z,EGLDUSD,35.49,37.75,35.45,36.12,2769.5848487300022
2022-12-21T00:00:00Z,EGLDUSD,36.36,36.6,33.76,34.72,2989.158363029997
2022-12-22T00:00:00Z,EGLDUSD,34.79,35.56,34.26,35.2,1894.5283619199995
2022-12-23T00:00:00Z,EGLDUSD,35.28,35.66,34.64,34.85,1141.8306795400008
2022-12-24T00:00:00Z,EGLDUSD,34.82,35.9,34.8,34.91,989.3651022000009
2022-12-25T00:00:00Z,EGLDUSD,34.91,35.04,33.0,33.89,2020.0896390199994
2022-12-26T00:00:00Z,EGLDUSD,33.81,34.28,33.19,33.63,1058.665036169999
2022-12-27T00:00:00Z,EGLDUSD,33.68,35.75,33.03,33.81,2204.4899762900013
2022-12-28T00:00:00Z,EGLDUSD,33.83,34.32,32.16,32.94,2627.36998283
2022-12-29T00:00:00Z,EGLDUSD,32.95,33.48,32.95,33.28,1737.66312901
2022-12-30T00:00:00Z,EGLDUSD,33.14,33.37,32.64,32.95,959.7637537800003
2022-12-31T00:00:00Z,EGLDUSD,33.09,34.31,32.88,32.97,1651.6380187
2023-01-01T00:00:00Z,EGLDUSD,32.98,33.44,32.75,32.99,638.36252483
2023-01-02T00:00:00Z,EGLDUSD,32.92,35.48,32.31,33.54,3133.1495571200003
2023-01-03T00:00:00Z,EGLDUSD,33.65,34.27,32.59,33.07,1244.7958016600003
2023-01-04T00:00:00Z,EGLDUSD,32.97,34.9,32.85,34.77,2427.7709770599963
2023-01-05T00:00:00Z,EGLDUSD,34.86,35.03,34.12,34.59,1558.3968345599988
2023-01-06T00:00:00Z,EGLDUSD,34.46,34.88,33.86,34.51,780.0660968800001
2023-01-07T00:00:00Z,EGLDUSD,34.51,34.94,34.01,34.12,854.9328941399999
2023-01-08T00:00:00Z,EGLDUSD,34.21,34.91,33.27,34.9,1995.883763590001
2023-01-09T00:00:00Z,EGLDUSD,34.91,46.55,34.0,35.14,7097.967162000007
2023-01-10T00:00:00Z,EGLDUSD,35.01,36.13,34.25,35.62,2250.9984496600023
2023-01-11T00:00:00Z,EGLDUSD,35.54,36.57,34.72,36.36,2626.676724429999
2023-01-12T00:00:00Z,EGLDUSD,36.58,37.78,35.17,37.5,4627.621242780005
2023-01-13T00:00:00Z,EGLDUSD,37.54,39.11,37.29,39.09,2143.048170469999
2023-01-14T00:00:00Z,EGLDUSD,39.11,42.72,30.2,40.66,8253.645517240027
2023-01-15T00:00:00Z,EGLDUSD,40.67,41.65,38.93,40.75,3797.891324069997
2023-01-16T00:00:00Z,EGLDUSD,41.0,43.0,39.23,40.05,2441.4427233700026
2023-01-17T00:00:00Z,EGLDUSD,40.04,41.6,39.83,40.94,1971.7277638400012
2023-01-18T00:00:00Z,EGLDUSD,41.1,43.3,38.05,39.01,3330.477098469999
2023-01-19T00:00:00Z,EGLDUSD,39.31,42.14,39.27,40.81,2861.7512342600016
2023-01-20T00:00:00Z,EGLDUSD,40.52,45.39,40.38,42.7,4404.887466459998
2023-01-21T00:00:00Z,EGLDUSD,42.89,43.98,41.93,42.52,2793.4787499800004
2023-01-22T00:00:00Z,EGLDUSD,42.52,44.88,42.41,43.55,2301.4705731399986
2023-01-23T00:00:00Z,EGLDUSD,43.51,44.84,43.2,44.03,1842.4054841400027
2023-01-24T00:00:00Z,EGLDUSD,43.86,45.84,41.0,41.68,2681.7671818099984
2023-01-25T00:00:00Z,EGLDUSD,41.63,43.77,40.8,43.23,1785.8337779699996
2023-01-26T00:00:00Z,EGLDUSD,43.23,45.5,42.81,43.61,2003.8994405899982
2023-01-27T00:00:00Z,EGLDUSD,43.63,45.19,42.73,45.02,1841.4600858600002
2023-01-28T00:00:00Z,EGLDUSD,44.84,45.63,43.24,44.56,2534.9686518299955
2023-01-29T00:00:00Z,EGLDUSD,44.21,45.47,44.21,45.34,1135.2108306900002
2023-01-30T00:00:00Z,EGLDUSD,45.34,45.4,41.15,41.9,2168.1619010599984
2023-01-31T00:00:00Z,EGLDUSD,41.89,43.85,41.89,43.03,1082.9955251900005
2023-02-01T00:00:00Z,EGLDUSD,42.85,45.2,41.2,44.08,2386.869276489998
2023-02-02T00:00:00Z,EGLDUSD,44.42,46.9,44.04,45.08,3506.601018230003
2023-02-03T00:00:00Z,EGLDUSD,45.09,47.84,44.39,45.78,2082.616915190001
2023-02-04T00:00:00Z,EGLDUSD,45.74,47.01,45.54,46.45,3255.707628200001
2023-02-05T00:00:00Z,EGLDUSD,46.45,46.95,44.3,45.14,1485.4984084399994
2023-02-06T00:00:00Z,EGLDUSD,45.24,45.47,43.6,43.83,969.4650494100001
2023-02-07T00:00:00Z,EGLDUSD,43.72,47.35,43.72,47.04,1851.6484309200023
2023-02-08T00:00:00Z,EGLDUSD,46.98,48.03,45.4,46.22,1351.967393969999
2023-02-09T00:00:00Z,EGLDUSD,46.01,46.21,41.61,42.27,4257.16786598999
2023-02-10T00:00:00Z,EGLDUSD,42.23,43.74,42.08,42.69,1401.3510193799993
2023-02-11T00:00:00Z,EGLDUSD,42.61,46.79,42.46,44.49,2156.7156129800032
2023-02-12T00:00:00Z,EGLDUSD,44.82,45.4,43.23,43.79,1050.5825228899994
2023-02-13T00:00:00Z,EGLDUSD,43.86,43.93,40.65,41.58,4128.873351010006
2023-02-14T00:00:00Z,EGLDUSD,41.58,44.33,41.26,44.2,1980.7660914399967
2023-02-15T00:00:00Z,EGLDUSD,44.2,46.32,43.75,46.12,2702.2196948899955
2023-02-16T00:00:00Z,EGLDUSD,46.27,54.5,46.04,47.42,6862.219311239993
2023-02-17T00:00:00Z,EGLDUSD,47.23,50.73,47.2,49.74,3507.343929830001
2023-02-18T00:00:00Z,EGLDUSD,49.66,54.0,49.66,52.4,3559.0686995900005
2023-02-19T00:00:00Z,EGLDUSD,52.34,55.0,50.4,51.1,3351.97740407
2023-02-20T00:00:00Z,EGLDUSD,51.23,53.79,49.74,52.89,2759.2792160299996
2023-02-21T00:00:00Z,EGLDUSD,52.94,54.0,50.77,51.34,3010.9640295500008
2023-02-22T00:00:00Z,EGLDUSD,51.35,51.54,45.01,49.51,2118.2762071300053
2023-02-23T00:00:00Z,EGLDUSD,49.51,52.74,48.61,50.29,1622.0538041599998
2023-02-24T00:00:00Z,EGLDUSD,50.21,51.24,47.49,48.74,2996.833931080003
2023-02-25T00:00:00Z,EGLDUSD,48.75,48.82,46.82,48.2,936.8973477699998
2023-02-26T00:00:00Z,EGLDUSD,48.0,49.95,48.0,49.89,1973.3153991299998
2023-02-27T00:00:00Z,EGLDUSD,49.84,55.0,47.71,48.65,5569.362349979994
2023-02-28T00:00:00Z,EGLDUSD,48.71,52.0,47.73,48.43,1703.3356754
2023-03-01T00:00:00Z,EGLDUSD,48.14,50.93,48.01,48.43,1622.4828675999997
2023-03-02T00:00:00Z,EGLDUSD,48.47,48.65,42.12,46.14,4693.058437980007
2023-03-03T00:00:00Z,EGLDUSD,45.95,46.16,41.5,43.39,5636.493779320021
2023-03-04T00:00:00Z,EGLDUSD,43.25,44.08,39.7,42.76,4390.789306000004
2023-03-05T00:00:00Z,EGLDUSD,42.6,43.91,42.51,43.17,1013.1130144499996
2023-03-06T00:00:00Z,EGLDUSD,42.86,44.04,42.51,43.93,726.7805661600001
2023-03-07T00:00:00Z,EGLDUSD,43.97,44.29,41.44,41.96,1309.31845064
2023-03-08T00:00:00Z,EGLDUSD,41.96,42.36,39.51,39.98,2379.882955049997
2023-03-09T00:00:00Z,EGLDUSD,39.97,40.6,37.1,37.97,3740.507146420001
2023-03-10T00:00:00Z,EGLDUSD,37.78,38.68,28.44,38.68,24003.93546129999
2023-03-11T00:00:00Z,EGLDUSD,38.53,44.0,36.49,38.62,4619.538970830002
2023-03-12T00:00:00Z,EGLDUSD,38.41,41.1,38.24,40.97,1296.6974803100015
2023-03-13T00:00:00Z,EGLDUSD,41.15,43.31,40.5,42.67,2650.5952621400043
2023-03-14T00:00:00Z,EGLDUSD,42.95,45.21,41.9,43.7,3501.585095619999
2023-03-15T00:00:00Z,EGLDUSD,43.75,44.37,39.95,40.39,2652.003080629999
2023-03-16T00:00:00Z,EGLDUSD,40.6,41.57,40.18,40.92,1680.7301301899997
2023-03-17T00:00:00Z,EGLDUSD,40.78,44.13,40.39,44.1,1674.3587140399989
2023-03-18T00:00:00Z,EGLDUSD,44.14,47.01,43.08,43.16,2915.5949992600013
2023-03-19T00:00:00Z,EGLDUSD,43.2,44.83,42.72,43.86,1583.4163643000002
2023-03-20T00:00:00Z,EGLDUSD,43.8,49.25,42.57,49.19,4900.638372630015
2023-03-21T00:00:00Z,EGLDUSD,48.9,49.69,41.07,44.22,7898.643219559988
2023-03-22T00:00:00Z,EGLDUSD,44.14,44.45,40.75,41.91,2512.9178119600037
2023-03-23T00:00:00Z,EGLDUSD,42.02,44.12,41.55,43.56,1251.53962405
2023-03-24T00:00:00Z,EGLDUSD,43.61,45.51,40.99,42.35,2014.8822405999947
2023-03-25T00:00:00Z,EGLDUSD,42.58,42.72,40.78,42.07,1764.89957389
2023-03-26T00:00:00Z,EGLDUSD,42.06,42.88,42.06,42.88,812.6934677200002
2023-03-27T00:00:00Z,EGLDUSD,42.69,45.2,40.52,41.01,2037.6832050999974
2023-03-28T00:00:00Z,EGLDUSD,41.22,42.21,39.89,42.06,1805.7940642600006
2023-03-29T00:00:00Z,EGLDUSD,42.09,44.89,42.09,44.06,1831.6340121300002
2023-03-30T00:00:00Z,EGLDUSD,44.05,44.1,41.64,42.01,1352.63209966
2023-03-31T00:00:00Z,EGLDUSD,42.29,42.9,41.71,42.44,752.2503827400002
2023-04-01T00:00:00Z,EGLDUSD,42.58,43.65,42.17,42.53,971.33273393
2023-04-02T00:00:00Z,EGLDUSD,42.69,42.76,40.5,40.81,1891.5784134700002
2023-04-03T00:00:00Z,EGLDUSD,40.85,42.94,38.77,40.68,4958.0677292400005
2023-04-04T00:00:00Z,EGLDUSD,40.64,41.96,40.34,41.39,1398.9719930800034
2023-04-05T00:00:00Z,EGLDUSD,41.41,42.78,41.0,42.46,1836.315278880003
2023-04-06T00:00:00Z,EGLDUSD,42.3,42.37,40.49,41.33,5392.636819240008
2023-04-07T00:00:00Z,EGLDUSD,41.24,41.56,40.64,40.91,538.1031543500001
2023-04-08T00:00:00Z,EGLDUSD,40.64,41.17,40.39,40.41,433.58505569000005
2023-04-09T00:00:00Z,EGLDUSD,40.49,41.84,39.91,40.06,2086.4971671200005
2023-04-10T00:00:00Z,EGLDUSD,40.04,41.68,39.67,40.9,2521.765686760001
2023-04-11T00:00:00Z,EGLDUSD,40.76,41.55,40.76,40.83,1106.43692281
2023-04-12T00:00:00Z,EGLDUSD,41.05,41.06,39.74,40.69,886.7776210700002
2023-04-13T00:00:00Z,EGLDUSD,40.64,42.5,40.46,41.51,1816.6695030299998
2023-04-14T00:00:00Z,EGLDUSD,41.43,45.3,41.43,43.17,4567.192900319995
2023-04-15T00:00:00Z,EGLDUSD,43.24,47.2,42.46,43.76,2416.123151589997
2023-04-16T00:00:00Z,EGLDUSD,43.42,44.15,42.94,43.33,1842.1653348599996
2023-04-17T00:00:00Z,EGLDUSD,43.29,44.11,42.16,43.6,1748.58824677
2023-04-18T00:00:00Z,EGLDUSD,43.95,44.55,42.03,43.51,4673.722916579997
2023-04-19T00:00:00Z,EGLDUSD,43.6,43.94,38.03,39.94,6426.520935209998
2023-04-20T00:00:00Z,EGLDUSD,39.96,40.43,39.04,39.66,2384.5939276100025
2023-04-21T00:00:00Z,EGLDUSD,39.65,40.54,37.75,38.43,3308.413356420003
2023-04-22T00:00:00Z,EGLDUSD,38.42,39.72,38.25,39.05,1058.1278050800008
2023-04-23T00:00:00Z,EGLDUSD,39.02,39.68,38.29,38.98,1164.7699838400013
2023-04-24T00:00:00Z,EGLDUSD,38.93,39.78,38.49,38.81,900.4712535200002
2023-04-25T00:00:00Z,EGLDUSD,38.7,38.75,37.37,38.75,1293.0375378999993
2023-04-26T00:00:00Z,EGLDUSD,38.75,42.9,38.54,41.56,3408.155476950001
2023-04-27T00:00:00Z,EGLDUSD,41.66,49.5,41.59,43.9,15646.462976650022
2023-04-28T00:00:00Z,EGLDUSD,43.96,46.02,43.15,43.23,2447.876386140001
2023-04-29T00:00:00Z,EGLDUSD,43.16,43.16,41.5,41.93,1288.8243555500003
2023-04-30T00:00:00Z,EGLDUSD,42.11,42.75,40.96,41.56,2849.5225189999983
2023-05-01T00:00:00Z,EGLDUSD,41.52,43.73,40.36,41.69,6288.295521909998
2023-05-02T00:00:00Z,EGLDUSD,41.6,41.6,39.86,40.67,1685.0386227700003
2023-05-03T00:00:00Z,EGLDUSD,40.6,41.1,39.15,40.2,1760.8932470700015
2023-05-04T00:00:00Z,EGLDUSD,39.87,40.0,39.2,39.27,901.8655234800004
2023-05-05T00:00:00Z,EGLDUSD,39.16,40.22,38.91,40.13,1614.5851168500021
2023-05-06T00:00:00Z,EGLDUSD,39.95,40.25,38.35,39.6,1256.0036864799997
2023-05-07T00:00:00Z,EGLDUSD,39.63,39.79,39.32,39.32,844.9024529200001
2023-05-08T00:00:00Z,EGLDUSD,39.42,39.42,36.72,37.54,3608.7157731899956
2023-05-09T00:00:00Z,EGLDUSD,37.4,38.06,37.27,38.06,1818.1904910100002
2023-05-10T00:00:00Z,EGLDUSD,38.08,38.53,37.02,38.19,1347.8242126799994
2023-05-11T00:00:00Z,EGLDUSD,37.91,38.23,36.82,37.4,3211.135866809996
2023-05-12T00:00:00Z,EGLDUSD,37.22,37.63,36.21,37.63,2865.4991282500014
2023-05-13T00:00:00Z,EGLDUSD,37.4,39.13,37.38,38.43,1031.9811302499998
2023-05-14T00:00:00Z,EGLDUSD,38.31,38.79,37.78,38.5,812.3003750899994
2023-05-15T00:00:00Z,EGLDUSD,38.32,39.24,38.05,38.46,680.30844365
2023-05-16T00:00:00Z,EGLDUSD,38.42,38.42,37.23,37.69,587.8811572900003
2023-05-17T00:00:00Z,EGLDUSD,37.43,37.97,36.78,37.7,897.1299294499996
2023-05-18T00:00:00Z,EGLDUSD,37.86,37.86,36.71,36.99,612.83821196
2023-05-19T00:00:00Z,EGLDUSD,36.95,40.65,36.82,36.96,2350.763526830003
2023-05-20T00:00:00Z,EGLDUSD,36.87,37.63,36.82,37.22,1136.1337262400004
2023-05-21T00:00:00Z,EGLDUSD,37.23,37.23,36.37,36.73,759.4648738699997
2023-05-22T00:00:00Z,EGLDUSD,36.46,36.86,35.89,36.69,840.4082692700001
2023-05-23T00:00:00Z,EGLDUSD,36.71,37.32,36.46,36.63,533.0466515899996
2023-05-24T00:00:00Z,EGLDUSD,36.6,36.64,35.41,36.03,1963.4281688699998
2023-05-25T00:00:00Z,EGLDUSD,36.04,36.13,35.28,35.74,606.9529728000002
2023-05-26T00:00:00Z,EGLDUSD,35.73,36.13,35.4,36.06,258.21756472999994
2023-05-27T00:00:00Z,EGLDUSD,36.01,36.37,35.86,36.22,1472.7820782600008
2023-05-28T00:00:00Z,EGLDUSD,36.09,37.32,36.02,36.81,4538.105693350001
2023-05-29T00:00:00Z,EGLDUSD,36.76,37.18,36.35,36.78,1761.104849860001
2023-05-30T00:00:00Z,EGLDUSD,36.86,37.25,36.57,36.95,262.38447116
2023-05-31T00:00:00Z,EGLDUSD,36.92,37.16,36.28,36.83,363.3450926299999
2023-06-01T00:00:00Z,EGLDUSD,36.88,37.19,36.62,37.02,690.9894023399999
2023-06-02T00:00:00Z,EGLDUSD,36.9,37.73,36.62,37.56,328.57337016
2023-06-03T00:00:00Z,EGLDUSD,37.5,38.32,37.42,38.32,281.2777310399998
2023-06-04T00:00:00Z,EGLDUSD,38.04,38.94,37.7,37.7,354.13409662999993
2023-06-05T00:00:00Z,EGLDUSD,37.67,38.23,34.15,36.26,1808.1393915999997
2023-06-06T00:00:00Z,EGLDUSD,36.31,37.11,35.82,36.81,677.0441608099997
2023-06-07T00:00:00Z,EGLDUSD,36.71,36.79,34.81,35.32,1095.4802918700002
2023-06-08T00:00:00Z,EGLDUSD,35.14,35.28,34.45,35.11,432.9743484300003
2023-06-09T00:00:00Z,EGLDUSD,35.03,35.2,34.54,34.71,548.3091638000001
2023-06-10T00:00:00Z,EGLDUSD,34.7,34.7,28.4,30.12,10950.82552143003
2023-06-11T00:00:00Z,EGLDUSD,30.11,31.09,29.68,30.03,3599.447404209999
2023-06-12T00:00:00Z,EGLDUSD,30.07,30.24,29.46,30.22,913.9487446699997
2023-06-13T00:00:00Z,EGLDUSD,30.29,31.43,30.1,30.54,1102.7275237100018
2023-06-14T00:00:00Z,EGLDUSD,30.64,31.04,29.14,29.58,1238.6564865400007
2023-06-15T00:00:00Z,EGLDUSD,29.61,29.88,28.5,29.36,2463.322884799999
2023-06-16T00:00:00Z,EGLDUSD,29.39,31.5,29.24,30.36,2808.4602117900026
2023-06-17T00:00:00Z,EGLDUSD,30.33,31.18,30.14,30.97,419.34394115000003
2023-06-18T00:00:00Z,EGLDUSD,30.88,30.88,30.06,30.06,1441.7645733599993
2023-06-19T00:00:00Z,EGLDUSD,30.03,30.87,29.97,30.35,796.72472238
2023-06-20T00:00:00Z,EGLDUSD,30.32,30.82,29.47,30.82,1235.5691680899995
2023-06-21T00:00:00Z,EGLDUSD,30.86,32.77,30.84,32.66,1436.3026099200008
2023-06-22T00:00:00Z,EGLDUSD,32.63,33.65,32.25,32.25,1202.9739146299999
2023-06-23T00:00:00Z,EGLDUSD,32.39,33.67,32.25,33.46,984.7665091899996
2023-06-24T00:00:00Z,EGLDUSD,33.49,33.84,32.74,33.15,749.2249188099998
2023-06-25T00:00:00Z,EGLDUSD,33.26,36.68,33.26,34.92,2485.7334590800006
2023-06-26T00:00:00Z,EGLDUSD,34.88,34.88,33.37,33.8,886.3516666499999
2023-06-27T00:00:00Z,EGLDUSD,33.82,34.37,33.52,34.12,555.4987767499997
2023-06-28T00:00:00Z,EGLDUSD,34.05,34.05,32.08,32.76,908.2444187199995
2023-06-29T00:00:00Z,EGLDUSD,32.52,34.1,32.42,34.1,698.6963924799995
2023-06-30T00:00:00Z,EGLDUSD,34.14,35.29,32.99,34.88,2307.3003880300007
2023-07-01T00:00:00Z,EGLDUSD,34.97,35.38,34.41,35.38,1241.4833286199992
2023-07-02T00:00:00Z,EGLDUSD,35.4,35.4,34.45,35.14,447.6194756800003
2023-07-03T00:00:00Z,EGLDUSD,35.21,36.2,35.21,36.06,702.1408629999997
2023-07-04T00:00:00Z,EGLDUSD,36.05,36.11,35.37,36.05,588.0106283499999
2023-07-05T00:00:00Z,EGLDUSD,35.91,36.3,34.21,34.86,1083.9869744199996
2023-07-06T00:00:00Z,EGLDUSD,34.74,35.41,33.43,33.54,1444.4335230700008
2023-07-07T00:00:00Z,EGLDUSD,33.51,34.27,33.26,34.23,1153.754504349999
2023-07-08T00:00:00Z,EGLDUSD,34.27,34.37,33.54,34.19,599.8018696499998
2023-07-09T00:00:00Z,EGLDUSD,34.22,34.65,34.22,34.43,304.1433135099999
2023-07-10T00:00:00Z,EGLDUSD,34.37,35.64,33.81,34.99,750.0186564200004
2023-07-11T00:00:00Z,EGLDUSD,35.23,35.73,35.15,35.29,536.2531389699999
2023-07-12T00:00:00Z,EGLDUSD,35.41,35.81,34.84,35.29,1223.4219818699992
2023-07-13T00:00:00Z,EGLDUSD,35.09,37.03,34.86,37.03,1917.3811952200015
2023-07-14T00:00:00Z,EGLDUSD,37.07,38.0,35.16,36.38,3256.402638900005
2023-07-15T00:00:00Z,EGLDUSD,36.33,37.27,36.18,36.66,1708.8165063299994
2023-07-16T00:00:00Z,EGLDUSD,36.71,37.63,36.12,36.94,2244.627777799999
2023-07-17T00:00:00Z,EGLDUSD,37.1,38.03,36.3,37.45,4583.694555630001
2023-07-18T00:00:00Z,EGLDUSD,37.15,37.15,35.69,36.08,1317.1204260200004
2023-07-19T00:00:00Z,EGLDUSD,36.25,36.6,35.83,35.91,1125.16527055
2023-07-20T00:00:00Z,EGLDUSD,35.82,36.08,33.8,34.36,3278.859957209999
2023-07-21T00:00:00Z,EGLDUSD,34.09,34.09,33.32,33.64,812.7759003300004
2023-07-22T00:00:00Z,EGLDUSD,33.43,33.92,32.93,32.93,513.26593136
2023-07-23T00:00:00Z,EGLDUSD,33.17,34.28,33.17,33.82,460.4384614499998
2023-07-24T00:00:00Z,EGLDUSD,33.95,33.95,31.96,32.4,1081.92943644
2023-07-25T00:00:00Z,EGLDUSD,32.37,32.55,32.12,32.33,498.9805747899998
2023-07-26T00:00:00Z,EGLDUSD,32.21,32.92,31.94,32.47,989.8844600999995
2023-07-27T00:00:00Z,EGLDUSD,32.45,33.19,32.21,32.46,546.6500270399996
2023-07-28T00:00:00Z,EGLDUSD,32.52,32.77,32.31,32.77,435.2329555200002
2023-07-29T00:00:00Z,EGLDUSD,32.8,32.92,32.61,32.67,621.4079513700001
2023-07-30T00:00:00Z,EGLDUSD,32.6,32.67,31.5,32.25,629.8673204300003
2023-07-31T00:00:00Z,EGLDUSD,32.22,32.49,31.65,32.0,1117.3464627899996
2023-08-01T00:00:00Z,EGLDUSD,32.02,32.19,31.11,32.19,935.79444124
2023-08-02T00:00:00Z,EGLDUSD,32.24,32.39,31.17,31.27,988.5029823499995
2023-08-03T00:00:00Z,EGLDUSD,31.28,31.53,30.93,30.93,1097.99388642
2023-08-04T00:00:00Z,EGLDUSD,31.12,31.44,30.64,31.08,551.8310462000002
2023-08-05T00:00:00Z,EGLDUSD,31.09,31.2,30.9,31.15,292.7874672099998
2023-08-06T00:00:00Z,EGLDUSD,31.15,31.48,30.9,30.99,374.8450798599999
2023-08-07T00:00:00Z,EGLDUSD,30.96,31.22,30.26,30.81,572.8882653999999
2023-08-08T00:00:00Z,EGLDUSD,30.86,33.05,30.86,31.64,2280.78695506
2023-08-09T00:00:00Z,EGLDUSD,31.59,31.77,30.87,31.05,674.3610381000002
2023-08-10T00:00:00Z,EGLDUSD,31.02,31.02,30.47,30.6,329.38141793000005
2023-08-11T00:00:00Z,EGLDUSD,30.46,30.79,30.26,30.3,784.0712313
2023-08-12T00:00:00Z,EGLDUSD,30.37,30.58,30.05,30.58,706.56214923
2023-08-13T00:00:00Z,EGLDUSD,30.46,31.12,30.44,31.01,1755.5741996000002
2023-08-14T00:00:00Z,EGLDUSD,30.99,31.09,30.62,30.84,682.5991620100017
2023-08-15T00:00:00Z,EGLDUSD,30.83,30.93,27.81,29.49,2590.182847529996
2023-08-16T00:00:00Z,EGLDUSD,29.47,29.52,27.81,28.66,1219.095008189998
2023-08-17T00:00:00Z,EGLDUSD,28.22,29.08,24.23,26.8,4054.791942530003
2023-08-18T00:00:00Z,EGLDUSD,26.83,27.71,26.72,27.4,2529.4598049500005
2023-08-19T00:00:00Z,EGLDUSD,27.41,28.07,27.35,27.81,1596.54714799
2023-08-20T00:00:00Z,EGLDUSD,27.83,27.92,27.44,27.57,261.76855435000004
2023-08-21T00:00:00Z,EGLDUSD,27.57,27.57,26.48,26.86,467.5575331900001
2023-08-22T00:00:00Z,EGLDUSD,26.83,26.83,25.28,26.08,1335.8934166400006
2023-08-23T00:00:00Z,EGLDUSD,26.23,26.88,25.82,26.36,1378.6282306800001
2023-08-24T00:00:00Z,EGLDUSD,26.42,26.49,25.42,25.7,863.60996979
2023-08-25T00:00:00Z,EGLDUSD,25.51,25.51,24.83,25.27,2489.0704831999997
2023-08-26T00:00:00Z,EGLDUSD,25.52,25.66,25.04,25.15,531.7576634499998
2023-08-27T00:00:00Z,EGLDUSD,25.33,25.33,25.08,25.1,760.0158789899998
2023-08-28T00:00:00Z,EGLDUSD,24.95,25.55,24.65,25.55,1190.0285717300005
2023-08-29T00:00:00Z,EGLDUSD,25.54,28.91,24.87,26.18,1768.8822994099996
2023-08-30T00:00:00Z,EGLDUSD,26.18,26.52,25.87,26.37,761.2662210199998
2023-08-31T00:00:00Z,EGLDUSD,26.41,26.83,25.38,26.06,812.49310101
2023-09-01T00:00:00Z,EGLDUSD,26.36,26.37,24.7,25.01,1505.4370081599998
2023-09-02T00:00:00Z,EGLDUSD,24.87,24.99,24.33,24.86,1292.7661944400002
2023-09-03T00:00:00Z,EGLDUSD,24.82,24.95,24.51,24.78,2521.71995252
2023-09-04T00:00:00Z,EGLDUSD,24.97,25.01,24.6,24.92,473.2648783400001
2023-09-05T00:00:00Z,EGLDUSD,24.95,25.33,24.64,24.95,1551.43541319
2023-09-06T00:00:00Z,EGLDUSD,25.02,25.02,24.04,24.61,1112.5795993599997
2023-09-07T00:00:00Z,EGLDUSD,24.58,24.84,24.43,24.76,1040.49078039
2023-09-08T00:00:00Z,EGLDUSD,24.76,24.89,24.36,24.52,797.9986843899999
2023-09-09T00:00:00Z,EGLDUSD,24.51,24.71,24.4,24.5,394.32397225999995
2023-09-10T00:00:00Z,EGLDUSD,24.33,24.33,23.2,23.72,1620.1137786699999
2023-09-11T00:00:00Z,EGLDUSD,23.56,23.56,22.31,22.69,2704.208233200001
2023-09-12T00:00:00Z,EGLDUSD,22.71,23.75,22.65,23.17,2096.1169822800007
2023-09-13T00:00:00Z,EGLDUSD,23.07,23.66,23.01,23.63,635.6146287599998
2023-09-14T00:00:00Z,EGLDUSD,23.7,24.72,23.43,24.55,931.2320812999997
2023-09-15T00:00:00Z,EGLDUSD,24.46,24.99,24.38,24.87,2280.80873198
2023-09-16T00:00:00Z,EGLDUSD,24.91,28.05,24.85,26.57,3013.9976898300006
2023-09-17T00:00:00Z,EGLDUSD,26.32,26.4,25.1,25.43,2378.905229260001
2023-09-18T00:00:00Z,EGLDUSD,25.29,26.27,25.29,25.89,2226.7572315400002
2023-09-19T00:00:00Z,EGLDUSD,25.8,26.39,25.7,26.14,1442.4236513100002
2023-09-20T00:00:00Z,EGLDUSD,26.07,26.12,25.29,25.85,1364.1145357600003
2023-09-21T00:00:00Z,EGLDUSD,25.82,28.83,25.74,26.25,2896.1620914599994
2023-09-22T00:00:00Z,EGLDUSD,25.99,25.99,25.22,25.44,805.2427385399999
2023-09-23T00:00:00Z,EGLDUSD,25.14,25.16,24.78,25.1,1277.5311537199998
2023-09-24T00:00:00Z,EGLDUSD,25.0,25.11,24.17,24.17,1138.0064172599998
2023-09-25T00:00:00Z,EGLDUSD,24.01,24.88,23.98,24.77,1388.8251175800003
2023-09-26T00:00:00Z,EGLDUSD,24.76,25.0,24.29,24.56,940.4501414599999
2023-09-27T00:00:00Z,EGLDUSD,24.57,32.14,23.54,23.69,5810.192504709994
2023-09-28T00:00:00Z,EGLDUSD,23.91,29.0,23.7,24.82,2893.8311104700015
2023-09-29T00:00:00Z,EGLDUSD,24.75,25.23,24.7,25.11,1639.3541919000004
2023-09-30T00:00:00Z,EGLDUSD,25.2,25.68,25.2,25.38,868.4010682000002
2023-10-01T00:00:00Z,EGLDUSD,25.31,26.16,25.24,25.96,2146.6528614999997
2023-10-02T00:00:00Z,EGLDUSD,26.03,26.04,24.33,24.86,4189.945913780004
2023-10-03T00:00:00Z,EGLDUSD,24.89,25.01,24.36,24.55,1921.0057771299996
2023-10-04T00:00:00Z,EGLDUSD,24.33,24.76,22.85,24.7,2559.52568817
2023-10-05T00:00:00Z,EGLDUSD,24.71,24.72,24.03,24.03,1207.2643464599996
2023-10-06T00:00:00Z,EGLDUSD,24.01,24.5,23.94,24.38,1122.8508302100004
2023-10-07T00:00:00Z,EGLDUSD,24.33,24.41,24.01,24.19,953.3451858100001
2023-10-08T00:00:00Z,EGLDUSD,24.2,24.64,24.1,24.52,662.68638731
2023-10-09T00:00:00Z,EGLDUSD,24.36,24.58,22.73,22.84,1828.336958499999
2023-10-10T00:00:00Z,EGLDUSD,22.86,23.09,22.68,23.07,1651.7373087099995
2023-10-11T00:00:00Z,EGLDUSD,23.02,23.02,22.5,22.78,915.90983507
2023-10-12T00:00:00Z,EGLDUSD,22.69,23.24,22.69,23.19,1384.90009577
2023-10-13T00:00:00Z,EGLDUSD,23.23,23.82,23.2,23.37,871.2390911899997
2023-10-14T00:00:00Z,EGLDUSD,23.41,24.09,23.41,24.03,555.0638706400002
2023-10-15T00:00:00Z,EGLDUSD,24.01,24.88,23.82,24.27,444.03633429999996
2023-10-16T00:00:00Z,EGLDUSD,24.55,28.03,24.55,25.38,3333.709494570002
2023-10-17T00:00:00Z,EGLDUSD,25.38,25.38,23.89,24.24,1505.9740556000004
2023-10-18T00:00:00Z,EGLDUSD,24.34,29.6,23.85,24.41,7144.16850652999
2023-10-19T00:00:00Z,EGLDUSD,24.17,24.88,23.4,23.6,1553.7537543800004
2023-10-20T00:00:00Z,EGLDUSD,23.61,26.57,23.4,25.11,10751.33511746999
2023-10-21T00:00:00Z,EGLDUSD,25.19,27.0,24.45,25.84,3774.8908637600075
2023-10-22T00:00:00Z,EGLDUSD,25.95,26.94,25.59,26.94,2596.5786741999996
2023-10-23T00:00:00Z,EGLDUSD,26.95,29.32,26.44,29.32,11482.95448897999
2023-10-24T00:00:00Z,EGLDUSD,29.35,30.51,28.14,28.83,15689.545454000037
2023-10-25T00:00:00Z,EGLDUSD,29.01,29.63,28.4,29.04,4728.321049419998
2023-10-26T00:00:00Z,EGLDUSD,29.05,30.24,28.01,29.25,10809.81211292001
2023-10-27T00:00:00Z,EGLDUSD,29.37,29.7,28.26,28.75,3767.1751299999964
2023-10-28T00:00:00Z,EGLDUSD,28.76,29.7,28.76,29.08,2683.144672689992
2023-10-29T00:00:00Z,EGLDUSD,29.08,30.26,28.63,30.03,2872.802578810001
2023-10-30T00:00:00Z,EGLDUSD,30.23,31.13,29.83,30.96,4720.809470759997
2023-10-31T00:00:00Z,EGLDUSD,31.06,31.41,29.04,30.17,4472.620099749998
2023-11-01T00:00:00Z,EGLDUSD,30.16,32.49,29.72,32.25,5532.827893980002
2023-11-02T00:00:00Z,EGLDUSD,32.33,33.99,31.49,33.05,13440.369096540022
2023-11-03T00:00:00Z,EGLDUSD,33.05,33.05,31.76,32.92,3303.047199599999
2023-11-04T00:00:00Z,EGLDUSD,32.95,34.82,32.95,34.68,8834.925198289993
2023-11-05T00:00:00Z,EGLDUSD,34.85,52.3,34.85,47.68,44097.08525439963
2023-11-06T00:00:00Z,EGLDUSD,47.64,47.67,43.64,44.83,7370.060016129994
2023-11-07T00:00:00Z,EGLDUSD,44.66,44.67,41.24,42.72,5370.743842129998
2023-11-08T00:00:00Z,EGLDUSD,42.89,45.99,41.49,42.81,5672.514860289997
2023-11-09T00:00:00Z,EGLDUSD,42.73,47.98,38.5,41.93,14382.077298700027
2023-11-10T00:00:00Z,EGLDUSD,41.9,47.05,39.35,46.43,13104.028966080024
2023-11-11T00:00:00Z,EGLDUSD,46.41,47.74,42.75,43.79,4822.985703469997
2023-11-12T00:00:00Z,EGLDUSD,43.65,47.8,41.52,44.98,11792.610767269947
2023-11-13T00:00:00Z,EGLDUSD,44.91,46.15,42.89,44.05,5875.023629139993
2023-11-14T00:00:00Z,EGLDUSD,43.88,46.04,42.62,45.14,7797.721678119991
2023-11-15T00:00:00Z,EGLDUSD,44.99,48.96,44.77,47.09,7571.937920059992
2023-11-16T00:00:00Z,EGLDUSD,47.14,49.01,42.5,43.41,8622.362315859993
2023-11-17T00:00:00Z,EGLDUSD,43.69,48.08,43.65,45.71,4006.2598191699885
2023-11-18T00:00:00Z,EGLDUSD,45.53,45.55,41.4,43.24,5113.469120169973
2023-11-19T00:00:00Z,EGLDUSD,43.06,46.4,42.45,46.4,1576.1503971500013
2023-11-20T00:00:00Z,EGLDUSD,46.3,47.24,44.0,44.45,3795.61075831
2023-11-21T00:00:00Z,EGLDUSD,44.3,44.83,39.78,39.93,5268.226104579999
2023-11-22T00:00:00Z,EGLDUSD,39.85,44.35,39.78,43.46,16635.228508909957
2023-11-23T00:00:00Z,EGLDUSD,43.54,44.4,43.27,43.97,1650.6410484899995
2023-11-24T00:00:00Z,EGLDUSD,44.2,47.42,44.03,47.14,4329.58958078
2023-11-25T00:00:00Z,EGLDUSD,47.05,47.35,45.3,46.61,3423.0579590400034
2023-11-26T00:00:00Z,EGLDUSD,46.4,46.46,44.15,45.31,1462.6066063000014
2023-11-27T00:00:00Z,EGLDUSD,45.09,45.18,43.0,43.93,3033.692738109999
2023-11-28T00:00:00Z,EGLDUSD,43.78,44.15,42.24,43.85,3658.1728565199983
2023-11-29T00:00:00Z,EGLDUSD,43.83,44.54,42.99,43.53,4623.059076750003
2023-11-30T00:00:00Z,EGLDUSD,43.41,43.73,42.72,43.47,1102.8115597199999
2023-12-01T00:00:00Z,EGLDUSD,43.22,45.78,43.18,45.25,1740.8218357299995
2023-12-02T00:00:00Z,EGLDUSD,45.41,47.1,45.14,46.44,2780.9030745799987
2023-12-03T00:00:00Z,EGLDUSD,46.48,52.99,45.94,49.55,7055.72651742999
2023-12-04T00:00:00Z,EGLDUSD,49.51,53.64,44.23,52.03,10822.097837949994
2023-12-05T00:00:00Z,EGLDUSD,51.8,51.81,48.92,50.49,3135.5961283700008
2023-12-06T00:00:00Z,EGLDUSD,50.68,51.77,47.92,48.49,2271.989393779996
2023-12-07T00:00:00Z,EGLDUSD,48.76,50.21,47.63,50.0,1536.0584516699994
2023-12-08T00:00:00Z,EGLDUSD,50.12,52.61,49.36,52.42,4607.23184503
2023-12-09T00:00:00Z,EGLDUSD,52.45,61.05,51.94,59.96,6603.098025549988
2023-12-10T00:00:00Z,EGLDUSD,60.06,68.0,58.11,64.46,12641.387892910052
2023-12-11T00:00:00Z,EGLDUSD,64.63,66.86,56.09,63.45,8641.610323559978
2023-12-12T00:00:00Z,EGLDUSD,64.0,69.35,60.71,61.91,3875.3497494699996
2023-12-13T00:00:00Z,EGLDUSD,62.28,63.0,57.26,62.68,3165.4616230299985
2023-12-14T00:00:00Z,EGLDUSD,62.09,62.09,58.59,61.25,2086.129688760001
2023-12-15T00:00:00Z,EGLDUSD,61.06,61.06,57.76,58.13,1839.669457200001
2023-12-16T00:00:00Z,EGLDUSD,57.75,63.08,57.1,60.79,1566.124546260001
2023-12-17T00:00:00Z,EGLDUSD,60.88,65.14,60.83,61.0,2041.0184790500023
2023-12-18T00:00:00Z,EGLDUSD,61.15,61.48,54.26,59.55,8904.304435440034
2023-12-19T00:00:00Z,EGLDUSD,59.35,60.27,56.61,58.09,1885.3457265599995
2023-12-20T00:00:00Z,EGLDUSD,57.95,63.15,56.93,63.14,3050.457812500002
2023-12-21T00:00:00Z,EGLDUSD,63.49,64.75,61.49,61.99,5178.422836659999
2023-12-22T00:00:00Z,EGLDUSD,62.29,62.49,59.33,62.17,2645.312779499999
2023-12-23T00:00:00Z,EGLDUSD,61.98,66.43,60.75,65.52,4232.084593200001
2023-12-24T00:00:00Z,EGLDUSD,65.37,75.04,65.01,72.7,15784.91468505006
2023-12-25T00:00:00Z,EGLDUSD,73.51,78.93,72.07,72.86,13468.177043930016
2023-12-26T00:00:00Z,EGLDUSD,73.09,79.0,66.34,71.28,6319.715899459999
2023-12-27T00:00:00Z,EGLDUSD,71.58,74.51,69.9,70.89,7108.217964539996
2023-12-28T00:00:00Z,EGLDUSD,70.69,71.2,66.91,69.91,8216.985316639995
2023-12-29T00:00:00Z,EGLDUSD,69.89,71.97,67.36,71.73,6990.083424109995
2023-12-30T00:00:00Z,EGLDUSD,71.11,71.48,67.35,68.95,1947.74695271
2023-12-31T00:00:00Z,EGLDUSD,68.37,70.76,66.96,67.82,2776.338128469999
2024-01-01T00:00:00Z,EGLDUSD,67.81,73.27,67.17,71.4,2245.0489479700004
2024-01-02T00:00:00Z,EGLDUSD,71.45,72.98,68.63,69.03,4526.630291229994
2024-01-03T00:00:00Z,EGLDUSD,69.03,72.77,54.55,60.06,14144.476468390045
2024-01-04T00:00:00Z,EGLDUSD,59.73,66.43,56.34,60.35,18271.434976730034
2024-01-05T00:00:00Z,EGLDUSD,60.31,60.49,55.0,57.22,5655.340347130002
2024-01-06T00:00:00Z,EGLDUSD,57.23,57.23,52.0,54.48,3505.5803879799996
2024-01-07T00:00:00Z,EGLDUSD,54.67,59.0,51.0,51.54,2828.6054702300003
2024-01-08T00:00:00Z,EGLDUSD,51.89,56.15,47.0,55.31,5575.452440679981
2024-01-09T00:00:00Z,EGLDUSD,55.23,56.02,51.37,53.02,5809.362512329999
2024-01-10T00:00:00Z,EGLDUSD,52.94,59.0,50.38,56.66,9981.536802380042
2024-01-11T00:00:00Z,EGLDUSD,56.97,60.12,54.62,57.36,5650.116478829996
2024-01-12T00:00:00Z,EGLDUSD,57.64,58.48,42.84,53.92,6945.662968309974
2024-01-13T00:00:00Z,EGLDUSD,54.05,54.79,52.18,54.59,1704.8533524599995
2024-01-14T00:00:00Z,EGLDUSD,54.33,55.48,52.1,52.27,5024.400320179998
2024-01-15T00:00:00Z,EGLDUSD,52.64,54.45,52.6,53.39,3995.521113349998
2024-01-16T00:00:00Z,EGLDUSD,53.22,64.29,53.22,55.38,11931.131749310065
2024-01-17T00:00:00Z,EGLDUSD,55.74,58.4,53.8,54.68,5993.50779968999
2024-01-18T00:00:00Z,EGLDUSD,54.49,54.49,50.5,51.76,3668.4907843599854
2024-01-19T00:00:00Z,EGLDUSD,52.0,52.17,48.0,50.83,3210.982740419997
2024-01-20T00:00:00Z,EGLDUSD,51.23,53.36,50.58,52.59,980.0497798800002
2024-01-21T00:00:00Z,EGLDUSD,52.59,52.87,51.7,51.7,1393.0935107099995
2024-01-22T00:00:00Z,EGLDUSD,51.52,52.26,48.77,49.64,3581.826727650003
2024-01-23T00:00:00Z,EGLDUSD,49.96,51.06,46.39,48.76,4786.180362829997
2024-01-24T00:00:00Z,EGLDUSD,48.89,51.06,48.6,49.85,9252.05563799
2024-01-25T00:00:00Z,EGLDUSD,49.68,49.68,47.75,48.96,1517.8447865799997
2024-01-26T00:00:00Z,EGLDUSD,48.65,52.1,48.59,51.96,2140.6837417299994
2024-01-27T00:00:00Z,EGLDUSD,51.92,54.8,51.24,53.55,6134.229765189996
2024-01-28T00:00:00Z,EGLDUSD,53.76,54.92,52.34,53.02,2720.6036150899995
2024-01-29T00:00:00Z,EGLDUSD,52.77,56.51,52.77,56.01,2514.7739536999998
2024-01-30T00:00:00Z,EGLDUSD,55.91,59.1,55.35,57.02,2319.436154550001
2024-01-31T00:00:00Z,EGLDUSD,57.37,57.37,52.32,53.14,5256.334142379997
2024-02-01T00:00:00Z,EGLDUSD,53.29,53.85,51.5,53.64,6117.158062669996
2024-02-02T00:00:00Z,EGLDUSD,53.57,57.0,53.57,55.39,3357.7684991899982
2024-02-03T00:00:00Z,EGLDUSD,55.4,55.72,54.0,54.09,1799.4844777800008
2024-02-04T00:00:00Z,EGLDUSD,54.07,54.24,51.5,53.22,2366.285202920001
2024-02-05T00:00:00Z,EGLDUSD,53.49,58.61,52.46,53.22,2232.966439870002
2024-02-06T00:00:00Z,EGLDUSD,53.36,53.76,52.27,52.55,836.6635030799998
2024-02-07T00:00:00Z,EGLDUSD,52.55,53.66,50.53,53.43,3227.2154403600025
2024-02-08T00:00:00Z,EGLDUSD,53.61,55.79,52.82,54.05,2764.4353035999966
2024-02-09T00:00:00Z,EGLDUSD,54.02,55.41,53.81,55.41,3144.5660321800015
2024-02-10T00:00:00Z,EGLDUSD,55.49,57.95,55.04,56.8,1406.36411019
2024-02-11T00:00:00Z,EGLDUSD,56.99,56.99,55.12,55.74,1474.64201662
2024-02-12T00:00:00Z,EGLDUSD,55.95,58.91,55.17,57.84,2129.9302423799995
2024-02-13T00:00:00Z,EGLDUSD,58.1,61.0,57.78,59.07,2818.81637247
2024-02-14T00:00:00Z,EGLDUSD,59.13,61.0,58.13,60.82,2458.5871962699994
2024-02-15T00:00:00Z,EGLDUSD,60.75,61.28,58.84,60.87,2944.94053097999
2024-02-16T00:00:00Z,EGLDUSD,60.43,62.75,58.13,59.29,1808.2812849299992
2024-02-17T00:00:00Z,EGLDUSD,59.25,59.25,56.08,58.06,2002.674397369999
2024-02-18T00:00:00Z,EGLDUSD,58.1,60.07,57.41,59.59,2322.9813130299995
2024-02-19T00:00:00Z,EGLDUSD,59.64,61.72,59.22,60.82,2652.5923241100004
2024-02-20T00:00:00Z,EGLDUSD,60.87,61.87,57.41,60.5,3147.1476878099934
2024-02-21T00:00:00Z,EGLDUSD,60.03,60.05,55.52,57.64,1586.5871149799984
2024-02-22T00:00:00Z,EGLDUSD,57.59,59.23,56.31,57.47,2884.9365613400005
2024-02-23T00:00:00Z,EGLDUSD,57.44,58.23,55.43,56.27,2233.0319655499998
2024-02-24T00:00:00Z,EGLDUSD,56.01,58.63,55.1,58.33,1934.816491399998
2024-02-25T00:00:00Z,EGLDUSD,58.34,58.34,56.81,57.67,1208.9273894300002
2024-02-26T00:00:00Z,EGLDUSD,57.82,60.73,57.04,60.54,2257.3661145700003
2024-02-27T00:00:00Z,EGLDUSD,60.56,62.2,58.52,60.16,2640.2124756800004
2024-02-28T00:00:00Z,EGLDUSD,60.09,62.8,56.5,59.83,5148.860030050002
2024-02-29T00:00:00Z,EGLDUSD,60.04,63.88,58.67,60.23,7295.140762130002
2024-03-01T00:00:00Z,EGLDUSD,60.15,63.47,60.15,63.29,3716.9064581899997
2024-03-02T00:00:00Z,EGLDUSD,63.23,66.5,63.23,66.15,2931.3202164100026
2024-03-03T00:00:00Z,EGLDUSD,66.5,73.09,64.23,71.17,6059.758833380012
2024-03-04T00:00:00Z,EGLDUSD,71.02,71.4,66.41,68.38,5029.055085670005
2024-03-05T00:00:00Z,EGLDUSD,68.0,68.51,55.0,61.09,8157.6777099699875
2024-03-06T00:00:00Z,EGLDUSD,60.98,64.7,58.84,64.54,3977.2615745700023
2024-03-07T00:00:00Z,EGLDUSD,64.84,67.81,64.64,67.29,4854.40723494
2024-03-08T00:00:00Z,EGLDUSD,67.51,68.1,64.3,67.59,3160.807631100004
2024-03-09T00:00:00Z,EGLDUSD,67.57,69.82,66.43,68.21,4642.895798309994
2024-03-10T00:00:00Z,EGLDUSD,68.92,69.85,65.22,66.96,2347.7391019499987
2024-03-11T00:00:00Z,EGLDUSD,67.18,71.62,63.42,70.35,8539.987347820002
2024-03-12T00:00:00Z,EGLDUSD,70.51,72.64,65.53,72.52,6393.02414126999
2024-03-13T00:00:00Z,EGLDUSD,72.52,77.81,71.41,73.46,7514.184773130005
2024-03-14T00:00:00Z,EGLDUSD,73.33,75.21,67.34,75.11,4919.216204190004
2024-03-15T00:00:00Z,EGLDUSD,75.21,76.37,64.29,69.3,8277.404597949999
2024-03-16T00:00:00Z,EGLDUSD,69.17,70.47,60.95,62.48,3803.2953595399986
2024-03-17T00:00:00Z,EGLDUSD,62.59,74.46,58.63,64.67,4932.542042029999
2024-03-18T00:00:00Z,EGLDUSD,64.1,65.02,59.55,61.11,2493.7433024399966
2024-03-19T00:00:00Z,EGLDUSD,60.43,60.43,53.81,54.9,9531.602313439984
2024-03-20T00:00:00Z,EGLDUSD,55.13,61.31,54.12,60.9,3587.8949017000004
2024-03-21T00:00:00Z,EGLDUSD,60.88,62.04,59.28,60.15,3597.3119006900024
2024-03-22T00:00:00Z,EGLDUSD,60.54,61.4,57.04,58.72,1830.9759769700001
2024-03-23T00:00:00Z,EGLDUSD,58.68,61.1,58.52,59.66,999.9560049900003
2024-03-24T00:00:00Z,EGLDUSD,59.57,62.25,59.04,62.03,1616.9564434900053
2024-03-25T00:00:00Z,EGLDUSD,62.02,64.45,61.8,63.41,2509.711248659999
2024-03-26T00:00:00Z,EGLDUSD,63.47,64.81,62.0,63.53,3140.3441857099997
2024-03-27T00:00:00Z,EGLDUSD,63.26,63.81,59.89,60.67,2718.686451329996
2024-03-28T00:00:00Z,EGLDUSD,60.9,61.71,59.29,60.86,3782.7637393599994
2024-03-29T00:00:00Z,EGLDUSD,60.85,62.06,59.43,60.98,1109.6516394200005
2024-03-30T00:00:00Z,EGLDUSD,60.92,61.04,58.71,58.95,1744.5140786499896
2024-03-31T00:00:00Z,EGLDUSD,59.21,60.43,59.14,60.24,1686.1433594499933
2024-04-01T00:00:00Z,EGLDUSD,60.11,60.33,52.37,57.83,3298.650379170006
2024-04-02T00:00:00Z,EGLDUSD,57.38,57.38,52.01,53.86,3994.787047889997
2024-04-03T00:00:00Z,EGLDUSD,53.59,55.79,51.1,53.82,3347.6463480999964
2024-04-04T00:00:00Z,EGLDUSD,53.52,55.77,52.77,54.52,1495.8610402600002
2024-04-05T00:00:00Z,EGLDUSD,54.69,54.78,51.5,53.67,2121.52919214
2024-04-06T00:00:00Z,EGLDUSD,53.57,54.86,53.57,54.8,376.3204579899999
2024-04-07T00:00:00Z,EGLDUSD,54.74,55.16,53.81,54.2,1023.9654510200002
2024-04-08T00:00:00Z,EGLDUSD,54.2,57.12,53.27,57.0,2634.4133567399986
2024-04-09T00:00:00Z,EGLDUSD,56.82,57.04,53.56,53.85,1214.84161473
2024-04-10T00:00:00Z,EGLDUSD,53.5,53.76,50.74,52.72,1912.974522009999
2024-04-11T00:00:00Z,EGLDUSD,52.68,53.66,51.05,51.67,1299.6700205599996
2024-04-12T00:00:00Z,EGLDUSD,51.99,52.23,40.57,43.61,9461.283754260028
2024-04-13T00:00:00Z,EGLDUSD,43.56,45.0,33.56,38.47,13184.39791699001
2024-04-14T00:00:00Z,EGLDUSD,37.75,42.9,36.96,41.29,7598.011110819998
2024-04-15T00:00:00Z,EGLDUSD,40.97,43.36,38.74,39.87,3152.5576526200016
2024-04-16T00:00:00Z,EGLDUSD,39.43,40.87,38.17,40.48,3040.57519379
2024-04-17T00:00:00Z,EGLDUSD,40.21,41.06,38.36,39.69,3709.526959180003
2024-04-18T00:00:00Z,EGLDUSD,39.69,41.24,38.86,41.02,1936.5301649299997
2024-04-19T00:00:00Z,EGLDUSD,40.6,41.67,37.4,41.02,3155.1462158500003
2024-04-20T00:00:00Z,EGLDUSD,40.56,45.39,40.48,44.39,2682.7746426499994
2024-04-21T00:00:00Z,EGLDUSD,44.1,44.67,37.36,43.49,2934.7876593899973
2024-04-22T00:00:00Z,EGLDUSD,43.64,45.31,43.42,45.2,1470.5164821100004
2024-04-23T00:00:00Z,EGLDUSD,45.18,45.4,43.81,43.81,754.0383058000001
2024-04-24T00:00:00Z,EGLDUSD,43.95,45.4,41.29,41.49,3707.8039465700012
2024-04-25T00:00:00Z,EGLDUSD,41.44,43.37,40.76,42.92,1484.24585992
2024-04-26T00:00:00Z,EGLDUSD,42.67,43.34,41.83,41.9,766.5454280699996
2024-04-27T00:00:00Z,EGLDUSD,42.09,42.81,40.86,41.42,811.2135174599997
2024-04-28T00:00:00Z,EGLDUSD,41.51,42.1,40.35,40.39,1226.96261789
2024-04-29T00:00:00Z,EGLDUSD,40.54,40.73,37.83,40.28,7963.762139580004
2024-04-30T00:00:00Z,EGLDUSD,39.95,40.44,36.64,38.26,4969.687960610002
2024-05-01T00:00:00Z,EGLDUSD,38.41,39.01,35.35,38.65,3144.46460326
2024-05-02T00:00:00Z,EGLDUSD,38.15,40.05,37.49,39.81,1845.1836521
2024-05-03T00:00:00Z,EGLDUSD,39.78,41.71,39.34,41.53,862.7509528300001
2024-05-04T00:00:00Z,EGLDUSD,41.49,41.79,40.96,41.35,919.81553252
2024-05-05T00:00:00Z,EGLDUSD,41.29,42.51,40.6,41.62,692.5960438599998
2024-05-06T00:00:00Z,EGLDUSD,41.96,45.0,39.87,39.87,2334.685993249998
2024-05-07T00:00:00Z,EGLDUSD,39.9,40.71,39.14,39.26,1475.3101612699995
2024-05-08T00:00:00Z,EGLDUSD,39.34,41.14,38.95,40.0,5431.713800190007
2024-05-09T00:00:00Z,EGLDUSD,39.98,41.04,39.17,40.81,879.4422204100002
2024-05-10T00:00:00Z,EGLDUSD,40.93,41.68,39.33,39.38,946.4630369500006
2024-05-11T00:00:00Z,EGLDUSD,39.81,40.17,39.43,39.43,740.0532904400003
2024-05-12T00:00:00Z,EGLDUSD,39.37,39.81,38.28,38.56,794.8495464399999
2024-05-13T00:00:00Z,EGLDUSD,38.64,39.43,34.79,38.49,5032.833134429995
2024-05-14T00:00:00Z,EGLDUSD,38.56,38.75,37.1,37.54,2012.8757758100003
2024-05-15T00:00:00Z,EGLDUSD,37.4,40.38,37.4,40.38,1904.7221737200007
2024-05-16T00:00:00Z,EGLDUSD,40.35,40.97,39.0,39.88,3925.326532150003
2024-05-17T00:00:00Z,EGLDUSD,40.01,40.89,39.78,40.67,1449.08363253
2024-05-18T00:00:00Z,EGLDUSD,40.68,40.86,40.21,40.42,319.3289835199999
2024-05-19T00:00:00Z,EGLDUSD,40.36,40.39,37.9,37.91,1231.3807881499997
2024-05-20T00:00:00Z,EGLDUSD,37.75,41.17,37.31,41.02,4561.777922910001
2024-05-21T00:00:00Z,EGLDUSD,41.28,42.82,40.67,40.92,2071.2880300200004
2024-05-22T00:00:00Z,EGLDUSD,40.75,40.75,38.91,39.12,2468.13967698
2024-05-23T00:00:00Z,EGLDUSD,39.03,39.69,36.89,38.38,2964.62968337
2024-05-24T00:00:00Z,EGLDUSD,38.3,38.8,37.29,38.77,2523.7232916399985
2024-05-25T00:00:00Z,EGLDUSD,38.96,39.63,38.96,39.22,549.38453024
2024-05-26T00:00:00Z,EGLDUSD,39.54,40.28,38.56,39.0,893.0646407999999
2024-05-27T00:00:00Z,EGLDUSD,39.02,40.39,38.71,39.98,2068.26012638
2024-05-28T00:00:00Z,EGLDUSD,39.76,39.97,29.34,39.8,5884.039555619996
2024-05-29T00:00:00Z,EGLDUSD,39.85,41.18,39.55,39.69,1577.2313355299998
2024-05-30T00:00:00Z,EGLDUSD,40.04,40.31,38.4,39.16,711.9859098000003
2024-05-31T00:00:00Z,EGLDUSD,38.92,39.46,38.09,38.86,1875.6923048500012
2024-06-01T00:00:00Z,EGLDUSD,38.65,38.8,38.5,38.77,712.3850041299999
2024-06-02T00:00:00Z,EGLDUSD,38.86,39.1,37.7,37.99,931.7974922899999
2024-06-03T00:00:00Z,EGLDUSD,38.05,39.28,37.77,38.65,1255.4784427199993
2024-06-04T00:00:00Z,EGLDUSD,38.6,39.69,38.6,39.22,1783.4053738099997
2024-06-05T00:00:00Z,EGLDUSD,39.54,40.38,39.12,40.14,1815.375079509999
2024-06-06T00:00:00Z,EGLDUSD,40.11,40.11,38.86,38.95,1648.5764660900002
2024-06-07T00:00:00Z,EGLDUSD,38.88,39.95,33.62,36.04,5812.377020549997
2024-06-08T00:00:00Z,EGLDUSD,36.02,36.15,34.44,34.62,2590.9475750600004
2024-06-09T00:00:00Z,EGLDUSD,34.48,35.81,34.22,35.46,1521.7598175499995
2024-06-10T00:00:00Z,EGLDUSD,35.38,35.93,34.69,34.94,712.4152701299997
2024-06-11T00:00:00Z,EGLDUSD,35.06,35.08,32.53,33.34,2722.5648364199988
2024-06-12T00:00:00Z,EGLDUSD,33.34,35.82,33.04,34.94,1016.1523020499999
2024-06-13T00:00:00Z,EGLDUSD,34.39,34.39,32.78,33.05,1023.7043030399999
2024-06-14T00:00:00Z,EGLDUSD,33.15,34.11,31.76,32.56,2776.099379950001
2024-06-15T00:00:00Z,EGLDUSD,32.56,33.28,32.5,33.28,572.3203533800001
2024-06-16T00:00:00Z,EGLDUSD,33.23,33.5,33.12,33.5,358.63889435
2024-06-17T00:00:00Z,EGLDUSD,33.47,33.47,30.2,31.35,1397.8147882
2024-06-18T00:00:00Z,EGLDUSD,31.06,31.07,27.49,29.19,7598.698269850003
2024-06-19T00:00:00Z,EGLDUSD,29.1,30.43,29.1,29.68,3410.632384210002
2024-06-20T00:00:00Z,EGLDUSD,29.65,30.68,28.81,29.14,2105.3744562800007
2024-06-21T00:00:00Z,EGLDUSD,29.06,29.53,28.2,28.78,4711.467504820003
2024-06-22T00:00:00Z,EGLDUSD,28.5,28.85,28.17,28.62,899.19309857
2024-06-23T00:00:00Z,EGLDUSD,28.93,29.14,28.0,28.25,1231.0906275
2024-06-24T00:00:00Z,EGLDUSD,28.24,29.18,26.72,29.16,3368.914801010002
2024-06-25T00:00:00Z,EGLDUSD,28.96,30.65,28.96,29.88,1985.6067819199989
2024-06-26T00:00:00Z,EGLDUSD,30.07,30.08,29.09,29.47,1397.8693254999998
2024-06-27T00:00:00Z,EGLDUSD,29.39,30.22,29.0,29.97,1523.7249573600002
2024-06-28T00:00:00Z,EGLDUSD,29.91,30.11,28.99,29.05,2550.556779520001
2024-06-29T00:00:00Z,EGLDUSD,29.12,29.5,28.41,28.47,931.8594970199998
2024-06-30T00:00:00Z,EGLDUSD,28.3,29.82,27.88,29.61,1369.1979160799997
2024-07-01T00:00:00Z,EGLDUSD,29.63,37.21,29.57,30.8,4044.780239750002
2024-07-02T00:00:00Z,EGLDUSD,30.73,32.6,30.73,32.0,1629.2427269499992
2024-07-03T00:00:00Z,EGLDUSD,32.02,32.13,30.51,31.01,1413.77774155
2024-07-04T00:00:00Z,EGLDUSD,30.92,32.28,28.87,31.2,7804.805428839996
2024-07-05T00:00:00Z,EGLDUSD,31.01,35.7,27.33,33.15,19372.89201704003
2024-07-06T00:00:00Z,EGLDUSD,33.71,35.36,32.74,34.61,4540.972112770001
2024-07-07T00:00:00Z,EGLDUSD,34.54,34.78,32.43,32.82,2148.2902884899995
2024-07-08T00:00:00Z,EGLDUSD,32.86,35.22,31.82,35.14,3113.751656550001
2024-07-09T00:00:00Z,EGLDUSD,35.3,37.54,35.2,36.9,8047.392908450003
2024-07-10T00:00:00Z,EGLDUSD,36.93,37.44,36.32,36.9,5054.588016010001
2024-07-11T00:00:00Z,EGLDUSD,36.85,36.97,35.53,35.67,3509.3989355700014
2024-07-12T00:00:00Z,EGLDUSD,35.86,36.26,35.16,35.82,1688.1849501599995
2024-07-13T00:00:00Z,EGLDUSD,35.52,36.58,34.97,35.72,5190.366536820004
2024-07-14T00:00:00Z,EGLDUSD,35.52,36.19,35.18,35.52,2579.0849307400003
2024-07-15T00:00:00Z,EGLDUSD,35.52,37.04,35.33,37.03,2581.34918745
2024-07-16T00:00:00Z,EGLDUSD,36.98,37.45,34.33,36.3,2157.95497053
2024-07-17T00:00:00Z,EGLDUSD,36.54,37.77,36.3,36.93,738.6222480600003
2024-07-18T00:00:00Z,EGLDUSD,36.89,38.34,36.22,36.25,3249.87185448
2024-07-19T00:00:00Z,EGLDUSD,36.27,36.54,34.8,36.54,3948.1285545299997
2024-07-20T00:00:00Z,EGLDUSD,36.51,36.72,35.67,36.19,347.6603377000001
2024-07-21T00:00:00Z,EGLDUSD,36.2,37.02,35.24,36.84,1136.3327544999993
2024-07-22T00:00:00Z,EGLDUSD,37.03,38.55,35.74,35.87,1158.927525809999
2024-07-23T00:00:00Z,EGLDUSD,35.89,36.27,33.89,34.25,1961.5381502699997
2024-07-24T00:00:00Z,EGLDUSD,34.14,34.97,33.44,33.53,2293.44973454
2024-07-25T00:00:00Z,EGLDUSD,33.33,33.33,31.34,32.62,1965.604078789999
2024-07-26T00:00:00Z,EGLDUSD,32.55,33.63,32.45,33.48,1349.99188951
2024-07-27T00:00:00Z,EGLDUSD,33.29,33.79,32.59,33.43,868.9470658799999
2024-07-28T00:00:00Z,EGLDUSD,32.91,32.94,32.15,32.15,623.9105425799999
2024-07-29T00:00:00Z,EGLDUSD,32.16,33.3,31.9,32.1,2600.6098713100005
2024-07-30T00:00:00Z,EGLDUSD,31.88,32.43,30.94,31.22,1619.3202519499994
2024-07-31T00:00:00Z,EGLDUSD,31.25,31.99,30.85,31.13,1323.4406685199995
2024-08-01T00:00:00Z,EGLDUSD,31.12,31.84,29.01,30.93,6023.732732449998
2024-08-02T00:00:00Z,EGLDUSD,30.89,30.93,28.42,28.56,1661.1511111900004
2024-08-03T00:00:00Z,EGLDUSD,28.49,29.14,27.24,28.09,1452.451391870001
2024-08-04T00:00:00Z,EGLDUSD,28.06,28.46,25.78,26.71,2374.4092555800016
2024-08-05T00:00:00Z,EGLDUSD,26.7,28.43,22.16,25.84,23692.319598850092
2024-08-06T00:00:00Z,EGLDUSD,25.8,27.43,25.8,26.73,2235.2005198000015
2024-08-07T00:00:00Z,EGLDUSD,26.71,27.46,25.77,26.12,3103.101410600002
2024-08-08T00:00:00Z,EGLDUSD,26.02,28.75,25.98,28.59,2418.45518309
2024-08-09T00:00:00Z,EGLDUSD,28.46,28.46,27.05,27.72,1261.712252949999
2024-08-10T00:00:00Z,EGLDUSD,27.83,29.12,27.45,28.63,1505.1821525299993
2024-08-11T00:00:00Z,EGLDUSD,28.53,29.13,26.49,26.61,2303.603547489999
2024-08-12T00:00:00Z,EGLDUSD,26.52,27.96,26.29,27.37,1457.11281242
2024-08-13T00:00:00Z,EGLDUSD,27.48,27.8,26.55,27.72,841.6220451899998
2024-08-14T00:00:00Z,EGLDUSD,27.78,27.96,26.93,27.03,846.6879294600004
2024-08-15T00:00:00Z,EGLDUSD,27.04,27.43,25.71,26.08,3378.4699977000005
2024-08-16T00:00:00Z,EGLDUSD,26.02,26.17,25.27,25.9,2831.68506671
2024-08-17T00:00:00Z,EGLDUSD,25.76,26.1,25.75,25.92,1377.8584374700001
2024-08-18T00:00:00Z,EGLDUSD,26.0,26.62,25.78,26.24,537.7468945299998
2024-08-19T00:00:00Z,EGLDUSD,26.08,27.01,26.04,26.89,1589.2264085399909
2024-08-20T00:00:00Z,EGLDUSD,26.73,27.64,26.51,27.02,1241.7956181199988
2024-08-21T00:00:00Z,EGLDUSD,27.03,28.39,27.03,28.14,1845.7555773900003
2024-08-22T00:00:00Z,EGLDUSD,28.09,28.76,27.96,28.33,1879.18840381
2024-08-23T00:00:00Z,EGLDUSD,28.34,30.82,28.34,30.38,4846.1197358300005
2024-08-24T00:00:00Z,EGLDUSD,30.46,33.43,30.46,32.19,3095.6583018900014
2024-08-25T00:00:00Z,EGLDUSD,32.41,32.54,30.75,32.28,504.36531632000003
2024-08-26T00:00:00Z,EGLDUSD,31.75,32.19,30.39,30.39,1186.6147432999994
2024-08-27T00:00:00Z,EGLDUSD,30.36,31.05,27.77,28.27,1162.4068893299998
2024-08-28T00:00:00Z,EGLDUSD,28.19,28.85,27.1,27.92,2433.537444150001
2024-08-29T00:00:00Z,EGLDUSD,28.05,29.59,27.97,29.1,2732.2049017599998
2024-08-30T00:00:00Z,EGLDUSD,29.24,29.74,28.15,29.53,1495.3871732000005
2024-08-31T00:00:00Z,EGLDUSD,29.88,30.57,28.61,28.82,1206.843306719999
2024-09-01T00:00:00Z,EGLDUSD,28.69,28.95,27.33,27.55,1401.04629111
2024-09-02T00:00:00Z,EGLDUSD,27.43,28.32,26.97,28.21,2369.8885056600006
2024-09-03T00:00:00Z,EGLDUSD,28.3,28.37,26.46,26.46,1785.5823123100001
2024-09-04T00:00:00Z,EGLDUSD,26.42,27.59,25.2,26.89,1985.691901330001
2024-09-05T00:00:00Z,EGLDUSD,26.77,26.78,25.02,25.33,3471.201993540001
2024-09-06T00:00:00Z,EGLDUSD,25.21,25.21,23.21,23.99,4361.23656858
2024-09-07T00:00:00Z,EGLDUSD,23.92,25.07,23.85,24.63,1040.4627066600003
2024-09-08T00:00:00Z,EGLDUSD,24.43,25.41,24.43,25.17,830.0475678200002
2024-09-09T00:00:00Z,EGLDUSD,25.3,26.88,25.28,26.49,1332.1620414299994
2024-09-10T00:00:00Z,EGLDUSD,26.48,26.89,26.22,26.76,998.3230575299999
2024-09-11T00:00:00Z,EGLDUSD,26.47,26.47,25.4,25.97,1282.76671561
2024-09-12T00:00:00Z,EGLDUSD,25.96,26.99,25.96,26.71,3869.9317569999994
2024-09-13T00:00:00Z,EGLDUSD,26.77,26.99,26.22,26.77,1491.1406719600004
2024-09-14T00:00:00Z,EGLDUSD,26.88,26.88,26.23,26.43,1049.2991351100025
2024-09-15T00:00:00Z,EGLDUSD,26.53,26.6,25.28,25.41,1365.36065343
2024-09-16T00:00:00Z,EGLDUSD,25.27,25.47,24.42,24.85,2019.5872980899994
2024-09-17T00:00:00Z,EGLDUSD,24.87,26.31,24.51,25.61,3288.1741647199997
2024-09-18T00:00:00Z,EGLDUSD,25.74,26.4,25.17,26.16,5589.516343300018
2024-09-19T00:00:00Z,EGLDUSD,26.2,27.79,26.17,27.22,3761.9036781900013
2024-09-20T00:00:00Z,EGLDUSD,27.57,28.34,27.28,27.94,3367.1957713799975
2024-09-21T00:00:00Z,EGLDUSD,27.99,28.95,27.59,28.91,20703.384934729613
2024-09-22T00:00:00Z,EGLDUSD,28.93,28.95,27.27,28.02,4396.366153149973
2024-09-23T00:00:00Z,EGLDUSD,27.9,29.16,27.68,28.74,1271.2348540099986
2024-09-24T00:00:00Z,EGLDUSD,28.58,29.07,27.9,29.07,1889.6806807300004
2024-09-25T00:00:00Z,EGLDUSD,29.03,29.49,28.72,28.83,2869.9187891700017
2024-09-26T00:00:00Z,EGLDUSD,28.94,29.99,28.56,29.64,2217.01611933
2024-09-27T00:00:00Z,EGLDUSD,29.69,30.49,29.37,30.21,1480.67593316
2024-09-28T00:00:00Z,EGLDUSD,30.29,30.4,28.83,29.26,1563.4194493799998
2024-09-29T00:00:00Z,EGLDUSD,29.04,30.09,28.39,29.35,2287.431465640002
2024-09-30T00:00:00Z,EGLDUSD,29.15,29.34,27.2,27.52,5910.593212619997
2024-10-01T00:00:00Z,EGLDUSD,27.33,28.29,24.11,25.25,10536.365256280009
2024-10-02T00:00:00Z,EGLDUSD,25.3,26.13,24.06,24.66,4831.338143769999
2024-10-03T00:00:00Z,EGLDUSD,24.65,25.25,23.83,24.52,2592.25473619
2024-10-04T00:00:00Z,EGLDUSD,24.87,25.26,24.55,25.20,1361.33699972
2024-10-05T00:00:00Z,EGLDUSD,25.23,25.42,24.73,25.12,821.47275030
2024-10-06T00:00:00Z,EGLDUSD,25.05,26.19,25.00,25.57,2025.88989727
2024-10-07T00:00:00Z,EGLDUSD,25.70,26.27,25.20,25.60,2725.68972949
2024-10-08T00:00:00Z,EGLDUSD,25.52,25.63,24.84,25.30,4181.60299587
2024-10-09T00:00:00Z,EGLDUSD,25.51,25.75,24.47,24.64,3632.03606275
2024-10-10T00:00:00Z,EGLDUSD,24.53,24.89,23.95,24.80,2258.03022475
2024-10-11T00:00:00Z,EGLDUSD,24.87,26.11,24.67,26.00,3216.57425513
2024-10-12T00:00:00Z,EGLDUSD,26.18,27.80,26.18,27.41,1371.14530486
2024-10-13T00:00:00Z,EGLDUSD,27.44,27.50,26.09,26.89,1093.72499883
2024-10-14T00:00:00Z,EGLDUSD,26.48,27.99,26.48,27.88,2736.52077336
2024-10-15T00:00:00Z,EGLDUSD,27.96,28.10,26.41,27.03,3771.05983398
2024-10-16T00:00:00Z,EGLDUSD,26.59,27.02,26.29,26.30,2312.82517087
2024-10-17T00:00:00Z,EGLDUSD,26.30,26.30,25.20,25.55,2092.26128920
2024-10-18T00:00:00Z,EGLDUSD,25.59,26.74,25.58,26.70,1751.08418919
2024-10-19T00:00:00Z,EGLDUSD,26.79,27.23,26.55,26.75,646.76259685
2024-10-20T00:00:00Z,EGLDUSD,26.67,27.95,26.46,27.71,2241.40698117
2024-10-21T00:00:00Z,EGLDUSD,27.80,27.95,26.43,26.73,2682.18718363
2024-10-22T00:00:00Z,EGLDUSD,26.69,27.16,26.02,26.35,1678.04258529
2024-10-23T00:00:00Z,EGLDUSD,26.16,26.18,24.96,26.09,1926.80280918
2024-10-24T00:00:00Z,EGLDUSD,26.11,26.52,25.35,25.94,5515.54444364
2024-10-25T00:00:00Z,EGLDUSD,26.03,26.03,21.73,23.54,4127.31846247
2024-10-26T00:00:00Z,EGLDUSD,23.22,24.06,23.07,23.74,3756.49085360
2024-10-27T00:00:00Z,EGLDUSD,23.65,24.22,23.57,24.20,1393.71859051
2024-10-28T00:00:00Z,EGLDUSD,23.96,24.41,23.28,24.20,1053.40346631
2024-10-29T00:00:00Z,EGLDUSD,24.14,25.82,24.14,25.35,3255.38902650
2024-10-30T00:00:00Z,EGLDUSD,25.32,25.32,24.29,24.51,2022.99343485
2024-10-31T00:00:00Z,EGLDUSD,24.15,24.18,23.19,23.44,2960.20371348
2024-11-01T00:00:00Z,EGLDUSD,23.43,23.76,22.84,23.30,1353.02423342
2024-11-02T00:00:00Z,EGLDUSD,23.40,23.55,22.74,23.01,2653.72722995
2024-11-03T00:00:00Z,EGLDUSD,23.01,23.01,21.51,22.54,4330.93347818
2024-11-04T00:00:00Z,EGLDUSD,22.39,22.76,21.79,22.13,2385.54151393
2024-11-05T00:00:00Z,EGLDUSD,22.15,23.58,22.15,23.55,2338.71100200
2024-11-06T00:00:00Z,EGLDUSD,23.60,26.20,23.55,26.03,11137.42819864
2024-11-07T00:00:00Z,EGLDUSD,26.11,26.96,25.44,26.64,5675.83015498
2024-11-08T00:00:00Z,EGLDUSD,26.70,28.90,26.07,28.44,5731.13572523
2024-11-09T00:00:00Z,EGLDUSD,28.46,31.44,28.46,29.62,6519.15501031
2024-11-10T00:00:00Z,EGLDUSD,29.38,31.81,29.24,30.49,6404.67148669
2024-11-11T00:00:00Z,EGLDUSD,30.54,33.57,30.02,33.57,11109.79907683
2024-11-12T00:00:00Z,EGLDUSD,33.12,34.49,30.00,31.58,9970.75620066
2024-11-13T00:00:00Z,EGLDUSD,31.60,31.79,28.68,29.57,8317.40258462
2024-11-14T00:00:00Z,EGLDUSD,29.63,30.36,27.61,28.00,5288.39434155
2024-11-15T00:00:00Z,EGLDUSD,28.05,28.99,27.42,28.99,2531.23867642
2024-11-16T00:00:00Z,EGLDUSD,29.01,31.98,28.76,31.76,3422.53184518
2024-11-17T00:00:00Z,EGLDUSD,32.02,32.87,28.63,29.14,6558.63902854
2024-11-18T00:00:00Z,EGLDUSD,29.08,31.71,28.98,31.47,6423.53009351
2024-11-19T00:00:00Z,EGLDUSD,31.47,32.57,30.46,31.44,9511.51165944
2024-11-20T00:00:00Z,EGLDUSD,31.25,31.25,28.29,29.09,7648.72323164
2024-11-21T00:00:00Z,EGLDUSD,28.72,30.90,27.95,30.23,7246.99940841
2024-11-22T00:00:00Z,EGLDUSD,30.19,34.13,29.27,34.08,10003.13102885
2024-11-23T00:00:00Z,EGLDUSD,34.20,37.89,33.31,35.91,20115.92044284
2024-11-24T00:00:00Z,EGLDUSD,36.47,39.68,34.46,39.14,16209.57571171
2024-11-25T00:00:00Z,EGLDUSD,39.03,40.38,35.71,36.67,9803.51337628
2024-11-26T00:00:00Z,EGLDUSD,36.43,37.76,34.21,36.96,7048.29816660
2024-11-27T00:00:00Z,EGLDUSD,36.67,38.99,35.95,38.99,5803.76997132
2024-11-28T00:00:00Z,EGLDUSD,38.52,39.41,36.91,39.32,6473.35150594
2024-11-29T00:00:00Z,EGLDUSD,39.23,42.89,38.59,42.55,15092.54950470
2024-11-30T00:00:00Z,EGLDUSD,42.46,43.80,40.83,42.71,8147.40569577
2024-12-01T00:00:00Z,EGLDUSD,42.55,45.40,41.18,44.09,18312.21115561
2024-12-02T00:00:00Z,EGLDUSD,44.05,48.56,41.79,48.00,25321.06372398
2024-12-03T00:00:00Z,EGLDUSD,47.98,54.94,47.35,54.65,18462.08035674
2024-12-04T00:00:00Z,EGLDUSD,54.68,57.87,52.44,54.79,16344.20179739
2024-12-05T00:00:00Z,EGLDUSD,54.54,58.18,39.69,54.81,15298.16859245
2024-12-06T00:00:00Z,EGLDUSD,54.46,55.97,51.63,55.16,15132.91771650
2024-12-07T00:00:00Z,EGLDUSD,55.77,56.58,53.28,53.96,5143.21978200
2024-12-08T00:00:00Z,EGLDUSD,53.84,55.79,52.71,55.79,4471.26215917
2024-12-09T00:00:00Z,EGLDUSD,55.82,55.83,39.69,45.07,16751.94330694
2024-12-10T00:00:00Z,EGLDUSD,44.91,46.07,39.77,44.39,13335.78721329
2024-12-11T00:00:00Z,EGLDUSD,44.10,47.50,42.38,47.13,4772.51477746
2024-12-12T00:00:00Z,EGLDUSD,46.75,50.12,46.75,47.47,5502.98173559
2024-12-13T00:00:00Z,EGLDUSD,48.11,49.42,46.31,48.43,4953.49158028
2024-12-14T00:00:00Z,EGLDUSD,47.97,48.44,45.05,46.14,1763.54710502
2024-12-15T00:00:00Z,EGLDUSD,46.59,47.97,44.94,47.10,2097.94531381
2024-12-16T00:00:00Z,EGLDUSD,46.91,47.87,43.82,44.97,4973.05000409
2024-12-17T00:00:00Z,EGLDUSD,44.91,45.14,42.31,42.62,4120.31123680
2024-12-18T00:00:00Z,EGLDUSD,42.77,44.07,38.00,38.08,9885.32463775
2024-12-19T00:00:00Z,EGLDUSD,38.07,39.04,33.29,34.89,16597.59514089
2024-12-20T00:00:00Z,EGLDUSD,34.66,36.45,29.56,36.18,12282.17457381
2024-12-21T00:00:00Z,EGLDUSD,36.16,38.26,33.39,33.99,4530.65793679
2024-12-22T00:00:00Z,EGLDUSD,33.94,34.76,32.44,33.56,4400.02816901
2024-12-23T00:00:00Z,EGLDUSD,33.51,36.34,32.78,35.90,4770.52774231
2024-12-24T00:00:00Z,EGLDUSD,35.71,37.37,34.79,37.10,6506.30730192
2024-12-25T00:00:00Z,EGLDUSD,36.99,36.99,35.26,35.55,5296.85143197
2024-12-26T00:00:00Z,EGLDUSD,35.82,38.95,33.14,33.75,9180.02072085
2024-12-27T00:00:00Z,EGLDUSD,33.76,35.32,33.29,33.72,4415.91961389
2024-12-28T00:00:00Z,EGLDUSD,33.91,35.47,33.58,35.43,1285.66564280
2024-12-29T00:00:00Z,EGLDUSD,35.19,35.66,33.88,34.13,3054.32335318
2024-12-30T00:00:00Z,EGLDUSD,34.20,35.59,33.10,33.94,4148.56442339
2024-12-31T00:00:00Z,EGLDUSD,33.88,35.04,33.05,33.33,3039.52138525
2025-01-01T00:00:00Z,EGLDUSD,33.54,35.31,32.86,34.83,731.34542183
2025-01-02T00:00:00Z,EGLDUSD,35.00,35.99,34.87,35.88,3432.11480729
2025-01-03T00:00:00Z,EGLDUSD,35.78,38.31,35.29,37.89,4352.58946935
2025-01-04T00:00:00Z,EGLDUSD,38.06,38.69,37.53,38.14,1828.64025524
2025-01-05T00:00:00Z,EGLDUSD,37.90,38.34,36.67,37.56,2689.84897551
2025-01-06T00:00:00Z,EGLDUSD,37.55,39.25,36.90,38.33,4116.65581395
2025-01-07T00:00:00Z,EGLDUSD,38.34,38.45,34.20,34.27,9238.02063607
2025-01-08T00:00:00Z,EGLDUSD,34.11,34.50,31.12,33.14,5953.15436443
2025-01-09T00:00:00Z,EGLDUSD,33.31,33.68,31.99,32.86,3512.31522056
2025-01-10T00:00:00Z,EGLDUSD,32.85,33.60,32.31,33.27,4009.30967112
2025-01-11T00:00:00Z,EGLDUSD,33.21,34.19,32.63,33.69,2032.45714600
2025-01-12T00:00:00Z,EGLDUSD,33.66,34.14,32.33,32.69,1297.93287478
2025-01-13T00:00:00Z,EGLDUSD,32.87,33.78,29.49,31.75,8120.00224180
2025-01-14T00:00:00Z,EGLDUSD,31.56,32.69,31.56,32.65,5237.12084259
2025-01-15T00:00:00Z,EGLDUSD,32.55,35.43,31.77,35.43,5784.14142774
2025-01-16T00:00:00Z,EGLDUSD,35.44,36.88,34.44,35.98,3297.33419175
2025-01-17T00:00:00Z,EGLDUSD,36.05,37.83,36.05,37.46,6931.19514828
2025-01-18T00:00:00Z,EGLDUSD,37.60,37.70,34.79,35.55,3401.45801483
2025-01-19T00:00:00Z,EGLDUSD,35.31,36.18,27.54,32.04,7165.10936708
2025-01-20T00:00:00Z,EGLDUSD,31.94,34.42,30.48,31.51,6628.67523239
2025-01-21T00:00:00Z,EGLDUSD,31.36,33.09,30.20,32.09,3555.30933101
2025-01-22T00:00:00Z,EGLDUSD,32.44,32.51,30.86,30.99,2126.01591667
2025-01-23T00:00:00Z,EGLDUSD,30.95,31.44,30.01,30.83,2278.92396710
2025-01-24T00:00:00Z,EGLDUSD,30.82,31.52,29.77,29.96,1612.35801437
2025-01-25T00:00:00Z,EGLDUSD,29.88,30.53,29.68,30.10,1516.15993329
2025-01-26T00:00:00Z,EGLDUSD,30.31,30.95,29.42,29.43,2056.58429850
2025-01-27T00:00:00Z,EGLDUSD,29.29,29.43,26.44,28.68,8741.35872235
2025-01-28T00:00:00Z,EGLDUSD,28.99,28.99,26.88,27.21,4696.24539688
2025-01-29T00:00:00Z,EGLDUSD,27.26,28.84,27.18,28.15,1718.34498894
2025-01-30T00:00:00Z,EGLDUSD,28.05,30.45,27.97,30.28,5507.41302809
2025-01-31T00:00:00Z,EGLDUSD,30.40,31.17,29.55,29.63,3083.34164512
2025-02-01T00:00:00Z,EGLDUSD,29.81,30.16,27.25,27.40,2022.32089051
2025-02-02T00:00:00Z,EGLDUSD,27.11,27.57,23.00,23.99,8235.81976208
2025-02-03T00:00:00Z,EGLDUSD,23.98,24.90,17.68,24.56,27161.92914503
2025-02-04T00:00:00Z,EGLDUSD,24.86,24.86,22.10,22.76,12081.49887315
2025-02-05T00:00:00Z,EGLDUSD,22.87,23.02,21.58,21.85,4833.08503932
2025-02-06T00:00:00Z,EGLDUSD,22.02,22.28,20.72,21.07,6526.31440719
2025-02-07T00:00:00Z,EGLDUSD,21.10,22.80,20.73,21.32,2807.64369654
2025-02-08T00:00:00Z,EGLDUSD,21.32,21.85,20.91,21.85,736.16112812
2025-02-09T00:00:00Z,EGLDUSD,21.87,22.96,21.06,22.03,2629.02114434
2025-02-10T00:00:00Z,EGLDUSD,22.48,22.98,21.77,22.43,1568.22175118
2025-02-11T00:00:00Z,EGLDUSD,22.62,23.81,22.40,22.85,2719.48529949
2025-02-12T00:00:00Z,EGLDUSD,22.74,24.05,21.92,23.81,5271.22928622
2025-02-13T00:00:00Z,EGLDUSD,23.86,24.02,22.74,23.11,2729.77796547
2025-02-14T00:00:00Z,EGLDUSD,23.08,24.06,22.90,23.19,2005.26325226
2025-02-15T00:00:00Z,EGLDUSD,23.46,23.47,22.19,22.44,2792.62804369
2025-02-16T00:00:00Z,EGLDUSD,22.64,22.82,22.28,22.37,702.96555707
2025-02-17T00:00:00Z,EGLDUSD,22.53,23.29,22.00,22.51,2321.78223000
2025-02-18T00:00:00Z,EGLDUSD,22.57,22.57,20.87,21.51,3475.36525123
2025-02-19T00:00:00Z,EGLDUSD,21.53,22.15,21.25,22.00,3928.80431515
2025-02-20T00:00:00Z,EGLDUSD,21.94,23.22,21.93,23.22,2165.30481828
2025-02-21T00:00:00Z,EGLDUSD,23.08,24.34,22.18,22.39,3075.49889182
2025-02-22T00:00:00Z,EGLDUSD,22.31,23.50,22.31,23.49,1394.92715104
2025-02-23T00:00:00Z,EGLDUSD,23.53,24.41,22.80,23.25,1500.48364171
2025-02-24T00:00:00Z,EGLDUSD,23.35,23.36,20.17,20.43,3717.69252157
2025-02-25T00:00:00Z,EGLDUSD,20.41,21.52,19.11,21.18,8535.10888160
2025-02-26T00:00:00Z,EGLDUSD,20.90,21.65,20.35,21.16,2714.82001876
2025-02-27T00:00:00Z,EGLDUSD,21.13,22.57,21.10,22.15,3511.88465356
2025-02-28T00:00:00Z,EGLDUSD,22.16,22.16,20.04,21.69,3751.20637945
2025-03-01T00:00:00Z,EGLDUSD,21.65,22.08,21.15,21.62,3109.84215517
2025-03-02T00:00:00Z,EGLDUSD,21.52,25.47,21.48,25.47,3194.83776191
2025-03-03T00:00:00Z,EGLDUSD,25.50,25.87,22.35,22.76,6917.85649429
2025-03-04T00:00:00Z,EGLDUSD,22.55,22.55,20.17,21.37,3802.94842964
2025-03-05T00:00:00Z,EGLDUSD,21.30,22.01,20.91,21.63,5319.00271692
2025-03-06T00:00:00Z,EGLDUSD,21.69,22.41,20.40,20.74,2843.53733459
2025-03-07T00:00:00Z,EGLDUSD,20.51,21.01,19.46,19.91,2664.00008519
2025-03-08T00:00:00Z,EGLDUSD,20.14,20.25,19.73,20.06,2477.84493281
2025-03-09T00:00:00Z,EGLDUSD,19.85,19.89,18.07,18.41,3652.30322031
2025-03-10T00:00:00Z,EGLDUSD,18.24,19.29,17.34,17.50,4844.68506926
2025-03-11T00:00:00Z,EGLDUSD,17.49,18.51,16.29,18.21,7558.73375546
2025-03-12T00:00:00Z,EGLDUSD,18.18,18.86,17.66,18.49,2227.79804728
2025-03-13T00:00:00Z,EGLDUSD,18.35,18.35,17.23,17.55,3373.83282198
2025-03-14T00:00:00Z,EGLDUSD,17.55,18.30,17.55,18.05,3028.45634174
2025-03-15T00:00:00Z,EGLDUSD,18.08,18.50,18.00,18.44,2692.91556615
2025-03-16T00:00:00Z,EGLDUSD,18.39,18.39,17.62,17.73,1813.60699057
2025-03-17T00:00:00Z,EGLDUSD,17.86,18.49,17.86,18.42,1285.31514296
2025-03-18T00:00:00Z,EGLDUSD,18.18,18.18,17.45,17.83,2264.69192027
2025-03-19T00:00:00Z,EGLDUSD,18.08,18.71,18.02,18.68,869.85969042
2025-03-20T00:00:00Z,EGLDUSD,18.77,18.81,17.79,18.10,1799.44944215
2025-03-21T00:00:00Z,EGLDUSD,18.16,18.29,17.72,17.91,1100.33754264
2025-03-22T00:00:00Z,EGLDUSD,17.98,18.45,17.92,18.11,1400.44260927
2025-03-23T00:00:00Z,EGLDUSD,18.10,19.07,18.10,18.40,1938.53773995
2025-03-24T00:00:00Z,EGLDUSD,18.44,19.40,18.24,19.26,2349.25937995
2025-03-25T00:00:00Z,EGLDUSD,19.28,19.94,19.28,19.88,1595.41181951
2025-03-26T00:00:00Z,EGLDUSD,19.72,19.72,18.87,18.99,2196.84751213
2025-03-27T00:00:00Z,EGLDUSD,19.12,19.43,18.64,18.76,2713.15388270
2025-03-28T00:00:00Z,EGLDUSD,18.72,18.75,16.77,17.06,7237.84083284
2025-03-29T00:00:00Z,EGLDUSD,17.14,17.14,15.87,16.15,5461.86134935
2025-03-30T00:00:00Z,EGLDUSD,16.16,16.74,15.99,16.28,735.42095202
2025-03-31T00:00:00Z,EGLDUSD,16.18,16.36,15.76,16.10,4619.06434193
2025-04-01T00:00:00Z,EGLDUSD,16.12,16.70,15.95,16.47,1555.61901570
2025-04-02T00:00:00Z,EGLDUSD,16.53,16.68,15.13,15.33,5391.13566884
2025-04-03T00:00:00Z,EGLDUSD,15.28,15.82,14.75,15.26,8386.23441685
2025-04-04T00:00:00Z,EGLDUSD,15.24,15.43,14.53,14.61,8110.38776051
2025-04-05T00:00:00Z,EGLDUSD,14.70,14.70,13.77,14.09,6003.14677787
2025-04-06T00:00:00Z,EGLDUSD,13.98,14.17,12.35,12.70,12044.08054531
2025-04-07T00:00:00Z,EGLDUSD,12.68,14.17,11.83,13.03,14481.96251131
2025-04-08T00:00:00Z,EGLDUSD,13.01,13.42,12.53,12.53,8580.64522478
2025-04-09T00:00:00Z,EGLDUSD,12.31,14.30,12.31,14.27,4527.69358155
2025-04-10T00:00:00Z,EGLDUSD,14.17,14.19,13.40,13.79,5130.11811391
2025-04-11T00:00:00Z,EGLDUSD,13.74,14.57,13.65,14.29,8351.21505733
2025-04-12T00:00:00Z,EGLDUSD,14.29,14.70,13.94,14.53,3605.86597329
2025-04-13T00:00:00Z,EGLDUSD,14.54,14.54,13.71,13.88,5058.45276115
2025-04-14T00:00:00Z,EGLDUSD,13.95,14.55,13.95,14.09,3073.28609131
2025-04-15T00:00:00Z,EGLDUSD,14.07,14.30,13.68,13.69,1864.61762758
2025-04-16T00:00:00Z,EGLDUSD,13.61,13.82,13.19,13.47,3900.65246123
2025-04-17T00:00:00Z,EGLDUSD,13.48,13.88,13.38,13.83,2186.71252868
2025-04-18T00:00:00Z,EGLDUSD,13.74,14.53,13.73,14.18,3678.38258421
2025-04-19T00:00:00Z,EGLDUSD,14.21,14.52,14.12,14.52,1347.53578984
2025-04-20T00:00:00Z,EGLDUSD,14.51,14.88,14.08,14.19,2347.01635199
2025-04-21T00:00:00Z,EGLDUSD,14.14,14.64,13.95,13.97,5403.78207122
2025-04-22T00:00:00Z,EGLDUSD,13.90,15.08,13.76,15.06,4075.44839419
2025-04-23T00:00:00Z,EGLDUSD,15.12,15.73,15.12,15.42,3716.68701286
2025-04-24T00:00:00Z,EGLDUSD,15.48,16.17,14.92,16.12,3161.25846931
2025-04-25T00:00:00Z,EGLDUSD,16.27,20.09,16.27,17.63,18394.40069957
2025-04-26T00:00:00Z,EGLDUSD,17.63,17.99,17.18,17.67,4571.44314926
2025-04-27T00:00:00Z,EGLDUSD,17.57,17.68,16.83,17.10,3645.38812000
2025-04-28T00:00:00Z,EGLDUSD,17.06,17.70,16.58,17.40,2889.36440359
2025-04-29T00:00:00Z,EGLDUSD,17.41,17.50,16.64,16.79,3119.97943652
2025-04-30T00:00:00Z,EGLDUSD,16.76,17.55,16.44,17.21,4147.36335329
2025-05-01T00:00:00Z,EGLDUSD,17.34,18.10,17.15,17.81,4747.81166884
2025-05-02T00:00:00Z,EGLDUSD,17.91,18.26,17.50,17.67,2049.69424587
2025-05-03T00:00:00Z,EGLDUSD,17.76,17.76,16.26,16.49,2714.58595860
2025-05-04T00:00:00Z,EGLDUSD,16.32,16.32,15.45,15.67,6265.24565417
2025-05-05T00:00:00Z,EGLDUSD,15.76,16.02,15.34,15.54,2845.15553878
2025-05-06T00:00:00Z,EGLDUSD,15.48,15.67,14.64,15.10,3301.33814296
2025-05-07T00:00:00Z,EGLDUSD,15.15,15.56,15.06,15.46,4786.88950384
2025-05-08T00:00:00Z,EGLDUSD,15.59,17.07,15.54,17.03,5124.52444051
2025-05-09T00:00:00Z,EGLDUSD,17.08,20.95,17.08,18.95,22282.76370494
2025-05-10T00:00:00Z,EGLDUSD,18.97,20.22,18.61,20.19,7546.03230023
2025-05-11T00:00:00Z,EGLDUSD,20.14,20.15,19.07,19.41,5900.50491680
2025-05-12T00:00:00Z,EGLDUSD,19.46,20.26,18.61,19.66,7130.46458122
2025-05-13T00:00:00Z,EGLDUSD,19.60,20.70,18.63,20.39,5924.44381137
2025-05-14T00:00:00Z,EGLDUSD,20.42,21.93,19.91,20.09,13021.93362175
2025-05-15T00:00:00Z,EGLDUSD,20.25,20.72,18.88,19.42,15092.74444596
2025-05-16T00:00:00Z,EGLDUSD,19.39,19.58,18.52,18.65,1508.69003428
2025-05-17T00:00:00Z,EGLDUSD,18.58,18.70,17.94,18.11,3204.99399042
2025-05-18T00:00:00Z,EGLDUSD,18.10,19.43,18.02,18.82,2654.66591951
2025-05-19T00:00:00Z,EGLDUSD,19.11,19.11,17.56,18.21,4279.49625898
2025-05-20T00:00:00Z,EGLDUSD,18.30,18.61,17.69,18.37,2889.42976008
2025-05-21T00:00:00Z,EGLDUSD,18.41,19.24,18.05,18.97,5408.16124081
2025-05-22T00:00:00Z,EGLDUSD,18.90,19.78,18.89,19.52,10882.32439195
2025-05-23T00:00:00Z,EGLDUSD,19.76,20.27,17.88,17.88,6311.05414088
2025-05-24T00:00:00Z,EGLDUSD,17.80,18.19,17.74,17.74,1746.01496426
2025-05-25T00:00:00Z,EGLDUSD,17.82,17.94,17.08,17.88,4866.99632349
2025-05-26T00:00:00Z,EGLDUSD,17.83,18.52,17.80,17.93,1648.86703344
2025-05-27T00:00:00Z,EGLDUSD,17.98,18.60,17.52,18.23,2340.04183901
2025-05-28T00:00:00Z,EGLDUSD,18.11,18.89,17.63,18.01,3216.35854725
2025-05-29T00:00:00Z,EGLDUSD,18.04,18.36,17.18,17.26,2846.19359231
2025-05-30T00:00:00Z,EGLDUSD,17.20,17.20,14.88,14.93,7274.64932503
2025-05-31T00:00:00Z,EGLDUSD,14.89,15.64,14.69,15.52,8049.08349569
2025-06-01T00:00:00Z,EGLDUSD,15.49,15.66,15.15,15.63,2177.44797519
2025-06-02T00:00:00Z,EGLDUSD,15.62,15.93,15.22,15.93,3291.53338578
2025-06-03T00:00:00Z,EGLDUSD,15.89,16.37,15.83,15.94,1992.22263400
2025-06-04T00:00:00Z,EGLDUSD,15.95,16.19,15.46,15.57,1662.80087819
2025-06-05T00:00:00Z,EGLDUSD,15.58,15.79,14.29,14.51,10702.78745137
2025-06-06T00:00:00Z,EGLDUSD,14.43,15.32,14.37,14.98,3465.87028407
2025-06-07T00:00:00Z,EGLDUSD,15.04,15.49,15.04,15.42,2151.56555048
2025-06-08T00:00:00Z,EGLDUSD,15.39,15.39,15.04,15.15,3160.19186426
2025-06-09T00:00:00Z,EGLDUSD,15.15,15.81,14.85,15.75,4920.12645500
2025-06-10T00:00:00Z,EGLDUSD,15.82,16.20,15.54,16.16,4837.73740657
2025-06-11T00:00:00Z,EGLDUSD,16.09,16.14,15.28,15.40,9488.89882825
2025-06-12T00:00:00Z,EGLDUSD,15.27,15.27,14.26,14.37,4832.03408543
2025-06-13T00:00:00Z,EGLDUSD,14.37,14.41,13.42,14.08,8128.69507305
2025-06-14T00:00:00Z,EGLDUSD,14.09,14.09,13.68,13.95,3290.99642657
2025-06-15T00:00:00Z,EGLDUSD,13.94,14.04,13.65,13.97,3252.58906943
2025-06-16T00:00:00Z,EGLDUSD,13.98,14.67,13.98,14.25,6941.12831030
2025-06-17T00:00:00Z,EGLDUSD,14.17,14.20,13.23,13.52,4770.50111274
2025-06-18T00:00:00Z,EGLDUSD,13.58,13.84,13.24,13.80,2580.80755414
2025-06-19T00:00:00Z,EGLDUSD,13.86,13.91,13.47,13.67,1659.32509486
2025-06-20T00:00:00Z,EGLDUSD,13.67,14.01,12.97,13.24,5359.22995609
2025-06-21T00:00:00Z,EGLDUSD,13.24,13.54,12.32,12.48,4597.35454250
2025-06-22T00:00:00Z,EGLDUSD,12.65,12.71,11.53,11.98,7431.21735985
2025-06-23T00:00:00Z,EGLDUSD,12.06,13.59,12.02,13.50,8266.73389947
2025-06-24T00:00:00Z,EGLDUSD,13.54,13.92,13.34,13.72,5442.19908621
2025-06-25T00:00:00Z,EGLDUSD,13.71,13.74,13.27,13.27,2878.60766578
2025-06-26T00:00:00Z,EGLDUSD,13.28,13.62,12.95,13.03,2099.81845840
2025-06-27T00:00:00Z,EGLDUSD,13.07,13.19,12.87,12.99,3024.02498359
2025-06-28T00:00:00Z,EGLDUSD,13.08,13.52,13.07,13.49,2499.45633813
2025-06-29T00:00:00Z,EGLDUSD,13.51,14.02,13.32,14.01,3094.65842976
2025-06-30T00:00:00Z,EGLDUSD,14.17,14.23,13.40,13.55,5219.14214184
2025-07-01T00:00:00Z,EGLDUSD,13.42,13.44,12.88,12.94,1970.42130290
2025-07-02T00:00:00Z,EGLDUSD,12.95,14.34,12.95,14.22,7215.10946818
2025-07-03T00:00:00Z,EGLDUSD,14.21,14.26,13.86,14.07,4605.83528994
2025-07-04T00:00:00Z,EGLDUSD,14.11,14.11,13.18,13.35,2328.29752879
2025-07-05T00:00:00Z,EGLDUSD,13.36,13.46,13.07,13.26,1510.68970628
2025-07-06T00:00:00Z,EGLDUSD,13.15,13.61,13.14,13.55,1038.76980663
2025-07-07T00:00:00Z,EGLDUSD,13.36,13.48,13.12,13.20,1638.57674105
2025-07-08T00:00:00Z,EGLDUSD,13.29,13.68,13.16,13.65,3654.38036482
2025-07-09T00:00:00Z,EGLDUSD,13.66,14.33,13.49,14.24,7213.37262536
2025-07-10T00:00:00Z,EGLDUSD,14.24,15.21,14.15,15.16,6055.53094352
2025-07-11T00:00:00Z,EGLDUSD,15.17,15.79,14.94,15.19,4469.26715174
2025-07-12T00:00:00Z,EGLDUSD,15.16,15.42,14.74,15.21,1404.60224491
2025-07-13T00:00:00Z,EGLDUSD,15.16,15.93,15.16,15.56,4099.79128433
2025-07-14T00:00:00Z,EGLDUSD,15.63,16.20,15.15,15.35,6809.09712933
2025-07-15T00:00:00Z,EGLDUSD,15.32,15.77,14.82,15.77,4483.08984854
2025-07-16T00:00:00Z,EGLDUSD,15.89,16.85,15.57,16.36,10806.68060729
2025-07-17T00:00:00Z,EGLDUSD,16.35,16.73,16.01,16.73,5039.79923230
2025-07-18T00:00:00Z,EGLDUSD,16.65,17.80,16.29,16.63,6755.32709757
2025-07-19T00:00:00Z,EGLDUSD,16.72,17.15,16.29,17.05,1271.01720610
2025-07-20T00:00:00Z,EGLDUSD,17.00,17.93,16.99,17.61,5366.48183346
2025-07-21T00:00:00Z,EGLDUSD,17.55,18.43,17.35,17.90,5433.67933442
2025-07-22T00:00:00Z,EGLDUSD,17.82,18.13,17.01,18.10,5814.55016576
2025-07-23T00:00:00Z,EGLDUSD,18.04,18.37,16.23,16.72,5772.92420765
2025-07-24T00:00:00Z,EGLDUSD,16.70,17.02,15.66,16.09,2345.65039742
2025-07-25T00:00:00Z,EGLDUSD,16.02,16.43,15.53,16.43,2139.31346767
2025-07-26T00:00:00Z,EGLDUSD,16.27,16.62,16.27,16.39,1658.39344481
2025-07-27T00:00:00Z,EGLDUSD,16.41,17.03,16.39,16.88,5148.91654430
2025-07-28T00:00:00Z,EGLDUSD,17.08,17.27,15.64,15.68,5570.46494941
2025-07-29T00:00:00Z,EGLDUSD,15.68,16.11,15.15,15.31,2244.48855850
2025-07-30T00:00:00Z,EGLDUSD,15.27,15.27,14.35,15.11,4930.14240090
2025-07-31T00:00:00Z,EGLDUSD,15.22,15.39,14.25,14.25,3144.30500881
2025-08-01T00:00:00Z,EGLDUSD,14.27,14.39,13.58,13.91,8540.36955455
2025-08-02T00:00:00Z,EGLDUSD,13.93,14.11,13.45,13.75,3375.42895209
2025-08-03T00:00:00Z,EGLDUSD,13.69,14.27,13.65,14.26,1988.04276273
2025-08-04T00:00:00Z,EGLDUSD,14.36,14.95,14.35,14.89,3249.10046599
2025-08-05T00:00:00Z,EGLDUSD,14.87,14.87,14.08,14.32,3305.52728067
2025-08-06T00:00:00Z,EGLDUSD,14.06,14.72,14.06,14.56,28251.74245147
2025-08-07T00:00:00Z,EGLDUSD,14.57,15.29,14.47,15.24,2158.49325541
2025-08-08T00:00:00Z,EGLDUSD,15.27,15.66,15.11,15.59,18778.73970896
2025-08-09T00:00:00Z,EGLDUSD,15.53,16.31,15.53,16.15,948.92714979
2025-08-10T00:00:00Z,EGLDUSD,16.17,16.49,15.61,16.03,4466.58548660
2025-08-11T00:00:00Z,EGLDUSD,15.98,16.43,15.06,15.10,2320.15577155
2025-08-12T00:00:00Z,EGLDUSD,15.04,16.20,14.89,16.05,5170.94915404
2025-08-13T00:00:00Z,EGLDUSD,16.09,16.83,16.03,16.75,3567.01400478
2025-08-14T00:00:00Z,EGLDUSD,16.78,16.94,15.01,15.22,4743.00209801
2025-08-15T00:00:00Z,EGLDUSD,15.20,15.56,14.51,14.92,2925.87475495
2025-08-16T00:00:00Z,EGLDUSD,14.95,15.39,14.95,15.31,693.24417917
2025-08-17T00:00:00Z,EGLDUSD,15.36,16.04,15.30,15.72,1385.47888154
2025-08-18T00:00:00Z,EGLDUSD,15.60,15.62,14.71,15.12,1943.73299601
2025-08-19T00:00:00Z,EGLDUSD,14.88,14.99,14.33,14.38,3477.25516546
2025-08-20T00:00:00Z,EGLDUSD,14.39,15.29,14.28,15.23,2495.52543309
2025-08-21T00:00:00Z,EGLDUSD,15.21,15.31,14.70,14.71,1044.92823186
2025-08-22T00:00:00Z,EGLDUSD,14.66,16.20,14.24,16.12,4164.41283274
2025-08-23T00:00:00Z,EGLDUSD,16.11,16.22,15.76,15.93,2042.73358979
2025-08-24T00:00:00Z,EGLDUSD,15.97,16.38,15.35,15.56,4789.98027403
2025-08-25T00:00:00Z,EGLDUSD,15.61,15.85,14.06,14.17,3774.07512048
2025-08-26T00:00:00Z,EGLDUSD,14.18,15.13,14.13,15.07,6114.78361838
2025-08-27T00:00:00Z,EGLDUSD,15.01,15.21,14.78,14.88,2695.98886704
2025-08-28T00:00:00Z,EGLDUSD,14.77,15.24,14.77,15.24,2828.21120821
2025-08-29T00:00:00Z,EGLDUSD,15.30,15.58,14.04,14.44,8126.69660207
2025-08-30T00:00:00Z,EGLDUSD,14.41,14.59,14.19,14.39,2812.49448944
2025-08-31T00:00:00Z,EGLDUSD,14.45,14.76,14.17,14.17,1518.90902179
2025-09-01T00:00:00Z,EGLDUSD,14.07,14.76,13.65,13.84,10220.34511838
2025-09-02T00:00:00Z,EGLDUSD,13.93,14.41,13.90,14.27,3196.11562017
2025-09-03T00:00:00Z,EGLDUSD,14.24,14.30,14.00,14.00,3265.38828463
2025-09-04T00:00:00Z,EGLDUSD,14.05,14.08,13.63,13.83,2566.64000822
2025-09-05T00:00:00Z,EGLDUSD,13.81,14.24,13.71,13.94,5252.47344846
2025-09-06T00:00:00Z,EGLDUSD,13.92,13.97,13.56,13.62,2040.02893458
2025-09-07T00:00:00Z,EGLDUSD,13.59,13.86,13.59,13.67,4487.45433575
2025-09-08T00:00:00Z,EGLDUSD,13.75,14.13,13.68,13.99,7371.87150596
2025-09-09T00:00:00Z,EGLDUSD,14.02,14.54,13.86,13.99,6001.24932611
2025-09-10T00:00:00Z,EGLDUSD,14.05,14.27,13.90,14.21,14743.14255939
2025-09-11T00:00:00Z,EGLDUSD,14.17,14.29,13.87,14.18,5512.51786274
2025-09-12T00:00:00Z,EGLDUSD,14.16,14.52,13.95,14.51,8529.33079018
2025-09-13T00:00:00Z,EGLDUSD,14.50,14.83,14.35,14.69,2221.78181133
2025-09-14T00:00:00Z,EGLDUSD,14.72,15.25,14.35,14.75,8959.89916336
2025-09-15T00:00:00Z,EGLDUSD,14.76,14.89,13.70,13.88,5332.50272979
2025-09-16T00:00:00Z,EGLDUSD,13.87,14.06,13.67,14.00,10000.96620056
2025-09-17T00:00:00Z,EGLDUSD,13.97,14.44,13.65,14.37,4735.98797127
2025-09-18T00:00:00Z,EGLDUSD,14.43,14.63,14.18,14.44,3983.80214386
2025-09-19T00:00:00Z,EGLDUSD,14.53,14.74,13.97,13.99,3446.04647961
2025-09-20T00:00:00Z,EGLDUSD,14.11,14.33,13.89,14.26,1697.31105820
2025-09-21T00:00:00Z,EGLDUSD,14.31,14.67,14.20,14.40,610.11637740
2025-09-22T00:00:00Z,EGLDUSD,14.38,14.47,12.79,13.10,11195.88813378
2025-09-23T00:00:00Z,EGLDUSD,13.11,13.24,12.78,12.82,7266.08450805
2025-09-24T00:00:00Z,EGLDUSD,12.85,13.32,12.61,13.06,4063.06596367
2025-09-25T00:00:00Z,EGLDUSD,12.93,12.94,11.96,12.13,11180.25559159
2025-09-26T00:00:00Z,EGLDUSD,12.20,13.18,12.12,13.06,7661.84822794
2025-09-27T00:00:00Z,EGLDUSD,13.02,13.40,12.87,12.99,1315.21217199
2025-09-28T00:00:00Z,EGLDUSD,12.88,13.44,12.71,13.40,5006.32978025
2025-09-29T00:00:00Z,EGLDUSD,13.38,13.40,12.95,13.26,1730.04461761
2025-09-30T00:00:00Z,EGLDUSD,13.25,13.27,12.55,12.96,7561.95553867
2025-10-01T00:00:00Z,EGLDUSD,12.97,13.70,12.85,13.65,7708.17415347
2025-10-02T00:00:00Z,EGLDUSD,13.68,14.26,13.66,14.09,9172.36465150
2025-10-03T00:00:00Z,EGLDUSD,14.16,14.48,13.94,14.25,4608.15128879
2025-10-04T00:00:00Z,EGLDUSD,14.16,14.16,13.34,13.47,7810.51892549
2025-10-05T00:00:00Z,EGLDUSD,13.47,14.31,13.25,13.60,14522.37068072
2025-10-06T00:00:00Z,EGLDUSD,13.59,14.19,13.51,14.01,7310.04077172
2025-10-07T00:00:00Z,EGLDUSD,14.02,14.13,13.30,13.36,8003.36464460
2025-10-08T00:00:00Z,EGLDUSD,13.34,13.53,13.02,13.51,13679.16746230
2025-10-09T00:00:00Z,EGLDUSD,13.42,13.42,12.75,13.25,9919.21335668
2025-10-10T00:00:00Z,EGLDUSD,13.24,13.67,4.49,9.94,21084.92053579
2025-10-11T00:00:00Z,EGLDUSD,9.20,10.28,8.74,9.55,36309.82655513
2025-10-12T00:00:00Z,EGLDUSD,9.52,10.79,9.51,10.66,6123.99790820
2025-10-13T00:00:00Z,EGLDUSD,10.56,11.67,10.52,11.31,7933.34102070
2025-10-14T00:00:00Z,EGLDUSD,11.34,11.34,10.19,10.73,23047.72465995
2025-10-15T00:00:00Z,EGLDUSD,10.63,10.95,9.98,10.10,5725.07364973
2025-10-16T00:00:00Z,EGLDUSD,10.11,10.34,9.54,9.70,10564.87618792
2025-10-17T00:00:00Z,EGLDUSD,9.70,9.83,8.97,9.53,13607.61619322
2025-10-18T00:00:00Z,EGLDUSD,9.53,9.89,9.53,9.70,5363.93340984
2025-10-19T00:00:00Z,EGLDUSD,9.65,9.99,9.47,9.94,4072.65779354
2025-10-20T00:00:00Z,EGLDUSD,9.81,10.26,9.75,10.01,3902.08206592
2025-10-21T00:00:00Z,EGLDUSD,10.02,10.38,9.58,9.75,3398.38503091
2025-10-22T00:00:00Z,EGLDUSD,9.72,9.75,9.16,9.38,5918.60678321
2025-10-23T00:00:00Z,EGLDUSD,9.38,9.91,9.36,9.66,3657.05141674
2025-10-24T00:00:00Z,EGLDUSD,9.77,9.97,9.66,9.90,4068.14015112
2025-10-25T00:00:00Z,EGLDUSD,9.86,9.90,9.69,9.82,3034.00006590
2025-10-26T00:00:00Z,EGLDUSD,9.81,10.06,9.68,9.97,3395.26616677
2025-10-27T00:00:00Z,EGLDUSD,9.98,11.09,9.56,9.56,23689.14063497
2025-10-28T00:00:00Z,EGLDUSD,9.60,10.02,9.36,9.58,12556.61575764
2025-10-29T00:00:00Z,EGLDUSD,9.57,9.92,9.52,9.64,8069.91693195
2025-10-30T00:00:00Z,EGLDUSD,9.71,9.94,8.72,9.11,15722.98035873
2025-10-31T00:00:00Z,EGLDUSD,9.11,9.29,8.96,9.11,6161.37859175
2025-11-01T00:00:00Z,EGLDUSD,9.09,9.68,9.08,9.68,1593.89596529
2025-11-02T00:00:00Z,EGLDUSD,9.70,9.95,9.46,9.75,3056.80589181
2025-11-03T00:00:00Z,EGLDUSD,9.51,9.51,8.32,8.59,15754.65387263
2025-11-04T00:00:00Z,EGLDUSD,8.56,8.74,7.81,8.28,29392.36792732
2025-11-05T00:00:00Z,EGLDUSD,8.24,8.61,7.89,8.55,8403.41453485
2025-11-06T00:00:00Z,EGLDUSD,8.51,8.51,8.01,8.42,5355.68554358
2025-11-07T00:00:00Z,EGLDUSD,8.44,10.46,8.44,10.08,27031.29237998
2025-11-08T00:00:00Z,EGLDUSD,10.15,10.73,9.87,10.34,33020.42709023
2025-11-09T00:00:00Z,EGLDUSD,10.30,10.84,9.59,10.06,21768.61676309
2025-11-10T00:00:00Z,EGLDUSD,10.03,10.30,9.85,10.08,14866.96502966
2025-11-11T00:00:00Z,EGLDUSD,10.13,10.21,9.40,9.46,5966.26119827
2025-11-12T00:00:00Z,EGLDUSD,9.39,9.86,9.06,9.20,7177.39638214
2025-11-13T00:00:00Z,EGLDUSD,9.24,9.61,8.70,8.97,5388.34735047
2025-11-14T00:00:00Z,EGLDUSD,8.96,9.01,8.51,8.66,4132.62444306
2025-11-15T00:00:00Z,EGLDUSD,8.69,8.95,8.69,8.75,1374.88490238
2025-11-16T00:00:00Z,EGLDUSD,8.70,8.82,8.23,8.44,3004.29250446
2025-11-17T00:00:00Z,EGLDUSD,8.41,8.60,7.98,8.09,14709.68438272
2025-11-18T00:00:00Z,EGLDUSD,8.14,8.55,8.05,8.41,8188.38161251
2025-11-19T00:00:00Z,EGLDUSD,8.36,8.42,7.75,8.19,5797.77046849
2025-11-20T00:00:00Z,EGLDUSD,8.21,8.48,7.69,7.83,11500.05743055
2025-11-21T00:00:00Z,EGLDUSD,7.86,7.86,7.07,7.42,9086.28148663
2025-11-22T00:00:00Z,EGLDUSD,7.39,7.53,7.22,7.43,5136.95592538
2025-11-23T00:00:00Z,EGLDUSD,7.44,7.57,7.39,7.47,4812.82740196
2025-11-24T00:00:00Z,EGLDUSD,7.43,8.04,7.41,7.88,8690.25867449
2025-11-25T00:00:00Z,EGLDUSD,7.92,7.97,7.61,7.97,10566.96968119
2025-11-26T00:00:00Z,EGLDUSD,7.92,8.05,7.67,7.96,3076.43847934
2025-11-27T00:00:00Z,EGLDUSD,8.00,8.19,7.81,7.87,3594.00142939
2025-11-28T00:00:00Z,EGLDUSD,7.85,7.89,7.47,7.48,4474.85136699
2025-11-29T00:00:00Z,EGLDUSD,7.49,8.80,7.07,7.14,18566.83814347
2025-11-30T00:00:00Z,EGLDUSD,7.14,7.26,6.94,7.08,6957.40929424
2025-12-01T00:00:00Z,EGLDUSD,7.00,7.00,6.59,6.80,10465.23263450
2025-12-02T00:00:00Z,EGLDUSD,6.82,7.55,6.76,7.47,12291.33327526
2025-12-03T00:00:00Z,EGLDUSD,7.45,7.70,7.40,7.59,5772.18636463
2025-12-04T00:00:00Z,EGLDUSD,7.59,7.60,7.13,7.18,4266.38905908
2025-12-05T00:00:00Z,EGLDUSD,7.18,10.00,7.18,8.47,48677.92367276
2025-12-06T00:00:00Z,EGLDUSD,8.50,8.58,7.92,7.97,9684.28393619
2025-12-07T00:00:00Z,EGLDUSD,7.92,8.05,7.61,7.89,3904.58600245
2025-12-08T00:00:00Z,EGLDUSD,7.83,8.18,7.80,7.99,4413.99004093
2025-12-09T00:00:00Z,EGLDUSD,7.97,8.47,7.92,8.17,5799.78413960
2025-12-10T00:00:00Z,EGLDUSD,8.18,8.18,7.74,7.82,10235.05809040
2025-12-11T00:00:00Z,EGLDUSD,7.75,7.75,7.53,7.59,3000.42502031
2025-12-12T00:00:00Z,EGLDUSD,7.56,7.63,7.21,7.39,4769.25657153
2025-12-13T00:00:00Z,EGLDUSD,7.40,7.58,7.40,7.46,4605.97447152
2025-12-14T00:00:00Z,EGLDUSD,7.47,7.51,7.05,7.05,1926.80915353
2025-12-15T00:00:00Z,EGLDUSD,7.14,7.28,6.73,6.88,3763.07283937
2025-12-16T00:00:00Z,EGLDUSD,6.82,7.00,6.75,6.92,4834.85552005
2025-12-17T00:00:00Z,EGLDUSD,6.91,6.98,6.42,6.42,7328.12687671
2025-12-18T00:00:00Z,EGLDUSD,6.43,6.62,6.16,6.37,8368.99252893
2025-12-19T00:00:00Z,EGLDUSD,6.32,6.70,6.27,6.61,4464.78726814
2025-12-20T00:00:00Z,EGLDUSD,6.65,6.73,6.58,6.66,3202.67922096
2025-12-21T00:00:00Z,EGLDUSD,6.70,6.76,6.34,6.43,3556.44980954
2025-12-22T00:00:00Z,EGLDUSD,6.49,6.53,6.26,6.32,9955.63101277
2025-12-23T00:00:00Z,EGLDUSD,6.34,6.42,6.18,6.31,8248.99670374
2025-12-24T00:00:00Z,EGLDUSD,6.33,6.92,6.13,6.30,6388.80073569
2025-12-25T00:00:00Z,EGLDUSD,6.31,6.38,6.12,6.13,4386.22235820
2025-12-26T00:00:00Z,EGLDUSD,6.13,6.26,6.05,6.15,12006.48959171
2025-12-27T00:00:00Z,EGLDUSD,6.15,6.35,6.15,6.35,3915.54141784
2025-12-28T00:00:00Z,EGLDUSD,6.30,6.43,6.07,6.12,7254.92165247
2025-12-29T00:00:00Z,EGLDUSD,6.13,6.23,5.73,5.84,15563.01889692
2025-12-30T00:00:00Z,EGLDUSD,5.82,5.82,5.57,5.64,5491.68194571
2025-12-31T00:00:00Z,EGLDUSD,5.69,5.78,5.46,5.53,8147.91053084
2026-01-01T00:00:00Z,EGLDUSD,5.55,5.92,5.39,5.92,6695.33579106
2026-01-02T00:00:00Z,EGLDUSD,5.93,6.06,5.78,6.06,6608.05687798
2026-01-03T00:00:00Z,EGLDUSD,6.05,6.21,6.04,6.21,2789.90652365
2026-01-04T00:00:00Z,EGLDUSD,6.23,6.30,6.17,6.22,2146.40179927
2026-01-05T00:00:00Z,EGLDUSD,6.33,6.55,6.10,6.53,5636.36203985
2026-01-06T00:00:00Z,EGLDUSD,6.55,6.78,6.32,6.65,4768.78519610
2026-01-07T00:00:00Z,EGLDUSD,6.53,6.62,6.19,6.24,6989.92030074
2026-01-08T00:00:00Z,EGLDUSD,6.22,6.29,5.89,5.95,6373.70945503
2026-01-09T00:00:00Z,EGLDUSD,5.96,8.35,5.87,6.25,10832.43554111
2026-01-10T00:00:00Z,EGLDUSD,6.26,6.97,6.26,6.44,18226.46497546
2026-01-11T00:00:00Z,EGLDUSD,6.44,6.56,6.18,6.20,5282.36255357
2026-01-12T00:00:00Z,EGLDUSD,6.16,6.27,5.91,5.94,2332.05560156
2026-01-13T00:00:00Z,EGLDUSD,5.94,6.40,5.94,6.33,2988.25448007
2026-01-14T00:00:00Z,EGLDUSD,6.42,6.42,6.20,6.21,3607.32028845
2026-01-15T00:00:00Z,EGLDUSD,6.22,6.24,5.95,6.03,6693.98460153
2026-01-16T00:00:00Z,EGLDUSD,6.01,6.15,5.94,6.13,2173.99707802
2026-01-17T00:00:00Z,EGLDUSD,6.18,6.85,6.18,6.64,7601.90420465
2026-01-18T00:00:00Z,EGLDUSD,6.82,7.51,6.44,6.44,14413.47393961
2026-01-19T00:00:00Z,EGLDUSD,6.40,6.40,6.00,6.18,9974.72019122
2026-01-20T00:00:00Z,EGLDUSD,6.21,6.51,5.82,5.86,10327.00769449
2026-01-21T00:00:00Z,EGLDUSD,6.01,6.10,5.83,6.00,7602.37004367
2026-01-22T00:00:00Z,EGLDUSD,6.04,6.11,5.83,5.90,8801.41004442
2026-01-23T00:00:00Z,EGLDUSD,6.01,6.07,5.89,5.93,2503.75885142
2026-01-24T00:00:00Z,EGLDUSD,5.96,5.96,5.85,5.91,2735.59836521
2026-01-25T00:00:00Z,EGLDUSD,5.86,5.93,5.50,5.60,4958.57993368
2026-01-26T00:00:00Z,EGLDUSD,5.59,5.82,5.59,5.77,2908.85894593
2026-01-27T00:00:00Z,EGLDUSD,5.79,5.85,5.62,5.80,3349.10145339
2026-01-28T00:00:00Z,EGLDUSD,5.79,5.81,5.65,5.76,4483.65227931
2026-01-29T00:00:00Z,EGLDUSD,5.73,5.73,5.23,5.33,5002.05063461
2026-01-30T00:00:00Z,EGLDUSD,5.30,5.30,5.06,5.19,4388.21113912
2026-01-31T00:00:00Z,EGLDUSD,5.20,5.20,4.28,4.68,14467.33513977
2026-02-01T00:00:00Z,EGLDUSD,4.74,4.99,4.61,4.64,6829.78839980
2026-02-02T00:00:00Z,EGLDUSD,4.64,4.86,4.52,4.80,4570.67596330
2026-02-03T00:00:00Z,EGLDUSD,4.80,5.07,4.57,4.89,6939.74654906
2026-02-04T00:00:00Z,EGLDUSD,4.89,5.04,4.61,4.72,12760.90180690
2026-02-05T00:00:00Z,EGLDUSD,4.70,4.72,3.99,4.12,27240.26666152
2026-02-06T00:00:00Z,EGLDUSD,4.01,5.19,3.70,4.55,16752.69212654
2026-02-07T00:00:00Z,EGLDUSD,4.50,5.04,4.40,5.04,5803.95819447
2026-02-08T00:00:00Z,EGLDUSD,5.07,5.07,4.58,4.60,8902.08721737
2026-02-09T00:00:00Z,EGLDUSD,4.63,4.71,4.49,4.59,2935.83442982
2026-02-10T00:00:00Z,EGLDUSD,4.59,4.59,4.42,4.51,3356.86390532
2026-02-11T00:00:00Z,EGLDUSD,4.51,4.66,4.39,4.58,7103.46218398
2026-02-12T00:00:00Z,EGLDUSD,4.58,4.90,4.54,4.66,3387.48222526
2026-02-13T00:00:00Z,EGLDUSD,4.67,5.20,4.58,5.20,9570.85436096
2026-02-14T00:00:00Z,EGLDUSD,5.19,5.35,5.02,5.28,8735.70103328
2026-02-15T00:00:00Z,EGLDUSD,5.22,5.35,4.86,4.87,9770.63290063
2026-02-16T00:00:00Z,EGLDUSD,4.90,4.92,4.72,4.83,4980.93494172
2026-02-17T00:00:00Z,EGLDUSD,4.82,4.93,4.62,4.67,3420.15194902
2026-02-18T00:00:00Z,EGLDUSD,4.69,4.70,4.47,4.49,5053.27565960
2026-02-19T00:00:00Z,EGLDUSD,4.49,4.53,4.36,4.52,3673.68196574
2026-02-20T00:00:00Z,EGLDUSD,4.52,4.64,4.44,4.58,2102.26636577
2026-02-21T00:00:00Z,EGLDUSD,4.61,4.70,4.57,4.57,1653.11728215
2026-02-22T00:00:00Z,EGLDUSD,4.50,4.50,4.38,4.45,1536.14896891
2026-02-23T00:00:00Z,EGLDUSD,4.45,4.45,4.23,4.32,5826.82495294
2026-02-24T00:00:00Z,EGLDUSD,4.34,4.34,4.17,4.28,3115.27788896
2026-02-25T00:00:00Z,EGLDUSD,4.33,4.78,4.33,4.59,3710.58194929
2026-02-26T00:00:00Z,EGLDUSD,4.61,4.62,4.39,4.47,3247.38380007
2026-02-27T00:00:00Z,EGLDUSD,4.46,4.70,4.39,4.43,2808.33942556
2026-02-28T00:00:00Z,EGLDUSD,4.43,4.53,4.17,4.53,1530.88706816
2026-03-01T00:00:00Z,EGLDUSD,4.50,4.64,4.29,4.34,4315.93606267
2026-03-02T00:00:00Z,EGLDUSD,4.44,4.58,4.34,4.42,3754.61671383
2026-03-03T00:00:00Z,EGLDUSD,4.35,4.35,4.12,4.21,7514.27761907
2026-03-04T00:00:00Z,EGLDUSD,4.19,4.47,4.13,4.27,10461.64549094
2026-03-05T00:00:00Z,EGLDUSD,4.26,4.27,4.10,4.15,9668.87624538
2026-03-06T00:00:00Z,EGLDUSD,4.18,4.22,4.02,4.12,5141.90795671
2026-03-07T00:00:00Z,EGLDUSD,4.13,4.32,4.05,4.07,5961.65620704
2026-03-08T00:00:00Z,EGLDUSD,4.05,4.16,4.03,4.06,4337.65401703
2026-03-09T00:00:00Z,EGLDUSD,4.14,4.23,4.12,4.18,3643.58242663
2026-03-10T00:00:00Z,EGLDUSD,4.20,4.25,4.13,4.13,1502.59989974
2026-03-11T00:00:00Z,EGLDUSD,4.12,4.20,4.05,4.19,2627.30152165
2026-03-12T00:00:00Z,EGLDUSD,4.19,4.19,4.07,4.16,2711.58382957
2026-03-13T00:00:00Z,EGLDUSD,4.14,4.29,4.14,4.19,3371.15387154
2026-03-14T00:00:00Z,EGLDUSD,4.13,4.13,4.06,4.09,2113.16378645
2026-03-15T00:00:00Z,EGLDUSD,4.12,4.37,4.11,4.32,6424.89801076
2026-03-16T00:00:00Z,EGLDUSD,4.31,4.47,4.28,4.46,2074.72554926
2026-03-17T00:00:00Z,EGLDUSD,4.44,4.46,4.33,4.36,10622.59894695
2026-03-18T00:00:00Z,EGLDUSD,4.33,4.41,4.09,4.14,3644.58957810
2026-03-19T00:00:00Z,EGLDUSD,4.11,4.12,3.99,4.08,4143.31070979
2026-03-20T00:00:00Z,EGLDUSD,4.08,4.29,4.08,4.16,3459.77022738
2026-03-21T00:00:00Z,EGLDUSD,4.13,4.16,3.96,3.96,2873.55132766
2026-03-22T00:00:00Z,EGLDUSD,3.98,4.00,3.87,3.91,3346.45725385
2026-03-23T00:00:00Z,EGLDUSD,3.91,4.13,3.88,4.11,5135.83400376
2026-03-24T00:00:00Z,EGLDUSD,4.12,4.12,4.00,4.06,2718.42292338
2026-03-25T00:00:00Z,EGLDUSD,4.07,4.09,4.01,4.03,1614.85405196
2026-03-26T00:00:00Z,EGLDUSD,4.03,4.03,3.86,3.89,3330.99485149
2026-03-27T00:00:00Z,EGLDUSD,3.94,4.05,3.81,3.83,13587.93644025
2026-03-28T00:00:00Z,EGLDUSD,3.78,3.87,3.76,3.84,1311.73691508
2026-03-29T00:00:00Z,EGLDUSD,3.79,3.81,3.66,3.71,3284.45707141
2026-03-30T00:00:00Z,EGLDUSD,3.76,3.86,3.70,3.71,2084.58400909
2026-03-31T00:00:00Z,EGLDUSD,3.71,3.81,3.70,3.80,10102.82303927
2026-04-01T00:00:00Z,EGLDUSD,3.84,3.92,3.78,3.83,7820.72801666
2026-04-02T00:00:00Z,EGLDUSD,3.84,3.84,3.62,3.68,3533.99565816
2026-04-03T00:00:00Z,EGLDUSD,3.70,3.88,3.70,3.76,6692.53007720
2026-04-04T00:00:00Z,EGLDUSD,3.76,3.80,3.74,3.78,2036.53570026
2026-04-05T00:00:00Z,EGLDUSD,3.76,3.77,3.67,3.69,1745.63046196
2026-04-06T00:00:00Z,EGLDUSD,3.76,3.83,3.69,3.72,2998.42437396
2026-04-07T00:00:00Z,EGLDUSD,3.71,3.90,3.61,3.90,4320.21280195
2026-04-08T00:00:00Z,EGLDUSD,3.90,3.91,3.79,3.85,7489.08335336
2026-04-09T00:00:00Z,EGLDUSD,3.79,3.91,3.75,3.87,5394.86244127
2026-04-10T00:00:00Z,EGLDUSD,3.89,4.35,3.83,3.91,7481.12514118
2026-04-11T00:00:00Z,EGLDUSD,3.89,3.91,3.82,3.88,5734.43976502
2026-04-12T00:00:00Z,EGLDUSD,3.85,3.87,3.69,3.70,4697.60887614
2026-04-13T00:00:00Z,EGLDUSD,3.71,3.92,3.68,3.92,3680.75260818
2026-04-14T00:00:00Z,EGLDUSD,3.86,3.88,3.72,3.74,3052.76629815
2026-04-15T00:00:00Z,EGLDUSD,3.77,4.06,3.74,4.02,10065.58640793
2026-04-16T00:00:00Z,EGLDUSD,4.07,4.31,4.05,4.27,17036.67474558
2026-04-17T00:00:00Z,EGLDUSD,4.28,4.61,4.16,4.48,5205.58140162
2026-04-18T00:00:00Z,EGLDUSD,4.52,4.52,4.20,4.25,3061.84154327
2026-04-19T00:00:00Z,EGLDUSD,4.17,4.19,4.02,4.02,2832.90796512
2026-04-20T00:00:00Z,EGLDUSD,4.05,4.27,3.97,4.16,4050.46351734
2026-04-21T00:00:00Z,EGLDUSD,4.17,4.31,4.07,4.14,3010.44027934
2026-04-22T00:00:00Z,EGLDUSD,4.16,4.31,4.14,4.24,1369.13319764
2026-04-23T00:00:00Z,EGLDUSD,4.17,4.21,4.11,4.19,5005.95902843
2026-04-24T00:00:00Z,EGLDUSD,4.21,4.33,4.16,4.26,2077.68572098
2026-04-25T00:00:00Z,EGLDUSD,4.27,4.48,4.27,4.37,7030.53322251
2026-04-26T00:00:00Z,EGLDUSD,4.33,4.52,4.32,4.44,3828.28415228
2026-04-27T00:00:00Z,EGLDUSD,4.40,4.46,4.17,4.23,2435.42163103
2026-04-28T00:00:00Z,EGLDUSD,4.21,4.26,4.18,4.22,1631.96069053
2026-04-29T00:00:00Z,EGLDUSD,4.23,4.30,4.04,4.12,3456.28727692
2026-04-30T00:00:00Z,EGLDUSD,4.12,4.12,4.04,4.08,1775.31851371
2026-05-01T00:00:00Z,EGLDUSD,4.10,4.14,4.06,4.10,1919.95022342
2026-05-02T00:00:00Z,EGLDUSD,4.10,4.15,4.05,4.11,2303.04908034
2026-05-03T00:00:00Z,EGLDUSD,4.08,4.09,4.05,4.07,1344.36963240
2026-05-04T00:00:00Z,EGLDUSD,4.05,4.14,4.02,4.06,3405.53690195
2026-05-05T00:00:00Z,EGLDUSD,4.10,4.21,4.10,4.18,3761.46404884
2026-05-06T00:00:00Z,EGLDUSD,4.19,4.39,4.19,4.32,3679.43327091
2026-05-07T00:00:00Z,EGLDUSD,4.32,4.38,4.21,4.32,9233.37587020
2026-05-08T00:00:00Z,EGLDUSD,4.33,4.67,4.29,4.60,8599.81842397
2026-05-09T00:00:00Z,EGLDUSD,4.63,4.68,4.52,4.56,10844.74546376
2026-05-10T00:00:00Z,EGLDUSD,4.58,4.88,4.52,4.75,8279.90072376
2026-05-11T00:00:00Z,EGLDUSD,4.77,4.85,4.65,4.83,5999.40658885
2026-05-12T00:00:00Z,EGLDUSD,4.81,4.81,4.58,4.63,2496.74365850
2026-05-13T00:00:00Z,EGLDUSD,4.68,4.78,4.40,4.44,10852.86830863
2026-05-14T00:00:00Z,EGLDUSD,4.43,4.51,4.36,4.47,5439.41655014
2026-05-15T00:00:00Z,EGLDUSD,4.44,4.44,4.15,4.19,3534.38147089
2026-05-16T00:00:00Z,EGLDUSD,4.15,4.18,3.98,4.02,4008.55886656
2026-05-17T00:00:00Z,EGLDUSD,4.01,4.02,3.84,3.84,5402.52829783
2026-05-18T00:00:00Z,EGLDUSD,3.87,4.05,3.85,3.96,9356.16837752
2026-05-19T00:00:00Z,EGLDUSD,3.96,3.96,3.85,3.85,2752.10839477
2026-05-20T00:00:00Z,EGLDUSD,3.85,3.98,3.85,3.96,5113.68473542
2026-05-21T00:00:00Z,EGLDUSD,3.96,4.03,3.92,4.02,8861.10509748
2026-05-22T00:00:00Z,EGLDUSD,4.01,4.15,3.89,3.89,4908.98676730
2026-05-23T00:00:00Z,EGLDUSD,3.87,4.10,3.80,4.04,6237.32373096
2026-05-24T00:00:00Z,EGLDUSD,4.05,4.05,3.86,3.90,2266.99418619
2026-05-25T00:00:00Z,EGLDUSD,3.92,4.00,3.91,3.95,2759.08070617
2026-05-26T00:00:00Z,EGLDUSD,3.91,3.95,3.78,3.78,3942.87008286
2026-05-27T00:00:00Z,EGLDUSD,3.79,3.86,3.68,3.71,11468.06902031
2026-05-28T00:00:00Z,EGLDUSD,3.71,3.79,3.49,3.59,14429.01957842
2026-05-29T00:00:00Z,EGLDUSD,3.60,3.62,3.46,3.57,10814.85706638
2026-05-30T00:00:00Z,EGLDUSD,3.57,3.64,3.56,3.56,3410.87946603
2026-05-31T00:00:00Z,EGLDUSD,3.57,3.61,3.50,3.57,3222.72469256
2026-06-01T00:00:00Z,EGLDUSD,3.57,3.64,3.48,3.62,4602.05123545
2026-06-02T00:00:00Z,EGLDUSD,3.61,3.61,3.29,3.32,9905.71145714
2026-06-03T00:00:00Z,EGLDUSD,3.32,3.48,3.30,3.36,9970.83392863
2026-06-04T00:00:00Z,EGLDUSD,3.36,3.36,3.03,3.10,10861.45418072
2026-06-05T00:00:00Z,EGLDUSD,3.09,3.09,2.75,2.86,17929.60673978
2026-06-06T00:00:00Z,EGLDUSD,2.87,3.27,2.71,2.90,13102.70600064
2026-06-07T00:00:00Z,EGLDUSD,2.91,3.04,2.88,2.97,4032.96405756
2026-06-08T00:00:00Z,EGLDUSD,2.98,3.03,2.92,2.98,3834.96923130
2026-06-09T00:00:00Z,EGLDUSD,2.96,2.96,2.85,2.92,13372.78274048
2026-06-10T00:00:00Z,EGLDUSD,2.92,2.93,2.77,2.81,6047.11035048
2026-06-11T00:00:00Z,EGLDUSD,2.82,2.93,2.82,2.88,10479.33362447
2026-06-12T00:00:00Z,EGLDUSD,2.89,2.92,2.83,2.86,8233.44997699
2026-06-13T00:00:00Z,EGLDUSD,2.88,2.96,2.86,2.92,9576.18926662
2026-06-14T00:00:00Z,EGLDUSD,2.91,2.97,2.85,2.96,2136.90478666
2026-06-15T00:00:00Z,EGLDUSD,2.97,3.15,2.95,3.04,5814.85181494
2026-06-16T00:00:00Z,EGLDUSD,3.06,3.08,2.96,3.01,6279.36672276
2026-06-17T00:00:00Z,EGLDUSD,3.04,3.07,2.93,2.95,7203.91116931
2026-06-18T00:00:00Z,EGLDUSD,2.96,2.96,2.79,2.87,7789.68814356
2026-06-19T00:00:00Z,EGLDUSD,2.89,2.90,2.83,2.86,2781.15237261
2026-06-20T00:00:00Z,EGLDUSD,2.88,2.91,2.82,2.91,6048.12743439
2026-06-21T00:00:00Z,EGLDUSD,2.89,2.89,2.80,2.81,4137.93530217
2026-06-22T00:00:00Z,EGLDUSD,2.81,2.89,2.76,2.76,4634.32136185
2026-06-23T00:00:00Z,EGLDUSD,2.79,2.80,2.65,2.69,7059.33739755
2026-06-24T00:00:00Z,EGLDUSD,2.67,2.71,2.50,2.64,6385.22356273
2026-06-25T00:00:00Z,EGLDUSD,2.64,2.65,2.42,2.50,5903.87987480
2026-06-26T00:00:00Z,EGLDUSD,2.50,3.01,2.43,2.56,8939.02325382
2026-06-27T00:00:00Z,EGLDUSD,2.57,2.63,2.51,2.51,2935.09517572
2026-06-28T00:00:00Z,EGLDUSD,2.51,2.56,2.49,2.50,4706.89802387
2026-06-29T00:00:00Z,EGLDUSD,2.51,2.71,2.51,2.64,4286.93367287
2026-06-30T00:00:00Z,EGLDUSD,2.61,2.64,2.48,2.52,5803.07490322
2026-07-01T00:00:00Z,EGLDUSD,2.50,2.64,2.46,2.59,5498.47775463
2026-07-02T00:00:00Z,EGLDUSD,2.62,2.71,2.60,2.65,1988.95792814
2026-07-03T00:00:00Z,EGLDUSD,2.65,2.76,2.65,2.73,7717.16205255
2026-07-04T00:00:00Z,EGLDUSD,2.74,2.82,2.66,2.76,4028.57488691
2026-07-05T00:00:00Z,EGLDUSD,2.69,2.72,2.65,2.70,2651.05901078
2026-07-06T00:00:00Z,EGLDUSD,2.70,2.90,2.64,2.86,5268.19389417
2026-07-07T00:00:00Z,EGLDUSD,2.89,2.90,2.75,2.76,3935.12821450
2026-07-08T00:00:00Z,EGLDUSD,2.73,2.82,2.66,2.77,4187.10544794
2026-07-09T00:00:00Z,EGLDUSD,2.81,3.21,2.81,2.90,41471.05367842
2026-07-10T00:00:00Z,EGLDUSD,2.89,2.96,2.83,2.86,6848.78044675
2026-07-11T00:00:00Z,EGLDUSD,2.85,2.92,2.80,2.91,7451.59082886
2026-07-12T00:00:00Z,EGLDUSD,2.93,3.11,2.92,3.03,8931.80403151
2026-07-13T00:00:00Z,EGLDUSD,3.06,3.18,3.03,3.10,9374.76804071
2026-07-14T00:00:00Z,EGLDUSD,3.17,3.92,3.17,3.42,37035.01632832
2026-07-15T00:00:00Z,EGLDUSD,3.40,3.40,3.14,3.17,12809.18368946
2026-07-16T00:00:00Z,EGLDUSD,3.19,3.32,3.07,3.15,3986.07904575
2026-07-17T00:00:00Z,EGLDUSD,3.13,3.29,3.01,3.28,3808.03395674
2026-07-18T00:00:00Z,EGLDUSD,3.26,3.30,3.20,3.23,1827.59011720
2026-07-19T00:00:00Z,EGLDUSD,3.24,3.43,3.14,3.16,3802.85412606
2026-07-20T00:00:00Z,EGLDUSD,3.16,3.22,3.09,3.14,2940.71991319
2026-07-21T00:00:00Z,EGLDUSD,3.15,3.35,3.11,3.15,4712.00784628
2026-07-22T00:00:00Z,EGLDUSD,3.14,3.24,3.11,3.11,2417.96997399
2026-07-23T00:00:00Z,EGLDUSD,3.11,3.11,2.95,2.97,3630.53901424
2026-07-24T00:00:00Z,EGLDUSD,2.96,2.96,2.85,2.90,4108.63599494
2026-07-25T00:00:00Z,EGLDUSD,2.93,2.93,2.80,2.86,4278.78097054
2026-07-26T00:00:00Z,EGLDUSD,2.84,2.91,2.81,2.86,3258.55064740
2026-07-27T00:00:00Z,EGLDUSD,2.84,2.85,2.60,2.75,5616.04451199
2026-07-28T00:00:00Z,EGLDUSD,2.80,2.81,2.72,2.73,2829.21744614
2026-07-29T00:00:00Z,EGLDUSD,2.74,2.82,2.69,2.74,3193.30375836
2026-07-30T00:00:00Z,EGLDUSD,2.73,2.76,2.71,2.73,3550.10737708
2026-07-31T00:00:00Z,EGLDUSD,2.70,2.72,2.64,2.66,5888.09857229
2026-08-01T00:00:00Z,EGLDUSD,2.66,2.74,2.65,2.67,5432.56746720
2026-08-02T00:00:00Z,EGLDUSD,2.67,2.71,2.67,2.68,2447.77894910
2026-08-03T00:00:00Z,EGLDUSD,2.67,2.74,2.61,2.72,4829.78255148
2026-08-04T00:00:00Z,EGLDUSD,2.69,2.86,2.69,2.74,5552.25612605
2026-08-05T00:00:00Z,EGLDUSD,2.79,2.83,2.78,2.82,3681.55595208
2026-08-06T00:00:00Z,EGLDUSD,2.82,2.83,2.77,2.80,872.08080512
2026-08-07T00:00:00Z,EGLDUSD,2.81,2.81,2.59,2.67,11338.45420073
2026-08-08T00:00:00Z,EGLDUSD,2.68,2.70,2.66,2.69,2437.78339377
2026-08-09T00:00:00Z,EGLDUSD,2.71,2.72,2.67,2.67,7869.52457472
2026-08-10T00:00:00Z,EGLDUSD,2.68,2.79,2.67,2.76,3267.97918471
2026-08-11T00:00:00Z,EGLDUSD,2.77,2.81,2.65,2.67,4286.92640307
2026-08-12T00:00:00Z,EGLDUSD,2.69,2.72,2.60,2.63,6982.02515211
2026-08-13T00:00:00Z,EGLDUSD,2.63,2.67,2.48,2.60,5412.85645837
2026-08-14T00:00:00Z,EGLDUSD,2.62,2.65,2.56,2.65,5657.19717857
2026-08-15T00:00:00Z,EGLDUSD,2.67,2.70,2.63,2.63,2383.23788299
2026-08-16T00:00:00Z,EGLDUSD,2.63,2.67,2.60,2.61,2573.75182251
2026-08-17T00:00:00Z,EGLDUSD,2.61,2.77,2.61,2.73,2517.14575617
2026-08-18T00:00:00Z,EGLDUSD,2.74,2.81,2.72,2.73,4694.13089937
2026-08-19T00:00:00Z,EGLDUSD,2.75,2.88,2.72,2.83,6517.44448016
2026-08-20T00:00:00Z,EGLDUSD,2.86,2.98,2.83,2.97,9705.69148352
2026-08-21T00:00:00Z,EGLDUSD,2.97,3.32,2.97,3.29,13012.72919004
2026-08-22T00:00:00Z,EGLDUSD,3.26,3.48,3.14,3.32,12875.22258268
2026-08-23T00:00:00Z,EGLDUSD,3.29,3.62,3.17,3.55,26685.61661745
2026-08-24T00:00:00Z,EGLDUSD,3.57,3.70,3.42,3.52,14464.57548989
2026-08-25T00:00:00Z,EGLDUSD,3.53,3.61,3.35,3.39,10694.20375842
2026-08-26T00:00:00Z,EGLDUSD,3.40,3.49,3.33,3.42,7539.53377723
2026-08-27T00:00:00Z,EGLDUSD,3.46,3.68,3.38,3.51,26447.93781600
2026-08-28T00:00:00Z,EGLDUSD,3.52,3.57,3.36,3.50,7559.74220433
2026-08-29T00:00:00Z,EGLDUSD,3.51,3.63,3.46,3.62,4205.29955224
2026-08-30T00:00:00Z,EGLDUSD,3.63,4.77,3.63,3.76,34171.20968616
2026-08-31T00:00:00Z,EGLDUSD,3.76,3.99,3.74,3.89,8494.14925576
2026-09-01T00:00:00Z,EGLDUSD,3.88,4.04,3.85,4.02,11359.58328551
2026-09-02T00:00:00Z,EGLDUSD,4.01,5.49,4.00,5.26,101744.36353060
2026-09-03T00:00:00Z,EGLDUSD,5.29,5.44,4.64,4.72,73538.65663163
2026-09-04T00:00:00Z,EGLDUSD,4.72,5.00,4.42,4.74,27092.08463485
2026-09-05T00:00:00Z,EGLDUSD,4.73,4.81,4.51,4.59,12946.95263391
2026-09-06T00:00:00Z,EGLDUSD,4.58,4.81,4.44,4.52,24292.63142155
2026-09-07T00:00:00Z,EGLDUSD,4.49,4.73,4.33,4.71,14274.39043443
2026-09-08T00:00:00Z,EGLDUSD,4.73,5.10,4.59,5.06,15570.05655179
2026-09-09T00:00:00Z,EGLDUSD,5.07,5.27,4.81,5.17,37211.11266216
2026-09-10T00:00:00Z,EGLDUSD,5.18,5.72,4.78,4.81,65060.88913096
2026-09-11T00:00:00Z,EGLDUSD,4.79,4.88,4.39,4.62,36319.38382375
2026-09-12T00:00:00Z,EGLDUSD,4.62,4.62,4.33,4.33,12947.60673528
2026-09-13T00:00:00Z,EGLDUSD,4.36,4.39,4.10,4.11,34839.76960970
2026-09-14T00:00:00Z,EGLDUSD,4.13,4.24,4.09,4.12,4692.96140967
2026-09-15T00:00:00Z,EGLDUSD,4.10,4.20,3.77,3.79,14825.55400910
2026-09-16T00:00:00Z,EGLDUSD,3.78,3.84,3.71,3.78,11792.73536616
2026-09-17T00:00:00Z,EGLDUSD,3.81,3.98,3.79,3.92,7956.83963626
2026-09-18T00:00:00Z,EGLDUSD,3.94,4.25,3.94,4.16,11564.83608101
2026-09-19T00:00:00Z,EGLDUSD,4.13,4.18,3.99,4.15,8241.29742516
2026-09-20T00:00:00Z,EGLDUSD,4.15,4.15,4.15,4.15,0.00000000
2026-09-21T00:00:00Z,EGLDUSD,4.15,4.15,4.15,4.15,0.00000000
2026-09-22T00:00:00Z,EGLDUSD,4.15,4.15,4.15,4.15,0.00000000
2026-09-23T00:00:00Z,EGLDUSD,4.15,4.15,4.15,4.15,0.00000000
2026-09-24T00:00:00Z,EGLDUSD,4.15,4.15,4.15,4.15,0.00000000
2026-09-25T00:00:00Z,EGLDUSD,4.15,4.15,4.15,4.15,0.00000000
2026-09-26T00:00:00Z,EGLDUSD,4.15,4.15,4.15,4.15,0.00000000
2026-09-27T00:00:00Z,EGLDUSD,4.15,4.15,4.15,4.15,0.00000000
2026-09-28T00:00:00Z,EGLDUSD,4.15,4.15,4.15,4.15,0.00000000
2026-09-29T00:00:00Z,EGLDUSD,4.15,4.15,4.15,4.15,0.00000000
2026-09-30T00:00:00Z,EGLDUSD,4.15,4.15,4.15,4.15,0.00000000
