timestamp,symbol,open,high,low,close,volume
2021-05-20T00:00:00Z,ENJUSD,1.75,2.0,1.399,1.56,72138.99317278014
2021-05-21T00:00:00Z,ENJUSD,1.56,1.75,1.055,1.258,83497.68094829006
2021-05-22T00:00:00Z,ENJUSD,1.333,1.382,1.143,1.177,58100.84894820997
2021-05-23T00:00:00Z,ENJUSD,1.357,1.357,0.75,1.133,7080.754925590001
2021-05-24T00:00:00Z,ENJUSD,1.098,1.319,0.962,1.238,39924.83118161007
2021-05-25T00:00:00Z,ENJUSD,1.3,1.308,1.1,1.222,15588.993359380003
2021-05-26T00:00:00Z,ENJUSD,1.23,2.057,1.23,1.912,107425.61445857992
2021-05-27T00:00:00Z,ENJUSD,1.947,2.755,1.665,1.727,94271.04232000992
2021-05-28T00:00:00Z,ENJUSD,1.744,1.744,1.339,1.422,55609.278657720075
2021-05-29T00:00:00Z,ENJUSD,1.439,1.478,1.25,1.321,325847.4652900902
2021-05-30T00:00:00Z,ENJUSD,1.323,2.323,1.267,1.527,147933.15096501002
2021-05-31T00:00:00Z,ENJUSD,1.549,1.724,1.435,1.628,75935.74193201998
2021-06-01T00:00:00Z,ENJUSD,1.621,1.694,1.547,1.56,91958.95417879999
2021-06-02T00:00:00Z,ENJUSD,1.55,1.646,1.532,1.591,70600.80932476
2021-06-03T00:00:00Z,ENJUSD,1.559,1.687,1.534,1.627,34586.155302200015
2021-06-04T00:00:00Z,ENJUSD,1.675,1.702,1.429,1.489,65653.9707753
2021-06-05T00:00:00Z,ENJUSD,1.543,1.599,1.408,1.449,51194.33262350002
2021-06-06T00:00:00Z,ENJUSD,1.474,1.513,1.458,1.491,15591.89881124
2021-06-07T00:00:00Z,ENJUSD,1.47,1.51,1.35,1.355,40955.814104580015
2021-06-08T00:00:00Z,ENJUSD,1.325,1.339,1.166,1.327,17889.4626374
2021-06-09T00:00:00Z,ENJUSD,1.27,1.353,1.259,1.353,28184.399207860006
2021-06-10T00:00:00Z,ENJUSD,1.35,1.35,1.28,1.291,21352.21021907
2021-06-11T00:00:00Z,ENJUSD,1.3,1.55,1.269,1.298,46817.06625532997
2021-06-12T00:00:00Z,ENJUSD,1.263,1.6,1.171,1.257,38977.59621457998
2021-06-13T00:00:00Z,ENJUSD,1.213,1.323,1.205,1.303,16722.758078890005
2021-06-14T00:00:00Z,ENJUSD,1.306,1.48,1.284,1.422,29944.546429780006
2021-06-15T00:00:00Z,ENJUSD,1.436,1.478,1.376,1.395,4543.057344429999
2021-06-16T00:00:00Z,ENJUSD,1.379,1.54,1.36,1.439,19743.723309070003
2021-06-17T00:00:00Z,ENJUSD,1.433,1.486,1.384,1.392,22074.751333239998
2021-06-18T00:00:00Z,ENJUSD,1.379,1.379,1.23,1.265,24071.88664853999
2021-06-19T00:00:00Z,ENJUSD,1.29,1.29,1.241,1.275,35649.934448809996
2021-06-20T00:00:00Z,ENJUSD,1.236,1.269,1.139,1.242,12154.53615174
2021-06-21T00:00:00Z,ENJUSD,1.14,1.147,0.95,0.95,62517.16757511
2021-06-22T00:00:00Z,ENJUSD,0.93,1.012,0.77,0.9,80094.25876407001
2021-06-23T00:00:00Z,ENJUSD,1.008,1.075,0.973,1.049,21722.5542291
2021-06-24T00:00:00Z,ENJUSD,1.049,1.079,0.975,1.07,12899.671368470003
2021-06-25T00:00:00Z,ENJUSD,1.041,1.109,0.937,0.956,13909.068387389996
2021-06-26T00:00:00Z,ENJUSD,0.966,0.972,0.904,0.934,19539.387675869995
2021-06-27T00:00:00Z,ENJUSD,0.972,0.985,0.937,0.985,18737.217674589996
2021-06-28T00:00:00Z,ENJUSD,0.996,1.025,0.981,1.025,11131.730158649998
2021-06-29T00:00:00Z,ENJUSD,1.051,1.127,1.051,1.078,69365.06134012001
2021-06-30T00:00:00Z,ENJUSD,1.114,1.148,1.04,1.148,26555.970834140004
2021-07-01T00:00:00Z,ENJUSD,1.181,1.239,1.091,1.144,17346.30431636
2021-07-02T00:00:00Z,ENJUSD,1.095,1.127,1.057,1.127,5270.111768130001
2021-07-03T00:00:00Z,ENJUSD,1.099,1.185,1.096,1.129,7037.8133754599985
2021-07-04T00:00:00Z,ENJUSD,1.137,1.213,1.121,1.171,4527.268246550002
2021-07-05T00:00:00Z,ENJUSD,1.167,1.167,1.1,1.1,10452.58435771
2021-07-06T00:00:00Z,ENJUSD,1.179,1.207,1.149,1.178,16994.556122010003
2021-07-07T00:00:00Z,ENJUSD,1.236,1.412,1.208,1.412,31680.34844848999
2021-07-08T00:00:00Z,ENJUSD,1.41,1.499,1.181,1.213,55759.26796301002
2021-07-09T00:00:00Z,ENJUSD,1.198,1.312,1.15,1.283,17799.910100740017
2021-07-10T00:00:00Z,ENJUSD,1.3,1.371,1.25,1.29,77142.54931378002
2021-07-11T00:00:00Z,ENJUSD,1.282,1.408,1.282,1.366,75304.08279060003
2021-07-12T00:00:00Z,ENJUSD,1.368,1.378,1.262,1.308,39176.16305921003
2021-07-13T00:00:00Z,ENJUSD,1.295,1.316,1.193,1.217,20534.687427469995
2021-07-14T00:00:00Z,ENJUSD,1.219,1.34,1.132,1.329,29565.343800870007
2021-07-15T00:00:00Z,ENJUSD,1.297,1.466,1.203,1.239,561714.4817907505
2021-07-16T00:00:00Z,ENJUSD,1.257,1.302,1.174,1.179,247235.8902760001
2021-07-17T00:00:00Z,ENJUSD,1.17,1.221,1.157,1.18,295430.6112052299
2021-07-18T00:00:00Z,ENJUSD,1.2,1.249,1.169,1.172,77240.54830078006
2021-07-19T00:00:00Z,ENJUSD,1.189,1.189,1.061,1.075,82695.83067199994
2021-07-20T00:00:00Z,ENJUSD,1.071,1.085,0.931,1.0,337115.89068919
2021-07-21T00:00:00Z,ENJUSD,0.991,1.13,0.96,1.088,441061.32830732025
2021-07-22T00:00:00Z,ENJUSD,1.096,1.141,1.071,1.115,146485.57930072988
2021-07-23T00:00:00Z,ENJUSD,1.121,1.243,1.104,1.243,171854.59899582
2021-07-24T00:00:00Z,ENJUSD,1.243,1.361,1.227,1.304,455878.5669814621
2021-07-25T00:00:00Z,ENJUSD,1.313,1.382,1.236,1.37,223116.12347035986
2021-07-26T00:00:00Z,ENJUSD,1.366,1.447,1.271,1.29,178128.69264568965
2021-07-27T00:00:00Z,ENJUSD,1.285,1.39,1.222,1.346,305154.8272373302
2021-07-28T00:00:00Z,ENJUSD,1.347,1.379,1.296,1.333,104852.93397749992
2021-07-29T00:00:00Z,ENJUSD,1.327,1.5,1.31,1.394,430898.4356858702
2021-07-30T00:00:00Z,ENJUSD,1.396,1.442,1.329,1.44,282389.2206366503
2021-07-31T00:00:00Z,ENJUSD,1.443,1.469,1.408,1.441,151229.07375536006
2021-08-01T00:00:00Z,ENJUSD,1.44,1.483,1.364,1.379,277088.1514144301
2021-08-02T00:00:00Z,ENJUSD,1.371,1.421,1.343,1.386,202557.04819301004
2021-08-03T00:00:00Z,ENJUSD,1.385,1.412,1.325,1.35,128316.53235705999
2021-08-04T00:00:00Z,ENJUSD,1.352,1.418,1.338,1.407,115836.59521073998
2021-08-05T00:00:00Z,ENJUSD,1.409,1.412,1.343,1.41,277880.9074801202
2021-08-06T00:00:00Z,ENJUSD,1.401,1.458,1.385,1.44,161974.5730394698
2021-08-07T00:00:00Z,ENJUSD,1.45,1.538,1.426,1.488,247083.20555090977
2021-08-08T00:00:00Z,ENJUSD,1.493,1.536,1.387,1.409,427894.0595076206
2021-08-09T00:00:00Z,ENJUSD,1.416,1.606,1.361,1.536,494644.26775885915
2021-08-10T00:00:00Z,ENJUSD,1.534,1.64,1.51,1.621,308884.03590011003
2021-08-11T00:00:00Z,ENJUSD,1.614,1.7,1.587,1.623,461796.6063424301
2021-08-12T00:00:00Z,ENJUSD,1.621,1.664,1.486,1.566,421447.74149765936
2021-08-13T00:00:00Z,ENJUSD,1.566,1.684,1.551,1.679,612967.1783355988
2021-08-14T00:00:00Z,ENJUSD,1.668,1.723,1.617,1.678,309960.78035303
2021-08-15T00:00:00Z,ENJUSD,1.685,1.688,1.587,1.668,127717.40588995007
2021-08-16T00:00:00Z,ENJUSD,1.66,1.756,1.608,1.626,349887.89408881956
2021-08-17T00:00:00Z,ENJUSD,1.624,1.705,1.516,1.535,312034.93048393
2021-08-18T00:00:00Z,ENJUSD,1.545,1.572,1.448,1.526,397408.3482501997
2021-08-19T00:00:00Z,ENJUSD,1.526,1.587,1.467,1.582,470764.13358536054
2021-08-20T00:00:00Z,ENJUSD,1.584,1.672,1.567,1.672,499021.45049572055
2021-08-21T00:00:00Z,ENJUSD,1.669,1.96,1.661,1.836,805777.7269410499
2021-08-22T00:00:00Z,ENJUSD,1.852,1.948,1.729,1.842,454062.97764859063
2021-08-23T00:00:00Z,ENJUSD,1.85,2.25,1.81,2.185,1351962.0446588593
2021-08-24T00:00:00Z,ENJUSD,2.183,2.183,1.863,1.894,836077.7299304495
2021-08-25T00:00:00Z,ENJUSD,1.887,2.25,1.776,2.073,1647838.7283692635
2021-08-26T00:00:00Z,ENJUSD,2.079,2.08,1.827,1.851,633217.3294966905
2021-08-27T00:00:00Z,ENJUSD,1.847,2.035,1.794,1.999,342661.50157550984
2021-08-28T00:00:00Z,ENJUSD,2.001,2.075,1.957,2.053,278214.94748533994
2021-08-29T00:00:00Z,ENJUSD,2.057,2.22,1.937,2.184,651399.5588112803
2021-08-30T00:00:00Z,ENJUSD,2.185,2.319,2.056,2.068,881178.3311300613
2021-08-31T00:00:00Z,ENJUSD,2.073,2.138,1.981,2.022,614655.9093437695
2021-09-01T00:00:00Z,ENJUSD,2.024,2.088,1.955,2.082,644717.3860090195
2021-09-02T00:00:00Z,ENJUSD,2.079,2.123,2.031,2.059,220410.6512466899
2021-09-03T00:00:00Z,ENJUSD,2.044,2.103,1.995,2.07,227462.69145585006
2021-09-04T00:00:00Z,ENJUSD,2.059,2.135,2.045,2.085,302199.64158648
2021-09-05T00:00:00Z,ENJUSD,2.095,2.2,2.064,2.195,225511.29025936028
2021-09-06T00:00:00Z,ENJUSD,2.191,2.27,2.098,2.18,294413.8254484705
2021-09-07T00:00:00Z,ENJUSD,2.176,2.184,1.46,1.752,1256798.9634235196
2021-09-08T00:00:00Z,ENJUSD,1.748,1.796,1.529,1.727,342199.0661781404
2021-09-09T00:00:00Z,ENJUSD,1.719,1.84,1.689,1.791,382512.16385133006
2021-09-10T00:00:00Z,ENJUSD,1.786,1.861,1.603,1.647,370673.2114468107
2021-09-11T00:00:00Z,ENJUSD,1.653,1.736,1.634,1.676,283433.25798109
2021-09-12T00:00:00Z,ENJUSD,1.676,1.758,1.64,1.709,85827.66612203003
2021-09-13T00:00:00Z,ENJUSD,1.716,1.718,1.507,1.632,296489.22456213995
2021-09-14T00:00:00Z,ENJUSD,1.623,1.68,1.604,1.676,97315.58214226994
2021-09-15T00:00:00Z,ENJUSD,1.687,1.764,1.665,1.752,251728.8785054899
2021-09-16T00:00:00Z,ENJUSD,1.762,1.772,1.645,1.686,240227.07806554975
2021-09-17T00:00:00Z,ENJUSD,1.678,1.691,1.603,1.62,95578.62827510996
2021-09-18T00:00:00Z,ENJUSD,1.636,1.688,1.61,1.643,86377.64540170996
2021-09-19T00:00:00Z,ENJUSD,1.643,1.643,1.552,1.562,68089.05496721002
2021-09-20T00:00:00Z,ENJUSD,1.574,1.574,1.3,1.333,313813.6895674497
2021-09-21T00:00:00Z,ENJUSD,1.336,1.396,1.189,1.22,305546.57017993997
2021-09-22T00:00:00Z,ENJUSD,1.223,1.42,1.197,1.415,246380.1535504899
2021-09-23T00:00:00Z,ENJUSD,1.41,1.486,1.378,1.474,123154.41417820001
2021-09-24T00:00:00Z,ENJUSD,1.485,1.486,1.252,1.339,289585.75348041
2021-09-25T00:00:00Z,ENJUSD,1.345,1.371,1.287,1.335,95740.13017131003
2021-09-26T00:00:00Z,ENJUSD,1.336,1.4,1.257,1.324,116664.76132675006
2021-09-27T00:00:00Z,ENJUSD,1.324,1.374,1.262,1.27,372313.46404733
2021-09-28T00:00:00Z,ENJUSD,1.267,1.283,1.2,1.2,104392.84883257
2021-09-29T00:00:00Z,ENJUSD,1.202,1.266,1.194,1.217,42652.443954269984
2021-09-30T00:00:00Z,ENJUSD,1.224,1.331,1.224,1.309,76817.99212139999
2021-10-01T00:00:00Z,ENJUSD,1.314,1.536,1.297,1.52,383508.20035800996
2021-10-02T00:00:00Z,ENJUSD,1.525,1.576,1.493,1.51,317729.3451790401
2021-10-03T00:00:00Z,ENJUSD,1.513,1.747,1.479,1.549,548855.5856943995
2021-10-04T00:00:00Z,ENJUSD,1.56,1.7,1.526,1.569,347267.53764552996
2021-10-05T00:00:00Z,ENJUSD,1.556,1.79,1.553,1.691,681338.3438453999
2021-10-06T00:00:00Z,ENJUSD,1.702,1.751,1.544,1.647,589536.2399473902
2021-10-07T00:00:00Z,ENJUSD,1.643,1.68,1.589,1.667,149657.73617562008
2021-10-08T00:00:00Z,ENJUSD,1.677,1.726,1.64,1.687,409330.8890724899
2021-10-09T00:00:00Z,ENJUSD,1.701,1.718,1.66,1.718,115406.27638515
2021-10-10T00:00:00Z,ENJUSD,1.723,1.723,1.577,1.582,251943.30283894
2021-10-11T00:00:00Z,ENJUSD,1.582,1.649,1.518,1.552,444489.5451745002
2021-10-12T00:00:00Z,ENJUSD,1.555,1.556,1.45,1.529,195641.91659701013
2021-10-13T00:00:00Z,ENJUSD,1.537,1.583,1.49,1.582,208521.79658420992
2021-10-14T00:00:00Z,ENJUSD,1.587,1.65,1.568,1.612,270326.69572754006
2021-10-15T00:00:00Z,ENJUSD,1.615,1.63,1.524,1.608,234952.47962417998
2021-10-16T00:00:00Z,ENJUSD,1.614,1.765,1.609,1.71,247691.71297664984
2021-10-17T00:00:00Z,ENJUSD,1.712,1.716,1.553,1.638,152923.28477110012
2021-10-18T00:00:00Z,ENJUSD,1.638,1.647,1.57,1.628,234259.4379114704
2021-10-19T00:00:00Z,ENJUSD,1.631,1.65,1.577,1.607,244063.62378533988
2021-10-20T00:00:00Z,ENJUSD,1.598,1.99,1.579,1.852,619639.1214659694
2021-10-21T00:00:00Z,ENJUSD,1.85,1.863,1.738,1.799,585773.7207861794
2021-10-22T00:00:00Z,ENJUSD,1.814,1.901,1.779,1.832,366885.2420691799
2021-10-23T00:00:00Z,ENJUSD,1.835,1.87,1.783,1.843,240535.37921441012
2021-10-24T00:00:00Z,ENJUSD,1.84,1.891,1.735,1.774,162917.84414527
2021-10-25T00:00:00Z,ENJUSD,1.775,1.92,1.771,1.906,172231.36436103997
2021-10-26T00:00:00Z,ENJUSD,1.904,2.151,1.897,2.013,1460368.315351832
2021-10-27T00:00:00Z,ENJUSD,2.016,2.301,1.792,2.093,3074789.690042081
2021-10-28T00:00:00Z,ENJUSD,2.106,2.396,2.065,2.31,2294788.685522348
2021-10-29T00:00:00Z,ENJUSD,2.315,2.625,2.314,2.455,1181668.7703865396
2021-10-30T00:00:00Z,ENJUSD,2.46,3.319,2.285,3.046,3507271.271226342
2021-10-31T00:00:00Z,ENJUSD,3.052,3.499,2.424,2.564,4684302.9292669
2021-11-01T00:00:00Z,ENJUSD,2.584,2.776,2.375,2.603,2591877.9728693822
2021-11-02T00:00:00Z,ENJUSD,2.603,3.27,2.579,3.119,2696369.7175068725
2021-11-03T00:00:00Z,ENJUSD,3.126,3.219,2.73,2.87,1261226.8584625712
2021-11-04T00:00:00Z,ENJUSD,2.866,3.387,2.739,2.995,2009260.9208276584
2021-11-05T00:00:00Z,ENJUSD,2.997,3.265,2.859,2.962,837656.0121481958
2021-11-06T00:00:00Z,ENJUSD,2.96,3.544,2.946,3.522,2037495.106376696
2021-11-07T00:00:00Z,ENJUSD,3.523,3.624,3.278,3.327,667924.3838742397
2021-11-08T00:00:00Z,ENJUSD,3.323,3.323,3.127,3.174,990279.486839705
2021-11-09T00:00:00Z,ENJUSD,3.171,3.274,2.952,2.973,759314.7038550375
2021-11-10T00:00:00Z,ENJUSD,2.982,3.19,2.59,2.835,1411594.0244117703
2021-11-11T00:00:00Z,ENJUSD,2.828,3.089,2.788,2.967,608101.5904845968
2021-11-12T00:00:00Z,ENJUSD,2.967,3.144,2.912,3.076,756987.1988259966
2021-11-13T00:00:00Z,ENJUSD,3.079,3.271,3.025,3.046,608988.234119638
2021-11-14T00:00:00Z,ENJUSD,3.048,3.084,2.943,3.082,301652.6601253208
2021-11-15T00:00:00Z,ENJUSD,3.083,3.241,3.006,3.037,762553.2992678578
2021-11-16T00:00:00Z,ENJUSD,3.026,3.026,2.556,2.848,1470072.420420131
2021-11-17T00:00:00Z,ENJUSD,2.851,3.088,2.812,3.017,652021.0613102892
2021-11-18T00:00:00Z,ENJUSD,3.019,3.263,2.75,3.035,2438341.8376352442
2021-11-19T00:00:00Z,ENJUSD,3.042,3.759,2.987,3.617,3620053.038135532
2021-11-20T00:00:00Z,ENJUSD,3.618,3.907,3.441,3.646,1714719.2933997617
2021-11-21T00:00:00Z,ENJUSD,3.648,3.648,3.295,3.309,1761640.0663133366
2021-11-22T00:00:00Z,ENJUSD,3.31,3.626,3.157,3.602,2078876.784902011
2021-11-23T00:00:00Z,ENJUSD,3.594,4.158,3.474,3.85,2001834.5176012216
2021-11-24T00:00:00Z,ENJUSD,3.854,4.702,3.75,4.484,4074547.397067244
2021-11-25T00:00:00Z,ENJUSD,4.484,4.846,4.016,4.225,1942435.6761153974
2021-11-26T00:00:00Z,ENJUSD,4.224,4.437,3.534,3.854,1504553.797039883
2021-11-27T00:00:00Z,ENJUSD,3.855,3.967,3.601,3.709,977498.8599011905
2021-11-28T00:00:00Z,ENJUSD,3.7,3.85,3.284,3.85,1544645.8591351535
2021-11-29T00:00:00Z,ENJUSD,3.846,3.99,3.642,3.642,1045642.1182230006
2021-11-30T00:00:00Z,ENJUSD,3.653,3.77,3.478,3.502,600330.5506558988
2021-12-01T00:00:00Z,ENJUSD,3.502,3.687,3.475,3.53,893263.6682814249
2021-12-02T00:00:00Z,ENJUSD,3.52,3.52,3.287,3.402,967726.3115478356
2021-12-03T00:00:00Z,ENJUSD,3.405,3.438,2.49,3.09,1106953.0999602557
2021-12-04T00:00:00Z,ENJUSD,3.096,3.108,2.157,3.023,3709200.674117998
2021-12-05T00:00:00Z,ENJUSD,3.034,3.136,2.632,2.73,1328622.7804337735
2021-12-06T00:00:00Z,ENJUSD,2.733,2.925,2.37,2.893,1956231.276137192
2021-12-07T00:00:00Z,ENJUSD,2.895,3.007,2.745,2.813,1336629.3701818956
2021-12-08T00:00:00Z,ENJUSD,2.805,2.925,2.637,2.902,813770.8836274013
2021-12-09T00:00:00Z,ENJUSD,2.903,2.919,2.55,2.571,1248664.9372771485
2021-12-10T00:00:00Z,ENJUSD,2.574,2.672,2.422,2.429,666702.9235327306
2021-12-11T00:00:00Z,ENJUSD,2.428,2.565,2.37,2.555,315682.8751982603
2021-12-12T00:00:00Z,ENJUSD,2.55,2.74,2.534,2.703,290723.1170789702
2021-12-13T00:00:00Z,ENJUSD,2.702,2.755,2.26,2.328,556966.24143672
2021-12-14T00:00:00Z,ENJUSD,2.328,2.374,2.237,2.354,706865.5336510105
2021-12-15T00:00:00Z,ENJUSD,2.355,2.521,2.199,2.489,617513.45776315
2021-12-16T00:00:00Z,ENJUSD,2.49,2.573,2.365,2.384,802472.1643545298
2021-12-17T00:00:00Z,ENJUSD,2.381,2.432,2.218,2.301,920269.9202451503
2021-12-18T00:00:00Z,ENJUSD,2.305,2.45,2.259,2.408,600707.7488003892
2021-12-19T00:00:00Z,ENJUSD,2.406,2.488,2.335,2.335,598625.3207071205
2021-12-20T00:00:00Z,ENJUSD,2.336,2.367,2.152,2.312,951697.7225954105
2021-12-21T00:00:00Z,ENJUSD,2.312,2.464,2.267,2.437,528825.6058419194
2021-12-22T00:00:00Z,ENJUSD,2.444,2.72,2.435,2.579,501747.7973852312
2021-12-23T00:00:00Z,ENJUSD,2.589,2.976,2.544,2.972,610743.2691439796
2021-12-24T00:00:00Z,ENJUSD,2.978,2.984,2.753,2.793,647243.2524219473
2021-12-25T00:00:00Z,ENJUSD,2.796,3.276,2.776,3.134,1231539.2642512724
2021-12-26T00:00:00Z,ENJUSD,3.133,3.341,3.01,3.19,886148.5087786817
2021-12-27T00:00:00Z,ENJUSD,3.191,3.249,3.061,3.08,924149.8650224304
2021-12-28T00:00:00Z,ENJUSD,3.076,3.077,2.715,2.754,1908803.6800994556
2021-12-29T00:00:00Z,ENJUSD,2.756,2.865,2.6,2.644,642379.390259548
2021-12-30T00:00:00Z,ENJUSD,2.647,2.746,2.555,2.643,1015767.6780081993
2021-12-31T00:00:00Z,ENJUSD,2.643,2.736,2.521,2.574,776128.8123803826
2022-01-01T00:00:00Z,ENJUSD,2.579,2.7,2.566,2.681,267363.16889175976
2022-01-02T00:00:00Z,ENJUSD,2.685,2.929,2.666,2.859,1031828.7708228193
2022-01-03T00:00:00Z,ENJUSD,2.857,2.946,2.712,2.796,553144.9885669894
2022-01-04T00:00:00Z,ENJUSD,2.793,2.855,2.669,2.693,832881.4127356089
2022-01-05T00:00:00Z,ENJUSD,2.695,2.791,2.244,2.442,1050627.728689035
2022-01-06T00:00:00Z,ENJUSD,2.438,2.63,2.316,2.573,1344514.970135195
2022-01-07T00:00:00Z,ENJUSD,2.579,2.584,2.316,2.344,832707.0315508805
2022-01-08T00:00:00Z,ENJUSD,2.354,2.434,2.176,2.257,653654.3023042126
2022-01-09T00:00:00Z,ENJUSD,2.256,2.375,2.239,2.298,454002.22119495005
2022-01-10T00:00:00Z,ENJUSD,2.298,2.343,2.077,2.167,1067483.9935003698
2022-01-11T00:00:00Z,ENJUSD,2.173,2.328,2.146,2.311,551647.8246867998
2022-01-12T00:00:00Z,ENJUSD,2.316,2.618,2.316,2.521,874630.6872380102
2022-01-13T00:00:00Z,ENJUSD,2.52,2.596,2.368,2.371,863690.5396397223
2022-01-14T00:00:00Z,ENJUSD,2.379,2.459,2.317,2.415,914255.9975588312
2022-01-15T00:00:00Z,ENJUSD,2.416,2.547,2.367,2.458,250469.65583215017
2022-01-16T00:00:00Z,ENJUSD,2.455,2.54,2.441,2.51,323302.67210091965
2022-01-17T00:00:00Z,ENJUSD,2.512,2.539,2.288,2.325,435184.3682343096
2022-01-18T00:00:00Z,ENJUSD,2.331,2.35,2.195,2.277,502427.18861936
2022-01-19T00:00:00Z,ENJUSD,2.279,2.349,2.21,2.219,267901.16468764
2022-01-20T00:00:00Z,ENJUSD,2.224,2.353,2.099,2.111,395898.41546086024
2022-01-21T00:00:00Z,ENJUSD,2.112,2.118,1.683,1.738,1073045.9341554611
2022-01-22T00:00:00Z,ENJUSD,1.724,1.764,1.348,1.506,971026.8458421002
2022-01-23T00:00:00Z,ENJUSD,1.509,1.69,1.494,1.611,743053.2977163205
2022-01-24T00:00:00Z,ENJUSD,1.613,1.613,1.325,1.504,1606873.5580748687
2022-01-25T00:00:00Z,ENJUSD,1.5,1.544,1.428,1.532,555947.442325059
2022-01-26T00:00:00Z,ENJUSD,1.533,1.742,1.502,1.552,1371159.7384190995
2022-01-27T00:00:00Z,ENJUSD,1.547,1.656,1.456,1.58,1570500.8004134165
2022-01-28T00:00:00Z,ENJUSD,1.577,1.687,1.565,1.639,657787.0825867989
2022-01-29T00:00:00Z,ENJUSD,1.639,1.76,1.633,1.758,716092.8005264305
2022-01-30T00:00:00Z,ENJUSD,1.759,1.878,1.731,1.788,787372.2225868402
2022-01-31T00:00:00Z,ENJUSD,1.79,1.916,1.686,1.888,758588.22419181
2022-02-01T00:00:00Z,ENJUSD,1.885,1.906,1.821,1.837,605258.4762431987
2022-02-02T00:00:00Z,ENJUSD,1.844,1.859,1.673,1.696,350500.3238654206
2022-02-03T00:00:00Z,ENJUSD,1.693,1.708,1.619,1.695,364381.5203825001
2022-02-04T00:00:00Z,ENJUSD,1.692,1.833,1.663,1.823,338425.81326787017
2022-02-05T00:00:00Z,ENJUSD,1.825,1.992,1.812,1.921,479112.122269089
2022-02-06T00:00:00Z,ENJUSD,1.923,2.077,1.906,2.063,818339.51418309
2022-02-07T00:00:00Z,ENJUSD,2.073,2.17,2.026,2.094,836546.1005994881
2022-02-08T00:00:00Z,ENJUSD,2.09,2.169,1.918,2.11,640399.7612114887
2022-02-09T00:00:00Z,ENJUSD,2.122,2.191,2.01,2.16,504268.53985429875
2022-02-10T00:00:00Z,ENJUSD,2.161,2.161,1.978,1.987,933821.8510935333
2022-02-11T00:00:00Z,ENJUSD,1.98,2.053,1.792,1.833,510589.25412960997
2022-02-12T00:00:00Z,ENJUSD,1.824,1.871,1.754,1.812,309280.57110498
2022-02-13T00:00:00Z,ENJUSD,1.812,1.837,1.705,1.737,284380.5098329599
2022-02-14T00:00:00Z,ENJUSD,1.74,1.782,1.678,1.753,329489.66042081034
2022-02-15T00:00:00Z,ENJUSD,1.753,1.979,1.747,1.971,432833.01747741975
2022-02-16T00:00:00Z,ENJUSD,1.978,2.01,1.886,1.952,447541.8947756407
2022-02-17T00:00:00Z,ENJUSD,1.956,1.995,1.71,1.741,477723.7120838297
2022-02-18T00:00:00Z,ENJUSD,1.737,1.798,1.65,1.674,431528.42460638995
2022-02-19T00:00:00Z,ENJUSD,1.675,1.707,1.601,1.664,458302.0586080102
2022-02-20T00:00:00Z,ENJUSD,1.661,1.664,1.491,1.532,394857.4207588401
2022-02-21T00:00:00Z,ENJUSD,1.537,1.636,1.38,1.384,726061.6702673598
2022-02-22T00:00:00Z,ENJUSD,1.391,1.473,1.34,1.466,821407.6543460896
2022-02-23T00:00:00Z,ENJUSD,1.472,1.536,1.378,1.389,526555.8047133003
2022-02-24T00:00:00Z,ENJUSD,1.383,1.425,1.161,1.36,1663207.0725370178
2022-02-25T00:00:00Z,ENJUSD,1.36,1.461,1.32,1.45,652737.1624134391
2022-02-26T00:00:00Z,ENJUSD,1.451,1.515,1.43,1.441,383575.74501989986
2022-02-27T00:00:00Z,ENJUSD,1.442,1.492,1.348,1.377,355213.8790082204
2022-02-28T00:00:00Z,ENJUSD,1.376,1.593,1.331,1.566,315795.1551277094
2022-03-01T00:00:00Z,ENJUSD,1.567,1.643,1.509,1.607,631489.168005221
2022-03-02T00:00:00Z,ENJUSD,1.599,1.616,1.52,1.548,379483.1134426297
2022-03-03T00:00:00Z,ENJUSD,1.552,1.56,1.448,1.479,249001.44705561982
2022-03-04T00:00:00Z,ENJUSD,1.482,1.485,1.34,1.358,325543.9098743303
2022-03-05T00:00:00Z,ENJUSD,1.359,1.438,1.325,1.419,286041.49261985964
2022-03-06T00:00:00Z,ENJUSD,1.417,1.473,1.336,1.342,227185.92081242005
2022-03-07T00:00:00Z,ENJUSD,1.345,1.398,1.28,1.307,386922.8333858911
2022-03-08T00:00:00Z,ENJUSD,1.308,1.376,1.298,1.338,211071.40763058985
2022-03-09T00:00:00Z,ENJUSD,1.338,1.441,1.338,1.394,359101.65177868976
2022-03-10T00:00:00Z,ENJUSD,1.395,1.4,1.301,1.33,617891.0155597802
2022-03-11T00:00:00Z,ENJUSD,1.333,1.358,1.29,1.307,229300.44397259
2022-03-12T00:00:00Z,ENJUSD,1.311,1.349,1.311,1.318,118231.55722022997
2022-03-13T00:00:00Z,ENJUSD,1.315,1.382,1.283,1.3,140423.66491879002
2022-03-14T00:00:00Z,ENJUSD,1.295,1.336,1.283,1.327,139049.66280535993
2022-03-15T00:00:00Z,ENJUSD,1.328,1.341,1.279,1.325,297849.30815374985
2022-03-16T00:00:00Z,ENJUSD,1.326,1.428,1.303,1.428,436790.2882090299
2022-03-17T00:00:00Z,ENJUSD,1.425,1.441,1.39,1.408,300793.3290959799
2022-03-18T00:00:00Z,ENJUSD,1.404,1.46,1.369,1.451,120735.37512873007
2022-03-19T00:00:00Z,ENJUSD,1.451,1.55,1.441,1.51,167901.09277133012
2022-03-20T00:00:00Z,ENJUSD,1.512,1.515,1.419,1.444,156372.44466802996
2022-03-21T00:00:00Z,ENJUSD,1.442,1.481,1.406,1.433,179766.1001305403
2022-03-22T00:00:00Z,ENJUSD,1.434,1.496,1.426,1.457,336735.43727644003
2022-03-23T00:00:00Z,ENJUSD,1.458,1.564,1.439,1.533,299577.68954890023
2022-03-24T00:00:00Z,ENJUSD,1.536,1.704,1.536,1.684,502100.9664441588
2022-03-25T00:00:00Z,ENJUSD,1.684,1.687,1.572,1.616,391583.97138437006
2022-03-26T00:00:00Z,ENJUSD,1.615,1.659,1.589,1.659,121833.79273494995
2022-03-27T00:00:00Z,ENJUSD,1.659,1.799,1.648,1.796,601402.952917571
2022-03-28T00:00:00Z,ENJUSD,1.792,1.848,1.686,1.71,374629.43330425007
2022-03-29T00:00:00Z,ENJUSD,1.711,1.82,1.702,1.75,363925.83133935055
2022-03-30T00:00:00Z,ENJUSD,1.748,1.838,1.67,1.793,330606.2604516092
2022-03-31T00:00:00Z,ENJUSD,1.794,1.971,1.74,1.795,674409.0828527302
2022-04-01T00:00:00Z,ENJUSD,1.796,1.904,1.734,1.855,331570.12361092813
2022-04-02T00:00:00Z,ENJUSD,1.856,1.929,1.819,1.847,280443.2399541392
2022-04-03T00:00:00Z,ENJUSD,1.861,1.912,1.8,1.882,198903.25839838022
2022-04-04T00:00:00Z,ENJUSD,1.871,1.876,1.694,1.778,262586.68383257004
2022-04-05T00:00:00Z,ENJUSD,1.777,1.81,1.692,1.697,164403.87922097012
2022-04-06T00:00:00Z,ENJUSD,1.697,1.699,1.518,1.521,502695.76328443986
2022-04-07T00:00:00Z,ENJUSD,1.517,1.737,1.465,1.665,687923.0928364582
2022-04-08T00:00:00Z,ENJUSD,1.664,1.778,1.637,1.651,416460.7902027899
2022-04-09T00:00:00Z,ENJUSD,1.65,1.827,1.65,1.803,576045.0129508594
2022-04-10T00:00:00Z,ENJUSD,1.796,1.811,1.66,1.66,191344.38717574012
2022-04-11T00:00:00Z,ENJUSD,1.665,1.667,1.468,1.5,500450.3082377617
2022-04-12T00:00:00Z,ENJUSD,1.504,1.617,1.496,1.559,390663.2786447401
2022-04-13T00:00:00Z,ENJUSD,1.558,1.609,1.528,1.59,297698.89312524936
2022-04-14T00:00:00Z,ENJUSD,1.585,1.613,1.49,1.523,218788.0910355604
2022-04-15T00:00:00Z,ENJUSD,1.524,1.538,1.483,1.525,390390.8001648802
2022-04-16T00:00:00Z,ENJUSD,1.528,1.537,1.474,1.508,181091.16160073006
2022-04-17T00:00:00Z,ENJUSD,1.505,1.519,1.415,1.422,87488.84780038004
2022-04-18T00:00:00Z,ENJUSD,1.422,1.451,1.35,1.441,261955.8986989899
2022-04-19T00:00:00Z,ENJUSD,1.45,1.525,1.434,1.518,185249.70485931003
2022-04-20T00:00:00Z,ENJUSD,1.515,1.581,1.469,1.516,234652.9918635704
2022-04-21T00:00:00Z,ENJUSD,1.516,1.556,1.41,1.439,449397.79169035907
2022-04-22T00:00:00Z,ENJUSD,1.435,1.488,1.421,1.442,101167.83650337993
2022-04-23T00:00:00Z,ENJUSD,1.442,1.448,1.392,1.408,121283.1859702901
2022-04-24T00:00:00Z,ENJUSD,1.408,1.42,1.367,1.389,134667.31172326018
2022-04-25T00:00:00Z,ENJUSD,1.389,1.389,1.281,1.381,296781.75009450974
2022-04-26T00:00:00Z,ENJUSD,1.38,1.421,1.26,1.273,404796.8698983391
2022-04-27T00:00:00Z,ENJUSD,1.276,1.324,1.26,1.307,198593.78941437008
2022-04-28T00:00:00Z,ENJUSD,1.303,1.326,1.267,1.295,239230.46121463034
2022-04-29T00:00:00Z,ENJUSD,1.297,1.3,1.18,1.207,230479.1967489295
2022-04-30T00:00:00Z,ENJUSD,1.211,1.222,1.008,1.058,484437.2261193897
2022-05-01T00:00:00Z,ENJUSD,1.058,1.125,1.025,1.095,194896.82489254992
2022-05-02T00:00:00Z,ENJUSD,1.095,1.116,1.018,1.07,335010.4048509299
2022-05-03T00:00:00Z,ENJUSD,1.071,1.125,1.041,1.063,154690.8152572896
2022-05-04T00:00:00Z,ENJUSD,1.065,1.19,1.062,1.182,302675.38098546007
2022-05-05T00:00:00Z,ENJUSD,1.181,1.202,1.034,1.07,426222.65277233924
2022-05-06T00:00:00Z,ENJUSD,1.067,1.076,1.012,1.048,316612.9313599699
2022-05-07T00:00:00Z,ENJUSD,1.051,1.053,0.969,0.996,164561.26497719
2022-05-08T00:00:00Z,ENJUSD,0.997,1.001,0.941,0.958,322496.76327115967
2022-05-09T00:00:00Z,ENJUSD,0.96,0.978,0.753,0.765,1020996.9181031998
2022-05-10T00:00:00Z,ENJUSD,0.769,0.904,0.736,0.815,1796335.0000436795
2022-05-11T00:00:00Z,ENJUSD,0.814,0.849,0.564,0.62,1905361.394459101
2022-05-12T00:00:00Z,ENJUSD,0.627,0.666,0.46,0.579,1180535.3530809195
2022-05-13T00:00:00Z,ENJUSD,0.579,0.764,0.574,0.672,1263274.0538007403
2022-05-14T00:00:00Z,ENJUSD,0.673,0.775,0.644,0.743,520936.7557357686
2022-05-15T00:00:00Z,ENJUSD,0.745,0.773,0.7,0.773,208684.51937306
2022-05-16T00:00:00Z,ENJUSD,0.77,0.77,0.682,0.699,231121.9771771897
2022-05-17T00:00:00Z,ENJUSD,0.704,0.752,0.694,0.74,239035.20317405002
2022-05-18T00:00:00Z,ENJUSD,0.739,0.75,0.643,0.643,321779.9041442
2022-05-19T00:00:00Z,ENJUSD,0.645,0.711,0.626,0.7,288471.8309035701
2022-05-20T00:00:00Z,ENJUSD,0.696,0.711,0.648,0.664,121969.54688839993
2022-05-21T00:00:00Z,ENJUSD,0.665,0.695,0.656,0.688,70135.81085231
2022-05-22T00:00:00Z,ENJUSD,0.689,0.729,0.68,0.717,65398.712740900046
2022-05-23T00:00:00Z,ENJUSD,0.717,0.743,0.667,0.676,177220.09793139002
2022-05-24T00:00:00Z,ENJUSD,0.676,0.69,0.64,0.688,121936.3530977001
2022-05-25T00:00:00Z,ENJUSD,0.685,0.692,0.657,0.683,211044.9055647702
2022-05-26T00:00:00Z,ENJUSD,0.682,0.709,0.599,0.628,343422.4587754201
2022-05-27T00:00:00Z,ENJUSD,0.632,0.637,0.578,0.59,530845.20918575
2022-05-28T00:00:00Z,ENJUSD,0.591,0.608,0.581,0.599,210045.94757231002
2022-05-29T00:00:00Z,ENJUSD,0.599,0.612,0.582,0.612,50806.44105231002
2022-05-30T00:00:00Z,ENJUSD,0.612,0.677,0.606,0.671,153344.15666105
2022-05-31T00:00:00Z,ENJUSD,0.671,0.716,0.669,0.696,372232.3193726702
2022-06-01T00:00:00Z,ENJUSD,0.7,0.708,0.626,0.634,189639.10219315015
2022-06-02T00:00:00Z,ENJUSD,0.636,0.655,0.622,0.651,282106.54038173985
2022-06-03T00:00:00Z,ENJUSD,0.648,0.65,0.602,0.609,105932.95875443994
2022-06-04T00:00:00Z,ENJUSD,0.613,0.624,0.598,0.623,136622.2704410201
2022-06-05T00:00:00Z,ENJUSD,0.622,0.639,0.609,0.63,50089.781892920015
2022-06-06T00:00:00Z,ENJUSD,0.63,0.668,0.63,0.652,173494.69276747998
2022-06-07T00:00:00Z,ENJUSD,0.651,0.651,0.608,0.626,127489.53922531004
2022-06-08T00:00:00Z,ENJUSD,0.626,0.637,0.612,0.618,31090.174179670004
2022-06-09T00:00:00Z,ENJUSD,0.618,0.646,0.607,0.622,98679.10888303
2022-06-10T00:00:00Z,ENJUSD,0.621,0.627,0.574,0.581,136199.98151887
2022-06-11T00:00:00Z,ENJUSD,0.581,0.597,0.524,0.535,147427.39351998002
2022-06-12T00:00:00Z,ENJUSD,0.538,0.542,0.487,0.49,255353.51842128005
2022-06-13T00:00:00Z,ENJUSD,0.491,0.55,0.41,0.447,910963.5970040001
2022-06-14T00:00:00Z,ENJUSD,0.443,0.539,0.408,0.454,811200.9478439697
2022-06-15T00:00:00Z,ENJUSD,0.451,0.483,0.405,0.483,492762.85965170985
2022-06-16T00:00:00Z,ENJUSD,0.484,0.489,0.417,0.425,452478.07644962956
2022-06-17T00:00:00Z,ENJUSD,0.426,0.455,0.424,0.441,134679.97709921992
2022-06-18T00:00:00Z,ENJUSD,0.444,0.444,0.378,0.412,228538.24896784994
2022-06-19T00:00:00Z,ENJUSD,0.413,0.448,0.395,0.439,293361.3328204899
2022-06-20T00:00:00Z,ENJUSD,0.441,0.464,0.427,0.46,468155.81381559954
2022-06-21T00:00:00Z,ENJUSD,0.46,0.5,0.45,0.467,222744.16063659018
2022-06-22T00:00:00Z,ENJUSD,0.468,0.484,0.447,0.463,110626.49319583998
2022-06-23T00:00:00Z,ENJUSD,0.465,0.538,0.463,0.522,457178.6956661197
2022-06-24T00:00:00Z,ENJUSD,0.524,0.555,0.515,0.543,234400.69791996
2022-06-25T00:00:00Z,ENJUSD,0.545,0.62,0.533,0.586,414798.40781630966
2022-06-26T00:00:00Z,ENJUSD,0.584,0.601,0.548,0.548,155874.25562486987
2022-06-27T00:00:00Z,ENJUSD,0.548,0.612,0.548,0.571,1367112.8867448713
2022-06-28T00:00:00Z,ENJUSD,0.571,0.593,0.524,0.531,107774.53157533011
2022-06-29T00:00:00Z,ENJUSD,0.53,0.54,0.511,0.521,267193.83585821005
2022-06-30T00:00:00Z,ENJUSD,0.522,0.523,0.463,0.509,163391.59244829993
2022-07-01T00:00:00Z,ENJUSD,0.506,0.52,0.474,0.478,189450.96169660985
2022-07-02T00:00:00Z,ENJUSD,0.479,0.488,0.458,0.477,172556.92726947993
2022-07-03T00:00:00Z,ENJUSD,0.477,0.484,0.461,0.479,90339.34728658003
2022-07-04T00:00:00Z,ENJUSD,0.478,0.521,0.468,0.52,296910.96572552994
2022-07-05T00:00:00Z,ENJUSD,0.519,0.57,0.518,0.536,434981.22817534977
2022-07-06T00:00:00Z,ENJUSD,0.539,0.545,0.52,0.54,109202.48203453005
2022-07-07T00:00:00Z,ENJUSD,0.539,0.565,0.537,0.556,125281.56374685004
2022-07-08T00:00:00Z,ENJUSD,0.555,0.564,0.525,0.534,81867.65088701
2022-07-09T00:00:00Z,ENJUSD,0.534,0.565,0.534,0.557,141464.24888005006
2022-07-10T00:00:00Z,ENJUSD,0.556,0.556,0.522,0.526,54476.52825667001
2022-07-11T00:00:00Z,ENJUSD,0.525,0.528,0.472,0.478,177833.30141626002
2022-07-12T00:00:00Z,ENJUSD,0.478,0.491,0.462,0.462,135043.61722542017
2022-07-13T00:00:00Z,ENJUSD,0.46,0.485,0.443,0.484,139135.04774959997
2022-07-14T00:00:00Z,ENJUSD,0.483,0.503,0.465,0.501,109261.24538193009
2022-07-15T00:00:00Z,ENJUSD,0.501,0.514,0.497,0.501,181711.8609197999
2022-07-16T00:00:00Z,ENJUSD,0.502,0.517,0.488,0.513,157804.63209844992
2022-07-17T00:00:00Z,ENJUSD,0.516,0.524,0.497,0.497,59840.49824145003
2022-07-18T00:00:00Z,ENJUSD,0.499,0.575,0.499,0.572,219754.81314808998
2022-07-19T00:00:00Z,ENJUSD,0.57,0.635,0.55,0.625,221863.61767294994
2022-07-20T00:00:00Z,ENJUSD,0.625,0.678,0.585,0.596,413794.32492555026
2022-07-21T00:00:00Z,ENJUSD,0.596,0.624,0.573,0.615,217743.49977995
2022-07-22T00:00:00Z,ENJUSD,0.612,0.636,0.585,0.593,145069.71372654013
2022-07-23T00:00:00Z,ENJUSD,0.593,0.615,0.573,0.593,98943.56687511009
2022-07-24T00:00:00Z,ENJUSD,0.595,0.604,0.584,0.584,205503.92344871993
2022-07-25T00:00:00Z,ENJUSD,0.584,0.585,0.53,0.53,232820.13376328006
2022-07-26T00:00:00Z,ENJUSD,0.529,0.553,0.522,0.553,66374.76461943996
2022-07-27T00:00:00Z,ENJUSD,0.554,0.595,0.535,0.595,234317.34220125998
2022-07-28T00:00:00Z,ENJUSD,0.597,0.633,0.575,0.612,348806.17386637017
2022-07-29T00:00:00Z,ENJUSD,0.617,0.633,0.59,0.603,149454.1254315499
2022-07-30T00:00:00Z,ENJUSD,0.604,0.705,0.603,0.627,716518.3469603502
2022-07-31T00:00:00Z,ENJUSD,0.629,0.657,0.605,0.614,289678.22775399004
2022-08-01T00:00:00Z,ENJUSD,0.612,0.718,0.611,0.646,266546.28242554964
2022-08-02T00:00:00Z,ENJUSD,0.644,0.649,0.599,0.608,123038.24939543002
2022-08-03T00:00:00Z,ENJUSD,0.609,0.658,0.596,0.633,310182.8080184595
2022-08-04T00:00:00Z,ENJUSD,0.631,0.722,0.631,0.686,454308.4495365797
2022-08-05T00:00:00Z,ENJUSD,0.68,0.708,0.672,0.708,126369.95450206999
2022-08-06T00:00:00Z,ENJUSD,0.71,0.71,0.678,0.678,63974.817087740026
2022-08-07T00:00:00Z,ENJUSD,0.678,0.691,0.668,0.682,114059.64042471
2022-08-08T00:00:00Z,ENJUSD,0.688,0.736,0.679,0.697,354680.5504703097
2022-08-09T00:00:00Z,ENJUSD,0.698,0.708,0.656,0.67,126283.72248229997
2022-08-10T00:00:00Z,ENJUSD,0.669,0.7,0.655,0.697,88111.02485415999
2022-08-11T00:00:00Z,ENJUSD,0.701,0.709,0.688,0.691,158835.02323053
2022-08-12T00:00:00Z,ENJUSD,0.693,0.705,0.68,0.7,111776.60222435996
2022-08-13T00:00:00Z,ENJUSD,0.704,0.717,0.699,0.702,106702.29990363006
2022-08-14T00:00:00Z,ENJUSD,0.706,0.75,0.683,0.699,280594.75570246996
2022-08-15T00:00:00Z,ENJUSD,0.698,0.723,0.67,0.681,119684.05629890996
2022-08-16T00:00:00Z,ENJUSD,0.68,0.689,0.668,0.672,129134.69633587995
2022-08-17T00:00:00Z,ENJUSD,0.672,0.69,0.637,0.643,155799.66283971
2022-08-18T00:00:00Z,ENJUSD,0.642,0.655,0.607,0.621,100121.12549905996
2022-08-19T00:00:00Z,ENJUSD,0.616,0.616,0.552,0.562,238913.2725539899
2022-08-20T00:00:00Z,ENJUSD,0.563,0.576,0.542,0.557,63162.20320168
2022-08-21T00:00:00Z,ENJUSD,0.559,0.579,0.552,0.572,116919.00421125998
2022-08-22T00:00:00Z,ENJUSD,0.57,0.57,0.529,0.552,192291.15799766962
2022-08-23T00:00:00Z,ENJUSD,0.551,0.571,0.535,0.569,77401.81749128998
2022-08-24T00:00:00Z,ENJUSD,0.569,0.577,0.553,0.562,77852.95402181003
2022-08-25T00:00:00Z,ENJUSD,0.562,0.581,0.56,0.571,83850.81219903001
2022-08-26T00:00:00Z,ENJUSD,0.569,0.575,0.504,0.509,216253.41281320003
2022-08-27T00:00:00Z,ENJUSD,0.509,0.517,0.501,0.51,468310.4092406
2022-08-28T00:00:00Z,ENJUSD,0.507,0.519,0.488,0.488,105094.84950649999
2022-08-29T00:00:00Z,ENJUSD,0.491,0.529,0.486,0.527,139747.88231087002
2022-08-30T00:00:00Z,ENJUSD,0.527,0.536,0.502,0.515,273975.28195307986
2022-08-31T00:00:00Z,ENJUSD,0.515,0.532,0.513,0.515,379418.68758075
2022-09-01T00:00:00Z,ENJUSD,0.518,0.521,0.494,0.514,85874.05675790997
2022-09-02T00:00:00Z,ENJUSD,0.518,0.531,0.502,0.508,129015.78517239
2022-09-03T00:00:00Z,ENJUSD,0.507,0.523,0.502,0.52,110675.49257805
2022-09-04T00:00:00Z,ENJUSD,0.523,0.538,0.519,0.534,75649.24543691997
2022-09-05T00:00:00Z,ENJUSD,0.536,0.542,0.518,0.533,24826.812841010007
2022-09-06T00:00:00Z,ENJUSD,0.533,0.548,0.482,0.482,203122.25045829007
2022-09-07T00:00:00Z,ENJUSD,0.481,0.525,0.475,0.52,155178.3824571501
2022-09-08T00:00:00Z,ENJUSD,0.522,0.533,0.505,0.525,105854.83511493004
2022-09-09T00:00:00Z,ENJUSD,0.526,0.553,0.526,0.548,187988.03943287983
2022-09-10T00:00:00Z,ENJUSD,0.55,0.553,0.537,0.552,154629.21651505993
2022-09-11T00:00:00Z,ENJUSD,0.549,0.559,0.531,0.543,100877.95361397008
2022-09-12T00:00:00Z,ENJUSD,0.544,0.565,0.533,0.542,256457.84288545
2022-09-13T00:00:00Z,ENJUSD,0.542,0.547,0.488,0.493,276066.53769449
2022-09-14T00:00:00Z,ENJUSD,0.495,0.511,0.489,0.508,64453.2182047
2022-09-15T00:00:00Z,ENJUSD,0.505,0.508,0.483,0.489,115765.54541276996
2022-09-16T00:00:00Z,ENJUSD,0.486,0.5,0.484,0.497,141082.92359957992
2022-09-17T00:00:00Z,ENJUSD,0.499,0.515,0.498,0.515,106591.98418953999
2022-09-18T00:00:00Z,ENJUSD,0.513,0.519,0.459,0.468,195107.23603445996
2022-09-19T00:00:00Z,ENJUSD,0.469,0.485,0.458,0.485,179707.99329431
2022-09-20T00:00:00Z,ENJUSD,0.485,0.489,0.472,0.473,98733.07169052999
2022-09-21T00:00:00Z,ENJUSD,0.475,0.495,0.45,0.455,118394.70490454006
2022-09-22T00:00:00Z,ENJUSD,0.455,0.485,0.454,0.482,50302.19848516999
2022-09-23T00:00:00Z,ENJUSD,0.485,0.494,0.462,0.485,58502.907737880014
2022-09-24T00:00:00Z,ENJUSD,0.481,0.485,0.466,0.47,128177.51587628
2022-09-25T00:00:00Z,ENJUSD,0.468,0.474,0.455,0.458,83763.98676299003
2022-09-26T00:00:00Z,ENJUSD,0.457,0.467,0.448,0.467,86032.07519592003
2022-09-27T00:00:00Z,ENJUSD,0.467,0.484,0.455,0.461,52822.82385098999
2022-09-28T00:00:00Z,ENJUSD,0.461,0.465,0.443,0.464,81594.99268935
2022-09-29T00:00:00Z,ENJUSD,0.462,0.464,0.451,0.461,45644.86719523
2022-09-30T00:00:00Z,ENJUSD,0.462,0.466,0.45,0.453,64046.25950594
2022-10-01T00:00:00Z,ENJUSD,0.453,0.456,0.448,0.45,42085.446303310004
2022-10-02T00:00:00Z,ENJUSD,0.45,0.453,0.436,0.436,34634.49302919
2022-10-03T00:00:00Z,ENJUSD,0.436,0.453,0.43,0.453,576662.536791
2022-10-04T00:00:00Z,ENJUSD,0.453,0.461,0.45,0.459,64142.39622096998
2022-10-05T00:00:00Z,ENJUSD,0.459,0.459,0.444,0.454,70978.10946390919
2022-10-06T00:00:00Z,ENJUSD,0.454,0.461,0.445,0.445,115124.09132955999
2022-10-07T00:00:00Z,ENJUSD,0.447,0.453,0.442,0.448,30658.11017517
2022-10-08T00:00:00Z,ENJUSD,0.45,0.459,0.443,0.446,29000.33163168
2022-10-09T00:00:00Z,ENJUSD,0.447,0.456,0.446,0.452,32646.78193146
2022-10-10T00:00:00Z,ENJUSD,0.452,0.457,0.435,0.435,77459.7687666
2022-10-11T00:00:00Z,ENJUSD,0.434,0.434,0.422,0.426,59459.89601862001
2022-10-12T00:00:00Z,ENJUSD,0.427,0.432,0.426,0.428,190641.20397083994
2022-10-13T00:00:00Z,ENJUSD,0.428,0.428,0.387,0.426,129217.48862379017
2022-10-14T00:00:00Z,ENJUSD,0.425,0.439,0.415,0.42,145066.92491324994
2022-10-15T00:00:00Z,ENJUSD,0.42,0.427,0.418,0.426,39001.10651261001
2022-10-16T00:00:00Z,ENJUSD,0.427,0.434,0.423,0.428,42658.962989720014
2022-10-17T00:00:00Z,ENJUSD,0.429,0.438,0.425,0.436,57582.858289109994
2022-10-18T00:00:00Z,ENJUSD,0.436,0.442,0.427,0.436,78499.52626545001
2022-10-19T00:00:00Z,ENJUSD,0.437,0.437,0.418,0.418,29344.52258806999
2022-10-20T00:00:00Z,ENJUSD,0.418,0.428,0.413,0.413,32882.045112650005
2022-10-21T00:00:00Z,ENJUSD,0.412,0.415,0.395,0.415,57352.48329849002
2022-10-22T00:00:00Z,ENJUSD,0.415,0.415,0.41,0.415,56963.90629048001
2022-10-23T00:00:00Z,ENJUSD,0.415,0.423,0.407,0.422,61871.746265819995
2022-10-24T00:00:00Z,ENJUSD,0.423,0.423,0.409,0.416,65886.65605282
2022-10-25T00:00:00Z,ENJUSD,0.421,0.446,0.42,0.435,155352.34261660997
2022-10-26T00:00:00Z,ENJUSD,0.437,0.448,0.434,0.444,96574.55878335999
2022-10-27T00:00:00Z,ENJUSD,0.443,0.461,0.432,0.436,133201.3383998499
2022-10-28T00:00:00Z,ENJUSD,0.436,0.453,0.429,0.45,79030.075816
2022-10-29T00:00:00Z,ENJUSD,0.451,0.464,0.448,0.453,162251.7058402201
2022-10-30T00:00:00Z,ENJUSD,0.456,0.485,0.451,0.46,383299.0599331601
2022-10-31T00:00:00Z,ENJUSD,0.46,0.464,0.448,0.454,108676.69200710999
2022-11-01T00:00:00Z,ENJUSD,0.456,0.461,0.444,0.444,73135.8253481
2022-11-02T00:00:00Z,ENJUSD,0.443,0.445,0.417,0.426,139046.84121770997
2022-11-03T00:00:00Z,ENJUSD,0.426,0.446,0.426,0.433,52569.88291546998
2022-11-04T00:00:00Z,ENJUSD,0.434,0.476,0.431,0.476,223803.65458958008
2022-11-05T00:00:00Z,ENJUSD,0.476,0.5,0.47,0.481,330552.05429698003
2022-11-06T00:00:00Z,ENJUSD,0.48,0.482,0.448,0.448,61788.35834613998
2022-11-07T00:00:00Z,ENJUSD,0.448,0.471,0.439,0.464,89490.51167371006
2022-11-08T00:00:00Z,ENJUSD,0.467,0.473,0.353,0.404,678925.5207887397
2022-11-09T00:00:00Z,ENJUSD,0.4,0.404,0.312,0.321,1065264.1031329294
2022-11-10T00:00:00Z,ENJUSD,0.321,0.383,0.319,0.37,646987.7118252803
2022-11-11T00:00:00Z,ENJUSD,0.373,0.373,0.333,0.349,593039.6370415101
2022-11-12T00:00:00Z,ENJUSD,0.349,0.35,0.323,0.324,202392.12880996
2022-11-13T00:00:00Z,ENJUSD,0.323,0.342,0.306,0.311,470016.93643717014
2022-11-14T00:00:00Z,ENJUSD,0.312,0.319,0.295,0.314,273047.0469233199
2022-11-15T00:00:00Z,ENJUSD,0.313,0.329,0.309,0.32,114605.23242459002
2022-11-16T00:00:00Z,ENJUSD,0.322,0.327,0.307,0.31,93213.28062512998
2022-11-17T00:00:00Z,ENJUSD,0.311,0.313,0.302,0.304,72435.96837059999
2022-11-18T00:00:00Z,ENJUSD,0.308,0.313,0.301,0.308,32027.538943869993
2022-11-19T00:00:00Z,ENJUSD,0.309,0.316,0.303,0.315,60732.04404760001
2022-11-20T00:00:00Z,ENJUSD,0.315,0.318,0.291,0.291,166183.34248352007
2022-11-21T00:00:00Z,ENJUSD,0.292,0.299,0.276,0.283,348411.30694542994
2022-11-22T00:00:00Z,ENJUSD,0.284,0.295,0.274,0.294,347711.64596288983
2022-11-23T00:00:00Z,ENJUSD,0.294,0.303,0.293,0.302,492196.52058898035
2022-11-24T00:00:00Z,ENJUSD,0.303,0.314,0.298,0.305,560251.4717032799
2022-11-25T00:00:00Z,ENJUSD,0.304,0.304,0.295,0.303,263867.8588348099
2022-11-26T00:00:00Z,ENJUSD,0.304,0.312,0.301,0.302,358336.8292285496
2022-11-27T00:00:00Z,ENJUSD,0.304,0.313,0.303,0.304,46615.40170487
2022-11-28T00:00:00Z,ENJUSD,0.305,0.306,0.289,0.296,240651.23137900996
2022-11-29T00:00:00Z,ENJUSD,0.295,0.304,0.293,0.299,261710.33958521005
2022-11-30T00:00:00Z,ENJUSD,0.299,0.314,0.299,0.314,143417.64458769996
2022-12-01T00:00:00Z,ENJUSD,0.312,0.312,0.304,0.305,102492.93585749001
2022-12-02T00:00:00Z,ENJUSD,0.305,0.316,0.3,0.313,612378.9565735197
2022-12-03T00:00:00Z,ENJUSD,0.314,0.328,0.303,0.303,516705.99922758027
2022-12-04T00:00:00Z,ENJUSD,0.303,0.313,0.303,0.313,581541.908350231
2022-12-05T00:00:00Z,ENJUSD,0.312,0.324,0.31,0.319,585577.3018180303
2022-12-06T00:00:00Z,ENJUSD,0.318,0.319,0.31,0.312,83240.06678567006
2022-12-07T00:00:00Z,ENJUSD,0.313,0.317,0.294,0.298,623586.1563473495
2022-12-08T00:00:00Z,ENJUSD,0.297,0.307,0.295,0.306,99447.11465951006
2022-12-09T00:00:00Z,ENJUSD,0.304,0.308,0.302,0.305,301336.3729111499
2022-12-10T00:00:00Z,ENJUSD,0.306,0.309,0.304,0.307,31308.242581930015
2022-12-11T00:00:00Z,ENJUSD,0.307,0.313,0.303,0.303,44841.43639086
2022-12-12T00:00:00Z,ENJUSD,0.302,0.303,0.292,0.3,90170.32070724001
2022-12-13T00:00:00Z,ENJUSD,0.301,0.306,0.285,0.304,140588.14059010003
2022-12-14T00:00:00Z,ENJUSD,0.305,0.309,0.3,0.301,133905.61691183
2022-12-15T00:00:00Z,ENJUSD,0.3,0.3,0.291,0.291,59842.12464066004
2022-12-16T00:00:00Z,ENJUSD,0.292,0.294,0.253,0.26,341516.95631672005
2022-12-17T00:00:00Z,ENJUSD,0.26,0.264,0.253,0.263,162737.02539866997
2022-12-18T00:00:00Z,ENJUSD,0.262,0.264,0.258,0.262,32281.90996732
2022-12-19T00:00:00Z,ENJUSD,0.264,0.267,0.243,0.249,118552.41851970006
2022-12-20T00:00:00Z,ENJUSD,0.249,0.265,0.248,0.265,59989.474358470005
2022-12-21T00:00:00Z,ENJUSD,0.263,0.266,0.258,0.26,183889.01791598008
2022-12-22T00:00:00Z,ENJUSD,0.26,0.263,0.253,0.261,99164.25073161001
2022-12-23T00:00:00Z,ENJUSD,0.263,0.267,0.262,0.267,160221.23486237004
2022-12-24T00:00:00Z,ENJUSD,0.266,0.267,0.263,0.265,41854.73728760001
2022-12-25T00:00:00Z,ENJUSD,0.265,0.265,0.259,0.262,19958.750258490003
2022-12-26T00:00:00Z,ENJUSD,0.261,0.266,0.26,0.266,26951.518007110008
2022-12-27T00:00:00Z,ENJUSD,0.266,0.266,0.254,0.257,80195.41349150003
2022-12-28T00:00:00Z,ENJUSD,0.257,0.258,0.241,0.244,69809.38403254999
2022-12-29T00:00:00Z,ENJUSD,0.243,0.246,0.235,0.24,192776.24781993002
2022-12-30T00:00:00Z,ENJUSD,0.239,0.24,0.231,0.235,533710.61496973
2022-12-31T00:00:00Z,ENJUSD,0.237,0.244,0.237,0.241,96106.88766652001
2023-01-01T00:00:00Z,ENJUSD,0.241,0.245,0.239,0.243,56058.07592648999
2023-01-02T00:00:00Z,ENJUSD,0.244,0.251,0.237,0.249,342514.8010577001
2023-01-03T00:00:00Z,ENJUSD,0.249,0.25,0.241,0.243,90987.63071047996
2023-01-04T00:00:00Z,ENJUSD,0.245,0.252,0.244,0.251,124934.56189238002
2023-01-05T00:00:00Z,ENJUSD,0.251,0.256,0.248,0.25,116639.93343641002
2023-01-06T00:00:00Z,ENJUSD,0.25,0.257,0.247,0.256,84199.09348598002
2023-01-07T00:00:00Z,ENJUSD,0.258,0.269,0.257,0.261,94079.48976428995
2023-01-08T00:00:00Z,ENJUSD,0.262,0.278,0.257,0.277,204207.45058118005
2023-01-09T00:00:00Z,ENJUSD,0.277,0.31,0.276,0.291,916027.2674697402
2023-01-10T00:00:00Z,ENJUSD,0.292,0.298,0.284,0.291,206812.4657543801
2023-01-11T00:00:00Z,ENJUSD,0.291,0.302,0.281,0.3,172334.34847802992
2023-01-12T00:00:00Z,ENJUSD,0.303,0.306,0.291,0.304,303687.32753686985
2023-01-13T00:00:00Z,ENJUSD,0.305,0.34,0.3,0.334,440914.72450706037
2023-01-14T00:00:00Z,ENJUSD,0.334,0.364,0.323,0.351,570345.2659207503
2023-01-15T00:00:00Z,ENJUSD,0.35,0.364,0.334,0.362,510154.7406401407
2023-01-16T00:00:00Z,ENJUSD,0.358,0.382,0.348,0.361,430426.09687386
2023-01-17T00:00:00Z,ENJUSD,0.362,0.374,0.351,0.361,234620.4193551
2023-01-18T00:00:00Z,ENJUSD,0.361,0.429,0.36,0.363,1120863.3498715414
2023-01-19T00:00:00Z,ENJUSD,0.365,0.46,0.354,0.411,2123985.2985474877
2023-01-20T00:00:00Z,ENJUSD,0.411,0.445,0.409,0.439,499265.23215263034
2023-01-21T00:00:00Z,ENJUSD,0.439,0.454,0.416,0.438,369961.36027634
2023-01-22T00:00:00Z,ENJUSD,0.44,0.454,0.42,0.432,264780.45761285996
2023-01-23T00:00:00Z,ENJUSD,0.433,0.447,0.424,0.431,375001.0526777801
2023-01-24T00:00:00Z,ENJUSD,0.43,0.445,0.392,0.403,546998.1794566999
2023-01-25T00:00:00Z,ENJUSD,0.402,0.431,0.394,0.426,152196.82420008996
2023-01-26T00:00:00Z,ENJUSD,0.426,0.43,0.411,0.418,117108.79733964999
2023-01-27T00:00:00Z,ENJUSD,0.412,0.425,0.402,0.424,94113.95755748005
2023-01-28T00:00:00Z,ENJUSD,0.43,0.501,0.427,0.461,368444.49159188
2023-01-29T00:00:00Z,ENJUSD,0.454,0.478,0.45,0.473,94944.46344336998
2023-01-30T00:00:00Z,ENJUSD,0.473,0.473,0.42,0.436,207308.75202020013
2023-01-31T00:00:00Z,ENJUSD,0.435,0.457,0.428,0.457,53660.15211938998
2023-02-01T00:00:00Z,ENJUSD,0.455,0.476,0.429,0.472,308251.78075981
2023-02-02T00:00:00Z,ENJUSD,0.479,0.487,0.452,0.459,422275.4627169301
2023-02-03T00:00:00Z,ENJUSD,0.462,0.473,0.456,0.472,209001.31375685005
2023-02-04T00:00:00Z,ENJUSD,0.472,0.489,0.464,0.476,86835.12747802003
2023-02-05T00:00:00Z,ENJUSD,0.475,0.492,0.445,0.456,98249.44332522004
2023-02-06T00:00:00Z,ENJUSD,0.459,0.485,0.45,0.462,328733.98780688
2023-02-07T00:00:00Z,ENJUSD,0.462,0.527,0.455,0.514,519792.5578066103
2023-02-08T00:00:00Z,ENJUSD,0.516,0.528,0.48,0.501,261913.97971212998
2023-02-09T00:00:00Z,ENJUSD,0.502,0.517,0.431,0.444,316761.5668613002
2023-02-10T00:00:00Z,ENJUSD,0.442,0.448,0.434,0.44,164802.47578316994
2023-02-11T00:00:00Z,ENJUSD,0.441,0.458,0.437,0.458,43029.78412774
2023-02-12T00:00:00Z,ENJUSD,0.461,0.465,0.439,0.447,518740.42315899016
2023-02-13T00:00:00Z,ENJUSD,0.448,0.451,0.412,0.427,327158.92819067027
2023-02-14T00:00:00Z,ENJUSD,0.429,0.442,0.42,0.441,241032.60070684005
2023-02-15T00:00:00Z,ENJUSD,0.446,0.482,0.439,0.482,111781.57403312
2023-02-16T00:00:00Z,ENJUSD,0.487,0.495,0.453,0.453,380946.30068754015
2023-02-17T00:00:00Z,ENJUSD,0.457,0.492,0.457,0.487,454684.7808868902
2023-02-18T00:00:00Z,ENJUSD,0.486,0.496,0.48,0.489,79139.53498969003
2023-02-19T00:00:00Z,ENJUSD,0.489,0.503,0.472,0.485,137765.63817340994
2023-02-20T00:00:00Z,ENJUSD,0.488,0.538,0.477,0.52,303491.68704093975
2023-02-21T00:00:00Z,ENJUSD,0.523,0.524,0.489,0.501,273381.07812631
2023-02-22T00:00:00Z,ENJUSD,0.503,0.504,0.47,0.485,246892.88186398003
2023-02-23T00:00:00Z,ENJUSD,0.494,0.567,0.494,0.544,380660.0206702099
2023-02-24T00:00:00Z,ENJUSD,0.542,0.542,0.492,0.499,104103.63863357001
2023-02-25T00:00:00Z,ENJUSD,0.499,0.5,0.459,0.471,247405.68225650993
2023-02-26T00:00:00Z,ENJUSD,0.472,0.496,0.463,0.49,217347.98646119985
2023-02-27T00:00:00Z,ENJUSD,0.487,0.488,0.468,0.483,135890.69444926
2023-02-28T00:00:00Z,ENJUSD,0.48,0.482,0.456,0.464,38965.28725996001
2023-03-01T00:00:00Z,ENJUSD,0.462,0.486,0.459,0.478,66962.79529908004
2023-03-02T00:00:00Z,ENJUSD,0.48,0.48,0.456,0.464,101531.74912153001
2023-03-03T00:00:00Z,ENJUSD,0.464,0.464,0.419,0.432,317804.42534621
2023-03-04T00:00:00Z,ENJUSD,0.436,0.438,0.414,0.422,62872.48292729001
2023-03-05T00:00:00Z,ENJUSD,0.424,0.434,0.415,0.418,28348.702185
2023-03-06T00:00:00Z,ENJUSD,0.415,0.426,0.407,0.426,89350.27625821001
2023-03-07T00:00:00Z,ENJUSD,0.426,0.446,0.419,0.43,124704.67570381
2023-03-08T00:00:00Z,ENJUSD,0.427,0.427,0.385,0.391,132591.72006340002
2023-03-09T00:00:00Z,ENJUSD,0.392,0.394,0.352,0.358,212473.83463295002
2023-03-10T00:00:00Z,ENJUSD,0.357,0.36,0.332,0.358,65676.45871904003
2023-03-11T00:00:00Z,ENJUSD,0.358,0.368,0.336,0.351,576157.2587443998
2023-03-12T00:00:00Z,ENJUSD,0.353,0.388,0.35,0.387,258518.53046198
2023-03-13T00:00:00Z,ENJUSD,0.39,0.411,0.376,0.407,508683.34702298016
2023-03-14T00:00:00Z,ENJUSD,0.407,0.442,0.402,0.431,475150.35325135005
2023-03-15T00:00:00Z,ENJUSD,0.435,0.443,0.383,0.387,179897.44824226006
2023-03-16T00:00:00Z,ENJUSD,0.385,0.395,0.38,0.391,191434.0204003599
2023-03-17T00:00:00Z,ENJUSD,0.395,0.424,0.386,0.422,283576.8910264199
2023-03-18T00:00:00Z,ENJUSD,0.426,0.439,0.407,0.41,91784.0386781799
2023-03-19T00:00:00Z,ENJUSD,0.411,0.435,0.411,0.425,120380.85433005998
2023-03-20T00:00:00Z,ENJUSD,0.425,0.437,0.395,0.4,122545.72643268
2023-03-21T00:00:00Z,ENJUSD,0.402,0.412,0.385,0.411,153172.53031
2023-03-22T00:00:00Z,ENJUSD,0.407,0.407,0.375,0.386,215610.57030692996
2023-03-23T00:00:00Z,ENJUSD,0.384,0.405,0.378,0.402,45555.32921951001
2023-03-24T00:00:00Z,ENJUSD,0.402,0.402,0.379,0.389,54900.61574969999
2023-03-25T00:00:00Z,ENJUSD,0.387,0.391,0.375,0.377,31733.144782129995
2023-03-26T00:00:00Z,ENJUSD,0.383,0.392,0.383,0.391,29509.083688899987
2023-03-27T00:00:00Z,ENJUSD,0.393,0.393,0.363,0.368,19124.50845616001
2023-03-28T00:00:00Z,ENJUSD,0.36,0.377,0.36,0.374,15864.647104829999
2023-03-29T00:00:00Z,ENJUSD,0.377,0.4,0.377,0.4,58816.14059871997
2023-03-30T00:00:00Z,ENJUSD,0.401,0.406,0.383,0.391,29005.525123520012
2023-03-31T00:00:00Z,ENJUSD,0.393,0.414,0.38,0.408,75209.35238685993
2023-04-01T00:00:00Z,ENJUSD,0.406,0.415,0.404,0.413,100344.76525122997
2023-04-02T00:00:00Z,ENJUSD,0.418,0.418,0.389,0.395,39255.864389730006
2023-04-03T00:00:00Z,ENJUSD,0.396,0.405,0.383,0.394,102223.41096085001
2023-04-04T00:00:00Z,ENJUSD,0.4,0.411,0.394,0.409,13914.21063408
2023-04-05T00:00:00Z,ENJUSD,0.406,0.432,0.406,0.428,59887.12094000002
2023-04-06T00:00:00Z,ENJUSD,0.424,0.427,0.413,0.418,17338.14656980001
2023-04-07T00:00:00Z,ENJUSD,0.419,0.5,0.419,0.475,820714.2966500883
2023-04-08T00:00:00Z,ENJUSD,0.471,0.476,0.439,0.439,160739.2102566901
2023-04-09T00:00:00Z,ENJUSD,0.44,0.446,0.428,0.443,114174.8323075401
2023-04-10T00:00:00Z,ENJUSD,0.443,0.443,0.422,0.438,197604.54306004007
2023-04-11T00:00:00Z,ENJUSD,0.437,0.438,0.43,0.432,88698.95573995993
2023-04-12T00:00:00Z,ENJUSD,0.432,0.433,0.408,0.423,142897.0857465599
2023-04-13T00:00:00Z,ENJUSD,0.419,0.434,0.416,0.434,62398.20436346002
2023-04-14T00:00:00Z,ENJUSD,0.435,0.45,0.427,0.449,86450.68640473993
2023-04-15T00:00:00Z,ENJUSD,0.45,0.452,0.44,0.446,28812.57090870997
2023-04-16T00:00:00Z,ENJUSD,0.445,0.456,0.439,0.451,130628.46720486
2023-04-17T00:00:00Z,ENJUSD,0.451,0.454,0.436,0.452,157070.73309421996
2023-04-18T00:00:00Z,ENJUSD,0.452,0.46,0.445,0.456,271143.16130089
2023-04-19T00:00:00Z,ENJUSD,0.455,0.455,0.399,0.407,191257.54315669017
2023-04-20T00:00:00Z,ENJUSD,0.409,0.419,0.393,0.4,82539.23567552
2023-04-21T00:00:00Z,ENJUSD,0.4,0.407,0.378,0.381,695659.6342531606
2023-04-22T00:00:00Z,ENJUSD,0.383,0.398,0.381,0.398,22987.826023609996
2023-04-23T00:00:00Z,ENJUSD,0.396,0.398,0.379,0.389,49393.98253263
2023-04-24T00:00:00Z,ENJUSD,0.391,0.395,0.385,0.392,45147.82107657
2023-04-25T00:00:00Z,ENJUSD,0.391,0.399,0.38,0.398,44189.84752379002
2023-04-26T00:00:00Z,ENJUSD,0.397,0.412,0.368,0.39,117423.65183130992
2023-04-27T00:00:00Z,ENJUSD,0.397,0.402,0.39,0.399,7419.473068609999
2023-04-28T00:00:00Z,ENJUSD,0.399,0.399,0.386,0.393,1345750.9017680888
2023-04-29T00:00:00Z,ENJUSD,0.394,0.4,0.393,0.396,21426.204409029997
2023-04-30T00:00:00Z,ENJUSD,0.394,0.396,0.384,0.388,20525.68762891
2023-05-01T00:00:00Z,ENJUSD,0.387,0.388,0.369,0.374,15903.466275910003
2023-05-02T00:00:00Z,ENJUSD,0.374,0.379,0.371,0.379,31735.796086260005
2023-05-03T00:00:00Z,ENJUSD,0.376,0.386,0.367,0.384,48583.92990589
2023-05-04T00:00:00Z,ENJUSD,0.385,0.387,0.378,0.379,94284.97603738996
2023-05-05T00:00:00Z,ENJUSD,0.38,0.387,0.377,0.387,31271.68120647
2023-05-06T00:00:00Z,ENJUSD,0.388,0.388,0.365,0.37,30303.78018551
2023-05-07T00:00:00Z,ENJUSD,0.368,0.37,0.366,0.368,6974.92132809
2023-05-08T00:00:00Z,ENJUSD,0.366,0.367,0.33,0.341,112681.84479881
2023-05-09T00:00:00Z,ENJUSD,0.342,0.347,0.341,0.343,67375.04064978998
2023-05-10T00:00:00Z,ENJUSD,0.345,0.354,0.334,0.352,220764.28694133987
2023-05-11T00:00:00Z,ENJUSD,0.346,0.346,0.326,0.335,34783.140823400005
2023-05-12T00:00:00Z,ENJUSD,0.331,0.338,0.32,0.337,22363.365100920008
2023-05-13T00:00:00Z,ENJUSD,0.333,0.337,0.331,0.336,10967.30177076
2023-05-14T00:00:00Z,ENJUSD,0.332,0.337,0.33,0.333,10304.927972810001
2023-05-15T00:00:00Z,ENJUSD,0.333,0.345,0.333,0.341,106402.83728855003
2023-05-16T00:00:00Z,ENJUSD,0.336,0.345,0.333,0.345,28312.491872379996
2023-05-17T00:00:00Z,ENJUSD,0.353,0.364,0.347,0.355,24679.663010049993
2023-05-18T00:00:00Z,ENJUSD,0.355,0.355,0.337,0.347,32969.383935330006
2023-05-19T00:00:00Z,ENJUSD,0.345,0.35,0.344,0.35,4272.47814554
2023-05-20T00:00:00Z,ENJUSD,0.342,0.348,0.342,0.346,11899.92043036
2023-05-21T00:00:00Z,ENJUSD,0.346,0.346,0.337,0.341,12597.273850570002
2023-05-22T00:00:00Z,ENJUSD,0.34,0.341,0.334,0.338,8776.359750309999
2023-05-23T00:00:00Z,ENJUSD,0.335,0.344,0.335,0.34,29719.181589579995
2023-05-24T00:00:00Z,ENJUSD,0.338,0.338,0.321,0.326,23773.640414980004
2023-05-25T00:00:00Z,ENJUSD,0.321,0.336,0.314,0.333,76904.64380247999
2023-05-26T00:00:00Z,ENJUSD,0.332,0.335,0.327,0.332,82429.23632769997
2023-05-27T00:00:00Z,ENJUSD,0.331,0.335,0.33,0.335,6519.5059829699985
2023-05-28T00:00:00Z,ENJUSD,0.336,0.346,0.336,0.343,26340.02718369
2023-05-29T00:00:00Z,ENJUSD,0.344,0.344,0.333,0.334,16925.12945179
2023-05-30T00:00:00Z,ENJUSD,0.333,0.339,0.33,0.336,14713.81452069
2023-05-31T00:00:00Z,ENJUSD,0.335,0.337,0.323,0.323,14630.766376710002
2023-06-01T00:00:00Z,ENJUSD,0.324,0.331,0.32,0.33,34315.63151949
2023-06-02T00:00:00Z,ENJUSD,0.33,0.333,0.33,0.332,24365.76949061
2023-06-03T00:00:00Z,ENJUSD,0.331,0.332,0.329,0.329,20919.22365017
2023-06-04T00:00:00Z,ENJUSD,0.331,0.339,0.329,0.337,47813.68379711
2023-06-05T00:00:00Z,ENJUSD,0.336,0.347,0.301,0.31,424660.22827754996
2023-06-06T00:00:00Z,ENJUSD,0.311,0.326,0.307,0.323,124885.85626571997
2023-06-07T00:00:00Z,ENJUSD,0.321,0.321,0.297,0.301,150305.59368582003
2023-06-08T00:00:00Z,ENJUSD,0.299,0.307,0.294,0.3,79572.71629267
2023-06-09T00:00:00Z,ENJUSD,0.3,0.301,0.287,0.289,87042.54298659002
2023-06-10T00:00:00Z,ENJUSD,0.291,0.291,0.229,0.251,797477.1334435199
2023-06-11T00:00:00Z,ENJUSD,0.251,0.255,0.247,0.251,30584.526528090002
2023-06-12T00:00:00Z,ENJUSD,0.249,0.255,0.245,0.254,31381.565709509996
2023-06-13T00:00:00Z,ENJUSD,0.253,0.263,0.251,0.256,268617.90357582003
2023-06-14T00:00:00Z,ENJUSD,0.257,0.262,0.243,0.247,104670.22079356003
2023-06-15T00:00:00Z,ENJUSD,0.247,0.256,0.243,0.253,55906.979836859995
2023-06-16T00:00:00Z,ENJUSD,0.253,0.261,0.249,0.259,27904.189661799992
2023-06-17T00:00:00Z,ENJUSD,0.258,0.266,0.258,0.259,21548.07868325
2023-06-18T00:00:00Z,ENJUSD,0.259,0.263,0.253,0.256,57159.42094795
2023-06-19T00:00:00Z,ENJUSD,0.257,0.261,0.253,0.258,153747.90051028004
2023-06-20T00:00:00Z,ENJUSD,0.259,0.268,0.253,0.267,42150.444331389976
2023-06-21T00:00:00Z,ENJUSD,0.268,0.285,0.268,0.283,158775.26407782003
2023-06-22T00:00:00Z,ENJUSD,0.284,0.29,0.278,0.28,68555.87775656
2023-06-23T00:00:00Z,ENJUSD,0.28,0.294,0.28,0.29,54750.338225809995
2023-06-24T00:00:00Z,ENJUSD,0.291,0.298,0.291,0.297,94582.87464499004
2023-06-25T00:00:00Z,ENJUSD,0.297,0.331,0.297,0.303,278633.70064770995
2023-06-26T00:00:00Z,ENJUSD,0.302,0.303,0.29,0.292,34077.804660090005
2023-06-27T00:00:00Z,ENJUSD,0.292,0.296,0.289,0.295,24291.56404475
2023-06-28T00:00:00Z,ENJUSD,0.297,0.297,0.269,0.278,93320.94248155007
2023-06-29T00:00:00Z,ENJUSD,0.276,0.296,0.276,0.282,89861.39498858998
2023-06-30T00:00:00Z,ENJUSD,0.281,0.3,0.273,0.297,148403.45348614006
2023-07-01T00:00:00Z,ENJUSD,0.298,0.317,0.293,0.317,245942.10448799998
2023-07-02T00:00:00Z,ENJUSD,0.318,0.318,0.304,0.312,160363.41432188003
2023-07-03T00:00:00Z,ENJUSD,0.312,0.32,0.31,0.317,118131.32148654001
2023-07-04T00:00:00Z,ENJUSD,0.319,0.327,0.31,0.315,90332.89935811002
2023-07-05T00:00:00Z,ENJUSD,0.315,0.344,0.307,0.31,220467.7975783199
2023-07-06T00:00:00Z,ENJUSD,0.308,0.316,0.293,0.294,134706.87442220995
2023-07-07T00:00:00Z,ENJUSD,0.291,0.297,0.29,0.294,59064.230917420005
2023-07-08T00:00:00Z,ENJUSD,0.294,0.297,0.291,0.294,31199.358193199998
2023-07-09T00:00:00Z,ENJUSD,0.297,0.297,0.29,0.29,27304.85816495
2023-07-10T00:00:00Z,ENJUSD,0.289,0.296,0.28,0.29,31231.25073318999
2023-07-11T00:00:00Z,ENJUSD,0.292,0.299,0.289,0.299,302504.7766123101
2023-07-12T00:00:00Z,ENJUSD,0.299,0.306,0.295,0.296,126474.55615416008
2023-07-13T00:00:00Z,ENJUSD,0.297,0.324,0.291,0.324,191789.03896207002
2023-07-14T00:00:00Z,ENJUSD,0.324,0.328,0.299,0.311,321417.1917416498
2023-07-15T00:00:00Z,ENJUSD,0.309,0.319,0.308,0.318,71143.38844901999
2023-07-16T00:00:00Z,ENJUSD,0.316,0.317,0.308,0.308,59753.683508949995
2023-07-17T00:00:00Z,ENJUSD,0.308,0.331,0.306,0.321,195171.64284425
2023-07-18T00:00:00Z,ENJUSD,0.32,0.323,0.304,0.309,61637.57880537
2023-07-19T00:00:00Z,ENJUSD,0.31,0.316,0.307,0.309,85860.28845638999
2023-07-20T00:00:00Z,ENJUSD,0.31,0.315,0.301,0.306,50207.36738055
2023-07-21T00:00:00Z,ENJUSD,0.305,0.31,0.304,0.309,109861.62249695997
2023-07-22T00:00:00Z,ENJUSD,0.309,0.313,0.304,0.306,40724.42733306999
2023-07-23T00:00:00Z,ENJUSD,0.306,0.322,0.306,0.321,57461.98979118
2023-07-24T00:00:00Z,ENJUSD,0.323,0.325,0.296,0.303,157403.07369843
2023-07-25T00:00:00Z,ENJUSD,0.302,0.31,0.302,0.304,66676.07813905
2023-07-26T00:00:00Z,ENJUSD,0.304,0.306,0.295,0.301,163934.5764705699
2023-07-27T00:00:00Z,ENJUSD,0.301,0.306,0.296,0.3,60778.00339317001
2023-07-28T00:00:00Z,ENJUSD,0.298,0.303,0.296,0.3,25518.94635704
2023-07-29T00:00:00Z,ENJUSD,0.302,0.306,0.302,0.306,27017.440129589995
2023-07-30T00:00:00Z,ENJUSD,0.307,0.31,0.291,0.304,87529.73305909
2023-07-31T00:00:00Z,ENJUSD,0.302,0.305,0.293,0.297,18529.404101019998
2023-08-01T00:00:00Z,ENJUSD,0.296,0.299,0.288,0.298,155326.27889211988
2023-08-02T00:00:00Z,ENJUSD,0.298,0.299,0.288,0.29,83482.11705687002
2023-08-03T00:00:00Z,ENJUSD,0.29,0.292,0.288,0.289,66766.67406989998
2023-08-04T00:00:00Z,ENJUSD,0.288,0.291,0.285,0.287,91757.02365831005
2023-08-05T00:00:00Z,ENJUSD,0.285,0.289,0.283,0.288,82049.47322039997
2023-08-06T00:00:00Z,ENJUSD,0.287,0.292,0.286,0.288,41020.333231280005
2023-08-07T00:00:00Z,ENJUSD,0.287,0.292,0.28,0.287,169491.02686659995
2023-08-08T00:00:00Z,ENJUSD,0.288,0.293,0.285,0.291,101005.20421722998
2023-08-09T00:00:00Z,ENJUSD,0.29,0.291,0.286,0.288,329637.7324083598
2023-08-10T00:00:00Z,ENJUSD,0.288,0.293,0.288,0.29,227170.77446868995
2023-08-11T00:00:00Z,ENJUSD,0.289,0.293,0.285,0.287,200930.5300185399
2023-08-12T00:00:00Z,ENJUSD,0.289,0.292,0.289,0.29,24530.99457317
2023-08-13T00:00:00Z,ENJUSD,0.29,0.296,0.289,0.292,77662.78424603002
2023-08-14T00:00:00Z,ENJUSD,0.292,0.295,0.287,0.289,42663.87228577998
2023-08-15T00:00:00Z,ENJUSD,0.29,0.29,0.264,0.276,222520.60289532
2023-08-16T00:00:00Z,ENJUSD,0.276,0.279,0.256,0.262,193931.34249060004
2023-08-17T00:00:00Z,ENJUSD,0.262,0.264,0.214,0.237,390582.1099046406
2023-08-18T00:00:00Z,ENJUSD,0.237,0.246,0.237,0.242,85535.17587018001
2023-08-19T00:00:00Z,ENJUSD,0.243,0.247,0.241,0.245,43390.602553209996
2023-08-20T00:00:00Z,ENJUSD,0.245,0.248,0.243,0.245,69267.29206149
2023-08-21T00:00:00Z,ENJUSD,0.244,0.245,0.233,0.24,86296.20028392
2023-08-22T00:00:00Z,ENJUSD,0.241,0.243,0.23,0.241,98667.67041636002
2023-08-23T00:00:00Z,ENJUSD,0.241,0.247,0.239,0.244,67397.06814462999
2023-08-24T00:00:00Z,ENJUSD,0.244,0.248,0.239,0.239,100664.35270098
2023-08-25T00:00:00Z,ENJUSD,0.242,0.242,0.237,0.24,19075.8063665
2023-08-26T00:00:00Z,ENJUSD,0.242,0.245,0.241,0.242,6880.469574630001
2023-08-27T00:00:00Z,ENJUSD,0.243,0.243,0.24,0.242,28126.688743389997
2023-08-28T00:00:00Z,ENJUSD,0.243,0.244,0.237,0.242,16695.97885772
2023-08-29T00:00:00Z,ENJUSD,0.241,0.254,0.235,0.253,151198.4112022599
2023-08-30T00:00:00Z,ENJUSD,0.252,0.252,0.245,0.245,19892.206644789992
2023-08-31T00:00:00Z,ENJUSD,0.245,0.247,0.233,0.234,115289.15797866006
2023-09-01T00:00:00Z,ENJUSD,0.232,0.235,0.224,0.229,154696.34352301
2023-09-02T00:00:00Z,ENJUSD,0.228,0.231,0.226,0.231,22612.96760194
2023-09-03T00:00:00Z,ENJUSD,0.232,0.234,0.229,0.23,16314.89618413
2023-09-04T00:00:00Z,ENJUSD,0.233,0.237,0.228,0.23,48802.078329120035
2023-09-05T00:00:00Z,ENJUSD,0.23,0.235,0.228,0.233,37191.69504077999
2023-09-06T00:00:00Z,ENJUSD,0.233,0.278,0.233,0.267,1245401.1434346412
2023-09-07T00:00:00Z,ENJUSD,0.269,0.282,0.255,0.259,189412.76337561
2023-09-08T00:00:00Z,ENJUSD,0.259,0.264,0.247,0.254,168759.89288176
2023-09-09T00:00:00Z,ENJUSD,0.253,0.255,0.248,0.25,87833.71336179996
2023-09-10T00:00:00Z,ENJUSD,0.25,0.252,0.233,0.236,193053.02521609986
2023-09-11T00:00:00Z,ENJUSD,0.235,0.259,0.234,0.24,300068.6042124
2023-09-12T00:00:00Z,ENJUSD,0.24,0.244,0.225,0.226,390593.69470952975
2023-09-13T00:00:00Z,ENJUSD,0.225,0.226,0.217,0.224,111988.33988554004
2023-09-14T00:00:00Z,ENJUSD,0.226,0.227,0.22,0.224,102484.66965901
2023-09-15T00:00:00Z,ENJUSD,0.225,0.233,0.223,0.232,96462.71838422002
2023-09-16T00:00:00Z,ENJUSD,0.232,0.237,0.229,0.232,86956.58382901004
2023-09-17T00:00:00Z,ENJUSD,0.233,0.233,0.22,0.222,134797.62287618
2023-09-18T00:00:00Z,ENJUSD,0.222,0.237,0.22,0.231,150817.07788322002
2023-09-19T00:00:00Z,ENJUSD,0.231,0.236,0.23,0.234,76525.38032231998
2023-09-20T00:00:00Z,ENJUSD,0.234,0.235,0.226,0.229,43036.39837882
2023-09-21T00:00:00Z,ENJUSD,0.229,0.229,0.222,0.227,104435.00970337998
2023-09-22T00:00:00Z,ENJUSD,0.227,0.23,0.226,0.23,144440.57287424008
2023-09-23T00:00:00Z,ENJUSD,0.23,0.231,0.227,0.228,63111.34099556
2023-09-24T00:00:00Z,ENJUSD,0.228,0.231,0.224,0.224,91350.97367193997
2023-09-25T00:00:00Z,ENJUSD,0.225,0.239,0.225,0.228,118542.74899765001
2023-09-26T00:00:00Z,ENJUSD,0.227,0.24,0.215,0.22,172130.34537445998
2023-09-27T00:00:00Z,ENJUSD,0.221,0.225,0.22,0.221,25270.073214009994
2023-09-28T00:00:00Z,ENJUSD,0.221,0.226,0.219,0.222,77957.35238038999
2023-09-29T00:00:00Z,ENJUSD,0.222,0.225,0.221,0.223,111760.41110868001
2023-09-30T00:00:00Z,ENJUSD,0.223,0.226,0.222,0.225,118154.48309731999
2023-10-01T00:00:00Z,ENJUSD,0.225,0.235,0.224,0.232,204634.43511678
2023-10-02T00:00:00Z,ENJUSD,0.233,0.233,0.221,0.224,130869.38673051007
2023-10-03T00:00:00Z,ENJUSD,0.224,0.228,0.22,0.221,163576.45720727995
2023-10-04T00:00:00Z,ENJUSD,0.221,0.228,0.217,0.226,81699.96765542
2023-10-05T00:00:00Z,ENJUSD,0.226,0.227,0.221,0.221,64996.74076865
2023-10-06T00:00:00Z,ENJUSD,0.222,0.227,0.22,0.226,105229.79713605001
2023-10-07T00:00:00Z,ENJUSD,0.227,0.227,0.222,0.223,76139.58915457003
2023-10-08T00:00:00Z,ENJUSD,0.222,0.229,0.221,0.227,42792.947036540005
2023-10-09T00:00:00Z,ENJUSD,0.227,0.24,0.217,0.219,498052.3452550499
2023-10-10T00:00:00Z,ENJUSD,0.218,0.224,0.213,0.214,168432.32950223004
2023-10-11T00:00:00Z,ENJUSD,0.216,0.222,0.213,0.216,79229.30123046998
2023-10-12T00:00:00Z,ENJUSD,0.215,0.215,0.209,0.211,97793.36048521998
2023-10-13T00:00:00Z,ENJUSD,0.212,0.212,0.209,0.21,58542.76851647
2023-10-14T00:00:00Z,ENJUSD,0.21,0.212,0.21,0.211,7161.674611799999
2023-10-15T00:00:00Z,ENJUSD,0.21,0.214,0.21,0.213,14086.523759819998
2023-10-16T00:00:00Z,ENJUSD,0.214,0.222,0.213,0.218,56195.06670021999
2023-10-17T00:00:00Z,ENJUSD,0.217,0.219,0.212,0.216,57413.12989566001
2023-10-18T00:00:00Z,ENJUSD,0.215,0.216,0.208,0.21,54348.78417952998
2023-10-19T00:00:00Z,ENJUSD,0.211,0.211,0.205,0.206,79774.00643047002
2023-10-20T00:00:00Z,ENJUSD,0.207,0.212,0.207,0.208,71449.06050980999
2023-10-21T00:00:00Z,ENJUSD,0.208,0.216,0.208,0.215,66307.64210358
2023-10-22T00:00:00Z,ENJUSD,0.216,0.22,0.211,0.22,179740.61455062998
2023-10-23T00:00:00Z,ENJUSD,0.221,0.232,0.218,0.229,353570.67024484987
2023-10-24T00:00:00Z,ENJUSD,0.23,0.244,0.228,0.237,262210.95891029
2023-10-25T00:00:00Z,ENJUSD,0.238,0.263,0.234,0.253,401685.0035257399
2023-10-26T00:00:00Z,ENJUSD,0.253,0.285,0.249,0.265,598154.6491414709
2023-10-27T00:00:00Z,ENJUSD,0.264,0.267,0.249,0.254,938952.6212480102
2023-10-28T00:00:00Z,ENJUSD,0.252,0.277,0.252,0.272,292480.22869341046
2023-10-29T00:00:00Z,ENJUSD,0.271,0.283,0.266,0.275,136227.2398661001
2023-10-30T00:00:00Z,ENJUSD,0.275,0.294,0.262,0.269,357976.5938982405
2023-10-31T00:00:00Z,ENJUSD,0.27,0.274,0.249,0.258,355251.3297673305
2023-11-01T00:00:00Z,ENJUSD,0.256,0.272,0.249,0.267,180505.8026382698
2023-11-02T00:00:00Z,ENJUSD,0.268,0.287,0.266,0.276,551356.4640563795
2023-11-03T00:00:00Z,ENJUSD,0.276,0.288,0.263,0.284,360178.22705862
2023-11-04T00:00:00Z,ENJUSD,0.282,0.292,0.277,0.291,360211.58536913013
2023-11-05T00:00:00Z,ENJUSD,0.293,0.303,0.286,0.296,196816.22033217995
2023-11-06T00:00:00Z,ENJUSD,0.296,0.312,0.29,0.309,160598.8784215798
2023-11-07T00:00:00Z,ENJUSD,0.31,0.33,0.304,0.321,595173.9500854583
2023-11-08T00:00:00Z,ENJUSD,0.324,0.328,0.298,0.308,446731.2529438694
2023-11-09T00:00:00Z,ENJUSD,0.31,0.33,0.278,0.293,439094.71465682844
2023-11-10T00:00:00Z,ENJUSD,0.293,0.38,0.284,0.299,633638.6285388988
2023-11-11T00:00:00Z,ENJUSD,0.299,0.345,0.289,0.304,497102.4855194789
2023-11-12T00:00:00Z,ENJUSD,0.307,0.33,0.294,0.309,626631.9658839011
2023-11-13T00:00:00Z,ENJUSD,0.308,0.322,0.29,0.293,509929.1541682291
2023-11-14T00:00:00Z,ENJUSD,0.295,0.31,0.275,0.288,517926.97584209056
2023-11-15T00:00:00Z,ENJUSD,0.289,0.319,0.279,0.301,882447.0064826396
2023-11-16T00:00:00Z,ENJUSD,0.299,0.321,0.28,0.288,749304.3286175007
2023-11-17T00:00:00Z,ENJUSD,0.288,0.32,0.268,0.287,658800.9810858401
2023-11-18T00:00:00Z,ENJUSD,0.29,0.305,0.269,0.284,406790.00836765004
2023-11-19T00:00:00Z,ENJUSD,0.286,0.32,0.273,0.293,519580.6164773695
2023-11-20T00:00:00Z,ENJUSD,0.291,0.309,0.28,0.287,532978.8832186303
2023-11-21T00:00:00Z,ENJUSD,0.287,0.319,0.265,0.269,551358.6037115407
2023-11-22T00:00:00Z,ENJUSD,0.267,0.295,0.265,0.289,297688.75418601
2023-11-23T00:00:00Z,ENJUSD,0.29,0.307,0.275,0.292,397313.73099787044
2023-11-24T00:00:00Z,ENJUSD,0.292,0.32,0.273,0.29,346855.81954355945
2023-11-25T00:00:00Z,ENJUSD,0.293,0.321,0.287,0.307,681817.9954907693
2023-11-26T00:00:00Z,ENJUSD,0.306,0.387,0.299,0.325,1494980.5230139426
2023-11-27T00:00:00Z,ENJUSD,0.325,0.345,0.291,0.311,726844.3178775491
2023-11-28T00:00:00Z,ENJUSD,0.312,0.322,0.287,0.313,576798.5669908212
2023-11-29T00:00:00Z,ENJUSD,0.315,0.337,0.295,0.297,503177.21803591005
2023-11-30T00:00:00Z,ENJUSD,0.297,0.311,0.293,0.305,389688.37531951
2023-12-01T00:00:00Z,ENJUSD,0.305,0.321,0.296,0.312,448580.4785833496
2023-12-02T00:00:00Z,ENJUSD,0.312,0.346,0.296,0.317,947985.5240112388
2023-12-03T00:00:00Z,ENJUSD,0.317,0.323,0.293,0.312,428445.5663099901
2023-12-04T00:00:00Z,ENJUSD,0.312,0.345,0.301,0.319,819840.5740992499
2023-12-05T00:00:00Z,ENJUSD,0.319,0.42,0.317,0.373,1838291.264796828
2023-12-06T00:00:00Z,ENJUSD,0.373,0.427,0.321,0.363,3249323.4635645477
2023-12-07T00:00:00Z,ENJUSD,0.363,0.394,0.352,0.369,1343092.721419514
2023-12-08T00:00:00Z,ENJUSD,0.369,0.405,0.359,0.379,1207656.2802496317
2023-12-09T00:00:00Z,ENJUSD,0.381,0.398,0.362,0.383,1276527.5794579587
2023-12-10T00:00:00Z,ENJUSD,0.382,0.4,0.369,0.378,1041919.2651615891
2023-12-11T00:00:00Z,ENJUSD,0.379,0.379,0.337,0.353,1861826.7639082908
2023-12-12T00:00:00Z,ENJUSD,0.356,0.4,0.344,0.37,2469876.300460073
2023-12-13T00:00:00Z,ENJUSD,0.369,0.387,0.32,0.367,1450905.4071434713
2023-12-14T00:00:00Z,ENJUSD,0.367,0.378,0.353,0.366,858310.4597377488
2023-12-15T00:00:00Z,ENJUSD,0.369,0.375,0.345,0.353,353489.1125454909
2023-12-16T00:00:00Z,ENJUSD,0.353,0.446,0.349,0.356,554373.8606169799
2023-12-17T00:00:00Z,ENJUSD,0.358,0.377,0.349,0.361,574675.6730893487
2023-12-18T00:00:00Z,ENJUSD,0.36,0.36,0.33,0.349,1054202.620521328
2023-12-19T00:00:00Z,ENJUSD,0.347,0.364,0.338,0.344,563587.2165846704
2023-12-20T00:00:00Z,ENJUSD,0.344,0.364,0.341,0.355,954384.5259257611
2023-12-21T00:00:00Z,ENJUSD,0.355,0.379,0.348,0.366,786973.893508111
2023-12-22T00:00:00Z,ENJUSD,0.367,0.377,0.358,0.374,552867.3228385907
2023-12-23T00:00:00Z,ENJUSD,0.373,0.41,0.36,0.383,681346.1493120708
2023-12-24T00:00:00Z,ENJUSD,0.382,0.397,0.371,0.384,667683.6176436811
2023-12-25T00:00:00Z,ENJUSD,0.384,0.41,0.379,0.397,627777.1253614103
2023-12-26T00:00:00Z,ENJUSD,0.397,0.424,0.389,0.408,1001552.0202667897
2023-12-27T00:00:00Z,ENJUSD,0.407,0.429,0.383,0.41,890410.5979490998
2023-12-28T00:00:00Z,ENJUSD,0.41,0.417,0.389,0.392,696675.6470858703
2023-12-29T00:00:00Z,ENJUSD,0.394,0.4,0.371,0.376,667992.4795124888
2023-12-30T00:00:00Z,ENJUSD,0.375,0.382,0.363,0.376,376933.20126728015
2023-12-31T00:00:00Z,ENJUSD,0.376,0.398,0.371,0.383,525669.6555320002
2024-01-01T00:00:00Z,ENJUSD,0.386,0.436,0.375,0.397,605779.2639013506
2024-01-02T00:00:00Z,ENJUSD,0.395,0.434,0.388,0.396,745664.8384309303
2024-01-03T00:00:00Z,ENJUSD,0.394,0.402,0.346,0.361,1041340.7685577216
2024-01-04T00:00:00Z,ENJUSD,0.361,0.373,0.344,0.356,942295.9178626207
2024-01-05T00:00:00Z,ENJUSD,0.358,0.361,0.336,0.342,669647.7939953104
2024-01-06T00:00:00Z,ENJUSD,0.342,0.343,0.321,0.325,475629.32404182054
2024-01-07T00:00:00Z,ENJUSD,0.326,0.388,0.325,0.343,1142968.3596658518
2024-01-08T00:00:00Z,ENJUSD,0.344,0.36,0.306,0.333,1614929.0792530829
2024-01-09T00:00:00Z,ENJUSD,0.331,0.363,0.312,0.328,1255917.0855317095
2024-01-10T00:00:00Z,ENJUSD,0.329,0.372,0.316,0.355,1189860.805938583
2024-01-11T00:00:00Z,ENJUSD,0.356,0.394,0.343,0.359,2371266.6843215544
2024-01-12T00:00:00Z,ENJUSD,0.361,0.392,0.346,0.36,859100.3368394616
2024-01-13T00:00:00Z,ENJUSD,0.358,0.415,0.346,0.379,684930.3956932303
2024-01-14T00:00:00Z,ENJUSD,0.378,0.379,0.346,0.347,338344.78949637024
2024-01-15T00:00:00Z,ENJUSD,0.349,0.369,0.34,0.341,395991.10838682944
2024-01-16T00:00:00Z,ENJUSD,0.343,0.362,0.337,0.346,616051.3765303418
2024-01-17T00:00:00Z,ENJUSD,0.345,0.355,0.329,0.334,455582.87356830953
2024-01-18T00:00:00Z,ENJUSD,0.335,0.337,0.31,0.314,612850.4035098903
2024-01-19T00:00:00Z,ENJUSD,0.314,0.329,0.307,0.315,363502.73303583905
2024-01-20T00:00:00Z,ENJUSD,0.314,0.334,0.312,0.322,229908.6764733798
2024-01-21T00:00:00Z,ENJUSD,0.322,0.334,0.313,0.322,208792.17858600986
2024-01-22T00:00:00Z,ENJUSD,0.322,0.323,0.304,0.304,336506.07768946
2024-01-23T00:00:00Z,ENJUSD,0.306,0.317,0.297,0.306,278584.31220166996
2024-01-24T00:00:00Z,ENJUSD,0.307,0.344,0.288,0.299,905850.2254614909
2024-01-25T00:00:00Z,ENJUSD,0.3,0.329,0.29,0.3,443556.7646432207
2024-01-26T00:00:00Z,ENJUSD,0.302,0.31,0.284,0.303,521434.8343874198
2024-01-27T00:00:00Z,ENJUSD,0.306,0.319,0.303,0.307,215248.35420783985
2024-01-28T00:00:00Z,ENJUSD,0.308,0.311,0.304,0.304,165894.82636469998
2024-01-29T00:00:00Z,ENJUSD,0.304,0.307,0.295,0.304,268001.3202901303
2024-01-30T00:00:00Z,ENJUSD,0.302,0.318,0.299,0.304,269516.72061448015
2024-01-31T00:00:00Z,ENJUSD,0.304,0.31,0.295,0.295,231691.74788203006
2024-02-01T00:00:00Z,ENJUSD,0.297,0.305,0.287,0.303,252785.93358497033
2024-02-02T00:00:00Z,ENJUSD,0.304,0.304,0.291,0.298,211656.80828824974
2024-02-03T00:00:00Z,ENJUSD,0.298,0.307,0.297,0.299,116971.76247102012
2024-02-04T00:00:00Z,ENJUSD,0.298,0.301,0.289,0.29,170044.72835811967
2024-02-05T00:00:00Z,ENJUSD,0.291,0.299,0.287,0.294,251975.72742604002
2024-02-06T00:00:00Z,ENJUSD,0.295,0.299,0.289,0.291,224192.3904346699
2024-02-07T00:00:00Z,ENJUSD,0.293,0.293,0.284,0.293,293034.37833461
2024-02-08T00:00:00Z,ENJUSD,0.293,0.31,0.292,0.298,268863.56946841045
2024-02-09T00:00:00Z,ENJUSD,0.298,0.339,0.297,0.316,478449.00665324024
2024-02-10T00:00:00Z,ENJUSD,0.317,0.318,0.306,0.313,162113.4632226898
2024-02-11T00:00:00Z,ENJUSD,0.313,0.32,0.306,0.31,184613.1292564801
2024-02-12T00:00:00Z,ENJUSD,0.31,0.324,0.298,0.319,741177.402595901
2024-02-13T00:00:00Z,ENJUSD,0.319,0.321,0.304,0.313,264031.21353044
2024-02-14T00:00:00Z,ENJUSD,0.313,0.338,0.312,0.332,357350.34823737026
2024-02-15T00:00:00Z,ENJUSD,0.333,0.34,0.325,0.329,566610.3939994504
2024-02-16T00:00:00Z,ENJUSD,0.329,0.34,0.325,0.335,410879.58014818997
2024-02-17T00:00:00Z,ENJUSD,0.335,0.335,0.314,0.326,243005.61380892014
2024-02-18T00:00:00Z,ENJUSD,0.326,0.334,0.321,0.331,187175.92430189002
2024-02-19T00:00:00Z,ENJUSD,0.333,0.378,0.33,0.371,798258.092178862
2024-02-20T00:00:00Z,ENJUSD,0.372,0.387,0.344,0.361,861523.2340233523
2024-02-21T00:00:00Z,ENJUSD,0.359,0.36,0.323,0.335,461751.22590979096
2024-02-22T00:00:00Z,ENJUSD,0.336,0.348,0.327,0.338,448192.56724341965
2024-02-23T00:00:00Z,ENJUSD,0.336,0.37,0.331,0.346,476179.1428521797
2024-02-24T00:00:00Z,ENJUSD,0.345,0.369,0.34,0.356,518472.02675908996
2024-02-25T00:00:00Z,ENJUSD,0.358,0.364,0.347,0.363,305295.80424222007
2024-02-26T00:00:00Z,ENJUSD,0.363,0.419,0.358,0.367,768548.6144600188
2024-02-27T00:00:00Z,ENJUSD,0.366,0.432,0.364,0.423,883230.5204300284
2024-02-28T00:00:00Z,ENJUSD,0.424,0.435,0.39,0.412,1204633.6695389012
2024-02-29T00:00:00Z,ENJUSD,0.411,0.489,0.407,0.425,874596.4989453999
2024-03-01T00:00:00Z,ENJUSD,0.427,0.475,0.425,0.465,1114394.8421558787
2024-03-02T00:00:00Z,ENJUSD,0.464,0.53,0.455,0.525,1079380.7088423672
2024-03-03T00:00:00Z,ENJUSD,0.523,0.557,0.48,0.517,855492.1013125574
2024-03-04T00:00:00Z,ENJUSD,0.516,0.6,0.508,0.578,970196.1680282119
2024-03-05T00:00:00Z,ENJUSD,0.574,0.587,0.457,0.508,1373934.7345564666
2024-03-06T00:00:00Z,ENJUSD,0.507,0.551,0.483,0.541,735152.18065657
2024-03-07T00:00:00Z,ENJUSD,0.543,0.597,0.517,0.568,674354.7079630707
2024-03-08T00:00:00Z,ENJUSD,0.568,0.619,0.532,0.59,823187.7460981717
2024-03-09T00:00:00Z,ENJUSD,0.589,0.649,0.586,0.635,791107.1383133803
2024-03-10T00:00:00Z,ENJUSD,0.633,0.72,0.625,0.673,1377560.6075303173
2024-03-11T00:00:00Z,ENJUSD,0.673,0.716,0.626,0.693,1048488.2636927698
2024-03-12T00:00:00Z,ENJUSD,0.696,0.72,0.628,0.671,920832.7611847306
2024-03-13T00:00:00Z,ENJUSD,0.67,0.696,0.645,0.663,513101.4225085111
2024-03-14T00:00:00Z,ENJUSD,0.665,0.672,0.583,0.626,1147147.182976617
2024-03-15T00:00:00Z,ENJUSD,0.625,0.628,0.527,0.581,933485.3260868652
2024-03-16T00:00:00Z,ENJUSD,0.583,0.62,0.515,0.536,583580.1405454825
2024-03-17T00:00:00Z,ENJUSD,0.536,0.596,0.5,0.588,809024.8467535865
2024-03-18T00:00:00Z,ENJUSD,0.585,0.636,0.498,0.533,873573.2304338817
2024-03-19T00:00:00Z,ENJUSD,0.533,0.535,0.458,0.478,960834.4898367717
2024-03-20T00:00:00Z,ENJUSD,0.476,0.535,0.45,0.521,1104467.342591301
2024-03-21T00:00:00Z,ENJUSD,0.52,0.521,0.494,0.506,389535.2502709799
2024-03-22T00:00:00Z,ENJUSD,0.506,0.541,0.47,0.486,345168.4017815803
2024-03-23T00:00:00Z,ENJUSD,0.485,0.515,0.483,0.489,248753.44517949995
2024-03-24T00:00:00Z,ENJUSD,0.488,0.507,0.481,0.505,169542.52347562995
2024-03-25T00:00:00Z,ENJUSD,0.504,0.526,0.497,0.519,342191.6808338698
2024-03-26T00:00:00Z,ENJUSD,0.52,0.55,0.513,0.521,392556.0498981797
2024-03-27T00:00:00Z,ENJUSD,0.524,0.532,0.487,0.498,325734.0358405999
2024-03-28T00:00:00Z,ENJUSD,0.499,0.521,0.49,0.5,200910.35025940026
2024-03-29T00:00:00Z,ENJUSD,0.499,0.508,0.487,0.496,233215.39895722998
2024-03-30T00:00:00Z,ENJUSD,0.497,0.506,0.49,0.493,174907.56697202008
2024-03-31T00:00:00Z,ENJUSD,0.49,0.508,0.49,0.507,115613.49688991994
2024-04-01T00:00:00Z,ENJUSD,0.505,0.507,0.456,0.473,374806.9414995296
2024-04-02T00:00:00Z,ENJUSD,0.473,0.473,0.426,0.437,404793.1526395599
2024-04-03T00:00:00Z,ENJUSD,0.435,0.458,0.423,0.437,434788.33288487996
2024-04-04T00:00:00Z,ENJUSD,0.439,0.453,0.426,0.443,275387.94581084
2024-04-05T00:00:00Z,ENJUSD,0.442,0.443,0.414,0.432,261130.09325103
2024-04-06T00:00:00Z,ENJUSD,0.431,0.455,0.43,0.446,131786.68675524002
2024-04-07T00:00:00Z,ENJUSD,0.444,0.452,0.444,0.448,88791.79240672
2024-04-08T00:00:00Z,ENJUSD,0.447,0.479,0.439,0.477,188563.8158194799
2024-04-09T00:00:00Z,ENJUSD,0.476,0.524,0.45,0.453,429887.21442541986
2024-04-10T00:00:00Z,ENJUSD,0.453,0.458,0.427,0.445,301008.82706812996
2024-04-11T00:00:00Z,ENJUSD,0.445,0.464,0.44,0.444,162850.05123396986
2024-04-12T00:00:00Z,ENJUSD,0.447,0.454,0.349,0.362,1419442.3334384407
2024-04-13T00:00:00Z,ENJUSD,0.361,0.367,0.282,0.31,2108221.807474942
2024-04-14T00:00:00Z,ENJUSD,0.312,0.34,0.298,0.336,633921.8443004402
2024-04-15T00:00:00Z,ENJUSD,0.335,0.354,0.308,0.318,378418.48091785016
2024-04-16T00:00:00Z,ENJUSD,0.317,0.372,0.303,0.323,319063.61652828037
2024-04-17T00:00:00Z,ENJUSD,0.322,0.351,0.302,0.318,343738.6371818501
2024-04-18T00:00:00Z,ENJUSD,0.319,0.331,0.311,0.327,241630.20840025996
2024-04-19T00:00:00Z,ENJUSD,0.326,0.341,0.301,0.335,315183.3629674703
2024-04-20T00:00:00Z,ENJUSD,0.332,0.357,0.33,0.355,137782.78049252002
2024-04-21T00:00:00Z,ENJUSD,0.353,0.358,0.334,0.342,210532.64539647018
2024-04-22T00:00:00Z,ENJUSD,0.344,0.366,0.34,0.357,214097.89615584
2024-04-23T00:00:00Z,ENJUSD,0.358,0.362,0.348,0.355,141626.46052823
2024-04-24T00:00:00Z,ENJUSD,0.353,0.373,0.34,0.355,515684.82004422037
2024-04-25T00:00:00Z,ENJUSD,0.357,0.368,0.34,0.345,333907.8093033701
2024-04-26T00:00:00Z,ENJUSD,0.347,0.35,0.331,0.342,173811.34367096995
2024-04-27T00:00:00Z,ENJUSD,0.34,0.341,0.323,0.334,147298.96792942
2024-04-28T00:00:00Z,ENJUSD,0.334,0.344,0.328,0.329,269852.4122623599
2024-04-29T00:00:00Z,ENJUSD,0.331,0.331,0.313,0.32,150346.12912584996
2024-04-30T00:00:00Z,ENJUSD,0.319,0.323,0.295,0.304,267921.8248150401
2024-05-01T00:00:00Z,ENJUSD,0.306,0.321,0.29,0.316,299277.14158520993
2024-05-02T00:00:00Z,ENJUSD,0.316,0.321,0.298,0.317,353690.32815810986
2024-05-03T00:00:00Z,ENJUSD,0.316,0.325,0.306,0.325,275473.4365521706
2024-05-04T00:00:00Z,ENJUSD,0.324,0.34,0.324,0.337,201343.31673690013
2024-05-05T00:00:00Z,ENJUSD,0.339,0.339,0.325,0.33,88975.29738172998
2024-05-06T00:00:00Z,ENJUSD,0.329,0.341,0.322,0.325,203844.51884987977
2024-05-07T00:00:00Z,ENJUSD,0.325,0.339,0.306,0.31,308696.4683231403
2024-05-08T00:00:00Z,ENJUSD,0.312,0.315,0.304,0.308,144716.89429824994
2024-05-09T00:00:00Z,ENJUSD,0.307,0.327,0.297,0.316,239713.10130906026
2024-05-10T00:00:00Z,ENJUSD,0.314,0.32,0.302,0.309,176530.78216490004
2024-05-11T00:00:00Z,ENJUSD,0.31,0.316,0.3,0.306,33975.41523782001
2024-05-12T00:00:00Z,ENJUSD,0.304,0.31,0.3,0.305,57239.831575379976
2024-05-13T00:00:00Z,ENJUSD,0.306,0.361,0.303,0.318,396478.9074813109
2024-05-14T00:00:00Z,ENJUSD,0.318,0.32,0.277,0.285,1275210.5859511269
2024-05-15T00:00:00Z,ENJUSD,0.284,0.302,0.266,0.301,520333.8119063003
2024-05-16T00:00:00Z,ENJUSD,0.301,0.304,0.291,0.299,134161.61779247
2024-05-17T00:00:00Z,ENJUSD,0.299,0.326,0.298,0.319,154250.83546887006
2024-05-18T00:00:00Z,ENJUSD,0.32,0.324,0.317,0.323,107676.73951271999
2024-05-19T00:00:00Z,ENJUSD,0.323,0.329,0.307,0.309,165656.52265191017
2024-05-20T00:00:00Z,ENJUSD,0.309,0.335,0.305,0.333,281125.75902585976
2024-05-21T00:00:00Z,ENJUSD,0.334,0.363,0.332,0.356,441344.5125104202
2024-05-22T00:00:00Z,ENJUSD,0.357,0.38,0.353,0.357,447753.3888501395
2024-05-23T00:00:00Z,ENJUSD,0.358,0.367,0.323,0.348,555595.703313161
2024-05-24T00:00:00Z,ENJUSD,0.349,0.365,0.341,0.349,317619.3372671002
2024-05-25T00:00:00Z,ENJUSD,0.35,0.355,0.344,0.351,163603.13023906012
2024-05-26T00:00:00Z,ENJUSD,0.35,0.354,0.338,0.34,89213.07988293993
2024-05-27T00:00:00Z,ENJUSD,0.342,0.388,0.339,0.384,503959.6497882701
2024-05-28T00:00:00Z,ENJUSD,0.386,0.397,0.359,0.365,490665.7757177403
2024-05-29T00:00:00Z,ENJUSD,0.366,0.38,0.357,0.358,386462.3329044199
2024-05-30T00:00:00Z,ENJUSD,0.359,0.37,0.351,0.355,96744.06594197999
2024-05-31T00:00:00Z,ENJUSD,0.354,0.355,0.309,0.317,1260892.09398047
2024-06-01T00:00:00Z,ENJUSD,0.316,0.319,0.309,0.312,545841.2621699197
2024-06-02T00:00:00Z,ENJUSD,0.312,0.315,0.292,0.299,247653.12317868983
2024-06-03T00:00:00Z,ENJUSD,0.298,0.312,0.296,0.299,200847.47344015996
2024-06-04T00:00:00Z,ENJUSD,0.299,0.306,0.293,0.296,549780.31902403
2024-06-05T00:00:00Z,ENJUSD,0.296,0.307,0.296,0.303,255394.32910468007
2024-06-06T00:00:00Z,ENJUSD,0.304,0.306,0.294,0.3,146226.00969024998
2024-06-07T00:00:00Z,ENJUSD,0.3,0.301,0.254,0.271,1445625.8210206628
2024-06-08T00:00:00Z,ENJUSD,0.269,0.28,0.251,0.253,751560.8728353408
2024-06-09T00:00:00Z,ENJUSD,0.255,0.265,0.251,0.259,316830.89781496994
2024-06-10T00:00:00Z,ENJUSD,0.258,0.266,0.248,0.252,651170.8345482199
2024-06-11T00:00:00Z,ENJUSD,0.253,0.254,0.23,0.235,225361.84396824986
2024-06-12T00:00:00Z,ENJUSD,0.236,0.245,0.231,0.24,2483028.7315983595
2024-06-13T00:00:00Z,ENJUSD,0.24,0.24,0.223,0.227,318754.47681137
2024-06-14T00:00:00Z,ENJUSD,0.226,0.229,0.205,0.213,1173290.865745869
2024-06-15T00:00:00Z,ENJUSD,0.214,0.22,0.213,0.215,261788.37395244002
2024-06-16T00:00:00Z,ENJUSD,0.214,0.238,0.212,0.221,372218.38798983
2024-06-17T00:00:00Z,ENJUSD,0.22,0.222,0.2,0.206,600287.0040367795
2024-06-18T00:00:00Z,ENJUSD,0.207,0.209,0.182,0.188,1786506.251892829
2024-06-19T00:00:00Z,ENJUSD,0.188,0.197,0.185,0.191,731485.2746813498
2024-06-20T00:00:00Z,ENJUSD,0.191,0.204,0.191,0.192,831128.7696960494
2024-06-21T00:00:00Z,ENJUSD,0.192,0.207,0.19,0.194,2259640.3194216792
2024-06-22T00:00:00Z,ENJUSD,0.194,0.199,0.191,0.192,442846.09599828604
2024-06-23T00:00:00Z,ENJUSD,0.192,0.197,0.184,0.19,810489.3423112897
2024-06-24T00:00:00Z,ENJUSD,0.191,0.201,0.181,0.2,714554.9348877991
2024-06-25T00:00:00Z,ENJUSD,0.2,0.209,0.199,0.205,375656.43311795016
2024-06-26T00:00:00Z,ENJUSD,0.204,0.207,0.199,0.2,251416.35239646005
2024-06-27T00:00:00Z,ENJUSD,0.201,0.204,0.195,0.196,956778.8714000982
2024-06-28T00:00:00Z,ENJUSD,0.196,0.198,0.19,0.191,522425.46490196045
2024-06-29T00:00:00Z,ENJUSD,0.191,0.195,0.186,0.186,250966.57552265012
2024-06-30T00:00:00Z,ENJUSD,0.187,0.195,0.185,0.194,513049.3014765101
2024-07-01T00:00:00Z,ENJUSD,0.194,0.199,0.193,0.194,176742.06467032988
2024-07-02T00:00:00Z,ENJUSD,0.193,0.199,0.191,0.191,462758.5247518801
2024-07-03T00:00:00Z,ENJUSD,0.192,0.193,0.183,0.186,464322.62033516995
2024-07-04T00:00:00Z,ENJUSD,0.186,0.186,0.158,0.16,781923.1951761501
2024-07-05T00:00:00Z,ENJUSD,0.159,0.17,0.135,0.165,4109225.4148974377
2024-07-06T00:00:00Z,ENJUSD,0.165,0.175,0.16,0.172,381881.92403589
2024-07-07T00:00:00Z,ENJUSD,0.172,0.172,0.159,0.16,489090.4897853503
2024-07-08T00:00:00Z,ENJUSD,0.161,0.169,0.152,0.164,972731.9736904704
2024-07-09T00:00:00Z,ENJUSD,0.162,0.169,0.162,0.166,279741.81868566986
2024-07-10T00:00:00Z,ENJUSD,0.166,0.17,0.164,0.168,443046.144392449
2024-07-11T00:00:00Z,ENJUSD,0.167,0.173,0.162,0.163,294354.78517066996
2024-07-12T00:00:00Z,ENJUSD,0.163,0.167,0.16,0.165,197665.7478821499
2024-07-13T00:00:00Z,ENJUSD,0.165,0.176,0.16,0.169,1269346.9658835798
2024-07-14T00:00:00Z,ENJUSD,0.169,0.184,0.169,0.177,646678.62740984
2024-07-15T00:00:00Z,ENJUSD,0.178,0.189,0.177,0.188,1475484.9072170602
2024-07-16T00:00:00Z,ENJUSD,0.187,0.194,0.18,0.194,494824.67985905975
2024-07-17T00:00:00Z,ENJUSD,0.192,0.204,0.191,0.198,911467.3310800294
2024-07-18T00:00:00Z,ENJUSD,0.199,0.202,0.188,0.192,448998.92204649985
2024-07-19T00:00:00Z,ENJUSD,0.193,0.205,0.189,0.203,603360.17727585
2024-07-20T00:00:00Z,ENJUSD,0.203,0.207,0.202,0.203,702790.9194255308
2024-07-21T00:00:00Z,ENJUSD,0.203,0.205,0.192,0.204,200959.75744338997
2024-07-22T00:00:00Z,ENJUSD,0.204,0.205,0.193,0.194,279068.32984368
2024-07-23T00:00:00Z,ENJUSD,0.195,0.198,0.181,0.183,136274.6731233
2024-07-24T00:00:00Z,ENJUSD,0.183,0.196,0.18,0.18,948616.3769432898
2024-07-25T00:00:00Z,ENJUSD,0.182,0.182,0.172,0.182,607357.9752084303
2024-07-26T00:00:00Z,ENJUSD,0.181,0.19,0.181,0.189,846697.1555040997
2024-07-27T00:00:00Z,ENJUSD,0.189,0.191,0.184,0.189,244219.01242295015
2024-07-28T00:00:00Z,ENJUSD,0.188,0.188,0.184,0.185,34456.47749292
2024-07-29T00:00:00Z,ENJUSD,0.185,0.194,0.185,0.186,197696.55366491002
2024-07-30T00:00:00Z,ENJUSD,0.185,0.191,0.178,0.181,386266.8769383001
2024-07-31T00:00:00Z,ENJUSD,0.181,0.183,0.173,0.175,142792.5442839699
2024-08-01T00:00:00Z,ENJUSD,0.175,0.178,0.163,0.178,314298.0518496702
2024-08-02T00:00:00Z,ENJUSD,0.173,0.174,0.159,0.161,295301.4647599601
2024-08-03T00:00:00Z,ENJUSD,0.162,0.167,0.151,0.153,221938.52136670012
2024-08-04T00:00:00Z,ENJUSD,0.153,0.156,0.139,0.145,362113.2192315903
2024-08-05T00:00:00Z,ENJUSD,0.145,0.153,0.121,0.137,1431631.5206704296
2024-08-06T00:00:00Z,ENJUSD,0.138,0.152,0.134,0.136,3004457.5906975404
2024-08-07T00:00:00Z,ENJUSD,0.136,0.143,0.123,0.126,1363437.9720918299
2024-08-08T00:00:00Z,ENJUSD,0.128,0.144,0.124,0.143,702667.5149430403
2024-08-09T00:00:00Z,ENJUSD,0.142,0.144,0.136,0.14,443523.5953479697
2024-08-10T00:00:00Z,ENJUSD,0.141,0.143,0.139,0.141,93242.36858615003
2024-08-11T00:00:00Z,ENJUSD,0.141,0.144,0.132,0.133,215810.97085184001
2024-08-12T00:00:00Z,ENJUSD,0.133,0.144,0.131,0.139,555005.2702927496
2024-08-13T00:00:00Z,ENJUSD,0.139,0.143,0.136,0.141,720035.70745888
2024-08-14T00:00:00Z,ENJUSD,0.141,0.143,0.134,0.136,115150.97933886996
2024-08-15T00:00:00Z,ENJUSD,0.136,0.138,0.129,0.131,347968.9692465199
2024-08-16T00:00:00Z,ENJUSD,0.132,0.134,0.129,0.133,31249.539811229995
2024-08-17T00:00:00Z,ENJUSD,0.132,0.135,0.129,0.135,203483.68698993992
2024-08-18T00:00:00Z,ENJUSD,0.134,0.144,0.133,0.139,112777.59023233001
2024-08-19T00:00:00Z,ENJUSD,0.138,0.141,0.136,0.139,89657.07846578001
2024-08-20T00:00:00Z,ENJUSD,0.14,0.145,0.139,0.143,207325.69721162997
2024-08-21T00:00:00Z,ENJUSD,0.143,0.148,0.137,0.146,259356.9461339099
2024-08-22T00:00:00Z,ENJUSD,0.146,0.151,0.145,0.15,296114.62696528
2024-08-23T00:00:00Z,ENJUSD,0.15,0.165,0.149,0.16,590644.5002444598
2024-08-24T00:00:00Z,ENJUSD,0.162,0.17,0.159,0.164,385893.0677810702
2024-08-25T00:00:00Z,ENJUSD,0.163,0.165,0.158,0.162,208413.26580022
2024-08-26T00:00:00Z,ENJUSD,0.161,0.163,0.153,0.153,104039.33998412
2024-08-27T00:00:00Z,ENJUSD,0.154,0.156,0.14,0.143,148509.7020796799
2024-08-28T00:00:00Z,ENJUSD,0.142,0.148,0.138,0.142,340422.3861218498
2024-08-29T00:00:00Z,ENJUSD,0.142,0.149,0.14,0.143,362478.1258854202
2024-08-30T00:00:00Z,ENJUSD,0.144,0.146,0.135,0.144,282143.1166323701
2024-08-31T00:00:00Z,ENJUSD,0.145,0.145,0.138,0.138,47151.27233597001
2024-09-01T00:00:00Z,ENJUSD,0.139,0.139,0.132,0.132,280340.29441462003
2024-09-02T00:00:00Z,ENJUSD,0.133,0.139,0.132,0.138,162436.98390195004
2024-09-03T00:00:00Z,ENJUSD,0.138,0.142,0.134,0.134,332207.1403643298
2024-09-04T00:00:00Z,ENJUSD,0.135,0.14,0.129,0.139,437153.12261853006
2024-09-05T00:00:00Z,ENJUSD,0.139,0.14,0.132,0.134,134390.71480732007
2024-09-06T00:00:00Z,ENJUSD,0.134,0.139,0.127,0.133,371074.00332422013
2024-09-07T00:00:00Z,ENJUSD,0.132,0.134,0.131,0.133,235561.90322864
2024-09-08T00:00:00Z,ENJUSD,0.133,0.139,0.133,0.138,296414.8645222
2024-09-09T00:00:00Z,ENJUSD,0.139,0.15,0.138,0.149,933680.1166581392
2024-09-10T00:00:00Z,ENJUSD,0.148,0.149,0.145,0.147,368708.23572346015
2024-09-11T00:00:00Z,ENJUSD,0.147,0.147,0.137,0.143,510424.2611262698
2024-09-12T00:00:00Z,ENJUSD,0.143,0.146,0.141,0.145,406592.05904990993
2024-09-13T00:00:00Z,ENJUSD,0.145,0.152,0.142,0.15,554271.5210342599
2024-09-14T00:00:00Z,ENJUSD,0.15,0.151,0.145,0.147,206437.10425147004
2024-09-15T00:00:00Z,ENJUSD,0.147,0.149,0.136,0.138,459718.1349753403
2024-09-16T00:00:00Z,ENJUSD,0.136,0.138,0.133,0.135,139089.76909490002
2024-09-17T00:00:00Z,ENJUSD,0.135,0.14,0.134,0.138,390489.21742987994
2024-09-18T00:00:00Z,ENJUSD,0.138,0.145,0.134,0.145,491184.82068621984
2024-09-19T00:00:00Z,ENJUSD,0.145,0.152,0.145,0.148,330197.2883733401
2024-09-20T00:00:00Z,ENJUSD,0.149,0.157,0.147,0.152,434962.5694962501
2024-09-21T00:00:00Z,ENJUSD,0.152,0.155,0.148,0.155,443189.3994466901
2024-09-22T00:00:00Z,ENJUSD,0.154,0.154,0.145,0.15,243287.05573402008
2024-09-23T00:00:00Z,ENJUSD,0.151,0.156,0.148,0.154,357081.1094528498
2024-09-24T00:00:00Z,ENJUSD,0.155,0.161,0.151,0.16,468340.89520179987
2024-09-25T00:00:00Z,ENJUSD,0.161,0.165,0.157,0.158,417062.42754654976
2024-09-26T00:00:00Z,ENJUSD,0.158,0.166,0.156,0.166,652198.9062698104
2024-09-27T00:00:00Z,ENJUSD,0.166,0.176,0.165,0.176,469861.50987607054
2024-09-28T00:00:00Z,ENJUSD,0.175,0.178,0.168,0.17,207013.89710138002
2024-09-29T00:00:00Z,ENJUSD,0.17,0.182,0.166,0.178,650790.4956072898
2024-09-30T00:00:00Z,ENJUSD,0.178,0.183,0.165,0.165,312130.76478187024
2024-10-01T00:00:00Z,ENJUSD,0.165,0.174,0.144,0.148,600130.0993710202
2024-10-02T00:00:00Z,ENJUSD,0.147,0.156,0.139,0.143,368806.96374160994
2024-10-03T00:00:00Z,ENJUSD,0.14300,0.14600,0.13600,0.14200,263511.41956177
2024-10-04T00:00:00Z,ENJUSD,0.14100,0.15100,0.14100,0.14900,354662.13668079
2024-10-05T00:00:00Z,ENJUSD,0.14900,0.15100,0.14500,0.14900,255039.60782368
2024-10-06T00:00:00Z,ENJUSD,0.14800,0.15100,0.14600,0.15000,75862.41121615
2024-10-07T00:00:00Z,ENJUSD,0.15000,0.15400,0.14800,0.15100,344469.65764199
2024-10-08T00:00:00Z,ENJUSD,0.15000,0.15400,0.14600,0.14700,441626.14794464
2024-10-09T00:00:00Z,ENJUSD,0.14900,0.15000,0.14000,0.14100,152808.38929394
2024-10-10T00:00:00Z,ENJUSD,0.14100,0.14500,0.13700,0.14500,261547.83299568
2024-10-11T00:00:00Z,ENJUSD,0.14400,0.15200,0.14400,0.15000,394820.24811155
2024-10-12T00:00:00Z,ENJUSD,0.15200,0.15400,0.15100,0.15200,185429.18495334
2024-10-13T00:00:00Z,ENJUSD,0.15100,0.15300,0.14600,0.15100,330253.43443823
2024-10-14T00:00:00Z,ENJUSD,0.15000,0.16000,0.14900,0.16000,124916.02412823
2024-10-15T00:00:00Z,ENJUSD,0.15900,0.16000,0.15000,0.15700,300832.20792203
2024-10-16T00:00:00Z,ENJUSD,0.15600,0.15600,0.14900,0.15300,226918.24121553
2024-10-17T00:00:00Z,ENJUSD,0.15200,0.15200,0.14400,0.14700,238349.32595122
2024-10-18T00:00:00Z,ENJUSD,0.14800,0.15400,0.14600,0.15300,338413.25199007
2024-10-19T00:00:00Z,ENJUSD,0.15400,0.16100,0.15300,0.15700,220880.20836726
2024-10-20T00:00:00Z,ENJUSD,0.15800,0.16800,0.15500,0.16800,390735.25373054
2024-10-21T00:00:00Z,ENJUSD,0.16900,0.17100,0.16000,0.16100,333105.20182422
2024-10-22T00:00:00Z,ENJUSD,0.16100,0.16600,0.15700,0.16200,363656.61986955
2024-10-23T00:00:00Z,ENJUSD,0.16200,0.16300,0.14800,0.15400,238499.47304980
2024-10-24T00:00:00Z,ENJUSD,0.15400,0.16200,0.15100,0.15800,202424.26121973
2024-10-25T00:00:00Z,ENJUSD,0.15900,0.16000,0.13700,0.14300,542533.90790259
2024-10-26T00:00:00Z,ENJUSD,0.14200,0.14800,0.13900,0.14400,251546.36241556
2024-10-27T00:00:00Z,ENJUSD,0.14400,0.14800,0.14100,0.14600,219048.40164097
2024-10-28T00:00:00Z,ENJUSD,0.14700,0.14900,0.13800,0.14800,925181.65374322
2024-10-29T00:00:00Z,ENJUSD,0.14700,0.15300,0.14700,0.15000,232640.46257028
2024-10-30T00:00:00Z,ENJUSD,0.15100,0.15200,0.14600,0.14800,158782.56228834
2024-10-31T00:00:00Z,ENJUSD,0.14800,0.14900,0.13800,0.14000,163262.84114788
2024-11-01T00:00:00Z,ENJUSD,0.14000,0.14400,0.13600,0.13900,202721.12138948
2024-11-02T00:00:00Z,ENJUSD,0.13900,0.14000,0.13400,0.13500,291938.96797734
2024-11-03T00:00:00Z,ENJUSD,0.13600,0.13700,0.12500,0.13000,204391.09218656
2024-11-04T00:00:00Z,ENJUSD,0.13000,0.13200,0.12400,0.12700,496679.22729491
2024-11-05T00:00:00Z,ENJUSD,0.12700,0.13600,0.12600,0.13300,1042935.07438174
2024-11-06T00:00:00Z,ENJUSD,0.13500,0.15000,0.13500,0.14900,503340.64673240
2024-11-07T00:00:00Z,ENJUSD,0.14900,0.15300,0.14500,0.14900,418214.10776809
2024-11-08T00:00:00Z,ENJUSD,0.15000,0.15400,0.14600,0.15100,456077.23210622
2024-11-09T00:00:00Z,ENJUSD,0.15100,0.15800,0.14900,0.15800,292049.10032826
2024-11-10T00:00:00Z,ENJUSD,0.15700,0.17400,0.15500,0.16700,1325694.08433221
2024-11-11T00:00:00Z,ENJUSD,0.16700,0.17500,0.16100,0.17400,1137893.55283681
2024-11-12T00:00:00Z,ENJUSD,0.17400,0.18300,0.15600,0.16800,1808168.97298126
2024-11-13T00:00:00Z,ENJUSD,0.16700,0.17000,0.15200,0.15900,1249131.27270093
2024-11-14T00:00:00Z,ENJUSD,0.16000,0.16500,0.15100,0.15400,550013.72423907
2024-11-15T00:00:00Z,ENJUSD,0.15300,0.16300,0.14800,0.16200,1188176.08874972
2024-11-16T00:00:00Z,ENJUSD,0.16200,0.19100,0.16100,0.18600,2019040.15908355
2024-11-17T00:00:00Z,ENJUSD,0.18600,0.18600,0.17000,0.17400,752121.55254124
2024-11-18T00:00:00Z,ENJUSD,0.17400,0.24800,0.17200,0.21000,8266969.84413138
2024-11-19T00:00:00Z,ENJUSD,0.21000,0.21700,0.19400,0.19900,2030535.12715810
2024-11-20T00:00:00Z,ENJUSD,0.19800,0.20100,0.18500,0.19200,1057200.48579106
2024-11-21T00:00:00Z,ENJUSD,0.19200,0.20400,0.18500,0.20000,1397099.82475963
2024-11-22T00:00:00Z,ENJUSD,0.20000,0.21000,0.19200,0.20900,1163511.47561233
2024-11-23T00:00:00Z,ENJUSD,0.21000,0.24500,0.20700,0.24000,2617926.89526713
2024-11-24T00:00:00Z,ENJUSD,0.24100,0.31600,0.23800,0.30300,7171945.38476096
2024-11-25T00:00:00Z,ENJUSD,0.30200,0.30500,0.26800,0.27400,3874650.07851316
2024-11-26T00:00:00Z,ENJUSD,0.27300,0.28900,0.25400,0.26800,1510482.97815906
2024-11-27T00:00:00Z,ENJUSD,0.26900,0.29100,0.26100,0.28700,1154951.16167198
2024-11-28T00:00:00Z,ENJUSD,0.28500,0.30400,0.27400,0.29500,830999.82671373
2024-11-29T00:00:00Z,ENJUSD,0.29600,0.30600,0.28000,0.30300,1505903.45711034
2024-11-30T00:00:00Z,ENJUSD,0.30300,0.35700,0.29500,0.33000,3267669.29372234
2024-12-01T00:00:00Z,ENJUSD,0.32800,0.33500,0.31000,0.32600,1997255.59655528
2024-12-02T00:00:00Z,ENJUSD,0.32600,0.33900,0.30000,0.33400,3497167.31766683
2024-12-03T00:00:00Z,ENJUSD,0.33300,0.35400,0.31300,0.35200,3023361.94349861
2024-12-04T00:00:00Z,ENJUSD,0.35100,0.40100,0.34400,0.37700,4012021.83748537
2024-12-05T00:00:00Z,ENJUSD,0.37600,0.39500,0.35600,0.37800,3991560.80400392
2024-12-06T00:00:00Z,ENJUSD,0.37600,0.38700,0.35100,0.38000,2560012.26894368
2024-12-07T00:00:00Z,ENJUSD,0.38000,0.38400,0.36100,0.36700,941504.65298904
2024-12-08T00:00:00Z,ENJUSD,0.36400,0.36900,0.35500,0.36400,1540099.09584341
2024-12-09T00:00:00Z,ENJUSD,0.36200,0.36200,0.25000,0.28800,4638882.35043871
2024-12-10T00:00:00Z,ENJUSD,0.28700,0.29400,0.24600,0.27500,2588866.95396997
2024-12-11T00:00:00Z,ENJUSD,0.27600,0.31000,0.26300,0.30100,1912123.31950826
2024-12-12T00:00:00Z,ENJUSD,0.30100,0.35600,0.29900,0.32800,4081695.29113493
2024-12-13T00:00:00Z,ENJUSD,0.32700,0.33200,0.31200,0.32400,1059109.10374916
2024-12-14T00:00:00Z,ENJUSD,0.32300,0.32600,0.29300,0.30200,1389414.47815407
2024-12-15T00:00:00Z,ENJUSD,0.30000,0.30800,0.28800,0.30300,900281.26263753
2024-12-16T00:00:00Z,ENJUSD,0.30400,0.31100,0.28200,0.29200,782349.76278010
2024-12-17T00:00:00Z,ENJUSD,0.29100,0.29500,0.27100,0.27200,1289694.13426570
2024-12-18T00:00:00Z,ENJUSD,0.27500,0.27700,0.24100,0.24500,1978452.22605826
2024-12-19T00:00:00Z,ENJUSD,0.24400,0.25000,0.21300,0.22300,1659876.92023300
2024-12-20T00:00:00Z,ENJUSD,0.22100,0.23200,0.18700,0.22900,1904520.06819814
2024-12-21T00:00:00Z,ENJUSD,0.23200,0.24700,0.21500,0.21800,836953.70104306
2024-12-22T00:00:00Z,ENJUSD,0.21800,0.22500,0.20800,0.21400,590242.58520754
2024-12-23T00:00:00Z,ENJUSD,0.21300,0.24300,0.20900,0.23700,770684.59632236
2024-12-24T00:00:00Z,ENJUSD,0.23600,0.25000,0.22800,0.24700,744817.94772447
2024-12-25T00:00:00Z,ENJUSD,0.24600,0.24700,0.23500,0.23800,576860.35390569
2024-12-26T00:00:00Z,ENJUSD,0.23900,0.24000,0.21500,0.21800,829887.32571429
2024-12-27T00:00:00Z,ENJUSD,0.21600,0.23300,0.21600,0.22000,1041674.77889010
2024-12-28T00:00:00Z,ENJUSD,0.22100,0.23300,0.21900,0.23000,843040.17535023
2024-12-29T00:00:00Z,ENJUSD,0.23100,0.23400,0.21600,0.21800,261244.61717844
2024-12-30T00:00:00Z,ENJUSD,0.21800,0.22600,0.20700,0.21700,774300.86422886
2024-12-31T00:00:00Z,ENJUSD,0.21500,0.22000,0.20800,0.20900,401931.58599876
2025-01-01T00:00:00Z,ENJUSD,0.21100,0.22000,0.20400,0.21700,308436.34346186
2025-01-02T00:00:00Z,ENJUSD,0.21800,0.23000,0.21800,0.22500,721372.51664714
2025-01-03T00:00:00Z,ENJUSD,0.22500,0.24600,0.22200,0.24400,690857.62690454
2025-01-04T00:00:00Z,ENJUSD,0.24500,0.25000,0.24000,0.24300,645900.22809052
2025-01-05T00:00:00Z,ENJUSD,0.24200,0.24800,0.23700,0.24400,582675.43275236
2025-01-06T00:00:00Z,ENJUSD,0.24400,0.25500,0.23900,0.24900,772567.71475010
2025-01-07T00:00:00Z,ENJUSD,0.24700,0.25200,0.22100,0.22300,437434.30622077
2025-01-08T00:00:00Z,ENJUSD,0.22200,0.22300,0.19700,0.21000,505719.12296502
2025-01-09T00:00:00Z,ENJUSD,0.21000,0.21300,0.19500,0.20000,2003799.30301109
2025-01-10T00:00:00Z,ENJUSD,0.20100,0.21000,0.19500,0.20300,2121666.29101838
2025-01-11T00:00:00Z,ENJUSD,0.20400,0.21000,0.19900,0.20500,629710.11292255
2025-01-12T00:00:00Z,ENJUSD,0.20400,0.20500,0.19700,0.19800,408587.62813663
2025-01-13T00:00:00Z,ENJUSD,0.19900,0.20500,0.17600,0.19100,1770657.66645229
2025-01-14T00:00:00Z,ENJUSD,0.19200,0.20300,0.19000,0.20100,762074.37403533
2025-01-15T00:00:00Z,ENJUSD,0.19900,0.21500,0.19200,0.21300,1006533.05028457
2025-01-16T00:00:00Z,ENJUSD,0.21400,0.21500,0.20000,0.20400,777811.86117806
2025-01-17T00:00:00Z,ENJUSD,0.20500,0.21900,0.20200,0.21700,1457136.72231281
2025-01-18T00:00:00Z,ENJUSD,0.21700,0.21900,0.19000,0.19600,1488212.83469084
2025-01-19T00:00:00Z,ENJUSD,0.19500,0.20000,0.16900,0.17200,2055169.25158924
2025-01-20T00:00:00Z,ENJUSD,0.17100,0.18600,0.16200,0.16800,2825885.48435750
2025-01-21T00:00:00Z,ENJUSD,0.16800,0.17600,0.15900,0.17300,2095936.76824460
2025-01-22T00:00:00Z,ENJUSD,0.17300,0.17600,0.16700,0.16700,1014769.50469620
2025-01-23T00:00:00Z,ENJUSD,0.16800,0.17200,0.16100,0.17000,428653.16321843
2025-01-24T00:00:00Z,ENJUSD,0.16900,0.17200,0.16200,0.16300,1083801.20155203
2025-01-25T00:00:00Z,ENJUSD,0.16300,0.16500,0.16100,0.16300,543922.43039857
2025-01-26T00:00:00Z,ENJUSD,0.16300,0.16700,0.15700,0.15800,1374717.68471818
2025-01-27T00:00:00Z,ENJUSD,0.15700,0.15700,0.14000,0.15400,3699304.35484691
2025-01-28T00:00:00Z,ENJUSD,0.15500,0.15500,0.13800,0.13900,679980.70175651
2025-01-29T00:00:00Z,ENJUSD,0.13900,0.14900,0.13800,0.14500,1930875.72852519
2025-01-30T00:00:00Z,ENJUSD,0.14400,0.15800,0.14400,0.15200,984988.31206898
2025-01-31T00:00:00Z,ENJUSD,0.15300,0.16000,0.14900,0.15300,1283337.69045470
2025-02-01T00:00:00Z,ENJUSD,0.15400,0.15600,0.14300,0.14400,970943.24813788
2025-02-02T00:00:00Z,ENJUSD,0.14200,0.14700,0.11500,0.12200,2247338.70248607
2025-02-03T00:00:00Z,ENJUSD,0.12100,0.12800,0.09400,0.12500,3066952.95151398
2025-02-04T00:00:00Z,ENJUSD,0.12700,0.12800,0.11200,0.11900,2742948.84412597
2025-02-05T00:00:00Z,ENJUSD,0.11700,0.13200,0.11600,0.12100,756398.06884445
2025-02-06T00:00:00Z,ENJUSD,0.12000,0.12300,0.11200,0.11300,1248138.90013554
2025-02-07T00:00:00Z,ENJUSD,0.11300,0.12400,0.11300,0.11600,1724482.78861373
2025-02-08T00:00:00Z,ENJUSD,0.11600,0.12100,0.11000,0.12000,1084538.71275366
2025-02-09T00:00:00Z,ENJUSD,0.12000,0.12300,0.11200,0.11800,216382.53004952
2025-02-10T00:00:00Z,ENJUSD,0.11700,0.12300,0.11300,0.12100,1173949.70268642
2025-02-11T00:00:00Z,ENJUSD,0.12100,0.13100,0.12000,0.12200,452047.32441025
2025-02-12T00:00:00Z,ENJUSD,0.12100,0.13300,0.11800,0.13100,1229247.42953319
2025-02-13T00:00:00Z,ENJUSD,0.13100,0.13200,0.12200,0.12400,1013799.71127485
2025-02-14T00:00:00Z,ENJUSD,0.12400,0.13100,0.12300,0.12700,1372658.92466347
2025-02-15T00:00:00Z,ENJUSD,0.12600,0.12900,0.12300,0.12500,112331.16072380
2025-02-16T00:00:00Z,ENJUSD,0.12500,0.12700,0.12100,0.12200,1107244.07340877
2025-02-17T00:00:00Z,ENJUSD,0.12200,0.12600,0.11800,0.12200,1664010.98588579
2025-02-18T00:00:00Z,ENJUSD,0.12100,0.12100,0.11000,0.11600,867655.09927160
2025-02-19T00:00:00Z,ENJUSD,0.11600,0.12100,0.11500,0.12100,254510.17471780
2025-02-20T00:00:00Z,ENJUSD,0.12000,0.12700,0.12000,0.12500,740341.70385693
2025-02-21T00:00:00Z,ENJUSD,0.12500,0.13000,0.11800,0.11900,1282793.52266998
2025-02-22T00:00:00Z,ENJUSD,0.11800,0.12500,0.11800,0.12500,210504.77061820
2025-02-23T00:00:00Z,ENJUSD,0.12400,0.12500,0.11900,0.12100,820204.65682660
2025-02-24T00:00:00Z,ENJUSD,0.12100,0.12100,0.10400,0.10500,1115535.74164905
2025-02-25T00:00:00Z,ENJUSD,0.10500,0.11200,0.10100,0.11000,2713788.40338110
2025-02-26T00:00:00Z,ENJUSD,0.11000,0.11500,0.10700,0.11100,372543.65116544
2025-02-27T00:00:00Z,ENJUSD,0.11200,0.11700,0.11000,0.11300,838683.34794871
2025-02-28T00:00:00Z,ENJUSD,0.11300,0.11500,0.10400,0.11400,1160653.82560569
2025-03-01T00:00:00Z,ENJUSD,0.11400,0.11400,0.10800,0.11000,580266.32537611
2025-03-02T00:00:00Z,ENJUSD,0.11000,0.12200,0.10900,0.12100,679845.10029391
2025-03-03T00:00:00Z,ENJUSD,0.12100,0.12200,0.10100,0.10300,624589.10374253
2025-03-04T00:00:00Z,ENJUSD,0.10200,0.10300,0.09400,0.10100,1976995.90363551
2025-03-05T00:00:00Z,ENJUSD,0.10100,0.10500,0.10000,0.10500,925359.67869877
2025-03-06T00:00:00Z,ENJUSD,0.10400,0.10700,0.10000,0.10200,980576.64190415
2025-03-07T00:00:00Z,ENJUSD,0.10200,0.10600,0.09700,0.10100,1081940.64124801
2025-03-08T00:00:00Z,ENJUSD,0.10100,0.10200,0.09900,0.10000,1024989.43441274
2025-03-09T00:00:00Z,ENJUSD,0.10000,0.10000,0.08800,0.08900,1143239.21799638
2025-03-10T00:00:00Z,ENJUSD,0.08900,0.09500,0.08300,0.08500,3914188.21723953
2025-03-11T00:00:00Z,ENJUSD,0.08500,0.09200,0.07900,0.09100,2784630.85480246
2025-03-12T00:00:00Z,ENJUSD,0.09100,0.09300,0.08700,0.09100,3928093.30392269
2025-03-13T00:00:00Z,ENJUSD,0.09200,0.09300,0.08700,0.08800,2585108.59555616
2025-03-14T00:00:00Z,ENJUSD,0.08900,0.09300,0.08900,0.09100,1828520.45860328
2025-03-15T00:00:00Z,ENJUSD,0.09100,0.09300,0.09000,0.09200,1368706.54016914
2025-03-16T00:00:00Z,ENJUSD,0.09200,0.09200,0.08700,0.08700,1576334.79991298
2025-03-17T00:00:00Z,ENJUSD,0.08700,0.09300,0.08600,0.09200,1676681.83731570
2025-03-18T00:00:00Z,ENJUSD,0.09100,0.09300,0.08700,0.09200,660932.82749953
2025-03-19T00:00:00Z,ENJUSD,0.09300,0.09600,0.09100,0.09500,1336966.46324990
2025-03-20T00:00:00Z,ENJUSD,0.09500,0.09500,0.09000,0.09000,1408401.20637792
2025-03-21T00:00:00Z,ENJUSD,0.09000,0.09100,0.08800,0.08900,1715452.62114943
2025-03-22T00:00:00Z,ENJUSD,0.09000,0.09300,0.08900,0.09100,1238546.03222363
2025-03-23T00:00:00Z,ENJUSD,0.09000,0.09300,0.08900,0.09100,893773.92004038
2025-03-24T00:00:00Z,ENJUSD,0.09200,0.09800,0.09000,0.09700,3141393.45003319
2025-03-25T00:00:00Z,ENJUSD,0.09700,0.10000,0.09500,0.09900,958376.50525915
2025-03-26T00:00:00Z,ENJUSD,0.10000,0.10200,0.09500,0.09600,1209673.76132442
2025-03-27T00:00:00Z,ENJUSD,0.09700,0.09900,0.09400,0.09500,1283932.50342267
2025-03-28T00:00:00Z,ENJUSD,0.09600,0.09600,0.08600,0.08800,933486.38107215
2025-03-29T00:00:00Z,ENJUSD,0.08900,0.08900,0.08100,0.08300,1377355.51657291
2025-03-30T00:00:00Z,ENJUSD,0.08300,0.08500,0.08100,0.08300,2063202.88143885
2025-03-31T00:00:00Z,ENJUSD,0.08300,0.08300,0.07900,0.08100,2729625.93325245
2025-04-01T00:00:00Z,ENJUSD,0.08000,0.08300,0.08000,0.08200,3261439.64550637
2025-04-02T00:00:00Z,ENJUSD,0.08200,0.08200,0.07200,0.07300,3008019.84819035
2025-04-03T00:00:00Z,ENJUSD,0.07400,0.07600,0.07100,0.07500,1921656.62892876
2025-04-04T00:00:00Z,ENJUSD,0.07500,0.07500,0.07000,0.07400,2165949.40017849
2025-04-05T00:00:00Z,ENJUSD,0.07400,0.07400,0.07100,0.07300,1876427.64294962
2025-04-06T00:00:00Z,ENJUSD,0.07300,0.07300,0.06300,0.06500,1471972.78347608
2025-04-07T00:00:00Z,ENJUSD,0.06500,0.06900,0.05900,0.06700,1946423.31261028
2025-04-08T00:00:00Z,ENJUSD,0.06640,0.06810,0.06230,0.06280,2957940.69840265
2025-04-09T00:00:00Z,ENJUSD,0.06290,0.06930,0.06060,0.06860,6208982.53413213
2025-04-10T00:00:00Z,ENJUSD,0.06860,0.06870,0.06340,0.06450,1048478.25690554
2025-04-11T00:00:00Z,ENJUSD,0.06460,0.06700,0.06430,0.06590,700854.65626972
2025-04-12T00:00:00Z,ENJUSD,0.06570,0.06930,0.06520,0.06900,2838694.27243119
2025-04-13T00:00:00Z,ENJUSD,0.06890,0.06900,0.06280,0.06380,2062814.10748055
2025-04-14T00:00:00Z,ENJUSD,0.06370,0.06570,0.06300,0.06350,929343.34092148
2025-04-15T00:00:00Z,ENJUSD,0.06340,0.06370,0.06090,0.06120,858861.10738771
2025-04-16T00:00:00Z,ENJUSD,0.06130,0.06170,0.05930,0.05990,471817.75924206
2025-04-17T00:00:00Z,ENJUSD,0.05990,0.06180,0.05940,0.06100,1799204.73728782
2025-04-18T00:00:00Z,ENJUSD,0.06100,0.06300,0.06060,0.06250,1445055.10988461
2025-04-19T00:00:00Z,ENJUSD,0.06280,0.06770,0.06280,0.06660,592600.56937060
2025-04-20T00:00:00Z,ENJUSD,0.06650,0.10260,0.06460,0.08850,7376624.93212511
2025-04-21T00:00:00Z,ENJUSD,0.08850,0.11840,0.08510,0.09180,13559134.38263249
2025-04-22T00:00:00Z,ENJUSD,0.09180,0.09960,0.08450,0.08880,6834727.05864640
2025-04-23T00:00:00Z,ENJUSD,0.08910,0.09290,0.08630,0.08730,1584551.57134712
2025-04-24T00:00:00Z,ENJUSD,0.08770,0.09260,0.08500,0.09160,2840771.13155739
2025-04-25T00:00:00Z,ENJUSD,0.09160,0.09270,0.08840,0.09000,1421008.33189723
2025-04-26T00:00:00Z,ENJUSD,0.09040,0.09460,0.08890,0.09050,2432867.26405215
2025-04-27T00:00:00Z,ENJUSD,0.09020,0.09070,0.08340,0.08450,1546324.93584111
2025-04-28T00:00:00Z,ENJUSD,0.08400,0.08700,0.08190,0.08700,3628927.43775555
2025-04-29T00:00:00Z,ENJUSD,0.08740,0.08790,0.08100,0.08250,345998.16005675
2025-04-30T00:00:00Z,ENJUSD,0.08260,0.08560,0.08140,0.08480,1141299.78046489
2025-05-01T00:00:00Z,ENJUSD,0.08490,0.08740,0.08420,0.08420,266694.65416346
2025-05-02T00:00:00Z,ENJUSD,0.08430,0.08610,0.08260,0.08400,1980564.17894970
2025-05-03T00:00:00Z,ENJUSD,0.08370,0.08390,0.07640,0.07650,763903.55192175
2025-05-04T00:00:00Z,ENJUSD,0.07580,0.07600,0.07310,0.07540,311502.13026279
2025-05-05T00:00:00Z,ENJUSD,0.07510,0.07700,0.07280,0.07360,330023.08339734
2025-05-06T00:00:00Z,ENJUSD,0.07420,0.07560,0.07010,0.07420,1397429.77815325
2025-05-07T00:00:00Z,ENJUSD,0.07420,0.09120,0.07130,0.07360,4363043.43764808
2025-05-08T00:00:00Z,ENJUSD,0.07310,0.08380,0.07270,0.08320,1188591.68875483
2025-05-09T00:00:00Z,ENJUSD,0.08340,0.09210,0.06940,0.09190,5550694.25310876
2025-05-10T00:00:00Z,ENJUSD,0.09190,0.10240,0.09150,0.10040,1479056.84253408
2025-05-11T00:00:00Z,ENJUSD,0.10060,0.10170,0.09380,0.09590,2578319.26333839
2025-05-12T00:00:00Z,ENJUSD,0.09590,0.10000,0.09080,0.09660,2051259.18425851
2025-05-13T00:00:00Z,ENJUSD,0.09640,0.10080,0.08940,0.09970,3370902.24642385
2025-05-14T00:00:00Z,ENJUSD,0.09970,0.10360,0.09390,0.09390,852832.99792422
2025-05-15T00:00:00Z,ENJUSD,0.09420,0.09590,0.08610,0.08860,2434230.20886074
2025-05-16T00:00:00Z,ENJUSD,0.08900,0.09530,0.08810,0.08950,1751229.77715472
2025-05-17T00:00:00Z,ENJUSD,0.08820,0.08820,0.08430,0.08600,1999432.63575315
2025-05-18T00:00:00Z,ENJUSD,0.08590,0.09400,0.08530,0.09140,737481.48451590
2025-05-19T00:00:00Z,ENJUSD,0.09100,0.09190,0.08360,0.08830,302823.21591440
2025-05-20T00:00:00Z,ENJUSD,0.08800,0.09030,0.08460,0.08850,329969.19459993
2025-05-21T00:00:00Z,ENJUSD,0.08830,0.09180,0.08650,0.09000,3084485.58585705
2025-05-22T00:00:00Z,ENJUSD,0.09000,0.09560,0.09000,0.09550,3212389.23476443
2025-05-23T00:00:00Z,ENJUSD,0.09550,0.09760,0.08570,0.08590,966927.60918675
2025-05-24T00:00:00Z,ENJUSD,0.08510,0.08740,0.08470,0.08490,1278381.69369717
2025-05-25T00:00:00Z,ENJUSD,0.08530,0.08590,0.08080,0.08590,2751779.05889473
2025-05-26T00:00:00Z,ENJUSD,0.08590,0.09060,0.08570,0.08710,1242701.42137731
2025-05-27T00:00:00Z,ENJUSD,0.08800,0.09270,0.08470,0.09000,238365.82550726
2025-05-28T00:00:00Z,ENJUSD,0.08950,0.09430,0.08560,0.08850,742679.10483140
2025-05-29T00:00:00Z,ENJUSD,0.08830,0.09160,0.08290,0.08310,361560.07894829
2025-05-30T00:00:00Z,ENJUSD,0.08310,0.08350,0.07090,0.07140,729001.43712950
2025-05-31T00:00:00Z,ENJUSD,0.07120,0.07470,0.06900,0.07360,989802.46169383
2025-06-01T00:00:00Z,ENJUSD,0.07320,0.07530,0.07180,0.07490,385605.57663135
2025-06-02T00:00:00Z,ENJUSD,0.07490,0.07640,0.07220,0.07640,477265.20342667
2025-06-03T00:00:00Z,ENJUSD,0.07610,0.07830,0.07500,0.07640,438769.56939529
2025-06-04T00:00:00Z,ENJUSD,0.07650,0.07800,0.07270,0.07370,439602.33213135
2025-06-05T00:00:00Z,ENJUSD,0.07340,0.07710,0.06930,0.07060,389997.05360251
2025-06-06T00:00:00Z,ENJUSD,0.07050,0.07480,0.07000,0.07240,83533.84354424
2025-06-07T00:00:00Z,ENJUSD,0.07280,0.07610,0.07280,0.07580,289409.60822425
2025-06-08T00:00:00Z,ENJUSD,0.07560,0.07650,0.07390,0.07530,301532.44337101
2025-06-09T00:00:00Z,ENJUSD,0.07510,0.07860,0.07270,0.07860,336293.99110768
2025-06-10T00:00:00Z,ENJUSD,0.07880,0.08150,0.07750,0.08130,746584.19758414
2025-06-11T00:00:00Z,ENJUSD,0.08150,0.08150,0.07560,0.07590,634576.33798157
2025-06-12T00:00:00Z,ENJUSD,0.07610,0.07620,0.07140,0.07170,244512.57827845
2025-06-13T00:00:00Z,ENJUSD,0.07150,0.07150,0.06420,0.06860,508323.79819154
2025-06-14T00:00:00Z,ENJUSD,0.06830,0.06860,0.06580,0.06770,313741.69845702
2025-06-15T00:00:00Z,ENJUSD,0.06790,0.06910,0.06720,0.06860,111380.69285875
2025-06-16T00:00:00Z,ENJUSD,0.06820,0.07170,0.06760,0.06790,481441.11280606
2025-06-17T00:00:00Z,ENJUSD,0.06790,0.06930,0.06490,0.06560,202265.80898591
2025-06-18T00:00:00Z,ENJUSD,0.06660,0.06720,0.06330,0.06580,871233.42019022
2025-06-19T00:00:00Z,ENJUSD,0.06630,0.06650,0.06350,0.06510,276535.91568840
2025-06-20T00:00:00Z,ENJUSD,0.06550,0.06710,0.06250,0.06360,1096758.90052992
2025-06-21T00:00:00Z,ENJUSD,0.06340,0.06470,0.05890,0.05980,408509.13610482
2025-06-22T00:00:00Z,ENJUSD,0.06030,0.06100,0.05540,0.05850,1398574.27344879
2025-06-23T00:00:00Z,ENJUSD,0.05850,0.06570,0.05840,0.06570,1285377.29430335
2025-06-24T00:00:00Z,ENJUSD,0.06540,0.06700,0.06490,0.06560,86606.91749289
2025-06-25T00:00:00Z,ENJUSD,0.06590,0.06660,0.06360,0.06390,719427.38191767
2025-06-26T00:00:00Z,ENJUSD,0.06420,0.06550,0.06260,0.06300,145664.28635590
2025-06-27T00:00:00Z,ENJUSD,0.06270,0.06470,0.06200,0.06360,170023.42913208
2025-06-28T00:00:00Z,ENJUSD,0.06370,0.06520,0.06280,0.06520,72042.46325125
2025-06-29T00:00:00Z,ENJUSD,0.06470,0.06890,0.06450,0.06830,433364.44165942
2025-06-30T00:00:00Z,ENJUSD,0.06830,0.06830,0.06440,0.06560,285727.51004656
2025-07-01T00:00:00Z,ENJUSD,0.06580,0.06600,0.06270,0.06300,272666.17585701
2025-07-02T00:00:00Z,ENJUSD,0.06330,0.07010,0.06250,0.06850,471921.52238998
2025-07-03T00:00:00Z,ENJUSD,0.06870,0.07020,0.06700,0.06880,1391860.66256107
2025-07-04T00:00:00Z,ENJUSD,0.06900,0.06920,0.06370,0.06410,282701.56210190
2025-07-05T00:00:00Z,ENJUSD,0.06480,0.06520,0.06320,0.06450,136209.24414105
2025-07-06T00:00:00Z,ENJUSD,0.06440,0.06700,0.06390,0.06570,274713.35886944
2025-07-07T00:00:00Z,ENJUSD,0.06580,0.06640,0.06430,0.06510,496732.55371087
2025-07-08T00:00:00Z,ENJUSD,0.06500,0.06680,0.06370,0.06640,402198.64545560
2025-07-09T00:00:00Z,ENJUSD,0.06640,0.07050,0.06560,0.07040,646487.52895235
2025-07-10T00:00:00Z,ENJUSD,0.07040,0.07550,0.06960,0.07470,704021.11893924
2025-07-11T00:00:00Z,ENJUSD,0.07520,0.08390,0.07400,0.07660,1915949.76885986
2025-07-12T00:00:00Z,ENJUSD,0.07600,0.07760,0.07340,0.07550,217965.53666386
2025-07-13T00:00:00Z,ENJUSD,0.07570,0.08020,0.07550,0.07820,1440750.23053120
2025-07-14T00:00:00Z,ENJUSD,0.07820,0.08230,0.07650,0.07770,817777.96359565
2025-07-15T00:00:00Z,ENJUSD,0.07740,0.08030,0.07460,0.08030,334106.43192346
2025-07-16T00:00:00Z,ENJUSD,0.08020,0.08360,0.07860,0.08130,1341028.60435485
2025-07-17T00:00:00Z,ENJUSD,0.08140,0.08240,0.07830,0.08020,557522.71102832
2025-07-18T00:00:00Z,ENJUSD,0.08030,0.08620,0.08000,0.08040,1130187.24168434
2025-07-19T00:00:00Z,ENJUSD,0.08120,0.08370,0.07940,0.08370,218998.17598929
2025-07-20T00:00:00Z,ENJUSD,0.08370,0.09900,0.08330,0.09100,1477376.88242027
2025-07-21T00:00:00Z,ENJUSD,0.09090,0.09410,0.08480,0.09220,1399280.20419850
2025-07-22T00:00:00Z,ENJUSD,0.09190,0.09210,0.08680,0.09160,361815.31441511
2025-07-23T00:00:00Z,ENJUSD,0.09130,0.09130,0.07920,0.08150,544035.78548037
2025-07-24T00:00:00Z,ENJUSD,0.08140,0.09300,0.07510,0.07800,1182878.05538717
2025-07-25T00:00:00Z,ENJUSD,0.07780,0.08000,0.07530,0.08000,277740.66605508
2025-07-26T00:00:00Z,ENJUSD,0.08000,0.08080,0.07940,0.07950,312245.70447231
2025-07-27T00:00:00Z,ENJUSD,0.07940,0.08270,0.07920,0.08230,219475.04118561
2025-07-28T00:00:00Z,ENJUSD,0.08290,0.08440,0.07560,0.07590,698534.97422267
2025-07-29T00:00:00Z,ENJUSD,0.07640,0.07890,0.07290,0.07460,679478.70735661
2025-07-30T00:00:00Z,ENJUSD,0.07400,0.07500,0.06920,0.07280,1484659.91100374
2025-07-31T00:00:00Z,ENJUSD,0.07360,0.07510,0.06870,0.06880,567985.93922950
2025-08-01T00:00:00Z,ENJUSD,0.06860,0.06970,0.06530,0.06730,422024.60739957
2025-08-02T00:00:00Z,ENJUSD,0.06770,0.06860,0.06490,0.06680,539112.16864203
2025-08-03T00:00:00Z,ENJUSD,0.06660,0.06910,0.06590,0.06880,297153.02955849
2025-08-04T00:00:00Z,ENJUSD,0.06900,0.07180,0.06890,0.07180,255072.29020468
2025-08-05T00:00:00Z,ENJUSD,0.07170,0.07210,0.06750,0.06930,680794.52930980
2025-08-06T00:00:00Z,ENJUSD,0.06920,0.07090,0.06770,0.07020,191309.03259207
2025-08-07T00:00:00Z,ENJUSD,0.07020,0.07210,0.06920,0.07210,676710.16851534
2025-08-08T00:00:00Z,ENJUSD,0.07190,0.07390,0.07120,0.07340,536083.16016200
2025-08-09T00:00:00Z,ENJUSD,0.07350,0.07650,0.07330,0.07560,732749.77122841
2025-08-10T00:00:00Z,ENJUSD,0.07570,0.07690,0.07250,0.07390,166545.50605919
2025-08-11T00:00:00Z,ENJUSD,0.07400,0.07600,0.06930,0.07010,738576.07881207
2025-08-12T00:00:00Z,ENJUSD,0.07000,0.07520,0.06880,0.07460,364534.79519778
2025-08-13T00:00:00Z,ENJUSD,0.07460,0.07920,0.07400,0.07880,1376029.51009216
2025-08-14T00:00:00Z,ENJUSD,0.07880,0.07960,0.06970,0.07120,916064.51129545
2025-08-15T00:00:00Z,ENJUSD,0.07090,0.07250,0.06630,0.06760,724218.59750149
2025-08-16T00:00:00Z,ENJUSD,0.06860,0.07060,0.06780,0.07040,297830.98801616
2025-08-17T00:00:00Z,ENJUSD,0.07010,0.07360,0.06980,0.07140,253042.73931126
2025-08-18T00:00:00Z,ENJUSD,0.07110,0.07110,0.06730,0.06830,1214770.63476841
2025-08-19T00:00:00Z,ENJUSD,0.06800,0.06930,0.06570,0.06570,334050.73930286
2025-08-20T00:00:00Z,ENJUSD,0.06630,0.07030,0.06610,0.07000,177836.80840639
2025-08-21T00:00:00Z,ENJUSD,0.07010,0.07070,0.06780,0.06860,120801.95832203
2025-08-22T00:00:00Z,ENJUSD,0.06870,0.07550,0.06620,0.07550,481478.88341263
2025-08-23T00:00:00Z,ENJUSD,0.07580,0.07580,0.07320,0.07500,216012.23766607
2025-08-24T00:00:00Z,ENJUSD,0.07510,0.07540,0.07070,0.07210,331241.91885967
2025-08-25T00:00:00Z,ENJUSD,0.07230,0.07290,0.06460,0.06540,694473.68399863
2025-08-26T00:00:00Z,ENJUSD,0.06530,0.06870,0.06480,0.06820,342565.96167848
2025-08-27T00:00:00Z,ENJUSD,0.06820,0.06880,0.06680,0.06740,327664.86237549
2025-08-28T00:00:00Z,ENJUSD,0.06770,0.07040,0.06740,0.07020,190335.75085531
2025-08-29T00:00:00Z,ENJUSD,0.07040,0.07050,0.06490,0.06630,612025.58384986
2025-08-30T00:00:00Z,ENJUSD,0.06610,0.06830,0.06560,0.06780,556442.99225279
2025-08-31T00:00:00Z,ENJUSD,0.06790,0.07040,0.06730,0.06740,701082.63353976
2025-09-01T00:00:00Z,ENJUSD,0.06730,0.06910,0.06400,0.06560,601320.58898315
2025-09-02T00:00:00Z,ENJUSD,0.06540,0.06770,0.06540,0.06760,187400.47164791
2025-09-03T00:00:00Z,ENJUSD,0.06760,0.06850,0.06690,0.06760,159093.01981291
2025-09-04T00:00:00Z,ENJUSD,0.06800,0.06820,0.06510,0.06590,345239.66264579
2025-09-05T00:00:00Z,ENJUSD,0.06570,0.07650,0.06540,0.06670,739132.53018223
2025-09-06T00:00:00Z,ENJUSD,0.06680,0.06710,0.06520,0.06580,442400.84303881
2025-09-07T00:00:00Z,ENJUSD,0.06610,0.06690,0.06590,0.06690,436595.66355572
2025-09-08T00:00:00Z,ENJUSD,0.06700,0.06860,0.06680,0.06810,702576.03403409
2025-09-09T00:00:00Z,ENJUSD,0.06830,0.07110,0.06760,0.06940,516535.18237048
2025-09-10T00:00:00Z,ENJUSD,0.06950,0.07140,0.06870,0.07040,642009.10400400
2025-09-11T00:00:00Z,ENJUSD,0.07050,0.07230,0.06940,0.07030,335936.57520693
2025-09-12T00:00:00Z,ENJUSD,0.07050,0.07260,0.06960,0.07260,320920.39798417
2025-09-13T00:00:00Z,ENJUSD,0.07270,0.07450,0.07190,0.07350,245282.23301659
2025-09-14T00:00:00Z,ENJUSD,0.07270,0.07270,0.06900,0.06950,294860.70602411
2025-09-15T00:00:00Z,ENJUSD,0.06950,0.07070,0.06650,0.06770,238630.29937089
2025-09-16T00:00:00Z,ENJUSD,0.06770,0.07010,0.06710,0.06960,590174.78930835
2025-09-17T00:00:00Z,ENJUSD,0.06940,0.07160,0.06810,0.07130,457258.49812698
2025-09-18T00:00:00Z,ENJUSD,0.07130,0.07310,0.07060,0.07250,465190.89992724
2025-09-19T00:00:00Z,ENJUSD,0.07300,0.07350,0.06820,0.06860,374269.21637026
2025-09-20T00:00:00Z,ENJUSD,0.06860,0.07010,0.06820,0.06900,302151.39402666
2025-09-21T00:00:00Z,ENJUSD,0.06890,0.06990,0.06740,0.06770,231909.35936126
2025-09-22T00:00:00Z,ENJUSD,0.06750,0.06780,0.06010,0.06290,512535.32587582
2025-09-23T00:00:00Z,ENJUSD,0.06290,0.06390,0.06120,0.06240,370851.83776076
2025-09-24T00:00:00Z,ENJUSD,0.06250,0.06420,0.06140,0.06230,626191.43815791
2025-09-25T00:00:00Z,ENJUSD,0.06230,0.06230,0.05780,0.05850,1165154.89583891
2025-09-26T00:00:00Z,ENJUSD,0.05870,0.06130,0.05830,0.06090,423174.12906139
2025-09-27T00:00:00Z,ENJUSD,0.06100,0.06130,0.06020,0.06070,122038.98630621
2025-09-28T00:00:00Z,ENJUSD,0.06020,0.06250,0.05900,0.06200,907178.73022156
2025-09-29T00:00:00Z,ENJUSD,0.06200,0.06300,0.05990,0.06220,1971498.89316045
2025-09-30T00:00:00Z,ENJUSD,0.06220,0.06610,0.06000,0.06160,960249.41414706
2025-10-01T00:00:00Z,ENJUSD,0.06170,0.06470,0.06100,0.06450,700112.02876887
2025-10-02T00:00:00Z,ENJUSD,0.06470,0.06640,0.06400,0.06530,782578.72422521
2025-10-03T00:00:00Z,ENJUSD,0.06520,0.06610,0.06350,0.06470,674650.78757643
2025-10-04T00:00:00Z,ENJUSD,0.06430,0.06440,0.06150,0.06280,323114.14387701
2025-10-05T00:00:00Z,ENJUSD,0.06270,0.06500,0.06160,0.06210,920588.21942595
2025-10-06T00:00:00Z,ENJUSD,0.06160,0.06420,0.06130,0.06350,645573.95274251
2025-10-07T00:00:00Z,ENJUSD,0.06370,0.06380,0.05970,0.06010,561203.58576614
2025-10-08T00:00:00Z,ENJUSD,0.06040,0.06280,0.05970,0.06200,545567.79900526
2025-10-09T00:00:00Z,ENJUSD,0.06200,0.06200,0.05890,0.06130,747833.22270531
2025-10-10T00:00:00Z,ENJUSD,0.06110,0.06350,0.04100,0.04110,6252182.65836730
2025-10-11T00:00:00Z,ENJUSD,0.04120,0.04950,0.04000,0.04400,4141920.64136319
2025-10-12T00:00:00Z,ENJUSD,0.04400,0.05130,0.04320,0.05100,1231909.37889749
2025-10-13T00:00:00Z,ENJUSD,0.05100,0.05460,0.05020,0.05340,2326857.42807252
2025-10-14T00:00:00Z,ENJUSD,0.05340,0.05350,0.04200,0.05070,1810551.89617123
2025-10-15T00:00:00Z,ENJUSD,0.05090,0.05170,0.04780,0.04830,378301.63463780
2025-10-16T00:00:00Z,ENJUSD,0.04820,0.04950,0.04470,0.04540,918742.68471250
2025-10-17T00:00:00Z,ENJUSD,0.04550,0.04590,0.04170,0.04480,970683.30567271
2025-10-18T00:00:00Z,ENJUSD,0.04480,0.04610,0.04470,0.04510,266521.50224535
2025-10-19T00:00:00Z,ENJUSD,0.04510,0.04700,0.04450,0.04620,329887.82512346
2025-10-20T00:00:00Z,ENJUSD,0.04620,0.04760,0.04540,0.04620,461930.26224558
2025-10-21T00:00:00Z,ENJUSD,0.04610,0.04750,0.04410,0.04440,365341.27105287
2025-10-22T00:00:00Z,ENJUSD,0.04450,0.04470,0.04150,0.04300,711849.65076481
2025-10-23T00:00:00Z,ENJUSD,0.04300,0.04480,0.04300,0.04390,490192.96504545
2025-10-24T00:00:00Z,ENJUSD,0.04420,0.04490,0.04340,0.04480,747079.79452305
2025-10-25T00:00:00Z,ENJUSD,0.04450,0.04500,0.04410,0.04470,306156.78364662
2025-10-26T00:00:00Z,ENJUSD,0.04470,0.04610,0.04410,0.04560,1300230.94173471
2025-10-27T00:00:00Z,ENJUSD,0.04530,0.04760,0.04330,0.04340,2543201.78325071
2025-10-28T00:00:00Z,ENJUSD,0.04340,0.04480,0.04200,0.04260,1425805.22241916
2025-10-29T00:00:00Z,ENJUSD,0.04280,0.04440,0.04210,0.04380,194851.04376805
2025-10-30T00:00:00Z,ENJUSD,0.04350,0.04370,0.03870,0.04060,1062642.44295972
2025-10-31T00:00:00Z,ENJUSD,0.04070,0.04220,0.04070,0.04180,278193.33353840
2025-11-01T00:00:00Z,ENJUSD,0.04180,0.04360,0.04150,0.04330,322538.86582066
2025-11-02T00:00:00Z,ENJUSD,0.04340,0.04700,0.04320,0.04670,971395.99062992
2025-11-03T00:00:00Z,ENJUSD,0.04720,0.04720,0.03670,0.03860,877372.88769733
2025-11-04T00:00:00Z,ENJUSD,0.03920,0.04040,0.03570,0.03800,817918.33896339
2025-11-05T00:00:00Z,ENJUSD,0.03800,0.03970,0.03600,0.03940,264065.44587164
2025-11-06T00:00:00Z,ENJUSD,0.03880,0.04030,0.03710,0.03950,298211.83799339
2025-11-07T00:00:00Z,ENJUSD,0.04050,0.04900,0.03940,0.04750,1298929.19240911
2025-11-08T00:00:00Z,ENJUSD,0.04760,0.04820,0.04530,0.04630,252604.54129338
2025-11-09T00:00:00Z,ENJUSD,0.04610,0.04640,0.04340,0.04560,916357.68853237
2025-11-10T00:00:00Z,ENJUSD,0.04590,0.04680,0.04470,0.04540,616025.90250530
2025-11-11T00:00:00Z,ENJUSD,0.04510,0.04600,0.04200,0.04200,328208.82865176
2025-11-12T00:00:00Z,ENJUSD,0.04190,0.04440,0.04060,0.04120,286920.31401252
2025-11-13T00:00:00Z,ENJUSD,0.04120,0.04220,0.03840,0.03950,1097932.98036168
2025-11-14T00:00:00Z,ENJUSD,0.03950,0.03990,0.03760,0.03800,2050277.42784213
2025-11-15T00:00:00Z,ENJUSD,0.03830,0.04130,0.03830,0.03850,1278857.66740404
2025-11-16T00:00:00Z,ENJUSD,0.03820,0.03890,0.03590,0.03710,924956.74157401
2025-11-17T00:00:00Z,ENJUSD,0.03710,0.03770,0.03580,0.03630,601477.44579760
2025-11-18T00:00:00Z,ENJUSD,0.03620,0.03730,0.03570,0.03690,578230.40701855
2025-11-19T00:00:00Z,ENJUSD,0.03670,0.03670,0.03400,0.03580,324329.83894992
2025-11-20T00:00:00Z,ENJUSD,0.03590,0.03770,0.03330,0.03480,397568.95369302
2025-11-21T00:00:00Z,ENJUSD,0.03440,0.03510,0.03160,0.03250,606954.97305210
2025-11-22T00:00:00Z,ENJUSD,0.03270,0.03330,0.03210,0.03300,359214.78100685
2025-11-23T00:00:00Z,ENJUSD,0.03290,0.03360,0.03290,0.03300,972583.18906244
2025-11-24T00:00:00Z,ENJUSD,0.03300,0.03440,0.03230,0.03420,1710322.18196152
2025-11-25T00:00:00Z,ENJUSD,0.03400,0.03410,0.03300,0.03380,750040.63792219
2025-11-26T00:00:00Z,ENJUSD,0.03380,0.03390,0.03280,0.03350,545738.98780354
2025-11-27T00:00:00Z,ENJUSD,0.03360,0.03450,0.03340,0.03390,491528.59351630
2025-11-28T00:00:00Z,ENJUSD,0.03390,0.03400,0.03280,0.03280,335988.95467380
2025-11-29T00:00:00Z,ENJUSD,0.03300,0.03550,0.03120,0.03200,623528.49566520
2025-11-30T00:00:00Z,ENJUSD,0.03210,0.03240,0.03150,0.03150,267897.17276128
2025-12-01T00:00:00Z,ENJUSD,0.03130,0.03130,0.02860,0.02970,1100149.55449130
2025-12-02T00:00:00Z,ENJUSD,0.02970,0.03200,0.02940,0.03170,469155.46604037
2025-12-03T00:00:00Z,ENJUSD,0.03160,0.03270,0.03120,0.03250,309014.78749987
2025-12-04T00:00:00Z,ENJUSD,0.03260,0.03270,0.03120,0.03160,437697.38606123
2025-12-05T00:00:00Z,ENJUSD,0.03170,0.03230,0.03060,0.03150,495294.87859100
2025-12-06T00:00:00Z,ENJUSD,0.03140,0.03300,0.03140,0.03250,364737.06020793
2025-12-07T00:00:00Z,ENJUSD,0.03270,0.03280,0.03120,0.03170,440553.48603214
2025-12-08T00:00:00Z,ENJUSD,0.03160,0.03300,0.03150,0.03280,1203057.53868675
2025-12-09T00:00:00Z,ENJUSD,0.03300,0.03810,0.03280,0.03550,3567489.57199121
2025-12-10T00:00:00Z,ENJUSD,0.03560,0.03570,0.03320,0.03320,691452.27671323
2025-12-11T00:00:00Z,ENJUSD,0.03320,0.03320,0.03150,0.03190,544677.81132196
2025-12-12T00:00:00Z,ENJUSD,0.03190,0.03220,0.03050,0.03140,334267.79758814
2025-12-13T00:00:00Z,ENJUSD,0.03140,0.03180,0.03130,0.03150,210825.99135367
2025-12-14T00:00:00Z,ENJUSD,0.03150,0.03150,0.02980,0.03000,645325.17704932
2025-12-15T00:00:00Z,ENJUSD,0.03020,0.03040,0.02780,0.02890,1492353.29561502
2025-12-16T00:00:00Z,ENJUSD,0.02890,0.02890,0.02800,0.02820,945803.59494021
2025-12-17T00:00:00Z,ENJUSD,0.02820,0.02870,0.02670,0.02670,1012928.22207474
2025-12-18T00:00:00Z,ENJUSD,0.02690,0.02770,0.02520,0.02580,1406835.92780053
2025-12-19T00:00:00Z,ENJUSD,0.02580,0.02780,0.02550,0.02770,1617181.86946841
2025-12-20T00:00:00Z,ENJUSD,0.02770,0.02840,0.02760,0.02810,780275.18663209
2025-12-21T00:00:00Z,ENJUSD,0.02800,0.02800,0.02650,0.02670,1609657.07061063
2025-12-22T00:00:00Z,ENJUSD,0.02680,0.02760,0.02620,0.02720,4663803.79366177
2025-12-23T00:00:00Z,ENJUSD,0.02710,0.02770,0.02620,0.02770,1183532.71558908
2025-12-24T00:00:00Z,ENJUSD,0.02770,0.02770,0.02640,0.02730,592903.18204481
2025-12-25T00:00:00Z,ENJUSD,0.02730,0.02780,0.02650,0.02660,759053.11863614
2025-12-26T00:00:00Z,ENJUSD,0.02650,0.02740,0.02630,0.02730,1037715.62910141
2025-12-27T00:00:00Z,ENJUSD,0.02720,0.02840,0.02720,0.02820,1051667.36799845
2025-12-28T00:00:00Z,ENJUSD,0.02820,0.02870,0.02770,0.02800,607901.03668874
2025-12-29T00:00:00Z,ENJUSD,0.02800,0.02860,0.02730,0.02770,831764.01489117
2025-12-30T00:00:00Z,ENJUSD,0.02770,0.02770,0.02710,0.02760,474467.33068596
2025-12-31T00:00:00Z,ENJUSD,0.02760,0.02830,0.02670,0.02780,1008949.41716727
2026-01-01T00:00:00Z,ENJUSD,0.02780,0.03050,0.02750,0.02940,352785.70429731
2026-01-02T00:00:00Z,ENJUSD,0.02940,0.03040,0.02900,0.03020,714751.63322556
2026-01-03T00:00:00Z,ENJUSD,0.03030,0.03070,0.02960,0.03020,392328.67183374
2026-01-04T00:00:00Z,ENJUSD,0.03050,0.03160,0.03030,0.03120,680962.19584620
2026-01-05T00:00:00Z,ENJUSD,0.03120,0.03260,0.03010,0.03240,850334.16992687
2026-01-06T00:00:00Z,ENJUSD,0.03230,0.03320,0.03130,0.03280,1045326.28829135
2026-01-07T00:00:00Z,ENJUSD,0.03290,0.03290,0.03110,0.03130,572307.67291400
2026-01-08T00:00:00Z,ENJUSD,0.03140,0.03180,0.02980,0.03100,976110.24545009
2026-01-09T00:00:00Z,ENJUSD,0.03090,0.03110,0.02990,0.03050,511757.68808468
2026-01-10T00:00:00Z,ENJUSD,0.03050,0.03160,0.02990,0.03070,307848.63614947
2026-01-11T00:00:00Z,ENJUSD,0.03060,0.03080,0.02920,0.02950,433762.04797252
2026-01-12T00:00:00Z,ENJUSD,0.02940,0.03010,0.02900,0.02910,548579.54110869
2026-01-13T00:00:00Z,ENJUSD,0.02920,0.03220,0.02920,0.03190,756790.34237300
2026-01-14T00:00:00Z,ENJUSD,0.03210,0.03260,0.03120,0.03140,801305.45482557
2026-01-15T00:00:00Z,ENJUSD,0.03140,0.03170,0.02966,0.02990,206709.80276726
2026-01-16T00:00:00Z,ENJUSD,0.02973,0.03271,0.02946,0.03239,262398.97390100
2026-01-17T00:00:00Z,ENJUSD,0.03249,0.03723,0.03201,0.03422,2271989.62364300
2026-01-18T00:00:00Z,ENJUSD,0.03427,0.03477,0.03191,0.03197,727338.64863341
2026-01-19T00:00:00Z,ENJUSD,0.03203,0.03460,0.02878,0.03072,624724.03204570
2026-01-20T00:00:00Z,ENJUSD,0.03048,0.03320,0.02938,0.02969,1052598.54552865
2026-01-21T00:00:00Z,ENJUSD,0.02972,0.03120,0.02899,0.03011,450623.33202383
2026-01-22T00:00:00Z,ENJUSD,0.03055,0.03232,0.02995,0.03111,551670.56875769
2026-01-23T00:00:00Z,ENJUSD,0.03111,0.03274,0.03047,0.03072,413614.29134175
2026-01-24T00:00:00Z,ENJUSD,0.03066,0.03066,0.02964,0.03013,270944.92892068
2026-01-25T00:00:00Z,ENJUSD,0.02973,0.02975,0.02729,0.02740,546925.40582795
2026-01-26T00:00:00Z,ENJUSD,0.02739,0.02821,0.02709,0.02799,552237.82476090
2026-01-27T00:00:00Z,ENJUSD,0.02779,0.02805,0.02710,0.02772,430068.90796139
2026-01-28T00:00:00Z,ENJUSD,0.02779,0.02779,0.02687,0.02711,609797.85876805
2026-01-29T00:00:00Z,ENJUSD,0.02712,0.03668,0.02626,0.02695,3652507.20925740
2026-01-30T00:00:00Z,ENJUSD,0.02681,0.02840,0.02555,0.02695,1348457.77722570
2026-01-31T00:00:00Z,ENJUSD,0.02684,0.02711,0.02243,0.02463,1888496.03751147
2026-02-01T00:00:00Z,ENJUSD,0.02467,0.02488,0.02337,0.02387,718341.75011410
2026-02-02T00:00:00Z,ENJUSD,0.02364,0.02425,0.02300,0.02413,983308.83114959
2026-02-03T00:00:00Z,ENJUSD,0.02387,0.02509,0.02278,0.02411,946578.02435027
2026-02-04T00:00:00Z,ENJUSD,0.02435,0.02488,0.02306,0.02344,504861.29385701
2026-02-05T00:00:00Z,ENJUSD,0.02343,0.02355,0.01984,0.02029,1508201.48927045
2026-02-06T00:00:00Z,ENJUSD,0.02025,0.02415,0.01848,0.02294,1518754.74320644
2026-02-07T00:00:00Z,ENJUSD,0.02298,0.02354,0.02211,0.02352,245438.69431294
2026-02-08T00:00:00Z,ENJUSD,0.02341,0.02341,0.02245,0.02260,129690.61562478
2026-02-09T00:00:00Z,ENJUSD,0.02271,0.02358,0.02251,0.02284,888509.42360764
2026-02-10T00:00:00Z,ENJUSD,0.02272,0.02281,0.02183,0.02213,395436.67803098
2026-02-11T00:00:00Z,ENJUSD,0.02210,0.02353,0.02122,0.02283,650118.06187671
2026-02-12T00:00:00Z,ENJUSD,0.02284,0.02306,0.02116,0.02180,804617.57942848
2026-02-13T00:00:00Z,ENJUSD,0.02156,0.02216,0.02026,0.02211,984826.99438978
2026-02-14T00:00:00Z,ENJUSD,0.02200,0.02274,0.02180,0.02272,319630.91328219
2026-02-15T00:00:00Z,ENJUSD,0.02259,0.02295,0.02109,0.02167,1119628.22289848
2026-02-16T00:00:00Z,ENJUSD,0.02173,0.02184,0.02087,0.02162,466936.83794847
2026-02-17T00:00:00Z,ENJUSD,0.02159,0.02167,0.02109,0.02145,270855.26414540
2026-02-18T00:00:00Z,ENJUSD,0.02148,0.02168,0.02026,0.02043,276800.98806946
2026-02-19T00:00:00Z,ENJUSD,0.02040,0.02056,0.01973,0.01985,370661.08383626
2026-02-20T00:00:00Z,ENJUSD,0.01989,0.02051,0.01927,0.02030,551463.81491003
2026-02-21T00:00:00Z,ENJUSD,0.02031,0.02109,0.02020,0.02020,302780.35858291
2026-02-22T00:00:00Z,ENJUSD,0.02010,0.02010,0.01943,0.01961,410464.46606741
2026-02-23T00:00:00Z,ENJUSD,0.01953,0.01963,0.01841,0.01876,358927.72811465
2026-02-24T00:00:00Z,ENJUSD,0.01869,0.01994,0.01818,0.01928,557954.53222769
2026-02-25T00:00:00Z,ENJUSD,0.01927,0.02077,0.01926,0.02006,938061.74077048
2026-02-26T00:00:00Z,ENJUSD,0.02026,0.02026,0.01938,0.01998,533923.49080034
2026-02-27T00:00:00Z,ENJUSD,0.01998,0.02030,0.01961,0.01990,395649.39103885
2026-02-28T00:00:00Z,ENJUSD,0.01984,0.01986,0.01843,0.01965,340093.33922925
2026-03-01T00:00:00Z,ENJUSD,0.01984,0.02026,0.01878,0.01898,344577.25242317
2026-03-02T00:00:00Z,ENJUSD,0.01910,0.01967,0.01860,0.01967,321842.04426698
2026-03-03T00:00:00Z,ENJUSD,0.01977,0.01986,0.01889,0.01906,592450.51368231
2026-03-04T00:00:00Z,ENJUSD,0.01890,0.01986,0.01853,0.01924,615606.72974592
2026-03-05T00:00:00Z,ENJUSD,0.01929,0.01937,0.01879,0.01899,277614.91922937
2026-03-06T00:00:00Z,ENJUSD,0.01902,0.01914,0.01810,0.01832,257173.74335126
2026-03-07T00:00:00Z,ENJUSD,0.01834,0.01834,0.01758,0.01766,585266.07690555
2026-03-08T00:00:00Z,ENJUSD,0.01760,0.01801,0.01737,0.01780,268477.30011950
2026-03-09T00:00:00Z,ENJUSD,0.01783,0.01868,0.01782,0.01789,316148.30779299
2026-03-10T00:00:00Z,ENJUSD,0.01795,0.01846,0.01777,0.01799,325869.88482234
2026-03-11T00:00:00Z,ENJUSD,0.01805,0.01914,0.01772,0.01852,598789.21152584
2026-03-12T00:00:00Z,ENJUSD,0.01851,0.01881,0.01815,0.01833,694351.21992700
2026-03-13T00:00:00Z,ENJUSD,0.01847,0.01893,0.01834,0.01834,744947.13088270
2026-03-14T00:00:00Z,ENJUSD,0.01827,0.01859,0.01822,0.01848,385073.71253346
2026-03-15T00:00:00Z,ENJUSD,0.01852,0.01860,0.01829,0.01860,187443.30584022
2026-03-16T00:00:00Z,ENJUSD,0.01851,0.02023,0.01846,0.01946,1145782.96762660
2026-03-17T00:00:00Z,ENJUSD,0.01931,0.02383,0.01901,0.02072,6051641.34250627
2026-03-18T00:00:00Z,ENJUSD,0.02055,0.03216,0.02026,0.02465,16565164.26815422
2026-03-19T00:00:00Z,ENJUSD,0.02419,0.02929,0.02287,0.02544,14752953.73535104
2026-03-20T00:00:00Z,ENJUSD,0.02546,0.02672,0.02419,0.02419,4612946.60853057
2026-03-21T00:00:00Z,ENJUSD,0.02413,0.02543,0.02284,0.02284,1085304.13802333
2026-03-22T00:00:00Z,ENJUSD,0.02283,0.02319,0.02085,0.02086,2039063.27253072
2026-03-23T00:00:00Z,ENJUSD,0.02094,0.02253,0.02088,0.02162,733475.48456383
2026-03-24T00:00:00Z,ENJUSD,0.02144,0.02187,0.02053,0.02095,1108838.95322083
2026-03-25T00:00:00Z,ENJUSD,0.02095,0.02187,0.02083,0.02101,2533295.30710012
2026-03-26T00:00:00Z,ENJUSD,0.02107,0.02440,0.02022,0.02211,4379342.60363662
2026-03-27T00:00:00Z,ENJUSD,0.02231,0.02265,0.02020,0.02036,1084134.91683271
2026-03-28T00:00:00Z,ENJUSD,0.02040,0.02081,0.01963,0.01980,1148214.12269098
2026-03-29T00:00:00Z,ENJUSD,0.01968,0.02371,0.01968,0.02086,4397747.54694688
2026-03-30T00:00:00Z,ENJUSD,0.02088,0.02167,0.02035,0.02054,1299530.19395669
2026-03-31T00:00:00Z,ENJUSD,0.02062,0.02080,0.01987,0.02019,1497068.87101401
2026-04-01T00:00:00Z,ENJUSD,0.02014,0.02143,0.02014,0.02093,2154390.36328051
2026-04-02T00:00:00Z,ENJUSD,0.02098,0.02174,0.01990,0.02020,1414028.04500789
2026-04-03T00:00:00Z,ENJUSD,0.02025,0.02081,0.01986,0.01986,691074.33974991
2026-04-04T00:00:00Z,ENJUSD,0.02009,0.02054,0.01975,0.01993,2110340.04595599
2026-04-05T00:00:00Z,ENJUSD,0.02001,0.02029,0.01941,0.01985,2802861.38858089
2026-04-06T00:00:00Z,ENJUSD,0.01982,0.02020,0.01952,0.01974,2040267.29931814
2026-04-07T00:00:00Z,ENJUSD,0.01972,0.02316,0.01902,0.02002,674279.72369933
2026-04-08T00:00:00Z,ENJUSD,0.01998,0.03395,0.01998,0.02856,7978259.46853573
2026-04-09T00:00:00Z,ENJUSD,0.02839,0.04293,0.02556,0.02955,15652223.67158769
2026-04-10T00:00:00Z,ENJUSD,0.02958,0.03400,0.02824,0.02845,6862851.60036416
2026-04-11T00:00:00Z,ENJUSD,0.02855,0.03445,0.02728,0.03143,9168518.45743156
2026-04-12T00:00:00Z,ENJUSD,0.03105,0.05420,0.03073,0.03807,16664805.30975552
2026-04-13T00:00:00Z,ENJUSD,0.03773,0.06000,0.03476,0.04395,10627949.90650495
2026-04-14T00:00:00Z,ENJUSD,0.04496,0.07350,0.04261,0.05937,10769230.00181787
2026-04-15T00:00:00Z,ENJUSD,0.06053,0.10044,0.05846,0.08984,41478461.23726536
2026-04-16T00:00:00Z,ENJUSD,0.08964,0.10349,0.07327,0.07514,28835752.60743905
2026-04-17T00:00:00Z,ENJUSD,0.07542,0.08537,0.06066,0.06131,9880516.02937889
2026-04-18T00:00:00Z,ENJUSD,0.06146,0.06278,0.05289,0.05782,5228918.44627210
2026-04-19T00:00:00Z,ENJUSD,0.05880,0.07351,0.05562,0.05877,6486233.82029266
2026-04-20T00:00:00Z,ENJUSD,0.05893,0.06511,0.05726,0.06144,4970534.47534802
2026-04-21T00:00:00Z,ENJUSD,0.06139,0.06330,0.05806,0.06029,2453541.68798657
2026-04-22T00:00:00Z,ENJUSD,0.06029,0.06302,0.05697,0.05728,2606321.02113306
2026-04-23T00:00:00Z,ENJUSD,0.05780,0.06337,0.05698,0.06088,4284973.87261484
2026-04-24T00:00:00Z,ENJUSD,0.06073,0.08660,0.06054,0.06268,13601351.57204740
2026-04-25T00:00:00Z,ENJUSD,0.06264,0.06606,0.05903,0.06409,4722107.93993155
2026-04-26T00:00:00Z,ENJUSD,0.06373,0.06627,0.05959,0.06019,4118609.44678985
2026-04-27T00:00:00Z,ENJUSD,0.06030,0.06310,0.05914,0.05995,3832897.94738925
2026-04-28T00:00:00Z,ENJUSD,0.05983,0.06031,0.05725,0.05835,3160043.99214140
2026-04-29T00:00:00Z,ENJUSD,0.05831,0.05947,0.05592,0.05625,3521704.92090287
2026-04-30T00:00:00Z,ENJUSD,0.05636,0.05703,0.05393,0.05626,7144519.52029437
2026-05-01T00:00:00Z,ENJUSD,0.05662,0.05849,0.05427,0.05457,5508617.30596668
2026-05-02T00:00:00Z,ENJUSD,0.05475,0.05644,0.05377,0.05484,1690919.73581614
2026-05-03T00:00:00Z,ENJUSD,0.05454,0.05454,0.05124,0.05351,2756623.76020406
2026-05-04T00:00:00Z,ENJUSD,0.05371,0.05429,0.05079,0.05145,2156909.30785549
2026-05-05T00:00:00Z,ENJUSD,0.05181,0.05263,0.04867,0.04927,2874615.56595629
2026-05-06T00:00:00Z,ENJUSD,0.04902,0.05422,0.04902,0.05085,4074870.04684393
2026-05-07T00:00:00Z,ENJUSD,0.05078,0.05379,0.04873,0.04983,3768380.60051483
2026-05-08T00:00:00Z,ENJUSD,0.04987,0.05132,0.04957,0.05029,1015844.92175082
2026-05-09T00:00:00Z,ENJUSD,0.05037,0.05190,0.04980,0.05006,1212835.09836019
2026-05-10T00:00:00Z,ENJUSD,0.05015,0.05035,0.04754,0.04882,1542540.88065740
2026-05-11T00:00:00Z,ENJUSD,0.04887,0.04887,0.04696,0.04700,828181.58857810
2026-05-12T00:00:00Z,ENJUSD,0.04688,0.05222,0.04688,0.04830,2927503.93731485
2026-05-13T00:00:00Z,ENJUSD,0.04796,0.04950,0.04597,0.04656,1070911.45787225
2026-05-14T00:00:00Z,ENJUSD,0.04653,0.04889,0.04559,0.04677,935884.03788305
2026-05-15T00:00:00Z,ENJUSD,0.04693,0.04702,0.04338,0.04386,1599125.72111684
2026-05-16T00:00:00Z,ENJUSD,0.04387,0.04427,0.04208,0.04253,601172.23659918
2026-05-17T00:00:00Z,ENJUSD,0.04264,0.04264,0.04011,0.04118,1193684.95009427
2026-05-18T00:00:00Z,ENJUSD,0.04123,0.04306,0.04056,0.04279,1739597.81406885
2026-05-19T00:00:00Z,ENJUSD,0.04295,0.05138,0.04263,0.04619,7235030.43681172
2026-05-20T00:00:00Z,ENJUSD,0.04614,0.04779,0.04438,0.04456,2886108.98327412
2026-05-21T00:00:00Z,ENJUSD,0.04459,0.04574,0.04352,0.04387,1252615.29896036
2026-05-22T00:00:00Z,ENJUSD,0.04364,0.04477,0.04200,0.04200,1517986.13393562
2026-05-23T00:00:00Z,ENJUSD,0.04223,0.04261,0.04081,0.04201,1184313.08647318
2026-05-24T00:00:00Z,ENJUSD,0.04210,0.04213,0.03989,0.04009,566057.50700039
2026-05-25T00:00:00Z,ENJUSD,0.04011,0.04224,0.04001,0.04091,743803.14117936
2026-05-26T00:00:00Z,ENJUSD,0.04046,0.04061,0.03892,0.03917,1409146.11804638
2026-05-27T00:00:00Z,ENJUSD,0.03915,0.03979,0.03800,0.03830,845290.65877584
2026-05-28T00:00:00Z,ENJUSD,0.03841,0.03865,0.03712,0.03836,661311.04352960
2026-05-29T00:00:00Z,ENJUSD,0.03862,0.03961,0.03805,0.03959,604670.18652998
2026-05-30T00:00:00Z,ENJUSD,0.03952,0.04045,0.03857,0.03857,581294.84730647
2026-05-31T00:00:00Z,ENJUSD,0.03868,0.04099,0.03865,0.03901,1458508.01956688
2026-06-01T00:00:00Z,ENJUSD,0.03900,0.03941,0.03723,0.03784,500902.03312657
2026-06-02T00:00:00Z,ENJUSD,0.03760,0.03773,0.03479,0.03532,734810.26443039
2026-06-03T00:00:00Z,ENJUSD,0.03539,0.03639,0.03519,0.03546,732050.21807582
2026-06-04T00:00:00Z,ENJUSD,0.03559,0.03563,0.03167,0.03208,926252.78765587
2026-06-05T00:00:00Z,ENJUSD,0.03225,0.03234,0.02905,0.02985,1193416.06462997
2026-06-06T00:00:00Z,ENJUSD,0.03008,0.03068,0.02822,0.02972,658202.67381788
2026-06-07T00:00:00Z,ENJUSD,0.02982,0.03115,0.02982,0.03081,426993.35146711
2026-06-08T00:00:00Z,ENJUSD,0.03077,0.03119,0.02966,0.03014,538900.80967388
2026-06-09T00:00:00Z,ENJUSD,0.03006,0.03057,0.02919,0.02939,957344.66032731
2026-06-10T00:00:00Z,ENJUSD,0.02937,0.02947,0.02770,0.02820,667851.44461640
2026-06-11T00:00:00Z,ENJUSD,0.02832,0.02938,0.02821,0.02923,621976.74723421
2026-06-12T00:00:00Z,ENJUSD,0.02907,0.03781,0.02849,0.03177,6521764.67313480
2026-06-13T00:00:00Z,ENJUSD,0.03154,0.03448,0.03116,0.03135,1463061.70481963
2026-06-14T00:00:00Z,ENJUSD,0.03124,0.03192,0.02964,0.03070,899018.56489396
2026-06-15T00:00:00Z,ENJUSD,0.03097,0.03242,0.03078,0.03153,469969.53207433
2026-06-16T00:00:00Z,ENJUSD,0.03153,0.03448,0.03130,0.03298,1650899.64491400
2026-06-17T00:00:00Z,ENJUSD,0.03313,0.03478,0.03225,0.03417,1682600.49983548
2026-06-18T00:00:00Z,ENJUSD,0.03410,0.03843,0.03370,0.03563,4698630.36046826
2026-06-19T00:00:00Z,ENJUSD,0.03563,0.03940,0.03548,0.03549,2980833.78675701
2026-06-20T00:00:00Z,ENJUSD,0.03553,0.03753,0.03374,0.03593,2597869.77602478
2026-06-21T00:00:00Z,ENJUSD,0.03593,0.03612,0.03286,0.03286,1344533.27720800
2026-06-22T00:00:00Z,ENJUSD,0.03295,0.03442,0.03274,0.03288,1103501.33835890
2026-06-23T00:00:00Z,ENJUSD,0.03282,0.03379,0.03069,0.03100,1037133.71560348
2026-06-24T00:00:00Z,ENJUSD,0.03118,0.03194,0.02960,0.03029,1447896.77959129
2026-06-25T00:00:00Z,ENJUSD,0.03010,0.03096,0.02802,0.02981,1285867.41709610
2026-06-26T00:00:00Z,ENJUSD,0.02970,0.03100,0.02910,0.02998,810566.38469018
2026-06-27T00:00:00Z,ENJUSD,0.02989,0.02989,0.02920,0.02939,332591.70503904
2026-06-28T00:00:00Z,ENJUSD,0.02950,0.03069,0.02853,0.02886,657495.36300530
2026-06-29T00:00:00Z,ENJUSD,0.02874,0.02979,0.02793,0.02924,620253.04973303
2026-06-30T00:00:00Z,ENJUSD,0.02897,0.02897,0.02768,0.02794,690516.29339798
2026-07-01T00:00:00Z,ENJUSD,0.02797,0.02883,0.02735,0.02797,1162543.32492067
2026-07-02T00:00:00Z,ENJUSD,0.02819,0.02942,0.02815,0.02874,1718737.74847266
2026-07-03T00:00:00Z,ENJUSD,0.02876,0.03100,0.02864,0.03023,1178848.75414126
2026-07-04T00:00:00Z,ENJUSD,0.03009,0.03120,0.02963,0.03030,790689.30560242
2026-07-05T00:00:00Z,ENJUSD,0.03031,0.03089,0.02919,0.02938,716225.94547490
2026-07-06T00:00:00Z,ENJUSD,0.02932,0.03032,0.02806,0.02979,747346.13103050
2026-07-07T00:00:00Z,ENJUSD,0.02985,0.03162,0.02876,0.02900,975374.48122636
2026-07-08T00:00:00Z,ENJUSD,0.02881,0.02931,0.02670,0.02924,1299959.54409912
2026-07-09T00:00:00Z,ENJUSD,0.02936,0.02978,0.02828,0.02888,662920.16051604
2026-07-10T00:00:00Z,ENJUSD,0.02886,0.02936,0.02815,0.02863,582499.66047919
2026-07-11T00:00:00Z,ENJUSD,0.02878,0.02950,0.02800,0.02800,945132.35940169
2026-07-12T00:00:00Z,ENJUSD,0.02795,0.02891,0.02776,0.02824,720191.32325599
2026-07-13T00:00:00Z,ENJUSD,0.02837,0.02869,0.02694,0.02724,555898.98976054
2026-07-14T00:00:00Z,ENJUSD,0.02726,0.02877,0.02679,0.02849,1000765.91321509
2026-07-15T00:00:00Z,ENJUSD,0.02849,0.02950,0.02813,0.02854,907676.72305483
2026-07-16T00:00:00Z,ENJUSD,0.02863,0.02908,0.02786,0.02806,801966.95292575
2026-07-17T00:00:00Z,ENJUSD,0.02806,0.02863,0.02756,0.02839,317039.27190273
2026-07-18T00:00:00Z,ENJUSD,0.02844,0.02844,0.02751,0.02813,291455.78005093
2026-07-19T00:00:00Z,ENJUSD,0.02835,0.02843,0.02768,0.02771,518441.59643429
2026-07-20T00:00:00Z,ENJUSD,0.02799,0.02869,0.02759,0.02869,399415.79156814
2026-07-21T00:00:00Z,ENJUSD,0.02865,0.02893,0.02827,0.02831,296156.78099712
2026-07-22T00:00:00Z,ENJUSD,0.02836,0.02864,0.02736,0.02794,1123292.39813794
2026-07-23T00:00:00Z,ENJUSD,0.02797,0.02811,0.02680,0.02695,579638.76843918
2026-07-24T00:00:00Z,ENJUSD,0.02685,0.02751,0.02670,0.02682,305819.01483481
2026-07-25T00:00:00Z,ENJUSD,0.02680,0.02705,0.02663,0.02690,304248.99686288
2026-07-26T00:00:00Z,ENJUSD,0.02695,0.02753,0.02691,0.02691,196018.65879413
2026-07-27T00:00:00Z,ENJUSD,0.02724,0.02725,0.02459,0.02526,1177831.60255741
2026-07-28T00:00:00Z,ENJUSD,0.02526,0.02580,0.02512,0.02557,519867.13152565
2026-07-29T00:00:00Z,ENJUSD,0.02563,0.02564,0.02417,0.02445,925633.31768485
2026-07-30T00:00:00Z,ENJUSD,0.02443,0.02525,0.02443,0.02486,768225.25698754
2026-07-31T00:00:00Z,ENJUSD,0.02501,0.02516,0.02464,0.02501,790434.76124630
2026-08-01T00:00:00Z,ENJUSD,0.02513,0.02536,0.02450,0.02455,282965.26521925
2026-08-02T00:00:00Z,ENJUSD,0.02459,0.02495,0.02456,0.02471,164612.80101430
2026-08-03T00:00:00Z,ENJUSD,0.02464,0.02615,0.02426,0.02507,1021567.42627351
2026-08-04T00:00:00Z,ENJUSD,0.02509,0.02513,0.02435,0.02451,486186.34195534
2026-08-05T00:00:00Z,ENJUSD,0.02446,0.02586,0.02437,0.02509,667418.03000963
2026-08-06T00:00:00Z,ENJUSD,0.02527,0.02626,0.02508,0.02553,862399.81303280
2026-08-07T00:00:00Z,ENJUSD,0.02556,0.02569,0.02509,0.02534,315087.88798306
2026-08-08T00:00:00Z,ENJUSD,0.02539,0.02555,0.02524,0.02543,120628.13496822
2026-08-09T00:00:00Z,ENJUSD,0.02553,0.02578,0.02501,0.02504,565703.18314597
2026-08-10T00:00:00Z,ENJUSD,0.02506,0.02578,0.02466,0.02475,440227.78641751
2026-08-11T00:00:00Z,ENJUSD,0.02469,0.02487,0.02439,0.02481,137854.40121248
2026-08-12T00:00:00Z,ENJUSD,0.02486,0.02553,0.02396,0.02401,1134208.74177422
2026-08-13T00:00:00Z,ENJUSD,0.02397,0.02464,0.02363,0.02407,2278129.36663083
2026-08-14T00:00:00Z,ENJUSD,0.02405,0.02470,0.02343,0.02442,3725927.70775296
2026-08-15T00:00:00Z,ENJUSD,0.02447,0.02464,0.02400,0.02400,660096.55059978
2026-08-16T00:00:00Z,ENJUSD,0.02402,0.02422,0.02340,0.02353,333827.15497755
2026-08-17T00:00:00Z,ENJUSD,0.02359,0.02392,0.02359,0.02364,847102.31263675
2026-08-18T00:00:00Z,ENJUSD,0.02359,0.02386,0.02316,0.02344,1347774.13693825
2026-08-19T00:00:00Z,ENJUSD,0.02340,0.02555,0.02334,0.02504,710564.43560606
2026-08-20T00:00:00Z,ENJUSD,0.02508,0.02615,0.02508,0.02606,938593.98163199
2026-08-21T00:00:00Z,ENJUSD,0.02618,0.02837,0.02594,0.02803,1624026.94652341
2026-08-22T00:00:00Z,ENJUSD,0.02813,0.02923,0.02668,0.02710,995216.79314683
2026-08-23T00:00:00Z,ENJUSD,0.02706,0.02860,0.02590,0.02817,660794.70138629
2026-08-24T00:00:00Z,ENJUSD,0.02804,0.02865,0.02693,0.02757,1060913.18896622
2026-08-25T00:00:00Z,ENJUSD,0.02757,0.02811,0.02583,0.02615,1230126.36909180
2026-08-26T00:00:00Z,ENJUSD,0.02590,0.02734,0.02573,0.02701,611061.50013982
2026-08-27T00:00:00Z,ENJUSD,0.02657,0.02690,0.02608,0.02669,503697.81562284
2026-08-28T00:00:00Z,ENJUSD,0.02650,0.02670,0.02489,0.02522,671834.18454237
2026-08-29T00:00:00Z,ENJUSD,0.02526,0.02526,0.02489,0.02510,142119.64851010
2026-08-30T00:00:00Z,ENJUSD,0.02520,0.02559,0.02355,0.02362,331994.28627321
2026-08-31T00:00:00Z,ENJUSD,0.02418,0.02453,0.02410,0.02453,338321.81021898
2026-09-01T00:00:00Z,ENJUSD,0.02455,0.02485,0.02412,0.02440,467756.07959556
2026-09-02T00:00:00Z,ENJUSD,0.02458,0.02520,0.02434,0.02459,361585.48649592
2026-09-03T00:00:00Z,ENJUSD,0.02468,0.02642,0.02468,0.02608,575005.15507866
2026-09-04T00:00:00Z,ENJUSD,0.02615,0.04613,0.02578,0.02953,4441053.86510495
2026-09-05T00:00:00Z,ENJUSD,0.02982,0.02982,0.02723,0.02740,2096949.17516681
2026-09-06T00:00:00Z,ENJUSD,0.02751,0.02837,0.02642,0.02733,1966681.16411311
2026-09-07T00:00:00Z,ENJUSD,0.02742,0.02804,0.02673,0.02755,1452574.09826821
2026-09-08T00:00:00Z,ENJUSD,0.02760,0.02787,0.02677,0.02716,544276.66694367
2026-09-09T00:00:00Z,ENJUSD,0.02744,0.02811,0.02543,0.02628,1465499.75366768
2026-09-10T00:00:00Z,ENJUSD,0.02625,0.02631,0.02540,0.02548,468898.00307126
2026-09-11T00:00:00Z,ENJUSD,0.02545,0.02647,0.02518,0.02586,486258.63266625
2026-09-12T00:00:00Z,ENJUSD,0.02592,0.02687,0.02592,0.02659,718841.54232099
2026-09-13T00:00:00Z,ENJUSD,0.02673,0.02764,0.02620,0.02640,689033.74507798
2026-09-14T00:00:00Z,ENJUSD,0.02640,0.02675,0.02403,0.02575,1724329.53376973
2026-09-15T00:00:00Z,ENJUSD,0.02573,0.02605,0.02424,0.02470,428327.21571252
2026-09-16T00:00:00Z,ENJUSD,0.02475,0.02481,0.02389,0.02468,539605.67812765
2026-09-17T00:00:00Z,ENJUSD,0.02462,0.02598,0.02457,0.02598,667836.57489202
2026-09-18T00:00:00Z,ENJUSD,0.02595,0.02756,0.02592,0.02754,1804243.84989447
2026-09-19T00:00:00Z,ENJUSD,0.02750,0.02764,0.02695,0.02757,506172.87695824
2026-09-20T00:00:00Z,ENJUSD,0.02755,0.02755,0.02620,0.02728,854812.24506557
2026-09-21T00:00:00Z,ENJUSD,0.02744,0.02866,0.02700,0.02845,1297746.12167204
2026-09-22T00:00:00Z,ENJUSD,0.02831,0.02952,0.02754,0.02931,1247860.42650225
