timestamp,symbol,open,high,low,close,volume
2022-03-30T00:00:00Z,FXSUSD,29.985,29.985,22.982,24.0,434.30011667
2022-03-31T00:00:00Z,FXSUSD,28.618,28.629,21.244,23.975,16034.076331490003
2022-04-01T00:00:00Z,FXSUSD,23.394,26.549,21.5,26.531,547.3409234399999
2022-04-02T00:00:00Z,FXSUSD,26.534,53.499,25.506,37.466,14517.656493249997
2022-04-03T00:00:00Z,FXSUSD,37.466,46.0,33.636,38.495,25992.679031530068
2022-04-04T00:00:00Z,FXSUSD,38.35,39.971,32.161,34.83,5710.561738549997
2022-04-05T00:00:00Z,FXSUSD,34.657,52.0,32.972,33.341,17243.578385149944
2022-04-06T00:00:00Z,FXSUSD,32.972,35.644,30.234,30.695,7945.652676849994
2022-04-07T00:00:00Z,FXSUSD,30.482,33.602,29.498,32.972,2569.238795589998
2022-04-08T00:00:00Z,FXSUSD,33.077,36.79,30.023,30.317,3855.507329049994
2022-04-09T00:00:00Z,FXSUSD,30.449,31.626,30.447,31.154,405.0981767399999
2022-04-10T00:00:00Z,FXSUSD,30.869,31.312,30.479,30.95,3732.899040220001
2022-04-11T00:00:00Z,FXSUSD,30.631,30.631,25.0,26.016,3923.223348439999
2022-04-12T00:00:00Z,FXSUSD,26.218,28.74,26.206,27.708,3948.6244213000027
2022-04-13T00:00:00Z,FXSUSD,27.57,35.644,27.205,33.024,15409.559376899979
2022-04-14T00:00:00Z,FXSUSD,32.972,33.008,29.371,29.85,3031.22729906
2022-04-15T00:00:00Z,FXSUSD,29.896,30.09,28.188,28.939,780.71658872
2022-04-16T00:00:00Z,FXSUSD,28.684,29.1,28.13,28.909,421.85062693000003
2022-04-17T00:00:00Z,FXSUSD,29.76,31.312,28.36,30.361,2787.5530033499986
2022-04-18T00:00:00Z,FXSUSD,30.679,36.062,28.687,35.218,6415.806603509999
2022-04-19T00:00:00Z,FXSUSD,35.269,35.557,33.318,33.878,6225.4443736500025
2022-04-20T00:00:00Z,FXSUSD,33.878,37.376,33.878,36.222,6370.26651547
2022-04-21T00:00:00Z,FXSUSD,35.709,36.178,32.159,32.85,8472.541755549997
2022-04-22T00:00:00Z,FXSUSD,32.68,32.914,29.855,29.855,1596.5898937699994
2022-04-23T00:00:00Z,FXSUSD,30.158,30.975,29.589,30.76,845.4812738999999
2022-04-24T00:00:00Z,FXSUSD,30.459,30.592,28.559,28.559,1490.9438344599994
2022-04-25T00:00:00Z,FXSUSD,28.451,29.259,27.035,28.999,4455.74195308
2022-04-26T00:00:00Z,FXSUSD,29.474,31.942,26.97,28.0,3545.297116790002
2022-04-27T00:00:00Z,FXSUSD,27.778,28.367,26.134,27.444,848.1981662400001
2022-04-28T00:00:00Z,FXSUSD,27.22,27.558,26.299,26.329,3354.6136711199993
2022-04-29T00:00:00Z,FXSUSD,26.586,26.67,21.549,24.721,8099.324674739997
2022-04-30T00:00:00Z,FXSUSD,24.62,24.695,23.355,23.355,627.9072128500002
2022-05-01T00:00:00Z,FXSUSD,23.641,24.076,22.251,22.426,3017.438748230001
2022-05-02T00:00:00Z,FXSUSD,22.697,23.009,22.157,22.409,3785.4705792299987
2022-05-03T00:00:00Z,FXSUSD,22.219,26.968,22.219,25.676,13223.255362349999
2022-05-04T00:00:00Z,FXSUSD,25.479,29.564,25.278,29.0,18459.266348769943
2022-05-05T00:00:00Z,FXSUSD,29.0,29.73,23.195,25.722,7413.953880100007
2022-05-06T00:00:00Z,FXSUSD,25.394,26.032,23.69,25.159,21046.15681173996
2022-05-07T00:00:00Z,FXSUSD,24.971,24.971,22.615,23.324,4821.81520551
2022-05-08T00:00:00Z,FXSUSD,23.301,23.334,22.162,22.162,662.1078040600001
2022-05-09T00:00:00Z,FXSUSD,22.39,22.724,16.399,16.399,21898.972481430028
2022-05-10T00:00:00Z,FXSUSD,16.759,20.34,16.712,17.638,34422.20293699995
2022-05-11T00:00:00Z,FXSUSD,17.589,17.601,10.96,11.635,37722.79100984009
2022-05-12T00:00:00Z,FXSUSD,12.009,12.009,10.286,10.72,3758.1312644600016
2022-05-13T00:00:00Z,FXSUSD,10.721,13.86,9.99,11.455,7236.088667839999
2022-05-14T00:00:00Z,FXSUSD,11.368,11.688,8.248,8.58,7899.240411009999
2022-05-15T00:00:00Z,FXSUSD,8.692,9.541,8.285,9.09,9477.501364680003
2022-05-16T00:00:00Z,FXSUSD,9.024,9.051,8.1,8.345,1266.9859780099998
2022-05-17T00:00:00Z,FXSUSD,8.354,8.67,8.0,8.403,6755.9225897000015
2022-05-18T00:00:00Z,FXSUSD,8.416,8.416,7.017,7.017,6945.954802330018
2022-05-19T00:00:00Z,FXSUSD,7.069,7.423,6.311,6.66,10994.907732759977
2022-05-20T00:00:00Z,FXSUSD,6.661,6.934,5.968,6.136,9381.50078158
2022-05-21T00:00:00Z,FXSUSD,6.237,6.481,6.155,6.45,1192.28429793
2022-05-22T00:00:00Z,FXSUSD,6.419,8.287,6.419,8.287,2057.81829656
2022-05-23T00:00:00Z,FXSUSD,7.966,8.381,7.026,7.033,8175.962630559996
2022-05-24T00:00:00Z,FXSUSD,7.109,7.339,6.999,6.999,627.1990460699997
2022-05-25T00:00:00Z,FXSUSD,7.172,7.488,6.34,7.376,874.1986212599996
2022-05-26T00:00:00Z,FXSUSD,7.396,9.65,6.739,6.75,3567.4498779700007
2022-05-27T00:00:00Z,FXSUSD,6.735,7.323,6.539,6.639,6931.6292567800065
2022-05-28T00:00:00Z,FXSUSD,6.699,8.598,6.6,6.85,5678.203371489998
2022-05-29T00:00:00Z,FXSUSD,6.756,6.971,6.642,6.849,1079.5602122200003
2022-05-30T00:00:00Z,FXSUSD,7.192,8.799,7.063,7.517,427.0922462
2022-05-31T00:00:00Z,FXSUSD,7.457,7.647,6.699,7.566,3981.6878850699995
2022-06-01T00:00:00Z,FXSUSD,7.476,7.69,6.628,6.628,1000.5437927200006
2022-06-02T00:00:00Z,FXSUSD,6.65,7.78,6.589,6.86,12212.587022469997
2022-06-03T00:00:00Z,FXSUSD,6.723,6.77,6.469,6.469,12032.22311349002
2022-06-04T00:00:00Z,FXSUSD,6.48,6.74,5.554,5.71,3291.8049734100005
2022-06-05T00:00:00Z,FXSUSD,5.714,5.927,5.55,5.736,990.74550614
2022-06-06T00:00:00Z,FXSUSD,5.755,6.113,5.743,5.766,1692.8070081
2022-06-07T00:00:00Z,FXSUSD,5.7,5.766,5.0,5.022,7041.470594040001
2022-06-08T00:00:00Z,FXSUSD,5.588,6.219,5.0,5.792,2406.62940084
2022-06-09T00:00:00Z,FXSUSD,5.644,6.892,5.614,6.202,4465.632403679995
2022-06-10T00:00:00Z,FXSUSD,6.719,6.892,5.04,5.683,780.0014734099997
2022-06-11T00:00:00Z,FXSUSD,5.724,5.984,5.103,5.155,452.597623
2022-06-12T00:00:00Z,FXSUSD,5.18,5.528,5.103,5.436,1056.1650788700003
2022-06-13T00:00:00Z,FXSUSD,5.338,5.445,4.756,4.772,3131.6146389300006
2022-06-14T00:00:00Z,FXSUSD,4.81,4.993,4.586,4.989,468.85893413
2022-06-15T00:00:00Z,FXSUSD,4.743,4.992,4.253,4.733,1137.3729763
2022-06-16T00:00:00Z,FXSUSD,4.725,4.735,4.346,4.35,1503.54918434
2022-06-17T00:00:00Z,FXSUSD,4.366,5.246,4.118,5.118,996.51580886
2022-06-18T00:00:00Z,FXSUSD,5.005,5.005,3.925,4.138,6343.138874070001
2022-06-19T00:00:00Z,FXSUSD,3.999,5.0,3.944,4.209,2232.17203722
2022-06-20T00:00:00Z,FXSUSD,4.206,5.259,4.101,5.21,10233.763003560003
2022-06-21T00:00:00Z,FXSUSD,5.168,5.496,5.042,5.221,2986.9739419899984
2022-06-22T00:00:00Z,FXSUSD,5.193,5.356,5.0,5.13,6420.1965178699975
2022-06-23T00:00:00Z,FXSUSD,5.183,5.268,5.075,5.215,2059.6796142000003
2022-06-24T00:00:00Z,FXSUSD,5.256,5.435,5.109,5.434,1166.01017604
2022-06-25T00:00:00Z,FXSUSD,5.5,5.948,5.25,5.674,6498.457368360001
2022-06-26T00:00:00Z,FXSUSD,5.405,5.978,5.4,5.619,5910.119057360003
2022-06-27T00:00:00Z,FXSUSD,5.609,5.9,5.3,5.37,8831.174757999996
2022-06-28T00:00:00Z,FXSUSD,5.354,5.406,5.006,5.006,2581.5752897600023
2022-06-29T00:00:00Z,FXSUSD,4.883,5.024,4.659,4.722,750.43376381
2022-06-30T00:00:00Z,FXSUSD,4.657,4.851,4.606,4.809,379.72908326999993
2022-07-01T00:00:00Z,FXSUSD,4.803,5.013,4.77,4.938,8117.808771669998
2022-07-02T00:00:00Z,FXSUSD,4.9,5.164,4.88,4.922,841.50639246
2022-07-03T00:00:00Z,FXSUSD,4.956,4.956,4.787,4.797,814.89169571
2022-07-04T00:00:00Z,FXSUSD,4.792,4.869,4.792,4.862,475.96574605000006
2022-07-05T00:00:00Z,FXSUSD,4.921,5.286,4.861,5.268,2213.8263281199997
2022-07-06T00:00:00Z,FXSUSD,5.291,5.352,5.194,5.279,612.3787907900002
2022-07-07T00:00:00Z,FXSUSD,5.279,5.333,5.194,5.279,2620.443190169999
2022-07-08T00:00:00Z,FXSUSD,5.3,5.472,5.119,5.156,10411.443353319992
2022-07-09T00:00:00Z,FXSUSD,5.139,5.272,5.139,5.243,274.66930117
2022-07-10T00:00:00Z,FXSUSD,5.183,5.201,5.122,5.122,2067.13905336
2022-07-11T00:00:00Z,FXSUSD,5.125,5.174,5.036,5.037,308.72677889999994
2022-07-12T00:00:00Z,FXSUSD,5.026,5.026,4.529,4.891,3788.121635449998
2022-07-13T00:00:00Z,FXSUSD,4.767,4.848,4.717,4.814,2199.8802105900018
2022-07-14T00:00:00Z,FXSUSD,4.846,5.182,4.846,5.156,4944.759158550001
2022-07-15T00:00:00Z,FXSUSD,5.228,5.316,5.135,5.244,1235.18085092
2022-07-16T00:00:00Z,FXSUSD,5.187,5.531,5.187,5.504,661.0899357600002
2022-07-17T00:00:00Z,FXSUSD,5.556,5.7,5.537,5.579,6189.380404139999
2022-07-18T00:00:00Z,FXSUSD,5.615,7.013,4.494,6.18,11455.794365290003
2022-07-19T00:00:00Z,FXSUSD,6.181,7.181,5.97,6.784,2345.6555804499985
2022-07-20T00:00:00Z,FXSUSD,6.71,6.9,6.514,6.707,3437.7240699300005
2022-07-21T00:00:00Z,FXSUSD,6.526,6.965,6.434,6.659,719.8407457600001
2022-07-22T00:00:00Z,FXSUSD,6.72,7.061,6.72,6.877,2684.1856018199996
2022-07-23T00:00:00Z,FXSUSD,6.788,6.788,6.519,6.546,56.518677419999996
2022-07-24T00:00:00Z,FXSUSD,6.628,6.699,6.556,6.699,867.7787278599988
2022-07-25T00:00:00Z,FXSUSD,6.699,6.699,6.203,6.203,871.1904197200001
2022-07-26T00:00:00Z,FXSUSD,6.086,6.086,5.8,5.835,5074.0611164400025
2022-07-27T00:00:00Z,FXSUSD,5.836,6.317,5.836,6.317,2357.462905550001
2022-07-28T00:00:00Z,FXSUSD,6.308,8.261,6.223,7.082,8197.459529759997
2022-07-29T00:00:00Z,FXSUSD,7.113,7.122,6.744,6.793,1123.3556275799997
2022-07-30T00:00:00Z,FXSUSD,6.862,7.401,6.802,7.26,2514.0443175800006
2022-07-31T00:00:00Z,FXSUSD,7.299,8.016,7.299,7.5,1570.7727805299999
2022-08-01T00:00:00Z,FXSUSD,7.324,7.491,7.322,7.441,2153.4096733600004
2022-08-02T00:00:00Z,FXSUSD,7.195,7.195,6.85,7.083,2543.101568939999
2022-08-03T00:00:00Z,FXSUSD,7.021,7.629,6.876,7.432,2888.6980315800006
2022-08-04T00:00:00Z,FXSUSD,7.293,7.426,7.143,7.143,779.9811716400002
2022-08-05T00:00:00Z,FXSUSD,7.163,7.527,7.163,7.392,1990.1587378600002
2022-08-06T00:00:00Z,FXSUSD,7.467,7.468,7.168,7.203,610.69408629
2022-08-07T00:00:00Z,FXSUSD,7.144,7.376,7.144,7.213,1311.51485145
2022-08-08T00:00:00Z,FXSUSD,7.255,7.867,7.248,7.7,11136.382662760008
2022-08-09T00:00:00Z,FXSUSD,7.7,7.7,6.852,7.01,15234.926971870002
2022-08-10T00:00:00Z,FXSUSD,6.937,7.31,6.811,7.02,3268.597097940001
2022-08-11T00:00:00Z,FXSUSD,7.103,7.246,6.693,6.693,6558.334792569996
2022-08-12T00:00:00Z,FXSUSD,6.693,6.78,6.447,6.78,4410.978642840002
2022-08-13T00:00:00Z,FXSUSD,6.78,6.97,6.605,6.645,864.28083137
2022-08-14T00:00:00Z,FXSUSD,6.605,6.8,6.414,6.444,2440.3813990599992
2022-08-15T00:00:00Z,FXSUSD,6.453,6.535,6.14,6.14,6068.640700009996
2022-08-16T00:00:00Z,FXSUSD,6.001,6.04,5.8,6.005,4117.805747219998
2022-08-17T00:00:00Z,FXSUSD,6.048,6.168,5.825,5.827,2856.4469502899997
2022-08-18T00:00:00Z,FXSUSD,5.973,6.209,5.905,6.185,1189.1373813300004
2022-08-19T00:00:00Z,FXSUSD,6.089,6.541,6.036,6.325,5223.716062810002
2022-08-20T00:00:00Z,FXSUSD,6.372,6.777,6.284,6.42,6967.393276340015
2022-08-21T00:00:00Z,FXSUSD,6.437,8.96,6.409,6.773,6224.555310259988
2022-08-22T00:00:00Z,FXSUSD,6.806,7.5,6.43,6.579,17493.038951540017
2022-08-23T00:00:00Z,FXSUSD,6.594,6.65,6.185,6.411,4185.85247435
2022-08-24T00:00:00Z,FXSUSD,6.41,6.796,6.117,6.25,2329.7884177
2022-08-25T00:00:00Z,FXSUSD,6.308,6.43,6.281,6.377,1323.8613332100008
2022-08-26T00:00:00Z,FXSUSD,6.301,6.621,5.9,5.9,4315.132083620002
2022-08-27T00:00:00Z,FXSUSD,5.869,7.037,5.615,5.718,8894.506907939985
2022-08-28T00:00:00Z,FXSUSD,5.664,5.782,5.568,5.748,2558.6286001999997
2022-08-29T00:00:00Z,FXSUSD,5.649,5.777,5.112,5.769,2466.0834318600014
2022-08-30T00:00:00Z,FXSUSD,5.723,6.605,5.421,5.874,7067.466655340001
2022-08-31T00:00:00Z,FXSUSD,5.985,6.072,4.8,5.748,2814.446410640001
2022-09-01T00:00:00Z,FXSUSD,5.784,5.795,5.298,5.701,1954.4565862299992
2022-09-02T00:00:00Z,FXSUSD,5.724,6.279,5.724,6.104,2775.3222036100024
2022-09-03T00:00:00Z,FXSUSD,6.01,6.079,6.004,6.025,1010.24558097
2022-09-04T00:00:00Z,FXSUSD,6.071,6.279,6.03,6.226,1401.6836452500002
2022-09-05T00:00:00Z,FXSUSD,6.27,6.661,6.19,6.433,4202.927845510001
2022-09-06T00:00:00Z,FXSUSD,6.515,6.991,5.853,6.123,12905.998747630008
2022-09-07T00:00:00Z,FXSUSD,6.1,6.26,5.942,6.26,2620.557740740001
2022-09-08T00:00:00Z,FXSUSD,6.211,6.617,6.204,6.26,4800.804178930002
2022-09-09T00:00:00Z,FXSUSD,6.307,7.315,6.307,6.673,3135.2169317199987
2022-09-10T00:00:00Z,FXSUSD,6.61,6.74,6.386,6.502,8512.372475260003
2022-09-11T00:00:00Z,FXSUSD,6.484,8.96,6.408,6.548,1748.3867901600004
2022-09-12T00:00:00Z,FXSUSD,6.422,8.61,6.3,6.3,2656.244419110001
2022-09-13T00:00:00Z,FXSUSD,6.3,6.451,5.545,5.604,5274.561015380004
2022-09-14T00:00:00Z,FXSUSD,5.511,5.939,5.15,5.524,5367.785163520006
2022-09-15T00:00:00Z,FXSUSD,5.52,5.727,5.238,5.371,2870.0350943600015
2022-09-16T00:00:00Z,FXSUSD,5.385,5.444,5.145,5.145,2857.153626200003
2022-09-17T00:00:00Z,FXSUSD,5.221,6.5,5.171,5.355,1562.8610729
2022-09-18T00:00:00Z,FXSUSD,5.32,5.432,5.292,5.319,984.3673092700009
2022-09-19T00:00:00Z,FXSUSD,5.247,5.542,5.01,5.33,3586.2583771900045
2022-09-20T00:00:00Z,FXSUSD,5.285,5.547,4.567,4.849,4323.924376819999
2022-09-21T00:00:00Z,FXSUSD,4.873,6.5,4.01,4.423,23065.51897930999
2022-09-22T00:00:00Z,FXSUSD,4.428,4.458,4.01,4.44,10749.602027119994
2022-09-23T00:00:00Z,FXSUSD,4.44,4.603,4.235,4.318,7915.59752007
2022-09-24T00:00:00Z,FXSUSD,4.304,4.393,4.234,4.234,2901.7180597100014
2022-09-25T00:00:00Z,FXSUSD,4.248,4.319,4.248,4.319,479.51975129
2022-09-26T00:00:00Z,FXSUSD,4.368,4.368,4.282,4.29,591.78886208
2022-09-27T00:00:00Z,FXSUSD,4.323,4.377,4.214,4.26,1810.8202913600003
2022-09-28T00:00:00Z,FXSUSD,4.16,4.294,4.01,4.045,4189.299120040001
2022-09-29T00:00:00Z,FXSUSD,4.085,4.14,4.044,4.082,457.9381840599999
2022-09-30T00:00:00Z,FXSUSD,4.12,4.329,4.093,4.105,1919.2572402200005
2022-10-01T00:00:00Z,FXSUSD,4.11,4.424,4.065,4.268,240.71853292
2022-10-02T00:00:00Z,FXSUSD,4.31,4.33,4.129,4.262,696.3209007400001
2022-10-03T00:00:00Z,FXSUSD,4.196,4.516,4.196,4.486,2150.2369575000002
2022-10-04T00:00:00Z,FXSUSD,4.474,6.5,4.387,4.65,20372.957807830004
2022-10-05T00:00:00Z,FXSUSD,4.693,4.871,4.629,4.675,6538.01626013
2022-10-06T00:00:00Z,FXSUSD,4.725,4.78,4.724,4.751,507.42993951000005
2022-10-07T00:00:00Z,FXSUSD,4.782,4.86,4.728,4.86,702.2011716599999
2022-10-08T00:00:00Z,FXSUSD,4.874,6.46,4.874,5.084,7924.90745433
2022-10-09T00:00:00Z,FXSUSD,5.108,5.158,4.976,5.062,1331.65577067
2022-10-10T00:00:00Z,FXSUSD,5.071,5.415,5.062,5.099,1332.5481032700002
2022-10-11T00:00:00Z,FXSUSD,5.082,6.46,4.388,4.952,14827.994388329997
2022-10-12T00:00:00Z,FXSUSD,4.933,4.935,4.831,4.831,327.65566385
2022-10-13T00:00:00Z,FXSUSD,4.832,4.851,4.689,4.851,1155.0860355700001
2022-10-14T00:00:00Z,FXSUSD,4.922,5.225,4.919,5.197,256.90485735999994
2022-10-15T00:00:00Z,FXSUSD,5.3,5.992,5.285,5.989,4192.969404870001
2022-10-16T00:00:00Z,FXSUSD,5.997,6.3,5.83,5.99,3721.8254634299988
2022-10-17T00:00:00Z,FXSUSD,5.893,6.46,5.855,6.084,3148.50004561
2022-10-18T00:00:00Z,FXSUSD,6.25,7.0,6.238,6.628,15120.467437640007
2022-10-19T00:00:00Z,FXSUSD,6.784,6.787,6.05,6.162,3344.9757673900012
2022-10-20T00:00:00Z,FXSUSD,6.171,6.727,6.074,6.171,2107.2798723799992
2022-10-21T00:00:00Z,FXSUSD,6.173,6.538,6.141,6.24,840.3959092300001
2022-10-22T00:00:00Z,FXSUSD,6.248,6.248,5.97,6.127,1688.637452469999
2022-10-23T00:00:00Z,FXSUSD,6.127,6.16,5.706,6.138,5716.069187859997
2022-10-24T00:00:00Z,FXSUSD,6.136,6.238,5.867,5.881,4572.133897520002
2022-10-25T00:00:00Z,FXSUSD,5.967,6.159,5.7,5.966,1822.6870198699999
2022-10-26T00:00:00Z,FXSUSD,5.951,6.159,5.917,6.111,1957.2219810799995
2022-10-27T00:00:00Z,FXSUSD,6.115,6.2,6.026,6.111,3155.108893510004
2022-10-28T00:00:00Z,FXSUSD,6.091,6.42,5.996,6.347,4435.267210280001
2022-10-29T00:00:00Z,FXSUSD,6.397,7.48,6.334,6.966,7597.236573279997
2022-10-30T00:00:00Z,FXSUSD,6.968,7.114,6.6,6.665,2369.9642496200004
2022-10-31T00:00:00Z,FXSUSD,6.573,7.015,6.469,7.014,5981.45690231
2022-11-01T00:00:00Z,FXSUSD,6.889,7.261,6.553,6.602,7162.189693579997
2022-11-02T00:00:00Z,FXSUSD,6.547,6.605,6.328,6.328,3397.2379682700002
2022-11-03T00:00:00Z,FXSUSD,6.414,7.08,6.34,6.546,3176.7143307099996
2022-11-04T00:00:00Z,FXSUSD,6.547,7.155,6.444,6.874,4047.3485516799965
2022-11-05T00:00:00Z,FXSUSD,7.017,7.316,6.734,7.022,6131.532057250001
2022-11-06T00:00:00Z,FXSUSD,6.986,7.239,6.44,6.841,1380.7317867500005
2022-11-07T00:00:00Z,FXSUSD,6.86,7.19,6.655,6.656,1829.0503898099992
2022-11-08T00:00:00Z,FXSUSD,6.655,6.655,5.5,5.598,10019.474294889997
2022-11-09T00:00:00Z,FXSUSD,5.516,5.599,4.82,5.219,19341.13502395998
2022-11-10T00:00:00Z,FXSUSD,5.225,5.58,4.82,5.45,2001.70502395
2022-11-11T00:00:00Z,FXSUSD,5.311,5.372,4.82,4.835,1229.7847553599997
2022-11-12T00:00:00Z,FXSUSD,4.835,4.835,4.23,4.428,612.9962797
2022-11-13T00:00:00Z,FXSUSD,4.404,5.377,4.289,4.551,2751.4750112599995
2022-11-14T00:00:00Z,FXSUSD,4.554,4.845,4.227,4.702,931.8972986600003
2022-11-15T00:00:00Z,FXSUSD,4.844,5.342,4.488,4.703,833.9236122700001
2022-11-16T00:00:00Z,FXSUSD,4.572,5.58,4.2,4.55,3603.0252356299984
2022-11-17T00:00:00Z,FXSUSD,4.555,4.774,4.353,4.402,632.0205214500002
2022-11-18T00:00:00Z,FXSUSD,4.436,4.497,4.357,4.357,691.94335573
2022-11-19T00:00:00Z,FXSUSD,4.437,4.498,4.36,4.36,47.9025412
2022-11-20T00:00:00Z,FXSUSD,4.419,4.89,4.376,4.422,662.38783679
2022-11-21T00:00:00Z,FXSUSD,4.422,4.564,4.23,4.418,1786.1940517099993
2022-11-22T00:00:00Z,FXSUSD,4.422,4.502,4.22,4.331,443.64941526999996
2022-11-23T00:00:00Z,FXSUSD,4.364,5.225,4.364,4.418,4089.31873361
2022-11-24T00:00:00Z,FXSUSD,4.479,4.708,4.456,4.553,817.69892589
2022-11-25T00:00:00Z,FXSUSD,4.632,4.773,4.525,4.576,266.19715176999995
2022-11-26T00:00:00Z,FXSUSD,4.632,4.773,4.422,4.632,906.9168581400002
2022-11-27T00:00:00Z,FXSUSD,4.633,4.703,4.633,4.703,64.1984003
2022-11-28T00:00:00Z,FXSUSD,4.566,4.708,4.427,4.646,4363.48988418
2022-11-29T00:00:00Z,FXSUSD,4.707,4.779,4.489,4.607,652.4340942500003
2022-11-30T00:00:00Z,FXSUSD,4.626,5.456,4.626,5.056,7258.59199503
2022-12-01T00:00:00Z,FXSUSD,5.162,5.162,4.694,4.848,399.4951821199999
2022-12-02T00:00:00Z,FXSUSD,4.837,4.931,4.835,4.926,66.92484372
2022-12-03T00:00:00Z,FXSUSD,4.88,5.141,4.852,4.918,505.76772326
2022-12-04T00:00:00Z,FXSUSD,4.942,4.991,4.835,4.991,16.01848531
2022-12-05T00:00:00Z,FXSUSD,4.992,5.303,4.992,5.245,4591.388332139997
2022-12-06T00:00:00Z,FXSUSD,5.234,5.367,5.203,5.354,815.2435539099997
2022-12-07T00:00:00Z,FXSUSD,5.33,5.88,5.288,5.652,11055.126015919988
2022-12-08T00:00:00Z,FXSUSD,5.706,6.42,5.55,6.011,11955.961398630005
2022-12-09T00:00:00Z,FXSUSD,6.096,6.16,6.05,6.1,232.03161234000004
2022-12-10T00:00:00Z,FXSUSD,6.165,6.317,6.056,6.109,1809.3476800800001
2022-12-11T00:00:00Z,FXSUSD,6.079,6.14,5.948,6.015,871.0139893699998
2022-12-12T00:00:00Z,FXSUSD,5.95,5.95,5.575,5.7,1088.7380762799999
2022-12-13T00:00:00Z,FXSUSD,5.7,5.82,4.551,5.63,11821.05999900999
2022-12-14T00:00:00Z,FXSUSD,5.627,5.82,5.627,5.703,1645.09480941
2022-12-15T00:00:00Z,FXSUSD,5.698,5.698,5.384,5.384,1105.9636815100002
2022-12-16T00:00:00Z,FXSUSD,5.47,5.487,4.807,5.21,1932.4955031199997
2022-12-17T00:00:00Z,FXSUSD,5.15,5.25,4.991,5.128,1094.6756767000002
2022-12-18T00:00:00Z,FXSUSD,5.141,5.302,5.141,5.286,77.950178
2022-12-19T00:00:00Z,FXSUSD,5.303,5.317,4.95,5.051,830.97484881
2022-12-20T00:00:00Z,FXSUSD,5.04,5.142,5.029,5.029,232.41854717
2022-12-21T00:00:00Z,FXSUSD,5.075,5.075,4.904,4.904,348.5923496199999
2022-12-22T00:00:00Z,FXSUSD,4.903,4.903,4.624,4.673,289.64692844
2022-12-23T00:00:00Z,FXSUSD,4.743,4.861,4.679,4.679,3845.23634504
2022-12-24T00:00:00Z,FXSUSD,4.707,4.708,4.701,4.707,1407.1295026299993
2022-12-25T00:00:00Z,FXSUSD,4.708,4.769,4.708,4.768,241.84540538000005
2022-12-26T00:00:00Z,FXSUSD,4.75,4.773,4.717,4.748,149.59706422999997
2022-12-27T00:00:00Z,FXSUSD,4.756,4.768,4.427,4.512,173.60298607
2022-12-28T00:00:00Z,FXSUSD,4.545,4.565,3.631,4.286,8020.597848409998
2022-12-29T00:00:00Z,FXSUSD,4.259,4.497,4.171,4.24,827.28727283
2022-12-30T00:00:00Z,FXSUSD,4.232,4.305,3.622,4.112,7678.696323759997
2022-12-31T00:00:00Z,FXSUSD,4.225,4.225,4.106,4.122,569.2599828399999
2023-01-01T00:00:00Z,FXSUSD,4.115,4.497,4.079,4.391,751.29824434
2023-01-02T00:00:00Z,FXSUSD,4.457,4.833,4.448,4.658,986.73181004
2023-01-03T00:00:00Z,FXSUSD,4.606,4.845,4.556,4.845,353.3907710899999
2023-01-04T00:00:00Z,FXSUSD,4.845,5.129,4.824,5.037,2387.17485959
2023-01-05T00:00:00Z,FXSUSD,5.002,5.138,5.001,5.032,439.0937819300001
2023-01-06T00:00:00Z,FXSUSD,5.001,5.178,4.903,5.178,7857.132353069999
2023-01-07T00:00:00Z,FXSUSD,5.218,5.225,5.098,5.098,1447.3453962099998
2023-01-08T00:00:00Z,FXSUSD,5.149,5.741,4.982,5.601,9821.475997039997
2023-01-09T00:00:00Z,FXSUSD,5.662,6.12,5.25,5.587,13370.194258049998
2023-01-10T00:00:00Z,FXSUSD,5.699,5.706,5.218,5.408,5713.505917820001
2023-01-11T00:00:00Z,FXSUSD,5.478,5.577,5.412,5.577,2999.3965278900014
2023-01-12T00:00:00Z,FXSUSD,5.622,6.675,5.597,6.473,15632.457240029968
2023-01-13T00:00:00Z,FXSUSD,6.423,6.9,6.325,6.852,12524.607542210002
2023-01-14T00:00:00Z,FXSUSD,6.887,7.498,6.614,6.929,16909.12735801998
2023-01-15T00:00:00Z,FXSUSD,6.899,11.068,6.646,8.64,44168.853316579894
2023-01-16T00:00:00Z,FXSUSD,8.656,10.984,8.421,9.043,36262.150623880014
2023-01-17T00:00:00Z,FXSUSD,9.028,9.941,8.74,9.12,16402.721710040023
2023-01-18T00:00:00Z,FXSUSD,9.17,9.61,8.1,8.63,46776.55931455996
2023-01-19T00:00:00Z,FXSUSD,8.632,10.666,8.59,9.978,39817.62019579999
2023-01-20T00:00:00Z,FXSUSD,10.067,11.336,9.843,10.839,26360.55519575997
2023-01-21T00:00:00Z,FXSUSD,10.796,11.342,10.245,10.245,25092.061505750054
2023-01-22T00:00:00Z,FXSUSD,10.275,11.046,9.94,10.07,10917.837050020005
2023-01-23T00:00:00Z,FXSUSD,10.07,10.75,9.88,10.431,14637.217665660011
2023-01-24T00:00:00Z,FXSUSD,10.471,11.217,9.11,9.8,14403.617554290016
2023-01-25T00:00:00Z,FXSUSD,9.769,10.811,9.579,10.458,10107.077907729996
2023-01-26T00:00:00Z,FXSUSD,10.457,11.297,10.11,10.25,10012.093031630004
2023-01-27T00:00:00Z,FXSUSD,10.25,11.08,9.905,10.843,15634.117507039993
2023-01-28T00:00:00Z,FXSUSD,10.841,11.899,10.63,10.988,26928.668524009976
2023-01-29T00:00:00Z,FXSUSD,10.943,11.542,10.826,11.189,5817.175172330002
2023-01-30T00:00:00Z,FXSUSD,11.228,11.228,9.646,10.18,35428.76697898998
2023-01-31T00:00:00Z,FXSUSD,10.121,10.479,10.12,10.247,18846.31152223
2023-02-01T00:00:00Z,FXSUSD,10.262,10.91,9.564,10.791,18061.62795090999
2023-02-02T00:00:00Z,FXSUSD,10.791,12.255,10.528,10.655,45073.64089502003
2023-02-03T00:00:00Z,FXSUSD,10.647,11.45,10.372,11.086,31047.803136149967
2023-02-04T00:00:00Z,FXSUSD,11.136,11.137,10.63,10.63,20985.04804068
2023-02-05T00:00:00Z,FXSUSD,10.63,10.63,9.823,9.98,17869.995142169973
2023-02-06T00:00:00Z,FXSUSD,9.985,13.234,9.975,12.18,47180.9079744
2023-02-07T00:00:00Z,FXSUSD,12.18,14.14,12.18,12.762,51198.147845279986
2023-02-08T00:00:00Z,FXSUSD,12.693,13.405,11.322,12.514,20267.543420929986
2023-02-09T00:00:00Z,FXSUSD,12.514,14.251,11.54,12.476,53986.710617169985
2023-02-10T00:00:00Z,FXSUSD,12.586,12.643,10.32,10.451,53836.38659245997
2023-02-11T00:00:00Z,FXSUSD,10.45,10.6,9.902,10.6,16631.038879420004
2023-02-12T00:00:00Z,FXSUSD,10.669,10.95,10.038,10.197,14262.206358269994
2023-02-13T00:00:00Z,FXSUSD,10.222,10.849,9.249,9.946,45134.89568228002
2023-02-14T00:00:00Z,FXSUSD,9.89,10.382,9.7,10.092,28002.607974049988
2023-02-15T00:00:00Z,FXSUSD,10.139,11.544,9.855,11.45,24528.41082759999
2023-02-16T00:00:00Z,FXSUSD,11.47,11.702,10.188,10.272,39111.02549955
2023-02-17T00:00:00Z,FXSUSD,10.252,11.78,10.2,11.064,53389.427475450015
2023-02-18T00:00:00Z,FXSUSD,11.088,11.78,11.088,11.416,17873.269892300017
2023-02-19T00:00:00Z,FXSUSD,11.386,11.396,10.53,10.647,9298.586077729999
2023-02-20T00:00:00Z,FXSUSD,10.652,11.0,10.52,10.791,11233.838489329995
2023-02-21T00:00:00Z,FXSUSD,10.806,11.114,10.096,10.229,29078.233718979962
2023-02-22T00:00:00Z,FXSUSD,10.204,10.647,8.199,10.497,14270.580814539991
2023-02-23T00:00:00Z,FXSUSD,10.572,11.491,10.572,10.906,43474.37457734004
2023-02-24T00:00:00Z,FXSUSD,10.809,10.847,9.948,10.161,11762.042174639997
2023-02-25T00:00:00Z,FXSUSD,10.164,10.597,9.5,10.138,23822.30260653004
2023-02-26T00:00:00Z,FXSUSD,10.188,10.525,10.107,10.47,12478.767640709999
2023-02-27T00:00:00Z,FXSUSD,10.402,11.254,10.164,11.136,22986.53472933
2023-02-28T00:00:00Z,FXSUSD,11.0,11.581,10.564,11.505,33845.185613600035
2023-03-01T00:00:00Z,FXSUSD,11.427,12.276,11.351,11.876,28222.10223438
2023-03-02T00:00:00Z,FXSUSD,11.984,12.182,11.035,11.087,19033.27538929
2023-03-03T00:00:00Z,FXSUSD,11.042,11.045,9.874,10.084,14611.032911380003
2023-03-04T00:00:00Z,FXSUSD,10.135,10.181,9.442,10.1,4671.868417739998
2023-03-05T00:00:00Z,FXSUSD,10.102,10.102,9.633,9.657,11489.936203640003
2023-03-06T00:00:00Z,FXSUSD,9.657,9.9,9.515,9.778,5114.987655129999
2023-03-07T00:00:00Z,FXSUSD,9.795,9.942,9.1,9.391,7521.707145289999
2023-03-08T00:00:00Z,FXSUSD,9.404,9.417,8.879,8.888,4057.6330948899995
2023-03-09T00:00:00Z,FXSUSD,8.956,8.993,8.088,8.351,14515.41295246999
2023-03-10T00:00:00Z,FXSUSD,8.307,8.693,7.841,7.986,36646.74349534997
2023-03-11T00:00:00Z,FXSUSD,7.977,8.185,6.434,7.65,52382.84906166002
2023-03-12T00:00:00Z,FXSUSD,7.583,8.919,7.254,8.821,10478.141397669991
2023-03-13T00:00:00Z,FXSUSD,8.775,9.272,8.203,9.032,25938.966381719994
2023-03-14T00:00:00Z,FXSUSD,9.02,10.721,8.53,9.018,50261.672744839954
2023-03-15T00:00:00Z,FXSUSD,9.053,9.404,7.99,8.173,7245.322071420004
2023-03-16T00:00:00Z,FXSUSD,8.118,8.412,8.01,8.326,4014.5528788999995
2023-03-17T00:00:00Z,FXSUSD,8.338,8.878,8.257,8.862,5630.627469120002
2023-03-18T00:00:00Z,FXSUSD,8.852,9.2,8.3,8.612,14695.603576930003
2023-03-19T00:00:00Z,FXSUSD,8.664,8.865,8.325,8.469,6643.661521540005
2023-03-20T00:00:00Z,FXSUSD,8.469,8.572,7.874,7.874,14523.431102249995
2023-03-21T00:00:00Z,FXSUSD,7.966,8.335,7.774,8.072,59924.087209569974
2023-03-22T00:00:00Z,FXSUSD,8.154,8.461,7.558,7.987,16129.914272049988
2023-03-23T00:00:00Z,FXSUSD,8.033,8.211,7.875,8.181,5702.742789029999
2023-03-24T00:00:00Z,FXSUSD,8.181,8.195,7.505,7.907,4727.579469729998
2023-03-25T00:00:00Z,FXSUSD,7.943,7.962,7.621,7.68,6323.097522330002
2023-03-26T00:00:00Z,FXSUSD,7.667,8.049,7.667,7.943,2943.4522821000005
2023-03-27T00:00:00Z,FXSUSD,7.914,7.914,7.393,7.483,4204.828800180001
2023-03-28T00:00:00Z,FXSUSD,7.457,8.13,7.349,8.098,3816.384062980001
2023-03-29T00:00:00Z,FXSUSD,8.078,9.153,8.058,8.746,20310.78467087004
2023-03-30T00:00:00Z,FXSUSD,8.746,8.994,8.35,8.486,16226.754669500006
2023-03-31T00:00:00Z,FXSUSD,8.484,9.067,8.373,8.958,13167.746671429995
2023-04-01T00:00:00Z,FXSUSD,8.921,9.02,8.748,8.796,15166.309073209999
2023-04-02T00:00:00Z,FXSUSD,8.842,8.891,8.51,8.629,10042.425100859997
2023-04-03T00:00:00Z,FXSUSD,8.659,9.389,8.484,8.977,28582.836948720018
2023-04-04T00:00:00Z,FXSUSD,9.053,9.847,8.866,9.43,5097.74528122
2023-04-05T00:00:00Z,FXSUSD,9.441,10.478,9.441,9.702,19932.82101509
2023-04-06T00:00:00Z,FXSUSD,9.749,9.749,9.214,9.571,21486.10442582001
2023-04-07T00:00:00Z,FXSUSD,9.589,10.104,9.304,9.465,5863.43144045
2023-04-08T00:00:00Z,FXSUSD,9.443,9.764,9.127,9.232,4187.142779560001
2023-04-09T00:00:00Z,FXSUSD,9.246,9.246,8.566,8.877,6109.276205250001
2023-04-10T00:00:00Z,FXSUSD,8.867,9.436,8.75,9.168,2919.73158557
2023-04-11T00:00:00Z,FXSUSD,9.104,9.495,8.701,8.795,4457.817053579998
2023-04-12T00:00:00Z,FXSUSD,8.81,8.992,8.45,8.737,4872.489021360001
2023-04-13T00:00:00Z,FXSUSD,8.672,9.225,8.569,9.225,30349.600105520032
2023-04-14T00:00:00Z,FXSUSD,9.245,10.287,9.245,10.194,13060.782692289999
2023-04-15T00:00:00Z,FXSUSD,10.143,11.0,9.99,10.266,12427.990898519996
2023-04-16T00:00:00Z,FXSUSD,10.212,10.608,10.05,10.35,6892.424248499997
2023-04-17T00:00:00Z,FXSUSD,10.247,10.433,9.978,10.061,8110.184956540007
2023-04-18T00:00:00Z,FXSUSD,10.141,10.953,10.033,10.181,9330.066670060003
2023-04-19T00:00:00Z,FXSUSD,10.075,10.198,8.787,8.995,12775.457976410004
2023-04-20T00:00:00Z,FXSUSD,8.997,9.089,8.547,8.897,13122.01763477
2023-04-21T00:00:00Z,FXSUSD,8.919,9.225,8.183,8.215,8546.15493855
2023-04-22T00:00:00Z,FXSUSD,8.301,8.301,8.0,8.23,12280.998421109998
2023-04-23T00:00:00Z,FXSUSD,8.238,8.251,7.8,8.155,16235.955529369996
2023-04-24T00:00:00Z,FXSUSD,8.032,8.324,7.962,8.242,11800.438321570005
2023-04-25T00:00:00Z,FXSUSD,8.242,8.489,7.914,8.463,11811.008851080001
2023-04-26T00:00:00Z,FXSUSD,8.432,8.831,7.893,8.272,24309.51730450002
2023-04-27T00:00:00Z,FXSUSD,8.351,8.501,8.228,8.388,7947.3427819300005
2023-04-28T00:00:00Z,FXSUSD,8.4,8.4,7.802,7.897,5092.457255030002
2023-04-29T00:00:00Z,FXSUSD,7.859,8.035,7.859,8.003,4145.801101179998
2023-04-30T00:00:00Z,FXSUSD,8.018,8.018,7.286,7.734,9246.617041129985
2023-05-01T00:00:00Z,FXSUSD,7.644,7.682,7.483,7.682,2734.7082383399993
2023-05-02T00:00:00Z,FXSUSD,7.663,7.943,7.663,7.847,7683.028264369999
2023-05-03T00:00:00Z,FXSUSD,7.8,8.155,7.55,8.125,11160.665699270001
2023-05-04T00:00:00Z,FXSUSD,8.07,8.07,7.434,7.589,5058.41611879
2023-05-05T00:00:00Z,FXSUSD,7.662,7.974,7.594,7.872,4969.286732290002
2023-05-06T00:00:00Z,FXSUSD,7.971,7.972,7.356,7.465,3334.422999760001
2023-05-07T00:00:00Z,FXSUSD,7.413,7.569,7.366,7.406,4279.45525035
2023-05-08T00:00:00Z,FXSUSD,7.445,7.479,6.65,6.82,11669.670121760002
2023-05-09T00:00:00Z,FXSUSD,6.79,6.95,6.718,6.758,6437.7550379500035
2023-05-10T00:00:00Z,FXSUSD,6.736,6.923,6.508,6.798,4914.617783219999
2023-05-11T00:00:00Z,FXSUSD,6.745,6.745,5.938,5.978,12433.75094587
2023-05-12T00:00:00Z,FXSUSD,6.035,6.539,5.852,6.53,8455.259213930003
2023-05-13T00:00:00Z,FXSUSD,6.551,6.551,6.329,6.539,2952.01632737
2023-05-14T00:00:00Z,FXSUSD,6.479,6.725,6.448,6.725,2335.4820377900005
2023-05-15T00:00:00Z,FXSUSD,6.738,7.263,6.695,7.057,5442.098975400001
2023-05-16T00:00:00Z,FXSUSD,7.026,7.371,6.967,7.23,10130.383619520007
2023-05-17T00:00:00Z,FXSUSD,7.204,7.5,6.912,7.376,4679.530812239998
2023-05-18T00:00:00Z,FXSUSD,7.349,7.371,7.043,7.273,2447.8648922999987
2023-05-19T00:00:00Z,FXSUSD,7.254,7.312,7.144,7.31,1437.72512158
2023-05-20T00:00:00Z,FXSUSD,7.222,7.331,7.121,7.175,1304.9082178099998
2023-05-21T00:00:00Z,FXSUSD,7.217,7.307,7.0,7.087,1883.3746948299995
2023-05-22T00:00:00Z,FXSUSD,6.986,7.5,6.985,7.035,4264.313299099999
2023-05-23T00:00:00Z,FXSUSD,7.039,7.266,6.922,7.067,2492.3079589999998
2023-05-24T00:00:00Z,FXSUSD,7.029,7.029,6.75,6.943,4985.394802569998
2023-05-25T00:00:00Z,FXSUSD,6.901,6.901,6.699,6.758,1203.8917351700004
2023-05-26T00:00:00Z,FXSUSD,6.771,6.942,6.756,6.942,776.9564631200003
2023-05-27T00:00:00Z,FXSUSD,6.834,6.97,6.813,6.967,860.6228105600001
2023-05-28T00:00:00Z,FXSUSD,6.965,7.13,6.934,7.095,1521.1538206399998
2023-05-29T00:00:00Z,FXSUSD,7.049,7.06,6.859,6.87,1350.81348115
2023-05-30T00:00:00Z,FXSUSD,6.889,6.988,6.618,6.707,2045.5085877999998
2023-05-31T00:00:00Z,FXSUSD,6.678,6.734,6.459,6.52,4071.601899579999
2023-06-01T00:00:00Z,FXSUSD,6.457,6.643,6.407,6.545,1021.7137853000002
2023-06-02T00:00:00Z,FXSUSD,6.52,6.71,6.503,6.63,3482.18764404
2023-06-03T00:00:00Z,FXSUSD,6.642,6.675,6.52,6.522,1120.0146915500002
2023-06-04T00:00:00Z,FXSUSD,6.544,6.675,6.52,6.596,2033.6587588000004
2023-06-05T00:00:00Z,FXSUSD,6.585,6.685,5.993,6.182,8259.536840660005
2023-06-06T00:00:00Z,FXSUSD,6.158,6.369,6.09,6.336,6545.07720044
2023-06-07T00:00:00Z,FXSUSD,6.327,6.327,6.066,6.13,3335.29761616
2023-06-08T00:00:00Z,FXSUSD,6.139,6.139,5.942,5.942,1279.8451078999997
2023-06-09T00:00:00Z,FXSUSD,5.93,6.055,5.841,5.853,1787.7006271200003
2023-06-10T00:00:00Z,FXSUSD,5.82,5.905,4.965,5.029,8618.973055239996
2023-06-11T00:00:00Z,FXSUSD,4.935,5.14,4.824,4.9,4756.970210780002
2023-06-12T00:00:00Z,FXSUSD,4.901,5.088,4.754,5.019,4633.418532150002
2023-06-13T00:00:00Z,FXSUSD,5.04,5.231,4.913,4.99,6695.769934869998
2023-06-14T00:00:00Z,FXSUSD,5.012,5.045,4.77,4.783,12082.707572890004
2023-06-15T00:00:00Z,FXSUSD,4.798,4.81,4.601,4.702,6590.654766020002
2023-06-16T00:00:00Z,FXSUSD,4.778,7.047,4.778,5.314,87257.18119065004
2023-06-17T00:00:00Z,FXSUSD,5.312,5.822,5.298,5.561,11919.494770290004
2023-06-18T00:00:00Z,FXSUSD,5.643,5.655,5.38,5.431,4944.058812860001
2023-06-19T00:00:00Z,FXSUSD,5.4,5.652,5.316,5.652,14918.614744380007
2023-06-20T00:00:00Z,FXSUSD,5.67,6.214,5.591,5.948,16493.791952060004
2023-06-21T00:00:00Z,FXSUSD,5.966,6.367,5.934,6.078,4699.572741140003
2023-06-22T00:00:00Z,FXSUSD,6.084,6.301,5.833,5.903,11198.046807600002
2023-06-23T00:00:00Z,FXSUSD,5.898,6.224,5.721,5.822,5552.348878049999
2023-06-24T00:00:00Z,FXSUSD,5.808,5.87,5.564,5.74,4952.551701139999
2023-06-25T00:00:00Z,FXSUSD,5.71,5.988,5.71,5.943,6038.128060690001
2023-06-26T00:00:00Z,FXSUSD,5.867,6.202,5.781,5.945,11596.068896250003
2023-06-27T00:00:00Z,FXSUSD,5.896,5.968,5.638,5.665,7755.592309819999
2023-06-28T00:00:00Z,FXSUSD,5.628,5.745,5.346,5.469,5927.542961260001
2023-06-29T00:00:00Z,FXSUSD,5.482,5.624,5.429,5.49,3782.2788901400004
2023-06-30T00:00:00Z,FXSUSD,5.492,5.972,5.464,5.865,91755.09186583989
2023-07-01T00:00:00Z,FXSUSD,5.867,5.999,5.858,5.896,1964.5828673400001
2023-07-02T00:00:00Z,FXSUSD,5.921,5.992,5.794,5.86,9325.370821280003
2023-07-03T00:00:00Z,FXSUSD,5.861,6.6,5.843,6.42,46567.683609260035
2023-07-04T00:00:00Z,FXSUSD,6.374,6.602,6.371,6.516,7273.149939359999
2023-07-05T00:00:00Z,FXSUSD,6.504,6.577,6.169,6.256,4019.395662439999
2023-07-06T00:00:00Z,FXSUSD,6.235,6.915,6.193,6.349,18841.135898110006
2023-07-07T00:00:00Z,FXSUSD,6.329,6.472,6.209,6.311,4945.263046760001
2023-07-08T00:00:00Z,FXSUSD,6.345,6.382,6.224,6.293,387.74325442
2023-07-09T00:00:00Z,FXSUSD,6.377,6.424,6.176,6.336,1670.8941987099995
2023-07-10T00:00:00Z,FXSUSD,6.225,6.586,6.003,6.28,8642.119318910001
2023-07-11T00:00:00Z,FXSUSD,6.242,6.369,6.176,6.272,3292.9631224799996
2023-07-12T00:00:00Z,FXSUSD,6.323,6.393,6.161,6.232,13750.795074119995
2023-07-13T00:00:00Z,FXSUSD,6.22,6.714,6.22,6.603,7293.627402240001
2023-07-14T00:00:00Z,FXSUSD,6.738,7.152,6.423,6.605,19463.46418587
2023-07-15T00:00:00Z,FXSUSD,6.589,6.685,6.328,6.446,4973.09869667
2023-07-16T00:00:00Z,FXSUSD,6.419,6.508,6.321,6.423,3761.8202390699985
2023-07-17T00:00:00Z,FXSUSD,6.353,6.55,6.27,6.32,2014.3091114700003
2023-07-18T00:00:00Z,FXSUSD,6.39,6.41,6.104,6.197,3107.1192021499996
2023-07-19T00:00:00Z,FXSUSD,6.217,6.217,5.924,5.933,2135.7259809
2023-07-20T00:00:00Z,FXSUSD,5.904,6.002,5.772,5.819,3329.8798874599993
2023-07-21T00:00:00Z,FXSUSD,5.842,6.064,5.837,6.029,10126.296445019994
2023-07-22T00:00:00Z,FXSUSD,6.05,6.1,5.941,5.955,1436.0022948699993
2023-07-23T00:00:00Z,FXSUSD,6.101,6.142,6.034,6.034,514.4398479399999
2023-07-24T00:00:00Z,FXSUSD,6.025,6.025,5.844,5.96,738.4233674500002
2023-07-25T00:00:00Z,FXSUSD,5.948,5.977,5.866,5.889,499.83919244000003
2023-07-26T00:00:00Z,FXSUSD,5.864,6.024,5.812,5.991,1696.5230530900003
2023-07-27T00:00:00Z,FXSUSD,6.034,6.22,6.034,6.17,2869.52164839
2023-07-28T00:00:00Z,FXSUSD,6.168,6.444,6.168,6.398,23453.131788830004
2023-07-29T00:00:00Z,FXSUSD,6.4,7.1,6.4,6.579,4772.72847594
2023-07-30T00:00:00Z,FXSUSD,6.568,6.568,6.162,6.162,3499.86589047
2023-07-31T00:00:00Z,FXSUSD,6.154,6.158,5.477,5.584,11309.551159019999
2023-08-01T00:00:00Z,FXSUSD,5.541,6.198,5.151,6.103,68392.79718554
2023-08-02T00:00:00Z,FXSUSD,6.195,6.69,5.623,5.969,25164.78892272
2023-08-03T00:00:00Z,FXSUSD,6.003,6.146,5.935,5.97,9954.64420973
2023-08-04T00:00:00Z,FXSUSD,5.95,6.528,5.883,6.3,21014.424192429997
2023-08-05T00:00:00Z,FXSUSD,6.323,6.586,6.195,6.367,3890.2551521899986
2023-08-06T00:00:00Z,FXSUSD,6.39,6.746,6.365,6.475,3966.676660849999
2023-08-07T00:00:00Z,FXSUSD,6.454,6.638,6.277,6.314,2186.3830042700006
2023-08-08T00:00:00Z,FXSUSD,6.311,6.414,6.178,6.182,8859.713036420002
2023-08-09T00:00:00Z,FXSUSD,6.167,6.698,6.118,6.215,15705.125585509997
2023-08-10T00:00:00Z,FXSUSD,6.177,6.243,6.035,6.067,11627.13091948999
2023-08-11T00:00:00Z,FXSUSD,6.06,6.401,6.06,6.399,4966.194330910001
2023-08-12T00:00:00Z,FXSUSD,6.416,6.572,6.401,6.465,2651.74209807
2023-08-13T00:00:00Z,FXSUSD,6.44,6.565,6.363,6.524,841.4402545999999
2023-08-14T00:00:00Z,FXSUSD,6.525,6.886,6.466,6.815,113214.86376150991
2023-08-15T00:00:00Z,FXSUSD,6.721,7.019,6.469,6.592,9431.37471746
2023-08-16T00:00:00Z,FXSUSD,6.623,6.638,6.28,6.43,6938.674273990001
2023-08-17T00:00:00Z,FXSUSD,6.382,6.614,5.28,5.808,17264.650201559998
2023-08-18T00:00:00Z,FXSUSD,5.828,6.054,5.79,6.054,13527.010442570005
2023-08-19T00:00:00Z,FXSUSD,6.052,6.394,6.052,6.394,6370.622525860003
2023-08-20T00:00:00Z,FXSUSD,6.41,6.452,6.096,6.096,1101.91355367
2023-08-21T00:00:00Z,FXSUSD,6.045,6.215,6.006,6.094,1451.6980863
2023-08-22T00:00:00Z,FXSUSD,6.104,6.13,5.5,5.693,5108.248751109999
2023-08-23T00:00:00Z,FXSUSD,5.664,6.043,5.664,6.022,9000.335734730003
2023-08-24T00:00:00Z,FXSUSD,6.049,6.206,5.895,5.993,5534.660952639998
2023-08-25T00:00:00Z,FXSUSD,6.022,6.052,5.798,5.85,2259.2083248900003
2023-08-26T00:00:00Z,FXSUSD,5.813,5.849,5.7,5.842,7619.5323192000005
2023-08-27T00:00:00Z,FXSUSD,5.835,5.953,5.772,5.953,935.0637050200003
2023-08-28T00:00:00Z,FXSUSD,5.955,6.005,5.875,5.94,1218.3040293900003
2023-08-29T00:00:00Z,FXSUSD,5.948,6.063,5.72,5.891,6817.392603799998
2023-08-30T00:00:00Z,FXSUSD,5.91,5.937,5.828,5.832,1237.2928758599999
2023-08-31T00:00:00Z,FXSUSD,5.823,5.85,5.587,5.625,12607.315297320001
2023-09-01T00:00:00Z,FXSUSD,5.649,5.686,5.544,5.632,24999.12358261998
2023-09-02T00:00:00Z,FXSUSD,5.635,5.93,5.631,5.667,1725.6369334200008
2023-09-03T00:00:00Z,FXSUSD,5.688,5.688,5.386,5.424,1345.9522283399992
2023-09-04T00:00:00Z,FXSUSD,5.425,5.618,5.425,5.546,1544.3898895800003
2023-09-05T00:00:00Z,FXSUSD,5.558,5.577,5.444,5.468,2494.28134722
2023-09-06T00:00:00Z,FXSUSD,5.494,5.632,5.483,5.61,12245.54138025
2023-09-07T00:00:00Z,FXSUSD,5.568,5.682,5.492,5.614,999.1094730799997
2023-09-08T00:00:00Z,FXSUSD,5.631,5.678,5.394,5.394,1703.5095805600001
2023-09-09T00:00:00Z,FXSUSD,5.484,5.536,5.407,5.536,949.81379083
2023-09-10T00:00:00Z,FXSUSD,5.386,5.386,5.061,5.061,1674.5098477700005
2023-09-11T00:00:00Z,FXSUSD,5.061,5.084,4.965,5.048,1534.7125364300005
2023-09-12T00:00:00Z,FXSUSD,5.066,5.231,5.04,5.108,19803.789789119994
2023-09-13T00:00:00Z,FXSUSD,5.147,5.45,5.06,5.316,7270.86151406
2023-09-14T00:00:00Z,FXSUSD,5.325,6.064,5.3,5.365,10473.50803614
2023-09-15T00:00:00Z,FXSUSD,5.36,5.495,5.314,5.364,1283.3983082400002
2023-09-16T00:00:00Z,FXSUSD,5.379,5.455,5.379,5.387,7009.956831130002
2023-09-17T00:00:00Z,FXSUSD,5.389,5.389,5.175,5.225,6254.034896099999
2023-09-18T00:00:00Z,FXSUSD,5.218,5.396,5.214,5.374,1101.63299138
2023-09-19T00:00:00Z,FXSUSD,5.35,5.447,5.3,5.329,8873.645198659997
2023-09-20T00:00:00Z,FXSUSD,5.32,5.372,5.15,5.212,1612.6032641800002
2023-09-21T00:00:00Z,FXSUSD,5.257,5.448,5.245,5.358,1181.4799500099998
2023-09-22T00:00:00Z,FXSUSD,5.338,5.565,5.308,5.456,2128.5500624099996
2023-09-23T00:00:00Z,FXSUSD,5.468,5.512,5.394,5.394,683.05434504
2023-09-24T00:00:00Z,FXSUSD,5.389,5.447,5.355,5.355,977.1978777800001
2023-09-25T00:00:00Z,FXSUSD,5.345,5.681,5.345,5.63,2821.42909748
2023-09-26T00:00:00Z,FXSUSD,5.641,5.95,5.641,5.914,5054.812917610001
2023-09-27T00:00:00Z,FXSUSD,5.906,5.967,5.729,5.787,4922.471239609999
2023-09-28T00:00:00Z,FXSUSD,5.798,6.025,5.756,5.961,4053.9226591899996
2023-09-29T00:00:00Z,FXSUSD,5.972,6.135,5.705,5.726,5230.129474589998
2023-09-30T00:00:00Z,FXSUSD,5.725,5.91,5.526,5.549,4816.126957779997
2023-10-01T00:00:00Z,FXSUSD,5.526,5.91,5.505,5.891,4637.9153205600005
2023-10-02T00:00:00Z,FXSUSD,5.858,5.878,5.345,5.38,21149.915285329986
2023-10-03T00:00:00Z,FXSUSD,5.42,5.662,5.381,5.535,6937.666505239996
2023-10-04T00:00:00Z,FXSUSD,5.501,5.735,5.281,5.598,8011.882441240001
2023-10-05T00:00:00Z,FXSUSD,5.577,5.836,5.205,5.205,6751.828328830004
2023-10-06T00:00:00Z,FXSUSD,5.218,5.435,5.201,5.428,4790.774582079999
2023-10-07T00:00:00Z,FXSUSD,5.431,5.558,5.431,5.545,2270.51306571
2023-10-08T00:00:00Z,FXSUSD,5.524,5.524,5.39,5.39,1045.43570359
2023-10-09T00:00:00Z,FXSUSD,5.417,5.466,5.187,5.195,1767.7241591300003
2023-10-10T00:00:00Z,FXSUSD,5.185,5.63,5.157,5.227,2544.926132579999
2023-10-11T00:00:00Z,FXSUSD,5.261,5.433,5.19,5.296,4096.8920096599995
2023-10-12T00:00:00Z,FXSUSD,5.316,5.849,5.273,5.69,8919.511512960002
2023-10-13T00:00:00Z,FXSUSD,5.66,5.754,5.387,5.712,7322.0402701799985
2023-10-14T00:00:00Z,FXSUSD,5.684,5.798,5.622,5.797,1314.7239815600003
2023-10-15T00:00:00Z,FXSUSD,5.817,5.934,5.747,5.869,1036.07471889
2023-10-16T00:00:00Z,FXSUSD,5.877,5.903,5.615,5.744,4762.443725020001
2023-10-17T00:00:00Z,FXSUSD,5.699,5.726,5.483,5.483,1474.8731396200005
2023-10-18T00:00:00Z,FXSUSD,5.478,5.532,5.309,5.328,1145.6534191600003
2023-10-19T00:00:00Z,FXSUSD,5.351,5.397,5.21,5.221,15917.180891409997
2023-10-20T00:00:00Z,FXSUSD,5.22,5.388,5.22,5.296,17503.058429789988
2023-10-21T00:00:00Z,FXSUSD,5.281,5.516,5.255,5.392,1337.9615880600002
2023-10-22T00:00:00Z,FXSUSD,5.456,5.497,5.285,5.367,2075.32818683
2023-10-23T00:00:00Z,FXSUSD,5.396,5.773,5.395,5.717,154713.25832735997
2023-10-24T00:00:00Z,FXSUSD,5.76,5.958,5.605,5.707,17386.30276580001
2023-10-25T00:00:00Z,FXSUSD,5.779,6.263,5.679,5.986,10788.954526190004
2023-10-26T00:00:00Z,FXSUSD,5.98,7.382,5.745,5.94,14135.98919651
2023-10-27T00:00:00Z,FXSUSD,5.929,5.98,5.753,5.853,3363.6271784300006
2023-10-28T00:00:00Z,FXSUSD,5.855,6.139,5.854,6.081,2545.2040661400006
2023-10-29T00:00:00Z,FXSUSD,6.091,6.411,6.006,6.096,7279.10839979
2023-10-30T00:00:00Z,FXSUSD,6.103,6.158,5.917,6.018,5621.259523779998
2023-10-31T00:00:00Z,FXSUSD,6.015,6.115,5.689,5.747,14755.78415963001
2023-11-01T00:00:00Z,FXSUSD,5.803,6.089,5.667,6.051,7385.155937040003
2023-11-02T00:00:00Z,FXSUSD,6.062,6.466,6.025,6.266,14170.047246359998
2023-11-03T00:00:00Z,FXSUSD,6.209,6.333,6.023,6.209,14878.474906599991
2023-11-04T00:00:00Z,FXSUSD,6.193,6.593,6.174,6.593,3914.3856875300007
2023-11-05T00:00:00Z,FXSUSD,6.592,6.655,6.354,6.439,9034.702395059994
2023-11-06T00:00:00Z,FXSUSD,6.439,6.799,6.328,6.65,6053.4736965799975
2023-11-07T00:00:00Z,FXSUSD,6.647,6.658,6.126,6.232,11122.725975830004
2023-11-08T00:00:00Z,FXSUSD,6.202,6.586,5.847,6.34,10743.327490269989
2023-11-09T00:00:00Z,FXSUSD,6.332,6.785,5.783,6.599,23606.10421115999
2023-11-10T00:00:00Z,FXSUSD,6.6,7.583,6.568,7.031,50701.11907438002
2023-11-11T00:00:00Z,FXSUSD,7.031,7.147,6.59,6.779,23546.091285740014
2023-11-12T00:00:00Z,FXSUSD,6.782,6.932,6.512,6.81,15454.54469049
2023-11-13T00:00:00Z,FXSUSD,6.809,8.0,6.566,7.216,46255.1026976
2023-11-14T00:00:00Z,FXSUSD,7.223,8.473,6.05,7.491,48204.58816738001
2023-11-15T00:00:00Z,FXSUSD,7.489,8.227,7.428,7.965,26129.833558239996
2023-11-16T00:00:00Z,FXSUSD,8.013,8.046,7.393,7.513,35426.18814328003
2023-11-17T00:00:00Z,FXSUSD,7.536,7.685,6.923,7.199,27786.660774279982
2023-11-18T00:00:00Z,FXSUSD,7.224,7.224,6.83,7.16,4323.50670882
2023-11-19T00:00:00Z,FXSUSD,7.104,7.327,7.006,7.327,4759.528472460001
2023-11-20T00:00:00Z,FXSUSD,7.312,7.612,7.079,7.261,9311.733266689998
2023-11-21T00:00:00Z,FXSUSD,7.259,7.371,6.476,6.559,10095.263951739993
2023-11-22T00:00:00Z,FXSUSD,6.621,7.416,6.606,7.261,11506.516909570008
2023-11-23T00:00:00Z,FXSUSD,7.208,7.669,7.09,7.2,11206.54220464
2023-11-24T00:00:00Z,FXSUSD,7.182,7.499,7.182,7.465,3453.7786267099987
2023-11-25T00:00:00Z,FXSUSD,7.406,7.512,7.349,7.423,2147.5391592999995
2023-11-26T00:00:00Z,FXSUSD,7.422,7.422,7.1,7.291,10387.906783309993
2023-11-27T00:00:00Z,FXSUSD,7.316,7.394,7.071,7.264,3324.0055743899993
2023-11-28T00:00:00Z,FXSUSD,7.299,7.307,6.901,7.006,8714.052941800004
2023-11-29T00:00:00Z,FXSUSD,7.01,7.31,7.01,7.101,14036.375532190015
2023-11-30T00:00:00Z,FXSUSD,7.108,7.259,7.056,7.133,7298.402569950003
2023-12-01T00:00:00Z,FXSUSD,7.14,8.133,7.103,7.733,9994.506237610001
2023-12-02T00:00:00Z,FXSUSD,7.75,7.95,7.671,7.916,8444.764044219997
2023-12-03T00:00:00Z,FXSUSD,7.944,8.374,7.767,8.277,7157.682432949996
2023-12-04T00:00:00Z,FXSUSD,8.371,10.65,8.205,8.672,56377.61934369002
2023-12-05T00:00:00Z,FXSUSD,8.696,9.41,8.385,8.699,22430.833518440068
2023-12-06T00:00:00Z,FXSUSD,8.683,8.881,8.104,8.182,12014.197758610002
2023-12-07T00:00:00Z,FXSUSD,8.292,13.451,8.258,9.083,109700.08342427
2023-12-08T00:00:00Z,FXSUSD,9.007,9.342,8.808,8.907,22582.215081030015
2023-12-09T00:00:00Z,FXSUSD,8.921,9.361,8.853,8.897,13795.749411520006
2023-12-10T00:00:00Z,FXSUSD,8.967,9.484,8.964,9.151,14764.68647350998
2023-12-11T00:00:00Z,FXSUSD,9.202,9.763,8.294,8.74,45414.49306054994
2023-12-12T00:00:00Z,FXSUSD,8.755,9.025,8.5,8.792,16092.867843299991
2023-12-13T00:00:00Z,FXSUSD,8.773,9.083,8.325,8.93,16084.917388899998
2023-12-14T00:00:00Z,FXSUSD,8.936,9.385,8.905,9.23,13300.035567869998
2023-12-15T00:00:00Z,FXSUSD,9.166,9.166,8.569,8.586,8699.961058429997
2023-12-16T00:00:00Z,FXSUSD,8.638,8.948,8.531,8.772,8503.714561800001
2023-12-17T00:00:00Z,FXSUSD,8.835,8.885,8.389,8.558,6763.802565459999
2023-12-18T00:00:00Z,FXSUSD,8.517,8.586,8.021,8.562,14153.388089770006
2023-12-19T00:00:00Z,FXSUSD,8.545,8.709,8.134,8.141,11568.434689600002
2023-12-20T00:00:00Z,FXSUSD,8.186,8.636,8.119,8.258,12448.950902339997
2023-12-21T00:00:00Z,FXSUSD,8.256,8.612,8.181,8.568,13434.808373339998
2023-12-22T00:00:00Z,FXSUSD,8.565,9.32,8.432,9.151,37322.88169467999
2023-12-23T00:00:00Z,FXSUSD,9.14,9.14,8.698,8.842,14471.024077689994
2023-12-24T00:00:00Z,FXSUSD,8.828,8.924,8.486,8.6,8562.322294490003
2023-12-25T00:00:00Z,FXSUSD,8.614,8.801,8.45,8.45,7485.786155999997
2023-12-26T00:00:00Z,FXSUSD,8.51,8.732,8.168,8.57,14772.970866569995
2023-12-27T00:00:00Z,FXSUSD,8.571,9.535,8.31,9.288,15892.397954860007
2023-12-28T00:00:00Z,FXSUSD,9.33,9.832,8.853,9.11,13190.061008289978
2023-12-29T00:00:00Z,FXSUSD,9.126,9.471,8.873,9.179,5785.085732699997
2023-12-30T00:00:00Z,FXSUSD,9.074,9.265,8.883,8.952,11050.72475067999
2023-12-31T00:00:00Z,FXSUSD,8.944,9.079,8.544,8.62,8475.223751870004
2024-01-01T00:00:00Z,FXSUSD,8.592,9.057,8.515,9.04,6429.157947070001
2024-01-02T00:00:00Z,FXSUSD,8.995,9.612,8.995,9.126,9567.990070460004
2024-01-03T00:00:00Z,FXSUSD,9.216,9.483,7.55,8.432,18416.29692613999
2024-01-04T00:00:00Z,FXSUSD,8.444,9.079,8.31,8.645,22244.97699069
2024-01-05T00:00:00Z,FXSUSD,8.682,8.706,7.954,8.351,14569.026800380005
2024-01-06T00:00:00Z,FXSUSD,8.363,8.386,7.911,8.056,8081.585610859999
2024-01-07T00:00:00Z,FXSUSD,8.083,8.246,7.567,7.634,6256.09848357
2024-01-08T00:00:00Z,FXSUSD,7.638,8.112,7.23,8.107,18605.849388239996
2024-01-09T00:00:00Z,FXSUSD,8.012,8.115,7.258,8.027,16607.83624394
2024-01-10T00:00:00Z,FXSUSD,8.107,9.028,8.107,8.814,33309.06296377996
2024-01-11T00:00:00Z,FXSUSD,8.823,10.769,8.751,9.485,22690.671898979992
2024-01-12T00:00:00Z,FXSUSD,9.502,9.743,8.704,8.89,22597.91888366999
2024-01-13T00:00:00Z,FXSUSD,8.894,9.358,8.641,9.217,10188.228546750004
2024-01-14T00:00:00Z,FXSUSD,9.258,9.348,8.831,8.831,11181.905619459993
2024-01-15T00:00:00Z,FXSUSD,8.832,9.043,8.704,8.835,5537.893507520003
2024-01-16T00:00:00Z,FXSUSD,8.893,9.196,8.722,8.988,56062.21299952004
2024-01-17T00:00:00Z,FXSUSD,9.014,9.103,8.744,8.857,9813.399199730002
2024-01-18T00:00:00Z,FXSUSD,8.877,9.414,8.602,8.71,12252.27466617
2024-01-19T00:00:00Z,FXSUSD,8.618,8.899,8.361,8.899,5291.187531470001
2024-01-20T00:00:00Z,FXSUSD,8.894,9.178,8.863,9.114,2076.9598605499996
2024-01-21T00:00:00Z,FXSUSD,9.092,9.554,9.088,9.478,6052.050994330002
2024-01-22T00:00:00Z,FXSUSD,9.466,9.765,9.151,9.21,12017.796765359994
2024-01-23T00:00:00Z,FXSUSD,9.371,9.55,8.65,9.151,4357.35276197
2024-01-24T00:00:00Z,FXSUSD,9.152,12.4,9.152,10.128,20580.41527181998
2024-01-25T00:00:00Z,FXSUSD,10.158,10.256,9.507,9.763,8061.462238440003
2024-01-26T00:00:00Z,FXSUSD,9.772,10.446,9.765,10.216,14592.433082029991
2024-01-27T00:00:00Z,FXSUSD,10.18,10.555,10.076,10.183,7564.945731469999
2024-01-28T00:00:00Z,FXSUSD,10.259,10.339,9.792,9.855,3694.3381598500005
2024-01-29T00:00:00Z,FXSUSD,9.97,10.019,9.581,9.81,12957.816527019997
2024-01-30T00:00:00Z,FXSUSD,9.788,10.67,9.765,10.524,5125.581807739997
2024-01-31T00:00:00Z,FXSUSD,10.547,10.547,9.617,9.667,12837.62901146
2024-02-01T00:00:00Z,FXSUSD,9.689,9.952,9.452,9.81,5882.6995192099985
2024-02-02T00:00:00Z,FXSUSD,9.895,10.436,9.89,10.264,6540.044728420003
2024-02-03T00:00:00Z,FXSUSD,10.286,10.412,10.073,10.215,1576.0629539899994
2024-02-04T00:00:00Z,FXSUSD,10.15,10.253,9.77,9.971,6081.307474390001
2024-02-05T00:00:00Z,FXSUSD,9.95,10.81,9.936,10.253,54526.46974301002
2024-02-06T00:00:00Z,FXSUSD,10.341,10.417,9.107,9.15,18858.816404599995
2024-02-07T00:00:00Z,FXSUSD,9.101,9.462,9.034,9.374,49530.94308623997
2024-02-08T00:00:00Z,FXSUSD,9.461,9.878,9.07,9.134,15116.087826399993
2024-02-09T00:00:00Z,FXSUSD,9.062,9.25,8.624,9.01,27878.515707590017
2024-02-10T00:00:00Z,FXSUSD,9.01,9.197,8.96,9.032,6352.260539530001
2024-02-11T00:00:00Z,FXSUSD,9.015,9.183,8.921,8.997,4763.7996379100005
2024-02-12T00:00:00Z,FXSUSD,9.007,9.21,8.836,9.086,23192.86195611998
2024-02-13T00:00:00Z,FXSUSD,9.161,9.185,8.756,8.89,5831.162833459999
2024-02-14T00:00:00Z,FXSUSD,8.856,9.11,8.761,8.841,10200.589138729994
2024-02-15T00:00:00Z,FXSUSD,8.861,9.085,8.801,8.885,8709.799656570003
2024-02-16T00:00:00Z,FXSUSD,8.925,9.293,8.837,8.961,6326.030352529995
2024-02-17T00:00:00Z,FXSUSD,8.953,8.994,8.276,8.575,12210.757959150007
2024-02-18T00:00:00Z,FXSUSD,8.582,8.804,8.488,8.748,4673.685689019999
2024-02-19T00:00:00Z,FXSUSD,8.764,9.314,8.764,9.183,65098.53161347004
2024-02-20T00:00:00Z,FXSUSD,9.217,9.25,8.574,8.926,6883.611505029995
2024-02-21T00:00:00Z,FXSUSD,8.918,9.011,8.271,8.485,6567.915787829999
2024-02-22T00:00:00Z,FXSUSD,8.508,8.742,8.167,8.231,10469.298135289991
2024-02-23T00:00:00Z,FXSUSD,8.18,8.465,8.025,8.237,4788.688780629998
2024-02-24T00:00:00Z,FXSUSD,8.272,9.685,8.167,8.486,18989.758381749984
2024-02-25T00:00:00Z,FXSUSD,8.542,8.799,8.359,8.442,6109.64472661
2024-02-26T00:00:00Z,FXSUSD,8.525,9.831,8.4,9.089,28190.60174681
2024-02-27T00:00:00Z,FXSUSD,9.08,9.491,8.997,9.491,14123.020140489996
2024-02-28T00:00:00Z,FXSUSD,9.5,9.638,8.456,8.958,54731.87471570005
2024-02-29T00:00:00Z,FXSUSD,8.943,9.741,8.717,8.986,26433.34778810002
2024-03-01T00:00:00Z,FXSUSD,9.013,9.265,8.919,9.255,13610.016160189994
2024-03-02T00:00:00Z,FXSUSD,9.232,9.38,8.958,9.053,11649.593543379999
2024-03-03T00:00:00Z,FXSUSD,9.048,9.185,8.124,8.876,11285.682981839998
2024-03-04T00:00:00Z,FXSUSD,8.922,9.341,8.689,8.941,18047.229117329985
2024-03-05T00:00:00Z,FXSUSD,8.941,9.145,6.615,7.883,31805.098011029975
2024-03-06T00:00:00Z,FXSUSD,7.861,8.295,7.573,8.083,18121.325475429985
2024-03-07T00:00:00Z,FXSUSD,8.084,8.801,7.749,8.479,137354.6354429899
2024-03-08T00:00:00Z,FXSUSD,8.546,8.783,8.166,8.667,17908.41554821
2024-03-09T00:00:00Z,FXSUSD,8.694,9.9,8.651,9.154,27869.107544009992
2024-03-10T00:00:00Z,FXSUSD,9.184,9.23,8.748,8.976,7682.203832039999
2024-03-11T00:00:00Z,FXSUSD,8.992,9.623,8.517,8.974,41531.51615852003
2024-03-12T00:00:00Z,FXSUSD,8.984,9.374,8.543,9.104,15943.799858749986
2024-03-13T00:00:00Z,FXSUSD,9.116,10.129,9.057,9.576,17025.214344860018
2024-03-14T00:00:00Z,FXSUSD,9.559,9.559,8.698,9.102,12368.710618479994
2024-03-15T00:00:00Z,FXSUSD,9.135,9.191,7.86,8.379,24559.945748470003
2024-03-16T00:00:00Z,FXSUSD,8.394,8.465,7.5,7.612,10671.485785439998
2024-03-17T00:00:00Z,FXSUSD,7.669,8.133,7.378,7.977,10779.51064459999
2024-03-18T00:00:00Z,FXSUSD,7.965,8.016,7.525,7.729,11399.149818789998
2024-03-19T00:00:00Z,FXSUSD,7.733,7.762,6.623,6.763,485942.55557123886
2024-03-20T00:00:00Z,FXSUSD,6.773,7.405,6.574,7.354,14546.223250210005
2024-03-21T00:00:00Z,FXSUSD,7.331,7.8,7.173,7.416,19379.218290709996
2024-03-22T00:00:00Z,FXSUSD,7.432,7.441,6.89,7.09,10472.714696419995
2024-03-23T00:00:00Z,FXSUSD,7.103,7.426,7.075,7.224,3997.0270742000002
2024-03-24T00:00:00Z,FXSUSD,7.33,7.539,7.196,7.487,2009.6761076899995
2024-03-25T00:00:00Z,FXSUSD,7.517,7.708,7.505,7.57,6063.30705251
2024-03-26T00:00:00Z,FXSUSD,7.618,8.014,7.471,7.971,17328.323020769996
2024-03-27T00:00:00Z,FXSUSD,7.959,8.065,7.5,7.71,6091.620447299996
2024-03-28T00:00:00Z,FXSUSD,7.728,7.782,7.48,7.679,21289.223861500006
2024-03-29T00:00:00Z,FXSUSD,7.68,7.896,7.527,7.659,9077.817414440004
2024-03-30T00:00:00Z,FXSUSD,7.682,7.714,7.443,7.443,3852.196358920002
2024-03-31T00:00:00Z,FXSUSD,7.52,7.639,7.268,7.585,17231.569143489985
2024-04-01T00:00:00Z,FXSUSD,7.611,7.765,6.93,7.251,8217.985544229996
2024-04-02T00:00:00Z,FXSUSD,7.238,7.238,6.585,6.659,231772.57134604064
2024-04-03T00:00:00Z,FXSUSD,6.665,6.774,6.444,6.71,286746.31891944946
2024-04-04T00:00:00Z,FXSUSD,6.689,7.054,6.572,6.942,5326.83447763
2024-04-05T00:00:00Z,FXSUSD,6.983,7.074,6.574,6.864,8167.473919699995
2024-04-06T00:00:00Z,FXSUSD,6.881,6.899,6.787,6.861,3644.873880630001
2024-04-07T00:00:00Z,FXSUSD,6.881,7.066,6.85,7.025,2619.8003771399985
2024-04-08T00:00:00Z,FXSUSD,6.997,7.305,6.857,7.163,7355.308404840001
2024-04-09T00:00:00Z,FXSUSD,7.178,7.262,6.695,6.791,8284.59303738
2024-04-10T00:00:00Z,FXSUSD,6.776,6.823,6.524,6.743,4716.0334715300005
2024-04-11T00:00:00Z,FXSUSD,6.71,6.81,6.583,6.68,3275.7499748
2024-04-12T00:00:00Z,FXSUSD,6.699,6.701,5.05,5.404,24709.392039910035
2024-04-13T00:00:00Z,FXSUSD,5.396,5.56,3.793,4.595,32725.878745800102
2024-04-14T00:00:00Z,FXSUSD,4.593,5.181,4.48,5.139,8196.930965969997
2024-04-15T00:00:00Z,FXSUSD,5.129,5.325,4.781,4.901,14944.18170138
2024-04-16T00:00:00Z,FXSUSD,4.86,4.984,4.758,4.963,9301.898826620003
2024-04-17T00:00:00Z,FXSUSD,4.941,4.992,4.628,4.827,7371.858920169999
2024-04-18T00:00:00Z,FXSUSD,4.769,4.992,4.698,4.992,19235.459878879992
2024-04-19T00:00:00Z,FXSUSD,4.973,5.08,4.0,4.903,15886.607930329992
2024-04-20T00:00:00Z,FXSUSD,4.947,5.35,4.864,5.254,8665.622778769999
2024-04-21T00:00:00Z,FXSUSD,5.207,5.244,4.992,5.009,6159.759670219999
2024-04-22T00:00:00Z,FXSUSD,5.019,5.239,5.005,5.065,4263.451835509999
2024-04-23T00:00:00Z,FXSUSD,5.071,5.111,4.787,4.815,6711.032461959998
2024-04-24T00:00:00Z,FXSUSD,4.831,4.936,4.456,4.567,16649.18164439001
2024-04-25T00:00:00Z,FXSUSD,4.578,4.579,4.413,4.512,5606.336950170001
2024-04-26T00:00:00Z,FXSUSD,4.488,4.535,4.399,4.409,1697.7486894099998
2024-04-27T00:00:00Z,FXSUSD,4.388,4.571,4.328,4.54,3281.0707932699993
2024-04-28T00:00:00Z,FXSUSD,4.578,4.63,4.48,4.48,13472.99777091
2024-04-29T00:00:00Z,FXSUSD,4.413,4.437,4.297,4.437,2102.20590347
2024-04-30T00:00:00Z,FXSUSD,4.389,4.458,4.0,4.18,11175.644181679992
2024-05-01T00:00:00Z,FXSUSD,4.173,4.247,3.999,4.235,5958.611278799997
2024-05-02T00:00:00Z,FXSUSD,4.206,4.246,4.108,4.122,1274.67168017
2024-05-03T00:00:00Z,FXSUSD,4.13,4.38,4.108,4.38,1192.6004890299998
2024-05-04T00:00:00Z,FXSUSD,4.406,4.417,4.309,4.348,4568.71274807
2024-05-05T00:00:00Z,FXSUSD,4.31,4.456,4.255,4.442,3060.2639508
2024-05-06T00:00:00Z,FXSUSD,4.474,4.505,4.282,4.282,1334.6457887000001
2024-05-07T00:00:00Z,FXSUSD,4.293,4.304,4.124,4.149,6724.715174219998
2024-05-08T00:00:00Z,FXSUSD,4.154,4.359,4.051,4.297,2382.3355944799996
2024-05-09T00:00:00Z,FXSUSD,4.218,4.561,4.196,4.476,3123.577623399999
2024-05-10T00:00:00Z,FXSUSD,4.463,4.502,4.218,4.309,1991.1692004200002
2024-05-11T00:00:00Z,FXSUSD,4.317,4.388,4.216,4.221,6506.7189590299995
2024-05-12T00:00:00Z,FXSUSD,4.228,4.23,4.1,4.1,11325.02120062
2024-05-13T00:00:00Z,FXSUSD,4.104,4.169,3.939,4.149,3749.62900706
2024-05-14T00:00:00Z,FXSUSD,4.101,4.147,3.998,3.998,1658.5976237500001
2024-05-15T00:00:00Z,FXSUSD,4.045,4.299,4.002,4.267,4093.8264991899996
2024-05-16T00:00:00Z,FXSUSD,4.275,4.299,4.093,4.171,989.1584122400001
2024-05-17T00:00:00Z,FXSUSD,4.174,4.341,4.146,4.32,8407.18127886
2024-05-18T00:00:00Z,FXSUSD,4.309,4.472,4.282,4.365,2675.13326605
2024-05-19T00:00:00Z,FXSUSD,4.345,4.37,4.155,4.184,3478.9753204099993
2024-05-20T00:00:00Z,FXSUSD,4.136,4.63,4.136,4.63,7024.67126763
2024-05-21T00:00:00Z,FXSUSD,4.648,4.743,4.61,4.696,5061.125233589997
2024-05-22T00:00:00Z,FXSUSD,4.675,4.675,4.527,4.58,4077.475108880001
2024-05-23T00:00:00Z,FXSUSD,4.593,4.648,4.282,4.492,3750.9481714800004
2024-05-24T00:00:00Z,FXSUSD,4.484,4.75,4.458,4.706,25444.60209203999
2024-05-25T00:00:00Z,FXSUSD,4.719,5.136,4.719,4.808,20234.332658700027
2024-05-26T00:00:00Z,FXSUSD,4.768,4.777,4.656,4.716,1970.3357262100005
2024-05-27T00:00:00Z,FXSUSD,4.67,4.793,4.48,4.669,25199.80099151001
2024-05-28T00:00:00Z,FXSUSD,4.646,4.646,4.366,4.46,5880.79822449
2024-05-29T00:00:00Z,FXSUSD,4.437,4.734,4.437,4.733,5363.343969880001
2024-05-30T00:00:00Z,FXSUSD,4.739,4.739,4.538,4.538,1488.95439301
2024-05-31T00:00:00Z,FXSUSD,4.505,4.965,4.464,4.71,12243.04023414
2024-06-01T00:00:00Z,FXSUSD,4.698,4.928,4.577,4.831,4074.375378919999
2024-06-02T00:00:00Z,FXSUSD,4.83,4.897,4.569,4.597,4387.4240402999985
2024-06-03T00:00:00Z,FXSUSD,4.625,4.814,4.599,4.599,12432.877809059999
2024-06-04T00:00:00Z,FXSUSD,4.607,4.748,4.586,4.748,8868.100746000004
2024-06-05T00:00:00Z,FXSUSD,4.752,4.808,4.728,4.728,616.2876192699999
2024-06-06T00:00:00Z,FXSUSD,4.747,4.747,4.614,4.678,6542.9416610200005
2024-06-07T00:00:00Z,FXSUSD,4.668,5.211,3.991,4.534,20750.11392228001
2024-06-08T00:00:00Z,FXSUSD,4.63,4.701,4.155,4.199,4922.83860512
2024-06-09T00:00:00Z,FXSUSD,4.182,4.259,4.13,4.205,673.0585391700002
2024-06-10T00:00:00Z,FXSUSD,4.198,4.258,4.114,4.139,7896.482481259998
2024-06-11T00:00:00Z,FXSUSD,4.152,4.152,3.8,3.922,32305.97022162998
2024-06-12T00:00:00Z,FXSUSD,3.872,4.142,3.827,4.013,5085.7268755099985
2024-06-13T00:00:00Z,FXSUSD,3.953,3.995,3.701,3.725,24155.905984260004
2024-06-14T00:00:00Z,FXSUSD,3.73,3.891,3.55,3.657,5463.661344870001
2024-06-15T00:00:00Z,FXSUSD,3.637,3.694,3.626,3.65,1117.3330414000002
2024-06-16T00:00:00Z,FXSUSD,3.636,3.75,3.628,3.72,966.4615897199999
2024-06-17T00:00:00Z,FXSUSD,3.642,4.021,3.616,3.739,6814.976489399993
2024-06-18T00:00:00Z,FXSUSD,3.734,3.734,3.135,3.399,12332.212784390003
2024-06-19T00:00:00Z,FXSUSD,3.397,3.491,3.309,3.478,33264.98791807
2024-06-20T00:00:00Z,FXSUSD,3.499,3.582,3.373,3.407,46243.18920390004
2024-06-21T00:00:00Z,FXSUSD,3.364,3.477,3.35,3.425,7227.001857419999
2024-06-22T00:00:00Z,FXSUSD,3.385,3.425,3.364,3.366,839.60128361
2024-06-23T00:00:00Z,FXSUSD,3.357,3.417,3.254,3.277,1636.1720994799998
2024-06-24T00:00:00Z,FXSUSD,3.323,3.323,3.116,3.305,5403.8644898
2024-06-25T00:00:00Z,FXSUSD,3.318,3.346,3.283,3.346,3797.6300195800004
2024-06-26T00:00:00Z,FXSUSD,3.36,3.36,3.213,3.221,833.71993343
2024-06-27T00:00:00Z,FXSUSD,3.217,3.273,3.181,3.252,2442.733999440001
2024-06-28T00:00:00Z,FXSUSD,3.269,3.269,2.926,2.926,5735.96706602
2024-06-29T00:00:00Z,FXSUSD,2.938,3.062,2.937,3.031,4663.12991512
2024-06-30T00:00:00Z,FXSUSD,2.982,3.088,2.947,3.061,1678.21617406
2024-07-01T00:00:00Z,FXSUSD,3.077,3.077,2.948,2.948,2088.2279317400003
2024-07-02T00:00:00Z,FXSUSD,2.937,2.945,2.868,2.877,4693.460067609999
2024-07-03T00:00:00Z,FXSUSD,2.896,2.905,2.566,2.614,24031.52729647
2024-07-04T00:00:00Z,FXSUSD,2.649,2.649,2.415,2.434,5915.637299699999
2024-07-05T00:00:00Z,FXSUSD,2.4,2.451,2.154,2.451,5885.749455589999
2024-07-06T00:00:00Z,FXSUSD,2.455,2.52,2.411,2.517,2025.86422099
2024-07-07T00:00:00Z,FXSUSD,2.5,2.5,2.324,2.324,1702.0896371100002
2024-07-08T00:00:00Z,FXSUSD,2.305,2.419,2.245,2.357,8316.250327939999
2024-07-09T00:00:00Z,FXSUSD,2.382,2.471,2.371,2.45,1584.70066747
2024-07-10T00:00:00Z,FXSUSD,2.427,2.427,2.355,2.355,3058.01722585
2024-07-11T00:00:00Z,FXSUSD,2.4,2.493,2.367,2.372,2410.78897822
2024-07-12T00:00:00Z,FXSUSD,2.371,2.387,2.324,2.353,1819.52163457
2024-07-13T00:00:00Z,FXSUSD,2.379,2.419,2.34,2.366,676.6702331500001
2024-07-14T00:00:00Z,FXSUSD,2.382,2.395,2.264,2.368,1909.77716524
2024-07-15T00:00:00Z,FXSUSD,2.382,2.578,2.382,2.578,3889.25353424
2024-07-16T00:00:00Z,FXSUSD,2.606,2.606,2.406,2.457,5582.75424656
2024-07-17T00:00:00Z,FXSUSD,2.493,2.649,2.486,2.545,13871.611184440002
2024-07-18T00:00:00Z,FXSUSD,2.573,2.622,2.453,2.509,3480.6161016099986
2024-07-19T00:00:00Z,FXSUSD,2.486,2.609,2.439,2.609,1165.8957743800001
2024-07-20T00:00:00Z,FXSUSD,2.563,2.624,2.524,2.613,9084.33959761
2024-07-21T00:00:00Z,FXSUSD,2.564,2.589,2.445,2.578,3322.957401950001
2024-07-22T00:00:00Z,FXSUSD,2.59,2.669,2.403,2.427,11692.149274189991
2024-07-23T00:00:00Z,FXSUSD,2.412,2.46,2.281,2.305,4892.709471890001
2024-07-24T00:00:00Z,FXSUSD,2.3,2.328,2.22,2.22,2112.78201673
2024-07-25T00:00:00Z,FXSUSD,2.202,2.202,2.094,2.151,3448.8945677100005
2024-07-26T00:00:00Z,FXSUSD,2.167,2.293,2.167,2.293,3435.478959160001
2024-07-27T00:00:00Z,FXSUSD,2.288,2.311,2.236,2.276,2515.493782520003
2024-07-28T00:00:00Z,FXSUSD,2.287,2.366,2.259,2.259,3865.9648023499994
2024-07-29T00:00:00Z,FXSUSD,2.311,2.367,2.258,2.27,997.91738015
2024-07-30T00:00:00Z,FXSUSD,2.311,2.321,2.236,2.301,1259.9509264400003
2024-07-31T00:00:00Z,FXSUSD,2.273,2.346,2.202,2.202,2174.32996282
2024-08-01T00:00:00Z,FXSUSD,2.216,2.436,2.133,2.428,13255.611378579999
2024-08-02T00:00:00Z,FXSUSD,2.449,2.487,2.324,2.336,7445.305667329999
2024-08-03T00:00:00Z,FXSUSD,2.305,2.46,2.03,2.044,15589.402295409996
2024-08-04T00:00:00Z,FXSUSD,2.028,2.187,1.858,2.014,14040.994588549998
2024-08-05T00:00:00Z,FXSUSD,1.993,1.998,1.3,1.674,34033.60394694001
2024-08-06T00:00:00Z,FXSUSD,1.704,1.822,1.704,1.805,3478.72934313
2024-08-07T00:00:00Z,FXSUSD,1.837,1.842,1.716,1.733,18115.9243028
2024-08-08T00:00:00Z,FXSUSD,1.734,1.917,1.707,1.917,6417.738841459998
2024-08-09T00:00:00Z,FXSUSD,1.915,1.936,1.863,1.914,2240.77468184
2024-08-10T00:00:00Z,FXSUSD,1.926,1.933,1.883,1.933,1377.0593436699999
2024-08-11T00:00:00Z,FXSUSD,1.922,1.981,1.832,1.832,2514.7088851599997
2024-08-12T00:00:00Z,FXSUSD,1.825,1.926,1.819,1.926,8692.509766379997
2024-08-13T00:00:00Z,FXSUSD,1.903,1.903,1.845,1.863,2601.3567820000003
2024-08-14T00:00:00Z,FXSUSD,1.867,1.876,1.769,1.789,4762.365671089999
2024-08-15T00:00:00Z,FXSUSD,1.775,1.856,1.752,1.765,5022.151200380002
2024-08-16T00:00:00Z,FXSUSD,1.74,1.863,1.74,1.807,1435.5158688299998
2024-08-17T00:00:00Z,FXSUSD,1.816,1.903,1.805,1.903,4299.183181559999
2024-08-18T00:00:00Z,FXSUSD,1.905,2.067,1.902,1.98,4841.125859599999
2024-08-19T00:00:00Z,FXSUSD,1.95,1.99,1.935,1.978,4608.242218719998
2024-08-20T00:00:00Z,FXSUSD,2.001,2.013,1.874,1.911,2443.762427639997
2024-08-21T00:00:00Z,FXSUSD,1.926,2.239,1.926,2.237,8747.007257390003
2024-08-22T00:00:00Z,FXSUSD,2.256,2.329,2.243,2.254,8788.039126860003
2024-08-23T00:00:00Z,FXSUSD,2.265,2.329,2.245,2.329,3618.8614034099996
2024-08-24T00:00:00Z,FXSUSD,2.299,2.392,2.248,2.28,3422.2374991000006
2024-08-25T00:00:00Z,FXSUSD,2.255,2.255,2.17,2.177,2954.280813460001
2024-08-26T00:00:00Z,FXSUSD,2.154,2.194,2.06,2.085,4619.309502590002
2024-08-27T00:00:00Z,FXSUSD,2.102,2.13,1.974,2.016,1622.34622469
2024-08-28T00:00:00Z,FXSUSD,1.98,2.019,1.911,1.926,3345.303646359999
2024-08-29T00:00:00Z,FXSUSD,1.939,1.988,1.916,1.938,595.98810893
2024-08-30T00:00:00Z,FXSUSD,1.924,1.942,1.835,1.909,1535.7005883500003
2024-08-31T00:00:00Z,FXSUSD,1.919,1.929,1.863,1.872,1267.65770936
2024-09-01T00:00:00Z,FXSUSD,1.851,1.868,1.763,1.778,3311.5278218099998
2024-09-02T00:00:00Z,FXSUSD,1.812,1.926,1.812,1.917,694.2406161499999
2024-09-03T00:00:00Z,FXSUSD,1.892,1.899,1.769,1.769,647.48533002
2024-09-04T00:00:00Z,FXSUSD,1.76,1.843,1.704,1.84,37809.88064960001
2024-09-05T00:00:00Z,FXSUSD,1.807,1.812,1.75,1.757,2254.5977274
2024-09-06T00:00:00Z,FXSUSD,1.775,1.801,1.649,1.696,9149.596163759998
2024-09-07T00:00:00Z,FXSUSD,1.73,1.743,1.7,1.728,2210.8338824800003
2024-09-08T00:00:00Z,FXSUSD,1.746,1.847,1.743,1.831,3301.6827866000003
2024-09-09T00:00:00Z,FXSUSD,1.85,1.886,1.85,1.865,3795.94510347
2024-09-10T00:00:00Z,FXSUSD,1.859,1.916,1.859,1.916,8222.9136838
2024-09-11T00:00:00Z,FXSUSD,1.901,1.901,1.835,1.896,1140.14310029
2024-09-12T00:00:00Z,FXSUSD,1.903,1.951,1.902,1.951,2189.02490265
2024-09-13T00:00:00Z,FXSUSD,1.945,1.946,1.916,1.937,3107.0255485399994
2024-09-14T00:00:00Z,FXSUSD,1.933,1.933,1.876,1.9,2431.8401730200007
2024-09-15T00:00:00Z,FXSUSD,1.916,1.916,1.833,1.833,1751.56575916
2024-09-16T00:00:00Z,FXSUSD,1.807,1.839,1.768,1.768,895.3272163300003
2024-09-17T00:00:00Z,FXSUSD,1.762,1.855,1.76,1.822,1422.06436859
2024-09-18T00:00:00Z,FXSUSD,1.807,1.842,1.72,1.842,2763.599641199998
2024-09-19T00:00:00Z,FXSUSD,1.855,1.97,1.855,1.955,14860.988296649997
2024-09-20T00:00:00Z,FXSUSD,1.984,2.014,1.921,1.967,2492.040768900001
2024-09-21T00:00:00Z,FXSUSD,1.961,2.016,1.94,2.016,4060.8098340999995
2024-09-22T00:00:00Z,FXSUSD,2.02,2.02,1.892,1.926,1752.36600545
2024-09-23T00:00:00Z,FXSUSD,1.951,1.989,1.947,1.966,3201.0077732600002
2024-09-24T00:00:00Z,FXSUSD,1.96,2.032,1.921,2.03,3602.89955683
2024-09-25T00:00:00Z,FXSUSD,2.042,2.062,1.947,1.947,10485.478392759996
2024-09-26T00:00:00Z,FXSUSD,1.954,2.095,1.954,2.053,13071.284591579999
2024-09-27T00:00:00Z,FXSUSD,2.042,2.285,2.042,2.256,17036.217285079998
2024-09-28T00:00:00Z,FXSUSD,2.258,2.435,2.247,2.354,13576.70630282
2024-09-29T00:00:00Z,FXSUSD,2.346,2.346,2.238,2.274,14120.835054600004
2024-09-30T00:00:00Z,FXSUSD,2.246,2.294,2.166,2.181,4537.244073419998
2024-10-01T00:00:00Z,FXSUSD,2.167,2.34,2.02,2.076,9721.163958799998
2024-10-02T00:00:00Z,FXSUSD,2.059,2.155,1.947,1.984,7871.926286859999
2024-10-03T00:00:00Z,FXSUSD,1.981,2.013,1.892,1.928,8229.80016059
2024-10-04T00:00:00Z,FXSUSD,1.899,1.997,1.894,1.991,3408.77305233
2024-10-05T00:00:00Z,FXSUSD,2.001,2.001,1.946,1.950,1814.91046048
2024-10-06T00:00:00Z,FXSUSD,1.985,2.042,1.985,2.027,8773.82644388
2024-10-07T00:00:00Z,FXSUSD,2.038,2.110,2.020,2.072,7468.69819781
2024-10-08T00:00:00Z,FXSUSD,2.061,2.091,1.992,2.014,4676.59540177
2024-10-09T00:00:00Z,FXSUSD,2.021,2.053,1.943,1.943,2333.15129146
2024-10-10T00:00:00Z,FXSUSD,1.953,1.995,1.905,1.955,10862.06170988
2024-10-11T00:00:00Z,FXSUSD,1.967,2.053,1.963,2.045,1582.67672382
2024-10-12T00:00:00Z,FXSUSD,2.072,2.164,2.046,2.138,1982.42858113
2024-10-13T00:00:00Z,FXSUSD,2.147,2.151,2.048,2.105,4579.11229611
2024-10-14T00:00:00Z,FXSUSD,2.105,2.178,2.080,2.178,3798.61754603
2024-10-15T00:00:00Z,FXSUSD,2.167,2.167,2.046,2.093,6237.19353416
2024-10-16T00:00:00Z,FXSUSD,2.048,2.057,1.997,2.006,587.31404014
2024-10-17T00:00:00Z,FXSUSD,2.001,2.001,1.892,1.926,914.49689798
2024-10-18T00:00:00Z,FXSUSD,1.951,1.985,1.946,1.946,7631.08164300
2024-10-19T00:00:00Z,FXSUSD,1.972,1.985,1.939,1.976,501.23215834
2024-10-20T00:00:00Z,FXSUSD,1.972,2.131,1.956,2.129,2818.28130662
2024-10-21T00:00:00Z,FXSUSD,2.135,2.316,2.135,2.158,11958.63659568
2024-10-22T00:00:00Z,FXSUSD,2.154,2.157,2.048,2.065,3749.29578016
2024-10-23T00:00:00Z,FXSUSD,2.060,2.060,1.947,2.011,884.42985112
2024-10-24T00:00:00Z,FXSUSD,2.012,2.034,1.980,2.030,11681.99148965
2024-10-25T00:00:00Z,FXSUSD,1.994,2.003,1.805,1.868,5141.11073778
2024-10-26T00:00:00Z,FXSUSD,1.852,1.888,1.825,1.858,3784.45882611
2024-10-27T00:00:00Z,FXSUSD,1.861,1.896,1.854,1.896,1224.50789801
2024-10-28T00:00:00Z,FXSUSD,1.899,1.899,1.828,1.896,3231.48254114
2024-10-29T00:00:00Z,FXSUSD,1.902,1.980,1.902,1.978,5679.62026223
2024-10-30T00:00:00Z,FXSUSD,1.985,1.985,1.940,1.940,1603.05087305
2024-10-31T00:00:00Z,FXSUSD,1.928,1.931,1.847,1.857,5705.55317382
2024-11-01T00:00:00Z,FXSUSD,1.863,1.868,1.800,1.800,1669.18388796
2024-11-02T00:00:00Z,FXSUSD,1.839,1.839,1.780,1.783,1815.85490787
2024-11-03T00:00:00Z,FXSUSD,1.768,1.771,1.633,1.683,5667.98750608
2024-11-04T00:00:00Z,FXSUSD,1.658,1.688,1.613,1.613,1661.50838974
2024-11-05T00:00:00Z,FXSUSD,1.642,1.679,1.633,1.657,2003.80386158
2024-11-06T00:00:00Z,FXSUSD,1.669,1.934,1.669,1.925,12700.47931669
2024-11-07T00:00:00Z,FXSUSD,1.934,2.063,1.919,2.057,6010.46118680
2024-11-08T00:00:00Z,FXSUSD,2.092,2.191,2.060,2.105,12472.41317331
2024-11-09T00:00:00Z,FXSUSD,2.112,2.220,2.078,2.185,9905.89212588
2024-11-10T00:00:00Z,FXSUSD,2.152,2.300,2.135,2.225,9142.98363040
2024-11-11T00:00:00Z,FXSUSD,2.217,2.336,2.163,2.330,13133.23491561
2024-11-12T00:00:00Z,FXSUSD,2.305,2.406,2.102,2.186,9492.43398264
2024-11-13T00:00:00Z,FXSUSD,2.171,2.184,2.000,2.090,13691.85216825
2024-11-14T00:00:00Z,FXSUSD,2.097,2.187,2.068,2.100,5838.30876660
2024-11-15T00:00:00Z,FXSUSD,2.119,2.219,2.048,2.219,1479.67686464
2024-11-16T00:00:00Z,FXSUSD,2.218,2.304,2.212,2.298,4455.26359025
2024-11-17T00:00:00Z,FXSUSD,2.320,2.321,2.195,2.209,2313.65511199
2024-11-18T00:00:00Z,FXSUSD,2.252,2.547,2.252,2.500,9715.11671392
2024-11-19T00:00:00Z,FXSUSD,2.482,2.490,2.336,2.352,10593.62825046
2024-11-20T00:00:00Z,FXSUSD,2.363,2.389,2.265,2.297,5743.49060329
2024-11-21T00:00:00Z,FXSUSD,2.283,2.470,2.216,2.415,16712.59617326
2024-11-22T00:00:00Z,FXSUSD,2.408,2.464,2.350,2.462,18151.22154507
2024-11-23T00:00:00Z,FXSUSD,2.478,3.456,2.426,2.635,47986.19708810
2024-11-24T00:00:00Z,FXSUSD,2.662,3.317,2.598,2.895,18113.00999956
2024-11-25T00:00:00Z,FXSUSD,2.881,3.155,2.781,3.000,11527.10878393
2024-11-26T00:00:00Z,FXSUSD,2.991,3.115,2.743,3.072,11700.28557345
2024-11-27T00:00:00Z,FXSUSD,3.046,3.290,3.014,3.289,20527.46626067
2024-11-28T00:00:00Z,FXSUSD,3.230,3.230,2.993,3.150,11761.27331632
2024-11-29T00:00:00Z,FXSUSD,3.147,3.150,3.019,3.096,9415.30124162
2024-11-30T00:00:00Z,FXSUSD,3.059,3.379,3.047,3.348,11128.04940661
2024-12-01T00:00:00Z,FXSUSD,3.332,3.813,3.292,3.709,41392.19110951
2024-12-02T00:00:00Z,FXSUSD,3.752,3.834,3.334,3.522,31273.49448425
2024-12-03T00:00:00Z,FXSUSD,3.509,4.099,3.438,3.967,51979.04298573
2024-12-04T00:00:00Z,FXSUSD,3.955,5.300,3.481,4.747,93574.73629406
2024-12-05T00:00:00Z,FXSUSD,4.760,5.388,4.482,4.583,56722.47959233
2024-12-06T00:00:00Z,FXSUSD,4.538,5.098,4.454,4.676,12728.51998628
2024-12-07T00:00:00Z,FXSUSD,4.668,5.372,4.490,4.539,13771.16164720
2024-12-08T00:00:00Z,FXSUSD,4.522,4.586,4.384,4.545,13228.83605837
2024-12-09T00:00:00Z,FXSUSD,4.548,4.586,3.031,3.678,37254.63317981
2024-12-10T00:00:00Z,FXSUSD,3.608,3.893,3.284,3.637,18200.61308635
2024-12-11T00:00:00Z,FXSUSD,3.540,3.904,3.437,3.834,30956.78528691
2024-12-12T00:00:00Z,FXSUSD,3.794,4.101,3.778,3.906,16038.27316925
2024-12-13T00:00:00Z,FXSUSD,3.939,3.984,3.657,3.697,21709.01311180
2024-12-14T00:00:00Z,FXSUSD,3.695,3.726,3.371,3.445,19760.21091686
2024-12-15T00:00:00Z,FXSUSD,3.465,3.570,3.374,3.519,12317.01406758
2024-12-16T00:00:00Z,FXSUSD,3.535,3.610,3.333,3.414,7609.22514917
2024-12-17T00:00:00Z,FXSUSD,3.394,3.421,3.158,3.158,7051.70483245
2024-12-18T00:00:00Z,FXSUSD,3.159,3.201,2.847,2.941,9331.85925849
2024-12-19T00:00:00Z,FXSUSD,2.912,2.956,2.581,2.680,37996.36845038
2024-12-20T00:00:00Z,FXSUSD,2.622,3.349,2.239,2.641,55629.50746900
2024-12-21T00:00:00Z,FXSUSD,2.639,2.860,2.480,2.509,8781.31705255
2024-12-22T00:00:00Z,FXSUSD,2.525,2.578,2.419,2.557,32740.43018585
2024-12-23T00:00:00Z,FXSUSD,2.533,3.695,2.495,3.234,106505.66016119
2024-12-24T00:00:00Z,FXSUSD,3.212,4.293,3.114,4.009,46189.32945132
2024-12-25T00:00:00Z,FXSUSD,4.026,4.378,3.894,4.081,29224.49183796
2024-12-26T00:00:00Z,FXSUSD,4.036,4.049,3.610,3.848,21847.27227597
2024-12-27T00:00:00Z,FXSUSD,3.859,4.169,3.826,3.950,14121.93485592
2024-12-28T00:00:00Z,FXSUSD,4.010,4.322,3.676,4.072,13800.23065011
2024-12-29T00:00:00Z,FXSUSD,4.089,4.101,3.754,3.859,4872.72997596
2024-12-30T00:00:00Z,FXSUSD,3.885,4.000,3.618,3.640,11512.71323794
2024-12-31T00:00:00Z,FXSUSD,3.634,3.634,3.455,3.494,6404.27827195
2025-01-01T00:00:00Z,FXSUSD,3.556,3.610,3.453,3.610,3408.24559592
2025-01-02T00:00:00Z,FXSUSD,3.581,4.056,3.581,3.903,10020.23714014
2025-01-03T00:00:00Z,FXSUSD,3.899,3.939,3.717,3.889,3277.59957050
2025-01-04T00:00:00Z,FXSUSD,3.859,4.157,3.786,3.799,4762.72955588
2025-01-05T00:00:00Z,FXSUSD,3.787,3.892,3.743,3.790,3810.63103330
2025-01-06T00:00:00Z,FXSUSD,3.759,4.080,3.730,3.993,4992.46328081
2025-01-07T00:00:00Z,FXSUSD,3.995,4.060,3.384,3.384,6508.91731364
2025-01-08T00:00:00Z,FXSUSD,3.390,3.412,3.132,3.265,18644.47126554
2025-01-09T00:00:00Z,FXSUSD,3.293,3.332,3.125,3.168,8331.52325707
2025-01-10T00:00:00Z,FXSUSD,3.197,3.299,3.135,3.240,3957.79603886
2025-01-11T00:00:00Z,FXSUSD,3.242,3.242,3.147,3.181,1447.96102787
2025-01-12T00:00:00Z,FXSUSD,3.191,3.210,3.086,3.112,9255.89510421
2025-01-13T00:00:00Z,FXSUSD,3.133,3.318,2.973,3.263,20136.02137907
2025-01-14T00:00:00Z,FXSUSD,3.332,3.540,3.256,3.397,10453.16591485
2025-01-15T00:00:00Z,FXSUSD,3.386,3.492,3.263,3.442,11689.20955439
2025-01-16T00:00:00Z,FXSUSD,3.417,3.417,3.278,3.323,10137.92995447
2025-01-17T00:00:00Z,FXSUSD,3.333,3.740,3.333,3.657,4931.81815888
2025-01-18T00:00:00Z,FXSUSD,3.659,3.684,3.212,3.230,4777.91539331
2025-01-19T00:00:00Z,FXSUSD,3.264,3.380,2.925,2.953,9159.98627154
2025-01-20T00:00:00Z,FXSUSD,2.950,3.201,2.860,2.974,17461.16287767
2025-01-21T00:00:00Z,FXSUSD,2.929,3.107,2.847,3.011,13377.79633124
2025-01-22T00:00:00Z,FXSUSD,2.993,3.008,2.714,2.723,13985.75666720
2025-01-23T00:00:00Z,FXSUSD,2.752,2.809,2.679,2.747,1435.48445437
2025-01-24T00:00:00Z,FXSUSD,2.695,2.830,2.654,2.683,4773.26054061
2025-01-25T00:00:00Z,FXSUSD,2.671,2.726,2.661,2.726,6725.32942656
2025-01-26T00:00:00Z,FXSUSD,2.719,2.798,2.670,2.670,2511.26169566
2025-01-27T00:00:00Z,FXSUSD,2.654,2.654,2.428,2.565,9338.60296267
2025-01-28T00:00:00Z,FXSUSD,2.534,2.584,2.309,2.359,7850.30112622
2025-01-29T00:00:00Z,FXSUSD,2.377,2.640,2.340,2.457,28360.41643004
2025-01-30T00:00:00Z,FXSUSD,2.450,2.646,2.437,2.595,9969.72101164
2025-01-31T00:00:00Z,FXSUSD,2.589,2.727,2.566,2.584,12779.15024183
2025-02-01T00:00:00Z,FXSUSD,2.606,2.624,2.398,2.411,8671.17352722
2025-02-02T00:00:00Z,FXSUSD,2.434,2.449,1.984,2.055,18240.18632432
2025-02-03T00:00:00Z,FXSUSD,2.016,2.016,1.509,1.916,70036.14188889
2025-02-04T00:00:00Z,FXSUSD,1.895,1.895,1.668,1.720,30494.42761609
2025-02-05T00:00:00Z,FXSUSD,1.722,1.755,1.658,1.681,6929.70016745
2025-02-06T00:00:00Z,FXSUSD,1.686,1.715,1.543,1.570,16384.03508871
2025-02-07T00:00:00Z,FXSUSD,1.584,1.713,1.583,1.623,5970.90905507
2025-02-08T00:00:00Z,FXSUSD,1.626,1.674,1.604,1.654,4864.85083377
2025-02-09T00:00:00Z,FXSUSD,1.641,1.728,1.623,1.670,15424.96831844
2025-02-10T00:00:00Z,FXSUSD,1.701,1.701,1.633,1.656,5415.48612316
2025-02-11T00:00:00Z,FXSUSD,1.674,1.748,1.631,1.633,4892.71240626
2025-02-12T00:00:00Z,FXSUSD,1.647,1.836,1.617,1.797,9880.89837499
2025-02-13T00:00:00Z,FXSUSD,1.796,1.947,1.742,1.772,23539.31812458
2025-02-14T00:00:00Z,FXSUSD,1.792,1.872,1.778,1.831,1019.77009412
2025-02-15T00:00:00Z,FXSUSD,1.845,1.845,1.795,1.801,1420.79191141
2025-02-16T00:00:00Z,FXSUSD,1.802,1.810,1.770,1.770,1897.93597848
2025-02-17T00:00:00Z,FXSUSD,1.785,1.810,1.742,1.809,7601.02927477
2025-02-18T00:00:00Z,FXSUSD,1.812,1.876,1.691,1.765,5967.32182772
2025-02-19T00:00:00Z,FXSUSD,1.761,1.797,1.743,1.757,1758.44938668
2025-02-20T00:00:00Z,FXSUSD,1.790,2.439,1.750,1.906,46745.66916901
2025-02-21T00:00:00Z,FXSUSD,1.908,1.987,1.833,1.864,7088.01171190
2025-02-22T00:00:00Z,FXSUSD,1.855,1.903,1.844,1.894,570.10722589
2025-02-23T00:00:00Z,FXSUSD,1.892,1.896,1.762,1.762,3288.24699238
2025-02-24T00:00:00Z,FXSUSD,1.748,1.751,1.600,1.623,13560.64069245
2025-02-25T00:00:00Z,FXSUSD,1.610,1.659,1.529,1.583,22735.37947286
2025-02-26T00:00:00Z,FXSUSD,1.578,1.623,1.493,1.614,21283.75971641
2025-02-27T00:00:00Z,FXSUSD,1.619,1.727,1.604,1.652,17533.38784278
2025-02-28T00:00:00Z,FXSUSD,1.660,1.660,1.479,1.616,7427.28904386
2025-03-01T00:00:00Z,FXSUSD,1.605,1.615,1.543,1.584,1475.06426033
2025-03-02T00:00:00Z,FXSUSD,1.575,1.766,1.575,1.766,4057.61821398
2025-03-03T00:00:00Z,FXSUSD,1.755,1.761,1.561,1.585,9416.45653806
2025-03-04T00:00:00Z,FXSUSD,1.560,1.596,1.440,1.509,6845.57202482
2025-03-05T00:00:00Z,FXSUSD,1.514,1.573,1.503,1.565,9989.57366886
2025-03-06T00:00:00Z,FXSUSD,1.563,1.586,1.510,1.518,1303.64186907
2025-03-07T00:00:00Z,FXSUSD,1.500,1.571,1.453,1.543,7498.95129048
2025-03-08T00:00:00Z,FXSUSD,1.543,1.552,1.517,1.529,2236.68345506
2025-03-09T00:00:00Z,FXSUSD,1.521,1.521,1.400,1.415,16758.24434027
2025-03-10T00:00:00Z,FXSUSD,1.434,1.489,1.358,1.380,3970.41274980
2025-03-11T00:00:00Z,FXSUSD,1.350,1.478,1.230,1.443,3508.05737015
2025-03-12T00:00:00Z,FXSUSD,1.439,1.508,1.439,1.466,2416.34827952
2025-03-13T00:00:00Z,FXSUSD,1.459,1.480,1.405,1.405,1580.28972105
2025-03-14T00:00:00Z,FXSUSD,1.434,1.712,1.434,1.637,20614.01255117
2025-03-15T00:00:00Z,FXSUSD,1.644,1.947,1.644,1.869,26730.56645875
2025-03-16T00:00:00Z,FXSUSD,1.877,2.011,1.860,1.880,22860.47851269
2025-03-17T00:00:00Z,FXSUSD,1.894,1.987,1.894,1.955,8762.47474357
2025-03-18T00:00:00Z,FXSUSD,1.975,1.975,1.875,1.923,5350.62996673
2025-03-19T00:00:00Z,FXSUSD,1.943,2.247,1.898,2.169,20770.22650412
2025-03-20T00:00:00Z,FXSUSD,2.183,2.249,2.131,2.137,8321.23355555
2025-03-21T00:00:00Z,FXSUSD,2.142,2.180,2.087,2.118,4309.60256542
2025-03-22T00:00:00Z,FXSUSD,2.145,2.266,2.090,2.090,15825.33025429
2025-03-23T00:00:00Z,FXSUSD,2.077,2.147,2.068,2.108,7071.74044396
2025-03-24T00:00:00Z,FXSUSD,2.109,2.170,2.082,2.145,1158.85688382
2025-03-25T00:00:00Z,FXSUSD,2.141,2.270,2.084,2.270,2691.40076246
2025-03-26T00:00:00Z,FXSUSD,2.264,2.386,2.218,2.228,11464.12286938
2025-03-27T00:00:00Z,FXSUSD,2.248,2.345,2.239,2.239,1830.07434962
2025-03-28T00:00:00Z,FXSUSD,2.249,2.249,2.050,2.070,2228.33607963
2025-03-29T00:00:00Z,FXSUSD,2.048,2.048,1.974,1.994,6192.65403286
2025-03-30T00:00:00Z,FXSUSD,2.000,2.048,1.976,1.990,1279.88561857
2025-03-31T00:00:00Z,FXSUSD,1.976,1.980,1.879,1.927,6175.71855592
2025-04-01T00:00:00Z,FXSUSD,1.914,2.024,1.914,1.966,3138.44869659
2025-04-02T00:00:00Z,FXSUSD,1.947,1.952,1.830,1.858,8014.34666765
2025-04-03T00:00:00Z,FXSUSD,1.867,1.962,1.867,1.908,11656.91447014
2025-04-04T00:00:00Z,FXSUSD,1.879,1.892,1.817,1.822,5164.78406295
2025-04-05T00:00:00Z,FXSUSD,1.829,1.844,1.771,1.787,4481.36015541
2025-04-06T00:00:00Z,FXSUSD,1.777,1.780,1.585,1.606,4384.53256999
2025-04-07T00:00:00Z,FXSUSD,1.616,1.704,1.514,1.694,11760.41203139
2025-04-08T00:00:00Z,FXSUSD,1.673,1.728,1.642,1.642,8234.10759734
2025-04-09T00:00:00Z,FXSUSD,1.648,1.769,1.593,1.752,15865.48153848
2025-04-10T00:00:00Z,FXSUSD,1.745,1.745,1.672,1.697,11409.79642874
2025-04-11T00:00:00Z,FXSUSD,1.697,1.806,1.697,1.796,12184.64258329
2025-04-12T00:00:00Z,FXSUSD,1.791,1.825,1.768,1.812,3058.18123742
2025-04-13T00:00:00Z,FXSUSD,1.807,1.807,1.707,1.719,11456.53954227
2025-04-14T00:00:00Z,FXSUSD,1.733,1.758,1.709,1.716,1491.80887836
2025-04-15T00:00:00Z,FXSUSD,1.706,1.715,1.654,1.664,3894.27075943
2025-04-16T00:00:00Z,FXSUSD,1.658,1.737,1.657,1.677,2970.65395634
2025-04-17T00:00:00Z,FXSUSD,1.689,1.696,1.646,1.671,5742.39700102
2025-04-18T00:00:00Z,FXSUSD,1.661,1.695,1.654,1.676,1862.33118191
2025-04-19T00:00:00Z,FXSUSD,1.701,1.794,1.701,1.790,4473.70728416
2025-04-20T00:00:00Z,FXSUSD,1.801,1.870,1.801,1.841,5925.53775903
2025-04-21T00:00:00Z,FXSUSD,1.841,1.911,1.841,1.884,5862.04232502
2025-04-22T00:00:00Z,FXSUSD,1.881,2.018,1.812,2.018,19692.82665493
2025-04-23T00:00:00Z,FXSUSD,2.030,2.228,2.030,2.098,6201.29198412
2025-04-24T00:00:00Z,FXSUSD,2.109,2.247,2.095,2.245,5805.46214311
2025-04-25T00:00:00Z,FXSUSD,2.249,2.451,2.219,2.442,13388.91255719
2025-04-26T00:00:00Z,FXSUSD,2.434,2.665,2.327,2.586,16051.11267173
2025-04-27T00:00:00Z,FXSUSD,2.598,2.740,2.455,2.474,16768.17674660
2025-04-28T00:00:00Z,FXSUSD,2.469,2.532,2.382,2.475,8279.12788891
2025-04-29T00:00:00Z,FXSUSD,2.468,2.566,2.404,2.426,13491.71179856
2025-04-30T00:00:00Z,FXSUSD,2.455,2.496,2.324,2.406,3968.50837881
2025-05-01T00:00:00Z,FXSUSD,2.429,2.518,2.422,2.433,3191.90547967
2025-05-02T00:00:00Z,FXSUSD,2.445,2.506,2.419,2.440,2414.27845117
2025-05-03T00:00:00Z,FXSUSD,2.448,2.448,2.198,2.217,6252.41858282
2025-05-04T00:00:00Z,FXSUSD,2.217,2.242,2.152,2.212,7049.63361721
2025-05-05T00:00:00Z,FXSUSD,2.249,2.387,2.141,2.150,7778.54885255
2025-05-06T00:00:00Z,FXSUSD,2.138,2.218,2.027,2.083,4507.29964176
2025-05-07T00:00:00Z,FXSUSD,2.091,2.092,1.979,2.024,7754.91387734
2025-05-08T00:00:00Z,FXSUSD,2.047,2.375,2.046,2.348,19840.16278961
2025-05-09T00:00:00Z,FXSUSD,2.339,2.498,2.339,2.457,5967.11621963
2025-05-10T00:00:00Z,FXSUSD,2.475,2.786,2.430,2.776,8013.74881392
2025-05-11T00:00:00Z,FXSUSD,2.780,2.818,2.354,2.707,13656.61033252
2025-05-12T00:00:00Z,FXSUSD,2.717,2.816,2.611,2.729,12392.43019156
2025-05-13T00:00:00Z,FXSUSD,2.699,2.968,2.611,2.939,11250.35857083
2025-05-14T00:00:00Z,FXSUSD,2.931,3.314,2.919,3.169,12582.13868547
2025-05-15T00:00:00Z,FXSUSD,3.169,3.310,2.842,2.859,32712.11695752
2025-05-16T00:00:00Z,FXSUSD,2.887,3.074,2.834,2.998,16106.81258362
2025-05-17T00:00:00Z,FXSUSD,2.969,3.315,2.918,3.269,29545.47554550
2025-05-18T00:00:00Z,FXSUSD,3.265,3.991,3.265,3.820,97754.55398207
2025-05-19T00:00:00Z,FXSUSD,3.791,3.969,3.481,3.919,22455.60263847
2025-05-20T00:00:00Z,FXSUSD,3.919,4.498,3.737,3.870,237007.83397636
2025-05-21T00:00:00Z,FXSUSD,3.871,3.946,3.614,3.823,122321.61954382
2025-05-22T00:00:00Z,FXSUSD,3.789,3.792,3.438,3.614,108224.55281604
2025-05-23T00:00:00Z,FXSUSD,3.595,3.620,2.981,3.004,171205.91903709
2025-05-24T00:00:00Z,FXSUSD,3.046,3.280,2.994,3.204,28952.07414214
2025-05-25T00:00:00Z,FXSUSD,3.181,3.215,2.981,3.109,55673.09547277
2025-05-26T00:00:00Z,FXSUSD,3.105,3.457,3.105,3.457,74623.60976619
2025-05-27T00:00:00Z,FXSUSD,3.454,4.245,3.334,3.341,60513.53973332
2025-05-28T00:00:00Z,FXSUSD,3.344,3.371,3.160,3.210,59288.45318767
2025-05-29T00:00:00Z,FXSUSD,3.218,3.272,3.090,3.096,25994.27535824
2025-05-30T00:00:00Z,FXSUSD,3.102,3.102,2.820,2.828,39854.47280739
2025-05-31T00:00:00Z,FXSUSD,2.810,3.108,2.713,2.851,21220.02603495
2025-06-01T00:00:00Z,FXSUSD,2.845,2.949,2.774,2.939,12902.69573704
2025-06-02T00:00:00Z,FXSUSD,2.937,3.126,2.807,3.054,12195.75559517
2025-06-03T00:00:00Z,FXSUSD,3.067,3.450,2.993,3.011,15384.63079695
2025-06-04T00:00:00Z,FXSUSD,3.055,3.129,2.916,2.947,12063.01826538
2025-06-05T00:00:00Z,FXSUSD,2.954,3.419,2.685,2.728,55585.41338193
2025-06-06T00:00:00Z,FXSUSD,2.723,2.862,2.705,2.751,7353.57140374
2025-06-07T00:00:00Z,FXSUSD,2.757,2.991,2.745,2.818,2499.82600086
2025-06-08T00:00:00Z,FXSUSD,2.814,2.872,2.741,2.741,7006.93041004
2025-06-09T00:00:00Z,FXSUSD,2.732,3.059,2.705,2.880,12579.29534465
2025-06-10T00:00:00Z,FXSUSD,2.900,3.139,2.800,3.122,20675.21610638
2025-06-11T00:00:00Z,FXSUSD,3.117,3.256,2.873,2.905,14850.97416111
2025-06-12T00:00:00Z,FXSUSD,2.936,2.939,2.673,2.692,8783.16614441
2025-06-13T00:00:00Z,FXSUSD,2.673,2.990,2.450,2.643,27927.33500638
2025-06-14T00:00:00Z,FXSUSD,2.641,2.694,2.617,2.651,6062.98478772
2025-06-15T00:00:00Z,FXSUSD,2.663,2.672,2.592,2.630,683.32586594
2025-06-16T00:00:00Z,FXSUSD,2.625,3.060,2.509,2.615,18944.38845796
2025-06-17T00:00:00Z,FXSUSD,2.552,2.606,2.435,2.481,18166.71353303
2025-06-18T00:00:00Z,FXSUSD,2.459,2.481,2.333,2.354,8535.56905819
2025-06-19T00:00:00Z,FXSUSD,2.376,2.446,2.312,2.366,27829.55224431
2025-06-20T00:00:00Z,FXSUSD,2.367,2.405,2.227,2.268,18442.02853713
2025-06-21T00:00:00Z,FXSUSD,2.275,2.332,2.196,2.230,5997.27972371
2025-06-22T00:00:00Z,FXSUSD,2.245,2.284,2.086,2.161,9113.00130491
2025-06-23T00:00:00Z,FXSUSD,2.171,2.335,2.171,2.335,2678.76975072
2025-06-24T00:00:00Z,FXSUSD,2.350,2.384,2.316,2.319,24041.83490194
2025-06-25T00:00:00Z,FXSUSD,2.318,2.354,2.040,2.040,13238.05428429
2025-06-26T00:00:00Z,FXSUSD,2.046,2.095,1.956,2.024,30375.89664256
2025-06-27T00:00:00Z,FXSUSD,2.018,2.062,1.991,2.026,3897.20882726
2025-06-28T00:00:00Z,FXSUSD,2.010,2.042,1.976,2.019,24580.91876641
2025-06-29T00:00:00Z,FXSUSD,2.010,2.071,1.968,2.071,3294.43429753
2025-06-30T00:00:00Z,FXSUSD,2.079,2.087,2.001,2.024,9161.49390042
2025-07-01T00:00:00Z,FXSUSD,2.022,2.075,1.890,1.900,9198.43740382
2025-07-02T00:00:00Z,FXSUSD,1.895,2.079,1.895,2.078,10767.47806891
2025-07-03T00:00:00Z,FXSUSD,2.056,2.078,2.022,2.062,15126.07660815
2025-07-04T00:00:00Z,FXSUSD,2.069,2.069,1.930,1.970,3176.10531242
2025-07-05T00:00:00Z,FXSUSD,1.962,1.963,1.932,1.953,3917.07651076
2025-07-06T00:00:00Z,FXSUSD,1.943,1.990,1.937,1.970,3462.99499740
2025-07-07T00:00:00Z,FXSUSD,1.971,1.984,1.941,1.970,8700.45062465
2025-07-08T00:00:00Z,FXSUSD,1.949,2.017,1.946,1.995,3043.36262062
2025-07-09T00:00:00Z,FXSUSD,2.017,2.071,2.005,2.071,9477.63675611
2025-07-10T00:00:00Z,FXSUSD,2.070,2.230,2.059,2.201,33816.91349719
2025-07-11T00:00:00Z,FXSUSD,2.193,2.293,2.172,2.211,14607.77260112
2025-07-12T00:00:00Z,FXSUSD,2.177,2.240,2.147,2.172,5009.83131470
2025-07-13T00:00:00Z,FXSUSD,2.192,2.279,2.180,2.279,10248.13438931
2025-07-14T00:00:00Z,FXSUSD,2.290,2.765,2.226,2.299,46980.13020814
2025-07-15T00:00:00Z,FXSUSD,2.310,2.504,2.279,2.470,19508.55140345
2025-07-16T00:00:00Z,FXSUSD,2.475,2.791,2.471,2.759,52594.03625154
2025-07-17T00:00:00Z,FXSUSD,2.768,3.750,2.666,3.312,181653.53264039
2025-07-18T00:00:00Z,FXSUSD,3.288,3.836,3.189,3.551,168995.70126647
2025-07-19T00:00:00Z,FXSUSD,3.591,4.246,3.317,3.782,186121.82420663
2025-07-20T00:00:00Z,FXSUSD,3.776,4.078,3.614,3.614,104919.78588202
2025-07-21T00:00:00Z,FXSUSD,3.616,3.862,3.511,3.537,100696.22202646
2025-07-22T00:00:00Z,FXSUSD,3.536,3.838,3.480,3.736,65562.03181910
2025-07-23T00:00:00Z,FXSUSD,3.759,3.805,3.549,3.675,87798.38064942
2025-07-24T00:00:00Z,FXSUSD,3.678,3.722,3.217,3.227,130934.53069668
2025-07-25T00:00:00Z,FXSUSD,3.209,3.414,3.147,3.210,57903.02069580
2025-07-26T00:00:00Z,FXSUSD,3.207,3.543,3.168,3.538,80195.04817303
2025-07-27T00:00:00Z,FXSUSD,3.534,3.890,2.880,3.553,123494.65087188
2025-07-28T00:00:00Z,FXSUSD,3.557,3.762,3.213,3.256,99736.04221275
2025-07-29T00:00:00Z,FXSUSD,3.255,3.329,3.083,3.134,34429.66554401
2025-07-30T00:00:00Z,FXSUSD,3.136,3.182,2.984,3.152,37635.74105426
2025-07-31T00:00:00Z,FXSUSD,3.124,3.256,2.960,2.966,57234.42175545
2025-08-01T00:00:00Z,FXSUSD,2.968,3.778,2.842,2.884,73410.70446484
2025-08-02T00:00:00Z,FXSUSD,2.883,2.903,2.769,2.800,21085.35909492
2025-08-03T00:00:00Z,FXSUSD,2.812,2.918,2.812,2.900,21976.99180885
2025-08-04T00:00:00Z,FXSUSD,2.920,2.996,2.892,2.936,33023.77214748
2025-08-05T00:00:00Z,FXSUSD,2.928,2.996,2.559,2.562,60965.01688682
2025-08-06T00:00:00Z,FXSUSD,2.568,2.596,2.521,2.568,37455.45068349
2025-08-07T00:00:00Z,FXSUSD,2.558,3.290,2.508,2.902,148604.29930812
2025-08-08T00:00:00Z,FXSUSD,2.890,3.200,2.829,3.180,65225.17404662
2025-08-09T00:00:00Z,FXSUSD,3.170,3.330,3.093,3.174,52987.47255608
2025-08-10T00:00:00Z,FXSUSD,3.165,3.193,3.030,3.107,27167.28649172
2025-08-11T00:00:00Z,FXSUSD,3.099,3.293,2.977,3.021,103985.62183403
2025-08-12T00:00:00Z,FXSUSD,3.041,3.244,2.999,3.205,81214.81417217
2025-08-13T00:00:00Z,FXSUSD,3.202,3.270,3.124,3.234,49359.22590096
2025-08-14T00:00:00Z,FXSUSD,3.227,3.249,2.745,2.781,109986.12050816
2025-08-15T00:00:00Z,FXSUSD,2.798,2.857,2.685,2.745,22380.44556808
2025-08-16T00:00:00Z,FXSUSD,2.769,2.875,2.730,2.771,21720.30641025
2025-08-17T00:00:00Z,FXSUSD,2.772,2.887,2.767,2.783,13214.36601762
2025-08-18T00:00:00Z,FXSUSD,2.787,3.088,2.665,2.745,43185.00725334
2025-08-19T00:00:00Z,FXSUSD,2.744,2.766,2.627,2.700,14542.87452596
2025-08-20T00:00:00Z,FXSUSD,2.677,3.062,2.677,2.770,35945.93739728
2025-08-21T00:00:00Z,FXSUSD,2.784,2.793,2.675,2.711,4955.66065715
2025-08-22T00:00:00Z,FXSUSD,2.722,3.163,2.603,2.929,18438.93835372
2025-08-23T00:00:00Z,FXSUSD,2.930,2.938,2.845,2.854,6835.13613246
2025-08-24T00:00:00Z,FXSUSD,2.865,2.902,2.773,2.800,25160.09884359
2025-08-25T00:00:00Z,FXSUSD,2.765,2.797,2.542,2.565,10113.97522359
2025-08-26T00:00:00Z,FXSUSD,2.555,2.858,2.540,2.654,17869.39494835
2025-08-27T00:00:00Z,FXSUSD,2.638,2.859,2.602,2.607,10124.84656440
2025-08-28T00:00:00Z,FXSUSD,2.596,2.865,2.564,2.611,15349.40443624
2025-08-29T00:00:00Z,FXSUSD,2.612,2.725,2.504,2.552,30664.61470390
2025-08-30T00:00:00Z,FXSUSD,2.551,2.631,2.543,2.625,5148.13634554
2025-08-31T00:00:00Z,FXSUSD,2.639,2.656,2.579,2.579,5580.44404121
2025-09-01T00:00:00Z,FXSUSD,2.561,2.591,2.472,2.543,18928.37403084
2025-09-02T00:00:00Z,FXSUSD,2.561,2.654,2.561,2.594,23849.41825716
2025-09-03T00:00:00Z,FXSUSD,2.594,2.831,2.525,2.809,47997.62379796
2025-09-04T00:00:00Z,FXSUSD,2.823,2.866,2.580,2.630,51197.27291415
2025-09-05T00:00:00Z,FXSUSD,2.634,2.724,2.627,2.674,16103.84390643
2025-09-06T00:00:00Z,FXSUSD,2.669,2.696,2.652,2.672,8166.76312423
2025-09-07T00:00:00Z,FXSUSD,2.678,2.865,2.626,2.708,30498.39433127
2025-09-08T00:00:00Z,FXSUSD,2.710,3.138,2.689,3.085,75546.54160356
2025-09-09T00:00:00Z,FXSUSD,3.092,3.109,2.906,2.988,88160.07083508
2025-09-10T00:00:00Z,FXSUSD,2.973,3.007,2.923,2.928,100765.60429899
2025-09-11T00:00:00Z,FXSUSD,2.927,2.944,2.812,2.906,33128.43837443
2025-09-12T00:00:00Z,FXSUSD,2.917,3.105,2.864,2.944,81312.93921126
2025-09-13T00:00:00Z,FXSUSD,2.955,3.229,2.832,2.886,46242.07507880
2025-09-14T00:00:00Z,FXSUSD,2.895,2.895,2.735,2.787,15270.34883873
2025-09-15T00:00:00Z,FXSUSD,2.792,2.814,2.666,2.707,25156.21024708
2025-09-16T00:00:00Z,FXSUSD,2.704,2.704,2.660,2.698,17955.36880265
2025-09-17T00:00:00Z,FXSUSD,2.689,2.753,2.630,2.732,51436.20510814
2025-09-18T00:00:00Z,FXSUSD,2.736,2.830,2.708,2.805,54409.19897309
2025-09-19T00:00:00Z,FXSUSD,2.818,2.828,2.647,2.655,24801.40405511
2025-09-20T00:00:00Z,FXSUSD,2.660,2.692,2.646,2.659,11781.53973334
2025-09-21T00:00:00Z,FXSUSD,2.655,2.692,2.616,2.651,22705.41550235
2025-09-22T00:00:00Z,FXSUSD,2.641,2.641,2.356,2.463,75587.00962549
2025-09-23T00:00:00Z,FXSUSD,2.459,2.488,2.390,2.410,22634.16981595
2025-09-24T00:00:00Z,FXSUSD,2.412,2.570,2.369,2.522,211227.77228341
2025-09-25T00:00:00Z,FXSUSD,2.508,2.523,2.067,2.075,116928.47639227
2025-09-26T00:00:00Z,FXSUSD,2.093,2.275,1.984,2.100,87673.07529641
2025-09-27T00:00:00Z,FXSUSD,2.099,2.166,2.089,2.116,47259.25625067
2025-09-28T00:00:00Z,FXSUSD,2.102,2.129,2.050,2.128,14046.14392642
2025-09-29T00:00:00Z,FXSUSD,2.120,2.160,2.062,2.160,33447.54919662
2025-09-30T00:00:00Z,FXSUSD,2.167,2.446,2.061,2.150,31165.48453855
2025-10-01T00:00:00Z,FXSUSD,2.133,2.248,2.112,2.184,28382.71168161
2025-10-02T00:00:00Z,FXSUSD,2.177,2.252,2.172,2.228,33818.99301189
2025-10-03T00:00:00Z,FXSUSD,2.212,2.475,2.189,2.426,68944.83006383
2025-10-04T00:00:00Z,FXSUSD,2.426,2.571,2.296,2.338,24971.75135200
2025-10-05T00:00:00Z,FXSUSD,2.327,2.570,2.230,2.230,48292.16760880
2025-10-06T00:00:00Z,FXSUSD,2.228,2.573,2.219,2.303,24771.92019200
2025-10-07T00:00:00Z,FXSUSD,2.303,2.377,2.157,2.193,47079.11320456
2025-10-08T00:00:00Z,FXSUSD,2.183,2.250,1.890,2.230,25424.10867797
2025-10-09T00:00:00Z,FXSUSD,2.224,2.224,2.075,2.115,21999.23546735
2025-10-10T00:00:00Z,FXSUSD,2.119,2.407,1.277,1.296,113567.75143016
2025-10-11T00:00:00Z,FXSUSD,1.287,1.526,1.250,1.385,80566.33594496
2025-10-12T00:00:00Z,FXSUSD,1.388,1.640,1.367,1.574,86413.72967208
2025-10-13T00:00:00Z,FXSUSD,1.565,1.823,1.550,1.747,73444.17019778
2025-10-14T00:00:00Z,FXSUSD,1.740,1.743,1.514,1.608,32213.62523300
2025-10-15T00:00:00Z,FXSUSD,1.591,1.595,1.446,1.446,25660.34116368
2025-10-16T00:00:00Z,FXSUSD,1.466,1.496,1.370,1.393,43582.65699307
2025-10-17T00:00:00Z,FXSUSD,1.401,1.407,1.293,1.335,28051.20121018
2025-10-18T00:00:00Z,FXSUSD,1.346,1.357,1.300,1.331,11459.20977144
2025-10-19T00:00:00Z,FXSUSD,1.325,1.409,1.320,1.395,8450.83142349
2025-10-20T00:00:00Z,FXSUSD,1.362,1.444,1.362,1.384,17125.58154018
2025-10-21T00:00:00Z,FXSUSD,1.382,1.543,1.335,1.404,35293.25742399
2025-10-22T00:00:00Z,FXSUSD,1.401,1.452,1.328,1.365,48964.08578160
2025-10-23T00:00:00Z,FXSUSD,1.369,1.399,1.360,1.399,2450.22928305
2025-10-24T00:00:00Z,FXSUSD,1.406,1.426,1.381,1.400,7117.87547426
2025-10-25T00:00:00Z,FXSUSD,1.394,1.425,1.366,1.422,5345.78878437
2025-10-26T00:00:00Z,FXSUSD,1.425,1.466,1.405,1.462,9661.08410311
2025-10-27T00:00:00Z,FXSUSD,1.468,1.517,1.455,1.460,18342.10229549
2025-10-28T00:00:00Z,FXSUSD,1.453,1.485,1.382,1.389,15846.18206944
2025-10-29T00:00:00Z,FXSUSD,1.380,1.461,1.368,1.416,26746.23001319
2025-10-30T00:00:00Z,FXSUSD,1.412,1.412,1.214,1.256,23936.91124386
2025-10-31T00:00:00Z,FXSUSD,1.276,1.325,1.276,1.280,13205.17128728
2025-11-01T00:00:00Z,FXSUSD,1.273,1.280,1.259,1.280,5104.98654652
2025-11-02T00:00:00Z,FXSUSD,1.278,1.367,1.269,1.347,9863.54116841
2025-11-03T00:00:00Z,FXSUSD,1.342,1.360,1.200,1.246,64665.79802093
2025-11-04T00:00:00Z,FXSUSD,1.250,1.357,1.178,1.242,140216.23384320
2025-11-05T00:00:00Z,FXSUSD,1.237,1.378,1.192,1.209,60973.79821172
2025-11-06T00:00:00Z,FXSUSD,1.192,1.192,1.110,1.142,65041.92521630
2025-11-07T00:00:00Z,FXSUSD,1.155,1.233,1.124,1.206,86022.32414488
2025-11-08T00:00:00Z,FXSUSD,1.199,1.298,1.190,1.233,25912.03394619
2025-11-09T00:00:00Z,FXSUSD,1.230,1.260,1.186,1.250,28849.01197733
2025-11-10T00:00:00Z,FXSUSD,1.241,1.304,1.173,1.186,34849.04377656
2025-11-11T00:00:00Z,FXSUSD,1.194,1.202,1.122,1.129,38548.50966947
2025-11-12T00:00:00Z,FXSUSD,1.108,1.139,1.042,1.066,26684.13234519
2025-11-13T00:00:00Z,FXSUSD,1.074,1.148,1.050,1.086,35165.50926109
2025-11-14T00:00:00Z,FXSUSD,1.076,1.091,1.014,1.024,37579.91005436
2025-11-15T00:00:00Z,FXSUSD,1.026,1.026,0.961,0.986,15312.85022064
2025-11-16T00:00:00Z,FXSUSD,0.967,0.990,0.932,0.950,18450.11944746
2025-11-17T00:00:00Z,FXSUSD,0.957,0.957,0.904,0.916,23888.22850364
2025-11-18T00:00:00Z,FXSUSD,0.922,0.941,0.902,0.935,24085.73973724
2025-11-19T00:00:00Z,FXSUSD,0.931,0.933,0.875,0.911,22044.32140524
2025-11-20T00:00:00Z,FXSUSD,0.911,0.934,0.868,0.891,28145.83568245
2025-11-21T00:00:00Z,FXSUSD,0.881,0.892,0.794,0.799,52734.03798948
2025-11-22T00:00:00Z,FXSUSD,0.810,0.840,0.806,0.840,3855.80994719
2025-11-23T00:00:00Z,FXSUSD,0.839,0.871,0.839,0.857,13032.19373030
2025-11-24T00:00:00Z,FXSUSD,0.853,0.887,0.853,0.879,15350.29654763
2025-11-25T00:00:00Z,FXSUSD,0.873,0.881,0.859,0.879,8358.07368505
2025-11-26T00:00:00Z,FXSUSD,0.879,0.889,0.843,0.865,18274.76507721
2025-11-27T00:00:00Z,FXSUSD,0.860,0.875,0.860,0.870,13655.29206662
2025-11-28T00:00:00Z,FXSUSD,0.866,0.877,0.850,0.850,11644.44715538
2025-11-29T00:00:00Z,FXSUSD,0.847,0.853,0.831,0.833,4058.15277821
2025-11-30T00:00:00Z,FXSUSD,0.838,0.841,0.831,0.840,4946.07842206
2025-12-01T00:00:00Z,FXSUSD,0.823,0.825,0.771,0.786,46438.90970788
2025-12-02T00:00:00Z,FXSUSD,0.785,0.853,0.782,0.827,60131.37490794
2025-12-03T00:00:00Z,FXSUSD,0.833,0.853,0.828,0.849,8941.80312824
2025-12-04T00:00:00Z,FXSUSD,0.849,0.851,0.796,0.822,8386.41507349
2025-12-05T00:00:00Z,FXSUSD,0.818,0.818,0.784,0.789,23493.29838996
2025-12-06T00:00:00Z,FXSUSD,0.796,0.808,0.796,0.807,1369.29370111
2025-12-07T00:00:00Z,FXSUSD,0.805,0.807,0.780,0.781,4357.34392511
2025-12-08T00:00:00Z,FXSUSD,0.782,0.793,0.770,0.774,39544.02719342
2025-12-09T00:00:00Z,FXSUSD,0.777,0.795,0.758,0.776,3240.76811527
2025-12-10T00:00:00Z,FXSUSD,0.772,0.794,0.744,0.775,17689.97616999
2025-12-11T00:00:00Z,FXSUSD,0.758,0.761,0.719,0.761,34932.06951121
2025-12-12T00:00:00Z,FXSUSD,0.746,0.751,0.700,0.705,9840.96194206
2025-12-13T00:00:00Z,FXSUSD,0.706,0.716,0.700,0.716,2609.51430263
2025-12-14T00:00:00Z,FXSUSD,0.710,0.710,0.683,0.688,6293.00336083
2025-12-15T00:00:00Z,FXSUSD,0.689,0.700,0.654,0.665,11973.44598358
2025-12-16T00:00:00Z,FXSUSD,0.664,0.683,0.658,0.678,17428.62662144
2025-12-17T00:00:00Z,FXSUSD,0.673,0.675,0.649,0.650,3170.26886812
2025-12-18T00:00:00Z,FXSUSD,0.654,0.655,0.612,0.619,31687.71129723
2025-12-19T00:00:00Z,FXSUSD,0.623,0.633,0.606,0.630,13754.84876953
2025-12-20T00:00:00Z,FXSUSD,0.633,0.641,0.624,0.636,14041.01653648
2025-12-21T00:00:00Z,FXSUSD,0.636,0.638,0.615,0.619,9041.25774587
2025-12-22T00:00:00Z,FXSUSD,0.621,0.660,0.582,0.660,44195.44773468
2025-12-23T00:00:00Z,FXSUSD,0.662,0.707,0.662,0.691,36125.52679714
2025-12-24T00:00:00Z,FXSUSD,0.688,0.693,0.668,0.675,13589.33080917
2025-12-25T00:00:00Z,FXSUSD,0.685,0.693,0.676,0.678,6821.92498785
2025-12-26T00:00:00Z,FXSUSD,0.679,1.052,0.674,0.699,109999.55680426
2025-12-27T00:00:00Z,FXSUSD,0.698,0.701,0.680,0.684,13824.73914802
2025-12-28T00:00:00Z,FXSUSD,0.686,0.686,0.653,0.672,28706.15437184
2025-12-29T00:00:00Z,FXSUSD,0.675,0.675,0.624,0.631,7578.38693725
2025-12-30T00:00:00Z,FXSUSD,0.623,0.631,0.611,0.618,19395.21116465
2025-12-31T00:00:00Z,FXSUSD,0.626,0.667,0.626,0.643,47434.12187802
2026-01-01T00:00:00Z,FXSUSD,0.632,0.651,0.627,0.636,55953.10113812
2026-01-02T00:00:00Z,FXSUSD,0.633,0.640,0.623,0.635,35807.58858186
2026-01-03T00:00:00Z,FXSUSD,0.639,0.670,0.639,0.658,25826.64474755
2026-01-04T00:00:00Z,FXSUSD,0.663,0.674,0.654,0.658,17835.29803134
2026-01-05T00:00:00Z,FXSUSD,0.658,0.675,0.635,0.640,54035.99185850
2026-01-06T00:00:00Z,FXSUSD,0.652,0.809,0.542,0.624,21973.48653179
2026-01-07T00:00:00Z,FXSUSD,0.619,0.676,0.595,0.640,36445.42902464
2026-01-08T00:00:00Z,FXSUSD,0.636,1.250,0.636,0.823,329443.45123039
2026-01-09T00:00:00Z,FXSUSD,0.845,0.961,0.755,0.793,90004.30065692
2026-01-10T00:00:00Z,FXSUSD,0.796,0.816,0.737,0.759,12149.19603469
2026-01-11T00:00:00Z,FXSUSD,0.757,1.067,0.737,0.905,80004.43443472
2026-01-12T00:00:00Z,FXSUSD,0.898,1.174,0.821,0.822,94605.28882924
2026-01-13T00:00:00Z,FXSUSD,0.845,0.881,0.752,0.754,44264.10461862
2026-01-14T00:00:00Z,FXSUSD,0.754,0.861,0.716,0.848,39126.87422874
2026-01-15T00:00:00Z,FXSUSD,0.804,1.364,0.757,0.987,332354.19517040
2026-01-16T00:00:00Z,FXSUSD,0.985,1.015,0.780,0.840,146191.19569059
2026-01-17T00:00:00Z,FXSUSD,0.838,0.908,0.783,0.837,115466.83203245
2026-01-18T00:00:00Z,FXSUSD,0.808,1.298,0.801,1.259,277632.53417450
2026-01-19T00:00:00Z,FXSUSD,1.249,1.475,1.067,1.169,225754.22750312
2026-01-20T00:00:00Z,FXSUSD,1.180,1.297,1.068,1.149,176645.75683218
2026-01-21T00:00:00Z,FXSUSD,1.149,1.168,0.905,1.141,84443.66118566
2026-01-22T00:00:00Z,FXSUSD,1.126,1.305,1.016,1.016,49141.88785952
2026-01-23T00:00:00Z,FXSUSD,1.013,1.076,0.921,0.964,50854.88151154
2026-01-24T00:00:00Z,FXSUSD,0.962,1.118,0.880,0.994,39667.57813596
2026-01-25T00:00:00Z,FXSUSD,1.018,1.022,0.825,0.874,48461.80100580
2026-01-26T00:00:00Z,FXSUSD,0.839,0.877,0.773,0.861,25235.52633920
2026-01-27T00:00:00Z,FXSUSD,0.811,0.947,0.777,0.900,17479.16527248
2026-01-28T00:00:00Z,FXSUSD,0.900,1.060,0.859,0.928,67508.92873523
2026-01-29T00:00:00Z,FXSUSD,0.916,0.916,0.780,0.805,15266.34636997
2026-01-30T00:00:00Z,FXSUSD,0.802,0.887,0.802,0.846,35919.13836458
2026-01-31T00:00:00Z,FXSUSD,0.850,0.869,0.700,0.735,73451.46474523
2026-02-01T00:00:00Z,FXSUSD,0.716,1.000,0.716,0.826,70432.16908705
2026-02-02T00:00:00Z,FXSUSD,0.871,0.871,0.747,0.804,12713.35051308
2026-02-03T00:00:00Z,FXSUSD,0.787,0.944,0.762,0.848,49578.20832390
2026-02-04T00:00:00Z,FXSUSD,0.867,0.903,0.738,0.791,36084.28744275
2026-02-05T00:00:00Z,FXSUSD,0.785,0.846,0.710,0.723,23697.39493125
2026-02-06T00:00:00Z,FXSUSD,0.742,0.841,0.715,0.801,114928.00535497
2026-02-07T00:00:00Z,FXSUSD,0.805,0.817,0.710,0.721,2466.23112681
2026-02-08T00:00:00Z,FXSUSD,0.722,0.778,0.689,0.700,7915.33903905
2026-02-09T00:00:00Z,FXSUSD,0.710,0.739,0.684,0.711,12808.20972776
2026-02-10T00:00:00Z,FXSUSD,0.709,0.775,0.690,0.697,15636.01863743
2026-02-11T00:00:00Z,FXSUSD,0.694,1.010,0.623,0.643,31304.45416286
2026-02-12T00:00:00Z,FXSUSD,0.652,0.682,0.576,0.620,23341.41606886
2026-02-13T00:00:00Z,FXSUSD,0.621,0.662,0.587,0.649,12786.90395331
2026-02-14T00:00:00Z,FXSUSD,0.640,0.663,0.625,0.627,16934.52471802
2026-02-15T00:00:00Z,FXSUSD,0.615,0.663,0.591,0.620,4512.24834025
2026-02-16T00:00:00Z,FXSUSD,0.646,0.710,0.616,0.664,23829.29993404
2026-02-17T00:00:00Z,FXSUSD,0.666,0.800,0.648,0.705,28961.59181904
2026-02-18T00:00:00Z,FXSUSD,0.726,0.758,0.629,0.638,62364.12911374
2026-02-19T00:00:00Z,FXSUSD,0.643,0.682,0.642,0.676,9811.35835803
2026-02-20T00:00:00Z,FXSUSD,0.679,0.681,0.627,0.681,19401.84544600
2026-02-21T00:00:00Z,FXSUSD,0.677,0.687,0.632,0.684,6041.39516172
2026-02-22T00:00:00Z,FXSUSD,0.676,0.736,0.608,0.619,15440.10765231
2026-02-23T00:00:00Z,FXSUSD,0.637,0.640,0.562,0.628,4308.84946204
2026-02-24T00:00:00Z,FXSUSD,0.697,0.700,0.602,0.690,51292.96167487
2026-02-25T00:00:00Z,FXSUSD,0.689,0.744,0.619,0.635,23321.23029274
2026-02-26T00:00:00Z,FXSUSD,0.699,0.699,0.627,0.627,957.00205010
2026-02-27T00:00:00Z,FXSUSD,0.684,0.688,0.598,0.669,14773.28243481
2026-02-28T00:00:00Z,FXSUSD,0.622,0.627,0.586,0.590,28622.52023321
2026-03-01T00:00:00Z,FXSUSD,0.593,0.633,0.586,0.586,13553.05863866
2026-03-02T00:00:00Z,FXSUSD,0.586,0.625,0.586,0.601,1169.30078696
2026-03-03T00:00:00Z,FXSUSD,0.607,0.642,0.598,0.606,1762.95251305
2026-03-04T00:00:00Z,FXSUSD,0.638,0.648,0.605,0.628,3716.02394093
2026-03-05T00:00:00Z,FXSUSD,0.612,0.659,0.554,0.582,14652.86662338
2026-03-06T00:00:00Z,FXSUSD,0.621,0.621,0.579,0.615,5882.70708711
2026-03-07T00:00:00Z,FXSUSD,0.581,0.608,0.561,0.597,9197.89721362
2026-03-08T00:00:00Z,FXSUSD,0.576,0.659,0.569,0.594,2599.02075392
2026-03-09T00:00:00Z,FXSUSD,0.610,0.649,0.599,0.610,4150.89889598
2026-03-10T00:00:00Z,FXSUSD,0.631,0.639,0.595,0.612,2038.46911773
2026-03-11T00:00:00Z,FXSUSD,0.621,0.654,0.589,0.634,7576.86175683
2026-03-12T00:00:00Z,FXSUSD,0.664,0.697,0.613,0.613,8380.86227708
2026-03-13T00:00:00Z,FXSUSD,0.652,0.654,0.606,0.621,7533.90580726
2026-03-14T00:00:00Z,FXSUSD,0.621,0.780,0.619,0.644,16191.10990179
2026-03-15T00:00:00Z,FXSUSD,0.636,0.742,0.591,0.647,23887.23988479
2026-03-16T00:00:00Z,FXSUSD,0.641,0.678,0.628,0.678,3793.66993921
2026-03-17T00:00:00Z,FXSUSD,0.671,0.671,0.627,0.663,3420.81944881
2026-03-18T00:00:00Z,FXSUSD,0.663,0.665,0.607,0.614,13654.15141663
2026-03-19T00:00:00Z,FXSUSD,0.608,0.827,0.493,0.520,82958.66920548
2026-03-20T00:00:00Z,FXSUSD,0.520,0.524,0.450,0.485,78774.96503198
2026-03-21T00:00:00Z,FXSUSD,0.494,0.494,0.474,0.483,1157.13785542
2026-03-22T00:00:00Z,FXSUSD,0.483,0.486,0.456,0.457,6828.04265490
2026-03-23T00:00:00Z,FXSUSD,0.460,0.501,0.450,0.459,48540.56163015
2026-03-24T00:00:00Z,FXSUSD,0.459,0.506,0.418,0.480,79373.98961668
2026-03-25T00:00:00Z,FXSUSD,0.469,0.474,0.441,0.447,3337.82180421
2026-03-26T00:00:00Z,FXSUSD,0.466,0.466,0.435,0.441,390.00574627
2026-03-27T00:00:00Z,FXSUSD,0.477,0.479,0.438,0.438,5979.79149719
2026-03-28T00:00:00Z,FXSUSD,0.438,0.451,0.431,0.431,4875.56608930
2026-03-29T00:00:00Z,FXSUSD,0.431,0.451,0.408,0.408,13517.45292963
2026-03-30T00:00:00Z,FXSUSD,0.427,0.448,0.416,0.429,10626.42164530
2026-03-31T00:00:00Z,FXSUSD,0.447,0.465,0.422,0.441,16649.68786873
2026-04-01T00:00:00Z,FXSUSD,0.440,0.441,0.412,0.413,10396.41834855
2026-04-02T00:00:00Z,FXSUSD,0.413,0.437,0.020,0.437,19488.08426612
2026-04-03T00:00:00Z,FXSUSD,0.431,0.431,0.404,0.420,4223.45111095
2026-04-04T00:00:00Z,FXSUSD,0.421,0.422,0.408,0.422,103.09336107
2026-04-05T00:00:00Z,FXSUSD,0.417,0.419,0.389,0.389,213.50940677
2026-04-06T00:00:00Z,FXSUSD,0.409,0.418,0.381,0.381,7626.71246698
2026-04-07T00:00:00Z,FXSUSD,0.399,0.430,0.381,0.382,12425.52618420
2026-04-08T00:00:00Z,FXSUSD,0.417,0.457,0.417,0.434,4051.32833515
2026-04-09T00:00:00Z,FXSUSD,0.433,0.433,0.400,0.425,695.13264223
2026-04-10T00:00:00Z,FXSUSD,0.415,0.424,0.409,0.417,825.46073558
2026-04-11T00:00:00Z,FXSUSD,0.447,0.449,0.417,0.432,2454.52113504
2026-04-12T00:00:00Z,FXSUSD,0.417,0.426,0.395,0.395,3393.65682367
2026-04-13T00:00:00Z,FXSUSD,0.411,0.425,0.407,0.417,353.42321246
2026-04-14T00:00:00Z,FXSUSD,0.432,0.441,0.432,0.432,411.53845637
2026-04-15T00:00:00Z,FXSUSD,0.443,0.457,0.425,0.441,4894.38607049
2026-04-16T00:00:00Z,FXSUSD,0.441,0.465,0.426,0.465,1585.12022445
2026-04-17T00:00:00Z,FXSUSD,0.459,0.474,0.428,0.474,2504.04115800
2026-04-18T00:00:00Z,FXSUSD,0.471,0.514,0.449,0.473,14679.15392033
2026-04-19T00:00:00Z,FXSUSD,0.471,0.505,0.453,0.461,30778.65524573
2026-04-20T00:00:00Z,FXSUSD,0.514,0.521,0.438,0.471,14011.19950773
2026-04-21T00:00:00Z,FXSUSD,0.488,0.488,0.434,0.447,497.30034991
2026-04-22T00:00:00Z,FXSUSD,0.470,0.482,0.458,0.468,23421.43115659
2026-04-23T00:00:00Z,FXSUSD,0.460,0.469,0.452,0.454,22855.75717957
2026-04-24T00:00:00Z,FXSUSD,0.454,0.525,0.454,0.489,4843.83689170
2026-04-25T00:00:00Z,FXSUSD,0.496,0.525,0.465,0.481,2251.25409590
2026-04-26T00:00:00Z,FXSUSD,0.506,0.552,0.502,0.519,8910.94382384
2026-04-27T00:00:00Z,FXSUSD,0.512,0.552,0.449,0.460,80093.29263500
2026-04-28T00:00:00Z,FXSUSD,0.460,0.475,0.449,0.472,42703.36060311
2026-04-29T00:00:00Z,FXSUSD,0.471,0.505,0.461,0.477,4572.22402926
2026-04-30T00:00:00Z,FXSUSD,0.497,0.498,0.454,0.454,1563.60494443
2026-05-01T00:00:00Z,FXSUSD,0.470,0.483,0.453,0.456,2550.47388700
2026-05-02T00:00:00Z,FXSUSD,0.458,0.493,0.458,0.493,1645.42081654
2026-05-03T00:00:00Z,FXSUSD,0.467,0.487,0.467,0.487,566.24429635
2026-05-04T00:00:00Z,FXSUSD,0.470,0.489,0.466,0.475,2794.67712443
2026-05-05T00:00:00Z,FXSUSD,0.478,0.496,0.461,0.482,3792.44050090
2026-05-06T00:00:00Z,FXSUSD,0.470,0.505,0.470,0.479,1657.93677279
2026-05-07T00:00:00Z,FXSUSD,0.499,0.505,0.470,0.470,5086.41185700
2026-05-08T00:00:00Z,FXSUSD,0.495,0.497,0.471,0.479,3558.13679554
2026-05-09T00:00:00Z,FXSUSD,0.495,0.506,0.472,0.489,6380.78330436
2026-05-10T00:00:00Z,FXSUSD,0.505,0.505,0.472,0.486,2817.53546430
2026-05-11T00:00:00Z,FXSUSD,0.482,0.506,0.480,0.506,5910.81465157
2026-05-12T00:00:00Z,FXSUSD,0.505,0.607,0.480,0.480,28390.83313735
2026-05-13T00:00:00Z,FXSUSD,0.482,0.512,0.475,0.475,38510.03955138
2026-05-14T00:00:00Z,FXSUSD,0.475,0.500,0.473,0.485,6735.85095188
2026-05-15T00:00:00Z,FXSUSD,0.471,0.485,0.437,0.442,8325.29244385
2026-05-16T00:00:00Z,FXSUSD,0.450,0.450,0.425,0.429,975.80034778
2026-05-17T00:00:00Z,FXSUSD,0.443,0.445,0.350,0.425,18643.95858350
2026-05-18T00:00:00Z,FXSUSD,0.426,0.427,0.413,0.419,1890.77498160
2026-05-19T00:00:00Z,FXSUSD,0.412,0.423,0.410,0.410,463.79792543
2026-05-20T00:00:00Z,FXSUSD,0.423,0.438,0.411,0.415,1805.43807130
2026-05-21T00:00:00Z,FXSUSD,0.438,0.471,0.411,0.434,7382.71475178
2026-05-22T00:00:00Z,FXSUSD,0.436,0.460,0.415,0.415,8669.94156500
2026-05-23T00:00:00Z,FXSUSD,0.418,0.434,0.416,0.420,1148.00122111
2026-05-24T00:00:00Z,FXSUSD,0.421,0.429,0.396,0.396,658.75352447
2026-05-25T00:00:00Z,FXSUSD,0.431,0.431,0.400,0.413,2650.28760087
2026-05-26T00:00:00Z,FXSUSD,0.420,0.450,0.395,0.424,4113.42188932
2026-05-27T00:00:00Z,FXSUSD,0.414,0.417,0.397,0.397,514.10847000
2026-05-28T00:00:00Z,FXSUSD,0.394,0.405,0.383,0.390,1735.32689887
2026-05-29T00:00:00Z,FXSUSD,0.407,0.417,0.370,0.393,3710.00529200
2026-05-30T00:00:00Z,FXSUSD,0.417,0.417,0.397,0.413,207.69259949
2026-05-31T00:00:00Z,FXSUSD,0.396,0.414,0.387,0.387,360.08840059
2026-06-01T00:00:00Z,FXSUSD,0.414,0.423,0.386,0.386,1844.67575502
2026-06-02T00:00:00Z,FXSUSD,0.415,0.415,0.378,0.402,3026.67826321
2026-06-03T00:00:00Z,FXSUSD,0.390,0.447,0.333,0.415,12334.83105391
2026-06-04T00:00:00Z,FXSUSD,0.370,0.370,0.320,0.320,10535.07783258
2026-06-05T00:00:00Z,FXSUSD,0.315,0.319,0.290,0.301,9881.38860187
2026-06-06T00:00:00Z,FXSUSD,0.307,0.309,0.282,0.282,1969.22616281
2026-06-07T00:00:00Z,FXSUSD,0.303,0.305,0.301,0.301,252.15419235
2026-06-08T00:00:00Z,FXSUSD,0.292,0.308,0.285,0.289,3835.14144955
2026-06-09T00:00:00Z,FXSUSD,0.290,0.301,0.287,0.296,2609.73538997
2026-06-10T00:00:00Z,FXSUSD,0.290,0.327,0.264,0.285,3307.46277867
2026-06-11T00:00:00Z,FXSUSD,0.319,0.319,0.278,0.319,461.69270538
2026-06-12T00:00:00Z,FXSUSD,0.282,0.324,0.267,0.275,3457.44743808
2026-06-13T00:00:00Z,FXSUSD,0.271,0.285,0.271,0.285,2015.74339705
2026-06-14T00:00:00Z,FXSUSD,0.272,0.272,0.269,0.269,172.19001298
2026-06-15T00:00:00Z,FXSUSD,0.312,0.312,0.312,0.312,100.00000000
2026-06-16T00:00:00Z,FXSUSD,0.354,0.360,0.277,0.296,6740.51165581
2026-06-17T00:00:00Z,FXSUSD,0.289,0.293,0.279,0.279,2688.29972995
2026-06-18T00:00:00Z,FXSUSD,0.280,0.323,0.264,0.306,1329.28229281
2026-06-19T00:00:00Z,FXSUSD,0.302,0.305,0.258,0.258,599.29757609
2026-06-20T00:00:00Z,FXSUSD,0.293,0.307,0.261,0.290,2174.15826658
2026-06-21T00:00:00Z,FXSUSD,0.290,0.339,0.262,0.289,4763.42991220
2026-06-22T00:00:00Z,FXSUSD,0.267,0.286,0.262,0.266,1658.82423234
2026-06-23T00:00:00Z,FXSUSD,0.264,0.330,0.250,0.262,17386.87136377
2026-06-24T00:00:00Z,FXSUSD,0.251,0.329,0.251,0.282,6323.68454831
2026-06-25T00:00:00Z,FXSUSD,0.282,0.282,0.254,0.254,19.80840000
2026-06-26T00:00:00Z,FXSUSD,0.236,0.280,0.231,0.233,703.01164913
2026-06-27T00:00:00Z,FXSUSD,0.280,0.309,0.237,0.241,2683.20963878
2026-06-28T00:00:00Z,FXSUSD,0.309,0.309,0.242,0.242,35.15252914
2026-06-29T00:00:00Z,FXSUSD,0.260,0.273,0.236,0.236,460.49642092
2026-06-30T00:00:00Z,FXSUSD,0.240,0.297,0.240,0.240,108.59568847
2026-07-01T00:00:00Z,FXSUSD,0.241,0.308,0.230,0.231,3698.42296935
2026-07-02T00:00:00Z,FXSUSD,0.296,0.296,0.248,0.248,24.08015564
2026-07-03T00:00:00Z,FXSUSD,0.297,0.297,0.250,0.258,1253.24262078
2026-07-04T00:00:00Z,FXSUSD,0.241,0.274,0.238,0.262,942.54522604
2026-07-05T00:00:00Z,FXSUSD,0.237,0.258,0.237,0.258,678.73673127
2026-07-06T00:00:00Z,FXSUSD,0.257,0.257,0.238,0.242,409.15553887
2026-07-07T00:00:00Z,FXSUSD,0.239,0.274,0.239,0.274,287.43818042
2026-07-08T00:00:00Z,FXSUSD,0.273,0.276,0.233,0.250,24997.04341438
2026-07-09T00:00:00Z,FXSUSD,0.239,0.260,0.227,0.246,1091.41668727
2026-07-10T00:00:00Z,FXSUSD,0.245,0.252,0.238,0.244,5837.83588855
2026-07-11T00:00:00Z,FXSUSD,0.246,0.270,0.240,0.247,18073.13168529
2026-07-12T00:00:00Z,FXSUSD,0.261,0.267,0.244,0.264,12207.81674830
2026-07-13T00:00:00Z,FXSUSD,0.264,0.271,0.249,0.271,1577.82111296
2026-07-14T00:00:00Z,FXSUSD,0.272,0.286,0.272,0.275,7027.11057348
2026-07-15T00:00:00Z,FXSUSD,0.274,0.274,0.249,0.274,263.32940210
2026-07-16T00:00:00Z,FXSUSD,0.274,0.284,0.249,0.257,2439.72567075
2026-07-17T00:00:00Z,FXSUSD,0.267,0.268,0.249,0.268,2675.10390762
2026-07-18T00:00:00Z,FXSUSD,0.297,0.303,0.258,0.277,14562.68608822
2026-07-19T00:00:00Z,FXSUSD,0.256,0.277,0.250,0.250,657.06766578
2026-07-20T00:00:00Z,FXSUSD,0.276,0.277,0.250,0.267,2184.79779366
2026-07-21T00:00:00Z,FXSUSD,0.277,0.303,0.250,0.303,3653.39618250
2026-07-22T00:00:00Z,FXSUSD,0.265,0.299,0.259,0.299,4598.61121195
2026-07-23T00:00:00Z,FXSUSD,0.259,0.297,0.257,0.297,241.03649157
2026-07-24T00:00:00Z,FXSUSD,0.253,0.315,0.249,0.258,4334.34057815
2026-07-25T00:00:00Z,FXSUSD,0.299,0.323,0.266,0.320,1243.44897710
2026-07-26T00:00:00Z,FXSUSD,0.320,0.322,0.280,0.280,259.84431212
2026-07-27T00:00:00Z,FXSUSD,0.325,0.325,0.270,0.270,1188.41594182
2026-07-28T00:00:00Z,FXSUSD,0.266,0.319,0.264,0.271,2025.05344418
2026-07-29T00:00:00Z,FXSUSD,0.319,0.319,0.250,0.250,4000.26057260
2026-07-30T00:00:00Z,FXSUSD,0.269,0.269,0.247,0.247,1066.55142401
2026-07-31T00:00:00Z,FXSUSD,0.269,0.286,0.244,0.249,899.94489808
2026-08-01T00:00:00Z,FXSUSD,0.246,0.290,0.245,0.248,370.04371000
2026-08-02T00:00:00Z,FXSUSD,0.247,0.288,0.245,0.251,1388.58617949
2026-08-03T00:00:00Z,FXSUSD,0.254,0.269,0.254,0.269,3769.58674127
2026-08-04T00:00:00Z,FXSUSD,0.266,0.266,0.259,0.259,126.67009100
2026-08-05T00:00:00Z,FXSUSD,0.285,0.297,0.265,0.265,533.10157000
2026-08-06T00:00:00Z,FXSUSD,0.301,0.359,0.273,0.318,33179.82305702
2026-08-07T00:00:00Z,FXSUSD,0.317,0.505,0.312,0.313,77253.26285189
2026-08-08T00:00:00Z,FXSUSD,0.313,0.335,0.312,0.316,6082.95787985
2026-08-09T00:00:00Z,FXSUSD,0.304,0.358,0.288,0.326,24871.59053663
2026-08-10T00:00:00Z,FXSUSD,0.322,0.335,0.302,0.305,2348.13969078
2026-08-11T00:00:00Z,FXSUSD,0.354,0.357,0.304,0.346,2880.45560891
2026-08-12T00:00:00Z,FXSUSD,0.304,0.340,0.283,0.301,32131.71185793
2026-08-13T00:00:00Z,FXSUSD,0.305,0.320,0.285,0.297,5709.33859836
2026-08-14T00:00:00Z,FXSUSD,0.315,0.315,0.280,0.284,3772.67493681
2026-08-15T00:00:00Z,FXSUSD,0.284,0.315,0.284,0.295,751.70662446
2026-08-16T00:00:00Z,FXSUSD,0.305,0.305,0.281,0.297,3109.51073639
2026-08-17T00:00:00Z,FXSUSD,0.281,0.296,0.279,0.281,5445.22215053
2026-08-18T00:00:00Z,FXSUSD,0.294,0.305,0.276,0.276,1539.36909000
2026-08-19T00:00:00Z,FXSUSD,0.296,0.311,0.275,0.280,1607.95933000
2026-08-20T00:00:00Z,FXSUSD,0.316,0.323,0.281,0.290,2997.93792170
2026-08-21T00:00:00Z,FXSUSD,0.304,0.327,0.293,0.306,8985.95526326
2026-08-22T00:00:00Z,FXSUSD,0.323,0.344,0.286,0.340,22617.06339117
2026-08-23T00:00:00Z,FXSUSD,0.343,0.357,0.290,0.343,11581.56413614
2026-08-24T00:00:00Z,FXSUSD,0.333,0.375,0.301,0.328,18009.61205643
2026-08-25T00:00:00Z,FXSUSD,0.312,0.312,0.290,0.290,2215.01840744
2026-08-26T00:00:00Z,FXSUSD,0.294,0.320,0.286,0.298,3194.24707879
2026-08-27T00:00:00Z,FXSUSD,0.313,0.321,0.297,0.310,2074.02246635
2026-08-28T00:00:00Z,FXSUSD,0.307,0.324,0.296,0.305,16911.06287688
2026-08-29T00:00:00Z,FXSUSD,0.296,0.302,0.296,0.299,3750.63303282
2026-08-30T00:00:00Z,FXSUSD,0.301,0.303,0.299,0.299,167.00000000
2026-08-31T00:00:00Z,FXSUSD,0.302,0.333,0.299,0.302,2887.04125285
2026-09-01T00:00:00Z,FXSUSD,0.299,0.319,0.252,0.285,37334.51980636
2026-09-02T00:00:00Z,FXSUSD,0.292,0.319,0.286,0.304,1902.57819300
2026-09-03T00:00:00Z,FXSUSD,0.302,0.314,0.284,0.309,11052.87994882
2026-09-04T00:00:00Z,FXSUSD,0.291,0.313,0.272,0.284,4441.08266045
2026-09-05T00:00:00Z,FXSUSD,0.286,0.292,0.285,0.292,706.97528589
2026-09-06T00:00:00Z,FXSUSD,0.307,0.308,0.279,0.300,7151.93845658
2026-09-07T00:00:00Z,FXSUSD,0.295,0.304,0.290,0.302,573.07634057
2026-09-08T00:00:00Z,FXSUSD,0.301,0.303,0.290,0.296,1576.17589463
2026-09-09T00:00:00Z,FXSUSD,0.297,0.305,0.274,0.288,3465.98705779
2026-09-10T00:00:00Z,FXSUSD,0.304,0.304,0.267,0.273,117.71095610
2026-09-11T00:00:00Z,FXSUSD,0.261,0.301,0.214,0.276,2820.20271483
2026-09-12T00:00:00Z,FXSUSD,0.276,0.298,0.268,0.271,4523.96537997
2026-09-13T00:00:00Z,FXSUSD,0.274,0.295,0.268,0.293,2607.32978014
2026-09-14T00:00:00Z,FXSUSD,0.275,0.288,0.257,0.260,1223.36754109
2026-09-15T00:00:00Z,FXSUSD,0.254,0.301,0.254,0.259,6086.25042012
2026-09-16T00:00:00Z,FXSUSD,0.259,0.270,0.242,0.255,13522.18715248
2026-09-17T00:00:00Z,FXSUSD,0.273,0.273,0.250,0.250,201.31746618
2026-09-18T00:00:00Z,FXSUSD,0.277,0.281,0.246,0.278,8874.21685430
2026-09-19T00:00:00Z,FXSUSD,0.273,0.300,0.267,0.282,13028.94264785
2026-09-20T00:00:00Z,FXSUSD,0.278,0.305,0.263,0.276,12234.41584237
2026-09-21T00:00:00Z,FXSUSD,0.275,0.329,0.260,0.292,38584.78214713
2026-09-22T00:00:00Z,FXSUSD,0.293,0.293,0.281,0.292,9392.37541301
2026-09-23T00:00:00Z,FXSUSD,0.292,0.332,0.285,0.294,29766.91812684
2026-09-24T00:00:00Z,FXSUSD,0.289,0.306,0.273,0.295,17651.36079066
2026-09-25T00:00:00Z,FXSUSD,0.292,0.343,0.292,0.300,17733.04376091
2026-09-26T00:00:00Z,FXSUSD,0.307,0.370,0.296,0.304,9188.84671444
2026-09-27T00:00:00Z,FXSUSD,0.300,0.365,0.300,0.308,3780.83304347
