timestamp,symbol,open,high,low,close,volume
2022-02-25T00:00:00Z,GALAUSD,0.2483,0.2639,0.2483,0.2569,362161.7956010501
2022-02-26T00:00:00Z,GALAUSD,0.2628,0.2671,0.2465,0.2522,367595.3512334801
2022-02-27T00:00:00Z,GALAUSD,0.2446,0.2529,0.2302,0.2325,411250.2881731799
2022-02-28T00:00:00Z,GALAUSD,0.2282,0.2616,0.225,0.2581,1791953.3346115116
2022-03-01T00:00:00Z,GALAUSD,0.2671,0.2771,0.2484,0.259,1635071.1400688393
2022-03-02T00:00:00Z,GALAUSD,0.2592,0.2641,0.2495,0.2544,2202002.942486928
2022-03-03T00:00:00Z,GALAUSD,0.2546,0.259,0.2414,0.2448,1572102.2971881393
2022-03-04T00:00:00Z,GALAUSD,0.2418,0.2418,0.22,0.2228,853315.1005883005
2022-03-05T00:00:00Z,GALAUSD,0.2229,0.231,0.2139,0.2309,726779.0967258802
2022-03-06T00:00:00Z,GALAUSD,0.2313,0.2366,0.2157,0.2157,419801.8844645702
2022-03-07T00:00:00Z,GALAUSD,0.2113,0.229,0.2097,0.2158,867986.1471253202
2022-03-08T00:00:00Z,GALAUSD,0.2156,0.2288,0.2146,0.2197,252941.50556728998
2022-03-09T00:00:00Z,GALAUSD,0.2225,0.239,0.2225,0.2301,504112.13812621986
2022-03-10T00:00:00Z,GALAUSD,0.2324,0.2324,0.2132,0.2168,840444.8985213693
2022-03-11T00:00:00Z,GALAUSD,0.2178,0.2209,0.2118,0.2136,291990.28314138
2022-03-12T00:00:00Z,GALAUSD,0.2148,0.2186,0.2133,0.2139,158786.74614101
2022-03-13T00:00:00Z,GALAUSD,0.215,0.2416,0.2122,0.2172,826589.83935532
2022-03-14T00:00:00Z,GALAUSD,0.2162,0.224,0.214,0.2186,509831.7259258797
2022-03-15T00:00:00Z,GALAUSD,0.2197,0.2231,0.2134,0.2151,1312328.9210706188
2022-03-16T00:00:00Z,GALAUSD,0.215,0.2396,0.2146,0.2394,2232507.3849843997
2022-03-17T00:00:00Z,GALAUSD,0.2392,0.241,0.2251,0.2275,1625479.21306504
2022-03-18T00:00:00Z,GALAUSD,0.2272,0.2327,0.2185,0.2302,1630988.6525736498
2022-03-19T00:00:00Z,GALAUSD,0.2298,0.258,0.2277,0.2493,691986.1810802211
2022-03-20T00:00:00Z,GALAUSD,0.2486,0.2567,0.2293,0.2332,453694.2233854793
2022-03-21T00:00:00Z,GALAUSD,0.2343,0.2387,0.2249,0.2358,675095.2821368097
2022-03-22T00:00:00Z,GALAUSD,0.2359,0.2548,0.2359,0.2408,1390451.8056178193
2022-03-23T00:00:00Z,GALAUSD,0.2424,0.2516,0.2369,0.2496,1080655.4711908603
2022-03-24T00:00:00Z,GALAUSD,0.2499,0.261,0.2474,0.2515,1735685.3406561096
2022-03-25T00:00:00Z,GALAUSD,0.2515,0.2659,0.2425,0.2452,3127762.7691457784
2022-03-26T00:00:00Z,GALAUSD,0.2463,0.2534,0.242,0.252,928501.6461519498
2022-03-27T00:00:00Z,GALAUSD,0.2525,0.264,0.246,0.2635,743231.5517070404
2022-03-28T00:00:00Z,GALAUSD,0.2637,0.2906,0.2582,0.2631,4042439.9279483254
2022-03-29T00:00:00Z,GALAUSD,0.2624,0.2818,0.2624,0.2711,1265145.71290822
2022-03-30T00:00:00Z,GALAUSD,0.2711,0.2841,0.2568,0.2718,1573155.5505299687
2022-03-31T00:00:00Z,GALAUSD,0.2719,0.2871,0.2496,0.2541,2984977.54606944
2022-04-01T00:00:00Z,GALAUSD,0.2535,0.2675,0.2417,0.2615,1443113.091083909
2022-04-02T00:00:00Z,GALAUSD,0.2612,0.2777,0.2543,0.2545,1493814.61075006
2022-04-03T00:00:00Z,GALAUSD,0.2545,0.2687,0.2504,0.2659,890546.676517489
2022-04-04T00:00:00Z,GALAUSD,0.2643,0.2652,0.245,0.2571,1237683.0118314102
2022-04-05T00:00:00Z,GALAUSD,0.2568,0.2633,0.248,0.2486,994820.4826728001
2022-04-06T00:00:00Z,GALAUSD,0.2491,0.2491,0.2192,0.2214,2439343.3730490687
2022-04-07T00:00:00Z,GALAUSD,0.222,0.2312,0.2162,0.2295,357104.02380139
2022-04-08T00:00:00Z,GALAUSD,0.2286,0.2313,0.2113,0.2136,701785.7608244698
2022-04-09T00:00:00Z,GALAUSD,0.2142,0.2262,0.2125,0.2258,274789.16004785
2022-04-10T00:00:00Z,GALAUSD,0.2259,0.2263,0.2146,0.2146,479740.9094676997
2022-04-11T00:00:00Z,GALAUSD,0.2156,0.2178,0.1895,0.1924,2923361.6472835606
2022-04-12T00:00:00Z,GALAUSD,0.1929,0.2067,0.1913,0.2014,1442834.5775312895
2022-04-13T00:00:00Z,GALAUSD,0.2007,0.2079,0.198,0.2075,873802.3586285702
2022-04-14T00:00:00Z,GALAUSD,0.2064,0.2102,0.1956,0.1976,1291471.4265939791
2022-04-15T00:00:00Z,GALAUSD,0.1996,0.2021,0.1977,0.2016,842146.3816549596
2022-04-16T00:00:00Z,GALAUSD,0.2016,0.205,0.1999,0.2033,305016.2783170599
2022-04-17T00:00:00Z,GALAUSD,0.2026,0.2036,0.1905,0.1925,500329.3171316697
2022-04-18T00:00:00Z,GALAUSD,0.1923,0.196,0.1805,0.1952,2036488.9943474296
2022-04-19T00:00:00Z,GALAUSD,0.1949,0.2024,0.1922,0.2,444642.30622264
2022-04-20T00:00:00Z,GALAUSD,0.2006,0.2095,0.1914,0.1961,1041153.1449970506
2022-04-21T00:00:00Z,GALAUSD,0.1969,0.202,0.1855,0.1893,474292.9950449197
2022-04-22T00:00:00Z,GALAUSD,0.1885,0.1941,0.1869,0.1923,317983.2995521299
2022-04-23T00:00:00Z,GALAUSD,0.1922,0.1922,0.1856,0.1883,178429.75591945
2022-04-24T00:00:00Z,GALAUSD,0.1878,0.1892,0.1844,0.187,1085774.5516520508
2022-04-25T00:00:00Z,GALAUSD,0.1863,0.1863,0.1706,0.1826,1604092.781341569
2022-04-26T00:00:00Z,GALAUSD,0.1826,0.1847,0.1612,0.1641,1530544.9581318293
2022-04-27T00:00:00Z,GALAUSD,0.1641,0.174,0.1638,0.1726,1035702.2437660998
2022-04-28T00:00:00Z,GALAUSD,0.1726,0.1741,0.1654,0.1681,1048964.3397013294
2022-04-29T00:00:00Z,GALAUSD,0.1694,0.1712,0.152,0.1548,2836999.578200954
2022-04-30T00:00:00Z,GALAUSD,0.1555,0.1574,0.1204,0.1312,3292099.273098569
2022-05-01T00:00:00Z,GALAUSD,0.1317,0.1446,0.1296,0.1428,622116.3925662683
2022-05-02T00:00:00Z,GALAUSD,0.1426,0.1435,0.1321,0.1358,23818891.03217292
2022-05-03T00:00:00Z,GALAUSD,0.1358,0.144,0.1329,0.1359,753842.6500671499
2022-05-04T00:00:00Z,GALAUSD,0.1364,0.1647,0.1363,0.1613,2112998.225673571
2022-05-05T00:00:00Z,GALAUSD,0.1617,0.1631,0.1324,0.1399,2620232.697446979
2022-05-06T00:00:00Z,GALAUSD,0.1386,0.1477,0.1332,0.1438,2141712.9802009556
2022-05-07T00:00:00Z,GALAUSD,0.1434,0.1476,0.13,0.1358,917496.7587978994
2022-05-08T00:00:00Z,GALAUSD,0.136,0.1369,0.129,0.1309,970991.20217845
2022-05-09T00:00:00Z,GALAUSD,0.1319,0.1327,0.1022,0.103,2198028.7504115505
2022-05-10T00:00:00Z,GALAUSD,0.1032,0.1228,0.1011,0.1079,6454592.610256449
2022-05-11T00:00:00Z,GALAUSD,0.1087,0.1123,0.0578,0.065,33574700.373583056
2022-05-12T00:00:00Z,GALAUSD,0.0657,0.073,0.0471,0.0682,7221088.984852061
2022-05-13T00:00:00Z,GALAUSD,0.0682,0.107,0.0665,0.0917,11599314.289048579
2022-05-14T00:00:00Z,GALAUSD,0.0919,0.1048,0.0811,0.0994,2622180.165075309
2022-05-15T00:00:00Z,GALAUSD,0.0996,0.1028,0.0901,0.1001,3381990.045058032
2022-05-16T00:00:00Z,GALAUSD,0.1,0.1,0.0848,0.0861,1861259.7071701894
2022-05-17T00:00:00Z,GALAUSD,0.0859,0.0925,0.0838,0.0892,986169.2793842898
2022-05-18T00:00:00Z,GALAUSD,0.0899,0.0904,0.0768,0.0773,1100610.8951119208
2022-05-19T00:00:00Z,GALAUSD,0.0779,0.0868,0.0746,0.0857,1844863.337759739
2022-05-20T00:00:00Z,GALAUSD,0.0853,0.0873,0.0776,0.082,1660053.3497523193
2022-05-21T00:00:00Z,GALAUSD,0.0816,0.0862,0.0792,0.0856,1661967.0365815994
2022-05-22T00:00:00Z,GALAUSD,0.0857,0.0859,0.0812,0.0847,1680130.8911656903
2022-05-23T00:00:00Z,GALAUSD,0.0845,0.0908,0.0788,0.0797,1479301.2924223088
2022-05-24T00:00:00Z,GALAUSD,0.0802,0.0842,0.0765,0.0832,2366311.0492631104
2022-05-25T00:00:00Z,GALAUSD,0.0833,0.0842,0.078,0.08,812149.9045412007
2022-05-26T00:00:00Z,GALAUSD,0.0806,0.083,0.0707,0.0728,2836416.8513440816
2022-05-27T00:00:00Z,GALAUSD,0.0733,0.0741,0.0678,0.0698,2661343.8795345942
2022-05-28T00:00:00Z,GALAUSD,0.0701,0.0732,0.0695,0.0725,605032.6709638295
2022-05-29T00:00:00Z,GALAUSD,0.0723,0.0787,0.0702,0.0786,506063.52852964005
2022-05-30T00:00:00Z,GALAUSD,0.0781,0.0849,0.0768,0.084,1781198.8778308232
2022-05-31T00:00:00Z,GALAUSD,0.0839,0.0877,0.0793,0.0827,1697300.8504450014
2022-06-01T00:00:00Z,GALAUSD,0.0832,0.0837,0.0716,0.0735,3665577.006476496
2022-06-02T00:00:00Z,GALAUSD,0.0734,0.0775,0.0723,0.0763,845714.4013630898
2022-06-03T00:00:00Z,GALAUSD,0.0762,0.0768,0.0705,0.0734,958766.1805395804
2022-06-04T00:00:00Z,GALAUSD,0.0738,0.0759,0.0709,0.0745,1839461.9527796006
2022-06-05T00:00:00Z,GALAUSD,0.0744,0.0763,0.0725,0.0746,766795.2738609901
2022-06-06T00:00:00Z,GALAUSD,0.0747,0.0886,0.0746,0.0879,3126589.7579206186
2022-06-07T00:00:00Z,GALAUSD,0.088,0.0911,0.0768,0.0781,5226021.241932566
2022-06-08T00:00:00Z,GALAUSD,0.0786,0.082,0.0744,0.0749,1760106.4512247515
2022-06-09T00:00:00Z,GALAUSD,0.075,0.078,0.0738,0.0759,737251.6376758909
2022-06-10T00:00:00Z,GALAUSD,0.076,0.0762,0.0681,0.0691,2325241.4641490113
2022-06-11T00:00:00Z,GALAUSD,0.069,0.071,0.0613,0.0626,2562564.4440739183
2022-06-12T00:00:00Z,GALAUSD,0.0627,0.0639,0.0562,0.0573,1985508.5873207948
2022-06-13T00:00:00Z,GALAUSD,0.0577,0.0637,0.0504,0.0599,7188567.210170329
2022-06-14T00:00:00Z,GALAUSD,0.0597,0.0664,0.0549,0.0609,6802827.435297958
2022-06-15T00:00:00Z,GALAUSD,0.0608,0.0655,0.0534,0.0655,4756580.155651806
2022-06-16T00:00:00Z,GALAUSD,0.0655,0.0663,0.0541,0.0552,2824069.285451424
2022-06-17T00:00:00Z,GALAUSD,0.0552,0.0578,0.055,0.0568,1751663.3488760786
2022-06-18T00:00:00Z,GALAUSD,0.0567,0.0577,0.0497,0.0534,1941008.9512855615
2022-06-19T00:00:00Z,GALAUSD,0.0535,0.0568,0.0506,0.0563,1915813.45430867
2022-06-20T00:00:00Z,GALAUSD,0.0563,0.0578,0.0529,0.0565,1670336.6575079204
2022-06-21T00:00:00Z,GALAUSD,0.0564,0.0611,0.0553,0.0562,2169959.890132599
2022-06-22T00:00:00Z,GALAUSD,0.0562,0.0572,0.0536,0.0542,2001265.1306746905
2022-06-23T00:00:00Z,GALAUSD,0.0541,0.0581,0.0541,0.0577,3851299.8142294055
2022-06-24T00:00:00Z,GALAUSD,0.0582,0.0925,0.0579,0.0625,5472898.781662045
2022-06-25T00:00:00Z,GALAUSD,0.0623,0.09,0.0586,0.0688,13219440.676671121
2022-06-26T00:00:00Z,GALAUSD,0.0687,0.0704,0.0602,0.0606,4023288.5962613397
2022-06-27T00:00:00Z,GALAUSD,0.0607,0.0638,0.059,0.06,3310039.964642611
2022-06-28T00:00:00Z,GALAUSD,0.06,0.0622,0.0563,0.0563,2478041.6112673352
2022-06-29T00:00:00Z,GALAUSD,0.0564,0.0582,0.0552,0.0563,1757553.4899236294
2022-06-30T00:00:00Z,GALAUSD,0.0564,0.0566,0.0509,0.0543,2004096.2758283303
2022-07-01T00:00:00Z,GALAUSD,0.0541,0.0556,0.0511,0.0516,1637138.434572339
2022-07-02T00:00:00Z,GALAUSD,0.0517,0.0542,0.0509,0.0533,1427192.0091391003
2022-07-03T00:00:00Z,GALAUSD,0.0531,0.0537,0.0517,0.053,516985.68388453976
2022-07-04T00:00:00Z,GALAUSD,0.0532,0.0556,0.0515,0.0556,2809561.3183820397
2022-07-05T00:00:00Z,GALAUSD,0.0551,0.056,0.0516,0.0532,2869211.65387136
2022-07-06T00:00:00Z,GALAUSD,0.0536,0.055,0.0522,0.0542,999901.8633911507
2022-07-07T00:00:00Z,GALAUSD,0.0545,0.0581,0.0542,0.0571,4630454.542812726
2022-07-08T00:00:00Z,GALAUSD,0.057,0.0586,0.0537,0.0539,1606162.8544737704
2022-07-09T00:00:00Z,GALAUSD,0.0542,0.0559,0.0539,0.0554,1265541.4964478207
2022-07-10T00:00:00Z,GALAUSD,0.0553,0.0553,0.0524,0.053,1516290.571769281
2022-07-11T00:00:00Z,GALAUSD,0.0525,0.0528,0.0467,0.048,1530046.3433939505
2022-07-12T00:00:00Z,GALAUSD,0.0478,0.0492,0.0469,0.0469,1589042.4412644017
2022-07-13T00:00:00Z,GALAUSD,0.0469,0.0499,0.0441,0.0488,1732722.6939212736
2022-07-14T00:00:00Z,GALAUSD,0.0489,0.0503,0.0467,0.0496,1145617.7859646007
2022-07-15T00:00:00Z,GALAUSD,0.0499,0.0508,0.0485,0.0495,1055518.97763156
2022-07-16T00:00:00Z,GALAUSD,0.0496,0.0516,0.0481,0.0509,2547625.9829276116
2022-07-17T00:00:00Z,GALAUSD,0.0509,0.0536,0.0502,0.0507,2976225.849368463
2022-07-18T00:00:00Z,GALAUSD,0.0506,0.0581,0.0506,0.0561,5027406.831614354
2022-07-19T00:00:00Z,GALAUSD,0.0557,0.0616,0.0546,0.0582,6042742.357957486
2022-07-20T00:00:00Z,GALAUSD,0.0581,0.0616,0.053,0.0537,5677386.882378053
2022-07-21T00:00:00Z,GALAUSD,0.0536,0.0548,0.0515,0.0542,3262032.5711339195
2022-07-22T00:00:00Z,GALAUSD,0.0541,0.0561,0.0517,0.0521,3202703.7634311914
2022-07-23T00:00:00Z,GALAUSD,0.052,0.0552,0.0515,0.0539,4152910.960321882
2022-07-24T00:00:00Z,GALAUSD,0.0541,0.0549,0.0527,0.053,3138287.380012541
2022-07-25T00:00:00Z,GALAUSD,0.0531,0.0531,0.0475,0.0476,1983842.9856913595
2022-07-26T00:00:00Z,GALAUSD,0.0474,0.0479,0.0456,0.0477,2287641.3559123394
2022-07-27T00:00:00Z,GALAUSD,0.0477,0.0514,0.0465,0.0514,5234031.406637007
2022-07-28T00:00:00Z,GALAUSD,0.0515,0.0539,0.0496,0.0532,3416988.374405258
2022-07-29T00:00:00Z,GALAUSD,0.0531,0.0574,0.0528,0.0549,5324545.747142601
2022-07-30T00:00:00Z,GALAUSD,0.055,0.0618,0.0547,0.0557,9295427.22121488
2022-07-31T00:00:00Z,GALAUSD,0.0558,0.0632,0.0553,0.057,7482905.832743707
2022-08-01T00:00:00Z,GALAUSD,0.0569,0.0661,0.0556,0.0648,8337568.661258457
2022-08-02T00:00:00Z,GALAUSD,0.0647,0.0653,0.0581,0.0595,3478349.3951938506
2022-08-03T00:00:00Z,GALAUSD,0.0598,0.0617,0.0573,0.0583,3228249.6270330492
2022-08-04T00:00:00Z,GALAUSD,0.0582,0.0615,0.0578,0.0593,3822321.781229378
2022-08-05T00:00:00Z,GALAUSD,0.059,0.0615,0.0589,0.061,4071202.446049084
2022-08-06T00:00:00Z,GALAUSD,0.0612,0.0622,0.0596,0.0601,4423458.630117249
2022-08-07T00:00:00Z,GALAUSD,0.0603,0.0616,0.0584,0.0606,1696179.8425278205
2022-08-08T00:00:00Z,GALAUSD,0.0607,0.0641,0.0607,0.062,4572290.58627165
2022-08-09T00:00:00Z,GALAUSD,0.0624,0.0645,0.0579,0.0599,2093949.7222627315
2022-08-10T00:00:00Z,GALAUSD,0.0596,0.064,0.0585,0.0635,3251099.330659053
2022-08-11T00:00:00Z,GALAUSD,0.0635,0.0655,0.0616,0.0621,2285462.337675971
2022-08-12T00:00:00Z,GALAUSD,0.0619,0.0661,0.061,0.066,4516570.748197963
2022-08-13T00:00:00Z,GALAUSD,0.0663,0.0699,0.0658,0.0672,4435546.562417199
2022-08-14T00:00:00Z,GALAUSD,0.0673,0.0717,0.0665,0.0703,4289182.399085225
2022-08-15T00:00:00Z,GALAUSD,0.0702,0.0728,0.0657,0.067,3855604.1374073685
2022-08-16T00:00:00Z,GALAUSD,0.0672,0.072,0.0653,0.0696,6205118.628913372
2022-08-17T00:00:00Z,GALAUSD,0.0696,0.0712,0.0624,0.063,4596311.859577589
2022-08-18T00:00:00Z,GALAUSD,0.0632,0.064,0.0558,0.058,6485930.7034997195
2022-08-19T00:00:00Z,GALAUSD,0.0581,0.0582,0.0511,0.0532,8906650.284502238
2022-08-20T00:00:00Z,GALAUSD,0.0532,0.0542,0.0502,0.0523,1865640.29637428
2022-08-21T00:00:00Z,GALAUSD,0.0524,0.0546,0.0518,0.054,1770778.8322429592
2022-08-22T00:00:00Z,GALAUSD,0.0538,0.0538,0.0505,0.0533,2121236.1538965604
2022-08-23T00:00:00Z,GALAUSD,0.0533,0.0552,0.0513,0.0546,1330133.7892678112
2022-08-24T00:00:00Z,GALAUSD,0.0542,0.0564,0.0528,0.0549,4629606.316600069
2022-08-25T00:00:00Z,GALAUSD,0.0551,0.0569,0.0536,0.0548,3237784.89922793
2022-08-26T00:00:00Z,GALAUSD,0.0542,0.0548,0.0488,0.0498,4980138.75741629
2022-08-27T00:00:00Z,GALAUSD,0.0497,0.0511,0.0492,0.0509,4924689.504131568
2022-08-28T00:00:00Z,GALAUSD,0.0507,0.0518,0.0493,0.0493,2165669.3127818094
2022-08-29T00:00:00Z,GALAUSD,0.0495,0.0525,0.0489,0.0525,1050661.3987321898
2022-08-30T00:00:00Z,GALAUSD,0.0524,0.053,0.0494,0.0507,3506021.0096611986
2022-08-31T00:00:00Z,GALAUSD,0.051,0.0522,0.05,0.0503,1400457.5575981399
2022-09-01T00:00:00Z,GALAUSD,0.0504,0.0508,0.0487,0.0506,3985204.2573169027
2022-09-02T00:00:00Z,GALAUSD,0.0506,0.0513,0.0492,0.0499,4534313.077212447
2022-09-03T00:00:00Z,GALAUSD,0.0496,0.0505,0.0495,0.05,1425296.7791274097
2022-09-04T00:00:00Z,GALAUSD,0.0503,0.0519,0.0502,0.0516,1282168.0391782208
2022-09-05T00:00:00Z,GALAUSD,0.0517,0.0521,0.0496,0.0508,2294193.4623057023
2022-09-06T00:00:00Z,GALAUSD,0.0511,0.0519,0.0468,0.0473,4808927.107053068
2022-09-07T00:00:00Z,GALAUSD,0.0474,0.0494,0.0464,0.0487,2056822.0406369301
2022-09-08T00:00:00Z,GALAUSD,0.0488,0.0494,0.0476,0.049,5692798.681674847
2022-09-09T00:00:00Z,GALAUSD,0.0491,0.053,0.0491,0.052,3989041.6768742315
2022-09-10T00:00:00Z,GALAUSD,0.0521,0.0532,0.0512,0.0522,1077636.643958091
2022-09-11T00:00:00Z,GALAUSD,0.0522,0.0537,0.0506,0.052,867896.6341333
2022-09-12T00:00:00Z,GALAUSD,0.0519,0.0531,0.0502,0.0513,1765304.4313435005
2022-09-13T00:00:00Z,GALAUSD,0.0511,0.0516,0.0475,0.0479,3688197.1657123948
2022-09-14T00:00:00Z,GALAUSD,0.0477,0.049,0.0472,0.0487,5089691.714504689
2022-09-15T00:00:00Z,GALAUSD,0.0487,0.0487,0.0466,0.0471,2546903.7318967916
2022-09-16T00:00:00Z,GALAUSD,0.047,0.0481,0.0467,0.0476,6622871.255755921
2022-09-17T00:00:00Z,GALAUSD,0.0477,0.0492,0.0477,0.0492,326920.08703034
2022-09-18T00:00:00Z,GALAUSD,0.049,0.049,0.039,0.042,5796654.377021362
2022-09-19T00:00:00Z,GALAUSD,0.0419,0.0435,0.0409,0.0433,2644318.224300381
2022-09-20T00:00:00Z,GALAUSD,0.0434,0.0435,0.0414,0.0414,5958139.647214257
2022-09-21T00:00:00Z,GALAUSD,0.0416,0.0594,0.025,0.0405,16058115.894241733
2022-09-22T00:00:00Z,GALAUSD,0.0404,0.0426,0.0403,0.0425,606307.4227266407
2022-09-23T00:00:00Z,GALAUSD,0.0426,0.0428,0.0404,0.042,2340420.103732888
2022-09-24T00:00:00Z,GALAUSD,0.0422,0.0427,0.0411,0.0414,850904.9675935897
2022-09-25T00:00:00Z,GALAUSD,0.0414,0.0418,0.0402,0.0406,483226.9262762099
2022-09-26T00:00:00Z,GALAUSD,0.0405,0.0411,0.0397,0.0407,428149.42061992973
2022-09-27T00:00:00Z,GALAUSD,0.0409,0.0423,0.0397,0.0403,2005120.375953173
2022-09-28T00:00:00Z,GALAUSD,0.0402,0.0407,0.0385,0.0402,1595206.4179133992
2022-09-29T00:00:00Z,GALAUSD,0.0404,0.0409,0.0394,0.0408,1471468.9083679605
2022-09-30T00:00:00Z,GALAUSD,0.0408,0.0411,0.04,0.0405,700771.3919896896
2022-10-01T00:00:00Z,GALAUSD,0.0405,0.0409,0.04,0.0402,238312.61699669994
2022-10-02T00:00:00Z,GALAUSD,0.0403,0.0406,0.0392,0.0395,855848.6097299599
2022-10-03T00:00:00Z,GALAUSD,0.0393,0.0407,0.039,0.0407,1053291.15150172
2022-10-04T00:00:00Z,GALAUSD,0.0407,0.0416,0.0403,0.0415,2256772.7900919407
2022-10-05T00:00:00Z,GALAUSD,0.0415,0.0416,0.0402,0.0411,866211.6446252102
2022-10-06T00:00:00Z,GALAUSD,0.0412,0.0417,0.0407,0.0408,2893692.3761139903
2022-10-07T00:00:00Z,GALAUSD,0.0409,0.0412,0.0402,0.0405,2552330.251155949
2022-10-08T00:00:00Z,GALAUSD,0.0406,0.0409,0.0404,0.0408,511461.32118088007
2022-10-09T00:00:00Z,GALAUSD,0.0408,0.0427,0.0408,0.0423,2696309.7384431898
2022-10-10T00:00:00Z,GALAUSD,0.0423,0.0429,0.0397,0.0399,4356519.220260998
2022-10-11T00:00:00Z,GALAUSD,0.0398,0.0401,0.0387,0.0393,2040412.7355919085
2022-10-12T00:00:00Z,GALAUSD,0.0395,0.04,0.0391,0.0392,1348244.36976891
2022-10-13T00:00:00Z,GALAUSD,0.0392,0.0392,0.0348,0.0379,3217266.9272484095
2022-10-14T00:00:00Z,GALAUSD,0.0379,0.0392,0.0361,0.0366,1807077.5359094597
2022-10-15T00:00:00Z,GALAUSD,0.0366,0.0378,0.0359,0.0366,1520558.4876766698
2022-10-16T00:00:00Z,GALAUSD,0.0368,0.0379,0.0368,0.0372,1155312.3199097489
2022-10-17T00:00:00Z,GALAUSD,0.0372,0.0372,0.0363,0.0369,1871239.2503822506
2022-10-18T00:00:00Z,GALAUSD,0.037,0.0372,0.035,0.0357,2228470.419633238
2022-10-19T00:00:00Z,GALAUSD,0.0357,0.0358,0.0318,0.033,2957407.9450042187
2022-10-20T00:00:00Z,GALAUSD,0.033,0.034,0.0324,0.0329,3057350.070738207
2022-10-21T00:00:00Z,GALAUSD,0.0328,0.0334,0.0315,0.0333,1792660.4864192912
2022-10-22T00:00:00Z,GALAUSD,0.0333,0.0336,0.0327,0.0333,1336043.810026189
2022-10-23T00:00:00Z,GALAUSD,0.0334,0.0342,0.0326,0.0342,1676875.4778993707
2022-10-24T00:00:00Z,GALAUSD,0.0341,0.0342,0.0326,0.0331,4152944.2192051327
2022-10-25T00:00:00Z,GALAUSD,0.033,0.0349,0.033,0.0341,2735750.1674124314
2022-10-26T00:00:00Z,GALAUSD,0.0342,0.0353,0.034,0.035,2569371.15006636
2022-10-27T00:00:00Z,GALAUSD,0.035,0.0368,0.0343,0.0344,5233335.334013622
2022-10-28T00:00:00Z,GALAUSD,0.0345,0.0357,0.0338,0.0354,2526502.5049181106
2022-10-29T00:00:00Z,GALAUSD,0.0353,0.0378,0.0353,0.0366,2427844.6277647195
2022-10-30T00:00:00Z,GALAUSD,0.0366,0.0489,0.0364,0.0441,13574847.479362711
2022-10-31T00:00:00Z,GALAUSD,0.0442,0.0444,0.0406,0.0421,10613371.206897972
2022-11-01T00:00:00Z,GALAUSD,0.0419,0.0439,0.0397,0.0399,4552473.564102959
2022-11-02T00:00:00Z,GALAUSD,0.0399,0.0412,0.0262,0.0384,38711763.42089046
2022-11-03T00:00:00Z,GALAUSD,0.0385,0.0406,0.0275,0.0337,20968585.850552376
2022-11-04T00:00:00Z,GALAUSD,0.0337,0.04,0.0324,0.0386,19678904.19545846
2022-11-05T00:00:00Z,GALAUSD,0.0388,0.0439,0.0368,0.0387,11303599.70428237
2022-11-06T00:00:00Z,GALAUSD,0.0388,0.0399,0.0356,0.036,5643622.447396459
2022-11-07T00:00:00Z,GALAUSD,0.0359,0.0374,0.0353,0.036,5741442.06542486
2022-11-08T00:00:00Z,GALAUSD,0.0361,0.0402,0.0298,0.0326,15835804.030981814
2022-11-09T00:00:00Z,GALAUSD,0.0328,0.0329,0.0248,0.0255,10635485.069868382
2022-11-10T00:00:00Z,GALAUSD,0.0253,0.0356,0.0252,0.0316,8255360.830638949
2022-11-11T00:00:00Z,GALAUSD,0.0317,0.033,0.0299,0.032,3441903.510087079
2022-11-12T00:00:00Z,GALAUSD,0.0321,0.0321,0.0287,0.0293,13122177.37989694
2022-11-13T00:00:00Z,GALAUSD,0.0296,0.0323,0.0289,0.0294,3029163.9472947214
2022-11-14T00:00:00Z,GALAUSD,0.0294,0.0306,0.0279,0.0296,2929149.1375755896
2022-11-15T00:00:00Z,GALAUSD,0.0298,0.0303,0.0291,0.0292,2194165.4755644696
2022-11-16T00:00:00Z,GALAUSD,0.0293,0.0296,0.0279,0.0281,2242809.5706134075
2022-11-17T00:00:00Z,GALAUSD,0.0282,0.0283,0.0269,0.0274,2035055.8647757894
2022-11-18T00:00:00Z,GALAUSD,0.0275,0.0279,0.0271,0.0275,856071.8225100096
2022-11-19T00:00:00Z,GALAUSD,0.0274,0.028,0.0266,0.0276,929538.5087496398
2022-11-20T00:00:00Z,GALAUSD,0.0276,0.0278,0.0255,0.0256,2228380.6777287307
2022-11-21T00:00:00Z,GALAUSD,0.0257,0.0259,0.024,0.0247,4649281.786587229
2022-11-22T00:00:00Z,GALAUSD,0.0247,0.0254,0.0239,0.0254,3979505.192119751
2022-11-23T00:00:00Z,GALAUSD,0.0253,0.0261,0.025,0.026,9535190.43774222
2022-11-24T00:00:00Z,GALAUSD,0.0259,0.0262,0.0251,0.0252,1532442.7487173704
2022-11-25T00:00:00Z,GALAUSD,0.0253,0.0253,0.0245,0.0251,6649928.51144712
2022-11-26T00:00:00Z,GALAUSD,0.0251,0.0259,0.0248,0.0251,3081018.2664484284
2022-11-27T00:00:00Z,GALAUSD,0.0251,0.0261,0.0251,0.0253,1374285.8194470503
2022-11-28T00:00:00Z,GALAUSD,0.0254,0.0255,0.0238,0.0247,1256309.7728766797
2022-11-29T00:00:00Z,GALAUSD,0.0247,0.0255,0.0246,0.0252,3578241.1385396086
2022-11-30T00:00:00Z,GALAUSD,0.0255,0.0277,0.0254,0.0259,5737300.594512631
2022-12-01T00:00:00Z,GALAUSD,0.026,0.0263,0.0251,0.0253,5115176.62199583
2022-12-02T00:00:00Z,GALAUSD,0.0252,0.0256,0.0246,0.0255,3905241.96839329
2022-12-03T00:00:00Z,GALAUSD,0.0257,0.0257,0.0247,0.025,4831017.57388828
2022-12-04T00:00:00Z,GALAUSD,0.0249,0.0253,0.0246,0.0252,2179837.7223464306
2022-12-05T00:00:00Z,GALAUSD,0.0252,0.027,0.0251,0.0259,5369238.963080813
2022-12-06T00:00:00Z,GALAUSD,0.0258,0.028,0.0258,0.0271,7112489.106335131
2022-12-07T00:00:00Z,GALAUSD,0.0271,0.0272,0.0251,0.0256,2395594.550809171
2022-12-08T00:00:00Z,GALAUSD,0.0256,0.0266,0.025,0.0264,4023316.3484874
2022-12-09T00:00:00Z,GALAUSD,0.0265,0.0265,0.0256,0.0258,965575.3452036805
2022-12-10T00:00:00Z,GALAUSD,0.0258,0.0258,0.0255,0.0256,487462.5134379101
2022-12-11T00:00:00Z,GALAUSD,0.0256,0.0261,0.0251,0.0252,2799544.5151637383
2022-12-12T00:00:00Z,GALAUSD,0.0252,0.0254,0.0239,0.0252,2171235.922705971
2022-12-13T00:00:00Z,GALAUSD,0.0252,0.0255,0.0241,0.0252,3343293.63710328
2022-12-14T00:00:00Z,GALAUSD,0.0252,0.0254,0.0241,0.0245,3207122.0390114198
2022-12-15T00:00:00Z,GALAUSD,0.0244,0.0245,0.0236,0.024,3646701.1648932467
2022-12-16T00:00:00Z,GALAUSD,0.024,0.0243,0.02,0.0204,7704643.512541913
2022-12-17T00:00:00Z,GALAUSD,0.0204,0.021,0.02,0.0207,7224904.895220306
2022-12-18T00:00:00Z,GALAUSD,0.0208,0.0208,0.0202,0.0203,1984408.11187693
2022-12-19T00:00:00Z,GALAUSD,0.0203,0.0207,0.0179,0.0185,18959741.70806835
2022-12-20T00:00:00Z,GALAUSD,0.0185,0.0198,0.0185,0.0195,6629068.545750998
2022-12-21T00:00:00Z,GALAUSD,0.0194,0.0194,0.0184,0.019,1700694.3620142792
2022-12-22T00:00:00Z,GALAUSD,0.019,0.0192,0.0182,0.0189,1504253.1317735799
2022-12-23T00:00:00Z,GALAUSD,0.0191,0.0194,0.0186,0.0189,1729122.94162409
2022-12-24T00:00:00Z,GALAUSD,0.0189,0.019,0.0185,0.0187,1252840.7222602493
2022-12-25T00:00:00Z,GALAUSD,0.0187,0.0188,0.018,0.0185,1248371.5593239595
2022-12-26T00:00:00Z,GALAUSD,0.0184,0.0187,0.018,0.0183,3134728.8152779
2022-12-27T00:00:00Z,GALAUSD,0.0182,0.0184,0.0176,0.0178,6518793.226426552
2022-12-28T00:00:00Z,GALAUSD,0.0178,0.0178,0.0165,0.0169,3979600.4169453713
2022-12-29T00:00:00Z,GALAUSD,0.0169,0.0169,0.0157,0.0162,2523510.690335999
2022-12-30T00:00:00Z,GALAUSD,0.0162,0.0168,0.0155,0.0165,2684895.0994701013
2022-12-31T00:00:00Z,GALAUSD,0.0165,0.0169,0.0162,0.0167,1354822.035444579
2023-01-01T00:00:00Z,GALAUSD,0.0166,0.0169,0.0164,0.0169,1343971.2267525701
2023-01-02T00:00:00Z,GALAUSD,0.0169,0.018,0.0166,0.0177,1913202.124766818
2023-01-03T00:00:00Z,GALAUSD,0.0177,0.0179,0.0172,0.0176,2637442.788923811
2023-01-04T00:00:00Z,GALAUSD,0.0176,0.0186,0.0175,0.0179,3980155.9661940797
2023-01-05T00:00:00Z,GALAUSD,0.018,0.0186,0.0177,0.0181,18005275.4199389
2023-01-06T00:00:00Z,GALAUSD,0.0181,0.025,0.0181,0.0235,60298016.64568996
2023-01-07T00:00:00Z,GALAUSD,0.0234,0.025,0.0231,0.0233,52805578.16022497
2023-01-08T00:00:00Z,GALAUSD,0.0233,0.0406,0.0231,0.0344,40098538.61273208
2023-01-09T00:00:00Z,GALAUSD,0.0343,0.0534,0.0315,0.0405,55431247.44438997
2023-01-10T00:00:00Z,GALAUSD,0.0407,0.0772,0.0402,0.0416,83045927.8522431
2023-01-11T00:00:00Z,GALAUSD,0.0415,0.0423,0.0354,0.0383,50198942.57438313
2023-01-12T00:00:00Z,GALAUSD,0.0381,0.0451,0.0381,0.0405,55042689.01256345
2023-01-13T00:00:00Z,GALAUSD,0.0406,0.0531,0.0384,0.0508,71099497.03424445
2023-01-14T00:00:00Z,GALAUSD,0.0506,0.0554,0.0467,0.0496,54723496.355442025
2023-01-15T00:00:00Z,GALAUSD,0.0497,0.0509,0.0453,0.049,18396451.769657213
2023-01-16T00:00:00Z,GALAUSD,0.0491,0.0502,0.0449,0.0466,16616924.43802833
2023-01-17T00:00:00Z,GALAUSD,0.0463,0.0555,0.0454,0.0496,28358194.535542153
2023-01-18T00:00:00Z,GALAUSD,0.0498,0.0517,0.0426,0.0445,35018547.71529003
2023-01-19T00:00:00Z,GALAUSD,0.0448,0.0466,0.043,0.0455,15860004.661967568
2023-01-20T00:00:00Z,GALAUSD,0.0454,0.0499,0.0441,0.0491,18056456.674103327
2023-01-21T00:00:00Z,GALAUSD,0.049,0.0541,0.0462,0.0469,34009334.82628438
2023-01-22T00:00:00Z,GALAUSD,0.0471,0.0508,0.0467,0.0489,21223463.13427582
2023-01-23T00:00:00Z,GALAUSD,0.049,0.0568,0.0487,0.0529,46229363.80000108
2023-01-24T00:00:00Z,GALAUSD,0.0531,0.0541,0.0467,0.0478,22596352.671880864
2023-01-25T00:00:00Z,GALAUSD,0.0477,0.0509,0.0459,0.0496,14670889.23509922
2023-01-26T00:00:00Z,GALAUSD,0.0496,0.0516,0.048,0.0488,14527630.231535278
2023-01-27T00:00:00Z,GALAUSD,0.0488,0.0548,0.0469,0.0531,25009805.429027785
2023-01-28T00:00:00Z,GALAUSD,0.053,0.063,0.0529,0.0569,56923193.30960612
2023-01-29T00:00:00Z,GALAUSD,0.0567,0.0606,0.0547,0.0592,24878748.020880014
2023-01-30T00:00:00Z,GALAUSD,0.0593,0.0596,0.0515,0.0538,37849524.92087965
2023-01-31T00:00:00Z,GALAUSD,0.0537,0.0556,0.0526,0.0541,18101658.12866992
2023-02-01T00:00:00Z,GALAUSD,0.0542,0.0586,0.0504,0.0568,33752534.745849475
2023-02-02T00:00:00Z,GALAUSD,0.0567,0.0581,0.0536,0.054,26710221.87706869
2023-02-03T00:00:00Z,GALAUSD,0.054,0.0578,0.0533,0.0561,25147170.895281833
2023-02-04T00:00:00Z,GALAUSD,0.0562,0.0575,0.0546,0.0556,16702701.355741361
2023-02-05T00:00:00Z,GALAUSD,0.0555,0.0583,0.0524,0.0541,23649075.071990177
2023-02-06T00:00:00Z,GALAUSD,0.0541,0.0546,0.0511,0.0519,11668898.955717312
2023-02-07T00:00:00Z,GALAUSD,0.052,0.0562,0.0513,0.0556,22850430.18260079
2023-02-08T00:00:00Z,GALAUSD,0.0558,0.0572,0.04,0.0521,26567689.16674495
2023-02-09T00:00:00Z,GALAUSD,0.0522,0.0526,0.0421,0.0445,48568376.13973242
2023-02-10T00:00:00Z,GALAUSD,0.0444,0.0449,0.043,0.0443,21617286.69518803
2023-02-11T00:00:00Z,GALAUSD,0.0442,0.0468,0.0431,0.0455,22356948.86726045
2023-02-12T00:00:00Z,GALAUSD,0.0455,0.046,0.0428,0.0435,14365459.987692704
2023-02-13T00:00:00Z,GALAUSD,0.0438,0.044,0.0405,0.0423,7564663.614069842
2023-02-14T00:00:00Z,GALAUSD,0.0421,0.0444,0.0413,0.0443,17982949.264017068
2023-02-15T00:00:00Z,GALAUSD,0.0441,0.0497,0.043,0.0496,18499407.177978557
2023-02-16T00:00:00Z,GALAUSD,0.0496,0.053,0.0456,0.0458,31264071.381379087
2023-02-17T00:00:00Z,GALAUSD,0.0459,0.0493,0.0456,0.048,11508188.581048036
2023-02-18T00:00:00Z,GALAUSD,0.0479,0.0487,0.0471,0.0477,31033790.542736463
2023-02-19T00:00:00Z,GALAUSD,0.0477,0.0493,0.0463,0.0472,20617268.683092814
2023-02-20T00:00:00Z,GALAUSD,0.0474,0.0492,0.0463,0.0482,20107680.773054972
2023-02-21T00:00:00Z,GALAUSD,0.0484,0.0488,0.0453,0.0461,14276654.861308914
2023-02-22T00:00:00Z,GALAUSD,0.0462,0.0463,0.0433,0.0451,9203516.592194343
2023-02-23T00:00:00Z,GALAUSD,0.0453,0.0462,0.0437,0.0442,10689645.939450081
2023-02-24T00:00:00Z,GALAUSD,0.044,0.0444,0.0402,0.0412,13438697.568012768
2023-02-25T00:00:00Z,GALAUSD,0.0413,0.0415,0.0381,0.0404,13891540.245363707
2023-02-26T00:00:00Z,GALAUSD,0.0401,0.0418,0.0399,0.0412,5539482.282389199
2023-02-27T00:00:00Z,GALAUSD,0.0411,0.0427,0.0396,0.0407,8249556.7534521585
2023-02-28T00:00:00Z,GALAUSD,0.0408,0.0411,0.0388,0.0395,17212147.47809058
2023-03-01T00:00:00Z,GALAUSD,0.0396,0.0421,0.0393,0.0416,12307109.103227317
2023-03-02T00:00:00Z,GALAUSD,0.0417,0.0419,0.039,0.0399,12895704.90921104
2023-03-03T00:00:00Z,GALAUSD,0.0399,0.0399,0.035,0.0374,63343310.45829049
2023-03-04T00:00:00Z,GALAUSD,0.0375,0.038,0.034,0.035,14337631.188818889
2023-03-05T00:00:00Z,GALAUSD,0.0351,0.0377,0.035,0.0363,11102704.668653743
2023-03-06T00:00:00Z,GALAUSD,0.0364,0.0399,0.0359,0.0389,20665764.65744996
2023-03-07T00:00:00Z,GALAUSD,0.0389,0.04,0.0363,0.037,10781696.99160576
2023-03-08T00:00:00Z,GALAUSD,0.037,0.0373,0.033,0.0337,14118040.837773848
2023-03-09T00:00:00Z,GALAUSD,0.0337,0.0354,0.0309,0.0323,19141265.90871579
2023-03-10T00:00:00Z,GALAUSD,0.0324,0.0335,0.0302,0.033,15587793.828998217
2023-03-11T00:00:00Z,GALAUSD,0.033,0.0343,0.0303,0.0317,8390840.098304149
2023-03-12T00:00:00Z,GALAUSD,0.0315,0.0352,0.0306,0.0352,10144253.231560314
2023-03-13T00:00:00Z,GALAUSD,0.0353,0.0386,0.0343,0.038,25208901.738243103
2023-03-14T00:00:00Z,GALAUSD,0.038,0.0442,0.0369,0.043,47570859.811005175
2023-03-15T00:00:00Z,GALAUSD,0.0431,0.0453,0.0361,0.038,29262413.364742283
2023-03-16T00:00:00Z,GALAUSD,0.0381,0.0407,0.0373,0.04,19753408.420365978
2023-03-17T00:00:00Z,GALAUSD,0.0399,0.0443,0.0391,0.0442,15092013.33576836
2023-03-18T00:00:00Z,GALAUSD,0.0441,0.051,0.0432,0.046,34790051.16058375
2023-03-19T00:00:00Z,GALAUSD,0.0461,0.0495,0.046,0.0462,18806249.637096576
2023-03-20T00:00:00Z,GALAUSD,0.0466,0.048,0.0426,0.043,15006965.392285287
2023-03-21T00:00:00Z,GALAUSD,0.0431,0.0447,0.0405,0.0436,17799924.916171268
2023-03-22T00:00:00Z,GALAUSD,0.0434,0.0448,0.039,0.0406,59726354.25954311
2023-03-23T00:00:00Z,GALAUSD,0.0407,0.0435,0.0397,0.0426,13564812.285940476
2023-03-24T00:00:00Z,GALAUSD,0.0424,0.0424,0.0388,0.0397,5634762.706764728
2023-03-25T00:00:00Z,GALAUSD,0.0397,0.0401,0.0379,0.0382,3367751.3976762514
2023-03-26T00:00:00Z,GALAUSD,0.0381,0.0406,0.038,0.0399,7275290.437070093
2023-03-27T00:00:00Z,GALAUSD,0.0401,0.0402,0.036,0.0377,14861652.28445186
2023-03-28T00:00:00Z,GALAUSD,0.0376,0.0395,0.0372,0.0389,8016261.242811035
2023-03-29T00:00:00Z,GALAUSD,0.0391,0.0421,0.0388,0.0419,11644588.555257361
2023-03-30T00:00:00Z,GALAUSD,0.0419,0.0427,0.0398,0.0407,11284279.642041212
2023-03-31T00:00:00Z,GALAUSD,0.0409,0.0419,0.0395,0.0415,4461487.309635018
2023-04-01T00:00:00Z,GALAUSD,0.0414,0.0419,0.0404,0.0415,2695407.882983839
2023-04-02T00:00:00Z,GALAUSD,0.0415,0.042,0.0396,0.0406,4848115.649219385
2023-04-03T00:00:00Z,GALAUSD,0.0406,0.041,0.0385,0.04,8815668.851607943
2023-04-04T00:00:00Z,GALAUSD,0.0401,0.0408,0.0395,0.0405,6072171.125869787
2023-04-05T00:00:00Z,GALAUSD,0.0404,0.0419,0.0402,0.0415,5334111.801536412
2023-04-06T00:00:00Z,GALAUSD,0.0415,0.0415,0.0396,0.0403,4899406.964144622
2023-04-07T00:00:00Z,GALAUSD,0.0402,0.041,0.0394,0.0399,2011925.0560892401
2023-04-08T00:00:00Z,GALAUSD,0.0399,0.0404,0.0393,0.0396,1100008.9904959796
2023-04-09T00:00:00Z,GALAUSD,0.0399,0.0404,0.0391,0.04,1861031.7508231394
2023-04-10T00:00:00Z,GALAUSD,0.04,0.0417,0.0395,0.0415,3079664.6533567407
2023-04-11T00:00:00Z,GALAUSD,0.0415,0.0424,0.0413,0.0416,9081640.681348646
2023-04-12T00:00:00Z,GALAUSD,0.0419,0.0446,0.0398,0.0437,10007681.02047491
2023-04-13T00:00:00Z,GALAUSD,0.0437,0.0438,0.0425,0.043,2985982.3028904186
2023-04-14T00:00:00Z,GALAUSD,0.0432,0.0447,0.0417,0.0433,7783461.408473501
2023-04-15T00:00:00Z,GALAUSD,0.043,0.0434,0.0424,0.0429,1343842.94468943
2023-04-16T00:00:00Z,GALAUSD,0.0429,0.045,0.0419,0.0442,7613161.250127152
2023-04-17T00:00:00Z,GALAUSD,0.0443,0.0445,0.0422,0.0437,10854158.415698554
2023-04-18T00:00:00Z,GALAUSD,0.0444,0.0498,0.0439,0.0471,18889917.61677175
2023-04-19T00:00:00Z,GALAUSD,0.047,0.0488,0.0422,0.0434,15175303.014865283
2023-04-20T00:00:00Z,GALAUSD,0.0433,0.0459,0.0417,0.0423,11928947.002367035
2023-04-21T00:00:00Z,GALAUSD,0.0423,0.0427,0.0389,0.0395,43209415.12601951
2023-04-22T00:00:00Z,GALAUSD,0.0394,0.0412,0.0389,0.041,12112953.544084013
2023-04-23T00:00:00Z,GALAUSD,0.041,0.0417,0.0392,0.0402,18239098.896235205
2023-04-24T00:00:00Z,GALAUSD,0.0399,0.0408,0.0385,0.0396,5856763.341410701
2023-04-25T00:00:00Z,GALAUSD,0.0392,0.0399,0.0375,0.0397,8499383.596452147
2023-04-26T00:00:00Z,GALAUSD,0.0397,0.0416,0.0366,0.0384,44173987.20502349
2023-04-27T00:00:00Z,GALAUSD,0.0384,0.0399,0.0382,0.0394,6385782.624807332
2023-04-28T00:00:00Z,GALAUSD,0.0394,0.0395,0.0383,0.0389,6268675.560922192
2023-04-29T00:00:00Z,GALAUSD,0.039,0.0399,0.0388,0.0393,1703093.7968945103
2023-04-30T00:00:00Z,GALAUSD,0.0393,0.0395,0.038,0.0385,6598005.337689764
2023-05-01T00:00:00Z,GALAUSD,0.0382,0.0385,0.0366,0.0372,3565206.1739163585
2023-05-02T00:00:00Z,GALAUSD,0.0371,0.0378,0.0368,0.0376,4309356.555029341
2023-05-03T00:00:00Z,GALAUSD,0.0375,0.0381,0.0355,0.037,31161258.704282213
2023-05-04T00:00:00Z,GALAUSD,0.0371,0.0371,0.0339,0.0349,26812289.05828474
2023-05-05T00:00:00Z,GALAUSD,0.0348,0.0354,0.0334,0.0344,66498635.47504724
2023-05-06T00:00:00Z,GALAUSD,0.0344,0.0347,0.0312,0.0323,60515259.479198
2023-05-07T00:00:00Z,GALAUSD,0.0321,0.0327,0.0316,0.0319,16020420.540841166
2023-05-08T00:00:00Z,GALAUSD,0.0317,0.0323,0.027,0.0284,33834918.29632005
2023-05-09T00:00:00Z,GALAUSD,0.0285,0.0288,0.0278,0.0285,14628256.293977818
2023-05-10T00:00:00Z,GALAUSD,0.0284,0.0327,0.0279,0.0314,33058280.73746646
2023-05-11T00:00:00Z,GALAUSD,0.0313,0.0313,0.0278,0.0286,49380065.59528253
2023-05-12T00:00:00Z,GALAUSD,0.0283,0.0302,0.0276,0.0301,10166397.299016593
2023-05-13T00:00:00Z,GALAUSD,0.0301,0.0301,0.0291,0.0295,14153404.298313042
2023-05-14T00:00:00Z,GALAUSD,0.0295,0.0318,0.0289,0.0305,38798615.36867133
2023-05-15T00:00:00Z,GALAUSD,0.0306,0.0338,0.025,0.0305,59526501.466561906
2023-05-16T00:00:00Z,GALAUSD,0.0306,0.0329,0.0292,0.0324,51776799.20789974
2023-05-17T00:00:00Z,GALAUSD,0.0324,0.0352,0.0311,0.0326,113797716.56547056
2023-05-18T00:00:00Z,GALAUSD,0.0326,0.0343,0.0307,0.032,83245330.60601169
2023-05-19T00:00:00Z,GALAUSD,0.0321,0.0322,0.0308,0.031,17062237.09215681
2023-05-20T00:00:00Z,GALAUSD,0.0311,0.0313,0.0305,0.0308,2610984.933577489
2023-05-21T00:00:00Z,GALAUSD,0.0308,0.031,0.0289,0.0295,4140041.2776515097
2023-05-22T00:00:00Z,GALAUSD,0.0294,0.0302,0.0288,0.03,3539894.40757372
2023-05-23T00:00:00Z,GALAUSD,0.03,0.0313,0.0297,0.0307,21029587.736465715
2023-05-24T00:00:00Z,GALAUSD,0.0306,0.0307,0.0284,0.0297,55353662.51282133
2023-05-25T00:00:00Z,GALAUSD,0.0297,0.0305,0.0288,0.0299,3974977.094412669
2023-05-26T00:00:00Z,GALAUSD,0.0298,0.0305,0.0294,0.0302,31581472.599501263
2023-05-27T00:00:00Z,GALAUSD,0.0302,0.0309,0.0298,0.0303,23345182.188774876
2023-05-28T00:00:00Z,GALAUSD,0.0303,0.0318,0.03,0.0314,15441151.769653054
2023-05-29T00:00:00Z,GALAUSD,0.0313,0.0316,0.0299,0.0302,15408487.432280377
2023-05-30T00:00:00Z,GALAUSD,0.0302,0.0305,0.0294,0.0301,26135560.61935438
2023-05-31T00:00:00Z,GALAUSD,0.03,0.0303,0.0288,0.0295,5130164.982751941
2023-06-01T00:00:00Z,GALAUSD,0.0294,0.0302,0.0289,0.0298,14809007.526850767
2023-06-02T00:00:00Z,GALAUSD,0.0299,0.0305,0.0295,0.0302,23655541.145431533
2023-06-03T00:00:00Z,GALAUSD,0.0302,0.0309,0.03,0.0301,26011554.867315017
2023-06-04T00:00:00Z,GALAUSD,0.0301,0.0303,0.0292,0.0296,26270210.178598143
2023-06-05T00:00:00Z,GALAUSD,0.0296,0.0296,0.0257,0.0264,71126166.27851309
2023-06-06T00:00:00Z,GALAUSD,0.0264,0.0281,0.0262,0.0277,10213877.02453783
2023-06-07T00:00:00Z,GALAUSD,0.0276,0.0276,0.0256,0.0258,16971919.680739816
2023-06-08T00:00:00Z,GALAUSD,0.0258,0.0263,0.0257,0.0261,3994664.178112388
2023-06-09T00:00:00Z,GALAUSD,0.026,0.0262,0.0253,0.0256,6881228.087170036
2023-06-10T00:00:00Z,GALAUSD,0.0256,0.0256,0.0182,0.0212,64887654.84945104
2023-06-11T00:00:00Z,GALAUSD,0.0212,0.022,0.0208,0.0216,18447918.3353469
2023-06-12T00:00:00Z,GALAUSD,0.0216,0.0219,0.021,0.0218,10602542.741392186
2023-06-13T00:00:00Z,GALAUSD,0.0218,0.0229,0.0215,0.0221,15762970.004599916
2023-06-14T00:00:00Z,GALAUSD,0.0221,0.0227,0.0207,0.0213,16040463.407309206
2023-06-15T00:00:00Z,GALAUSD,0.0212,0.0226,0.0212,0.0221,10238147.970365087
2023-06-16T00:00:00Z,GALAUSD,0.0221,0.0225,0.0213,0.0223,11269058.784746042
2023-06-17T00:00:00Z,GALAUSD,0.0222,0.0241,0.0221,0.0233,4858843.332860122
2023-06-18T00:00:00Z,GALAUSD,0.0233,0.0246,0.0228,0.023,87786655.42518516
2023-06-19T00:00:00Z,GALAUSD,0.023,0.0235,0.0226,0.0233,13436609.623600088
2023-06-20T00:00:00Z,GALAUSD,0.0232,0.0243,0.0228,0.0243,4422929.995979827
2023-06-21T00:00:00Z,GALAUSD,0.0242,0.0257,0.0241,0.0256,7136213.068437609
2023-06-22T00:00:00Z,GALAUSD,0.0256,0.0274,0.0248,0.025,9952871.649933627
2023-06-23T00:00:00Z,GALAUSD,0.0248,0.0269,0.0247,0.0262,25454897.732582264
2023-06-24T00:00:00Z,GALAUSD,0.0261,0.0271,0.0246,0.0266,25946040.17861874
2023-06-25T00:00:00Z,GALAUSD,0.0266,0.0282,0.0265,0.0268,18434412.193577852
2023-06-26T00:00:00Z,GALAUSD,0.0268,0.0268,0.0252,0.0256,37437361.50913309
2023-06-27T00:00:00Z,GALAUSD,0.0256,0.0263,0.025,0.0257,103998269.96618427
2023-06-28T00:00:00Z,GALAUSD,0.0256,0.0256,0.0229,0.0234,12074352.234223029
2023-06-29T00:00:00Z,GALAUSD,0.0234,0.0246,0.0232,0.0242,21757273.07862116
2023-06-30T00:00:00Z,GALAUSD,0.0241,0.0258,0.0224,0.0247,83223985.0817637
2023-07-01T00:00:00Z,GALAUSD,0.0246,0.0255,0.0239,0.0255,48082439.37549632
2023-07-02T00:00:00Z,GALAUSD,0.0255,0.0259,0.0243,0.0251,17459861.488901313
2023-07-03T00:00:00Z,GALAUSD,0.0252,0.0263,0.025,0.0258,25288280.7622477
2023-07-04T00:00:00Z,GALAUSD,0.0259,0.0261,0.0248,0.0252,8307808.30535045
2023-07-05T00:00:00Z,GALAUSD,0.0253,0.0257,0.0237,0.0243,28480967.126597997
2023-07-06T00:00:00Z,GALAUSD,0.0242,0.025,0.0233,0.0235,6295167.791007931
2023-07-07T00:00:00Z,GALAUSD,0.0233,0.0242,0.0231,0.0242,5826476.552473246
2023-07-08T00:00:00Z,GALAUSD,0.0241,0.0246,0.0237,0.0241,4956609.050809934
2023-07-09T00:00:00Z,GALAUSD,0.0241,0.0246,0.0239,0.024,1379956.7056341397
2023-07-10T00:00:00Z,GALAUSD,0.0241,0.0246,0.0234,0.0244,2401769.5727386717
2023-07-11T00:00:00Z,GALAUSD,0.0244,0.0254,0.0243,0.0247,3424065.37491549
2023-07-12T00:00:00Z,GALAUSD,0.0247,0.0249,0.0238,0.0242,40327746.60543948
2023-07-13T00:00:00Z,GALAUSD,0.024,0.0262,0.0237,0.0262,31954760.36376713
2023-07-14T00:00:00Z,GALAUSD,0.0263,0.027,0.0242,0.0253,15650326.141296757
2023-07-15T00:00:00Z,GALAUSD,0.0253,0.026,0.0239,0.0257,33551464.328979056
2023-07-16T00:00:00Z,GALAUSD,0.0259,0.0263,0.0238,0.0249,23173410.656780347
2023-07-17T00:00:00Z,GALAUSD,0.0248,0.028,0.0248,0.028,42614691.42835303
2023-07-18T00:00:00Z,GALAUSD,0.0279,0.0289,0.0258,0.0263,36488660.78368193
2023-07-19T00:00:00Z,GALAUSD,0.0262,0.0271,0.0255,0.0258,58978736.83554246
2023-07-20T00:00:00Z,GALAUSD,0.0257,0.0269,0.0255,0.0264,49220390.19266575
2023-07-21T00:00:00Z,GALAUSD,0.0265,0.0278,0.0263,0.0267,55627969.184122615
2023-07-22T00:00:00Z,GALAUSD,0.0267,0.0272,0.0258,0.0261,7637843.842448145
2023-07-23T00:00:00Z,GALAUSD,0.0262,0.0269,0.026,0.0265,15448858.69869881
2023-07-24T00:00:00Z,GALAUSD,0.0265,0.0267,0.0242,0.0246,13446960.384189207
2023-07-25T00:00:00Z,GALAUSD,0.0246,0.0247,0.0239,0.0241,3000258.5022063004
2023-07-26T00:00:00Z,GALAUSD,0.0241,0.0241,0.023,0.0233,47975227.37215373
2023-07-27T00:00:00Z,GALAUSD,0.0234,0.0239,0.0232,0.0237,10654174.819236763
2023-07-28T00:00:00Z,GALAUSD,0.0236,0.0238,0.0233,0.0237,11164751.466305802
2023-07-29T00:00:00Z,GALAUSD,0.0236,0.0239,0.0234,0.0235,5469542.98170237
2023-07-30T00:00:00Z,GALAUSD,0.0235,0.0237,0.0224,0.0232,7761771.644481569
2023-07-31T00:00:00Z,GALAUSD,0.0231,0.0234,0.0227,0.023,4179840.257448261
2023-08-01T00:00:00Z,GALAUSD,0.0229,0.0236,0.022,0.0235,31039416.884874336
2023-08-02T00:00:00Z,GALAUSD,0.0235,0.0241,0.0229,0.0233,29306895.189619794
2023-08-03T00:00:00Z,GALAUSD,0.0232,0.0237,0.0227,0.0227,34145078.77569272
2023-08-04T00:00:00Z,GALAUSD,0.0227,0.023,0.0221,0.0222,19218303.369331107
2023-08-05T00:00:00Z,GALAUSD,0.0222,0.0246,0.022,0.0244,30637944.665892743
2023-08-06T00:00:00Z,GALAUSD,0.0244,0.026,0.0234,0.0235,28766165.756514356
2023-08-07T00:00:00Z,GALAUSD,0.0235,0.024,0.0225,0.0231,29454771.199427966
2023-08-08T00:00:00Z,GALAUSD,0.0231,0.0238,0.023,0.0235,17168184.71417353
2023-08-09T00:00:00Z,GALAUSD,0.0235,0.0238,0.0231,0.0233,9931892.621716661
2023-08-10T00:00:00Z,GALAUSD,0.0233,0.0234,0.0226,0.0228,7870229.748447866
2023-08-11T00:00:00Z,GALAUSD,0.0227,0.0229,0.0226,0.0229,12057874.189560512
2023-08-12T00:00:00Z,GALAUSD,0.0228,0.0232,0.0228,0.0231,6456017.938764201
2023-08-13T00:00:00Z,GALAUSD,0.023,0.0232,0.0229,0.0229,3226632.0111405714
2023-08-14T00:00:00Z,GALAUSD,0.0228,0.0234,0.0227,0.0231,3453510.4324176903
2023-08-15T00:00:00Z,GALAUSD,0.0231,0.0231,0.0204,0.0216,20142697.928055115
2023-08-16T00:00:00Z,GALAUSD,0.0216,0.0221,0.02,0.0207,25540574.54116539
2023-08-17T00:00:00Z,GALAUSD,0.0206,0.0209,0.0179,0.0193,30715203.823064964
2023-08-18T00:00:00Z,GALAUSD,0.0192,0.0197,0.019,0.0197,16486310.605348574
2023-08-19T00:00:00Z,GALAUSD,0.0197,0.0204,0.0195,0.0201,8624430.266184336
2023-08-20T00:00:00Z,GALAUSD,0.0201,0.0205,0.0198,0.0201,18715916.661045637
2023-08-21T00:00:00Z,GALAUSD,0.0201,0.0202,0.0189,0.0194,43036196.41410514
2023-08-22T00:00:00Z,GALAUSD,0.0194,0.0196,0.0185,0.0193,16391966.166161973
2023-08-23T00:00:00Z,GALAUSD,0.0194,0.0201,0.0192,0.0199,25750080.981863566
2023-08-24T00:00:00Z,GALAUSD,0.02,0.0202,0.0194,0.0195,9328561.668652814
2023-08-25T00:00:00Z,GALAUSD,0.0196,0.0196,0.0189,0.0194,9771913.383699492
2023-08-26T00:00:00Z,GALAUSD,0.0194,0.0195,0.019,0.0191,2838186.03252786
2023-08-27T00:00:00Z,GALAUSD,0.0191,0.0194,0.019,0.0192,2685557.4114533407
2023-08-28T00:00:00Z,GALAUSD,0.0192,0.0195,0.0188,0.0195,8324300.684163659
2023-08-29T00:00:00Z,GALAUSD,0.0195,0.0207,0.019,0.0205,37094295.66462471
2023-08-30T00:00:00Z,GALAUSD,0.0205,0.0208,0.0198,0.02,40042561.395443834
2023-08-31T00:00:00Z,GALAUSD,0.0199,0.02,0.0186,0.0189,9474490.708640499
2023-09-01T00:00:00Z,GALAUSD,0.0188,0.0189,0.0182,0.0186,10116224.366061706
2023-09-02T00:00:00Z,GALAUSD,0.0185,0.0189,0.0183,0.0186,5573359.353520409
2023-09-03T00:00:00Z,GALAUSD,0.0185,0.0186,0.016,0.0166,60979554.675919615
2023-09-04T00:00:00Z,GALAUSD,0.0167,0.0169,0.0156,0.0159,37927122.8938968
2023-09-05T00:00:00Z,GALAUSD,0.0159,0.0166,0.0154,0.0164,24078130.893726982
2023-09-06T00:00:00Z,GALAUSD,0.0165,0.0165,0.0156,0.0161,14666990.170363612
2023-09-07T00:00:00Z,GALAUSD,0.0161,0.0162,0.0158,0.0161,9750538.242924657
2023-09-08T00:00:00Z,GALAUSD,0.0161,0.0162,0.0156,0.016,5168980.196448311
2023-09-09T00:00:00Z,GALAUSD,0.016,0.0163,0.0158,0.016,9403121.570324827
2023-09-10T00:00:00Z,GALAUSD,0.016,0.016,0.0143,0.0147,31144185.317042597
2023-09-11T00:00:00Z,GALAUSD,0.0147,0.0149,0.0136,0.0141,18993182.50491875
2023-09-12T00:00:00Z,GALAUSD,0.014,0.0147,0.0138,0.0138,29465685.12963946
2023-09-13T00:00:00Z,GALAUSD,0.0139,0.0147,0.0137,0.0141,20951165.339305736
2023-09-14T00:00:00Z,GALAUSD,0.0141,0.0147,0.0141,0.0144,25034506.70304588
2023-09-15T00:00:00Z,GALAUSD,0.0144,0.0148,0.0142,0.0147,9480388.736425586
2023-09-16T00:00:00Z,GALAUSD,0.0148,0.015,0.0145,0.0149,7428575.70210975
2023-09-17T00:00:00Z,GALAUSD,0.0148,0.0148,0.0138,0.0142,18868164.911144964
2023-09-18T00:00:00Z,GALAUSD,0.0142,0.0148,0.014,0.0143,8243588.9269499425
2023-09-19T00:00:00Z,GALAUSD,0.0143,0.0146,0.0142,0.0143,6612436.384554085
2023-09-20T00:00:00Z,GALAUSD,0.0143,0.0144,0.0136,0.0139,12123509.144392971
2023-09-21T00:00:00Z,GALAUSD,0.014,0.0141,0.0129,0.0132,7368375.868601644
2023-09-22T00:00:00Z,GALAUSD,0.0131,0.0137,0.013,0.0135,10955414.718319518
2023-09-23T00:00:00Z,GALAUSD,0.0134,0.0137,0.0132,0.0135,2791391.137086299
2023-09-24T00:00:00Z,GALAUSD,0.0134,0.0135,0.0132,0.0133,1095135.2214190604
2023-09-25T00:00:00Z,GALAUSD,0.0133,0.0136,0.0131,0.0135,5270746.780943427
2023-09-26T00:00:00Z,GALAUSD,0.0136,0.0137,0.0131,0.0134,4207111.4335938925
2023-09-27T00:00:00Z,GALAUSD,0.0134,0.0136,0.0131,0.0133,27178487.140228797
2023-09-28T00:00:00Z,GALAUSD,0.0133,0.0137,0.0132,0.0134,16427413.341875631
2023-09-29T00:00:00Z,GALAUSD,0.0135,0.0149,0.0134,0.0144,19366256.48031321
2023-09-30T00:00:00Z,GALAUSD,0.0144,0.0147,0.0141,0.0143,17687878.03300473
2023-10-01T00:00:00Z,GALAUSD,0.0143,0.0153,0.0142,0.015,15978002.148685656
2023-10-02T00:00:00Z,GALAUSD,0.0151,0.0157,0.0144,0.0148,23543105.954563595
2023-10-03T00:00:00Z,GALAUSD,0.0148,0.0163,0.0147,0.0154,51106523.31985603
2023-10-04T00:00:00Z,GALAUSD,0.0154,0.0162,0.0146,0.0157,66741893.912666455
2023-10-05T00:00:00Z,GALAUSD,0.0157,0.0158,0.0142,0.0145,24382157.271457322
2023-10-06T00:00:00Z,GALAUSD,0.0145,0.0148,0.0143,0.0146,31962092.880742077
2023-10-07T00:00:00Z,GALAUSD,0.0146,0.015,0.0145,0.0147,3046423.9980742894
2023-10-08T00:00:00Z,GALAUSD,0.0147,0.0147,0.0141,0.0144,13860562.0176809
2023-10-09T00:00:00Z,GALAUSD,0.0144,0.0145,0.0132,0.0134,19562270.65124305
2023-10-10T00:00:00Z,GALAUSD,0.0133,0.0136,0.0132,0.0134,12067666.459696505
2023-10-11T00:00:00Z,GALAUSD,0.0134,0.0135,0.0127,0.0132,14324713.90552822
2023-10-12T00:00:00Z,GALAUSD,0.0132,0.0137,0.0131,0.0135,11335594.819302896
2023-10-13T00:00:00Z,GALAUSD,0.0136,0.0138,0.0134,0.0137,12786747.91616775
2023-10-14T00:00:00Z,GALAUSD,0.0137,0.0138,0.0135,0.0136,4928314.442141311
2023-10-15T00:00:00Z,GALAUSD,0.0136,0.0139,0.0134,0.0137,10846239.14009767
2023-10-16T00:00:00Z,GALAUSD,0.0137,0.0143,0.0135,0.0139,25303187.745271314
2023-10-17T00:00:00Z,GALAUSD,0.0139,0.0139,0.013,0.0133,8491957.067773469
2023-10-18T00:00:00Z,GALAUSD,0.0133,0.0133,0.0128,0.013,3962809.3869202305
2023-10-19T00:00:00Z,GALAUSD,0.0129,0.0129,0.0126,0.0126,9289458.565733513
2023-10-20T00:00:00Z,GALAUSD,0.0127,0.015,0.0126,0.0129,52565603.30231937
2023-10-21T00:00:00Z,GALAUSD,0.0129,0.0136,0.0129,0.0135,11134654.642643092
2023-10-22T00:00:00Z,GALAUSD,0.0136,0.0143,0.0134,0.0143,18189284.515886545
2023-10-23T00:00:00Z,GALAUSD,0.0143,0.0148,0.0138,0.0147,77145142.91205077
2023-10-24T00:00:00Z,GALAUSD,0.0148,0.0158,0.0144,0.0151,26261341.433151193
2023-10-25T00:00:00Z,GALAUSD,0.015,0.017,0.0149,0.016,36651207.37383406
2023-10-26T00:00:00Z,GALAUSD,0.016,0.0205,0.016,0.0186,74548664.59347914
2023-10-27T00:00:00Z,GALAUSD,0.0186,0.0186,0.0169,0.0175,26970022.1514749
2023-10-28T00:00:00Z,GALAUSD,0.0176,0.0186,0.0176,0.0181,27506546.031199183
2023-10-29T00:00:00Z,GALAUSD,0.0181,0.022,0.0177,0.0209,29877703.81929862
2023-10-30T00:00:00Z,GALAUSD,0.0209,0.0215,0.015,0.0199,69532131.80782863
2023-10-31T00:00:00Z,GALAUSD,0.0199,0.0221,0.0183,0.0191,59653835.17986886
2023-11-01T00:00:00Z,GALAUSD,0.0191,0.0237,0.0181,0.0196,88248447.37258694
2023-11-02T00:00:00Z,GALAUSD,0.0198,0.0204,0.0178,0.0183,53510316.69084637
2023-11-03T00:00:00Z,GALAUSD,0.0182,0.0187,0.0175,0.0187,32774101.675050158
2023-11-04T00:00:00Z,GALAUSD,0.0187,0.0199,0.0181,0.0197,43504696.84331215
2023-11-05T00:00:00Z,GALAUSD,0.0197,0.0208,0.0192,0.0205,26518224.35677715
2023-11-06T00:00:00Z,GALAUSD,0.0204,0.0224,0.0199,0.0212,55566228.75063697
2023-11-07T00:00:00Z,GALAUSD,0.0212,0.0213,0.0195,0.021,73462622.40456796
2023-11-08T00:00:00Z,GALAUSD,0.0209,0.023,0.0207,0.0228,38059868.40583963
2023-11-09T00:00:00Z,GALAUSD,0.0226,0.0261,0.0195,0.0239,91512825.88299766
2023-11-10T00:00:00Z,GALAUSD,0.0239,0.0254,0.0228,0.0253,105308168.99192035
2023-11-11T00:00:00Z,GALAUSD,0.0254,0.0257,0.0231,0.0246,51560678.45515129
2023-11-12T00:00:00Z,GALAUSD,0.0246,0.0251,0.0232,0.0243,34458220.23308752
2023-11-13T00:00:00Z,GALAUSD,0.0243,0.0252,0.0221,0.0221,29768690.248400237
2023-11-14T00:00:00Z,GALAUSD,0.0221,0.0234,0.0208,0.0231,26420153.63279363
2023-11-15T00:00:00Z,GALAUSD,0.023,0.0253,0.0227,0.0242,64247295.4290964
2023-11-16T00:00:00Z,GALAUSD,0.0242,0.0255,0.0227,0.0235,69778134.83543906
2023-11-17T00:00:00Z,GALAUSD,0.0235,0.0269,0.0232,0.026,47373795.74491052
2023-11-18T00:00:00Z,GALAUSD,0.0261,0.0262,0.0232,0.0235,39142922.68148831
2023-11-19T00:00:00Z,GALAUSD,0.0234,0.0248,0.0226,0.0245,40627763.291745
2023-11-20T00:00:00Z,GALAUSD,0.0246,0.0267,0.0245,0.0256,62559117.14235467
2023-11-21T00:00:00Z,GALAUSD,0.0257,0.0272,0.0226,0.0227,46844409.1283122
2023-11-22T00:00:00Z,GALAUSD,0.0226,0.0254,0.0226,0.0254,51956787.810940385
2023-11-23T00:00:00Z,GALAUSD,0.0254,0.0257,0.0239,0.0242,46948436.172383554
2023-11-24T00:00:00Z,GALAUSD,0.024,0.0252,0.0239,0.0245,23821109.345932506
2023-11-25T00:00:00Z,GALAUSD,0.0244,0.0271,0.0243,0.0264,24405300.711968932
2023-11-26T00:00:00Z,GALAUSD,0.0264,0.0276,0.0252,0.0273,32490142.815384176
2023-11-27T00:00:00Z,GALAUSD,0.0272,0.0279,0.0261,0.0273,44688470.4617988
2023-11-28T00:00:00Z,GALAUSD,0.0274,0.0274,0.0252,0.0264,51741130.16974827
2023-11-29T00:00:00Z,GALAUSD,0.0264,0.0268,0.0248,0.0251,22243896.948406953
2023-11-30T00:00:00Z,GALAUSD,0.0251,0.027,0.0246,0.0252,16201203.680160346
2023-12-01T00:00:00Z,GALAUSD,0.0253,0.0327,0.025,0.026,56617453.55312473
2023-12-02T00:00:00Z,GALAUSD,0.0261,0.0269,0.0251,0.0265,20694340.14444694
2023-12-03T00:00:00Z,GALAUSD,0.0264,0.0272,0.0261,0.0267,22803321.839085747
2023-12-04T00:00:00Z,GALAUSD,0.0266,0.0296,0.0262,0.0294,53778422.02763183
2023-12-05T00:00:00Z,GALAUSD,0.0293,0.038,0.0291,0.0304,147891994.9713051
2023-12-06T00:00:00Z,GALAUSD,0.0304,0.0308,0.0284,0.0289,42069509.823625594
2023-12-07T00:00:00Z,GALAUSD,0.0289,0.0324,0.0285,0.0315,56182209.53068648
2023-12-08T00:00:00Z,GALAUSD,0.0316,0.0336,0.0306,0.0331,54236697.95661709
2023-12-09T00:00:00Z,GALAUSD,0.0332,0.037,0.0319,0.0325,39511179.74463416
2023-12-10T00:00:00Z,GALAUSD,0.0324,0.0347,0.0315,0.0346,94317278.1621196
2023-12-11T00:00:00Z,GALAUSD,0.0344,0.0346,0.0287,0.0307,96522154.18290336
2023-12-12T00:00:00Z,GALAUSD,0.0307,0.0324,0.0298,0.0307,61727685.229989015
2023-12-13T00:00:00Z,GALAUSD,0.0306,0.032,0.0288,0.0316,32835900.359227836
2023-12-14T00:00:00Z,GALAUSD,0.0316,0.0326,0.0304,0.0321,52733823.03201694
2023-12-15T00:00:00Z,GALAUSD,0.0321,0.0321,0.0295,0.0295,27971400.040923867
2023-12-16T00:00:00Z,GALAUSD,0.0297,0.0315,0.0293,0.0305,17443099.7692406
2023-12-17T00:00:00Z,GALAUSD,0.0306,0.0312,0.0295,0.0296,14344050.180532178
2023-12-18T00:00:00Z,GALAUSD,0.0297,0.0299,0.027,0.0293,48754713.504191056
2023-12-19T00:00:00Z,GALAUSD,0.0292,0.0298,0.0282,0.0285,29145503.305637125
2023-12-20T00:00:00Z,GALAUSD,0.0285,0.0314,0.0281,0.0304,52919373.83256806
2023-12-21T00:00:00Z,GALAUSD,0.0304,0.0317,0.0301,0.0315,33355495.139161523
2023-12-22T00:00:00Z,GALAUSD,0.0315,0.0329,0.0311,0.0322,20455707.954645425
2023-12-23T00:00:00Z,GALAUSD,0.0321,0.0324,0.0308,0.0316,11150692.92259907
2023-12-24T00:00:00Z,GALAUSD,0.0315,0.0323,0.0303,0.031,24719001.472871162
2023-12-25T00:00:00Z,GALAUSD,0.031,0.0367,0.0303,0.0357,67718177.9048517
2023-12-26T00:00:00Z,GALAUSD,0.0358,0.0364,0.0306,0.0331,72398433.87225603
2023-12-27T00:00:00Z,GALAUSD,0.0332,0.0343,0.032,0.0335,64102063.17021553
2023-12-28T00:00:00Z,GALAUSD,0.0335,0.0343,0.0308,0.0314,54700230.71895527
2023-12-29T00:00:00Z,GALAUSD,0.0314,0.0323,0.0299,0.0309,47915773.412294336
2023-12-30T00:00:00Z,GALAUSD,0.0308,0.0312,0.0299,0.0308,14610489.293796059
2023-12-31T00:00:00Z,GALAUSD,0.0307,0.0315,0.0294,0.0304,33592553.20159385
2024-01-01T00:00:00Z,GALAUSD,0.0305,0.0322,0.03,0.0321,50450771.85100592
2024-01-02T00:00:00Z,GALAUSD,0.0321,0.0329,0.0305,0.031,21529702.300876696
2024-01-03T00:00:00Z,GALAUSD,0.031,0.0317,0.0238,0.0268,74199256.76225398
2024-01-04T00:00:00Z,GALAUSD,0.0269,0.0284,0.0264,0.028,37849551.31233368
2024-01-05T00:00:00Z,GALAUSD,0.0281,0.0284,0.0254,0.0268,38039697.64100655
2024-01-06T00:00:00Z,GALAUSD,0.0267,0.0267,0.0244,0.0262,27242975.306256887
2024-01-07T00:00:00Z,GALAUSD,0.0262,0.031,0.0244,0.0247,66116571.2721142
2024-01-08T00:00:00Z,GALAUSD,0.0247,0.0267,0.0224,0.0266,34937373.49663757
2024-01-09T00:00:00Z,GALAUSD,0.0265,0.0266,0.0237,0.0247,34866697.530974075
2024-01-10T00:00:00Z,GALAUSD,0.0246,0.0281,0.0242,0.0273,84997244.25500341
2024-01-11T00:00:00Z,GALAUSD,0.0274,0.0292,0.0266,0.028,54678374.418774106
2024-01-12T00:00:00Z,GALAUSD,0.0281,0.0284,0.025,0.026,56467503.718310565
2024-01-13T00:00:00Z,GALAUSD,0.026,0.0271,0.0251,0.0267,16406244.33690231
2024-01-14T00:00:00Z,GALAUSD,0.0268,0.0273,0.0252,0.0253,30650848.313274182
2024-01-15T00:00:00Z,GALAUSD,0.0253,0.0263,0.0251,0.0252,20786309.440603625
2024-01-16T00:00:00Z,GALAUSD,0.0251,0.0262,0.0249,0.0259,52055531.78445979
2024-01-17T00:00:00Z,GALAUSD,0.0259,0.0263,0.025,0.0255,55311231.851339504
2024-01-18T00:00:00Z,GALAUSD,0.0256,0.0257,0.0233,0.0238,21287780.57842012
2024-01-19T00:00:00Z,GALAUSD,0.0238,0.0239,0.0221,0.0238,29205229.661796115
2024-01-20T00:00:00Z,GALAUSD,0.0238,0.0239,0.0233,0.0237,3984755.998271283
2024-01-21T00:00:00Z,GALAUSD,0.0238,0.025,0.0235,0.024,23924919.078204527
2024-01-22T00:00:00Z,GALAUSD,0.0242,0.0242,0.0218,0.0223,33936803.3885629
2024-01-23T00:00:00Z,GALAUSD,0.0223,0.0227,0.0205,0.0219,17954103.072555933
2024-01-24T00:00:00Z,GALAUSD,0.0219,0.0229,0.0217,0.0225,20307158.069799826
2024-01-25T00:00:00Z,GALAUSD,0.0225,0.0225,0.0217,0.0221,19640881.948802557
2024-01-26T00:00:00Z,GALAUSD,0.0221,0.0234,0.0218,0.0231,35692112.742641844
2024-01-27T00:00:00Z,GALAUSD,0.0231,0.0234,0.0224,0.0233,29388816.544316072
2024-01-28T00:00:00Z,GALAUSD,0.0233,0.0239,0.0225,0.0227,37606730.495022185
2024-01-29T00:00:00Z,GALAUSD,0.0227,0.0238,0.0225,0.0235,73245797.68913057
2024-01-30T00:00:00Z,GALAUSD,0.0235,0.0236,0.0226,0.0227,30631305.24677385
2024-01-31T00:00:00Z,GALAUSD,0.0228,0.0228,0.0214,0.0218,42016592.27999099
2024-02-01T00:00:00Z,GALAUSD,0.0218,0.0219,0.0212,0.0217,20309920.812667735
2024-02-02T00:00:00Z,GALAUSD,0.0218,0.0222,0.0216,0.0219,20025456.486469608
2024-02-03T00:00:00Z,GALAUSD,0.022,0.0221,0.0215,0.0217,19239641.763950154
2024-02-04T00:00:00Z,GALAUSD,0.0217,0.0218,0.0209,0.0212,45093466.24018625
2024-02-05T00:00:00Z,GALAUSD,0.0212,0.022,0.0206,0.0219,31686651.38446396
2024-02-06T00:00:00Z,GALAUSD,0.0218,0.0222,0.0214,0.0218,36353445.54575562
2024-02-07T00:00:00Z,GALAUSD,0.0218,0.0231,0.0215,0.0229,30868524.89916428
2024-02-08T00:00:00Z,GALAUSD,0.023,0.0232,0.0225,0.0225,41608350.96891026
2024-02-09T00:00:00Z,GALAUSD,0.0226,0.0244,0.0225,0.0241,53556512.758885376
2024-02-10T00:00:00Z,GALAUSD,0.0242,0.0245,0.0236,0.024,15946802.351392802
2024-02-11T00:00:00Z,GALAUSD,0.024,0.0247,0.0237,0.0237,15868486.420050116
2024-02-12T00:00:00Z,GALAUSD,0.0239,0.0247,0.0231,0.0247,30865596.323541373
2024-02-13T00:00:00Z,GALAUSD,0.0247,0.0253,0.0237,0.025,16838498.67149611
2024-02-14T00:00:00Z,GALAUSD,0.025,0.0261,0.0246,0.0259,15699819.797316005
2024-02-15T00:00:00Z,GALAUSD,0.0259,0.028,0.0258,0.0271,34793355.28779779
2024-02-16T00:00:00Z,GALAUSD,0.0272,0.0276,0.0261,0.0266,33565014.13187476
2024-02-17T00:00:00Z,GALAUSD,0.0266,0.0272,0.0254,0.0265,33862333.64535996
2024-02-18T00:00:00Z,GALAUSD,0.0265,0.0279,0.0264,0.0276,49906571.063211754
2024-02-19T00:00:00Z,GALAUSD,0.0276,0.0286,0.0274,0.0284,30508866.316219807
2024-02-20T00:00:00Z,GALAUSD,0.0284,0.0287,0.0262,0.0279,78257306.01741086
2024-02-21T00:00:00Z,GALAUSD,0.028,0.0288,0.0261,0.0274,58496664.70345083
2024-02-22T00:00:00Z,GALAUSD,0.0273,0.0295,0.0263,0.0285,39998912.971470356
2024-02-23T00:00:00Z,GALAUSD,0.0286,0.0301,0.0275,0.0293,51000464.68262114
2024-02-24T00:00:00Z,GALAUSD,0.0293,0.0307,0.0284,0.0298,25197099.61732303
2024-02-25T00:00:00Z,GALAUSD,0.0298,0.0305,0.0293,0.0305,25150380.42706844
2024-02-26T00:00:00Z,GALAUSD,0.0305,0.0345,0.03,0.0337,83778116.59468102
2024-02-27T00:00:00Z,GALAUSD,0.0337,0.0431,0.0326,0.0411,107898806.63270542
2024-02-28T00:00:00Z,GALAUSD,0.0412,0.0413,0.0337,0.0378,198355496.88666576
2024-02-29T00:00:00Z,GALAUSD,0.0376,0.0407,0.0371,0.0397,86704785.40652114
2024-03-01T00:00:00Z,GALAUSD,0.0398,0.0421,0.0389,0.0418,42975261.07921038
2024-03-02T00:00:00Z,GALAUSD,0.0417,0.0491,0.0401,0.0464,49420742.201109275
2024-03-03T00:00:00Z,GALAUSD,0.0465,0.0482,0.0397,0.0449,36702761.867688626
2024-03-04T00:00:00Z,GALAUSD,0.0451,0.0495,0.0443,0.0454,40109527.29224226
2024-03-05T00:00:00Z,GALAUSD,0.0456,0.0492,0.0333,0.0399,110478025.68936889
2024-03-06T00:00:00Z,GALAUSD,0.04,0.0432,0.0383,0.0427,44956982.64751556
2024-03-07T00:00:00Z,GALAUSD,0.0428,0.045,0.0421,0.0441,41215052.53788288
2024-03-08T00:00:00Z,GALAUSD,0.0443,0.0452,0.0404,0.0439,54884183.99862141
2024-03-09T00:00:00Z,GALAUSD,0.0439,0.0588,0.0435,0.0564,92854278.36721523
2024-03-10T00:00:00Z,GALAUSD,0.0564,0.0869,0.0546,0.0827,175228863.85609645
2024-03-11T00:00:00Z,GALAUSD,0.0828,0.0828,0.071,0.0738,96960633.63064162
2024-03-12T00:00:00Z,GALAUSD,0.0739,0.0772,0.0672,0.0701,73210161.50280158
2024-03-13T00:00:00Z,GALAUSD,0.0701,0.0776,0.0693,0.0728,43694244.286651954
2024-03-14T00:00:00Z,GALAUSD,0.0729,0.0745,0.0645,0.0705,51184788.258797556
2024-03-15T00:00:00Z,GALAUSD,0.0705,0.0711,0.0583,0.065,51193717.31731216
2024-03-16T00:00:00Z,GALAUSD,0.0651,0.0738,0.058,0.0598,46829819.68899514
2024-03-17T00:00:00Z,GALAUSD,0.0598,0.0647,0.0561,0.0629,35691779.96106774
2024-03-18T00:00:00Z,GALAUSD,0.063,0.0654,0.0577,0.0587,23825556.926697925
2024-03-19T00:00:00Z,GALAUSD,0.0585,0.0593,0.0503,0.0534,65479963.88265591
2024-03-20T00:00:00Z,GALAUSD,0.0534,0.079,0.0512,0.0588,69442132.36008759
2024-03-21T00:00:00Z,GALAUSD,0.0588,0.0604,0.0553,0.0569,32452856.49618933
2024-03-22T00:00:00Z,GALAUSD,0.0569,0.0591,0.053,0.0562,33935746.769488335
2024-03-23T00:00:00Z,GALAUSD,0.0563,0.0663,0.0549,0.0638,61874661.06740292
2024-03-24T00:00:00Z,GALAUSD,0.0638,0.0646,0.0599,0.063,25831279.812267177
2024-03-25T00:00:00Z,GALAUSD,0.0631,0.0708,0.0623,0.068,49396159.32002022
2024-03-26T00:00:00Z,GALAUSD,0.068,0.0729,0.0671,0.0683,48932043.22791369
2024-03-27T00:00:00Z,GALAUSD,0.0682,0.0694,0.0643,0.0652,31930364.92956395
2024-03-28T00:00:00Z,GALAUSD,0.0653,0.0684,0.0646,0.0681,34553461.84510915
2024-03-29T00:00:00Z,GALAUSD,0.0678,0.068,0.0638,0.0655,16925137.959837563
2024-03-30T00:00:00Z,GALAUSD,0.0655,0.0711,0.0644,0.0676,21900774.499504622
2024-03-31T00:00:00Z,GALAUSD,0.0675,0.0699,0.0665,0.0692,16147259.331499886
2024-04-01T00:00:00Z,GALAUSD,0.069,0.0694,0.0613,0.0636,25140449.735074587
2024-04-02T00:00:00Z,GALAUSD,0.0637,0.0637,0.0564,0.0568,25039497.11986407
2024-04-03T00:00:00Z,GALAUSD,0.0569,0.0592,0.0529,0.0556,30251247.89786178
2024-04-04T00:00:00Z,GALAUSD,0.0556,0.0593,0.0547,0.0576,17883048.60444384
2024-04-05T00:00:00Z,GALAUSD,0.0575,0.0576,0.0539,0.056,8767270.80598734
2024-04-06T00:00:00Z,GALAUSD,0.056,0.0578,0.0557,0.0572,6240996.941875208
2024-04-07T00:00:00Z,GALAUSD,0.0572,0.0639,0.0569,0.0615,13726523.058653818
2024-04-08T00:00:00Z,GALAUSD,0.0616,0.0663,0.0598,0.0657,23538966.124765582
2024-04-09T00:00:00Z,GALAUSD,0.066,0.0689,0.0605,0.0609,37098481.206160925
2024-04-10T00:00:00Z,GALAUSD,0.0607,0.0617,0.0561,0.0601,17092023.71018101
2024-04-11T00:00:00Z,GALAUSD,0.06,0.0617,0.0577,0.0587,10016271.420691175
2024-04-12T00:00:00Z,GALAUSD,0.0585,0.063,0.043,0.0476,72986001.02170359
2024-04-13T00:00:00Z,GALAUSD,0.0475,0.05,0.0337,0.0406,88849139.73007783
2024-04-14T00:00:00Z,GALAUSD,0.0405,0.0444,0.0389,0.0442,35047770.33655818
2024-04-15T00:00:00Z,GALAUSD,0.0438,0.0464,0.0393,0.0412,31817586.869689677
2024-04-16T00:00:00Z,GALAUSD,0.041,0.0429,0.0392,0.0416,20856456.40791991
2024-04-17T00:00:00Z,GALAUSD,0.0417,0.0424,0.0384,0.0402,32088656.46687954
2024-04-18T00:00:00Z,GALAUSD,0.0404,0.0448,0.0393,0.0446,21645330.658213135
2024-04-19T00:00:00Z,GALAUSD,0.0446,0.0468,0.0407,0.0442,36645725.929149784
2024-04-20T00:00:00Z,GALAUSD,0.0446,0.051,0.0437,0.0498,22490836.504238203
2024-04-21T00:00:00Z,GALAUSD,0.0493,0.051,0.0479,0.0488,8482833.436039835
2024-04-22T00:00:00Z,GALAUSD,0.0489,0.0508,0.0482,0.05,9447212.064164087
2024-04-23T00:00:00Z,GALAUSD,0.05,0.0528,0.0481,0.0499,16427562.739803528
2024-04-24T00:00:00Z,GALAUSD,0.0497,0.0521,0.0466,0.0473,25557197.285817545
2024-04-25T00:00:00Z,GALAUSD,0.0472,0.0486,0.0454,0.0476,15465996.881232584
2024-04-26T00:00:00Z,GALAUSD,0.0477,0.048,0.0456,0.0461,15722706.98090092
2024-04-27T00:00:00Z,GALAUSD,0.0461,0.0464,0.0436,0.0455,33139269.96699334
2024-04-28T00:00:00Z,GALAUSD,0.0455,0.0487,0.0454,0.0456,5574975.679016037
2024-04-29T00:00:00Z,GALAUSD,0.0455,0.0466,0.0429,0.0451,17292178.96803281
2024-04-30T00:00:00Z,GALAUSD,0.045,0.0457,0.0397,0.0412,31204873.976755574
2024-05-01T00:00:00Z,GALAUSD,0.0412,0.0426,0.0385,0.0421,29963775.48780796
2024-05-02T00:00:00Z,GALAUSD,0.042,0.0435,0.0405,0.043,15367180.819189338
2024-05-03T00:00:00Z,GALAUSD,0.0431,0.0459,0.0421,0.0452,5968652.506086437
2024-05-04T00:00:00Z,GALAUSD,0.0452,0.0467,0.0446,0.0451,9305932.523543032
2024-05-05T00:00:00Z,GALAUSD,0.045,0.0483,0.0436,0.0463,8415194.322981235
2024-05-06T00:00:00Z,GALAUSD,0.0463,0.0494,0.0454,0.0456,7677117.304081725
2024-05-07T00:00:00Z,GALAUSD,0.0456,0.0476,0.0436,0.044,21554999.124145612
2024-05-08T00:00:00Z,GALAUSD,0.044,0.0445,0.0423,0.0429,11733922.07838245
2024-05-09T00:00:00Z,GALAUSD,0.043,0.045,0.0421,0.0445,10472367.191384483
2024-05-10T00:00:00Z,GALAUSD,0.0443,0.0452,0.0415,0.0422,16314116.918842122
2024-05-11T00:00:00Z,GALAUSD,0.0424,0.0435,0.0421,0.0424,6229494.152284171
2024-05-12T00:00:00Z,GALAUSD,0.0424,0.0426,0.0411,0.0416,4052573.791838259
2024-05-13T00:00:00Z,GALAUSD,0.0417,0.0429,0.0392,0.041,9020485.683111679
2024-05-14T00:00:00Z,GALAUSD,0.0409,0.0415,0.0393,0.0395,8868364.213800326
2024-05-15T00:00:00Z,GALAUSD,0.0396,0.0438,0.0393,0.0433,18226638.688048534
2024-05-16T00:00:00Z,GALAUSD,0.0435,0.0455,0.0426,0.0441,13566509.808409115
2024-05-17T00:00:00Z,GALAUSD,0.0441,0.0475,0.0431,0.0455,32498783.856562972
2024-05-18T00:00:00Z,GALAUSD,0.0454,0.0474,0.0449,0.0457,6560118.153011457
2024-05-19T00:00:00Z,GALAUSD,0.0458,0.0467,0.0429,0.0431,6016613.887214878
2024-05-20T00:00:00Z,GALAUSD,0.043,0.0482,0.0367,0.0432,88571899.30648395
2024-05-21T00:00:00Z,GALAUSD,0.0433,0.048,0.0402,0.0429,80137532.8442308
2024-05-22T00:00:00Z,GALAUSD,0.0429,0.0498,0.0429,0.046,57012122.99663031
2024-05-23T00:00:00Z,GALAUSD,0.0461,0.0463,0.0409,0.0438,39423257.3166578
2024-05-24T00:00:00Z,GALAUSD,0.0436,0.0446,0.0423,0.0439,14017208.500495944
2024-05-25T00:00:00Z,GALAUSD,0.044,0.0453,0.0436,0.0445,15468656.414400972
2024-05-26T00:00:00Z,GALAUSD,0.0446,0.0447,0.0432,0.0439,9872225.227214165
2024-05-27T00:00:00Z,GALAUSD,0.0438,0.046,0.0433,0.0456,13625916.283187581
2024-05-28T00:00:00Z,GALAUSD,0.0458,0.0466,0.0432,0.0458,12030616.101074466
2024-05-29T00:00:00Z,GALAUSD,0.0459,0.0467,0.0434,0.0437,12474464.593274256
2024-05-30T00:00:00Z,GALAUSD,0.0436,0.0444,0.0419,0.0428,8847145.296245603
2024-05-31T00:00:00Z,GALAUSD,0.0426,0.0437,0.0422,0.0435,6093880.016424652
2024-06-01T00:00:00Z,GALAUSD,0.0434,0.0435,0.0424,0.0429,8506421.6316193
2024-06-02T00:00:00Z,GALAUSD,0.043,0.0458,0.0429,0.0437,10716782.075610418
2024-06-03T00:00:00Z,GALAUSD,0.0436,0.048,0.0429,0.0451,18791897.01067731
2024-06-04T00:00:00Z,GALAUSD,0.045,0.0469,0.0441,0.0468,15127456.567139713
2024-06-05T00:00:00Z,GALAUSD,0.0469,0.0485,0.0465,0.0469,8152450.738262219
2024-06-06T00:00:00Z,GALAUSD,0.0469,0.0469,0.0446,0.0454,13947869.654503128
2024-06-07T00:00:00Z,GALAUSD,0.0455,0.0456,0.0361,0.0401,29345843.274160504
2024-06-08T00:00:00Z,GALAUSD,0.04,0.0402,0.0374,0.0379,13504245.057687545
2024-06-09T00:00:00Z,GALAUSD,0.0379,0.039,0.0375,0.039,12726560.489354149
2024-06-10T00:00:00Z,GALAUSD,0.0389,0.0389,0.0366,0.037,16553193.778099632
2024-06-11T00:00:00Z,GALAUSD,0.037,0.0372,0.0339,0.0345,21008402.15915076
2024-06-12T00:00:00Z,GALAUSD,0.0345,0.0374,0.0333,0.0359,23099209.822124254
2024-06-13T00:00:00Z,GALAUSD,0.0359,0.0359,0.0336,0.0339,12461990.960795643
2024-06-14T00:00:00Z,GALAUSD,0.0339,0.0356,0.0317,0.0331,27448484.37877612
2024-06-15T00:00:00Z,GALAUSD,0.0331,0.0337,0.0326,0.0328,6090410.943354189
2024-06-16T00:00:00Z,GALAUSD,0.0328,0.0335,0.0322,0.0331,6875493.522234312
2024-06-17T00:00:00Z,GALAUSD,0.033,0.0333,0.0287,0.0294,29225918.38932462
2024-06-18T00:00:00Z,GALAUSD,0.0294,0.0294,0.0252,0.0271,36594651.68028858
2024-06-19T00:00:00Z,GALAUSD,0.027,0.029,0.0267,0.0281,25258540.597085457
2024-06-20T00:00:00Z,GALAUSD,0.028,0.0297,0.0276,0.028,19078682.693680078
2024-06-21T00:00:00Z,GALAUSD,0.028,0.029,0.0274,0.028,11376989.282067088
2024-06-22T00:00:00Z,GALAUSD,0.028,0.029,0.0276,0.0285,3689083.570055511
2024-06-23T00:00:00Z,GALAUSD,0.0284,0.029,0.0267,0.0272,10462779.235038422
2024-06-24T00:00:00Z,GALAUSD,0.0271,0.0281,0.0253,0.0281,15592087.176168349
2024-06-25T00:00:00Z,GALAUSD,0.028,0.0294,0.0278,0.0286,11134095.9460766
2024-06-26T00:00:00Z,GALAUSD,0.0286,0.0292,0.0275,0.0278,14422025.581350725
2024-06-27T00:00:00Z,GALAUSD,0.0277,0.0286,0.0271,0.0281,8854469.6704313
2024-06-28T00:00:00Z,GALAUSD,0.0281,0.0285,0.0267,0.0267,17060219.464227956
2024-06-29T00:00:00Z,GALAUSD,0.0267,0.0275,0.0263,0.0265,3568606.9068613695
2024-06-30T00:00:00Z,GALAUSD,0.0265,0.0278,0.0263,0.0276,5205595.02192709
2024-07-01T00:00:00Z,GALAUSD,0.0276,0.0281,0.0268,0.027,7519180.946857875
2024-07-02T00:00:00Z,GALAUSD,0.0269,0.028,0.0267,0.0274,10180088.407808146
2024-07-03T00:00:00Z,GALAUSD,0.0275,0.0275,0.0251,0.0256,14406042.269650478
2024-07-04T00:00:00Z,GALAUSD,0.0255,0.0258,0.0222,0.0224,26190431.53541342
2024-07-05T00:00:00Z,GALAUSD,0.0224,0.0224,0.0189,0.0211,45690513.68471742
2024-07-06T00:00:00Z,GALAUSD,0.0211,0.0231,0.021,0.0225,12730918.70341122
2024-07-07T00:00:00Z,GALAUSD,0.0224,0.0224,0.0209,0.0209,8417777.674135478
2024-07-08T00:00:00Z,GALAUSD,0.0209,0.0224,0.0199,0.0215,20737944.294778246
2024-07-09T00:00:00Z,GALAUSD,0.0214,0.0222,0.0212,0.0219,6434793.90448252
2024-07-10T00:00:00Z,GALAUSD,0.0217,0.0224,0.0216,0.0219,8973127.34952985
2024-07-11T00:00:00Z,GALAUSD,0.0219,0.0226,0.0208,0.021,22247729.998052027
2024-07-12T00:00:00Z,GALAUSD,0.0209,0.0216,0.0207,0.0215,17588124.03042399
2024-07-13T00:00:00Z,GALAUSD,0.0215,0.022,0.0214,0.0217,13089730.876611942
2024-07-14T00:00:00Z,GALAUSD,0.0218,0.0225,0.0212,0.0223,10239193.788201137
2024-07-15T00:00:00Z,GALAUSD,0.0223,0.0245,0.0222,0.0243,26583422.6097156
2024-07-16T00:00:00Z,GALAUSD,0.0244,0.0251,0.0232,0.0246,27087988.076852478
2024-07-17T00:00:00Z,GALAUSD,0.0246,0.0268,0.0236,0.0254,33931296.159344286
2024-07-18T00:00:00Z,GALAUSD,0.0254,0.0264,0.0233,0.0239,12405989.020105474
2024-07-19T00:00:00Z,GALAUSD,0.0239,0.0259,0.0232,0.0256,20743569.410773434
2024-07-20T00:00:00Z,GALAUSD,0.0255,0.0264,0.0251,0.0259,9322679.293051518
2024-07-21T00:00:00Z,GALAUSD,0.026,0.0269,0.0244,0.0265,14554795.287374638
2024-07-22T00:00:00Z,GALAUSD,0.0265,0.0265,0.0245,0.0246,12300491.599418027
2024-07-23T00:00:00Z,GALAUSD,0.0246,0.0252,0.0234,0.0237,12912614.356965259
2024-07-24T00:00:00Z,GALAUSD,0.0238,0.0247,0.0232,0.0234,6185269.77366706
2024-07-25T00:00:00Z,GALAUSD,0.0235,0.0235,0.0214,0.0225,25024603.24963824
2024-07-26T00:00:00Z,GALAUSD,0.0225,0.024,0.0225,0.0238,20443103.091803443
2024-07-27T00:00:00Z,GALAUSD,0.0237,0.0242,0.023,0.0236,4485427.099959163
2024-07-28T00:00:00Z,GALAUSD,0.0235,0.0236,0.0228,0.0231,2633269.2123496993
2024-07-29T00:00:00Z,GALAUSD,0.023,0.0245,0.023,0.0232,12282403.319605138
2024-07-30T00:00:00Z,GALAUSD,0.0232,0.0239,0.0222,0.0226,5861597.799139739
2024-07-31T00:00:00Z,GALAUSD,0.0226,0.0232,0.0216,0.0219,11860544.572225958
2024-08-01T00:00:00Z,GALAUSD,0.0219,0.0222,0.0204,0.0219,21908623.926744737
2024-08-02T00:00:00Z,GALAUSD,0.0219,0.0222,0.0195,0.0199,17296485.180071115
2024-08-03T00:00:00Z,GALAUSD,0.0199,0.0203,0.0182,0.0186,14771275.6042601
2024-08-04T00:00:00Z,GALAUSD,0.0186,0.0191,0.0169,0.0176,18113757.78966079
2024-08-05T00:00:00Z,GALAUSD,0.0176,0.0177,0.0135,0.0159,69442417.64426324
2024-08-06T00:00:00Z,GALAUSD,0.0157,0.0175,0.0156,0.017,15923845.999289474
2024-08-07T00:00:00Z,GALAUSD,0.0169,0.0175,0.016,0.0161,18934019.397800293
2024-08-08T00:00:00Z,GALAUSD,0.0162,0.0177,0.0158,0.0176,22480684.525294576
2024-08-09T00:00:00Z,GALAUSD,0.0174,0.0175,0.0163,0.0169,21341318.121891223
2024-08-10T00:00:00Z,GALAUSD,0.0168,0.0171,0.0166,0.0169,4831467.159938466
2024-08-11T00:00:00Z,GALAUSD,0.0169,0.0173,0.0154,0.0157,21295260.34445878
2024-08-12T00:00:00Z,GALAUSD,0.0157,0.0171,0.0156,0.0168,13429593.411239337
2024-08-13T00:00:00Z,GALAUSD,0.0168,0.017,0.0161,0.0168,10511829.842157748
2024-08-14T00:00:00Z,GALAUSD,0.0168,0.0175,0.0163,0.0167,9704991.323662627
2024-08-15T00:00:00Z,GALAUSD,0.0166,0.0175,0.0159,0.0162,22892607.661936015
2024-08-16T00:00:00Z,GALAUSD,0.0162,0.0163,0.0154,0.0159,18547452.4671143
2024-08-17T00:00:00Z,GALAUSD,0.0158,0.0171,0.0158,0.017,11227802.976124618
2024-08-18T00:00:00Z,GALAUSD,0.0171,0.018,0.0165,0.0171,16068139.867521644
2024-08-19T00:00:00Z,GALAUSD,0.0169,0.0176,0.0168,0.0174,15581598.31768613
2024-08-20T00:00:00Z,GALAUSD,0.0174,0.019,0.0174,0.018,13144812.950250894
2024-08-21T00:00:00Z,GALAUSD,0.018,0.0186,0.0173,0.0184,9901762.997802064
2024-08-22T00:00:00Z,GALAUSD,0.0184,0.0187,0.018,0.0186,7935592.309983948
2024-08-23T00:00:00Z,GALAUSD,0.0186,0.0215,0.0186,0.0214,37323454.93776025
2024-08-24T00:00:00Z,GALAUSD,0.0215,0.0222,0.0211,0.0217,17908178.7006104
2024-08-25T00:00:00Z,GALAUSD,0.0218,0.0222,0.0205,0.0217,12004930.108420247
2024-08-26T00:00:00Z,GALAUSD,0.0216,0.0217,0.02,0.0201,27340734.709142536
2024-08-27T00:00:00Z,GALAUSD,0.0201,0.0217,0.0185,0.019,16371957.648637109
2024-08-28T00:00:00Z,GALAUSD,0.019,0.0197,0.0182,0.0188,16960454.727045137
2024-08-29T00:00:00Z,GALAUSD,0.0188,0.0202,0.0186,0.0188,21186914.65155066
2024-08-30T00:00:00Z,GALAUSD,0.0188,0.0204,0.0187,0.0201,24382277.633581795
2024-08-31T00:00:00Z,GALAUSD,0.02,0.0201,0.0189,0.0191,12669712.757404659
2024-09-01T00:00:00Z,GALAUSD,0.019,0.019,0.0174,0.0177,22141371.76764039
2024-09-02T00:00:00Z,GALAUSD,0.0176,0.0186,0.0176,0.0185,5207969.630315451
2024-09-03T00:00:00Z,GALAUSD,0.0185,0.0187,0.0175,0.0175,6623296.064868371
2024-09-04T00:00:00Z,GALAUSD,0.0177,0.0185,0.0165,0.0181,11347343.029848643
2024-09-05T00:00:00Z,GALAUSD,0.0181,0.0181,0.0171,0.0174,6692542.304214589
2024-09-06T00:00:00Z,GALAUSD,0.0174,0.0182,0.0166,0.0174,20714904.82540269
2024-09-07T00:00:00Z,GALAUSD,0.0174,0.0188,0.0172,0.0184,16230792.799657654
2024-09-08T00:00:00Z,GALAUSD,0.0183,0.019,0.0178,0.0188,14308822.744295375
2024-09-09T00:00:00Z,GALAUSD,0.0186,0.0196,0.0185,0.0186,14339778.276279146
2024-09-10T00:00:00Z,GALAUSD,0.0186,0.0189,0.0182,0.0186,11378066.696607282
2024-09-11T00:00:00Z,GALAUSD,0.0187,0.0187,0.0173,0.018,19412954.239949543
2024-09-12T00:00:00Z,GALAUSD,0.018,0.0184,0.0177,0.0182,12430794.421400283
2024-09-13T00:00:00Z,GALAUSD,0.0182,0.0186,0.0178,0.0185,36909463.73965564
2024-09-14T00:00:00Z,GALAUSD,0.0185,0.0187,0.0181,0.0182,14952208.377351401
2024-09-15T00:00:00Z,GALAUSD,0.0183,0.0186,0.0174,0.0175,20512093.72933454
2024-09-16T00:00:00Z,GALAUSD,0.0174,0.0177,0.0169,0.0173,16488705.552305745
2024-09-17T00:00:00Z,GALAUSD,0.0173,0.0182,0.0171,0.0181,15624318.935464801
2024-09-18T00:00:00Z,GALAUSD,0.0181,0.0189,0.0174,0.0187,20775458.217842244
2024-09-19T00:00:00Z,GALAUSD,0.0189,0.0202,0.0189,0.0196,18668320.60285618
2024-09-20T00:00:00Z,GALAUSD,0.0196,0.0206,0.0191,0.02,11543241.262961501
2024-09-21T00:00:00Z,GALAUSD,0.0199,0.021,0.0197,0.0208,17092138.82172337
2024-09-22T00:00:00Z,GALAUSD,0.0209,0.0209,0.0196,0.0203,8018149.274434266
2024-09-23T00:00:00Z,GALAUSD,0.0202,0.0211,0.0199,0.0204,13894406.48712089
2024-09-24T00:00:00Z,GALAUSD,0.0205,0.0222,0.0199,0.022,114795041.9854311
2024-09-25T00:00:00Z,GALAUSD,0.022,0.0225,0.0212,0.0214,77574561.34028943
2024-09-26T00:00:00Z,GALAUSD,0.0214,0.0235,0.0212,0.0233,36029963.21397867
2024-09-27T00:00:00Z,GALAUSD,0.0232,0.0252,0.0231,0.0247,47172430.008208916
2024-09-28T00:00:00Z,GALAUSD,0.0247,0.0253,0.0237,0.0243,40078983.67436099
2024-09-29T00:00:00Z,GALAUSD,0.0242,0.0249,0.0232,0.0244,23312374.978301696
2024-09-30T00:00:00Z,GALAUSD,0.0243,0.0246,0.0222,0.0225,26537146.733934492
2024-10-01T00:00:00Z,GALAUSD,0.0225,0.0239,0.0196,0.0203,67642383.13761854
2024-10-02T00:00:00Z,GALAUSD,0.0203,0.0211,0.0191,0.0197,40482774.583823904
2024-10-03T00:00:00Z,GALAUSD,0.01970,0.02020,0.01850,0.01910,26933261.23385140
2024-10-04T00:00:00Z,GALAUSD,0.01920,0.02000,0.01900,0.01980,14082737.62209908
2024-10-05T00:00:00Z,GALAUSD,0.01990,0.02020,0.01900,0.01950,31502552.37668176
2024-10-06T00:00:00Z,GALAUSD,0.01950,0.02100,0.01930,0.02090,12923556.80086197
2024-10-07T00:00:00Z,GALAUSD,0.02080,0.02230,0.02070,0.02120,44530014.27270629
2024-10-08T00:00:00Z,GALAUSD,0.02110,0.02170,0.02020,0.02040,31257548.51146894
2024-10-09T00:00:00Z,GALAUSD,0.02050,0.02110,0.01940,0.01980,30024316.27298268
2024-10-10T00:00:00Z,GALAUSD,0.01980,0.02030,0.01930,0.02000,12619912.95067876
2024-10-11T00:00:00Z,GALAUSD,0.02000,0.02120,0.01990,0.02080,33702528.54720326
2024-10-12T00:00:00Z,GALAUSD,0.02090,0.02220,0.02070,0.02180,13037519.50663520
2024-10-13T00:00:00Z,GALAUSD,0.02180,0.02210,0.02090,0.02160,6617419.87037187
2024-10-14T00:00:00Z,GALAUSD,0.02180,0.02340,0.02150,0.02320,19364864.23951686
2024-10-15T00:00:00Z,GALAUSD,0.02330,0.02380,0.02190,0.02270,17907331.23903659
2024-10-16T00:00:00Z,GALAUSD,0.02270,0.02290,0.02210,0.02230,13201619.47934918
2024-10-17T00:00:00Z,GALAUSD,0.02240,0.02250,0.02090,0.02130,9491621.79170138
2024-10-18T00:00:00Z,GALAUSD,0.02130,0.02290,0.02110,0.02280,12103980.48954776
2024-10-19T00:00:00Z,GALAUSD,0.02280,0.02360,0.02250,0.02320,13980977.35234637
2024-10-20T00:00:00Z,GALAUSD,0.02320,0.02480,0.02270,0.02410,17919591.38236224
2024-10-21T00:00:00Z,GALAUSD,0.02420,0.02460,0.02340,0.02350,25787267.08000243
2024-10-22T00:00:00Z,GALAUSD,0.02370,0.02430,0.02230,0.02420,20538187.06787914
2024-10-23T00:00:00Z,GALAUSD,0.02430,0.02460,0.02180,0.02240,30555004.97051554
2024-10-24T00:00:00Z,GALAUSD,0.02240,0.02330,0.02200,0.02310,28934035.44886102
2024-10-25T00:00:00Z,GALAUSD,0.02310,0.02330,0.01930,0.02030,23668251.20663902
2024-10-26T00:00:00Z,GALAUSD,0.02040,0.02210,0.01950,0.02040,37962939.40999964
2024-10-27T00:00:00Z,GALAUSD,0.02040,0.02090,0.01990,0.02070,8929074.15866360
2024-10-28T00:00:00Z,GALAUSD,0.02060,0.02090,0.01950,0.02040,16161364.40904493
2024-10-29T00:00:00Z,GALAUSD,0.02030,0.02160,0.02030,0.02130,23712865.92392985
2024-10-30T00:00:00Z,GALAUSD,0.02130,0.02130,0.02030,0.02070,15728337.57212688
2024-10-31T00:00:00Z,GALAUSD,0.02080,0.02090,0.01940,0.01960,17875603.82865106
2024-11-01T00:00:00Z,GALAUSD,0.01960,0.02010,0.01890,0.01920,21338498.31812770
2024-11-02T00:00:00Z,GALAUSD,0.01930,0.01960,0.01870,0.01900,7719634.58875949
2024-11-03T00:00:00Z,GALAUSD,0.01890,0.01910,0.01720,0.01800,12958758.53106636
2024-11-04T00:00:00Z,GALAUSD,0.01800,0.01830,0.01710,0.01740,10992332.64691878
2024-11-05T00:00:00Z,GALAUSD,0.01760,0.01920,0.01750,0.01890,13107445.54701731
2024-11-06T00:00:00Z,GALAUSD,0.01900,0.02150,0.01900,0.02140,62349361.01734280
2024-11-07T00:00:00Z,GALAUSD,0.02140,0.02220,0.02090,0.02170,27954348.47592967
2024-11-08T00:00:00Z,GALAUSD,0.02180,0.02210,0.02100,0.02210,22636402.12440754
2024-11-09T00:00:00Z,GALAUSD,0.02210,0.02350,0.02170,0.02340,13889412.42698687
2024-11-10T00:00:00Z,GALAUSD,0.02350,0.02680,0.02290,0.02520,59893731.11933679
2024-11-11T00:00:00Z,GALAUSD,0.02530,0.02790,0.02490,0.02770,78032691.18222512
2024-11-12T00:00:00Z,GALAUSD,0.02770,0.03180,0.02570,0.02730,122310532.75755640
2024-11-13T00:00:00Z,GALAUSD,0.02740,0.02880,0.02440,0.02680,150061543.99762387
2024-11-14T00:00:00Z,GALAUSD,0.02680,0.02780,0.02430,0.02460,45884956.77571992
2024-11-15T00:00:00Z,GALAUSD,0.02460,0.02660,0.02400,0.02640,42329220.67561425
2024-11-16T00:00:00Z,GALAUSD,0.02630,0.03130,0.02620,0.03060,141883182.33427046
2024-11-17T00:00:00Z,GALAUSD,0.03060,0.03090,0.02730,0.02830,70435255.31720093
2024-11-18T00:00:00Z,GALAUSD,0.02820,0.03240,0.02820,0.03150,142362582.41898782
2024-11-19T00:00:00Z,GALAUSD,0.03140,0.03160,0.02860,0.02950,120576837.02034087
2024-11-20T00:00:00Z,GALAUSD,0.02950,0.03020,0.02700,0.02780,89100360.72472623
2024-11-21T00:00:00Z,GALAUSD,0.02780,0.03050,0.02670,0.02900,122240420.89848191
2024-11-22T00:00:00Z,GALAUSD,0.02900,0.02980,0.02760,0.02980,67898590.95213604
2024-11-23T00:00:00Z,GALAUSD,0.02970,0.03570,0.02930,0.03530,154400016.74798148
2024-11-24T00:00:00Z,GALAUSD,0.03490,0.04130,0.03420,0.03960,241300263.14290221
2024-11-25T00:00:00Z,GALAUSD,0.03950,0.04080,0.03580,0.03660,139367442.13624700
2024-11-26T00:00:00Z,GALAUSD,0.03640,0.03790,0.03270,0.03650,94967705.07147014
2024-11-27T00:00:00Z,GALAUSD,0.03630,0.03830,0.03550,0.03730,89993626.12314716
2024-11-28T00:00:00Z,GALAUSD,0.03730,0.04440,0.03580,0.03980,103252084.68072945
2024-11-29T00:00:00Z,GALAUSD,0.03970,0.04080,0.03840,0.04000,73805189.36165009
2024-11-30T00:00:00Z,GALAUSD,0.03980,0.04600,0.03880,0.04480,141187088.96954810
2024-12-01T00:00:00Z,GALAUSD,0.04480,0.04540,0.04240,0.04410,79502698.75507435
2024-12-02T00:00:00Z,GALAUSD,0.04390,0.04720,0.04100,0.04660,134765107.31193897
2024-12-03T00:00:00Z,GALAUSD,0.04660,0.05420,0.04610,0.05150,154056099.78131390
2024-12-04T00:00:00Z,GALAUSD,0.05140,0.06670,0.05050,0.06030,179986632.03113863
2024-12-05T00:00:00Z,GALAUSD,0.06020,0.06410,0.05100,0.06050,148464008.18802267
2024-12-06T00:00:00Z,GALAUSD,0.06050,0.06230,0.05680,0.05950,74966772.62724329
2024-12-07T00:00:00Z,GALAUSD,0.05950,0.06190,0.05810,0.06110,42115876.71843222
2024-12-08T00:00:00Z,GALAUSD,0.06100,0.06380,0.05860,0.06070,39126520.51986931
2024-12-09T00:00:00Z,GALAUSD,0.06040,0.06040,0.04010,0.04800,143353187.82426227
2024-12-10T00:00:00Z,GALAUSD,0.04780,0.04890,0.04120,0.04570,115722996.26821103
2024-12-11T00:00:00Z,GALAUSD,0.04560,0.05300,0.04380,0.05170,91343883.80076157
2024-12-12T00:00:00Z,GALAUSD,0.05160,0.05480,0.04990,0.05100,99496627.12437408
2024-12-13T00:00:00Z,GALAUSD,0.05080,0.05290,0.04940,0.05210,30615475.65097353
2024-12-14T00:00:00Z,GALAUSD,0.05200,0.05250,0.04770,0.04940,25028588.13384047
2024-12-15T00:00:00Z,GALAUSD,0.04930,0.05220,0.04820,0.05090,28906798.51069556
2024-12-16T00:00:00Z,GALAUSD,0.05120,0.05200,0.04760,0.04810,49216536.73691614
2024-12-17T00:00:00Z,GALAUSD,0.04800,0.04800,0.04370,0.04460,55673382.93124892
2024-12-18T00:00:00Z,GALAUSD,0.04480,0.04500,0.03870,0.04010,43662898.20623036
2024-12-19T00:00:00Z,GALAUSD,0.04010,0.04050,0.03390,0.03520,77129673.90364521
2024-12-20T00:00:00Z,GALAUSD,0.03530,0.03790,0.02950,0.03750,89948612.60832559
2024-12-21T00:00:00Z,GALAUSD,0.03750,0.04090,0.03450,0.03500,131985750.07575311
2024-12-22T00:00:00Z,GALAUSD,0.03500,0.03670,0.03380,0.03480,19922094.14501162
2024-12-23T00:00:00Z,GALAUSD,0.03470,0.03910,0.03390,0.03780,28130399.35703831
2024-12-24T00:00:00Z,GALAUSD,0.03770,0.04080,0.03620,0.03970,78032806.69500643
2024-12-25T00:00:00Z,GALAUSD,0.03950,0.03980,0.03780,0.03850,83117991.04742443
2024-12-26T00:00:00Z,GALAUSD,0.03850,0.03910,0.03480,0.03520,47352057.96976870
2024-12-27T00:00:00Z,GALAUSD,0.03530,0.03800,0.03450,0.03480,74199184.92626545
2024-12-28T00:00:00Z,GALAUSD,0.03490,0.03780,0.03430,0.03660,7246372.15092720
2024-12-29T00:00:00Z,GALAUSD,0.03690,0.03720,0.03430,0.03470,7418959.23893704
2024-12-30T00:00:00Z,GALAUSD,0.03490,0.03600,0.03310,0.03440,13873655.38499751
2024-12-31T00:00:00Z,GALAUSD,0.03430,0.03610,0.03340,0.03420,6347444.51321085
2025-01-01T00:00:00Z,GALAUSD,0.03450,0.03750,0.03380,0.03700,9800026.49175385
2025-01-02T00:00:00Z,GALAUSD,0.03730,0.04000,0.03690,0.03910,62992442.77554979
2025-01-03T00:00:00Z,GALAUSD,0.03920,0.04440,0.03890,0.04330,35026310.40270479
2025-01-04T00:00:00Z,GALAUSD,0.04340,0.04390,0.04180,0.04250,27183178.12757069
2025-01-05T00:00:00Z,GALAUSD,0.04240,0.04250,0.04070,0.04180,14635569.23895070
2025-01-06T00:00:00Z,GALAUSD,0.04200,0.04470,0.04120,0.04260,19032359.26310021
2025-01-07T00:00:00Z,GALAUSD,0.04240,0.04340,0.03710,0.03730,36938724.98587437
2025-01-08T00:00:00Z,GALAUSD,0.03750,0.03780,0.03280,0.03480,30202833.55678629
2025-01-09T00:00:00Z,GALAUSD,0.03480,0.03530,0.03280,0.03380,16036852.78434606
2025-01-10T00:00:00Z,GALAUSD,0.03380,0.03610,0.03340,0.03530,22104530.64513438
2025-01-11T00:00:00Z,GALAUSD,0.03540,0.03710,0.03490,0.03630,12980096.07571469
2025-01-12T00:00:00Z,GALAUSD,0.03620,0.03640,0.03410,0.03480,13144035.44064281
2025-01-13T00:00:00Z,GALAUSD,0.03460,0.03590,0.03030,0.03350,85827079.11757840
2025-01-14T00:00:00Z,GALAUSD,0.03350,0.03730,0.03350,0.03640,25274901.19537978
2025-01-15T00:00:00Z,GALAUSD,0.03660,0.03950,0.03550,0.03920,30530688.25008195
2025-01-16T00:00:00Z,GALAUSD,0.03910,0.04050,0.03780,0.03860,31611032.92432517
2025-01-17T00:00:00Z,GALAUSD,0.03860,0.04240,0.03850,0.04130,30847484.59266791
2025-01-18T00:00:00Z,GALAUSD,0.04120,0.04170,0.03610,0.03730,37113454.87180537
2025-01-19T00:00:00Z,GALAUSD,0.03730,0.03870,0.03230,0.03320,69271415.52843256
2025-01-20T00:00:00Z,GALAUSD,0.03310,0.03670,0.03160,0.03250,94608390.71726233
2025-01-21T00:00:00Z,GALAUSD,0.03270,0.03520,0.03090,0.03410,40260067.47777043
2025-01-22T00:00:00Z,GALAUSD,0.03410,0.03490,0.03270,0.03280,30275011.34853025
2025-01-23T00:00:00Z,GALAUSD,0.03290,0.03380,0.03190,0.03300,12142516.95456252
2025-01-24T00:00:00Z,GALAUSD,0.03300,0.03420,0.03150,0.03250,12166299.87282643
2025-01-25T00:00:00Z,GALAUSD,0.03240,0.03280,0.03170,0.03220,10629126.58487532
2025-01-26T00:00:00Z,GALAUSD,0.03240,0.03310,0.03070,0.03070,6189372.32009653
2025-01-27T00:00:00Z,GALAUSD,0.03070,0.03110,0.02690,0.03030,34086471.67388279
2025-01-28T00:00:00Z,GALAUSD,0.03040,0.03110,0.02700,0.02750,14577246.38920908
2025-01-29T00:00:00Z,GALAUSD,0.02730,0.03020,0.02730,0.02900,19056006.61833378
2025-01-30T00:00:00Z,GALAUSD,0.02900,0.03190,0.02870,0.03110,13389153.67307608
2025-01-31T00:00:00Z,GALAUSD,0.03110,0.03420,0.03020,0.03180,23299521.38661843
2025-02-01T00:00:00Z,GALAUSD,0.03180,0.03250,0.02820,0.02830,7850584.43935627
2025-02-02T00:00:00Z,GALAUSD,0.02810,0.02890,0.02240,0.02390,31206247.26897721
2025-02-03T00:00:00Z,GALAUSD,0.02400,0.02490,0.01700,0.02450,97632795.64044636
2025-02-04T00:00:00Z,GALAUSD,0.02470,0.02470,0.02100,0.02250,56176249.41817202
2025-02-05T00:00:00Z,GALAUSD,0.02260,0.02400,0.02210,0.02240,11249822.64823780
2025-02-06T00:00:00Z,GALAUSD,0.02260,0.02320,0.02060,0.02090,12154081.10565874
2025-02-07T00:00:00Z,GALAUSD,0.02100,0.02320,0.02040,0.02120,12873122.82472574
2025-02-08T00:00:00Z,GALAUSD,0.02130,0.02230,0.02070,0.02210,3032399.08192151
2025-02-09T00:00:00Z,GALAUSD,0.02210,0.02260,0.02050,0.02170,6455608.81531560
2025-02-10T00:00:00Z,GALAUSD,0.02190,0.02320,0.02110,0.02310,4219357.50163224
2025-02-11T00:00:00Z,GALAUSD,0.02290,0.02470,0.02220,0.02280,9457144.57629918
2025-02-12T00:00:00Z,GALAUSD,0.02280,0.02440,0.02160,0.02410,14850011.78005914
2025-02-13T00:00:00Z,GALAUSD,0.02420,0.02480,0.02270,0.02340,17915470.70034130
2025-02-14T00:00:00Z,GALAUSD,0.02340,0.02510,0.02300,0.02430,7777272.60543615
2025-02-15T00:00:00Z,GALAUSD,0.02400,0.02490,0.02340,0.02360,3431665.70213681
2025-02-16T00:00:00Z,GALAUSD,0.02390,0.02390,0.02210,0.02250,5537797.78143361
2025-02-17T00:00:00Z,GALAUSD,0.02250,0.02350,0.02170,0.02250,12364365.21827530
2025-02-18T00:00:00Z,GALAUSD,0.02260,0.02260,0.02080,0.02190,7349532.65204521
2025-02-19T00:00:00Z,GALAUSD,0.02190,0.02230,0.02130,0.02220,14625165.04096202
2025-02-20T00:00:00Z,GALAUSD,0.02220,0.02300,0.02200,0.02290,5243838.80076770
2025-02-21T00:00:00Z,GALAUSD,0.02300,0.02460,0.02200,0.02240,15971401.60251288
2025-02-22T00:00:00Z,GALAUSD,0.02220,0.02340,0.02210,0.02310,5131095.20762943
2025-02-23T00:00:00Z,GALAUSD,0.02300,0.02330,0.02200,0.02230,3577962.39556140
2025-02-24T00:00:00Z,GALAUSD,0.02230,0.02240,0.01820,0.01880,30705229.30550220
2025-02-25T00:00:00Z,GALAUSD,0.01870,0.02020,0.01780,0.01970,31720295.36913600
2025-02-26T00:00:00Z,GALAUSD,0.01980,0.02020,0.01890,0.01970,17936364.64969002
2025-02-27T00:00:00Z,GALAUSD,0.01980,0.02040,0.01930,0.01990,12734437.11633563
2025-02-28T00:00:00Z,GALAUSD,0.02000,0.02010,0.01780,0.02000,11823591.17684813
2025-03-01T00:00:00Z,GALAUSD,0.02000,0.02010,0.01890,0.01970,4467493.16084664
2025-03-02T00:00:00Z,GALAUSD,0.01970,0.02250,0.01920,0.02230,11260076.33469993
2025-03-03T00:00:00Z,GALAUSD,0.02230,0.02230,0.01800,0.01840,12891545.39993849
2025-03-04T00:00:00Z,GALAUSD,0.01830,0.01860,0.01600,0.01770,14770525.47549425
2025-03-05T00:00:00Z,GALAUSD,0.01760,0.01900,0.01750,0.01890,14722990.35959749
2025-03-06T00:00:00Z,GALAUSD,0.01890,0.01960,0.01830,0.01850,9893598.71919834
2025-03-07T00:00:00Z,GALAUSD,0.01860,0.01950,0.01740,0.01850,28194521.08603440
2025-03-08T00:00:00Z,GALAUSD,0.01840,0.01860,0.01730,0.01770,11754675.12101330
2025-03-09T00:00:00Z,GALAUSD,0.01770,0.01780,0.01550,0.01580,27857569.34579896
2025-03-10T00:00:00Z,GALAUSD,0.01590,0.01730,0.01480,0.01500,36809384.69357235
2025-03-11T00:00:00Z,GALAUSD,0.01500,0.01640,0.01390,0.01590,22025812.37253632
2025-03-12T00:00:00Z,GALAUSD,0.01580,0.01690,0.01530,0.01670,14344862.36645397
2025-03-13T00:00:00Z,GALAUSD,0.01670,0.01680,0.01570,0.01620,7629632.32242193
2025-03-14T00:00:00Z,GALAUSD,0.01620,0.01710,0.01620,0.01660,7725275.88349141
2025-03-15T00:00:00Z,GALAUSD,0.01660,0.01730,0.01640,0.01710,3976244.24745853
2025-03-16T00:00:00Z,GALAUSD,0.01710,0.01740,0.01610,0.01630,11008797.83419108
2025-03-17T00:00:00Z,GALAUSD,0.01640,0.01760,0.01620,0.01720,9675817.76729235
2025-03-18T00:00:00Z,GALAUSD,0.01730,0.01730,0.01640,0.01730,7839877.94431441
2025-03-19T00:00:00Z,GALAUSD,0.01730,0.01790,0.01700,0.01780,9538604.41363591
2025-03-20T00:00:00Z,GALAUSD,0.01770,0.01780,0.01680,0.01700,7788766.95853844
2025-03-21T00:00:00Z,GALAUSD,0.01700,0.01720,0.01640,0.01660,6306129.68867874
2025-03-22T00:00:00Z,GALAUSD,0.01670,0.01750,0.01670,0.01710,4126122.86923187
2025-03-23T00:00:00Z,GALAUSD,0.01710,0.01750,0.01690,0.01720,4026548.84912993
2025-03-24T00:00:00Z,GALAUSD,0.01730,0.01860,0.01710,0.01810,12003418.77791375
2025-03-25T00:00:00Z,GALAUSD,0.01810,0.01870,0.01800,0.01850,4132340.84417534
2025-03-26T00:00:00Z,GALAUSD,0.01860,0.01910,0.01810,0.01840,7144569.54686664
2025-03-27T00:00:00Z,GALAUSD,0.01830,0.01890,0.01800,0.01830,6563950.91519502
2025-03-28T00:00:00Z,GALAUSD,0.01830,0.01840,0.01630,0.01670,12311104.21041517
2025-03-29T00:00:00Z,GALAUSD,0.01670,0.01680,0.01480,0.01550,7948928.59070756
2025-03-30T00:00:00Z,GALAUSD,0.01530,0.01590,0.01520,0.01530,12393998.10294952
2025-03-31T00:00:00Z,GALAUSD,0.01530,0.01550,0.01480,0.01530,8557661.56742027
2025-04-01T00:00:00Z,GALAUSD,0.01530,0.01630,0.01520,0.01590,3212820.37513135
2025-04-02T00:00:00Z,GALAUSD,0.01580,0.01620,0.01420,0.01460,9710049.46335650
2025-04-03T00:00:00Z,GALAUSD,0.01450,0.01540,0.01410,0.01490,6563567.08618645
2025-04-04T00:00:00Z,GALAUSD,0.01490,0.01540,0.01460,0.01500,5660988.55310881
2025-04-05T00:00:00Z,GALAUSD,0.01500,0.01520,0.01460,0.01490,9560774.36933942
2025-04-06T00:00:00Z,GALAUSD,0.01480,0.01490,0.01250,0.01300,15157733.11935499
2025-04-07T00:00:00Z,GALAUSD,0.01300,0.01430,0.01170,0.01329,34282937.58078497
2025-04-08T00:00:00Z,GALAUSD,0.01334,0.01378,0.01265,0.01267,16185086.04365488
2025-04-09T00:00:00Z,GALAUSD,0.01266,0.01450,0.01209,0.01426,16989724.16041277
2025-04-10T00:00:00Z,GALAUSD,0.01423,0.01429,0.01350,0.01390,7102593.85598079
2025-04-11T00:00:00Z,GALAUSD,0.01390,0.01468,0.01389,0.01430,24816426.56252051
2025-04-12T00:00:00Z,GALAUSD,0.01429,0.01533,0.01427,0.01525,4768041.83141260
2025-04-13T00:00:00Z,GALAUSD,0.01521,0.01533,0.01412,0.01438,9600216.29546656
2025-04-14T00:00:00Z,GALAUSD,0.01435,0.01529,0.01435,0.01468,6519481.96222613
2025-04-15T00:00:00Z,GALAUSD,0.01463,0.01491,0.01403,0.01406,9433957.64012556
2025-04-16T00:00:00Z,GALAUSD,0.01409,0.01434,0.01360,0.01375,11132073.60095944
2025-04-17T00:00:00Z,GALAUSD,0.01375,0.01415,0.01354,0.01376,13587298.92151373
2025-04-18T00:00:00Z,GALAUSD,0.01379,0.01437,0.01367,0.01424,9753446.39115682
2025-04-19T00:00:00Z,GALAUSD,0.01424,0.01554,0.01421,0.01532,13376775.52895637
2025-04-20T00:00:00Z,GALAUSD,0.01531,0.01586,0.01497,0.01558,16935893.07317211
2025-04-21T00:00:00Z,GALAUSD,0.01560,0.01693,0.01528,0.01559,67014607.93575003
2025-04-22T00:00:00Z,GALAUSD,0.01558,0.01693,0.01537,0.01682,22976278.96966001
2025-04-23T00:00:00Z,GALAUSD,0.01683,0.01734,0.01658,0.01697,25369251.89197722
2025-04-24T00:00:00Z,GALAUSD,0.01708,0.01756,0.01608,0.01753,23045832.80979599
2025-04-25T00:00:00Z,GALAUSD,0.01753,0.01793,0.01715,0.01737,35327715.88961429
2025-04-26T00:00:00Z,GALAUSD,0.01738,0.01831,0.01720,0.01772,15956676.81878379
2025-04-27T00:00:00Z,GALAUSD,0.01773,0.01778,0.01650,0.01650,14263870.33885764
2025-04-28T00:00:00Z,GALAUSD,0.01648,0.01738,0.01592,0.01730,12282208.06696751
2025-04-29T00:00:00Z,GALAUSD,0.01735,0.01765,0.01653,0.01677,7027739.98080553
2025-04-30T00:00:00Z,GALAUSD,0.01678,0.01711,0.01613,0.01689,9806371.13333005
2025-05-01T00:00:00Z,GALAUSD,0.01690,0.01745,0.01683,0.01712,26832040.29401015
2025-05-02T00:00:00Z,GALAUSD,0.01716,0.01755,0.01665,0.01686,13145014.93915065
2025-05-03T00:00:00Z,GALAUSD,0.01680,0.01680,0.01545,0.01568,12449200.23231204
2025-05-04T00:00:00Z,GALAUSD,0.01562,0.01575,0.01504,0.01531,6063942.61775176
2025-05-05T00:00:00Z,GALAUSD,0.01536,0.01574,0.01507,0.01525,8876950.76041154
2025-05-06T00:00:00Z,GALAUSD,0.01524,0.01538,0.01437,0.01500,22038994.34183218
2025-05-07T00:00:00Z,GALAUSD,0.01504,0.01538,0.01483,0.01520,15310249.37926169
2025-05-08T00:00:00Z,GALAUSD,0.01522,0.01808,0.01518,0.01779,40443573.60610268
2025-05-09T00:00:00Z,GALAUSD,0.01788,0.01966,0.01785,0.01961,70744839.38556842
2025-05-10T00:00:00Z,GALAUSD,0.01956,0.02238,0.01936,0.02229,17500641.16262828
2025-05-11T00:00:00Z,GALAUSD,0.02226,0.02365,0.02128,0.02193,34716298.32418586
2025-05-12T00:00:00Z,GALAUSD,0.02195,0.02341,0.02105,0.02202,32094112.22631147
2025-05-13T00:00:00Z,GALAUSD,0.02199,0.02302,0.02041,0.02258,41176028.62449253
2025-05-14T00:00:00Z,GALAUSD,0.02254,0.02349,0.02130,0.02149,26852610.29049915
2025-05-15T00:00:00Z,GALAUSD,0.02149,0.02182,0.01937,0.01983,20087967.16577786
2025-05-16T00:00:00Z,GALAUSD,0.01980,0.02065,0.01928,0.01944,16883943.29199727
2025-05-17T00:00:00Z,GALAUSD,0.01949,0.01951,0.01826,0.01852,18805299.25432425
2025-05-18T00:00:00Z,GALAUSD,0.01843,0.02054,0.01819,0.02012,17883544.72056624
2025-05-19T00:00:00Z,GALAUSD,0.01995,0.02023,0.01808,0.01899,7749420.81398522
2025-05-20T00:00:00Z,GALAUSD,0.01904,0.01972,0.01831,0.01942,6262856.63937199
2025-05-21T00:00:00Z,GALAUSD,0.01951,0.02073,0.01915,0.01993,15524184.05680300
2025-05-22T00:00:00Z,GALAUSD,0.02002,0.02131,0.02002,0.02106,24424084.85034002
2025-05-23T00:00:00Z,GALAUSD,0.02101,0.02186,0.01869,0.01879,24737615.00383659
2025-05-24T00:00:00Z,GALAUSD,0.01872,0.01942,0.01866,0.01877,8994848.87217736
2025-05-25T00:00:00Z,GALAUSD,0.01889,0.01915,0.01795,0.01912,9866217.92528962
2025-05-26T00:00:00Z,GALAUSD,0.01919,0.01986,0.01883,0.01904,11599479.71938060
2025-05-27T00:00:00Z,GALAUSD,0.01927,0.01998,0.01846,0.01937,15083546.50980886
2025-05-28T00:00:00Z,GALAUSD,0.01921,0.01980,0.01861,0.01953,11328901.18501822
2025-05-29T00:00:00Z,GALAUSD,0.01962,0.02034,0.01847,0.01856,8768371.45807792
2025-05-30T00:00:00Z,GALAUSD,0.01856,0.01870,0.01615,0.01643,50169318.31316604
2025-05-31T00:00:00Z,GALAUSD,0.01645,0.01686,0.01563,0.01661,16182221.71050061
2025-06-01T00:00:00Z,GALAUSD,0.01660,0.01700,0.01617,0.01689,5395261.27392576
2025-06-02T00:00:00Z,GALAUSD,0.01691,0.01741,0.01627,0.01732,7414305.68807491
2025-06-03T00:00:00Z,GALAUSD,0.01734,0.01787,0.01702,0.01711,15543450.66939709
2025-06-04T00:00:00Z,GALAUSD,0.01709,0.01739,0.01631,0.01647,11357008.00781316
2025-06-05T00:00:00Z,GALAUSD,0.01645,0.01668,0.01500,0.01527,18255009.15764755
2025-06-06T00:00:00Z,GALAUSD,0.01546,0.01625,0.01540,0.01550,6593828.85497633
2025-06-07T00:00:00Z,GALAUSD,0.01557,0.01650,0.01556,0.01628,6365798.20505221
2025-06-08T00:00:00Z,GALAUSD,0.01619,0.01663,0.01592,0.01632,3709718.53148455
2025-06-09T00:00:00Z,GALAUSD,0.01631,0.01732,0.01598,0.01726,15066478.38613201
2025-06-10T00:00:00Z,GALAUSD,0.01728,0.01793,0.01689,0.01785,23103247.42195321
2025-06-11T00:00:00Z,GALAUSD,0.01788,0.01813,0.01692,0.01710,17075618.92149641
2025-06-12T00:00:00Z,GALAUSD,0.01702,0.01702,0.01566,0.01575,12970726.54505477
2025-06-13T00:00:00Z,GALAUSD,0.01568,0.01570,0.01446,0.01524,24365332.21551672
2025-06-14T00:00:00Z,GALAUSD,0.01521,0.01525,0.01475,0.01504,7968109.16225141
2025-06-15T00:00:00Z,GALAUSD,0.01504,0.01529,0.01460,0.01500,5256008.26791372
2025-06-16T00:00:00Z,GALAUSD,0.01491,0.01579,0.01486,0.01493,23151704.75395492
2025-06-17T00:00:00Z,GALAUSD,0.01484,0.01525,0.01392,0.01425,36808644.52531294
2025-06-18T00:00:00Z,GALAUSD,0.01428,0.01455,0.01363,0.01448,15464307.51665993
2025-06-19T00:00:00Z,GALAUSD,0.01447,0.01466,0.01405,0.01418,4408142.82885540
2025-06-20T00:00:00Z,GALAUSD,0.01420,0.01454,0.01345,0.01375,9950970.95989770
2025-06-21T00:00:00Z,GALAUSD,0.01375,0.01403,0.01259,0.01303,23658132.09153973
2025-06-22T00:00:00Z,GALAUSD,0.01310,0.01324,0.01177,0.01253,23971293.41563307
2025-06-23T00:00:00Z,GALAUSD,0.01253,0.01403,0.01246,0.01396,20817710.61142371
2025-06-24T00:00:00Z,GALAUSD,0.01400,0.01445,0.01384,0.01423,14833282.56266589
2025-06-25T00:00:00Z,GALAUSD,0.01422,0.01426,0.01345,0.01351,7778279.94279946
2025-06-26T00:00:00Z,GALAUSD,0.01352,0.01392,0.01328,0.01332,5529304.36533379
2025-06-27T00:00:00Z,GALAUSD,0.01333,0.01370,0.01317,0.01355,14263527.03150277
2025-06-28T00:00:00Z,GALAUSD,0.01352,0.01407,0.01343,0.01400,5496510.13888772
2025-06-29T00:00:00Z,GALAUSD,0.01400,0.01520,0.01383,0.01499,10119521.52089641
2025-06-30T00:00:00Z,GALAUSD,0.01500,0.01518,0.01408,0.01420,15456878.55612752
2025-07-01T00:00:00Z,GALAUSD,0.01420,0.01427,0.01331,0.01339,24330834.80746605
2025-07-02T00:00:00Z,GALAUSD,0.01344,0.01506,0.01320,0.01474,16073665.32738610
2025-07-03T00:00:00Z,GALAUSD,0.01482,0.01520,0.01452,0.01479,9613727.29168294
2025-07-04T00:00:00Z,GALAUSD,0.01483,0.01490,0.01360,0.01388,7426509.11714500
2025-07-05T00:00:00Z,GALAUSD,0.01388,0.01407,0.01359,0.01390,3154835.10856710
2025-07-06T00:00:00Z,GALAUSD,0.01388,0.01452,0.01376,0.01420,7775534.90910997
2025-07-07T00:00:00Z,GALAUSD,0.01427,0.01446,0.01393,0.01412,2311891.18371701
2025-07-08T00:00:00Z,GALAUSD,0.01415,0.01449,0.01381,0.01436,10979187.46035711
2025-07-09T00:00:00Z,GALAUSD,0.01433,0.01554,0.01417,0.01537,27740629.64768150
2025-07-10T00:00:00Z,GALAUSD,0.01542,0.01699,0.01525,0.01693,25665395.82002931
2025-07-11T00:00:00Z,GALAUSD,0.01697,0.01789,0.01660,0.01702,31525412.62195404
2025-07-12T00:00:00Z,GALAUSD,0.01701,0.01740,0.01616,0.01668,28644984.75293285
2025-07-13T00:00:00Z,GALAUSD,0.01663,0.01771,0.01660,0.01727,32143725.79520918
2025-07-14T00:00:00Z,GALAUSD,0.01726,0.01840,0.01669,0.01705,19490905.74869567
2025-07-15T00:00:00Z,GALAUSD,0.01713,0.01793,0.01639,0.01781,14097966.32972448
2025-07-16T00:00:00Z,GALAUSD,0.01778,0.01889,0.01735,0.01816,25835402.81888671
2025-07-17T00:00:00Z,GALAUSD,0.01817,0.01891,0.01765,0.01865,38554773.52900151
2025-07-18T00:00:00Z,GALAUSD,0.01863,0.02049,0.01823,0.01867,47301521.12198626
2025-07-19T00:00:00Z,GALAUSD,0.01870,0.01940,0.01814,0.01933,15863202.76630207
2025-07-20T00:00:00Z,GALAUSD,0.01932,0.02057,0.01913,0.02003,43285872.99996804
2025-07-21T00:00:00Z,GALAUSD,0.01994,0.02097,0.01951,0.02032,34575344.11292077
2025-07-22T00:00:00Z,GALAUSD,0.02024,0.02068,0.01893,0.02014,31968245.11116795
2025-07-23T00:00:00Z,GALAUSD,0.02016,0.02020,0.01724,0.01784,44962261.10118445
2025-07-24T00:00:00Z,GALAUSD,0.01776,0.01822,0.01650,0.01722,34305652.21724581
2025-07-25T00:00:00Z,GALAUSD,0.01711,0.01765,0.01659,0.01757,37482492.18814545
2025-07-26T00:00:00Z,GALAUSD,0.01753,0.01803,0.01750,0.01766,8662919.19505855
2025-07-27T00:00:00Z,GALAUSD,0.01766,0.01843,0.01765,0.01828,9523610.01763990
2025-07-28T00:00:00Z,GALAUSD,0.01834,0.01872,0.01678,0.01687,15273463.61756951
2025-07-29T00:00:00Z,GALAUSD,0.01696,0.01761,0.01635,0.01681,12243580.05783234
2025-07-30T00:00:00Z,GALAUSD,0.01677,0.01684,0.01539,0.01641,15175294.23281014
2025-07-31T00:00:00Z,GALAUSD,0.01637,0.01667,0.01540,0.01548,13201632.76587959
2025-08-01T00:00:00Z,GALAUSD,0.01539,0.01558,0.01450,0.01497,37077202.26757187
2025-08-02T00:00:00Z,GALAUSD,0.01502,0.01519,0.01428,0.01463,14381796.66791836
2025-08-03T00:00:00Z,GALAUSD,0.01462,0.01521,0.01450,0.01518,26338989.45546782
2025-08-04T00:00:00Z,GALAUSD,0.01514,0.01589,0.01513,0.01584,24407618.56111897
2025-08-05T00:00:00Z,GALAUSD,0.01583,0.01586,0.01483,0.01522,7262724.45281305
2025-08-06T00:00:00Z,GALAUSD,0.01520,0.01560,0.01487,0.01541,19547459.97270797
2025-08-07T00:00:00Z,GALAUSD,0.01539,0.01644,0.01538,0.01639,18430496.21288906
2025-08-08T00:00:00Z,GALAUSD,0.01643,0.01709,0.01620,0.01699,54224193.88139553
2025-08-09T00:00:00Z,GALAUSD,0.01702,0.01826,0.01696,0.01793,27558285.32716495
2025-08-10T00:00:00Z,GALAUSD,0.01794,0.01823,0.01713,0.01772,12508064.74191937
2025-08-11T00:00:00Z,GALAUSD,0.01760,0.01835,0.01658,0.01679,13692787.89143044
2025-08-12T00:00:00Z,GALAUSD,0.01672,0.01823,0.01648,0.01796,22777945.04358032
2025-08-13T00:00:00Z,GALAUSD,0.01805,0.01913,0.01782,0.01893,34688168.77035505
2025-08-14T00:00:00Z,GALAUSD,0.01895,0.01914,0.01633,0.01668,66788997.86305916
2025-08-15T00:00:00Z,GALAUSD,0.01671,0.01725,0.01598,0.01659,27160137.86463130
2025-08-16T00:00:00Z,GALAUSD,0.01659,0.01754,0.01659,0.01724,11569548.06875468
2025-08-17T00:00:00Z,GALAUSD,0.01724,0.01795,0.01711,0.01723,10132150.23835424
2025-08-18T00:00:00Z,GALAUSD,0.01723,0.01767,0.01631,0.01662,22154218.49190936
2025-08-19T00:00:00Z,GALAUSD,0.01660,0.01685,0.01571,0.01571,26589308.36872492
2025-08-20T00:00:00Z,GALAUSD,0.01579,0.01679,0.01571,0.01666,9642484.94099646
2025-08-21T00:00:00Z,GALAUSD,0.01666,0.01682,0.01609,0.01614,9266248.82499106
2025-08-22T00:00:00Z,GALAUSD,0.01622,0.01892,0.01561,0.01885,26771118.79009276
2025-08-23T00:00:00Z,GALAUSD,0.01882,0.01890,0.01788,0.01840,11522034.11960898
2025-08-24T00:00:00Z,GALAUSD,0.01845,0.01872,0.01729,0.01795,21401920.81956718
2025-08-25T00:00:00Z,GALAUSD,0.01794,0.01828,0.01575,0.01600,24375362.25936302
2025-08-26T00:00:00Z,GALAUSD,0.01596,0.01694,0.01589,0.01675,13165894.58136719
2025-08-27T00:00:00Z,GALAUSD,0.01674,0.01713,0.01635,0.01645,13620635.15882145
2025-08-28T00:00:00Z,GALAUSD,0.01641,0.01734,0.01627,0.01727,22966521.60495544
2025-08-29T00:00:00Z,GALAUSD,0.01728,0.01733,0.01573,0.01607,12079215.77799358
2025-08-30T00:00:00Z,GALAUSD,0.01603,0.01642,0.01577,0.01615,6822920.65505218
2025-08-31T00:00:00Z,GALAUSD,0.01619,0.01691,0.01610,0.01611,14895084.61583713
2025-09-01T00:00:00Z,GALAUSD,0.01610,0.01671,0.01513,0.01558,20646782.23034924
2025-09-02T00:00:00Z,GALAUSD,0.01561,0.01621,0.01546,0.01612,22716395.33777090
2025-09-03T00:00:00Z,GALAUSD,0.01613,0.01642,0.01591,0.01623,27075108.28867258
2025-09-04T00:00:00Z,GALAUSD,0.01626,0.01627,0.01546,0.01563,5607012.74026972
2025-09-05T00:00:00Z,GALAUSD,0.01565,0.01644,0.01565,0.01615,7750535.92311686
2025-09-06T00:00:00Z,GALAUSD,0.01616,0.01620,0.01577,0.01598,6718542.06666090
2025-09-07T00:00:00Z,GALAUSD,0.01596,0.01637,0.01596,0.01627,3886801.23972891
2025-09-08T00:00:00Z,GALAUSD,0.01625,0.01711,0.01619,0.01690,18508686.79147670
2025-09-09T00:00:00Z,GALAUSD,0.01690,0.01752,0.01665,0.01691,14184134.41968986
2025-09-10T00:00:00Z,GALAUSD,0.01690,0.01747,0.01676,0.01729,20626743.72555484
2025-09-11T00:00:00Z,GALAUSD,0.01726,0.01763,0.01694,0.01755,9704023.66466551
2025-09-12T00:00:00Z,GALAUSD,0.01758,0.01810,0.01738,0.01805,9757761.22716443
2025-09-13T00:00:00Z,GALAUSD,0.01807,0.01875,0.01795,0.01841,24605576.16438943
2025-09-14T00:00:00Z,GALAUSD,0.01842,0.01842,0.01717,0.01746,8687324.90993793
2025-09-15T00:00:00Z,GALAUSD,0.01751,0.01784,0.01635,0.01668,15220039.93550546
2025-09-16T00:00:00Z,GALAUSD,0.01668,0.01716,0.01643,0.01703,16331268.83708381
2025-09-17T00:00:00Z,GALAUSD,0.01701,0.01822,0.01667,0.01798,14993010.40266719
2025-09-18T00:00:00Z,GALAUSD,0.01801,0.01865,0.01775,0.01835,31799531.39015009
2025-09-19T00:00:00Z,GALAUSD,0.01836,0.01880,0.01700,0.01716,22880334.47892899
2025-09-20T00:00:00Z,GALAUSD,0.01716,0.01780,0.01703,0.01747,10009529.78894022
2025-09-21T00:00:00Z,GALAUSD,0.01750,0.01787,0.01715,0.01726,5633626.55606517
2025-09-22T00:00:00Z,GALAUSD,0.01723,0.01735,0.01484,0.01534,57495727.53727475
2025-09-23T00:00:00Z,GALAUSD,0.01532,0.01562,0.01494,0.01510,33562505.06687163
2025-09-24T00:00:00Z,GALAUSD,0.01514,0.01569,0.01483,0.01525,35654090.76076139
2025-09-25T00:00:00Z,GALAUSD,0.01526,0.01526,0.01400,0.01419,45320497.45968487
2025-09-26T00:00:00Z,GALAUSD,0.01420,0.01486,0.01403,0.01465,12228409.88299014
2025-09-27T00:00:00Z,GALAUSD,0.01461,0.01472,0.01433,0.01443,9331431.33399018
2025-09-28T00:00:00Z,GALAUSD,0.01441,0.01497,0.01409,0.01495,14365460.87406831
2025-09-29T00:00:00Z,GALAUSD,0.01495,0.01495,0.01431,0.01450,8469658.53142384
2025-09-30T00:00:00Z,GALAUSD,0.01450,0.01456,0.01389,0.01441,12947649.01789425
2025-10-01T00:00:00Z,GALAUSD,0.01445,0.01545,0.01430,0.01545,10756695.98586759
2025-10-02T00:00:00Z,GALAUSD,0.01547,0.01643,0.01540,0.01622,23734557.05571290
2025-10-03T00:00:00Z,GALAUSD,0.01618,0.01647,0.01573,0.01635,18055538.46852292
2025-10-04T00:00:00Z,GALAUSD,0.01636,0.01637,0.01545,0.01586,7085407.23832635
2025-10-05T00:00:00Z,GALAUSD,0.01589,0.01650,0.01553,0.01578,15423565.93728752
2025-10-06T00:00:00Z,GALAUSD,0.01573,0.01665,0.01567,0.01646,21995352.10934977
2025-10-07T00:00:00Z,GALAUSD,0.01646,0.01651,0.01527,0.01529,18740072.89710297
2025-10-08T00:00:00Z,GALAUSD,0.01529,0.01621,0.01509,0.01593,12652449.77596555
2025-10-09T00:00:00Z,GALAUSD,0.01590,0.01590,0.01483,0.01543,10146623.74822169
2025-10-10T00:00:00Z,GALAUSD,0.01541,0.02250,0.00261,0.01299,200349035.79260211
2025-10-11T00:00:00Z,GALAUSD,0.01332,0.01610,0.01004,0.01058,166065539.69494181
2025-10-12T00:00:00Z,GALAUSD,0.01057,0.01226,0.01050,0.01197,72301641.31752644
2025-10-13T00:00:00Z,GALAUSD,0.01197,0.01269,0.01160,0.01251,50953419.92278732
2025-10-14T00:00:00Z,GALAUSD,0.01252,0.01258,0.01120,0.01203,34803305.35427584
2025-10-15T00:00:00Z,GALAUSD,0.01197,0.01233,0.01129,0.01142,15771637.50159807
2025-10-16T00:00:00Z,GALAUSD,0.01145,0.01182,0.01086,0.01109,26239146.41375322
2025-10-17T00:00:00Z,GALAUSD,0.01111,0.01129,0.01009,0.01069,26972124.38718721
2025-10-18T00:00:00Z,GALAUSD,0.01069,0.01104,0.01065,0.01095,13251297.43293964
2025-10-19T00:00:00Z,GALAUSD,0.01096,0.01136,0.01073,0.01116,17013980.34351571
2025-10-20T00:00:00Z,GALAUSD,0.01115,0.01170,0.01095,0.01135,19149542.89136793
2025-10-21T00:00:00Z,GALAUSD,0.01135,0.01179,0.01083,0.01095,26763718.39170944
2025-10-22T00:00:00Z,GALAUSD,0.01090,0.01099,0.01014,0.01047,29615686.29984724
2025-10-23T00:00:00Z,GALAUSD,0.01045,0.01117,0.01045,0.01090,15155326.61426493
2025-10-24T00:00:00Z,GALAUSD,0.01092,0.01120,0.01077,0.01117,12348024.85110704
2025-10-25T00:00:00Z,GALAUSD,0.01117,0.01120,0.01100,0.01106,5280084.73263596
2025-10-26T00:00:00Z,GALAUSD,0.01103,0.01166,0.01091,0.01147,29879464.62298147
2025-10-27T00:00:00Z,GALAUSD,0.01145,0.01164,0.01107,0.01120,18040075.41794663
2025-10-28T00:00:00Z,GALAUSD,0.01118,0.01134,0.01056,0.01077,15939323.17806901
2025-10-29T00:00:00Z,GALAUSD,0.01079,0.01118,0.01056,0.01075,15377247.06761168
2025-10-30T00:00:00Z,GALAUSD,0.01074,0.01089,0.00947,0.00991,40158696.36822625
2025-10-31T00:00:00Z,GALAUSD,0.00989,0.01023,0.00980,0.01006,26197358.91781129
2025-11-01T00:00:00Z,GALAUSD,0.01006,0.01045,0.00998,0.01045,5873759.05077525
2025-11-02T00:00:00Z,GALAUSD,0.01042,0.01059,0.01008,0.01050,10889211.68026357
2025-11-03T00:00:00Z,GALAUSD,0.01046,0.01050,0.00836,0.00884,38590216.71123426
2025-11-04T00:00:00Z,GALAUSD,0.00883,0.00916,0.00792,0.00850,79192518.93273950
2025-11-05T00:00:00Z,GALAUSD,0.00848,0.00911,0.00813,0.00905,17852490.33294093
2025-11-06T00:00:00Z,GALAUSD,0.00901,0.00901,0.00845,0.00885,13161454.73731568
2025-11-07T00:00:00Z,GALAUSD,0.00887,0.01068,0.00886,0.01028,42510223.89138202
2025-11-08T00:00:00Z,GALAUSD,0.01032,0.01059,0.00980,0.01028,18668200.47864342
2025-11-09T00:00:00Z,GALAUSD,0.01029,0.01035,0.00968,0.01018,19693333.96102002
2025-11-10T00:00:00Z,GALAUSD,0.01028,0.01088,0.01025,0.01061,33670132.97348265
2025-11-11T00:00:00Z,GALAUSD,0.01063,0.01083,0.00985,0.00987,18422194.40766209
2025-11-12T00:00:00Z,GALAUSD,0.00987,0.01054,0.00939,0.00960,31376930.24092564
2025-11-13T00:00:00Z,GALAUSD,0.00966,0.01006,0.00901,0.00933,16810151.71970472
2025-11-14T00:00:00Z,GALAUSD,0.00930,0.00940,0.00873,0.00898,26273303.98941382
2025-11-15T00:00:00Z,GALAUSD,0.00896,0.00939,0.00896,0.00909,11577708.79017730
2025-11-16T00:00:00Z,GALAUSD,0.00910,0.00953,0.00827,0.00860,54436701.75872279
2025-11-17T00:00:00Z,GALAUSD,0.00857,0.00901,0.00827,0.00843,18211312.17105425
2025-11-18T00:00:00Z,GALAUSD,0.00837,0.00889,0.00827,0.00869,7769240.22147630
2025-11-19T00:00:00Z,GALAUSD,0.00864,0.00865,0.00799,0.00833,10725282.56405367
2025-11-20T00:00:00Z,GALAUSD,0.00834,0.00871,0.00784,0.00801,16712213.24953638
2025-11-21T00:00:00Z,GALAUSD,0.00805,0.00823,0.00696,0.00756,34845971.41996349
2025-11-22T00:00:00Z,GALAUSD,0.00757,0.00759,0.00728,0.00742,5902650.91326976
2025-11-23T00:00:00Z,GALAUSD,0.00736,0.00759,0.00736,0.00740,8435181.65490922
2025-11-24T00:00:00Z,GALAUSD,0.00738,0.00785,0.00730,0.00771,28344658.06624676
2025-11-25T00:00:00Z,GALAUSD,0.00771,0.00787,0.00756,0.00782,7050689.47713020
2025-11-26T00:00:00Z,GALAUSD,0.00780,0.00790,0.00751,0.00783,6036378.99120982
2025-11-27T00:00:00Z,GALAUSD,0.00787,0.00814,0.00777,0.00793,5946539.50265731
2025-11-28T00:00:00Z,GALAUSD,0.00795,0.00810,0.00771,0.00784,27569098.10640967
2025-11-29T00:00:00Z,GALAUSD,0.00783,0.00794,0.00760,0.00766,20797192.24553309
2025-11-30T00:00:00Z,GALAUSD,0.00765,0.00777,0.00754,0.00754,19424648.91052257
2025-12-01T00:00:00Z,GALAUSD,0.00751,0.00752,0.00658,0.00677,47610660.22111232
2025-12-02T00:00:00Z,GALAUSD,0.00678,0.00757,0.00665,0.00741,10047614.85706473
2025-12-03T00:00:00Z,GALAUSD,0.00744,0.00785,0.00743,0.00776,9148877.33576812
2025-12-04T00:00:00Z,GALAUSD,0.00777,0.00785,0.00745,0.00751,21118245.42729726
2025-12-05T00:00:00Z,GALAUSD,0.00751,0.00762,0.00695,0.00713,8310963.26410948
2025-12-06T00:00:00Z,GALAUSD,0.00710,0.00739,0.00707,0.00720,5182872.81107561
2025-12-07T00:00:00Z,GALAUSD,0.00717,0.00731,0.00682,0.00706,17058593.54058379
2025-12-08T00:00:00Z,GALAUSD,0.00703,0.00747,0.00703,0.00730,20179653.79069243
2025-12-09T00:00:00Z,GALAUSD,0.00729,0.00795,0.00715,0.00779,17376308.90531344
2025-12-10T00:00:00Z,GALAUSD,0.00778,0.00796,0.00746,0.00754,29647612.99233893
2025-12-11T00:00:00Z,GALAUSD,0.00750,0.00751,0.00706,0.00737,23311590.03078191
2025-12-12T00:00:00Z,GALAUSD,0.00738,0.00744,0.00690,0.00713,10751057.45410591
2025-12-13T00:00:00Z,GALAUSD,0.00714,0.00723,0.00708,0.00712,2614523.15187427
2025-12-14T00:00:00Z,GALAUSD,0.00713,0.00715,0.00675,0.00680,6287131.62741796
2025-12-15T00:00:00Z,GALAUSD,0.00680,0.00703,0.00635,0.00652,16383141.79820376
2025-12-16T00:00:00Z,GALAUSD,0.00653,0.00671,0.00637,0.00659,26246466.85979960
2025-12-17T00:00:00Z,GALAUSD,0.00659,0.00683,0.00616,0.00622,11947253.83430247
2025-12-18T00:00:00Z,GALAUSD,0.00622,0.00638,0.00575,0.00589,25037343.67180135
2025-12-19T00:00:00Z,GALAUSD,0.00590,0.00640,0.00581,0.00633,14799603.68976069
2025-12-20T00:00:00Z,GALAUSD,0.00631,0.00641,0.00626,0.00633,8796153.87054446
2025-12-21T00:00:00Z,GALAUSD,0.00629,0.00629,0.00598,0.00611,17735612.02546918
2025-12-22T00:00:00Z,GALAUSD,0.00615,0.00635,0.00607,0.00619,9033442.41500536
2025-12-23T00:00:00Z,GALAUSD,0.00620,0.00625,0.00594,0.00611,7593425.52440124
2025-12-24T00:00:00Z,GALAUSD,0.00612,0.00618,0.00595,0.00612,18515894.07656762
2025-12-25T00:00:00Z,GALAUSD,0.00613,0.00628,0.00594,0.00597,8850286.16890958
2025-12-26T00:00:00Z,GALAUSD,0.00596,0.00624,0.00595,0.00607,6450745.49934436
2025-12-27T00:00:00Z,GALAUSD,0.00607,0.00627,0.00599,0.00625,10142234.19016051
2025-12-28T00:00:00Z,GALAUSD,0.00626,0.00633,0.00611,0.00620,11015091.04930753
2025-12-29T00:00:00Z,GALAUSD,0.00619,0.00634,0.00598,0.00600,19947594.72593807
2025-12-30T00:00:00Z,GALAUSD,0.00603,0.00609,0.00595,0.00599,13128111.53005048
2025-12-31T00:00:00Z,GALAUSD,0.00596,0.00600,0.00572,0.00583,24054155.19329839
2026-01-01T00:00:00Z,GALAUSD,0.00585,0.00630,0.00581,0.00629,13108074.04752265
2026-01-02T00:00:00Z,GALAUSD,0.00628,0.00680,0.00624,0.00679,31033418.54929778
2026-01-03T00:00:00Z,GALAUSD,0.00681,0.00697,0.00667,0.00683,40210858.86205044
2026-01-04T00:00:00Z,GALAUSD,0.00682,0.00757,0.00682,0.00741,35608781.18850493
2026-01-05T00:00:00Z,GALAUSD,0.00747,0.00760,0.00711,0.00755,20039496.72610167
2026-01-06T00:00:00Z,GALAUSD,0.00753,0.00790,0.00723,0.00758,55909578.35776785
2026-01-07T00:00:00Z,GALAUSD,0.00757,0.00761,0.00723,0.00733,13024166.35895603
2026-01-08T00:00:00Z,GALAUSD,0.00732,0.00736,0.00698,0.00720,9565016.54197071
2026-01-09T00:00:00Z,GALAUSD,0.00721,0.00741,0.00706,0.00721,63994451.58418062
2026-01-10T00:00:00Z,GALAUSD,0.00717,0.00726,0.00700,0.00708,5304075.19498653
2026-01-11T00:00:00Z,GALAUSD,0.00708,0.00721,0.00687,0.00693,5820693.88755005
2026-01-12T00:00:00Z,GALAUSD,0.00696,0.00725,0.00678,0.00687,38241194.57413333
2026-01-13T00:00:00Z,GALAUSD,0.00688,0.00773,0.00686,0.00756,31731800.30605464
2026-01-14T00:00:00Z,GALAUSD,0.00761,0.00768,0.00739,0.00744,21853454.15040837
2026-01-15T00:00:00Z,GALAUSD,0.00741,0.00744,0.00693,0.00700,13873787.07172186
2026-01-16T00:00:00Z,GALAUSD,0.00701,0.00729,0.00686,0.00726,14608322.31597152
2026-01-17T00:00:00Z,GALAUSD,0.00728,0.00824,0.00727,0.00779,102612750.44616917
2026-01-18T00:00:00Z,GALAUSD,0.00782,0.00795,0.00716,0.00716,29916362.50580289
2026-01-19T00:00:00Z,GALAUSD,0.00712,0.00712,0.00636,0.00669,63295849.50607512
2026-01-20T00:00:00Z,GALAUSD,0.00668,0.00679,0.00623,0.00628,37303286.80067983
2026-01-21T00:00:00Z,GALAUSD,0.00631,0.00667,0.00619,0.00647,21883942.14851319
2026-01-22T00:00:00Z,GALAUSD,0.00650,0.00683,0.00626,0.00635,21944909.25677322
2026-01-23T00:00:00Z,GALAUSD,0.00633,0.00663,0.00626,0.00636,20645527.53840673
2026-01-24T00:00:00Z,GALAUSD,0.00636,0.00637,0.00619,0.00622,12269979.65880735
2026-01-25T00:00:00Z,GALAUSD,0.00623,0.00624,0.00576,0.00594,36941866.75645889
2026-01-26T00:00:00Z,GALAUSD,0.00594,0.00616,0.00591,0.00605,17463797.57235915
2026-01-27T00:00:00Z,GALAUSD,0.00605,0.00615,0.00593,0.00606,19416611.32293606
2026-01-28T00:00:00Z,GALAUSD,0.00602,0.00606,0.00587,0.00595,16667614.23841510
2026-01-29T00:00:00Z,GALAUSD,0.00590,0.00591,0.00536,0.00551,37263498.65374166
2026-01-30T00:00:00Z,GALAUSD,0.00548,0.00551,0.00524,0.00536,41175450.32429017
2026-01-31T00:00:00Z,GALAUSD,0.00536,0.00536,0.00433,0.00481,53035396.57941266
2026-02-01T00:00:00Z,GALAUSD,0.00485,0.00489,0.00460,0.00471,22617791.55724928
2026-02-02T00:00:00Z,GALAUSD,0.00469,0.00491,0.00455,0.00480,35442101.86870257
2026-02-03T00:00:00Z,GALAUSD,0.00479,0.00495,0.00450,0.00468,44332489.82379529
2026-02-04T00:00:00Z,GALAUSD,0.00469,0.00481,0.00454,0.00466,31168673.28824041
2026-02-05T00:00:00Z,GALAUSD,0.00464,0.00471,0.00386,0.00387,69994633.62517445
2026-02-06T00:00:00Z,GALAUSD,0.00389,0.00443,0.00342,0.00433,72973934.23580022
2026-02-07T00:00:00Z,GALAUSD,0.00431,0.00436,0.00412,0.00424,22246157.53774330
2026-02-08T00:00:00Z,GALAUSD,0.00423,0.00424,0.00402,0.00408,15987911.06438378
2026-02-09T00:00:00Z,GALAUSD,0.00406,0.00416,0.00398,0.00411,26029372.07493123
2026-02-10T00:00:00Z,GALAUSD,0.00411,0.00414,0.00394,0.00396,20292440.03346733
2026-02-11T00:00:00Z,GALAUSD,0.00397,0.00407,0.00383,0.00388,38963552.10322727
2026-02-12T00:00:00Z,GALAUSD,0.00389,0.00405,0.00389,0.00399,26135190.82592707
2026-02-13T00:00:00Z,GALAUSD,0.00399,0.00411,0.00385,0.00409,30642695.79850357
2026-02-14T00:00:00Z,GALAUSD,0.00410,0.00437,0.00409,0.00433,21351195.48172248
2026-02-15T00:00:00Z,GALAUSD,0.00433,0.00436,0.00401,0.00408,24125835.37303906
2026-02-16T00:00:00Z,GALAUSD,0.00407,0.00420,0.00403,0.00414,15457814.72744523
2026-02-17T00:00:00Z,GALAUSD,0.00414,0.00414,0.00401,0.00404,14762923.99453119
2026-02-18T00:00:00Z,GALAUSD,0.00404,0.00409,0.00386,0.00387,10963158.42890486
2026-02-19T00:00:00Z,GALAUSD,0.00387,0.00392,0.00372,0.00379,14674221.61502321
2026-02-20T00:00:00Z,GALAUSD,0.00379,0.00395,0.00372,0.00392,37767984.19078474
2026-02-21T00:00:00Z,GALAUSD,0.00391,0.00405,0.00389,0.00389,14717234.45922085
2026-02-22T00:00:00Z,GALAUSD,0.00388,0.00388,0.00361,0.00363,46025538.94733824
2026-02-23T00:00:00Z,GALAUSD,0.00364,0.00367,0.00340,0.00351,19955041.06107855
2026-02-24T00:00:00Z,GALAUSD,0.00352,0.00355,0.00339,0.00351,18638687.37383413
2026-02-25T00:00:00Z,GALAUSD,0.00349,0.00415,0.00344,0.00388,36687905.91940052
2026-02-26T00:00:00Z,GALAUSD,0.00387,0.00389,0.00362,0.00370,23538465.23050557
2026-02-27T00:00:00Z,GALAUSD,0.00370,0.00386,0.00359,0.00366,31081647.16287715
2026-02-28T00:00:00Z,GALAUSD,0.00366,0.00367,0.00336,0.00360,29566183.73931826
2026-03-01T00:00:00Z,GALAUSD,0.00361,0.00373,0.00340,0.00348,23569022.67374821
2026-03-02T00:00:00Z,GALAUSD,0.00351,0.00371,0.00344,0.00351,28773636.25885474
2026-03-03T00:00:00Z,GALAUSD,0.00353,0.00362,0.00339,0.00352,26700391.96377716
2026-03-04T00:00:00Z,GALAUSD,0.00352,0.00376,0.00348,0.00359,38405327.47588300
2026-03-05T00:00:00Z,GALAUSD,0.00361,0.00367,0.00345,0.00354,30911619.92064804
2026-03-06T00:00:00Z,GALAUSD,0.00354,0.00359,0.00335,0.00343,31248764.43298386
2026-03-07T00:00:00Z,GALAUSD,0.00343,0.00344,0.00325,0.00328,16521521.32395488
2026-03-08T00:00:00Z,GALAUSD,0.00328,0.00338,0.00318,0.00327,17163262.82221869
2026-03-09T00:00:00Z,GALAUSD,0.00327,0.00346,0.00327,0.00335,28697580.15976579
2026-03-10T00:00:00Z,GALAUSD,0.00335,0.00351,0.00332,0.00335,28072524.85511118
2026-03-11T00:00:00Z,GALAUSD,0.00335,0.00353,0.00328,0.00340,14819503.82167419
2026-03-12T00:00:00Z,GALAUSD,0.00340,0.00343,0.00329,0.00334,25260224.81001438
2026-03-13T00:00:00Z,GALAUSD,0.00334,0.00363,0.00334,0.00353,33475977.73336031
2026-03-14T00:00:00Z,GALAUSD,0.00353,0.00357,0.00336,0.00339,16933231.80025799
2026-03-15T00:00:00Z,GALAUSD,0.00340,0.00354,0.00339,0.00349,22962113.64695845
2026-03-16T00:00:00Z,GALAUSD,0.00350,0.00371,0.00349,0.00369,39296192.32034700
2026-03-17T00:00:00Z,GALAUSD,0.00368,0.00369,0.00354,0.00360,31447271.60075549
2026-03-18T00:00:00Z,GALAUSD,0.00360,0.00370,0.00336,0.00345,20561016.51800536
2026-03-19T00:00:00Z,GALAUSD,0.00345,0.00346,0.00329,0.00336,14690301.06859864
2026-03-20T00:00:00Z,GALAUSD,0.00336,0.00343,0.00331,0.00334,15397737.90649377
2026-03-21T00:00:00Z,GALAUSD,0.00334,0.00335,0.00317,0.00319,19886370.57527453
2026-03-22T00:00:00Z,GALAUSD,0.00317,0.00322,0.00299,0.00305,22163865.33798582
2026-03-23T00:00:00Z,GALAUSD,0.00305,0.00322,0.00300,0.00320,35379579.27594760
2026-03-24T00:00:00Z,GALAUSD,0.00322,0.00326,0.00314,0.00320,15649583.06790201
2026-03-25T00:00:00Z,GALAUSD,0.00320,0.00325,0.00314,0.00315,13203190.78397326
2026-03-26T00:00:00Z,GALAUSD,0.00315,0.00316,0.00299,0.00304,21927554.55344691
2026-03-27T00:00:00Z,GALAUSD,0.00305,0.00308,0.00292,0.00294,28417358.43702133
2026-03-28T00:00:00Z,GALAUSD,0.00295,0.00298,0.00283,0.00284,27251394.55832081
2026-03-29T00:00:00Z,GALAUSD,0.00283,0.00286,0.00269,0.00277,22740670.24412842
2026-03-30T00:00:00Z,GALAUSD,0.00278,0.00298,0.00278,0.00288,16395588.63477726
2026-03-31T00:00:00Z,GALAUSD,0.00288,0.00296,0.00285,0.00290,17403039.06969015
2026-04-01T00:00:00Z,GALAUSD,0.00290,0.00303,0.00288,0.00293,20387700.83060424
2026-04-02T00:00:00Z,GALAUSD,0.00294,0.00295,0.00280,0.00285,18646551.45528291
2026-04-03T00:00:00Z,GALAUSD,0.00286,0.00298,0.00284,0.00289,15485097.72656731
2026-04-04T00:00:00Z,GALAUSD,0.00289,0.00294,0.00284,0.00293,24195240.26696394
2026-04-05T00:00:00Z,GALAUSD,0.00293,0.00293,0.00281,0.00290,23289158.98105005
2026-04-06T00:00:00Z,GALAUSD,0.00291,0.00301,0.00284,0.00287,22517215.12564173
2026-04-07T00:00:00Z,GALAUSD,0.00286,0.00313,0.00278,0.00310,15211134.76975192
2026-04-08T00:00:00Z,GALAUSD,0.00312,0.00314,0.00302,0.00302,23212725.79252851
2026-04-09T00:00:00Z,GALAUSD,0.00303,0.00315,0.00298,0.00308,11699115.49698897
2026-04-10T00:00:00Z,GALAUSD,0.00307,0.00313,0.00301,0.00308,8662777.04283258
2026-04-11T00:00:00Z,GALAUSD,0.00307,0.00310,0.00298,0.00304,7015194.93231838
2026-04-12T00:00:00Z,GALAUSD,0.00303,0.00304,0.00288,0.00289,8618336.49866648
2026-04-13T00:00:00Z,GALAUSD,0.00288,0.00309,0.00288,0.00306,13139419.05575290
2026-04-14T00:00:00Z,GALAUSD,0.00306,0.00308,0.00291,0.00296,11007197.00701850
2026-04-15T00:00:00Z,GALAUSD,0.00298,0.00317,0.00295,0.00312,18225024.20166512
2026-04-16T00:00:00Z,GALAUSD,0.00313,0.00346,0.00309,0.00344,20990387.94571115
2026-04-17T00:00:00Z,GALAUSD,0.00343,0.00351,0.00330,0.00340,21408959.66947685
2026-04-18T00:00:00Z,GALAUSD,0.00339,0.00353,0.00322,0.00323,14621948.27942289
2026-04-19T00:00:00Z,GALAUSD,0.00322,0.00332,0.00315,0.00317,9165655.49984889
2026-04-20T00:00:00Z,GALAUSD,0.00317,0.00328,0.00316,0.00323,12379765.82526112
2026-04-21T00:00:00Z,GALAUSD,0.00323,0.00326,0.00313,0.00321,9941547.91381078
2026-04-22T00:00:00Z,GALAUSD,0.00323,0.00334,0.00319,0.00319,11727423.66716328
2026-04-23T00:00:00Z,GALAUSD,0.00319,0.00324,0.00313,0.00324,26740456.18602453
2026-04-24T00:00:00Z,GALAUSD,0.00325,0.00380,0.00320,0.00357,47378615.74639060
2026-04-25T00:00:00Z,GALAUSD,0.00353,0.00383,0.00344,0.00348,101332225.86069932
2026-04-26T00:00:00Z,GALAUSD,0.00348,0.00349,0.00338,0.00340,26467567.57235663
2026-04-27T00:00:00Z,GALAUSD,0.00339,0.00350,0.00326,0.00329,87584018.32394533
2026-04-28T00:00:00Z,GALAUSD,0.00329,0.00335,0.00326,0.00333,51752218.80498559
2026-04-29T00:00:00Z,GALAUSD,0.00332,0.00339,0.00315,0.00321,55919688.65846388
2026-04-30T00:00:00Z,GALAUSD,0.00320,0.00326,0.00319,0.00319,32316534.39315320
2026-05-01T00:00:00Z,GALAUSD,0.00320,0.00327,0.00319,0.00321,12074389.22854707
2026-05-02T00:00:00Z,GALAUSD,0.00322,0.00322,0.00317,0.00319,7775895.58722977
2026-05-03T00:00:00Z,GALAUSD,0.00318,0.00318,0.00308,0.00309,34564524.39103410
2026-05-04T00:00:00Z,GALAUSD,0.00309,0.00322,0.00307,0.00311,23517505.27231793
2026-05-05T00:00:00Z,GALAUSD,0.00312,0.00365,0.00312,0.00349,58994489.08297336
2026-05-06T00:00:00Z,GALAUSD,0.00348,0.00378,0.00345,0.00370,186816161.94056985
2026-05-07T00:00:00Z,GALAUSD,0.00372,0.00389,0.00362,0.00375,229417878.78544633
2026-05-08T00:00:00Z,GALAUSD,0.00373,0.00451,0.00369,0.00417,314061280.37504713
2026-05-09T00:00:00Z,GALAUSD,0.00418,0.00447,0.00408,0.00409,228554717.90664495
2026-05-10T00:00:00Z,GALAUSD,0.00408,0.00414,0.00393,0.00408,106867840.19641481
2026-05-11T00:00:00Z,GALAUSD,0.00406,0.00407,0.00389,0.00392,37543845.08603811
2026-05-12T00:00:00Z,GALAUSD,0.00392,0.00393,0.00369,0.00376,103115494.99894998
2026-05-13T00:00:00Z,GALAUSD,0.00376,0.00393,0.00360,0.00363,97225865.94141514
2026-05-14T00:00:00Z,GALAUSD,0.00362,0.00378,0.00355,0.00370,44645641.74145134
2026-05-15T00:00:00Z,GALAUSD,0.00369,0.00372,0.00345,0.00351,43485498.78392474
2026-05-16T00:00:00Z,GALAUSD,0.00350,0.00352,0.00334,0.00340,37625095.11685614
2026-05-17T00:00:00Z,GALAUSD,0.00339,0.00348,0.00321,0.00330,34579458.50403947
2026-05-18T00:00:00Z,GALAUSD,0.00330,0.00339,0.00325,0.00339,37587190.20382797
2026-05-19T00:00:00Z,GALAUSD,0.00340,0.00341,0.00331,0.00332,32445104.47780460
2026-05-20T00:00:00Z,GALAUSD,0.00333,0.00344,0.00330,0.00337,62058803.06937837
2026-05-21T00:00:00Z,GALAUSD,0.00338,0.00345,0.00331,0.00341,62743967.43045367
2026-05-22T00:00:00Z,GALAUSD,0.00340,0.00349,0.00321,0.00321,52128143.18367359
2026-05-23T00:00:00Z,GALAUSD,0.00323,0.00336,0.00308,0.00329,72954191.43453249
2026-05-24T00:00:00Z,GALAUSD,0.00327,0.00328,0.00312,0.00317,25459306.95781008
2026-05-25T00:00:00Z,GALAUSD,0.00319,0.00336,0.00317,0.00328,49686435.86438289
2026-05-26T00:00:00Z,GALAUSD,0.00327,0.00339,0.00320,0.00326,19724323.11546427
2026-05-27T00:00:00Z,GALAUSD,0.00327,0.00329,0.00310,0.00314,77507110.79669488
2026-05-28T00:00:00Z,GALAUSD,0.00314,0.00315,0.00295,0.00305,50483715.59569791
2026-05-29T00:00:00Z,GALAUSD,0.00306,0.00314,0.00298,0.00308,62044317.29829484
2026-05-30T00:00:00Z,GALAUSD,0.00309,0.00316,0.00309,0.00310,9606631.63976695
2026-05-31T00:00:00Z,GALAUSD,0.00309,0.00316,0.00302,0.00315,12947273.92489777
2026-06-01T00:00:00Z,GALAUSD,0.00316,0.00318,0.00303,0.00312,22860466.63860064
2026-06-02T00:00:00Z,GALAUSD,0.00311,0.00312,0.00279,0.00284,43586479.60110933
2026-06-03T00:00:00Z,GALAUSD,0.00287,0.00302,0.00282,0.00286,35529677.20653221
2026-06-04T00:00:00Z,GALAUSD,0.00287,0.00288,0.00258,0.00271,84931569.99962997
2026-06-05T00:00:00Z,GALAUSD,0.00271,0.00271,0.00239,0.00251,97002741.24091630
2026-06-06T00:00:00Z,GALAUSD,0.00251,0.00255,0.00235,0.00249,20836800.53928039
2026-06-07T00:00:00Z,GALAUSD,0.00249,0.00269,0.00249,0.00263,25332657.43339368
2026-06-08T00:00:00Z,GALAUSD,0.00263,0.00269,0.00257,0.00263,12963150.69298188
2026-06-09T00:00:00Z,GALAUSD,0.00261,0.00264,0.00249,0.00257,19429798.46313230
2026-06-10T00:00:00Z,GALAUSD,0.00258,0.00263,0.00248,0.00253,15189905.12065226
2026-06-11T00:00:00Z,GALAUSD,0.00253,0.00282,0.00253,0.00272,67366057.88185136
2026-06-12T00:00:00Z,GALAUSD,0.00271,0.00272,0.00262,0.00264,34067439.04712854
2026-06-13T00:00:00Z,GALAUSD,0.00265,0.00270,0.00264,0.00267,20850027.84378819
2026-06-14T00:00:00Z,GALAUSD,0.00266,0.00274,0.00257,0.00274,33302194.95709827
2026-06-15T00:00:00Z,GALAUSD,0.00273,0.00280,0.00271,0.00274,25216156.49001666
2026-06-16T00:00:00Z,GALAUSD,0.00276,0.00277,0.00267,0.00271,16635945.51626391
2026-06-17T00:00:00Z,GALAUSD,0.00271,0.00276,0.00263,0.00267,15419147.96119913
2026-06-18T00:00:00Z,GALAUSD,0.00268,0.00269,0.00252,0.00258,25861521.13067823
2026-06-19T00:00:00Z,GALAUSD,0.00258,0.00261,0.00252,0.00255,14512906.40223753
2026-06-20T00:00:00Z,GALAUSD,0.00255,0.00274,0.00254,0.00271,52432890.43148694
2026-06-21T00:00:00Z,GALAUSD,0.00271,0.00276,0.00257,0.00257,32040042.32931940
2026-06-22T00:00:00Z,GALAUSD,0.00257,0.00266,0.00250,0.00251,79342378.78694236
2026-06-23T00:00:00Z,GALAUSD,0.00250,0.00256,0.00241,0.00241,33884858.63815096
2026-06-24T00:00:00Z,GALAUSD,0.00243,0.00244,0.00224,0.00235,43045273.89108179
2026-06-25T00:00:00Z,GALAUSD,0.00234,0.00243,0.00219,0.00229,47553867.52508145
2026-06-26T00:00:00Z,GALAUSD,0.00228,0.00236,0.00220,0.00235,25069032.16391548
2026-06-27T00:00:00Z,GALAUSD,0.00235,0.00235,0.00225,0.00225,11033769.63814622
2026-06-28T00:00:00Z,GALAUSD,0.00226,0.00230,0.00224,0.00226,10476434.73762363
2026-06-29T00:00:00Z,GALAUSD,0.00225,0.00235,0.00224,0.00228,27334887.63652555
2026-06-30T00:00:00Z,GALAUSD,0.00228,0.00232,0.00220,0.00223,20810945.00245987
2026-07-01T00:00:00Z,GALAUSD,0.00223,0.00237,0.00218,0.00230,17668280.26020785
2026-07-02T00:00:00Z,GALAUSD,0.00230,0.00238,0.00228,0.00232,26490423.38841209
2026-07-03T00:00:00Z,GALAUSD,0.00232,0.00259,0.00229,0.00251,51672861.23304044
2026-07-04T00:00:00Z,GALAUSD,0.00250,0.00250,0.00233,0.00240,40342250.23494599
2026-07-05T00:00:00Z,GALAUSD,0.00238,0.00238,0.00227,0.00233,18873203.55544368
2026-07-06T00:00:00Z,GALAUSD,0.00230,0.00231,0.00219,0.00225,34674087.08985091
2026-07-07T00:00:00Z,GALAUSD,0.00225,0.00225,0.00219,0.00222,29617338.19547825
2026-07-08T00:00:00Z,GALAUSD,0.00222,0.00222,0.00205,0.00208,51340279.39400470
2026-07-09T00:00:00Z,GALAUSD,0.00209,0.00215,0.00207,0.00212,32426948.54671637
2026-07-10T00:00:00Z,GALAUSD,0.00211,0.00219,0.00210,0.00216,34953310.40004728
2026-07-11T00:00:00Z,GALAUSD,0.00216,0.00218,0.00208,0.00209,33080288.27532149
2026-07-12T00:00:00Z,GALAUSD,0.00208,0.00212,0.00203,0.00205,47367965.59022352
2026-07-13T00:00:00Z,GALAUSD,0.00205,0.00207,0.00197,0.00203,29508243.11836933
2026-07-14T00:00:00Z,GALAUSD,0.00203,0.00210,0.00200,0.00204,65137300.81141225
2026-07-15T00:00:00Z,GALAUSD,0.00204,0.00205,0.00200,0.00203,23189614.65334876
2026-07-16T00:00:00Z,GALAUSD,0.00204,0.00212,0.00197,0.00208,27822043.24847145
2026-07-17T00:00:00Z,GALAUSD,0.00208,0.00222,0.00201,0.00210,109596567.15180677
2026-07-18T00:00:00Z,GALAUSD,0.00209,0.00220,0.00204,0.00205,22843043.82992375
2026-07-19T00:00:00Z,GALAUSD,0.00205,0.00211,0.00199,0.00201,33474975.55172923
2026-07-20T00:00:00Z,GALAUSD,0.00201,0.00206,0.00197,0.00204,13789095.69274895
2026-07-21T00:00:00Z,GALAUSD,0.00203,0.00206,0.00198,0.00205,16549512.55898895
2026-07-22T00:00:00Z,GALAUSD,0.00206,0.00210,0.00204,0.00205,12867438.57487800
2026-07-23T00:00:00Z,GALAUSD,0.00205,0.00206,0.00197,0.00200,23565511.24989468
2026-07-24T00:00:00Z,GALAUSD,0.00199,0.00202,0.00194,0.00198,14135932.83877079
2026-07-25T00:00:00Z,GALAUSD,0.00197,0.00204,0.00197,0.00199,25397535.62063397
2026-07-26T00:00:00Z,GALAUSD,0.00199,0.00201,0.00197,0.00201,10187836.94408464
2026-07-27T00:00:00Z,GALAUSD,0.00200,0.00201,0.00182,0.00186,26385136.04918692
2026-07-28T00:00:00Z,GALAUSD,0.00186,0.00187,0.00178,0.00183,26487211.64216034
2026-07-29T00:00:00Z,GALAUSD,0.00183,0.00183,0.00175,0.00179,21525089.73548092
2026-07-30T00:00:00Z,GALAUSD,0.00180,0.00181,0.00176,0.00178,20525026.27410155
2026-07-31T00:00:00Z,GALAUSD,0.00177,0.00183,0.00173,0.00183,13182123.11152727
2026-08-01T00:00:00Z,GALAUSD,0.00182,0.00183,0.00175,0.00176,11103270.37355419
2026-08-02T00:00:00Z,GALAUSD,0.00175,0.00180,0.00175,0.00180,13193335.40966494
2026-08-03T00:00:00Z,GALAUSD,0.00181,0.00181,0.00175,0.00181,24112249.70554731
2026-08-04T00:00:00Z,GALAUSD,0.00181,0.00183,0.00176,0.00179,47077356.44285548
2026-08-05T00:00:00Z,GALAUSD,0.00179,0.00179,0.00175,0.00178,30529351.13124569
2026-08-06T00:00:00Z,GALAUSD,0.00178,0.00182,0.00176,0.00180,13211912.56426172
2026-08-07T00:00:00Z,GALAUSD,0.00181,0.00181,0.00175,0.00176,12896227.61945405
2026-08-08T00:00:00Z,GALAUSD,0.00175,0.00184,0.00175,0.00181,15213380.59657146
2026-08-09T00:00:00Z,GALAUSD,0.00181,0.00185,0.00176,0.00176,14733139.45953803
2026-08-10T00:00:00Z,GALAUSD,0.00176,0.00183,0.00176,0.00179,12283398.03496129
2026-08-11T00:00:00Z,GALAUSD,0.00180,0.00181,0.00169,0.00172,11979190.45450985
2026-08-12T00:00:00Z,GALAUSD,0.00172,0.00173,0.00161,0.00165,15572307.72630626
2026-08-13T00:00:00Z,GALAUSD,0.00165,0.00173,0.00162,0.00168,26935661.23820212
2026-08-14T00:00:00Z,GALAUSD,0.00167,0.00170,0.00162,0.00167,10565336.52019057
2026-08-15T00:00:00Z,GALAUSD,0.00168,0.00169,0.00164,0.00164,5959685.91379183
2026-08-16T00:00:00Z,GALAUSD,0.00163,0.00169,0.00162,0.00164,10799636.07797299
2026-08-17T00:00:00Z,GALAUSD,0.00164,0.00167,0.00162,0.00162,9235678.22920183
2026-08-18T00:00:00Z,GALAUSD,0.00163,0.00163,0.00135,0.00140,118015740.67009782
2026-08-19T00:00:00Z,GALAUSD,0.00139,0.00190,0.00132,0.00142,120137537.20245200
2026-08-20T00:00:00Z,GALAUSD,0.00142,0.00165,0.00140,0.00161,79646155.69610058
2026-08-21T00:00:00Z,GALAUSD,0.00162,0.00225,0.00162,0.00220,245003540.18647647
2026-08-22T00:00:00Z,GALAUSD,0.00219,0.00227,0.00180,0.00194,193935231.67624664
2026-08-23T00:00:00Z,GALAUSD,0.00194,0.00203,0.00185,0.00196,42041809.05097326
2026-08-24T00:00:00Z,GALAUSD,0.00195,0.00196,0.00187,0.00193,69180165.75669266
2026-08-25T00:00:00Z,GALAUSD,0.00194,0.00199,0.00182,0.00182,57042150.86185207
2026-08-26T00:00:00Z,GALAUSD,0.00182,0.00186,0.00172,0.00181,41173729.27748050
2026-08-27T00:00:00Z,GALAUSD,0.00181,0.00193,0.00175,0.00185,35095548.93005077
2026-08-28T00:00:00Z,GALAUSD,0.00184,0.00191,0.00172,0.00178,50890883.89700538
2026-08-29T00:00:00Z,GALAUSD,0.00178,0.00184,0.00173,0.00178,16381517.82718002
2026-08-30T00:00:00Z,GALAUSD,0.00177,0.00179,0.00162,0.00165,57935538.98578003
2026-08-31T00:00:00Z,GALAUSD,0.00164,0.00177,0.00164,0.00171,30970467.95935062
2026-09-01T00:00:00Z,GALAUSD,0.00171,0.00181,0.00171,0.00178,32212504.87347146
2026-09-02T00:00:00Z,GALAUSD,0.00177,0.00183,0.00172,0.00173,31382638.10647331
2026-09-03T00:00:00Z,GALAUSD,0.00173,0.00183,0.00172,0.00180,30530246.43275991
2026-09-04T00:00:00Z,GALAUSD,0.00180,0.00181,0.00172,0.00176,24655505.38768007
2026-09-05T00:00:00Z,GALAUSD,0.00177,0.00195,0.00176,0.00189,57805446.44026589
2026-09-06T00:00:00Z,GALAUSD,0.00189,0.00194,0.00184,0.00191,35715084.36153604
2026-09-07T00:00:00Z,GALAUSD,0.00193,0.00198,0.00186,0.00191,34262120.73694854
2026-09-08T00:00:00Z,GALAUSD,0.00191,0.00195,0.00185,0.00189,68914205.44343871
2026-09-09T00:00:00Z,GALAUSD,0.00191,0.00193,0.00173,0.00178,54306490.67095288
2026-09-10T00:00:00Z,GALAUSD,0.00178,0.00178,0.00167,0.00167,40177947.52514435
2026-09-11T00:00:00Z,GALAUSD,0.00168,0.00178,0.00164,0.00168,52362593.20880835
2026-09-12T00:00:00Z,GALAUSD,0.00168,0.00172,0.00167,0.00168,8762743.40486432
2026-09-13T00:00:00Z,GALAUSD,0.00168,0.00173,0.00165,0.00167,25223729.53482410
2026-09-14T00:00:00Z,GALAUSD,0.00166,0.00177,0.00166,0.00170,36479515.71750732
2026-09-15T00:00:00Z,GALAUSD,0.00171,0.00172,0.00159,0.00163,37070900.82304489
2026-09-16T00:00:00Z,GALAUSD,0.00163,0.00165,0.00156,0.00164,42513352.44377345
2026-09-17T00:00:00Z,GALAUSD,0.00164,0.00191,0.00164,0.00184,50070219.38680319
2026-09-18T00:00:00Z,GALAUSD,0.00184,0.00194,0.00178,0.00192,90751625.68610233
2026-09-19T00:00:00Z,GALAUSD,0.00194,0.00196,0.00187,0.00194,45789585.96084883
2026-09-20T00:00:00Z,GALAUSD,0.00194,0.00195,0.00184,0.00194,40770453.72890495
2026-09-21T00:00:00Z,GALAUSD,0.00196,0.00215,0.00192,0.00209,90302945.74544981
2026-09-22T00:00:00Z,GALAUSD,0.00209,0.00218,0.00203,0.00215,41225406.95331910
