timestamp,symbol,open,high,low,close,volume
2021-05-17T00:00:00Z,GHSTUSD,1.4481,1.55,1.2,1.3584,54285.091489950035
2021-05-18T00:00:00Z,GHSTUSD,1.3602,1.4675,1.3232,1.4099,153881.26802160993
2021-05-19T00:00:00Z,GHSTUSD,1.4099,1.4099,1.0186,1.1775,61532.36498973997
2021-05-20T00:00:00Z,GHSTUSD,1.1892,1.33,1.1791,1.259,97413.50204574
2021-05-21T00:00:00Z,GHSTUSD,1.259,1.35,1.1167,1.199,28967.917559780002
2021-05-22T00:00:00Z,GHSTUSD,1.189,1.189,1.07,1.08,1022.2054699100001
2021-05-23T00:00:00Z,GHSTUSD,1.0799,1.1032,0.99,0.9901,36200.15995677
2021-05-24T00:00:00Z,GHSTUSD,1.0001,1.171,1.0001,1.0961,20568.87632845002
2021-05-25T00:00:00Z,GHSTUSD,1.12,1.21,1.0101,1.11,8514.277996570003
2021-05-26T00:00:00Z,GHSTUSD,1.06,1.1719,1.06,1.158,16735.581594549996
2021-05-27T00:00:00Z,GHSTUSD,1.158,1.2399,1.1014,1.1646,28163.27963281999
2021-05-28T00:00:00Z,GHSTUSD,1.1341,1.1674,1.0513,1.1325,8359.8512095
2021-05-29T00:00:00Z,GHSTUSD,1.1596,1.1598,1.05,1.05,3129.6850862200004
2021-05-30T00:00:00Z,GHSTUSD,1.0601,1.1339,1.0601,1.1299,479.03683999
2021-05-31T00:00:00Z,GHSTUSD,1.0401,1.1302,1.0401,1.0601,970.20066638
2021-06-01T00:00:00Z,GHSTUSD,1.1659,1.1663,1.0305,1.0925,8660.86897108
2021-06-02T00:00:00Z,GHSTUSD,1.07,1.0919,1.0501,1.0501,3990.66333977
2021-06-03T00:00:00Z,GHSTUSD,1.0703,1.0839,1.0501,1.0555,7246.387949239998
2021-06-04T00:00:00Z,GHSTUSD,1.0801,1.0801,1.0071,1.0247,3298.69872271
2021-06-05T00:00:00Z,GHSTUSD,1.0573,1.0788,1.0,1.0101,6953.427446460002
2021-06-06T00:00:00Z,GHSTUSD,1.0788,1.1697,1.0301,1.07,7775.415739399999
2021-06-07T00:00:00Z,GHSTUSD,1.0102,1.127,1.0102,1.0501,14670.026513309998
2021-06-08T00:00:00Z,GHSTUSD,1.0202,1.0818,0.9854,0.9901,11070.915645629999
2021-06-09T00:00:00Z,GHSTUSD,1.0411,1.068,1.004,1.0212,9449.203696750003
2021-06-10T00:00:00Z,GHSTUSD,1.0278,1.0859,1.0132,1.0567,15433.592295309998
2021-06-11T00:00:00Z,GHSTUSD,1.0113,1.0801,1.0113,1.0316,8956.071780240001
2021-06-12T00:00:00Z,GHSTUSD,1.0604,1.0658,1.0213,1.0337,1954.9948254699996
2021-06-13T00:00:00Z,GHSTUSD,1.0656,1.0656,1.0324,1.0324,2018.34654211
2021-06-14T00:00:00Z,GHSTUSD,1.0577,1.19,1.0321,1.0808,17665.135863450003
2021-06-15T00:00:00Z,GHSTUSD,1.0879,1.095,1.0547,1.095,2830.73887414
2021-06-16T00:00:00Z,GHSTUSD,1.053,1.1,1.053,1.1,2661.2698785200005
2021-06-17T00:00:00Z,GHSTUSD,1.1,1.1438,1.0442,1.051,7484.362490340002
2021-06-18T00:00:00Z,GHSTUSD,1.0479,1.1058,1.0239,1.0239,1076.9766094200002
2021-06-19T00:00:00Z,GHSTUSD,1.0304,1.0878,1.0269,1.0269,1684.07336926
2021-06-20T00:00:00Z,GHSTUSD,1.0447,1.0449,1.0017,1.0346,11642.33369942
2021-06-21T00:00:00Z,GHSTUSD,1.02,1.0334,0.9505,0.9505,5161.11084421
2021-06-22T00:00:00Z,GHSTUSD,0.9301,0.9733,0.9001,0.9101,6784.768334269999
2021-06-23T00:00:00Z,GHSTUSD,0.94,0.9782,0.9301,0.9769,3148.85787247
2021-06-24T00:00:00Z,GHSTUSD,0.9804,0.9804,0.9434,0.9626,5259.8714508
2021-06-25T00:00:00Z,GHSTUSD,0.9725,0.9725,0.9351,0.9351,654.2782369399999
2021-06-26T00:00:00Z,GHSTUSD,0.9266,0.9578,0.9266,0.9578,1266.79741
2021-06-27T00:00:00Z,GHSTUSD,0.9274,0.9627,0.9274,0.9296,856.13619786
2021-06-28T00:00:00Z,GHSTUSD,0.9344,0.972,0.9326,0.9599,3772.2656706400007
2021-06-29T00:00:00Z,GHSTUSD,0.9376,0.96,0.9376,0.96,4838.49148902
2021-06-30T00:00:00Z,GHSTUSD,0.943,0.9537,0.94,0.94,8594.24722313
2021-07-01T00:00:00Z,GHSTUSD,0.9412,0.9602,0.9412,0.9495,289.859983
2021-07-02T00:00:00Z,GHSTUSD,0.9732,0.975,0.9403,0.9453,3169.74320764
2021-07-03T00:00:00Z,GHSTUSD,0.9549,0.981,0.9549,0.981,794.91819129
2021-07-04T00:00:00Z,GHSTUSD,0.9511,0.9869,0.9473,0.9793,608.06435816
2021-07-05T00:00:00Z,GHSTUSD,0.9543,0.9959,0.9543,0.9797,3536.21737246
2021-07-06T00:00:00Z,GHSTUSD,1.0023,1.0023,0.9944,0.9944,155.73399
2021-07-07T00:00:00Z,GHSTUSD,1.0243,1.0384,1.0025,1.0197,20794.72407
2021-07-08T00:00:00Z,GHSTUSD,1.0207,1.0208,0.9866,1.0099,7878.8173835299995
2021-07-09T00:00:00Z,GHSTUSD,0.9866,1.0203,0.9866,1.0203,107.05346011
2021-07-10T00:00:00Z,GHSTUSD,0.98,1.0475,0.98,1.0223,1549.91206937
2021-07-11T00:00:00Z,GHSTUSD,1.0182,1.0182,0.9738,0.9738,175.23669
2021-07-12T00:00:00Z,GHSTUSD,1.044,1.0529,1.0083,1.0083,15460.856529339999
2021-07-13T00:00:00Z,GHSTUSD,1.0148,1.0366,1.0148,1.0359,3937.9641007100004
2021-07-14T00:00:00Z,GHSTUSD,1.0033,1.0698,1.0033,1.0633,4569.223619309999
2021-07-15T00:00:00Z,GHSTUSD,1.063,1.2153,1.063,1.2019,17109.118697849997
2021-07-16T00:00:00Z,GHSTUSD,1.1874,1.1907,1.1077,1.1077,10501.87655493
2021-07-17T00:00:00Z,GHSTUSD,1.0901,1.1254,1.0901,1.1254,91.63794277
2021-07-18T00:00:00Z,GHSTUSD,1.1216,1.1216,1.1096,1.1159,53117.79659912
2021-07-19T00:00:00Z,GHSTUSD,1.118,1.118,1.0829,1.0839,188.03029409
2021-07-20T00:00:00Z,GHSTUSD,1.0832,1.0832,1.0563,1.0563,2144.53137344
2021-07-21T00:00:00Z,GHSTUSD,1.055,1.1247,1.055,1.08,65976.52374123
2021-07-22T00:00:00Z,GHSTUSD,1.0902,1.15,1.0902,1.1157,89422.91373382
2021-07-23T00:00:00Z,GHSTUSD,1.1223,1.1367,1.1118,1.1367,1993.9018291499985
2021-07-24T00:00:00Z,GHSTUSD,1.1323,1.1936,1.13,1.1695,106175.39052665
2021-07-25T00:00:00Z,GHSTUSD,1.1784,1.39,1.1584,1.3781,40085.38256175001
2021-07-26T00:00:00Z,GHSTUSD,1.3695,1.99,1.3664,1.4932,174751.9961729203
2021-07-27T00:00:00Z,GHSTUSD,1.5225,1.8318,1.4355,1.7718,278340.8639213602
2021-07-28T00:00:00Z,GHSTUSD,1.7777,1.9322,1.7122,1.8209,144542.492276
2021-07-29T00:00:00Z,GHSTUSD,1.7992,1.802,1.6275,1.6463,116630.40214326998
2021-07-30T00:00:00Z,GHSTUSD,1.6649,1.6835,1.5518,1.6769,52914.907095300005
2021-07-31T00:00:00Z,GHSTUSD,1.6819,1.6963,1.6,1.6,170165.32253338993
2021-08-01T00:00:00Z,GHSTUSD,1.6,1.7739,1.5947,1.7282,78202.91210941
2021-08-02T00:00:00Z,GHSTUSD,1.7148,2.0678,1.7148,1.9514,132503.61929122
2021-08-03T00:00:00Z,GHSTUSD,1.9444,1.9797,1.8585,1.8898,33231.747096709994
2021-08-04T00:00:00Z,GHSTUSD,1.8823,1.9818,1.8337,1.9818,75953.66484138
2021-08-05T00:00:00Z,GHSTUSD,1.9599,2.0535,1.9,1.9387,138645.53624849996
2021-08-06T00:00:00Z,GHSTUSD,1.9,1.9169,1.85,1.8841,69985.08899037
2021-08-07T00:00:00Z,GHSTUSD,1.8793,2.51,1.7942,1.8265,195259.96853327999
2021-08-08T00:00:00Z,GHSTUSD,1.833,1.8433,1.7595,1.7922,9618.938472089998
2021-08-09T00:00:00Z,GHSTUSD,1.749,1.8152,1.7442,1.8121,19683.45236904
2021-08-10T00:00:00Z,GHSTUSD,1.7941,1.8807,1.7501,1.8379,61666.42382525
2021-08-11T00:00:00Z,GHSTUSD,1.8433,1.9359,1.8312,1.8312,30268.571369760015
2021-08-12T00:00:00Z,GHSTUSD,1.8535,1.9441,1.8101,1.8865,79516.95366079
2021-08-13T00:00:00Z,GHSTUSD,1.9301,2.25,1.9025,2.1393,59626.68284851999
2021-08-14T00:00:00Z,GHSTUSD,2.168,2.4007,2.1528,2.2115,36650.12748733999
2021-08-15T00:00:00Z,GHSTUSD,2.226,2.2317,2.149,2.1547,24010.466477600003
2021-08-16T00:00:00Z,GHSTUSD,2.1535,2.1646,2.0959,2.0961,27944.659131090008
2021-08-17T00:00:00Z,GHSTUSD,2.0856,2.1502,2.0686,2.0686,11000.71371822
2021-08-18T00:00:00Z,GHSTUSD,2.0682,2.0682,1.9755,2.0086,28966.86504764999
2021-08-19T00:00:00Z,GHSTUSD,1.9839,2.3623,1.9726,2.264,63883.29294019002
2021-08-20T00:00:00Z,GHSTUSD,2.242,2.3406,2.1384,2.178,58334.98968182
2021-08-21T00:00:00Z,GHSTUSD,2.1793,2.1905,2.108,2.1161,16905.60585299999
2021-08-22T00:00:00Z,GHSTUSD,2.1005,2.1071,2.0519,2.0852,30492.466325999998
2021-08-23T00:00:00Z,GHSTUSD,2.1004,2.1491,2.0858,2.1159,23192.145197120004
2021-08-24T00:00:00Z,GHSTUSD,2.1183,2.1194,2.0004,2.0004,27570.884471460016
2021-08-25T00:00:00Z,GHSTUSD,2.0305,2.0781,1.9875,2.003,18345.342048640003
2021-08-26T00:00:00Z,GHSTUSD,2.0367,2.2594,1.9998,2.0914,20752.779372630004
2021-08-27T00:00:00Z,GHSTUSD,2.0813,2.1341,2.0281,2.0664,14495.455774940003
2021-08-28T00:00:00Z,GHSTUSD,2.0617,2.0655,1.9979,2.0049,30388.488321960005
2021-08-29T00:00:00Z,GHSTUSD,1.996,2.0433,1.996,2.0033,16013.849470770001
2021-08-30T00:00:00Z,GHSTUSD,2.0,2.0344,1.985,1.9986,23321.49094093
2021-08-31T00:00:00Z,GHSTUSD,1.9638,1.9666,1.9095,1.9207,18472.509237150003
2021-09-01T00:00:00Z,GHSTUSD,1.9005,1.9047,1.85,1.8904,28743.41863962
2021-09-02T00:00:00Z,GHSTUSD,1.8974,1.9212,1.863,1.8692,15571.266726439999
2021-09-03T00:00:00Z,GHSTUSD,1.8575,1.8829,1.8422,1.844,10274.90054373
2021-09-04T00:00:00Z,GHSTUSD,1.844,1.9203,1.8332,1.8901,8440.52619516
2021-09-05T00:00:00Z,GHSTUSD,1.884,1.8883,1.8504,1.8552,9755.29044148
2021-09-06T00:00:00Z,GHSTUSD,1.8537,1.8881,1.8413,1.8716,85474.26939593001
2021-09-07T00:00:00Z,GHSTUSD,1.873,1.8754,1.6662,1.7691,18896.999048380003
2021-09-08T00:00:00Z,GHSTUSD,1.7648,1.8171,1.712,1.7529,15633.064393720004
2021-09-09T00:00:00Z,GHSTUSD,1.736,1.8014,1.7293,1.7566,8884.18290906
2021-09-10T00:00:00Z,GHSTUSD,1.7767,1.7767,1.7068,1.7068,60625.061493760004
2021-09-11T00:00:00Z,GHSTUSD,1.7126,1.7615,1.7002,1.7118,12479.288093620004
2021-09-12T00:00:00Z,GHSTUSD,1.7089,1.784,1.7061,1.7334,10592.40992501
2021-09-13T00:00:00Z,GHSTUSD,1.7005,1.7433,1.6815,1.7079,8044.611209320001
2021-09-14T00:00:00Z,GHSTUSD,1.7132,1.7162,1.6919,1.6964,2628.32531751
2021-09-15T00:00:00Z,GHSTUSD,1.7072,1.7391,1.696,1.7249,10544.604723490002
2021-09-16T00:00:00Z,GHSTUSD,1.7329,1.7398,1.6978,1.7372,7625.638268529998
2021-09-17T00:00:00Z,GHSTUSD,1.7358,1.737,1.6902,1.7235,3540.31278992
2021-09-18T00:00:00Z,GHSTUSD,1.7516,1.7516,1.6927,1.7107,3255.5605893600004
2021-09-19T00:00:00Z,GHSTUSD,1.7068,1.7068,1.6765,1.6867,5028.767062919998
2021-09-20T00:00:00Z,GHSTUSD,1.6666,2.1,1.6225,1.6225,24624.54836063
2021-09-21T00:00:00Z,GHSTUSD,1.6139,1.7503,1.5939,1.6313,22117.76963595
2021-09-22T00:00:00Z,GHSTUSD,1.6334,1.6361,1.6138,1.6361,8974.669243510001
2021-09-23T00:00:00Z,GHSTUSD,1.6481,1.6557,1.6285,1.644,5657.34559528
2021-09-24T00:00:00Z,GHSTUSD,1.6553,1.6553,1.5945,1.6064,8647.90732901
2021-09-25T00:00:00Z,GHSTUSD,1.5594,1.6017,1.5141,1.5701,5576.86661545
2021-09-26T00:00:00Z,GHSTUSD,1.5682,1.5919,1.4923,1.5915,5535.820627049998
2021-09-27T00:00:00Z,GHSTUSD,1.592,1.592,1.5644,1.568,3873.7682387
2021-09-28T00:00:00Z,GHSTUSD,1.5678,1.6027,1.5493,1.5676,13129.59413253
2021-09-29T00:00:00Z,GHSTUSD,1.5758,1.5869,1.5524,1.5659,1715.4927445100002
2021-09-30T00:00:00Z,GHSTUSD,1.5663,1.5866,1.5498,1.5774,4733.157677209999
2021-10-01T00:00:00Z,GHSTUSD,1.5747,1.6789,1.5704,1.6075,23458.302509440007
2021-10-02T00:00:00Z,GHSTUSD,1.6251,1.6462,1.6121,1.6176,6869.98184227
2021-10-03T00:00:00Z,GHSTUSD,1.6234,1.6236,1.611,1.6193,2612.1071369699994
2021-10-04T00:00:00Z,GHSTUSD,1.6203,1.9,1.5926,1.6819,26869.626666299988
2021-10-05T00:00:00Z,GHSTUSD,1.7006,1.7137,1.6747,1.6955,7003.678238099999
2021-10-06T00:00:00Z,GHSTUSD,1.6955,1.7041,1.6493,1.6571,6878.536882300001
2021-10-07T00:00:00Z,GHSTUSD,1.6495,1.6825,1.6384,1.6533,8272.595772160003
2021-10-08T00:00:00Z,GHSTUSD,1.6541,1.69,1.6405,1.6405,8567.29514603
2021-10-09T00:00:00Z,GHSTUSD,1.6528,1.6755,1.6489,1.6731,10202.032117969999
2021-10-10T00:00:00Z,GHSTUSD,1.6656,1.6829,1.6481,1.6481,4421.28073684
2021-10-11T00:00:00Z,GHSTUSD,1.6319,1.6633,1.6319,1.6623,11709.10299215
2021-10-12T00:00:00Z,GHSTUSD,1.6394,1.6542,1.6132,1.6302,4681.73636344
2021-10-13T00:00:00Z,GHSTUSD,1.6425,1.6683,1.626,1.6681,2704.85063405
2021-10-14T00:00:00Z,GHSTUSD,1.6652,1.7142,1.6497,1.6497,12489.74266141
2021-10-15T00:00:00Z,GHSTUSD,1.6629,1.7116,1.6495,1.6882,9778.20525261
2021-10-16T00:00:00Z,GHSTUSD,1.6936,1.7718,1.6852,1.7232,14949.17132007
2021-10-17T00:00:00Z,GHSTUSD,1.7208,1.7473,1.7025,1.7143,2636.86863017
2021-10-18T00:00:00Z,GHSTUSD,1.7172,2.639,1.7161,1.8213,82300.53188503002
2021-10-19T00:00:00Z,GHSTUSD,1.8078,1.8273,1.7582,1.762,8971.775930340003
2021-10-20T00:00:00Z,GHSTUSD,1.7648,1.81,1.7547,1.7916,13972.221559739999
2021-10-21T00:00:00Z,GHSTUSD,1.7827,1.8203,1.7663,1.791,14515.16347323
2021-10-22T00:00:00Z,GHSTUSD,1.7949,1.8151,1.7732,1.8151,22970.61921034
2021-10-23T00:00:00Z,GHSTUSD,1.8312,1.8758,1.8166,1.8445,10191.8933081
2021-10-24T00:00:00Z,GHSTUSD,1.8777,1.8777,1.8212,1.8419,9839.924413920002
2021-10-25T00:00:00Z,GHSTUSD,1.8503,1.915,1.8503,1.915,18409.328827139998
2021-10-26T00:00:00Z,GHSTUSD,1.9002,2.0013,1.8844,1.9999,24577.66923554001
2021-10-27T00:00:00Z,GHSTUSD,2.01,2.2611,1.9572,2.12,92857.25576604987
2021-10-28T00:00:00Z,GHSTUSD,2.1135,2.1861,2.0426,2.0617,13219.133565619999
2021-10-29T00:00:00Z,GHSTUSD,2.0489,2.37,2.0488,2.2885,62195.597287079974
2021-10-30T00:00:00Z,GHSTUSD,2.3348,2.7864,2.3009,2.526,103847.84630717013
2021-10-31T00:00:00Z,GHSTUSD,2.4705,2.6521,2.3224,2.3503,118621.47116174013
2021-11-01T00:00:00Z,GHSTUSD,2.35,2.3993,2.2973,2.2996,47664.55324156
2021-11-02T00:00:00Z,GHSTUSD,2.3018,2.4923,2.2814,2.3279,55079.561343100024
2021-11-03T00:00:00Z,GHSTUSD,2.3227,2.3579,2.26,2.2992,45335.89317611
2021-11-04T00:00:00Z,GHSTUSD,2.2962,2.4426,2.25,2.4274,21926.875963509996
2021-11-05T00:00:00Z,GHSTUSD,2.3591,2.5492,2.2637,2.2748,16879.241234319994
2021-11-06T00:00:00Z,GHSTUSD,2.2565,2.3278,2.24,2.2466,13074.89426587
2021-11-07T00:00:00Z,GHSTUSD,2.2372,2.245,2.206,2.2196,9614.041208149998
2021-11-08T00:00:00Z,GHSTUSD,2.215,2.2164,2.1929,2.2019,13411.630514100001
2021-11-09T00:00:00Z,GHSTUSD,2.1938,2.2216,2.1794,2.2003,8639.29508033
2021-11-10T00:00:00Z,GHSTUSD,2.1952,2.2003,2.1223,2.144,40390.41766207001
2021-11-11T00:00:00Z,GHSTUSD,2.1347,2.2263,2.1294,2.2044,15732.167928769997
2021-11-12T00:00:00Z,GHSTUSD,2.19,2.23,2.1318,2.1403,13778.929641110004
2021-11-13T00:00:00Z,GHSTUSD,2.1515,2.2477,2.1515,2.2261,13230.129476600001
2021-11-14T00:00:00Z,GHSTUSD,2.2263,2.2447,2.2015,2.2258,6639.50357998
2021-11-15T00:00:00Z,GHSTUSD,2.235,2.235,2.1639,2.1841,10495.269282059999
2021-11-16T00:00:00Z,GHSTUSD,2.1593,2.7205,2.1382,2.2073,76960.07892730994
2021-11-17T00:00:00Z,GHSTUSD,2.2401,2.298,2.1913,2.2775,36911.56491519999
2021-11-18T00:00:00Z,GHSTUSD,2.2912,2.4163,2.2363,2.3589,62817.70995087998
2021-11-19T00:00:00Z,GHSTUSD,2.352,2.5504,2.302,2.4541,36304.22296148999
2021-11-20T00:00:00Z,GHSTUSD,2.4406,2.956,2.4105,2.79,128698.36353300982
2021-11-21T00:00:00Z,GHSTUSD,2.7897,2.8823,2.56,2.593,80072.21764905
2021-11-22T00:00:00Z,GHSTUSD,2.5722,2.6693,2.523,2.5619,28068.16571735999
2021-11-23T00:00:00Z,GHSTUSD,2.5925,2.7109,2.5635,2.6581,53065.78815518
2021-11-24T00:00:00Z,GHSTUSD,2.6376,2.8747,2.5728,2.8434,56021.93142631999
2021-11-25T00:00:00Z,GHSTUSD,2.8492,3.3999,2.7629,2.9199,287678.04189865984
2021-11-26T00:00:00Z,GHSTUSD,2.9567,3.0672,2.7214,2.8504,89614.2276191299
2021-11-27T00:00:00Z,GHSTUSD,2.8606,2.9416,2.7836,2.8192,28539.47544182001
2021-11-28T00:00:00Z,GHSTUSD,2.8294,2.8674,2.7271,2.8374,24990.72704528
2021-11-29T00:00:00Z,GHSTUSD,2.8525,2.8903,2.8222,2.8741,20314.371907449993
2021-11-30T00:00:00Z,GHSTUSD,2.8909,2.9144,2.8465,2.8474,23267.19186874001
2021-12-01T00:00:00Z,GHSTUSD,2.8957,2.9353,2.8682,2.8794,40976.94704121003
2021-12-02T00:00:00Z,GHSTUSD,2.9146,2.9869,2.8296,2.8383,11962.13789488
2021-12-03T00:00:00Z,GHSTUSD,2.8523,2.8523,2.6657,2.7342,33068.72337377001
2021-12-04T00:00:00Z,GHSTUSD,2.6991,2.6991,2.392,2.5841,114599.32535314998
2021-12-05T00:00:00Z,GHSTUSD,2.585,2.6115,2.502,2.5234,70401.42512485
2021-12-06T00:00:00Z,GHSTUSD,2.506,2.5289,2.4544,2.4702,27476.30954791999
2021-12-07T00:00:00Z,GHSTUSD,2.5127,2.5336,2.4628,2.494,5156.16712588
2021-12-08T00:00:00Z,GHSTUSD,2.473,2.5232,2.4529,2.4772,17114.761703879998
2021-12-09T00:00:00Z,GHSTUSD,2.4721,2.4721,2.4009,2.4072,29211.041336600003
2021-12-10T00:00:00Z,GHSTUSD,2.426,2.4746,2.389,2.4028,11852.691327519999
2021-12-11T00:00:00Z,GHSTUSD,2.4244,2.4367,2.3788,2.3913,3996.7509819700003
2021-12-12T00:00:00Z,GHSTUSD,2.3944,2.4388,2.3867,2.4313,5164.99122245
2021-12-13T00:00:00Z,GHSTUSD,2.41,2.4103,2.32,2.32,48702.80324159
2021-12-14T00:00:00Z,GHSTUSD,2.3347,2.346,2.3201,2.3413,4195.2733228
2021-12-15T00:00:00Z,GHSTUSD,2.3388,2.3807,2.2,2.3807,9116.402494360002
2021-12-16T00:00:00Z,GHSTUSD,2.3878,2.4217,2.3484,2.3814,82944.11141687006
2021-12-17T00:00:00Z,GHSTUSD,2.3848,2.4005,2.3176,2.3983,30340.749105059993
2021-12-18T00:00:00Z,GHSTUSD,2.3962,2.4355,2.3823,2.3872,20264.651753119997
2021-12-19T00:00:00Z,GHSTUSD,2.3903,2.403,2.3357,2.3364,10505.27724326
2021-12-20T00:00:00Z,GHSTUSD,2.3461,2.4025,2.3231,2.374,16483.879344939996
2021-12-21T00:00:00Z,GHSTUSD,2.3598,2.4145,2.3598,2.4145,9824.423708729999
2021-12-22T00:00:00Z,GHSTUSD,2.393,2.4026,2.3698,2.3833,6870.691907140001
2021-12-23T00:00:00Z,GHSTUSD,2.388,2.4334,2.3641,2.4252,20176.51503890999
2021-12-24T00:00:00Z,GHSTUSD,2.4342,2.4372,2.3867,2.3867,17216.25594948
2021-12-25T00:00:00Z,GHSTUSD,2.3825,2.3942,2.3606,2.3942,3939.54060858
2021-12-26T00:00:00Z,GHSTUSD,2.3848,2.4254,2.3641,2.4254,2704.7502921499995
2021-12-27T00:00:00Z,GHSTUSD,2.4075,2.4267,2.395,2.4013,13888.711006430005
2021-12-28T00:00:00Z,GHSTUSD,2.3945,2.4108,2.3468,2.347,13289.994265839996
2021-12-29T00:00:00Z,GHSTUSD,2.3547,2.3555,2.3003,2.3003,12945.997179029997
2021-12-30T00:00:00Z,GHSTUSD,2.3076,2.3336,2.2948,2.3283,7013.374401549999
2021-12-31T00:00:00Z,GHSTUSD,2.3406,2.3555,2.2724,2.2844,28434.61459627999
2022-01-01T00:00:00Z,GHSTUSD,2.2881,2.3267,2.2793,2.3236,6011.769359189999
2022-01-02T00:00:00Z,GHSTUSD,2.3234,2.3415,2.3,2.3108,18154.571643729996
2022-01-03T00:00:00Z,GHSTUSD,2.3086,2.3173,2.2571,2.2716,9419.7068519
2022-01-04T00:00:00Z,GHSTUSD,2.2727,2.2893,2.2617,2.2768,2554.0848528500005
2022-01-05T00:00:00Z,GHSTUSD,2.2716,2.2939,2.2309,2.2557,30215.279628640008
2022-01-06T00:00:00Z,GHSTUSD,2.2485,2.2531,2.2063,2.2165,50484.99055422999
2022-01-07T00:00:00Z,GHSTUSD,2.222,2.5,2.1154,2.1172,30726.392910040006
2022-01-08T00:00:00Z,GHSTUSD,2.1283,2.1604,2.1204,2.129,61793.75563236999
2022-01-09T00:00:00Z,GHSTUSD,2.1213,2.1781,2.1213,2.1257,7902.011111560002
2022-01-10T00:00:00Z,GHSTUSD,2.1197,2.1492,2.1067,2.1306,8749.661096940003
2022-01-11T00:00:00Z,GHSTUSD,2.1452,2.1762,2.1216,2.1378,26436.821764810004
2022-01-12T00:00:00Z,GHSTUSD,2.1551,2.1786,2.1155,2.1776,19911.983032
2022-01-13T00:00:00Z,GHSTUSD,2.1793,2.2073,2.146,2.1593,31013.54899461001
2022-01-14T00:00:00Z,GHSTUSD,2.1655,2.2083,2.1632,2.1964,7215.114532799998
2022-01-15T00:00:00Z,GHSTUSD,2.1943,2.2361,2.1943,2.2153,9870.892684490003
2022-01-16T00:00:00Z,GHSTUSD,2.1878,2.2037,2.1708,2.1753,9291.829706970002
2022-01-17T00:00:00Z,GHSTUSD,2.1733,2.1885,2.1346,2.1623,3392.8985234399997
2022-01-18T00:00:00Z,GHSTUSD,2.162,2.2032,2.1469,2.2,11277.400361859998
2022-01-19T00:00:00Z,GHSTUSD,2.1945,2.2025,2.1392,2.1414,1413.9662418900002
2022-01-20T00:00:00Z,GHSTUSD,2.1348,2.1492,2.1066,2.1086,3685.14803279
2022-01-21T00:00:00Z,GHSTUSD,2.102,2.1656,2.0628,2.0763,17832.86980222999
2022-01-22T00:00:00Z,GHSTUSD,2.0805,2.56,2.0333,2.0414,34163.71149292003
2022-01-23T00:00:00Z,GHSTUSD,2.0443,2.0749,2.0323,2.0527,10087.125917160009
2022-01-24T00:00:00Z,GHSTUSD,2.0636,2.0636,1.9886,1.9961,47670.90761358
2022-01-25T00:00:00Z,GHSTUSD,1.9973,2.0338,1.98,1.9907,11389.988351869995
2022-01-26T00:00:00Z,GHSTUSD,2.0284,2.0467,1.9811,1.9952,6049.044096719999
2022-01-27T00:00:00Z,GHSTUSD,1.9992,2.015,1.9792,1.9835,3654.6065168499995
2022-01-28T00:00:00Z,GHSTUSD,2.0012,2.0012,1.9627,1.9857,8105.0466688100005
2022-01-29T00:00:00Z,GHSTUSD,2.0079,2.0355,1.9941,2.0343,6671.352591370001
2022-01-30T00:00:00Z,GHSTUSD,2.0376,2.0376,1.9752,2.0049,1657.8082529
2022-01-31T00:00:00Z,GHSTUSD,1.9909,2.0606,1.9909,2.0216,9918.634027159998
2022-02-01T00:00:00Z,GHSTUSD,2.0225,2.0589,2.011,2.0402,5634.984166790001
2022-02-02T00:00:00Z,GHSTUSD,2.0412,2.0412,1.9947,2.0128,2210.3748631600006
2022-02-03T00:00:00Z,GHSTUSD,2.0119,2.0355,2.0011,2.0025,5158.45232563
2022-02-04T00:00:00Z,GHSTUSD,2.0116,2.0452,1.9986,2.0121,4653.813881630001
2022-02-05T00:00:00Z,GHSTUSD,2.0454,2.0969,2.0301,2.0385,8855.366692180003
2022-02-06T00:00:00Z,GHSTUSD,2.0588,2.0833,2.0441,2.0832,3284.30087904
2022-02-07T00:00:00Z,GHSTUSD,2.0826,2.1008,2.0614,2.0742,10126.852518090001
2022-02-08T00:00:00Z,GHSTUSD,2.0619,2.0884,2.053,2.0801,6888.658081960001
2022-02-09T00:00:00Z,GHSTUSD,2.0667,2.1189,2.0599,2.1189,5607.477529250001
2022-02-10T00:00:00Z,GHSTUSD,2.1034,2.1805,2.0688,2.0688,5875.194951080003
2022-02-11T00:00:00Z,GHSTUSD,2.0691,2.0819,2.0261,2.0357,5952.488536920001
2022-02-12T00:00:00Z,GHSTUSD,2.0311,2.068,2.0152,2.0309,3932.087474290001
2022-02-13T00:00:00Z,GHSTUSD,2.0479,2.0531,2.0121,2.0256,3372.5901444500005
2022-02-14T00:00:00Z,GHSTUSD,2.023,2.0528,2.009,2.0361,1549.79518661
2022-02-15T00:00:00Z,GHSTUSD,2.0386,2.0826,2.0386,2.0798,2953.3682045100004
2022-02-16T00:00:00Z,GHSTUSD,2.085,2.085,2.0326,2.0504,17481.819515149997
2022-02-17T00:00:00Z,GHSTUSD,2.0401,2.0499,2.0073,2.025,3587.72712552
2022-02-18T00:00:00Z,GHSTUSD,2.0195,2.0683,1.9992,1.9992,3992.9500489200004
2022-02-19T00:00:00Z,GHSTUSD,2.0104,2.0262,2.0029,2.0163,3863.6360755999995
2022-02-20T00:00:00Z,GHSTUSD,2.0085,2.0085,1.99,1.9996,2076.02952757
2022-02-21T00:00:00Z,GHSTUSD,1.9944,2.0103,1.9793,1.9826,4672.211641780001
2022-02-22T00:00:00Z,GHSTUSD,1.9788,1.9999,1.9747,1.9867,1006.5474473500001
2022-02-23T00:00:00Z,GHSTUSD,1.9958,2.0189,1.9684,1.9712,3134.78117277
2022-02-24T00:00:00Z,GHSTUSD,1.9739,1.9876,1.9275,1.9488,7522.894225809999
2022-02-25T00:00:00Z,GHSTUSD,1.967,1.9877,1.948,1.9877,4144.51969572
2022-02-26T00:00:00Z,GHSTUSD,1.9834,1.9834,1.9455,1.9455,4181.4606716
2022-02-27T00:00:00Z,GHSTUSD,1.9374,1.9917,1.927,1.927,31536.5936495
2022-02-28T00:00:00Z,GHSTUSD,1.9469,1.9992,1.9347,1.9881,3499.1124367299994
2022-03-01T00:00:00Z,GHSTUSD,1.995,1.995,1.9483,1.9766,9534.400967770005
2022-03-02T00:00:00Z,GHSTUSD,1.9735,1.9735,1.9497,1.9497,2562.76358844
2022-03-03T00:00:00Z,GHSTUSD,1.9424,1.95,1.9227,1.941,4435.88413677
2022-03-04T00:00:00Z,GHSTUSD,1.9332,1.9488,1.9174,1.9275,4173.098235949999
2022-03-05T00:00:00Z,GHSTUSD,1.928,1.9425,1.9204,1.9286,676.52024675
2022-03-06T00:00:00Z,GHSTUSD,1.9296,1.9387,1.9185,1.9387,489.80335243
2022-03-07T00:00:00Z,GHSTUSD,1.9145,1.9279,1.9,1.9111,569.1242563899999
2022-03-08T00:00:00Z,GHSTUSD,1.9101,1.9312,1.9004,1.9009,1447.0280565500002
2022-03-09T00:00:00Z,GHSTUSD,1.9374,1.9819,1.9157,1.9594,2626.521873780001
2022-03-10T00:00:00Z,GHSTUSD,1.9356,1.9396,1.9182,1.9247,6840.787749839999
2022-03-11T00:00:00Z,GHSTUSD,1.917,1.9396,1.9077,1.9128,706.8673181199999
2022-03-12T00:00:00Z,GHSTUSD,1.9178,1.9229,1.907,1.9119,1839.38774414
2022-03-13T00:00:00Z,GHSTUSD,1.9212,1.9225,1.9072,1.9164,775.5599640400001
2022-03-14T00:00:00Z,GHSTUSD,1.926,1.9437,1.9156,1.9175,3257.33984134
2022-03-15T00:00:00Z,GHSTUSD,1.9243,1.9484,1.9089,1.9279,1385.96187188
2022-03-16T00:00:00Z,GHSTUSD,1.9489,1.9489,1.9001,1.919,772.40336851
2022-03-17T00:00:00Z,GHSTUSD,1.9432,1.9543,1.9381,1.9406,5322.980702270001
2022-03-18T00:00:00Z,GHSTUSD,1.9226,1.9652,1.9204,1.942,1993.7699769399999
2022-03-19T00:00:00Z,GHSTUSD,1.9627,1.99,1.9473,1.9777,1853.4904620000002
2022-03-20T00:00:00Z,GHSTUSD,1.9951,1.9951,1.9626,1.9807,1634.5273374300002
2022-03-21T00:00:00Z,GHSTUSD,1.9723,1.9822,1.9624,1.9709,4171.43791174
2022-03-22T00:00:00Z,GHSTUSD,1.9615,2.0197,1.9615,2.01,4463.383105509999
2022-03-23T00:00:00Z,GHSTUSD,2.01,2.0377,1.9956,2.0108,90847.04782586002
2022-03-24T00:00:00Z,GHSTUSD,2.0336,2.0377,2.009,2.028,19086.282929700006
2022-03-25T00:00:00Z,GHSTUSD,2.0223,2.0453,2.005,2.0188,62808.77274023
2022-03-26T00:00:00Z,GHSTUSD,2.019,2.0443,2.005,2.0337,18576.46096244999
2022-03-27T00:00:00Z,GHSTUSD,2.035,2.0985,2.0208,2.0445,20461.177687749998
2022-03-28T00:00:00Z,GHSTUSD,2.0495,2.074,2.0293,2.0422,24110.65789252
2022-03-29T00:00:00Z,GHSTUSD,2.0365,2.0653,2.0268,2.0348,54299.52683738
2022-03-30T00:00:00Z,GHSTUSD,2.0421,2.1086,2.0324,2.1043,51817.07048881002
2022-03-31T00:00:00Z,GHSTUSD,2.1187,2.1279,2.0817,2.102,91417.35904468001
2022-04-01T00:00:00Z,GHSTUSD,2.0663,2.1225,2.033,2.0988,70749.23513183997
2022-04-02T00:00:00Z,GHSTUSD,2.0998,2.1094,2.0677,2.0869,20042.84726661
2022-04-03T00:00:00Z,GHSTUSD,2.0758,2.1166,2.0739,2.1166,3997.6491378899996
2022-04-04T00:00:00Z,GHSTUSD,2.0919,2.1348,2.0545,2.1158,78738.78109694996
2022-04-05T00:00:00Z,GHSTUSD,2.13,2.13,2.0673,2.0721,53852.19512007
2022-04-06T00:00:00Z,GHSTUSD,2.0636,2.1496,2.0174,2.0174,176764.7204214302
2022-04-07T00:00:00Z,GHSTUSD,2.0111,2.038,2.0004,2.0173,41095.80151035
2022-04-08T00:00:00Z,GHSTUSD,2.0199,2.0305,2.0014,2.0014,5295.216305190002
2022-04-09T00:00:00Z,GHSTUSD,2.0155,2.0155,1.9933,2.0039,1438.8391862400001
2022-04-10T00:00:00Z,GHSTUSD,2.0073,2.0073,1.9771,1.9812,2440.60992049
2022-04-11T00:00:00Z,GHSTUSD,1.9661,1.9801,1.9421,1.9421,8516.221130069998
2022-04-12T00:00:00Z,GHSTUSD,1.9405,1.9649,1.9165,1.9504,1778.41517819
2022-04-13T00:00:00Z,GHSTUSD,1.9516,1.9623,1.9351,1.9442,435.76603946
2022-04-14T00:00:00Z,GHSTUSD,1.9526,1.9664,1.9161,1.9209,2460.38729655
2022-04-15T00:00:00Z,GHSTUSD,1.9331,1.9428,1.9191,1.9332,1960.9302770299998
2022-04-16T00:00:00Z,GHSTUSD,1.9293,1.9544,1.9236,1.9284,1475.99975011
2022-04-17T00:00:00Z,GHSTUSD,1.9316,1.9316,1.9162,1.9162,2229.06804805
2022-04-18T00:00:00Z,GHSTUSD,1.9098,1.9405,1.9072,1.9338,933.48504048
2022-04-19T00:00:00Z,GHSTUSD,1.9417,1.9444,1.905,1.9366,3120.3078806699996
2022-04-20T00:00:00Z,GHSTUSD,1.9242,1.9305,1.902,1.9113,16860.550855380003
2022-04-21T00:00:00Z,GHSTUSD,1.9294,1.9436,1.885,1.8976,16703.681764650006
2022-04-22T00:00:00Z,GHSTUSD,1.8997,1.9111,1.8928,1.8964,2916.9204980100003
2022-04-23T00:00:00Z,GHSTUSD,1.8875,1.9086,1.8845,1.8851,989.2568051799997
2022-04-24T00:00:00Z,GHSTUSD,1.8935,1.9041,1.8735,1.8742,4277.388699409999
2022-04-25T00:00:00Z,GHSTUSD,1.8743,1.975,1.8225,1.8969,1852.5310230899995
2022-04-26T00:00:00Z,GHSTUSD,1.9048,1.9145,1.8516,1.8585,28361.60214169
2022-04-27T00:00:00Z,GHSTUSD,1.8542,1.8874,1.8542,1.8787,4378.485917320001
2022-04-28T00:00:00Z,GHSTUSD,1.8761,1.924,1.8568,1.8641,8281.450883930002
2022-04-29T00:00:00Z,GHSTUSD,1.8797,1.8996,1.8487,1.8716,7062.397854479999
2022-04-30T00:00:00Z,GHSTUSD,1.8672,1.8889,1.8343,1.8354,747.1115437500001
2022-05-01T00:00:00Z,GHSTUSD,1.8359,1.8738,1.8359,1.8407,8335.001061579998
2022-05-02T00:00:00Z,GHSTUSD,1.856,1.879,1.7794,1.846,4716.6502762599985
2022-05-03T00:00:00Z,GHSTUSD,1.8446,1.8569,1.8278,1.8306,1321.7445218300004
2022-05-04T00:00:00Z,GHSTUSD,1.7332,1.8885,1.7317,1.8606,988.8181407
2022-05-05T00:00:00Z,GHSTUSD,1.8744,1.878,1.7504,1.8336,13110.953902950001
2022-05-06T00:00:00Z,GHSTUSD,1.8242,1.8381,1.7642,1.8211,2116.69206027
2022-05-07T00:00:00Z,GHSTUSD,1.8093,1.8363,1.806,1.8363,6645.189834010001
2022-05-08T00:00:00Z,GHSTUSD,1.8148,1.8148,1.7862,1.7916,5479.97257809
2022-05-09T00:00:00Z,GHSTUSD,1.7891,1.8093,1.7267,1.7267,10544.70008374
2022-05-10T00:00:00Z,GHSTUSD,1.7257,2.57,1.7124,1.7443,209265.78155184988
2022-05-11T00:00:00Z,GHSTUSD,1.74,1.8537,1.667,1.6759,128511.51937057999
2022-05-12T00:00:00Z,GHSTUSD,1.6887,1.7028,1.5572,1.5932,288551.43037143006
2022-05-13T00:00:00Z,GHSTUSD,1.6042,1.6393,1.5736,1.5799,6320.607057940002
2022-05-14T00:00:00Z,GHSTUSD,1.5815,1.6247,1.5815,1.6165,2781.8935020999993
2022-05-15T00:00:00Z,GHSTUSD,1.5959,1.7107,1.5671,1.5897,122958.44055152
2022-05-16T00:00:00Z,GHSTUSD,1.5933,1.5933,1.5526,1.5778,14373.509616340001
2022-05-17T00:00:00Z,GHSTUSD,1.5785,1.5915,1.5513,1.5828,2834.87601095
2022-05-18T00:00:00Z,GHSTUSD,1.5711,1.7302,1.5507,1.5685,163526.13345759994
2022-05-19T00:00:00Z,GHSTUSD,1.5685,1.6198,1.5685,1.6067,19133.365862139995
2022-05-20T00:00:00Z,GHSTUSD,1.6106,1.6151,1.5657,1.5748,8721.14182136
2022-05-21T00:00:00Z,GHSTUSD,1.5722,1.5861,1.5566,1.5738,11207.67289883
2022-05-22T00:00:00Z,GHSTUSD,1.5718,1.6314,1.5238,1.5696,3403.6970005900002
2022-05-23T00:00:00Z,GHSTUSD,1.5628,1.5628,1.531,1.531,4996.316400200002
2022-05-24T00:00:00Z,GHSTUSD,1.5547,1.562,1.525,1.5528,285857.51091781026
2022-05-25T00:00:00Z,GHSTUSD,1.5503,1.5543,1.5315,1.5399,12996.118948870004
2022-05-26T00:00:00Z,GHSTUSD,1.5395,1.5544,1.5186,1.535,27308.002745000005
2022-05-27T00:00:00Z,GHSTUSD,1.5249,1.5297,1.4183,1.4768,340661.7789296199
2022-05-28T00:00:00Z,GHSTUSD,1.4801,1.4933,1.4658,1.4784,15341.952989939997
2022-05-29T00:00:00Z,GHSTUSD,1.4725,1.4988,1.4529,1.486,8594.77313103
2022-05-30T00:00:00Z,GHSTUSD,1.5015,1.5221,1.4811,1.5221,42395.82052729
2022-05-31T00:00:00Z,GHSTUSD,1.5154,1.5154,1.4899,1.5028,12988.365663820003
2022-06-01T00:00:00Z,GHSTUSD,1.4993,1.5191,1.2578,1.4699,5525.65073933
2022-06-02T00:00:00Z,GHSTUSD,1.4881,1.5758,1.4756,1.5058,16934.947365739994
2022-06-03T00:00:00Z,GHSTUSD,1.5131,1.5131,1.4774,1.4864,4076.93759782
2022-06-04T00:00:00Z,GHSTUSD,1.4835,1.4944,1.463,1.4869,384.59871031
2022-06-05T00:00:00Z,GHSTUSD,1.4728,1.4968,1.4728,1.4906,8709.550283940001
2022-06-06T00:00:00Z,GHSTUSD,1.511,1.515,1.4838,1.4908,1296.52060807
2022-06-07T00:00:00Z,GHSTUSD,1.4723,1.5084,1.466,1.4858,5843.175895540001
2022-06-08T00:00:00Z,GHSTUSD,1.489,1.4958,1.4666,1.4773,2947.81702752
2022-06-09T00:00:00Z,GHSTUSD,1.4653,1.4887,1.459,1.459,463.2703812099999
2022-06-10T00:00:00Z,GHSTUSD,1.4719,1.4719,1.4391,1.4528,1504.8671008800002
2022-06-11T00:00:00Z,GHSTUSD,1.4529,1.4607,1.43,1.4326,1470.8191588300003
2022-06-12T00:00:00Z,GHSTUSD,1.4311,1.4379,1.4041,1.4043,461.8639081
2022-06-13T00:00:00Z,GHSTUSD,1.4142,1.4142,1.353,1.353,18837.38507689001
2022-06-14T00:00:00Z,GHSTUSD,1.3641,1.385,1.3405,1.3488,3295.3443635800004
2022-06-15T00:00:00Z,GHSTUSD,1.3485,1.3765,1.342,1.3647,5386.17742462
2022-06-16T00:00:00Z,GHSTUSD,1.3708,1.3708,1.3261,1.3261,3063.234462510001
2022-06-17T00:00:00Z,GHSTUSD,1.3534,1.3534,1.3261,1.3327,2104.19462109
2022-06-18T00:00:00Z,GHSTUSD,1.3429,1.3583,1.3086,1.3281,2910.0941583500003
2022-06-19T00:00:00Z,GHSTUSD,1.305,1.3581,1.3001,1.3286,676.2839933299999
2022-06-20T00:00:00Z,GHSTUSD,1.3286,1.3414,1.3,1.3142,2449.871532459999
2022-06-21T00:00:00Z,GHSTUSD,1.3264,1.3369,1.3036,1.3036,5096.0865375
2022-06-22T00:00:00Z,GHSTUSD,1.3028,1.3302,1.3012,1.3055,3944.247625459999
2022-06-23T00:00:00Z,GHSTUSD,1.3095,1.3749,1.3035,1.3424,6151.161557429999
2022-06-24T00:00:00Z,GHSTUSD,1.3363,1.3363,1.3108,1.3354,2601.62197892
2022-06-25T00:00:00Z,GHSTUSD,1.3278,1.3379,1.3154,1.3226,2219.5009134899997
2022-06-26T00:00:00Z,GHSTUSD,1.324,1.3253,1.3094,1.31,15157.522971509996
2022-06-27T00:00:00Z,GHSTUSD,1.31,1.3299,1.301,1.305,2004.4572663599997
2022-06-28T00:00:00Z,GHSTUSD,1.3051,1.3157,1.3,1.3046,4625.86916399
2022-06-29T00:00:00Z,GHSTUSD,1.3069,1.3124,1.3015,1.3053,75.94962576
2022-06-30T00:00:00Z,GHSTUSD,1.3006,1.3259,1.2906,1.3118,38521.136836939986
2022-07-01T00:00:00Z,GHSTUSD,1.3337,1.3337,1.2977,1.2977,4968.13052623
2022-07-02T00:00:00Z,GHSTUSD,1.297,1.3092,1.297,1.3,357.17182413000006
2022-07-03T00:00:00Z,GHSTUSD,1.3033,1.3107,1.2947,1.3023,3811.37412578
2022-07-04T00:00:00Z,GHSTUSD,1.301,1.3183,1.2948,1.3173,114.88906087
2022-07-05T00:00:00Z,GHSTUSD,1.3145,1.3186,1.2927,1.3119,4948.348634219999
2022-07-06T00:00:00Z,GHSTUSD,1.3118,1.3184,1.2969,1.3184,727.24183435
2022-07-07T00:00:00Z,GHSTUSD,1.3115,1.3231,1.2959,1.3096,11176.339164860003
2022-07-08T00:00:00Z,GHSTUSD,1.3096,1.3215,1.3012,1.3136,3710.0882371400003
2022-07-09T00:00:00Z,GHSTUSD,1.3033,1.3232,1.3033,1.3104,3487.27063758
2022-07-10T00:00:00Z,GHSTUSD,1.3119,1.3289,1.3015,1.3031,2035.8503904500003
2022-07-11T00:00:00Z,GHSTUSD,1.3104,1.3242,1.3052,1.3055,817.4767779600002
2022-07-12T00:00:00Z,GHSTUSD,1.3052,1.326,1.3052,1.3095,5276.77859858
2022-07-13T00:00:00Z,GHSTUSD,1.3122,1.3266,1.2932,1.3118,841.86860214
2022-07-14T00:00:00Z,GHSTUSD,1.3195,1.3474,1.3118,1.3333,2986.5362664
2022-07-15T00:00:00Z,GHSTUSD,1.3301,1.3426,1.3118,1.3119,5231.3959582000025
2022-07-16T00:00:00Z,GHSTUSD,1.3118,1.3365,1.3027,1.3286,1657.9449986000002
2022-07-17T00:00:00Z,GHSTUSD,1.3271,1.3353,1.32,1.3253,1324.1543630099998
2022-07-18T00:00:00Z,GHSTUSD,1.3294,1.3459,1.3261,1.3338,1467.0695061299998
2022-07-19T00:00:00Z,GHSTUSD,1.347,1.3514,1.3281,1.3354,26005.206227910003
2022-07-20T00:00:00Z,GHSTUSD,1.3315,1.3514,1.3151,1.3254,2524.4254900899987
2022-07-21T00:00:00Z,GHSTUSD,1.3223,1.3318,1.3127,1.3259,993.0426573599999
2022-07-22T00:00:00Z,GHSTUSD,1.3339,1.3411,1.3159,1.3159,4196.73826989
2022-07-23T00:00:00Z,GHSTUSD,1.3224,1.341,1.3211,1.341,63.38060409
2022-07-24T00:00:00Z,GHSTUSD,1.3348,1.3471,1.3348,1.3373,167.97815955
2022-07-25T00:00:00Z,GHSTUSD,1.333,1.333,1.3101,1.3157,986.9100132200001
2022-07-26T00:00:00Z,GHSTUSD,1.3096,1.318,1.3084,1.3178,1908.5187583399997
2022-07-27T00:00:00Z,GHSTUSD,1.3249,1.347,1.3186,1.3433,2450.23119551
2022-07-28T00:00:00Z,GHSTUSD,1.3375,1.349,1.3297,1.3387,3926.17358982
2022-07-29T00:00:00Z,GHSTUSD,1.3462,1.3462,1.3239,1.3375,2692.14730478
2022-07-30T00:00:00Z,GHSTUSD,1.3275,1.3439,1.3266,1.3266,580.60423467
2022-07-31T00:00:00Z,GHSTUSD,1.331,1.3749,1.3292,1.3353,2160.4166244200005
2022-08-01T00:00:00Z,GHSTUSD,1.3448,1.3453,1.3312,1.3312,4267.63676499
2022-08-02T00:00:00Z,GHSTUSD,1.3361,1.3665,1.3163,1.3599,11094.82926237
2022-08-03T00:00:00Z,GHSTUSD,1.3429,1.3519,1.3387,1.3415,18987.88595592996
2022-08-04T00:00:00Z,GHSTUSD,1.3443,1.3443,1.3348,1.3348,24.13407351
2022-08-05T00:00:00Z,GHSTUSD,1.3456,1.3552,1.3294,1.3398,2614.4100949099998
2022-08-06T00:00:00Z,GHSTUSD,1.342,1.3484,1.342,1.343,1426.6032758000001
2022-08-07T00:00:00Z,GHSTUSD,1.3339,1.348,1.3339,1.3399,920.95286777
2022-08-08T00:00:00Z,GHSTUSD,1.3464,1.348,1.3393,1.3393,10572.038300929999
2022-08-09T00:00:00Z,GHSTUSD,1.3428,1.3428,1.3295,1.3313,71.98092571
2022-08-10T00:00:00Z,GHSTUSD,1.3413,1.3571,1.337,1.354,2248.1316505799996
2022-08-11T00:00:00Z,GHSTUSD,1.354,1.354,1.3339,1.3339,6235.64140826
2022-08-12T00:00:00Z,GHSTUSD,1.3338,1.3428,1.3311,1.3346,726.49571288
2022-08-13T00:00:00Z,GHSTUSD,1.3433,1.3475,1.3294,1.34,361.2274835799999
2022-08-14T00:00:00Z,GHSTUSD,1.3419,1.3419,1.3263,1.328,5253.4946961000005
2022-08-15T00:00:00Z,GHSTUSD,1.3421,1.3436,1.325,1.3351,7897.933165929999
2022-08-16T00:00:00Z,GHSTUSD,1.3325,1.3325,1.3163,1.3263,204.81064236
2022-08-17T00:00:00Z,GHSTUSD,1.33,1.3321,1.3069,1.3081,12387.973727949999
2022-08-18T00:00:00Z,GHSTUSD,1.3065,1.3146,1.3039,1.3051,3252.4531874800005
2022-08-19T00:00:00Z,GHSTUSD,1.3039,1.4187,1.28,1.3224,16207.395174040004
2022-08-20T00:00:00Z,GHSTUSD,1.3234,1.337,1.3101,1.3151,595.01925029
2022-08-21T00:00:00Z,GHSTUSD,1.324,1.324,1.3152,1.3155,378.93333899
2022-08-22T00:00:00Z,GHSTUSD,1.3233,1.3233,1.3095,1.319,8242.19629466
2022-08-23T00:00:00Z,GHSTUSD,1.3281,1.3281,1.3035,1.31,12910.826999019999
2022-08-24T00:00:00Z,GHSTUSD,1.3172,1.3187,1.3072,1.311,3119.5482041600003
2022-08-25T00:00:00Z,GHSTUSD,1.3089,1.3099,1.3026,1.3026,711.6695962
2022-08-26T00:00:00Z,GHSTUSD,1.3008,1.3043,1.272,1.272,2011.8908230800002
2022-08-27T00:00:00Z,GHSTUSD,1.2848,1.292,1.2732,1.2836,1974.32891304
2022-08-28T00:00:00Z,GHSTUSD,1.2767,1.2821,1.2639,1.2678,3676.1763226499997
2022-08-29T00:00:00Z,GHSTUSD,1.2628,1.2748,1.2568,1.2721,8313.40488672
2022-08-30T00:00:00Z,GHSTUSD,1.2751,1.28,1.2634,1.2662,5127.67961702
2022-08-31T00:00:00Z,GHSTUSD,1.265,1.2715,1.2541,1.2554,1416.4311011399998
2022-09-01T00:00:00Z,GHSTUSD,1.2626,1.2626,1.2566,1.26,420.0262700900001
2022-09-02T00:00:00Z,GHSTUSD,1.26,1.271,1.2561,1.2561,16621.450490600004
2022-09-03T00:00:00Z,GHSTUSD,1.2589,1.37,1.2581,1.2581,79102.30797598002
2022-09-04T00:00:00Z,GHSTUSD,1.2585,1.2621,1.2527,1.2551,21967.126163580004
2022-09-05T00:00:00Z,GHSTUSD,1.2551,1.2551,1.2469,1.2497,1156.8283020200001
2022-09-06T00:00:00Z,GHSTUSD,1.2443,1.2547,1.2274,1.2274,505.55590278999983
2022-09-07T00:00:00Z,GHSTUSD,1.2346,1.245,1.2238,1.245,302.24292253
2022-09-08T00:00:00Z,GHSTUSD,1.2411,1.2411,1.23,1.2398,112.27636933999999
2022-09-09T00:00:00Z,GHSTUSD,1.2428,1.2577,1.2373,1.2373,3759.76633569
2022-09-10T00:00:00Z,GHSTUSD,1.2389,1.2389,1.2306,1.2347,94.2196142
2022-09-11T00:00:00Z,GHSTUSD,1.2345,1.2449,1.2257,1.2396,3218.16683009
2022-09-12T00:00:00Z,GHSTUSD,1.2316,1.2367,1.221,1.221,362.30386369999997
2022-09-13T00:00:00Z,GHSTUSD,1.222,1.2268,1.2032,1.2032,1204.1680830000005
2022-09-14T00:00:00Z,GHSTUSD,1.2123,1.2123,1.1997,1.2004,1846.6513622399998
2022-09-15T00:00:00Z,GHSTUSD,1.2059,1.2081,1.192,1.2078,1768.7392902100003
2022-09-16T00:00:00Z,GHSTUSD,1.2039,1.2156,1.1938,1.2069,1006.82438661
2022-09-17T00:00:00Z,GHSTUSD,1.2158,1.2171,1.198,1.2171,3249.17162225
2022-09-18T00:00:00Z,GHSTUSD,1.2078,1.2078,1.1861,1.1866,1897.30620174
2022-09-19T00:00:00Z,GHSTUSD,1.1938,1.2181,1.1888,1.2181,14084.530474809999
2022-09-20T00:00:00Z,GHSTUSD,1.1998,1.2019,1.1913,1.1934,53.225005620000005
2022-09-21T00:00:00Z,GHSTUSD,1.1843,1.2113,1.1815,1.1815,16318.194032699997
2022-09-22T00:00:00Z,GHSTUSD,1.1915,1.1994,1.1864,1.1966,1386.4928032399998
2022-09-23T00:00:00Z,GHSTUSD,1.1944,1.2001,1.1863,1.1945,1543.33927844
2022-09-24T00:00:00Z,GHSTUSD,1.1952,1.1952,1.1864,1.1921,1201.0663800200002
2022-09-25T00:00:00Z,GHSTUSD,1.1821,1.1821,1.1821,1.1821,16.38612905
2022-09-26T00:00:00Z,GHSTUSD,1.187,1.194,1.1795,1.1836,2187.029234
2022-09-27T00:00:00Z,GHSTUSD,1.1827,1.1929,1.1737,1.1842,653.4474183000001
2022-09-28T00:00:00Z,GHSTUSD,1.1759,1.1965,1.1746,1.1907,211.31811611
2022-09-29T00:00:00Z,GHSTUSD,1.1896,1.1909,1.1804,1.1804,390.74884036000003
2022-09-30T00:00:00Z,GHSTUSD,1.1857,1.1857,1.1807,1.1807,145.87382101
2022-10-01T00:00:00Z,GHSTUSD,1.1806,1.1806,1.1739,1.1739,3533.0666604699995
2022-10-02T00:00:00Z,GHSTUSD,1.1712,1.1739,1.1672,1.1672,1928.9631808
2022-10-03T00:00:00Z,GHSTUSD,1.1729,1.1779,1.165,1.165,60.17799858
2022-10-04T00:00:00Z,GHSTUSD,1.1731,1.1775,1.1704,1.1704,3530.2209182399997
2022-10-05T00:00:00Z,GHSTUSD,1.1765,1.1765,1.1673,1.1733,210.07393449
2022-10-06T00:00:00Z,GHSTUSD,1.1719,1.1726,1.168,1.168,8220.95787373
2022-10-07T00:00:00Z,GHSTUSD,1.1634,1.1667,1.161,1.1619,10779.603183090001
2022-10-08T00:00:00Z,GHSTUSD,1.1647,1.1688,1.1624,1.1688,285.4825767
2022-10-09T00:00:00Z,GHSTUSD,1.1642,1.1675,1.1642,1.1675,870.29137958
2022-10-10T00:00:00Z,GHSTUSD,1.1628,1.1677,1.1585,1.1585,2184.04946584
2022-10-11T00:00:00Z,GHSTUSD,1.1596,1.1623,1.1586,1.1599,105.71995933000002
2022-10-12T00:00:00Z,GHSTUSD,1.1561,1.161,1.1561,1.1579,263.40791132
2022-10-13T00:00:00Z,GHSTUSD,1.155,1.1651,1.1457,1.1651,6099.37829335
2022-10-14T00:00:00Z,GHSTUSD,1.1562,1.1703,1.1449,1.1476,25759.10082299
2022-10-15T00:00:00Z,GHSTUSD,1.1484,1.15,1.1435,1.1485,5967.387845460001
2022-10-16T00:00:00Z,GHSTUSD,1.1472,1.1538,1.1463,1.1538,473.57146858000004
2022-10-17T00:00:00Z,GHSTUSD,1.1486,1.1571,1.1478,1.1541,11382.387414260005
2022-10-18T00:00:00Z,GHSTUSD,1.1535,1.187,1.1476,1.1479,6922.82355448
2022-10-19T00:00:00Z,GHSTUSD,1.1548,1.1548,1.1384,1.1403,2832.6357277799993
2022-10-20T00:00:00Z,GHSTUSD,1.1401,1.1458,1.1386,1.1386,166.20785887
2022-10-21T00:00:00Z,GHSTUSD,1.1401,1.1492,1.1355,1.1492,523.6810961500001
2022-10-22T00:00:00Z,GHSTUSD,1.1546,1.1694,1.1474,1.1694,366.24805269999996
2022-10-23T00:00:00Z,GHSTUSD,1.1635,1.1636,1.151,1.1517,6120.48407828
2022-10-24T00:00:00Z,GHSTUSD,1.1563,1.1563,1.141,1.1416,465.86653467
2022-10-25T00:00:00Z,GHSTUSD,1.1445,1.1799,1.135,1.135,7397.940195370001
2022-10-26T00:00:00Z,GHSTUSD,1.1427,1.1559,1.1361,1.1434,2758.52981482
2022-10-27T00:00:00Z,GHSTUSD,1.1431,1.1458,1.1333,1.1351,1374.6964150400001
2022-10-28T00:00:00Z,GHSTUSD,1.1389,1.1436,1.1332,1.1436,5813.8032349800005
2022-10-29T00:00:00Z,GHSTUSD,1.1379,1.1434,1.1314,1.143,1462.70430447
2022-10-30T00:00:00Z,GHSTUSD,1.1324,1.1337,1.1234,1.1268,4717.283206959999
2022-10-31T00:00:00Z,GHSTUSD,1.1251,1.1269,1.119,1.1242,2749.002248680001
2022-11-01T00:00:00Z,GHSTUSD,1.1244,1.1268,1.0974,1.1,22959.719183909998
2022-11-02T00:00:00Z,GHSTUSD,1.1,1.1088,1.099,1.108,20220.60995285
2022-11-03T00:00:00Z,GHSTUSD,1.1057,1.1178,1.105,1.105,2791.966199850001
2022-11-04T00:00:00Z,GHSTUSD,1.1061,1.1256,1.1061,1.1249,36662.14042383
2022-11-05T00:00:00Z,GHSTUSD,1.1267,1.1301,1.0965,1.0965,2254.8844698899993
2022-11-06T00:00:00Z,GHSTUSD,1.1049,1.1075,1.0923,1.0923,2507.9542841400003
2022-11-07T00:00:00Z,GHSTUSD,1.0988,1.1105,1.0937,1.1009,5191.4960883
2022-11-08T00:00:00Z,GHSTUSD,1.0936,1.1234,1.0772,1.0824,13748.610233410001
2022-11-09T00:00:00Z,GHSTUSD,1.0777,1.1373,1.0426,1.0467,76963.92671413
2022-11-10T00:00:00Z,GHSTUSD,1.0479,1.0731,1.0415,1.0628,11873.229357930004
2022-11-11T00:00:00Z,GHSTUSD,1.0638,1.0642,1.0366,1.0455,212.69160434
2022-11-12T00:00:00Z,GHSTUSD,1.0455,1.052,1.0229,1.0366,11502.516964949999
2022-11-13T00:00:00Z,GHSTUSD,1.0499,1.0499,1.0272,1.0292,1131.0381479600003
2022-11-14T00:00:00Z,GHSTUSD,1.0301,1.0489,1.0265,1.0323,3732.4166537799997
2022-11-15T00:00:00Z,GHSTUSD,1.0362,1.0484,1.0362,1.037,8845.990734639998
2022-11-16T00:00:00Z,GHSTUSD,1.037,1.037,1.0222,1.0237,2130.5572237200004
2022-11-17T00:00:00Z,GHSTUSD,1.0255,1.0302,1.0162,1.0302,10531.156337690001
2022-11-18T00:00:00Z,GHSTUSD,1.0183,1.0232,1.0166,1.022,512.37252372
2022-11-19T00:00:00Z,GHSTUSD,1.0145,1.0308,0.9267,1.0308,2975.6087134899994
2022-11-20T00:00:00Z,GHSTUSD,1.0214,1.0214,1.0136,1.0139,102.44526177
2022-11-21T00:00:00Z,GHSTUSD,1.0136,1.0211,1.0132,1.0211,111.67486661
2022-11-22T00:00:00Z,GHSTUSD,1.0179,1.0234,1.005,1.0204,9269.542176619998
2022-11-23T00:00:00Z,GHSTUSD,1.0168,1.0312,0.8484,1.0312,1704.62135197
2022-11-24T00:00:00Z,GHSTUSD,1.0339,1.049,1.0178,1.018,418.31720558999996
2022-11-25T00:00:00Z,GHSTUSD,1.065,1.065,1.0138,1.0138,29.40524
2022-11-27T00:00:00Z,GHSTUSD,1.0387,1.0405,1.0238,1.0238,634.76629182
2022-11-28T00:00:00Z,GHSTUSD,1.0218,1.026,1.0178,1.026,116.28415588
2022-11-29T00:00:00Z,GHSTUSD,1.0311,1.0639,1.0311,1.0639,1939.6634883499999
2022-11-30T00:00:00Z,GHSTUSD,1.0571,1.0682,1.0532,1.0574,1014.45357905
2022-12-01T00:00:00Z,GHSTUSD,1.0586,1.0783,1.044,1.0543,4134.23741601
2022-12-02T00:00:00Z,GHSTUSD,1.024,1.0298,1.0166,1.0279,690.91513519
2022-12-03T00:00:00Z,GHSTUSD,1.0284,1.029,1.0151,1.0153,9729.35135418
2022-12-04T00:00:00Z,GHSTUSD,1.0187,1.0368,1.0187,1.0357,511.57860413
2022-12-05T00:00:00Z,GHSTUSD,1.0313,1.0857,1.0281,1.0431,5137.854577330001
2022-12-06T00:00:00Z,GHSTUSD,1.0462,1.0545,1.0322,1.0328,2269.481966980001
2022-12-07T00:00:00Z,GHSTUSD,1.0579,1.1219,1.0189,1.0228,5679.449380509998
2022-12-08T00:00:00Z,GHSTUSD,1.0232,1.025,0.8759,1.0192,1023.77363664
2022-12-09T00:00:00Z,GHSTUSD,1.0232,1.025,1.0174,1.0174,8200.82048584
2022-12-10T00:00:00Z,GHSTUSD,1.0175,1.0244,1.0175,1.0216,742.6250456800001
2022-12-11T00:00:00Z,GHSTUSD,1.0174,1.0194,1.0149,1.0194,859.7593937699999
2022-12-12T00:00:00Z,GHSTUSD,1.0133,1.5,0.9987,1.0552,24070.873485669996
2022-12-13T00:00:00Z,GHSTUSD,1.0558,1.0638,1.017,1.0213,1970.2810164900002
2022-12-14T00:00:00Z,GHSTUSD,1.0221,1.0827,1.0184,1.019,2556.2054247399997
2022-12-15T00:00:00Z,GHSTUSD,1.0097,1.01,0.9901,0.9901,1063.31362816
2022-12-16T00:00:00Z,GHSTUSD,1.0098,1.3817,0.9981,1.05,35038.77867949999
2022-12-17T00:00:00Z,GHSTUSD,1.0225,1.0323,1.0225,1.0323,158.89562952
2022-12-18T00:00:00Z,GHSTUSD,1.028,1.028,1.0162,1.0165,501.06075615
2022-12-19T00:00:00Z,GHSTUSD,1.0152,1.129,1.0123,1.05,22337.121787590007
2022-12-20T00:00:00Z,GHSTUSD,1.028,1.033,1.0271,1.0328,14972.2414727
2022-12-21T00:00:00Z,GHSTUSD,1.0277,1.0306,1.027,1.027,233.44057331
2022-12-22T00:00:00Z,GHSTUSD,1.0204,1.0205,1.0058,1.0175,10468.607277030002
2022-12-23T00:00:00Z,GHSTUSD,1.0152,1.02,1.0113,1.0198,1111.48825632
2022-12-24T00:00:00Z,GHSTUSD,1.0114,1.02,1.0098,1.015,467.8526230300001
2022-12-25T00:00:00Z,GHSTUSD,1.0175,1.0175,1.0041,1.0041,204.6322706
2022-12-26T00:00:00Z,GHSTUSD,1.0043,1.0043,1.0043,1.0043,2057.65911838
2022-12-27T00:00:00Z,GHSTUSD,0.9978,1.01,0.9978,1.01,14295.627537289998
2022-12-28T00:00:00Z,GHSTUSD,1.0061,1.0061,0.9848,0.9848,131.22143548
2022-12-29T00:00:00Z,GHSTUSD,0.9795,0.9841,0.9795,0.983,693.5337808
2022-12-30T00:00:00Z,GHSTUSD,0.983,0.983,0.9727,0.9773,3165.7084088800007
2022-12-31T00:00:00Z,GHSTUSD,0.9766,1.0029,0.9724,0.9724,312.58465495999997
2023-01-01T00:00:00Z,GHSTUSD,0.9701,0.9701,0.9701,0.9701,16.76802677
2023-01-02T00:00:00Z,GHSTUSD,0.9747,0.9937,0.9714,0.9771,1007.27852185
2023-01-03T00:00:00Z,GHSTUSD,0.9787,0.9879,0.9712,0.9879,18.86175346
2023-01-04T00:00:00Z,GHSTUSD,0.9964,1.0036,0.9614,0.978,1918.8571781600003
2023-01-05T00:00:00Z,GHSTUSD,0.9845,0.9846,0.9578,0.9718,414.79441936999996
2023-01-06T00:00:00Z,GHSTUSD,0.9782,0.9806,0.97,0.97,210.51793736000002
2023-01-07T00:00:00Z,GHSTUSD,0.9829,0.9977,0.9741,0.9755,71.75564241
2023-01-08T00:00:00Z,GHSTUSD,0.9764,0.9845,0.9737,0.9759,423.35753382
2023-01-09T00:00:00Z,GHSTUSD,0.999,1.0295,0.9867,0.9928,9293.87557235
2023-01-10T00:00:00Z,GHSTUSD,0.9943,1.05,0.986,1.0493,14144.77998937
2023-01-11T00:00:00Z,GHSTUSD,0.9936,1.0324,0.9821,0.9966,2607.26045523
2023-01-12T00:00:00Z,GHSTUSD,0.999,1.0192,0.9875,1.0192,1417.92986533
2023-01-13T00:00:00Z,GHSTUSD,0.9957,1.0015,0.9926,1.0015,4875.09574756
2023-01-14T00:00:00Z,GHSTUSD,1.0014,1.0186,0.9989,1.0111,5410.830147320001
2023-01-15T00:00:00Z,GHSTUSD,1.0082,1.0172,0.9889,1.0145,3874.68389709
2023-01-16T00:00:00Z,GHSTUSD,1.0067,1.0496,1.004,1.01,12690.184129719997
2023-01-17T00:00:00Z,GHSTUSD,1.0078,1.039,0.9999,1.001,3283.95769353
2023-01-18T00:00:00Z,GHSTUSD,1.007,1.0242,0.9941,1.0138,1398.94106122
2023-01-19T00:00:00Z,GHSTUSD,1.0242,1.0657,1.0185,1.0264,10509.00278491
2023-01-20T00:00:00Z,GHSTUSD,1.0191,1.038,0.995,1.0132,9913.41399934
2023-01-21T00:00:00Z,GHSTUSD,1.0123,1.0209,1.0021,1.0077,699.37406789
2023-01-22T00:00:00Z,GHSTUSD,1.0248,1.0248,1.0165,1.0165,719.3217192
2023-01-23T00:00:00Z,GHSTUSD,1.0199,1.0199,1.0113,1.0138,185.49722454999997
2023-01-24T00:00:00Z,GHSTUSD,1.0162,1.02,1.0147,1.0147,63.752392089999994
2023-01-25T00:00:00Z,GHSTUSD,1.0189,1.0189,1.0111,1.0111,172.39475
2023-01-26T00:00:00Z,GHSTUSD,1.027,1.035,1.0208,1.0237,2583.6112703
2023-01-27T00:00:00Z,GHSTUSD,1.0203,1.0543,1.0164,1.0332,360.39503156
2023-01-28T00:00:00Z,GHSTUSD,1.0395,1.04,1.0395,1.04,432.94568076
2023-01-29T00:00:00Z,GHSTUSD,1.0432,1.0785,1.0417,1.0735,1872.29943999
2023-01-30T00:00:00Z,GHSTUSD,1.08,1.1583,1.08,1.1502,9063.583127060001
2023-01-31T00:00:00Z,GHSTUSD,1.1545,1.155,1.1229,1.1341,90267.28904528005
2023-02-01T00:00:00Z,GHSTUSD,1.1417,1.1417,1.0874,1.1114,11418.304272899994
2023-02-02T00:00:00Z,GHSTUSD,1.1111,1.1473,1.1111,1.1254,101076.20115072004
2023-02-03T00:00:00Z,GHSTUSD,1.1267,1.1765,1.1248,1.1495,14380.348654019997
2023-02-04T00:00:00Z,GHSTUSD,1.153,1.153,1.122,1.122,2032.3186381599996
2023-02-05T00:00:00Z,GHSTUSD,1.1167,1.1228,1.1128,1.1228,1474.0979918700002
2023-02-06T00:00:00Z,GHSTUSD,1.11,1.11,1.0994,1.1059,7608.942342360001
2023-02-07T00:00:00Z,GHSTUSD,1.1018,1.1164,1.0949,1.1117,9109.538743709996
2023-02-08T00:00:00Z,GHSTUSD,1.1159,1.1307,1.1159,1.1307,9508.15344111
2023-02-09T00:00:00Z,GHSTUSD,1.1282,1.1282,1.0841,1.0862,1975.1910139800004
2023-02-10T00:00:00Z,GHSTUSD,1.0875,1.0955,1.0695,1.0819,44885.16407551
2023-02-11T00:00:00Z,GHSTUSD,1.0881,1.0882,1.0807,1.0882,189.57394683
2023-02-12T00:00:00Z,GHSTUSD,1.1011,1.1171,1.086,1.086,3544.9609197599993
2023-02-13T00:00:00Z,GHSTUSD,1.0911,1.0911,1.0545,1.0668,5269.39824574
2023-02-14T00:00:00Z,GHSTUSD,1.0627,1.068,1.0627,1.068,34.72044897
2023-02-15T00:00:00Z,GHSTUSD,1.0673,1.0794,1.0661,1.0794,1973.19727949
2023-02-16T00:00:00Z,GHSTUSD,1.0801,1.1,1.0779,1.0794,4738.54232944
2023-02-17T00:00:00Z,GHSTUSD,1.0924,1.3594,1.0924,1.3109,31763.05822511999
2023-02-18T00:00:00Z,GHSTUSD,1.3201,1.4331,1.3035,1.3073,10423.978659480003
2023-02-19T00:00:00Z,GHSTUSD,1.3097,1.3612,1.2747,1.3465,2928.64733627
2023-02-20T00:00:00Z,GHSTUSD,1.3486,1.5543,1.3363,1.4545,11080.737086250001
2023-02-21T00:00:00Z,GHSTUSD,1.4512,1.5419,1.4247,1.48,18529.41124402
2023-02-22T00:00:00Z,GHSTUSD,1.4888,1.6501,1.4888,1.65,11917.597734570001
2023-02-23T00:00:00Z,GHSTUSD,1.65,1.65,1.582,1.6315,10607.39107484
2023-02-24T00:00:00Z,GHSTUSD,1.6342,1.6342,1.5104,1.5353,10668.803445620004
2023-02-25T00:00:00Z,GHSTUSD,1.5161,1.5472,1.5139,1.5472,2051.4554783300005
2023-02-26T00:00:00Z,GHSTUSD,1.5437,1.5556,1.5303,1.5345,1692.3593979900002
2023-02-27T00:00:00Z,GHSTUSD,1.5378,1.5378,1.4632,1.4959,14919.705318569999
2023-02-28T00:00:00Z,GHSTUSD,1.4888,1.5923,1.454,1.454,1307.41797158
2023-03-01T00:00:00Z,GHSTUSD,1.4605,1.5354,1.4591,1.4917,2281.6201695000004
2023-03-02T00:00:00Z,GHSTUSD,1.5125,1.5125,1.472,1.4771,1095.68655885
2023-03-03T00:00:00Z,GHSTUSD,1.474,1.474,1.375,1.4083,3105.0406996900006
2023-03-04T00:00:00Z,GHSTUSD,1.4161,1.4273,1.4094,1.4224,1534.9328858
2023-03-05T00:00:00Z,GHSTUSD,1.4564,1.5014,1.4358,1.491,847.28648233
2023-03-06T00:00:00Z,GHSTUSD,1.48,1.5955,1.472,1.5955,25598.201386740002
2023-03-07T00:00:00Z,GHSTUSD,1.6113,1.6497,1.5593,1.6492,36775.98596748
2023-03-08T00:00:00Z,GHSTUSD,1.6193,1.6585,1.4814,1.5118,51640.38431555999
2023-03-09T00:00:00Z,GHSTUSD,1.4923,1.4978,1.4143,1.4189,3840.1212983699997
2023-03-10T00:00:00Z,GHSTUSD,1.3864,1.3864,1.3327,1.3715,8076.542556209999
2023-03-11T00:00:00Z,GHSTUSD,1.3785,1.3871,0.9894,1.1739,56531.60605564997
2023-03-12T00:00:00Z,GHSTUSD,1.1957,1.2075,1.0509,1.2068,5169.783318880001
2023-03-13T00:00:00Z,GHSTUSD,1.2383,1.3668,1.2189,1.2805,16027.951253390002
2023-03-14T00:00:00Z,GHSTUSD,1.2123,1.3377,1.1372,1.2776,8260.215699879996
2023-03-15T00:00:00Z,GHSTUSD,1.2588,1.2646,1.1104,1.1233,7383.517408719999
2023-03-16T00:00:00Z,GHSTUSD,1.1372,1.183,1.1372,1.1689,2781.02417952
2023-03-17T00:00:00Z,GHSTUSD,1.1681,1.2669,1.1681,1.2377,1590.3855775699997
2023-03-18T00:00:00Z,GHSTUSD,1.2275,1.5729,1.2207,1.3612,21048.77596926
2023-03-19T00:00:00Z,GHSTUSD,1.3452,1.4438,1.3336,1.3654,6858.58000093
2023-03-20T00:00:00Z,GHSTUSD,1.3394,1.43,1.322,1.3391,4406.80533182
2023-03-21T00:00:00Z,GHSTUSD,1.3677,1.4008,1.3083,1.3083,515.2745261599999
2023-03-22T00:00:00Z,GHSTUSD,1.2878,1.295,1.1619,1.1908,14840.739893769996
2023-03-23T00:00:00Z,GHSTUSD,1.1956,1.2165,1.1711,1.21,8152.456051370001
2023-03-24T00:00:00Z,GHSTUSD,1.2289,1.258,1.1809,1.1865,2405.303692530001
2023-03-25T00:00:00Z,GHSTUSD,1.171,1.1754,1.1243,1.1501,10955.65695231
2023-03-26T00:00:00Z,GHSTUSD,1.1426,1.1506,1.1086,1.1086,16159.949050180001
2023-03-27T00:00:00Z,GHSTUSD,1.1198,1.1374,1.0361,1.0593,1157.00619925
2023-03-28T00:00:00Z,GHSTUSD,1.0865,1.0865,1.0094,1.0289,5475.62272158
2023-03-29T00:00:00Z,GHSTUSD,1.0651,1.0821,1.0651,1.0671,1106.71439954
2023-03-30T00:00:00Z,GHSTUSD,1.0815,1.0877,1.0621,1.0687,2753.15441399
2023-03-31T00:00:00Z,GHSTUSD,1.1149,1.3174,1.0857,1.1783,16041.195712239994
2023-04-01T00:00:00Z,GHSTUSD,1.1362,1.1362,1.0963,1.1251,3681.4755485900005
2023-04-02T00:00:00Z,GHSTUSD,1.1225,1.134,1.0832,1.0832,1493.2439169399997
2023-04-03T00:00:00Z,GHSTUSD,1.0593,1.089,1.0478,1.0478,1961.6889544
2023-04-04T00:00:00Z,GHSTUSD,1.0602,1.0849,1.0509,1.0844,592.77991657
2023-04-05T00:00:00Z,GHSTUSD,1.0913,1.1008,1.0715,1.1008,535.7882428400001
2023-04-06T00:00:00Z,GHSTUSD,1.0743,1.0762,1.0627,1.0739,315.0691629
2023-04-07T00:00:00Z,GHSTUSD,1.0779,1.0822,1.0642,1.0642,832.1937945599999
2023-04-08T00:00:00Z,GHSTUSD,1.0739,1.0952,1.0671,1.0952,271.67293508
2023-04-09T00:00:00Z,GHSTUSD,1.0818,1.1221,1.0818,1.0886,3083.5833442199996
2023-04-10T00:00:00Z,GHSTUSD,1.0847,1.1017,1.074,1.1008,9063.189730770002
2023-04-11T00:00:00Z,GHSTUSD,1.0974,1.1198,1.0954,1.1095,3106.7201628
2023-04-12T00:00:00Z,GHSTUSD,1.1194,1.1235,1.0611,1.0611,1458.98657433
2023-04-13T00:00:00Z,GHSTUSD,1.0578,1.0987,1.0578,1.0986,2795.7358917099996
2023-04-14T00:00:00Z,GHSTUSD,1.0985,1.1445,1.0947,1.1445,677.93470975
2023-04-15T00:00:00Z,GHSTUSD,1.1608,1.1623,1.1163,1.153,2121.12849245
2023-04-16T00:00:00Z,GHSTUSD,1.1512,1.1875,1.1303,1.1505,4296.130128960001
2023-04-17T00:00:00Z,GHSTUSD,1.1859,1.2713,1.1597,1.2152,12645.038744940002
2023-04-18T00:00:00Z,GHSTUSD,1.2139,1.2465,1.1992,1.2081,1261.9661932600002
2023-04-19T00:00:00Z,GHSTUSD,1.1869,1.1869,1.1166,1.1166,1305.06172697
2023-04-20T00:00:00Z,GHSTUSD,1.0971,1.1491,1.0897,1.1002,522.36465921
2023-04-21T00:00:00Z,GHSTUSD,1.1037,1.1037,1.0651,1.0664,301.34727433
2023-04-22T00:00:00Z,GHSTUSD,1.0477,1.1363,1.047,1.1323,6199.063675060001
2023-04-23T00:00:00Z,GHSTUSD,1.1088,1.1121,1.0872,1.0952,1064.0921395799999
2023-04-24T00:00:00Z,GHSTUSD,1.1153,1.1153,1.0824,1.0921,2208.8611708699996
2023-04-25T00:00:00Z,GHSTUSD,1.0895,1.1208,1.0895,1.1208,124.7163069
2023-04-26T00:00:00Z,GHSTUSD,1.1213,1.1405,1.0979,1.0979,278.328966
2023-04-27T00:00:00Z,GHSTUSD,1.1192,1.1331,1.1073,1.1331,966.41227637
2023-04-28T00:00:00Z,GHSTUSD,1.1319,1.4158,1.1048,1.1068,12720.439104199997
2023-04-29T00:00:00Z,GHSTUSD,1.1099,1.1213,1.0908,1.1022,2442.0254772100006
2023-04-30T00:00:00Z,GHSTUSD,1.0974,1.123,1.096,1.1067,2205.42142699
2023-05-01T00:00:00Z,GHSTUSD,1.1043,1.1061,1.0853,1.0853,214.91534107
2023-05-02T00:00:00Z,GHSTUSD,1.0858,1.0868,1.0698,1.0698,283.39437885999996
2023-05-03T00:00:00Z,GHSTUSD,1.0725,1.082,1.0658,1.082,1752.8629501500002
2023-05-04T00:00:00Z,GHSTUSD,1.0807,1.0945,1.0714,1.0714,207.47643377999998
2023-05-05T00:00:00Z,GHSTUSD,1.0744,1.0851,1.0721,1.0751,938.61723289
2023-05-06T00:00:00Z,GHSTUSD,1.07,1.071,1.042,1.0487,2657.18268414
2023-05-07T00:00:00Z,GHSTUSD,1.0331,1.0351,1.0278,1.0278,65.30611693
2023-05-08T00:00:00Z,GHSTUSD,1.0027,1.0027,0.9588,0.9588,3239.88435905
2023-05-09T00:00:00Z,GHSTUSD,0.9658,0.9658,0.9525,0.9525,127.04063755
2023-05-10T00:00:00Z,GHSTUSD,0.9441,0.96,0.9358,0.9358,1484.20232355
2023-05-11T00:00:00Z,GHSTUSD,0.9354,0.9354,0.8928,0.8989,12859.04664984
2023-05-12T00:00:00Z,GHSTUSD,0.8915,0.9253,0.8915,0.9253,204.10899148000004
2023-05-13T00:00:00Z,GHSTUSD,0.9344,0.9482,0.9344,0.9386,31.55308437
2023-05-14T00:00:00Z,GHSTUSD,0.9506,0.9529,0.9506,0.9529,550.2127467299999
2023-05-15T00:00:00Z,GHSTUSD,0.9518,0.9628,0.9518,0.9617,730.9031391
2023-05-16T00:00:00Z,GHSTUSD,0.9597,0.9655,0.9597,0.9655,209.97654
2023-05-17T00:00:00Z,GHSTUSD,0.9673,0.97,0.9409,0.9665,1964.76803767
2023-05-18T00:00:00Z,GHSTUSD,0.9387,0.9486,0.9361,0.9361,1829.3269939199997
2023-05-19T00:00:00Z,GHSTUSD,0.955,0.9724,0.9504,0.9598,6447.354465739999
2023-05-20T00:00:00Z,GHSTUSD,0.955,0.9654,0.955,0.9604,1243.8495718899999
2023-05-21T00:00:00Z,GHSTUSD,0.9726,1.0995,0.9675,0.9915,11899.600203349999
2023-05-22T00:00:00Z,GHSTUSD,0.987,0.9879,0.9486,0.9592,14674.153330919993
2023-05-23T00:00:00Z,GHSTUSD,0.9684,0.9765,0.9679,0.9679,560.05595523
2023-05-24T00:00:00Z,GHSTUSD,0.961,0.9648,0.9244,0.9357,511.24672178
2023-05-26T00:00:00Z,GHSTUSD,0.9622,0.985,0.9622,0.9827,2706.52808459
2023-05-27T00:00:00Z,GHSTUSD,0.988,0.989,0.9793,0.9793,784.75059286
2023-05-28T00:00:00Z,GHSTUSD,0.9836,0.9928,0.9836,0.9928,42.63317955
2023-05-29T00:00:00Z,GHSTUSD,0.9935,0.994,0.9818,0.9818,536.77064275
2023-05-30T00:00:00Z,GHSTUSD,0.9926,0.9962,0.9846,0.9962,56.78933071
2023-05-31T00:00:00Z,GHSTUSD,0.9866,0.9866,0.9485,0.9485,567.68376983
2023-06-01T00:00:00Z,GHSTUSD,0.9576,0.9772,0.9576,0.9772,66.37062
2023-06-02T00:00:00Z,GHSTUSD,0.9804,1.0018,0.9804,1.0018,26.109900000000003
2023-06-03T00:00:00Z,GHSTUSD,1.0131,1.0424,1.0089,1.0117,606.23693529
2023-06-04T00:00:00Z,GHSTUSD,1.0134,1.0134,1.0008,1.0008,2603.71412883
2023-06-05T00:00:00Z,GHSTUSD,0.9849,0.9849,0.9448,0.9448,1532.1940302500002
2023-06-06T00:00:00Z,GHSTUSD,0.9391,0.9579,0.9298,0.9556,1554.3190466600001
2023-06-07T00:00:00Z,GHSTUSD,0.9569,1.1235,0.9552,0.9872,3435.60637288
2023-06-08T00:00:00Z,GHSTUSD,0.9929,0.9929,0.9432,0.9482,762.2812744600001
2023-06-09T00:00:00Z,GHSTUSD,0.953,0.9586,0.9427,0.9427,254.27539754999998
2023-06-10T00:00:00Z,GHSTUSD,0.9406,0.9406,0.8622,0.8896,926.77888635
2023-06-11T00:00:00Z,GHSTUSD,0.8887,0.9234,0.8887,0.9234,365.73957250999996
2023-06-12T00:00:00Z,GHSTUSD,0.9091,0.9124,0.9017,0.9031,282.28377721000004
2023-06-13T00:00:00Z,GHSTUSD,0.9017,0.9061,0.8602,0.8859,2624.09745766
2023-06-14T00:00:00Z,GHSTUSD,0.8874,0.8874,0.8542,0.8607,144.25718364000002
2023-06-15T00:00:00Z,GHSTUSD,0.8625,0.8676,0.852,0.8673,784.8312573799998
2023-06-16T00:00:00Z,GHSTUSD,0.866,0.866,0.8592,0.8656,103.01771641
2023-06-17T00:00:00Z,GHSTUSD,0.8845,0.8845,0.8652,0.8753,106.19534026000001
2023-06-18T00:00:00Z,GHSTUSD,0.8831,0.906,0.8831,0.8929,353.57407634
2023-06-19T00:00:00Z,GHSTUSD,0.8958,0.8968,0.8733,0.8968,1453.3433762999998
2023-06-20T00:00:00Z,GHSTUSD,0.8912,0.9179,0.8912,0.9179,776.8710848700001
2023-06-21T00:00:00Z,GHSTUSD,0.9328,1.002,0.9328,0.9882,1587.3534351500005
2023-06-22T00:00:00Z,GHSTUSD,0.9996,0.9996,0.9546,0.9789,310.65022296
2023-06-23T00:00:00Z,GHSTUSD,0.9733,0.9933,0.971,0.9874,87.45227757999999
2023-06-24T00:00:00Z,GHSTUSD,0.9837,0.9966,0.9735,0.9735,1306.8787141399996
2023-06-25T00:00:00Z,GHSTUSD,0.9819,1.0068,0.9819,0.9868,953.46440176
2023-06-26T00:00:00Z,GHSTUSD,0.9838,0.9907,0.9819,0.9853,450.5149620700001
2023-06-27T00:00:00Z,GHSTUSD,0.9862,0.9974,0.9862,0.9974,7.13357694
2023-06-28T00:00:00Z,GHSTUSD,0.9705,0.9705,0.9558,0.9677,55.059030789999994
2023-06-29T00:00:00Z,GHSTUSD,0.9654,0.9654,0.9629,0.9629,158.70864
2023-06-30T00:00:00Z,GHSTUSD,0.9902,0.9902,0.9236,0.944,559.83849228
2023-07-01T00:00:00Z,GHSTUSD,0.9441,0.946,0.9312,0.9457,1129.09506951
2023-07-02T00:00:00Z,GHSTUSD,0.9446,0.9495,0.9446,0.9495,92.14299353
2023-07-03T00:00:00Z,GHSTUSD,0.9439,0.9505,0.9395,0.9505,2552.35366626
2023-07-04T00:00:00Z,GHSTUSD,0.9423,0.9609,0.942,0.9499,1225.2715232
2023-07-05T00:00:00Z,GHSTUSD,0.9551,1.1567,0.9526,0.9674,3318.1507161400004
2023-07-06T00:00:00Z,GHSTUSD,0.9527,0.9632,0.942,0.9463,2189.5478090399997
2023-07-07T00:00:00Z,GHSTUSD,0.9267,0.9343,0.9157,0.9343,151.55233675
2023-07-08T00:00:00Z,GHSTUSD,0.9358,0.9358,0.92,0.92,241.14241966999998
2023-07-09T00:00:00Z,GHSTUSD,0.9111,0.9227,0.9027,0.9116,1495.63249141
2023-07-10T00:00:00Z,GHSTUSD,0.9216,0.9346,0.9083,0.9083,260.83308803
2023-07-11T00:00:00Z,GHSTUSD,0.9177,0.9254,0.9177,0.9254,222.65295430000003
2023-07-12T00:00:00Z,GHSTUSD,0.9188,1.05,0.9169,0.9579,4146.62054621
2023-07-13T00:00:00Z,GHSTUSD,0.9583,0.9881,0.9573,0.9796,664.4952180199998
2023-07-14T00:00:00Z,GHSTUSD,0.9867,0.9867,0.9313,0.9458,7574.660036240002
2023-07-15T00:00:00Z,GHSTUSD,0.9422,0.9422,0.9362,0.9367,1146.85579232
2023-07-16T00:00:00Z,GHSTUSD,0.9474,1.255,0.9474,0.9489,8294.21873148
2023-07-17T00:00:00Z,GHSTUSD,0.9517,0.9781,0.9434,0.9712,2650.74589259
2023-07-18T00:00:00Z,GHSTUSD,0.9474,0.955,0.9379,0.9379,1369.85635349
2023-07-19T00:00:00Z,GHSTUSD,0.9482,0.9664,0.9452,0.9572,723.1659278899998
2023-07-20T00:00:00Z,GHSTUSD,0.956,0.9911,0.9473,0.9583,30184.79071686
2023-07-21T00:00:00Z,GHSTUSD,0.9415,0.9475,0.9302,0.9399,703.63960707
2023-07-22T00:00:00Z,GHSTUSD,0.9425,0.952,0.9337,0.9429,307.52504636
2023-07-23T00:00:00Z,GHSTUSD,0.9478,0.9809,0.9459,0.9589,3488.840837499999
2023-07-24T00:00:00Z,GHSTUSD,0.9605,0.967,0.9398,0.9398,548.02343702
2023-07-25T00:00:00Z,GHSTUSD,0.9413,0.9759,0.9412,0.9759,336.79255084
2023-07-26T00:00:00Z,GHSTUSD,0.9601,0.9818,0.9592,0.9716,1707.66475182
2023-07-27T00:00:00Z,GHSTUSD,0.9672,1.0342,0.9672,0.9946,1274.6603956100003
2023-07-28T00:00:00Z,GHSTUSD,0.9867,0.9904,0.985,0.9881,392.09460776000003
2023-07-29T00:00:00Z,GHSTUSD,0.991,1.0136,0.9623,0.9773,176.03301391999997
2023-07-30T00:00:00Z,GHSTUSD,0.974,0.9813,0.9477,0.9477,637.7308404900001
2023-07-31T00:00:00Z,GHSTUSD,0.9697,0.9697,0.954,0.9597,47.47711076
2023-08-01T00:00:00Z,GHSTUSD,0.942,0.9426,0.9325,0.9426,114.79987768
2023-08-02T00:00:00Z,GHSTUSD,0.9385,0.9385,0.9239,0.9325,31.34515768
2023-08-03T00:00:00Z,GHSTUSD,0.9252,0.9317,0.9201,0.9201,570.38861332
2023-08-04T00:00:00Z,GHSTUSD,0.9201,0.9307,0.92,0.9282,71.97575189999999
2023-08-05T00:00:00Z,GHSTUSD,0.916,0.9496,0.916,0.9445,684.3853851
2023-08-06T00:00:00Z,GHSTUSD,0.9779,1.04,0.9431,0.9481,3286.2296833700007
2023-08-07T00:00:00Z,GHSTUSD,0.952,0.952,0.9299,0.9299,125.13378053000001
2023-08-08T00:00:00Z,GHSTUSD,0.9319,0.9472,0.9284,0.9472,1167.4751431
2023-08-09T00:00:00Z,GHSTUSD,0.9378,0.9498,0.9115,0.9115,1561.08531889
2023-08-10T00:00:00Z,GHSTUSD,0.9072,0.9072,0.8933,0.902,2414.6001704099995
2023-08-11T00:00:00Z,GHSTUSD,0.8909,0.8963,0.8789,0.881,1924.38902198
2023-08-12T00:00:00Z,GHSTUSD,0.8838,0.8918,0.8749,0.8749,185.34214843
2023-08-13T00:00:00Z,GHSTUSD,0.8842,0.928,0.8842,0.9274,619.15392922
2023-08-14T00:00:00Z,GHSTUSD,0.9313,0.934,0.9234,0.934,64.7757238
2023-08-15T00:00:00Z,GHSTUSD,0.9227,0.9254,0.9,0.9,1092.28655841
2023-08-16T00:00:00Z,GHSTUSD,0.8823,0.8823,0.8509,0.8551,210.14861864000002
2023-08-17T00:00:00Z,GHSTUSD,0.8217,0.8511,0.7934,0.7934,652.92529302
2023-08-18T00:00:00Z,GHSTUSD,0.7711,0.7721,0.7613,0.7721,379.59344001999995
2023-08-19T00:00:00Z,GHSTUSD,0.7684,0.8116,0.7684,0.8063,955.1101603700001
2023-08-20T00:00:00Z,GHSTUSD,0.7852,0.7954,0.7852,0.7954,57.72610322
2023-08-21T00:00:00Z,GHSTUSD,0.7945,0.7963,0.7797,0.7797,420.11662226
2023-08-22T00:00:00Z,GHSTUSD,0.7842,0.7842,0.7618,0.7637,264.31597626
2023-08-23T00:00:00Z,GHSTUSD,0.7619,0.782,0.7619,0.7762,196.96489107999997
2023-08-24T00:00:00Z,GHSTUSD,0.7771,0.7771,0.7771,0.7771,2.53564
2023-08-25T00:00:00Z,GHSTUSD,0.7856,0.8688,0.7856,0.8249,9643.429589339998
2023-08-26T00:00:00Z,GHSTUSD,0.8176,0.8256,0.8148,0.8256,3021.97762201
2023-08-27T00:00:00Z,GHSTUSD,0.8025,0.8092,0.8002,0.8078,698.0518202099998
2023-08-28T00:00:00Z,GHSTUSD,0.8,0.8,0.7857,0.7889,687.2528389299999
2023-08-29T00:00:00Z,GHSTUSD,0.8052,0.8122,0.8029,0.8098,466.90385095
2023-08-30T00:00:00Z,GHSTUSD,0.8096,0.8115,0.8009,0.8115,512.63119403
2023-08-31T00:00:00Z,GHSTUSD,0.8013,0.853,0.7974,0.834,5875.47814989
2023-09-01T00:00:00Z,GHSTUSD,0.8349,0.8349,0.8054,0.8127,1838.64020425
2023-09-02T00:00:00Z,GHSTUSD,0.8064,0.8175,0.7986,0.804,279.72107621000004
2023-09-03T00:00:00Z,GHSTUSD,0.8026,0.8026,0.7947,0.7975,293.87494
2023-09-04T00:00:00Z,GHSTUSD,0.7978,0.7978,0.7935,0.7935,9.83198264
2023-09-05T00:00:00Z,GHSTUSD,0.7866,0.8171,0.7866,0.8171,501.90262506000005
2023-09-06T00:00:00Z,GHSTUSD,0.8063,0.8129,0.8063,0.8129,148.88245358999998
2023-09-07T00:00:00Z,GHSTUSD,0.805,0.817,0.805,0.817,198.39432348
2023-09-08T00:00:00Z,GHSTUSD,0.7914,0.7914,0.7905,0.7905,7.6228
2023-09-09T00:00:00Z,GHSTUSD,0.7911,0.8059,0.7852,0.8017,304.64201237000003
2023-09-10T00:00:00Z,GHSTUSD,0.796,0.796,0.7648,0.7648,1814.3533332000002
2023-09-11T00:00:00Z,GHSTUSD,0.7412,0.7412,0.7412,0.7412,2.65845
2023-09-12T00:00:00Z,GHSTUSD,0.7407,0.7407,0.7337,0.7337,116.19501301
2023-09-13T00:00:00Z,GHSTUSD,0.7313,0.7395,0.7313,0.7395,18.13527
2023-09-14T00:00:00Z,GHSTUSD,0.7508,0.7882,0.7473,0.7861,991.70469651
2023-09-15T00:00:00Z,GHSTUSD,0.7746,0.7808,0.7559,0.76,1081.2062498399998
2023-09-16T00:00:00Z,GHSTUSD,0.7576,0.7972,0.7576,0.7972,1360.75173739
2023-09-17T00:00:00Z,GHSTUSD,0.7798,0.7798,0.7688,0.7762,760.4237813899999
2023-09-18T00:00:00Z,GHSTUSD,0.8047,0.864,0.7991,0.8248,1752.4488820899996
2023-09-19T00:00:00Z,GHSTUSD,0.8263,0.9215,0.8044,0.806,2645.3915521000004
2023-09-20T00:00:00Z,GHSTUSD,0.7982,0.8017,0.7982,0.8017,95.4347513
2023-09-21T00:00:00Z,GHSTUSD,0.7937,0.8006,0.7583,0.7668,499.0026879200001
2023-09-22T00:00:00Z,GHSTUSD,0.7726,0.7757,0.7611,0.7757,925.25173641
2023-09-23T00:00:00Z,GHSTUSD,0.7797,0.7813,0.776,0.776,194.12063862000002
2023-09-24T00:00:00Z,GHSTUSD,0.7813,0.7842,0.7791,0.7791,910.0256586999998
2023-09-25T00:00:00Z,GHSTUSD,0.7749,0.7807,0.7749,0.7807,100.0
2023-09-26T00:00:00Z,GHSTUSD,0.7785,0.7796,0.7664,0.7664,460.22727858999997
2023-09-27T00:00:00Z,GHSTUSD,0.7688,0.7688,0.7682,0.7682,180.1174
2023-09-28T00:00:00Z,GHSTUSD,0.7736,0.7845,0.7736,0.7844,683.90479963
2023-09-29T00:00:00Z,GHSTUSD,0.7805,0.7915,0.7805,0.7882,62.55198709
2023-09-30T00:00:00Z,GHSTUSD,0.7917,0.7959,0.7917,0.7959,202.02015706999998
2023-10-01T00:00:00Z,GHSTUSD,0.8008,0.8045,0.7919,0.8044,2506.1013131
2023-10-02T00:00:00Z,GHSTUSD,0.8102,0.8104,0.8031,0.8104,193.93120294
2023-10-03T00:00:00Z,GHSTUSD,0.7975,0.8012,0.7797,0.7797,571.96768305
2023-10-04T00:00:00Z,GHSTUSD,0.7884,0.7884,0.7808,0.7808,272.5272394
2023-10-05T00:00:00Z,GHSTUSD,0.7866,0.8018,0.7828,0.7893,1045.31374201
2023-10-06T00:00:00Z,GHSTUSD,0.7751,0.7908,0.7718,0.7783,648.9788820599999
2023-10-07T00:00:00Z,GHSTUSD,0.7783,0.7855,0.7783,0.783,680.50191492
2023-10-08T00:00:00Z,GHSTUSD,0.7744,0.7856,0.7744,0.7856,183.90456368000002
2023-10-09T00:00:00Z,GHSTUSD,0.7805,0.7845,0.7568,0.7638,972.18280003
2023-10-10T00:00:00Z,GHSTUSD,0.7639,0.7639,0.7536,0.7576,1164.1535291399998
2023-10-11T00:00:00Z,GHSTUSD,0.7524,0.7524,0.7475,0.7475,1147.5898951899999
2023-10-12T00:00:00Z,GHSTUSD,0.7539,0.7539,0.7426,0.7426,141.11776564000002
2023-10-13T00:00:00Z,GHSTUSD,0.7539,0.7612,0.7539,0.7612,38.58335321
2023-10-14T00:00:00Z,GHSTUSD,0.7565,0.7667,0.7565,0.7638,824.5930663600001
2023-10-15T00:00:00Z,GHSTUSD,0.7676,0.7717,0.7676,0.7712,234.54946255000002
2023-10-16T00:00:00Z,GHSTUSD,0.7754,0.7893,0.7754,0.7809,170.49724851
2023-10-17T00:00:00Z,GHSTUSD,0.7803,0.7831,0.7803,0.7831,106.01271
2023-10-18T00:00:00Z,GHSTUSD,0.7787,0.804,0.7787,0.7852,559.61988036
2023-10-19T00:00:00Z,GHSTUSD,0.7792,0.7903,0.7718,0.7718,503.49048529
2023-10-20T00:00:00Z,GHSTUSD,0.7751,0.7866,0.7751,0.7812,2583.4140255199995
2023-10-21T00:00:00Z,GHSTUSD,0.7931,0.8111,0.7818,0.7852,1857.1087677199998
2023-10-22T00:00:00Z,GHSTUSD,0.7931,0.8025,0.7931,0.8025,623.2708666100001
2023-10-23T00:00:00Z,GHSTUSD,0.7991,0.8071,0.7851,0.802,1919.1599273
2023-10-24T00:00:00Z,GHSTUSD,0.8071,0.8203,0.8049,0.8109,1586.2792130399998
2023-10-25T00:00:00Z,GHSTUSD,0.8134,0.8218,0.8104,0.8201,357.79828973
2023-10-26T00:00:00Z,GHSTUSD,0.8354,0.8359,0.8198,0.8288,1262.2698765099997
2023-10-27T00:00:00Z,GHSTUSD,0.8176,0.8372,0.8176,0.8267,448.2896126
2023-10-28T00:00:00Z,GHSTUSD,0.836,0.8453,0.836,0.8452,488.72663642000003
2023-10-29T00:00:00Z,GHSTUSD,0.8397,0.8906,0.8397,0.8833,2834.66207457
2023-10-30T00:00:00Z,GHSTUSD,0.8782,0.9187,0.8629,0.8748,2297.9821240499996
2023-10-31T00:00:00Z,GHSTUSD,0.8707,0.8746,0.8475,0.8475,597.28602914
2023-11-01T00:00:00Z,GHSTUSD,0.8397,0.8447,0.8326,0.8373,603.2940515500001
2023-11-02T00:00:00Z,GHSTUSD,0.8484,0.8579,0.8291,0.832,1619.1960944399998
2023-11-03T00:00:00Z,GHSTUSD,0.8222,0.8305,0.81,0.8305,1121.9195146800002
2023-11-04T00:00:00Z,GHSTUSD,0.8252,0.8549,0.8221,0.8549,882.36716212
2023-11-05T00:00:00Z,GHSTUSD,0.8544,0.8671,0.848,0.8482,4326.239252269999
2023-11-06T00:00:00Z,GHSTUSD,0.8603,0.9214,0.8603,0.9023,2537.1461805900003
2023-11-07T00:00:00Z,GHSTUSD,0.8919,0.9053,0.8527,0.8683,1561.3813955899998
2023-11-08T00:00:00Z,GHSTUSD,0.8741,0.8981,0.8741,0.8981,1388.7244277500001
2023-11-09T00:00:00Z,GHSTUSD,0.8949,0.9067,0.8381,0.8674,5697.339576299999
2023-11-10T00:00:00Z,GHSTUSD,0.8681,0.8821,0.8469,0.8752,8366.58857039
2023-11-11T00:00:00Z,GHSTUSD,0.8817,0.8882,0.8647,0.8804,1061.1490568399997
2023-11-12T00:00:00Z,GHSTUSD,0.8744,0.8989,0.8743,0.8865,1326.99174912
2023-11-13T00:00:00Z,GHSTUSD,0.9006,0.902,0.8613,0.8613,9617.09070121
2023-11-14T00:00:00Z,GHSTUSD,0.843,0.8563,0.8238,0.8319,5850.09631612
2023-11-15T00:00:00Z,GHSTUSD,0.8318,0.8682,0.8251,0.8636,4413.12180924
2023-11-16T00:00:00Z,GHSTUSD,0.8644,0.8721,0.821,0.8324,1722.99494722
2023-11-17T00:00:00Z,GHSTUSD,0.8397,0.8529,0.8063,0.8214,826.7039740099999
2023-11-18T00:00:00Z,GHSTUSD,0.8295,0.8295,0.8043,0.8163,1439.8089546099998
2023-11-19T00:00:00Z,GHSTUSD,0.8137,0.8306,0.8137,0.8242,863.6465311299999
2023-11-20T00:00:00Z,GHSTUSD,0.8198,0.8323,0.808,0.8225,1071.0609713000001
2023-11-21T00:00:00Z,GHSTUSD,0.8282,0.8282,0.7702,0.7702,1147.5397835299998
2023-11-22T00:00:00Z,GHSTUSD,0.7702,0.802,0.7671,0.798,1705.7534423000006
2023-11-23T00:00:00Z,GHSTUSD,0.8042,0.8286,0.8042,0.8214,778.24302262
2023-11-24T00:00:00Z,GHSTUSD,0.8256,0.8433,0.8172,0.8314,2548.94798971
2023-11-25T00:00:00Z,GHSTUSD,0.8388,0.8815,0.8301,0.8717,7394.802943489999
2023-11-26T00:00:00Z,GHSTUSD,0.8833,1.2014,0.8803,0.9286,64147.550394070015
2023-11-27T00:00:00Z,GHSTUSD,0.9319,0.9837,0.8581,0.8792,42201.99566643002
2023-11-28T00:00:00Z,GHSTUSD,0.879,0.8796,0.835,0.8621,4976.70988093
2023-11-29T00:00:00Z,GHSTUSD,0.8725,0.8842,0.829,0.8346,3966.1884902600004
2023-11-30T00:00:00Z,GHSTUSD,0.8335,0.8549,0.8291,0.8429,19879.43343825
2023-12-01T00:00:00Z,GHSTUSD,0.8497,0.9009,0.8497,0.8786,34958.4771836
2023-12-02T00:00:00Z,GHSTUSD,0.8892,0.9139,0.8854,0.9096,423.81872813
2023-12-03T00:00:00Z,GHSTUSD,0.9048,0.9103,0.8611,0.8611,25759.6764831
2023-12-04T00:00:00Z,GHSTUSD,0.8851,0.9333,0.8851,0.9105,7413.350511789997
2023-12-05T00:00:00Z,GHSTUSD,0.9177,0.9647,0.902,0.9489,5815.6137327299975
2023-12-06T00:00:00Z,GHSTUSD,0.9477,0.9654,0.9253,0.9367,4899.840151239996
2023-12-07T00:00:00Z,GHSTUSD,0.9363,0.9521,0.9051,0.9441,3583.9680795399986
2023-12-08T00:00:00Z,GHSTUSD,0.9469,1.0225,0.9437,0.9779,11297.222266939998
2023-12-09T00:00:00Z,GHSTUSD,0.994,1.0123,0.9833,0.9942,3470.2355566500005
2023-12-10T00:00:00Z,GHSTUSD,1.0006,1.0068,0.978,0.9938,1405.7928432999997
2023-12-11T00:00:00Z,GHSTUSD,0.985,0.985,0.9199,0.9343,4250.12068604
2023-12-12T00:00:00Z,GHSTUSD,0.9368,0.9448,0.8935,0.9043,1257.27575969
2023-12-13T00:00:00Z,GHSTUSD,0.9216,0.9338,0.8807,0.9338,2426.88784409
2023-12-14T00:00:00Z,GHSTUSD,0.9408,0.9408,0.901,0.9194,8037.7225258399985
2023-12-15T00:00:00Z,GHSTUSD,0.9248,0.9249,0.8828,0.8864,573.45340206
2023-12-16T00:00:00Z,GHSTUSD,0.88,0.9684,0.88,0.9296,4335.721872410002
2023-12-17T00:00:00Z,GHSTUSD,0.9298,0.9298,0.915,0.915,1960.7307763900003
2023-12-18T00:00:00Z,GHSTUSD,0.915,0.915,0.8407,0.8765,1751.4841987599998
2023-12-19T00:00:00Z,GHSTUSD,0.8747,0.9099,0.874,0.8801,1788.9288809099999
2023-12-20T00:00:00Z,GHSTUSD,0.8897,0.918,0.8758,0.901,5204.45098369
2023-12-21T00:00:00Z,GHSTUSD,0.8944,0.9198,0.8944,0.9191,3741.7670987699994
2023-12-22T00:00:00Z,GHSTUSD,0.9207,0.9232,0.9103,0.9167,3538.33646885
2023-12-23T00:00:00Z,GHSTUSD,0.9147,0.9323,0.9102,0.9323,1648.2504483500002
2023-12-24T00:00:00Z,GHSTUSD,0.9322,0.9589,0.924,0.9261,3827.6002120799994
2023-12-25T00:00:00Z,GHSTUSD,0.9348,1.004,0.9348,0.9725,6537.57437754
2023-12-26T00:00:00Z,GHSTUSD,0.974,1.022,0.9719,1.0191,2136.9642867
2023-12-27T00:00:00Z,GHSTUSD,1.0166,1.0438,0.9568,0.9852,6898.689437319999
2023-12-28T00:00:00Z,GHSTUSD,0.9889,0.9975,0.9426,0.9751,19504.975924839982
2023-12-29T00:00:00Z,GHSTUSD,0.9735,1.0998,0.9564,1.0077,21058.868668990017
2023-12-30T00:00:00Z,GHSTUSD,0.9955,1.0136,0.9197,1.0057,7731.369974919999
2023-12-31T00:00:00Z,GHSTUSD,0.9961,1.0775,0.9931,0.9957,7551.716133420002
2024-01-01T00:00:00Z,GHSTUSD,0.9857,1.0331,0.9678,1.0172,2051.59333392
2024-01-02T00:00:00Z,GHSTUSD,1.0163,1.1737,1.0163,1.0597,16709.249601849995
2024-01-03T00:00:00Z,GHSTUSD,1.071,1.2405,1.0532,1.1146,20785.722345270002
2024-01-04T00:00:00Z,GHSTUSD,1.1135,1.152,1.0882,1.0922,6000.68953348
2024-01-05T00:00:00Z,GHSTUSD,1.1035,1.1035,1.0201,1.0378,2907.70520191
2024-01-06T00:00:00Z,GHSTUSD,1.0346,1.0346,0.9836,1.0106,4478.63213352
2024-01-07T00:00:00Z,GHSTUSD,1.0172,1.02,0.967,0.967,6056.858562360003
2024-01-08T00:00:00Z,GHSTUSD,0.948,0.9817,0.9216,0.9764,2486.83128281
2024-01-09T00:00:00Z,GHSTUSD,0.9732,0.9798,0.9226,0.9442,5244.653033229997
2024-01-10T00:00:00Z,GHSTUSD,0.9262,0.9985,0.9112,0.987,5041.5125471599995
2024-01-11T00:00:00Z,GHSTUSD,1.0076,1.0433,1.001,1.0142,2269.9457901200003
2024-01-12T00:00:00Z,GHSTUSD,1.0141,1.049,0.9761,1.0007,3901.1400754400006
2024-01-13T00:00:00Z,GHSTUSD,0.9764,1.1209,0.9763,1.0607,4720.5545696300005
2024-01-14T00:00:00Z,GHSTUSD,1.0607,1.11,1.0,1.0072,11351.08191993
2024-01-15T00:00:00Z,GHSTUSD,1.04,1.0675,0.9911,1.0405,2639.27991482
2024-01-16T00:00:00Z,GHSTUSD,1.0419,1.0752,1.0211,1.0674,1756.8239777299998
2024-01-17T00:00:00Z,GHSTUSD,1.0674,1.0674,1.0337,1.0356,4103.73036664
2024-01-18T00:00:00Z,GHSTUSD,1.0294,1.0369,1.001,1.0105,752.19551748
2024-01-19T00:00:00Z,GHSTUSD,0.9966,1.01,0.9326,0.9577,3804.7073108199997
2024-01-20T00:00:00Z,GHSTUSD,0.9577,0.9623,0.9488,0.9554,934.9455851
2024-01-21T00:00:00Z,GHSTUSD,0.9527,0.9728,0.9387,0.9634,2531.55074757
2024-01-22T00:00:00Z,GHSTUSD,0.9637,0.9637,0.9258,0.9258,246.78303338
2024-01-23T00:00:00Z,GHSTUSD,0.9532,1.0382,0.924,0.924,6759.620421769997
2024-01-24T00:00:00Z,GHSTUSD,0.919,0.9381,0.883,0.9069,3754.648244999999
2024-01-25T00:00:00Z,GHSTUSD,0.9129,0.9129,0.8833,0.9104,4472.066009130001
2024-01-26T00:00:00Z,GHSTUSD,0.9031,0.924,0.9031,0.9145,5319.61538341
2024-01-27T00:00:00Z,GHSTUSD,0.922,0.9561,0.9127,0.9561,1172.2285302200003
2024-01-28T00:00:00Z,GHSTUSD,0.9485,0.9485,0.9182,0.9182,1452.3668387399994
2024-01-29T00:00:00Z,GHSTUSD,0.9238,0.9306,0.9142,0.9276,226.45924882
2024-01-30T00:00:00Z,GHSTUSD,0.9338,1.0601,0.9241,0.9736,29728.016532460002
2024-01-31T00:00:00Z,GHSTUSD,0.9738,1.0353,0.9371,0.9394,15381.933808770007
2024-02-01T00:00:00Z,GHSTUSD,0.9298,0.9335,0.9154,0.9297,11231.543839640002
2024-02-02T00:00:00Z,GHSTUSD,0.924,0.9259,0.8989,0.9149,1227.8709493699998
2024-02-03T00:00:00Z,GHSTUSD,0.9045,0.914,0.8879,0.8879,2438.10275353
2024-02-04T00:00:00Z,GHSTUSD,0.8881,0.9022,0.8879,0.8955,888.57598126
2024-02-05T00:00:00Z,GHSTUSD,0.8912,0.9023,0.8723,0.8995,13125.271003040003
2024-02-06T00:00:00Z,GHSTUSD,0.9061,0.9061,0.8855,0.8984,5386.5429551
2024-02-07T00:00:00Z,GHSTUSD,0.9091,0.9147,0.8995,0.9147,785.53582319
2024-02-08T00:00:00Z,GHSTUSD,0.9206,0.9466,0.9206,0.9466,2379.6225763300004
2024-02-09T00:00:00Z,GHSTUSD,0.9486,1.0329,0.9433,0.9829,3274.1245913899993
2024-02-10T00:00:00Z,GHSTUSD,0.9783,0.9783,0.9522,0.9754,747.30618737
2024-02-11T00:00:00Z,GHSTUSD,0.9716,0.9797,0.9633,0.9707,726.05404643
2024-02-12T00:00:00Z,GHSTUSD,0.9712,1.0496,0.9553,1.0057,20857.384223320005
2024-02-13T00:00:00Z,GHSTUSD,1.0099,1.0136,0.9629,0.9795,12040.37250839
2024-02-14T00:00:00Z,GHSTUSD,0.9786,1.0172,0.9715,0.9934,3213.3594954200007
2024-02-15T00:00:00Z,GHSTUSD,0.9964,1.076,0.9923,1.0405,12242.702484010008
2024-02-16T00:00:00Z,GHSTUSD,1.0347,1.0416,1.0022,1.0054,3852.852301159999
2024-02-17T00:00:00Z,GHSTUSD,1.017,1.027,0.9909,1.0258,18105.79372335
2024-02-18T00:00:00Z,GHSTUSD,1.0206,1.0436,1.0147,1.0323,3935.43836479
2024-02-19T00:00:00Z,GHSTUSD,1.0252,1.0455,1.0233,1.0278,3485.1249242600006
2024-02-20T00:00:00Z,GHSTUSD,1.0255,1.0439,0.9927,1.037,5530.883603109999
2024-02-21T00:00:00Z,GHSTUSD,1.0339,1.0339,1.0008,1.0169,3351.08900915
2024-02-22T00:00:00Z,GHSTUSD,1.012,1.051,1.012,1.0483,980.5166819700001
2024-02-23T00:00:00Z,GHSTUSD,1.0523,1.0635,1.0351,1.0546,3151.337553709999
2024-02-24T00:00:00Z,GHSTUSD,1.0463,1.053,1.0369,1.0488,5941.305514659999
2024-02-25T00:00:00Z,GHSTUSD,1.0384,1.0471,1.0227,1.0288,5243.274239920001
2024-02-26T00:00:00Z,GHSTUSD,1.0367,1.0655,1.0367,1.0542,3402.3051271699987
2024-02-27T00:00:00Z,GHSTUSD,1.058,1.0666,1.0255,1.0277,6675.687962760001
2024-02-28T00:00:00Z,GHSTUSD,1.044,1.1011,1.0413,1.0567,11204.181117240003
2024-02-29T00:00:00Z,GHSTUSD,1.0708,1.0774,1.0214,1.0274,12856.07424609
2024-03-01T00:00:00Z,GHSTUSD,1.0283,1.06,1.0283,1.06,5807.49720024
2024-03-02T00:00:00Z,GHSTUSD,1.0658,1.1045,1.0468,1.1045,20833.86545277001
2024-03-03T00:00:00Z,GHSTUSD,1.1045,1.1771,1.0991,1.12,11526.237469629994
2024-03-04T00:00:00Z,GHSTUSD,1.118,1.1221,1.0654,1.088,11299.66406095
2024-03-05T00:00:00Z,GHSTUSD,1.088,1.0996,0.9869,1.0179,32008.54112261
2024-03-06T00:00:00Z,GHSTUSD,1.0229,1.067,0.9903,1.0553,17156.298173759995
2024-03-07T00:00:00Z,GHSTUSD,1.0631,1.0886,1.0377,1.0721,5943.7438290400005
2024-03-08T00:00:00Z,GHSTUSD,1.0873,1.1751,1.0678,1.148,14647.193438260007
2024-03-09T00:00:00Z,GHSTUSD,1.151,1.2398,1.1384,1.2083,8506.118906300004
2024-03-10T00:00:00Z,GHSTUSD,1.2003,1.28,1.1778,1.2315,27894.605544660008
2024-03-11T00:00:00Z,GHSTUSD,1.223,1.2322,1.1764,1.1859,19232.191081609988
2024-03-12T00:00:00Z,GHSTUSD,1.1959,1.2168,1.1257,1.2023,23423.34511034999
2024-03-13T00:00:00Z,GHSTUSD,1.2055,1.2664,1.193,1.2478,18321.879215649988
2024-03-14T00:00:00Z,GHSTUSD,1.2556,1.2592,1.1588,1.1947,10675.472667549997
2024-03-15T00:00:00Z,GHSTUSD,1.2055,1.2541,1.1512,1.1661,9092.723478979999
2024-03-16T00:00:00Z,GHSTUSD,1.1931,1.2142,1.1023,1.1023,9868.8126225
2024-03-17T00:00:00Z,GHSTUSD,1.1138,1.1437,1.0755,1.139,6889.74288172
2024-03-18T00:00:00Z,GHSTUSD,1.1271,1.1271,1.0649,1.0926,8010.278193549999
2024-03-19T00:00:00Z,GHSTUSD,1.0648,1.0719,1.0083,1.0083,6555.3495227799995
2024-03-20T00:00:00Z,GHSTUSD,1.0147,1.1107,0.9914,1.1107,9202.973079860001
2024-03-21T00:00:00Z,GHSTUSD,1.1263,1.1656,1.0934,1.1047,15304.614764729999
2024-03-22T00:00:00Z,GHSTUSD,1.0962,1.1085,1.0582,1.0794,12478.291619869997
2024-03-23T00:00:00Z,GHSTUSD,1.0919,1.1296,1.0919,1.118,4121.894687020001
2024-03-24T00:00:00Z,GHSTUSD,1.1048,1.1398,1.0877,1.1397,3843.9655691199996
2024-03-25T00:00:00Z,GHSTUSD,1.1397,1.7422,1.1351,1.4417,303151.1290430006
2024-03-26T00:00:00Z,GHSTUSD,1.441,1.6227,1.28,1.37,118175.61466599996
2024-03-27T00:00:00Z,GHSTUSD,1.37,1.7579,1.37,1.6221,108545.2002944399
2024-03-28T00:00:00Z,GHSTUSD,1.6259,1.8312,1.5415,1.5554,95952.7724141501
2024-03-29T00:00:00Z,GHSTUSD,1.5408,1.9774,1.4867,1.8224,48867.18809196001
2024-03-30T00:00:00Z,GHSTUSD,1.7471,2.3902,1.7104,2.174,222033.46544132006
2024-03-31T00:00:00Z,GHSTUSD,2.174,2.1821,1.93,1.9494,55915.56971367001
2024-04-01T00:00:00Z,GHSTUSD,1.9494,3.8562,1.9244,3.2192,417544.80135730817
2024-04-02T00:00:00Z,GHSTUSD,3.2409,3.6647,2.7109,2.8428,259173.03108456987
2024-04-03T00:00:00Z,GHSTUSD,2.7426,3.75,2.5,3.2912,175380.73053991015
2024-04-04T00:00:00Z,GHSTUSD,3.3094,3.4557,2.9762,3.2589,86697.89492445998
2024-04-05T00:00:00Z,GHSTUSD,3.1682,3.3696,2.8921,3.1326,96234.34035015991
2024-04-06T00:00:00Z,GHSTUSD,3.1222,3.1518,2.9658,3.0074,46210.79074888001
2024-04-07T00:00:00Z,GHSTUSD,2.9788,3.153,2.9018,2.9838,48781.66403016999
2024-04-08T00:00:00Z,GHSTUSD,2.9469,3.05,2.9126,2.9682,22256.473428119993
2024-04-09T00:00:00Z,GHSTUSD,2.9979,2.9979,2.5402,2.56,38747.972911880024
2024-04-10T00:00:00Z,GHSTUSD,2.5416,2.6294,2.4207,2.5189,22019.98640637001
2024-04-11T00:00:00Z,GHSTUSD,2.5221,2.7535,2.4048,2.4181,10822.232854590002
2024-04-12T00:00:00Z,GHSTUSD,2.4522,2.4664,2.0171,2.0724,31241.810780100008
2024-04-13T00:00:00Z,GHSTUSD,2.0734,2.3253,1.6838,1.7063,34721.232326039986
2024-04-14T00:00:00Z,GHSTUSD,1.7333,1.9334,1.6414,1.8845,48438.59610834001
2024-04-15T00:00:00Z,GHSTUSD,1.8845,1.9819,1.7124,1.7469,38437.80140869999
2024-04-16T00:00:00Z,GHSTUSD,1.7437,1.7608,1.6145,1.7237,30630.83944289
2024-04-17T00:00:00Z,GHSTUSD,1.7322,2.43,1.6831,1.9802,93075.33381788
2024-04-18T00:00:00Z,GHSTUSD,1.9507,2.3461,1.9145,2.0331,57924.02783861996
2024-04-19T00:00:00Z,GHSTUSD,2.0331,2.132,1.8643,1.9828,86126.39731928996
2024-04-20T00:00:00Z,GHSTUSD,1.9679,2.0969,1.9679,2.062,10814.40886694
2024-04-21T00:00:00Z,GHSTUSD,2.0657,2.1673,2.0034,2.1482,22235.76869239999
2024-04-22T00:00:00Z,GHSTUSD,2.1504,2.188,2.0175,2.0494,18307.17764749
2024-04-23T00:00:00Z,GHSTUSD,2.0534,2.0776,1.94,1.9598,23856.127156940005
2024-04-24T00:00:00Z,GHSTUSD,1.9598,2.0297,1.8208,1.826,18144.304253759994
2024-04-25T00:00:00Z,GHSTUSD,1.8576,1.8627,1.781,1.8429,13265.049359219995
2024-04-26T00:00:00Z,GHSTUSD,1.8071,1.8666,1.7701,1.775,4257.70099367
2024-04-27T00:00:00Z,GHSTUSD,1.7556,1.7986,1.7255,1.7917,8084.498764040003
2024-04-28T00:00:00Z,GHSTUSD,1.7994,1.8348,1.7026,1.7146,14915.348826170008
2024-04-29T00:00:00Z,GHSTUSD,1.711,2.1008,1.6625,1.8825,76718.70993748003
2024-04-30T00:00:00Z,GHSTUSD,1.8689,1.8689,1.6354,1.6997,49978.40874047999
2024-05-01T00:00:00Z,GHSTUSD,1.6706,1.7164,1.5786,1.7065,19341.137574950004
2024-05-02T00:00:00Z,GHSTUSD,1.7013,1.7994,1.6727,1.7597,9900.636225309996
2024-05-03T00:00:00Z,GHSTUSD,1.776,1.8692,1.7596,1.8523,13372.475400279998
2024-05-04T00:00:00Z,GHSTUSD,1.8536,1.9,1.8479,1.8479,55306.782084559985
2024-05-05T00:00:00Z,GHSTUSD,1.8475,1.8925,1.8076,1.8643,9387.506303209997
2024-05-06T00:00:00Z,GHSTUSD,1.8658,1.9327,1.8118,1.8261,12761.890481380002
2024-05-07T00:00:00Z,GHSTUSD,1.8089,2.0255,1.8016,1.9011,27651.986311149998
2024-05-08T00:00:00Z,GHSTUSD,1.8897,1.9314,1.7484,1.7571,26782.9563651
2024-05-09T00:00:00Z,GHSTUSD,1.7744,2.0575,1.7159,1.85,18144.633304699997
2024-05-10T00:00:00Z,GHSTUSD,1.8422,1.8576,1.7252,1.7457,4668.59176128
2024-05-11T00:00:00Z,GHSTUSD,1.7647,1.8089,1.7592,1.7592,2397.8450066999994
2024-05-12T00:00:00Z,GHSTUSD,1.742,1.7573,1.7252,1.7252,7190.97360878
2024-05-13T00:00:00Z,GHSTUSD,1.7252,1.7496,1.6662,1.711,5100.538545460001
2024-05-14T00:00:00Z,GHSTUSD,1.717,1.7212,1.6484,1.6526,4872.14098574
2024-05-15T00:00:00Z,GHSTUSD,1.6493,1.7725,1.6414,1.7561,3650.224099469999
2024-05-16T00:00:00Z,GHSTUSD,1.7652,1.7994,1.7174,1.7269,9419.685422239998
2024-05-17T00:00:00Z,GHSTUSD,1.7375,1.8122,1.7344,1.766,4593.357678709999
2024-05-18T00:00:00Z,GHSTUSD,1.7665,1.7848,1.708,1.708,5432.83805555
2024-05-19T00:00:00Z,GHSTUSD,1.7052,1.7158,1.6345,1.6643,1859.34271711
2024-05-20T00:00:00Z,GHSTUSD,1.6643,1.7756,1.6625,1.7711,6393.663506640002
2024-05-21T00:00:00Z,GHSTUSD,1.7758,1.8333,1.7578,1.7592,5510.7163412300015
2024-05-22T00:00:00Z,GHSTUSD,1.7395,1.7395,1.6272,1.6441,96090.06181891014
2024-05-23T00:00:00Z,GHSTUSD,1.6414,1.6551,1.487,1.5485,56337.12580176999
2024-05-24T00:00:00Z,GHSTUSD,1.5534,1.5619,1.505,1.5241,6344.645869499999
2024-05-25T00:00:00Z,GHSTUSD,1.5427,1.6007,1.5358,1.5579,10988.876456539994
2024-05-26T00:00:00Z,GHSTUSD,1.5495,1.6242,1.5382,1.5735,25193.413402069997
2024-05-27T00:00:00Z,GHSTUSD,1.5775,1.6109,1.5427,1.5836,27349.1008857
2024-05-28T00:00:00Z,GHSTUSD,1.568,1.7306,1.5346,1.5632,7869.095969849997
2024-05-29T00:00:00Z,GHSTUSD,1.5576,1.6059,1.5484,1.5718,2228.3361721700007
2024-05-30T00:00:00Z,GHSTUSD,1.5542,1.6555,1.535,1.5954,6432.0802312
2024-05-31T00:00:00Z,GHSTUSD,1.612,1.7357,1.5817,1.5817,22466.193399149997
2024-06-01T00:00:00Z,GHSTUSD,1.5781,1.7,1.5599,1.5957,8580.378433970001
2024-06-02T00:00:00Z,GHSTUSD,1.594,1.6599,1.5681,1.5963,6925.070736629999
2024-06-03T00:00:00Z,GHSTUSD,1.6154,2.1874,1.6083,1.9611,87937.66365004002
2024-06-04T00:00:00Z,GHSTUSD,1.944,1.944,1.7311,1.7763,12214.194883850001
2024-06-05T00:00:00Z,GHSTUSD,1.7814,1.8711,1.6866,1.7445,18617.213342159997
2024-06-06T00:00:00Z,GHSTUSD,1.7463,1.8114,1.7206,1.7345,3658.8542406399997
2024-06-07T00:00:00Z,GHSTUSD,1.7329,2.081,1.7329,1.9457,33976.463689230004
2024-06-08T00:00:00Z,GHSTUSD,1.9169,2.2309,1.7003,1.7312,22101.429391720005
2024-06-09T00:00:00Z,GHSTUSD,1.7228,1.7228,1.6559,1.6959,5185.16064959
2024-06-10T00:00:00Z,GHSTUSD,1.6821,1.6821,1.58,1.5869,15473.879816250002
2024-06-11T00:00:00Z,GHSTUSD,1.5868,1.7317,1.5122,1.6592,36795.80067875999
2024-06-12T00:00:00Z,GHSTUSD,1.671,1.7215,1.5957,1.6322,28464.815224279984
2024-06-13T00:00:00Z,GHSTUSD,1.6212,1.6259,1.5205,1.5205,9732.46783791
2024-06-14T00:00:00Z,GHSTUSD,1.5219,1.545,1.4166,1.4301,6581.037523070001
2024-06-15T00:00:00Z,GHSTUSD,1.448,1.481,1.4454,1.481,4766.41981556
2024-06-16T00:00:00Z,GHSTUSD,1.4488,1.4869,1.4488,1.4869,256.94270367
2024-06-17T00:00:00Z,GHSTUSD,1.4857,1.4857,1.3465,1.3879,8539.607387410002
2024-06-18T00:00:00Z,GHSTUSD,1.3427,1.3427,1.2121,1.2569,25064.409127210005
2024-06-19T00:00:00Z,GHSTUSD,1.2854,1.294,1.2541,1.2725,5025.616499779999
2024-06-20T00:00:00Z,GHSTUSD,1.256,1.2711,1.256,1.2711,13.47021
2024-06-21T00:00:00Z,GHSTUSD,1.2978,1.3056,1.255,1.2736,5496.792260730001
2024-06-22T00:00:00Z,GHSTUSD,1.2859,1.3024,1.2737,1.2989,15398.666249869999
2024-06-23T00:00:00Z,GHSTUSD,1.3021,1.3044,1.2593,1.2593,766.36277935
2024-06-24T00:00:00Z,GHSTUSD,1.2598,1.2615,1.2322,1.26,6553.548995099999
2024-06-25T00:00:00Z,GHSTUSD,1.2652,1.2652,1.2556,1.2646,494.6103719
2024-06-26T00:00:00Z,GHSTUSD,1.2646,1.2646,1.1988,1.2132,27444.9755824
2024-06-27T00:00:00Z,GHSTUSD,1.2028,1.2595,1.1834,1.2595,1084.6806207700001
2024-06-28T00:00:00Z,GHSTUSD,1.2455,1.3221,1.1753,1.1753,6947.60310319
2024-06-29T00:00:00Z,GHSTUSD,1.1684,1.1912,1.1592,1.1912,2512.12171188
2024-06-30T00:00:00Z,GHSTUSD,1.1674,1.3006,1.1649,1.2361,10186.704343680003
2024-07-01T00:00:00Z,GHSTUSD,1.2355,1.2429,1.1938,1.2061,7355.648554320001
2024-07-02T00:00:00Z,GHSTUSD,1.1919,1.2062,1.1874,1.2061,7088.31195942
2024-07-03T00:00:00Z,GHSTUSD,1.2015,1.2517,1.1617,1.1617,15033.18176809
2024-07-04T00:00:00Z,GHSTUSD,1.1516,1.186,1.0784,1.0784,11594.80287658
2024-07-05T00:00:00Z,GHSTUSD,1.0708,1.0708,0.9781,1.0661,3613.45569383
2024-07-06T00:00:00Z,GHSTUSD,1.0838,1.112,1.0597,1.112,3879.33506008
2024-07-07T00:00:00Z,GHSTUSD,1.094,1.0968,1.0684,1.0684,4112.8482585
2024-07-08T00:00:00Z,GHSTUSD,1.0473,1.1037,1.0473,1.0732,417.05564151
2024-07-09T00:00:00Z,GHSTUSD,1.073,1.073,1.0637,1.0668,16.179756949999998
2024-07-10T00:00:00Z,GHSTUSD,1.0488,1.0634,1.0483,1.0483,122.60870038000002
2024-07-11T00:00:00Z,GHSTUSD,1.0418,1.072,1.0037,1.0037,2795.2633478999996
2024-07-12T00:00:00Z,GHSTUSD,1.0036,1.0036,0.9716,0.9824,1581.4759144099999
2024-07-13T00:00:00Z,GHSTUSD,0.9893,1.0667,0.9836,1.0667,942.14660161
2024-07-14T00:00:00Z,GHSTUSD,1.0403,1.046,1.0253,1.0253,443.23620185000004
2024-07-15T00:00:00Z,GHSTUSD,1.0526,1.0908,1.0263,1.0908,880.7173550400001
2024-07-16T00:00:00Z,GHSTUSD,1.0676,1.128,1.0598,1.111,3253.55634544
2024-07-17T00:00:00Z,GHSTUSD,1.1291,1.1364,1.1092,1.1241,28843.86702659
2024-07-18T00:00:00Z,GHSTUSD,1.1326,1.308,1.0966,1.0966,9962.04539627
2024-07-19T00:00:00Z,GHSTUSD,1.0784,1.1303,1.07,1.1303,4409.746930560001
2024-07-20T00:00:00Z,GHSTUSD,1.1346,1.1534,1.1208,1.1318,1869.12231468
2024-07-21T00:00:00Z,GHSTUSD,1.127,1.127,1.0943,1.11,3471.5159272199994
2024-07-22T00:00:00Z,GHSTUSD,1.1029,1.1229,1.051,1.051,6229.2232889299985
2024-07-23T00:00:00Z,GHSTUSD,1.0589,1.0706,1.0441,1.0486,4027.954892829999
2024-07-24T00:00:00Z,GHSTUSD,1.0578,1.0789,1.057,1.0789,106.83472379
2024-07-25T00:00:00Z,GHSTUSD,1.022,1.0865,0.9867,1.0229,5146.475196619999
2024-07-26T00:00:00Z,GHSTUSD,1.0384,1.0655,1.038,1.0655,4248.79009796
2024-07-27T00:00:00Z,GHSTUSD,1.0756,1.0912,1.0635,1.08,2126.26337974
2024-07-28T00:00:00Z,GHSTUSD,1.0575,1.076,1.0466,1.0635,1313.53764642
2024-07-29T00:00:00Z,GHSTUSD,1.0913,1.0955,1.0737,1.0859,428.00886225
2024-07-30T00:00:00Z,GHSTUSD,1.0683,1.0683,1.038,1.0442,594.83573257
2024-07-31T00:00:00Z,GHSTUSD,1.0389,1.0706,1.0281,1.0395,1772.0659884700003
2024-08-01T00:00:00Z,GHSTUSD,1.0162,1.0162,0.956,1.0109,771.21065437
2024-08-02T00:00:00Z,GHSTUSD,1.0061,1.0061,0.9516,0.9719,494.60744691
2024-08-03T00:00:00Z,GHSTUSD,0.9587,0.9746,0.8939,0.9086,9802.87251889
2024-08-04T00:00:00Z,GHSTUSD,0.9131,0.9277,0.835,0.8564,3383.8848775899996
2024-08-05T00:00:00Z,GHSTUSD,0.8068,0.8149,0.7171,0.7531,15004.399544200001
2024-08-06T00:00:00Z,GHSTUSD,0.763,0.7875,0.7577,0.7728,9703.556449040001
2024-08-07T00:00:00Z,GHSTUSD,0.7671,0.7786,0.7371,0.7763,3557.4466878
2024-08-08T00:00:00Z,GHSTUSD,0.765,0.9015,0.7648,0.8316,5363.774432160001
2024-08-09T00:00:00Z,GHSTUSD,0.8146,0.8288,0.8018,0.8076,4239.47866735
2024-08-10T00:00:00Z,GHSTUSD,0.8258,0.8377,0.8087,0.8295,3402.8313096900006
2024-08-11T00:00:00Z,GHSTUSD,0.8344,0.8344,0.8178,0.8263,114.52118888
2024-08-12T00:00:00Z,GHSTUSD,0.8164,0.8703,0.7885,0.8101,11072.988544360001
2024-08-13T00:00:00Z,GHSTUSD,0.8389,0.8506,0.8009,0.8104,4771.414420890001
2024-08-14T00:00:00Z,GHSTUSD,0.819,0.8316,0.7975,0.8,2512.89363644
2024-08-15T00:00:00Z,GHSTUSD,0.7973,0.8218,0.7729,0.7729,9587.19290674
2024-08-16T00:00:00Z,GHSTUSD,0.7732,0.8998,0.7686,0.8998,2096.06717409
2024-08-17T00:00:00Z,GHSTUSD,0.7992,0.8413,0.7918,0.8101,6805.661233739999
2024-08-18T00:00:00Z,GHSTUSD,0.8184,0.8985,0.8023,0.8485,6797.2135314100005
2024-08-19T00:00:00Z,GHSTUSD,0.8197,0.9388,0.8196,0.8592,1811.93805048
2024-08-20T00:00:00Z,GHSTUSD,0.8651,0.9154,0.8497,0.9154,10734.817310929999
2024-08-21T00:00:00Z,GHSTUSD,0.9429,1.2102,0.9189,1.0268,34667.07498788003
2024-08-22T00:00:00Z,GHSTUSD,1.0249,1.042,0.9628,0.9819,4261.10023741
2024-08-23T00:00:00Z,GHSTUSD,1.0026,1.0446,0.9825,1.0348,8019.21751256
2024-08-24T00:00:00Z,GHSTUSD,1.0446,1.0519,1.0072,1.0131,11435.267112549998
2024-08-25T00:00:00Z,GHSTUSD,1.0015,1.0096,0.9529,0.9707,19675.919581340004
2024-08-26T00:00:00Z,GHSTUSD,1.0,1.0725,0.9504,0.9504,12674.949860840003
2024-08-27T00:00:00Z,GHSTUSD,0.9514,0.9892,0.8785,0.8785,7816.926808189997
2024-08-28T00:00:00Z,GHSTUSD,0.8744,0.9126,0.8727,0.9035,1994.81929882
2024-08-29T00:00:00Z,GHSTUSD,0.8999,0.9846,0.8998,0.9118,2262.7419543899996
2024-08-30T00:00:00Z,GHSTUSD,0.9241,0.936,0.89,0.9275,2371.4321013100002
2024-08-31T00:00:00Z,GHSTUSD,0.9467,0.9542,0.8896,0.8896,389.49199332
2024-09-01T00:00:00Z,GHSTUSD,0.8801,0.9008,0.859,0.8803,2692.37350861
2024-09-02T00:00:00Z,GHSTUSD,0.8871,0.9206,0.8871,0.9206,98.70761388999999
2024-09-03T00:00:00Z,GHSTUSD,0.9245,0.9281,0.8788,0.8797,3457.612106
2024-09-04T00:00:00Z,GHSTUSD,0.8739,0.9038,0.8656,0.8891,14170.64035739
2024-09-05T00:00:00Z,GHSTUSD,0.8886,0.8886,0.8553,0.8553,2144.8440541699997
2024-09-06T00:00:00Z,GHSTUSD,0.8533,0.8588,0.7963,0.8112,3839.21718628
2024-09-07T00:00:00Z,GHSTUSD,0.8309,0.8562,0.8263,0.8307,759.85723043
2024-09-08T00:00:00Z,GHSTUSD,0.8481,0.8481,0.8388,0.8441,54.90592791
2024-09-09T00:00:00Z,GHSTUSD,0.8551,0.863,0.8523,0.8583,3927.1473757000003
2024-09-10T00:00:00Z,GHSTUSD,0.8628,0.8661,0.8603,0.863,289.72357106000004
2024-09-11T00:00:00Z,GHSTUSD,0.8653,0.8815,0.8433,0.8586,5896.365267419999
2024-09-12T00:00:00Z,GHSTUSD,0.8696,0.8696,0.8491,0.8512,5292.37385031
2024-09-13T00:00:00Z,GHSTUSD,0.8379,0.8701,0.8201,0.8585,10118.360411580003
2024-09-14T00:00:00Z,GHSTUSD,0.851,0.9019,0.851,0.8881,3539.094845990001
2024-09-15T00:00:00Z,GHSTUSD,0.8963,0.8963,0.8192,0.8192,6291.8909758
2024-09-16T00:00:00Z,GHSTUSD,0.8207,0.8327,0.79,0.7991,5906.228121100003
2024-09-17T00:00:00Z,GHSTUSD,0.7993,0.8347,0.7805,0.788,12286.525253210004
2024-09-18T00:00:00Z,GHSTUSD,0.8015,0.8168,0.7601,0.8168,1866.1147174100006
2024-09-19T00:00:00Z,GHSTUSD,0.8289,0.8644,0.8289,0.8441,3769.7576815199996
2024-09-20T00:00:00Z,GHSTUSD,0.8441,0.893,0.8321,0.8896,9564.07018401
2024-09-21T00:00:00Z,GHSTUSD,0.8729,0.9226,0.8729,0.903,2379.5077024500006
2024-09-22T00:00:00Z,GHSTUSD,0.904,0.9041,0.88,0.8998,14949.81724698
2024-09-23T00:00:00Z,GHSTUSD,0.914,1.2577,0.912,1.1,53087.39817017997
2024-09-24T00:00:00Z,GHSTUSD,1.108,1.2215,1.06,1.0601,27009.662867649993
2024-09-25T00:00:00Z,GHSTUSD,1.0585,1.1054,1.0446,1.0446,5294.13879447
2024-09-26T00:00:00Z,GHSTUSD,1.0433,1.0924,1.0273,1.0854,2407.3043316600006
2024-09-27T00:00:00Z,GHSTUSD,1.0843,1.0981,1.0509,1.0599,7922.607035260001
2024-09-28T00:00:00Z,GHSTUSD,1.06,1.0695,1.0052,1.0052,4225.69417052
2024-09-29T00:00:00Z,GHSTUSD,1.0152,1.1014,1.0023,1.0594,9545.447565679999
2024-09-30T00:00:00Z,GHSTUSD,1.0333,1.0541,1.0112,1.016,1669.28864844
2024-10-01T00:00:00Z,GHSTUSD,1.0699,1.0699,0.9069,0.9479,7110.75881673
2024-10-02T00:00:00Z,GHSTUSD,0.9766,0.9793,0.8832,0.8954,6339.59111138
2024-10-03T00:00:00Z,GHSTUSD,0.8924,0.9217,0.8774,0.8984,2417.17538659
2024-10-04T00:00:00Z,GHSTUSD,0.8983,0.9383,0.8983,0.9279,2570.15712993
2024-10-05T00:00:00Z,GHSTUSD,0.9310,0.9644,0.8946,0.9303,3364.25250353
2024-10-06T00:00:00Z,GHSTUSD,0.9244,0.9465,0.9244,0.9465,15140.48769544
2024-10-07T00:00:00Z,GHSTUSD,0.9350,0.9773,0.9184,0.9184,445.74559984
2024-10-08T00:00:00Z,GHSTUSD,0.9309,0.9649,0.8718,0.8900,2246.66886807
2024-10-09T00:00:00Z,GHSTUSD,0.8823,0.8910,0.8500,0.8584,1336.71582897
2024-10-10T00:00:00Z,GHSTUSD,0.8612,0.8997,0.8554,0.8944,2430.11470573
2024-10-11T00:00:00Z,GHSTUSD,0.8794,0.9687,0.8794,0.9160,4371.95877382
2024-10-12T00:00:00Z,GHSTUSD,0.9480,0.9480,0.8937,0.9033,2096.59665925
2024-10-13T00:00:00Z,GHSTUSD,0.8992,0.9200,0.8898,0.9108,1993.71105279
2024-10-14T00:00:00Z,GHSTUSD,0.9055,0.9600,0.9026,0.9465,5128.27375212
2024-10-15T00:00:00Z,GHSTUSD,0.9350,0.9583,0.9000,0.9084,863.94654274
2024-10-16T00:00:00Z,GHSTUSD,0.8929,0.9451,0.8922,0.8986,1043.42406335
2024-10-17T00:00:00Z,GHSTUSD,0.8998,0.9120,0.8722,0.9002,1483.87988144
2024-10-18T00:00:00Z,GHSTUSD,0.9112,0.9352,0.8948,0.9352,1297.86665568
2024-10-19T00:00:00Z,GHSTUSD,0.9322,0.9812,0.9163,0.9361,4621.47981902
2024-10-20T00:00:00Z,GHSTUSD,0.9150,1.1707,0.9149,1.0148,14972.03855820
2024-10-21T00:00:00Z,GHSTUSD,1.0296,1.0454,0.9560,0.9630,4142.48742250
2024-10-22T00:00:00Z,GHSTUSD,0.9743,0.9988,0.9495,0.9913,5522.70181115
2024-10-23T00:00:00Z,GHSTUSD,0.9933,1.0158,0.8959,0.9300,7526.02209605
2024-10-24T00:00:00Z,GHSTUSD,0.9273,0.9852,0.9050,0.9554,1251.23326527
2024-10-25T00:00:00Z,GHSTUSD,0.9355,0.9611,0.8556,0.8849,5329.50516726
2024-10-26T00:00:00Z,GHSTUSD,0.8888,0.9066,0.8646,0.9066,4932.23831289
2024-10-27T00:00:00Z,GHSTUSD,0.8882,0.9118,0.8775,0.8905,160.45979668
2024-10-28T00:00:00Z,GHSTUSD,0.8956,0.9007,0.8748,0.9007,367.59582653
2024-10-29T00:00:00Z,GHSTUSD,0.9141,0.9355,0.8809,0.9355,1928.19819432
2024-10-30T00:00:00Z,GHSTUSD,0.9450,1.0182,0.9178,0.9988,6840.88985484
2024-10-31T00:00:00Z,GHSTUSD,0.9781,1.0251,0.9411,0.9420,3205.94566158
2024-11-01T00:00:00Z,GHSTUSD,0.9443,1.0300,0.9443,0.9912,912.66919817
2024-11-02T00:00:00Z,GHSTUSD,1.0062,1.0524,0.9687,0.9792,1530.97428999
2024-11-03T00:00:00Z,GHSTUSD,0.9788,0.9837,0.8005,0.8800,10856.53404577
2024-11-04T00:00:00Z,GHSTUSD,0.8712,0.9389,0.8208,0.8518,6123.29582235
2024-11-05T00:00:00Z,GHSTUSD,0.8690,0.9489,0.8519,0.9489,7120.66482373
2024-11-06T00:00:00Z,GHSTUSD,0.8896,0.9300,0.8587,0.9300,5618.67475392
2024-11-07T00:00:00Z,GHSTUSD,0.9302,0.9500,0.8937,0.9146,7188.36139376
2024-11-08T00:00:00Z,GHSTUSD,0.9179,0.9419,0.8928,0.9137,2783.98533725
2024-11-09T00:00:00Z,GHSTUSD,0.9258,0.9698,0.9052,0.9549,7697.65311120
2024-11-10T00:00:00Z,GHSTUSD,0.9482,1.0457,0.9327,0.9638,28026.87083334
2024-11-11T00:00:00Z,GHSTUSD,0.9950,1.0184,0.9547,0.9976,13685.91709440
2024-11-12T00:00:00Z,GHSTUSD,0.9967,1.0406,0.9232,0.9941,12844.28065335
2024-11-13T00:00:00Z,GHSTUSD,0.9935,0.9941,0.8902,0.9941,11070.64508569
2024-11-14T00:00:00Z,GHSTUSD,0.9431,0.9956,0.9044,0.9044,6923.93940286
2024-11-15T00:00:00Z,GHSTUSD,0.9171,0.9439,0.9001,0.9395,7895.71721609
2024-11-16T00:00:00Z,GHSTUSD,0.9157,1.0407,0.9000,1.0053,26317.61235916
2024-11-17T00:00:00Z,GHSTUSD,0.9904,0.9916,0.9198,0.9368,7854.03397649
2024-11-18T00:00:00Z,GHSTUSD,0.9352,0.9949,0.9328,0.9825,6941.49729860
2024-11-19T00:00:00Z,GHSTUSD,1.0004,1.0099,0.9124,0.9778,27583.83031526
2024-11-20T00:00:00Z,GHSTUSD,0.9665,0.9665,0.9005,0.9073,10937.89339133
2024-11-21T00:00:00Z,GHSTUSD,0.9257,0.9966,0.9152,0.9629,7643.87657490
2024-11-22T00:00:00Z,GHSTUSD,0.9583,0.9719,0.9136,0.9600,8316.79577565
2024-11-23T00:00:00Z,GHSTUSD,0.9673,1.0439,0.9417,1.0001,40128.37217575
2024-11-24T00:00:00Z,GHSTUSD,1.0230,1.1911,1.0230,1.0922,106601.24284991
2024-11-25T00:00:00Z,GHSTUSD,1.0958,1.1569,1.0592,1.0745,34489.37489532
2024-11-26T00:00:00Z,GHSTUSD,1.0930,1.1010,1.0020,1.0702,14105.76115899
2024-11-27T00:00:00Z,GHSTUSD,1.0702,1.1408,1.0428,1.1264,20130.79590436
2024-11-28T00:00:00Z,GHSTUSD,1.1342,1.1569,1.0986,1.1420,5378.15609990
2024-11-29T00:00:00Z,GHSTUSD,1.1340,1.1380,1.0996,1.1350,5008.58958266
2024-11-30T00:00:00Z,GHSTUSD,1.1350,1.2826,1.1201,1.1915,36374.84991611
2024-12-01T00:00:00Z,GHSTUSD,1.1992,1.2332,1.1800,1.1924,12495.90969860
2024-12-02T00:00:00Z,GHSTUSD,1.2122,1.3368,1.1365,1.3304,46065.04829507
2024-12-03T00:00:00Z,GHSTUSD,1.3296,1.4499,1.2253,1.4165,49582.57917000
2024-12-04T00:00:00Z,GHSTUSD,1.3872,1.4244,1.3085,1.3961,18420.52818008
2024-12-05T00:00:00Z,GHSTUSD,1.4043,1.4123,1.2919,1.3191,8845.17377688
2024-12-06T00:00:00Z,GHSTUSD,1.3391,1.5832,1.3284,1.4801,73956.51572991
2024-12-07T00:00:00Z,GHSTUSD,1.4809,1.5284,1.3956,1.4344,39635.37986297
2024-12-08T00:00:00Z,GHSTUSD,1.4328,1.4714,1.3906,1.4466,9756.47224386
2024-12-09T00:00:00Z,GHSTUSD,1.4420,1.4906,1.0800,1.2401,54709.56030246
2024-12-10T00:00:00Z,GHSTUSD,1.2460,1.2791,1.0447,1.1978,14936.74962140
2024-12-11T00:00:00Z,GHSTUSD,1.1814,1.2736,1.1597,1.2410,4485.97467430
2024-12-12T00:00:00Z,GHSTUSD,1.2598,1.3252,1.2407,1.2759,12179.57941792
2024-12-13T00:00:00Z,GHSTUSD,1.3415,1.3654,1.3014,1.3338,1874.25513812
2024-12-14T00:00:00Z,GHSTUSD,1.3159,1.3575,1.1800,1.2127,8817.51944521
2024-12-15T00:00:00Z,GHSTUSD,1.2119,1.2425,1.1840,1.2381,5071.03864872
2024-12-16T00:00:00Z,GHSTUSD,1.2458,1.2670,1.1506,1.2053,8177.53154223
2024-12-17T00:00:00Z,GHSTUSD,1.1734,1.1830,1.1044,1.1044,7817.37807339
2024-12-18T00:00:00Z,GHSTUSD,1.0979,1.1202,0.9876,0.9967,6184.82718485
2024-12-19T00:00:00Z,GHSTUSD,0.9918,1.0400,0.9266,0.9877,7577.51950729
2024-12-20T00:00:00Z,GHSTUSD,0.9578,1.0149,0.8640,1.0149,29701.32396384
2024-12-21T00:00:00Z,GHSTUSD,1.0047,1.0736,0.9451,0.9451,2305.07329358
2024-12-22T00:00:00Z,GHSTUSD,0.9875,1.0272,0.9678,0.9849,2483.35319472
2024-12-23T00:00:00Z,GHSTUSD,0.9924,1.0816,0.9878,1.0800,5052.51385575
2024-12-24T00:00:00Z,GHSTUSD,1.0536,1.0966,1.0427,1.0764,2700.64424610
2024-12-25T00:00:00Z,GHSTUSD,1.0816,1.1247,1.0545,1.0617,20232.75916474
2024-12-26T00:00:00Z,GHSTUSD,1.0607,1.0607,1.0198,1.0244,4962.37612230
2024-12-27T00:00:00Z,GHSTUSD,1.0441,1.0576,1.0109,1.0234,6940.71814352
2024-12-28T00:00:00Z,GHSTUSD,1.0325,1.0687,1.0137,1.0687,9411.03969387
2024-12-29T00:00:00Z,GHSTUSD,1.0600,1.0879,1.0364,1.0380,4085.15356926
2024-12-30T00:00:00Z,GHSTUSD,1.0434,1.0687,1.0224,1.0428,3028.35625415
2024-12-31T00:00:00Z,GHSTUSD,1.0427,1.0742,1.0224,1.0330,12173.67268163
2025-01-01T00:00:00Z,GHSTUSD,1.0339,1.0479,1.0177,1.0479,1432.21290517
2025-01-02T00:00:00Z,GHSTUSD,1.0449,1.0871,1.0430,1.0489,3070.07112812
2025-01-03T00:00:00Z,GHSTUSD,1.0443,1.1201,1.0428,1.1184,3250.78361661
2025-01-04T00:00:00Z,GHSTUSD,1.1239,1.1303,1.0969,1.1010,1856.75029055
2025-01-05T00:00:00Z,GHSTUSD,1.0990,1.1077,1.0748,1.1077,10126.41390777
2025-01-06T00:00:00Z,GHSTUSD,1.0946,1.1239,1.0804,1.0915,8820.59852794
2025-01-07T00:00:00Z,GHSTUSD,1.1075,1.1174,0.9862,0.9864,11217.76876051
2025-01-08T00:00:00Z,GHSTUSD,0.9967,0.9988,0.9176,0.9463,12058.36335800
2025-01-09T00:00:00Z,GHSTUSD,0.9649,0.9680,0.9086,0.9086,1891.04031459
2025-01-10T00:00:00Z,GHSTUSD,0.9187,0.9471,0.9086,0.9449,6732.47471649
2025-01-11T00:00:00Z,GHSTUSD,0.9435,0.9435,0.9148,0.9148,1237.19609000
2025-01-12T00:00:00Z,GHSTUSD,0.9353,0.9376,0.8998,0.9087,1709.22880178
2025-01-13T00:00:00Z,GHSTUSD,0.9132,0.9197,0.8238,0.8881,8341.11808293
2025-01-14T00:00:00Z,GHSTUSD,0.9002,0.9316,0.9002,0.9316,3128.40634863
2025-01-15T00:00:00Z,GHSTUSD,0.9220,0.9685,0.9018,0.9685,4961.78147488
2025-01-16T00:00:00Z,GHSTUSD,0.9656,0.9679,0.9389,0.9647,2050.14250738
2025-01-17T00:00:00Z,GHSTUSD,0.9357,0.9860,0.9357,0.9787,9355.22744943
2025-01-18T00:00:00Z,GHSTUSD,0.9876,0.9877,0.8810,0.8912,9224.05252666
2025-01-19T00:00:00Z,GHSTUSD,0.9032,0.9195,0.8150,0.8161,19266.95656812
2025-01-20T00:00:00Z,GHSTUSD,0.8223,0.8679,0.7832,0.7953,18823.22402618
2025-01-21T00:00:00Z,GHSTUSD,0.7967,0.8454,0.7841,0.8217,11696.87039945
2025-01-22T00:00:00Z,GHSTUSD,0.8376,0.8399,0.8107,0.8107,2959.76545765
2025-01-23T00:00:00Z,GHSTUSD,0.8072,0.8323,0.7975,0.8105,6912.53210036
2025-01-24T00:00:00Z,GHSTUSD,0.8089,0.8360,0.7978,0.7978,1505.26134457
2025-01-25T00:00:00Z,GHSTUSD,0.7849,0.8163,0.7808,0.7878,2670.99032736
2025-01-26T00:00:00Z,GHSTUSD,0.8075,0.8280,0.7830,0.7830,8922.21412051
2025-01-27T00:00:00Z,GHSTUSD,0.7805,0.7805,0.7109,0.7479,18334.93334176
2025-01-28T00:00:00Z,GHSTUSD,0.7556,0.7588,0.7147,0.7204,3417.95034066
2025-01-29T00:00:00Z,GHSTUSD,0.7230,0.7513,0.7132,0.7382,9190.35402963
2025-01-30T00:00:00Z,GHSTUSD,0.7511,0.7812,0.7511,0.7688,2119.53999542
2025-01-31T00:00:00Z,GHSTUSD,0.7773,0.7966,0.7608,0.7791,2737.81966786
2025-02-01T00:00:00Z,GHSTUSD,0.7818,0.7818,0.6932,0.6932,4995.07136285
2025-02-02T00:00:00Z,GHSTUSD,0.7124,0.7124,0.6079,0.6289,21514.36181232
2025-02-03T00:00:00Z,GHSTUSD,0.6271,0.6271,0.4987,0.5946,73319.29963930
2025-02-04T00:00:00Z,GHSTUSD,0.5904,0.5929,0.5269,0.5433,35557.49073075
2025-02-05T00:00:00Z,GHSTUSD,0.5457,0.5626,0.5439,0.5439,12014.38578322
2025-02-06T00:00:00Z,GHSTUSD,0.5427,0.5427,0.5029,0.5053,21431.22070797
2025-02-07T00:00:00Z,GHSTUSD,0.5141,0.5408,0.5064,0.5128,10813.32018111
2025-02-08T00:00:00Z,GHSTUSD,0.5097,0.5714,0.5050,0.5593,10642.74697383
2025-02-09T00:00:00Z,GHSTUSD,0.5648,0.5797,0.5261,0.5504,13720.00302579
2025-02-10T00:00:00Z,GHSTUSD,0.5288,0.5663,0.5267,0.5663,14501.97498783
2025-02-11T00:00:00Z,GHSTUSD,0.5666,0.6244,0.5464,0.5629,19267.33624289
2025-02-12T00:00:00Z,GHSTUSD,0.5661,0.6212,0.5555,0.6063,32398.79381610
2025-02-13T00:00:00Z,GHSTUSD,0.6149,0.6209,0.5803,0.5876,9857.29639572
2025-02-14T00:00:00Z,GHSTUSD,0.5947,0.6053,0.5813,0.5850,17271.38120940
2025-02-15T00:00:00Z,GHSTUSD,0.5841,0.5964,0.5516,0.5750,14766.10341728
2025-02-16T00:00:00Z,GHSTUSD,0.5778,0.5929,0.5606,0.5709,2713.39562346
2025-02-17T00:00:00Z,GHSTUSD,0.5759,0.5908,0.5441,0.5658,4907.81991671
2025-02-18T00:00:00Z,GHSTUSD,0.5467,0.5500,0.5008,0.5233,61356.72934676
2025-02-19T00:00:00Z,GHSTUSD,0.5277,0.5512,0.5255,0.5482,10598.32537045
2025-02-20T00:00:00Z,GHSTUSD,0.5486,0.5552,0.5426,0.5462,7112.78120530
2025-02-21T00:00:00Z,GHSTUSD,0.5552,0.5734,0.5336,0.5399,7868.11628846
2025-02-22T00:00:00Z,GHSTUSD,0.5419,0.5789,0.5419,0.5789,10915.39373058
2025-02-23T00:00:00Z,GHSTUSD,0.5732,0.5816,0.5600,0.5639,11037.27023963
2025-02-24T00:00:00Z,GHSTUSD,0.5571,0.5571,0.4831,0.4902,9716.67037205
2025-02-25T00:00:00Z,GHSTUSD,0.4904,0.5072,0.4636,0.5068,26658.96259767
2025-02-26T00:00:00Z,GHSTUSD,0.5053,0.5157,0.4799,0.5132,12031.24097759
2025-02-27T00:00:00Z,GHSTUSD,0.5055,0.5208,0.4935,0.5055,4251.88763675
2025-02-28T00:00:00Z,GHSTUSD,0.4950,0.5212,0.4643,0.5095,21302.14262661
2025-03-01T00:00:00Z,GHSTUSD,0.5131,0.5164,0.4893,0.5080,4263.71599484
2025-03-02T00:00:00Z,GHSTUSD,0.5075,0.5394,0.4879,0.5391,12721.53815458
2025-03-03T00:00:00Z,GHSTUSD,0.5314,0.5357,0.4633,0.4709,13412.76162065
2025-03-04T00:00:00Z,GHSTUSD,0.4787,0.4789,0.4068,0.4528,35477.63946103
2025-03-05T00:00:00Z,GHSTUSD,0.4489,0.4700,0.4449,0.4603,3751.06270294
2025-03-06T00:00:00Z,GHSTUSD,0.4658,0.4746,0.4423,0.4495,6108.21267091
2025-03-07T00:00:00Z,GHSTUSD,0.4477,0.4613,0.4233,0.4441,13333.41788481
2025-03-08T00:00:00Z,GHSTUSD,0.4388,0.4439,0.4259,0.4361,5665.62641149
2025-03-09T00:00:00Z,GHSTUSD,0.4312,0.4312,0.3823,0.3893,13593.24718258
2025-03-10T00:00:00Z,GHSTUSD,0.3924,0.4127,0.3730,0.3803,19921.77726796
2025-03-11T00:00:00Z,GHSTUSD,0.3768,0.4308,0.3552,0.4000,25304.53282641
2025-03-12T00:00:00Z,GHSTUSD,0.3989,0.4105,0.3832,0.3968,21688.96363376
2025-03-13T00:00:00Z,GHSTUSD,0.3997,0.4033,0.3923,0.3987,9397.86314816
2025-03-14T00:00:00Z,GHSTUSD,0.3981,0.4158,0.3969,0.4090,11627.05017697
2025-03-15T00:00:00Z,GHSTUSD,0.4073,0.4123,0.4014,0.4123,3154.95156497
2025-03-16T00:00:00Z,GHSTUSD,0.4072,0.4148,0.3907,0.3950,9078.74209869
2025-03-17T00:00:00Z,GHSTUSD,0.3989,0.4190,0.3985,0.4180,7681.63925345
2025-03-18T00:00:00Z,GHSTUSD,0.4124,0.4137,0.3930,0.4120,4282.33087098
2025-03-19T00:00:00Z,GHSTUSD,0.4142,0.4652,0.4142,0.4314,39192.84929795
2025-03-20T00:00:00Z,GHSTUSD,0.4255,0.4255,0.4114,0.4114,5578.84265992
2025-03-21T00:00:00Z,GHSTUSD,0.4113,0.4225,0.4101,0.4120,10674.03883755
2025-03-22T00:00:00Z,GHSTUSD,0.4143,0.4420,0.4143,0.4312,7739.70987480
2025-03-23T00:00:00Z,GHSTUSD,0.4275,0.4356,0.4243,0.4243,3312.11600415
2025-03-24T00:00:00Z,GHSTUSD,0.4308,0.4672,0.4272,0.4672,10356.71702292
2025-03-25T00:00:00Z,GHSTUSD,0.4660,0.5284,0.4646,0.4913,59039.35553662
2025-03-26T00:00:00Z,GHSTUSD,0.4782,0.5220,0.4782,0.5028,13355.28522546
2025-03-27T00:00:00Z,GHSTUSD,0.5044,0.5407,0.5044,0.5285,27519.51346046
2025-03-28T00:00:00Z,GHSTUSD,0.5256,0.5550,0.5063,0.5550,36418.03518389
2025-03-29T00:00:00Z,GHSTUSD,0.5571,0.7357,0.5252,0.6329,145429.28676645
2025-03-30T00:00:00Z,GHSTUSD,0.6084,0.6750,0.5527,0.5798,82460.57292692
2025-03-31T00:00:00Z,GHSTUSD,0.5805,0.6350,0.5786,0.6104,92661.61246140
2025-04-01T00:00:00Z,GHSTUSD,0.6232,0.6355,0.5427,0.5586,39434.09913817
2025-04-02T00:00:00Z,GHSTUSD,0.5493,0.5727,0.5303,0.5501,43830.31368604
2025-04-03T00:00:00Z,GHSTUSD,0.5537,0.5702,0.5040,0.5214,14512.45079601
2025-04-04T00:00:00Z,GHSTUSD,0.5194,0.5265,0.5040,0.5055,8470.90188009
2025-04-05T00:00:00Z,GHSTUSD,0.5037,0.5148,0.4920,0.4987,5993.36961727
2025-04-06T00:00:00Z,GHSTUSD,0.4993,0.5002,0.4364,0.4364,13918.27514997
2025-04-07T00:00:00Z,GHSTUSD,0.4475,0.4633,0.4112,0.4547,25193.21477828
2025-04-08T00:00:00Z,GHSTUSD,0.4591,0.4636,0.4176,0.4377,15118.47625913
2025-04-09T00:00:00Z,GHSTUSD,0.4353,0.4600,0.4015,0.4553,34821.63210259
2025-04-10T00:00:00Z,GHSTUSD,0.4399,0.4414,0.4131,0.4212,11847.63500170
2025-04-11T00:00:00Z,GHSTUSD,0.4239,0.4429,0.4224,0.4310,6648.42454099
2025-04-12T00:00:00Z,GHSTUSD,0.4282,0.4496,0.4257,0.4426,17447.57925666
2025-04-13T00:00:00Z,GHSTUSD,0.4422,0.4428,0.4037,0.4083,4172.43205363
2025-04-14T00:00:00Z,GHSTUSD,0.4088,0.4199,0.3949,0.4117,19334.88192655
2025-04-15T00:00:00Z,GHSTUSD,0.4118,0.4149,0.3933,0.3986,5325.13177365
2025-04-16T00:00:00Z,GHSTUSD,0.3903,0.3951,0.3794,0.3892,4750.25315830
2025-04-17T00:00:00Z,GHSTUSD,0.3898,0.3978,0.3820,0.3951,3851.69889944
2025-04-18T00:00:00Z,GHSTUSD,0.3924,0.4108,0.3895,0.4081,13004.86201012
2025-04-19T00:00:00Z,GHSTUSD,0.4092,0.4526,0.4092,0.4484,23794.23148765
2025-04-20T00:00:00Z,GHSTUSD,0.4475,0.4912,0.4447,0.4839,50990.87042796
2025-04-21T00:00:00Z,GHSTUSD,0.4765,0.4938,0.4653,0.4653,17266.75388393
2025-04-22T00:00:00Z,GHSTUSD,0.4700,0.4935,0.4455,0.4935,39017.99653693
2025-04-23T00:00:00Z,GHSTUSD,0.4884,0.5144,0.4861,0.5014,38936.16686233
2025-04-24T00:00:00Z,GHSTUSD,0.5080,0.5168,0.4904,0.5112,30090.03482166
2025-04-25T00:00:00Z,GHSTUSD,0.5175,0.5347,0.5059,0.5213,12804.37922803
2025-04-26T00:00:00Z,GHSTUSD,0.5219,0.5393,0.5219,0.5282,8521.87412427
2025-04-27T00:00:00Z,GHSTUSD,0.5313,0.5313,0.4953,0.4953,4383.52739547
2025-04-28T00:00:00Z,GHSTUSD,0.4961,0.5119,0.4865,0.5049,5150.51228424
2025-04-29T00:00:00Z,GHSTUSD,0.5063,0.5215,0.4909,0.4946,9352.21110486
2025-04-30T00:00:00Z,GHSTUSD,0.4973,0.5198,0.4957,0.5052,4549.37913042
2025-05-01T00:00:00Z,GHSTUSD,0.5121,0.5350,0.5073,0.5099,15636.22756639
2025-05-02T00:00:00Z,GHSTUSD,0.5136,0.5204,0.5027,0.5068,3013.37553974
2025-05-03T00:00:00Z,GHSTUSD,0.5046,0.5076,0.4757,0.4796,9376.59622310
2025-05-04T00:00:00Z,GHSTUSD,0.4724,0.4801,0.4557,0.4557,8790.32424863
2025-05-05T00:00:00Z,GHSTUSD,0.4567,0.4627,0.4500,0.4545,3889.78038765
2025-05-06T00:00:00Z,GHSTUSD,0.4578,0.4578,0.4239,0.4275,6369.82533125
2025-05-07T00:00:00Z,GHSTUSD,0.4463,0.4638,0.4254,0.4397,10957.95008625
2025-05-08T00:00:00Z,GHSTUSD,0.4427,0.4913,0.4427,0.4782,13015.31436616
2025-05-09T00:00:00Z,GHSTUSD,0.4894,0.5318,0.4867,0.5318,17341.49053388
2025-05-10T00:00:00Z,GHSTUSD,0.5325,0.5901,0.5325,0.5720,22802.18747134
2025-05-11T00:00:00Z,GHSTUSD,0.5711,0.6041,0.5577,0.5737,20472.23422372
2025-05-12T00:00:00Z,GHSTUSD,0.5791,0.6327,0.5760,0.6055,23947.01106271
2025-05-13T00:00:00Z,GHSTUSD,0.6102,0.6189,0.5731,0.6171,20372.07604718
2025-05-14T00:00:00Z,GHSTUSD,0.6158,0.6158,0.5721,0.5721,7613.13203963
2025-05-15T00:00:00Z,GHSTUSD,0.5913,0.5914,0.5268,0.5268,27811.97715381
2025-05-16T00:00:00Z,GHSTUSD,0.5399,0.5661,0.5297,0.5536,15076.76144129
2025-05-17T00:00:00Z,GHSTUSD,0.5492,0.5492,0.5139,0.5223,6517.89491374
2025-05-18T00:00:00Z,GHSTUSD,0.5278,0.5401,0.5067,0.5331,19665.49879575
2025-05-19T00:00:00Z,GHSTUSD,0.5339,0.5339,0.4887,0.5072,31738.75239646
2025-05-20T00:00:00Z,GHSTUSD,0.5076,0.5188,0.4759,0.5082,28755.16898240
2025-05-21T00:00:00Z,GHSTUSD,0.5052,0.5161,0.4960,0.5134,11139.16660268
2025-05-22T00:00:00Z,GHSTUSD,0.5162,0.5490,0.5160,0.5405,18323.65971934
2025-05-23T00:00:00Z,GHSTUSD,0.5456,0.5526,0.4834,0.4834,12900.54456166
2025-05-24T00:00:00Z,GHSTUSD,0.4796,0.4823,0.4620,0.4686,7184.92997789
2025-05-25T00:00:00Z,GHSTUSD,0.4645,0.4661,0.4445,0.4611,9801.99211167
2025-05-26T00:00:00Z,GHSTUSD,0.4611,0.4945,0.4503,0.4579,31474.56273453
2025-05-27T00:00:00Z,GHSTUSD,0.4576,0.4777,0.4057,0.4588,23329.20618858
2025-05-28T00:00:00Z,GHSTUSD,0.4521,0.4554,0.4360,0.4497,5414.84887715
2025-05-29T00:00:00Z,GHSTUSD,0.4494,0.4551,0.4286,0.4288,7079.91199447
2025-05-30T00:00:00Z,GHSTUSD,0.4374,0.4374,0.3944,0.3964,11331.25592048
2025-05-31T00:00:00Z,GHSTUSD,0.3943,0.4060,0.3843,0.3980,14731.35501636
2025-06-01T00:00:00Z,GHSTUSD,0.4043,0.4132,0.3921,0.4101,3702.54124830
2025-06-02T00:00:00Z,GHSTUSD,0.4093,0.4198,0.4002,0.4143,11431.98066604
2025-06-03T00:00:00Z,GHSTUSD,0.4199,0.4266,0.3770,0.4089,14275.08743682
2025-06-04T00:00:00Z,GHSTUSD,0.4104,0.4186,0.4003,0.4062,4309.78327722
2025-06-05T00:00:00Z,GHSTUSD,0.4058,0.4167,0.3628,0.3678,9035.35992422
2025-06-06T00:00:00Z,GHSTUSD,0.3675,0.3780,0.3587,0.3734,16441.84975601
2025-06-07T00:00:00Z,GHSTUSD,0.3768,0.3928,0.3768,0.3883,5919.58165069
2025-06-08T00:00:00Z,GHSTUSD,0.3832,0.3841,0.3711,0.3823,6822.38374712
2025-06-09T00:00:00Z,GHSTUSD,0.3806,0.4041,0.3750,0.3932,17257.41621736
2025-06-10T00:00:00Z,GHSTUSD,0.4033,0.4278,0.4000,0.4274,8464.45434767
2025-06-11T00:00:00Z,GHSTUSD,0.4277,0.4779,0.3978,0.4057,21790.23793036
2025-06-12T00:00:00Z,GHSTUSD,0.4056,0.4057,0.3834,0.3834,15978.44510759
2025-06-13T00:00:00Z,GHSTUSD,0.3786,0.3786,0.3509,0.3742,19987.47626031
2025-06-14T00:00:00Z,GHSTUSD,0.3751,0.3812,0.3717,0.3736,4341.31701848
2025-06-15T00:00:00Z,GHSTUSD,0.3712,0.3781,0.3616,0.3688,4431.81532757
2025-06-16T00:00:00Z,GHSTUSD,0.3720,0.3918,0.3720,0.3918,2595.89061595
2025-06-17T00:00:00Z,GHSTUSD,0.3744,0.3797,0.3555,0.3626,3508.82069950
2025-06-18T00:00:00Z,GHSTUSD,0.3605,0.3621,0.3477,0.3616,1897.08534645
2025-06-19T00:00:00Z,GHSTUSD,0.3619,0.3661,0.3511,0.3511,8560.13113311
2025-06-20T00:00:00Z,GHSTUSD,0.3550,0.3627,0.3406,0.3481,6378.55780569
2025-06-21T00:00:00Z,GHSTUSD,0.3523,0.3703,0.3271,0.3289,21018.22579152
2025-06-22T00:00:00Z,GHSTUSD,0.3351,0.3448,0.3089,0.3185,14540.43580828
2025-06-23T00:00:00Z,GHSTUSD,0.3215,0.3499,0.3215,0.3497,4195.15674709
2025-06-24T00:00:00Z,GHSTUSD,0.3531,0.3614,0.3515,0.3534,3682.24876328
2025-06-25T00:00:00Z,GHSTUSD,0.3594,0.3627,0.3523,0.3523,4296.67844243
2025-06-26T00:00:00Z,GHSTUSD,0.3619,0.3640,0.3464,0.3464,759.53705203
2025-06-27T00:00:00Z,GHSTUSD,0.3564,0.3587,0.3473,0.3480,758.26314588
2025-06-28T00:00:00Z,GHSTUSD,0.3521,0.3658,0.3475,0.3624,2803.49721084
2025-06-29T00:00:00Z,GHSTUSD,0.3636,0.3769,0.3605,0.3758,4759.61453263
2025-06-30T00:00:00Z,GHSTUSD,0.3757,0.3778,0.3671,0.3671,3346.00338244
2025-07-01T00:00:00Z,GHSTUSD,0.3625,0.3660,0.3514,0.3514,7260.14033417
2025-07-02T00:00:00Z,GHSTUSD,0.3501,0.3833,0.3488,0.3828,16937.46995348
2025-07-03T00:00:00Z,GHSTUSD,0.3795,0.3869,0.3759,0.3815,6756.83715737
2025-07-04T00:00:00Z,GHSTUSD,0.3853,0.3853,0.3617,0.3617,4211.33577350
2025-07-05T00:00:00Z,GHSTUSD,0.3668,0.3736,0.3563,0.3618,6255.89378932
2025-07-06T00:00:00Z,GHSTUSD,0.3583,0.3739,0.3520,0.3730,6009.57946922
2025-07-07T00:00:00Z,GHSTUSD,0.3720,0.4285,0.3611,0.3703,109789.55540749
2025-07-08T00:00:00Z,GHSTUSD,0.3665,0.3878,0.3613,0.3802,9385.83935128
2025-07-09T00:00:00Z,GHSTUSD,0.3807,0.3966,0.3807,0.3965,1724.97824641
2025-07-10T00:00:00Z,GHSTUSD,0.4020,0.4335,0.4002,0.4252,10916.23479667
2025-07-11T00:00:00Z,GHSTUSD,0.4387,0.4693,0.4347,0.4440,10165.68327920
2025-07-12T00:00:00Z,GHSTUSD,0.4374,0.4674,0.4298,0.4372,6432.75357200
2025-07-13T00:00:00Z,GHSTUSD,0.4468,0.4610,0.4464,0.4483,8285.22544232
2025-07-14T00:00:00Z,GHSTUSD,0.4592,0.4703,0.4519,0.4540,2013.82838769
2025-07-15T00:00:00Z,GHSTUSD,0.4491,0.4650,0.4475,0.4576,11944.71829545
2025-07-16T00:00:00Z,GHSTUSD,0.4649,0.5750,0.4602,0.5112,67096.05173852
2025-07-17T00:00:00Z,GHSTUSD,0.5112,0.5148,0.4931,0.5049,30226.00759622
2025-07-18T00:00:00Z,GHSTUSD,0.5126,0.5257,0.4936,0.5009,7671.97570923
2025-07-19T00:00:00Z,GHSTUSD,0.5017,0.5091,0.4875,0.5091,5134.48242831
2025-07-20T00:00:00Z,GHSTUSD,0.5068,0.5335,0.5068,0.5220,5629.67950554
2025-07-21T00:00:00Z,GHSTUSD,0.5349,0.5535,0.5276,0.5405,12097.74878538
2025-07-22T00:00:00Z,GHSTUSD,0.5303,0.5371,0.5089,0.5300,11935.13486301
2025-07-23T00:00:00Z,GHSTUSD,0.5367,0.5506,0.4990,0.5049,6914.56795555
2025-07-24T00:00:00Z,GHSTUSD,0.4933,0.5536,0.4683,0.5054,18043.80493231
2025-07-25T00:00:00Z,GHSTUSD,0.5053,0.5102,0.4812,0.5002,8971.21873478
2025-07-26T00:00:00Z,GHSTUSD,0.5118,0.5436,0.5069,0.5079,9722.22229012
2025-07-27T00:00:00Z,GHSTUSD,0.5077,0.5360,0.5041,0.5269,1111.18113103
2025-07-28T00:00:00Z,GHSTUSD,0.5274,0.5392,0.4977,0.4984,1774.79654256
2025-07-29T00:00:00Z,GHSTUSD,0.5007,0.5128,0.4795,0.4795,1547.32360288
2025-07-30T00:00:00Z,GHSTUSD,0.4931,0.4979,0.4553,0.4772,10952.16095193
2025-07-31T00:00:00Z,GHSTUSD,0.4799,0.4887,0.4553,0.4555,7223.18632582
2025-08-01T00:00:00Z,GHSTUSD,0.4444,0.4565,0.4136,0.4185,22178.65341493
2025-08-02T00:00:00Z,GHSTUSD,0.4197,0.4359,0.3967,0.4021,10181.63615827
2025-08-03T00:00:00Z,GHSTUSD,0.3984,0.4167,0.3959,0.4167,3378.54601657
2025-08-04T00:00:00Z,GHSTUSD,0.4167,0.4386,0.4141,0.4334,5819.61916086
2025-08-05T00:00:00Z,GHSTUSD,0.4337,0.4356,0.4073,0.4121,6342.24961415
2025-08-06T00:00:00Z,GHSTUSD,0.4057,0.4248,0.4003,0.4108,20350.61033696
2025-08-07T00:00:00Z,GHSTUSD,0.4104,0.4446,0.4104,0.4446,31947.46361560
2025-08-08T00:00:00Z,GHSTUSD,0.4422,0.4834,0.4374,0.4632,59855.21624295
2025-08-09T00:00:00Z,GHSTUSD,0.4605,0.4976,0.4547,0.4920,6184.75985586
2025-08-10T00:00:00Z,GHSTUSD,0.4976,0.4986,0.4690,0.4782,17972.03653699
2025-08-11T00:00:00Z,GHSTUSD,0.4784,0.5603,0.4673,0.4927,105527.31137464
2025-08-12T00:00:00Z,GHSTUSD,0.4883,0.5256,0.4548,0.5086,99696.73960067
2025-08-13T00:00:00Z,GHSTUSD,0.5083,0.5193,0.5028,0.5171,52281.25928889
2025-08-14T00:00:00Z,GHSTUSD,0.5142,0.5190,0.4627,0.4786,82788.52144096
2025-08-15T00:00:00Z,GHSTUSD,0.4815,0.4914,0.4647,0.4754,11830.72904240
2025-08-16T00:00:00Z,GHSTUSD,0.4798,0.4983,0.4755,0.4983,17277.57816777
2025-08-17T00:00:00Z,GHSTUSD,0.4945,0.5058,0.4825,0.4856,15947.24175819
2025-08-18T00:00:00Z,GHSTUSD,0.4819,0.4859,0.4597,0.4634,26722.16542533
2025-08-19T00:00:00Z,GHSTUSD,0.4673,0.4673,0.4425,0.4425,44120.10817782
2025-08-20T00:00:00Z,GHSTUSD,0.4426,0.4735,0.4426,0.4679,4832.09393849
2025-08-21T00:00:00Z,GHSTUSD,0.4673,0.4728,0.4406,0.4494,11601.74010052
2025-08-22T00:00:00Z,GHSTUSD,0.4555,0.4952,0.4322,0.4927,19631.40665298
2025-08-23T00:00:00Z,GHSTUSD,0.4954,0.4989,0.4842,0.4911,17283.05387951
2025-08-24T00:00:00Z,GHSTUSD,0.4879,0.4900,0.4749,0.4820,6519.08992022
2025-08-25T00:00:00Z,GHSTUSD,0.4855,0.4890,0.4319,0.4320,16987.00702737
2025-08-26T00:00:00Z,GHSTUSD,0.4331,0.4563,0.4331,0.4554,30017.23531319
2025-08-27T00:00:00Z,GHSTUSD,0.4529,0.4597,0.4485,0.4556,7837.72749065
2025-08-28T00:00:00Z,GHSTUSD,0.4556,0.4686,0.4470,0.4686,38267.51226542
2025-08-29T00:00:00Z,GHSTUSD,0.4631,0.4655,0.4339,0.4420,19946.72659944
2025-08-30T00:00:00Z,GHSTUSD,0.4455,0.4565,0.4399,0.4458,9275.56374502
2025-08-31T00:00:00Z,GHSTUSD,0.4582,0.4582,0.4426,0.4485,2782.46532273
2025-09-01T00:00:00Z,GHSTUSD,0.4383,0.4461,0.4179,0.4208,3553.03422737
2025-09-02T00:00:00Z,GHSTUSD,0.4290,0.4402,0.4260,0.4332,5851.69780598
2025-09-03T00:00:00Z,GHSTUSD,0.4349,0.4447,0.4349,0.4426,12795.58578524
2025-09-04T00:00:00Z,GHSTUSD,0.4384,0.4384,0.4226,0.4286,2357.76670068
2025-09-05T00:00:00Z,GHSTUSD,0.4240,0.4395,0.4234,0.4321,8684.60898249
2025-09-06T00:00:00Z,GHSTUSD,0.4319,0.4355,0.4249,0.4282,1635.77548136
2025-09-07T00:00:00Z,GHSTUSD,0.4382,0.4405,0.4312,0.4367,4398.81693512
2025-09-08T00:00:00Z,GHSTUSD,0.4329,0.4465,0.4295,0.4461,37751.47406076
2025-09-09T00:00:00Z,GHSTUSD,0.4454,0.4567,0.4408,0.4443,76136.71136565
2025-09-10T00:00:00Z,GHSTUSD,0.4560,0.4661,0.4537,0.4616,30240.29338478
2025-09-11T00:00:00Z,GHSTUSD,0.4650,0.4735,0.4581,0.4618,23851.70313727
2025-09-12T00:00:00Z,GHSTUSD,0.4694,0.4763,0.4621,0.4763,12696.38191138
2025-09-13T00:00:00Z,GHSTUSD,0.4845,0.5326,0.4813,0.5091,219912.75350881
2025-09-14T00:00:00Z,GHSTUSD,0.5053,0.5059,0.4741,0.4756,70516.80450027
2025-09-15T00:00:00Z,GHSTUSD,0.4803,0.4803,0.4460,0.4493,4281.44726459
2025-09-16T00:00:00Z,GHSTUSD,0.4499,0.4600,0.4464,0.4600,1262.27953344
2025-09-17T00:00:00Z,GHSTUSD,0.4603,0.4711,0.4500,0.4711,1737.76994369
2025-09-18T00:00:00Z,GHSTUSD,0.4697,0.4852,0.4690,0.4820,23788.77755460
2025-09-19T00:00:00Z,GHSTUSD,0.4854,0.4931,0.4643,0.4662,19064.17335731
2025-09-20T00:00:00Z,GHSTUSD,0.4639,0.4785,0.4639,0.4770,18296.25257887
2025-09-21T00:00:00Z,GHSTUSD,0.4730,0.4845,0.4690,0.4690,22262.56305304
2025-09-22T00:00:00Z,GHSTUSD,0.4625,0.4625,0.4122,0.4159,13636.19298066
2025-09-23T00:00:00Z,GHSTUSD,0.4180,0.4204,0.4106,0.4133,4275.93411449
2025-09-24T00:00:00Z,GHSTUSD,0.4163,0.4208,0.4053,0.4144,3038.15016579
2025-09-25T00:00:00Z,GHSTUSD,0.4121,0.4121,0.3837,0.3913,9321.17242361
2025-09-26T00:00:00Z,GHSTUSD,0.3924,0.4045,0.3890,0.4021,4207.22600446
2025-09-27T00:00:00Z,GHSTUSD,0.4012,0.4055,0.3977,0.4011,1377.13424216
2025-09-28T00:00:00Z,GHSTUSD,0.3994,0.4110,0.3936,0.4103,4561.15775817
2025-09-29T00:00:00Z,GHSTUSD,0.4100,0.4105,0.3989,0.4085,8166.97589406
2025-09-30T00:00:00Z,GHSTUSD,0.3993,0.4018,0.3908,0.3970,8617.69058078
2025-10-01T00:00:00Z,GHSTUSD,0.3998,0.4238,0.3956,0.4238,3871.64485040
2025-10-02T00:00:00Z,GHSTUSD,0.4250,0.4330,0.4222,0.4288,4658.48204056
2025-10-03T00:00:00Z,GHSTUSD,0.4278,0.4365,0.4233,0.4302,50355.56897340
2025-10-04T00:00:00Z,GHSTUSD,0.4298,0.4298,0.4087,0.4160,35926.56046174
2025-10-05T00:00:00Z,GHSTUSD,0.4170,0.4243,0.4069,0.4077,5434.11527241
2025-10-06T00:00:00Z,GHSTUSD,0.4095,0.4260,0.4095,0.4244,4457.72388362
2025-10-07T00:00:00Z,GHSTUSD,0.4208,0.4212,0.3961,0.4036,4666.43735247
2025-10-08T00:00:00Z,GHSTUSD,0.4025,0.4119,0.3947,0.4104,18963.21332373
2025-10-09T00:00:00Z,GHSTUSD,0.4010,0.4047,0.3757,0.4047,62585.06592329
2025-10-10T00:00:00Z,GHSTUSD,0.4040,0.4062,0.1960,0.2940,119805.29519422
2025-10-11T00:00:00Z,GHSTUSD,0.3058,0.3080,0.2869,0.2915,44947.02827568
2025-10-12T00:00:00Z,GHSTUSD,0.2873,0.3238,0.2829,0.3187,47016.50498683
2025-10-13T00:00:00Z,GHSTUSD,0.3205,0.3424,0.3205,0.3392,15936.58386244
2025-10-14T00:00:00Z,GHSTUSD,0.3375,0.3375,0.3114,0.3278,23936.89769118
2025-10-15T00:00:00Z,GHSTUSD,0.3285,0.3329,0.3141,0.3167,11798.72764529
2025-10-16T00:00:00Z,GHSTUSD,0.3175,0.3268,0.3069,0.3081,11677.58497323
2025-10-17T00:00:00Z,GHSTUSD,0.3103,0.3126,0.2902,0.3047,13166.78185663
2025-10-18T00:00:00Z,GHSTUSD,0.3045,0.3097,0.3011,0.3063,14078.78574198
2025-10-19T00:00:00Z,GHSTUSD,0.3044,0.3211,0.3044,0.3163,20163.06042566
2025-10-20T00:00:00Z,GHSTUSD,0.3121,0.3212,0.3075,0.3131,38769.38261560
2025-10-21T00:00:00Z,GHSTUSD,0.3131,0.3215,0.2983,0.3038,29824.08184773
2025-10-22T00:00:00Z,GHSTUSD,0.2997,0.3003,0.2866,0.2929,43156.60159315
2025-10-23T00:00:00Z,GHSTUSD,0.2934,0.3015,0.2934,0.2975,13231.23410452
2025-10-24T00:00:00Z,GHSTUSD,0.2990,0.3084,0.2957,0.3076,5815.62157712
2025-10-25T00:00:00Z,GHSTUSD,0.3067,0.3255,0.3042,0.3217,87306.68681497
2025-10-26T00:00:00Z,GHSTUSD,0.3187,0.3720,0.3161,0.3243,121357.86039734
2025-10-27T00:00:00Z,GHSTUSD,0.3222,0.3386,0.3197,0.3237,16934.46417346
2025-10-28T00:00:00Z,GHSTUSD,0.3235,0.3276,0.3100,0.3100,2741.47510815
2025-10-29T00:00:00Z,GHSTUSD,0.3071,0.3232,0.3069,0.3169,6157.93634573
2025-10-30T00:00:00Z,GHSTUSD,0.3120,0.3151,0.2789,0.2860,4348.22539682
2025-10-31T00:00:00Z,GHSTUSD,0.3003,0.3003,0.2910,0.2972,11371.07874160
2025-11-01T00:00:00Z,GHSTUSD,0.2963,0.3063,0.2963,0.3059,9024.10756551
2025-11-02T00:00:00Z,GHSTUSD,0.3051,0.3075,0.2939,0.3026,14939.02141616
2025-11-03T00:00:00Z,GHSTUSD,0.3069,0.3069,0.2662,0.2723,14133.23239090
2025-11-04T00:00:00Z,GHSTUSD,0.2707,0.3508,0.2546,0.2718,139426.07070719
2025-11-05T00:00:00Z,GHSTUSD,0.2707,0.2811,0.2618,0.2753,30674.18858699
2025-11-06T00:00:00Z,GHSTUSD,0.2739,0.2867,0.2698,0.2746,21169.67966442
2025-11-07T00:00:00Z,GHSTUSD,0.2801,0.3199,0.2794,0.3163,70238.42884611
2025-11-08T00:00:00Z,GHSTUSD,0.3104,0.3555,0.3029,0.3177,171608.89773620
2025-11-09T00:00:00Z,GHSTUSD,0.3199,0.3209,0.3051,0.3121,10691.35554823
2025-11-10T00:00:00Z,GHSTUSD,0.3119,0.3295,0.3106,0.3192,29596.47631458
2025-11-11T00:00:00Z,GHSTUSD,0.3183,0.3227,0.2999,0.3039,19675.82538730
2025-11-12T00:00:00Z,GHSTUSD,0.3023,0.3113,0.2853,0.2912,36589.13655027
2025-11-13T00:00:00Z,GHSTUSD,0.2919,0.2988,0.2688,0.2790,16711.23276771
2025-11-14T00:00:00Z,GHSTUSD,0.2788,0.2788,0.2649,0.2731,35361.56197393
2025-11-15T00:00:00Z,GHSTUSD,0.2712,0.2793,0.2686,0.2776,7493.54010405
2025-11-16T00:00:00Z,GHSTUSD,0.2755,0.2765,0.2581,0.2651,9207.88353592
2025-11-17T00:00:00Z,GHSTUSD,0.2656,0.2780,0.2615,0.2626,17763.94428607
2025-11-18T00:00:00Z,GHSTUSD,0.2614,0.2712,0.2551,0.2684,20094.44436773
2025-11-19T00:00:00Z,GHSTUSD,0.2679,0.2726,0.2555,0.2657,13281.73417567
2025-11-20T00:00:00Z,GHSTUSD,0.2672,0.2786,0.2584,0.2661,14946.57678408
2025-11-21T00:00:00Z,GHSTUSD,0.2647,0.2651,0.2436,0.2511,36109.07988709
2025-11-22T00:00:00Z,GHSTUSD,0.2526,0.2591,0.2483,0.2535,16157.10311366
2025-11-23T00:00:00Z,GHSTUSD,0.2543,0.2645,0.2529,0.2579,10784.81913965
2025-11-24T00:00:00Z,GHSTUSD,0.2555,0.2688,0.2551,0.2688,9958.39264713
2025-11-25T00:00:00Z,GHSTUSD,0.2654,0.2699,0.2619,0.2699,11933.93558064
2025-11-26T00:00:00Z,GHSTUSD,0.2692,0.2963,0.2649,0.2713,43946.55236138
2025-11-27T00:00:00Z,GHSTUSD,0.2722,0.2798,0.2702,0.2761,41610.91864469
2025-11-28T00:00:00Z,GHSTUSD,0.2768,0.2822,0.2730,0.2760,58998.87524423
2025-11-29T00:00:00Z,GHSTUSD,0.2758,0.2801,0.2723,0.2727,37059.14811809
2025-11-30T00:00:00Z,GHSTUSD,0.2731,0.2734,0.2623,0.2641,53569.93554810
2025-12-01T00:00:00Z,GHSTUSD,0.2630,0.2630,0.1997,0.2062,521898.63743365
2025-12-02T00:00:00Z,GHSTUSD,0.2064,0.2164,0.2039,0.2128,177465.13083068
2025-12-03T00:00:00Z,GHSTUSD,0.2119,0.2217,0.2085,0.2116,151198.87419691
2025-12-04T00:00:00Z,GHSTUSD,0.2112,0.2112,0.1987,0.2012,142022.40205469
2025-12-05T00:00:00Z,GHSTUSD,0.2010,0.2071,0.1994,0.2020,49386.24027558
2025-12-06T00:00:00Z,GHSTUSD,0.2011,0.2099,0.2007,0.2090,65725.65250687
2025-12-07T00:00:00Z,GHSTUSD,0.2067,0.2127,0.1985,0.2057,18951.02847662
2025-12-08T00:00:00Z,GHSTUSD,0.2047,0.2092,0.2038,0.2051,45806.50058061
2025-12-09T00:00:00Z,GHSTUSD,0.2051,0.2116,0.2012,0.2087,18892.85975257
2025-12-10T00:00:00Z,GHSTUSD,0.2066,0.2088,0.2004,0.2008,50402.90135826
2025-12-11T00:00:00Z,GHSTUSD,0.2001,0.2001,0.1816,0.1969,87571.11698403
2025-12-12T00:00:00Z,GHSTUSD,0.1936,0.1947,0.1824,0.1890,55182.14821200
2025-12-13T00:00:00Z,GHSTUSD,0.1885,0.1899,0.1862,0.1878,44799.39822162
2025-12-14T00:00:00Z,GHSTUSD,0.1882,0.1900,0.1777,0.1797,70403.01538979
2025-12-15T00:00:00Z,GHSTUSD,0.1802,0.1841,0.1719,0.1779,112621.38865467
2025-12-16T00:00:00Z,GHSTUSD,0.1776,0.2253,0.1684,0.1707,127097.43242597
2025-12-17T00:00:00Z,GHSTUSD,0.1701,0.2494,0.1638,0.1892,757275.98719156
2025-12-18T00:00:00Z,GHSTUSD,0.1921,0.2108,0.1612,0.1643,668557.07461881
2025-12-19T00:00:00Z,GHSTUSD,0.1615,0.1697,0.1613,0.1697,101224.94861930
2025-12-20T00:00:00Z,GHSTUSD,0.1685,0.1756,0.1671,0.1756,72621.72404080
2025-12-21T00:00:00Z,GHSTUSD,0.1752,0.1752,0.1630,0.1630,141736.37503221
2025-12-22T00:00:00Z,GHSTUSD,0.1662,0.1696,0.1646,0.1670,43873.89031988
2025-12-23T00:00:00Z,GHSTUSD,0.1668,0.1721,0.1609,0.1710,38119.81522387
2025-12-24T00:00:00Z,GHSTUSD,0.1711,0.1720,0.1643,0.1717,9927.66975465
2025-12-25T00:00:00Z,GHSTUSD,0.1736,0.1840,0.1711,0.1711,28827.49423550
2025-12-26T00:00:00Z,GHSTUSD,0.1716,0.1806,0.1714,0.1802,40150.81422798
2025-12-27T00:00:00Z,GHSTUSD,0.1786,0.1824,0.1753,0.1816,20853.73419965
2025-12-28T00:00:00Z,GHSTUSD,0.1820,0.1820,0.1734,0.1745,23531.66005097
2025-12-29T00:00:00Z,GHSTUSD,0.1762,0.1787,0.1730,0.1731,7845.89763929
2025-12-30T00:00:00Z,GHSTUSD,0.1731,0.1737,0.1686,0.1698,10834.09962351
2025-12-31T00:00:00Z,GHSTUSD,0.1672,0.1678,0.1615,0.1678,38972.11180830
2026-01-01T00:00:00Z,GHSTUSD,0.1685,0.1756,0.1669,0.1756,16900.41547378
2026-01-02T00:00:00Z,GHSTUSD,0.1756,0.1787,0.1724,0.1786,13788.29592156
2026-01-03T00:00:00Z,GHSTUSD,0.1787,0.1809,0.1762,0.1803,9358.80416834
2026-01-04T00:00:00Z,GHSTUSD,0.1819,0.1866,0.1804,0.1845,17685.09442124
2026-01-05T00:00:00Z,GHSTUSD,0.1832,0.1894,0.1823,0.1888,31983.30687205
2026-01-06T00:00:00Z,GHSTUSD,0.1856,0.1934,0.1856,0.1923,11439.84898139
2026-01-07T00:00:00Z,GHSTUSD,0.1895,0.1895,0.1831,0.1831,13736.85903855
2026-01-08T00:00:00Z,GHSTUSD,0.1844,0.1861,0.1787,0.1849,33549.88236881
2026-01-09T00:00:00Z,GHSTUSD,0.1838,0.1878,0.1821,0.1848,12485.64991068
2026-01-10T00:00:00Z,GHSTUSD,0.1836,0.1857,0.1812,0.1847,7857.01282140
2026-01-11T00:00:00Z,GHSTUSD,0.1815,0.1832,0.1764,0.1764,3514.31820319
2026-01-12T00:00:00Z,GHSTUSD,0.1774,0.1794,0.1709,0.1740,2138.78602064
2026-01-13T00:00:00Z,GHSTUSD,0.1713,0.1861,0.1713,0.1860,14106.75279916
2026-01-14T00:00:00Z,GHSTUSD,0.1861,0.1875,0.1825,0.1843,29889.01789759
2026-01-15T00:00:00Z,GHSTUSD,0.1840,0.1845,0.1750,0.1787,89308.14035990
2026-01-16T00:00:00Z,GHSTUSD,0.1786,0.1850,0.1763,0.1844,112996.15181355
2026-01-17T00:00:00Z,GHSTUSD,0.1839,0.1898,0.1826,0.1842,233374.06646155
2026-01-18T00:00:00Z,GHSTUSD,0.1857,0.2061,0.1809,0.1820,278047.24583027
2026-01-19T00:00:00Z,GHSTUSD,0.1805,0.1832,0.1682,0.1832,151055.57208186
2026-01-20T00:00:00Z,GHSTUSD,0.1818,0.1984,0.1727,0.1791,263211.30765595
2026-01-21T00:00:00Z,GHSTUSD,0.1790,0.1933,0.1778,0.1869,72359.41494742
2026-01-22T00:00:00Z,GHSTUSD,0.1885,0.2086,0.1855,0.1924,172574.30804203
2026-01-23T00:00:00Z,GHSTUSD,0.1894,0.1947,0.1883,0.1909,41163.30424370
2026-01-24T00:00:00Z,GHSTUSD,0.1924,0.2087,0.1902,0.1914,206515.55065841
2026-01-25T00:00:00Z,GHSTUSD,0.1922,0.1935,0.1705,0.1749,164615.51143381
2026-01-26T00:00:00Z,GHSTUSD,0.1753,0.1859,0.1753,0.1833,36621.38030217
2026-01-27T00:00:00Z,GHSTUSD,0.1843,0.1866,0.1781,0.1864,70240.91459482
2026-01-28T00:00:00Z,GHSTUSD,0.1870,0.1883,0.1821,0.1834,6619.10389006
2026-01-29T00:00:00Z,GHSTUSD,0.1792,0.1792,0.1643,0.1698,27223.49889010
2026-01-30T00:00:00Z,GHSTUSD,0.1688,0.1688,0.1600,0.1633,33799.46823348
2026-01-31T00:00:00Z,GHSTUSD,0.1616,0.1616,0.1386,0.1469,32062.23496343
2026-02-01T00:00:00Z,GHSTUSD,0.1483,0.1535,0.1445,0.1474,36603.34975474
2026-02-02T00:00:00Z,GHSTUSD,0.1464,0.1478,0.1050,0.1197,235676.89962429
2026-02-03T00:00:00Z,GHSTUSD,0.1194,0.1196,0.1046,0.1093,178541.22425428
2026-02-04T00:00:00Z,GHSTUSD,0.1087,0.1125,0.0976,0.1068,194405.67495277
2026-02-05T00:00:00Z,GHSTUSD,0.1060,0.1086,0.0895,0.0901,287963.90745468
2026-02-06T00:00:00Z,GHSTUSD,0.0902,0.0999,0.0700,0.0846,1034535.85552053
2026-02-07T00:00:00Z,GHSTUSD,0.0841,0.1152,0.0799,0.0820,1050802.24043180
2026-02-08T00:00:00Z,GHSTUSD,0.0805,0.0815,0.0776,0.0807,117001.65932070
2026-02-09T00:00:00Z,GHSTUSD,0.0798,0.0991,0.0768,0.0820,1320000.61258639
2026-02-10T00:00:00Z,GHSTUSD,0.0813,0.2421,0.0800,0.1791,6179829.98792906
2026-02-11T00:00:00Z,GHSTUSD,0.1787,0.1905,0.1191,0.1220,3189175.10207596
2026-02-12T00:00:00Z,GHSTUSD,0.1220,0.1265,0.1052,0.1080,1335509.35064685
2026-02-13T00:00:00Z,GHSTUSD,0.1074,0.1184,0.1035,0.1043,689418.86529537
2026-02-14T00:00:00Z,GHSTUSD,0.1044,0.1159,0.1035,0.1104,173258.36362036
2026-02-15T00:00:00Z,GHSTUSD,0.1137,0.1182,0.1013,0.1087,104935.96547296
2026-02-16T00:00:00Z,GHSTUSD,0.1085,0.1085,0.1022,0.1042,62797.58536425
2026-02-17T00:00:00Z,GHSTUSD,0.1061,0.1096,0.0990,0.1028,70454.98514009
2026-02-18T00:00:00Z,GHSTUSD,0.1028,0.1053,0.0989,0.0989,99367.18750978
2026-02-19T00:00:00Z,GHSTUSD,0.0989,0.1018,0.0958,0.0988,15942.36341875
2026-02-20T00:00:00Z,GHSTUSD,0.0965,0.1039,0.0951,0.0972,12749.75438550
2026-02-21T00:00:00Z,GHSTUSD,0.0966,0.1035,0.0959,0.1020,7067.65174035
2026-02-22T00:00:00Z,GHSTUSD,0.0962,0.1019,0.0962,0.0977,18056.20544823
2026-02-23T00:00:00Z,GHSTUSD,0.0975,0.1242,0.0938,0.1047,189593.00925804
2026-02-24T00:00:00Z,GHSTUSD,0.1047,0.1076,0.0943,0.0959,106304.46263837
2026-02-25T00:00:00Z,GHSTUSD,0.0962,0.1010,0.0947,0.0974,39679.77158565
2026-02-26T00:00:00Z,GHSTUSD,0.0957,0.0994,0.0928,0.0931,31570.34786899
2026-02-27T00:00:00Z,GHSTUSD,0.0960,0.0972,0.0900,0.0905,25767.17486189
2026-02-28T00:00:00Z,GHSTUSD,0.0920,0.0931,0.0884,0.0912,47827.75778450
2026-03-01T00:00:00Z,GHSTUSD,0.0892,0.0926,0.0877,0.0878,86324.28471080
2026-03-02T00:00:00Z,GHSTUSD,0.0890,0.0907,0.0852,0.0889,155112.36829922
2026-03-03T00:00:00Z,GHSTUSD,0.0893,0.0894,0.0785,0.0882,37327.87056540
2026-03-04T00:00:00Z,GHSTUSD,0.0847,0.0901,0.0828,0.0847,60310.27594259
2026-03-05T00:00:00Z,GHSTUSD,0.0865,0.0907,0.0860,0.0869,26430.60613279
2026-03-06T00:00:00Z,GHSTUSD,0.0873,0.0876,0.0838,0.0839,98246.90858446
2026-03-07T00:00:00Z,GHSTUSD,0.0840,0.0861,0.0821,0.0840,78303.53435714
2026-03-08T00:00:00Z,GHSTUSD,0.0843,0.0901,0.0833,0.0843,51469.75978913
2026-03-09T00:00:00Z,GHSTUSD,0.0836,0.0852,0.0808,0.0841,40979.13198379
2026-03-10T00:00:00Z,GHSTUSD,0.0834,0.0849,0.0813,0.0841,24069.27085382
2026-03-11T00:00:00Z,GHSTUSD,0.0828,0.0830,0.0763,0.0812,82508.22502426
2026-03-12T00:00:00Z,GHSTUSD,0.0798,0.0800,0.0762,0.0789,39833.93380621
2026-03-13T00:00:00Z,GHSTUSD,0.0790,0.0870,0.0752,0.0789,253443.61717155
2026-03-14T00:00:00Z,GHSTUSD,0.0803,0.0803,0.0756,0.0777,123935.90075119
2026-03-15T00:00:00Z,GHSTUSD,0.0776,0.0791,0.0774,0.0781,30643.90780902
2026-03-16T00:00:00Z,GHSTUSD,0.0787,0.0887,0.0777,0.0827,389849.69333650
2026-03-17T00:00:00Z,GHSTUSD,0.0808,0.0824,0.0780,0.0780,95915.82992902
2026-03-18T00:00:00Z,GHSTUSD,0.0783,0.0827,0.0704,0.0719,272731.88420696
2026-03-19T00:00:00Z,GHSTUSD,0.0718,0.0740,0.0705,0.0705,36271.34327875
2026-03-20T00:00:00Z,GHSTUSD,0.0704,0.0704,0.0660,0.0682,90227.30442794
2026-03-21T00:00:00Z,GHSTUSD,0.0685,0.0709,0.0656,0.0665,141870.32898638
2026-03-22T00:00:00Z,GHSTUSD,0.0652,0.0713,0.0644,0.0661,538442.01995219
2026-03-23T00:00:00Z,GHSTUSD,0.0655,0.0687,0.0648,0.0648,89616.30735993
2026-03-24T00:00:00Z,GHSTUSD,0.0656,0.0682,0.0637,0.0637,47431.93517136
2026-03-25T00:00:00Z,GHSTUSD,0.0653,0.0704,0.0622,0.0641,168620.37563984
2026-03-26T00:00:00Z,GHSTUSD,0.0631,0.0637,0.0590,0.0637,387695.33036386
2026-03-27T00:00:00Z,GHSTUSD,0.0625,0.1505,0.0610,0.1112,6893952.44964289
2026-03-28T00:00:00Z,GHSTUSD,0.1124,0.1729,0.0880,0.0892,2978354.59314259
2026-03-29T00:00:00Z,GHSTUSD,0.0882,0.1110,0.0850,0.0892,1686600.40551799
2026-03-30T00:00:00Z,GHSTUSD,0.0900,0.1090,0.0861,0.0877,1310397.92834986
2026-03-31T00:00:00Z,GHSTUSD,0.0884,0.0922,0.0779,0.0810,699714.98607905
2026-04-01T00:00:00Z,GHSTUSD,0.0815,0.0876,0.0752,0.0779,716915.27527098
2026-04-02T00:00:00Z,GHSTUSD,0.0782,0.0802,0.0721,0.0729,404808.13878522
2026-04-03T00:00:00Z,GHSTUSD,0.0721,0.0723,0.0659,0.0716,421060.88132103
2026-04-04T00:00:00Z,GHSTUSD,0.0716,0.0727,0.0669,0.0687,271088.77408611
2026-04-05T00:00:00Z,GHSTUSD,0.0686,0.0686,0.0625,0.0652,283716.94741756
2026-04-06T00:00:00Z,GHSTUSD,0.0657,0.0679,0.0631,0.0666,209674.72665618
2026-04-07T00:00:00Z,GHSTUSD,0.0660,0.1172,0.0646,0.1008,3434851.87193595
2026-04-08T00:00:00Z,GHSTUSD,0.1018,0.1041,0.0764,0.0810,764494.74439047
2026-04-09T00:00:00Z,GHSTUSD,0.0808,0.0885,0.0695,0.0722,387886.04160408
2026-04-10T00:00:00Z,GHSTUSD,0.0722,0.0759,0.0691,0.0734,260812.18169319
2026-04-11T00:00:00Z,GHSTUSD,0.0734,0.1389,0.0713,0.0847,1940277.23767854
2026-04-12T00:00:00Z,GHSTUSD,0.0836,0.0845,0.0747,0.0788,253586.30934160
2026-04-13T00:00:00Z,GHSTUSD,0.0785,0.1024,0.0728,0.0787,1206753.83321974
2026-04-14T00:00:00Z,GHSTUSD,0.0790,0.0907,0.0779,0.0872,732279.33810659
2026-04-15T00:00:00Z,GHSTUSD,0.0871,0.0875,0.0799,0.0838,324735.64126047
2026-04-16T00:00:00Z,GHSTUSD,0.0832,0.0849,0.0769,0.0814,180881.34563927
2026-04-17T00:00:00Z,GHSTUSD,0.0811,0.0848,0.0794,0.0821,210914.59415563
2026-04-18T00:00:00Z,GHSTUSD,0.0821,0.0829,0.0794,0.0827,167665.47214354
2026-04-19T00:00:00Z,GHSTUSD,0.0825,0.0826,0.0771,0.0771,228453.97222896
2026-04-20T00:00:00Z,GHSTUSD,0.0771,0.0790,0.0761,0.0787,219847.93524223
2026-04-21T00:00:00Z,GHSTUSD,0.0787,0.0791,0.0775,0.0779,68607.16243499
2026-04-22T00:00:00Z,GHSTUSD,0.0777,0.0784,0.0759,0.0762,125014.71327054
2026-04-23T00:00:00Z,GHSTUSD,0.0761,0.0761,0.0727,0.0731,162353.27151460
2026-04-24T00:00:00Z,GHSTUSD,0.0731,0.0731,0.0719,0.0729,128884.64029374
2026-04-25T00:00:00Z,GHSTUSD,0.0732,0.0742,0.0722,0.0741,123170.40758853
2026-04-26T00:00:00Z,GHSTUSD,0.0741,0.0779,0.0734,0.0756,363414.68648291
2026-04-27T00:00:00Z,GHSTUSD,0.0756,0.0756,0.0737,0.0742,149066.00617239
2026-04-28T00:00:00Z,GHSTUSD,0.0742,0.0752,0.0737,0.0752,104436.63669796
2026-04-29T00:00:00Z,GHSTUSD,0.0752,0.0759,0.0741,0.0745,91785.98132114
2026-04-30T00:00:00Z,GHSTUSD,0.0746,0.0746,0.0699,0.0729,282751.95094163
2026-05-01T00:00:00Z,GHSTUSD,0.0732,0.0734,0.0720,0.0727,47621.44589206
2026-05-02T00:00:00Z,GHSTUSD,0.0725,0.0737,0.0721,0.0737,39771.83508993
2026-05-03T00:00:00Z,GHSTUSD,0.0737,0.0740,0.0721,0.0721,90283.18624882
2026-05-04T00:00:00Z,GHSTUSD,0.0718,0.0723,0.0710,0.0712,58737.51292542
2026-05-05T00:00:00Z,GHSTUSD,0.0710,0.0732,0.0709,0.0729,105574.95448087
2026-05-06T00:00:00Z,GHSTUSD,0.0729,0.0729,0.0707,0.0709,114414.41628471
2026-05-07T00:00:00Z,GHSTUSD,0.0707,0.0796,0.0704,0.0724,472364.72661015
2026-05-08T00:00:00Z,GHSTUSD,0.0724,0.0743,0.0717,0.0726,131701.69663591
2026-05-09T00:00:00Z,GHSTUSD,0.0729,0.0730,0.0719,0.0725,109862.76834160
2026-05-10T00:00:00Z,GHSTUSD,0.0724,0.0741,0.0723,0.0735,95684.81192185
2026-05-11T00:00:00Z,GHSTUSD,0.0736,0.0749,0.0727,0.0736,154605.81009879
2026-05-12T00:00:00Z,GHSTUSD,0.0736,0.0749,0.0732,0.0733,125132.36661741
2026-05-13T00:00:00Z,GHSTUSD,0.0733,0.0747,0.0714,0.0718,162655.59496255
2026-05-14T00:00:00Z,GHSTUSD,0.0719,0.0730,0.0709,0.0720,91837.50964401
2026-05-15T00:00:00Z,GHSTUSD,0.0721,0.0721,0.0688,0.0697,105453.74805524
2026-05-16T00:00:00Z,GHSTUSD,0.0696,0.0700,0.0679,0.0681,104482.51484999
2026-05-17T00:00:00Z,GHSTUSD,0.0680,0.0683,0.0674,0.0675,20690.03414710
2026-05-18T00:00:00Z,GHSTUSD,0.0674,0.0681,0.0663,0.0666,92304.81820009
2026-05-19T00:00:00Z,GHSTUSD,0.0666,0.0668,0.0659,0.0660,45332.12221365
2026-05-20T00:00:00Z,GHSTUSD,0.0660,0.0682,0.0660,0.0671,73384.59723433
2026-05-21T00:00:00Z,GHSTUSD,0.0670,0.0681,0.0662,0.0662,66982.80362679
2026-05-22T00:00:00Z,GHSTUSD,0.0665,0.0665,0.0651,0.0651,129106.84661653
2026-05-23T00:00:00Z,GHSTUSD,0.0654,0.0657,0.0644,0.0654,85137.00114107
2026-05-24T00:00:00Z,GHSTUSD,0.0654,0.0660,0.0644,0.0656,40263.03291834
2026-05-25T00:00:00Z,GHSTUSD,0.0657,0.0706,0.0643,0.0661,229801.89722849
2026-05-26T00:00:00Z,GHSTUSD,0.0660,0.0673,0.0642,0.0650,183396.54159120
2026-05-27T00:00:00Z,GHSTUSD,0.0650,0.0652,0.0645,0.0646,82513.98869679
2026-05-28T00:00:00Z,GHSTUSD,0.0646,0.0647,0.0601,0.0636,164274.51558139
2026-05-29T00:00:00Z,GHSTUSD,0.0636,0.0639,0.0625,0.0631,106860.10238966
2026-05-30T00:00:00Z,GHSTUSD,0.0631,0.0636,0.0629,0.0632,49595.53220118
2026-05-31T00:00:00Z,GHSTUSD,0.0631,0.1374,0.0622,0.0819,7105875.51978745
2026-06-01T00:00:00Z,GHSTUSD,0.0819,0.0885,0.0663,0.0681,2602082.47855433
2026-06-02T00:00:00Z,GHSTUSD,0.0683,0.0719,0.0629,0.0631,610336.64152811
2026-06-03T00:00:00Z,GHSTUSD,0.0632,0.0662,0.0619,0.0633,575881.15081298
2026-06-04T00:00:00Z,GHSTUSD,0.0633,0.0633,0.0596,0.0602,696931.80327697
2026-06-05T00:00:00Z,GHSTUSD,0.0601,0.0603,0.0580,0.0583,262004.90756846
2026-06-06T00:00:00Z,GHSTUSD,0.0583,0.1179,0.0577,0.0607,3684500.79701366
2026-06-07T00:00:00Z,GHSTUSD,0.0609,0.0701,0.0590,0.0626,1443709.14086305
2026-06-08T00:00:00Z,GHSTUSD,0.0626,0.0627,0.0609,0.0613,243059.07256101
2026-06-09T00:00:00Z,GHSTUSD,0.0611,0.0612,0.0596,0.0600,315219.96851109
2026-06-10T00:00:00Z,GHSTUSD,0.0598,0.0598,0.0583,0.0586,155194.13855921
2026-06-11T00:00:00Z,GHSTUSD,0.0585,0.0599,0.0583,0.0599,165196.53922375
2026-06-12T00:00:00Z,GHSTUSD,0.0598,0.0606,0.0592,0.0598,269444.61713584
2026-06-13T00:00:00Z,GHSTUSD,0.0597,0.0603,0.0594,0.0600,124985.34350631
2026-06-14T00:00:00Z,GHSTUSD,0.0598,0.0602,0.0595,0.0602,87906.12132514
2026-06-15T00:00:00Z,GHSTUSD,0.0603,0.0614,0.0601,0.0606,136945.12280437
2026-06-16T00:00:00Z,GHSTUSD,0.0606,0.0607,0.0597,0.0599,95998.99725439
2026-06-17T00:00:00Z,GHSTUSD,0.0599,0.0605,0.0593,0.0597,148033.54526376
2026-06-18T00:00:00Z,GHSTUSD,0.0598,0.0600,0.0579,0.0591,289753.28426484
2026-06-19T00:00:00Z,GHSTUSD,0.0592,0.0599,0.0582,0.0583,258486.19816806
2026-06-20T00:00:00Z,GHSTUSD,0.0583,0.0673,0.0579,0.0603,918718.54945045
2026-06-21T00:00:00Z,GHSTUSD,0.0603,0.0603,0.0589,0.0590,72638.65273045
2026-06-22T00:00:00Z,GHSTUSD,0.0590,0.0598,0.0588,0.0592,105259.61199696
2026-06-23T00:00:00Z,GHSTUSD,0.0591,0.0591,0.0577,0.0583,172372.58517862
2026-06-24T00:00:00Z,GHSTUSD,0.0583,0.0587,0.0567,0.0578,395062.48471884
2026-06-25T00:00:00Z,GHSTUSD,0.0577,0.0587,0.0573,0.0576,308252.34950586
2026-06-26T00:00:00Z,GHSTUSD,0.0576,0.0583,0.0571,0.0578,110546.47389696
2026-06-27T00:00:00Z,GHSTUSD,0.0578,0.0585,0.0574,0.0582,170778.65344469
2026-06-28T00:00:00Z,GHSTUSD,0.0583,0.0588,0.0581,0.0583,144383.12977775
2026-06-29T00:00:00Z,GHSTUSD,0.0582,0.0596,0.0580,0.0590,272481.44878818
2026-06-30T00:00:00Z,GHSTUSD,0.0589,0.0592,0.0571,0.0574,265158.80208414
2026-07-01T00:00:00Z,GHSTUSD,0.0573,0.0582,0.0571,0.0578,155467.99113787
2026-07-02T00:00:00Z,GHSTUSD,0.0577,0.0585,0.0572,0.0576,123503.20481841
2026-07-03T00:00:00Z,GHSTUSD,0.0578,0.0586,0.0562,0.0584,318269.66614567
2026-07-04T00:00:00Z,GHSTUSD,0.0584,0.0591,0.0580,0.0587,129338.42882135
2026-07-05T00:00:00Z,GHSTUSD,0.0587,0.0591,0.0583,0.0586,61472.33624498
2026-07-06T00:00:00Z,GHSTUSD,0.0587,0.0592,0.0581,0.0591,99501.91254967
2026-07-07T00:00:00Z,GHSTUSD,0.0589,0.0589,0.0582,0.0582,87013.07356001
2026-07-08T00:00:00Z,GHSTUSD,0.0581,0.0583,0.0575,0.0575,165238.06081447
2026-07-09T00:00:00Z,GHSTUSD,0.0576,0.0577,0.0571,0.0572,71488.83536194
2026-07-10T00:00:00Z,GHSTUSD,0.0573,0.0577,0.0569,0.0575,103670.15036705
2026-07-11T00:00:00Z,GHSTUSD,0.0573,0.0576,0.0565,0.0573,169742.88392530
2026-07-12T00:00:00Z,GHSTUSD,0.0572,0.0577,0.0568,0.0570,66372.26940006
2026-07-13T00:00:00Z,GHSTUSD,0.0571,0.0572,0.0549,0.0550,325333.74610366
2026-07-14T00:00:00Z,GHSTUSD,0.0552,0.0552,0.0529,0.0536,281765.22276586
2026-07-15T00:00:00Z,GHSTUSD,0.0537,0.0539,0.0518,0.0519,321414.61467356
2026-07-16T00:00:00Z,GHSTUSD,0.0518,0.0518,0.0482,0.0484,704251.05382298
2026-07-17T00:00:00Z,GHSTUSD,0.0483,0.0484,0.0468,0.0483,413606.56281012
2026-07-18T00:00:00Z,GHSTUSD,0.0481,0.0508,0.0457,0.0460,1002645.42517355
2026-07-19T00:00:00Z,GHSTUSD,0.0460,0.0638,0.0452,0.0563,1949975.60926317
2026-07-20T00:00:00Z,GHSTUSD,0.0561,0.0602,0.0475,0.0482,5139630.92952823
2026-07-21T00:00:00Z,GHSTUSD,0.0482,0.0484,0.0461,0.0471,186026.06389178
2026-07-22T00:00:00Z,GHSTUSD,0.0472,0.0475,0.0460,0.0463,184893.63468438
2026-07-23T00:00:00Z,GHSTUSD,0.0463,0.0464,0.0452,0.0455,92798.73380722
2026-07-24T00:00:00Z,GHSTUSD,0.0454,0.0457,0.0445,0.0451,111798.01514014
2026-07-25T00:00:00Z,GHSTUSD,0.0450,0.0451,0.0446,0.0447,46995.56750178
2026-07-26T00:00:00Z,GHSTUSD,0.0446,0.0448,0.0442,0.0448,55935.89318960
2026-07-27T00:00:00Z,GHSTUSD,0.0448,0.0451,0.0443,0.0445,97470.33785559
2026-07-28T00:00:00Z,GHSTUSD,0.0443,0.0465,0.0437,0.0455,278312.57479240
2026-07-29T00:00:00Z,GHSTUSD,0.0452,0.0452,0.0441,0.0441,35922.23234377
2026-07-30T00:00:00Z,GHSTUSD,0.0442,0.0454,0.0438,0.0445,521754.04296449
2026-07-31T00:00:00Z,GHSTUSD,0.0446,0.0446,0.0433,0.0439,106634.76474013
2026-08-01T00:00:00Z,GHSTUSD,0.0441,0.0450,0.0436,0.0441,311912.51220436
2026-08-02T00:00:00Z,GHSTUSD,0.0441,0.0447,0.0428,0.0444,323898.34078602
2026-08-03T00:00:00Z,GHSTUSD,0.0446,0.0446,0.0433,0.0440,53414.72545102
2026-08-04T00:00:00Z,GHSTUSD,0.0442,0.0447,0.0430,0.0444,718009.70923888
2026-08-05T00:00:00Z,GHSTUSD,0.0444,0.0444,0.0436,0.0437,145423.85121578
2026-08-06T00:00:00Z,GHSTUSD,0.0437,0.0437,0.0429,0.0433,87994.85279925
2026-08-07T00:00:00Z,GHSTUSD,0.0433,0.0449,0.0421,0.0436,382367.26873787
2026-08-08T00:00:00Z,GHSTUSD,0.0434,0.0446,0.0428,0.0443,185176.66683766
2026-08-09T00:00:00Z,GHSTUSD,0.0444,0.0450,0.0439,0.0443,135472.03214977
2026-08-10T00:00:00Z,GHSTUSD,0.0444,0.0444,0.0435,0.0439,135366.71983004
2026-08-11T00:00:00Z,GHSTUSD,0.0439,0.0443,0.0433,0.0437,211542.39195138
2026-08-12T00:00:00Z,GHSTUSD,0.0438,0.0438,0.0434,0.0434,20996.39847009
2026-08-13T00:00:00Z,GHSTUSD,0.0436,0.0439,0.0425,0.0428,53528.48401404
2026-08-14T00:00:00Z,GHSTUSD,0.0427,0.0427,0.0424,0.0427,9410.56227276
2026-08-15T00:00:00Z,GHSTUSD,0.0427,0.0428,0.0424,0.0424,5049.03108613
2026-08-16T00:00:00Z,GHSTUSD,0.0424,0.0429,0.0421,0.0423,74473.87190758
2026-08-17T00:00:00Z,GHSTUSD,0.0423,0.0424,0.0422,0.0424,9604.77183602
2026-08-18T00:00:00Z,GHSTUSD,0.0423,0.0425,0.0422,0.0422,37206.62158837
2026-08-19T00:00:00Z,GHSTUSD,0.0422,0.0438,0.0422,0.0437,77860.56747182
2026-08-20T00:00:00Z,GHSTUSD,0.0437,0.0449,0.0433,0.0445,115968.78327812
2026-08-21T00:00:00Z,GHSTUSD,0.0445,0.0463,0.0445,0.0463,85657.54721641
2026-08-22T00:00:00Z,GHSTUSD,0.0462,0.0467,0.0462,0.0466,93734.91191596
2026-08-23T00:00:00Z,GHSTUSD,0.0465,0.0471,0.0459,0.0462,129036.98387546
2026-08-24T00:00:00Z,GHSTUSD,0.0462,0.0590,0.0457,0.0486,1095321.37412299
2026-08-25T00:00:00Z,GHSTUSD,0.0484,0.0486,0.0457,0.0458,182843.16517572
2026-08-26T00:00:00Z,GHSTUSD,0.0458,0.0462,0.0457,0.0461,52814.94672946
2026-08-27T00:00:00Z,GHSTUSD,0.0460,0.0462,0.0455,0.0456,50332.70947558
2026-08-28T00:00:00Z,GHSTUSD,0.0458,0.1300,0.0453,0.1107,11555018.98506287
2026-08-29T00:00:00Z,GHSTUSD,0.1112,0.1146,0.0770,0.0857,12385899.93570682
2026-08-30T00:00:00Z,GHSTUSD,0.0853,0.0864,0.0668,0.0686,2826030.93305548
2026-08-31T00:00:00Z,GHSTUSD,0.0686,0.1308,0.0670,0.0747,3991367.27107169
2026-09-01T00:00:00Z,GHSTUSD,0.0758,0.0793,0.0650,0.0661,1089471.74215211
2026-09-02T00:00:00Z,GHSTUSD,0.0661,0.0672,0.0604,0.0608,640506.91817164
2026-09-03T00:00:00Z,GHSTUSD,0.0609,0.0867,0.0599,0.0699,4044442.51971394
2026-09-04T00:00:00Z,GHSTUSD,0.0699,0.0702,0.0601,0.0640,1530915.12237339
2026-09-05T00:00:00Z,GHSTUSD,0.0643,0.0656,0.0623,0.0632,193643.56297396
2026-09-06T00:00:00Z,GHSTUSD,0.0632,0.0645,0.0622,0.0640,249612.49523892
2026-09-07T00:00:00Z,GHSTUSD,0.0640,0.0648,0.0606,0.0611,392486.27197680
2026-09-08T00:00:00Z,GHSTUSD,0.0608,0.0615,0.0600,0.0600,162921.65134215
2026-09-09T00:00:00Z,GHSTUSD,0.0601,0.0606,0.0598,0.0600,225969.76156592
2026-09-10T00:00:00Z,GHSTUSD,0.0599,0.0853,0.0598,0.0643,3776144.56031174
2026-09-11T00:00:00Z,GHSTUSD,0.0640,0.0659,0.0618,0.0633,403428.32995202
2026-09-12T00:00:00Z,GHSTUSD,0.0636,0.0653,0.0636,0.0653,92416.46794075
2026-09-13T00:00:00Z,GHSTUSD,0.0654,0.0673,0.0638,0.0639,447762.54473942
2026-09-14T00:00:00Z,GHSTUSD,0.0639,0.0640,0.0632,0.0636,128726.42624984
2026-09-15T00:00:00Z,GHSTUSD,0.0639,0.0744,0.0630,0.0662,790883.09145626
2026-09-16T00:00:00Z,GHSTUSD,0.0660,0.0664,0.0593,0.0610,333456.60077697
2026-09-17T00:00:00Z,GHSTUSD,0.0606,0.0627,0.0599,0.0618,249235.19617545
2026-09-18T00:00:00Z,GHSTUSD,0.0617,0.0628,0.0611,0.0621,269805.65315929
2026-09-19T00:00:00Z,GHSTUSD,0.0621,0.0720,0.0619,0.0647,1156233.41623416
2026-09-20T00:00:00Z,GHSTUSD,0.0647,0.0659,0.0628,0.0655,170547.23040392
2026-09-21T00:00:00Z,GHSTUSD,0.0652,0.0662,0.0637,0.0649,197799.22747062
2026-09-22T00:00:00Z,GHSTUSD,0.0650,0.0655,0.0634,0.0639,312986.97502357
2026-09-23T00:00:00Z,GHSTUSD,0.0639,0.0645,0.0626,0.0640,190696.85192687
2026-09-24T00:00:00Z,GHSTUSD,0.0641,0.0781,0.0638,0.0688,1691427.14858369
2026-09-25T00:00:00Z,GHSTUSD,0.0688,0.0697,0.0659,0.0666,292808.89458310
2026-09-26T00:00:00Z,GHSTUSD,0.0665,0.0703,0.0659,0.0685,395544.47314289
2026-09-27T00:00:00Z,GHSTUSD,0.0683,0.0708,0.0682,0.0685,203851.76643042
2026-09-28T00:00:00Z,GHSTUSD,0.0684,0.0686,0.0660,0.0668,182842.62980532
2026-09-29T00:00:00Z,GHSTUSD,0.0668,0.0696,0.0651,0.0676,982723.37057465
2026-09-30T00:00:00Z,GHSTUSD,0.0676,0.0686,0.0651,0.0660,294199.69474947
