timestamp,symbol,open,high,low,close,volume
2020-12-18T00:00:00Z,GRTUSD,0.27,0.27,0.24656,0.26266,197882.63263162997
2020-12-19T00:00:00Z,GRTUSD,0.26039,0.72999,0.25777,0.49097,4724322.02700024
2020-12-20T00:00:00Z,GRTUSD,0.47571,0.995,0.46464,0.7475,8641650.313615214
2020-12-21T00:00:00Z,GRTUSD,0.73495,0.76566,0.43414,0.47178,6257615.640912651
2020-12-22T00:00:00Z,GRTUSD,0.47334,0.629,0.42501,0.53567,4625812.942095282
2020-12-23T00:00:00Z,GRTUSD,0.55429,0.58,0.34459,0.40776,6977363.781233293
2020-12-24T00:00:00Z,GRTUSD,0.40733,0.45555,0.35604,0.41624,3037477.4360588994
2020-12-25T00:00:00Z,GRTUSD,0.41351,0.41827,0.33702,0.3572,2536272.2227217974
2020-12-26T00:00:00Z,GRTUSD,0.359,0.49895,0.32,0.48146,10629852.766164074
2020-12-27T00:00:00Z,GRTUSD,0.48303,0.49315,0.37838,0.39608,5309318.35128368
2020-12-28T00:00:00Z,GRTUSD,0.39882,0.43643,0.37854,0.37912,4605744.652694123
2020-12-29T00:00:00Z,GRTUSD,0.38311,0.38591,0.34002,0.37262,2466767.7215466024
2020-12-30T00:00:00Z,GRTUSD,0.37794,0.40316,0.35,0.3765,4402139.9783856785
2020-12-31T00:00:00Z,GRTUSD,0.37546,0.38,0.34161,0.35018,2153505.3160797292
2021-01-01T00:00:00Z,GRTUSD,0.34876,0.436,0.34569,0.36341,2479284.0537668085
2021-01-02T00:00:00Z,GRTUSD,0.36125,0.36775,0.3052,0.32746,2797584.125789237
2021-01-03T00:00:00Z,GRTUSD,0.32642,0.3364,0.2817,0.29754,4823268.047318356
2021-01-04T00:00:00Z,GRTUSD,0.29938,0.35998,0.2917,0.30692,3234093.491097044
2021-01-05T00:00:00Z,GRTUSD,0.31013,0.34997,0.28643,0.34093,3863416.137593798
2021-01-06T00:00:00Z,GRTUSD,0.34295,0.39799,0.31613,0.37218,3713723.425060873
2021-01-07T00:00:00Z,GRTUSD,0.36998,0.41626,0.32309,0.34751,4114705.3706625463
2021-01-08T00:00:00Z,GRTUSD,0.347,0.35057,0.31,0.33024,2259524.649160857
2021-01-09T00:00:00Z,GRTUSD,0.32737,0.36455,0.31732,0.35337,1588645.2644188707
2021-01-10T00:00:00Z,GRTUSD,0.35132,0.37582,0.3081,0.32657,3115585.1918227533
2021-01-11T00:00:00Z,GRTUSD,0.32674,0.32674,0.22564,0.29,4910379.989592553
2021-01-12T00:00:00Z,GRTUSD,0.29,0.315,0.26521,0.27262,1225749.157768519
2021-01-13T00:00:00Z,GRTUSD,0.27332,0.34727,0.2673,0.32668,2242690.149908041
2021-01-14T00:00:00Z,GRTUSD,0.3267,0.36073,0.31424,0.33368,1849917.9627293402
2021-01-15T00:00:00Z,GRTUSD,0.33353,0.39264,0.31,0.33991,3316116.443766542
2021-01-16T00:00:00Z,GRTUSD,0.34212,0.47598,0.34212,0.46756,6508016.632088102
2021-01-17T00:00:00Z,GRTUSD,0.4644,0.576,0.40823,0.51957,7718145.167177457
2021-01-18T00:00:00Z,GRTUSD,0.52174,0.66496,0.5125,0.61931,6238275.201002097
2021-01-19T00:00:00Z,GRTUSD,0.61687,0.64509,0.512,0.54065,3258395.060356057
2021-01-20T00:00:00Z,GRTUSD,0.54045,0.57161,0.47776,0.52243,3282937.9226579224
2021-01-21T00:00:00Z,GRTUSD,0.52974,0.55867,0.43563,0.43563,3037824.05239834
2021-01-22T00:00:00Z,GRTUSD,0.435,0.55596,0.40221,0.51328,4166589.8883239594
2021-01-23T00:00:00Z,GRTUSD,0.50886,0.59169,0.371,0.58419,3259697.050645287
2021-01-24T00:00:00Z,GRTUSD,0.58505,0.59289,0.52,0.55456,2032924.066385469
2021-01-25T00:00:00Z,GRTUSD,0.55886,0.59422,0.52678,0.5306,1838321.3487140308
2021-01-26T00:00:00Z,GRTUSD,0.52872,0.54652,0.48119,0.53686,1708226.032579171
2021-01-27T00:00:00Z,GRTUSD,0.53943,0.54472,0.455,0.48539,2579349.193109398
2021-01-28T00:00:00Z,GRTUSD,0.48339,0.5833,0.46952,0.562,3809498.312630231
2021-01-29T00:00:00Z,GRTUSD,0.55849,0.6617,0.52878,0.55481,6296534.193802931
2021-01-30T00:00:00Z,GRTUSD,0.55674,0.68199,0.5539,0.64023,5472572.063022837
2021-01-31T00:00:00Z,GRTUSD,0.631,0.86755,0.6026,0.79725,8816187.042831557
2021-02-01T00:00:00Z,GRTUSD,0.79,0.88,0.75357,0.78394,3624427.2322846665
2021-02-02T00:00:00Z,GRTUSD,0.78669,0.81732,0.72614,0.75231,2133072.669198034
2021-02-03T00:00:00Z,GRTUSD,0.75232,0.86724,0.72733,0.82441,1491347.4877855594
2021-02-04T00:00:00Z,GRTUSD,0.82916,0.86103,0.76486,0.81097,1595823.0582071005
2021-02-05T00:00:00Z,GRTUSD,0.81879,1.043,0.80803,0.95138,3290802.2289843047
2021-02-06T00:00:00Z,GRTUSD,0.94724,0.94845,0.83701,0.86212,1792111.0387284781
2021-02-07T00:00:00Z,GRTUSD,0.86715,0.95627,0.78103,0.91745,1831723.0027384502
2021-02-08T00:00:00Z,GRTUSD,0.918,1.04887,0.918,0.96865,2187918.1632598285
2021-02-09T00:00:00Z,GRTUSD,0.97442,1.09778,0.94056,1.05207,1265787.0316903421
2021-02-10T00:00:00Z,GRTUSD,1.05442,1.28585,0.99002,1.26599,5083300.793188616
2021-02-11T00:00:00Z,GRTUSD,1.2625,2.2,1.20552,2.0352,12626475.615044165
2021-02-12T00:00:00Z,GRTUSD,2.04944,2.89,1.8984,2.24764,8535556.10433406
2021-02-13T00:00:00Z,GRTUSD,2.26193,2.58999,2.17875,2.35401,2740062.4402218056
2021-02-14T00:00:00Z,GRTUSD,2.33928,2.41283,1.90007,2.16296,2959533.076199139
2021-02-15T00:00:00Z,GRTUSD,2.16388,2.4425,1.67,2.14301,3100977.8856361224
2021-02-16T00:00:00Z,GRTUSD,2.15342,2.275,2.02104,2.07323,1026831.8497866598
2021-02-17T00:00:00Z,GRTUSD,2.06119,2.21,1.91172,2.18949,1169813.0586146193
2021-02-18T00:00:00Z,GRTUSD,2.18948,2.34902,2.13213,2.28602,988456.3085912205
2021-02-19T00:00:00Z,GRTUSD,2.29768,2.32768,2.10724,2.16996,782565.7041552792
2021-02-20T00:00:00Z,GRTUSD,2.15266,2.65953,2.08764,2.29569,2837369.1647866676
2021-02-21T00:00:00Z,GRTUSD,2.27664,2.38722,2.1947,2.29944,803185.5209246401
2021-02-22T00:00:00Z,GRTUSD,2.31008,2.43,1.62619,2.02593,2961983.499237826
2021-02-23T00:00:00Z,GRTUSD,2.02403,2.02403,1.31,1.702,5745877.853927839
2021-02-24T00:00:00Z,GRTUSD,1.7,2.03,1.60154,1.88792,2698688.526396223
2021-02-25T00:00:00Z,GRTUSD,1.89724,1.99811,1.69679,1.71912,1587415.0691973914
2021-02-26T00:00:00Z,GRTUSD,1.70012,1.8675,1.56698,1.72824,2476807.0182950124
2021-02-27T00:00:00Z,GRTUSD,1.75097,1.81378,1.63898,1.68423,573333.6263762198
2021-02-28T00:00:00Z,GRTUSD,1.67067,1.69,1.42938,1.59102,1826008.2735640777
2021-03-01T00:00:00Z,GRTUSD,1.60999,1.92909,1.60999,1.9211,1343932.45160597
2021-03-02T00:00:00Z,GRTUSD,1.92935,1.9834,1.7224,1.83323,1731900.2289378427
2021-03-03T00:00:00Z,GRTUSD,1.81292,2.0837,1.8,1.95361,1226487.1620210402
2021-03-04T00:00:00Z,GRTUSD,1.98532,2.04357,1.7922,1.86875,688365.6068486798
2021-03-05T00:00:00Z,GRTUSD,1.83518,1.88899,1.72428,1.82449,736288.5491013004
2021-03-06T00:00:00Z,GRTUSD,1.84485,1.86,1.751,1.79406,470457.38972273015
2021-03-07T00:00:00Z,GRTUSD,1.79255,1.93365,1.79139,1.87837,246706.71030499
2021-03-08T00:00:00Z,GRTUSD,1.89783,1.92785,1.80453,1.90649,588776.4217390002
2021-03-09T00:00:00Z,GRTUSD,1.90931,2.22269,1.8741,2.13199,1356870.0114629702
2021-03-10T00:00:00Z,GRTUSD,2.1282,2.147,1.95899,2.03913,602463.3025161402
2021-03-11T00:00:00Z,GRTUSD,2.03993,2.11164,1.85385,1.91746,865086.2996212292
2021-03-12T00:00:00Z,GRTUSD,1.90976,1.9281,1.66326,1.73794,1211045.2374609804
2021-03-13T00:00:00Z,GRTUSD,1.72227,1.89172,1.655,1.79484,1135248.45871407
2021-03-14T00:00:00Z,GRTUSD,1.79611,1.83866,1.713,1.74384,334998.4441152198
2021-03-15T00:00:00Z,GRTUSD,1.72018,1.86751,1.68401,1.71556,524280.16145929974
2021-03-16T00:00:00Z,GRTUSD,1.71663,1.79047,1.59138,1.71472,515735.13549175975
2021-03-17T00:00:00Z,GRTUSD,1.69184,1.75507,1.65001,1.72854,324599.9408902798
2021-03-18T00:00:00Z,GRTUSD,1.72273,1.79,1.68229,1.69,410736.48266230966
2021-03-19T00:00:00Z,GRTUSD,1.68416,1.74001,1.66,1.6915,224480.0530458302
2021-03-20T00:00:00Z,GRTUSD,1.69092,1.87939,1.68886,1.72,524448.2142165694
2021-03-21T00:00:00Z,GRTUSD,1.71101,1.75576,1.65061,1.69636,443247.5690105096
2021-03-22T00:00:00Z,GRTUSD,1.684,1.70832,1.50395,1.54855,743831.374323471
2021-03-23T00:00:00Z,GRTUSD,1.53963,1.5937,1.49677,1.50067,330105.62303306005
2021-03-24T00:00:00Z,GRTUSD,1.5,1.58841,1.32002,1.40095,605532.4397425797
2021-03-25T00:00:00Z,GRTUSD,1.38883,1.41406,1.32,1.335,502400.5270705295
2021-03-26T00:00:00Z,GRTUSD,1.34214,1.56208,1.34214,1.56208,526204.6550846202
2021-03-27T00:00:00Z,GRTUSD,1.55999,1.58207,1.46,1.47,328572.95765580994
2021-03-28T00:00:00Z,GRTUSD,1.47426,1.81879,1.45996,1.81284,1203550.2006867991
2021-03-29T00:00:00Z,GRTUSD,1.813,1.85,1.69392,1.77143,658517.7088431398
2021-03-30T00:00:00Z,GRTUSD,1.77417,1.89001,1.73,1.76145,692584.9920405003
2021-03-31T00:00:00Z,GRTUSD,1.75836,1.79379,1.64258,1.71753,1100014.1388096302
2021-04-01T00:00:00Z,GRTUSD,1.7383,1.84275,1.69599,1.779,914663.1892774994
2021-04-02T00:00:00Z,GRTUSD,1.77236,1.95,1.736,1.88628,1010091.7335256606
2021-04-03T00:00:00Z,GRTUSD,1.88101,1.97,1.67204,1.68358,1030022.2289180895
2021-04-04T00:00:00Z,GRTUSD,1.68,1.7676,1.65557,1.7631,250741.80065052
2021-04-05T00:00:00Z,GRTUSD,1.77165,1.84824,1.68974,1.81996,559343.6741332099
2021-04-06T00:00:00Z,GRTUSD,1.84271,1.87988,1.72898,1.75709,864531.1461534909
2021-04-07T00:00:00Z,GRTUSD,1.76405,1.76405,1.52639,1.65683,1008609.8288366802
2021-04-08T00:00:00Z,GRTUSD,1.65989,1.75058,1.64066,1.75058,350353.80522208015
2021-04-09T00:00:00Z,GRTUSD,1.75571,1.81494,1.7134,1.72893,238871.79994609026
2021-04-10T00:00:00Z,GRTUSD,1.73648,1.91461,1.71985,1.89202,1141373.6996401106
2021-04-11T00:00:00Z,GRTUSD,1.89509,1.90074,1.79434,1.90074,249415.5729785002
2021-04-12T00:00:00Z,GRTUSD,1.90781,2.145,1.88159,2.01891,1296059.7420136707
2021-04-13T00:00:00Z,GRTUSD,2.02074,2.07185,1.89843,1.92447,709358.5164101202
2021-04-14T00:00:00Z,GRTUSD,1.92246,2.14,1.81785,2.03,1352172.2579223027
2021-04-15T00:00:00Z,GRTUSD,2.03,2.18669,1.96344,2.10787,777106.99534474
2021-04-16T00:00:00Z,GRTUSD,2.09913,2.17778,1.91308,2.00414,748413.9576251197
2021-04-17T00:00:00Z,GRTUSD,1.99284,2.12989,1.93106,1.93682,548517.8509368801
2021-04-18T00:00:00Z,GRTUSD,1.9423,1.94846,1.5111,1.70314,1709492.2245275984
2021-04-19T00:00:00Z,GRTUSD,1.70524,1.77508,1.53778,1.56494,594429.9113037501
2021-04-20T00:00:00Z,GRTUSD,1.55978,1.64131,1.42673,1.58796,867365.1082842507
2021-04-21T00:00:00Z,GRTUSD,1.59585,1.66262,1.48919,1.5367,509802.2618287398
2021-04-22T00:00:00Z,GRTUSD,1.52264,1.62354,1.4,1.41402,1086947.48049767
2021-04-23T00:00:00Z,GRTUSD,1.40516,1.43389,1.14486,1.39812,1856036.3258837454
2021-04-24T00:00:00Z,GRTUSD,1.38984,1.39158,1.25,1.2538,396463.27746496955
2021-04-25T00:00:00Z,GRTUSD,1.26423,1.35771,1.19717,1.25293,370171.3635115397
2021-04-26T00:00:00Z,GRTUSD,1.26495,1.50256,1.2508,1.46057,663425.8527017011
2021-04-27T00:00:00Z,GRTUSD,1.45971,1.57852,1.44991,1.56,681333.9847718403
2021-04-28T00:00:00Z,GRTUSD,1.56,1.6322,1.487,1.53415,489698.30111565004
2021-04-29T00:00:00Z,GRTUSD,1.53428,1.56738,1.44402,1.50245,238683.49022493974
2021-04-30T00:00:00Z,GRTUSD,1.48543,1.59624,1.47704,1.55792,284110.9028408199
2021-05-01T00:00:00Z,GRTUSD,1.56039,1.72506,1.56039,1.67439,525051.5596856303
2021-05-02T00:00:00Z,GRTUSD,1.68216,1.68735,1.54509,1.61,416724.11263629986
2021-05-03T00:00:00Z,GRTUSD,1.6076,1.68062,1.57784,1.59,583368.5998961397
2021-05-04T00:00:00Z,GRTUSD,1.58378,1.58726,1.4194,1.42718,654757.2302409601
2021-05-05T00:00:00Z,GRTUSD,1.42109,1.55499,1.42109,1.53881,488953.2308766994
2021-05-06T00:00:00Z,GRTUSD,1.53954,1.66904,1.51198,1.60348,737306.3166912401
2021-05-07T00:00:00Z,GRTUSD,1.60596,1.72367,1.52426,1.60241,1076328.9427226991
2021-05-08T00:00:00Z,GRTUSD,1.59537,1.65336,1.56278,1.58557,422771.5936103799
2021-05-09T00:00:00Z,GRTUSD,1.5843,1.60075,1.4779,1.53946,528716.0101170699
2021-05-10T00:00:00Z,GRTUSD,1.53598,1.57311,1.28269,1.38345,860858.9667972791
2021-05-11T00:00:00Z,GRTUSD,1.38274,1.4812,1.32657,1.46304,708217.9712062598
2021-05-12T00:00:00Z,GRTUSD,1.46572,1.5403,1.27194,1.27194,1187925.516060338
2021-05-13T00:00:00Z,GRTUSD,1.28381,1.37788,1.2337,1.30812,1824369.957568502
2021-05-14T00:00:00Z,GRTUSD,1.31408,1.39949,1.28803,1.3488,622284.0060295904
2021-05-15T00:00:00Z,GRTUSD,1.36854,1.5238,1.3068,1.31894,1706901.3415893605
2021-05-16T00:00:00Z,GRTUSD,1.32892,1.41934,1.23106,1.298,975003.269018149
2021-05-17T00:00:00Z,GRTUSD,1.29289,1.29903,1.1708,1.19639,1194747.7076839695
2021-05-18T00:00:00Z,GRTUSD,1.1876,1.26173,1.17964,1.22936,1002014.336982142
2021-05-19T00:00:00Z,GRTUSD,1.21999,1.24342,0.54309,0.74583,4990109.27844878
2021-05-20T00:00:00Z,GRTUSD,0.75768,0.98378,0.68845,0.91212,2956910.273017497
2021-05-21T00:00:00Z,GRTUSD,0.91279,0.95636,0.74615,0.85417,2874437.797888833
2021-05-22T00:00:00Z,GRTUSD,0.85359,0.87266,0.76235,0.78919,1278533.6110199299
2021-05-23T00:00:00Z,GRTUSD,0.78821,0.80634,0.50265,0.65116,3796302.9305285965
2021-05-24T00:00:00Z,GRTUSD,0.65775,0.85877,0.63313,0.82551,2203152.84044923
2021-05-25T00:00:00Z,GRTUSD,0.82344,0.86378,0.72508,0.82438,1550842.7807159605
2021-05-26T00:00:00Z,GRTUSD,0.82427,0.88222,0.80492,0.84172,675765.3963706597
2021-05-27T00:00:00Z,GRTUSD,0.84394,0.84394,0.75285,0.77004,738986.4823266704
2021-05-28T00:00:00Z,GRTUSD,0.77002,0.79213,0.61851,0.64971,5528681.562297264
2021-05-29T00:00:00Z,GRTUSD,0.65487,0.6973,0.596,0.62633,1662008.018518069
2021-05-30T00:00:00Z,GRTUSD,0.62275,0.77315,0.59,0.73427,735233.7902116191
2021-05-31T00:00:00Z,GRTUSD,0.7387,0.85575,0.69362,0.79601,905181.5604918397
2021-06-01T00:00:00Z,GRTUSD,0.79596,0.82563,0.74956,0.76854,361116.73639384005
2021-06-02T00:00:00Z,GRTUSD,0.75154,0.8081,0.73847,0.77216,292034.87361995014
2021-06-03T00:00:00Z,GRTUSD,0.76011,0.96967,0.75554,0.94993,1273848.9793726394
2021-06-04T00:00:00Z,GRTUSD,0.952,0.95536,0.75002,0.80338,1015299.7601637107
2021-06-05T00:00:00Z,GRTUSD,0.79882,0.84711,0.72502,0.75484,588388.9083334794
2021-06-06T00:00:00Z,GRTUSD,0.75479,0.81897,0.75462,0.78249,980290.8336350603
2021-06-07T00:00:00Z,GRTUSD,0.78195,0.83696,0.68956,0.6951,914591.8879628301
2021-06-08T00:00:00Z,GRTUSD,0.70284,0.71528,0.63,0.68988,569657.2989021699
2021-06-09T00:00:00Z,GRTUSD,0.69152,0.73067,0.65904,0.70981,420483.9973717797
2021-06-10T00:00:00Z,GRTUSD,0.71075,0.71624,0.65475,0.66401,300264.3844134102
2021-06-11T00:00:00Z,GRTUSD,0.66292,0.67894,0.60437,0.61391,556343.6156068501
2021-06-12T00:00:00Z,GRTUSD,0.61392,0.62448,0.57,0.60232,340472.40141623013
2021-06-13T00:00:00Z,GRTUSD,0.60501,0.69276,0.58684,0.6855,1848253.92459341
2021-06-14T00:00:00Z,GRTUSD,0.6855,0.722,0.663,0.68121,435668.5052781198
2021-06-15T00:00:00Z,GRTUSD,0.68386,0.75916,0.67983,0.72505,1198896.2004061698
2021-06-16T00:00:00Z,GRTUSD,0.71,0.79157,0.67001,0.67246,998658.8298614599
2021-06-17T00:00:00Z,GRTUSD,0.67629,0.71775,0.6598,0.68509,711316.41847375
2021-06-18T00:00:00Z,GRTUSD,0.68499,0.68708,0.5928,0.608,510612.03962441994
2021-06-19T00:00:00Z,GRTUSD,0.60479,0.6282,0.59325,0.60755,241620.63926743987
2021-06-20T00:00:00Z,GRTUSD,0.59815,0.65343,0.56705,0.64046,1129946.9486146492
2021-06-21T00:00:00Z,GRTUSD,0.6495,0.6495,0.50047,0.50752,702933.543411299
2021-06-22T00:00:00Z,GRTUSD,0.50918,0.54383,0.43,0.4875,1562907.0295139414
2021-06-23T00:00:00Z,GRTUSD,0.48502,0.60609,0.48493,0.60609,551630.8476644902
2021-06-24T00:00:00Z,GRTUSD,0.60315,0.62371,0.57828,0.60184,260867.79199248
2021-06-25T00:00:00Z,GRTUSD,0.60228,0.62006,0.52452,0.53035,1662386.5433639197
2021-06-26T00:00:00Z,GRTUSD,0.52405,0.54406,0.50558,0.54406,1105985.1951857999
2021-06-27T00:00:00Z,GRTUSD,0.54065,0.55423,0.51813,0.55095,506494.8480019
2021-06-28T00:00:00Z,GRTUSD,0.56028,0.58762,0.54363,0.57033,618299.5959841897
2021-06-29T00:00:00Z,GRTUSD,0.57024,0.62156,0.57024,0.57912,587135.3045774398
2021-06-30T00:00:00Z,GRTUSD,0.57493,0.58785,0.5499,0.58624,455757.99013030017
2021-07-01T00:00:00Z,GRTUSD,0.5907,0.5907,0.52666,0.53862,164583.22467269003
2021-07-02T00:00:00Z,GRTUSD,0.53492,0.60227,0.52189,0.60185,284772.47624459997
2021-07-03T00:00:00Z,GRTUSD,0.60433,0.6841,0.58856,0.67815,1504146.32135383
2021-07-04T00:00:00Z,GRTUSD,0.682,0.75606,0.64433,0.71717,974080.5073370693
2021-07-05T00:00:00Z,GRTUSD,0.72244,0.79716,0.69863,0.73481,5528599.696107052
2021-07-06T00:00:00Z,GRTUSD,0.73824,0.76572,0.68764,0.70275,552915.94883093
2021-07-07T00:00:00Z,GRTUSD,0.70085,0.75457,0.69327,0.70747,469225.24054452963
2021-07-08T00:00:00Z,GRTUSD,0.70594,0.7091,0.6362,0.65367,1245113.5462955402
2021-07-09T00:00:00Z,GRTUSD,0.65099,0.70091,0.631,0.69096,474200.2489515
2021-07-10T00:00:00Z,GRTUSD,0.69708,0.71552,0.65023,0.68438,898877.89136797
2021-07-11T00:00:00Z,GRTUSD,0.68828,0.7486,0.68531,0.71463,541234.8258286202
2021-07-12T00:00:00Z,GRTUSD,0.71348,0.74025,0.66235,0.67447,427107.78573829983
2021-07-13T00:00:00Z,GRTUSD,0.66673,0.68345,0.62794,0.62794,310733.59482034
2021-07-14T00:00:00Z,GRTUSD,0.6242,0.64776,0.59416,0.63506,929375.3507945096
2021-07-15T00:00:00Z,GRTUSD,0.63982,0.64642,0.59227,0.59855,315330.60039501986
2021-07-16T00:00:00Z,GRTUSD,0.59491,0.61424,0.57731,0.5785,596604.4011598302
2021-07-17T00:00:00Z,GRTUSD,0.5785,0.58671,0.55681,0.55786,234212.50412048996
2021-07-18T00:00:00Z,GRTUSD,0.55771,0.5864,0.54909,0.55076,100046.15652596006
2021-07-19T00:00:00Z,GRTUSD,0.55447,0.55447,0.503,0.50939,238948.85908833003
2021-07-20T00:00:00Z,GRTUSD,0.50665,0.51294,0.47761,0.48949,278507.38349952997
2021-07-21T00:00:00Z,GRTUSD,0.49251,0.57395,0.47705,0.55623,380530.74902607984
2021-07-22T00:00:00Z,GRTUSD,0.55061,0.56221,0.53,0.54989,1008641.8177985199
2021-07-23T00:00:00Z,GRTUSD,0.54974,0.57129,0.51777,0.55374,490852.03309856006
2021-07-24T00:00:00Z,GRTUSD,0.55239,0.59288,0.53642,0.54896,888046.8536379697
2021-07-25T00:00:00Z,GRTUSD,0.54954,0.55605,0.52777,0.5418,1554012.0931227687
2021-07-26T00:00:00Z,GRTUSD,0.5399,0.61526,0.5399,0.55389,3216867.3981228024
2021-07-27T00:00:00Z,GRTUSD,0.55,0.59111,0.52485,0.56174,1884269.1358570287
2021-07-28T00:00:00Z,GRTUSD,0.56178,0.57797,0.55,0.5569,727277.2690595399
2021-07-29T00:00:00Z,GRTUSD,0.55559,0.63377,0.55,0.58497,1017095.0844257196
2021-07-30T00:00:00Z,GRTUSD,0.57881,0.60243,0.55717,0.59483,722331.1746250903
2021-07-31T00:00:00Z,GRTUSD,0.59075,0.64,0.58937,0.62368,1452141.8132367712
2021-08-01T00:00:00Z,GRTUSD,0.62368,0.72552,0.61987,0.6598,939498.8638868309
2021-08-02T00:00:00Z,GRTUSD,0.65868,0.69688,0.63427,0.69147,347629.7760691096
2021-08-03T00:00:00Z,GRTUSD,0.6955,0.7055,0.64016,0.65383,935252.49236585
2021-08-04T00:00:00Z,GRTUSD,0.64762,0.6796,0.62527,0.6691,405520.6978288201
2021-08-05T00:00:00Z,GRTUSD,0.66569,0.71434,0.64,0.69899,420211.1815981799
2021-08-06T00:00:00Z,GRTUSD,0.70148,0.72422,0.67198,0.70049,425347.9781449
2021-08-07T00:00:00Z,GRTUSD,0.69724,0.75875,0.69724,0.733,1419852.6555962302
2021-08-08T00:00:00Z,GRTUSD,0.72968,0.7328,0.65973,0.67282,250306.92041553
2021-08-09T00:00:00Z,GRTUSD,0.66236,0.73903,0.64743,0.70881,607699.2983787005
2021-08-10T00:00:00Z,GRTUSD,0.71174,0.77,0.70169,0.74122,657856.0958178398
2021-08-11T00:00:00Z,GRTUSD,0.75129,0.88606,0.74803,0.79083,1347937.126199969
2021-08-12T00:00:00Z,GRTUSD,0.79215,0.88468,0.75935,0.88315,1871794.7408568305
2021-08-13T00:00:00Z,GRTUSD,0.88336,0.94895,0.87272,0.9245,1077984.1314187988
2021-08-14T00:00:00Z,GRTUSD,0.92722,0.95385,0.87496,0.9003,562752.97124199
2021-08-15T00:00:00Z,GRTUSD,0.89857,0.91459,0.84302,0.89868,399776.09116775
2021-08-16T00:00:00Z,GRTUSD,0.89997,0.93262,0.85325,0.85838,1073361.1755493497
2021-08-17T00:00:00Z,GRTUSD,0.85213,1.02288,0.81537,0.86291,2229988.735924489
2021-08-18T00:00:00Z,GRTUSD,0.87591,0.921,0.81463,0.85494,1333151.8231156105
2021-08-19T00:00:00Z,GRTUSD,0.86,0.9809,0.834,0.98061,1091256.0443876297
2021-08-20T00:00:00Z,GRTUSD,0.98642,1.09037,0.9789,1.0402,1589005.3491771398
2021-08-21T00:00:00Z,GRTUSD,1.03881,1.05367,0.98731,0.99,656932.0112346403
2021-08-22T00:00:00Z,GRTUSD,0.99687,1.0766,0.96495,1.07313,815958.4025395799
2021-08-23T00:00:00Z,GRTUSD,1.07473,1.07944,1.00362,1.02394,401853.6821167001
2021-08-24T00:00:00Z,GRTUSD,1.01763,1.02104,0.89543,0.92,671015.6763716602
2021-08-25T00:00:00Z,GRTUSD,0.9257,0.97826,0.8862,0.94968,405932.7760858902
2021-08-26T00:00:00Z,GRTUSD,0.94508,0.97008,0.84934,0.8814,584202.0724522095
2021-08-27T00:00:00Z,GRTUSD,0.86407,0.9392,0.84017,0.9235,335697.2831157399
2021-08-28T00:00:00Z,GRTUSD,0.92442,0.94682,0.90573,0.9138,215465.75067176003
2021-08-29T00:00:00Z,GRTUSD,0.91355,0.93553,0.87732,0.9129,249552.43526265994
2021-08-30T00:00:00Z,GRTUSD,0.91364,0.91364,0.84577,0.84577,408838.0040222199
2021-08-31T00:00:00Z,GRTUSD,0.84829,0.90756,0.84657,0.85535,341364.14815073996
2021-09-01T00:00:00Z,GRTUSD,0.85,0.9278,0.8309,0.9244,558513.40451165
2021-09-02T00:00:00Z,GRTUSD,0.91472,0.945,0.89437,0.91125,784126.8469064799
2021-09-03T00:00:00Z,GRTUSD,0.91125,0.93679,0.8874,0.91323,666469.4170122602
2021-09-04T00:00:00Z,GRTUSD,0.91065,0.97444,0.90774,0.95037,467530.61979998986
2021-09-05T00:00:00Z,GRTUSD,0.95631,1.03664,0.93791,1.02407,1377101.1694476092
2021-09-06T00:00:00Z,GRTUSD,1.02244,1.07505,0.91,1.06543,2751806.2521499298
2021-09-07T00:00:00Z,GRTUSD,1.06429,1.06429,0.70278,0.82826,4654762.69437868
2021-09-08T00:00:00Z,GRTUSD,0.83642,0.86205,0.74471,0.81877,2102186.273032749
2021-09-09T00:00:00Z,GRTUSD,0.82635,0.9172,0.8,0.85375,996840.2348109003
2021-09-10T00:00:00Z,GRTUSD,0.85452,0.89102,0.78811,0.80642,810478.9138945506
2021-09-11T00:00:00Z,GRTUSD,0.81036,0.9168,0.80818,0.86112,845110.8983434697
2021-09-12T00:00:00Z,GRTUSD,0.87075,0.93315,0.83334,0.91876,440889.06098035944
2021-09-13T00:00:00Z,GRTUSD,0.93028,0.944,0.79616,0.84426,1053897.6383916088
2021-09-14T00:00:00Z,GRTUSD,0.83175,0.87704,0.83,0.85628,285852.72677562997
2021-09-15T00:00:00Z,GRTUSD,0.85904,0.92043,0.84605,0.90904,575421.0359173797
2021-09-16T00:00:00Z,GRTUSD,0.91534,0.92051,0.83525,0.8589,526366.8078732099
2021-09-17T00:00:00Z,GRTUSD,0.85609,0.86097,0.80665,0.81255,362527.2962783698
2021-09-18T00:00:00Z,GRTUSD,0.81052,0.84686,0.80802,0.83488,254610.32004417002
2021-09-19T00:00:00Z,GRTUSD,0.83038,0.83911,0.801,0.80175,132578.79127198993
2021-09-20T00:00:00Z,GRTUSD,0.80133,0.80484,0.65731,0.7,714555.26005143
2021-09-21T00:00:00Z,GRTUSD,0.69648,0.73122,0.631,0.65755,825259.9115425005
2021-09-22T00:00:00Z,GRTUSD,0.65847,0.74502,0.65565,0.74401,1241542.44814987
2021-09-23T00:00:00Z,GRTUSD,0.73779,0.74598,0.71183,0.73456,454034.3638783099
2021-09-24T00:00:00Z,GRTUSD,0.73603,0.79927,0.65261,0.69168,1419530.7455027497
2021-09-25T00:00:00Z,GRTUSD,0.69391,0.69832,0.6575,0.6814,422049.0666257998
2021-09-26T00:00:00Z,GRTUSD,0.6843,0.71138,0.62666,0.67196,911682.1722657102
2021-09-27T00:00:00Z,GRTUSD,0.6702,0.71899,0.66112,0.66198,512260.24468036
2021-09-28T00:00:00Z,GRTUSD,0.66043,0.67443,0.62504,0.63026,386264.9249427397
2021-09-29T00:00:00Z,GRTUSD,0.62943,0.66541,0.62001,0.62922,353396.74654652
2021-09-30T00:00:00Z,GRTUSD,0.63998,0.65684,0.63689,0.64427,318634.90155301
2021-10-01T00:00:00Z,GRTUSD,0.64438,0.72525,0.64438,0.707,1077859.4449527299
2021-10-02T00:00:00Z,GRTUSD,0.70636,0.75833,0.69756,0.72371,500339.9920900897
2021-10-03T00:00:00Z,GRTUSD,0.72968,0.75624,0.71009,0.73319,724755.1899726798
2021-10-04T00:00:00Z,GRTUSD,0.73082,0.73354,0.698,0.71346,291865.4066935899
2021-10-05T00:00:00Z,GRTUSD,0.71448,0.78724,0.71415,0.75659,506197.5748498295
2021-10-06T00:00:00Z,GRTUSD,0.75738,0.76241,0.68696,0.71797,524704.0079346998
2021-10-07T00:00:00Z,GRTUSD,0.71763,0.74072,0.70615,0.71613,243770.06281546998
2021-10-08T00:00:00Z,GRTUSD,0.71865,0.736,0.70754,0.71138,473842.45124100003
2021-10-09T00:00:00Z,GRTUSD,0.70505,0.74819,0.70385,0.74146,363373.34903533995
2021-10-10T00:00:00Z,GRTUSD,0.73068,0.73068,0.67981,0.68059,214426.62701867006
2021-10-11T00:00:00Z,GRTUSD,0.676,0.71183,0.66452,0.67398,102750.58426073001
2021-10-12T00:00:00Z,GRTUSD,0.66892,0.68142,0.65,0.67392,695452.2855748698
2021-10-13T00:00:00Z,GRTUSD,0.67129,0.71162,0.665,0.7076,336431.22378924006
2021-10-14T00:00:00Z,GRTUSD,0.6999,0.74868,0.6999,0.71555,516497.7706369997
2021-10-15T00:00:00Z,GRTUSD,0.71461,0.83551,0.69865,0.80777,2990858.0469653183
2021-10-16T00:00:00Z,GRTUSD,0.81503,0.88249,0.79069,0.80383,1181587.1213170888
2021-10-17T00:00:00Z,GRTUSD,0.79749,0.82878,0.75579,0.77623,711664.0232274899
2021-10-18T00:00:00Z,GRTUSD,0.77849,0.7987,0.7521,0.7663,613966.03143662
2021-10-19T00:00:00Z,GRTUSD,0.771,0.7858,0.75329,0.779,515661.5326556585
2021-10-20T00:00:00Z,GRTUSD,0.779,1.20999,0.7773,0.87505,5380033.332884833
2021-10-21T00:00:00Z,GRTUSD,0.8776,0.95325,0.844,0.94084,2958131.446760751
2021-10-22T00:00:00Z,GRTUSD,0.94084,0.99008,0.88167,0.9033,1332767.5336222094
2021-10-23T00:00:00Z,GRTUSD,0.89574,0.91011,0.87352,0.88633,264300.02041093004
2021-10-24T00:00:00Z,GRTUSD,0.88731,0.9454,0.87666,0.94373,2139668.3700381382
2021-10-25T00:00:00Z,GRTUSD,0.94522,1.0741,0.94522,1.03496,8016470.375198733
2021-10-26T00:00:00Z,GRTUSD,1.03873,1.19102,1.01654,1.07829,3193809.068774047
2021-10-27T00:00:00Z,GRTUSD,1.0819,1.11869,0.88236,0.93501,6458333.029886909
2021-10-28T00:00:00Z,GRTUSD,0.93,0.99225,0.91563,0.937,863329.3463706801
2021-10-29T00:00:00Z,GRTUSD,0.94018,1.02533,0.93667,0.97292,1047124.8586335491
2021-10-30T00:00:00Z,GRTUSD,0.96438,0.98523,0.90328,0.92134,597042.0683408197
2021-10-31T00:00:00Z,GRTUSD,0.9249,1.0974,0.89619,1.04161,2566835.479910431
2021-11-01T00:00:00Z,GRTUSD,1.04333,1.04947,0.93505,0.99267,1174820.8560448396
2021-11-02T00:00:00Z,GRTUSD,0.9888,1.02965,0.9825,0.99253,479030.0981912295
2021-11-03T00:00:00Z,GRTUSD,0.99372,1.01432,0.94158,0.9894,1493447.9978794605
2021-11-04T00:00:00Z,GRTUSD,0.9857,1.07,0.97419,1.05348,1927856.0566835809
2021-11-05T00:00:00Z,GRTUSD,1.05488,1.16475,1.02092,1.06405,2725149.32112126
2021-11-06T00:00:00Z,GRTUSD,1.05677,1.08353,1.00909,1.065,878858.8097925595
2021-11-07T00:00:00Z,GRTUSD,1.05561,1.13228,1.04573,1.11483,666591.2299416899
2021-11-08T00:00:00Z,GRTUSD,1.11871,1.14842,1.06643,1.13744,1099893.4981530511
2021-11-09T00:00:00Z,GRTUSD,1.14334,1.334,1.12953,1.2092,6245178.356582826
2021-11-10T00:00:00Z,GRTUSD,1.21075,1.23055,0.99647,1.08891,4998649.489015618
2021-11-11T00:00:00Z,GRTUSD,1.08689,1.15996,1.06313,1.11612,2241771.3334320313
2021-11-12T00:00:00Z,GRTUSD,1.11071,1.14708,1.0423,1.07673,4921426.703881217
2021-11-13T00:00:00Z,GRTUSD,1.07431,1.12091,1.07319,1.10089,807165.3300601298
2021-11-14T00:00:00Z,GRTUSD,1.10215,1.10289,1.04606,1.06743,162711.34965601002
2021-11-15T00:00:00Z,GRTUSD,1.07,1.10933,1.01916,1.01916,1409824.5427385322
2021-11-16T00:00:00Z,GRTUSD,1.01868,1.01868,0.82501,0.92519,1328864.552255969
2021-11-17T00:00:00Z,GRTUSD,0.92193,0.96514,0.88421,0.936,1176601.9335310108
2021-11-18T00:00:00Z,GRTUSD,0.93629,1.02999,0.84654,0.86527,1836222.40457574
2021-11-19T00:00:00Z,GRTUSD,0.86279,0.9715,0.85601,0.95244,2003758.8630388386
2021-11-20T00:00:00Z,GRTUSD,0.95998,0.98294,0.91519,0.96696,478209.8881457798
2021-11-21T00:00:00Z,GRTUSD,0.95895,0.96777,0.92001,0.92574,577430.4857412201
2021-11-22T00:00:00Z,GRTUSD,0.92673,0.92673,0.856,0.87625,335230.6308431701
2021-11-23T00:00:00Z,GRTUSD,0.87487,0.93387,0.85652,0.90113,1019807.40241665
2021-11-24T00:00:00Z,GRTUSD,0.89966,0.90153,0.84665,0.86466,751057.4845980214
2021-11-25T00:00:00Z,GRTUSD,0.86868,0.94604,0.85858,0.91861,617727.58085711
2021-11-26T00:00:00Z,GRTUSD,0.9275,1.04473,0.84449,0.86015,6344181.668638594
2021-11-27T00:00:00Z,GRTUSD,0.8507,1.08385,0.84358,1.03521,7642067.138745728
2021-11-28T00:00:00Z,GRTUSD,1.03341,1.09396,0.92751,1.00743,3202599.1643290995
2021-11-29T00:00:00Z,GRTUSD,1.00818,1.00901,0.94808,0.96704,1449612.0702299091
2021-11-30T00:00:00Z,GRTUSD,0.9657,0.96761,0.90801,0.9208,664363.7905054294
2021-12-01T00:00:00Z,GRTUSD,0.92285,0.96252,0.90591,0.92057,1150971.8985481602
2021-12-02T00:00:00Z,GRTUSD,0.92141,0.92141,0.88213,0.89886,256546.3673679998
2021-12-03T00:00:00Z,GRTUSD,0.89794,0.92284,0.82582,0.86115,786221.9676216602
2021-12-04T00:00:00Z,GRTUSD,0.85606,0.85835,0.56084,0.73335,3950258.6967538507
2021-12-05T00:00:00Z,GRTUSD,0.74999,0.75045,0.65441,0.68437,1127207.2962167503
2021-12-06T00:00:00Z,GRTUSD,0.66,0.711,0.60837,0.70177,2669749.8743389924
2021-12-07T00:00:00Z,GRTUSD,0.70532,0.72563,0.68081,0.6883,569979.7089816098
2021-12-08T00:00:00Z,GRTUSD,0.6864,0.7773,0.67276,0.75968,2341797.9230549014
2021-12-09T00:00:00Z,GRTUSD,0.76263,0.76263,0.68114,0.69741,1443452.7020023195
2021-12-10T00:00:00Z,GRTUSD,0.68916,0.70527,0.64222,0.64222,597860.4603567799
2021-12-11T00:00:00Z,GRTUSD,0.63598,0.67387,0.63268,0.67008,132714.33551254997
2021-12-12T00:00:00Z,GRTUSD,0.66368,0.69612,0.65857,0.68637,601624.9563184795
2021-12-13T00:00:00Z,GRTUSD,0.68779,0.68779,0.58552,0.59767,948762.5436126995
2021-12-14T00:00:00Z,GRTUSD,0.59819,0.64827,0.59249,0.63638,468717.7067082998
2021-12-15T00:00:00Z,GRTUSD,0.63972,0.66266,0.58552,0.64295,1084437.4506892592
2021-12-16T00:00:00Z,GRTUSD,0.64349,0.66697,0.61418,0.61436,701917.3992998401
2021-12-17T00:00:00Z,GRTUSD,0.62401,0.62647,0.58,0.59193,895374.5625731903
2021-12-18T00:00:00Z,GRTUSD,0.58883,0.61569,0.58392,0.60537,401295.2747849199
2021-12-19T00:00:00Z,GRTUSD,0.60401,0.66696,0.60095,0.64509,845272.9073108704
2021-12-20T00:00:00Z,GRTUSD,0.65369,0.66688,0.59132,0.62153,495500.83398265013
2021-12-21T00:00:00Z,GRTUSD,0.62247,0.71408,0.61485,0.71096,2172663.0348168495
2021-12-22T00:00:00Z,GRTUSD,0.70992,0.7298,0.69148,0.69376,821557.3862624901
2021-12-23T00:00:00Z,GRTUSD,0.69619,0.74805,0.67886,0.73284,606196.1724706605
2021-12-24T00:00:00Z,GRTUSD,0.73239,0.74835,0.68529,0.6931,736025.46353269
2021-12-25T00:00:00Z,GRTUSD,0.69178,0.7277,0.69178,0.72414,121249.08060373999
2021-12-26T00:00:00Z,GRTUSD,0.72006,0.74417,0.68677,0.73726,667400.45950308
2021-12-27T00:00:00Z,GRTUSD,0.73839,0.77609,0.73434,0.7366,694911.6732115095
2021-12-28T00:00:00Z,GRTUSD,0.73605,0.73605,0.66151,0.66397,727133.5063965505
2021-12-29T00:00:00Z,GRTUSD,0.66359,0.69212,0.62461,0.62914,680459.12907905
2021-12-30T00:00:00Z,GRTUSD,0.63286,0.65988,0.61473,0.64558,185215.08615264983
2021-12-31T00:00:00Z,GRTUSD,0.64734,0.67902,0.62236,0.64353,747104.80079046
2022-01-01T00:00:00Z,GRTUSD,0.64617,0.66608,0.63951,0.66608,491078.52865732
2022-01-02T00:00:00Z,GRTUSD,0.66085,0.69331,0.64996,0.67723,693655.9730003703
2022-01-03T00:00:00Z,GRTUSD,0.67722,0.69432,0.64462,0.6578,993020.7874217898
2022-01-04T00:00:00Z,GRTUSD,0.65645,0.70603,0.64353,0.68187,845266.3946693902
2022-01-05T00:00:00Z,GRTUSD,0.67633,0.7306,0.6,0.62945,2497532.620535861
2022-01-06T00:00:00Z,GRTUSD,0.62949,0.64375,0.60625,0.63898,1552086.1319006884
2022-01-07T00:00:00Z,GRTUSD,0.634,0.634,0.58435,0.5965,1450299.8152419315
2022-01-08T00:00:00Z,GRTUSD,0.59278,0.61912,0.54748,0.57399,557785.2146383205
2022-01-09T00:00:00Z,GRTUSD,0.57114,0.59535,0.56583,0.58429,163215.57026840004
2022-01-10T00:00:00Z,GRTUSD,0.58556,0.59325,0.52195,0.54338,1133689.332776208
2022-01-11T00:00:00Z,GRTUSD,0.54286,0.57107,0.53673,0.56957,1207542.0630829185
2022-01-12T00:00:00Z,GRTUSD,0.57012,0.59724,0.56549,0.59459,1357559.7568946388
2022-01-13T00:00:00Z,GRTUSD,0.59621,0.62498,0.56831,0.56831,1209362.6371319385
2022-01-14T00:00:00Z,GRTUSD,0.56834,0.58585,0.55712,0.58051,331107.7767703203
2022-01-15T00:00:00Z,GRTUSD,0.58051,0.59918,0.57368,0.59548,143328.24119378006
2022-01-16T00:00:00Z,GRTUSD,0.59137,0.59332,0.57685,0.58973,83894.79637008002
2022-01-17T00:00:00Z,GRTUSD,0.59024,0.59024,0.53877,0.5485,269717.7747893101
2022-01-18T00:00:00Z,GRTUSD,0.54767,0.55777,0.5161,0.53165,464814.21983070986
2022-01-19T00:00:00Z,GRTUSD,0.5325,0.53341,0.5,0.52485,1146025.5950993893
2022-01-20T00:00:00Z,GRTUSD,0.52736,0.55954,0.49882,0.49882,560525.1313946502
2022-01-21T00:00:00Z,GRTUSD,0.5,0.50503,0.42351,0.4392,3239537.2235923363
2022-01-22T00:00:00Z,GRTUSD,0.43909,0.44375,0.366,0.41629,2056093.3256305296
2022-01-23T00:00:00Z,GRTUSD,0.41749,0.43034,0.39308,0.41495,696252.1941823694
2022-01-24T00:00:00Z,GRTUSD,0.4124,0.4124,0.345,0.39219,1565800.9851503118
2022-01-25T00:00:00Z,GRTUSD,0.39099,0.42334,0.38445,0.41479,1365355.0563382597
2022-01-26T00:00:00Z,GRTUSD,0.41273,0.45999,0.39653,0.40335,1825141.7240323508
2022-01-27T00:00:00Z,GRTUSD,0.40299,0.41036,0.38501,0.40204,568445.0187862098
2022-01-28T00:00:00Z,GRTUSD,0.406,0.4167,0.39713,0.41197,676412.7837239001
2022-01-29T00:00:00Z,GRTUSD,0.41666,0.42195,0.40731,0.41,344554.92205786996
2022-01-30T00:00:00Z,GRTUSD,0.41094,0.42006,0.39639,0.4,889971.9864283795
2022-01-31T00:00:00Z,GRTUSD,0.40027,0.4106,0.38,0.40989,429193.22684517974
2022-02-01T00:00:00Z,GRTUSD,0.41134,0.44679,0.40912,0.43959,524914.1359866302
2022-02-02T00:00:00Z,GRTUSD,0.43729,0.43975,0.40397,0.4045,744739.4934972599
2022-02-03T00:00:00Z,GRTUSD,0.40637,0.40753,0.39112,0.40585,654914.8222622904
2022-02-04T00:00:00Z,GRTUSD,0.4059,0.44028,0.4022,0.43965,489149.04539277015
2022-02-05T00:00:00Z,GRTUSD,0.43728,0.46374,0.43728,0.4495,571521.4612573698
2022-02-06T00:00:00Z,GRTUSD,0.45569,0.47345,0.44,0.47345,241252.06080141995
2022-02-07T00:00:00Z,GRTUSD,0.46677,0.50999,0.46152,0.50636,785227.0954957701
2022-02-08T00:00:00Z,GRTUSD,0.50857,0.522,0.4559,0.475,636815.9685305604
2022-02-09T00:00:00Z,GRTUSD,0.47555,0.49533,0.45829,0.48713,874423.2634823995
2022-02-10T00:00:00Z,GRTUSD,0.48635,0.48951,0.44831,0.46133,682460.6974115093
2022-02-11T00:00:00Z,GRTUSD,0.45978,0.46608,0.41223,0.41751,793528.44084181
2022-02-12T00:00:00Z,GRTUSD,0.41705,0.42932,0.40499,0.41886,298719.36180554
2022-02-13T00:00:00Z,GRTUSD,0.42279,0.42409,0.39819,0.40904,196991.06270917002
2022-02-14T00:00:00Z,GRTUSD,0.40394,0.40649,0.38649,0.40559,167066.3292631299
2022-02-15T00:00:00Z,GRTUSD,0.40924,0.50821,0.40924,0.4913,3354486.616297742
2022-02-16T00:00:00Z,GRTUSD,0.49056,0.51104,0.47312,0.48689,1343199.2045548297
2022-02-17T00:00:00Z,GRTUSD,0.48645,0.48845,0.43258,0.43798,1473985.1515615
2022-02-18T00:00:00Z,GRTUSD,0.43604,0.44898,0.41012,0.41264,518347.14349982707
2022-02-19T00:00:00Z,GRTUSD,0.41531,0.42537,0.39956,0.41764,296032.1928194101
2022-02-20T00:00:00Z,GRTUSD,0.41689,0.41689,0.3797,0.39193,1055522.8635898242
2022-02-21T00:00:00Z,GRTUSD,0.39098,0.42349,0.356,0.35796,1045989.9266178505
2022-02-22T00:00:00Z,GRTUSD,0.36021,0.3849,0.34821,0.38404,852233.4508376981
2022-02-23T00:00:00Z,GRTUSD,0.38619,0.39377,0.3534,0.3534,340626.17669616
2022-02-24T00:00:00Z,GRTUSD,0.35484,0.36037,0.30322,0.36037,1893726.5660352819
2022-02-25T00:00:00Z,GRTUSD,0.35975,0.36911,0.34,0.35964,2146412.6048496678
2022-02-26T00:00:00Z,GRTUSD,0.36418,0.37212,0.34353,0.34802,535838.9883219997
2022-02-27T00:00:00Z,GRTUSD,0.34747,0.36561,0.32817,0.33717,279949.01740674995
2022-02-28T00:00:00Z,GRTUSD,0.33573,0.37711,0.32735,0.37711,629934.2079795896
2022-03-01T00:00:00Z,GRTUSD,0.37816,0.38897,0.36537,0.3765,821975.6088184395
2022-03-02T00:00:00Z,GRTUSD,0.37406,0.39471,0.36392,0.3731,346411.64858708
2022-03-03T00:00:00Z,GRTUSD,0.37513,0.37727,0.35481,0.3642,315487.0311874802
2022-03-04T00:00:00Z,GRTUSD,0.36202,0.36202,0.33418,0.33901,515146.6575606198
2022-03-05T00:00:00Z,GRTUSD,0.33775,0.34718,0.32939,0.3461,213193.19291295
2022-03-06T00:00:00Z,GRTUSD,0.34639,0.35145,0.32852,0.32914,242979.0515682299
2022-03-07T00:00:00Z,GRTUSD,0.32731,0.34407,0.31463,0.33015,397480.9105861199
2022-03-08T00:00:00Z,GRTUSD,0.33281,0.36084,0.33281,0.33579,761279.0621124901
2022-03-09T00:00:00Z,GRTUSD,0.33599,0.36316,0.33599,0.34693,822265.5353925809
2022-03-10T00:00:00Z,GRTUSD,0.34611,0.34611,0.31773,0.32535,948483.2410535602
2022-03-11T00:00:00Z,GRTUSD,0.32457,0.33854,0.31584,0.31903,550732.2910904603
2022-03-12T00:00:00Z,GRTUSD,0.32334,0.32851,0.31825,0.31897,377680.86227541004
2022-03-13T00:00:00Z,GRTUSD,0.31728,0.35946,0.31712,0.3363,710307.9662272601
2022-03-14T00:00:00Z,GRTUSD,0.33433,0.3756,0.327,0.36637,1615571.6985598519
2022-03-15T00:00:00Z,GRTUSD,0.36637,0.43704,0.35288,0.42565,4055354.931600075
2022-03-16T00:00:00Z,GRTUSD,0.42717,0.45647,0.41402,0.45424,2006780.5405885805
2022-03-17T00:00:00Z,GRTUSD,0.45076,0.45098,0.40282,0.4091,925307.9213676408
2022-03-18T00:00:00Z,GRTUSD,0.40493,0.42848,0.3974,0.4119,1175667.98984395
2022-03-19T00:00:00Z,GRTUSD,0.41325,0.42808,0.40613,0.41103,806364.2625999006
2022-03-20T00:00:00Z,GRTUSD,0.4122,0.42092,0.38891,0.39076,855618.2233634304
2022-03-21T00:00:00Z,GRTUSD,0.38997,0.42249,0.38071,0.41639,895034.2367741405
2022-03-22T00:00:00Z,GRTUSD,0.41159,0.42439,0.40467,0.41061,734807.4140008098
2022-03-23T00:00:00Z,GRTUSD,0.41106,0.43385,0.40143,0.42434,435882.2522072401
2022-03-24T00:00:00Z,GRTUSD,0.425,0.44156,0.41211,0.44043,1158173.1517641796
2022-03-25T00:00:00Z,GRTUSD,0.43891,0.45007,0.40265,0.40947,1398673.9992265995
2022-03-26T00:00:00Z,GRTUSD,0.41076,0.41753,0.40637,0.41119,561418.3492316101
2022-03-27T00:00:00Z,GRTUSD,0.41027,0.4318,0.40688,0.4318,323293.7561234901
2022-03-28T00:00:00Z,GRTUSD,0.4302,0.48714,0.42351,0.43179,2519091.8808452436
2022-03-29T00:00:00Z,GRTUSD,0.43549,0.49485,0.43549,0.49112,2031962.219305769
2022-03-30T00:00:00Z,GRTUSD,0.48713,0.4985,0.45821,0.47988,800080.8362938594
2022-03-31T00:00:00Z,GRTUSD,0.48081,0.52717,0.46287,0.47015,2574686.604622839
2022-04-01T00:00:00Z,GRTUSD,0.46921,0.49501,0.43599,0.48489,1413980.7783396004
2022-04-02T00:00:00Z,GRTUSD,0.48184,0.55,0.48184,0.51872,2792562.4611160555
2022-04-03T00:00:00Z,GRTUSD,0.52132,0.53236,0.49445,0.51718,976507.194279509
2022-04-04T00:00:00Z,GRTUSD,0.51451,0.51531,0.467,0.49327,1001956.8960409897
2022-04-05T00:00:00Z,GRTUSD,0.49295,0.49867,0.45941,0.45941,606279.9473013607
2022-04-06T00:00:00Z,GRTUSD,0.45962,0.46277,0.41048,0.41145,1155078.2439222403
2022-04-07T00:00:00Z,GRTUSD,0.41211,0.43522,0.40829,0.43117,338899.00096979
2022-04-08T00:00:00Z,GRTUSD,0.42847,0.43245,0.38975,0.39417,571405.1086584501
2022-04-09T00:00:00Z,GRTUSD,0.39461,0.40876,0.39204,0.40607,557013.0468465996
2022-04-10T00:00:00Z,GRTUSD,0.40563,0.40827,0.38348,0.38396,262998.33608769986
2022-04-11T00:00:00Z,GRTUSD,0.38531,0.38596,0.34316,0.34847,608723.24455382
2022-04-12T00:00:00Z,GRTUSD,0.34786,0.37499,0.34786,0.37282,1142645.4113748334
2022-04-13T00:00:00Z,GRTUSD,0.37329,0.38605,0.36288,0.38358,422141.56752906
2022-04-14T00:00:00Z,GRTUSD,0.38328,0.3903,0.35756,0.36288,173503.17832822003
2022-04-15T00:00:00Z,GRTUSD,0.3636,0.37168,0.3596,0.3699,232504.69323132
2022-04-16T00:00:00Z,GRTUSD,0.36875,0.371,0.35682,0.3627,117419.74124831999
2022-04-17T00:00:00Z,GRTUSD,0.36241,0.37006,0.34741,0.34881,61746.30328379003
2022-04-18T00:00:00Z,GRTUSD,0.34888,0.36208,0.33,0.36208,377466.7353510598
2022-04-19T00:00:00Z,GRTUSD,0.36302,0.36978,0.35695,0.362,591645.12961583
2022-04-20T00:00:00Z,GRTUSD,0.36304,0.38056,0.35484,0.36312,885966.0839762896
2022-04-21T00:00:00Z,GRTUSD,0.36601,0.39433,0.34948,0.35454,2297500.836430037
2022-04-22T00:00:00Z,GRTUSD,0.3529,0.36659,0.34858,0.35395,392845.5526850599
2022-04-23T00:00:00Z,GRTUSD,0.35482,0.35902,0.34461,0.35432,381296.29923373
2022-04-24T00:00:00Z,GRTUSD,0.35504,0.36205,0.34774,0.35734,416268.87335120986
2022-04-25T00:00:00Z,GRTUSD,0.35776,0.3588,0.32592,0.3588,963843.7652454798
2022-04-26T00:00:00Z,GRTUSD,0.36048,0.4038,0.33605,0.33726,1159524.38731656
2022-04-27T00:00:00Z,GRTUSD,0.33745,0.37226,0.335,0.36755,1021758.6395732508
2022-04-28T00:00:00Z,GRTUSD,0.36519,0.41042,0.35712,0.35881,1163231.5942466597
2022-04-29T00:00:00Z,GRTUSD,0.35864,0.3616,0.33798,0.34657,509627.76425833977
2022-04-30T00:00:00Z,GRTUSD,0.35178,0.35905,0.29119,0.30677,1300051.034432271
2022-05-01T00:00:00Z,GRTUSD,0.30707,0.32424,0.30091,0.31598,580174.7852167402
2022-05-02T00:00:00Z,GRTUSD,0.31927,0.32,0.29784,0.30695,445301.60216224997
2022-05-03T00:00:00Z,GRTUSD,0.30702,0.33819,0.30373,0.31899,1246617.34568832
2022-05-04T00:00:00Z,GRTUSD,0.31906,0.347,0.31353,0.34464,597178.0257086102
2022-05-05T00:00:00Z,GRTUSD,0.34517,0.34525,0.2862,0.30106,2057756.5662424206
2022-05-06T00:00:00Z,GRTUSD,0.29968,0.30095,0.28065,0.29582,708688.9735207495
2022-05-07T00:00:00Z,GRTUSD,0.29579,0.30365,0.28722,0.29277,436918.95944644
2022-05-08T00:00:00Z,GRTUSD,0.29296,0.30975,0.28293,0.3,1074452.9330383902
2022-05-09T00:00:00Z,GRTUSD,0.30011,0.3051,0.23381,0.23834,2094604.3435699623
2022-05-10T00:00:00Z,GRTUSD,0.23808,0.2692,0.226,0.246,1871584.3175590734
2022-05-11T00:00:00Z,GRTUSD,0.24542,0.25501,0.14201,0.1509,11616365.727735037
2022-05-12T00:00:00Z,GRTUSD,0.15223,0.17999,0.11303,0.13377,7948354.7881672755
2022-05-13T00:00:00Z,GRTUSD,0.13382,0.16569,0.13301,0.14863,2570853.591388844
2022-05-14T00:00:00Z,GRTUSD,0.14862,0.19507,0.14378,0.19479,5078172.161681124
2022-05-15T00:00:00Z,GRTUSD,0.19189,0.20708,0.18599,0.19942,3817825.5181865375
2022-05-16T00:00:00Z,GRTUSD,0.19854,0.20192,0.17176,0.17254,2353429.4400676615
2022-05-17T00:00:00Z,GRTUSD,0.17328,0.1912,0.16798,0.17952,2297426.386137382
2022-05-18T00:00:00Z,GRTUSD,0.18277,0.18344,0.15644,0.15667,808739.09903236
2022-05-19T00:00:00Z,GRTUSD,0.15848,0.16524,0.14841,0.16008,6722422.42603349
2022-05-20T00:00:00Z,GRTUSD,0.16067,0.16401,0.14585,0.15094,1569224.6746874806
2022-05-21T00:00:00Z,GRTUSD,0.15109,0.16147,0.14783,0.15784,773539.9285942201
2022-05-22T00:00:00Z,GRTUSD,0.1569,0.16708,0.15497,0.16331,978894.2955024905
2022-05-23T00:00:00Z,GRTUSD,0.16188,0.17436,0.15245,0.15448,1314168.9940233997
2022-05-24T00:00:00Z,GRTUSD,0.15418,0.16049,0.14463,0.15484,7399771.845845593
2022-05-25T00:00:00Z,GRTUSD,0.15544,0.15837,0.14876,0.15075,5033091.1527254
2022-05-26T00:00:00Z,GRTUSD,0.15135,0.15359,0.13302,0.13897,3022586.2355384403
2022-05-27T00:00:00Z,GRTUSD,0.13918,0.14426,0.13189,0.13557,1476520.0022995716
2022-05-28T00:00:00Z,GRTUSD,0.13638,0.14213,0.1317,0.13743,610209.8236558303
2022-05-29T00:00:00Z,GRTUSD,0.13761,0.14262,0.13334,0.14259,585014.0712949996
2022-05-30T00:00:00Z,GRTUSD,0.14262,0.15719,0.14127,0.1566,1797029.2172168312
2022-05-31T00:00:00Z,GRTUSD,0.15716,0.16535,0.14828,0.16208,1321396.6669382101
2022-06-01T00:00:00Z,GRTUSD,0.16364,0.16534,0.14102,0.14698,2284499.003972569
2022-06-02T00:00:00Z,GRTUSD,0.14643,0.15272,0.14046,0.15224,582565.2078441196
2022-06-03T00:00:00Z,GRTUSD,0.15186,0.15259,0.14168,0.1479,363128.0967286403
2022-06-04T00:00:00Z,GRTUSD,0.1485,0.17462,0.14487,0.1651,1860444.0399381989
2022-06-05T00:00:00Z,GRTUSD,0.16442,0.17241,0.15556,0.15556,2002356.8007873776
2022-06-06T00:00:00Z,GRTUSD,0.15621,0.16917,0.15409,0.1587,1692896.6031370175
2022-06-07T00:00:00Z,GRTUSD,0.15816,0.15931,0.14539,0.1549,1842422.024979217
2022-06-08T00:00:00Z,GRTUSD,0.15466,0.15598,0.14742,0.14892,594955.9323058004
2022-06-09T00:00:00Z,GRTUSD,0.14913,0.15192,0.14304,0.14798,456468.46603710006
2022-06-10T00:00:00Z,GRTUSD,0.14829,0.14937,0.13555,0.13729,867486.92399018
2022-06-11T00:00:00Z,GRTUSD,0.13594,0.1411,0.11973,0.12282,913443.9121704712
2022-06-12T00:00:00Z,GRTUSD,0.12333,0.12411,0.11058,0.112,1793671.6788114102
2022-06-13T00:00:00Z,GRTUSD,0.11143,0.11363,0.095,0.10642,2892880.72690163
2022-06-14T00:00:00Z,GRTUSD,0.10591,0.16294,0.0974,0.10436,2782459.3595466753
2022-06-15T00:00:00Z,GRTUSD,0.10379,0.11205,0.09008,0.11205,2371994.455847081
2022-06-16T00:00:00Z,GRTUSD,0.11227,0.11592,0.09476,0.09659,2019457.3521818093
2022-06-17T00:00:00Z,GRTUSD,0.09724,0.10175,0.09585,0.09835,6047456.356914717
2022-06-18T00:00:00Z,GRTUSD,0.09947,0.10027,0.089,0.0991,2410645.5112674492
2022-06-19T00:00:00Z,GRTUSD,0.09947,0.10383,0.0925,0.10306,1373122.5358361197
2022-06-20T00:00:00Z,GRTUSD,0.1032,0.1083,0.0968,0.10376,961892.6926741507
2022-06-21T00:00:00Z,GRTUSD,0.10337,0.11838,0.10188,0.10904,1742186.1178227419
2022-06-22T00:00:00Z,GRTUSD,0.10865,0.11048,0.10368,0.10455,806440.3312505406
2022-06-23T00:00:00Z,GRTUSD,0.10455,0.11462,0.10455,0.11204,494353.4155015903
2022-06-24T00:00:00Z,GRTUSD,0.11163,0.1192,0.11014,0.11544,1399026.8764923995
2022-06-25T00:00:00Z,GRTUSD,0.11545,0.12017,0.11052,0.11616,1159414.1526159502
2022-06-26T00:00:00Z,GRTUSD,0.11687,0.12359,0.10766,0.10804,1077960.4392558099
2022-06-27T00:00:00Z,GRTUSD,0.10856,0.11388,0.10689,0.10827,522634.45819852
2022-06-28T00:00:00Z,GRTUSD,0.10921,0.10925,0.09846,0.09947,946900.06119657
2022-06-29T00:00:00Z,GRTUSD,0.10028,0.10198,0.09337,0.0943,739842.2392214497
2022-06-30T00:00:00Z,GRTUSD,0.09473,0.09575,0.08921,0.0953,926999.34553087
2022-07-01T00:00:00Z,GRTUSD,0.09548,0.0989,0.09016,0.09314,1215945.664884581
2022-07-02T00:00:00Z,GRTUSD,0.09254,0.09579,0.09044,0.0939,246614.73166283
2022-07-03T00:00:00Z,GRTUSD,0.09424,0.0948,0.09103,0.09414,3195560.398122392
2022-07-04T00:00:00Z,GRTUSD,0.09453,0.09858,0.09164,0.09823,589414.0182733102
2022-07-05T00:00:00Z,GRTUSD,0.09901,0.10107,0.09223,0.09618,1367903.8927247096
2022-07-06T00:00:00Z,GRTUSD,0.09773,0.09901,0.09593,0.09866,217964.38747325016
2022-07-07T00:00:00Z,GRTUSD,0.09876,0.10368,0.09876,0.10275,1033880.2875103495
2022-07-08T00:00:00Z,GRTUSD,0.10239,0.10443,0.09729,0.09969,1203328.22662898
2022-07-09T00:00:00Z,GRTUSD,0.09962,0.11006,0.0996,0.10604,934448.2044445208
2022-07-10T00:00:00Z,GRTUSD,0.10565,0.10577,0.09883,0.10011,170550.83957638007
2022-07-11T00:00:00Z,GRTUSD,0.09966,0.09966,0.0914,0.09176,780885.9082459199
2022-07-12T00:00:00Z,GRTUSD,0.091,0.09416,0.08707,0.08707,2163011.741674841
2022-07-13T00:00:00Z,GRTUSD,0.08651,0.0936,0.085,0.0936,3123448.438776812
2022-07-14T00:00:00Z,GRTUSD,0.09404,0.09676,0.09044,0.09646,210203.84585241007
2022-07-15T00:00:00Z,GRTUSD,0.09542,0.10016,0.09525,0.09893,533128.35397974
2022-07-16T00:00:00Z,GRTUSD,0.09933,0.10335,0.09682,0.10038,324294.58087916987
2022-07-17T00:00:00Z,GRTUSD,0.10115,0.10276,0.09749,0.09832,1852239.6220635911
2022-07-18T00:00:00Z,GRTUSD,0.09843,0.11399,0.09842,0.11096,2229444.14483878
2022-07-19T00:00:00Z,GRTUSD,0.10935,0.11681,0.10641,0.11357,3638289.172703748
2022-07-20T00:00:00Z,GRTUSD,0.11454,0.11949,0.10419,0.10485,1545312.6239707777
2022-07-21T00:00:00Z,GRTUSD,0.105,0.10815,0.10153,0.10776,567066.1789408498
2022-07-22T00:00:00Z,GRTUSD,0.10728,0.1165,0.10368,0.1038,1821293.0354796695
2022-07-23T00:00:00Z,GRTUSD,0.10331,0.10834,0.1011,0.1065,930442.9974070995
2022-07-24T00:00:00Z,GRTUSD,0.10669,0.10815,0.10485,0.10557,394728.96518318
2022-07-25T00:00:00Z,GRTUSD,0.10446,0.10446,0.09578,0.09594,737504.9054519208
2022-07-26T00:00:00Z,GRTUSD,0.09562,0.0978,0.09344,0.0974,1295973.3772641497
2022-07-27T00:00:00Z,GRTUSD,0.09752,0.11121,0.09494,0.11121,1582276.9809708202
2022-07-28T00:00:00Z,GRTUSD,0.11139,0.11737,0.10579,0.11448,1642012.3790700191
2022-07-29T00:00:00Z,GRTUSD,0.11499,0.14029,0.11413,0.12713,3295813.336574676
2022-07-30T00:00:00Z,GRTUSD,0.12754,0.14586,0.12627,0.13213,3105581.2340461244
2022-07-31T00:00:00Z,GRTUSD,0.13198,0.14031,0.12713,0.12864,1190313.9797507396
2022-08-01T00:00:00Z,GRTUSD,0.12769,0.13237,0.12198,0.12327,1102867.4506119404
2022-08-02T00:00:00Z,GRTUSD,0.12369,0.12463,0.11447,0.11708,2452222.5265835607
2022-08-03T00:00:00Z,GRTUSD,0.11685,0.1243,0.11469,0.11805,895189.7010880603
2022-08-04T00:00:00Z,GRTUSD,0.11792,0.12591,0.11784,0.12056,1439527.1288516005
2022-08-05T00:00:00Z,GRTUSD,0.12012,0.13009,0.12012,0.13009,1983722.8488575693
2022-08-06T00:00:00Z,GRTUSD,0.13135,0.13364,0.12739,0.12789,656721.2108047302
2022-08-07T00:00:00Z,GRTUSD,0.12729,0.13089,0.1254,0.12813,1069001.0665938794
2022-08-08T00:00:00Z,GRTUSD,0.12836,0.15706,0.12828,0.14849,4424574.533970925
2022-08-09T00:00:00Z,GRTUSD,0.14838,0.1527,0.13577,0.14128,2586741.34813871
2022-08-10T00:00:00Z,GRTUSD,0.14053,0.14702,0.13583,0.14665,1390268.494736281
2022-08-11T00:00:00Z,GRTUSD,0.1466,0.15,0.14102,0.14242,2531258.0046632504
2022-08-12T00:00:00Z,GRTUSD,0.14253,0.14749,0.13794,0.14749,1050563.2573861403
2022-08-13T00:00:00Z,GRTUSD,0.14724,0.15055,0.14181,0.14315,1469156.9085893908
2022-08-14T00:00:00Z,GRTUSD,0.14313,0.14967,0.13778,0.13964,1427086.7627282697
2022-08-15T00:00:00Z,GRTUSD,0.13879,0.14456,0.13212,0.1342,3415517.6393387397
2022-08-16T00:00:00Z,GRTUSD,0.13448,0.13549,0.12902,0.13016,1871140.12180512
2022-08-17T00:00:00Z,GRTUSD,0.13021,0.13425,0.12091,0.12246,1059843.1121465906
2022-08-18T00:00:00Z,GRTUSD,0.12381,0.12549,0.11357,0.11502,2491168.3028438077
2022-08-19T00:00:00Z,GRTUSD,0.1152,0.1152,0.10332,0.10536,2019846.8934182322
2022-08-20T00:00:00Z,GRTUSD,0.10636,0.11116,0.09972,0.10271,2407674.338576079
2022-08-21T00:00:00Z,GRTUSD,0.10364,0.11056,0.10249,0.10861,647937.3263185496
2022-08-22T00:00:00Z,GRTUSD,0.1081,0.11119,0.10088,0.11102,1110609.7718581106
2022-08-23T00:00:00Z,GRTUSD,0.11153,0.11398,0.10715,0.11355,417598.55056248023
2022-08-24T00:00:00Z,GRTUSD,0.11373,0.11864,0.11044,0.11489,790429.9673686302
2022-08-25T00:00:00Z,GRTUSD,0.11476,0.12019,0.1134,0.11608,878609.8170888256
2022-08-26T00:00:00Z,GRTUSD,0.11607,0.11624,0.10137,0.10255,1243162.8423592201
2022-08-27T00:00:00Z,GRTUSD,0.1026,0.10432,0.10046,0.10355,207000.27562693003
2022-08-28T00:00:00Z,GRTUSD,0.10305,0.1046,0.09865,0.09884,623470.1612879898
2022-08-29T00:00:00Z,GRTUSD,0.09899,0.10648,0.098,0.10648,1485151.2504959994
2022-08-30T00:00:00Z,GRTUSD,0.10637,0.10795,0.10043,0.10288,585258.1454731302
2022-08-31T00:00:00Z,GRTUSD,0.10289,0.10716,0.10184,0.10267,215339.69017976997
2022-09-01T00:00:00Z,GRTUSD,0.10263,0.10492,0.10075,0.10492,289474.83894539997
2022-09-02T00:00:00Z,GRTUSD,0.105,0.10673,0.10179,0.10309,401081.12273812003
2022-09-03T00:00:00Z,GRTUSD,0.10274,0.10345,0.10104,0.10184,196041.14549583002
2022-09-04T00:00:00Z,GRTUSD,0.1017,0.10457,0.10116,0.10443,906384.2667576803
2022-09-05T00:00:00Z,GRTUSD,0.10457,0.10519,0.10084,0.10386,346988.17434984987
2022-09-06T00:00:00Z,GRTUSD,0.10425,0.10876,0.09738,0.09772,1170000.1734997495
2022-09-07T00:00:00Z,GRTUSD,0.09768,0.10545,0.09595,0.10427,1014900.8787455304
2022-09-08T00:00:00Z,GRTUSD,0.10474,0.1052,0.10124,0.10431,588006.6116928903
2022-09-09T00:00:00Z,GRTUSD,0.10442,0.11365,0.10415,0.11288,957640.21051704
2022-09-10T00:00:00Z,GRTUSD,0.11299,0.11845,0.11191,0.11752,969636.8569062798
2022-09-11T00:00:00Z,GRTUSD,0.11723,0.12087,0.11419,0.11691,1227319.65159322
2022-09-12T00:00:00Z,GRTUSD,0.11598,0.13353,0.1148,0.12851,2235760.509267591
2022-09-13T00:00:00Z,GRTUSD,0.12859,0.12859,0.108,0.10854,2964708.2681017895
2022-09-14T00:00:00Z,GRTUSD,0.1081,0.11333,0.10748,0.11276,577574.04193209
2022-09-15T00:00:00Z,GRTUSD,0.11271,0.1156,0.10641,0.10846,721768.8484837798
2022-09-16T00:00:00Z,GRTUSD,0.1089,0.11025,0.10384,0.10573,389478.3844075499
2022-09-17T00:00:00Z,GRTUSD,0.10595,0.10904,0.10595,0.10881,97541.60186969003
2022-09-18T00:00:00Z,GRTUSD,0.10886,0.10941,0.09618,0.10005,842023.3661129798
2022-09-19T00:00:00Z,GRTUSD,0.10003,0.10349,0.09683,0.10157,1613701.7045173203
2022-09-20T00:00:00Z,GRTUSD,0.10196,0.10196,0.09595,0.09706,974435.1090964803
2022-09-21T00:00:00Z,GRTUSD,0.09684,0.10171,0.09093,0.09327,816166.3546061099
2022-09-22T00:00:00Z,GRTUSD,0.09356,0.10137,0.09334,0.1003,999455.3032170607
2022-09-23T00:00:00Z,GRTUSD,0.10045,0.10364,0.09774,0.10273,218554.15597162998
2022-09-24T00:00:00Z,GRTUSD,0.10305,0.10399,0.10094,0.10104,1075210.0299273697
2022-09-25T00:00:00Z,GRTUSD,0.10068,0.10862,0.09998,0.10132,4278712.057640938
2022-09-26T00:00:00Z,GRTUSD,0.10134,0.10274,0.09879,0.10231,647541.6937232198
2022-09-27T00:00:00Z,GRTUSD,0.1027,0.10563,0.09823,0.09951,545443.4916824702
2022-09-28T00:00:00Z,GRTUSD,0.09933,0.10011,0.09554,0.09863,574413.0056484401
2022-09-29T00:00:00Z,GRTUSD,0.09914,0.0995,0.09703,0.09917,204153.56943172004
2022-09-30T00:00:00Z,GRTUSD,0.09917,0.10105,0.09722,0.09879,973248.4245011101
2022-10-01T00:00:00Z,GRTUSD,0.09865,0.09942,0.09679,0.09762,289035.9787859199
2022-10-02T00:00:00Z,GRTUSD,0.09763,0.09818,0.09434,0.09451,372078.79391364
2022-10-03T00:00:00Z,GRTUSD,0.09436,0.09805,0.09338,0.09796,331739.1191802799
2022-10-04T00:00:00Z,GRTUSD,0.09787,0.10169,0.09767,0.10107,303416.82693879004
2022-10-05T00:00:00Z,GRTUSD,0.1011,0.10127,0.09713,0.10017,139588.5539862701
2022-10-06T00:00:00Z,GRTUSD,0.10018,0.10379,0.09897,0.09937,737512.7300876405
2022-10-07T00:00:00Z,GRTUSD,0.09956,0.09976,0.09567,0.09788,128977.80819919003
2022-10-08T00:00:00Z,GRTUSD,0.09803,0.09858,0.09595,0.09637,81900.39224346
2022-10-09T00:00:00Z,GRTUSD,0.09637,0.09685,0.09591,0.09638,40320.14683485999
2022-10-10T00:00:00Z,GRTUSD,0.09633,0.0972,0.09116,0.09161,883111.6289009099
2022-10-11T00:00:00Z,GRTUSD,0.09116,0.09116,0.08801,0.08861,903182.2870250702
2022-10-12T00:00:00Z,GRTUSD,0.0887,0.08956,0.08733,0.08765,258893.73960957996
2022-10-13T00:00:00Z,GRTUSD,0.08765,0.0888,0.07972,0.08803,3384387.913141731
2022-10-14T00:00:00Z,GRTUSD,0.08787,0.09067,0.08451,0.08552,835207.1364538299
2022-10-15T00:00:00Z,GRTUSD,0.08566,0.08739,0.08366,0.08459,645622.5503162505
2022-10-16T00:00:00Z,GRTUSD,0.08493,0.08687,0.08473,0.08593,290992.57166797
2022-10-17T00:00:00Z,GRTUSD,0.08598,0.08777,0.08452,0.08677,531873.1399277801
2022-10-18T00:00:00Z,GRTUSD,0.0869,0.08739,0.08196,0.08322,1062650.8689837495
2022-10-19T00:00:00Z,GRTUSD,0.08342,0.08342,0.07801,0.07923,689659.71732842
2022-10-20T00:00:00Z,GRTUSD,0.07885,0.08123,0.07779,0.07804,395078.77509601
2022-10-21T00:00:00Z,GRTUSD,0.07773,0.07954,0.0749,0.07872,1934117.3026557202
2022-10-22T00:00:00Z,GRTUSD,0.07894,0.07896,0.07761,0.0783,377486.58889107005
2022-10-23T00:00:00Z,GRTUSD,0.07847,0.08025,0.07678,0.08024,332713.78976767993
2022-10-24T00:00:00Z,GRTUSD,0.0803,0.08079,0.07801,0.07974,594739.9970775001
2022-10-25T00:00:00Z,GRTUSD,0.07979,0.08426,0.07887,0.0812,932673.2128281298
2022-10-26T00:00:00Z,GRTUSD,0.08152,0.08348,0.0809,0.08256,792425.5357036896
2022-10-27T00:00:00Z,GRTUSD,0.08239,0.08551,0.07972,0.08053,580836.7282206401
2022-10-28T00:00:00Z,GRTUSD,0.08003,0.08306,0.07867,0.08255,861006.7321502296
2022-10-29T00:00:00Z,GRTUSD,0.08225,0.08641,0.08225,0.08417,1298922.2605723604
2022-10-30T00:00:00Z,GRTUSD,0.08426,0.0876,0.08233,0.08374,887160.9099311802
2022-10-31T00:00:00Z,GRTUSD,0.08392,0.0863,0.08163,0.08437,815418.9692960792
2022-11-01T00:00:00Z,GRTUSD,0.08461,0.08753,0.08213,0.08225,656223.1834859798
2022-11-02T00:00:00Z,GRTUSD,0.08231,0.08439,0.07907,0.08147,661436.4664238697
2022-11-03T00:00:00Z,GRTUSD,0.08147,0.09701,0.08134,0.08702,2361045.828622059
2022-11-04T00:00:00Z,GRTUSD,0.08702,0.09831,0.08557,0.09489,6446402.577090724
2022-11-05T00:00:00Z,GRTUSD,0.09505,0.10446,0.09495,0.09839,7048252.916687475
2022-11-06T00:00:00Z,GRTUSD,0.09857,0.09966,0.08967,0.09035,851066.6312142402
2022-11-07T00:00:00Z,GRTUSD,0.09042,0.09265,0.08639,0.09073,1772976.5278960406
2022-11-08T00:00:00Z,GRTUSD,0.09046,0.09194,0.0671,0.07577,6321786.952342129
2022-11-09T00:00:00Z,GRTUSD,0.07569,0.07691,0.0563,0.0583,5675232.061950912
2022-11-10T00:00:00Z,GRTUSD,0.05801,0.07189,0.05735,0.06953,4302842.401244678
2022-11-11T00:00:00Z,GRTUSD,0.06952,0.07044,0.06298,0.06606,3090829.4684845423
2022-11-12T00:00:00Z,GRTUSD,0.06584,0.06584,0.06015,0.06202,859767.6923141497
2022-11-13T00:00:00Z,GRTUSD,0.06182,0.06443,0.06022,0.06186,857485.2738361906
2022-11-14T00:00:00Z,GRTUSD,0.06164,0.06394,0.058,0.06377,3993207.3333123764
2022-11-15T00:00:00Z,GRTUSD,0.06385,0.06667,0.06305,0.06421,1554508.2387867803
2022-11-16T00:00:00Z,GRTUSD,0.06423,0.06521,0.06069,0.06184,466163.1719298698
2022-11-17T00:00:00Z,GRTUSD,0.06205,0.06215,0.05978,0.06047,272486.67543932
2022-11-18T00:00:00Z,GRTUSD,0.0605,0.06183,0.05973,0.0605,768511.8092488098
2022-11-19T00:00:00Z,GRTUSD,0.06044,0.06056,0.05831,0.06,1202016.8886145996
2022-11-20T00:00:00Z,GRTUSD,0.05992,0.06064,0.05669,0.0569,442503.94171970995
2022-11-21T00:00:00Z,GRTUSD,0.05684,0.05725,0.05217,0.05376,1428222.7843178608
2022-11-22T00:00:00Z,GRTUSD,0.05385,0.05533,0.0517,0.05504,2464466.6407121792
2022-11-23T00:00:00Z,GRTUSD,0.05508,0.07318,0.05452,0.06197,7499844.364110462
2022-11-24T00:00:00Z,GRTUSD,0.06249,0.06328,0.05946,0.06249,1200534.9064084007
2022-11-25T00:00:00Z,GRTUSD,0.06161,0.06469,0.05982,0.0624,2412535.8037762195
2022-11-26T00:00:00Z,GRTUSD,0.06246,0.06569,0.06197,0.06298,957092.7985988
2022-11-27T00:00:00Z,GRTUSD,0.06298,0.06653,0.06279,0.06279,1214781.1474316712
2022-11-28T00:00:00Z,GRTUSD,0.06329,0.06329,0.059,0.06224,1213325.1608486401
2022-11-29T00:00:00Z,GRTUSD,0.06216,0.0639,0.06139,0.06262,2132966.8279625
2022-11-30T00:00:00Z,GRTUSD,0.06265,0.06507,0.0613,0.06474,2898857.45130416
2022-12-01T00:00:00Z,GRTUSD,0.06479,0.0652,0.06307,0.06433,2081268.687038364
2022-12-02T00:00:00Z,GRTUSD,0.06433,0.0653,0.06279,0.06492,2461148.0028269403
2022-12-03T00:00:00Z,GRTUSD,0.0652,0.06624,0.0627,0.06293,1952756.4190470697
2022-12-04T00:00:00Z,GRTUSD,0.06294,0.0656,0.06292,0.06408,3087086.32991388
2022-12-05T00:00:00Z,GRTUSD,0.06393,0.06566,0.0632,0.06412,1417617.030378692
2022-12-06T00:00:00Z,GRTUSD,0.06414,0.06488,0.06313,0.06424,897444.2193284802
2022-12-07T00:00:00Z,GRTUSD,0.06428,0.06441,0.06084,0.06169,1206106.5084105902
2022-12-08T00:00:00Z,GRTUSD,0.06174,0.06384,0.0613,0.06362,767920.17184807
2022-12-09T00:00:00Z,GRTUSD,0.06366,0.07082,0.0631,0.06538,1842642.2602361506
2022-12-10T00:00:00Z,GRTUSD,0.06538,0.07528,0.06528,0.07208,7099411.532467329
2022-12-11T00:00:00Z,GRTUSD,0.07179,0.07179,0.06869,0.06946,813789.5465500604
2022-12-12T00:00:00Z,GRTUSD,0.0696,0.07006,0.06584,0.06806,895238.8183423597
2022-12-13T00:00:00Z,GRTUSD,0.06834,0.06912,0.06539,0.06701,902792.0738361004
2022-12-14T00:00:00Z,GRTUSD,0.06735,0.06834,0.06413,0.06572,1699864.7842160887
2022-12-15T00:00:00Z,GRTUSD,0.06579,0.06691,0.0633,0.06371,791539.9305839703
2022-12-16T00:00:00Z,GRTUSD,0.06394,0.06468,0.05495,0.05623,1482692.9441565003
2022-12-17T00:00:00Z,GRTUSD,0.05625,0.05799,0.05505,0.05765,1203860.0494357294
2022-12-18T00:00:00Z,GRTUSD,0.05801,0.05812,0.0571,0.05777,126468.52971712
2022-12-19T00:00:00Z,GRTUSD,0.05762,0.05876,0.05394,0.05501,620918.2460254402
2022-12-20T00:00:00Z,GRTUSD,0.05501,0.0578,0.05501,0.05765,605264.9774260902
2022-12-21T00:00:00Z,GRTUSD,0.05747,0.05796,0.0563,0.05737,471192.63932634
2022-12-22T00:00:00Z,GRTUSD,0.05742,0.05876,0.05677,0.05846,562439.0503892101
2022-12-23T00:00:00Z,GRTUSD,0.05847,0.05876,0.05794,0.0584,527230.47351459
2022-12-24T00:00:00Z,GRTUSD,0.0584,0.0584,0.05745,0.05781,374920.78166506
2022-12-25T00:00:00Z,GRTUSD,0.05763,0.05799,0.05554,0.05783,1240110.3197152298
2022-12-26T00:00:00Z,GRTUSD,0.05769,0.06088,0.05754,0.06018,1575225.4635581798
2022-12-27T00:00:00Z,GRTUSD,0.05989,0.06056,0.05824,0.05946,1119711.2699681686
2022-12-28T00:00:00Z,GRTUSD,0.05946,0.05973,0.05565,0.05586,1238460.2375579907
2022-12-29T00:00:00Z,GRTUSD,0.05618,0.05689,0.05394,0.05526,1186006.1578387707
2022-12-30T00:00:00Z,GRTUSD,0.0551,0.05561,0.0539,0.05518,1554092.6226326805
2022-12-31T00:00:00Z,GRTUSD,0.05518,0.05616,0.0549,0.05514,607182.6577877798
2023-01-01T00:00:00Z,GRTUSD,0.05538,0.05654,0.05514,0.05654,214236.02525459998
2023-01-02T00:00:00Z,GRTUSD,0.0566,0.05974,0.05559,0.05952,970621.5392868097
2023-01-03T00:00:00Z,GRTUSD,0.0592,0.06096,0.05868,0.06007,382101.95713364007
2023-01-04T00:00:00Z,GRTUSD,0.06013,0.06204,0.05988,0.06106,671846.3007715695
2023-01-05T00:00:00Z,GRTUSD,0.06126,0.06208,0.0598,0.0607,348417.32392195
2023-01-06T00:00:00Z,GRTUSD,0.06102,0.06252,0.05815,0.06194,1326005.1898914
2023-01-07T00:00:00Z,GRTUSD,0.06182,0.06433,0.06128,0.06408,489026.4277015099
2023-01-08T00:00:00Z,GRTUSD,0.06403,0.07144,0.06189,0.07015,6856867.941974698
2023-01-09T00:00:00Z,GRTUSD,0.06991,0.07376,0.0687,0.07067,3054160.102581949
2023-01-10T00:00:00Z,GRTUSD,0.07123,0.07453,0.06825,0.07281,2413755.9088184577
2023-01-11T00:00:00Z,GRTUSD,0.07243,0.07338,0.06825,0.07223,1790838.2308747915
2023-01-12T00:00:00Z,GRTUSD,0.07241,0.07457,0.06859,0.0734,3117421.3782336893
2023-01-13T00:00:00Z,GRTUSD,0.0733,0.07747,0.07137,0.07668,4114603.7839104803
2023-01-14T00:00:00Z,GRTUSD,0.07692,0.08343,0.07254,0.08224,7939673.809555261
2023-01-15T00:00:00Z,GRTUSD,0.08206,0.08901,0.07766,0.08511,4926030.291197438
2023-01-16T00:00:00Z,GRTUSD,0.08522,0.08818,0.07888,0.08137,4197729.838003991
2023-01-17T00:00:00Z,GRTUSD,0.08124,0.08548,0.07994,0.08123,2765890.457573537
2023-01-18T00:00:00Z,GRTUSD,0.08127,0.08201,0.07339,0.07459,4862298.367676404
2023-01-19T00:00:00Z,GRTUSD,0.07486,0.08017,0.0738,0.07811,14523079.516691294
2023-01-20T00:00:00Z,GRTUSD,0.07779,0.08453,0.07705,0.084,2753957.145444729
2023-01-21T00:00:00Z,GRTUSD,0.08416,0.08617,0.08233,0.08242,3144818.6292694304
2023-01-22T00:00:00Z,GRTUSD,0.08265,0.08756,0.08062,0.08327,4962347.105510722
2023-01-23T00:00:00Z,GRTUSD,0.08341,0.09297,0.08341,0.09001,5236757.496901265
2023-01-24T00:00:00Z,GRTUSD,0.08922,0.0967,0.08672,0.08939,5805654.778620763
2023-01-25T00:00:00Z,GRTUSD,0.0898,0.09593,0.08462,0.0917,5430401.711904501
2023-01-26T00:00:00Z,GRTUSD,0.09234,0.09342,0.0884,0.09225,1573640.3219392505
2023-01-27T00:00:00Z,GRTUSD,0.09239,0.09679,0.08909,0.09552,4417665.772668033
2023-01-28T00:00:00Z,GRTUSD,0.09605,0.09772,0.09177,0.09243,1658574.5805685502
2023-01-29T00:00:00Z,GRTUSD,0.09291,0.09684,0.09143,0.09637,2849432.8680186523
2023-01-30T00:00:00Z,GRTUSD,0.09609,0.09649,0.08527,0.08686,8087597.994653796
2023-01-31T00:00:00Z,GRTUSD,0.08712,0.09027,0.087,0.08876,1542707.39679468
2023-02-01T00:00:00Z,GRTUSD,0.08881,0.094,0.08331,0.09299,5050958.644658144
2023-02-02T00:00:00Z,GRTUSD,0.09323,0.1017,0.09295,0.0947,12251285.50345816
2023-02-03T00:00:00Z,GRTUSD,0.09515,0.10191,0.0934,0.09896,6068003.778400035
2023-02-04T00:00:00Z,GRTUSD,0.09895,0.11601,0.09757,0.11368,8058337.2593002785
2023-02-05T00:00:00Z,GRTUSD,0.11397,0.133,0.11029,0.1325,15696075.13656869
2023-02-06T00:00:00Z,GRTUSD,0.13203,0.13826,0.12602,0.12929,8250073.724308329
2023-02-07T00:00:00Z,GRTUSD,0.12867,0.23185,0.12826,0.2072,43539380.98756701
2023-02-08T00:00:00Z,GRTUSD,0.20826,0.2108,0.1705,0.17522,17790805.38515307
2023-02-09T00:00:00Z,GRTUSD,0.17534,0.18662,0.14029,0.1476,20478957.46065194
2023-02-10T00:00:00Z,GRTUSD,0.14745,0.17519,0.1438,0.16595,21452752.505218465
2023-02-11T00:00:00Z,GRTUSD,0.16581,0.16764,0.15567,0.16167,5171575.109222635
2023-02-12T00:00:00Z,GRTUSD,0.16151,0.16921,0.15154,0.15446,6403552.765570111
2023-02-13T00:00:00Z,GRTUSD,0.15453,0.15616,0.1397,0.14767,9559938.272108795
2023-02-14T00:00:00Z,GRTUSD,0.14693,0.17499,0.14556,0.16944,31828428.81346494
2023-02-15T00:00:00Z,GRTUSD,0.16845,0.18666,0.16524,0.18485,14872317.620119054
2023-02-16T00:00:00Z,GRTUSD,0.18515,0.18676,0.16257,0.16412,15390611.798782928
2023-02-17T00:00:00Z,GRTUSD,0.16345,0.17356,0.16345,0.16837,8232270.3795888685
2023-02-18T00:00:00Z,GRTUSD,0.1678,0.18202,0.16644,0.17689,5885540.647618683
2023-02-19T00:00:00Z,GRTUSD,0.17731,0.18458,0.1673,0.16845,8627958.622154359
2023-02-20T00:00:00Z,GRTUSD,0.1695,0.17467,0.1631,0.17129,5741001.012905922
2023-02-21T00:00:00Z,GRTUSD,0.17158,0.18072,0.1635,0.16731,7115174.3561834525
2023-02-22T00:00:00Z,GRTUSD,0.16751,0.16801,0.15387,0.1636,8558832.665255273
2023-02-23T00:00:00Z,GRTUSD,0.16354,0.17274,0.15871,0.1609,5928809.054505431
2023-02-24T00:00:00Z,GRTUSD,0.1609,0.16563,0.15069,0.15467,5548900.394259126
2023-02-25T00:00:00Z,GRTUSD,0.15482,0.1555,0.1416,0.14906,4877623.976776202
2023-02-26T00:00:00Z,GRTUSD,0.14951,0.16334,0.14895,0.16106,6018528.005569901
2023-02-27T00:00:00Z,GRTUSD,0.16038,0.16333,0.15341,0.15715,2671877.831090123
2023-02-28T00:00:00Z,GRTUSD,0.15797,0.16782,0.15211,0.15211,3345167.9929195093
2023-03-01T00:00:00Z,GRTUSD,0.15273,0.16272,0.15162,0.16023,2059906.045445052
2023-03-02T00:00:00Z,GRTUSD,0.16007,0.16061,0.15066,0.15458,3995699.298083921
2023-03-03T00:00:00Z,GRTUSD,0.15403,0.1542,0.13497,0.147,5463754.5862101875
2023-03-04T00:00:00Z,GRTUSD,0.147,0.14838,0.13508,0.1415,3464472.3791872826
2023-03-05T00:00:00Z,GRTUSD,0.1418,0.14666,0.13954,0.14002,1933656.93648431
2023-03-06T00:00:00Z,GRTUSD,0.13981,0.1436,0.13647,0.14259,2277758.7879296676
2023-03-07T00:00:00Z,GRTUSD,0.1428,0.14555,0.1328,0.13716,2827181.8079583733
2023-03-08T00:00:00Z,GRTUSD,0.1377,0.13934,0.12166,0.125,3370945.854835328
2023-03-09T00:00:00Z,GRTUSD,0.12484,0.12833,0.11241,0.11722,5648139.457264749
2023-03-10T00:00:00Z,GRTUSD,0.11696,0.11785,0.10523,0.11669,10362879.210209794
2023-03-11T00:00:00Z,GRTUSD,0.1168,0.12292,0.10935,0.11477,5172459.9437726615
2023-03-12T00:00:00Z,GRTUSD,0.11424,0.13269,0.11214,0.13221,3952193.479925539
2023-03-13T00:00:00Z,GRTUSD,0.13221,0.148,0.1291,0.14548,10011927.88295607
2023-03-14T00:00:00Z,GRTUSD,0.1457,0.16349,0.1397,0.15267,9796903.517566336
2023-03-15T00:00:00Z,GRTUSD,0.15316,0.15813,0.13171,0.14062,8206511.778515998
2023-03-16T00:00:00Z,GRTUSD,0.14128,0.15987,0.13906,0.15106,7276369.760344262
2023-03-17T00:00:00Z,GRTUSD,0.15114,0.16374,0.14764,0.16374,7070657.186410358
2023-03-18T00:00:00Z,GRTUSD,0.16301,0.1755,0.15091,0.15495,9266958.92988892
2023-03-19T00:00:00Z,GRTUSD,0.15518,0.16828,0.15316,0.1542,4926377.056738177
2023-03-20T00:00:00Z,GRTUSD,0.15458,0.16036,0.14557,0.14893,7252547.577885307
2023-03-21T00:00:00Z,GRTUSD,0.14972,0.15543,0.1416,0.15238,6470585.468131506
2023-03-22T00:00:00Z,GRTUSD,0.15162,0.15379,0.13799,0.14362,5267700.432580982
2023-03-23T00:00:00Z,GRTUSD,0.14371,0.15784,0.14157,0.15244,5377839.108687317
2023-03-24T00:00:00Z,GRTUSD,0.15253,0.15253,0.13865,0.1432,2433808.45373159
2023-03-25T00:00:00Z,GRTUSD,0.14262,0.14332,0.13599,0.13787,4099572.016274024
2023-03-26T00:00:00Z,GRTUSD,0.13804,0.14245,0.13804,0.14157,1580235.48351072
2023-03-27T00:00:00Z,GRTUSD,0.1416,0.1416,0.12881,0.13405,4034913.6491890866
2023-03-28T00:00:00Z,GRTUSD,0.1342,0.1413,0.12923,0.14044,1796587.4370362991
2023-03-29T00:00:00Z,GRTUSD,0.14025,0.14954,0.13981,0.14692,4515067.0935436515
2023-03-30T00:00:00Z,GRTUSD,0.14614,0.15087,0.13987,0.14466,3012742.194969514
2023-03-31T00:00:00Z,GRTUSD,0.14506,0.147,0.13993,0.1457,1938119.0938417295
2023-04-01T00:00:00Z,GRTUSD,0.14537,0.14792,0.14146,0.14314,540199.1670454
2023-04-02T00:00:00Z,GRTUSD,0.14299,0.14306,0.13647,0.13876,462605.35766744014
2023-04-03T00:00:00Z,GRTUSD,0.13874,0.1428,0.13363,0.13941,2126678.5725017213
2023-04-04T00:00:00Z,GRTUSD,0.13982,0.14361,0.13875,0.14301,1699775.3968819703
2023-04-05T00:00:00Z,GRTUSD,0.14295,0.15699,0.14295,0.14769,5278798.763465574
2023-04-06T00:00:00Z,GRTUSD,0.14733,0.14779,0.14324,0.1457,1579955.714917261
2023-04-07T00:00:00Z,GRTUSD,0.14579,0.1461,0.14059,0.14275,969255.5575025406
2023-04-08T00:00:00Z,GRTUSD,0.14296,0.14563,0.14076,0.14175,333674.6648152101
2023-04-09T00:00:00Z,GRTUSD,0.14204,0.14465,0.139,0.14384,739493.7605924204
2023-04-10T00:00:00Z,GRTUSD,0.14416,0.15383,0.1419,0.15283,1488617.1011322308
2023-04-11T00:00:00Z,GRTUSD,0.15368,0.15505,0.14744,0.14796,1642877.1457437093
2023-04-12T00:00:00Z,GRTUSD,0.14784,0.1499,0.14206,0.14763,1615929.5366990005
2023-04-13T00:00:00Z,GRTUSD,0.14793,0.15196,0.14539,0.15063,1140210.3550102403
2023-04-14T00:00:00Z,GRTUSD,0.15022,0.16533,0.15022,0.16199,4799661.123625061
2023-04-15T00:00:00Z,GRTUSD,0.16172,0.17254,0.15918,0.1675,5688975.668225967
2023-04-16T00:00:00Z,GRTUSD,0.16693,0.17012,0.16299,0.16653,1641963.7555428708
2023-04-17T00:00:00Z,GRTUSD,0.16624,0.17379,0.16158,0.17244,10055067.744661288
2023-04-18T00:00:00Z,GRTUSD,0.17244,0.17506,0.16557,0.1697,2424456.733023391
2023-04-19T00:00:00Z,GRTUSD,0.17001,0.1711,0.14901,0.15214,5850794.098938474
2023-04-20T00:00:00Z,GRTUSD,0.15211,0.15734,0.14379,0.14703,8085450.558442673
2023-04-21T00:00:00Z,GRTUSD,0.14689,0.14937,0.13421,0.13678,2411944.2832757165
2023-04-22T00:00:00Z,GRTUSD,0.13651,0.1417,0.1354,0.14159,1051536.84438438
2023-04-23T00:00:00Z,GRTUSD,0.14105,0.14105,0.13402,0.13839,1202914.8149263198
2023-04-24T00:00:00Z,GRTUSD,0.13755,0.14043,0.13434,0.13556,1681699.4204680503
2023-04-25T00:00:00Z,GRTUSD,0.13557,0.14179,0.13029,0.14133,1515936.6362740002
2023-04-26T00:00:00Z,GRTUSD,0.1412,0.14844,0.13154,0.1389,3218653.8998773196
2023-04-27T00:00:00Z,GRTUSD,0.13898,0.14365,0.13608,0.14044,934575.7019996698
2023-04-28T00:00:00Z,GRTUSD,0.14046,0.14134,0.13469,0.13682,13052080.787846334
2023-04-29T00:00:00Z,GRTUSD,0.13659,0.14081,0.13647,0.13872,1005886.0683843101
2023-04-30T00:00:00Z,GRTUSD,0.13833,0.14002,0.135,0.13576,528868.4107056402
2023-05-01T00:00:00Z,GRTUSD,0.13597,0.13636,0.12923,0.13093,1592878.4960903996
2023-05-02T00:00:00Z,GRTUSD,0.13078,0.13378,0.12843,0.13279,1118001.7012726704
2023-05-03T00:00:00Z,GRTUSD,0.13279,0.13804,0.12819,0.13647,5457152.745286541
2023-05-04T00:00:00Z,GRTUSD,0.13614,0.13614,0.13136,0.13228,1561494.2059067397
2023-05-05T00:00:00Z,GRTUSD,0.13237,0.13509,0.12705,0.13446,3079601.775893656
2023-05-06T00:00:00Z,GRTUSD,0.13383,0.13535,0.12349,0.12692,3316195.134747413
2023-05-07T00:00:00Z,GRTUSD,0.1266,0.12854,0.12575,0.12589,582691.9578077898
2023-05-08T00:00:00Z,GRTUSD,0.12578,0.12661,0.111,0.11707,3753584.0971453506
2023-05-09T00:00:00Z,GRTUSD,0.11724,0.11807,0.11287,0.11494,1410126.2002724288
2023-05-10T00:00:00Z,GRTUSD,0.11487,0.12031,0.11109,0.11983,3007400.3699806817
2023-05-11T00:00:00Z,GRTUSD,0.11796,0.11796,0.11027,0.11137,2304110.932533988
2023-05-12T00:00:00Z,GRTUSD,0.11127,0.11646,0.10822,0.11646,1009895.1126367397
2023-05-13T00:00:00Z,GRTUSD,0.11579,0.11766,0.115,0.11666,494466.6513972898
2023-05-14T00:00:00Z,GRTUSD,0.11604,0.1184,0.11455,0.11693,698452.5015471798
2023-05-15T00:00:00Z,GRTUSD,0.11703,0.13169,0.11524,0.12564,3118505.766395964
2023-05-16T00:00:00Z,GRTUSD,0.12558,0.12558,0.12058,0.12337,3665480.216218577
2023-05-17T00:00:00Z,GRTUSD,0.12317,0.12602,0.11912,0.12419,1631225.2243445788
2023-05-18T00:00:00Z,GRTUSD,0.12416,0.12481,0.11801,0.12089,1389830.8575063304
2023-05-19T00:00:00Z,GRTUSD,0.12081,0.12703,0.11949,0.12373,1311052.30398977
2023-05-20T00:00:00Z,GRTUSD,0.12362,0.12362,0.1203,0.12103,313923.8666716999
2023-05-21T00:00:00Z,GRTUSD,0.12084,0.12151,0.11666,0.11793,811921.9579710598
2023-05-22T00:00:00Z,GRTUSD,0.11792,0.12021,0.11594,0.1186,427102.26233471
2023-05-23T00:00:00Z,GRTUSD,0.1181,0.12267,0.11792,0.12176,712193.5393931804
2023-05-24T00:00:00Z,GRTUSD,0.1216,0.1216,0.11249,0.11638,1276909.3308163697
2023-05-25T00:00:00Z,GRTUSD,0.11618,0.11745,0.11326,0.11589,706800.21564137
2023-05-26T00:00:00Z,GRTUSD,0.1159,0.11716,0.11455,0.11575,1450264.3308096097
2023-05-27T00:00:00Z,GRTUSD,0.11543,0.11983,0.1154,0.11897,478044.0404718201
2023-05-28T00:00:00Z,GRTUSD,0.11881,0.1272,0.11793,0.12414,2061811.51042995
2023-05-29T00:00:00Z,GRTUSD,0.12389,0.12947,0.12285,0.12636,3153461.111685392
2023-05-30T00:00:00Z,GRTUSD,0.12576,0.13253,0.125,0.1319,2533324.1269417987
2023-05-31T00:00:00Z,GRTUSD,0.13193,0.1369,0.12822,0.13301,12165131.230974535
2023-06-01T00:00:00Z,GRTUSD,0.13311,0.15,0.12682,0.12815,12225048.481526228
2023-06-02T00:00:00Z,GRTUSD,0.1282,0.13295,0.12377,0.12991,1604381.70750533
2023-06-03T00:00:00Z,GRTUSD,0.1299,0.13057,0.12751,0.12852,846951.9734041801
2023-06-04T00:00:00Z,GRTUSD,0.12848,0.12916,0.12508,0.12557,3310450.8943322483
2023-06-05T00:00:00Z,GRTUSD,0.12533,0.12533,0.11,0.11478,5399185.666675104
2023-06-06T00:00:00Z,GRTUSD,0.1146,0.12061,0.1128,0.11911,2703761.8691460933
2023-06-07T00:00:00Z,GRTUSD,0.11855,0.11857,0.11203,0.11294,2599920.142844869
2023-06-08T00:00:00Z,GRTUSD,0.11227,0.11468,0.11042,0.11346,2008370.7916229407
2023-06-09T00:00:00Z,GRTUSD,0.11335,0.1135,0.10881,0.1111,1436425.91400356
2023-06-10T00:00:00Z,GRTUSD,0.11078,0.11078,0.08855,0.10291,11424790.955161802
2023-06-11T00:00:00Z,GRTUSD,0.10249,0.10304,0.09838,0.09943,1857154.6433489989
2023-06-12T00:00:00Z,GRTUSD,0.09933,0.10053,0.0958,0.0991,2273151.038353579
2023-06-13T00:00:00Z,GRTUSD,0.09948,0.10187,0.09685,0.09829,2941176.027997101
2023-06-14T00:00:00Z,GRTUSD,0.09837,0.1021,0.09351,0.09713,1909525.7360811299
2023-06-15T00:00:00Z,GRTUSD,0.09693,0.09947,0.09399,0.09732,2337472.062544009
2023-06-16T00:00:00Z,GRTUSD,0.09722,0.1,0.09498,0.0986,1589159.6895109804
2023-06-17T00:00:00Z,GRTUSD,0.0984,0.10275,0.09774,0.10205,986654.8438235696
2023-06-18T00:00:00Z,GRTUSD,0.102,0.10345,0.09827,0.0996,2053392.9111945305
2023-06-19T00:00:00Z,GRTUSD,0.09879,0.10092,0.0983,0.10024,1613726.4509338813
2023-06-20T00:00:00Z,GRTUSD,0.10022,0.10415,0.09677,0.10415,2913687.7619408094
2023-06-21T00:00:00Z,GRTUSD,0.10391,0.1099,0.10391,0.10887,4013269.271836227
2023-06-22T00:00:00Z,GRTUSD,0.10881,0.114,0.09462,0.10755,7128684.800145608
2023-06-23T00:00:00Z,GRTUSD,0.10744,0.11454,0.10719,0.11204,2308319.0468764827
2023-06-24T00:00:00Z,GRTUSD,0.1123,0.11316,0.10667,0.10991,848087.8076293402
2023-06-25T00:00:00Z,GRTUSD,0.11033,0.11589,0.11033,0.11389,1735418.7429539599
2023-06-26T00:00:00Z,GRTUSD,0.11297,0.11297,0.10632,0.10787,2092913.5256807806
2023-06-27T00:00:00Z,GRTUSD,0.10787,0.11079,0.1078,0.10886,480924.11188711965
2023-06-28T00:00:00Z,GRTUSD,0.10902,0.10902,0.1,0.1023,1334603.8301113301
2023-06-29T00:00:00Z,GRTUSD,0.10196,0.10425,0.10107,0.1025,1243155.477395109
2023-06-30T00:00:00Z,GRTUSD,0.10222,0.10769,0.09714,0.1054,2453456.965299109
2023-07-01T00:00:00Z,GRTUSD,0.10557,0.10684,0.10186,0.10531,1381314.4661320394
2023-07-02T00:00:00Z,GRTUSD,0.1056,0.12124,0.10483,0.11819,6715318.811591702
2023-07-03T00:00:00Z,GRTUSD,0.11893,0.14353,0.11812,0.13504,7942723.701898516
2023-07-04T00:00:00Z,GRTUSD,0.13515,0.13526,0.126,0.12751,2529310.1670350055
2023-07-05T00:00:00Z,GRTUSD,0.12749,0.1278,0.11666,0.11956,3536202.985847862
2023-07-06T00:00:00Z,GRTUSD,0.12021,0.12527,0.115,0.1162,6474749.451769369
2023-07-07T00:00:00Z,GRTUSD,0.11542,0.12271,0.1137,0.11588,4264076.083618551
2023-07-08T00:00:00Z,GRTUSD,0.11591,0.1198,0.11483,0.11684,2135490.139101101
2023-07-09T00:00:00Z,GRTUSD,0.1166,0.11779,0.11341,0.11559,1484872.4623276112
2023-07-10T00:00:00Z,GRTUSD,0.11565,0.11741,0.10998,0.11419,3143786.409048247
2023-07-11T00:00:00Z,GRTUSD,0.11451,0.11581,0.11293,0.11427,1195659.0807696707
2023-07-12T00:00:00Z,GRTUSD,0.11454,0.11774,0.11396,0.11648,4970397.483905917
2023-07-13T00:00:00Z,GRTUSD,0.11703,0.12369,0.11455,0.12307,5004943.177362213
2023-07-14T00:00:00Z,GRTUSD,0.12328,0.1285,0.11542,0.11983,11936693.610170987
2023-07-15T00:00:00Z,GRTUSD,0.11971,0.1225,0.11792,0.12124,1080922.26695524
2023-07-16T00:00:00Z,GRTUSD,0.12132,0.12306,0.11753,0.11839,1197800.6544623496
2023-07-17T00:00:00Z,GRTUSD,0.11827,0.12281,0.11648,0.12027,2164973.6797386287
2023-07-18T00:00:00Z,GRTUSD,0.12051,0.1214,0.114,0.11549,2500966.92553843
2023-07-19T00:00:00Z,GRTUSD,0.1158,0.11766,0.11536,0.11553,833629.0111846002
2023-07-20T00:00:00Z,GRTUSD,0.11583,0.12044,0.11524,0.11703,3343260.174183367
2023-07-21T00:00:00Z,GRTUSD,0.11706,0.1196,0.11627,0.11745,1641751.9250592908
2023-07-22T00:00:00Z,GRTUSD,0.11752,0.11834,0.11436,0.11534,993249.289232381
2023-07-23T00:00:00Z,GRTUSD,0.11538,0.11859,0.1148,0.11776,1209099.5000478602
2023-07-24T00:00:00Z,GRTUSD,0.11779,0.12212,0.11093,0.11201,6622491.565636807
2023-07-25T00:00:00Z,GRTUSD,0.11199,0.11199,0.1096,0.11031,381180.6400260102
2023-07-26T00:00:00Z,GRTUSD,0.11064,0.11281,0.10766,0.1114,1177868.6658742505
2023-07-27T00:00:00Z,GRTUSD,0.11116,0.11494,0.11029,0.11171,1980907.8673372888
2023-07-28T00:00:00Z,GRTUSD,0.11142,0.11241,0.10979,0.11209,702529.1015181297
2023-07-29T00:00:00Z,GRTUSD,0.11205,0.11402,0.11121,0.11239,335444.5171127099
2023-07-30T00:00:00Z,GRTUSD,0.11225,0.11276,0.10713,0.11009,983028.3157580205
2023-07-31T00:00:00Z,GRTUSD,0.11003,0.11121,0.10928,0.11033,2268635.9540042398
2023-08-01T00:00:00Z,GRTUSD,0.11,0.11153,0.10663,0.11153,1152920.807379499
2023-08-02T00:00:00Z,GRTUSD,0.11186,0.11278,0.1083,0.10936,2063237.1483859106
2023-08-03T00:00:00Z,GRTUSD,0.10996,0.10997,0.10633,0.10653,528178.8548697098
2023-08-04T00:00:00Z,GRTUSD,0.10664,0.10827,0.10356,0.10492,915704.0274470694
2023-08-05T00:00:00Z,GRTUSD,0.1043,0.10489,0.10307,0.10461,181314.97825363977
2023-08-06T00:00:00Z,GRTUSD,0.10489,0.1065,0.10415,0.10415,509199.43322991027
2023-08-07T00:00:00Z,GRTUSD,0.10471,0.10603,0.10121,0.10536,649814.2487069304
2023-08-08T00:00:00Z,GRTUSD,0.10538,0.10974,0.10509,0.10797,536818.3744998403
2023-08-09T00:00:00Z,GRTUSD,0.10822,0.10969,0.10724,0.10835,785428.1833469896
2023-08-10T00:00:00Z,GRTUSD,0.1085,0.10863,0.10667,0.10675,667069.1704343798
2023-08-11T00:00:00Z,GRTUSD,0.1067,0.10727,0.10531,0.10559,564070.2882838902
2023-08-12T00:00:00Z,GRTUSD,0.10542,0.1061,0.1054,0.10599,316024.34718324995
2023-08-13T00:00:00Z,GRTUSD,0.10567,0.10826,0.10567,0.10646,154226.09931189002
2023-08-14T00:00:00Z,GRTUSD,0.10624,0.11051,0.10624,0.1089,1351296.2221909603
2023-08-15T00:00:00Z,GRTUSD,0.10891,0.10891,0.09707,0.10301,2725710.0817756103
2023-08-16T00:00:00Z,GRTUSD,0.10297,0.10407,0.09618,0.09863,2360040.9013217865
2023-08-17T00:00:00Z,GRTUSD,0.09868,0.09964,0.08131,0.08836,2754799.604030391
2023-08-18T00:00:00Z,GRTUSD,0.08821,0.09144,0.08806,0.09036,1398320.85667257
2023-08-19T00:00:00Z,GRTUSD,0.09037,0.09459,0.09008,0.09368,503464.7158631702
2023-08-20T00:00:00Z,GRTUSD,0.0938,0.09549,0.09315,0.0941,601824.3759862799
2023-08-21T00:00:00Z,GRTUSD,0.09397,0.09424,0.08958,0.09237,739843.5913487505
2023-08-22T00:00:00Z,GRTUSD,0.09206,0.09237,0.0872,0.09075,776193.8550664401
2023-08-23T00:00:00Z,GRTUSD,0.09068,0.09347,0.08919,0.09264,1383076.4686682115
2023-08-24T00:00:00Z,GRTUSD,0.09265,0.09393,0.09053,0.09177,683248.8183631899
2023-08-25T00:00:00Z,GRTUSD,0.09129,0.09129,0.08826,0.08915,514384.6352921
2023-08-26T00:00:00Z,GRTUSD,0.08926,0.09,0.08886,0.08914,461294.15209024
2023-08-27T00:00:00Z,GRTUSD,0.08908,0.08958,0.0884,0.08906,315918.3527295201
2023-08-28T00:00:00Z,GRTUSD,0.08877,0.09069,0.08683,0.09043,388583.87244993966
2023-08-29T00:00:00Z,GRTUSD,0.09068,0.09444,0.08787,0.09346,1663628.0475268697
2023-08-30T00:00:00Z,GRTUSD,0.09361,0.09381,0.09114,0.0933,254718.2146282399
2023-08-31T00:00:00Z,GRTUSD,0.09332,0.095,0.08775,0.08859,1326264.2488477898
2023-09-01T00:00:00Z,GRTUSD,0.08854,0.08908,0.0849,0.08568,1873653.6255513683
2023-09-02T00:00:00Z,GRTUSD,0.0857,0.08676,0.08513,0.0865,175634.07119793002
2023-09-03T00:00:00Z,GRTUSD,0.08667,0.08794,0.08594,0.087,1619999.840223169
2023-09-04T00:00:00Z,GRTUSD,0.08737,0.08926,0.08548,0.0869,229027.06051487997
2023-09-05T00:00:00Z,GRTUSD,0.08673,0.08839,0.08592,0.08724,1062411.3748054996
2023-09-06T00:00:00Z,GRTUSD,0.08711,0.08845,0.08541,0.08741,474348.9679351202
2023-09-07T00:00:00Z,GRTUSD,0.08718,0.08795,0.08588,0.08765,499500.9672470299
2023-09-08T00:00:00Z,GRTUSD,0.08771,0.08814,0.08557,0.08666,407722.31643093
2023-09-09T00:00:00Z,GRTUSD,0.0867,0.0876,0.08666,0.08715,61848.41114585001
2023-09-10T00:00:00Z,GRTUSD,0.08688,0.08689,0.08253,0.08327,482215.9277381695
2023-09-11T00:00:00Z,GRTUSD,0.08346,0.08354,0.07667,0.07846,1829480.671631501
2023-09-12T00:00:00Z,GRTUSD,0.07849,0.08219,0.07802,0.0795,2243154.363721418
2023-09-13T00:00:00Z,GRTUSD,0.07938,0.08283,0.07885,0.08241,1701835.3489629994
2023-09-14T00:00:00Z,GRTUSD,0.0826,0.084,0.08194,0.08341,1343111.0578822498
2023-09-15T00:00:00Z,GRTUSD,0.08342,0.08919,0.0832,0.08855,4929445.18773362
2023-09-16T00:00:00Z,GRTUSD,0.08855,0.08925,0.08541,0.0872,15299595.631052945
2023-09-17T00:00:00Z,GRTUSD,0.08719,0.08746,0.08268,0.08422,1540203.4475329106
2023-09-18T00:00:00Z,GRTUSD,0.08421,0.08852,0.08314,0.08668,1378484.225395582
2023-09-19T00:00:00Z,GRTUSD,0.08693,0.09144,0.08609,0.09059,1836244.3402311099
2023-09-20T00:00:00Z,GRTUSD,0.09051,0.09221,0.08843,0.09151,1344598.3597349685
2023-09-21T00:00:00Z,GRTUSD,0.09157,0.09534,0.08712,0.08763,1213494.0396442781
2023-09-22T00:00:00Z,GRTUSD,0.08748,0.08803,0.08664,0.08767,1026190.7005293
2023-09-23T00:00:00Z,GRTUSD,0.08798,0.08979,0.0872,0.08893,581749.0577962495
2023-09-24T00:00:00Z,GRTUSD,0.08859,0.08859,0.08568,0.08602,426296.72619178967
2023-09-25T00:00:00Z,GRTUSD,0.08593,0.08861,0.08529,0.08787,579868.7305439401
2023-09-26T00:00:00Z,GRTUSD,0.08803,0.08851,0.08594,0.08652,231469.52168493994
2023-09-27T00:00:00Z,GRTUSD,0.08682,0.08802,0.08477,0.08554,1040156.6067313103
2023-09-28T00:00:00Z,GRTUSD,0.08548,0.08756,0.0853,0.08691,1610817.83337188
2023-09-29T00:00:00Z,GRTUSD,0.08691,0.08889,0.0864,0.087,862841.6603489401
2023-09-30T00:00:00Z,GRTUSD,0.08703,0.08994,0.08656,0.08963,3653530.8068937697
2023-10-01T00:00:00Z,GRTUSD,0.08962,0.09379,0.08899,0.09326,10610239.02206665
2023-10-02T00:00:00Z,GRTUSD,0.09342,0.09347,0.08746,0.08883,6288388.832213077
2023-10-03T00:00:00Z,GRTUSD,0.08861,0.08992,0.08773,0.08819,3256810.7054707794
2023-10-04T00:00:00Z,GRTUSD,0.08804,0.08804,0.08488,0.08679,1526764.905177709
2023-10-05T00:00:00Z,GRTUSD,0.08658,0.08672,0.0841,0.08447,1437301.9107704705
2023-10-06T00:00:00Z,GRTUSD,0.08454,0.08659,0.08437,0.08569,1178489.05071059
2023-10-07T00:00:00Z,GRTUSD,0.08584,0.08637,0.08498,0.08576,649935.3389563096
2023-10-08T00:00:00Z,GRTUSD,0.08558,0.08624,0.0843,0.08517,1484835.259935019
2023-10-09T00:00:00Z,GRTUSD,0.08502,0.08505,0.07954,0.08127,2487738.9999357304
2023-10-10T00:00:00Z,GRTUSD,0.08107,0.082,0.0803,0.08164,1184978.62002404
2023-10-11T00:00:00Z,GRTUSD,0.08162,0.08196,0.07843,0.0801,1479022.0872624605
2023-10-12T00:00:00Z,GRTUSD,0.08,0.08045,0.07844,0.07945,1115853.5518126297
2023-10-13T00:00:00Z,GRTUSD,0.07957,0.08125,0.07948,0.08067,905127.0460685104
2023-10-14T00:00:00Z,GRTUSD,0.08105,0.08172,0.08091,0.08108,545651.5309805899
2023-10-15T00:00:00Z,GRTUSD,0.0813,0.08306,0.08074,0.082,424492.16324847
2023-10-16T00:00:00Z,GRTUSD,0.08211,0.08503,0.08175,0.08285,1837841.9536391394
2023-10-17T00:00:00Z,GRTUSD,0.08264,0.08264,0.07923,0.08033,618601.6451334101
2023-10-18T00:00:00Z,GRTUSD,0.08014,0.08037,0.07875,0.07972,965256.2051866602
2023-10-19T00:00:00Z,GRTUSD,0.07972,0.07972,0.07653,0.07763,1409909.0678487394
2023-10-20T00:00:00Z,GRTUSD,0.07774,0.0813,0.07753,0.08107,1809713.186885949
2023-10-21T00:00:00Z,GRTUSD,0.08102,0.08369,0.08078,0.08291,2125925.79730557
2023-10-22T00:00:00Z,GRTUSD,0.08292,0.08515,0.0807,0.08515,10202900.244216923
2023-10-23T00:00:00Z,GRTUSD,0.08515,0.09172,0.08455,0.09108,22541130.084625147
2023-10-24T00:00:00Z,GRTUSD,0.09124,0.09642,0.08891,0.09119,13362865.823065698
2023-10-25T00:00:00Z,GRTUSD,0.09148,0.1047,0.08904,0.10153,17488457.89493257
2023-10-26T00:00:00Z,GRTUSD,0.10139,0.10373,0.09547,0.09929,11478206.996507673
2023-10-27T00:00:00Z,GRTUSD,0.0993,0.10105,0.09687,0.0978,5595881.775509214
2023-10-28T00:00:00Z,GRTUSD,0.09747,0.10554,0.0945,0.10116,4998795.8614139855
2023-10-29T00:00:00Z,GRTUSD,0.10147,0.10728,0.09901,0.10616,3939237.13040385
2023-10-30T00:00:00Z,GRTUSD,0.10632,0.11086,0.10539,0.10952,7312354.411141249
2023-10-31T00:00:00Z,GRTUSD,0.10973,0.11046,0.09774,0.10439,10485253.163680509
2023-11-01T00:00:00Z,GRTUSD,0.10428,0.11507,0.1035,0.11413,11199732.813751426
2023-11-02T00:00:00Z,GRTUSD,0.11433,0.1181,0.10639,0.10843,6714698.817152184
2023-11-03T00:00:00Z,GRTUSD,0.10809,0.11751,0.1027,0.11456,6908509.672427107
2023-11-04T00:00:00Z,GRTUSD,0.11455,0.12023,0.1139,0.11917,6523050.65859296
2023-11-05T00:00:00Z,GRTUSD,0.11957,0.1336,0.11957,0.12684,5296649.818055712
2023-11-06T00:00:00Z,GRTUSD,0.12768,0.15758,0.12768,0.15758,10529352.289108023
2023-11-07T00:00:00Z,GRTUSD,0.15776,0.16378,0.13251,0.13724,13264458.460571207
2023-11-08T00:00:00Z,GRTUSD,0.137,0.13704,0.12942,0.13382,11105626.146132912
2023-11-09T00:00:00Z,GRTUSD,0.13389,0.13961,0.12,0.13606,20658029.331818145
2023-11-10T00:00:00Z,GRTUSD,0.13552,0.13807,0.12846,0.13598,11316400.745230485
2023-11-11T00:00:00Z,GRTUSD,0.13548,0.14309,0.12976,0.1361,11649823.754161134
2023-11-12T00:00:00Z,GRTUSD,0.13624,0.13919,0.12942,0.1346,7278663.927797318
2023-11-13T00:00:00Z,GRTUSD,0.13506,0.13825,0.12359,0.12406,10281664.939324642
2023-11-14T00:00:00Z,GRTUSD,0.12417,0.128,0.11672,0.12518,14222794.66117881
2023-11-15T00:00:00Z,GRTUSD,0.12505,0.135,0.12498,0.1335,11289609.599356486
2023-11-16T00:00:00Z,GRTUSD,0.13316,0.14003,0.12571,0.12834,14617179.028122533
2023-11-17T00:00:00Z,GRTUSD,0.1288,0.13225,0.12068,0.12622,3445609.0311424728
2023-11-18T00:00:00Z,GRTUSD,0.12636,0.12777,0.1195,0.12729,1963571.78385759
2023-11-19T00:00:00Z,GRTUSD,0.1266,0.13741,0.12406,0.13681,3792270.846572471
2023-11-20T00:00:00Z,GRTUSD,0.13702,0.14548,0.13454,0.13884,11337332.910042759
2023-11-21T00:00:00Z,GRTUSD,0.13882,0.14439,0.1255,0.1255,13252272.070407677
2023-11-22T00:00:00Z,GRTUSD,0.1255,0.14537,0.1255,0.14506,8334037.956186199
2023-11-23T00:00:00Z,GRTUSD,0.14459,0.14662,0.1373,0.13869,9910390.897936795
2023-11-24T00:00:00Z,GRTUSD,0.13846,0.15489,0.13729,0.15419,6701305.277302392
2023-11-25T00:00:00Z,GRTUSD,0.15431,0.16163,0.15025,0.15205,4442396.970254425
2023-11-26T00:00:00Z,GRTUSD,0.15208,0.15317,0.14385,0.14972,4814136.068378541
2023-11-27T00:00:00Z,GRTUSD,0.14965,0.15577,0.14395,0.14842,4130504.599944369
2023-11-28T00:00:00Z,GRTUSD,0.14837,0.15132,0.14025,0.1469,2842983.2079868494
2023-11-29T00:00:00Z,GRTUSD,0.14693,0.15192,0.14238,0.14343,4154778.916825797
2023-11-30T00:00:00Z,GRTUSD,0.14339,0.14406,0.14041,0.14306,1987949.7028786384
2023-12-01T00:00:00Z,GRTUSD,0.14228,0.15066,0.14228,0.1501,2598226.9899402806
2023-12-02T00:00:00Z,GRTUSD,0.1498,0.15334,0.14708,0.15186,2912537.1457234994
2023-12-03T00:00:00Z,GRTUSD,0.15212,0.15324,0.14752,0.14939,1725468.315744351
2023-12-04T00:00:00Z,GRTUSD,0.14939,0.15475,0.1425,0.15055,5155997.422119071
2023-12-05T00:00:00Z,GRTUSD,0.1507,0.1587,0.14887,0.15791,6318325.506264717
2023-12-06T00:00:00Z,GRTUSD,0.1587,0.16937,0.15343,0.1632,5828246.445146756
2023-12-07T00:00:00Z,GRTUSD,0.16336,0.1658,0.15458,0.16466,4440348.146773809
2023-12-08T00:00:00Z,GRTUSD,0.16508,0.17688,0.1645,0.1743,5298573.759919172
2023-12-09T00:00:00Z,GRTUSD,0.17447,0.17725,0.16763,0.1693,3558239.131134711
2023-12-10T00:00:00Z,GRTUSD,0.16886,0.17874,0.16646,0.17126,2280614.305100508
2023-12-11T00:00:00Z,GRTUSD,0.17174,0.1747,0.14551,0.15861,7743466.934201534
2023-12-12T00:00:00Z,GRTUSD,0.15865,0.16597,0.15378,0.15991,4594123.954036462
2023-12-13T00:00:00Z,GRTUSD,0.15995,0.16548,0.1503,0.16428,3416753.1507836473
2023-12-14T00:00:00Z,GRTUSD,0.16458,0.17648,0.16194,0.1752,3568774.618403539
2023-12-15T00:00:00Z,GRTUSD,0.1753,0.17548,0.16324,0.16342,2702179.05681434
2023-12-16T00:00:00Z,GRTUSD,0.16353,0.16737,0.16089,0.16172,2009812.4920659685
2023-12-17T00:00:00Z,GRTUSD,0.16248,0.16423,0.1575,0.15867,1717253.4684822317
2023-12-18T00:00:00Z,GRTUSD,0.15845,0.16009,0.14445,0.15967,2614190.4893890414
2023-12-19T00:00:00Z,GRTUSD,0.16004,0.1642,0.15442,0.1559,3524495.2317135897
2023-12-20T00:00:00Z,GRTUSD,0.15619,0.16971,0.15398,0.1609,5159127.881423841
2023-12-21T00:00:00Z,GRTUSD,0.16054,0.16557,0.15765,0.165,5251311.856191373
2023-12-22T00:00:00Z,GRTUSD,0.16518,0.195,0.16317,0.19029,10534845.369228257
2023-12-23T00:00:00Z,GRTUSD,0.19017,0.19333,0.1767,0.18258,7478620.092711178
2023-12-24T00:00:00Z,GRTUSD,0.18257,0.19892,0.17654,0.18576,4785303.344241658
2023-12-25T00:00:00Z,GRTUSD,0.18645,0.19755,0.18045,0.1967,3397204.200670691
2023-12-26T00:00:00Z,GRTUSD,0.19665,0.20406,0.17925,0.2,8297563.6088489145
2023-12-27T00:00:00Z,GRTUSD,0.19928,0.20186,0.18514,0.19208,3648120.9025250957
2023-12-28T00:00:00Z,GRTUSD,0.19181,0.20153,0.1871,0.18888,4613606.804758893
2023-12-29T00:00:00Z,GRTUSD,0.18901,0.19215,0.17763,0.18153,1953488.2989806605
2023-12-30T00:00:00Z,GRTUSD,0.18146,0.18179,0.17393,0.17798,1187254.8271387103
2023-12-31T00:00:00Z,GRTUSD,0.17867,0.18993,0.17647,0.18441,2280671.0706327
2024-01-01T00:00:00Z,GRTUSD,0.18428,0.22056,0.18426,0.21738,7320175.559633932
2024-01-02T00:00:00Z,GRTUSD,0.21651,0.225,0.20593,0.20759,4405068.989246656
2024-01-03T00:00:00Z,GRTUSD,0.2079,0.21522,0.14872,0.18966,10984535.38399041
2024-01-04T00:00:00Z,GRTUSD,0.18922,0.20062,0.18169,0.19869,5731818.464169799
2024-01-05T00:00:00Z,GRTUSD,0.19919,0.19951,0.17669,0.18487,5368320.780529937
2024-01-06T00:00:00Z,GRTUSD,0.18483,0.18483,0.16601,0.17199,2018745.8266019714
2024-01-07T00:00:00Z,GRTUSD,0.17186,0.17586,0.161,0.16318,1907777.04992234
2024-01-08T00:00:00Z,GRTUSD,0.1634,0.17205,0.1486,0.17194,4663608.436662602
2024-01-09T00:00:00Z,GRTUSD,0.17149,0.17211,0.15336,0.15994,4310684.076713744
2024-01-10T00:00:00Z,GRTUSD,0.16033,0.18253,0.15565,0.17727,5835728.866805441
2024-01-11T00:00:00Z,GRTUSD,0.17818,0.1908,0.17521,0.18715,5185235.44838754
2024-01-12T00:00:00Z,GRTUSD,0.18712,0.19622,0.16972,0.17534,6072194.7258379795
2024-01-13T00:00:00Z,GRTUSD,0.17479,0.17601,0.16869,0.17104,1787031.3293471807
2024-01-14T00:00:00Z,GRTUSD,0.171,0.17201,0.16108,0.16151,1779786.2558849803
2024-01-15T00:00:00Z,GRTUSD,0.16152,0.16664,0.16075,0.16265,6199758.245103817
2024-01-16T00:00:00Z,GRTUSD,0.16273,0.17007,0.16273,0.16941,4140217.169974371
2024-01-17T00:00:00Z,GRTUSD,0.16956,0.17192,0.16408,0.16738,2396253.466421922
2024-01-18T00:00:00Z,GRTUSD,0.16764,0.16835,0.15126,0.1546,1985747.2920652004
2024-01-19T00:00:00Z,GRTUSD,0.15454,0.15622,0.14585,0.1535,5546256.818027546
2024-01-20T00:00:00Z,GRTUSD,0.15243,0.16209,0.15147,0.16083,1451943.2800743498
2024-01-21T00:00:00Z,GRTUSD,0.16033,0.1646,0.15825,0.15955,1264837.6667236397
2024-01-22T00:00:00Z,GRTUSD,0.16108,0.1623,0.14734,0.14859,2183008.8171772994
2024-01-23T00:00:00Z,GRTUSD,0.14872,0.15154,0.13829,0.14752,2516718.7445511813
2024-01-24T00:00:00Z,GRTUSD,0.14723,0.15395,0.14538,0.1531,1186865.5748741492
2024-01-25T00:00:00Z,GRTUSD,0.15308,0.15308,0.14613,0.14946,3432466.498948248
2024-01-26T00:00:00Z,GRTUSD,0.14925,0.15763,0.14798,0.1563,1009622.8862287095
2024-01-27T00:00:00Z,GRTUSD,0.156,0.16238,0.156,0.15987,987779.6445455191
2024-01-28T00:00:00Z,GRTUSD,0.15987,0.1627,0.15541,0.15697,1031273.8626591099
2024-01-29T00:00:00Z,GRTUSD,0.157,0.16341,0.15536,0.1625,5465981.538412619
2024-01-30T00:00:00Z,GRTUSD,0.16229,0.16413,0.15762,0.15859,4804368.476786328
2024-01-31T00:00:00Z,GRTUSD,0.15848,0.15885,0.15263,0.15491,2064138.87962222
2024-02-01T00:00:00Z,GRTUSD,0.15502,0.15609,0.15125,0.1542,1259955.8308093303
2024-02-02T00:00:00Z,GRTUSD,0.15429,0.15716,0.15343,0.15598,1063836.09513932
2024-02-03T00:00:00Z,GRTUSD,0.15581,0.15985,0.15572,0.15624,2075235.5632517186
2024-02-04T00:00:00Z,GRTUSD,0.1563,0.15727,0.15217,0.15233,332083.92747108
2024-02-05T00:00:00Z,GRTUSD,0.15206,0.15508,0.14987,0.15219,1330228.4501261206
2024-02-06T00:00:00Z,GRTUSD,0.15237,0.16131,0.15165,0.15908,1553874.8229830486
2024-02-07T00:00:00Z,GRTUSD,0.15916,0.16204,0.15521,0.16064,2033972.1565780388
2024-02-08T00:00:00Z,GRTUSD,0.16101,0.16484,0.1603,0.16454,1980452.3978867307
2024-02-09T00:00:00Z,GRTUSD,0.16474,0.16897,0.16404,0.16735,1164914.4326109828
2024-02-10T00:00:00Z,GRTUSD,0.16735,0.17271,0.16671,0.17029,1162359.64219142
2024-02-11T00:00:00Z,GRTUSD,0.17093,0.17199,0.16613,0.16734,1550540.0450438422
2024-02-12T00:00:00Z,GRTUSD,0.16734,0.17672,0.16318,0.17491,2037850.6542504996
2024-02-13T00:00:00Z,GRTUSD,0.17512,0.17582,0.16858,0.17228,3053785.8128636293
2024-02-14T00:00:00Z,GRTUSD,0.17206,0.18123,0.17012,0.18018,2300213.6629468403
2024-02-15T00:00:00Z,GRTUSD,0.18028,0.18714,0.17964,0.18434,3637786.4307846026
2024-02-16T00:00:00Z,GRTUSD,0.18458,0.19955,0.18152,0.19389,6110449.461048539
2024-02-17T00:00:00Z,GRTUSD,0.19365,0.21677,0.18358,0.21607,4164044.1126003535
2024-02-18T00:00:00Z,GRTUSD,0.21596,0.25176,0.21013,0.23803,9442534.594233342
2024-02-19T00:00:00Z,GRTUSD,0.2393,0.27482,0.2393,0.24557,13418869.999044035
2024-02-20T00:00:00Z,GRTUSD,0.24519,0.25441,0.23051,0.25017,5406754.87499969
2024-02-21T00:00:00Z,GRTUSD,0.24997,0.28338,0.22963,0.28196,5403629.265158019
2024-02-22T00:00:00Z,GRTUSD,0.28193,0.29385,0.2651,0.27041,7516040.180484325
2024-02-23T00:00:00Z,GRTUSD,0.27099,0.29793,0.26274,0.265,4682038.220583012
2024-02-24T00:00:00Z,GRTUSD,0.2652,0.297,0.25359,0.27067,12523083.778555365
2024-02-25T00:00:00Z,GRTUSD,0.27076,0.30236,0.26972,0.28915,6820890.419378052
2024-02-26T00:00:00Z,GRTUSD,0.28909,0.3108,0.28424,0.29387,6430147.345802205
2024-02-27T00:00:00Z,GRTUSD,0.29425,0.29425,0.27755,0.27962,5315082.969913605
2024-02-28T00:00:00Z,GRTUSD,0.28015,0.30803,0.25641,0.28741,9270313.918869628
2024-02-29T00:00:00Z,GRTUSD,0.28726,0.29221,0.27101,0.28088,5388981.389443381
2024-03-01T00:00:00Z,GRTUSD,0.28182,0.33191,0.28182,0.32215,10937597.5366461
2024-03-02T00:00:00Z,GRTUSD,0.32174,0.32563,0.305,0.31829,13344479.727873754
2024-03-03T00:00:00Z,GRTUSD,0.31853,0.33311,0.29282,0.32017,5130263.059469789
2024-03-04T00:00:00Z,GRTUSD,0.32058,0.32285,0.30059,0.30784,4937059.962037327
2024-03-05T00:00:00Z,GRTUSD,0.30799,0.31166,0.23292,0.27787,9293508.503482398
2024-03-06T00:00:00Z,GRTUSD,0.27815,0.32955,0.26846,0.32526,7571401.165993089
2024-03-07T00:00:00Z,GRTUSD,0.32528,0.36158,0.31464,0.34599,9655759.463855218
2024-03-08T00:00:00Z,GRTUSD,0.34759,0.35157,0.32241,0.34049,4418556.334604125
2024-03-09T00:00:00Z,GRTUSD,0.34053,0.4531,0.33812,0.453,10047576.050961033
2024-03-10T00:00:00Z,GRTUSD,0.453,0.49404,0.427,0.43735,11827952.70791678
2024-03-11T00:00:00Z,GRTUSD,0.43638,0.45855,0.4088,0.43441,5193479.943308894
2024-03-12T00:00:00Z,GRTUSD,0.43343,0.45477,0.40889,0.4459,5630100.962261056
2024-03-13T00:00:00Z,GRTUSD,0.44495,0.47004,0.43267,0.44118,3288054.792359955
2024-03-14T00:00:00Z,GRTUSD,0.44094,0.44726,0.40574,0.43753,5145995.042419068
2024-03-15T00:00:00Z,GRTUSD,0.4376,0.43859,0.37,0.4104,3643559.856947911
2024-03-16T00:00:00Z,GRTUSD,0.41296,0.42249,0.35994,0.36764,3956432.7020305246
2024-03-17T00:00:00Z,GRTUSD,0.36849,0.43515,0.35918,0.42208,4638780.164523232
2024-03-18T00:00:00Z,GRTUSD,0.42193,0.43992,0.38929,0.38999,4242410.98833585
2024-03-19T00:00:00Z,GRTUSD,0.38978,0.40508,0.35746,0.37271,5989593.744592346
2024-03-20T00:00:00Z,GRTUSD,0.37181,0.40766,0.35416,0.40463,5951959.68375053
2024-03-21T00:00:00Z,GRTUSD,0.40391,0.40391,0.37275,0.38063,3236725.412958939
2024-03-22T00:00:00Z,GRTUSD,0.38047,0.38775,0.35694,0.36608,4903537.345793268
2024-03-23T00:00:00Z,GRTUSD,0.36466,0.37944,0.35836,0.36471,2825089.02231218
2024-03-24T00:00:00Z,GRTUSD,0.3647,0.39248,0.36265,0.38794,1800562.5340112583
2024-03-25T00:00:00Z,GRTUSD,0.38861,0.41793,0.38145,0.40283,3019371.0336448387
2024-03-26T00:00:00Z,GRTUSD,0.40245,0.41744,0.39154,0.39845,2523611.450550667
2024-03-27T00:00:00Z,GRTUSD,0.39849,0.4271,0.38728,0.40043,3578351.550861386
2024-03-28T00:00:00Z,GRTUSD,0.39986,0.42563,0.39722,0.41136,2640172.6688009882
2024-03-29T00:00:00Z,GRTUSD,0.41205,0.41878,0.39019,0.3934,1261107.1501182618
2024-03-30T00:00:00Z,GRTUSD,0.393,0.39718,0.38116,0.38906,1752145.3988417797
2024-03-31T00:00:00Z,GRTUSD,0.38885,0.39489,0.38662,0.39268,2048678.6360073271
2024-04-01T00:00:00Z,GRTUSD,0.39267,0.3937,0.36017,0.37439,1708436.8065165302
2024-04-02T00:00:00Z,GRTUSD,0.37442,0.37526,0.32943,0.33328,3366092.3619656693
2024-04-03T00:00:00Z,GRTUSD,0.33383,0.34906,0.32,0.32943,2003308.7057710034
2024-04-04T00:00:00Z,GRTUSD,0.32911,0.34935,0.3235,0.33812,1603779.3788748197
2024-04-05T00:00:00Z,GRTUSD,0.33812,0.33986,0.31663,0.33135,1127644.7800626499
2024-04-06T00:00:00Z,GRTUSD,0.3313,0.34286,0.3295,0.33908,956346.230525231
2024-04-07T00:00:00Z,GRTUSD,0.33719,0.34161,0.332,0.33708,593035.2987849297
2024-04-08T00:00:00Z,GRTUSD,0.33783,0.35426,0.32971,0.35229,1881203.3304654963
2024-04-09T00:00:00Z,GRTUSD,0.35215,0.35406,0.33214,0.33288,1743183.4428278096
2024-04-10T00:00:00Z,GRTUSD,0.33233,0.33485,0.31339,0.32813,1070664.408392011
2024-04-11T00:00:00Z,GRTUSD,0.32829,0.32901,0.30587,0.31107,3292128.6002650964
2024-04-12T00:00:00Z,GRTUSD,0.30977,0.31569,0.23523,0.26906,6069301.520658374
2024-04-13T00:00:00Z,GRTUSD,0.26783,0.27436,0.1972,0.23576,6782572.485353607
2024-04-14T00:00:00Z,GRTUSD,0.23536,0.26303,0.22521,0.2591,3603042.6804228537
2024-04-15T00:00:00Z,GRTUSD,0.25836,0.28861,0.2445,0.25382,7256395.93327173
2024-04-16T00:00:00Z,GRTUSD,0.25242,0.26168,0.23986,0.25835,3402348.263052547
2024-04-17T00:00:00Z,GRTUSD,0.25803,0.26023,0.23625,0.24218,1999116.406930857
2024-04-18T00:00:00Z,GRTUSD,0.24233,0.25792,0.23455,0.25569,1202786.125419878
2024-04-19T00:00:00Z,GRTUSD,0.2555,0.2656,0.23367,0.2569,2089694.9080564468
2024-04-20T00:00:00Z,GRTUSD,0.25644,0.29974,0.25258,0.29145,2002980.2648527669
2024-04-21T00:00:00Z,GRTUSD,0.29157,0.29416,0.27716,0.28151,935906.2185103802
2024-04-22T00:00:00Z,GRTUSD,0.28164,0.30605,0.27878,0.30197,1623520.9847334712
2024-04-23T00:00:00Z,GRTUSD,0.30196,0.31189,0.29107,0.29317,2497743.6147030406
2024-04-24T00:00:00Z,GRTUSD,0.29372,0.29969,0.26669,0.26966,2177684.5046594767
2024-04-25T00:00:00Z,GRTUSD,0.26971,0.273,0.26023,0.26602,1517878.5191435616
2024-04-26T00:00:00Z,GRTUSD,0.2673,0.2706,0.25456,0.25917,1633241.5447283788
2024-04-27T00:00:00Z,GRTUSD,0.25941,0.27033,0.2494,0.26409,1595794.9230038717
2024-04-28T00:00:00Z,GRTUSD,0.26428,0.27552,0.25586,0.25708,1422985.2836553906
2024-04-29T00:00:00Z,GRTUSD,0.25767,0.26059,0.24605,0.25701,1485021.4810986198
2024-04-30T00:00:00Z,GRTUSD,0.25648,0.26,0.22904,0.23639,1933750.6102686895
2024-05-01T00:00:00Z,GRTUSD,0.2357,0.24746,0.22064,0.2444,3186366.0210295185
2024-05-02T00:00:00Z,GRTUSD,0.24279,0.25482,0.23387,0.25118,1718566.6364862197
2024-05-03T00:00:00Z,GRTUSD,0.25135,0.28388,0.24761,0.27534,2871441.143841961
2024-05-04T00:00:00Z,GRTUSD,0.27516,0.28587,0.27471,0.275,2001613.350678098
2024-05-05T00:00:00Z,GRTUSD,0.27599,0.30158,0.26633,0.29385,1915312.5041515501
2024-05-06T00:00:00Z,GRTUSD,0.294,0.30592,0.2817,0.28271,2725358.8547406085
2024-05-07T00:00:00Z,GRTUSD,0.28199,0.294,0.27886,0.28098,1375012.26967585
2024-05-08T00:00:00Z,GRTUSD,0.28,0.28333,0.26023,0.26378,2083236.453051319
2024-05-09T00:00:00Z,GRTUSD,0.26273,0.29928,0.26207,0.29311,2884480.8982105344
2024-05-10T00:00:00Z,GRTUSD,0.29414,0.31789,0.28527,0.29151,4661127.458231232
2024-05-11T00:00:00Z,GRTUSD,0.29296,0.30212,0.28458,0.28458,1911767.1726492718
2024-05-12T00:00:00Z,GRTUSD,0.28471,0.29159,0.27693,0.27849,1582588.4776823388
2024-05-13T00:00:00Z,GRTUSD,0.2788,0.2889,0.26141,0.27894,1180627.9729603918
2024-05-14T00:00:00Z,GRTUSD,0.27866,0.28026,0.2632,0.26512,830260.0802976396
2024-05-15T00:00:00Z,GRTUSD,0.26551,0.30431,0.26325,0.30309,3322843.440959325
2024-05-16T00:00:00Z,GRTUSD,0.30369,0.31264,0.29462,0.30343,2730014.8872026308
2024-05-17T00:00:00Z,GRTUSD,0.30282,0.32227,0.2998,0.31676,2218056.6552068917
2024-05-18T00:00:00Z,GRTUSD,0.3171,0.32012,0.30762,0.31226,1220548.5776072603
2024-05-19T00:00:00Z,GRTUSD,0.31238,0.31459,0.29674,0.3005,1093127.0447088503
2024-05-20T00:00:00Z,GRTUSD,0.30196,0.33857,0.29939,0.33843,4237150.50323419
2024-05-21T00:00:00Z,GRTUSD,0.33837,0.35372,0.3352,0.34009,3202255.6243245853
2024-05-22T00:00:00Z,GRTUSD,0.33963,0.35805,0.32956,0.34734,2406216.373609387
2024-05-23T00:00:00Z,GRTUSD,0.34735,0.34849,0.311,0.32784,2528907.656948217
2024-05-24T00:00:00Z,GRTUSD,0.32732,0.33274,0.31688,0.32505,597355.5560351601
2024-05-25T00:00:00Z,GRTUSD,0.32505,0.32812,0.32158,0.32777,795655.1368324709
2024-05-26T00:00:00Z,GRTUSD,0.32707,0.32899,0.31458,0.31747,1262559.827362451
2024-05-27T00:00:00Z,GRTUSD,0.31708,0.33153,0.31355,0.32455,1732309.4896630603
2024-05-28T00:00:00Z,GRTUSD,0.32446,0.32479,0.30868,0.31462,1202099.1173799706
2024-05-29T00:00:00Z,GRTUSD,0.31445,0.32335,0.30898,0.30898,1683436.0841859714
2024-05-30T00:00:00Z,GRTUSD,0.31061,0.31506,0.29939,0.30345,884511.6242635301
2024-05-31T00:00:00Z,GRTUSD,0.30297,0.30575,0.2925,0.29788,1197225.1024562998
2024-06-01T00:00:00Z,GRTUSD,0.29825,0.30341,0.29614,0.29919,774443.9337787903
2024-06-02T00:00:00Z,GRTUSD,0.29943,0.30217,0.29041,0.29324,739858.5902171405
2024-06-03T00:00:00Z,GRTUSD,0.29365,0.30325,0.28872,0.29386,987726.6590086403
2024-06-04T00:00:00Z,GRTUSD,0.2934,0.30212,0.29058,0.2996,1441042.634694799
2024-06-05T00:00:00Z,GRTUSD,0.29986,0.30515,0.29798,0.30442,785881.3559410598
2024-06-06T00:00:00Z,GRTUSD,0.30456,0.30483,0.28996,0.29395,973568.1108632504
2024-06-07T00:00:00Z,GRTUSD,0.29358,0.29657,0.24499,0.27228,3114977.628321359
2024-06-08T00:00:00Z,GRTUSD,0.27186,0.27316,0.25906,0.26641,1529121.9943218974
2024-06-09T00:00:00Z,GRTUSD,0.266,0.26917,0.26245,0.26809,989757.27843233
2024-06-10T00:00:00Z,GRTUSD,0.26804,0.26836,0.25639,0.25938,1458002.9066633587
2024-06-11T00:00:00Z,GRTUSD,0.25908,0.26021,0.23946,0.24292,1827566.5241376592
2024-06-12T00:00:00Z,GRTUSD,0.24396,0.2723,0.23776,0.2625,1859994.4602041794
2024-06-13T00:00:00Z,GRTUSD,0.26387,0.26423,0.24245,0.24336,1071667.35592952
2024-06-14T00:00:00Z,GRTUSD,0.24351,0.25031,0.22357,0.23586,2348723.657979551
2024-06-15T00:00:00Z,GRTUSD,0.23649,0.24119,0.23499,0.23758,535837.7248578601
2024-06-16T00:00:00Z,GRTUSD,0.23757,0.23939,0.23277,0.23565,356853.1477945701
2024-06-17T00:00:00Z,GRTUSD,0.23524,0.23743,0.20908,0.21406,958113.1378416202
2024-06-18T00:00:00Z,GRTUSD,0.21385,0.21385,0.18853,0.2017,2233189.594929048
2024-06-19T00:00:00Z,GRTUSD,0.20001,0.22247,0.19878,0.2175,5487717.9052519305
2024-06-20T00:00:00Z,GRTUSD,0.21753,0.2331,0.21692,0.22117,1105663.9814984892
2024-06-21T00:00:00Z,GRTUSD,0.22058,0.22623,0.21297,0.21786,914224.2468988902
2024-06-22T00:00:00Z,GRTUSD,0.21761,0.21895,0.21219,0.21219,434931.17269423004
2024-06-23T00:00:00Z,GRTUSD,0.21313,0.22125,0.20444,0.20549,1269205.8372102696
2024-06-24T00:00:00Z,GRTUSD,0.20549,0.21892,0.19501,0.21675,3340568.407636688
2024-06-25T00:00:00Z,GRTUSD,0.21588,0.22553,0.21474,0.22035,1447262.4608145093
2024-06-26T00:00:00Z,GRTUSD,0.22103,0.22442,0.21474,0.21861,372161.6129502099
2024-06-27T00:00:00Z,GRTUSD,0.21822,0.22486,0.21127,0.21752,555585.8936440101
2024-06-28T00:00:00Z,GRTUSD,0.21781,0.21988,0.20623,0.20665,699190.7667016796
2024-06-29T00:00:00Z,GRTUSD,0.20607,0.21039,0.2027,0.2027,659067.32544115
2024-06-30T00:00:00Z,GRTUSD,0.2031,0.2116,0.20019,0.21023,735889.9524656802
2024-07-01T00:00:00Z,GRTUSD,0.21002,0.21801,0.20678,0.20678,743301.092872901
2024-07-02T00:00:00Z,GRTUSD,0.20676,0.21353,0.20586,0.21172,970269.1812465509
2024-07-03T00:00:00Z,GRTUSD,0.21207,0.21304,0.196,0.1971,631887.62305198
2024-07-04T00:00:00Z,GRTUSD,0.19683,0.19714,0.17477,0.17578,1559106.4810629582
2024-07-05T00:00:00Z,GRTUSD,0.17601,0.17601,0.15322,0.17353,2488545.6941563576
2024-07-06T00:00:00Z,GRTUSD,0.17247,0.1891,0.17184,0.18724,2420145.004709831
2024-07-07T00:00:00Z,GRTUSD,0.18695,0.18711,0.17296,0.17296,800523.2905960896
2024-07-08T00:00:00Z,GRTUSD,0.1725,0.18654,0.1643,0.17635,1189186.3287556793
2024-07-09T00:00:00Z,GRTUSD,0.17634,0.18319,0.17572,0.18237,1013423.6532707597
2024-07-10T00:00:00Z,GRTUSD,0.1811,0.19195,0.18075,0.1858,983701.1200418607
2024-07-11T00:00:00Z,GRTUSD,0.18654,0.19579,0.18101,0.18137,1032643.4728390404
2024-07-12T00:00:00Z,GRTUSD,0.18134,0.18631,0.17831,0.18561,532090.0772056701
2024-07-13T00:00:00Z,GRTUSD,0.1856,0.1945,0.18396,0.19265,638542.5008757401
2024-07-14T00:00:00Z,GRTUSD,0.19215,0.20006,0.18823,0.19792,826312.0425345891
2024-07-15T00:00:00Z,GRTUSD,0.19815,0.22086,0.19639,0.22002,1740614.3664621324
2024-07-16T00:00:00Z,GRTUSD,0.22037,0.22168,0.20489,0.21414,2450792.1665669787
2024-07-17T00:00:00Z,GRTUSD,0.21391,0.22037,0.20821,0.20821,2111107.51487341
2024-07-18T00:00:00Z,GRTUSD,0.20932,0.21302,0.19822,0.20276,1406683.384389227
2024-07-19T00:00:00Z,GRTUSD,0.20291,0.21542,0.19809,0.21446,1724328.1378647096
2024-07-20T00:00:00Z,GRTUSD,0.21463,0.21875,0.21179,0.21355,900555.63659979
2024-07-21T00:00:00Z,GRTUSD,0.21418,0.22398,0.21,0.21898,1353057.0762822723
2024-07-22T00:00:00Z,GRTUSD,0.21909,0.22201,0.20464,0.20674,1490169.1062671198
2024-07-23T00:00:00Z,GRTUSD,0.20661,0.20986,0.19578,0.19876,3126785.614667271
2024-07-24T00:00:00Z,GRTUSD,0.1989,0.20369,0.19118,0.19242,874269.4747705691
2024-07-25T00:00:00Z,GRTUSD,0.1927,0.19304,0.18297,0.18956,1066626.0350003412
2024-07-26T00:00:00Z,GRTUSD,0.18901,0.20124,0.18901,0.20124,629768.4884742094
2024-07-27T00:00:00Z,GRTUSD,0.201,0.20437,0.1947,0.19836,1105161.2023012096
2024-07-28T00:00:00Z,GRTUSD,0.19808,0.19837,0.19112,0.19288,689910.9586861995
2024-07-29T00:00:00Z,GRTUSD,0.19304,0.20311,0.19179,0.19218,1384511.3507471308
2024-07-30T00:00:00Z,GRTUSD,0.19199,0.19502,0.18385,0.18795,654599.0569874301
2024-07-31T00:00:00Z,GRTUSD,0.18768,0.19003,0.17841,0.1799,601508.8395824695
2024-08-01T00:00:00Z,GRTUSD,0.17995,0.18083,0.16697,0.17818,1667830.69486509
2024-08-02T00:00:00Z,GRTUSD,0.17807,0.17858,0.16174,0.16198,1139404.061633622
2024-08-03T00:00:00Z,GRTUSD,0.16235,0.16393,0.15061,0.15399,698059.2137665801
2024-08-04T00:00:00Z,GRTUSD,0.15412,0.15672,0.1395,0.1441,2078878.6129885488
2024-08-05T00:00:00Z,GRTUSD,0.14419,0.1449,0.11293,0.13133,6537656.9261785
2024-08-06T00:00:00Z,GRTUSD,0.13131,0.14175,0.13131,0.13738,1297809.7168293383
2024-08-07T00:00:00Z,GRTUSD,0.13744,0.1428,0.12755,0.12842,1104484.457067071
2024-08-08T00:00:00Z,GRTUSD,0.12866,0.14712,0.12758,0.1464,903181.2249909093
2024-08-09T00:00:00Z,GRTUSD,0.14627,0.14674,0.1393,0.143,833027.6005433303
2024-08-10T00:00:00Z,GRTUSD,0.14329,0.14707,0.14068,0.146,479508.2202877599
2024-08-11T00:00:00Z,GRTUSD,0.14565,0.15262,0.13608,0.13653,870750.2231624416
2024-08-12T00:00:00Z,GRTUSD,0.1366,0.14672,0.13535,0.14369,1172202.3033651193
2024-08-13T00:00:00Z,GRTUSD,0.14298,0.14848,0.13837,0.14632,705825.0621296015
2024-08-14T00:00:00Z,GRTUSD,0.14621,0.14789,0.13986,0.14277,795717.7890188195
2024-08-15T00:00:00Z,GRTUSD,0.14309,0.14484,0.13429,0.13639,589164.939806041
2024-08-16T00:00:00Z,GRTUSD,0.13624,0.13898,0.13238,0.13689,494570.7055147393
2024-08-17T00:00:00Z,GRTUSD,0.13667,0.13863,0.13529,0.13796,1356304.8602237487
2024-08-18T00:00:00Z,GRTUSD,0.13845,0.14383,0.13659,0.13981,463819.9719483299
2024-08-19T00:00:00Z,GRTUSD,0.1398,0.14473,0.13682,0.14473,487053.9610336302
2024-08-20T00:00:00Z,GRTUSD,0.1447,0.14851,0.14113,0.14316,821609.1510266308
2024-08-21T00:00:00Z,GRTUSD,0.14305,0.15167,0.14127,0.14984,612410.2165787998
2024-08-22T00:00:00Z,GRTUSD,0.14996,0.15578,0.14744,0.15498,793660.2523244207
2024-08-23T00:00:00Z,GRTUSD,0.15534,0.17226,0.15534,0.17079,1197016.953542441
2024-08-24T00:00:00Z,GRTUSD,0.17098,0.18049,0.16735,0.176,1642749.4650487502
2024-08-25T00:00:00Z,GRTUSD,0.17669,0.17669,0.16741,0.17201,1512201.951369993
2024-08-26T00:00:00Z,GRTUSD,0.17231,0.17398,0.16125,0.16125,1010988.9401567789
2024-08-27T00:00:00Z,GRTUSD,0.16188,0.16636,0.14868,0.15086,997288.1043521602
2024-08-28T00:00:00Z,GRTUSD,0.15056,0.15491,0.14361,0.14674,1451042.3188337807
2024-08-29T00:00:00Z,GRTUSD,0.14706,0.15249,0.1437,0.14648,1289838.5694681483
2024-08-30T00:00:00Z,GRTUSD,0.14656,0.14846,0.13942,0.14741,603035.6410049298
2024-08-31T00:00:00Z,GRTUSD,0.14784,0.149,0.14414,0.14538,258415.06128421007
2024-09-01T00:00:00Z,GRTUSD,0.14563,0.14605,0.13682,0.13828,586484.6473260196
2024-09-02T00:00:00Z,GRTUSD,0.13823,0.14668,0.13756,0.14552,620058.5009800601
2024-09-03T00:00:00Z,GRTUSD,0.14572,0.14783,0.13535,0.13535,669853.4333180916
2024-09-04T00:00:00Z,GRTUSD,0.13556,0.1429,0.12974,0.1398,829844.1700898515
2024-09-05T00:00:00Z,GRTUSD,0.141,0.14116,0.1332,0.13417,317243.6621354002
2024-09-06T00:00:00Z,GRTUSD,0.13441,0.13823,0.12597,0.12975,974554.86972197
2024-09-07T00:00:00Z,GRTUSD,0.13013,0.13447,0.12873,0.13124,529324.9832171103
2024-09-08T00:00:00Z,GRTUSD,0.13176,0.13799,0.13153,0.13675,550206.9596154098
2024-09-09T00:00:00Z,GRTUSD,0.13668,0.14501,0.13586,0.14312,1136902.2434471422
2024-09-10T00:00:00Z,GRTUSD,0.14253,0.14452,0.13974,0.14181,871597.80109051
2024-09-11T00:00:00Z,GRTUSD,0.14158,0.14158,0.13319,0.13777,1223484.9193808928
2024-09-12T00:00:00Z,GRTUSD,0.13744,0.14368,0.13718,0.14368,667297.4480826007
2024-09-13T00:00:00Z,GRTUSD,0.14405,0.1672,0.14311,0.15056,1987470.081704854
2024-09-14T00:00:00Z,GRTUSD,0.15022,0.15193,0.14762,0.14958,294496.24121523974
2024-09-15T00:00:00Z,GRTUSD,0.14951,0.15,0.14121,0.14274,631001.5024149395
2024-09-16T00:00:00Z,GRTUSD,0.14258,0.14358,0.13717,0.13874,907126.3745422505
2024-09-17T00:00:00Z,GRTUSD,0.13807,0.14444,0.13698,0.14135,892845.33556376
2024-09-18T00:00:00Z,GRTUSD,0.1416,0.14717,0.13461,0.14717,1608912.498874139
2024-09-19T00:00:00Z,GRTUSD,0.1472,0.15815,0.1472,0.15427,2024018.94555917
2024-09-20T00:00:00Z,GRTUSD,0.15406,0.16357,0.15074,0.16067,1318378.2050628494
2024-09-21T00:00:00Z,GRTUSD,0.16075,0.167,0.1596,0.16615,720772.3671712298
2024-09-22T00:00:00Z,GRTUSD,0.16628,0.16629,0.15523,0.16024,752713.0447938505
2024-09-23T00:00:00Z,GRTUSD,0.16044,0.17916,0.15646,0.17448,2343190.0063188546
2024-09-24T00:00:00Z,GRTUSD,0.1748,0.18754,0.17,0.18754,2168592.990239677
2024-09-25T00:00:00Z,GRTUSD,0.18705,0.1905,0.17549,0.17871,2118625.034053732
2024-09-26T00:00:00Z,GRTUSD,0.17964,0.1909,0.17442,0.18631,1974814.0261343792
2024-09-27T00:00:00Z,GRTUSD,0.18651,0.19412,0.18317,0.18873,1246970.4448955583
2024-09-28T00:00:00Z,GRTUSD,0.18879,0.19034,0.18141,0.18694,644236.1122921604
2024-09-29T00:00:00Z,GRTUSD,0.18668,0.19375,0.18009,0.1885,1089419.228273389
2024-09-30T00:00:00Z,GRTUSD,0.1886,0.19117,0.17339,0.17546,1607915.2224733385
2024-10-01T00:00:00Z,GRTUSD,0.17581,0.18161,0.15426,0.15963,3085617.657414601
2024-10-02T00:00:00Z,GRTUSD,0.15939,0.16393,0.15047,0.15361,1292968.88044783
2024-10-03T00:00:00Z,GRTUSD,0.15346,0.15827,0.14784,0.15390,954621.31622125
2024-10-04T00:00:00Z,GRTUSD,0.15406,0.16083,0.15165,0.15981,911989.31341297
2024-10-05T00:00:00Z,GRTUSD,0.16012,0.16237,0.15470,0.15774,655205.15071142
2024-10-06T00:00:00Z,GRTUSD,0.15809,0.16536,0.15641,0.16454,804848.02572565
2024-10-07T00:00:00Z,GRTUSD,0.16435,0.17540,0.16406,0.16406,1210964.36804981
2024-10-08T00:00:00Z,GRTUSD,0.16449,0.16822,0.15777,0.15902,1028590.03065111
2024-10-09T00:00:00Z,GRTUSD,0.15895,0.16044,0.15378,0.15544,501733.64917846
2024-10-10T00:00:00Z,GRTUSD,0.15589,0.15835,0.14863,0.15397,714110.87109942
2024-10-11T00:00:00Z,GRTUSD,0.15433,0.16428,0.15352,0.16270,649761.46519303
2024-10-12T00:00:00Z,GRTUSD,0.16319,0.16879,0.16111,0.16640,408948.09145095
2024-10-13T00:00:00Z,GRTUSD,0.16626,0.16750,0.15811,0.16583,803122.04770221
2024-10-14T00:00:00Z,GRTUSD,0.16652,0.17879,0.16299,0.17726,1954345.00260543
2024-10-15T00:00:00Z,GRTUSD,0.17828,0.17971,0.16820,0.17356,1671637.64075756
2024-10-16T00:00:00Z,GRTUSD,0.17393,0.17530,0.16748,0.16768,705597.51308446
2024-10-17T00:00:00Z,GRTUSD,0.16892,0.16977,0.16176,0.16373,1251215.39924075
2024-10-18T00:00:00Z,GRTUSD,0.16400,0.16914,0.16267,0.16907,323500.94267527
2024-10-19T00:00:00Z,GRTUSD,0.16915,0.17222,0.16587,0.16717,344580.84411340
2024-10-20T00:00:00Z,GRTUSD,0.16715,0.17955,0.16476,0.17931,637473.71027983
2024-10-21T00:00:00Z,GRTUSD,0.17942,0.17999,0.16824,0.16942,1267450.32308548
2024-10-22T00:00:00Z,GRTUSD,0.16991,0.17252,0.16554,0.16697,1173964.52734466
2024-10-23T00:00:00Z,GRTUSD,0.16677,0.16685,0.15638,0.16097,1822087.05667332
2024-10-24T00:00:00Z,GRTUSD,0.16100,0.16500,0.15902,0.16377,1164615.26845986
2024-10-25T00:00:00Z,GRTUSD,0.16426,0.16891,0.14607,0.15223,3319977.61064905
2024-10-26T00:00:00Z,GRTUSD,0.15131,0.15395,0.14805,0.15190,1081941.41870939
2024-10-27T00:00:00Z,GRTUSD,0.15157,0.15626,0.15036,0.15620,704186.66224843
2024-10-28T00:00:00Z,GRTUSD,0.15514,0.15702,0.14808,0.15584,3119804.82186257
2024-10-29T00:00:00Z,GRTUSD,0.15559,0.16131,0.15514,0.16026,894748.36681980
2024-10-30T00:00:00Z,GRTUSD,0.16029,0.16089,0.15558,0.15693,1042070.19006125
2024-10-31T00:00:00Z,GRTUSD,0.15727,0.15727,0.14570,0.14703,1798998.06601715
2024-11-01T00:00:00Z,GRTUSD,0.14700,0.15243,0.14335,0.14480,1168908.04802295
2024-11-02T00:00:00Z,GRTUSD,0.14522,0.14680,0.14144,0.14209,924244.06644310
2024-11-03T00:00:00Z,GRTUSD,0.14328,0.14406,0.13176,0.13668,1886678.72083427
2024-11-04T00:00:00Z,GRTUSD,0.13635,0.13948,0.12851,0.13090,732829.02869338
2024-11-05T00:00:00Z,GRTUSD,0.13164,0.14120,0.13075,0.13887,883707.46789826
2024-11-06T00:00:00Z,GRTUSD,0.13912,0.15494,0.13912,0.15417,2442457.89038737
2024-11-07T00:00:00Z,GRTUSD,0.15419,0.16025,0.15196,0.15693,1261288.88714252
2024-11-08T00:00:00Z,GRTUSD,0.15736,0.16374,0.15285,0.16321,1149768.17782502
2024-11-09T00:00:00Z,GRTUSD,0.16371,0.17262,0.15812,0.17135,1896367.35658227
2024-11-10T00:00:00Z,GRTUSD,0.17130,0.18526,0.16806,0.17842,2949153.01366457
2024-11-11T00:00:00Z,GRTUSD,0.17861,0.20037,0.17755,0.19986,4504581.07634365
2024-11-12T00:00:00Z,GRTUSD,0.19995,0.21080,0.16585,0.19125,9882362.68562863
2024-11-13T00:00:00Z,GRTUSD,0.19133,0.19482,0.17353,0.18050,4068702.87044889
2024-11-14T00:00:00Z,GRTUSD,0.18077,0.18800,0.16987,0.17195,3356325.76573010
2024-11-15T00:00:00Z,GRTUSD,0.17235,0.18474,0.16697,0.18428,3250732.55352662
2024-11-16T00:00:00Z,GRTUSD,0.18461,0.20985,0.18439,0.20985,4968372.31313742
2024-11-17T00:00:00Z,GRTUSD,0.20958,0.20958,0.18773,0.19210,2965502.46404844
2024-11-18T00:00:00Z,GRTUSD,0.19201,0.22290,0.19017,0.21859,4817990.82349785
2024-11-19T00:00:00Z,GRTUSD,0.21868,0.24776,0.20886,0.23377,8070407.15936444
2024-11-20T00:00:00Z,GRTUSD,0.23325,0.24036,0.21829,0.22060,7122593.59031510
2024-11-21T00:00:00Z,GRTUSD,0.22091,0.22773,0.20967,0.22190,7871607.59995383
2024-11-22T00:00:00Z,GRTUSD,0.22086,0.24009,0.21115,0.23826,8154519.32918757
2024-11-23T00:00:00Z,GRTUSD,0.23774,0.25748,0.23199,0.23980,10490875.06464114
2024-11-24T00:00:00Z,GRTUSD,0.23873,0.26434,0.22810,0.25923,8278210.43940831
2024-11-25T00:00:00Z,GRTUSD,0.26018,0.27000,0.23950,0.24361,6479065.45233671
2024-11-26T00:00:00Z,GRTUSD,0.24315,0.25531,0.22850,0.24248,3055430.39961246
2024-11-27T00:00:00Z,GRTUSD,0.23961,0.26131,0.23576,0.25705,3676773.73402014
2024-11-28T00:00:00Z,GRTUSD,0.25637,0.27877,0.24646,0.27497,3565358.35036487
2024-11-29T00:00:00Z,GRTUSD,0.27461,0.29350,0.26140,0.28691,2803617.38789822
2024-11-30T00:00:00Z,GRTUSD,0.28698,0.29633,0.27759,0.28935,3595997.39934982
2024-12-01T00:00:00Z,GRTUSD,0.28980,0.29765,0.27759,0.28831,2845110.80506832
2024-12-02T00:00:00Z,GRTUSD,0.28909,0.29969,0.27016,0.29873,5591406.58500403
2024-12-03T00:00:00Z,GRTUSD,0.29840,0.32917,0.27499,0.31859,8453274.17943096
2024-12-04T00:00:00Z,GRTUSD,0.31871,0.33512,0.30883,0.32280,9054548.05581309
2024-12-05T00:00:00Z,GRTUSD,0.32299,0.34844,0.30599,0.32714,8550896.35332496
2024-12-06T00:00:00Z,GRTUSD,0.32707,0.35000,0.31932,0.33743,4264167.90561839
2024-12-07T00:00:00Z,GRTUSD,0.33711,0.34002,0.32136,0.32620,6601301.35094416
2024-12-08T00:00:00Z,GRTUSD,0.32654,0.32801,0.31421,0.32353,2260679.42073624
2024-12-09T00:00:00Z,GRTUSD,0.32327,0.32372,0.22790,0.26690,10524883.69087611
2024-12-10T00:00:00Z,GRTUSD,0.26612,0.27514,0.23893,0.26343,4872055.01177418
2024-12-11T00:00:00Z,GRTUSD,0.26295,0.30000,0.25040,0.28231,4973610.56861631
2024-12-12T00:00:00Z,GRTUSD,0.28222,0.30000,0.28134,0.28487,4005741.14347329
2024-12-13T00:00:00Z,GRTUSD,0.28534,0.28957,0.27493,0.28610,1941485.54528956
2024-12-14T00:00:00Z,GRTUSD,0.28645,0.29012,0.26583,0.27275,2124691.93664641
2024-12-15T00:00:00Z,GRTUSD,0.27273,0.28809,0.26525,0.28677,2397394.60870513
2024-12-16T00:00:00Z,GRTUSD,0.28725,0.29288,0.26751,0.27548,3948876.35922550
2024-12-17T00:00:00Z,GRTUSD,0.27526,0.27715,0.25808,0.25951,5720245.40600242
2024-12-18T00:00:00Z,GRTUSD,0.26032,0.26060,0.23072,0.23388,3123957.17375882
2024-12-19T00:00:00Z,GRTUSD,0.23390,0.23732,0.20324,0.21061,4371547.77753063
2024-12-20T00:00:00Z,GRTUSD,0.21060,0.22063,0.18365,0.21925,4614006.75335048
2024-12-21T00:00:00Z,GRTUSD,0.21827,0.23271,0.20226,0.20488,2565734.00770701
2024-12-22T00:00:00Z,GRTUSD,0.20497,0.21387,0.19994,0.20588,1168845.85904097
2024-12-23T00:00:00Z,GRTUSD,0.20557,0.22842,0.18900,0.22306,3184647.38964870
2024-12-24T00:00:00Z,GRTUSD,0.22324,0.23396,0.21620,0.23002,2579278.28413151
2024-12-25T00:00:00Z,GRTUSD,0.22970,0.23080,0.21940,0.22285,1279900.09124991
2024-12-26T00:00:00Z,GRTUSD,0.22315,0.22543,0.20532,0.20751,1430218.03657659
2024-12-27T00:00:00Z,GRTUSD,0.20750,0.21789,0.20463,0.20541,1767669.16940722
2024-12-28T00:00:00Z,GRTUSD,0.20705,0.21919,0.20455,0.21558,2444066.71289484
2024-12-29T00:00:00Z,GRTUSD,0.21558,0.21863,0.20324,0.20679,1077427.55558674
2024-12-30T00:00:00Z,GRTUSD,0.20661,0.21509,0.19830,0.20288,1553485.04846510
2024-12-31T00:00:00Z,GRTUSD,0.20358,0.21040,0.19770,0.19967,893490.73281872
2025-01-01T00:00:00Z,GRTUSD,0.19936,0.21044,0.18163,0.20872,2809639.35285960
2025-01-02T00:00:00Z,GRTUSD,0.20801,0.22588,0.20801,0.21978,1882424.33610939
2025-01-03T00:00:00Z,GRTUSD,0.21966,0.24363,0.21574,0.24159,2849142.58379015
2025-01-04T00:00:00Z,GRTUSD,0.24176,0.24658,0.23708,0.24079,1314195.11252941
2025-01-05T00:00:00Z,GRTUSD,0.24054,0.24586,0.23195,0.24291,886080.69951588
2025-01-06T00:00:00Z,GRTUSD,0.24300,0.25520,0.23706,0.24791,2140843.80083640
2025-01-07T00:00:00Z,GRTUSD,0.24796,0.24912,0.22060,0.22070,3220037.72331347
2025-01-08T00:00:00Z,GRTUSD,0.22074,0.22286,0.19753,0.21208,1957720.34060239
2025-01-09T00:00:00Z,GRTUSD,0.21169,0.21330,0.19862,0.20352,1267949.88465554
2025-01-10T00:00:00Z,GRTUSD,0.20334,0.21104,0.19800,0.20628,1420317.23061100
2025-01-11T00:00:00Z,GRTUSD,0.20576,0.21000,0.20070,0.20557,1504577.57344647
2025-01-12T00:00:00Z,GRTUSD,0.20586,0.20659,0.19871,0.20163,654865.48517134
2025-01-13T00:00:00Z,GRTUSD,0.20157,0.20566,0.18028,0.19308,3091462.09402503
2025-01-14T00:00:00Z,GRTUSD,0.19300,0.20477,0.19237,0.20406,1013911.39369794
2025-01-15T00:00:00Z,GRTUSD,0.20399,0.21655,0.19642,0.21591,2140194.11157039
2025-01-16T00:00:00Z,GRTUSD,0.21603,0.21890,0.20727,0.21240,1562662.24397037
2025-01-17T00:00:00Z,GRTUSD,0.21269,0.23827,0.21269,0.23511,6553976.89711221
2025-01-18T00:00:00Z,GRTUSD,0.23519,0.23860,0.21323,0.21848,6157011.74156948
2025-01-19T00:00:00Z,GRTUSD,0.21830,0.22501,0.19342,0.19655,6899341.73799908
2025-01-20T00:00:00Z,GRTUSD,0.19710,0.21846,0.18965,0.20204,4122741.33543343
2025-01-21T00:00:00Z,GRTUSD,0.20205,0.21307,0.19250,0.20951,1381613.35925639
2025-01-22T00:00:00Z,GRTUSD,0.20977,0.21137,0.19399,0.19514,1560786.62019585
2025-01-23T00:00:00Z,GRTUSD,0.19492,0.19519,0.18356,0.18960,2761985.37719787
2025-01-24T00:00:00Z,GRTUSD,0.18943,0.19532,0.18245,0.18313,1655995.24777212
2025-01-25T00:00:00Z,GRTUSD,0.18257,0.18583,0.17983,0.18197,1074571.55183505
2025-01-26T00:00:00Z,GRTUSD,0.18203,0.19181,0.18070,0.18070,1539995.02732756
2025-01-27T00:00:00Z,GRTUSD,0.18069,0.18174,0.16358,0.17685,2604836.74270892
2025-01-28T00:00:00Z,GRTUSD,0.17846,0.17922,0.16357,0.16477,1491528.32686692
2025-01-29T00:00:00Z,GRTUSD,0.16465,0.17650,0.16426,0.16925,1243759.88028380
2025-01-30T00:00:00Z,GRTUSD,0.16937,0.18611,0.16816,0.18226,1526475.53757305
2025-01-31T00:00:00Z,GRTUSD,0.18182,0.19128,0.17824,0.18007,1755544.99232059
2025-02-01T00:00:00Z,GRTUSD,0.18002,0.18439,0.16500,0.16622,936777.61979955
2025-02-02T00:00:00Z,GRTUSD,0.16640,0.16971,0.13758,0.14435,3719376.43667053
2025-02-03T00:00:00Z,GRTUSD,0.14437,0.15072,0.10587,0.14855,5985725.75694075
2025-02-04T00:00:00Z,GRTUSD,0.14991,0.14991,0.13245,0.14029,2437756.11375682
2025-02-05T00:00:00Z,GRTUSD,0.13980,0.14140,0.13306,0.13476,2961725.63520447
2025-02-06T00:00:00Z,GRTUSD,0.13476,0.13847,0.12749,0.12808,1970570.02113822
2025-02-07T00:00:00Z,GRTUSD,0.12860,0.13784,0.12443,0.12802,1938200.19503317
2025-02-08T00:00:00Z,GRTUSD,0.12731,0.13139,0.12576,0.13029,366485.69717747
2025-02-09T00:00:00Z,GRTUSD,0.13022,0.13619,0.12525,0.13263,1744200.36210750
2025-02-10T00:00:00Z,GRTUSD,0.13246,0.14459,0.12760,0.13961,1371417.63602360
2025-02-11T00:00:00Z,GRTUSD,0.13986,0.14800,0.13675,0.13829,1907222.45660629
2025-02-12T00:00:00Z,GRTUSD,0.13800,0.14745,0.13293,0.14510,1361167.20574373
2025-02-13T00:00:00Z,GRTUSD,0.14497,0.14734,0.13908,0.14006,677222.97459857
2025-02-14T00:00:00Z,GRTUSD,0.14024,0.14650,0.13943,0.14289,1190685.26235088
2025-02-15T00:00:00Z,GRTUSD,0.14261,0.14495,0.13706,0.13817,526334.99139004
2025-02-16T00:00:00Z,GRTUSD,0.13886,0.14287,0.13644,0.13837,394419.83856011
2025-02-17T00:00:00Z,GRTUSD,0.13817,0.14910,0.13817,0.14156,1136624.92944153
2025-02-18T00:00:00Z,GRTUSD,0.14199,0.14199,0.12660,0.13260,2172698.28434766
2025-02-19T00:00:00Z,GRTUSD,0.13247,0.13619,0.12996,0.13392,1790480.52970536
2025-02-20T00:00:00Z,GRTUSD,0.13383,0.14184,0.13294,0.13961,2277161.39624443
2025-02-21T00:00:00Z,GRTUSD,0.13908,0.14800,0.13200,0.13403,1893413.88464698
2025-02-22T00:00:00Z,GRTUSD,0.13326,0.14196,0.13326,0.13877,1071495.54146258
2025-02-23T00:00:00Z,GRTUSD,0.13848,0.14059,0.13513,0.13663,657120.00623713
2025-02-24T00:00:00Z,GRTUSD,0.13712,0.13771,0.12042,0.12109,3123306.25079630
2025-02-25T00:00:00Z,GRTUSD,0.12076,0.12266,0.11091,0.12111,2726962.88654919
2025-02-26T00:00:00Z,GRTUSD,0.12108,0.12431,0.11599,0.11975,2374836.50418956
2025-02-27T00:00:00Z,GRTUSD,0.12061,0.12589,0.11900,0.12319,4419655.68342427
2025-02-28T00:00:00Z,GRTUSD,0.12310,0.12370,0.11092,0.12051,2019157.28713835
2025-03-01T00:00:00Z,GRTUSD,0.12017,0.12187,0.11557,0.11875,1280751.50372530
2025-03-02T00:00:00Z,GRTUSD,0.11840,0.13129,0.11619,0.12919,5072586.17301577
2025-03-03T00:00:00Z,GRTUSD,0.12910,0.13000,0.10773,0.10903,4366065.31569561
2025-03-04T00:00:00Z,GRTUSD,0.10870,0.10947,0.09718,0.10660,5128153.57832284
2025-03-05T00:00:00Z,GRTUSD,0.10668,0.11114,0.10425,0.11019,1636696.94338799
2025-03-06T00:00:00Z,GRTUSD,0.11019,0.11335,0.10646,0.10740,1146450.38277839
2025-03-07T00:00:00Z,GRTUSD,0.10750,0.10906,0.10145,0.10287,2718645.65367404
2025-03-08T00:00:00Z,GRTUSD,0.10279,0.10429,0.10021,0.10138,1270358.04439379
2025-03-09T00:00:00Z,GRTUSD,0.10166,0.10166,0.08922,0.09095,5990948.33748686
2025-03-10T00:00:00Z,GRTUSD,0.09104,0.09724,0.08350,0.08483,3419994.30082987
2025-03-11T00:00:00Z,GRTUSD,0.08479,0.09321,0.07974,0.09022,2458723.04544051
2025-03-12T00:00:00Z,GRTUSD,0.09048,0.09479,0.08761,0.09209,1598692.83699265
2025-03-13T00:00:00Z,GRTUSD,0.09211,0.09297,0.08664,0.08916,1935608.71951839
2025-03-14T00:00:00Z,GRTUSD,0.08918,0.09580,0.08873,0.09426,2537362.90365992
2025-03-15T00:00:00Z,GRTUSD,0.09430,0.09709,0.09384,0.09585,1275931.11492179
2025-03-16T00:00:00Z,GRTUSD,0.09559,0.09589,0.09058,0.09155,2163780.13840316
2025-03-17T00:00:00Z,GRTUSD,0.09144,0.09728,0.09144,0.09599,751354.02403736
2025-03-18T00:00:00Z,GRTUSD,0.09612,0.09768,0.09153,0.09563,1093772.67738322
2025-03-19T00:00:00Z,GRTUSD,0.09551,0.10037,0.09431,0.09942,1984727.51757131
2025-03-20T00:00:00Z,GRTUSD,0.09932,0.09981,0.09441,0.09537,1411247.70436355
2025-03-21T00:00:00Z,GRTUSD,0.09553,0.09604,0.09168,0.09385,1045942.29274771
2025-03-22T00:00:00Z,GRTUSD,0.09405,0.09723,0.09396,0.09497,2654294.70012611
2025-03-23T00:00:00Z,GRTUSD,0.09564,0.09819,0.09436,0.09658,1342853.41999186
2025-03-24T00:00:00Z,GRTUSD,0.09666,0.10370,0.09540,0.10208,1317108.33182920
2025-03-25T00:00:00Z,GRTUSD,0.10167,0.10621,0.10063,0.10458,1438155.50015761
2025-03-26T00:00:00Z,GRTUSD,0.10438,0.10837,0.10288,0.10405,879728.98820093
2025-03-27T00:00:00Z,GRTUSD,0.10438,0.10775,0.10332,0.10403,1068610.07809346
2025-03-28T00:00:00Z,GRTUSD,0.10438,0.10438,0.09384,0.09493,1282134.32899964
2025-03-29T00:00:00Z,GRTUSD,0.09486,0.09552,0.08755,0.08834,1226747.91397246
2025-03-30T00:00:00Z,GRTUSD,0.08838,0.09166,0.08757,0.08920,372688.94862123
2025-03-31T00:00:00Z,GRTUSD,0.08924,0.08974,0.08467,0.08820,1300754.31947652
2025-04-01T00:00:00Z,GRTUSD,0.08784,0.09330,0.08784,0.08978,627241.23637320
2025-04-02T00:00:00Z,GRTUSD,0.08930,0.09012,0.08130,0.08289,1331973.03172885
2025-04-03T00:00:00Z,GRTUSD,0.08224,0.08495,0.07952,0.08324,2147193.75169254
2025-04-04T00:00:00Z,GRTUSD,0.08308,0.08499,0.08034,0.08319,1619786.03230445
2025-04-05T00:00:00Z,GRTUSD,0.08325,0.08358,0.08033,0.08181,446548.65686966
2025-04-06T00:00:00Z,GRTUSD,0.08184,0.08249,0.07150,0.07309,1315731.32228126
2025-04-07T00:00:00Z,GRTUSD,0.07325,0.07772,0.06655,0.07472,3320746.88765135
2025-04-08T00:00:00Z,GRTUSD,0.07512,0.07707,0.07142,0.07149,1723915.21606177
2025-04-09T00:00:00Z,GRTUSD,0.07138,0.08101,0.06943,0.08026,2988967.77576611
2025-04-10T00:00:00Z,GRTUSD,0.07994,0.07994,0.07372,0.07628,3284759.22122929
2025-04-11T00:00:00Z,GRTUSD,0.07628,0.08038,0.07628,0.07939,1315052.09682805
2025-04-12T00:00:00Z,GRTUSD,0.07931,0.08376,0.07868,0.08232,587196.83973323
2025-04-13T00:00:00Z,GRTUSD,0.08278,0.08295,0.07791,0.07838,1059332.51381841
2025-04-14T00:00:00Z,GRTUSD,0.07879,0.08129,0.07763,0.07838,1164191.76861300
2025-04-15T00:00:00Z,GRTUSD,0.07818,0.08058,0.07719,0.07759,855770.71549243
2025-04-16T00:00:00Z,GRTUSD,0.07740,0.07865,0.07506,0.07619,2629920.68680136
2025-04-17T00:00:00Z,GRTUSD,0.07633,0.07818,0.07520,0.07562,985361.04374605
2025-04-18T00:00:00Z,GRTUSD,0.07568,0.07849,0.07508,0.07770,1024383.65507523
2025-04-19T00:00:00Z,GRTUSD,0.07822,0.08278,0.07820,0.08213,3349459.65898760
2025-04-20T00:00:00Z,GRTUSD,0.08200,0.08470,0.08033,0.08338,1556840.74555160
2025-04-21T00:00:00Z,GRTUSD,0.08336,0.08644,0.08226,0.08254,1645052.62131882
2025-04-22T00:00:00Z,GRTUSD,0.08284,0.08974,0.08156,0.08955,1170155.77902967
2025-04-23T00:00:00Z,GRTUSD,0.08970,0.09298,0.08926,0.09066,1553546.65595246
2025-04-24T00:00:00Z,GRTUSD,0.09042,0.09527,0.08734,0.09522,1439967.29967111
2025-04-25T00:00:00Z,GRTUSD,0.09525,0.10447,0.09390,0.10085,2078056.35007395
2025-04-26T00:00:00Z,GRTUSD,0.10118,0.10667,0.10058,0.10384,851276.66122270
2025-04-27T00:00:00Z,GRTUSD,0.10364,0.10449,0.09800,0.09807,1182525.90389226
2025-04-28T00:00:00Z,GRTUSD,0.09800,0.10137,0.09584,0.09872,2006430.25908827
2025-04-29T00:00:00Z,GRTUSD,0.09863,0.10186,0.09584,0.09705,959417.00274420
2025-04-30T00:00:00Z,GRTUSD,0.09698,0.09899,0.09300,0.09619,739936.94401167
2025-05-01T00:00:00Z,GRTUSD,0.09631,0.10429,0.09583,0.10055,2444312.67094507
2025-05-02T00:00:00Z,GRTUSD,0.10064,0.10323,0.09761,0.09821,4687238.76814023
2025-05-03T00:00:00Z,GRTUSD,0.09823,0.09840,0.09259,0.09336,1420631.16920725
2025-05-04T00:00:00Z,GRTUSD,0.09333,0.09384,0.08983,0.08999,2734121.55017909
2025-05-05T00:00:00Z,GRTUSD,0.09003,0.09261,0.08868,0.09184,4506698.30394377
2025-05-06T00:00:00Z,GRTUSD,0.09197,0.09199,0.08619,0.08985,1876092.41661424
2025-05-07T00:00:00Z,GRTUSD,0.08983,0.09308,0.08874,0.09144,4172653.20704337
2025-05-08T00:00:00Z,GRTUSD,0.09160,0.10379,0.09139,0.10348,4451707.15895940
2025-05-09T00:00:00Z,GRTUSD,0.10380,0.11356,0.10259,0.11228,7994976.87814653
2025-05-10T00:00:00Z,GRTUSD,0.11231,0.12584,0.11192,0.12533,4883499.01360271
2025-05-11T00:00:00Z,GRTUSD,0.12527,0.12605,0.11521,0.11812,2201800.88695332
2025-05-12T00:00:00Z,GRTUSD,0.11828,0.12562,0.11246,0.11849,3891752.03330773
2025-05-13T00:00:00Z,GRTUSD,0.11811,0.13053,0.11169,0.12821,4601315.59965832
2025-05-14T00:00:00Z,GRTUSD,0.12826,0.13115,0.12057,0.12200,2574141.29430018
2025-05-15T00:00:00Z,GRTUSD,0.12172,0.12318,0.11137,0.11361,1704255.84083034
2025-05-16T00:00:00Z,GRTUSD,0.11423,0.11634,0.10907,0.11033,2257752.36297422
2025-05-17T00:00:00Z,GRTUSD,0.11044,0.11044,0.10407,0.10553,1386043.54538338
2025-05-18T00:00:00Z,GRTUSD,0.10543,0.11629,0.10542,0.11447,3763032.98323260
2025-05-19T00:00:00Z,GRTUSD,0.11457,0.11469,0.10464,0.11050,2096896.16373758
2025-05-20T00:00:00Z,GRTUSD,0.11157,0.11409,0.10589,0.11074,3006681.89368693
2025-05-21T00:00:00Z,GRTUSD,0.11116,0.11624,0.10880,0.11481,3511770.39717450
2025-05-22T00:00:00Z,GRTUSD,0.11457,0.12351,0.11457,0.12226,2607952.54055792
2025-05-23T00:00:00Z,GRTUSD,0.12227,0.12519,0.10866,0.10891,2861347.23633145
2025-05-24T00:00:00Z,GRTUSD,0.10892,0.11157,0.10746,0.10806,1256284.57766223
2025-05-25T00:00:00Z,GRTUSD,0.10801,0.11022,0.10396,0.11021,1761025.42644928
2025-05-26T00:00:00Z,GRTUSD,0.11022,0.11498,0.10811,0.11008,2068966.38613066
2025-05-27T00:00:00Z,GRTUSD,0.11000,0.11513,0.10697,0.11167,1130542.67441441
2025-05-28T00:00:00Z,GRTUSD,0.11149,0.11378,0.10654,0.11057,2715016.20306148
2025-05-29T00:00:00Z,GRTUSD,0.11136,0.11389,0.10476,0.10529,1679262.62970301
2025-05-30T00:00:00Z,GRTUSD,0.10528,0.10595,0.09108,0.09227,4343805.57780427
2025-05-31T00:00:00Z,GRTUSD,0.09238,0.09688,0.08955,0.09529,1371900.44091259
2025-06-01T00:00:00Z,GRTUSD,0.09486,0.09667,0.09278,0.09634,1339426.12694526
2025-06-02T00:00:00Z,GRTUSD,0.09586,0.09813,0.09295,0.09788,1174430.28163703
2025-06-03T00:00:00Z,GRTUSD,0.09788,0.10088,0.09739,0.09761,1668294.61501381
2025-06-04T00:00:00Z,GRTUSD,0.09771,0.09955,0.09394,0.09461,935317.26428980
2025-06-05T00:00:00Z,GRTUSD,0.09425,0.09553,0.08600,0.08718,2042161.60779944
2025-06-06T00:00:00Z,GRTUSD,0.08685,0.09277,0.08681,0.08948,832815.47332476
2025-06-07T00:00:00Z,GRTUSD,0.08934,0.09343,0.08934,0.09180,644124.20462888
2025-06-08T00:00:00Z,GRTUSD,0.09163,0.09359,0.09076,0.09153,870532.88678563
2025-06-09T00:00:00Z,GRTUSD,0.09147,0.09772,0.08977,0.09739,1438292.73092801
2025-06-10T00:00:00Z,GRTUSD,0.09772,0.10237,0.09550,0.10208,2072788.27689187
2025-06-11T00:00:00Z,GRTUSD,0.10228,0.10282,0.09627,0.09697,2394866.39867258
2025-06-12T00:00:00Z,GRTUSD,0.09722,0.09722,0.08977,0.09007,1482732.53197494
2025-06-13T00:00:00Z,GRTUSD,0.08974,0.08974,0.08299,0.08815,2985727.30299267
2025-06-14T00:00:00Z,GRTUSD,0.08811,0.08873,0.08552,0.08717,1028830.94958260
2025-06-15T00:00:00Z,GRTUSD,0.08702,0.08764,0.08494,0.08663,1115135.76811842
2025-06-16T00:00:00Z,GRTUSD,0.08665,0.09172,0.08547,0.08755,1720800.09350710
2025-06-17T00:00:00Z,GRTUSD,0.08750,0.08883,0.08190,0.08391,2027819.61333108
2025-06-18T00:00:00Z,GRTUSD,0.08378,0.08532,0.08028,0.08458,1514748.13092336
2025-06-19T00:00:00Z,GRTUSD,0.08458,0.08546,0.08210,0.08351,776692.97090785
2025-06-20T00:00:00Z,GRTUSD,0.08404,0.08550,0.07896,0.08030,3106143.63533037
2025-06-21T00:00:00Z,GRTUSD,0.08067,0.08190,0.07500,0.07661,2220029.76609222
2025-06-22T00:00:00Z,GRTUSD,0.07664,0.07766,0.06953,0.07325,2065521.11495272
2025-06-23T00:00:00Z,GRTUSD,0.07344,0.08182,0.07242,0.08182,2950233.59992526
2025-06-24T00:00:00Z,GRTUSD,0.08165,0.08544,0.08146,0.08406,1229127.27417198
2025-06-25T00:00:00Z,GRTUSD,0.08412,0.08458,0.08051,0.08096,896582.58786531
2025-06-26T00:00:00Z,GRTUSD,0.08106,0.08333,0.07880,0.07896,1013637.83483747
2025-06-27T00:00:00Z,GRTUSD,0.07904,0.08244,0.07818,0.08096,757420.36559344
2025-06-28T00:00:00Z,GRTUSD,0.08113,0.08474,0.08100,0.08424,1030616.28668808
2025-06-29T00:00:00Z,GRTUSD,0.08452,0.08865,0.08333,0.08787,1388501.36665532
2025-06-30T00:00:00Z,GRTUSD,0.08790,0.08824,0.08374,0.08396,1641519.01371410
2025-07-01T00:00:00Z,GRTUSD,0.08395,0.08423,0.07899,0.07981,1865033.69909197
2025-07-02T00:00:00Z,GRTUSD,0.07970,0.08854,0.07887,0.08681,1992783.03410121
2025-07-03T00:00:00Z,GRTUSD,0.08692,0.08967,0.08612,0.08713,1168598.34285576
2025-07-04T00:00:00Z,GRTUSD,0.08771,0.08821,0.08129,0.08253,1079371.58855475
2025-07-05T00:00:00Z,GRTUSD,0.08262,0.08325,0.08094,0.08248,312011.57679328
2025-07-06T00:00:00Z,GRTUSD,0.08253,0.08633,0.08202,0.08469,3319922.99604974
2025-07-07T00:00:00Z,GRTUSD,0.08468,0.08553,0.08213,0.08319,1255766.60801786
2025-07-08T00:00:00Z,GRTUSD,0.08302,0.08580,0.08180,0.08515,1390235.17918447
2025-07-09T00:00:00Z,GRTUSD,0.08537,0.09105,0.08441,0.09043,1559221.12041232
2025-07-10T00:00:00Z,GRTUSD,0.09051,0.09762,0.08954,0.09707,1669608.82489657
2025-07-11T00:00:00Z,GRTUSD,0.09725,0.10142,0.09500,0.09623,4506717.74555396
2025-07-12T00:00:00Z,GRTUSD,0.09625,0.09826,0.09287,0.09575,1255766.31454349
2025-07-13T00:00:00Z,GRTUSD,0.09586,0.10141,0.09550,0.09952,1338489.47142775
2025-07-14T00:00:00Z,GRTUSD,0.09948,0.10481,0.09788,0.09912,3813219.23937003
2025-07-15T00:00:00Z,GRTUSD,0.09905,0.10319,0.09526,0.10319,2132721.11171534
2025-07-16T00:00:00Z,GRTUSD,0.10337,0.10690,0.10093,0.10382,3896516.26756038
2025-07-17T00:00:00Z,GRTUSD,0.10376,0.10743,0.10120,0.10634,2864335.76996344
2025-07-18T00:00:00Z,GRTUSD,0.10671,0.11441,0.10406,0.10699,2775611.64314836
2025-07-19T00:00:00Z,GRTUSD,0.10746,0.11049,0.10449,0.11014,2063152.73370744
2025-07-20T00:00:00Z,GRTUSD,0.11029,0.11816,0.10942,0.11579,3406761.24096917
2025-07-21T00:00:00Z,GRTUSD,0.11595,0.12064,0.11332,0.11450,2532831.33729682
2025-07-22T00:00:00Z,GRTUSD,0.11481,0.11543,0.10825,0.11314,2867709.97114290
2025-07-23T00:00:00Z,GRTUSD,0.11313,0.11348,0.09917,0.10257,3128747.72227528
2025-07-24T00:00:00Z,GRTUSD,0.10272,0.10799,0.09860,0.10267,2333731.19744020
2025-07-25T00:00:00Z,GRTUSD,0.10263,0.10510,0.09891,0.10493,1731594.10672730
2025-07-26T00:00:00Z,GRTUSD,0.10474,0.10714,0.10414,0.10504,2651626.09737030
2025-07-27T00:00:00Z,GRTUSD,0.10514,0.11052,0.10484,0.10999,3175105.80553641
2025-07-28T00:00:00Z,GRTUSD,0.10995,0.11339,0.10197,0.10295,8826591.67982530
2025-07-29T00:00:00Z,GRTUSD,0.10276,0.10664,0.10031,0.10226,2809286.24626990
2025-07-30T00:00:00Z,GRTUSD,0.10182,0.10229,0.09492,0.10032,2244400.23980222
2025-07-31T00:00:00Z,GRTUSD,0.10036,0.10242,0.09366,0.09420,1831893.01998719
2025-08-01T00:00:00Z,GRTUSD,0.09402,0.09470,0.08803,0.09078,2971037.83078645
2025-08-02T00:00:00Z,GRTUSD,0.09075,0.09187,0.08592,0.08867,5291605.81872730
2025-08-03T00:00:00Z,GRTUSD,0.08859,0.09201,0.08748,0.09149,800161.21562158
2025-08-04T00:00:00Z,GRTUSD,0.09151,0.09488,0.09130,0.09340,819897.11972141
2025-08-05T00:00:00Z,GRTUSD,0.09316,0.09351,0.08747,0.08974,1342937.16704419
2025-08-06T00:00:00Z,GRTUSD,0.08977,0.09286,0.08737,0.09189,531418.76229834
2025-08-07T00:00:00Z,GRTUSD,0.09190,0.09582,0.09163,0.09563,1351946.93450843
2025-08-08T00:00:00Z,GRTUSD,0.09576,0.09684,0.09325,0.09571,1059332.99746831
2025-08-09T00:00:00Z,GRTUSD,0.09609,0.10128,0.09510,0.10040,1859811.30610731
2025-08-10T00:00:00Z,GRTUSD,0.10065,0.10161,0.09621,0.09935,2130906.36082349
2025-08-11T00:00:00Z,GRTUSD,0.09908,0.10229,0.09223,0.09331,2925422.53706931
2025-08-12T00:00:00Z,GRTUSD,0.09325,0.10178,0.09228,0.10144,2160290.99577493
2025-08-13T00:00:00Z,GRTUSD,0.10169,0.10433,0.09994,0.10156,2872569.97277048
2025-08-14T00:00:00Z,GRTUSD,0.10156,0.10367,0.09074,0.09315,3526480.72240578
2025-08-15T00:00:00Z,GRTUSD,0.09305,0.09487,0.08921,0.09259,2260772.75600418
2025-08-16T00:00:00Z,GRTUSD,0.09318,0.09531,0.09055,0.09470,4369103.22569211
2025-08-17T00:00:00Z,GRTUSD,0.09478,0.09761,0.09393,0.09408,773546.56109474
2025-08-18T00:00:00Z,GRTUSD,0.09405,0.09407,0.08974,0.09118,950263.09956915
2025-08-19T00:00:00Z,GRTUSD,0.09116,0.09294,0.08764,0.08834,1927411.06992120
2025-08-20T00:00:00Z,GRTUSD,0.08838,0.09333,0.08794,0.09242,1303578.78064767
2025-08-21T00:00:00Z,GRTUSD,0.09260,0.09316,0.08914,0.08951,1102649.74669655
2025-08-22T00:00:00Z,GRTUSD,0.08954,0.09807,0.08659,0.09697,3159538.08280457
2025-08-23T00:00:00Z,GRTUSD,0.09706,0.09725,0.09380,0.09530,1028638.46741343
2025-08-24T00:00:00Z,GRTUSD,0.09557,0.09764,0.09099,0.09358,1985547.48220166
2025-08-25T00:00:00Z,GRTUSD,0.09403,0.09551,0.08500,0.08639,4389576.93390487
2025-08-26T00:00:00Z,GRTUSD,0.08617,0.09066,0.08617,0.09001,1568831.62598116
2025-08-27T00:00:00Z,GRTUSD,0.09002,0.09195,0.08907,0.09055,1632148.48942662
2025-08-28T00:00:00Z,GRTUSD,0.09049,0.09401,0.09006,0.09347,2947360.74461696
2025-08-29T00:00:00Z,GRTUSD,0.09350,0.09381,0.08622,0.08792,2170570.13321763
2025-08-30T00:00:00Z,GRTUSD,0.08778,0.08954,0.08664,0.08945,1073968.87337809
2025-08-31T00:00:00Z,GRTUSD,0.08956,0.09182,0.08850,0.08850,867006.13568127
2025-09-01T00:00:00Z,GRTUSD,0.08848,0.09144,0.08541,0.08700,3098474.16358815
2025-09-02T00:00:00Z,GRTUSD,0.08716,0.08917,0.08653,0.08906,1235316.59970293
2025-09-03T00:00:00Z,GRTUSD,0.08917,0.09091,0.08868,0.08940,1899793.43627586
2025-09-04T00:00:00Z,GRTUSD,0.08952,0.08990,0.08606,0.08700,1594324.33944828
2025-09-05T00:00:00Z,GRTUSD,0.08673,0.09076,0.08556,0.08870,4064893.01439861
2025-09-06T00:00:00Z,GRTUSD,0.08878,0.08906,0.08695,0.08763,905715.82375789
2025-09-07T00:00:00Z,GRTUSD,0.08781,0.08962,0.08646,0.08893,6470845.30754372
2025-09-08T00:00:00Z,GRTUSD,0.08889,0.09233,0.08835,0.09171,3046854.46575297
2025-09-09T00:00:00Z,GRTUSD,0.09231,0.10198,0.09190,0.09902,9032794.47065077
2025-09-10T00:00:00Z,GRTUSD,0.09927,0.10026,0.09617,0.09766,5874348.27217095
2025-09-11T00:00:00Z,GRTUSD,0.09781,0.10072,0.09531,0.09993,3109705.36805786
2025-09-12T00:00:00Z,GRTUSD,0.10011,0.10142,0.09776,0.10071,3100216.92277225
2025-09-13T00:00:00Z,GRTUSD,0.10066,0.10498,0.09946,0.10085,4405654.02498290
2025-09-14T00:00:00Z,GRTUSD,0.10088,0.10092,0.09595,0.09611,3053899.14606087
2025-09-15T00:00:00Z,GRTUSD,0.09644,0.09767,0.09153,0.09335,3631237.45030488
2025-09-16T00:00:00Z,GRTUSD,0.09310,0.09533,0.09197,0.09468,1857484.74478750
2025-09-17T00:00:00Z,GRTUSD,0.09466,0.09793,0.09226,0.09732,2242358.02350121
2025-09-18T00:00:00Z,GRTUSD,0.09745,0.09953,0.09626,0.09853,2362877.45665627
2025-09-19T00:00:00Z,GRTUSD,0.09854,0.09984,0.09231,0.09292,3060559.02838570
2025-09-20T00:00:00Z,GRTUSD,0.09290,0.09494,0.09206,0.09399,1637531.45222835
2025-09-21T00:00:00Z,GRTUSD,0.09423,0.09474,0.09223,0.09230,957760.41926067
2025-09-22T00:00:00Z,GRTUSD,0.09215,0.09252,0.08225,0.08529,3969781.63960856
2025-09-23T00:00:00Z,GRTUSD,0.08519,0.08561,0.08309,0.08349,5320393.66539383
2025-09-24T00:00:00Z,GRTUSD,0.08375,0.09250,0.08216,0.08369,4658630.50501466
2025-09-25T00:00:00Z,GRTUSD,0.08352,0.08361,0.07840,0.07972,5591620.92808791
2025-09-26T00:00:00Z,GRTUSD,0.07993,0.08279,0.07909,0.08248,3369656.11419594
2025-09-27T00:00:00Z,GRTUSD,0.08226,0.08256,0.08050,0.08112,511430.18241094
2025-09-28T00:00:00Z,GRTUSD,0.08094,0.08302,0.07893,0.08264,1315711.42869890
2025-09-29T00:00:00Z,GRTUSD,0.08267,0.08340,0.07997,0.08171,2013345.86427496
2025-09-30T00:00:00Z,GRTUSD,0.08170,0.08187,0.07850,0.08021,2309426.34269997
2025-10-01T00:00:00Z,GRTUSD,0.08071,0.08506,0.07999,0.08498,1161963.22669352
2025-10-02T00:00:00Z,GRTUSD,0.08514,0.08891,0.08462,0.08851,2304407.60227729
2025-10-03T00:00:00Z,GRTUSD,0.08837,0.08917,0.08547,0.08564,1322471.19258606
2025-10-04T00:00:00Z,GRTUSD,0.08583,0.08592,0.08213,0.08391,1291760.96614226
2025-10-05T00:00:00Z,GRTUSD,0.08364,0.08741,0.08231,0.08300,1238455.50016359
2025-10-06T00:00:00Z,GRTUSD,0.08291,0.08759,0.08248,0.08587,1660894.30781951
2025-10-07T00:00:00Z,GRTUSD,0.08595,0.08694,0.08163,0.08206,3700814.80670401
2025-10-08T00:00:00Z,GRTUSD,0.08209,0.08456,0.08100,0.08306,970600.27689064
2025-10-09T00:00:00Z,GRTUSD,0.08292,0.08310,0.07941,0.08129,2585566.93497448
2025-10-10T00:00:00Z,GRTUSD,0.08131,0.08330,0.03843,0.07113,10780238.33641473
2025-10-11T00:00:00Z,GRTUSD,0.07128,0.07248,0.05975,0.06279,6621200.55653671
2025-10-12T00:00:00Z,GRTUSD,0.06261,0.07019,0.06141,0.06907,2723879.96279014
2025-10-13T00:00:00Z,GRTUSD,0.06870,0.07477,0.06801,0.07360,2848064.66262326
2025-10-14T00:00:00Z,GRTUSD,0.07358,0.07367,0.06538,0.07011,3172879.70240087
2025-10-15T00:00:00Z,GRTUSD,0.06982,0.07126,0.06507,0.06638,2998322.77235634
2025-10-16T00:00:00Z,GRTUSD,0.06644,0.06786,0.06309,0.06368,2842084.66797965
2025-10-17T00:00:00Z,GRTUSD,0.06389,0.06519,0.05941,0.06195,2368824.06057867
2025-10-18T00:00:00Z,GRTUSD,0.06210,0.06386,0.06160,0.06247,1566014.09277906
2025-10-19T00:00:00Z,GRTUSD,0.06249,0.06523,0.06180,0.06409,1404610.27733493
2025-10-20T00:00:00Z,GRTUSD,0.06409,0.06731,0.06283,0.06577,2107484.03738963
2025-10-21T00:00:00Z,GRTUSD,0.06553,0.06836,0.06290,0.06345,2112978.07942082
2025-10-22T00:00:00Z,GRTUSD,0.06337,0.06390,0.05864,0.06170,1946997.12142997
2025-10-23T00:00:00Z,GRTUSD,0.06162,0.06440,0.06134,0.06349,2203622.73014290
2025-10-24T00:00:00Z,GRTUSD,0.06365,0.06596,0.06324,0.06497,1855512.31079061
2025-10-25T00:00:00Z,GRTUSD,0.06480,0.06553,0.06347,0.06482,323374.53481176
2025-10-26T00:00:00Z,GRTUSD,0.06459,0.06732,0.06396,0.06664,1342404.57442547
2025-10-27T00:00:00Z,GRTUSD,0.06669,0.06753,0.06433,0.06512,1497291.94458138
2025-10-28T00:00:00Z,GRTUSD,0.06509,0.06566,0.06170,0.06234,1333811.15643303
2025-10-29T00:00:00Z,GRTUSD,0.06238,0.06616,0.06230,0.06359,2581530.29583444
2025-10-30T00:00:00Z,GRTUSD,0.06365,0.06427,0.05871,0.06085,2287621.12228790
2025-10-31T00:00:00Z,GRTUSD,0.06083,0.06277,0.06029,0.06149,1441067.16363487
2025-11-01T00:00:00Z,GRTUSD,0.06137,0.06448,0.06082,0.06412,792161.70403634
2025-11-02T00:00:00Z,GRTUSD,0.06414,0.06539,0.06245,0.06520,768566.22591996
2025-11-03T00:00:00Z,GRTUSD,0.06517,0.06530,0.05495,0.05654,3013965.54289961
2025-11-04T00:00:00Z,GRTUSD,0.05662,0.05753,0.05176,0.05482,3579134.77711151
2025-11-05T00:00:00Z,GRTUSD,0.05476,0.05720,0.05232,0.05638,1613479.33943351
2025-11-06T00:00:00Z,GRTUSD,0.05624,0.05625,0.05354,0.05625,2715904.11082126
2025-11-07T00:00:00Z,GRTUSD,0.05637,0.07643,0.05635,0.06974,24840226.11858669
2025-11-08T00:00:00Z,GRTUSD,0.06987,0.07197,0.06479,0.06655,7992664.81062730
2025-11-09T00:00:00Z,GRTUSD,0.06642,0.06705,0.06309,0.06636,2964215.93067248
2025-11-10T00:00:00Z,GRTUSD,0.06642,0.07064,0.06583,0.06878,8049503.18814659
2025-11-11T00:00:00Z,GRTUSD,0.06893,0.06992,0.06340,0.06340,3404618.65072263
2025-11-12T00:00:00Z,GRTUSD,0.06391,0.06722,0.06220,0.06283,3125118.69537929
2025-11-13T00:00:00Z,GRTUSD,0.06314,0.06468,0.05901,0.06055,3324897.86552948
2025-11-14T00:00:00Z,GRTUSD,0.06043,0.06107,0.05588,0.05633,2138098.83564376
2025-11-15T00:00:00Z,GRTUSD,0.05635,0.05905,0.05623,0.05701,2175276.30939638
2025-11-16T00:00:00Z,GRTUSD,0.05698,0.05792,0.05428,0.05590,2017301.73851786
2025-11-17T00:00:00Z,GRTUSD,0.05588,0.05815,0.05404,0.05515,2456079.69571177
2025-11-18T00:00:00Z,GRTUSD,0.05511,0.05756,0.05443,0.05611,2313270.48676688
2025-11-19T00:00:00Z,GRTUSD,0.05611,0.05636,0.05200,0.05452,3066868.49518325
2025-11-20T00:00:00Z,GRTUSD,0.05469,0.05871,0.05260,0.05310,8505700.56867905
2025-11-21T00:00:00Z,GRTUSD,0.05336,0.05411,0.04649,0.04920,4733994.60157381
2025-11-22T00:00:00Z,GRTUSD,0.04919,0.04939,0.04731,0.04879,1808266.30827726
2025-11-23T00:00:00Z,GRTUSD,0.04882,0.05041,0.04852,0.04920,1732681.91896520
2025-11-24T00:00:00Z,GRTUSD,0.04918,0.05223,0.04883,0.05120,1720938.16391946
2025-11-25T00:00:00Z,GRTUSD,0.05134,0.05242,0.04990,0.05213,4273947.82763928
2025-11-26T00:00:00Z,GRTUSD,0.05221,0.05232,0.04983,0.05190,1441024.71553940
2025-11-27T00:00:00Z,GRTUSD,0.05185,0.05298,0.05129,0.05217,930996.47703938
2025-11-28T00:00:00Z,GRTUSD,0.05226,0.05275,0.05053,0.05117,486564.32031007
2025-11-29T00:00:00Z,GRTUSD,0.05114,0.05146,0.05000,0.05031,1005957.25340776
2025-11-30T00:00:00Z,GRTUSD,0.05044,0.05073,0.04942,0.04942,401506.07396122
2025-12-01T00:00:00Z,GRTUSD,0.04946,0.04946,0.04500,0.04630,7538258.97515437
2025-12-02T00:00:00Z,GRTUSD,0.04630,0.05073,0.04582,0.04917,2873749.12998324
2025-12-03T00:00:00Z,GRTUSD,0.04917,0.05048,0.04878,0.04989,2374704.68287386
2025-12-04T00:00:00Z,GRTUSD,0.04992,0.05012,0.04722,0.04784,2745285.40307128
2025-12-05T00:00:00Z,GRTUSD,0.04794,0.04844,0.04458,0.04556,3164872.97904326
2025-12-06T00:00:00Z,GRTUSD,0.04554,0.04688,0.04518,0.04649,1046656.78851297
2025-12-07T00:00:00Z,GRTUSD,0.04660,0.04685,0.04440,0.04514,958162.18116198
2025-12-08T00:00:00Z,GRTUSD,0.04515,0.04718,0.04504,0.04586,744255.82038408
2025-12-09T00:00:00Z,GRTUSD,0.04596,0.04850,0.04506,0.04740,2271470.70984199
2025-12-10T00:00:00Z,GRTUSD,0.04735,0.04803,0.04534,0.04574,2103040.57430567
2025-12-11T00:00:00Z,GRTUSD,0.04563,0.04563,0.04267,0.04441,3246312.24484076
2025-12-12T00:00:00Z,GRTUSD,0.04451,0.04499,0.04033,0.04090,62621543.72071006
2025-12-13T00:00:00Z,GRTUSD,0.04098,0.04230,0.04058,0.04210,1636064.04333349
2025-12-14T00:00:00Z,GRTUSD,0.04206,0.04210,0.03955,0.04004,1405796.60398861
2025-12-15T00:00:00Z,GRTUSD,0.04021,0.04118,0.03723,0.03808,3493606.00291857
2025-12-16T00:00:00Z,GRTUSD,0.03805,0.03920,0.03759,0.03869,2404509.04997429
2025-12-17T00:00:00Z,GRTUSD,0.03878,0.04000,0.03688,0.03730,2520278.58105760
2025-12-18T00:00:00Z,GRTUSD,0.03728,0.03819,0.03514,0.03570,3358425.53942204
2025-12-19T00:00:00Z,GRTUSD,0.03576,0.03819,0.03510,0.03752,2688485.98962294
2025-12-20T00:00:00Z,GRTUSD,0.03754,0.03821,0.03726,0.03774,1782037.70494786
2025-12-21T00:00:00Z,GRTUSD,0.03775,0.03779,0.03565,0.03663,4442635.03213907
2025-12-22T00:00:00Z,GRTUSD,0.03678,0.03931,0.03578,0.03783,15544891.59040863
2025-12-23T00:00:00Z,GRTUSD,0.03804,0.03827,0.03596,0.03651,3308296.17191836
2025-12-24T00:00:00Z,GRTUSD,0.03660,0.03670,0.03547,0.03662,2929062.92335035
2025-12-25T00:00:00Z,GRTUSD,0.03662,0.03707,0.03527,0.03534,2829771.66214898
2025-12-26T00:00:00Z,GRTUSD,0.03538,0.03702,0.03525,0.03633,6323973.13856423
2025-12-27T00:00:00Z,GRTUSD,0.03634,0.03819,0.03629,0.03819,1675225.95322866
2025-12-28T00:00:00Z,GRTUSD,0.03812,0.03859,0.03745,0.03782,1676541.47231722
2025-12-29T00:00:00Z,GRTUSD,0.03786,0.03839,0.03502,0.03545,3821091.82098888
2025-12-30T00:00:00Z,GRTUSD,0.03539,0.03567,0.03485,0.03486,4249903.37586438
2025-12-31T00:00:00Z,GRTUSD,0.03485,0.03505,0.03261,0.03312,6386424.66412021
2026-01-01T00:00:00Z,GRTUSD,0.03315,0.03615,0.03300,0.03597,4232787.38542747
2026-01-02T00:00:00Z,GRTUSD,0.03607,0.03768,0.03536,0.03715,5131016.79487720
2026-01-03T00:00:00Z,GRTUSD,0.03728,0.03895,0.03628,0.03848,5363289.75506488
2026-01-04T00:00:00Z,GRTUSD,0.03849,0.04126,0.03842,0.04074,5191656.65406931
2026-01-05T00:00:00Z,GRTUSD,0.04077,0.04218,0.03977,0.04169,7076002.55544193
2026-01-06T00:00:00Z,GRTUSD,0.04174,0.04398,0.04048,0.04253,3726532.54742072
2026-01-07T00:00:00Z,GRTUSD,0.04252,0.04252,0.04011,0.04066,2092535.67930950
2026-01-08T00:00:00Z,GRTUSD,0.04072,0.04145,0.03898,0.04047,2895040.61881026
2026-01-09T00:00:00Z,GRTUSD,0.04048,0.04514,0.04029,0.04234,4639729.55969972
2026-01-10T00:00:00Z,GRTUSD,0.04247,0.04271,0.04098,0.04160,2088813.30277566
2026-01-11T00:00:00Z,GRTUSD,0.04157,0.04324,0.04100,0.04170,1741061.82217707
2026-01-12T00:00:00Z,GRTUSD,0.04170,0.04311,0.04028,0.04062,2337126.28771791
2026-01-13T00:00:00Z,GRTUSD,0.04070,0.04424,0.04055,0.04350,3778667.49769191
2026-01-14T00:00:00Z,GRTUSD,0.04358,0.04387,0.04199,0.04216,1876760.60556662
2026-01-15T00:00:00Z,GRTUSD,0.04212,0.04231,0.04003,0.04085,2542638.28229212
2026-01-16T00:00:00Z,GRTUSD,0.04086,0.04199,0.03939,0.04152,1419953.39463238
2026-01-17T00:00:00Z,GRTUSD,0.04157,0.04466,0.04141,0.04268,4571551.84106203
2026-01-18T00:00:00Z,GRTUSD,0.04275,0.04330,0.04037,0.04037,2360460.85359023
2026-01-19T00:00:00Z,GRTUSD,0.04032,0.04032,0.03494,0.03866,6212447.23520000
2026-01-20T00:00:00Z,GRTUSD,0.03848,0.03911,0.03579,0.03604,2433601.39525762
2026-01-21T00:00:00Z,GRTUSD,0.03617,0.03779,0.03572,0.03671,2625930.48328149
2026-01-22T00:00:00Z,GRTUSD,0.03680,0.03780,0.03567,0.03640,1481842.72666429
2026-01-23T00:00:00Z,GRTUSD,0.03649,0.03762,0.03600,0.03663,756693.13120437
2026-01-24T00:00:00Z,GRTUSD,0.03678,0.03697,0.03617,0.03645,1762189.92339798
2026-01-25T00:00:00Z,GRTUSD,0.03655,0.03663,0.03430,0.03486,3021967.10550437
2026-01-26T00:00:00Z,GRTUSD,0.03495,0.03706,0.03495,0.03607,1719827.84805364
2026-01-27T00:00:00Z,GRTUSD,0.03611,0.03702,0.03536,0.03663,815756.28564718
2026-01-28T00:00:00Z,GRTUSD,0.03666,0.03714,0.03547,0.03690,2484495.42467986
2026-01-29T00:00:00Z,GRTUSD,0.03680,0.03680,0.03308,0.03397,4586569.25203951
2026-01-30T00:00:00Z,GRTUSD,0.03397,0.03403,0.03219,0.03288,6196368.52860763
2026-01-31T00:00:00Z,GRTUSD,0.03293,0.03300,0.02687,0.03020,11593530.90169130
2026-02-01T00:00:00Z,GRTUSD,0.03024,0.03130,0.02904,0.02960,2380018.82515271
2026-02-02T00:00:00Z,GRTUSD,0.02960,0.03107,0.02876,0.03041,4840618.95197850
2026-02-03T00:00:00Z,GRTUSD,0.03037,0.03085,0.02835,0.02945,6676901.14491496
2026-02-04T00:00:00Z,GRTUSD,0.02959,0.03025,0.02834,0.02904,3593079.16918621
2026-02-05T00:00:00Z,GRTUSD,0.02901,0.02940,0.02396,0.02462,13254159.78211197
2026-02-06T00:00:00Z,GRTUSD,0.02474,0.02942,0.02260,0.02866,9252100.55962701
2026-02-07T00:00:00Z,GRTUSD,0.02846,0.02882,0.02728,0.02807,4339032.52168603
2026-02-08T00:00:00Z,GRTUSD,0.02803,0.02822,0.02727,0.02750,2933473.14574472
2026-02-09T00:00:00Z,GRTUSD,0.02765,0.02772,0.02645,0.02708,2567632.51395360
2026-02-10T00:00:00Z,GRTUSD,0.02710,0.02724,0.02620,0.02651,3845232.23001526
2026-02-11T00:00:00Z,GRTUSD,0.02652,0.02686,0.02540,0.02607,2515641.96592156
2026-02-12T00:00:00Z,GRTUSD,0.02613,0.02757,0.02596,0.02674,2877913.22192649
2026-02-13T00:00:00Z,GRTUSD,0.02676,0.02787,0.02617,0.02754,2383806.11686485
2026-02-14T00:00:00Z,GRTUSD,0.02767,0.02940,0.02767,0.02905,1610994.70113896
2026-02-15T00:00:00Z,GRTUSD,0.02898,0.02932,0.02722,0.02785,2370830.98923914
2026-02-16T00:00:00Z,GRTUSD,0.02788,0.02836,0.02737,0.02815,936260.76573159
2026-02-17T00:00:00Z,GRTUSD,0.02817,0.02821,0.02736,0.02776,1281144.64879830
2026-02-18T00:00:00Z,GRTUSD,0.02777,0.02801,0.02654,0.02683,1702935.91146528
2026-02-19T00:00:00Z,GRTUSD,0.02683,0.02708,0.02605,0.02645,3044219.57523525
2026-02-20T00:00:00Z,GRTUSD,0.02648,0.02734,0.02596,0.02723,1731454.14705078
2026-02-21T00:00:00Z,GRTUSD,0.02732,0.02964,0.02730,0.02794,7918635.47281851
2026-02-22T00:00:00Z,GRTUSD,0.02790,0.02799,0.02653,0.02670,1744651.14152008
2026-02-23T00:00:00Z,GRTUSD,0.02669,0.02699,0.02562,0.02618,2220363.54000629
2026-02-24T00:00:00Z,GRTUSD,0.02609,0.02635,0.02538,0.02572,3363764.82644827
2026-02-25T00:00:00Z,GRTUSD,0.02569,0.02900,0.02563,0.02778,3143495.17712133
2026-02-26T00:00:00Z,GRTUSD,0.02779,0.02801,0.02613,0.02670,2732896.09892715
2026-02-27T00:00:00Z,GRTUSD,0.02675,0.02752,0.02564,0.02617,1507948.63115812
2026-02-28T00:00:00Z,GRTUSD,0.02617,0.02660,0.02443,0.02654,3741268.52279130
2026-03-01T00:00:00Z,GRTUSD,0.02655,0.02728,0.02502,0.02564,3802120.41428325
2026-03-02T00:00:00Z,GRTUSD,0.02568,0.02704,0.02540,0.02609,2418272.65649376
2026-03-03T00:00:00Z,GRTUSD,0.02610,0.02648,0.02528,0.02613,2578180.15363642
2026-03-04T00:00:00Z,GRTUSD,0.02604,0.02715,0.02568,0.02677,2832644.53779200
2026-03-05T00:00:00Z,GRTUSD,0.02673,0.02698,0.02586,0.02628,2109409.56106981
2026-03-06T00:00:00Z,GRTUSD,0.02627,0.02654,0.02527,0.02568,3112626.04002141
2026-03-07T00:00:00Z,GRTUSD,0.02583,0.02583,0.02494,0.02505,1300113.09112342
2026-03-08T00:00:00Z,GRTUSD,0.02509,0.02580,0.02454,0.02466,3223231.90988650
2026-03-09T00:00:00Z,GRTUSD,0.02471,0.02578,0.02471,0.02505,1653318.28104042
2026-03-10T00:00:00Z,GRTUSD,0.02505,0.02588,0.02486,0.02493,2067553.85543459
2026-03-11T00:00:00Z,GRTUSD,0.02497,0.02626,0.02483,0.02589,1570993.44987753
2026-03-12T00:00:00Z,GRTUSD,0.02588,0.02975,0.02534,0.02773,12404453.23316729
2026-03-13T00:00:00Z,GRTUSD,0.02789,0.02927,0.02676,0.02682,5312782.48320860
2026-03-14T00:00:00Z,GRTUSD,0.02678,0.02702,0.02587,0.02619,3331355.36518576
2026-03-15T00:00:00Z,GRTUSD,0.02617,0.02715,0.02598,0.02692,3090999.44620207
2026-03-16T00:00:00Z,GRTUSD,0.02700,0.02837,0.02668,0.02811,4120865.18161858
2026-03-17T00:00:00Z,GRTUSD,0.02810,0.02827,0.02719,0.02783,4229196.50664003
2026-03-18T00:00:00Z,GRTUSD,0.02789,0.02830,0.02631,0.02667,4682643.60591869
2026-03-19T00:00:00Z,GRTUSD,0.02668,0.02691,0.02556,0.02569,2703285.11508830
2026-03-20T00:00:00Z,GRTUSD,0.02573,0.02671,0.02573,0.02610,3230926.90126781
2026-03-21T00:00:00Z,GRTUSD,0.02615,0.02625,0.02523,0.02523,1201100.96003453
2026-03-22T00:00:00Z,GRTUSD,0.02528,0.02541,0.02417,0.02440,4023580.43145050
2026-03-23T00:00:00Z,GRTUSD,0.02446,0.02562,0.02401,0.02531,2729206.18095600
2026-03-24T00:00:00Z,GRTUSD,0.02528,0.02549,0.02471,0.02525,2300983.94220260
2026-03-25T00:00:00Z,GRTUSD,0.02527,0.02568,0.02518,0.02553,2378360.65517877
2026-03-26T00:00:00Z,GRTUSD,0.02551,0.02551,0.02397,0.02431,2689347.95068340
2026-03-27T00:00:00Z,GRTUSD,0.02436,0.02453,0.02359,0.02376,2394293.25841119
2026-03-28T00:00:00Z,GRTUSD,0.02376,0.02431,0.02342,0.02366,2670988.25694935
2026-03-29T00:00:00Z,GRTUSD,0.02370,0.02382,0.02261,0.02336,5716419.96917919
2026-03-30T00:00:00Z,GRTUSD,0.02340,0.02451,0.02335,0.02368,2519517.12175384
2026-03-31T00:00:00Z,GRTUSD,0.02366,0.02420,0.02346,0.02406,2951277.02022948
2026-04-01T00:00:00Z,GRTUSD,0.02409,0.02510,0.02400,0.02432,7398104.60770278
2026-04-02T00:00:00Z,GRTUSD,0.02440,0.02454,0.02324,0.02365,4716506.33452615
2026-04-03T00:00:00Z,GRTUSD,0.02369,0.02456,0.02363,0.02394,3573535.22180440
2026-04-04T00:00:00Z,GRTUSD,0.02393,0.02443,0.02382,0.02416,4369898.03130578
2026-04-05T00:00:00Z,GRTUSD,0.02419,0.02419,0.02331,0.02385,3065086.30317740
2026-04-06T00:00:00Z,GRTUSD,0.02394,0.02469,0.02352,0.02375,12719148.82950398
2026-04-07T00:00:00Z,GRTUSD,0.02375,0.02520,0.02339,0.02508,5354812.00043214
2026-04-08T00:00:00Z,GRTUSD,0.02513,0.02515,0.02375,0.02383,3526496.76125329
2026-04-09T00:00:00Z,GRTUSD,0.02384,0.02461,0.02372,0.02421,3708345.32224171
2026-04-10T00:00:00Z,GRTUSD,0.02425,0.02470,0.02397,0.02440,5846447.21678949
2026-04-11T00:00:00Z,GRTUSD,0.02433,0.02448,0.02387,0.02427,2841623.44267594
2026-04-12T00:00:00Z,GRTUSD,0.02423,0.02428,0.02347,0.02359,1704895.79570969
2026-04-13T00:00:00Z,GRTUSD,0.02362,0.02476,0.02341,0.02466,6140146.06325363
2026-04-14T00:00:00Z,GRTUSD,0.02473,0.02473,0.02383,0.02398,3930681.36314901
2026-04-15T00:00:00Z,GRTUSD,0.02406,0.02486,0.02382,0.02479,2780610.11520238
2026-04-16T00:00:00Z,GRTUSD,0.02490,0.02599,0.02476,0.02575,6551324.01305586
2026-04-17T00:00:00Z,GRTUSD,0.02576,0.02656,0.02530,0.02604,5114961.03213416
2026-04-18T00:00:00Z,GRTUSD,0.02587,0.02658,0.02487,0.02490,12122946.64221441
2026-04-19T00:00:00Z,GRTUSD,0.02491,0.02518,0.02419,0.02427,2810825.87312380
2026-04-20T00:00:00Z,GRTUSD,0.02438,0.02555,0.02437,0.02496,2575536.44697450
2026-04-21T00:00:00Z,GRTUSD,0.02504,0.02585,0.02435,0.02468,5387226.02868390
2026-04-22T00:00:00Z,GRTUSD,0.02475,0.02545,0.02464,0.02469,2968972.20588052
2026-04-23T00:00:00Z,GRTUSD,0.02471,0.02487,0.02430,0.02470,2335727.90751591
2026-04-24T00:00:00Z,GRTUSD,0.02475,0.02522,0.02439,0.02486,3126718.70005342
2026-04-25T00:00:00Z,GRTUSD,0.02478,0.02561,0.02455,0.02474,3977850.70299033
2026-04-26T00:00:00Z,GRTUSD,0.02471,0.02532,0.02450,0.02505,1737756.94426177
2026-04-27T00:00:00Z,GRTUSD,0.02513,0.02543,0.02425,0.02470,2090229.26443911
2026-04-28T00:00:00Z,GRTUSD,0.02466,0.02475,0.02428,0.02467,1883127.55698165
2026-04-29T00:00:00Z,GRTUSD,0.02470,0.02533,0.02391,0.02433,5284940.65963386
2026-04-30T00:00:00Z,GRTUSD,0.02430,0.02455,0.02391,0.02413,4245485.50034991
2026-05-01T00:00:00Z,GRTUSD,0.02413,0.02453,0.02404,0.02414,1441039.28317053
2026-05-02T00:00:00Z,GRTUSD,0.02417,0.02509,0.02416,0.02484,1689874.27620550
2026-05-03T00:00:00Z,GRTUSD,0.02489,0.02489,0.02436,0.02456,1193417.69557947
2026-05-04T00:00:00Z,GRTUSD,0.02455,0.02523,0.02437,0.02448,5183741.66033354
2026-05-05T00:00:00Z,GRTUSD,0.02449,0.02583,0.02447,0.02579,6187803.02798762
2026-05-06T00:00:00Z,GRTUSD,0.02576,0.02667,0.02548,0.02653,7251457.55110225
2026-05-07T00:00:00Z,GRTUSD,0.02652,0.02669,0.02560,0.02600,4338418.37468703
2026-05-08T00:00:00Z,GRTUSD,0.02602,0.02801,0.02585,0.02757,4665116.35391823
2026-05-09T00:00:00Z,GRTUSD,0.02761,0.02797,0.02681,0.02716,4268688.00572245
2026-05-10T00:00:00Z,GRTUSD,0.02703,0.03038,0.02668,0.02873,21462864.18177437
2026-05-11T00:00:00Z,GRTUSD,0.02859,0.02910,0.02746,0.02842,8161456.61486284
2026-05-12T00:00:00Z,GRTUSD,0.02841,0.02982,0.02798,0.02892,13474726.15940433
2026-05-13T00:00:00Z,GRTUSD,0.02894,0.02947,0.02727,0.02744,8543875.55927361
2026-05-14T00:00:00Z,GRTUSD,0.02743,0.02939,0.02687,0.02800,9724492.36174785
2026-05-15T00:00:00Z,GRTUSD,0.02798,0.02818,0.02656,0.02685,4324624.11881024
2026-05-16T00:00:00Z,GRTUSD,0.02691,0.02718,0.02531,0.02550,4796836.24036050
2026-05-17T00:00:00Z,GRTUSD,0.02549,0.02559,0.02402,0.02468,4506404.93007904
2026-05-18T00:00:00Z,GRTUSD,0.02458,0.02544,0.02436,0.02529,7849474.39876311
2026-05-19T00:00:00Z,GRTUSD,0.02526,0.02538,0.02443,0.02464,3189583.90254340
2026-05-20T00:00:00Z,GRTUSD,0.02464,0.02528,0.02452,0.02503,3537807.16781341
2026-05-21T00:00:00Z,GRTUSD,0.02504,0.02577,0.02495,0.02537,4949013.19354488
2026-05-22T00:00:00Z,GRTUSD,0.02535,0.02762,0.02516,0.02583,20988135.12214165
2026-05-23T00:00:00Z,GRTUSD,0.02582,0.02773,0.02514,0.02675,14189480.40177531
2026-05-24T00:00:00Z,GRTUSD,0.02676,0.02693,0.02527,0.02583,8035644.90378354
2026-05-25T00:00:00Z,GRTUSD,0.02585,0.02835,0.02573,0.02767,10733756.67239787
2026-05-26T00:00:00Z,GRTUSD,0.02766,0.03004,0.02667,0.02808,26013960.65705565
2026-05-27T00:00:00Z,GRTUSD,0.02811,0.02938,0.02697,0.02729,14979396.06745366
2026-05-28T00:00:00Z,GRTUSD,0.02725,0.02727,0.02572,0.02661,14319923.95816748
2026-05-29T00:00:00Z,GRTUSD,0.02664,0.02750,0.02513,0.02594,12997570.45753344
2026-05-30T00:00:00Z,GRTUSD,0.02584,0.02713,0.02563,0.02635,8982875.77376022
2026-05-31T00:00:00Z,GRTUSD,0.02646,0.02653,0.02529,0.02596,8104804.59350454
2026-06-01T00:00:00Z,GRTUSD,0.02596,0.02693,0.02468,0.02504,9067935.28604104
2026-06-02T00:00:00Z,GRTUSD,0.02512,0.02514,0.02240,0.02304,13807595.98433906
2026-06-03T00:00:00Z,GRTUSD,0.02312,0.02443,0.02261,0.02314,8540331.98223587
2026-06-04T00:00:00Z,GRTUSD,0.02312,0.02322,0.02120,0.02173,12620629.93850164
2026-06-05T00:00:00Z,GRTUSD,0.02174,0.02184,0.01919,0.02000,11549325.56917154
2026-06-06T00:00:00Z,GRTUSD,0.02005,0.02024,0.01885,0.01975,6693552.85240559
2026-06-07T00:00:00Z,GRTUSD,0.01974,0.02063,0.01940,0.02005,11313440.74634319
2026-06-08T00:00:00Z,GRTUSD,0.02015,0.02038,0.01974,0.01998,4140660.50339343
2026-06-09T00:00:00Z,GRTUSD,0.01998,0.02010,0.01901,0.01959,6399641.12031951
2026-06-10T00:00:00Z,GRTUSD,0.01955,0.01965,0.01846,0.01871,6570106.87008200
2026-06-11T00:00:00Z,GRTUSD,0.01873,0.01976,0.01873,0.01974,5145675.15983022
2026-06-12T00:00:00Z,GRTUSD,0.01974,0.02003,0.01940,0.01993,5586274.25512387
2026-06-13T00:00:00Z,GRTUSD,0.01995,0.02022,0.01956,0.01999,7497071.12418457
2026-06-14T00:00:00Z,GRTUSD,0.01997,0.02024,0.01942,0.02015,4066657.72126494
2026-06-15T00:00:00Z,GRTUSD,0.02015,0.02148,0.01995,0.02038,9126068.78853357
2026-06-16T00:00:00Z,GRTUSD,0.02036,0.02056,0.01960,0.01995,5032750.86276124
2026-06-17T00:00:00Z,GRTUSD,0.01996,0.02043,0.01924,0.01949,6954014.44869671
2026-06-18T00:00:00Z,GRTUSD,0.01952,0.01961,0.01856,0.01954,7642122.70066143
2026-06-19T00:00:00Z,GRTUSD,0.01953,0.02011,0.01907,0.01942,6945746.87090404
2026-06-20T00:00:00Z,GRTUSD,0.01947,0.01988,0.01907,0.01987,4912494.10139856
2026-06-21T00:00:00Z,GRTUSD,0.01989,0.02058,0.01944,0.01946,6159452.77763288
2026-06-22T00:00:00Z,GRTUSD,0.01944,0.02012,0.01925,0.01944,5014494.89203044
2026-06-23T00:00:00Z,GRTUSD,0.01939,0.01948,0.01843,0.01901,6336988.36372877
2026-06-24T00:00:00Z,GRTUSD,0.01904,0.01911,0.01753,0.01845,9880211.81821680
2026-06-25T00:00:00Z,GRTUSD,0.01846,0.01872,0.01715,0.01800,7915262.17226303
2026-06-26T00:00:00Z,GRTUSD,0.01806,0.01829,0.01730,0.01799,8719293.66847369
2026-06-27T00:00:00Z,GRTUSD,0.01800,0.01834,0.01759,0.01765,5509157.02412720
2026-06-28T00:00:00Z,GRTUSD,0.01766,0.01799,0.01734,0.01762,5263918.41992329
2026-06-29T00:00:00Z,GRTUSD,0.01756,0.01853,0.01743,0.01789,5714956.95169709
2026-06-30T00:00:00Z,GRTUSD,0.01791,0.01822,0.01732,0.01774,8511647.92096826
2026-07-01T00:00:00Z,GRTUSD,0.01770,0.01809,0.01724,0.01773,6392978.24342578
2026-07-02T00:00:00Z,GRTUSD,0.01776,0.01842,0.01761,0.01812,3633446.91074260
2026-07-03T00:00:00Z,GRTUSD,0.01810,0.01958,0.01807,0.01929,6396832.45950903
2026-07-04T00:00:00Z,GRTUSD,0.01937,0.01942,0.01883,0.01885,2542940.15952325
2026-07-05T00:00:00Z,GRTUSD,0.01886,0.01892,0.01832,0.01873,1444180.49033260
2026-07-06T00:00:00Z,GRTUSD,0.01871,0.01910,0.01800,0.01845,5740421.17002669
2026-07-07T00:00:00Z,GRTUSD,0.01845,0.01847,0.01778,0.01785,4382304.22668492
2026-07-08T00:00:00Z,GRTUSD,0.01788,0.01802,0.01731,0.01751,5237233.38633832
2026-07-09T00:00:00Z,GRTUSD,0.01754,0.01773,0.01731,0.01744,2910854.92939715
2026-07-10T00:00:00Z,GRTUSD,0.01743,0.01805,0.01736,0.01769,3154205.16011046
2026-07-11T00:00:00Z,GRTUSD,0.01768,0.01816,0.01756,0.01757,1842498.10175121
2026-07-12T00:00:00Z,GRTUSD,0.01755,0.01777,0.01739,0.01745,1237592.52636204
2026-07-13T00:00:00Z,GRTUSD,0.01741,0.01769,0.01696,0.01722,9032418.05230301
2026-07-14T00:00:00Z,GRTUSD,0.01722,0.01779,0.01721,0.01764,2678264.36188737
2026-07-15T00:00:00Z,GRTUSD,0.01766,0.01796,0.01763,0.01771,3138349.64328765
2026-07-16T00:00:00Z,GRTUSD,0.01774,0.01786,0.01715,0.01721,4876647.09642023
2026-07-17T00:00:00Z,GRTUSD,0.01720,0.01738,0.01694,0.01711,2187226.69657698
2026-07-18T00:00:00Z,GRTUSD,0.01712,0.01714,0.01682,0.01695,1631106.91488316
2026-07-19T00:00:00Z,GRTUSD,0.01694,0.01697,0.01629,0.01646,2979623.41360458
2026-07-20T00:00:00Z,GRTUSD,0.01645,0.01683,0.01613,0.01665,2826823.09072087
2026-07-21T00:00:00Z,GRTUSD,0.01663,0.01695,0.01653,0.01680,5620598.70966859
2026-07-22T00:00:00Z,GRTUSD,0.01679,0.01682,0.01637,0.01653,4010768.30892685
2026-07-23T00:00:00Z,GRTUSD,0.01653,0.01659,0.01578,0.01589,3000757.54066452
2026-07-24T00:00:00Z,GRTUSD,0.01587,0.01627,0.01573,0.01581,5197351.61483924
2026-07-25T00:00:00Z,GRTUSD,0.01581,0.01642,0.01562,0.01626,2496399.47252921
2026-07-26T00:00:00Z,GRTUSD,0.01622,0.01636,0.01595,0.01610,2388090.99131752
2026-07-27T00:00:00Z,GRTUSD,0.01610,0.01627,0.01520,0.01531,4354490.04694625
2026-07-28T00:00:00Z,GRTUSD,0.01532,0.01532,0.01484,0.01527,4480106.37801567
2026-07-29T00:00:00Z,GRTUSD,0.01533,0.01546,0.01464,0.01494,5609633.03335024
2026-07-30T00:00:00Z,GRTUSD,0.01493,0.01510,0.01474,0.01497,5925579.57662763
2026-07-31T00:00:00Z,GRTUSD,0.01496,0.01505,0.01419,0.01431,6480300.80983943
2026-08-01T00:00:00Z,GRTUSD,0.01434,0.01461,0.01410,0.01414,2252973.38220856
2026-08-02T00:00:00Z,GRTUSD,0.01420,0.01476,0.01416,0.01469,1701061.97138639
2026-08-03T00:00:00Z,GRTUSD,0.01473,0.01492,0.01430,0.01482,2795501.20172869
2026-08-04T00:00:00Z,GRTUSD,0.01479,0.01486,0.01458,0.01463,1810074.66735364
2026-08-05T00:00:00Z,GRTUSD,0.01462,0.01505,0.01422,0.01492,5766380.25337907
2026-08-06T00:00:00Z,GRTUSD,0.01480,0.01480,0.01435,0.01449,2800530.72655195
2026-08-07T00:00:00Z,GRTUSD,0.01449,0.01458,0.01423,0.01451,3160980.70128194
2026-08-08T00:00:00Z,GRTUSD,0.01450,0.01474,0.01433,0.01451,2831800.61563005
2026-08-09T00:00:00Z,GRTUSD,0.01450,0.01487,0.01441,0.01447,3332257.01466834
2026-08-10T00:00:00Z,GRTUSD,0.01447,0.01473,0.01407,0.01418,2801316.37559225
2026-08-11T00:00:00Z,GRTUSD,0.01416,0.01426,0.01372,0.01382,3539999.13283963
2026-08-12T00:00:00Z,GRTUSD,0.01380,0.01410,0.01324,0.01345,2274182.43092360
2026-08-13T00:00:00Z,GRTUSD,0.01346,0.01389,0.01328,0.01362,3610866.65003688
2026-08-14T00:00:00Z,GRTUSD,0.01362,0.01372,0.01331,0.01353,3892540.17107614
2026-08-15T00:00:00Z,GRTUSD,0.01355,0.01378,0.01348,0.01350,2034979.70170974
2026-08-16T00:00:00Z,GRTUSD,0.01357,0.01359,0.01316,0.01326,3189722.28882435
2026-08-17T00:00:00Z,GRTUSD,0.01328,0.01358,0.01327,0.01347,1607214.52273109
2026-08-18T00:00:00Z,GRTUSD,0.01345,0.01348,0.01301,0.01320,3757701.59900238
2026-08-19T00:00:00Z,GRTUSD,0.01318,0.01413,0.01302,0.01399,11143864.31857350
2026-08-20T00:00:00Z,GRTUSD,0.01398,0.01504,0.01384,0.01499,14841968.75670492
2026-08-21T00:00:00Z,GRTUSD,0.01501,0.01730,0.01501,0.01729,15676621.17152935
2026-08-22T00:00:00Z,GRTUSD,0.01725,0.01823,0.01484,0.01626,18893223.29531031
2026-08-23T00:00:00Z,GRTUSD,0.01622,0.01801,0.01534,0.01766,16609862.12770232
2026-08-24T00:00:00Z,GRTUSD,0.01746,0.01817,0.01701,0.01773,6923813.34907855
2026-08-25T00:00:00Z,GRTUSD,0.01779,0.01927,0.01714,0.01760,15261605.40264629
2026-08-26T00:00:00Z,GRTUSD,0.01760,0.01808,0.01694,0.01798,7616972.95302386
2026-08-27T00:00:00Z,GRTUSD,0.01796,0.01830,0.01726,0.01769,6819410.58499034
2026-08-28T00:00:00Z,GRTUSD,0.01770,0.01812,0.01620,0.01674,7870886.63081200
2026-08-29T00:00:00Z,GRTUSD,0.01675,0.01682,0.01634,0.01656,1492712.51938299
2026-08-30T00:00:00Z,GRTUSD,0.01653,0.01682,0.01591,0.01615,2760422.43489596
2026-08-31T00:00:00Z,GRTUSD,0.01624,0.01650,0.01610,0.01632,2787979.23777059
2026-09-01T00:00:00Z,GRTUSD,0.01650,0.01665,0.01600,0.01624,3963974.09105682
2026-09-02T00:00:00Z,GRTUSD,0.01625,0.01648,0.01593,0.01623,2353746.51880050
2026-09-03T00:00:00Z,GRTUSD,0.01626,0.01751,0.01617,0.01723,8486760.22301161
2026-09-04T00:00:00Z,GRTUSD,0.01725,0.01749,0.01645,0.01689,23431209.94183856
2026-09-05T00:00:00Z,GRTUSD,0.01684,0.01826,0.01679,0.01822,11752197.80088044
2026-09-06T00:00:00Z,GRTUSD,0.01820,0.02133,0.01812,0.01965,36057396.79739902
2026-09-07T00:00:00Z,GRTUSD,0.01961,0.01968,0.01889,0.01935,13490422.60339232
2026-09-08T00:00:00Z,GRTUSD,0.01932,0.01998,0.01897,0.01938,7580060.67680407
2026-09-09T00:00:00Z,GRTUSD,0.01939,0.01993,0.01826,0.01877,7630641.21192191
2026-09-10T00:00:00Z,GRTUSD,0.01879,0.01879,0.01765,0.01771,4726494.82854599
2026-09-11T00:00:00Z,GRTUSD,0.01772,0.01832,0.01727,0.01757,5957358.84521010
2026-09-12T00:00:00Z,GRTUSD,0.01761,0.01853,0.01755,0.01808,2984726.11500479
2026-09-13T00:00:00Z,GRTUSD,0.01822,0.01916,0.01807,0.01836,7071369.06237096
2026-09-14T00:00:00Z,GRTUSD,0.01837,0.01913,0.01816,0.01833,13317537.47643392
2026-09-15T00:00:00Z,GRTUSD,0.01836,0.01844,0.01711,0.01727,12781134.61924034
2026-09-16T00:00:00Z,GRTUSD,0.01726,0.01819,0.01694,0.01817,9142283.27881334
2026-09-17T00:00:00Z,GRTUSD,0.01819,0.01897,0.01784,0.01897,7939535.27234534
2026-09-18T00:00:00Z,GRTUSD,0.01896,0.02077,0.01881,0.02049,17467207.55395047
2026-09-19T00:00:00Z,GRTUSD,0.02057,0.02089,0.01997,0.02062,11007649.95307012
2026-09-20T00:00:00Z,GRTUSD,0.02059,0.02271,0.02015,0.02218,16482989.66186649
2026-09-21T00:00:00Z,GRTUSD,0.02225,0.02408,0.02206,0.02362,16783287.36462028
2026-09-22T00:00:00Z,GRTUSD,0.02369,0.02593,0.02307,0.02543,23693207.12714844
2026-09-23T00:00:00Z,GRTUSD,0.02550,0.02778,0.02473,0.02488,28323120.95169033
2026-09-24T00:00:00Z,GRTUSD,0.02497,0.02649,0.02443,0.02614,16596438.03003933
2026-09-25T00:00:00Z,GRTUSD,0.02627,0.02891,0.02542,0.02835,26648979.95805903
2026-09-26T00:00:00Z,GRTUSD,0.02829,0.02849,0.02715,0.02763,9105966.78396234
2026-09-27T00:00:00Z,GRTUSD,0.02759,0.03679,0.02705,0.03590,66916562.53950001
