timestamp,symbol,open,high,low,close,volume
2022-06-16T00:00:00Z,GTCUSD,2.487,2.862,2.251,2.32,1436.2396551
2022-06-17T00:00:00Z,GTCUSD,2.251,2.251,2.138,2.14,132.30004716
2022-06-18T00:00:00Z,GTCUSD,2.799,2.8,2.203,2.203,68.19823918
2022-06-19T00:00:00Z,GTCUSD,2.3,2.403,2.258,2.364,937.0635538800001
2022-06-20T00:00:00Z,GTCUSD,2.243,2.36,2.233,2.36,60.75918937
2022-06-21T00:00:00Z,GTCUSD,48.0,48.0,2.653,3.42,94.838
2022-06-22T00:00:00Z,GTCUSD,3.187,3.9,2.365,2.587,1214.0877327700005
2022-06-23T00:00:00Z,GTCUSD,2.605,3.049,2.364,2.588,1565.36016136
2022-06-24T00:00:00Z,GTCUSD,2.626,2.999,2.62,2.88,705.33895981
2022-06-25T00:00:00Z,GTCUSD,2.897,3.012,2.826,3.001,271.24273667
2022-06-26T00:00:00Z,GTCUSD,2.936,3.12,2.85,2.942,302.33637174
2022-06-27T00:00:00Z,GTCUSD,2.874,10.0,0.339,2.947,38449.99603010998
2022-06-28T00:00:00Z,GTCUSD,2.96,3.016,2.687,2.695,1117.3831036899999
2022-06-29T00:00:00Z,GTCUSD,2.734,3.107,2.734,2.998,2366.0399213500004
2022-06-30T00:00:00Z,GTCUSD,2.965,3.017,2.788,2.792,358.02428111000006
2022-07-01T00:00:00Z,GTCUSD,2.93,3.046,2.609,2.609,2474.17272445
2022-07-02T00:00:00Z,GTCUSD,2.589,2.612,2.478,2.522,1058.0524587400002
2022-07-03T00:00:00Z,GTCUSD,2.511,2.554,2.479,2.538,268.10052311
2022-07-04T00:00:00Z,GTCUSD,2.573,2.595,2.562,2.594,383.61948387000007
2022-07-05T00:00:00Z,GTCUSD,2.614,2.633,2.502,2.541,701.52864562
2022-07-06T00:00:00Z,GTCUSD,2.519,2.519,2.485,2.485,81.43046
2022-07-07T00:00:00Z,GTCUSD,2.517,2.594,2.489,2.565,213.60680184999995
2022-07-08T00:00:00Z,GTCUSD,2.611,2.708,2.485,2.666,478.60749991
2022-07-09T00:00:00Z,GTCUSD,2.654,2.711,2.631,2.663,60.541538749999994
2022-07-10T00:00:00Z,GTCUSD,2.607,2.607,2.397,2.438,228.78419839000003
2022-07-11T00:00:00Z,GTCUSD,2.351,2.383,2.183,2.224,664.98862207
2022-07-12T00:00:00Z,GTCUSD,2.219,2.698,2.167,2.167,1296.3106510899997
2022-07-13T00:00:00Z,GTCUSD,2.107,2.21,2.086,2.198,212.21937772999996
2022-07-14T00:00:00Z,GTCUSD,2.198,2.211,2.198,2.211,68.91871154
2022-07-15T00:00:00Z,GTCUSD,2.272,2.698,2.272,2.369,1607.8517926900001
2022-07-16T00:00:00Z,GTCUSD,2.326,2.455,2.326,2.455,478.39178456
2022-07-17T00:00:00Z,GTCUSD,2.44,2.61,2.44,2.552,815.7734291200001
2022-07-18T00:00:00Z,GTCUSD,2.713,3.25,2.524,2.675,4758.233383550001
2022-07-19T00:00:00Z,GTCUSD,2.68,2.742,2.586,2.711,2784.833968989999
2022-07-20T00:00:00Z,GTCUSD,2.669,2.753,2.623,2.623,180.52822882
2022-07-21T00:00:00Z,GTCUSD,2.528,5.179,2.417,2.498,2091.4641420499993
2022-07-22T00:00:00Z,GTCUSD,2.496,2.496,2.432,2.444,59.86984784
2022-07-24T00:00:00Z,GTCUSD,2.442,2.519,2.442,2.505,1538.13240982
2022-07-25T00:00:00Z,GTCUSD,2.382,2.382,2.353,2.353,721.93609422
2022-07-26T00:00:00Z,GTCUSD,2.283,2.283,2.2,2.202,213.72111155000002
2022-07-27T00:00:00Z,GTCUSD,2.247,2.502,2.247,2.502,282.23518232000004
2022-07-28T00:00:00Z,GTCUSD,2.541,3.172,2.541,2.883,4069.7991805199986
2022-07-29T00:00:00Z,GTCUSD,3.019,3.028,2.768,3.002,1395.90427086
2022-07-30T00:00:00Z,GTCUSD,2.922,3.32,2.86,2.86,1044.5763094699998
2022-07-31T00:00:00Z,GTCUSD,2.858,3.352,2.858,3.148,2631.51499187
2022-08-01T00:00:00Z,GTCUSD,3.269,3.269,2.806,2.852,692.4641894300001
2022-08-02T00:00:00Z,GTCUSD,2.765,2.79,2.678,2.724,265.11626666
2022-08-03T00:00:00Z,GTCUSD,2.744,2.914,2.744,2.793,359.62957958999993
2022-08-04T00:00:00Z,GTCUSD,3.004,3.14,2.941,3.131,728.5167653399999
2022-08-05T00:00:00Z,GTCUSD,3.099,3.124,3.042,3.113,361.60819098999997
2022-08-06T00:00:00Z,GTCUSD,3.174,3.174,3.021,3.021,97.63195539
2022-08-07T00:00:00Z,GTCUSD,3.062,3.142,3.062,3.104,338.77150686
2022-08-08T00:00:00Z,GTCUSD,3.103,3.176,3.002,3.031,699.1710841099999
2022-08-09T00:00:00Z,GTCUSD,3.032,3.033,2.857,2.885,512.6877082799999
2022-08-10T00:00:00Z,GTCUSD,2.832,3.07,2.832,3.039,205.49242252
2022-08-11T00:00:00Z,GTCUSD,3.06,3.321,3.06,3.243,1893.8982237100001
2022-08-12T00:00:00Z,GTCUSD,3.179,3.274,3.143,3.25,359.55452852999997
2022-08-13T00:00:00Z,GTCUSD,3.252,3.252,3.183,3.191,30.09582
2022-08-14T00:00:00Z,GTCUSD,3.215,3.215,3.146,3.146,23.65422
2022-08-15T00:00:00Z,GTCUSD,3.115,3.383,3.115,3.332,2611.559465020002
2022-08-16T00:00:00Z,GTCUSD,3.201,3.269,3.157,3.269,141.94719559
2022-08-17T00:00:00Z,GTCUSD,3.255,3.309,2.75,3.005,719.20788159
2022-08-18T00:00:00Z,GTCUSD,2.976,3.019,2.75,2.75,5076.2799033500005
2022-08-19T00:00:00Z,GTCUSD,2.69,2.691,2.246,2.246,20937.606358529993
2022-08-20T00:00:00Z,GTCUSD,2.308,2.412,2.302,2.337,50.779947459999995
2022-08-21T00:00:00Z,GTCUSD,2.385,2.515,2.385,2.48,81.98266605
2022-08-22T00:00:00Z,GTCUSD,2.478,2.478,2.2,2.369,113.40542253
2022-08-23T00:00:00Z,GTCUSD,2.362,2.458,2.362,2.456,604.58790817
2022-08-24T00:00:00Z,GTCUSD,2.417,2.458,2.417,2.419,232.63429000000002
2022-08-25T00:00:00Z,GTCUSD,2.482,2.503,2.439,2.478,340.33285416
2022-08-26T00:00:00Z,GTCUSD,2.448,2.462,2.2,2.2,2601.86067563
2022-08-27T00:00:00Z,GTCUSD,2.2,2.204,2.082,2.104,2368.5700130800005
2022-08-28T00:00:00Z,GTCUSD,2.124,2.124,1.93,1.93,133.10190300000002
2022-08-29T00:00:00Z,GTCUSD,1.97,2.022,1.97,2.02,146.63644684000002
2022-08-30T00:00:00Z,GTCUSD,2.141,2.187,2.141,2.151,87.45421
2022-08-31T00:00:00Z,GTCUSD,2.223,2.258,2.147,2.147,759.6652174000001
2022-09-01T00:00:00Z,GTCUSD,2.173,2.26,2.173,2.256,270.63643907000005
2022-09-02T00:00:00Z,GTCUSD,2.263,2.276,2.161,2.161,237.46504012999998
2022-09-03T00:00:00Z,GTCUSD,2.253,2.296,2.242,2.276,1041.17063111
2022-09-04T00:00:00Z,GTCUSD,2.29,2.295,2.25,2.295,39.672520829999996
2022-09-05T00:00:00Z,GTCUSD,2.276,2.333,2.276,2.333,217.00346334
2022-09-06T00:00:00Z,GTCUSD,2.377,2.386,2.108,2.12,1060.40856835
2022-09-07T00:00:00Z,GTCUSD,2.121,2.405,2.121,2.405,535.69620746
2022-09-08T00:00:00Z,GTCUSD,2.402,2.403,2.23,2.266,506.54471735
2022-09-09T00:00:00Z,GTCUSD,2.313,2.431,2.293,2.34,6381.522146390001
2022-09-10T00:00:00Z,GTCUSD,2.377,2.396,2.327,2.327,498.72476086
2022-09-11T00:00:00Z,GTCUSD,2.409,2.409,2.3,2.3,12.05953456
2022-09-12T00:00:00Z,GTCUSD,2.39,2.394,2.188,2.188,366.68939091999994
2022-09-13T00:00:00Z,GTCUSD,2.16,2.203,1.972,2.035,1428.9722544799993
2022-09-14T00:00:00Z,GTCUSD,1.993,2.047,1.983,2.047,71.96136622
2022-09-15T00:00:00Z,GTCUSD,1.95,2.013,1.919,1.942,751.93809799
2022-09-16T00:00:00Z,GTCUSD,1.936,1.936,1.874,1.874,1225.4366502100002
2022-09-17T00:00:00Z,GTCUSD,1.956,1.975,1.949,1.968,1490.1091886
2022-09-18T00:00:00Z,GTCUSD,1.976,1.976,1.79,1.79,3088.25524675
2022-09-19T00:00:00Z,GTCUSD,1.785,2.052,1.76,1.874,1176.1622059099996
2022-09-20T00:00:00Z,GTCUSD,1.844,1.85,1.804,1.85,18.58678878
2022-09-21T00:00:00Z,GTCUSD,1.867,2.295,1.781,1.781,1495.9903773200003
2022-09-22T00:00:00Z,GTCUSD,1.775,2.118,1.775,1.865,12922.324930680003
2022-09-23T00:00:00Z,GTCUSD,1.915,1.966,1.795,1.865,2873.91344317
2022-09-24T00:00:00Z,GTCUSD,1.863,1.88,1.859,1.861,467.0830393600001
2022-09-25T00:00:00Z,GTCUSD,1.842,1.842,1.646,1.646,2119.2639375999997
2022-09-26T00:00:00Z,GTCUSD,1.734,1.751,1.718,1.748,339.80928105
2022-09-27T00:00:00Z,GTCUSD,1.803,1.83,1.751,1.751,272.45244
2022-09-28T00:00:00Z,GTCUSD,1.72,1.76,1.712,1.76,136.08911038
2022-09-29T00:00:00Z,GTCUSD,1.789,1.789,1.757,1.757,2.4772150999999996
2022-09-30T00:00:00Z,GTCUSD,1.819,1.832,1.803,1.811,619.0592534
2022-10-01T00:00:00Z,GTCUSD,1.817,1.831,1.817,1.831,10.4474
2022-10-02T00:00:00Z,GTCUSD,1.828,1.828,1.82,1.822,621.9853894
2022-10-03T00:00:00Z,GTCUSD,1.751,1.832,1.751,1.825,413.21856618
2022-10-04T00:00:00Z,GTCUSD,1.851,1.87,1.848,1.87,6724.958865820004
2022-10-05T00:00:00Z,GTCUSD,1.861,1.861,1.787,1.821,313.66912873000007
2022-10-06T00:00:00Z,GTCUSD,1.841,1.841,1.839,1.839,34.99819247
2022-10-07T00:00:00Z,GTCUSD,1.833,1.833,1.796,1.797,24.649949999999997
2022-10-08T00:00:00Z,GTCUSD,1.813,1.815,1.78,1.78,60.299769999999995
2022-10-09T00:00:00Z,GTCUSD,1.812,1.812,1.812,1.812,0.05778
2022-10-10T00:00:00Z,GTCUSD,1.799,1.799,1.78,1.79,371.1555969
2022-10-11T00:00:00Z,GTCUSD,1.69,1.693,1.653,1.693,1328.4774318000004
2022-10-12T00:00:00Z,GTCUSD,1.674,1.71,1.674,1.71,330.02051156999994
2022-10-13T00:00:00Z,GTCUSD,1.636,3.49,1.466,1.602,5309.381164980002
2022-10-14T00:00:00Z,GTCUSD,1.616,1.616,1.582,1.582,361.38951613
2022-10-15T00:00:00Z,GTCUSD,1.602,1.64,1.602,1.64,30.16430475
2022-10-16T00:00:00Z,GTCUSD,1.648,1.695,1.648,1.695,99.74013217999999
2022-10-17T00:00:00Z,GTCUSD,1.67,1.717,1.67,1.692,71.03761854
2022-10-18T00:00:00Z,GTCUSD,1.698,1.698,1.647,1.647,450.32702924
2022-10-19T00:00:00Z,GTCUSD,1.604,1.609,1.539,1.539,50.696555180000004
2022-10-20T00:00:00Z,GTCUSD,1.566,1.577,1.531,1.538,31.03166224
2022-10-21T00:00:00Z,GTCUSD,1.507,1.559,1.507,1.559,302.06521397
2022-10-22T00:00:00Z,GTCUSD,1.599,1.619,1.571,1.59,127.4157
2022-10-23T00:00:00Z,GTCUSD,1.553,1.59,1.55,1.59,2626.942092789999
2022-10-24T00:00:00Z,GTCUSD,1.585,1.604,1.58,1.58,870.27979226
2022-10-26T00:00:00Z,GTCUSD,1.624,1.671,1.624,1.636,741.11791606
2022-10-27T00:00:00Z,GTCUSD,1.682,1.749,1.66,1.66,11.730841939999998
2022-10-28T00:00:00Z,GTCUSD,1.628,1.958,1.603,1.891,859.5393704300001
2022-10-29T00:00:00Z,GTCUSD,1.874,2.583,1.855,1.934,38141.44167088001
2022-10-30T00:00:00Z,GTCUSD,1.903,2.393,1.69,1.928,8349.555679940004
2022-10-31T00:00:00Z,GTCUSD,1.868,1.881,1.811,1.83,2359.34148689
2022-11-01T00:00:00Z,GTCUSD,1.845,1.846,1.69,1.745,5536.951272840001
2022-11-02T00:00:00Z,GTCUSD,1.745,2.19,1.745,1.915,13099.103845619997
2022-11-03T00:00:00Z,GTCUSD,1.965,5.179,1.965,2.844,77811.33627830986
2022-11-04T00:00:00Z,GTCUSD,2.797,2.797,2.325,2.581,24230.996416890026
2022-11-05T00:00:00Z,GTCUSD,2.582,2.909,2.47,2.546,6720.768122839998
2022-11-06T00:00:00Z,GTCUSD,2.564,2.796,2.385,2.414,7136.702786220001
2022-11-07T00:00:00Z,GTCUSD,2.416,2.489,2.264,2.265,2947.847398220001
2022-11-08T00:00:00Z,GTCUSD,2.303,2.489,1.6,1.872,15791.474465059993
2022-11-09T00:00:00Z,GTCUSD,1.897,1.897,1.425,1.425,1757.58276347
2022-11-10T00:00:00Z,GTCUSD,1.579,1.876,1.535,1.759,706.60827221
2022-11-11T00:00:00Z,GTCUSD,1.874,2.6,1.592,1.963,5916.274833839998
2022-11-12T00:00:00Z,GTCUSD,1.93,1.949,1.456,1.912,3524.750407610001
2022-11-13T00:00:00Z,GTCUSD,1.903,1.952,1.459,1.489,3562.8828907599996
2022-11-14T00:00:00Z,GTCUSD,1.463,1.797,1.4,1.528,2231.567831909999
2022-11-15T00:00:00Z,GTCUSD,1.752,1.879,1.601,1.601,288.42397421999993
2022-11-16T00:00:00Z,GTCUSD,1.697,1.8,1.588,1.588,498.51907302
2022-11-17T00:00:00Z,GTCUSD,1.589,1.69,1.538,1.69,89.20477218
2022-11-18T00:00:00Z,GTCUSD,1.695,1.712,1.541,1.61,88.19053657
2022-11-19T00:00:00Z,GTCUSD,1.62,1.734,1.521,1.646,124.04410757000001
2022-11-20T00:00:00Z,GTCUSD,1.708,1.8,1.506,1.56,1114.9687384499998
2022-11-21T00:00:00Z,GTCUSD,1.497,1.619,1.422,1.422,156.96691205000002
2022-11-22T00:00:00Z,GTCUSD,1.549,1.727,1.544,1.544,311.5701266500001
2022-11-23T00:00:00Z,GTCUSD,1.574,1.75,1.574,1.648,1842.1465756499997
2022-11-24T00:00:00Z,GTCUSD,1.679,1.694,1.428,1.632,2195.5427534200007
2022-11-25T00:00:00Z,GTCUSD,1.632,1.685,1.546,1.663,290.98605097
2022-11-26T00:00:00Z,GTCUSD,1.691,1.792,1.649,1.716,1797.2853661400002
2022-11-28T00:00:00Z,GTCUSD,1.727,1.727,1.616,1.713,277.28751213
2022-11-29T00:00:00Z,GTCUSD,1.685,1.685,1.685,1.685,4.5
2022-11-30T00:00:00Z,GTCUSD,1.722,2.136,1.722,1.859,427.85500318999993
2022-12-01T00:00:00Z,GTCUSD,1.825,2.0,1.719,1.808,3559.7488686200013
2022-12-02T00:00:00Z,GTCUSD,1.772,1.846,1.755,1.837,313.22779635
2022-12-03T00:00:00Z,GTCUSD,1.84,1.845,1.818,1.828,51.26417146
2022-12-04T00:00:00Z,GTCUSD,1.805,1.828,1.798,1.828,98.63743165
2022-12-05T00:00:00Z,GTCUSD,1.812,1.812,1.812,1.812,10.94091904
2022-12-06T00:00:00Z,GTCUSD,1.799,1.799,1.752,1.756,180.35092661000002
2022-12-07T00:00:00Z,GTCUSD,1.757,1.757,1.676,1.73,312.89352888999997
2022-12-08T00:00:00Z,GTCUSD,1.729,1.761,1.698,1.761,157.50145184
2022-12-09T00:00:00Z,GTCUSD,1.796,1.797,1.765,1.797,127.87588643000001
2022-12-10T00:00:00Z,GTCUSD,1.795,1.795,1.795,1.795,3.06406686
2022-12-11T00:00:00Z,GTCUSD,1.735,1.735,1.684,1.731,152.78878379000002
2022-12-12T00:00:00Z,GTCUSD,1.724,1.821,1.607,1.626,934.3808839599993
2022-12-13T00:00:00Z,GTCUSD,1.611,1.676,1.588,1.676,129.23655545
2022-12-14T00:00:00Z,GTCUSD,1.66,1.936,1.639,1.687,1141.0354028799998
2022-12-15T00:00:00Z,GTCUSD,1.626,1.626,1.613,1.618,78.02146797
2022-12-16T00:00:00Z,GTCUSD,1.61,1.612,1.352,1.425,1444.6707406900002
2022-12-17T00:00:00Z,GTCUSD,1.332,1.38,1.33,1.355,137.96700658
2022-12-19T00:00:00Z,GTCUSD,1.37,1.37,1.37,1.37,18.98861313
2022-12-21T00:00:00Z,GTCUSD,1.37,1.37,1.37,1.37,3.0
2022-12-23T00:00:00Z,GTCUSD,1.374,1.715,1.333,1.358,1813.4654983000003
2022-12-24T00:00:00Z,GTCUSD,1.36,1.549,1.341,1.341,294.81756095000003
2022-12-25T00:00:00Z,GTCUSD,1.341,1.372,1.325,1.325,35.032562909999996
2022-12-26T00:00:00Z,GTCUSD,1.291,1.373,1.291,1.373,212.248546
2022-12-27T00:00:00Z,GTCUSD,1.329,1.329,1.27,1.287,228.22932233999995
2022-12-28T00:00:00Z,GTCUSD,1.278,1.28,1.238,1.28,556.7076017400001
2022-12-29T00:00:00Z,GTCUSD,1.268,1.268,1.267,1.267,37.31873505
2022-12-30T00:00:00Z,GTCUSD,1.279,1.279,1.279,1.279,7.71954652
2022-12-31T00:00:00Z,GTCUSD,1.28,1.28,1.28,1.28,37.3694
2023-01-02T00:00:00Z,GTCUSD,1.233,1.338,1.233,1.337,145.69727203
2023-01-03T00:00:00Z,GTCUSD,1.335,1.354,1.233,1.281,1103.27917979
2023-01-04T00:00:00Z,GTCUSD,1.326,1.407,1.326,1.338,126.62890505000001
2023-01-05T00:00:00Z,GTCUSD,1.36,1.361,1.197,1.342,3606.2754919699996
2023-01-06T00:00:00Z,GTCUSD,1.325,1.325,1.237,1.32,251.12744635
2023-01-07T00:00:00Z,GTCUSD,1.338,1.353,1.338,1.353,15.39672492
2023-01-08T00:00:00Z,GTCUSD,1.311,1.386,1.311,1.32,430.70303808999995
2023-01-09T00:00:00Z,GTCUSD,1.388,1.507,1.352,1.447,1004.40881003
2023-01-10T00:00:00Z,GTCUSD,1.456,1.456,1.336,1.435,9057.99170552
2023-01-11T00:00:00Z,GTCUSD,1.435,1.467,1.379,1.467,43.09427016
2023-01-12T00:00:00Z,GTCUSD,1.478,1.507,1.446,1.478,200.71784725
2023-01-13T00:00:00Z,GTCUSD,1.508,1.546,1.505,1.535,2694.12324868
2023-01-14T00:00:00Z,GTCUSD,1.555,1.682,1.506,1.608,4498.036477920001
2023-01-15T00:00:00Z,GTCUSD,1.652,1.68,1.576,1.666,616.5927852099999
2023-01-16T00:00:00Z,GTCUSD,1.685,1.744,1.595,1.6,334.61823953
2023-01-17T00:00:00Z,GTCUSD,1.595,1.599,1.551,1.551,528.1802455999999
2023-01-18T00:00:00Z,GTCUSD,1.582,1.583,1.438,1.528,364.32762043
2023-01-19T00:00:00Z,GTCUSD,1.425,1.558,1.425,1.482,1397.05529307
2023-01-20T00:00:00Z,GTCUSD,1.497,1.644,1.412,1.644,2525.30589096
2023-01-21T00:00:00Z,GTCUSD,1.653,1.715,1.618,1.618,1349.49190959
2023-01-22T00:00:00Z,GTCUSD,1.641,1.801,1.641,1.721,1815.48517565
2023-01-23T00:00:00Z,GTCUSD,1.783,1.786,1.675,1.719,326.0103523099999
2023-01-24T00:00:00Z,GTCUSD,1.738,1.825,1.642,1.642,1460.36810045
2023-01-25T00:00:00Z,GTCUSD,1.669,1.789,1.651,1.772,532.29430646
2023-01-26T00:00:00Z,GTCUSD,1.792,1.839,1.759,1.76,1339.89135013
2023-01-27T00:00:00Z,GTCUSD,1.77,1.81,1.745,1.81,392.42183932
2023-01-28T00:00:00Z,GTCUSD,1.825,1.864,1.821,1.829,624.83321139
2023-01-29T00:00:00Z,GTCUSD,1.871,2.023,1.871,1.942,373.41718923999997
2023-01-30T00:00:00Z,GTCUSD,1.906,2.052,1.79,1.824,1244.1167928500004
2023-01-31T00:00:00Z,GTCUSD,1.848,2.002,1.848,1.934,1295.02647553
2023-02-01T00:00:00Z,GTCUSD,1.932,2.122,1.828,1.984,1486.55089486
2023-02-02T00:00:00Z,GTCUSD,2.014,2.087,1.98,1.98,569.01698254
2023-02-03T00:00:00Z,GTCUSD,1.982,2.039,1.932,1.993,549.31495597
2023-02-04T00:00:00Z,GTCUSD,2.002,2.101,1.979,2.084,581.4705440900001
2023-02-05T00:00:00Z,GTCUSD,2.063,2.139,1.943,2.059,885.60921677
2023-02-06T00:00:00Z,GTCUSD,2.098,2.124,1.9,1.996,962.92968709
2023-02-07T00:00:00Z,GTCUSD,2.004,2.49,1.969,2.181,2530.9831401799993
2023-02-08T00:00:00Z,GTCUSD,2.218,2.249,2.012,2.047,1951.2854439700004
2023-02-09T00:00:00Z,GTCUSD,2.058,2.06,1.753,1.753,3381.5861256300004
2023-02-10T00:00:00Z,GTCUSD,1.823,2.083,1.706,1.762,2610.709772940001
2023-02-11T00:00:00Z,GTCUSD,1.719,1.753,1.702,1.722,478.35557786000004
2023-02-12T00:00:00Z,GTCUSD,1.756,1.83,1.721,1.761,589.0574653
2023-02-13T00:00:00Z,GTCUSD,1.75,1.828,1.577,1.685,1884.1297886500001
2023-02-14T00:00:00Z,GTCUSD,1.735,1.85,1.707,1.832,4449.1404561
2023-02-15T00:00:00Z,GTCUSD,1.851,1.96,1.851,1.925,890.6559775699999
2023-02-16T00:00:00Z,GTCUSD,1.962,2.153,1.962,2.028,2698.92140364
2023-02-17T00:00:00Z,GTCUSD,2.057,2.124,2.057,2.119,496.94582116999993
2023-02-18T00:00:00Z,GTCUSD,2.143,2.376,2.097,2.334,1724.0353808599993
2023-02-19T00:00:00Z,GTCUSD,2.298,2.429,2.121,2.176,2902.8983992999993
2023-02-20T00:00:00Z,GTCUSD,2.178,2.237,2.101,2.227,1038.89622923
2023-02-21T00:00:00Z,GTCUSD,2.24,2.658,2.196,2.201,1809.4880779400003
2023-02-22T00:00:00Z,GTCUSD,2.209,2.384,2.048,2.093,1599.97402991
2023-02-23T00:00:00Z,GTCUSD,2.102,2.225,2.102,2.168,2244.5516285900003
2023-02-24T00:00:00Z,GTCUSD,2.169,2.169,1.8,2.008,4036.9298482500003
2023-02-25T00:00:00Z,GTCUSD,1.993,2.292,1.949,2.102,3443.143103919999
2023-02-26T00:00:00Z,GTCUSD,2.073,2.109,2.036,2.109,124.15283025
2023-02-27T00:00:00Z,GTCUSD,2.108,2.707,2.106,2.379,12930.731228949999
2023-02-28T00:00:00Z,GTCUSD,2.392,2.47,2.26,2.31,962.54254236
2023-03-01T00:00:00Z,GTCUSD,2.311,2.315,2.167,2.174,1408.6095400200002
2023-03-02T00:00:00Z,GTCUSD,2.168,2.172,2.08,2.081,4583.91673675
2023-03-03T00:00:00Z,GTCUSD,2.081,2.081,1.512,1.802,13028.166338249994
2023-03-04T00:00:00Z,GTCUSD,1.835,1.885,1.662,1.777,2403.0610814899987
2023-03-05T00:00:00Z,GTCUSD,1.804,1.812,1.742,1.769,381.88909239000003
2023-03-06T00:00:00Z,GTCUSD,1.764,1.803,1.749,1.792,382.00576753999997
2023-03-07T00:00:00Z,GTCUSD,1.808,1.816,1.705,1.72,878.97595857
2023-03-08T00:00:00Z,GTCUSD,1.797,1.914,1.635,1.791,1517.5421372499998
2023-03-09T00:00:00Z,GTCUSD,1.756,1.8,1.524,1.653,918.2203201000001
2023-03-10T00:00:00Z,GTCUSD,1.546,1.549,1.438,1.545,4375.298854960001
2023-03-11T00:00:00Z,GTCUSD,1.552,1.573,1.441,1.561,640.70017656
2023-03-12T00:00:00Z,GTCUSD,1.561,1.615,1.531,1.615,265.13915497
2023-03-13T00:00:00Z,GTCUSD,1.681,1.837,1.607,1.7,666.0788569700001
2023-03-14T00:00:00Z,GTCUSD,1.713,1.829,1.696,1.774,2775.3852218
2023-03-15T00:00:00Z,GTCUSD,1.769,1.769,1.586,1.608,356.28068708
2023-03-16T00:00:00Z,GTCUSD,1.607,1.672,1.607,1.643,461.88619285000004
2023-03-17T00:00:00Z,GTCUSD,1.629,1.772,1.612,1.772,1721.60306565
2023-03-18T00:00:00Z,GTCUSD,1.799,1.923,1.799,1.812,1216.57615544
2023-03-19T00:00:00Z,GTCUSD,1.865,1.978,1.85,1.885,1962.0404023299998
2023-03-20T00:00:00Z,GTCUSD,1.873,1.924,1.742,1.812,639.74880588
2023-03-21T00:00:00Z,GTCUSD,1.869,2.294,1.869,2.065,7623.025378429997
2023-03-22T00:00:00Z,GTCUSD,2.063,2.45,1.895,2.25,9887.865746299994
2023-03-23T00:00:00Z,GTCUSD,2.278,2.44,2.158,2.241,1847.6314961799994
2023-03-24T00:00:00Z,GTCUSD,2.258,2.321,2.178,2.178,937.9120014499999
2023-03-25T00:00:00Z,GTCUSD,2.161,2.379,2.048,2.286,1141.6243797700001
2023-03-26T00:00:00Z,GTCUSD,2.306,2.637,2.249,2.446,10923.216994939996
2023-03-27T00:00:00Z,GTCUSD,2.445,2.827,1.926,1.941,32493.545243790002
2023-03-28T00:00:00Z,GTCUSD,1.93,2.125,1.75,1.861,17098.97142753
2023-03-29T00:00:00Z,GTCUSD,1.869,1.959,1.855,1.887,5769.6878320000005
2023-03-30T00:00:00Z,GTCUSD,1.861,1.908,1.749,1.834,3701.4290051499997
2023-03-31T00:00:00Z,GTCUSD,1.834,1.861,1.805,1.861,1461.4007196599998
2023-04-01T00:00:00Z,GTCUSD,1.875,1.881,1.827,1.827,371.92030771
2023-04-02T00:00:00Z,GTCUSD,1.846,1.849,1.738,1.764,4017.8944263500007
2023-04-03T00:00:00Z,GTCUSD,1.714,1.804,1.7,1.79,3556.05414683
2023-04-04T00:00:00Z,GTCUSD,1.759,1.809,1.759,1.791,513.17026301
2023-04-05T00:00:00Z,GTCUSD,1.8,1.861,1.762,1.814,1244.65503235
2023-04-06T00:00:00Z,GTCUSD,1.838,1.842,1.802,1.802,282.69004263
2023-04-07T00:00:00Z,GTCUSD,1.789,1.8,1.75,1.793,548.0862652999999
2023-04-08T00:00:00Z,GTCUSD,1.782,1.785,1.761,1.761,56.572158599999995
2023-04-09T00:00:00Z,GTCUSD,1.793,1.81,1.773,1.81,390.0790479
2023-04-10T00:00:00Z,GTCUSD,1.824,1.837,1.819,1.828,322.12218494
2023-04-11T00:00:00Z,GTCUSD,1.847,1.873,1.839,1.839,521.59640502
2023-04-12T00:00:00Z,GTCUSD,1.784,1.837,1.768,1.837,312.49907372999996
2023-04-13T00:00:00Z,GTCUSD,1.834,1.889,1.833,1.874,689.0942737099999
2023-04-14T00:00:00Z,GTCUSD,1.885,1.967,1.866,1.938,1328.32217069
2023-04-15T00:00:00Z,GTCUSD,1.942,1.945,1.906,1.906,425.56519195
2023-04-16T00:00:00Z,GTCUSD,1.88,1.935,1.854,1.865,832.9064220699998
2023-04-17T00:00:00Z,GTCUSD,1.933,1.933,1.842,1.875,358.11672987
2023-04-18T00:00:00Z,GTCUSD,1.884,1.962,1.851,1.926,2304.1051454700005
2023-04-19T00:00:00Z,GTCUSD,1.934,1.934,1.678,1.701,3628.0132207400015
2023-04-20T00:00:00Z,GTCUSD,1.706,1.706,1.61,1.631,2016.42174146
2023-04-21T00:00:00Z,GTCUSD,1.636,1.636,1.509,1.54,1667.2672593500001
2023-04-22T00:00:00Z,GTCUSD,1.567,1.605,1.562,1.605,615.08160732
2023-04-23T00:00:00Z,GTCUSD,1.594,1.672,1.56,1.56,1411.9888895499998
2023-04-24T00:00:00Z,GTCUSD,1.633,1.661,1.539,1.596,1536.4421403899998
2023-04-25T00:00:00Z,GTCUSD,1.596,1.64,1.57,1.64,136.95631411
2023-04-26T00:00:00Z,GTCUSD,1.658,1.739,1.571,1.65,2050.4286488799994
2023-04-27T00:00:00Z,GTCUSD,1.666,1.735,1.621,1.652,951.90890755
2023-04-28T00:00:00Z,GTCUSD,1.64,1.657,1.63,1.657,56.757657359999996
2023-04-29T00:00:00Z,GTCUSD,1.659,1.733,1.659,1.733,400.22295539
2023-04-30T00:00:00Z,GTCUSD,1.701,1.708,1.686,1.688,375.85342319
2023-05-01T00:00:00Z,GTCUSD,1.685,1.69,1.664,1.671,424.96912434
2023-05-02T00:00:00Z,GTCUSD,1.649,1.77,1.649,1.744,1218.04424644
2023-05-03T00:00:00Z,GTCUSD,1.744,1.807,1.74,1.765,866.52205433
2023-05-04T00:00:00Z,GTCUSD,1.77,1.876,1.652,1.771,1704.3901974
2023-05-05T00:00:00Z,GTCUSD,1.799,1.9,1.786,1.886,1360.91506901
2023-05-06T00:00:00Z,GTCUSD,1.839,1.839,1.655,1.666,633.5593343099999
2023-05-07T00:00:00Z,GTCUSD,1.663,1.676,1.605,1.605,2455.5702785600006
2023-05-08T00:00:00Z,GTCUSD,1.605,1.605,1.436,1.443,2693.0696208100003
2023-05-09T00:00:00Z,GTCUSD,1.424,1.424,1.347,1.357,1809.4275009999997
2023-05-10T00:00:00Z,GTCUSD,1.352,1.404,1.266,1.404,2463.47990161
2023-05-11T00:00:00Z,GTCUSD,1.374,1.374,1.324,1.365,242.68349554
2023-05-12T00:00:00Z,GTCUSD,1.361,1.443,1.266,1.383,2253.33321041
2023-05-13T00:00:00Z,GTCUSD,1.363,1.37,1.357,1.37,639.35171572
2023-05-14T00:00:00Z,GTCUSD,1.348,1.361,1.343,1.361,283.99901235
2023-05-15T00:00:00Z,GTCUSD,1.35,1.375,1.348,1.367,573.4795913999999
2023-05-16T00:00:00Z,GTCUSD,1.373,1.399,1.351,1.399,2453.5118416100004
2023-05-17T00:00:00Z,GTCUSD,1.4,1.444,1.387,1.444,2573.32117182
2023-05-18T00:00:00Z,GTCUSD,1.426,1.426,1.364,1.393,597.37615523
2023-05-19T00:00:00Z,GTCUSD,1.39,1.419,1.39,1.405,312.86240508000003
2023-05-20T00:00:00Z,GTCUSD,1.423,1.44,1.421,1.44,58.97225664
2023-05-21T00:00:00Z,GTCUSD,1.446,1.447,1.4,1.4,542.13843591
2023-05-22T00:00:00Z,GTCUSD,1.387,1.525,1.345,1.406,807.3130097300002
2023-05-23T00:00:00Z,GTCUSD,1.424,1.438,1.423,1.438,1741.74236311
2023-05-24T00:00:00Z,GTCUSD,1.403,1.403,1.35,1.387,1453.6002284900003
2023-05-25T00:00:00Z,GTCUSD,1.39,1.413,1.354,1.371,445.13229293
2023-05-26T00:00:00Z,GTCUSD,1.38,1.402,1.377,1.387,586.1457705400001
2023-05-27T00:00:00Z,GTCUSD,1.412,1.412,1.36,1.36,181.54982
2023-05-28T00:00:00Z,GTCUSD,1.425,1.459,1.394,1.459,926.05731961
2023-05-29T00:00:00Z,GTCUSD,1.464,1.534,1.432,1.438,976.9640972400001
2023-05-30T00:00:00Z,GTCUSD,1.437,1.44,1.416,1.44,110.12463000000001
2023-05-31T00:00:00Z,GTCUSD,1.405,1.405,1.317,1.352,544.28518982
2023-06-01T00:00:00Z,GTCUSD,1.351,1.428,1.259,1.353,2369.27174985
2023-06-02T00:00:00Z,GTCUSD,1.352,1.366,1.244,1.36,8947.003976249998
2023-06-03T00:00:00Z,GTCUSD,1.342,1.363,1.323,1.356,266.59021352999997
2023-06-04T00:00:00Z,GTCUSD,1.358,1.361,1.354,1.361,304.0
2023-06-05T00:00:00Z,GTCUSD,1.298,1.298,1.15,1.17,3898.9574779899995
2023-06-06T00:00:00Z,GTCUSD,1.181,1.238,1.155,1.214,928.9806888800001
2023-06-07T00:00:00Z,GTCUSD,1.2,1.2,1.111,1.125,624.7360598099998
2023-06-08T00:00:00Z,GTCUSD,1.133,1.183,1.095,1.122,1415.0102200500003
2023-06-09T00:00:00Z,GTCUSD,1.118,1.158,1.072,1.128,2188.83693449
2023-06-10T00:00:00Z,GTCUSD,1.112,1.162,0.837,0.884,12580.208607469998
2023-06-11T00:00:00Z,GTCUSD,0.88,0.902,0.861,0.882,935.85809674
2023-06-12T00:00:00Z,GTCUSD,0.88,0.939,0.87,0.939,933.72910738
2023-06-13T00:00:00Z,GTCUSD,0.938,0.976,0.923,0.97,1117.01234017
2023-06-14T00:00:00Z,GTCUSD,0.993,1.017,0.944,0.945,502.97218474999994
2023-06-15T00:00:00Z,GTCUSD,1.006,1.081,0.924,0.968,4775.5971178400005
2023-06-16T00:00:00Z,GTCUSD,0.937,0.967,0.924,0.958,1032.05250716
2023-06-17T00:00:00Z,GTCUSD,0.93,1.027,0.93,0.968,1187.35461057
2023-06-18T00:00:00Z,GTCUSD,0.973,1.059,0.942,0.942,1536.1535997699998
2023-06-19T00:00:00Z,GTCUSD,0.955,0.977,0.947,0.966,152.66875784
2023-06-20T00:00:00Z,GTCUSD,0.963,1.013,0.946,1.013,286.49380301
2023-06-21T00:00:00Z,GTCUSD,1.028,1.12,1.019,1.12,1137.8667078
2023-06-22T00:00:00Z,GTCUSD,1.12,1.255,1.09,1.233,4005.5850713199998
2023-06-23T00:00:00Z,GTCUSD,1.123,1.179,1.12,1.166,2310.84665493
2023-06-24T00:00:00Z,GTCUSD,1.149,1.174,1.1,1.162,1056.47587838
2023-06-25T00:00:00Z,GTCUSD,1.178,1.179,1.137,1.147,407.96598892000003
2023-06-26T00:00:00Z,GTCUSD,1.094,1.163,1.094,1.155,127.49067
2023-06-27T00:00:00Z,GTCUSD,1.129,1.155,1.129,1.155,113.76230008
2023-06-28T00:00:00Z,GTCUSD,1.148,1.148,1.047,1.047,350.96172794000006
2023-06-29T00:00:00Z,GTCUSD,1.076,1.118,1.065,1.091,392.84848638
2023-06-30T00:00:00Z,GTCUSD,1.138,1.181,1.067,1.117,1449.2325925099997
2023-07-01T00:00:00Z,GTCUSD,1.156,1.173,1.125,1.149,678.8645677599999
2023-07-02T00:00:00Z,GTCUSD,1.119,1.15,1.096,1.13,1060.75347419
2023-07-03T00:00:00Z,GTCUSD,1.144,1.181,1.098,1.167,1929.9239752
2023-07-04T00:00:00Z,GTCUSD,1.17,1.17,1.17,1.17,88.54980334
2023-07-05T00:00:00Z,GTCUSD,1.183,1.19,1.114,1.114,373.46845034
2023-07-06T00:00:00Z,GTCUSD,1.121,1.14,1.036,1.036,722.30508431
2023-07-07T00:00:00Z,GTCUSD,1.026,1.026,0.975,0.988,212.88458643
2023-07-08T00:00:00Z,GTCUSD,0.986,1.042,0.9,0.938,2917.868171289999
2023-07-09T00:00:00Z,GTCUSD,0.916,0.962,0.891,0.892,2626.5331852000004
2023-07-10T00:00:00Z,GTCUSD,0.875,0.922,0.869,0.92,1271.8248662799997
2023-07-11T00:00:00Z,GTCUSD,0.95,0.958,0.916,0.939,918.10867037
2023-07-12T00:00:00Z,GTCUSD,0.962,0.963,0.921,0.96,877.7394476999998
2023-07-13T00:00:00Z,GTCUSD,0.96,1.09,0.94,1.073,1124.9201223599998
2023-07-14T00:00:00Z,GTCUSD,1.077,1.081,1.042,1.051,774.2918961099999
2023-07-15T00:00:00Z,GTCUSD,1.044,1.114,1.044,1.06,873.2592457200002
2023-07-16T00:00:00Z,GTCUSD,1.051,1.081,1.02,1.037,659.56703255
2023-07-17T00:00:00Z,GTCUSD,1.027,1.105,1.013,1.057,977.2641911400002
2023-07-18T00:00:00Z,GTCUSD,1.061,1.084,1.021,1.039,348.16361628000004
2023-07-19T00:00:00Z,GTCUSD,1.063,1.077,0.973,1.048,1976.04103105
2023-07-20T00:00:00Z,GTCUSD,1.043,1.084,1.038,1.047,871.6995438800003
2023-07-21T00:00:00Z,GTCUSD,1.072,2.25,1.028,1.064,38148.444254879985
2023-07-22T00:00:00Z,GTCUSD,1.071,1.094,1.062,1.062,1604.1690014699998
2023-07-23T00:00:00Z,GTCUSD,1.045,1.102,1.045,1.102,235.96098535000004
2023-07-24T00:00:00Z,GTCUSD,1.101,1.101,1.009,1.009,867.2224860900002
2023-07-25T00:00:00Z,GTCUSD,1.005,1.005,0.927,0.946,209.40681713000006
2023-07-26T00:00:00Z,GTCUSD,0.95,0.972,0.923,0.936,1314.23569726
2023-07-27T00:00:00Z,GTCUSD,0.954,1.018,0.954,0.97,985.3187455700001
2023-07-28T00:00:00Z,GTCUSD,1.006,1.058,0.877,0.985,3920.4117803199997
2023-07-29T00:00:00Z,GTCUSD,1.014,1.024,1.002,1.002,505.9012924299999
2023-07-30T00:00:00Z,GTCUSD,1.002,1.002,0.976,0.976,344.77159291999993
2023-07-31T00:00:00Z,GTCUSD,1.009,1.009,0.98,0.98,525.50774226
2023-08-01T00:00:00Z,GTCUSD,1.004,1.004,0.99,0.99,365.97330729
2023-08-02T00:00:00Z,GTCUSD,0.997,0.997,0.908,0.977,1751.35419956
2023-08-03T00:00:00Z,GTCUSD,0.991,1.004,0.973,0.984,538.88752863
2023-08-04T00:00:00Z,GTCUSD,0.986,1.021,0.981,0.988,384.62666026
2023-08-05T00:00:00Z,GTCUSD,1.014,1.022,0.983,0.992,385.8497648
2023-08-06T00:00:00Z,GTCUSD,1.012,1.557,1.004,1.169,34569.38540941999
2023-08-07T00:00:00Z,GTCUSD,1.186,1.266,1.013,1.052,11921.939305319995
2023-08-08T00:00:00Z,GTCUSD,1.042,1.229,0.906,1.077,13207.119723480007
2023-08-09T00:00:00Z,GTCUSD,1.07,1.147,1.008,1.069,22162.894221270006
2023-08-10T00:00:00Z,GTCUSD,1.075,1.087,1.058,1.058,2018.75673635
2023-08-11T00:00:00Z,GTCUSD,1.08,1.2,1.08,1.16,1949.8754675599996
2023-08-12T00:00:00Z,GTCUSD,1.153,1.17,1.06,1.17,1611.7540902400003
2023-08-13T00:00:00Z,GTCUSD,1.145,1.189,1.12,1.165,2074.1304396100004
2023-08-14T00:00:00Z,GTCUSD,1.138,1.18,1.113,1.151,1125.50426288
2023-08-15T00:00:00Z,GTCUSD,1.114,1.23,1.01,1.059,4736.880653629999
2023-08-16T00:00:00Z,GTCUSD,1.053,1.084,1.0,1.0,772.9348656899999
2023-08-17T00:00:00Z,GTCUSD,1.006,1.017,0.828,0.87,3646.9004948699994
2023-08-18T00:00:00Z,GTCUSD,0.867,0.903,0.828,0.861,1467.3974865500002
2023-08-19T00:00:00Z,GTCUSD,0.848,0.879,0.795,0.879,4337.9544434
2023-08-20T00:00:00Z,GTCUSD,0.884,0.884,0.884,0.884,1.1145
2023-08-21T00:00:00Z,GTCUSD,0.885,0.885,0.843,0.857,361.84497655999996
2023-08-22T00:00:00Z,GTCUSD,0.853,0.869,0.801,0.866,7231.27076124
2023-08-23T00:00:00Z,GTCUSD,0.882,0.897,0.865,0.896,1175.3851559700001
2023-08-24T00:00:00Z,GTCUSD,0.882,0.886,0.86,0.86,537.2515548599999
2023-08-25T00:00:00Z,GTCUSD,0.826,0.85,0.826,0.85,601.99687485
2023-08-27T00:00:00Z,GTCUSD,0.849,0.849,0.849,0.849,55.96709
2023-08-28T00:00:00Z,GTCUSD,0.853,0.871,0.83,0.871,159.81378937
2023-08-29T00:00:00Z,GTCUSD,0.846,0.922,0.82,0.909,292.05807367000006
2023-08-30T00:00:00Z,GTCUSD,0.925,0.965,0.869,0.912,4558.548863160001
2023-08-31T00:00:00Z,GTCUSD,0.908,0.908,0.809,0.865,5768.872431919999
2023-09-01T00:00:00Z,GTCUSD,0.865,0.913,0.865,0.895,1123.55560026
2023-09-02T00:00:00Z,GTCUSD,0.898,0.94,0.879,0.908,1314.63646537
2023-09-03T00:00:00Z,GTCUSD,0.893,0.914,0.87,0.893,883.6411378000001
2023-09-04T00:00:00Z,GTCUSD,0.912,1.626,0.912,1.032,65205.96872309003
2023-09-05T00:00:00Z,GTCUSD,1.05,1.122,0.991,1.025,11838.696996020006
2023-09-06T00:00:00Z,GTCUSD,1.039,1.048,0.992,1.013,1048.7410122499998
2023-09-07T00:00:00Z,GTCUSD,1.047,1.047,0.967,0.997,2529.3583753799994
2023-09-08T00:00:00Z,GTCUSD,0.996,1.008,0.973,0.99,3093.72690637
2023-09-09T00:00:00Z,GTCUSD,0.974,1.025,0.944,0.947,3412.8769690499994
2023-09-10T00:00:00Z,GTCUSD,0.949,0.965,0.898,0.928,5122.840637190001
2023-09-11T00:00:00Z,GTCUSD,0.933,0.933,0.853,0.871,2839.0953555300002
2023-09-12T00:00:00Z,GTCUSD,0.88,0.93,0.88,0.91,6020.7548993
2023-09-13T00:00:00Z,GTCUSD,0.913,0.921,0.904,0.921,105.30584297000001
2023-09-14T00:00:00Z,GTCUSD,0.927,0.927,0.887,0.913,699.2795000000001
2023-09-15T00:00:00Z,GTCUSD,0.902,0.932,0.896,0.924,1187.23590242
2023-09-16T00:00:00Z,GTCUSD,0.923,0.949,0.915,0.922,292.31410972000003
2023-09-17T00:00:00Z,GTCUSD,0.926,0.926,0.868,0.886,1142.73712019
2023-09-18T00:00:00Z,GTCUSD,0.891,0.909,0.891,0.894,49.41775536
2023-09-19T00:00:00Z,GTCUSD,0.885,0.911,0.885,0.897,469.79260132
2023-09-20T00:00:00Z,GTCUSD,0.907,0.924,0.895,0.921,599.2939586
2023-09-21T00:00:00Z,GTCUSD,0.917,0.929,0.879,0.889,822.2149809299999
2023-09-22T00:00:00Z,GTCUSD,0.872,0.897,0.87,0.897,660.18019008
2023-09-23T00:00:00Z,GTCUSD,0.89,0.899,0.851,0.883,1295.10982701
2023-09-24T00:00:00Z,GTCUSD,0.88,0.88,0.868,0.868,93.86792406
2023-09-25T00:00:00Z,GTCUSD,0.87,0.883,0.865,0.879,795.5686991800001
2023-09-26T00:00:00Z,GTCUSD,0.879,0.884,0.845,0.853,188.51900563
2023-09-27T00:00:00Z,GTCUSD,0.854,0.88,0.854,0.873,744.1858029299999
2023-09-28T00:00:00Z,GTCUSD,0.884,0.903,0.877,0.902,669.9510621899999
2023-09-29T00:00:00Z,GTCUSD,0.908,0.926,0.908,0.923,671.4506706799998
2023-09-30T00:00:00Z,GTCUSD,0.928,0.933,0.919,0.933,214.20922118
2023-10-01T00:00:00Z,GTCUSD,0.937,1.048,0.935,1.026,10164.1900177
2023-10-02T00:00:00Z,GTCUSD,1.029,1.075,0.973,0.986,2884.0579691999988
2023-10-03T00:00:00Z,GTCUSD,0.979,0.983,0.927,0.927,802.7135009599999
2023-10-04T00:00:00Z,GTCUSD,0.923,0.923,0.872,0.905,1483.7206539499996
2023-10-05T00:00:00Z,GTCUSD,0.902,0.906,0.888,0.888,1211.93962314
2023-10-06T00:00:00Z,GTCUSD,0.897,0.913,0.896,0.905,858.0291804199999
2023-10-07T00:00:00Z,GTCUSD,0.907,0.909,0.903,0.905,192.36390312999998
2023-10-08T00:00:00Z,GTCUSD,0.899,0.901,0.883,0.892,867.7116896599999
2023-10-09T00:00:00Z,GTCUSD,0.891,0.925,0.853,0.876,2788.951207040001
2023-10-10T00:00:00Z,GTCUSD,0.873,0.907,0.866,0.866,555.9054315400001
2023-10-11T00:00:00Z,GTCUSD,0.857,0.904,0.841,0.841,2011.6603781899996
2023-10-12T00:00:00Z,GTCUSD,0.839,0.85,0.828,0.85,210.41912112
2023-10-13T00:00:00Z,GTCUSD,0.844,0.85,0.842,0.842,214.24476993000002
2023-10-14T00:00:00Z,GTCUSD,0.832,0.846,0.832,0.842,131.10765210000002
2023-10-15T00:00:00Z,GTCUSD,0.845,0.96,0.84,0.886,4864.53471887
2023-10-16T00:00:00Z,GTCUSD,0.889,0.904,0.877,0.893,2309.96570504
2023-10-17T00:00:00Z,GTCUSD,0.887,0.887,0.831,0.839,1308.0447659899999
2023-10-18T00:00:00Z,GTCUSD,0.834,0.836,0.814,0.814,651.8565842300001
2023-10-19T00:00:00Z,GTCUSD,0.842,0.844,0.81,0.814,308.30859914
2023-10-20T00:00:00Z,GTCUSD,0.827,0.894,0.8,0.834,8439.84348688
2023-10-21T00:00:00Z,GTCUSD,0.827,0.906,0.827,0.854,1235.4854967600004
2023-10-22T00:00:00Z,GTCUSD,0.852,0.869,0.837,0.853,589.1300916199999
2023-10-23T00:00:00Z,GTCUSD,0.86,0.917,0.8,0.913,13281.281694520003
2023-10-24T00:00:00Z,GTCUSD,0.907,0.949,0.816,0.926,26852.772084299984
2023-10-25T00:00:00Z,GTCUSD,0.939,0.966,0.875,0.965,20203.74752166
2023-10-26T00:00:00Z,GTCUSD,0.972,1.055,0.866,0.964,8626.827113659998
2023-10-27T00:00:00Z,GTCUSD,0.936,0.97,0.884,0.944,4610.510017130001
2023-10-28T00:00:00Z,GTCUSD,0.948,0.975,0.886,0.957,10324.75492364
2023-10-29T00:00:00Z,GTCUSD,0.953,0.982,0.939,0.98,5383.9382390499995
2023-10-30T00:00:00Z,GTCUSD,0.973,0.994,0.924,0.958,6983.79383861
2023-10-31T00:00:00Z,GTCUSD,0.964,0.97,0.898,0.929,2206.51010918
2023-11-01T00:00:00Z,GTCUSD,0.935,0.969,0.853,0.969,4518.085216880001
2023-11-02T00:00:00Z,GTCUSD,0.969,1.002,0.861,0.939,10615.271923450002
2023-11-03T00:00:00Z,GTCUSD,0.932,0.949,0.87,0.936,7059.55190622
2023-11-04T00:00:00Z,GTCUSD,0.939,0.984,0.933,0.961,4545.236607980001
2023-11-05T00:00:00Z,GTCUSD,0.976,1.05,0.932,1.006,6983.249105370001
2023-11-06T00:00:00Z,GTCUSD,1.019,1.079,0.988,1.079,18214.357344499993
2023-11-07T00:00:00Z,GTCUSD,1.067,1.085,0.975,1.064,9471.447658029996
2023-11-08T00:00:00Z,GTCUSD,1.053,1.067,1.038,1.053,1180.8700468
2023-11-09T00:00:00Z,GTCUSD,1.062,1.149,0.992,1.079,10319.234202879994
2023-11-10T00:00:00Z,GTCUSD,1.082,1.255,1.082,1.154,4047.7967113
2023-11-11T00:00:00Z,GTCUSD,1.161,1.22,1.126,1.161,2734.775021429999
2023-11-12T00:00:00Z,GTCUSD,1.173,1.196,1.121,1.172,3430.43652063
2023-11-13T00:00:00Z,GTCUSD,1.177,1.249,1.073,1.108,4562.826173349999
2023-11-14T00:00:00Z,GTCUSD,1.11,1.128,1.008,1.073,4680.148115069999
2023-11-15T00:00:00Z,GTCUSD,1.076,1.135,1.069,1.105,3042.660839999999
2023-11-16T00:00:00Z,GTCUSD,1.137,1.144,1.021,1.051,5609.837687179999
2023-11-17T00:00:00Z,GTCUSD,1.073,1.073,0.945,1.042,7725.212386279999
2023-11-18T00:00:00Z,GTCUSD,1.02,1.073,0.968,1.025,1697.7604619300002
2023-11-19T00:00:00Z,GTCUSD,1.011,1.094,0.983,1.094,1487.7894980399997
2023-11-20T00:00:00Z,GTCUSD,1.091,1.129,1.067,1.095,4565.4723512300025
2023-11-21T00:00:00Z,GTCUSD,1.108,1.116,0.969,1.0,5896.657539489998
2023-11-22T00:00:00Z,GTCUSD,0.988,1.045,0.983,1.045,1820.14275316
2023-11-23T00:00:00Z,GTCUSD,1.048,1.051,1.017,1.025,548.7713743
2023-11-24T00:00:00Z,GTCUSD,1.051,1.095,1.051,1.062,776.0232516800002
2023-11-25T00:00:00Z,GTCUSD,1.071,1.091,1.058,1.075,271.47601712
2023-11-26T00:00:00Z,GTCUSD,1.069,1.075,1.0,1.042,862.1629013800001
2023-11-27T00:00:00Z,GTCUSD,1.063,1.063,1.0,1.004,1594.27945116
2023-11-28T00:00:00Z,GTCUSD,1.025,1.075,0.984,1.075,4149.746044459999
2023-11-29T00:00:00Z,GTCUSD,1.065,1.125,1.05,1.089,3361.7158794699994
2023-11-30T00:00:00Z,GTCUSD,1.107,1.161,1.037,1.084,5991.667916029998
2023-12-01T00:00:00Z,GTCUSD,1.079,1.112,1.045,1.106,1661.0949657499996
2023-12-02T00:00:00Z,GTCUSD,1.105,1.135,1.098,1.098,3095.2690896899994
2023-12-03T00:00:00Z,GTCUSD,1.116,1.116,1.07,1.094,3726.9175543599995
2023-12-04T00:00:00Z,GTCUSD,1.098,1.245,1.098,1.15,5179.43645727
2023-12-05T00:00:00Z,GTCUSD,1.162,1.262,1.146,1.19,7841.162072200004
2023-12-06T00:00:00Z,GTCUSD,1.204,1.227,1.102,1.148,4255.028478259998
2023-12-07T00:00:00Z,GTCUSD,1.158,1.178,1.132,1.171,3006.24591884
2023-12-08T00:00:00Z,GTCUSD,1.18,1.209,1.175,1.208,2641.84339658
2023-12-09T00:00:00Z,GTCUSD,1.211,1.253,1.18,1.191,5692.710373680003
2023-12-10T00:00:00Z,GTCUSD,1.186,1.24,1.175,1.224,4200.7761720499975
2023-12-11T00:00:00Z,GTCUSD,1.208,1.307,0.99,1.074,17294.891347380006
2023-12-12T00:00:00Z,GTCUSD,1.092,1.161,1.091,1.147,13731.286212619998
2023-12-13T00:00:00Z,GTCUSD,1.127,1.221,1.087,1.159,3428.1285807599997
2023-12-14T00:00:00Z,GTCUSD,1.143,1.22,1.109,1.175,4737.240537649999
2023-12-15T00:00:00Z,GTCUSD,1.171,1.215,1.106,1.106,2419.29927226
2023-12-16T00:00:00Z,GTCUSD,1.117,1.224,1.11,1.186,6395.925112059999
2023-12-17T00:00:00Z,GTCUSD,1.211,1.254,1.167,1.167,2836.55914731
2023-12-18T00:00:00Z,GTCUSD,1.167,1.171,1.062,1.138,17006.01187552001
2023-12-19T00:00:00Z,GTCUSD,1.14,1.153,1.121,1.132,9982.01244793
2023-12-20T00:00:00Z,GTCUSD,1.139,1.307,1.126,1.225,9452.715562579997
2023-12-21T00:00:00Z,GTCUSD,1.224,1.354,1.175,1.246,10575.975199450006
2023-12-22T00:00:00Z,GTCUSD,1.233,1.383,1.233,1.247,10117.871304059998
2023-12-23T00:00:00Z,GTCUSD,1.236,1.35,1.176,1.342,3034.2817051600014
2023-12-24T00:00:00Z,GTCUSD,1.331,1.58,1.065,1.354,54556.246824220005
2023-12-25T00:00:00Z,GTCUSD,1.338,1.452,1.337,1.418,6732.879660039999
2023-12-26T00:00:00Z,GTCUSD,1.407,1.546,1.334,1.414,17602.89930361001
2023-12-27T00:00:00Z,GTCUSD,1.391,1.643,1.351,1.505,22589.397384329975
2023-12-28T00:00:00Z,GTCUSD,1.513,1.588,1.412,1.468,9761.80075275
2023-12-29T00:00:00Z,GTCUSD,1.469,1.52,1.372,1.503,5647.87582532
2023-12-30T00:00:00Z,GTCUSD,1.481,1.481,1.39,1.425,3680.5432207900003
2023-12-31T00:00:00Z,GTCUSD,1.434,1.434,1.344,1.344,5444.204257810003
2024-01-01T00:00:00Z,GTCUSD,1.368,1.457,1.341,1.427,6140.6807945499995
2024-01-02T00:00:00Z,GTCUSD,1.437,1.51,1.437,1.447,6850.0383373800005
2024-01-03T00:00:00Z,GTCUSD,1.472,1.497,1.059,1.249,12880.226723189999
2024-01-04T00:00:00Z,GTCUSD,1.217,1.335,1.211,1.248,14692.532301000003
2024-01-05T00:00:00Z,GTCUSD,1.261,1.273,1.156,1.206,20082.142874860005
2024-01-06T00:00:00Z,GTCUSD,1.217,1.23,1.101,1.181,7022.8901989299975
2024-01-07T00:00:00Z,GTCUSD,1.2,1.233,1.116,1.116,3809.071570250001
2024-01-08T00:00:00Z,GTCUSD,1.131,1.223,1.035,1.205,11473.972338920003
2024-01-09T00:00:00Z,GTCUSD,1.21,1.21,1.087,1.142,19217.67753247999
2024-01-10T00:00:00Z,GTCUSD,1.139,1.289,1.108,1.234,18723.60337821
2024-01-11T00:00:00Z,GTCUSD,1.234,1.324,1.229,1.285,11201.444125080003
2024-01-12T00:00:00Z,GTCUSD,1.304,1.352,1.191,1.224,9437.377081260001
2024-01-13T00:00:00Z,GTCUSD,1.216,1.258,1.179,1.254,6003.4183339500005
2024-01-14T00:00:00Z,GTCUSD,1.244,1.244,1.192,1.198,2646.9424283699996
2024-01-15T00:00:00Z,GTCUSD,1.194,1.248,1.188,1.21,5720.17491251
2024-01-16T00:00:00Z,GTCUSD,1.233,1.288,1.227,1.277,1144.8820429600003
2024-01-17T00:00:00Z,GTCUSD,1.273,1.28,1.197,1.21,5293.476540789999
2024-01-18T00:00:00Z,GTCUSD,1.232,1.232,1.127,1.14,1081.78524837
2024-01-19T00:00:00Z,GTCUSD,1.113,1.127,1.056,1.108,1503.9113687699999
2024-01-20T00:00:00Z,GTCUSD,1.137,1.46,1.06,1.244,53044.010998319965
2024-01-21T00:00:00Z,GTCUSD,1.255,1.355,1.224,1.273,12924.918117619998
2024-01-22T00:00:00Z,GTCUSD,1.29,1.291,1.185,1.226,2291.7625508800006
2024-01-23T00:00:00Z,GTCUSD,1.225,1.25,1.08,1.14,5948.70664497
2024-01-24T00:00:00Z,GTCUSD,1.145,1.174,1.109,1.129,613.62258974
2024-01-25T00:00:00Z,GTCUSD,1.125,1.164,1.096,1.153,5802.087970710002
2024-01-26T00:00:00Z,GTCUSD,1.13,1.194,1.123,1.178,2790.042979369998
2024-01-27T00:00:00Z,GTCUSD,1.185,1.196,1.148,1.193,2009.2824222799993
2024-01-28T00:00:00Z,GTCUSD,1.197,1.257,1.143,1.146,12834.571798419998
2024-01-29T00:00:00Z,GTCUSD,1.165,1.223,1.163,1.181,8292.372654099998
2024-01-30T00:00:00Z,GTCUSD,1.181,1.181,1.141,1.148,8469.0286375
2024-01-31T00:00:00Z,GTCUSD,1.147,1.149,1.1,1.1,2591.1609424299995
2024-02-01T00:00:00Z,GTCUSD,1.087,1.115,1.087,1.114,1744.8212903799997
2024-02-02T00:00:00Z,GTCUSD,1.118,1.126,1.112,1.122,954.32391276
2024-02-03T00:00:00Z,GTCUSD,1.128,1.128,1.109,1.109,1607.41916571
2024-02-04T00:00:00Z,GTCUSD,1.109,1.139,1.083,1.097,3440.780527060001
2024-02-05T00:00:00Z,GTCUSD,1.081,1.138,1.08,1.096,440.85018393
2024-02-06T00:00:00Z,GTCUSD,1.095,1.143,1.095,1.113,1288.4716189800001
2024-02-07T00:00:00Z,GTCUSD,1.131,1.323,1.128,1.184,28164.497136180005
2024-02-08T00:00:00Z,GTCUSD,1.19,1.267,1.176,1.223,4596.722971610001
2024-02-09T00:00:00Z,GTCUSD,1.223,1.247,1.219,1.24,4049.5332057299993
2024-02-10T00:00:00Z,GTCUSD,1.262,1.306,1.258,1.272,1787.26162357
2024-02-11T00:00:00Z,GTCUSD,1.271,1.287,1.227,1.238,844.56554916
2024-02-12T00:00:00Z,GTCUSD,1.272,1.298,1.213,1.284,3717.4427943900005
2024-02-13T00:00:00Z,GTCUSD,1.276,1.343,1.259,1.293,3317.37946483
2024-02-14T00:00:00Z,GTCUSD,1.292,1.386,1.285,1.341,4434.283336309999
2024-02-15T00:00:00Z,GTCUSD,1.35,1.414,1.33,1.366,15377.612500259998
2024-02-16T00:00:00Z,GTCUSD,1.366,1.473,1.364,1.432,4981.51682552
2024-02-17T00:00:00Z,GTCUSD,1.432,1.549,1.393,1.433,6554.768127130002
2024-02-18T00:00:00Z,GTCUSD,1.465,1.841,1.454,1.612,14535.694395729986
2024-02-19T00:00:00Z,GTCUSD,1.625,1.818,1.575,1.633,19834.037325089987
2024-02-20T00:00:00Z,GTCUSD,1.644,1.66,1.453,1.57,8776.23443151
2024-02-21T00:00:00Z,GTCUSD,1.582,1.642,1.419,1.471,10507.3237333
2024-02-22T00:00:00Z,GTCUSD,1.463,1.531,1.421,1.473,2238.916066030001
2024-02-23T00:00:00Z,GTCUSD,1.49,1.505,1.429,1.456,1829.0882183500007
2024-02-24T00:00:00Z,GTCUSD,1.486,1.532,1.438,1.519,2506.80658424
2024-02-25T00:00:00Z,GTCUSD,1.517,1.564,1.496,1.518,5717.3085373
2024-02-26T00:00:00Z,GTCUSD,1.531,1.6,1.499,1.581,3871.969834620001
2024-02-27T00:00:00Z,GTCUSD,1.58,1.615,1.522,1.584,6863.719960379997
2024-02-28T00:00:00Z,GTCUSD,1.586,1.694,1.483,1.636,11794.610611110013
2024-02-29T00:00:00Z,GTCUSD,1.622,1.872,1.622,1.76,8765.340324049997
2024-03-01T00:00:00Z,GTCUSD,1.772,1.958,1.757,1.919,13486.452798339988
2024-03-02T00:00:00Z,GTCUSD,1.904,2.177,1.904,2.045,26082.391799009998
2024-03-03T00:00:00Z,GTCUSD,2.026,2.059,1.827,1.949,11023.784412449999
2024-03-04T00:00:00Z,GTCUSD,1.964,2.124,1.884,1.989,5726.46070293
2024-03-05T00:00:00Z,GTCUSD,1.987,2.365,1.713,2.015,39050.38947746006
2024-03-06T00:00:00Z,GTCUSD,2.01,2.168,1.954,2.047,16179.274718629993
2024-03-07T00:00:00Z,GTCUSD,2.026,3.107,2.026,2.346,84586.36602917008
2024-03-08T00:00:00Z,GTCUSD,2.373,2.379,2.134,2.286,13077.37473769
2024-03-09T00:00:00Z,GTCUSD,2.309,2.47,2.277,2.374,11567.918991740005
2024-03-10T00:00:00Z,GTCUSD,2.398,2.434,2.223,2.329,11160.339028059998
2024-03-11T00:00:00Z,GTCUSD,2.307,2.4,2.165,2.386,10080.316970179998
2024-03-12T00:00:00Z,GTCUSD,2.383,2.574,2.185,2.361,10627.089866550008
2024-03-13T00:00:00Z,GTCUSD,2.364,2.489,2.317,2.323,5504.13580601
2024-03-14T00:00:00Z,GTCUSD,2.324,2.362,2.07,2.216,23695.890008080005
2024-03-15T00:00:00Z,GTCUSD,2.219,2.237,1.878,2.051,11435.032723119999
2024-03-16T00:00:00Z,GTCUSD,2.063,2.1,1.821,1.851,6000.440350469999
2024-03-17T00:00:00Z,GTCUSD,1.856,2.039,1.76,2.01,9162.054333679996
2024-03-18T00:00:00Z,GTCUSD,1.976,2.028,1.868,1.892,6837.90579897
2024-03-19T00:00:00Z,GTCUSD,1.906,1.914,1.653,1.699,7875.180915810005
2024-03-20T00:00:00Z,GTCUSD,1.72,1.893,1.631,1.893,3276.0960310200016
2024-03-21T00:00:00Z,GTCUSD,1.9,1.931,1.785,1.835,8082.463903320002
2024-03-22T00:00:00Z,GTCUSD,1.837,1.919,1.771,1.812,1924.7045147999995
2024-03-23T00:00:00Z,GTCUSD,1.803,1.871,1.803,1.832,2018.6546620200004
2024-03-24T00:00:00Z,GTCUSD,1.851,1.917,1.804,1.917,13980.711132930004
2024-03-25T00:00:00Z,GTCUSD,1.916,2.063,1.913,2.027,5207.403221509999
2024-03-26T00:00:00Z,GTCUSD,2.028,2.088,1.969,2.015,3366.8029728299994
2024-03-27T00:00:00Z,GTCUSD,2.01,2.085,1.95,2.013,8154.737831020003
2024-03-28T00:00:00Z,GTCUSD,2.041,2.237,2.01,2.151,15877.656011809997
2024-03-29T00:00:00Z,GTCUSD,2.191,2.37,2.144,2.238,18893.835742870007
2024-03-30T00:00:00Z,GTCUSD,2.24,2.24,2.129,2.129,3659.8870294000003
2024-03-31T00:00:00Z,GTCUSD,2.152,2.187,2.099,2.099,1784.65169854
2024-04-01T00:00:00Z,GTCUSD,2.13,2.141,1.921,1.969,4376.759130680001
2024-04-02T00:00:00Z,GTCUSD,1.965,1.965,1.755,1.802,4026.56013709
2024-04-03T00:00:00Z,GTCUSD,1.78,1.845,1.749,1.766,1168.9141011400004
2024-04-04T00:00:00Z,GTCUSD,1.821,1.891,1.769,1.816,6295.54884265
2024-04-05T00:00:00Z,GTCUSD,1.799,1.809,1.705,1.785,2182.72993658
2024-04-06T00:00:00Z,GTCUSD,1.77,1.804,1.77,1.799,1796.1593272700002
2024-04-07T00:00:00Z,GTCUSD,1.819,1.854,1.811,1.837,2373.8063204499995
2024-04-08T00:00:00Z,GTCUSD,1.814,1.986,1.814,1.947,1348.3852974400002
2024-04-09T00:00:00Z,GTCUSD,1.926,1.926,1.833,1.833,958.4281454
2024-04-10T00:00:00Z,GTCUSD,1.843,1.843,1.74,1.818,1457.0467510399997
2024-04-11T00:00:00Z,GTCUSD,1.815,1.825,1.729,1.745,2049.00170678
2024-04-12T00:00:00Z,GTCUSD,1.749,1.768,1.249,1.391,17465.39249777999
2024-04-13T00:00:00Z,GTCUSD,1.388,1.407,0.957,1.131,19597.895511079987
2024-04-14T00:00:00Z,GTCUSD,1.132,1.283,1.119,1.278,2962.803456879999
2024-04-15T00:00:00Z,GTCUSD,1.25,1.305,1.16,1.185,8107.448133319999
2024-04-16T00:00:00Z,GTCUSD,1.161,1.204,1.132,1.204,4271.60483449
2024-04-17T00:00:00Z,GTCUSD,1.175,1.203,1.129,1.18,6800.15536562
2024-04-18T00:00:00Z,GTCUSD,1.151,1.204,1.134,1.204,3736.91967486
2024-04-19T00:00:00Z,GTCUSD,1.194,1.233,1.111,1.178,1714.9597512100001
2024-04-20T00:00:00Z,GTCUSD,1.191,1.301,1.191,1.301,2409.07334011
2024-04-21T00:00:00Z,GTCUSD,1.292,1.312,1.248,1.248,550.8466410799999
2024-04-22T00:00:00Z,GTCUSD,1.286,1.312,1.273,1.298,837.8561029
2024-04-23T00:00:00Z,GTCUSD,1.313,1.313,1.265,1.287,6062.476932460003
2024-04-24T00:00:00Z,GTCUSD,1.3,1.327,1.222,1.229,946.5175268200001
2024-04-25T00:00:00Z,GTCUSD,1.224,1.246,1.186,1.246,1174.5568721299996
2024-04-26T00:00:00Z,GTCUSD,1.213,1.223,1.192,1.209,1338.63231404
2024-04-27T00:00:00Z,GTCUSD,1.184,1.233,1.165,1.222,2378.6028334400003
2024-04-28T00:00:00Z,GTCUSD,1.235,1.266,1.197,1.197,1680.5418555100002
2024-04-29T00:00:00Z,GTCUSD,1.181,1.186,1.148,1.184,1753.90389734
2024-04-30T00:00:00Z,GTCUSD,1.193,1.193,1.069,1.07,3978.6386388
2024-05-01T00:00:00Z,GTCUSD,1.106,1.12,1.023,1.097,2983.75038137
2024-05-02T00:00:00Z,GTCUSD,1.097,1.157,1.082,1.157,1861.1255113300003
2024-05-03T00:00:00Z,GTCUSD,1.154,1.177,1.13,1.177,1046.3959184
2024-05-04T00:00:00Z,GTCUSD,1.177,1.178,1.16,1.178,3750.4231110299997
2024-05-05T00:00:00Z,GTCUSD,1.135,1.195,1.135,1.178,976.6396212300001
2024-05-06T00:00:00Z,GTCUSD,1.21,1.217,1.178,1.186,2046.4129877100002
2024-05-07T00:00:00Z,GTCUSD,1.184,1.387,1.166,1.183,6488.162048559998
2024-05-08T00:00:00Z,GTCUSD,1.172,1.216,1.132,1.186,1119.2918535
2024-05-09T00:00:00Z,GTCUSD,1.187,1.307,1.187,1.279,10251.644258159999
2024-05-10T00:00:00Z,GTCUSD,1.288,1.307,1.223,1.228,2222.80706109
2024-05-11T00:00:00Z,GTCUSD,1.23,1.25,1.226,1.226,2789.5302456299996
2024-05-12T00:00:00Z,GTCUSD,1.232,1.232,1.205,1.205,1020.99775128
2024-05-13T00:00:00Z,GTCUSD,1.194,1.204,1.111,1.204,709.93326696
2024-05-14T00:00:00Z,GTCUSD,1.159,1.161,1.106,1.11,1466.5789236
2024-05-15T00:00:00Z,GTCUSD,1.11,1.195,1.107,1.195,1464.4298972299998
2024-05-16T00:00:00Z,GTCUSD,1.199,1.206,1.156,1.156,6649.08956471
2024-05-17T00:00:00Z,GTCUSD,1.165,1.228,1.165,1.227,193.76906806000002
2024-05-18T00:00:00Z,GTCUSD,1.222,1.253,1.213,1.213,3005.6062549999992
2024-05-19T00:00:00Z,GTCUSD,1.213,1.215,1.134,1.134,1607.4433849299999
2024-05-20T00:00:00Z,GTCUSD,1.128,1.283,1.119,1.272,2258.7908802700003
2024-05-21T00:00:00Z,GTCUSD,1.268,1.381,1.268,1.33,6240.075176190001
2024-05-22T00:00:00Z,GTCUSD,1.323,1.323,1.265,1.272,1183.0931914900002
2024-05-23T00:00:00Z,GTCUSD,1.284,1.328,1.205,1.278,2587.7209860399985
2024-05-24T00:00:00Z,GTCUSD,1.307,1.333,1.248,1.326,1094.4690293600001
2024-05-25T00:00:00Z,GTCUSD,1.333,1.354,1.329,1.34,3411.45374259
2024-05-26T00:00:00Z,GTCUSD,1.358,1.358,1.31,1.334,3550.665156660001
2024-05-27T00:00:00Z,GTCUSD,1.315,1.376,1.315,1.322,792.0452426300001
2024-05-28T00:00:00Z,GTCUSD,1.316,1.382,1.275,1.298,1694.70710016
2024-05-29T00:00:00Z,GTCUSD,1.292,1.317,1.275,1.278,419.80498925999996
2024-05-30T00:00:00Z,GTCUSD,1.285,1.381,1.244,1.356,5780.906929119999
2024-05-31T00:00:00Z,GTCUSD,1.332,1.44,1.322,1.393,8816.961290240002
2024-06-01T00:00:00Z,GTCUSD,1.397,1.96,1.389,1.736,51928.920553899996
2024-06-02T00:00:00Z,GTCUSD,1.729,1.871,1.584,1.68,49207.31523759
2024-06-03T00:00:00Z,GTCUSD,1.658,1.793,1.548,1.67,8463.069354310002
2024-06-04T00:00:00Z,GTCUSD,1.738,1.84,1.72,1.727,16791.228638789995
2024-06-05T00:00:00Z,GTCUSD,1.739,1.797,1.693,1.721,9461.175674850001
2024-06-06T00:00:00Z,GTCUSD,1.717,1.739,1.618,1.637,3721.1888879899993
2024-06-07T00:00:00Z,GTCUSD,1.643,1.646,1.349,1.459,9268.541000320003
2024-06-08T00:00:00Z,GTCUSD,1.451,1.505,1.364,1.367,2947.2814898399993
2024-06-09T00:00:00Z,GTCUSD,1.367,1.388,1.345,1.356,3318.67098297
2024-06-10T00:00:00Z,GTCUSD,1.378,1.378,1.324,1.325,810.76366224
2024-06-11T00:00:00Z,GTCUSD,1.308,1.329,1.222,1.258,1532.67296772
2024-06-12T00:00:00Z,GTCUSD,1.214,1.343,1.208,1.295,1104.20085209
2024-06-13T00:00:00Z,GTCUSD,1.265,1.282,1.238,1.242,5905.8485691999995
2024-06-14T00:00:00Z,GTCUSD,1.24,1.247,1.146,1.164,2453.57705974
2024-06-15T00:00:00Z,GTCUSD,1.162,1.189,1.15,1.15,1920.304776
2024-06-16T00:00:00Z,GTCUSD,1.149,1.175,1.136,1.17,2066.0880599399998
2024-06-17T00:00:00Z,GTCUSD,1.137,1.137,1.012,1.058,1994.2026299899997
2024-06-18T00:00:00Z,GTCUSD,1.047,1.052,0.93,0.954,1196.8259760600001
2024-06-19T00:00:00Z,GTCUSD,0.965,1.008,0.965,0.994,1934.11554179
2024-06-20T00:00:00Z,GTCUSD,0.995,1.09,0.994,1.003,1705.9542518499995
2024-06-21T00:00:00Z,GTCUSD,0.989,1.008,0.978,0.978,6101.300259139999
2024-06-22T00:00:00Z,GTCUSD,0.972,1.006,0.966,1.005,342.32185727
2024-06-23T00:00:00Z,GTCUSD,1.007,1.02,0.957,0.958,1838.5832201399999
2024-06-24T00:00:00Z,GTCUSD,0.939,0.967,0.918,0.966,1436.85002429
2024-06-25T00:00:00Z,GTCUSD,0.977,1.013,0.975,1.002,1282.2635280999998
2024-06-26T00:00:00Z,GTCUSD,1.006,1.009,0.966,0.988,1749.8812068200002
2024-06-27T00:00:00Z,GTCUSD,0.972,1.029,0.972,1.009,571.5264638200001
2024-06-28T00:00:00Z,GTCUSD,1.004,1.018,0.98,0.98,4070.94596437
2024-06-29T00:00:00Z,GTCUSD,0.975,0.983,0.953,0.953,727.21029134
2024-06-30T00:00:00Z,GTCUSD,0.959,1.029,0.937,1.029,440.9367800399999
2024-07-01T00:00:00Z,GTCUSD,1.014,1.035,1.0,1.0,794.89651082
2024-07-02T00:00:00Z,GTCUSD,1.001,1.001,0.95,0.969,1335.7531872299999
2024-07-03T00:00:00Z,GTCUSD,0.971,0.971,0.904,0.905,5227.540233719999
2024-07-04T00:00:00Z,GTCUSD,0.904,0.904,0.811,0.811,2454.6030449399996
2024-07-05T00:00:00Z,GTCUSD,0.809,0.821,0.693,0.76,2974.2753535100005
2024-07-06T00:00:00Z,GTCUSD,0.785,0.859,0.769,0.859,974.1918142900001
2024-07-07T00:00:00Z,GTCUSD,0.815,0.824,0.774,0.81,2950.25077818
2024-07-08T00:00:00Z,GTCUSD,0.75,0.822,0.75,0.798,562.50381642
2024-07-09T00:00:00Z,GTCUSD,0.809,0.829,0.809,0.816,631.3051731799999
2024-07-10T00:00:00Z,GTCUSD,0.829,0.839,0.804,0.804,538.33715938
2024-07-11T00:00:00Z,GTCUSD,0.834,0.847,0.807,0.826,180.7349501
2024-07-12T00:00:00Z,GTCUSD,0.807,0.837,0.777,0.808,6937.4166866900005
2024-07-13T00:00:00Z,GTCUSD,0.814,0.832,0.798,0.829,1704.9478694800002
2024-07-14T00:00:00Z,GTCUSD,0.832,0.866,0.799,0.866,1854.0600576799998
2024-07-15T00:00:00Z,GTCUSD,0.871,0.893,0.845,0.893,824.4729091
2024-07-16T00:00:00Z,GTCUSD,0.913,0.935,0.855,0.887,2277.22534812
2024-07-17T00:00:00Z,GTCUSD,0.898,0.917,0.878,0.887,8059.011316339999
2024-07-18T00:00:00Z,GTCUSD,0.878,0.878,0.851,0.851,699.63708332
2024-07-19T00:00:00Z,GTCUSD,0.855,0.882,0.845,0.882,1130.31355908
2024-07-20T00:00:00Z,GTCUSD,0.882,0.936,0.875,0.923,3848.4887260899995
2024-07-21T00:00:00Z,GTCUSD,0.925,0.943,0.899,0.929,1792.4703711900004
2024-07-22T00:00:00Z,GTCUSD,0.926,0.934,0.86,0.86,1144.1936913999998
2024-07-23T00:00:00Z,GTCUSD,0.869,0.904,0.852,0.891,2500.2199225800005
2024-07-24T00:00:00Z,GTCUSD,0.89,0.955,0.878,0.927,3319.93547957
2024-07-25T00:00:00Z,GTCUSD,0.926,1.003,0.865,0.95,6770.11797428
2024-07-26T00:00:00Z,GTCUSD,0.957,0.982,0.952,0.973,2402.7445816299933
2024-07-27T00:00:00Z,GTCUSD,0.979,0.988,0.918,0.987,813.35250714
2024-07-28T00:00:00Z,GTCUSD,0.98,0.98,0.86,0.878,1946.2236855600001
2024-07-29T00:00:00Z,GTCUSD,0.88,0.891,0.853,0.887,7969.134295600002
2024-07-30T00:00:00Z,GTCUSD,0.878,0.935,0.818,0.842,1581.29152977
2024-07-31T00:00:00Z,GTCUSD,0.846,0.864,0.795,0.795,2442.3635970499995
2024-08-01T00:00:00Z,GTCUSD,0.806,0.843,0.723,0.773,7228.2520311200005
2024-08-02T00:00:00Z,GTCUSD,0.773,0.776,0.698,0.703,3532.66155197
2024-08-03T00:00:00Z,GTCUSD,0.695,0.741,0.65,0.689,18717.938890889996
2024-08-04T00:00:00Z,GTCUSD,0.684,0.69,0.624,0.64,5081.093317299999
2024-08-05T00:00:00Z,GTCUSD,0.631,0.678,0.535,0.608,8824.29561426
2024-08-06T00:00:00Z,GTCUSD,0.637,0.678,0.62,0.637,5451.62043816
2024-08-07T00:00:00Z,GTCUSD,0.649,0.657,0.597,0.605,6360.412709139999
2024-08-08T00:00:00Z,GTCUSD,0.608,0.677,0.608,0.676,1451.88655493
2024-08-09T00:00:00Z,GTCUSD,0.676,0.676,0.623,0.63,4593.59919852
2024-08-10T00:00:00Z,GTCUSD,0.643,0.676,0.643,0.673,185.78009147999998
2024-08-11T00:00:00Z,GTCUSD,0.667,0.697,0.619,0.629,1432.5064306799998
2024-08-12T00:00:00Z,GTCUSD,0.637,0.669,0.615,0.64,6283.78862468
2024-08-13T00:00:00Z,GTCUSD,0.655,0.67,0.644,0.668,1280.3308907199998
2024-08-14T00:00:00Z,GTCUSD,0.665,0.679,0.641,0.659,1551.6775750400002
2024-08-15T00:00:00Z,GTCUSD,0.644,0.648,0.597,0.6,1012.49305793
2024-08-16T00:00:00Z,GTCUSD,0.604,0.624,0.572,0.59,1988.2236084499998
2024-08-17T00:00:00Z,GTCUSD,0.605,0.614,0.596,0.614,518.80586927
2024-08-18T00:00:00Z,GTCUSD,0.614,0.644,0.611,0.631,9187.044331509998
2024-08-19T00:00:00Z,GTCUSD,0.617,0.655,0.611,0.635,3359.7967034800004
2024-08-20T00:00:00Z,GTCUSD,0.636,0.648,0.621,0.63,2055.699713309998
2024-08-21T00:00:00Z,GTCUSD,0.622,0.658,0.614,0.652,4260.639875000002
2024-08-22T00:00:00Z,GTCUSD,0.65,0.687,0.641,0.685,9938.006741520001
2024-08-23T00:00:00Z,GTCUSD,0.684,0.742,0.684,0.742,1780.4116835000002
2024-08-24T00:00:00Z,GTCUSD,0.744,0.751,0.714,0.729,10902.966153249998
2024-08-25T00:00:00Z,GTCUSD,0.722,0.729,0.696,0.71,3851.05415887
2024-08-26T00:00:00Z,GTCUSD,0.704,0.715,0.652,0.652,21951.351901650007
2024-08-27T00:00:00Z,GTCUSD,0.657,0.661,0.591,0.596,5269.357024340001
2024-08-28T00:00:00Z,GTCUSD,0.609,0.624,0.573,0.589,4999.767680689999
2024-08-29T00:00:00Z,GTCUSD,0.595,0.626,0.59,0.599,4267.92484686
2024-08-30T00:00:00Z,GTCUSD,0.603,0.629,0.591,0.609,2701.62657212
2024-08-31T00:00:00Z,GTCUSD,0.606,0.606,0.594,0.594,85.01100564000001
2024-09-01T00:00:00Z,GTCUSD,0.602,0.615,0.568,0.568,2577.2807607300006
2024-09-02T00:00:00Z,GTCUSD,0.581,0.607,0.581,0.597,657.57117629
2024-09-03T00:00:00Z,GTCUSD,0.61,0.61,0.557,0.557,7668.40439536
2024-09-04T00:00:00Z,GTCUSD,0.549,0.62,0.537,0.599,6421.615131430003
2024-09-05T00:00:00Z,GTCUSD,0.6,0.601,0.584,0.586,4833.4456264499995
2024-09-06T00:00:00Z,GTCUSD,0.589,0.599,0.539,0.564,8336.162275820001
2024-09-07T00:00:00Z,GTCUSD,0.568,0.581,0.562,0.562,1710.2086870800001
2024-09-08T00:00:00Z,GTCUSD,0.569,0.612,0.569,0.611,1145.64692037
2024-09-09T00:00:00Z,GTCUSD,0.613,0.613,0.579,0.609,3472.3952224
2024-09-10T00:00:00Z,GTCUSD,0.594,0.612,0.594,0.606,2902.22955426
2024-09-11T00:00:00Z,GTCUSD,0.617,0.636,0.59,0.634,9068.39466492
2024-09-12T00:00:00Z,GTCUSD,0.627,0.643,0.611,0.629,18072.36004042
2024-09-13T00:00:00Z,GTCUSD,0.62,0.648,0.615,0.646,17462.4697898
2024-09-14T00:00:00Z,GTCUSD,0.64,0.64,0.607,0.622,3202.480546919999
2024-09-15T00:00:00Z,GTCUSD,0.624,0.632,0.599,0.604,1111.8006099
2024-09-16T00:00:00Z,GTCUSD,0.6,0.626,0.595,0.596,1094.5328158300001
2024-09-17T00:00:00Z,GTCUSD,0.601,0.61,0.597,0.606,2671.67069396
2024-09-18T00:00:00Z,GTCUSD,0.614,0.622,0.596,0.622,2305.90942005
2024-09-19T00:00:00Z,GTCUSD,0.626,0.666,0.626,0.643,5212.289819070002
2024-09-20T00:00:00Z,GTCUSD,0.65,0.688,0.636,0.658,4083.4368894900012
2024-09-21T00:00:00Z,GTCUSD,0.669,0.669,0.655,0.664,313.74552971
2024-09-22T00:00:00Z,GTCUSD,0.652,0.658,0.621,0.646,7436.496085680001
2024-09-23T00:00:00Z,GTCUSD,0.631,0.663,0.631,0.651,2524.9847767000006
2024-09-24T00:00:00Z,GTCUSD,0.65,0.669,0.64,0.666,1259.17547306
2024-09-25T00:00:00Z,GTCUSD,0.673,0.676,0.641,0.641,1454.4178396099999
2024-09-26T00:00:00Z,GTCUSD,0.64,0.678,0.635,0.677,6761.43251758
2024-09-27T00:00:00Z,GTCUSD,0.679,0.712,0.679,0.69,3043.3268013899997
2024-09-28T00:00:00Z,GTCUSD,0.708,0.71,0.668,0.68,1699.47738613
2024-09-29T00:00:00Z,GTCUSD,0.681,0.69,0.666,0.684,1308.44070596
2024-09-30T00:00:00Z,GTCUSD,0.663,0.682,0.649,0.649,1083.67560175
2024-10-01T00:00:00Z,GTCUSD,0.671,0.671,0.618,0.62,3537.844779969999
2024-10-02T00:00:00Z,GTCUSD,0.622,0.683,0.622,0.627,3788.40311776
2024-10-03T00:00:00Z,GTCUSD,0.6220,0.6280,0.6220,0.6280,2603.22325267
2024-10-04T00:00:00Z,GTCUSD,0.6320,0.6570,0.6320,0.6470,3597.19354224
2024-10-05T00:00:00Z,GTCUSD,0.6550,0.7000,0.6550,0.6670,3007.52910877
2024-10-06T00:00:00Z,GTCUSD,0.6890,0.6990,0.6820,0.6890,2264.73099002
2024-10-07T00:00:00Z,GTCUSD,0.6980,0.6980,0.6790,0.6790,30.43180940
2024-10-08T00:00:00Z,GTCUSD,0.6930,0.6930,0.6570,0.6610,950.69558459
2024-10-09T00:00:00Z,GTCUSD,0.6700,0.6700,0.6520,0.6550,1556.24581164
2024-10-10T00:00:00Z,GTCUSD,0.6550,0.6730,0.6520,0.6520,342.45227846
2024-10-11T00:00:00Z,GTCUSD,0.6560,0.6880,0.6540,0.6840,824.06733942
2024-10-12T00:00:00Z,GTCUSD,0.6930,0.7070,0.6840,0.6900,2228.65440248
2024-10-13T00:00:00Z,GTCUSD,0.6960,0.7040,0.6570,0.6860,2993.37001764
2024-10-14T00:00:00Z,GTCUSD,0.6790,0.7050,0.6790,0.6990,1131.96206662
2024-10-15T00:00:00Z,GTCUSD,0.7110,0.7150,0.6680,0.6890,1678.80023144
2024-10-16T00:00:00Z,GTCUSD,0.6780,0.6800,0.6590,0.6800,4740.54516862
2024-10-17T00:00:00Z,GTCUSD,0.6730,0.6730,0.6450,0.6560,834.43068956
2024-10-18T00:00:00Z,GTCUSD,0.6610,0.6840,0.6610,0.6840,1989.84378105
2024-10-19T00:00:00Z,GTCUSD,0.6860,0.7100,0.6860,0.7070,6128.41896451
2024-10-20T00:00:00Z,GTCUSD,0.6840,0.7540,0.6680,0.7460,31036.78782915
2024-10-21T00:00:00Z,GTCUSD,0.7460,0.7610,0.6860,0.6910,34498.58079025
2024-10-22T00:00:00Z,GTCUSD,0.6810,0.7030,0.6760,0.7030,2074.26623227
2024-10-23T00:00:00Z,GTCUSD,0.6980,0.6980,0.6760,0.6980,6121.23916652
2024-10-24T00:00:00Z,GTCUSD,0.7020,0.7830,0.7010,0.7100,37345.44689330
2024-10-25T00:00:00Z,GTCUSD,0.7190,0.7210,0.6340,0.6420,22919.51475972
2024-10-26T00:00:00Z,GTCUSD,0.6390,0.6490,0.6070,0.6390,2173.48002168
2024-10-27T00:00:00Z,GTCUSD,0.6310,0.6460,0.6270,0.6450,1901.89394176
2024-10-28T00:00:00Z,GTCUSD,0.6230,0.6450,0.6130,0.6450,1858.87005135
2024-10-29T00:00:00Z,GTCUSD,0.6460,0.6650,0.6460,0.6650,3337.30381860
2024-10-30T00:00:00Z,GTCUSD,0.6760,0.7060,0.6430,0.6640,8024.08949327
2024-10-31T00:00:00Z,GTCUSD,0.6610,0.6610,0.6120,0.6180,16899.63431065
2024-11-01T00:00:00Z,GTCUSD,0.6090,0.6220,0.5950,0.6060,2304.92730253
2024-11-02T00:00:00Z,GTCUSD,0.6150,0.6150,0.5860,0.5970,744.98600945
2024-11-03T00:00:00Z,GTCUSD,0.5970,0.6020,0.5320,0.5660,5953.65072045
2024-11-04T00:00:00Z,GTCUSD,0.5600,0.5750,0.5370,0.5460,4318.86564809
2024-11-05T00:00:00Z,GTCUSD,0.5530,0.5810,0.5510,0.5670,3952.35348623
2024-11-06T00:00:00Z,GTCUSD,0.5910,0.6360,0.5870,0.6340,7637.99916179
2024-11-07T00:00:00Z,GTCUSD,0.6390,0.6490,0.5960,0.6220,9176.15929858
2024-11-08T00:00:00Z,GTCUSD,0.6270,0.6340,0.6100,0.6280,4158.21060154
2024-11-09T00:00:00Z,GTCUSD,0.6310,0.6660,0.6290,0.6620,4650.45250640
2024-11-10T00:00:00Z,GTCUSD,0.6620,0.7070,0.6510,0.6830,4379.24647998
2024-11-11T00:00:00Z,GTCUSD,0.6880,0.7180,0.6620,0.7180,6756.51674619
2024-11-12T00:00:00Z,GTCUSD,0.7090,0.7310,0.6630,0.6840,16207.97815664
2024-11-13T00:00:00Z,GTCUSD,0.6880,0.7050,0.6290,0.6570,9913.86455677
2024-11-14T00:00:00Z,GTCUSD,0.6610,0.6970,0.6450,0.6550,7046.49553079
2024-11-15T00:00:00Z,GTCUSD,0.6550,0.6900,0.6420,0.6830,3221.90680853
2024-11-16T00:00:00Z,GTCUSD,0.6900,0.7490,0.6900,0.7420,28329.44089197
2024-11-17T00:00:00Z,GTCUSD,0.7490,0.7510,0.6950,0.6950,6795.83572135
2024-11-18T00:00:00Z,GTCUSD,0.7120,0.7730,0.7120,0.7570,25495.84689415
2024-11-19T00:00:00Z,GTCUSD,0.7640,0.7640,0.7200,0.7320,11899.60911042
2024-11-20T00:00:00Z,GTCUSD,0.7300,0.7320,0.6660,0.6920,4704.10270717
2024-11-21T00:00:00Z,GTCUSD,0.6650,0.7490,0.6620,0.7490,5200.23319799
2024-11-22T00:00:00Z,GTCUSD,0.7460,0.7790,0.7340,0.7790,3167.43687647
2024-11-23T00:00:00Z,GTCUSD,0.7780,0.8500,0.7740,0.8340,24365.37561537
2024-11-24T00:00:00Z,GTCUSD,0.8300,0.9130,0.8100,0.9130,10571.65642025
2024-11-25T00:00:00Z,GTCUSD,0.9100,0.9100,0.8380,0.8520,19139.04955459
2024-11-26T00:00:00Z,GTCUSD,0.8460,0.8910,0.8150,0.8650,7475.53115651
2024-11-27T00:00:00Z,GTCUSD,0.8660,0.9400,0.8590,0.9400,2169.08950911
2024-11-28T00:00:00Z,GTCUSD,0.9320,0.9800,0.9160,0.9800,7240.64305740
2024-11-29T00:00:00Z,GTCUSD,0.9610,1.0130,0.9410,1.0120,9756.56792303
2024-11-30T00:00:00Z,GTCUSD,1.0090,1.1100,1.0070,1.0910,16686.15101465
2024-12-01T00:00:00Z,GTCUSD,1.0900,1.2960,1.0500,1.2770,62197.74187729
2024-12-02T00:00:00Z,GTCUSD,1.2530,1.2880,1.1570,1.1970,15555.81753308
2024-12-03T00:00:00Z,GTCUSD,1.2030,1.2830,1.1750,1.2830,8484.10680145
2024-12-04T00:00:00Z,GTCUSD,1.2860,1.3490,1.2530,1.2920,5524.60414635
2024-12-05T00:00:00Z,GTCUSD,1.2370,1.3350,1.2080,1.2800,3260.02023831
2024-12-06T00:00:00Z,GTCUSD,1.3200,1.3450,1.2370,1.3450,3142.39592448
2024-12-07T00:00:00Z,GTCUSD,1.3520,1.4240,1.3110,1.3170,13009.98152115
2024-12-08T00:00:00Z,GTCUSD,1.3070,1.3270,1.2440,1.3270,4228.33185819
2024-12-09T00:00:00Z,GTCUSD,1.3140,1.3140,0.8830,1.0420,8259.67925014
2024-12-10T00:00:00Z,GTCUSD,1.0350,1.0480,0.8870,1.0080,8339.30355740
2024-12-11T00:00:00Z,GTCUSD,0.9820,1.1070,0.9580,1.1030,6082.67343778
2024-12-12T00:00:00Z,GTCUSD,1.1020,1.1920,1.0970,1.1680,8302.76689961
2024-12-13T00:00:00Z,GTCUSD,1.1640,1.1810,1.1320,1.1500,3958.11584605
2024-12-14T00:00:00Z,GTCUSD,1.1870,1.2140,1.1260,1.1390,1350.80099300
2024-12-15T00:00:00Z,GTCUSD,1.1530,1.1790,0.9200,0.9800,69629.63638244
2024-12-16T00:00:00Z,GTCUSD,0.9810,1.0170,0.8460,0.8670,237137.39860246
2024-12-17T00:00:00Z,GTCUSD,0.8530,0.9390,0.8420,0.8530,57066.60390781
2024-12-18T00:00:00Z,GTCUSD,0.8570,0.8940,0.7340,0.7660,37378.89008149
2024-12-19T00:00:00Z,GTCUSD,0.7600,0.7830,0.6780,0.7020,181487.90236983
2024-12-20T00:00:00Z,GTCUSD,0.7050,0.7410,0.6030,0.7320,56986.03877705
2024-12-21T00:00:00Z,GTCUSD,0.7320,0.7810,0.7140,0.7250,11671.02314344
2024-12-22T00:00:00Z,GTCUSD,0.7170,0.7240,0.6920,0.7000,11301.94918103
2024-12-23T00:00:00Z,GTCUSD,0.6890,0.7630,0.6890,0.7510,4368.36780525
2024-12-24T00:00:00Z,GTCUSD,0.7430,0.7970,0.7350,0.7810,16130.75429789
2024-12-25T00:00:00Z,GTCUSD,0.7890,0.7970,0.7690,0.7750,9243.48392621
2024-12-26T00:00:00Z,GTCUSD,0.7580,0.7580,0.7210,0.7290,1746.24776219
2024-12-27T00:00:00Z,GTCUSD,0.7300,0.7580,0.7260,0.7370,3008.52282336
2024-12-28T00:00:00Z,GTCUSD,0.7400,0.8280,0.7400,0.8110,23389.73915901
2024-12-29T00:00:00Z,GTCUSD,0.8050,0.8230,0.7850,0.7870,4242.68406264
2024-12-30T00:00:00Z,GTCUSD,0.7900,0.8030,0.7370,0.7600,16988.08517915
2024-12-31T00:00:00Z,GTCUSD,0.7550,0.7740,0.7380,0.7490,1642.43423770
2025-01-01T00:00:00Z,GTCUSD,0.7480,0.7700,0.7260,0.7700,3674.79170968
2025-01-02T00:00:00Z,GTCUSD,0.7680,0.7900,0.7680,0.7750,4207.31167137
2025-01-03T00:00:00Z,GTCUSD,0.7780,0.8260,0.7680,0.8240,9964.02648071
2025-01-04T00:00:00Z,GTCUSD,0.8240,0.8390,0.8090,0.8190,7206.00298951
2025-01-05T00:00:00Z,GTCUSD,0.8180,0.8290,0.8070,0.8290,3236.34514946
2025-01-06T00:00:00Z,GTCUSD,0.8180,0.8480,0.8150,0.8280,4263.35502709
2025-01-07T00:00:00Z,GTCUSD,0.8180,0.8210,0.7290,0.7390,4257.04169639
2025-01-08T00:00:00Z,GTCUSD,0.7360,0.7360,0.6710,0.7040,24131.63962015
2025-01-09T00:00:00Z,GTCUSD,0.7100,0.7100,0.6720,0.6880,31856.97091681
2025-01-10T00:00:00Z,GTCUSD,0.6900,0.7060,0.6740,0.7030,2995.40195393
2025-01-11T00:00:00Z,GTCUSD,0.6920,0.7030,0.6810,0.6920,6683.68028213
2025-01-12T00:00:00Z,GTCUSD,0.6960,0.6960,0.6830,0.6890,782.76559751
2025-01-13T00:00:00Z,GTCUSD,0.6670,0.6680,0.6090,0.6480,3969.78205867
2025-01-14T00:00:00Z,GTCUSD,0.6490,0.6820,0.6490,0.6820,1541.84506167
2025-01-15T00:00:00Z,GTCUSD,0.6810,0.7010,0.6580,0.7010,3623.30409554
2025-01-16T00:00:00Z,GTCUSD,0.7000,0.7010,0.6660,0.6800,10861.19998965
2025-01-17T00:00:00Z,GTCUSD,0.6830,0.7350,0.6830,0.7300,6015.82568662
2025-01-18T00:00:00Z,GTCUSD,0.7380,0.7380,0.6550,0.6580,10260.46635279
2025-01-19T00:00:00Z,GTCUSD,0.6770,0.6810,0.5740,0.5950,23362.35617634
2025-01-20T00:00:00Z,GTCUSD,0.5840,0.6250,0.5590,0.5870,14699.71688062
2025-01-21T00:00:00Z,GTCUSD,0.5840,0.6240,0.5600,0.6050,9776.75208424
2025-01-22T00:00:00Z,GTCUSD,0.6100,0.6120,0.5950,0.5950,11804.59547014
2025-01-23T00:00:00Z,GTCUSD,0.5980,0.6030,0.5760,0.5900,6285.67504045
2025-01-24T00:00:00Z,GTCUSD,0.5900,0.6120,0.5800,0.5800,6872.87116142
2025-01-25T00:00:00Z,GTCUSD,0.5820,0.6010,0.5750,0.5930,3580.28618671
2025-01-26T00:00:00Z,GTCUSD,0.5940,0.6130,0.5840,0.5860,3412.84947348
2025-01-27T00:00:00Z,GTCUSD,0.5800,0.5800,0.5180,0.5580,29685.36058630
2025-01-28T00:00:00Z,GTCUSD,0.5570,0.5670,0.5290,0.5310,14321.41635192
2025-01-29T00:00:00Z,GTCUSD,0.5320,0.5610,0.5300,0.5540,14357.58793311
2025-01-30T00:00:00Z,GTCUSD,0.5470,0.5890,0.5140,0.5860,17245.94511025
2025-01-31T00:00:00Z,GTCUSD,0.5860,0.5980,0.5700,0.5740,4367.79859655
2025-02-01T00:00:00Z,GTCUSD,0.5790,0.5790,0.5220,0.5270,12164.71288150
2025-02-02T00:00:00Z,GTCUSD,0.5260,0.5260,0.4140,0.4420,14780.14223790
2025-02-03T00:00:00Z,GTCUSD,0.4290,0.4570,0.3380,0.4510,20426.94916693
2025-02-04T00:00:00Z,GTCUSD,0.4500,0.4500,0.4110,0.4300,16925.50540119
2025-02-05T00:00:00Z,GTCUSD,0.4290,0.4430,0.4230,0.4260,1757.35347534
2025-02-06T00:00:00Z,GTCUSD,0.4310,0.4350,0.3950,0.3950,7620.06999132
2025-02-07T00:00:00Z,GTCUSD,0.4090,0.4260,0.3910,0.4050,8441.28587657
2025-02-08T00:00:00Z,GTCUSD,0.4020,0.4360,0.4000,0.4360,3716.54944377
2025-02-09T00:00:00Z,GTCUSD,0.4360,0.4470,0.4220,0.4220,1787.94536229
2025-02-10T00:00:00Z,GTCUSD,0.4350,0.4480,0.4140,0.4470,2240.91718832
2025-02-11T00:00:00Z,GTCUSD,0.4540,0.4780,0.4470,0.4500,4069.71149802
2025-02-12T00:00:00Z,GTCUSD,0.4530,0.4880,0.4470,0.4840,1748.96404683
2025-02-13T00:00:00Z,GTCUSD,0.4820,0.4880,0.4600,0.4670,6620.70495732
2025-02-14T00:00:00Z,GTCUSD,0.4750,0.4890,0.4710,0.4760,1728.52501599
2025-02-15T00:00:00Z,GTCUSD,0.4790,0.4810,0.4670,0.4710,1635.80043833
2025-02-16T00:00:00Z,GTCUSD,0.4610,0.4850,0.4610,0.4750,1202.78767612
2025-02-17T00:00:00Z,GTCUSD,0.4700,0.4950,0.4630,0.4710,3907.35876236
2025-02-18T00:00:00Z,GTCUSD,0.4700,0.4740,0.4060,0.4170,7251.01005934
2025-02-19T00:00:00Z,GTCUSD,0.4290,0.4560,0.4230,0.4560,3502.93167562
2025-02-20T00:00:00Z,GTCUSD,0.4540,0.4860,0.4540,0.4800,8831.51441123
2025-02-21T00:00:00Z,GTCUSD,0.4870,0.5040,0.4610,0.4700,2789.20111003
2025-02-22T00:00:00Z,GTCUSD,0.4970,0.4970,0.4800,0.4830,468.26135356
2025-02-23T00:00:00Z,GTCUSD,0.4810,0.4850,0.4760,0.4780,201.13452419
2025-02-24T00:00:00Z,GTCUSD,0.4540,0.4590,0.4120,0.4240,810.74939128
2025-02-25T00:00:00Z,GTCUSD,0.4020,0.4350,0.3820,0.4140,2043.01610298
2025-02-26T00:00:00Z,GTCUSD,0.4240,0.4360,0.4120,0.4310,3097.86044401
2025-02-27T00:00:00Z,GTCUSD,0.4340,0.4480,0.4270,0.4420,2940.24274852
2025-02-28T00:00:00Z,GTCUSD,0.4310,0.4460,0.4080,0.4440,1173.22814024
2025-03-01T00:00:00Z,GTCUSD,0.4350,0.4420,0.4250,0.4300,2836.38897760
2025-03-02T00:00:00Z,GTCUSD,0.4280,0.4860,0.4280,0.4840,2476.36287524
2025-03-03T00:00:00Z,GTCUSD,0.4800,0.4800,0.3910,0.4010,5718.83712705
2025-03-04T00:00:00Z,GTCUSD,0.3970,0.3970,0.3610,0.3860,8336.38496496
2025-03-05T00:00:00Z,GTCUSD,0.3800,0.3970,0.3770,0.3970,2294.07863248
2025-03-06T00:00:00Z,GTCUSD,0.4020,0.4110,0.3850,0.3910,1704.44670006
2025-03-07T00:00:00Z,GTCUSD,0.3880,0.3960,0.3710,0.3840,2717.63577319
2025-03-08T00:00:00Z,GTCUSD,0.3750,0.4630,0.3730,0.3730,9698.51032016
2025-03-09T00:00:00Z,GTCUSD,0.3730,0.3790,0.3310,0.3370,4918.01274594
2025-03-10T00:00:00Z,GTCUSD,0.3330,0.3470,0.3070,0.3140,3210.27651351
2025-03-11T00:00:00Z,GTCUSD,0.3070,0.3380,0.2970,0.3350,1640.39849501
2025-03-12T00:00:00Z,GTCUSD,0.3270,0.3420,0.3240,0.3420,4951.87443676
2025-03-13T00:00:00Z,GTCUSD,0.3340,0.3400,0.3280,0.3300,1018.63726488
2025-03-14T00:00:00Z,GTCUSD,0.3370,0.3590,0.3370,0.3560,14064.42234789
2025-03-15T00:00:00Z,GTCUSD,0.3530,0.3690,0.3520,0.3660,2771.17606772
2025-03-16T00:00:00Z,GTCUSD,0.3610,0.3610,0.3390,0.3470,2334.75421035
2025-03-17T00:00:00Z,GTCUSD,0.3520,0.3750,0.3520,0.3750,4463.95697970
2025-03-18T00:00:00Z,GTCUSD,0.3750,0.3780,0.3530,0.3640,2038.42617145
2025-03-19T00:00:00Z,GTCUSD,0.3680,0.3880,0.3680,0.3850,9639.42862949
2025-03-20T00:00:00Z,GTCUSD,0.3820,0.3820,0.3700,0.3720,164.91636650
2025-03-21T00:00:00Z,GTCUSD,0.3720,0.3720,0.3500,0.3600,3614.21162528
2025-03-22T00:00:00Z,GTCUSD,0.3640,0.3880,0.3640,0.3680,11234.31075103
2025-03-23T00:00:00Z,GTCUSD,0.3720,0.3780,0.3670,0.3670,2193.92697555
2025-03-24T00:00:00Z,GTCUSD,0.3680,0.3870,0.3560,0.3820,1145.10028436
2025-03-25T00:00:00Z,GTCUSD,0.3780,0.3790,0.3640,0.3760,2049.68842355
2025-03-26T00:00:00Z,GTCUSD,0.3770,0.3780,0.3580,0.3600,1661.44969667
2025-03-27T00:00:00Z,GTCUSD,0.3630,0.3640,0.3550,0.3600,4096.29988453
2025-03-28T00:00:00Z,GTCUSD,0.3560,0.3560,0.3160,0.3180,6955.20339243
2025-03-29T00:00:00Z,GTCUSD,0.3230,0.3260,0.3040,0.3040,2954.45357841
2025-03-30T00:00:00Z,GTCUSD,0.3150,0.3210,0.3110,0.3140,3325.47860093
2025-03-31T00:00:00Z,GTCUSD,0.3050,0.3160,0.2990,0.3060,10598.53581771
2025-04-01T00:00:00Z,GTCUSD,0.3060,0.3170,0.3060,0.3130,1130.43663878
2025-04-02T00:00:00Z,GTCUSD,0.3080,0.3080,0.2760,0.2760,7397.34393701
2025-04-03T00:00:00Z,GTCUSD,0.2750,0.2910,0.2540,0.2670,13481.86321807
2025-04-04T00:00:00Z,GTCUSD,0.2630,0.2690,0.2560,0.2620,4590.98629096
2025-04-05T00:00:00Z,GTCUSD,0.2640,0.2730,0.2600,0.2620,3659.58605257
2025-04-06T00:00:00Z,GTCUSD,0.2620,0.2660,0.2340,0.2360,5781.43648137
2025-04-07T00:00:00Z,GTCUSD,0.2370,0.2400,0.2080,0.2390,16314.12029819
2025-04-08T00:00:00Z,GTCUSD,0.2420,0.2510,0.2270,0.2290,7864.47164975
2025-04-09T00:00:00Z,GTCUSD,0.2260,0.2640,0.2190,0.2590,20304.85712636
2025-04-10T00:00:00Z,GTCUSD,0.2560,0.2570,0.2420,0.2470,12212.99747138
2025-04-11T00:00:00Z,GTCUSD,0.2470,0.2570,0.2460,0.2560,21655.95881448
2025-04-12T00:00:00Z,GTCUSD,0.2560,0.2720,0.2560,0.2630,12294.36339925
2025-04-13T00:00:00Z,GTCUSD,0.2630,0.2630,0.2380,0.2380,20073.05980579
2025-04-14T00:00:00Z,GTCUSD,0.2400,0.2530,0.2380,0.2440,60537.40113898
2025-04-15T00:00:00Z,GTCUSD,0.2480,0.2570,0.2320,0.2350,11080.80484025
2025-04-16T00:00:00Z,GTCUSD,0.2370,0.2390,0.2280,0.2350,135670.25167685
2025-04-17T00:00:00Z,GTCUSD,0.2340,0.2390,0.2300,0.2350,91051.04889162
2025-04-18T00:00:00Z,GTCUSD,0.2360,0.2500,0.2360,0.2470,24924.46074424
2025-04-19T00:00:00Z,GTCUSD,0.2520,0.2780,0.2510,0.2750,94660.51008583
2025-04-20T00:00:00Z,GTCUSD,0.2730,0.3460,0.2720,0.3350,222566.11813077
2025-04-21T00:00:00Z,GTCUSD,0.3350,0.3560,0.2980,0.3020,264967.15202753
2025-04-22T00:00:00Z,GTCUSD,0.2990,0.3150,0.2890,0.3150,15907.20595095
2025-04-23T00:00:00Z,GTCUSD,0.3130,0.3260,0.3060,0.3100,51688.14983782
2025-04-24T00:00:00Z,GTCUSD,0.3120,0.3270,0.3020,0.3250,24679.65492149
2025-04-25T00:00:00Z,GTCUSD,0.3240,0.3480,0.3200,0.3320,72642.30979178
2025-04-26T00:00:00Z,GTCUSD,0.3410,0.3410,0.3190,0.3290,38678.56749271
2025-04-27T00:00:00Z,GTCUSD,0.3310,0.3380,0.3140,0.3140,10231.83301787
2025-04-28T00:00:00Z,GTCUSD,0.3140,0.3280,0.3010,0.3180,11694.37294313
2025-04-29T00:00:00Z,GTCUSD,0.3210,0.3220,0.3080,0.3080,1636.27778762
2025-04-30T00:00:00Z,GTCUSD,0.3120,0.3220,0.3100,0.3190,5149.88284529
2025-05-01T00:00:00Z,GTCUSD,0.3190,0.3310,0.3190,0.3220,19011.56920445
2025-05-02T00:00:00Z,GTCUSD,0.3230,0.3230,0.3100,0.3100,6087.75564307
2025-05-03T00:00:00Z,GTCUSD,0.3070,0.3100,0.2730,0.2830,10215.44171227
2025-05-04T00:00:00Z,GTCUSD,0.2820,0.2850,0.2720,0.2780,16136.35464240
2025-05-05T00:00:00Z,GTCUSD,0.2790,0.2870,0.2770,0.2810,17900.84628805
2025-05-06T00:00:00Z,GTCUSD,0.2800,0.2800,0.2610,0.2770,9851.87801806
2025-05-07T00:00:00Z,GTCUSD,0.2760,0.2820,0.2650,0.2650,8839.38207807
2025-05-08T00:00:00Z,GTCUSD,0.2690,0.3030,0.2690,0.3030,6256.57252568
2025-05-09T00:00:00Z,GTCUSD,0.3030,0.3270,0.3009,0.3269,16538.38480980
2025-05-10T00:00:00Z,GTCUSD,0.3289,0.3560,0.3205,0.3503,38361.13798836
2025-05-11T00:00:00Z,GTCUSD,0.3519,0.3572,0.3340,0.3395,13630.01457192
2025-05-12T00:00:00Z,GTCUSD,0.3392,0.3611,0.3217,0.3441,42012.79755103
2025-05-13T00:00:00Z,GTCUSD,0.3439,0.3670,0.3307,0.3634,21646.69937192
2025-05-14T00:00:00Z,GTCUSD,0.3648,0.3692,0.3421,0.3421,33089.74812859
2025-05-15T00:00:00Z,GTCUSD,0.3383,0.3383,0.3098,0.3197,5454.48904363
2025-05-16T00:00:00Z,GTCUSD,0.3198,0.3246,0.3075,0.3105,24391.04787679
2025-05-17T00:00:00Z,GTCUSD,0.3018,0.3422,0.2976,0.2999,5649.01040578
2025-05-18T00:00:00Z,GTCUSD,0.2986,0.3302,0.2978,0.3105,21753.09881418
2025-05-19T00:00:00Z,GTCUSD,0.3127,0.3132,0.2903,0.2974,9387.36318270
2025-05-20T00:00:00Z,GTCUSD,0.3024,0.3070,0.2888,0.2904,5388.90198222
2025-05-21T00:00:00Z,GTCUSD,0.3007,0.3105,0.2932,0.3105,27711.78407450
2025-05-22T00:00:00Z,GTCUSD,0.3119,0.3300,0.3064,0.3241,42499.74616455
2025-05-23T00:00:00Z,GTCUSD,0.3290,0.3290,0.2968,0.2968,41457.48900033
2025-05-24T00:00:00Z,GTCUSD,0.2957,0.2983,0.2939,0.2953,27220.49309564
2025-05-25T00:00:00Z,GTCUSD,0.2853,0.2953,0.2790,0.2947,31125.62878979
2025-05-26T00:00:00Z,GTCUSD,0.2960,0.3000,0.2873,0.2883,17551.31090455
2025-05-27T00:00:00Z,GTCUSD,0.2862,0.3003,0.2798,0.2928,76143.73351463
2025-05-28T00:00:00Z,GTCUSD,0.2931,0.2966,0.2820,0.2886,40077.14413894
2025-05-29T00:00:00Z,GTCUSD,0.2912,0.2989,0.2791,0.2791,17245.73027122
2025-05-30T00:00:00Z,GTCUSD,0.2721,0.2741,0.2500,0.2526,37016.07883576
2025-05-31T00:00:00Z,GTCUSD,0.2438,0.2551,0.2349,0.2527,13687.71521008
2025-06-01T00:00:00Z,GTCUSD,0.2526,0.2628,0.2514,0.2628,10441.21017783
2025-06-02T00:00:00Z,GTCUSD,0.2639,0.2695,0.2539,0.2695,21246.02865900
2025-06-03T00:00:00Z,GTCUSD,0.2703,0.2776,0.2676,0.2733,8586.51905182
2025-06-04T00:00:00Z,GTCUSD,0.2725,0.2777,0.2615,0.2615,4287.36981279
2025-06-05T00:00:00Z,GTCUSD,0.2635,0.2714,0.2471,0.2512,6102.41159262
2025-06-06T00:00:00Z,GTCUSD,0.2489,0.2599,0.2480,0.2536,4751.57889113
2025-06-07T00:00:00Z,GTCUSD,0.2591,0.2667,0.2591,0.2637,1756.56833771
2025-06-08T00:00:00Z,GTCUSD,0.2655,0.2675,0.2596,0.2668,3360.57221660
2025-06-09T00:00:00Z,GTCUSD,0.2593,0.2784,0.2593,0.2784,5621.29473705
2025-06-10T00:00:00Z,GTCUSD,0.2804,0.2884,0.2742,0.2848,6505.43966448
2025-06-11T00:00:00Z,GTCUSD,0.2874,0.2886,0.2699,0.2699,9647.77749816
2025-06-12T00:00:00Z,GTCUSD,0.2658,0.2658,0.2485,0.2485,7204.16415440
2025-06-13T00:00:00Z,GTCUSD,0.2432,0.2468,0.2301,0.2468,14269.56139872
2025-06-14T00:00:00Z,GTCUSD,0.2464,0.2466,0.2362,0.2414,4849.48713167
2025-06-15T00:00:00Z,GTCUSD,0.2434,0.2465,0.2420,0.2464,6314.13660995
2025-06-16T00:00:00Z,GTCUSD,0.2446,0.2570,0.2446,0.2463,8809.89120452
2025-06-17T00:00:00Z,GTCUSD,0.2430,0.2470,0.2319,0.2373,13172.92854094
2025-06-18T00:00:00Z,GTCUSD,0.2359,0.2396,0.2252,0.2373,20096.32318475
2025-06-19T00:00:00Z,GTCUSD,0.2364,0.2382,0.2173,0.2284,64504.33171947
2025-06-20T00:00:00Z,GTCUSD,0.2302,0.2374,0.2211,0.2283,19626.07840765
2025-06-21T00:00:00Z,GTCUSD,0.2254,0.2283,0.2092,0.2146,9258.12877236
2025-06-22T00:00:00Z,GTCUSD,0.2178,0.2178,0.1950,0.2033,34826.83481348
2025-06-23T00:00:00Z,GTCUSD,0.2033,0.2214,0.2033,0.2214,12926.26461469
2025-06-24T00:00:00Z,GTCUSD,0.2259,0.2288,0.2167,0.2277,8932.60678938
2025-06-25T00:00:00Z,GTCUSD,0.2295,0.2357,0.2139,0.2251,35516.68512821
2025-06-26T00:00:00Z,GTCUSD,0.2277,0.2357,0.2184,0.2237,16529.23418484
2025-06-27T00:00:00Z,GTCUSD,0.2235,0.2252,0.2209,0.2252,27160.52301454
2025-06-28T00:00:00Z,GTCUSD,0.2253,0.2282,0.2220,0.2270,2193.16252637
2025-06-29T00:00:00Z,GTCUSD,0.2250,0.2394,0.2250,0.2369,9611.88332678
2025-06-30T00:00:00Z,GTCUSD,0.2370,0.2370,0.2280,0.2361,6338.73669858
2025-07-01T00:00:00Z,GTCUSD,0.2315,0.2315,0.2188,0.2220,7507.00478833
2025-07-02T00:00:00Z,GTCUSD,0.2211,0.2470,0.2211,0.2449,8966.84375563
2025-07-03T00:00:00Z,GTCUSD,0.2419,0.2462,0.2331,0.2398,22104.80723842
2025-07-04T00:00:00Z,GTCUSD,0.2367,0.2370,0.2198,0.2218,6913.32193152
2025-07-05T00:00:00Z,GTCUSD,0.2241,0.2443,0.2208,0.2259,88138.98856780
2025-07-06T00:00:00Z,GTCUSD,0.2250,0.2341,0.2241,0.2281,21152.23995019
2025-07-07T00:00:00Z,GTCUSD,0.2302,0.2383,0.2289,0.2331,18909.94481731
2025-07-08T00:00:00Z,GTCUSD,0.2301,0.2608,0.2278,0.2413,98884.59671786
2025-07-09T00:00:00Z,GTCUSD,0.2413,0.2509,0.2379,0.2509,13433.96859257
2025-07-10T00:00:00Z,GTCUSD,0.2501,0.2771,0.2501,0.2769,39421.26040038
2025-07-11T00:00:00Z,GTCUSD,0.2777,0.2952,0.2749,0.2802,18369.86013826
2025-07-12T00:00:00Z,GTCUSD,0.2821,0.2869,0.2742,0.2803,23109.66860287
2025-07-13T00:00:00Z,GTCUSD,0.2803,0.2921,0.2790,0.2845,16356.45242573
2025-07-14T00:00:00Z,GTCUSD,0.2863,0.2982,0.2820,0.2851,19648.21228957
2025-07-15T00:00:00Z,GTCUSD,0.2832,0.3030,0.2750,0.3030,26471.48034315
2025-07-16T00:00:00Z,GTCUSD,0.3031,0.3050,0.2928,0.2977,16458.56823132
2025-07-17T00:00:00Z,GTCUSD,0.2949,0.3067,0.2906,0.3047,35372.67707337
2025-07-18T00:00:00Z,GTCUSD,0.3046,0.3138,0.2949,0.2978,20739.71408941
2025-07-19T00:00:00Z,GTCUSD,0.2998,0.3088,0.2962,0.3086,42195.75204639
2025-07-20T00:00:00Z,GTCUSD,0.3105,0.3351,0.3105,0.3317,26030.67716703
2025-07-21T00:00:00Z,GTCUSD,0.3279,0.3457,0.3279,0.3346,28185.00832150
2025-07-22T00:00:00Z,GTCUSD,0.3280,0.3340,0.3178,0.3284,10427.41930871
2025-07-23T00:00:00Z,GTCUSD,0.3274,0.3274,0.2946,0.3008,9888.58059757
2025-07-24T00:00:00Z,GTCUSD,0.2957,0.2963,0.2789,0.2940,38524.82795555
2025-07-25T00:00:00Z,GTCUSD,0.2910,0.2983,0.2870,0.2983,29452.98160271
2025-07-26T00:00:00Z,GTCUSD,0.2994,0.3316,0.2958,0.3007,30167.78993064
2025-07-27T00:00:00Z,GTCUSD,0.2996,0.3115,0.2970,0.3115,10213.28629019
2025-07-28T00:00:00Z,GTCUSD,0.3137,0.3168,0.2867,0.2868,8316.39442058
2025-07-29T00:00:00Z,GTCUSD,0.2858,0.3011,0.2858,0.2907,3420.58636031
2025-07-30T00:00:00Z,GTCUSD,0.2897,0.2941,0.2794,0.2857,8406.76586620
2025-07-31T00:00:00Z,GTCUSD,0.2929,0.2940,0.2727,0.2727,5400.65894923
2025-08-01T00:00:00Z,GTCUSD,0.2690,0.3437,0.2356,0.2638,62576.33206782
2025-08-02T00:00:00Z,GTCUSD,0.2670,0.2688,0.2565,0.2599,10262.86282502
2025-08-03T00:00:00Z,GTCUSD,0.2593,0.2719,0.2593,0.2718,4642.88250440
2025-08-04T00:00:00Z,GTCUSD,0.2698,0.2761,0.2698,0.2761,894.37682121
2025-08-05T00:00:00Z,GTCUSD,0.2739,0.2817,0.2649,0.2649,1079.50521379
2025-08-06T00:00:00Z,GTCUSD,0.2652,0.2759,0.2652,0.2759,14605.25818783
2025-08-07T00:00:00Z,GTCUSD,0.2769,0.2878,0.2692,0.2856,140762.42996398
2025-08-08T00:00:00Z,GTCUSD,0.2867,0.2975,0.2867,0.2945,17319.63615641
2025-08-09T00:00:00Z,GTCUSD,0.3004,0.3097,0.3004,0.3076,14318.54571670
2025-08-10T00:00:00Z,GTCUSD,0.3065,0.3078,0.2951,0.3048,14851.76184772
2025-08-11T00:00:00Z,GTCUSD,0.3108,0.3108,0.2919,0.2919,4721.98138071
2025-08-12T00:00:00Z,GTCUSD,0.2928,0.3171,0.2894,0.3135,8790.14544460
2025-08-13T00:00:00Z,GTCUSD,0.3113,0.6200,0.3067,0.4508,1030642.03314636
2025-08-14T00:00:00Z,GTCUSD,0.4524,0.5458,0.3749,0.3851,1245084.90239519
2025-08-15T00:00:00Z,GTCUSD,0.3848,0.3902,0.3478,0.3615,344455.81194487
2025-08-16T00:00:00Z,GTCUSD,0.3603,0.3678,0.3445,0.3538,151644.45653031
2025-08-17T00:00:00Z,GTCUSD,0.3537,0.3759,0.3463,0.3655,109279.69764312
2025-08-18T00:00:00Z,GTCUSD,0.3610,0.3610,0.3213,0.3260,113407.42173803
2025-08-19T00:00:00Z,GTCUSD,0.3236,0.3486,0.3100,0.3239,181920.73989838
2025-08-20T00:00:00Z,GTCUSD,0.3230,0.3513,0.3167,0.3364,245754.97500346
2025-08-21T00:00:00Z,GTCUSD,0.3355,0.3875,0.3330,0.3448,290885.27591919
2025-08-22T00:00:00Z,GTCUSD,0.3456,0.3688,0.3225,0.3661,117753.52666792
2025-08-23T00:00:00Z,GTCUSD,0.3652,0.3713,0.3465,0.3538,41598.25369849
2025-08-24T00:00:00Z,GTCUSD,0.3544,0.3544,0.3345,0.3474,105920.69514112
2025-08-25T00:00:00Z,GTCUSD,0.3431,0.3764,0.3102,0.3155,82026.56803109
2025-08-26T00:00:00Z,GTCUSD,0.3174,0.3319,0.3174,0.3292,64386.33289452
2025-08-27T00:00:00Z,GTCUSD,0.3288,0.3374,0.3250,0.3268,53926.76501211
2025-08-28T00:00:00Z,GTCUSD,0.3288,0.3614,0.3252,0.3549,76474.22418515
2025-08-29T00:00:00Z,GTCUSD,0.3541,0.3541,0.3148,0.3238,45512.91565522
2025-08-30T00:00:00Z,GTCUSD,0.3227,0.3301,0.3216,0.3282,25435.56677632
2025-08-31T00:00:00Z,GTCUSD,0.3329,0.3356,0.3242,0.3242,31406.04475136
2025-09-01T00:00:00Z,GTCUSD,0.3238,0.3350,0.3169,0.3179,44170.34987374
2025-09-02T00:00:00Z,GTCUSD,0.3217,0.3290,0.3199,0.3271,9194.19384937
2025-09-03T00:00:00Z,GTCUSD,0.3253,0.3339,0.3232,0.3310,4066.73816061
2025-09-04T00:00:00Z,GTCUSD,0.3308,0.3308,0.3104,0.3138,30731.12546658
2025-09-05T00:00:00Z,GTCUSD,0.3202,0.3529,0.3202,0.3346,48929.69480821
2025-09-06T00:00:00Z,GTCUSD,0.3370,0.3473,0.3309,0.3348,23106.66940641
2025-09-07T00:00:00Z,GTCUSD,0.3363,0.3448,0.3340,0.3390,20928.12316257
2025-09-08T00:00:00Z,GTCUSD,0.3408,0.3577,0.3396,0.3457,32947.20641403
2025-09-09T00:00:00Z,GTCUSD,0.3521,0.3710,0.3471,0.3544,43401.06469227
2025-09-10T00:00:00Z,GTCUSD,0.3570,0.3627,0.3538,0.3570,29368.46781085
2025-09-11T00:00:00Z,GTCUSD,0.3566,0.3654,0.3370,0.3498,14481.72590122
2025-09-12T00:00:00Z,GTCUSD,0.3498,0.3678,0.3498,0.3678,27586.64324884
2025-09-13T00:00:00Z,GTCUSD,0.3669,0.3830,0.3669,0.3800,33252.58115264
2025-09-14T00:00:00Z,GTCUSD,0.3781,0.3781,0.3559,0.3610,13339.25622358
2025-09-15T00:00:00Z,GTCUSD,0.3578,0.3651,0.3410,0.3472,19464.54177451
2025-09-16T00:00:00Z,GTCUSD,0.3482,0.3539,0.3253,0.3519,40008.11940965
2025-09-17T00:00:00Z,GTCUSD,0.3481,0.3693,0.3432,0.3652,15789.43079182
2025-09-18T00:00:00Z,GTCUSD,0.3634,0.3707,0.3589,0.3675,24753.47881291
2025-09-19T00:00:00Z,GTCUSD,0.3732,0.3732,0.3358,0.3380,16097.44705427
2025-09-20T00:00:00Z,GTCUSD,0.3342,0.3478,0.3334,0.3422,16677.64393433
2025-09-21T00:00:00Z,GTCUSD,0.3427,0.3622,0.3360,0.3371,30177.66786586
2025-09-22T00:00:00Z,GTCUSD,0.3302,0.3302,0.2923,0.3063,44926.66497717
2025-09-23T00:00:00Z,GTCUSD,0.3033,0.3076,0.2983,0.3010,29366.22686730
2025-09-24T00:00:00Z,GTCUSD,0.3042,0.3076,0.2953,0.2974,12345.51261496
2025-09-25T00:00:00Z,GTCUSD,0.2976,0.2979,0.2716,0.2734,26772.25919569
2025-09-26T00:00:00Z,GTCUSD,0.2731,0.2844,0.2559,0.2821,41447.89103074
2025-09-27T00:00:00Z,GTCUSD,0.2832,0.2832,0.2755,0.2762,15482.42999947
2025-09-28T00:00:00Z,GTCUSD,0.2755,0.2793,0.2663,0.2769,70216.56997237
2025-09-29T00:00:00Z,GTCUSD,0.2791,0.2791,0.2623,0.2691,30856.91073502
2025-09-30T00:00:00Z,GTCUSD,0.2634,0.2751,0.2485,0.2573,99576.63054930
2025-10-01T00:00:00Z,GTCUSD,0.2525,0.2816,0.2513,0.2774,33508.98845603
2025-10-02T00:00:00Z,GTCUSD,0.2784,0.2884,0.2751,0.2850,32448.66762959
2025-10-03T00:00:00Z,GTCUSD,0.2859,0.2912,0.2800,0.2882,16031.93397641
2025-10-04T00:00:00Z,GTCUSD,0.2854,0.2883,0.2772,0.2815,21449.33484041
2025-10-05T00:00:00Z,GTCUSD,0.2818,0.2902,0.2775,0.2775,12764.93570214
2025-10-06T00:00:00Z,GTCUSD,0.2774,0.2892,0.2774,0.2862,10447.94388685
2025-10-07T00:00:00Z,GTCUSD,0.2842,0.2851,0.2690,0.2724,10559.30590933
2025-10-08T00:00:00Z,GTCUSD,0.2713,0.2860,0.2713,0.2840,8430.12883153
2025-10-09T00:00:00Z,GTCUSD,0.2798,0.2812,0.2695,0.2761,4983.16391133
2025-10-10T00:00:00Z,GTCUSD,0.2782,0.3035,0.0101,0.2105,71539.01266228
2025-10-11T00:00:00Z,GTCUSD,0.2105,0.2329,0.1995,0.2126,57016.00706097
2025-10-12T00:00:00Z,GTCUSD,0.2123,0.2372,0.2083,0.2372,25079.25875296
2025-10-13T00:00:00Z,GTCUSD,0.2374,0.2500,0.2275,0.2494,13480.73869863
2025-10-14T00:00:00Z,GTCUSD,0.2498,0.2498,0.2271,0.2352,24842.69123251
2025-10-15T00:00:00Z,GTCUSD,0.2352,0.2366,0.2231,0.2264,16009.35783544
2025-10-16T00:00:00Z,GTCUSD,0.2272,0.2332,0.2173,0.2173,19391.06185703
2025-10-17T00:00:00Z,GTCUSD,0.2196,0.2215,0.2027,0.2131,21696.80325834
2025-10-18T00:00:00Z,GTCUSD,0.2131,0.2184,0.2097,0.2155,39661.73906455
2025-10-19T00:00:00Z,GTCUSD,0.2136,0.2244,0.2111,0.2224,43050.97442402
2025-10-20T00:00:00Z,GTCUSD,0.2240,0.2251,0.2146,0.2181,29171.85427569
2025-10-21T00:00:00Z,GTCUSD,0.2160,0.2239,0.2020,0.2120,22143.15617764
2025-10-22T00:00:00Z,GTCUSD,0.2113,0.2122,0.1962,0.2015,37158.96931269
2025-10-23T00:00:00Z,GTCUSD,0.2053,0.2093,0.2048,0.2063,9412.07715930
2025-10-24T00:00:00Z,GTCUSD,0.2061,0.2101,0.2055,0.2080,12389.21400691
2025-10-25T00:00:00Z,GTCUSD,0.2080,0.2092,0.2043,0.2082,20353.67664017
2025-10-26T00:00:00Z,GTCUSD,0.2082,0.2142,0.2043,0.2142,19718.47301763
2025-10-27T00:00:00Z,GTCUSD,0.2162,0.2193,0.2049,0.2049,40131.22732834
2025-10-28T00:00:00Z,GTCUSD,0.2060,0.2094,0.1934,0.1962,14936.88606036
2025-10-29T00:00:00Z,GTCUSD,0.1960,0.2641,0.1833,0.1884,119067.27679966
2025-10-30T00:00:00Z,GTCUSD,0.1893,0.1913,0.1522,0.1764,91217.54897681
2025-10-31T00:00:00Z,GTCUSD,0.1793,0.1832,0.1777,0.1813,21341.60408209
2025-11-01T00:00:00Z,GTCUSD,0.1821,0.1863,0.1821,0.1844,4110.07445773
2025-11-02T00:00:00Z,GTCUSD,0.1844,0.1860,0.1771,0.1793,12971.48658822
2025-11-03T00:00:00Z,GTCUSD,0.1754,0.1754,0.1465,0.1643,32681.41010254
2025-11-04T00:00:00Z,GTCUSD,0.1640,0.1780,0.1540,0.1727,15756.78331370
2025-11-05T00:00:00Z,GTCUSD,0.1690,0.1766,0.1577,0.1737,8143.83620589
2025-11-06T00:00:00Z,GTCUSD,0.1727,0.1759,0.1665,0.1729,15350.74469030
2025-11-07T00:00:00Z,GTCUSD,0.1765,0.1961,0.1706,0.1952,18334.61338273
2025-11-08T00:00:00Z,GTCUSD,0.1888,0.2049,0.1831,0.1884,71188.86738399
2025-11-09T00:00:00Z,GTCUSD,0.1859,0.1942,0.1791,0.1892,48044.69588391
2025-11-10T00:00:00Z,GTCUSD,0.1889,0.1943,0.1889,0.1893,12352.42580302
2025-11-11T00:00:00Z,GTCUSD,0.1902,0.1946,0.1780,0.1780,26259.86097689
2025-11-12T00:00:00Z,GTCUSD,0.1823,0.1865,0.1742,0.1765,13255.13455746
2025-11-13T00:00:00Z,GTCUSD,0.1774,0.1833,0.1662,0.1713,15287.06141899
2025-11-14T00:00:00Z,GTCUSD,0.1701,0.1722,0.1621,0.1671,30833.13263323
2025-11-15T00:00:00Z,GTCUSD,0.1691,0.1710,0.1663,0.1682,26075.39015212
2025-11-16T00:00:00Z,GTCUSD,0.1682,0.1703,0.1581,0.1644,14779.45395231
2025-11-17T00:00:00Z,GTCUSD,0.1621,0.1738,0.1570,0.1589,11648.12308662
2025-11-18T00:00:00Z,GTCUSD,0.1599,0.1634,0.1554,0.1601,5806.22826999
2025-11-19T00:00:00Z,GTCUSD,0.1586,0.1785,0.1448,0.1552,25429.65662812
2025-11-20T00:00:00Z,GTCUSD,0.1627,0.1791,0.1560,0.1600,18809.64619748
2025-11-21T00:00:00Z,GTCUSD,0.1626,0.1723,0.1470,0.1529,73362.52589491
2025-11-22T00:00:00Z,GTCUSD,0.1558,0.1563,0.1499,0.1563,30572.02457754
2025-11-23T00:00:00Z,GTCUSD,0.1550,0.1621,0.1549,0.1596,13283.34029234
2025-11-24T00:00:00Z,GTCUSD,0.1580,0.1620,0.1476,0.1597,84713.12134536
2025-11-25T00:00:00Z,GTCUSD,0.1588,0.1588,0.1543,0.1570,23089.48305975
2025-11-26T00:00:00Z,GTCUSD,0.1560,0.1591,0.1509,0.1591,10061.40684329
2025-11-27T00:00:00Z,GTCUSD,0.1590,0.1651,0.1579,0.1641,23392.64847884
2025-11-28T00:00:00Z,GTCUSD,0.1611,0.1676,0.1574,0.1580,30282.39579534
2025-11-29T00:00:00Z,GTCUSD,0.1570,0.1600,0.1547,0.1574,14306.22370731
2025-11-30T00:00:00Z,GTCUSD,0.1548,0.1561,0.1529,0.1534,10856.64735726
2025-12-01T00:00:00Z,GTCUSD,0.1485,0.1532,0.1379,0.1420,8567.74532982
2025-12-02T00:00:00Z,GTCUSD,0.1410,0.1486,0.1349,0.1434,46082.95129594
2025-12-03T00:00:00Z,GTCUSD,0.1443,0.1477,0.1410,0.1454,5658.06008680
2025-12-04T00:00:00Z,GTCUSD,0.1454,0.1570,0.1413,0.1491,106121.19007906
2025-12-05T00:00:00Z,GTCUSD,0.1438,0.1456,0.1347,0.1365,28175.46642712
2025-12-06T00:00:00Z,GTCUSD,0.1356,0.1473,0.1352,0.1464,12899.84792440
2025-12-07T00:00:00Z,GTCUSD,0.1422,0.1490,0.1422,0.1480,27599.75551507
2025-12-08T00:00:00Z,GTCUSD,0.1435,0.1484,0.1407,0.1482,31367.32455321
2025-12-09T00:00:00Z,GTCUSD,0.1431,0.1550,0.1431,0.1524,23582.99071676
2025-12-10T00:00:00Z,GTCUSD,0.1513,0.1514,0.1427,0.1427,39477.13626480
2025-12-11T00:00:00Z,GTCUSD,0.1427,0.1427,0.1348,0.1413,22800.23070102
2025-12-12T00:00:00Z,GTCUSD,0.1401,0.1436,0.1351,0.1380,14411.18763788
2025-12-13T00:00:00Z,GTCUSD,0.1389,0.1407,0.1368,0.1368,4752.44063192
2025-12-14T00:00:00Z,GTCUSD,0.1351,0.1351,0.1295,0.1307,20837.98809541
2025-12-15T00:00:00Z,GTCUSD,0.1272,0.1536,0.1223,0.1297,83317.06633914
2025-12-16T00:00:00Z,GTCUSD,0.1276,0.1276,0.1251,0.1260,20330.77004477
2025-12-17T00:00:00Z,GTCUSD,0.1260,0.1303,0.1185,0.1236,21459.90709002
2025-12-18T00:00:00Z,GTCUSD,0.1242,0.1255,0.1180,0.1210,39332.04564638
2025-12-19T00:00:00Z,GTCUSD,0.1246,0.1297,0.1181,0.1297,10776.49781765
2025-12-20T00:00:00Z,GTCUSD,0.1271,0.1292,0.1260,0.1280,6341.84699000
2025-12-21T00:00:00Z,GTCUSD,0.1291,0.1291,0.1231,0.1264,4608.01045512
2025-12-22T00:00:00Z,GTCUSD,0.1272,0.1305,0.1271,0.1281,2322.54196113
2025-12-23T00:00:00Z,GTCUSD,0.1292,0.1304,0.1250,0.1280,19114.25419506
2025-12-24T00:00:00Z,GTCUSD,0.1271,0.1281,0.1262,0.1281,1967.17804135
2025-12-25T00:00:00Z,GTCUSD,0.1302,0.1302,0.1290,0.1290,2870.95782327
2025-12-26T00:00:00Z,GTCUSD,0.1270,0.1294,0.1260,0.1272,5769.73626221
2025-12-27T00:00:00Z,GTCUSD,0.1293,0.1415,0.1291,0.1361,50726.41697315
2025-12-28T00:00:00Z,GTCUSD,0.1411,0.1411,0.1318,0.1331,59400.84720615
2025-12-29T00:00:00Z,GTCUSD,0.1356,0.1370,0.1308,0.1312,6389.03292425
2025-12-30T00:00:00Z,GTCUSD,0.1306,0.1341,0.1306,0.1330,11800.03649877
2025-12-31T00:00:00Z,GTCUSD,0.1330,0.1341,0.1283,0.1310,5499.94336586
2026-01-01T00:00:00Z,GTCUSD,0.1310,0.1409,0.1299,0.1409,30487.12622608
2026-01-02T00:00:00Z,GTCUSD,0.1401,0.1462,0.1391,0.1451,12751.30934650
2026-01-03T00:00:00Z,GTCUSD,0.1462,0.1465,0.1413,0.1414,29183.94328835
2026-01-04T00:00:00Z,GTCUSD,0.1465,0.1500,0.1465,0.1488,10616.03620113
2026-01-05T00:00:00Z,GTCUSD,0.1502,0.1544,0.1473,0.1542,25570.14535402
2026-01-06T00:00:00Z,GTCUSD,0.1541,0.1563,0.1450,0.1522,17580.44928246
2026-01-07T00:00:00Z,GTCUSD,0.1521,0.1521,0.1449,0.1460,12629.75703793
2026-01-08T00:00:00Z,GTCUSD,0.1461,0.1461,0.1394,0.1440,12009.92481048
2026-01-09T00:00:00Z,GTCUSD,0.1439,0.1473,0.1420,0.1437,7176.27626852
2026-01-10T00:00:00Z,GTCUSD,0.1450,0.1460,0.1419,0.1419,13337.45786936
2026-01-11T00:00:00Z,GTCUSD,0.1429,0.1449,0.1399,0.1399,4715.00433695
2026-01-12T00:00:00Z,GTCUSD,0.1418,0.1429,0.1346,0.1349,12494.09446560
2026-01-13T00:00:00Z,GTCUSD,0.1361,0.1495,0.1359,0.1495,7432.62301097
2026-01-14T00:00:00Z,GTCUSD,0.1490,0.1490,0.1411,0.1428,43208.04950423
2026-01-15T00:00:00Z,GTCUSD,0.1440,0.1520,0.1361,0.1361,21053.07461634
2026-01-16T00:00:00Z,GTCUSD,0.1361,0.1406,0.1360,0.1406,12130.24503658
2026-01-17T00:00:00Z,GTCUSD,0.1411,0.1520,0.1403,0.1482,6659.23528359
2026-01-18T00:00:00Z,GTCUSD,0.1491,0.1518,0.1390,0.1390,14046.11584224
2026-01-19T00:00:00Z,GTCUSD,0.1386,0.1401,0.1299,0.1381,175561.72236964
2026-01-20T00:00:00Z,GTCUSD,0.1362,0.1372,0.1271,0.1271,12596.59146693
2026-01-21T00:00:00Z,GTCUSD,0.1282,0.1319,0.1223,0.1300,54245.70213249
2026-01-22T00:00:00Z,GTCUSD,0.1300,0.1320,0.1260,0.1270,52498.57900228
2026-01-23T00:00:00Z,GTCUSD,0.1269,0.1339,0.1269,0.1321,22221.60602895
2026-01-24T00:00:00Z,GTCUSD,0.1320,0.1370,0.1310,0.1358,6700.98388546
2026-01-25T00:00:00Z,GTCUSD,0.1359,0.1359,0.1218,0.1240,38469.30700448
2026-01-26T00:00:00Z,GTCUSD,0.1259,0.1312,0.1259,0.1312,17995.57169688
2026-01-27T00:00:00Z,GTCUSD,0.1297,0.1300,0.1269,0.1300,2579.80569039
2026-01-28T00:00:00Z,GTCUSD,0.1299,0.1300,0.1290,0.1291,3606.86801680
2026-01-29T00:00:00Z,GTCUSD,0.1232,0.1232,0.1180,0.1190,14627.66283184
2026-01-30T00:00:00Z,GTCUSD,0.1187,0.1199,0.1138,0.1178,102589.80238023
2026-01-31T00:00:00Z,GTCUSD,0.1180,0.1199,0.0960,0.1060,108242.36743921
2026-02-01T00:00:00Z,GTCUSD,0.1070,0.1121,0.1040,0.1048,74084.40081757
2026-02-02T00:00:00Z,GTCUSD,0.1153,0.1153,0.1030,0.1121,9801.22258098
2026-02-03T00:00:00Z,GTCUSD,0.1111,0.1122,0.1049,0.1102,43881.42720612
2026-02-04T00:00:00Z,GTCUSD,0.1091,0.1092,0.0990,0.1043,88867.60812723
2026-02-05T00:00:00Z,GTCUSD,0.1039,0.1057,0.0895,0.0898,47351.96449403
2026-02-06T00:00:00Z,GTCUSD,0.0899,0.1021,0.0821,0.1012,55067.62676173
2026-02-07T00:00:00Z,GTCUSD,0.0991,0.1011,0.0958,0.1011,27321.23965433
2026-02-08T00:00:00Z,GTCUSD,0.0991,0.1001,0.0971,0.0983,2764.54406326
2026-02-09T00:00:00Z,GTCUSD,0.0971,0.0991,0.0971,0.0984,24134.36136563
2026-02-10T00:00:00Z,GTCUSD,0.0993,0.0993,0.0951,0.0969,20874.31498016
2026-02-11T00:00:00Z,GTCUSD,0.0970,0.0976,0.0932,0.0940,71144.18167635
2026-02-12T00:00:00Z,GTCUSD,0.0962,0.1023,0.0962,0.0983,33785.68059398
2026-02-13T00:00:00Z,GTCUSD,0.0993,0.1081,0.0979,0.1081,16321.63722603
2026-02-14T00:00:00Z,GTCUSD,0.1091,0.1094,0.1053,0.1076,967.03288497
2026-02-15T00:00:00Z,GTCUSD,0.1056,0.1056,0.1035,0.1035,160.52279000
2026-02-16T00:00:00Z,GTCUSD,0.1065,0.1065,0.1065,0.1065,10.22637000
2026-02-17T00:00:00Z,GTCUSD,0.1021,0.1048,0.1021,0.1048,115.83689000
2026-02-18T00:00:00Z,GTCUSD,0.0978,0.0978,0.0978,0.0978,11.13608000
2026-02-19T00:00:00Z,GTCUSD,0.0984,0.1175,0.0942,0.0982,5907.09367301
2026-02-20T00:00:00Z,GTCUSD,0.0930,0.0984,0.0916,0.0984,1161.49614318
2026-02-21T00:00:00Z,GTCUSD,0.0930,0.0967,0.0930,0.0967,2100.59654518
2026-02-22T00:00:00Z,GTCUSD,0.0915,0.0944,0.0899,0.0939,21166.43829969
2026-02-23T00:00:00Z,GTCUSD,0.0850,0.1139,0.0850,0.0901,6392.50343559
2026-02-24T00:00:00Z,GTCUSD,0.0851,0.0870,0.0838,0.0852,1010.37407887
2026-02-25T00:00:00Z,GTCUSD,0.0909,0.0954,0.0874,0.0940,27622.79363229
2026-02-26T00:00:00Z,GTCUSD,0.0915,0.0934,0.0888,0.0926,883.97236991
2026-02-27T00:00:00Z,GTCUSD,0.0911,0.0914,0.0911,0.0914,172.44561000
2026-02-28T00:00:00Z,GTCUSD,0.0901,0.0914,0.0820,0.0872,16800.49615894
2026-03-01T00:00:00Z,GTCUSD,0.0899,0.0900,0.0827,0.0860,2129.68080123
2026-03-02T00:00:00Z,GTCUSD,0.0820,0.0872,0.0820,0.0849,364.69993860
2026-03-03T00:00:00Z,GTCUSD,0.0871,0.0922,0.0841,0.0888,3072.36713506
2026-03-04T00:00:00Z,GTCUSD,0.0907,0.0935,0.0883,0.0883,1429.23995353
2026-03-05T00:00:00Z,GTCUSD,0.0883,0.0928,0.0882,0.0893,1332.99137844
2026-03-06T00:00:00Z,GTCUSD,0.0831,0.0845,0.0831,0.0844,201.24411000
2026-03-07T00:00:00Z,GTCUSD,0.0860,0.1062,0.0801,0.0818,14217.29051415
2026-03-08T00:00:00Z,GTCUSD,0.0821,0.0821,0.0771,0.0807,835.91358731
2026-03-09T00:00:00Z,GTCUSD,0.0800,0.0851,0.0784,0.0851,6276.52063835
2026-03-10T00:00:00Z,GTCUSD,0.0831,0.0858,0.0829,0.0855,1734.80018527
2026-03-11T00:00:00Z,GTCUSD,0.0922,0.1008,0.0882,0.0940,38466.73965889
2026-03-12T00:00:00Z,GTCUSD,0.0940,0.1400,0.0940,0.1060,567790.27273571
2026-03-13T00:00:00Z,GTCUSD,0.1070,0.1144,0.0940,0.0952,116718.88426535
2026-03-14T00:00:00Z,GTCUSD,0.0951,0.0972,0.0940,0.0951,66944.59524485
2026-03-15T00:00:00Z,GTCUSD,0.0961,0.0971,0.0920,0.0941,44093.14414276
2026-03-16T00:00:00Z,GTCUSD,0.0941,0.0967,0.0940,0.0951,10432.77554886
2026-03-17T00:00:00Z,GTCUSD,0.0941,0.0941,0.0900,0.0926,38609.01469608
2026-03-18T00:00:00Z,GTCUSD,0.0929,0.1013,0.0870,0.0907,204884.99572173
2026-03-19T00:00:00Z,GTCUSD,0.0900,0.0926,0.0872,0.0880,11827.34837171
2026-03-20T00:00:00Z,GTCUSD,0.0891,0.1119,0.0823,0.0852,231488.83048436
2026-03-21T00:00:00Z,GTCUSD,0.0833,0.0850,0.0780,0.0796,121731.41339263
2026-03-22T00:00:00Z,GTCUSD,0.0792,0.0927,0.0792,0.0813,124925.43430728
2026-03-23T00:00:00Z,GTCUSD,0.0820,0.0841,0.0769,0.0821,7143.35094882
2026-03-24T00:00:00Z,GTCUSD,0.0808,0.0854,0.0808,0.0850,40529.00383200
2026-03-25T00:00:00Z,GTCUSD,0.0850,0.0861,0.0820,0.0822,9118.90847554
2026-03-26T00:00:00Z,GTCUSD,0.0831,0.0918,0.0780,0.0780,51933.29578485
2026-03-27T00:00:00Z,GTCUSD,0.0779,0.0821,0.0778,0.0789,29414.47777121
2026-03-28T00:00:00Z,GTCUSD,0.0758,0.0802,0.0758,0.0790,14510.35182675
2026-03-29T00:00:00Z,GTCUSD,0.0790,0.0790,0.0780,0.0782,1889.13832000
2026-03-30T00:00:00Z,GTCUSD,0.0759,0.0769,0.0759,0.0769,5801.86737797
2026-03-31T00:00:00Z,GTCUSD,0.0770,0.0782,0.0770,0.0782,7749.81080950
2026-04-01T00:00:00Z,GTCUSD,0.0771,0.0785,0.0698,0.0785,38235.28974608
2026-04-02T00:00:00Z,GTCUSD,0.0790,0.0790,0.0730,0.0741,17763.01868963
2026-04-03T00:00:00Z,GTCUSD,0.0742,0.0813,0.0727,0.0740,32850.68560177
2026-04-04T00:00:00Z,GTCUSD,0.0739,0.0771,0.0733,0.0771,4607.35320440
2026-04-05T00:00:00Z,GTCUSD,0.0760,0.0772,0.0739,0.0739,32239.43551442
2026-04-06T00:00:00Z,GTCUSD,0.0750,0.0812,0.0750,0.0802,25865.84486681
2026-04-07T00:00:00Z,GTCUSD,0.0813,0.1018,0.0754,0.0804,350793.99718271
2026-04-08T00:00:00Z,GTCUSD,0.0801,0.0859,0.0790,0.0802,30958.08701054
2026-04-09T00:00:00Z,GTCUSD,0.0783,0.0797,0.0761,0.0790,27951.79962926
2026-04-10T00:00:00Z,GTCUSD,0.0776,0.0805,0.0770,0.0805,80381.36142528
2026-04-11T00:00:00Z,GTCUSD,0.0779,0.0814,0.0772,0.0814,23968.94626546
2026-04-12T00:00:00Z,GTCUSD,0.0753,0.0794,0.0753,0.0794,281.03273086
2026-04-13T00:00:00Z,GTCUSD,0.0762,0.0856,0.0762,0.0855,6520.57104252
2026-04-14T00:00:00Z,GTCUSD,0.0830,0.0845,0.0786,0.0786,2753.28921732
2026-04-15T00:00:00Z,GTCUSD,0.0808,0.0838,0.0798,0.0830,21881.19052304
2026-04-16T00:00:00Z,GTCUSD,0.0832,0.0892,0.0832,0.0892,24157.06192346
2026-04-17T00:00:00Z,GTCUSD,0.0870,0.1049,0.0863,0.0900,136426.05145850
2026-04-18T00:00:00Z,GTCUSD,0.0938,0.1187,0.0873,0.0973,271666.53208858
2026-04-19T00:00:00Z,GTCUSD,0.0964,0.1820,0.0944,0.1096,2503952.58277116
2026-04-20T00:00:00Z,GTCUSD,0.1098,0.1197,0.1063,0.1138,1287231.24965655
2026-04-21T00:00:00Z,GTCUSD,0.1152,0.1167,0.1026,0.1072,516362.95788577
2026-04-22T00:00:00Z,GTCUSD,0.1055,0.1061,0.1017,0.1022,311620.65720553
2026-04-23T00:00:00Z,GTCUSD,0.1034,0.1112,0.1015,0.1094,303662.89287902
2026-04-24T00:00:00Z,GTCUSD,0.1102,0.1190,0.1081,0.1153,280148.24238935
2026-04-25T00:00:00Z,GTCUSD,0.1168,0.1194,0.0940,0.0947,337476.43076369
2026-04-26T00:00:00Z,GTCUSD,0.0944,0.1184,0.0918,0.0922,136706.73802530
2026-04-27T00:00:00Z,GTCUSD,0.0907,0.0980,0.0902,0.0949,231354.74646716
2026-04-28T00:00:00Z,GTCUSD,0.0977,0.0977,0.0922,0.0953,81277.69759347
2026-04-29T00:00:00Z,GTCUSD,0.0961,0.0961,0.0919,0.0930,71200.50793337
2026-04-30T00:00:00Z,GTCUSD,0.0965,0.0965,0.0930,0.0935,41265.45337187
2026-05-01T00:00:00Z,GTCUSD,0.0940,0.0970,0.0934,0.0941,33050.27184767
2026-05-02T00:00:00Z,GTCUSD,0.0940,0.0967,0.0931,0.0964,38574.50916620
2026-05-03T00:00:00Z,GTCUSD,0.0948,0.0948,0.0931,0.0941,98656.44456753
2026-05-04T00:00:00Z,GTCUSD,0.0933,0.0956,0.0927,0.0936,20141.44359944
2026-05-05T00:00:00Z,GTCUSD,0.0942,0.0947,0.0879,0.0879,36795.77103389
2026-05-06T00:00:00Z,GTCUSD,0.0882,0.0919,0.0876,0.0910,35857.44528604
2026-05-07T00:00:00Z,GTCUSD,0.0904,0.0934,0.0893,0.0920,52900.16290111
2026-05-08T00:00:00Z,GTCUSD,0.0921,0.0939,0.0913,0.0938,66959.26193171
2026-05-09T00:00:00Z,GTCUSD,0.0940,0.1130,0.0940,0.1001,371354.14138060
2026-05-10T00:00:00Z,GTCUSD,0.0995,0.1022,0.0966,0.1022,113020.28591485
2026-05-11T00:00:00Z,GTCUSD,0.1020,0.2799,0.1019,0.1769,4037445.52891928
2026-05-12T00:00:00Z,GTCUSD,0.1802,0.1952,0.1302,0.1358,6426174.87033080
2026-05-13T00:00:00Z,GTCUSD,0.1358,0.1442,0.1159,0.1194,789890.57850876
2026-05-14T00:00:00Z,GTCUSD,0.1192,0.1248,0.1134,0.1151,427933.19568120
2026-05-15T00:00:00Z,GTCUSD,0.1153,0.1166,0.1027,0.1060,588462.37182069
2026-05-16T00:00:00Z,GTCUSD,0.1050,0.1056,0.0973,0.1010,114375.01727484
2026-05-17T00:00:00Z,GTCUSD,0.1022,0.1044,0.0957,0.0983,122272.92510937
2026-05-18T00:00:00Z,GTCUSD,0.0978,0.1039,0.0942,0.0949,164536.51393067
2026-05-19T00:00:00Z,GTCUSD,0.0953,0.1087,0.0953,0.1029,1224865.10001168
2026-05-20T00:00:00Z,GTCUSD,0.1025,0.1116,0.1010,0.1041,2873349.33860204
2026-05-21T00:00:00Z,GTCUSD,0.1040,0.1098,0.1029,0.1087,2400675.95092913
2026-05-22T00:00:00Z,GTCUSD,0.1084,0.1235,0.1059,0.1092,2281043.38258290
2026-05-23T00:00:00Z,GTCUSD,0.1096,0.1181,0.1073,0.1092,2370081.48472372
2026-05-24T00:00:00Z,GTCUSD,0.1092,0.1092,0.0990,0.1015,1992910.33639197
2026-05-25T00:00:00Z,GTCUSD,0.1016,0.1018,0.0972,0.0983,2027964.95665217
2026-05-26T00:00:00Z,GTCUSD,0.0981,0.0981,0.0900,0.0935,3161021.59407597
2026-05-27T00:00:00Z,GTCUSD,0.0936,0.0984,0.0912,0.0962,1692376.27871849
2026-05-28T00:00:00Z,GTCUSD,0.0962,0.0966,0.0906,0.0934,2028615.14820616
2026-05-29T00:00:00Z,GTCUSD,0.0932,0.0971,0.0906,0.0926,2670327.27993599
2026-05-30T00:00:00Z,GTCUSD,0.0927,0.0991,0.0927,0.0933,1992969.02990286
2026-05-31T00:00:00Z,GTCUSD,0.0938,0.0956,0.0922,0.0936,2254716.02034918
2026-06-01T00:00:00Z,GTCUSD,0.0942,0.1031,0.0936,0.0967,3147942.49428684
2026-06-02T00:00:00Z,GTCUSD,0.0964,0.0965,0.0866,0.0877,3234124.82405603
2026-06-03T00:00:00Z,GTCUSD,0.0874,0.0906,0.0846,0.0857,2595615.61109732
2026-06-04T00:00:00Z,GTCUSD,0.0858,0.0866,0.0773,0.0820,3097235.46061374
2026-06-05T00:00:00Z,GTCUSD,0.0820,0.0827,0.0736,0.0757,3310722.08698238
2026-06-06T00:00:00Z,GTCUSD,0.0759,0.0768,0.0689,0.0733,3286644.81932894
2026-06-07T00:00:00Z,GTCUSD,0.0734,0.0769,0.0724,0.0753,3124395.16609065
2026-06-08T00:00:00Z,GTCUSD,0.0759,0.0789,0.0743,0.0769,2535942.66283957
2026-06-09T00:00:00Z,GTCUSD,0.0766,0.0778,0.0733,0.0760,2763722.37579026
2026-06-10T00:00:00Z,GTCUSD,0.0766,0.0768,0.0707,0.0726,1991074.35768226
2026-06-11T00:00:00Z,GTCUSD,0.0727,0.0798,0.0723,0.0791,1261849.55394261
2026-06-12T00:00:00Z,GTCUSD,0.0782,0.0809,0.0766,0.0776,1057389.20306506
2026-06-13T00:00:00Z,GTCUSD,0.0778,0.0811,0.0771,0.0793,1254025.00127833
2026-06-14T00:00:00Z,GTCUSD,0.0796,0.0851,0.0784,0.0815,1268717.87349490
2026-06-15T00:00:00Z,GTCUSD,0.0817,0.0839,0.0801,0.0820,678353.01590865
2026-06-16T00:00:00Z,GTCUSD,0.0821,0.0839,0.0798,0.0823,1832483.01616353
2026-06-17T00:00:00Z,GTCUSD,0.0824,0.0835,0.0795,0.0804,2268814.97746833
2026-06-18T00:00:00Z,GTCUSD,0.0808,0.0812,0.0741,0.0762,3084170.85804493
2026-06-19T00:00:00Z,GTCUSD,0.0761,0.0770,0.0733,0.0763,1352566.50092495
2026-06-20T00:00:00Z,GTCUSD,0.0763,0.0783,0.0740,0.0774,2169306.13424057
2026-06-21T00:00:00Z,GTCUSD,0.0780,0.0792,0.0751,0.0756,2412026.10870754
2026-06-22T00:00:00Z,GTCUSD,0.0760,0.0786,0.0756,0.0760,1661264.76044571
2026-06-23T00:00:00Z,GTCUSD,0.0763,0.0776,0.0714,0.0722,1869167.48758997
2026-06-24T00:00:00Z,GTCUSD,0.0723,0.0728,0.0663,0.0702,1942586.10765601
2026-06-25T00:00:00Z,GTCUSD,0.0706,0.0709,0.0652,0.0681,2715302.30992689
2026-06-26T00:00:00Z,GTCUSD,0.0683,0.0717,0.0660,0.0696,1171571.40550284
2026-06-27T00:00:00Z,GTCUSD,0.0690,0.0698,0.0682,0.0683,889295.81475545
2026-06-28T00:00:00Z,GTCUSD,0.0685,0.0698,0.0674,0.0686,1092921.30576694
2026-06-29T00:00:00Z,GTCUSD,0.0683,0.0700,0.0679,0.0684,1200374.36573985
2026-06-30T00:00:00Z,GTCUSD,0.0683,0.0684,0.0651,0.0663,1245323.23482288
2026-07-01T00:00:00Z,GTCUSD,0.0657,0.0761,0.0649,0.0732,646243.58361248
2026-07-02T00:00:00Z,GTCUSD,0.0729,0.0804,0.0708,0.0738,1176260.73425269
2026-07-03T00:00:00Z,GTCUSD,0.0736,0.0868,0.0721,0.0805,942962.09909136
2026-07-04T00:00:00Z,GTCUSD,0.0805,0.0813,0.0756,0.0758,941177.98371038
2026-07-05T00:00:00Z,GTCUSD,0.0760,0.0760,0.0733,0.0753,790314.80121162
2026-07-06T00:00:00Z,GTCUSD,0.0745,0.0758,0.0716,0.0744,959190.78020226
2026-07-07T00:00:00Z,GTCUSD,0.0745,0.0746,0.0707,0.0710,1251967.47924298
2026-07-08T00:00:00Z,GTCUSD,0.0709,0.0710,0.0681,0.0694,1906208.06383306
2026-07-09T00:00:00Z,GTCUSD,0.0693,0.0697,0.0682,0.0686,991652.84512725
2026-07-10T00:00:00Z,GTCUSD,0.0688,0.0701,0.0686,0.0693,751339.24619464
2026-07-11T00:00:00Z,GTCUSD,0.0699,0.0709,0.0686,0.0686,704675.98370177
2026-07-12T00:00:00Z,GTCUSD,0.0685,0.0707,0.0685,0.0693,1047832.14192655
2026-07-13T00:00:00Z,GTCUSD,0.0692,0.0699,0.0671,0.0673,1292581.50306645
2026-07-14T00:00:00Z,GTCUSD,0.0678,0.0713,0.0671,0.0705,866819.84088614
2026-07-15T00:00:00Z,GTCUSD,0.0708,0.0715,0.0692,0.0695,742607.64767573
2026-07-16T00:00:00Z,GTCUSD,0.0696,0.0698,0.0668,0.0670,662769.12073075
2026-07-17T00:00:00Z,GTCUSD,0.0672,0.0678,0.0662,0.0667,906405.00051109
2026-07-18T00:00:00Z,GTCUSD,0.0665,0.0675,0.0661,0.0666,428984.05493000
2026-07-19T00:00:00Z,GTCUSD,0.0674,0.0678,0.0663,0.0664,486128.55830247
2026-07-20T00:00:00Z,GTCUSD,0.0663,0.0702,0.0655,0.0676,676869.00784806
2026-07-21T00:00:00Z,GTCUSD,0.0679,0.0703,0.0675,0.0686,839265.53735615
2026-07-22T00:00:00Z,GTCUSD,0.0686,0.0694,0.0681,0.0687,201166.66237479
2026-07-23T00:00:00Z,GTCUSD,0.0680,0.0688,0.0668,0.0671,18679.00842906
2026-07-24T00:00:00Z,GTCUSD,0.0669,0.0676,0.0651,0.0654,26630.02175744
2026-07-25T00:00:00Z,GTCUSD,0.0661,0.0699,0.0653,0.0683,48986.43890900
2026-07-26T00:00:00Z,GTCUSD,0.0689,0.0693,0.0683,0.0684,22792.50058069
2026-07-27T00:00:00Z,GTCUSD,0.0686,0.0749,0.0685,0.0712,117649.07972175
2026-07-28T00:00:00Z,GTCUSD,0.0715,0.1065,0.0700,0.0773,655964.04244100
2026-07-29T00:00:00Z,GTCUSD,0.0781,0.0888,0.0720,0.0727,448025.13081025
2026-07-30T00:00:00Z,GTCUSD,0.0732,0.0784,0.0707,0.0732,214397.11564894
2026-07-31T00:00:00Z,GTCUSD,0.0737,0.0775,0.0724,0.0730,153746.12322311
2026-08-01T00:00:00Z,GTCUSD,0.0741,0.0776,0.0735,0.0758,80441.15004212
2026-08-02T00:00:00Z,GTCUSD,0.0760,0.0785,0.0743,0.0783,151880.08643913
2026-08-03T00:00:00Z,GTCUSD,0.0774,0.0839,0.0726,0.0775,316277.33086210
2026-08-04T00:00:00Z,GTCUSD,0.0776,0.0783,0.0743,0.0747,29470.98027051
2026-08-05T00:00:00Z,GTCUSD,0.0757,0.0802,0.0757,0.0791,154118.96273712
2026-08-06T00:00:00Z,GTCUSD,0.0808,0.0880,0.0808,0.0824,175171.66661225
2026-08-07T00:00:00Z,GTCUSD,0.0814,0.0849,0.0810,0.0843,90006.39667285
2026-08-08T00:00:00Z,GTCUSD,0.0855,0.0897,0.0835,0.0881,150194.90113016
2026-08-09T00:00:00Z,GTCUSD,0.0882,0.0921,0.0880,0.0882,133442.92852567
2026-08-10T00:00:00Z,GTCUSD,0.0890,0.0911,0.0848,0.0860,119960.17413180
2026-08-11T00:00:00Z,GTCUSD,0.0872,0.0881,0.0829,0.0829,59229.41532901
2026-08-12T00:00:00Z,GTCUSD,0.0829,0.0849,0.0812,0.0815,77106.76328581
2026-08-13T00:00:00Z,GTCUSD,0.0818,0.0831,0.0796,0.0801,102626.92954882
2026-08-14T00:00:00Z,GTCUSD,0.0808,0.0885,0.0795,0.0870,223698.24737505
2026-08-15T00:00:00Z,GTCUSD,0.0848,0.0867,0.0839,0.0858,88958.47446783
2026-08-16T00:00:00Z,GTCUSD,0.0859,0.0875,0.0849,0.0851,56359.29067469
2026-08-17T00:00:00Z,GTCUSD,0.0864,0.0872,0.0835,0.0835,91482.46572037
2026-08-18T00:00:00Z,GTCUSD,0.0834,0.0834,0.0809,0.0814,60370.64717327
2026-08-19T00:00:00Z,GTCUSD,0.0812,0.0855,0.0797,0.0842,267768.31119876
2026-08-20T00:00:00Z,GTCUSD,0.0842,0.0867,0.0842,0.0867,98343.84492358
2026-08-21T00:00:00Z,GTCUSD,0.0861,0.0924,0.0853,0.0919,80223.73899339
2026-08-22T00:00:00Z,GTCUSD,0.0913,0.0932,0.0836,0.0866,212211.69027346
2026-08-23T00:00:00Z,GTCUSD,0.0867,0.0889,0.0824,0.0887,133678.37020180
2026-08-24T00:00:00Z,GTCUSD,0.0868,0.0874,0.0852,0.0852,52938.12816487
2026-08-25T00:00:00Z,GTCUSD,0.0858,0.0858,0.0811,0.0823,83158.52454328
2026-08-26T00:00:00Z,GTCUSD,0.0832,0.0855,0.0829,0.0855,124954.91258611
2026-08-27T00:00:00Z,GTCUSD,0.0849,0.0962,0.0849,0.0887,417363.86352789
2026-08-28T00:00:00Z,GTCUSD,0.0885,0.0893,0.0830,0.0849,179763.67237337
2026-08-29T00:00:00Z,GTCUSD,0.0850,0.0852,0.0829,0.0829,51404.99063576
2026-08-30T00:00:00Z,GTCUSD,0.0834,0.0846,0.0802,0.0802,87444.12069280
2026-08-31T00:00:00Z,GTCUSD,0.0811,0.0826,0.0803,0.0807,39136.08613597
2026-09-01T00:00:00Z,GTCUSD,0.0814,0.0814,0.0785,0.0792,37816.88687958
2026-09-02T00:00:00Z,GTCUSD,0.0794,0.0803,0.0783,0.0785,49965.17077298
2026-09-03T00:00:00Z,GTCUSD,0.0793,0.0817,0.0792,0.0809,20006.20399807
2026-09-04T00:00:00Z,GTCUSD,0.0811,0.0811,0.0782,0.0791,121638.40541271
2026-09-05T00:00:00Z,GTCUSD,0.0795,0.0830,0.0795,0.0824,90332.63039065
2026-09-06T00:00:00Z,GTCUSD,0.0822,0.0831,0.0811,0.0821,63723.24293234
2026-09-07T00:00:00Z,GTCUSD,0.0826,0.0826,0.0798,0.0801,49409.55315253
2026-09-08T00:00:00Z,GTCUSD,0.0802,0.0867,0.0802,0.0816,153420.92597977
2026-09-09T00:00:00Z,GTCUSD,0.0827,0.0837,0.0767,0.0781,216757.81448897
2026-09-10T00:00:00Z,GTCUSD,0.0785,0.0796,0.0752,0.0755,300717.12147201
2026-09-11T00:00:00Z,GTCUSD,0.0756,0.0782,0.0742,0.0759,332117.16161507
2026-09-12T00:00:00Z,GTCUSD,0.0765,0.0784,0.0765,0.0779,87204.69257876
2026-09-13T00:00:00Z,GTCUSD,0.0786,0.0797,0.0782,0.0783,19550.07917267
2026-09-14T00:00:00Z,GTCUSD,0.0785,0.0800,0.0773,0.0775,33653.14648104
2026-09-15T00:00:00Z,GTCUSD,0.0780,0.0780,0.0738,0.0742,46499.48545275
2026-09-16T00:00:00Z,GTCUSD,0.0749,0.0757,0.0735,0.0757,55024.23665204
2026-09-17T00:00:00Z,GTCUSD,0.0759,0.0774,0.0755,0.0767,13439.43902337
2026-09-18T00:00:00Z,GTCUSD,0.0779,0.0825,0.0779,0.0819,107441.71360825
2026-09-19T00:00:00Z,GTCUSD,0.0818,0.0863,0.0814,0.0858,192494.38120058
2026-09-20T00:00:00Z,GTCUSD,0.0873,0.0873,0.0823,0.0840,152410.58325640
2026-09-21T00:00:00Z,GTCUSD,0.0841,0.0992,0.0838,0.0874,144723.59407274
2026-09-22T00:00:00Z,GTCUSD,0.0878,0.0884,0.0848,0.0882,111887.60407386
2026-09-23T00:00:00Z,GTCUSD,0.0883,0.0891,0.0834,0.0834,107336.59206824
2026-09-24T00:00:00Z,GTCUSD,0.0832,0.0870,0.0832,0.0864,65043.57508817
2026-09-25T00:00:00Z,GTCUSD,0.0867,0.0938,0.0862,0.0928,150569.75177338
2026-09-26T00:00:00Z,GTCUSD,0.0926,0.0926,0.0904,0.0909,44349.98932507
2026-09-27T00:00:00Z,GTCUSD,0.0908,0.0916,0.0902,0.0905,11339.45926627
2026-09-28T00:00:00Z,GTCUSD,0.0914,0.0914,0.0838,0.0854,154744.63569927
2026-09-29T00:00:00Z,GTCUSD,0.0844,0.0882,0.0832,0.0863,101352.31287404
2026-09-30T00:00:00Z,GTCUSD,0.0867,0.1242,0.0866,0.0949,1898412.28009586
