timestamp,symbol,open,high,low,close,volume
2022-08-05T00:00:00Z,JUNOUSD,5.16,5.16,4.693,4.92,5164.898700159998
2022-08-06T00:00:00Z,JUNOUSD,4.92,5.199,4.799,5.137,3829.63182473
2022-08-07T00:00:00Z,JUNOUSD,5.137,5.741,4.8,5.739,4570.702224729997
2022-08-08T00:00:00Z,JUNOUSD,5.61,5.99,5.401,5.8,7965.8670792300045
2022-08-09T00:00:00Z,JUNOUSD,5.8,5.8,5.478,5.798,4462.245312560001
2022-08-10T00:00:00Z,JUNOUSD,5.799,6.388,5.105,5.98,8167.2718151900035
2022-08-11T00:00:00Z,JUNOUSD,6.126,6.5,5.829,5.829,8643.835071159998
2022-08-12T00:00:00Z,JUNOUSD,5.829,6.117,5.73,6.109,2450.749896289999
2022-08-13T00:00:00Z,JUNOUSD,5.961,6.4,5.934,6.339,8587.338814140001
2022-08-14T00:00:00Z,JUNOUSD,6.339,6.461,5.538,5.917,2665.9971460900006
2022-08-15T00:00:00Z,JUNOUSD,5.95,6.28,5.394,5.807,1654.2105905500002
2022-08-16T00:00:00Z,JUNOUSD,5.96,6.4,5.678,5.895,2862.1035773300005
2022-08-17T00:00:00Z,JUNOUSD,5.896,6.085,5.707,5.969,3542.487265669998
2022-08-18T00:00:00Z,JUNOUSD,5.969,6.249,5.897,6.114,3930.2988157200007
2022-08-19T00:00:00Z,JUNOUSD,6.114,6.192,5.35,5.531,8612.564665490001
2022-08-20T00:00:00Z,JUNOUSD,5.532,5.794,5.239,5.239,2342.8066345300003
2022-08-21T00:00:00Z,JUNOUSD,5.384,6.15,5.201,5.458,4167.691712549999
2022-08-22T00:00:00Z,JUNOUSD,5.312,5.527,4.901,5.527,3151.033362219999
2022-08-23T00:00:00Z,JUNOUSD,5.385,6.1,5.239,5.75,4281.930521929998
2022-08-24T00:00:00Z,JUNOUSD,5.75,6.01,5.459,5.677,2121.476632339999
2022-08-25T00:00:00Z,JUNOUSD,5.823,6.31,5.75,5.969,12687.976722689998
2022-08-26T00:00:00Z,JUNOUSD,5.969,6.186,5.5,5.5,2293.558919869999
2022-08-27T00:00:00Z,JUNOUSD,5.5,5.677,5.21,5.385,1208.50094022
2022-08-28T00:00:00Z,JUNOUSD,5.239,5.385,5.12,5.12,738.74150708
2022-08-29T00:00:00Z,JUNOUSD,5.12,5.458,4.99,5.312,1964.4882828900006
2022-08-30T00:00:00Z,JUNOUSD,5.312,5.677,5.02,5.425,3326.9678161300003
2022-08-31T00:00:00Z,JUNOUSD,5.424,5.823,5.166,5.312,2498.38582449
2022-09-01T00:00:00Z,JUNOUSD,5.166,5.385,5.05,5.239,3544.1722860100003
2022-09-02T00:00:00Z,JUNOUSD,5.24,5.43,5.109,5.238,992.2980864499996
2022-09-03T00:00:00Z,JUNOUSD,5.238,5.3,4.701,5.02,2299.9385118
2022-09-04T00:00:00Z,JUNOUSD,5.023,5.3,5.02,5.3,895.2147046699998
2022-09-05T00:00:00Z,JUNOUSD,5.169,5.169,4.874,5.02,864.87581262
2022-09-06T00:00:00Z,JUNOUSD,5.02,5.16,4.655,4.8,1950.12682537
2022-09-07T00:00:00Z,JUNOUSD,4.679,5.14,4.634,5.14,1455.5810258999998
2022-09-08T00:00:00Z,JUNOUSD,5.023,5.376,4.875,5.301,3221.77500003
2022-09-09T00:00:00Z,JUNOUSD,5.166,6.26,5.166,5.531,7113.47794602
2022-09-10T00:00:00Z,JUNOUSD,5.677,5.822,5.312,5.701,1423.6385712599997
2022-09-11T00:00:00Z,JUNOUSD,5.747,5.895,5.093,5.605,2732.6732880800005
2022-09-12T00:00:00Z,JUNOUSD,5.749,6.022,5.458,5.548,1596.9307621100002
2022-09-13T00:00:00Z,JUNOUSD,5.552,5.823,5.0,5.239,2712.7100259299987
2022-09-14T00:00:00Z,JUNOUSD,5.383,5.75,5.093,5.239,2237.01987576
2022-09-15T00:00:00Z,JUNOUSD,5.239,5.458,5.02,5.313,1575.4111716700004
2022-09-16T00:00:00Z,JUNOUSD,5.457,6.14,5.313,5.75,5142.178692959999
2022-09-17T00:00:00Z,JUNOUSD,5.699,6.114,5.389,5.605,1804.6243992300008
2022-09-18T00:00:00Z,JUNOUSD,5.605,5.822,5.312,5.444,1183.49030462
2022-09-19T00:00:00Z,JUNOUSD,5.443,5.744,5.241,5.267,2625.2916837999987
2022-09-20T00:00:00Z,JUNOUSD,5.267,5.443,4.7,4.7,3110.921024899999
2022-09-21T00:00:00Z,JUNOUSD,4.757,5.02,4.699,4.7,2636.9861573999997
2022-09-22T00:00:00Z,JUNOUSD,4.757,5.444,4.4,5.189,3447.3355577099983
2022-09-23T00:00:00Z,JUNOUSD,5.194,5.781,4.742,5.035,2635.9331343499994
2022-09-24T00:00:00Z,JUNOUSD,4.985,5.025,4.696,4.696,1706.7262727300008
2022-09-25T00:00:00Z,JUNOUSD,4.695,5.051,4.4,4.685,2637.272961149998
2022-09-26T00:00:00Z,JUNOUSD,4.686,4.724,4.17,4.356,2762.1435606399996
2022-09-27T00:00:00Z,JUNOUSD,4.37,4.71,4.2,4.455,8827.462739469987
2022-09-28T00:00:00Z,JUNOUSD,4.426,4.426,4.05,4.09,5565.6419709400025
2022-09-29T00:00:00Z,JUNOUSD,4.09,4.45,3.891,3.999,5961.326827169999
2022-09-30T00:00:00Z,JUNOUSD,3.92,4.126,3.29,3.826,4670.860715029998
2022-10-01T00:00:00Z,JUNOUSD,3.945,4.064,3.663,3.708,1988.0408013200001
2022-10-02T00:00:00Z,JUNOUSD,3.708,4.389,3.7,3.776,3763.430126270001
2022-10-03T00:00:00Z,JUNOUSD,3.776,4.43,3.662,3.941,1942.3149500099998
2022-10-04T00:00:00Z,JUNOUSD,3.956,4.075,3.701,3.983,2221.3869686099997
2022-10-05T00:00:00Z,JUNOUSD,3.983,3.983,3.75,3.869,1586.5762737300004
2022-10-06T00:00:00Z,JUNOUSD,3.87,4.034,3.7,3.803,2066.9281709499996
2022-10-07T00:00:00Z,JUNOUSD,3.81,3.922,3.73,3.807,784.06862614
2022-10-08T00:00:00Z,JUNOUSD,3.73,3.869,3.677,3.848,1212.4094163299997
2022-10-09T00:00:00Z,JUNOUSD,3.745,4.2,3.704,3.811,10140.59610087
2022-10-10T00:00:00Z,JUNOUSD,3.811,3.867,3.635,3.635,647.7527697700001
2022-10-11T00:00:00Z,JUNOUSD,3.636,3.756,3.382,3.488,2289.1692437
2022-10-12T00:00:00Z,JUNOUSD,3.402,3.827,3.113,3.23,10962.66150589
2022-10-13T00:00:00Z,JUNOUSD,3.288,3.436,3.036,3.182,3145.525830040001
2022-10-14T00:00:00Z,JUNOUSD,3.182,3.4,3.101,3.334,1238.391697560001
2022-10-15T00:00:00Z,JUNOUSD,3.334,3.474,3.15,3.15,1785.3846232500005
2022-10-16T00:00:00Z,JUNOUSD,3.234,3.6,3.15,3.25,2918.5314114499997
2022-10-17T00:00:00Z,JUNOUSD,3.251,3.4,3.184,3.232,2063.8287407300004
2022-10-18T00:00:00Z,JUNOUSD,3.232,3.398,3.15,3.15,1460.30344774
2022-10-19T00:00:00Z,JUNOUSD,3.167,3.319,3.1,3.1,1622.3115549099998
2022-10-20T00:00:00Z,JUNOUSD,3.193,3.29,2.975,3.079,3402.99475129
2022-10-21T00:00:00Z,JUNOUSD,3.079,3.193,2.75,3.044,3396.6738106300004
2022-10-22T00:00:00Z,JUNOUSD,3.044,3.1,2.921,3.089,1976.1051367000005
2022-10-23T00:00:00Z,JUNOUSD,3.089,3.1,3.005,3.1,1253.32492216
2022-10-24T00:00:00Z,JUNOUSD,3.1,3.15,2.97,3.089,1406.0004389800001
2022-10-25T00:00:00Z,JUNOUSD,3.089,3.17,2.971,3.044,1461.61231558
2022-10-26T00:00:00Z,JUNOUSD,3.145,3.17,2.91,3.09,1868.27252132
2022-10-27T00:00:00Z,JUNOUSD,3.089,3.145,2.9,3.008,1327.4320838799997
2022-10-28T00:00:00Z,JUNOUSD,3.008,3.386,2.9,3.288,7053.2187121199995
2022-10-29T00:00:00Z,JUNOUSD,3.288,3.399,3.108,3.193,2222.3599644800006
2022-10-30T00:00:00Z,JUNOUSD,3.192,3.193,3.05,3.135,1223.0836204100003
2022-10-31T00:00:00Z,JUNOUSD,3.135,3.218,3.107,3.198,1119.0340694699998
2022-11-01T00:00:00Z,JUNOUSD,3.137,3.218,3.0,3.171,3902.0716859700005
2022-11-02T00:00:00Z,JUNOUSD,3.09,3.3,2.833,2.989,6103.8093402400045
2022-11-03T00:00:00Z,JUNOUSD,2.989,3.15,2.895,2.923,785.6632338800002
2022-11-04T00:00:00Z,JUNOUSD,2.923,3.35,2.921,3.35,3436.63674659
2022-11-05T00:00:00Z,JUNOUSD,3.278,3.38,3.183,3.278,858.3984020700001
2022-11-06T00:00:00Z,JUNOUSD,3.278,3.278,3.05,3.05,1287.2648123900005
2022-11-07T00:00:00Z,JUNOUSD,3.05,3.146,2.92,3.099,2088.38351656
2022-11-08T00:00:00Z,JUNOUSD,3.0,3.15,2.6,2.601,31855.597471060002
2022-11-09T00:00:00Z,JUNOUSD,2.602,2.754,2.0,2.2,38504.59944506999
2022-11-10T00:00:00Z,JUNOUSD,2.29,2.75,2.219,2.51,10423.415730850002
2022-11-11T00:00:00Z,JUNOUSD,2.657,2.749,2.49,2.49,13997.494460789994
2022-11-12T00:00:00Z,JUNOUSD,2.49,2.638,2.25,2.301,10262.01327876
2022-11-13T00:00:00Z,JUNOUSD,2.338,2.571,2.2,2.38,9324.14165861
2022-11-14T00:00:00Z,JUNOUSD,2.218,2.4,2.108,2.335,21463.418165270006
2022-11-15T00:00:00Z,JUNOUSD,2.398,2.414,2.221,2.35,5228.04630865
2022-11-16T00:00:00Z,JUNOUSD,2.35,2.45,2.261,2.45,4172.56490298
2022-11-17T00:00:00Z,JUNOUSD,2.427,2.449,2.155,2.19,14937.305825229996
2022-11-18T00:00:00Z,JUNOUSD,2.386,2.386,2.106,2.294,2043.7872493800003
2022-11-19T00:00:00Z,JUNOUSD,2.292,2.292,2.126,2.151,658.9272120199998
2022-11-20T00:00:00Z,JUNOUSD,2.199,2.22,2.011,2.012,5132.054300049999
2022-11-21T00:00:00Z,JUNOUSD,2.011,2.095,1.8,1.87,2627.017843329999
2022-11-22T00:00:00Z,JUNOUSD,1.95,1.999,1.827,1.948,5641.78416551
2022-11-23T00:00:00Z,JUNOUSD,1.949,2.047,1.822,1.94,904.5160308400001
2022-11-24T00:00:00Z,JUNOUSD,1.871,1.976,1.82,1.884,2482.3552665100005
2022-11-25T00:00:00Z,JUNOUSD,1.89,1.99,1.753,1.78,7113.557668130002
2022-11-26T00:00:00Z,JUNOUSD,1.86,1.925,1.78,1.813,2187.2256219299993
2022-11-27T00:00:00Z,JUNOUSD,1.815,1.839,1.78,1.832,2946.1769927799996
2022-11-28T00:00:00Z,JUNOUSD,1.832,1.832,1.578,1.713,5712.120660479998
2022-11-29T00:00:00Z,JUNOUSD,1.605,1.72,1.527,1.631,1505.6816931499995
2022-11-30T00:00:00Z,JUNOUSD,1.705,1.75,1.631,1.725,2360.7585364299994
2022-12-01T00:00:00Z,JUNOUSD,1.725,2.085,1.675,1.927,4868.20962337
2022-12-02T00:00:00Z,JUNOUSD,1.821,2.084,1.82,2.084,1481.8207846700002
2022-12-03T00:00:00Z,JUNOUSD,2.085,2.151,1.929,1.95,3642.86558608
2022-12-04T00:00:00Z,JUNOUSD,1.95,2.045,1.95,2.039,1308.25814782
2022-12-05T00:00:00Z,JUNOUSD,1.96,2.039,1.784,1.833,963.53692122
2022-12-06T00:00:00Z,JUNOUSD,1.949,1.949,1.783,1.82,331.52549287
2022-12-07T00:00:00Z,JUNOUSD,1.761,1.77,1.676,1.704,623.6845054600001
2022-12-08T00:00:00Z,JUNOUSD,1.704,1.799,1.641,1.687,399.30826889
2022-12-09T00:00:00Z,JUNOUSD,1.687,1.772,1.431,1.707,2370.6272438799997
2022-12-10T00:00:00Z,JUNOUSD,1.661,1.71,1.25,1.695,3778.3813563199988
2022-12-11T00:00:00Z,JUNOUSD,1.635,1.694,1.5,1.647,1477.7029131100003
2022-12-12T00:00:00Z,JUNOUSD,1.649,1.65,1.501,1.53,2005.6430038800002
2022-12-13T00:00:00Z,JUNOUSD,1.627,1.668,1.409,1.518,1421.54559041
2022-12-14T00:00:00Z,JUNOUSD,1.579,1.579,1.397,1.513,2990.3070335700004
2022-12-15T00:00:00Z,JUNOUSD,1.42,1.488,1.306,1.366,6344.634128920001
2022-12-16T00:00:00Z,JUNOUSD,1.466,1.467,1.212,1.235,6717.19510722
2022-12-17T00:00:00Z,JUNOUSD,1.21,1.302,1.121,1.264,2354.21288577
2022-12-18T00:00:00Z,JUNOUSD,1.227,1.246,1.206,1.206,6609.425274410001
2022-12-19T00:00:00Z,JUNOUSD,1.224,1.342,1.188,1.225,1552.7042662699998
2022-12-20T00:00:00Z,JUNOUSD,1.281,1.322,1.207,1.266,2904.177135999999
2022-12-21T00:00:00Z,JUNOUSD,1.266,1.281,1.193,1.193,1063.9615959
2022-12-22T00:00:00Z,JUNOUSD,1.226,1.274,1.143,1.204,3733.946753109999
2022-12-23T00:00:00Z,JUNOUSD,1.175,1.29,1.174,1.206,3334.9518089200005
2022-12-24T00:00:00Z,JUNOUSD,1.206,1.24,1.153,1.171,12285.563270379993
2022-12-25T00:00:00Z,JUNOUSD,1.171,1.282,1.154,1.207,1567.2674754200002
2022-12-26T00:00:00Z,JUNOUSD,1.241,1.241,1.13,1.192,3590.433928389999
2022-12-27T00:00:00Z,JUNOUSD,1.179,1.227,1.149,1.205,975.02869609
2022-12-28T00:00:00Z,JUNOUSD,1.201,1.209,1.143,1.155,1337.16572274
2022-12-29T00:00:00Z,JUNOUSD,1.153,1.237,1.136,1.153,2497.07345688
2022-12-30T00:00:00Z,JUNOUSD,1.186,1.208,1.141,1.199,1248.2728933199999
2022-12-31T00:00:00Z,JUNOUSD,1.199,1.246,1.07,1.156,6579.56563789
2023-01-01T00:00:00Z,JUNOUSD,1.156,1.173,1.11,1.136,302.46130877
2023-01-02T00:00:00Z,JUNOUSD,1.136,1.208,1.136,1.145,1110.8082532400003
2023-01-03T00:00:00Z,JUNOUSD,1.145,1.167,1.11,1.15,3049.80059744
2023-01-04T00:00:00Z,JUNOUSD,1.15,1.169,1.127,1.165,419.52072063
2023-01-05T00:00:00Z,JUNOUSD,1.165,1.166,1.016,1.041,5098.73943191
2023-01-06T00:00:00Z,JUNOUSD,1.105,1.155,1.039,1.134,1753.1374862100001
2023-01-07T00:00:00Z,JUNOUSD,1.133,1.144,1.103,1.144,194.66834542
2023-01-08T00:00:00Z,JUNOUSD,1.144,1.22,1.059,1.136,10344.51210405
2023-01-09T00:00:00Z,JUNOUSD,1.173,1.209,1.153,1.178,2075.5896418
2023-01-10T00:00:00Z,JUNOUSD,1.203,1.209,1.137,1.187,3112.02822916
2023-01-11T00:00:00Z,JUNOUSD,1.159,1.188,1.107,1.162,2463.6684220199995
2023-01-12T00:00:00Z,JUNOUSD,1.159,1.3,1.12,1.287,4645.120416549999
2023-01-13T00:00:00Z,JUNOUSD,1.3,1.342,1.225,1.285,4072.94698979
2023-01-14T00:00:00Z,JUNOUSD,1.303,1.399,1.28,1.362,4400.394976539999
2023-01-15T00:00:00Z,JUNOUSD,1.363,1.367,1.171,1.321,6224.71015841
2023-01-16T00:00:00Z,JUNOUSD,1.302,1.398,1.205,1.302,10081.531778229997
2023-01-17T00:00:00Z,JUNOUSD,1.261,1.343,1.217,1.261,2604.8998378
2023-01-18T00:00:00Z,JUNOUSD,1.29,1.398,1.153,1.17,5799.142523579998
2023-01-19T00:00:00Z,JUNOUSD,1.187,1.272,1.167,1.199,2354.00292774
2023-01-20T00:00:00Z,JUNOUSD,1.227,1.325,1.171,1.325,3649.56686063
2023-01-21T00:00:00Z,JUNOUSD,1.325,1.38,1.261,1.294,7442.391617790002
2023-01-22T00:00:00Z,JUNOUSD,1.28,1.6,1.26,1.405,19665.047054149993
2023-01-23T00:00:00Z,JUNOUSD,1.403,1.6,1.403,1.492,5378.491350399999
2023-01-24T00:00:00Z,JUNOUSD,1.469,1.7,1.322,1.339,10736.952231340001
2023-01-25T00:00:00Z,JUNOUSD,1.319,1.7,1.302,1.489,6586.182336050002
2023-01-26T00:00:00Z,JUNOUSD,1.534,1.75,1.41,1.5,11079.036294280006
2023-01-27T00:00:00Z,JUNOUSD,1.489,1.75,1.4,1.51,4681.18477124
2023-01-28T00:00:00Z,JUNOUSD,1.469,1.689,1.469,1.489,3320.54502257
2023-01-29T00:00:00Z,JUNOUSD,1.467,1.635,1.466,1.538,2899.6194413200005
2023-01-30T00:00:00Z,JUNOUSD,1.587,1.656,1.52,1.6,6628.63275385
2023-01-31T00:00:00Z,JUNOUSD,1.559,1.589,1.438,1.484,1984.1497494400005
2023-02-01T00:00:00Z,JUNOUSD,1.492,1.642,1.467,1.642,2995.1197701799993
2023-02-02T00:00:00Z,JUNOUSD,1.607,1.9,1.561,1.606,9220.946164189998
2023-02-03T00:00:00Z,JUNOUSD,1.606,1.633,1.551,1.603,1524.67204367
2023-02-04T00:00:00Z,JUNOUSD,1.584,1.9,1.52,1.583,6325.430574559997
2023-02-05T00:00:00Z,JUNOUSD,1.583,1.583,1.5,1.51,3003.3140363699995
2023-02-06T00:00:00Z,JUNOUSD,1.508,1.539,1.422,1.422,1899.6212762199998
2023-02-07T00:00:00Z,JUNOUSD,1.466,1.492,1.419,1.47,1040.6727622899998
2023-02-08T00:00:00Z,JUNOUSD,1.47,1.52,1.41,1.447,3493.19961986
2023-02-09T00:00:00Z,JUNOUSD,1.47,1.494,1.28,1.28,3139.321573689998
2023-02-10T00:00:00Z,JUNOUSD,1.28,1.62,1.243,1.32,4254.601416359998
2023-02-11T00:00:00Z,JUNOUSD,1.36,1.379,1.262,1.309,2266.1403316300007
2023-02-12T00:00:00Z,JUNOUSD,1.28,1.636,1.28,1.333,3862.2413005099997
2023-02-13T00:00:00Z,JUNOUSD,1.303,1.333,1.222,1.281,4265.34544315
2023-02-14T00:00:00Z,JUNOUSD,1.283,1.327,1.251,1.303,1531.0848204200001
2023-02-15T00:00:00Z,JUNOUSD,1.303,1.383,1.276,1.383,2360.894109530001
2023-02-16T00:00:00Z,JUNOUSD,1.383,1.599,1.243,1.301,8343.837097669997
2023-02-17T00:00:00Z,JUNOUSD,1.296,1.382,1.296,1.343,1950.8774256599995
2023-02-18T00:00:00Z,JUNOUSD,1.343,1.4,1.323,1.399,2053.04374734
2023-02-19T00:00:00Z,JUNOUSD,1.388,1.399,1.328,1.389,2407.91303391
2023-02-20T00:00:00Z,JUNOUSD,1.362,1.779,1.327,1.395,5238.744698300003
2023-02-21T00:00:00Z,JUNOUSD,1.395,1.401,1.275,1.304,2570.9467795999994
2023-02-22T00:00:00Z,JUNOUSD,1.281,1.401,1.25,1.316,4294.714455820001
2023-02-23T00:00:00Z,JUNOUSD,1.339,1.344,1.213,1.24,3764.38392613
2023-02-24T00:00:00Z,JUNOUSD,1.262,1.302,1.235,1.3,1589.4691376300004
2023-02-25T00:00:00Z,JUNOUSD,1.3,1.3,1.18,1.207,3149.336309749999
2023-02-26T00:00:00Z,JUNOUSD,1.18,1.3,1.18,1.3,973.9876539600002
2023-02-27T00:00:00Z,JUNOUSD,1.284,1.284,1.2,1.2,2673.43240866
2023-02-28T00:00:00Z,JUNOUSD,1.194,1.195,0.893,1.156,45940.19867859999
2023-03-01T00:00:00Z,JUNOUSD,1.156,1.343,1.142,1.16,6186.950758429999
2023-03-02T00:00:00Z,JUNOUSD,1.159,1.197,1.142,1.178,1127.9528467299997
2023-03-03T00:00:00Z,JUNOUSD,1.173,1.173,1.101,1.147,2750.8339050100003
2023-03-04T00:00:00Z,JUNOUSD,1.149,1.212,1.117,1.136,3773.0405327600006
2023-03-05T00:00:00Z,JUNOUSD,1.128,1.158,1.087,1.109,2755.8039448699997
2023-03-06T00:00:00Z,JUNOUSD,1.108,1.11,1.038,1.089,4119.41641015
2023-03-07T00:00:00Z,JUNOUSD,1.088,1.089,0.982,0.982,7561.381262750001
2023-03-08T00:00:00Z,JUNOUSD,1.009,1.073,0.968,0.968,9816.720462829999
2023-03-09T00:00:00Z,JUNOUSD,0.994,1.024,0.963,0.97,3733.136445779999
2023-03-10T00:00:00Z,JUNOUSD,0.963,0.98,0.888,0.954,5820.2753648299995
2023-03-11T00:00:00Z,JUNOUSD,0.953,1.105,0.893,0.94,6806.120175320003
2023-03-12T00:00:00Z,JUNOUSD,0.941,0.998,0.921,0.994,2348.0126961499986
2023-03-13T00:00:00Z,JUNOUSD,0.973,1.089,0.962,1.038,6273.903453649998
2023-03-14T00:00:00Z,JUNOUSD,1.038,1.143,1.002,1.102,4069.8075113900004
2023-03-15T00:00:00Z,JUNOUSD,1.128,1.143,1.029,1.057,2539.2403112899988
2023-03-16T00:00:00Z,JUNOUSD,1.059,1.072,0.989,1.072,2687.496821789999
2023-03-17T00:00:00Z,JUNOUSD,1.057,1.089,1.016,1.089,11158.618731270002
2023-03-18T00:00:00Z,JUNOUSD,1.078,1.089,0.961,0.988,5690.822743259999
2023-03-19T00:00:00Z,JUNOUSD,0.997,1.044,0.99,1.033,2686.06996427
2023-03-20T00:00:00Z,JUNOUSD,1.019,1.077,0.978,0.985,4674.67777855
2023-03-21T00:00:00Z,JUNOUSD,0.982,0.985,0.928,0.956,4211.722527650001
2023-03-22T00:00:00Z,JUNOUSD,0.978,1.089,0.926,0.928,9325.99781491
2023-03-23T00:00:00Z,JUNOUSD,0.956,0.956,0.896,0.94,2506.9692877900006
2023-03-24T00:00:00Z,JUNOUSD,0.939,0.94,0.894,0.928,3631.44975893
2023-03-25T00:00:00Z,JUNOUSD,0.936,0.94,0.881,0.91,1335.37960651
2023-03-26T00:00:00Z,JUNOUSD,0.909,0.94,0.889,0.907,33676.20929365001
2023-03-27T00:00:00Z,JUNOUSD,0.923,0.939,0.888,0.912,949.4211981999998
2023-03-28T00:00:00Z,JUNOUSD,0.922,1.011,0.896,0.99,37875.26119986001
2023-03-29T00:00:00Z,JUNOUSD,0.982,1.089,0.982,1.04,11872.500098429995
2023-03-30T00:00:00Z,JUNOUSD,1.04,1.058,0.983,1.021,2839.0612634099994
2023-03-31T00:00:00Z,JUNOUSD,1.021,1.054,1.008,1.025,6316.6913423999995
2023-04-01T00:00:00Z,JUNOUSD,1.025,1.032,0.997,1.016,7812.498458740001
2023-04-02T00:00:00Z,JUNOUSD,1.015,1.033,1.0,1.0,3198.8772230100008
2023-04-03T00:00:00Z,JUNOUSD,1.007,1.011,0.977,0.993,2441.57993304
2023-04-04T00:00:00Z,JUNOUSD,0.983,1.009,0.98,0.989,1688.00262986
2023-04-05T00:00:00Z,JUNOUSD,0.989,1.03,0.948,0.998,4793.345929150001
2023-04-06T00:00:00Z,JUNOUSD,0.998,1.033,0.978,0.978,7111.333986649999
2023-04-07T00:00:00Z,JUNOUSD,0.992,0.993,0.922,0.98,6245.985528509998
2023-04-08T00:00:00Z,JUNOUSD,0.965,0.999,0.963,0.977,1507.11901974
2023-04-09T00:00:00Z,JUNOUSD,0.992,1.0,0.939,0.939,969.6669443500001
2023-04-10T00:00:00Z,JUNOUSD,0.939,0.97,0.912,0.949,971.7943889400001
2023-04-11T00:00:00Z,JUNOUSD,0.969,1.01,0.922,0.94,5626.643613349997
2023-04-12T00:00:00Z,JUNOUSD,0.94,0.978,0.921,0.946,3548.1721032899995
2023-04-13T00:00:00Z,JUNOUSD,0.94,0.95,0.903,0.95,2510.0450604400007
2023-04-14T00:00:00Z,JUNOUSD,0.95,0.97,0.927,0.965,14753.896971490007
2023-04-15T00:00:00Z,JUNOUSD,0.97,0.97,0.92,0.962,3754.55492141
2023-04-16T00:00:00Z,JUNOUSD,0.958,0.965,0.921,0.948,4158.420583559999
2023-04-17T00:00:00Z,JUNOUSD,0.929,0.956,0.892,0.899,7379.03127861
2023-04-18T00:00:00Z,JUNOUSD,0.899,0.936,0.888,0.913,3161.7167166900012
2023-04-19T00:00:00Z,JUNOUSD,0.913,0.923,0.717,0.861,17777.42149615999
2023-04-20T00:00:00Z,JUNOUSD,0.861,0.886,0.817,0.817,4359.05203893
2023-04-21T00:00:00Z,JUNOUSD,0.828,0.857,0.781,0.808,8428.604815180002
2023-04-22T00:00:00Z,JUNOUSD,0.808,0.81,0.749,0.795,9104.385195279998
2023-04-23T00:00:00Z,JUNOUSD,0.795,0.795,0.759,0.794,2644.352507089999
2023-04-24T00:00:00Z,JUNOUSD,0.794,0.799,0.756,0.791,4345.288186450002
2023-04-25T00:00:00Z,JUNOUSD,0.774,0.799,0.708,0.748,14382.256519969995
2023-04-26T00:00:00Z,JUNOUSD,0.747,0.8,0.729,0.749,4548.83911723
2023-04-27T00:00:00Z,JUNOUSD,0.752,0.787,0.751,0.779,633.0198419599999
2023-04-28T00:00:00Z,JUNOUSD,0.773,0.785,0.764,0.784,816.99554613
2023-04-29T00:00:00Z,JUNOUSD,0.781,0.783,0.711,0.73,14098.64737794
2023-04-30T00:00:00Z,JUNOUSD,0.734,0.746,0.708,0.729,2784.67789584
2023-05-01T00:00:00Z,JUNOUSD,0.707,0.729,0.675,0.694,9308.05147976
2023-05-02T00:00:00Z,JUNOUSD,0.689,0.729,0.625,0.669,5956.511459510001
2023-05-03T00:00:00Z,JUNOUSD,0.669,0.698,0.657,0.692,2132.48478077
2023-05-04T00:00:00Z,JUNOUSD,0.689,0.697,0.626,0.697,7293.237672230002
2023-05-05T00:00:00Z,JUNOUSD,0.682,0.708,0.639,0.644,3077.311608979999
2023-05-06T00:00:00Z,JUNOUSD,0.656,0.686,0.64,0.64,2125.68083013
2023-05-07T00:00:00Z,JUNOUSD,0.638,0.686,0.62,0.639,3941.10407669
2023-05-08T00:00:00Z,JUNOUSD,0.639,0.687,0.565,0.614,8766.070228520004
2023-05-09T00:00:00Z,JUNOUSD,0.59,0.658,0.557,0.628,7585.644307350003
2023-05-10T00:00:00Z,JUNOUSD,0.628,0.666,0.568,0.625,5225.532678980003
2023-05-11T00:00:00Z,JUNOUSD,0.623,0.623,0.571,0.585,932.50337766
2023-05-12T00:00:00Z,JUNOUSD,0.614,0.616,0.57,0.57,2193.2486594199995
2023-05-13T00:00:00Z,JUNOUSD,0.571,0.616,0.551,0.596,7124.80543282
2023-05-14T00:00:00Z,JUNOUSD,0.595,0.645,0.578,0.645,8912.77445954
2023-05-15T00:00:00Z,JUNOUSD,0.618,0.65,0.618,0.65,834.98035787
2023-05-16T00:00:00Z,JUNOUSD,0.65,0.65,0.598,0.624,3326.0909451999996
2023-05-17T00:00:00Z,JUNOUSD,0.65,0.65,0.58,0.61,4264.72330893
2023-05-18T00:00:00Z,JUNOUSD,0.595,0.629,0.536,0.58,10000.456824700004
2023-05-19T00:00:00Z,JUNOUSD,0.563,0.6,0.533,0.558,5594.059909969998
2023-05-20T00:00:00Z,JUNOUSD,0.559,0.631,0.537,0.55,9611.953155159998
2023-05-21T00:00:00Z,JUNOUSD,0.544,0.57,0.528,0.541,3201.386043980001
2023-05-22T00:00:00Z,JUNOUSD,0.541,0.551,0.499,0.531,5387.285528899999
2023-05-23T00:00:00Z,JUNOUSD,0.518,0.534,0.506,0.533,2274.97724639
2023-05-24T00:00:00Z,JUNOUSD,0.506,0.575,0.488,0.544,6688.24738044
2023-05-25T00:00:00Z,JUNOUSD,0.539,0.568,0.496,0.496,7304.31365255
2023-05-26T00:00:00Z,JUNOUSD,0.502,0.552,0.488,0.527,5521.21700329
2023-05-27T00:00:00Z,JUNOUSD,0.52,0.527,0.496,0.496,2609.54766249
2023-05-28T00:00:00Z,JUNOUSD,0.493,0.508,0.476,0.476,6509.677658359999
2023-05-29T00:00:00Z,JUNOUSD,0.496,0.497,0.438,0.44,14510.191566530002
2023-05-30T00:00:00Z,JUNOUSD,0.459,0.462,0.404,0.415,23813.888156079985
2023-05-31T00:00:00Z,JUNOUSD,0.414,0.415,0.363,0.372,34724.928892409975
2023-06-01T00:00:00Z,JUNOUSD,0.372,0.413,0.372,0.399,1561.5409104900002
2023-06-02T00:00:00Z,JUNOUSD,0.39,0.415,0.39,0.402,2782.90944598
2023-06-03T00:00:00Z,JUNOUSD,0.391,0.416,0.39,0.416,4176.33094867
2023-06-04T00:00:00Z,JUNOUSD,0.398,0.415,0.359,0.405,8747.725977650001
2023-06-05T00:00:00Z,JUNOUSD,0.397,0.401,0.352,0.352,6764.357786360001
2023-06-06T00:00:00Z,JUNOUSD,0.364,0.389,0.352,0.368,10918.297142980002
2023-06-07T00:00:00Z,JUNOUSD,0.383,0.386,0.324,0.345,9026.349284920003
2023-06-08T00:00:00Z,JUNOUSD,0.342,0.37,0.342,0.365,2777.54398881
2023-06-09T00:00:00Z,JUNOUSD,0.363,0.38,0.335,0.371,29111.861876170013
2023-06-10T00:00:00Z,JUNOUSD,0.355,0.355,0.271,0.289,22182.601501600006
2023-06-11T00:00:00Z,JUNOUSD,0.307,0.332,0.291,0.332,11624.706718220003
2023-06-12T00:00:00Z,JUNOUSD,0.316,0.375,0.312,0.338,7320.69797693
2023-06-13T00:00:00Z,JUNOUSD,0.372,0.372,0.3,0.312,16765.298697750004
2023-06-14T00:00:00Z,JUNOUSD,0.312,0.374,0.27,0.293,69068.77819666
2023-06-15T00:00:00Z,JUNOUSD,0.299,0.329,0.269,0.281,18862.23170537
2023-06-16T00:00:00Z,JUNOUSD,0.28,0.29,0.265,0.286,17376.666610030003
2023-06-17T00:00:00Z,JUNOUSD,0.283,0.295,0.256,0.283,33084.73104054
2023-06-18T00:00:00Z,JUNOUSD,0.283,0.291,0.254,0.264,15315.77603466
2023-06-19T00:00:00Z,JUNOUSD,0.262,0.264,0.249,0.254,18100.369806600003
2023-06-20T00:00:00Z,JUNOUSD,0.261,0.276,0.247,0.271,12362.89867837
2023-06-21T00:00:00Z,JUNOUSD,0.271,0.3,0.239,0.257,42591.73885464999
2023-06-22T00:00:00Z,JUNOUSD,0.26,0.375,0.251,0.28,36591.13860910004
2023-06-23T00:00:00Z,JUNOUSD,0.285,0.305,0.258,0.277,53432.29744463008
2023-06-24T00:00:00Z,JUNOUSD,0.283,0.375,0.28,0.304,19860.39641763001
2023-06-25T00:00:00Z,JUNOUSD,0.304,0.318,0.282,0.282,24871.297076460007
2023-06-26T00:00:00Z,JUNOUSD,0.29,0.313,0.252,0.262,52274.95419859005
2023-06-27T00:00:00Z,JUNOUSD,0.262,0.29,0.26,0.266,12282.966640609999
2023-06-28T00:00:00Z,JUNOUSD,0.266,0.272,0.256,0.263,8239.153367419998
2023-06-29T00:00:00Z,JUNOUSD,0.258,0.284,0.257,0.27,6971.552931889997
2023-06-30T00:00:00Z,JUNOUSD,0.271,0.281,0.256,0.262,6236.811601089999
2023-07-01T00:00:00Z,JUNOUSD,0.262,0.346,0.257,0.287,16085.577635339998
2023-07-02T00:00:00Z,JUNOUSD,0.282,0.296,0.266,0.27,2205.64226326
2023-07-03T00:00:00Z,JUNOUSD,0.276,0.3,0.269,0.285,15895.089119140004
2023-07-04T00:00:00Z,JUNOUSD,0.284,0.285,0.275,0.281,11307.46341951
2023-07-05T00:00:00Z,JUNOUSD,0.285,0.285,0.202,0.276,60239.60808910001
2023-07-06T00:00:00Z,JUNOUSD,0.276,0.277,0.222,0.268,78779.01991823
2023-07-07T00:00:00Z,JUNOUSD,0.27,0.288,0.27,0.273,2018.41454975
2023-07-08T00:00:00Z,JUNOUSD,0.281,0.286,0.268,0.268,2768.29507561
2023-07-09T00:00:00Z,JUNOUSD,0.268,0.282,0.267,0.276,1496.9009069300002
2023-07-10T00:00:00Z,JUNOUSD,0.283,0.285,0.25,0.276,17667.665288550004
2023-07-11T00:00:00Z,JUNOUSD,0.281,0.288,0.253,0.267,8260.365113089998
2023-07-12T00:00:00Z,JUNOUSD,0.267,0.323,0.265,0.279,14381.592152230003
2023-07-13T00:00:00Z,JUNOUSD,0.281,0.301,0.277,0.301,7143.6932068899905
2023-07-14T00:00:00Z,JUNOUSD,0.299,0.323,0.288,0.305,9250.542579260005
2023-07-15T00:00:00Z,JUNOUSD,0.303,0.309,0.295,0.299,7161.80767799
2023-07-16T00:00:00Z,JUNOUSD,0.301,0.309,0.291,0.297,8617.388614259999
2023-07-17T00:00:00Z,JUNOUSD,0.295,0.309,0.283,0.296,22331.155695510002
2023-07-18T00:00:00Z,JUNOUSD,0.296,0.296,0.258,0.269,13234.676322739999
2023-07-19T00:00:00Z,JUNOUSD,0.274,0.309,0.264,0.285,15193.505004390003
2023-07-20T00:00:00Z,JUNOUSD,0.282,0.3,0.268,0.284,33869.58514678001
2023-07-21T00:00:00Z,JUNOUSD,0.284,0.289,0.262,0.284,15930.410371190002
2023-07-22T00:00:00Z,JUNOUSD,0.278,0.291,0.266,0.272,21863.55702866999
2023-07-23T00:00:00Z,JUNOUSD,0.269,0.277,0.265,0.277,4761.846837100002
2023-07-24T00:00:00Z,JUNOUSD,0.277,0.277,0.25,0.263,15589.287350200002
2023-07-25T00:00:00Z,JUNOUSD,0.263,0.289,0.234,0.253,19537.71266317
2023-07-26T00:00:00Z,JUNOUSD,0.249,0.253,0.235,0.245,6863.005872420003
2023-07-27T00:00:00Z,JUNOUSD,0.246,0.264,0.246,0.251,2612.24693687
2023-07-28T00:00:00Z,JUNOUSD,0.257,0.257,0.24,0.252,3506.2033662699996
2023-07-29T00:00:00Z,JUNOUSD,0.25,0.253,0.25,0.253,2424.6536889400004
2023-07-30T00:00:00Z,JUNOUSD,0.254,0.257,0.238,0.238,12355.340395600006
2023-07-31T00:00:00Z,JUNOUSD,0.242,0.247,0.236,0.243,2383.1003359
2023-08-01T00:00:00Z,JUNOUSD,0.243,0.246,0.231,0.238,13599.183899380003
2023-08-02T00:00:00Z,JUNOUSD,0.238,0.249,0.221,0.231,11898.108800360002
2023-08-03T00:00:00Z,JUNOUSD,0.231,0.236,0.224,0.234,6629.430059510001
2023-08-04T00:00:00Z,JUNOUSD,0.229,0.237,0.218,0.221,4189.960867209999
2023-08-05T00:00:00Z,JUNOUSD,0.225,0.257,0.214,0.245,11523.995803900001
2023-08-06T00:00:00Z,JUNOUSD,0.242,0.261,0.232,0.239,11473.871842210001
2023-08-07T00:00:00Z,JUNOUSD,0.246,0.252,0.222,0.231,13394.15554601
2023-08-08T00:00:00Z,JUNOUSD,0.229,0.234,0.226,0.234,1774.62763991
2023-08-09T00:00:00Z,JUNOUSD,0.235,0.245,0.216,0.231,21207.624362439987
2023-08-10T00:00:00Z,JUNOUSD,0.239,0.241,0.224,0.232,5374.416551819999
2023-08-11T00:00:00Z,JUNOUSD,0.225,0.238,0.216,0.224,7218.69457564
2023-08-12T00:00:00Z,JUNOUSD,0.227,0.241,0.221,0.229,10826.068734450006
2023-08-13T00:00:00Z,JUNOUSD,0.228,0.24,0.216,0.222,21260.24142948
2023-08-14T00:00:00Z,JUNOUSD,0.227,0.228,0.222,0.226,4530.861201020001
2023-08-15T00:00:00Z,JUNOUSD,0.224,0.23,0.206,0.217,10610.64800962
2023-08-16T00:00:00Z,JUNOUSD,0.217,0.224,0.193,0.202,28674.57543553001
2023-08-17T00:00:00Z,JUNOUSD,0.196,0.218,0.18,0.192,17000.020177420014
2023-08-18T00:00:00Z,JUNOUSD,0.188,0.201,0.177,0.188,21437.36420293
2023-08-19T00:00:00Z,JUNOUSD,0.19,0.296,0.185,0.187,50049.09280837002
2023-08-20T00:00:00Z,JUNOUSD,0.187,0.199,0.168,0.196,29173.585852740005
2023-08-21T00:00:00Z,JUNOUSD,0.196,0.215,0.174,0.188,48154.96092488997
2023-08-22T00:00:00Z,JUNOUSD,0.188,0.205,0.18,0.181,14576.610292830006
2023-08-23T00:00:00Z,JUNOUSD,0.181,0.182,0.169,0.179,9486.889215250007
2023-08-24T00:00:00Z,JUNOUSD,0.177,0.18,0.168,0.179,15400.736339110004
2023-08-25T00:00:00Z,JUNOUSD,0.179,0.199,0.17,0.179,14878.121592799998
2023-08-26T00:00:00Z,JUNOUSD,0.177,0.182,0.164,0.173,7833.46296764
2023-08-27T00:00:00Z,JUNOUSD,0.176,0.176,0.164,0.17,8861.354511549996
2023-08-28T00:00:00Z,JUNOUSD,0.17,0.17,0.151,0.167,42952.322571710014
2023-08-29T00:00:00Z,JUNOUSD,0.164,0.167,0.156,0.164,11101.424450810004
2023-08-30T00:00:00Z,JUNOUSD,0.164,0.166,0.154,0.159,8902.86207725
2023-08-31T00:00:00Z,JUNOUSD,0.158,0.166,0.142,0.146,26792.288799239985
2023-09-01T00:00:00Z,JUNOUSD,0.148,0.18,0.133,0.142,67358.55299290996
2023-09-02T00:00:00Z,JUNOUSD,0.138,0.143,0.129,0.14,14821.316368189999
2023-09-03T00:00:00Z,JUNOUSD,0.138,0.144,0.127,0.133,24794.56696431
2023-09-04T00:00:00Z,JUNOUSD,0.138,0.139,0.127,0.139,9499.197554080001
2023-09-05T00:00:00Z,JUNOUSD,0.132,0.141,0.124,0.133,21082.62238291001
2023-09-06T00:00:00Z,JUNOUSD,0.133,0.147,0.129,0.133,14703.101300969996
2023-09-07T00:00:00Z,JUNOUSD,0.132,0.139,0.129,0.129,12425.022110079999
2023-09-08T00:00:00Z,JUNOUSD,0.129,0.137,0.121,0.124,16488.199958380002
2023-09-09T00:00:00Z,JUNOUSD,0.13,0.143,0.13,0.134,14667.625460339998
2023-09-10T00:00:00Z,JUNOUSD,0.13,0.143,0.12,0.126,17458.958845040004
2023-09-11T00:00:00Z,JUNOUSD,0.121,0.136,0.12,0.12,8285.556490899999
2023-09-12T00:00:00Z,JUNOUSD,0.123,0.146,0.121,0.123,17724.2454542
2023-09-13T00:00:00Z,JUNOUSD,0.123,0.192,0.121,0.154,152033.18821996998
2023-09-14T00:00:00Z,JUNOUSD,0.154,0.286,0.14,0.185,169481.46397151024
2023-09-15T00:00:00Z,JUNOUSD,0.188,0.26,0.168,0.206,238770.7283431703
2023-09-16T00:00:00Z,JUNOUSD,0.205,0.242,0.202,0.23,71041.41959730996
2023-09-17T00:00:00Z,JUNOUSD,0.23,0.248,0.214,0.218,63639.56945027002
2023-09-18T00:00:00Z,JUNOUSD,0.214,0.225,0.2,0.208,44655.18421628
2023-09-19T00:00:00Z,JUNOUSD,0.208,0.222,0.199,0.209,35574.747268269995
2023-09-20T00:00:00Z,JUNOUSD,0.21,0.21,0.192,0.192,21132.627554290004
2023-09-21T00:00:00Z,JUNOUSD,0.192,0.246,0.191,0.212,117881.09066266009
2023-09-22T00:00:00Z,JUNOUSD,0.214,0.214,0.192,0.201,40576.93846839995
2023-09-23T00:00:00Z,JUNOUSD,0.2,0.207,0.189,0.194,55676.07094322001
2023-09-24T00:00:00Z,JUNOUSD,0.195,0.204,0.181,0.191,47692.85380166001
2023-09-25T00:00:00Z,JUNOUSD,0.191,0.2,0.186,0.192,27054.70338288999
2023-09-26T00:00:00Z,JUNOUSD,0.19,0.193,0.165,0.165,46623.397535770004
2023-09-27T00:00:00Z,JUNOUSD,0.165,0.171,0.157,0.161,69336.22368608999
2023-09-28T00:00:00Z,JUNOUSD,0.162,0.167,0.162,0.163,6100.43732809
2023-09-29T00:00:00Z,JUNOUSD,0.161,0.177,0.158,0.163,62089.79060577002
2023-09-30T00:00:00Z,JUNOUSD,0.163,0.172,0.16,0.164,11774.084055819998
2023-10-01T00:00:00Z,JUNOUSD,0.163,0.166,0.149,0.159,36253.92515171
2023-10-02T00:00:00Z,JUNOUSD,0.161,0.167,0.153,0.157,59478.962913400035
2023-10-03T00:00:00Z,JUNOUSD,0.156,0.161,0.15,0.15,12528.59579994
2023-10-04T00:00:00Z,JUNOUSD,0.15,0.174,0.139,0.15,41721.617281069965
2023-10-05T00:00:00Z,JUNOUSD,0.15,0.151,0.139,0.146,17947.683246099998
2023-10-06T00:00:00Z,JUNOUSD,0.146,0.15,0.143,0.148,2956.0033747700004
2023-10-07T00:00:00Z,JUNOUSD,0.15,0.152,0.148,0.148,6609.531477570001
2023-10-08T00:00:00Z,JUNOUSD,0.148,0.153,0.146,0.148,10926.464988579999
2023-10-09T00:00:00Z,JUNOUSD,0.148,0.148,0.134,0.136,19665.08874983
2023-10-10T00:00:00Z,JUNOUSD,0.137,0.141,0.131,0.134,13642.053532569998
2023-10-11T00:00:00Z,JUNOUSD,0.132,0.134,0.129,0.129,13512.612427140004
2023-10-12T00:00:00Z,JUNOUSD,0.13,0.135,0.126,0.13,20649.065027380006
2023-10-13T00:00:00Z,JUNOUSD,0.128,0.134,0.128,0.131,17597.716091829992
2023-10-14T00:00:00Z,JUNOUSD,0.131,0.138,0.131,0.136,8055.334689719999
2023-10-15T00:00:00Z,JUNOUSD,0.137,0.145,0.131,0.138,11212.73387432
2023-10-16T00:00:00Z,JUNOUSD,0.136,0.144,0.132,0.143,13028.452979650003
2023-10-17T00:00:00Z,JUNOUSD,0.143,0.148,0.134,0.135,17273.868351330002
2023-10-18T00:00:00Z,JUNOUSD,0.135,0.138,0.134,0.135,3370.2068170800003
2023-10-19T00:00:00Z,JUNOUSD,0.134,0.136,0.131,0.136,9537.088601710002
2023-10-20T00:00:00Z,JUNOUSD,0.134,0.143,0.132,0.138,8075.633421230002
2023-10-21T00:00:00Z,JUNOUSD,0.138,0.179,0.132,0.143,82172.71202795996
2023-10-22T00:00:00Z,JUNOUSD,0.146,0.175,0.142,0.15,20126.414849469995
2023-10-23T00:00:00Z,JUNOUSD,0.151,0.173,0.151,0.17,75984.26848169001
2023-10-24T00:00:00Z,JUNOUSD,0.172,0.299,0.171,0.223,344275.8863446406
2023-10-25T00:00:00Z,JUNOUSD,0.226,0.31,0.225,0.252,271081.9406092597
2023-10-26T00:00:00Z,JUNOUSD,0.254,0.3,0.224,0.242,104108.76795282007
2023-10-27T00:00:00Z,JUNOUSD,0.24,0.26,0.221,0.234,47670.94830164
2023-10-28T00:00:00Z,JUNOUSD,0.228,0.243,0.228,0.239,8585.03506391
2023-10-29T00:00:00Z,JUNOUSD,0.239,0.271,0.236,0.271,13116.96416097
2023-10-30T00:00:00Z,JUNOUSD,0.265,0.5,0.258,0.495,453382.80119828024
2023-10-31T00:00:00Z,JUNOUSD,0.494,0.874,0.406,0.563,1574507.5522609719
2023-11-01T00:00:00Z,JUNOUSD,0.564,0.577,0.387,0.479,579886.2507701803
2023-11-02T00:00:00Z,JUNOUSD,0.481,0.69,0.446,0.553,367702.29250882985
2023-11-03T00:00:00Z,JUNOUSD,0.553,0.589,0.482,0.52,146360.90082906006
2023-11-04T00:00:00Z,JUNOUSD,0.524,0.524,0.474,0.504,108981.55616313989
2023-11-05T00:00:00Z,JUNOUSD,0.505,0.575,0.492,0.545,86004.99317884004
2023-11-06T00:00:00Z,JUNOUSD,0.543,0.7,0.543,0.637,155717.2011997099
2023-11-07T00:00:00Z,JUNOUSD,0.639,0.64,0.539,0.565,81831.61289667003
2023-11-08T00:00:00Z,JUNOUSD,0.565,0.567,0.538,0.548,54734.27670583002
2023-11-09T00:00:00Z,JUNOUSD,0.548,0.6,0.497,0.52,92681.09849139
2023-11-10T00:00:00Z,JUNOUSD,0.518,0.547,0.466,0.515,89857.21832268998
2023-11-11T00:00:00Z,JUNOUSD,0.515,0.55,0.503,0.518,65989.00961855994
2023-11-12T00:00:00Z,JUNOUSD,0.525,0.58,0.469,0.545,82410.21202560996
2023-11-13T00:00:00Z,JUNOUSD,0.546,0.668,0.503,0.555,257385.42156004978
2023-11-14T00:00:00Z,JUNOUSD,0.551,0.592,0.488,0.54,80190.43963189996
2023-11-15T00:00:00Z,JUNOUSD,0.541,0.65,0.435,0.562,130454.23250667992
2023-11-16T00:00:00Z,JUNOUSD,0.569,0.6,0.526,0.539,74994.41228884
2023-11-17T00:00:00Z,JUNOUSD,0.549,0.558,0.508,0.512,44072.081474349994
2023-11-18T00:00:00Z,JUNOUSD,0.526,0.533,0.489,0.53,37374.22580338
2023-11-19T00:00:00Z,JUNOUSD,0.532,0.537,0.501,0.517,16869.10492621
2023-11-20T00:00:00Z,JUNOUSD,0.516,0.535,0.456,0.47,65085.71609413002
2023-11-21T00:00:00Z,JUNOUSD,0.471,0.475,0.412,0.412,103774.28874546001
2023-11-22T00:00:00Z,JUNOUSD,0.412,0.46,0.412,0.441,45754.162034540015
2023-11-23T00:00:00Z,JUNOUSD,0.443,0.451,0.423,0.438,29310.85601072
2023-11-24T00:00:00Z,JUNOUSD,0.442,0.468,0.433,0.463,37325.98750021001
2023-11-25T00:00:00Z,JUNOUSD,0.463,0.56,0.444,0.46,43940.58905741997
2023-11-26T00:00:00Z,JUNOUSD,0.466,0.498,0.449,0.476,41764.47315971001
2023-11-27T00:00:00Z,JUNOUSD,0.481,0.481,0.436,0.446,18311.40705269
2023-11-28T00:00:00Z,JUNOUSD,0.444,0.447,0.421,0.438,22968.806283189995
2023-11-29T00:00:00Z,JUNOUSD,0.439,0.462,0.438,0.462,33694.80408412001
2023-11-30T00:00:00Z,JUNOUSD,0.462,0.468,0.445,0.456,19676.922458189994
2023-12-01T00:00:00Z,JUNOUSD,0.456,0.456,0.42,0.433,84149.14062589995
2023-12-02T00:00:00Z,JUNOUSD,0.433,0.475,0.433,0.459,48377.96783174002
2023-12-03T00:00:00Z,JUNOUSD,0.46,0.462,0.449,0.451,21416.07622241
2023-12-04T00:00:00Z,JUNOUSD,0.452,0.473,0.436,0.451,80910.41754641
2023-12-05T00:00:00Z,JUNOUSD,0.452,0.464,0.438,0.456,70707.08999008
2023-12-06T00:00:00Z,JUNOUSD,0.456,0.513,0.452,0.458,124125.04748902003
2023-12-07T00:00:00Z,JUNOUSD,0.455,0.482,0.454,0.469,61168.17186351001
2023-12-08T00:00:00Z,JUNOUSD,0.468,0.55,0.451,0.482,129224.8261946099
2023-12-09T00:00:00Z,JUNOUSD,0.486,0.521,0.482,0.483,83664.24195721002
2023-12-10T00:00:00Z,JUNOUSD,0.483,0.505,0.466,0.484,74521.47495729003
2023-12-11T00:00:00Z,JUNOUSD,0.488,0.496,0.419,0.461,100016.57315361008
2023-12-12T00:00:00Z,JUNOUSD,0.461,0.76,0.41,0.716,703140.9044798505
2023-12-13T00:00:00Z,JUNOUSD,0.722,0.8,0.588,0.65,410317.5911398901
2023-12-14T00:00:00Z,JUNOUSD,0.651,0.743,0.595,0.738,115338.13678392989
2023-12-15T00:00:00Z,JUNOUSD,0.726,0.8,0.677,0.7,114314.64938359988
2023-12-16T00:00:00Z,JUNOUSD,0.7,0.799,0.649,0.742,103019.46535283996
2023-12-17T00:00:00Z,JUNOUSD,0.754,0.769,0.641,0.654,68745.48416981999
2023-12-18T00:00:00Z,JUNOUSD,0.654,0.673,0.573,0.666,85964.5035437001
2023-12-19T00:00:00Z,JUNOUSD,0.672,0.705,0.586,0.615,97487.17766665
2023-12-20T00:00:00Z,JUNOUSD,0.619,0.667,0.608,0.645,82951.75497214004
2023-12-21T00:00:00Z,JUNOUSD,0.649,0.7,0.622,0.7,35534.87798376001
2023-12-22T00:00:00Z,JUNOUSD,0.692,0.7,0.656,0.669,24320.82354006
2023-12-23T00:00:00Z,JUNOUSD,0.668,0.67,0.619,0.644,67996.05245101995
2023-12-24T00:00:00Z,JUNOUSD,0.635,0.68,0.629,0.665,61585.353509200024
2023-12-25T00:00:00Z,JUNOUSD,0.654,0.71,0.647,0.666,45439.772229309994
2023-12-26T00:00:00Z,JUNOUSD,0.666,0.8,0.664,0.707,90615.90371049017
2023-12-27T00:00:00Z,JUNOUSD,0.705,0.733,0.663,0.718,49913.60808625999
2023-12-28T00:00:00Z,JUNOUSD,0.72,0.735,0.658,0.693,35627.26374336001
2023-12-29T00:00:00Z,JUNOUSD,0.688,0.688,0.608,0.615,39087.51367935998
2023-12-30T00:00:00Z,JUNOUSD,0.612,0.637,0.587,0.614,29388.82643702998
2023-12-31T00:00:00Z,JUNOUSD,0.615,0.631,0.581,0.592,28821.63159351
2024-01-01T00:00:00Z,JUNOUSD,0.594,0.638,0.571,0.626,40732.35218637998
2024-01-02T00:00:00Z,JUNOUSD,0.626,0.642,0.592,0.608,41114.51187611999
2024-01-03T00:00:00Z,JUNOUSD,0.605,0.627,0.54,0.556,81688.67642928996
2024-01-04T00:00:00Z,JUNOUSD,0.561,0.615,0.536,0.615,78789.53228312
2024-01-05T00:00:00Z,JUNOUSD,0.613,0.625,0.575,0.593,76173.97739109003
2024-01-06T00:00:00Z,JUNOUSD,0.597,0.609,0.566,0.592,26505.030717400015
2024-01-07T00:00:00Z,JUNOUSD,0.592,0.618,0.579,0.586,36096.09923389997
2024-01-08T00:00:00Z,JUNOUSD,0.583,0.625,0.56,0.619,42069.77157783999
2024-01-09T00:00:00Z,JUNOUSD,0.619,0.624,0.54,0.568,48728.11200653999
2024-01-10T00:00:00Z,JUNOUSD,0.568,0.62,0.556,0.614,43354.08183201003
2024-01-11T00:00:00Z,JUNOUSD,0.61,0.9,0.597,0.638,120898.24470391
2024-01-12T00:00:00Z,JUNOUSD,0.63,0.667,0.567,0.569,67281.88915579995
2024-01-13T00:00:00Z,JUNOUSD,0.578,0.614,0.562,0.605,28377.60573713001
2024-01-14T00:00:00Z,JUNOUSD,0.592,0.613,0.568,0.584,33729.94942931
2024-01-15T00:00:00Z,JUNOUSD,0.571,0.596,0.561,0.571,25794.046244619985
2024-01-16T00:00:00Z,JUNOUSD,0.574,0.592,0.562,0.582,28599.735958089994
2024-01-17T00:00:00Z,JUNOUSD,0.58,0.586,0.549,0.556,28074.09662742002
2024-01-18T00:00:00Z,JUNOUSD,0.559,0.563,0.503,0.533,50663.16173415002
2024-01-19T00:00:00Z,JUNOUSD,0.511,0.528,0.444,0.462,89434.0522394001
2024-01-20T00:00:00Z,JUNOUSD,0.467,0.492,0.446,0.468,49770.430755289985
2024-01-21T00:00:00Z,JUNOUSD,0.459,0.466,0.42,0.42,71606.92046151008
2024-01-22T00:00:00Z,JUNOUSD,0.421,0.421,0.373,0.377,135326.94232379008
2024-01-23T00:00:00Z,JUNOUSD,0.376,0.389,0.364,0.389,53592.892009460054
2024-01-24T00:00:00Z,JUNOUSD,0.385,0.407,0.38,0.407,58139.65088231996
2024-01-25T00:00:00Z,JUNOUSD,0.406,0.419,0.39,0.403,31325.020158780007
2024-01-26T00:00:00Z,JUNOUSD,0.403,0.428,0.37,0.419,49974.79438252006
2024-01-27T00:00:00Z,JUNOUSD,0.412,0.421,0.368,0.38,139693.25300668995
2024-01-28T00:00:00Z,JUNOUSD,0.38,0.391,0.355,0.362,78435.5918091301
2024-01-29T00:00:00Z,JUNOUSD,0.36,0.393,0.352,0.378,152725.5484641801
2024-01-30T00:00:00Z,JUNOUSD,0.378,0.393,0.364,0.371,79919.11748587998
2024-01-31T00:00:00Z,JUNOUSD,0.372,0.375,0.348,0.35,76957.72513315994
2024-02-01T00:00:00Z,JUNOUSD,0.353,0.366,0.345,0.356,39304.76907215
2024-02-02T00:00:00Z,JUNOUSD,0.356,0.385,0.342,0.359,108811.40232646985
2024-02-03T00:00:00Z,JUNOUSD,0.359,0.359,0.344,0.348,28630.767464419998
2024-02-04T00:00:00Z,JUNOUSD,0.348,0.354,0.341,0.346,38633.768647280005
2024-02-05T00:00:00Z,JUNOUSD,0.347,0.356,0.339,0.343,38367.80090046001
2024-02-06T00:00:00Z,JUNOUSD,0.344,0.349,0.33,0.336,30297.968395800024
2024-02-07T00:00:00Z,JUNOUSD,0.335,0.369,0.33,0.354,64614.74620422997
2024-02-08T00:00:00Z,JUNOUSD,0.354,0.373,0.346,0.359,146532.1445888199
2024-02-09T00:00:00Z,JUNOUSD,0.355,0.371,0.349,0.361,68613.34603742998
2024-02-10T00:00:00Z,JUNOUSD,0.362,0.374,0.342,0.345,66762.08838674998
2024-02-11T00:00:00Z,JUNOUSD,0.345,0.356,0.336,0.338,73669.73971011
2024-02-12T00:00:00Z,JUNOUSD,0.339,0.34,0.322,0.337,86901.51223193006
2024-02-13T00:00:00Z,JUNOUSD,0.337,0.34,0.327,0.339,64351.95406427001
2024-02-14T00:00:00Z,JUNOUSD,0.34,0.35,0.331,0.345,71963.06712258999
2024-02-15T00:00:00Z,JUNOUSD,0.346,0.355,0.324,0.324,184130.07736615
2024-02-16T00:00:00Z,JUNOUSD,0.325,0.335,0.324,0.327,73361.65559371002
2024-02-17T00:00:00Z,JUNOUSD,0.327,0.335,0.326,0.334,19335.022933679993
2024-02-18T00:00:00Z,JUNOUSD,0.334,0.335,0.323,0.335,56277.80415984997
2024-02-19T00:00:00Z,JUNOUSD,0.335,0.336,0.301,0.314,166801.69161026995
2024-02-20T00:00:00Z,JUNOUSD,0.314,0.318,0.308,0.314,108287.27849750005
2024-02-21T00:00:00Z,JUNOUSD,0.315,0.315,0.302,0.305,50832.79420498001
2024-02-22T00:00:00Z,JUNOUSD,0.309,0.318,0.301,0.315,78078.61471159001
2024-02-23T00:00:00Z,JUNOUSD,0.317,0.319,0.286,0.308,98412.09357622996
2024-02-24T00:00:00Z,JUNOUSD,0.308,0.321,0.301,0.32,50895.49480533
2024-02-25T00:00:00Z,JUNOUSD,0.321,0.326,0.317,0.325,21736.911169589996
2024-02-26T00:00:00Z,JUNOUSD,0.325,0.325,0.302,0.321,41050.38066861999
2024-02-27T00:00:00Z,JUNOUSD,0.321,0.34,0.32,0.325,78530.06355917001
2024-02-28T00:00:00Z,JUNOUSD,0.327,0.335,0.319,0.323,113531.20584415001
2024-02-29T00:00:00Z,JUNOUSD,0.324,0.381,0.32,0.372,173330.7688287201
2024-03-01T00:00:00Z,JUNOUSD,0.371,0.4,0.365,0.374,259201.63770496997
2024-03-02T00:00:00Z,JUNOUSD,0.372,0.394,0.342,0.359,242425.58021721017
2024-03-03T00:00:00Z,JUNOUSD,0.364,0.376,0.344,0.367,238596.42289749996
2024-03-04T00:00:00Z,JUNOUSD,0.368,0.44,0.352,0.41,250914.8305804402
2024-03-05T00:00:00Z,JUNOUSD,0.41,0.435,0.357,0.39,248266.34290689992
2024-03-06T00:00:00Z,JUNOUSD,0.391,0.46,0.382,0.448,203386.4368143199
2024-03-07T00:00:00Z,JUNOUSD,0.455,0.463,0.427,0.437,86112.80873976996
2024-03-08T00:00:00Z,JUNOUSD,0.436,0.442,0.401,0.428,151692.09512654014
2024-03-09T00:00:00Z,JUNOUSD,0.422,0.444,0.406,0.42,156076.95530383984
2024-03-10T00:00:00Z,JUNOUSD,0.418,0.422,0.407,0.413,94997.68580628005
2024-03-11T00:00:00Z,JUNOUSD,0.412,0.427,0.405,0.415,147878.67875288
2024-03-12T00:00:00Z,JUNOUSD,0.411,0.422,0.39,0.397,128412.01127588
2024-03-13T00:00:00Z,JUNOUSD,0.398,0.416,0.376,0.408,208312.63012804987
2024-03-14T00:00:00Z,JUNOUSD,0.412,0.414,0.37,0.394,126684.21917536003
2024-03-15T00:00:00Z,JUNOUSD,0.395,0.395,0.357,0.38,77361.99304469008
2024-03-16T00:00:00Z,JUNOUSD,0.38,0.411,0.357,0.37,270992.92334447993
2024-03-17T00:00:00Z,JUNOUSD,0.374,0.376,0.343,0.35,150638.2560603801
2024-03-18T00:00:00Z,JUNOUSD,0.35,0.356,0.287,0.316,231536.10971674992
2024-03-19T00:00:00Z,JUNOUSD,0.314,0.347,0.286,0.3,210230.6213561399
2024-03-20T00:00:00Z,JUNOUSD,0.301,0.347,0.297,0.345,100532.94983028996
2024-03-21T00:00:00Z,JUNOUSD,0.344,0.348,0.308,0.329,110779.32954074007
2024-03-22T00:00:00Z,JUNOUSD,0.327,0.333,0.306,0.319,44382.93122516
2024-03-23T00:00:00Z,JUNOUSD,0.317,0.326,0.309,0.324,27022.34204442
2024-03-24T00:00:00Z,JUNOUSD,0.324,0.342,0.319,0.331,38404.504230649996
2024-03-25T00:00:00Z,JUNOUSD,0.335,0.35,0.33,0.345,55759.372943139955
2024-03-26T00:00:00Z,JUNOUSD,0.345,0.352,0.331,0.334,58256.02526453998
2024-03-27T00:00:00Z,JUNOUSD,0.333,0.351,0.329,0.351,37148.47655643
2024-03-28T00:00:00Z,JUNOUSD,0.351,0.355,0.33,0.343,61474.326146460015
2024-03-29T00:00:00Z,JUNOUSD,0.344,0.345,0.33,0.334,52854.205981989995
2024-03-30T00:00:00Z,JUNOUSD,0.334,0.348,0.326,0.327,78348.50700930004
2024-03-31T00:00:00Z,JUNOUSD,0.328,0.334,0.314,0.325,65824.58527006
2024-04-01T00:00:00Z,JUNOUSD,0.324,0.325,0.305,0.313,68263.08071942012
2024-04-02T00:00:00Z,JUNOUSD,0.314,0.314,0.283,0.29,159103.28264342993
2024-04-03T00:00:00Z,JUNOUSD,0.289,0.299,0.256,0.291,92455.04013989003
2024-04-04T00:00:00Z,JUNOUSD,0.288,0.293,0.278,0.293,42637.696546360006
2024-04-05T00:00:00Z,JUNOUSD,0.294,0.294,0.282,0.287,26704.124789029996
2024-04-06T00:00:00Z,JUNOUSD,0.288,0.294,0.281,0.292,25897.537381869985
2024-04-07T00:00:00Z,JUNOUSD,0.286,0.305,0.283,0.29,42202.50879825
2024-04-08T00:00:00Z,JUNOUSD,0.29,0.319,0.284,0.309,82515.60647035
2024-04-09T00:00:00Z,JUNOUSD,0.312,0.317,0.258,0.259,86319.26903307022
2024-04-10T00:00:00Z,JUNOUSD,0.258,0.284,0.252,0.274,94913.54900588996
2024-04-11T00:00:00Z,JUNOUSD,0.274,0.279,0.25,0.258,122052.70032764995
2024-04-12T00:00:00Z,JUNOUSD,0.26,0.274,0.2,0.227,150518.0546658999
2024-04-13T00:00:00Z,JUNOUSD,0.227,0.243,0.188,0.205,148307.83805680997
2024-04-14T00:00:00Z,JUNOUSD,0.205,0.216,0.198,0.213,42693.74868981998
2024-04-15T00:00:00Z,JUNOUSD,0.21,0.282,0.189,0.204,113090.21156633996
2024-04-16T00:00:00Z,JUNOUSD,0.203,0.213,0.196,0.209,40187.72831335
2024-04-17T00:00:00Z,JUNOUSD,0.212,0.216,0.194,0.205,102163.21930019002
2024-04-18T00:00:00Z,JUNOUSD,0.204,0.215,0.2,0.207,50552.72929220999
2024-04-19T00:00:00Z,JUNOUSD,0.207,0.216,0.2,0.206,40161.14290948999
2024-04-20T00:00:00Z,JUNOUSD,0.21,0.283,0.189,0.23,166858.06195924984
2024-04-21T00:00:00Z,JUNOUSD,0.231,0.233,0.221,0.233,24744.600493909984
2024-04-22T00:00:00Z,JUNOUSD,0.234,0.248,0.22,0.239,42246.74160988999
2024-04-23T00:00:00Z,JUNOUSD,0.239,0.261,0.231,0.244,54207.16367730999
2024-04-24T00:00:00Z,JUNOUSD,0.244,0.25,0.224,0.232,72028.30590944005
2024-04-25T00:00:00Z,JUNOUSD,0.231,0.233,0.222,0.228,11268.85259959
2024-04-26T00:00:00Z,JUNOUSD,0.223,0.228,0.206,0.213,45811.913014159996
2024-04-27T00:00:00Z,JUNOUSD,0.214,0.218,0.207,0.218,25995.013782460002
2024-04-28T00:00:00Z,JUNOUSD,0.219,0.225,0.216,0.216,20867.262231850003
2024-04-29T00:00:00Z,JUNOUSD,0.22,0.24,0.21,0.217,86881.38129186
2024-04-30T00:00:00Z,JUNOUSD,0.214,0.218,0.195,0.209,76525.02450752
2024-05-01T00:00:00Z,JUNOUSD,0.206,0.209,0.191,0.208,68066.69807112
2024-05-02T00:00:00Z,JUNOUSD,0.207,0.215,0.205,0.209,24675.665530089984
2024-05-03T00:00:00Z,JUNOUSD,0.209,0.221,0.202,0.215,51146.42138983999
2024-05-04T00:00:00Z,JUNOUSD,0.21,0.219,0.21,0.215,48843.011535369995
2024-05-05T00:00:00Z,JUNOUSD,0.215,0.222,0.213,0.221,21151.408714110003
2024-05-06T00:00:00Z,JUNOUSD,0.22,0.225,0.213,0.213,32935.435581869984
2024-05-07T00:00:00Z,JUNOUSD,0.213,0.219,0.207,0.207,30348.681926669993
2024-05-08T00:00:00Z,JUNOUSD,0.205,0.212,0.196,0.196,28090.47395061
2024-05-09T00:00:00Z,JUNOUSD,0.196,0.203,0.193,0.2,15532.69537696
2024-05-10T00:00:00Z,JUNOUSD,0.2,0.206,0.192,0.199,75608.62720754997
2024-05-11T00:00:00Z,JUNOUSD,0.199,0.213,0.197,0.206,36573.419493509995
2024-05-12T00:00:00Z,JUNOUSD,0.206,0.216,0.199,0.199,85434.79405875002
2024-05-13T00:00:00Z,JUNOUSD,0.2,0.203,0.171,0.183,83377.12436493002
2024-05-14T00:00:00Z,JUNOUSD,0.182,0.196,0.171,0.174,84809.53107620998
2024-05-15T00:00:00Z,JUNOUSD,0.174,0.188,0.17,0.18,32913.23243028
2024-05-16T00:00:00Z,JUNOUSD,0.181,0.19,0.17,0.171,39652.90631730999
2024-05-17T00:00:00Z,JUNOUSD,0.171,0.181,0.167,0.171,80272.36609881003
2024-05-18T00:00:00Z,JUNOUSD,0.171,0.174,0.168,0.172,25745.041444759994
2024-05-19T00:00:00Z,JUNOUSD,0.17,0.179,0.167,0.167,42193.82053385
2024-05-20T00:00:00Z,JUNOUSD,0.165,0.186,0.156,0.185,141557.29976740995
2024-05-21T00:00:00Z,JUNOUSD,0.186,0.187,0.182,0.186,64062.57711394002
2024-05-22T00:00:00Z,JUNOUSD,0.186,0.221,0.181,0.187,53251.91312750002
2024-05-23T00:00:00Z,JUNOUSD,0.189,0.199,0.177,0.185,55737.783001959986
2024-05-24T00:00:00Z,JUNOUSD,0.183,0.187,0.174,0.18,7364.319920769997
2024-05-25T00:00:00Z,JUNOUSD,0.177,0.184,0.176,0.182,19156.103640679998
2024-05-26T00:00:00Z,JUNOUSD,0.182,0.193,0.174,0.181,30919.404211349996
2024-05-27T00:00:00Z,JUNOUSD,0.176,0.187,0.174,0.18,26865.171096839993
2024-05-28T00:00:00Z,JUNOUSD,0.184,0.185,0.17,0.179,59211.99543272999
2024-05-29T00:00:00Z,JUNOUSD,0.179,0.18,0.177,0.18,29740.811519879997
2024-05-30T00:00:00Z,JUNOUSD,0.179,0.18,0.173,0.179,40683.42827203
2024-05-31T00:00:00Z,JUNOUSD,0.178,0.179,0.165,0.171,51239.02526324001
2024-06-01T00:00:00Z,JUNOUSD,0.171,0.177,0.167,0.176,51807.168076350004
2024-06-02T00:00:00Z,JUNOUSD,0.175,0.18,0.17,0.173,65201.93742005002
2024-06-03T00:00:00Z,JUNOUSD,0.173,0.176,0.17,0.171,27601.558284239996
2024-06-04T00:00:00Z,JUNOUSD,0.171,0.176,0.168,0.172,21798.523340360007
2024-06-05T00:00:00Z,JUNOUSD,0.172,0.197,0.164,0.183,186238.50475279015
2024-06-06T00:00:00Z,JUNOUSD,0.184,0.185,0.171,0.173,40390.64571433998
2024-06-07T00:00:00Z,JUNOUSD,0.173,0.175,0.152,0.157,78074.92006585
2024-06-08T00:00:00Z,JUNOUSD,0.158,0.161,0.152,0.155,34475.224812789995
2024-06-09T00:00:00Z,JUNOUSD,0.155,0.184,0.153,0.159,88944.12208894
2024-06-10T00:00:00Z,JUNOUSD,0.159,0.161,0.152,0.153,25322.72387113
2024-06-11T00:00:00Z,JUNOUSD,0.153,0.16,0.148,0.15,59031.262510889996
2024-06-12T00:00:00Z,JUNOUSD,0.148,0.163,0.148,0.159,116406.79276858999
2024-06-13T00:00:00Z,JUNOUSD,0.158,0.159,0.141,0.149,44228.513428700026
2024-06-14T00:00:00Z,JUNOUSD,0.147,0.154,0.143,0.143,25214.1401292
2024-06-15T00:00:00Z,JUNOUSD,0.147,0.153,0.147,0.149,23889.749547120005
2024-06-16T00:00:00Z,JUNOUSD,0.151,0.161,0.148,0.154,21328.102955899998
2024-06-17T00:00:00Z,JUNOUSD,0.154,0.155,0.146,0.148,57480.02691917
2024-06-18T00:00:00Z,JUNOUSD,0.147,0.16,0.131,0.138,135690.39563745997
2024-06-19T00:00:00Z,JUNOUSD,0.137,0.151,0.137,0.15,26673.695609349998
2024-06-20T00:00:00Z,JUNOUSD,0.15,0.162,0.144,0.144,32289.407533619997
2024-06-21T00:00:00Z,JUNOUSD,0.146,0.148,0.143,0.144,5073.902165320001
2024-06-22T00:00:00Z,JUNOUSD,0.142,0.146,0.14,0.142,9823.08116674
2024-06-23T00:00:00Z,JUNOUSD,0.144,0.146,0.137,0.137,14205.2553059
2024-06-24T00:00:00Z,JUNOUSD,0.141,0.144,0.134,0.143,14345.344469399997
2024-06-25T00:00:00Z,JUNOUSD,0.145,0.146,0.138,0.144,19040.25016501
2024-06-26T00:00:00Z,JUNOUSD,0.144,0.145,0.133,0.135,38819.231512710045
2024-06-27T00:00:00Z,JUNOUSD,0.136,0.142,0.133,0.142,22859.8396358
2024-06-28T00:00:00Z,JUNOUSD,0.141,0.142,0.135,0.135,11847.29386826
2024-06-29T00:00:00Z,JUNOUSD,0.137,0.148,0.131,0.135,38402.08658136
2024-06-30T00:00:00Z,JUNOUSD,0.132,0.139,0.131,0.139,15471.4516301
2024-07-01T00:00:00Z,JUNOUSD,0.139,0.141,0.12,0.137,111195.65766886999
2024-07-02T00:00:00Z,JUNOUSD,0.136,0.141,0.13,0.13,31378.74869383
2024-07-03T00:00:00Z,JUNOUSD,0.134,0.134,0.124,0.128,29075.260685420002
2024-07-04T00:00:00Z,JUNOUSD,0.128,0.131,0.11,0.122,179441.69616203
2024-07-05T00:00:00Z,JUNOUSD,0.122,0.122,0.105,0.116,38715.889293629996
2024-07-06T00:00:00Z,JUNOUSD,0.116,0.125,0.116,0.125,31935.614279479996
2024-07-07T00:00:00Z,JUNOUSD,0.122,0.125,0.117,0.119,15909.452026170007
2024-07-08T00:00:00Z,JUNOUSD,0.118,0.129,0.115,0.122,17568.659440449996
2024-07-09T00:00:00Z,JUNOUSD,0.123,0.128,0.118,0.125,25726.577769039995
2024-07-10T00:00:00Z,JUNOUSD,0.128,0.129,0.118,0.123,10083.87556053
2024-07-11T00:00:00Z,JUNOUSD,0.13,0.132,0.116,0.12,25762.609833389997
2024-07-12T00:00:00Z,JUNOUSD,0.119,0.121,0.115,0.121,17187.85643254
2024-07-13T00:00:00Z,JUNOUSD,0.122,0.126,0.12,0.122,15400.587270050008
2024-07-14T00:00:00Z,JUNOUSD,0.123,0.128,0.122,0.126,12451.845466930003
2024-07-15T00:00:00Z,JUNOUSD,0.126,0.13,0.123,0.13,9818.94534153
2024-07-16T00:00:00Z,JUNOUSD,0.131,0.136,0.127,0.136,6274.485717389999
2024-07-17T00:00:00Z,JUNOUSD,0.136,0.14,0.132,0.135,24781.955080760003
2024-07-18T00:00:00Z,JUNOUSD,0.134,0.135,0.124,0.125,27671.841038929997
2024-07-19T00:00:00Z,JUNOUSD,0.126,0.13,0.12,0.128,48194.65833683997
2024-07-20T00:00:00Z,JUNOUSD,0.129,0.13,0.119,0.125,33213.1670639
2024-07-21T00:00:00Z,JUNOUSD,0.125,0.128,0.117,0.124,32623.095740809997
2024-07-22T00:00:00Z,JUNOUSD,0.125,0.129,0.115,0.119,48039.11116542
2024-07-23T00:00:00Z,JUNOUSD,0.119,0.123,0.115,0.117,17660.38380145
2024-07-24T00:00:00Z,JUNOUSD,0.116,0.117,0.108,0.112,25196.060722629998
2024-07-25T00:00:00Z,JUNOUSD,0.112,0.117,0.107,0.11,74670.38677342002
2024-07-26T00:00:00Z,JUNOUSD,0.112,0.117,0.109,0.117,12928.33300372
2024-07-27T00:00:00Z,JUNOUSD,0.116,0.122,0.115,0.117,14180.199277290003
2024-07-28T00:00:00Z,JUNOUSD,0.118,0.122,0.113,0.119,35265.71244264
2024-07-29T00:00:00Z,JUNOUSD,0.118,0.121,0.096,0.107,252966.5199850399
2024-07-30T00:00:00Z,JUNOUSD,0.102,0.129,0.1,0.104,201917.8221184399
2024-07-31T00:00:00Z,JUNOUSD,0.104,0.107,0.096,0.101,78030.81981216998
2024-08-01T00:00:00Z,JUNOUSD,0.102,0.103,0.094,0.099,66415.19529351998
2024-08-02T00:00:00Z,JUNOUSD,0.1,0.1,0.094,0.096,51138.64017280999
2024-08-03T00:00:00Z,JUNOUSD,0.097,0.1,0.089,0.092,43581.69630468
2024-08-04T00:00:00Z,JUNOUSD,0.091,0.095,0.086,0.09,42613.91931494998
2024-08-05T00:00:00Z,JUNOUSD,0.09,0.093,0.071,0.084,221679.75006670994
2024-08-06T00:00:00Z,JUNOUSD,0.084,0.101,0.084,0.091,84596.88059922997
2024-08-07T00:00:00Z,JUNOUSD,0.092,0.102,0.09,0.093,101389.92253062001
2024-08-08T00:00:00Z,JUNOUSD,0.093,0.099,0.089,0.099,9681.519386670001
2024-08-09T00:00:00Z,JUNOUSD,0.1,0.102,0.095,0.101,20850.251783620006
2024-08-10T00:00:00Z,JUNOUSD,0.101,0.115,0.1,0.104,54819.019388499975
2024-08-11T00:00:00Z,JUNOUSD,0.104,0.11,0.098,0.1,19379.020995340004
2024-08-12T00:00:00Z,JUNOUSD,0.099,0.109,0.098,0.107,27207.406670489996
2024-08-13T00:00:00Z,JUNOUSD,0.107,0.109,0.101,0.106,14741.179067629997
2024-08-14T00:00:00Z,JUNOUSD,0.107,0.109,0.094,0.099,110045.56645779999
2024-08-15T00:00:00Z,JUNOUSD,0.102,0.103,0.091,0.093,14086.58369916
2024-08-16T00:00:00Z,JUNOUSD,0.097,0.104,0.091,0.095,30112.112686300003
2024-08-17T00:00:00Z,JUNOUSD,0.095,0.097,0.092,0.096,6641.317539919999
2024-08-18T00:00:00Z,JUNOUSD,0.097,0.099,0.096,0.098,19112.060616630002
2024-08-19T00:00:00Z,JUNOUSD,0.098,0.099,0.098,0.098,71205.20215174
2024-08-20T00:00:00Z,JUNOUSD,0.098,0.1,0.095,0.098,16893.90882846
2024-08-21T00:00:00Z,JUNOUSD,0.098,0.1,0.096,0.1,14528.472848030002
2024-08-22T00:00:00Z,JUNOUSD,0.1,0.1,0.098,0.1,14428.17198657
2024-08-23T00:00:00Z,JUNOUSD,0.1,0.109,0.095,0.108,44481.82178629997
2024-08-24T00:00:00Z,JUNOUSD,0.108,0.118,0.106,0.112,44545.97636001
2024-08-25T00:00:00Z,JUNOUSD,0.111,0.112,0.104,0.11,10756.225645299997
2024-08-26T00:00:00Z,JUNOUSD,0.105,0.106,0.099,0.104,34560.93433267999
2024-08-27T00:00:00Z,JUNOUSD,0.101,0.104,0.092,0.094,36906.62769927999
2024-08-28T00:00:00Z,JUNOUSD,0.094,0.098,0.085,0.091,45292.971476689985
2024-08-29T00:00:00Z,JUNOUSD,0.091,0.094,0.087,0.089,25074.34006215
2024-08-30T00:00:00Z,JUNOUSD,0.093,0.094,0.088,0.091,12995.194994479994
2024-08-31T00:00:00Z,JUNOUSD,0.09,0.093,0.086,0.09,18075.93953188
2024-09-01T00:00:00Z,JUNOUSD,0.09,0.092,0.088,0.088,47313.65650260999
2024-09-02T00:00:00Z,JUNOUSD,0.089,0.092,0.088,0.092,12802.21103976
2024-09-03T00:00:00Z,JUNOUSD,0.09,0.092,0.088,0.088,81161.44124661002
2024-09-04T00:00:00Z,JUNOUSD,0.088,0.091,0.085,0.088,66743.29374628999
2024-09-05T00:00:00Z,JUNOUSD,0.09,0.091,0.086,0.087,55680.76516205999
2024-09-06T00:00:00Z,JUNOUSD,0.086,0.088,0.079,0.082,47702.81611868
2024-09-07T00:00:00Z,JUNOUSD,0.082,0.084,0.08,0.082,45853.40457372
2024-09-08T00:00:00Z,JUNOUSD,0.083,0.089,0.08,0.089,69572.98830093002
2024-09-09T00:00:00Z,JUNOUSD,0.089,0.092,0.085,0.091,39246.228216919946
2024-09-10T00:00:00Z,JUNOUSD,0.092,0.095,0.09,0.093,20166.926207300003
2024-09-11T00:00:00Z,JUNOUSD,0.094,0.095,0.09,0.09,20262.82887077999
2024-09-12T00:00:00Z,JUNOUSD,0.092,0.094,0.085,0.089,25296.27937286
2024-09-13T00:00:00Z,JUNOUSD,0.089,0.095,0.087,0.091,46787.237241109986
2024-09-14T00:00:00Z,JUNOUSD,0.093,0.099,0.084,0.091,123048.09489090998
2024-09-15T00:00:00Z,JUNOUSD,0.091,0.098,0.09,0.095,36496.59421381
2024-09-16T00:00:00Z,JUNOUSD,0.096,0.096,0.091,0.091,17298.49402447
2024-09-17T00:00:00Z,JUNOUSD,0.093,0.107,0.093,0.102,55218.50552647
2024-09-18T00:00:00Z,JUNOUSD,0.101,0.106,0.097,0.104,37076.07528238002
2024-09-19T00:00:00Z,JUNOUSD,0.105,0.118,0.105,0.109,31755.91528001998
2024-09-20T00:00:00Z,JUNOUSD,0.113,0.116,0.105,0.109,9723.3303748
2024-09-21T00:00:00Z,JUNOUSD,0.111,0.113,0.105,0.113,28805.649321660007
2024-09-22T00:00:00Z,JUNOUSD,0.114,0.114,0.104,0.108,28931.07798153
2024-09-23T00:00:00Z,JUNOUSD,0.108,0.111,0.104,0.107,26869.955113320004
2024-09-24T00:00:00Z,JUNOUSD,0.109,0.112,0.106,0.111,15816.107644329999
2024-09-25T00:00:00Z,JUNOUSD,0.112,0.115,0.107,0.11,8749.54244057
2024-09-26T00:00:00Z,JUNOUSD,0.11,0.125,0.108,0.117,29158.28681587
2024-09-27T00:00:00Z,JUNOUSD,0.114,0.131,0.109,0.124,112740.72805702999
2024-09-28T00:00:00Z,JUNOUSD,0.124,0.124,0.114,0.117,27983.068418629995
2024-09-29T00:00:00Z,JUNOUSD,0.117,0.119,0.084,0.115,103771.28627947997
2024-09-30T00:00:00Z,JUNOUSD,0.114,0.115,0.104,0.108,17531.602789179993
2024-10-01T00:00:00Z,JUNOUSD,0.107,0.115,0.101,0.103,71575.99504361003
2024-10-02T00:00:00Z,JUNOUSD,0.103,0.11,0.099,0.099,36191.31790632
2024-10-03T00:00:00Z,JUNOUSD,0.10000,0.10300,0.09400,0.09800,15025.01186472
2024-10-04T00:00:00Z,JUNOUSD,0.09900,0.10300,0.09500,0.10000,13202.26646606
2024-10-05T00:00:00Z,JUNOUSD,0.10200,0.10300,0.08700,0.09900,25516.33083323
2024-10-06T00:00:00Z,JUNOUSD,0.09800,0.10100,0.09500,0.09600,15036.06004073
2024-10-07T00:00:00Z,JUNOUSD,0.09600,0.12900,0.09400,0.09400,54439.03165957
2024-10-08T00:00:00Z,JUNOUSD,0.09400,0.10900,0.08500,0.08600,44531.69040561
2024-10-09T00:00:00Z,JUNOUSD,0.08800,0.08900,0.08600,0.08600,46023.43174050
2024-10-10T00:00:00Z,JUNOUSD,0.08700,0.08900,0.08200,0.08200,139759.12769830
2024-10-11T00:00:00Z,JUNOUSD,0.08300,0.09300,0.08000,0.09000,44729.72272498
2024-10-12T00:00:00Z,JUNOUSD,0.09000,0.09100,0.08700,0.09000,19355.71056117
2024-10-13T00:00:00Z,JUNOUSD,0.08800,0.08800,0.08700,0.08800,2011.68111000
2024-10-14T00:00:00Z,JUNOUSD,0.08800,0.09000,0.08700,0.09000,42736.45855951
2024-10-15T00:00:00Z,JUNOUSD,0.09100,0.09100,0.08100,0.09000,25080.30766686
2024-10-16T00:00:00Z,JUNOUSD,0.09000,0.10500,0.08800,0.09100,66117.47408105
2024-10-17T00:00:00Z,JUNOUSD,0.09100,0.09400,0.09000,0.09000,53999.38508794
2024-10-18T00:00:00Z,JUNOUSD,0.08900,0.09200,0.08600,0.08800,9634.89001338
2024-10-19T00:00:00Z,JUNOUSD,0.08900,0.09000,0.08100,0.08500,70023.36521146
2024-10-20T00:00:00Z,JUNOUSD,0.08900,0.09500,0.08300,0.09300,43204.09559854
2024-10-21T00:00:00Z,JUNOUSD,0.09200,0.09400,0.08900,0.09000,15691.53384302
2024-10-22T00:00:00Z,JUNOUSD,0.08900,0.09300,0.08500,0.08700,67374.09030870
2024-10-23T00:00:00Z,JUNOUSD,0.08700,0.08800,0.08400,0.08500,58886.52272705
2024-10-24T00:00:00Z,JUNOUSD,0.08500,0.08600,0.08500,0.08500,26340.67437435
2024-10-25T00:00:00Z,JUNOUSD,0.08700,0.08900,0.08500,0.08500,147207.16494682
2024-10-26T00:00:00Z,JUNOUSD,0.08500,0.08700,0.08500,0.08600,77582.12483828
2024-10-27T00:00:00Z,JUNOUSD,0.08600,0.11500,0.08100,0.08500,77473.77362543
2024-10-28T00:00:00Z,JUNOUSD,0.08400,0.08400,0.07600,0.08300,92997.44377172
2024-10-29T00:00:00Z,JUNOUSD,0.08300,0.08800,0.08300,0.08500,43272.41272642
2024-10-30T00:00:00Z,JUNOUSD,0.08300,0.08700,0.08300,0.08300,12340.33053315
2024-10-31T00:00:00Z,JUNOUSD,0.08400,0.08600,0.07500,0.07700,36819.71320271
2024-11-01T00:00:00Z,JUNOUSD,0.07800,0.08200,0.07100,0.07400,134446.24395442
2024-11-02T00:00:00Z,JUNOUSD,0.07500,0.08200,0.07000,0.07100,22839.72800341
2024-11-03T00:00:00Z,JUNOUSD,0.07200,0.07400,0.06300,0.07100,35530.77972429
2024-11-04T00:00:00Z,JUNOUSD,0.06800,0.08600,0.06500,0.06800,59444.18570780
2024-11-05T00:00:00Z,JUNOUSD,0.06600,0.07200,0.06200,0.06900,10613.56989780
2024-11-06T00:00:00Z,JUNOUSD,0.07200,0.07800,0.06200,0.07200,47975.12077928
2024-11-07T00:00:00Z,JUNOUSD,0.07400,0.29800,0.06500,0.07900,467679.90949925
2024-11-08T00:00:00Z,JUNOUSD,0.08000,0.08300,0.07600,0.08000,39395.22580447
2024-11-09T00:00:00Z,JUNOUSD,0.08000,0.08300,0.07600,0.08000,70929.48470922
2024-11-10T00:00:00Z,JUNOUSD,0.08000,0.08900,0.07200,0.08500,140310.78638332
2024-11-11T00:00:00Z,JUNOUSD,0.08700,0.08900,0.07700,0.08700,71822.11603142
2024-11-12T00:00:00Z,JUNOUSD,0.08700,0.08800,0.07700,0.08300,36233.85986843
2024-11-13T00:00:00Z,JUNOUSD,0.08400,0.08500,0.07100,0.07600,63609.73800872
2024-11-14T00:00:00Z,JUNOUSD,0.08000,0.08900,0.06800,0.08000,348554.05193902
2024-11-15T00:00:00Z,JUNOUSD,0.08100,0.09000,0.07500,0.08400,275556.02651929
2024-11-16T00:00:00Z,JUNOUSD,0.08600,0.09000,0.08100,0.08800,217707.63660597
2024-11-17T00:00:00Z,JUNOUSD,0.08800,0.08800,0.08100,0.08100,145291.73640254
2024-11-18T00:00:00Z,JUNOUSD,0.08400,0.19400,0.08400,0.14900,2086502.68499862
2024-11-19T00:00:00Z,JUNOUSD,0.14900,0.70000,0.14200,0.53100,19098429.98908954
2024-11-20T00:00:00Z,JUNOUSD,0.53200,0.66000,0.32400,0.33700,7584035.90810131
2024-11-21T00:00:00Z,JUNOUSD,0.33600,0.37400,0.27700,0.31800,3331610.83339815
2024-11-22T00:00:00Z,JUNOUSD,0.32300,0.34500,0.25100,0.26200,2448823.72787423
2024-11-23T00:00:00Z,JUNOUSD,0.26500,0.28100,0.24300,0.27900,1481480.58271834
2024-11-24T00:00:00Z,JUNOUSD,0.27900,0.44800,0.27400,0.36900,4135804.04957652
2024-11-25T00:00:00Z,JUNOUSD,0.36500,0.41000,0.31800,0.32100,1003553.40403060
2024-11-26T00:00:00Z,JUNOUSD,0.32300,0.37000,0.28400,0.29400,815945.45725178
2024-11-27T00:00:00Z,JUNOUSD,0.29300,0.30500,0.28300,0.29900,579256.16683813
2024-11-28T00:00:00Z,JUNOUSD,0.29300,0.29900,0.27100,0.28000,452129.06748105
2024-11-29T00:00:00Z,JUNOUSD,0.27800,0.32700,0.26000,0.27600,827315.98704963
2024-11-30T00:00:00Z,JUNOUSD,0.27700,0.29200,0.27200,0.27600,524729.55747631
2024-12-01T00:00:00Z,JUNOUSD,0.27600,0.29000,0.26800,0.27200,577077.65839506
2024-12-02T00:00:00Z,JUNOUSD,0.27300,0.28300,0.24900,0.26200,823262.76552961
2024-12-03T00:00:00Z,JUNOUSD,0.26100,0.29800,0.24700,0.25500,841652.50972882
2024-12-04T00:00:00Z,JUNOUSD,0.25700,0.28500,0.25300,0.27100,541419.67007642
2024-12-05T00:00:00Z,JUNOUSD,0.27100,0.28500,0.23400,0.26100,546914.50560050
2024-12-06T00:00:00Z,JUNOUSD,0.26200,0.32000,0.25500,0.29300,729810.18632819
2024-12-07T00:00:00Z,JUNOUSD,0.29300,0.29700,0.27400,0.28000,263562.77282988
2024-12-08T00:00:00Z,JUNOUSD,0.28000,0.28300,0.26200,0.26900,292148.07083747
2024-12-09T00:00:00Z,JUNOUSD,0.26800,0.26900,0.21200,0.23000,304896.65595435
2024-12-10T00:00:00Z,JUNOUSD,0.23500,0.25100,0.19400,0.23100,321841.03272151
2024-12-11T00:00:00Z,JUNOUSD,0.23000,0.24400,0.21600,0.23900,188825.51400119
2024-12-12T00:00:00Z,JUNOUSD,0.23900,0.25700,0.23000,0.24000,185995.17692228
2024-12-13T00:00:00Z,JUNOUSD,0.24100,0.24500,0.23300,0.23600,84087.82592318
2024-12-14T00:00:00Z,JUNOUSD,0.23600,0.24200,0.23000,0.23100,95163.38238905
2024-12-15T00:00:00Z,JUNOUSD,0.23100,0.23300,0.21400,0.21900,251812.61130428
2024-12-16T00:00:00Z,JUNOUSD,0.22000,0.22700,0.19300,0.19900,306586.17479724
2024-12-17T00:00:00Z,JUNOUSD,0.19900,0.21500,0.17500,0.17700,407643.40656647
2024-12-18T00:00:00Z,JUNOUSD,0.17600,0.17900,0.15000,0.15900,397472.24527478
2024-12-19T00:00:00Z,JUNOUSD,0.15800,0.16600,0.14500,0.15100,303494.00179035
2024-12-20T00:00:00Z,JUNOUSD,0.15000,0.19800,0.12200,0.17600,630065.51962509
2024-12-21T00:00:00Z,JUNOUSD,0.18000,0.39200,0.16200,0.29700,5954927.86650748
2024-12-22T00:00:00Z,JUNOUSD,0.29100,0.34000,0.24100,0.25400,2888304.81027158
2024-12-23T00:00:00Z,JUNOUSD,0.25800,0.27000,0.21700,0.25400,1302636.29774996
2024-12-24T00:00:00Z,JUNOUSD,0.25600,0.26900,0.23600,0.24200,505414.94334791
2024-12-25T00:00:00Z,JUNOUSD,0.24300,0.25700,0.22800,0.23600,368609.63015175
2024-12-26T00:00:00Z,JUNOUSD,0.23800,0.24000,0.20700,0.21000,417238.40388822
2024-12-27T00:00:00Z,JUNOUSD,0.21300,0.22800,0.19100,0.20800,397606.42100541
2024-12-28T00:00:00Z,JUNOUSD,0.20900,0.29800,0.20500,0.25200,1225232.26902544
2024-12-29T00:00:00Z,JUNOUSD,0.24900,0.27000,0.22700,0.23600,776094.98778820
2024-12-30T00:00:00Z,JUNOUSD,0.23500,0.23600,0.21300,0.21600,303585.18834469
2024-12-31T00:00:00Z,JUNOUSD,0.21700,0.23000,0.20400,0.20600,228770.86803936
2025-01-01T00:00:00Z,JUNOUSD,0.20600,0.26500,0.20500,0.21300,247455.67902394
2025-01-02T00:00:00Z,JUNOUSD,0.21400,0.22700,0.19600,0.21500,468707.27155105
2025-01-03T00:00:00Z,JUNOUSD,0.21200,0.21900,0.19900,0.21800,335655.16670632
2025-01-04T00:00:00Z,JUNOUSD,0.21900,0.22000,0.20400,0.21300,127096.44786754
2025-01-05T00:00:00Z,JUNOUSD,0.21100,0.21400,0.20700,0.21200,68048.62253342
2025-01-06T00:00:00Z,JUNOUSD,0.21300,0.24500,0.20900,0.21800,360772.59433672
2025-01-07T00:00:00Z,JUNOUSD,0.21700,0.22100,0.19800,0.20000,142606.01331511
2025-01-08T00:00:00Z,JUNOUSD,0.20000,0.20000,0.18000,0.18200,184881.56574535
2025-01-09T00:00:00Z,JUNOUSD,0.18200,0.19000,0.17400,0.17400,231698.30946710
2025-01-10T00:00:00Z,JUNOUSD,0.17400,0.19300,0.17300,0.19100,181465.53685051
2025-01-11T00:00:00Z,JUNOUSD,0.19100,0.19200,0.17600,0.18300,148410.00930199
2025-01-12T00:00:00Z,JUNOUSD,0.18300,0.18500,0.17600,0.17700,85687.91541133
2025-01-13T00:00:00Z,JUNOUSD,0.17600,0.17900,0.15900,0.17000,140761.88687488
2025-01-14T00:00:00Z,JUNOUSD,0.17000,0.18200,0.16400,0.17400,180673.13981177
2025-01-15T00:00:00Z,JUNOUSD,0.17500,0.21400,0.16700,0.19200,395622.79085278
2025-01-16T00:00:00Z,JUNOUSD,0.19200,0.20000,0.17800,0.18500,184749.12768111
2025-01-17T00:00:00Z,JUNOUSD,0.18500,0.19800,0.17600,0.18400,261209.34013700
2025-01-18T00:00:00Z,JUNOUSD,0.18500,0.18700,0.16100,0.16500,386860.73563853
2025-01-19T00:00:00Z,JUNOUSD,0.16400,0.16800,0.14100,0.15100,641786.98349064
2025-01-20T00:00:00Z,JUNOUSD,0.15100,0.16300,0.13600,0.14900,598255.79641414
2025-01-21T00:00:00Z,JUNOUSD,0.15000,0.15300,0.14000,0.14300,299170.08561864
2025-01-22T00:00:00Z,JUNOUSD,0.14300,0.14800,0.14000,0.14200,137581.26439516
2025-01-23T00:00:00Z,JUNOUSD,0.14200,0.15000,0.13900,0.14300,134345.85835076
2025-01-24T00:00:00Z,JUNOUSD,0.14400,0.34000,0.13700,0.25600,6850108.85928040
2025-01-25T00:00:00Z,JUNOUSD,0.26000,0.32500,0.18600,0.19300,5558061.34677999
2025-01-26T00:00:00Z,JUNOUSD,0.19400,0.23400,0.17500,0.18300,2397683.37496178
2025-01-27T00:00:00Z,JUNOUSD,0.18200,0.27500,0.16700,0.22500,1535808.34519806
2025-01-28T00:00:00Z,JUNOUSD,0.22600,0.24000,0.19200,0.19900,1161502.24534676
2025-01-29T00:00:00Z,JUNOUSD,0.20000,0.20300,0.17500,0.17800,479948.83117597
2025-01-30T00:00:00Z,JUNOUSD,0.18000,0.20800,0.17800,0.18400,431498.76582831
2025-01-31T00:00:00Z,JUNOUSD,0.18600,0.19200,0.17100,0.17500,317455.87352197
2025-02-01T00:00:00Z,JUNOUSD,0.17500,0.18200,0.17000,0.17200,217164.12986296
2025-02-02T00:00:00Z,JUNOUSD,0.17100,0.18300,0.14800,0.15300,552153.80034551
2025-02-03T00:00:00Z,JUNOUSD,0.15100,0.18100,0.12800,0.17900,1249751.60439451
2025-02-04T00:00:00Z,JUNOUSD,0.18000,0.19700,0.16500,0.17300,663645.84040805
2025-02-05T00:00:00Z,JUNOUSD,0.17300,0.17600,0.16200,0.16500,120513.08270973
2025-02-06T00:00:00Z,JUNOUSD,0.16500,0.16800,0.15700,0.15800,152356.10301317
2025-02-07T00:00:00Z,JUNOUSD,0.15900,0.18000,0.15400,0.16000,331759.07044470
2025-02-08T00:00:00Z,JUNOUSD,0.16200,0.17100,0.15900,0.16800,167059.88863288
2025-02-09T00:00:00Z,JUNOUSD,0.16700,0.16800,0.16000,0.16100,84446.25668114
2025-02-10T00:00:00Z,JUNOUSD,0.16100,0.17200,0.16100,0.17000,58910.96006566
2025-02-11T00:00:00Z,JUNOUSD,0.17000,0.17500,0.15200,0.15700,227243.64977953
2025-02-12T00:00:00Z,JUNOUSD,0.15700,0.16400,0.15200,0.16200,222043.36652115
2025-02-13T00:00:00Z,JUNOUSD,0.16200,0.17000,0.14600,0.15000,313685.26853472
2025-02-14T00:00:00Z,JUNOUSD,0.15200,0.16600,0.14900,0.15600,184246.70518992
2025-02-15T00:00:00Z,JUNOUSD,0.15600,0.16400,0.15000,0.15100,168807.17318567
2025-02-16T00:00:00Z,JUNOUSD,0.15100,0.15800,0.14500,0.14800,147997.24812225
2025-02-17T00:00:00Z,JUNOUSD,0.14800,0.15300,0.14500,0.15000,50460.38216968
2025-02-18T00:00:00Z,JUNOUSD,0.15200,0.15300,0.13600,0.13900,194727.27168097
2025-02-19T00:00:00Z,JUNOUSD,0.13800,0.14500,0.13600,0.13700,153853.72666355
2025-02-20T00:00:00Z,JUNOUSD,0.13800,0.15100,0.13800,0.14200,98905.82489325
2025-02-21T00:00:00Z,JUNOUSD,0.14300,0.14500,0.13200,0.13500,292665.36592768
2025-02-22T00:00:00Z,JUNOUSD,0.13400,0.14000,0.13200,0.13800,79170.08250743
2025-02-23T00:00:00Z,JUNOUSD,0.13900,0.15400,0.12900,0.13400,380793.10905295
2025-02-24T00:00:00Z,JUNOUSD,0.13400,0.13600,0.12300,0.12600,111651.42880397
2025-02-25T00:00:00Z,JUNOUSD,0.12600,0.13600,0.11500,0.13300,269144.31868491
2025-02-26T00:00:00Z,JUNOUSD,0.13400,0.13400,0.12300,0.12900,114211.23204638
2025-02-27T00:00:00Z,JUNOUSD,0.12700,0.13300,0.12100,0.12200,91614.76323566
2025-02-28T00:00:00Z,JUNOUSD,0.12200,0.13000,0.11100,0.12300,234179.61772573
2025-03-01T00:00:00Z,JUNOUSD,0.12300,0.12700,0.12000,0.12100,92374.07375517
2025-03-02T00:00:00Z,JUNOUSD,0.12100,0.13500,0.11700,0.13200,147129.93891573
2025-03-03T00:00:00Z,JUNOUSD,0.13000,0.13200,0.11500,0.11700,81395.96915479
2025-03-04T00:00:00Z,JUNOUSD,0.11600,0.12800,0.10700,0.11500,246241.04104893
2025-03-05T00:00:00Z,JUNOUSD,0.11500,0.12900,0.11300,0.12200,147182.24042554
2025-03-06T00:00:00Z,JUNOUSD,0.12100,0.14100,0.11600,0.11900,350379.56048023
2025-03-07T00:00:00Z,JUNOUSD,0.11900,0.12000,0.11300,0.11400,81644.39049892
2025-03-08T00:00:00Z,JUNOUSD,0.11700,0.11800,0.10800,0.11400,35060.27235288
2025-03-09T00:00:00Z,JUNOUSD,0.11400,0.11600,0.10500,0.10800,72635.86828574
2025-03-10T00:00:00Z,JUNOUSD,0.10900,0.11300,0.09500,0.09900,162975.47872621
2025-03-11T00:00:00Z,JUNOUSD,0.09900,0.10400,0.09300,0.09900,149273.48559925
2025-03-12T00:00:00Z,JUNOUSD,0.09700,0.10100,0.09400,0.09900,71189.80300535
2025-03-13T00:00:00Z,JUNOUSD,0.10000,0.10000,0.09200,0.09400,40873.95868439
2025-03-14T00:00:00Z,JUNOUSD,0.09400,0.11000,0.09300,0.11000,123603.15241200
2025-03-15T00:00:00Z,JUNOUSD,0.11000,0.15100,0.10400,0.12000,1477027.91491201
2025-03-16T00:00:00Z,JUNOUSD,0.11800,0.12000,0.10900,0.11300,273659.40378904
2025-03-17T00:00:00Z,JUNOUSD,0.11400,0.12900,0.10900,0.11100,215370.36136585
2025-03-18T00:00:00Z,JUNOUSD,0.11300,0.11500,0.10600,0.11300,75456.45547070
2025-03-19T00:00:00Z,JUNOUSD,0.11300,0.11600,0.10500,0.11300,89913.49965778
2025-03-20T00:00:00Z,JUNOUSD,0.11300,0.11400,0.09900,0.10300,99039.73383992
2025-03-21T00:00:00Z,JUNOUSD,0.10300,0.10500,0.09700,0.09800,103836.69529641
2025-03-22T00:00:00Z,JUNOUSD,0.09700,0.10700,0.09700,0.10600,123655.71411495
2025-03-23T00:00:00Z,JUNOUSD,0.10600,0.10800,0.10200,0.10400,72265.72352888
2025-03-24T00:00:00Z,JUNOUSD,0.10200,0.11000,0.10000,0.10600,169611.34179690
2025-03-25T00:00:00Z,JUNOUSD,0.10500,0.10700,0.10100,0.10600,136760.15620155
2025-03-26T00:00:00Z,JUNOUSD,0.10600,0.15200,0.10600,0.14000,800948.10863503
2025-03-27T00:00:00Z,JUNOUSD,0.14000,0.15800,0.11800,0.12400,996558.64548622
2025-03-28T00:00:00Z,JUNOUSD,0.12400,0.12900,0.10800,0.10800,448342.19667977
2025-03-29T00:00:00Z,JUNOUSD,0.10900,0.11400,0.10600,0.10700,102239.32968871
2025-03-30T00:00:00Z,JUNOUSD,0.10700,0.12500,0.10700,0.12300,291734.01501654
2025-03-31T00:00:00Z,JUNOUSD,0.12300,0.13300,0.11300,0.12100,624762.07492478
2025-04-01T00:00:00Z,JUNOUSD,0.11900,0.12200,0.11000,0.11200,263840.59380064
2025-04-02T00:00:00Z,JUNOUSD,0.11300,0.11700,0.10900,0.11000,123018.91826211
2025-04-03T00:00:00Z,JUNOUSD,0.10900,0.11300,0.10600,0.11000,66637.07900709
2025-04-04T00:00:00Z,JUNOUSD,0.11100,0.12500,0.11100,0.11500,203839.42638735
2025-04-05T00:00:00Z,JUNOUSD,0.11500,0.11700,0.10600,0.10700,72803.71656691
2025-04-06T00:00:00Z,JUNOUSD,0.10800,0.10900,0.09600,0.09900,188957.75415196
2025-04-07T00:00:00Z,JUNOUSD,0.09700,0.10100,0.09200,0.09980,111062.95246255
2025-04-08T00:00:00Z,JUNOUSD,0.09820,0.09990,0.09540,0.09550,41762.11364222
2025-04-09T00:00:00Z,JUNOUSD,0.09600,0.10040,0.09210,0.10000,87753.57249111
2025-04-10T00:00:00Z,JUNOUSD,0.10020,0.10100,0.09680,0.09870,36284.31962353
2025-04-11T00:00:00Z,JUNOUSD,0.09770,0.10610,0.09690,0.10450,113720.98200411
2025-04-12T00:00:00Z,JUNOUSD,0.10310,0.10900,0.10190,0.10570,94981.87714861
2025-04-13T00:00:00Z,JUNOUSD,0.10630,0.10690,0.09900,0.09900,52794.90353081
2025-04-14T00:00:00Z,JUNOUSD,0.09920,0.10400,0.09710,0.10100,130544.64403054
2025-04-15T00:00:00Z,JUNOUSD,0.10170,0.12000,0.09920,0.10020,165794.78249810
2025-04-16T00:00:00Z,JUNOUSD,0.09970,0.10090,0.08700,0.08930,406738.91651855
2025-04-17T00:00:00Z,JUNOUSD,0.08950,0.09140,0.08670,0.08860,123631.75077736
2025-04-18T00:00:00Z,JUNOUSD,0.09080,0.09450,0.08930,0.09340,44294.56851639
2025-04-19T00:00:00Z,JUNOUSD,0.09230,0.09700,0.09170,0.09540,35565.62867563
2025-04-20T00:00:00Z,JUNOUSD,0.09560,0.09840,0.09270,0.09520,53618.36485279
2025-04-21T00:00:00Z,JUNOUSD,0.09540,0.09840,0.09300,0.09310,65049.51083652
2025-04-22T00:00:00Z,JUNOUSD,0.09510,0.10710,0.09250,0.10280,92736.78593167
2025-04-23T00:00:00Z,JUNOUSD,0.10290,0.10510,0.09790,0.09900,120416.73233986
2025-04-24T00:00:00Z,JUNOUSD,0.09940,0.10600,0.08910,0.09580,308352.62716005
2025-04-25T00:00:00Z,JUNOUSD,0.09590,0.10130,0.09350,0.10060,149772.38433132
2025-04-26T00:00:00Z,JUNOUSD,0.09990,0.10470,0.09910,0.10000,56550.58480645
2025-04-27T00:00:00Z,JUNOUSD,0.10010,0.10250,0.09550,0.09640,70349.03620181
2025-04-28T00:00:00Z,JUNOUSD,0.09650,0.09840,0.09580,0.09670,171013.54785424
2025-04-29T00:00:00Z,JUNOUSD,0.09800,0.09860,0.09370,0.09390,137919.55010049
2025-04-30T00:00:00Z,JUNOUSD,0.09410,0.09420,0.08280,0.08780,292300.01592148
2025-05-01T00:00:00Z,JUNOUSD,0.08810,0.09550,0.08760,0.09370,117431.91274441
2025-05-02T00:00:00Z,JUNOUSD,0.09260,0.09380,0.09100,0.09190,95264.64964241
2025-05-03T00:00:00Z,JUNOUSD,0.09110,0.09200,0.08800,0.08800,54090.83971476
2025-05-04T00:00:00Z,JUNOUSD,0.08800,0.09660,0.08700,0.08800,137416.71644175
2025-05-05T00:00:00Z,JUNOUSD,0.08720,0.09080,0.08700,0.09020,69399.49955041
2025-05-06T00:00:00Z,JUNOUSD,0.09020,0.09050,0.08760,0.08840,102195.38538736
2025-05-07T00:00:00Z,JUNOUSD,0.08920,0.09160,0.08740,0.09120,37003.53483166
2025-05-08T00:00:00Z,JUNOUSD,0.09140,0.09860,0.08820,0.09470,113741.09795111
2025-05-09T00:00:00Z,JUNOUSD,0.09720,0.10300,0.09450,0.10140,276022.45338711
2025-05-10T00:00:00Z,JUNOUSD,0.10160,0.10600,0.10020,0.10410,222734.58825998
2025-05-11T00:00:00Z,JUNOUSD,0.10360,0.10600,0.10030,0.10030,97393.03952864
2025-05-12T00:00:00Z,JUNOUSD,0.10110,0.10600,0.09890,0.10170,189538.08817953
2025-05-13T00:00:00Z,JUNOUSD,0.10170,0.10420,0.10010,0.10220,81939.08204512
2025-05-14T00:00:00Z,JUNOUSD,0.10310,0.10480,0.09830,0.10160,103168.17874454
2025-05-15T00:00:00Z,JUNOUSD,0.10160,0.10170,0.08670,0.09440,218672.82977815
2025-05-16T00:00:00Z,JUNOUSD,0.09480,0.09480,0.08980,0.09290,34679.30148424
2025-05-17T00:00:00Z,JUNOUSD,0.09090,0.09230,0.08990,0.08990,90281.58577920
2025-05-18T00:00:00Z,JUNOUSD,0.09090,0.09340,0.08980,0.09020,49202.47166704
2025-05-19T00:00:00Z,JUNOUSD,0.09210,0.09360,0.08800,0.08930,49862.89193840
2025-05-20T00:00:00Z,JUNOUSD,0.09000,0.09290,0.08800,0.09060,35281.26369717
2025-05-21T00:00:00Z,JUNOUSD,0.09070,0.09360,0.08800,0.09030,76553.49518592
2025-05-22T00:00:00Z,JUNOUSD,0.08860,0.09450,0.08850,0.08900,171079.91118562
2025-05-23T00:00:00Z,JUNOUSD,0.08940,0.09700,0.08850,0.08850,211991.99074452
2025-05-24T00:00:00Z,JUNOUSD,0.08860,0.09390,0.07800,0.08020,311967.19461567
2025-05-25T00:00:00Z,JUNOUSD,0.08140,0.09700,0.07990,0.09470,389725.66302617
2025-05-26T00:00:00Z,JUNOUSD,0.09450,0.09530,0.07300,0.08580,257789.07424536
2025-05-27T00:00:00Z,JUNOUSD,0.08610,0.09110,0.08300,0.08510,102166.93403297
2025-05-28T00:00:00Z,JUNOUSD,0.08390,0.08600,0.08300,0.08370,115217.74934731
2025-05-29T00:00:00Z,JUNOUSD,0.08330,0.08800,0.07950,0.08180,269498.63549092
2025-05-30T00:00:00Z,JUNOUSD,0.08250,0.08530,0.07600,0.07730,132730.92960614
2025-05-31T00:00:00Z,JUNOUSD,0.07600,0.12890,0.07160,0.09620,3180987.48228692
2025-06-01T00:00:00Z,JUNOUSD,0.09520,0.12000,0.08810,0.08950,2095504.25152747
2025-06-02T00:00:00Z,JUNOUSD,0.09030,0.09140,0.08540,0.08780,393472.74108013
2025-06-03T00:00:00Z,JUNOUSD,0.08790,0.08960,0.08210,0.08210,130464.81098954
2025-06-04T00:00:00Z,JUNOUSD,0.08390,0.08480,0.08210,0.08310,102072.48542091
2025-06-05T00:00:00Z,JUNOUSD,0.08230,0.08450,0.07740,0.07820,163267.94478830
2025-06-06T00:00:00Z,JUNOUSD,0.07930,0.08240,0.07750,0.08030,104493.92825602
2025-06-07T00:00:00Z,JUNOUSD,0.08050,0.08150,0.07960,0.07990,34214.74175488
2025-06-08T00:00:00Z,JUNOUSD,0.08030,0.08070,0.07900,0.08010,40326.02624701
2025-06-09T00:00:00Z,JUNOUSD,0.07920,0.08070,0.07370,0.07800,211502.15562776
2025-06-10T00:00:00Z,JUNOUSD,0.07860,0.08500,0.07820,0.08230,118920.81520316
2025-06-11T00:00:00Z,JUNOUSD,0.08250,0.08470,0.08040,0.08140,32922.94195495
2025-06-12T00:00:00Z,JUNOUSD,0.08140,0.08970,0.07700,0.07860,411475.74184492
2025-06-13T00:00:00Z,JUNOUSD,0.07850,0.07850,0.07300,0.07740,160805.53087750
2025-06-14T00:00:00Z,JUNOUSD,0.07780,0.07850,0.07460,0.07800,47167.83966197
2025-06-15T00:00:00Z,JUNOUSD,0.07600,0.08350,0.07530,0.07730,128548.60668347
2025-06-16T00:00:00Z,JUNOUSD,0.07740,0.08130,0.07540,0.07920,35179.33130227
2025-06-17T00:00:00Z,JUNOUSD,0.07880,0.07990,0.07500,0.07630,50121.86157552
2025-06-18T00:00:00Z,JUNOUSD,0.07650,0.07830,0.07060,0.07390,91734.82557718
2025-06-19T00:00:00Z,JUNOUSD,0.07310,0.07510,0.07070,0.07290,71393.97579775
2025-06-20T00:00:00Z,JUNOUSD,0.07200,0.07700,0.07000,0.07150,78758.38867384
2025-06-21T00:00:00Z,JUNOUSD,0.07190,0.08100,0.07100,0.07590,199604.73245617
2025-06-22T00:00:00Z,JUNOUSD,0.07530,0.07850,0.06610,0.07000,153950.51841166
2025-06-23T00:00:00Z,JUNOUSD,0.06900,0.07490,0.06800,0.07320,72188.45648886
2025-06-24T00:00:00Z,JUNOUSD,0.07340,0.07510,0.07030,0.07510,50432.65794095
2025-06-25T00:00:00Z,JUNOUSD,0.07400,0.08080,0.07100,0.07110,111257.11648248
2025-06-26T00:00:00Z,JUNOUSD,0.07140,0.07430,0.06900,0.07040,34023.02709382
2025-06-27T00:00:00Z,JUNOUSD,0.07130,0.08700,0.07060,0.07370,141887.41107512
2025-06-28T00:00:00Z,JUNOUSD,0.07260,0.07520,0.07160,0.07490,107841.21023913
2025-06-29T00:00:00Z,JUNOUSD,0.07440,0.07480,0.07050,0.07380,96670.09342378
2025-06-30T00:00:00Z,JUNOUSD,0.07330,0.07490,0.07110,0.07260,94350.59391653
2025-07-01T00:00:00Z,JUNOUSD,0.07200,0.07410,0.06810,0.06840,80498.09605137
2025-07-02T00:00:00Z,JUNOUSD,0.06840,0.07480,0.06810,0.07470,44377.54308261
2025-07-03T00:00:00Z,JUNOUSD,0.07460,0.07480,0.07290,0.07360,38385.68605260
2025-07-04T00:00:00Z,JUNOUSD,0.07420,0.07500,0.07100,0.07210,27787.13731257
2025-07-05T00:00:00Z,JUNOUSD,0.07210,0.07230,0.06890,0.07080,64261.74209783
2025-07-06T00:00:00Z,JUNOUSD,0.07070,0.07340,0.06930,0.07210,45524.19564720
2025-07-07T00:00:00Z,JUNOUSD,0.07310,0.07500,0.06900,0.06910,67102.07848187
2025-07-08T00:00:00Z,JUNOUSD,0.07020,0.07200,0.06720,0.07050,65959.87967018
2025-07-09T00:00:00Z,JUNOUSD,0.07160,0.07480,0.07080,0.07350,88787.13230760
2025-07-10T00:00:00Z,JUNOUSD,0.07330,0.07870,0.07280,0.07500,141496.30464864
2025-07-11T00:00:00Z,JUNOUSD,0.07560,0.08970,0.07300,0.08190,200988.89909462
2025-07-12T00:00:00Z,JUNOUSD,0.08370,0.08760,0.07710,0.07870,133522.13424124
2025-07-13T00:00:00Z,JUNOUSD,0.07910,0.08550,0.07830,0.08440,93680.98644946
2025-07-14T00:00:00Z,JUNOUSD,0.08360,0.08400,0.07700,0.07910,186766.88796621
2025-07-15T00:00:00Z,JUNOUSD,0.07960,0.08070,0.07740,0.08030,60854.53918448
2025-07-16T00:00:00Z,JUNOUSD,0.08020,0.08730,0.08000,0.08430,114665.47330479
2025-07-17T00:00:00Z,JUNOUSD,0.08380,0.08880,0.08150,0.08700,129262.86741840
2025-07-18T00:00:00Z,JUNOUSD,0.08720,0.08980,0.07900,0.08160,112679.27071805
2025-07-19T00:00:00Z,JUNOUSD,0.08210,0.08990,0.08080,0.08520,62132.79125989
2025-07-20T00:00:00Z,JUNOUSD,0.08640,0.10100,0.08330,0.09080,273578.41301272
2025-07-21T00:00:00Z,JUNOUSD,0.09130,0.14000,0.08790,0.11100,1475800.90705923
2025-07-22T00:00:00Z,JUNOUSD,0.11240,0.12990,0.08280,0.10710,1447486.16905437
2025-07-23T00:00:00Z,JUNOUSD,0.10810,0.11130,0.09340,0.09630,206387.45527900
2025-07-24T00:00:00Z,JUNOUSD,0.09570,0.10590,0.09120,0.09570,126807.48021158
2025-07-25T00:00:00Z,JUNOUSD,0.09430,0.10190,0.08810,0.09240,165115.76499136
2025-07-26T00:00:00Z,JUNOUSD,0.09350,0.09650,0.09210,0.09540,61585.61443504
2025-07-27T00:00:00Z,JUNOUSD,0.09280,0.09530,0.08670,0.08970,247503.36796806
2025-07-28T00:00:00Z,JUNOUSD,0.09260,0.09480,0.08580,0.08670,84293.56793463
2025-07-29T00:00:00Z,JUNOUSD,0.08580,0.08940,0.07630,0.07630,238167.30797255
2025-07-30T00:00:00Z,JUNOUSD,0.07710,0.08170,0.07250,0.07560,112108.18947194
2025-07-31T00:00:00Z,JUNOUSD,0.07600,0.08080,0.06700,0.07150,183229.53764168
2025-08-01T00:00:00Z,JUNOUSD,0.07020,0.07610,0.06860,0.07060,141639.15407568
2025-08-02T00:00:00Z,JUNOUSD,0.07050,0.07790,0.06920,0.07300,212281.65230702
2025-08-03T00:00:00Z,JUNOUSD,0.07250,0.08370,0.07110,0.08170,377263.75590101
2025-08-04T00:00:00Z,JUNOUSD,0.08250,0.08340,0.07200,0.07670,173303.93705611
2025-08-05T00:00:00Z,JUNOUSD,0.07660,0.08130,0.07360,0.07430,82580.65828013
2025-08-06T00:00:00Z,JUNOUSD,0.07520,0.07810,0.07350,0.07560,68966.44019072
2025-08-07T00:00:00Z,JUNOUSD,0.07590,0.08320,0.07370,0.07920,172278.61637857
2025-08-08T00:00:00Z,JUNOUSD,0.07960,0.09900,0.07820,0.08740,477550.44604745
2025-08-09T00:00:00Z,JUNOUSD,0.08900,0.09300,0.08040,0.08600,242381.54249325
2025-08-10T00:00:00Z,JUNOUSD,0.08390,0.08870,0.08230,0.08380,81637.34171122
2025-08-11T00:00:00Z,JUNOUSD,0.08290,0.08700,0.07810,0.07910,146256.70915739
2025-08-12T00:00:00Z,JUNOUSD,0.07920,0.08010,0.07320,0.08010,148166.02809027
2025-08-13T00:00:00Z,JUNOUSD,0.08000,0.08490,0.07500,0.07770,234951.52333869
2025-08-14T00:00:00Z,JUNOUSD,0.07750,0.08450,0.07330,0.07530,238945.99294751
2025-08-15T00:00:00Z,JUNOUSD,0.07460,0.07840,0.07310,0.07770,78084.29079891
2025-08-16T00:00:00Z,JUNOUSD,0.07770,0.07870,0.07500,0.07710,86511.17402291
2025-08-17T00:00:00Z,JUNOUSD,0.07640,0.08070,0.07300,0.07310,84905.23285057
2025-08-18T00:00:00Z,JUNOUSD,0.07380,0.07600,0.07040,0.07600,144950.00568081
2025-08-19T00:00:00Z,JUNOUSD,0.07600,0.07950,0.06900,0.06960,173764.74456467
2025-08-20T00:00:00Z,JUNOUSD,0.06980,0.07210,0.06800,0.07050,74410.74418320
2025-08-21T00:00:00Z,JUNOUSD,0.06940,0.07600,0.06460,0.07210,360575.37726377
2025-08-22T00:00:00Z,JUNOUSD,0.07340,0.07690,0.06920,0.07370,246541.14980302
2025-08-23T00:00:00Z,JUNOUSD,0.07310,0.08290,0.07230,0.08090,149292.04827666
2025-08-24T00:00:00Z,JUNOUSD,0.08030,0.08450,0.07210,0.07340,104589.00203422
2025-08-25T00:00:00Z,JUNOUSD,0.07510,0.07550,0.07000,0.07160,64556.43146134
2025-08-26T00:00:00Z,JUNOUSD,0.07010,0.07150,0.06960,0.07030,57183.58103595
2025-08-27T00:00:00Z,JUNOUSD,0.07150,0.07310,0.07010,0.07100,99332.98431893
2025-08-28T00:00:00Z,JUNOUSD,0.07100,0.07260,0.06990,0.07120,104604.63703160
2025-08-29T00:00:00Z,JUNOUSD,0.06990,0.07090,0.06910,0.06970,154688.50861000
2025-08-30T00:00:00Z,JUNOUSD,0.07060,0.07260,0.06960,0.07100,87238.64844381
2025-08-31T00:00:00Z,JUNOUSD,0.07100,0.07210,0.06950,0.06950,72212.78811400
2025-09-01T00:00:00Z,JUNOUSD,0.06980,0.07200,0.06890,0.06950,164604.79338819
2025-09-02T00:00:00Z,JUNOUSD,0.06890,0.07390,0.06030,0.06890,449277.05136358
2025-09-03T00:00:00Z,JUNOUSD,0.06920,0.07600,0.06510,0.07070,195971.11108721
2025-09-04T00:00:00Z,JUNOUSD,0.07150,0.07330,0.06210,0.07090,203368.74710077
2025-09-05T00:00:00Z,JUNOUSD,0.06970,0.07100,0.06830,0.07020,55092.79965023
2025-09-06T00:00:00Z,JUNOUSD,0.06980,0.07090,0.06160,0.07090,98957.16376460
2025-09-07T00:00:00Z,JUNOUSD,0.07080,0.07090,0.06500,0.06860,70298.24800806
2025-09-08T00:00:00Z,JUNOUSD,0.06880,0.06900,0.06410,0.06750,94427.81415136
2025-09-09T00:00:00Z,JUNOUSD,0.06790,0.06890,0.06710,0.06760,66208.00270618
2025-09-10T00:00:00Z,JUNOUSD,0.06840,0.06890,0.06700,0.06740,47518.75237885
2025-09-11T00:00:00Z,JUNOUSD,0.06790,0.07000,0.06700,0.06920,82775.13926842
2025-09-12T00:00:00Z,JUNOUSD,0.06860,0.06990,0.06800,0.06900,54131.61354198
2025-09-13T00:00:00Z,JUNOUSD,0.06970,0.07040,0.06730,0.06800,52550.87683537
2025-09-14T00:00:00Z,JUNOUSD,0.06820,0.06840,0.06510,0.06620,136088.59591790
2025-09-15T00:00:00Z,JUNOUSD,0.06620,0.06620,0.06400,0.06510,143423.69071962
2025-09-16T00:00:00Z,JUNOUSD,0.06430,0.06610,0.06180,0.06220,207547.52369633
2025-09-17T00:00:00Z,JUNOUSD,0.06300,0.06580,0.06220,0.06440,94120.61704947
2025-09-18T00:00:00Z,JUNOUSD,0.06530,0.07100,0.06480,0.06490,199045.76683199
2025-09-19T00:00:00Z,JUNOUSD,0.06560,0.06700,0.06050,0.06100,170448.09199863
2025-09-20T00:00:00Z,JUNOUSD,0.06270,0.06490,0.06160,0.06370,43286.23202145
2025-09-21T00:00:00Z,JUNOUSD,0.06370,0.06370,0.06050,0.06220,80166.20878177
2025-09-22T00:00:00Z,JUNOUSD,0.06170,0.06370,0.06050,0.06130,284593.76402434
2025-09-23T00:00:00Z,JUNOUSD,0.06170,0.06190,0.05970,0.05970,66951.64932889
2025-09-24T00:00:00Z,JUNOUSD,0.06010,0.06100,0.05740,0.05970,124907.60136765
2025-09-25T00:00:00Z,JUNOUSD,0.06040,0.06060,0.05030,0.05840,427617.55719467
2025-09-26T00:00:00Z,JUNOUSD,0.05820,0.05830,0.05330,0.05530,48092.41597530
2025-09-27T00:00:00Z,JUNOUSD,0.05680,0.06080,0.04940,0.05630,151979.07775057
2025-09-28T00:00:00Z,JUNOUSD,0.05570,0.06380,0.05490,0.06030,160289.16744037
2025-09-29T00:00:00Z,JUNOUSD,0.06060,0.06140,0.05660,0.05660,108468.38195204
2025-09-30T00:00:00Z,JUNOUSD,0.05850,0.05850,0.05410,0.05760,78004.96909235
2025-10-01T00:00:00Z,JUNOUSD,0.05740,0.05920,0.04890,0.05550,462753.20888937
2025-10-02T00:00:00Z,JUNOUSD,0.05550,0.06590,0.05110,0.06260,198426.74174435
2025-10-03T00:00:00Z,JUNOUSD,0.06120,0.13200,0.05930,0.09980,4360219.83132139
2025-10-04T00:00:00Z,JUNOUSD,0.09970,0.20200,0.08510,0.17170,13420693.91468109
2025-10-05T00:00:00Z,JUNOUSD,0.17170,0.19000,0.09440,0.10480,5526798.37264260
2025-10-06T00:00:00Z,JUNOUSD,0.10530,0.12250,0.09780,0.11470,3104201.96768679
2025-10-07T00:00:00Z,JUNOUSD,0.11560,0.11750,0.09090,0.09510,1611223.74424828
2025-10-08T00:00:00Z,JUNOUSD,0.09340,0.09790,0.08560,0.08650,720189.93689580
2025-10-09T00:00:00Z,JUNOUSD,0.08700,0.09010,0.07870,0.08340,589301.71642825
2025-10-10T00:00:00Z,JUNOUSD,0.08330,0.11500,0.07510,0.07990,3115932.86966685
2025-10-11T00:00:00Z,JUNOUSD,0.07880,0.08980,0.07610,0.07760,638891.89894784
2025-10-12T00:00:00Z,JUNOUSD,0.07810,0.08920,0.07550,0.08850,554451.41315194
2025-10-13T00:00:00Z,JUNOUSD,0.08800,0.08950,0.08010,0.08810,468202.22548851
2025-10-14T00:00:00Z,JUNOUSD,0.08730,0.08730,0.07900,0.08010,280707.47374225
2025-10-15T00:00:00Z,JUNOUSD,0.08010,0.08470,0.07890,0.07930,567027.21487486
2025-10-16T00:00:00Z,JUNOUSD,0.08040,0.08140,0.07580,0.07670,312028.13752380
2025-10-17T00:00:00Z,JUNOUSD,0.07620,0.07710,0.07100,0.07390,463291.58530626
2025-10-18T00:00:00Z,JUNOUSD,0.07380,0.07570,0.07220,0.07300,147094.72577513
2025-10-19T00:00:00Z,JUNOUSD,0.07330,0.07660,0.07050,0.07300,152057.21658668
2025-10-20T00:00:00Z,JUNOUSD,0.07280,0.07460,0.07250,0.07280,116222.06931535
2025-10-21T00:00:00Z,JUNOUSD,0.07270,0.07600,0.06980,0.07000,285060.17429442
2025-10-22T00:00:00Z,JUNOUSD,0.06990,0.07230,0.06900,0.07030,269853.44216351
2025-10-23T00:00:00Z,JUNOUSD,0.07020,0.07090,0.06760,0.06940,184041.11165338
2025-10-24T00:00:00Z,JUNOUSD,0.06960,0.07280,0.06930,0.07000,177879.61116054
2025-10-25T00:00:00Z,JUNOUSD,0.07050,0.07150,0.06890,0.06920,89788.65722232
2025-10-26T00:00:00Z,JUNOUSD,0.07050,0.07290,0.06840,0.07260,551226.09100863
2025-10-27T00:00:00Z,JUNOUSD,0.07220,0.07290,0.07040,0.07180,178367.76625522
2025-10-28T00:00:00Z,JUNOUSD,0.07240,0.07260,0.06640,0.06710,312255.77718441
2025-10-29T00:00:00Z,JUNOUSD,0.06770,0.06950,0.06640,0.06670,272939.26257149
2025-10-30T00:00:00Z,JUNOUSD,0.06750,0.06800,0.06220,0.06280,269359.92235847
2025-10-31T00:00:00Z,JUNOUSD,0.06280,0.06640,0.06210,0.06440,121800.12321425
2025-11-01T00:00:00Z,JUNOUSD,0.06450,0.06700,0.06290,0.06450,53892.27576947
2025-11-02T00:00:00Z,JUNOUSD,0.06590,0.06710,0.05910,0.06160,166602.00011949
2025-11-03T00:00:00Z,JUNOUSD,0.06080,0.06200,0.05880,0.05880,228907.61406951
2025-11-04T00:00:00Z,JUNOUSD,0.05900,0.06480,0.05880,0.05880,287201.88081285
2025-11-05T00:00:00Z,JUNOUSD,0.05940,0.06660,0.05880,0.06350,303038.67841074
2025-11-06T00:00:00Z,JUNOUSD,0.06360,0.06630,0.05970,0.05970,71397.94548820
2025-11-07T00:00:00Z,JUNOUSD,0.05990,0.06830,0.05990,0.06530,116418.67522666
2025-11-08T00:00:00Z,JUNOUSD,0.06710,0.06850,0.06350,0.06510,89406.32030183
2025-11-09T00:00:00Z,JUNOUSD,0.06650,0.06820,0.06340,0.06740,85556.52292994
2025-11-10T00:00:00Z,JUNOUSD,0.06720,0.06850,0.06520,0.06520,66917.93859064
2025-11-11T00:00:00Z,JUNOUSD,0.06520,0.06720,0.06280,0.06430,90905.77891457
2025-11-12T00:00:00Z,JUNOUSD,0.06310,0.06480,0.06110,0.06130,92497.18074013
2025-11-13T00:00:00Z,JUNOUSD,0.06220,0.06380,0.06010,0.06100,90833.61574632
2025-11-14T00:00:00Z,JUNOUSD,0.06090,0.06200,0.05880,0.05900,149574.41310348
2025-11-15T00:00:00Z,JUNOUSD,0.05900,0.06140,0.05880,0.06120,31460.88332617
2025-11-16T00:00:00Z,JUNOUSD,0.06120,0.06160,0.05600,0.05720,112636.34967282
2025-11-17T00:00:00Z,JUNOUSD,0.05770,0.05910,0.05540,0.05570,70204.87398121
2025-11-18T00:00:00Z,JUNOUSD,0.05580,0.05800,0.05320,0.05350,116207.78102193
2025-11-19T00:00:00Z,JUNOUSD,0.05460,0.05600,0.05000,0.05090,134520.79205440
2025-11-20T00:00:00Z,JUNOUSD,0.05230,0.06380,0.05110,0.05370,107180.85637526
2025-11-21T00:00:00Z,JUNOUSD,0.05330,0.05610,0.05000,0.05160,245998.74822940
2025-11-22T00:00:00Z,JUNOUSD,0.05140,0.05490,0.05130,0.05450,121202.39942074
2025-11-23T00:00:00Z,JUNOUSD,0.05460,0.05530,0.05100,0.05100,104371.82142296
2025-11-24T00:00:00Z,JUNOUSD,0.05200,0.05290,0.05000,0.05260,154784.51744369
2025-11-25T00:00:00Z,JUNOUSD,0.05100,0.05310,0.05000,0.05110,57776.18909411
2025-11-26T00:00:00Z,JUNOUSD,0.05150,0.05290,0.05000,0.05010,39146.33830393
2025-11-27T00:00:00Z,JUNOUSD,0.05000,0.05210,0.04690,0.05050,150662.50092727
2025-11-28T00:00:00Z,JUNOUSD,0.05100,0.05280,0.04800,0.05020,203570.40884509
2025-11-29T00:00:00Z,JUNOUSD,0.05070,0.05070,0.04810,0.04890,79412.42224777
2025-11-30T00:00:00Z,JUNOUSD,0.04990,0.05070,0.04840,0.04910,33320.60046289
2025-12-01T00:00:00Z,JUNOUSD,0.04830,0.05880,0.04130,0.04800,163362.51168571
2025-12-02T00:00:00Z,JUNOUSD,0.04810,0.04810,0.04330,0.04710,81616.27000585
2025-12-03T00:00:00Z,JUNOUSD,0.04720,0.05020,0.04720,0.04770,42975.13472375
2025-12-04T00:00:00Z,JUNOUSD,0.04890,0.04900,0.04650,0.04650,21634.37289903
2025-12-05T00:00:00Z,JUNOUSD,0.04650,0.04790,0.04410,0.04430,134154.42658877
2025-12-06T00:00:00Z,JUNOUSD,0.04440,0.04570,0.04360,0.04460,50035.30113686
2025-12-07T00:00:00Z,JUNOUSD,0.04540,0.04570,0.04400,0.04460,44554.59615925
2025-12-08T00:00:00Z,JUNOUSD,0.04450,0.04580,0.04410,0.04430,36625.51890183
2025-12-09T00:00:00Z,JUNOUSD,0.04430,0.04550,0.04400,0.04430,30624.07328065
2025-12-10T00:00:00Z,JUNOUSD,0.04410,0.04560,0.04400,0.04400,91175.33561236
2025-12-11T00:00:00Z,JUNOUSD,0.04460,0.04510,0.04200,0.04350,116126.60458035
2025-12-12T00:00:00Z,JUNOUSD,0.04230,0.05410,0.04230,0.04520,335895.85590023
2025-12-13T00:00:00Z,JUNOUSD,0.04540,0.04850,0.04410,0.04470,73421.80847275
2025-12-14T00:00:00Z,JUNOUSD,0.04540,0.04560,0.04300,0.04300,132135.60909666
2025-12-15T00:00:00Z,JUNOUSD,0.04300,0.04440,0.03970,0.04060,85458.01295502
2025-12-16T00:00:00Z,JUNOUSD,0.04060,0.04070,0.03900,0.03900,64480.83737648
2025-12-17T00:00:00Z,JUNOUSD,0.04020,0.04900,0.03600,0.03860,383118.67820922
2025-12-18T00:00:00Z,JUNOUSD,0.03820,0.03870,0.03250,0.03560,107144.99075794
2025-12-19T00:00:00Z,JUNOUSD,0.03550,0.04690,0.03360,0.03890,574571.28091674
2025-12-20T00:00:00Z,JUNOUSD,0.03940,0.04800,0.03940,0.04390,278255.55864669
2025-12-21T00:00:00Z,JUNOUSD,0.04390,0.05400,0.03990,0.04430,420402.31646957
2025-12-22T00:00:00Z,JUNOUSD,0.04280,0.04630,0.03770,0.04110,181612.68757772
2025-12-23T00:00:00Z,JUNOUSD,0.04070,0.04240,0.03870,0.04170,67243.87780209
2025-12-24T00:00:00Z,JUNOUSD,0.04150,0.04750,0.04080,0.04080,84972.22875567
2025-12-25T00:00:00Z,JUNOUSD,0.04080,0.04180,0.04020,0.04120,37306.92181306
2025-12-26T00:00:00Z,JUNOUSD,0.04120,0.04240,0.03860,0.04190,94667.82011597
2025-12-27T00:00:00Z,JUNOUSD,0.04200,0.04340,0.04160,0.04270,43722.40594306
2025-12-28T00:00:00Z,JUNOUSD,0.04280,0.04480,0.04220,0.04310,31906.24298714
2025-12-29T00:00:00Z,JUNOUSD,0.04300,0.04370,0.04190,0.04230,86523.87458730
2025-12-30T00:00:00Z,JUNOUSD,0.04200,0.04340,0.04080,0.04080,66606.00196927
2025-12-31T00:00:00Z,JUNOUSD,0.04160,0.04200,0.03940,0.03940,77166.53303442
2026-01-01T00:00:00Z,JUNOUSD,0.03940,0.04210,0.03880,0.04210,40861.29063342
2026-01-02T00:00:00Z,JUNOUSD,0.04480,0.04550,0.03810,0.04040,165773.77876034
2026-01-03T00:00:00Z,JUNOUSD,0.04040,0.04040,0.03800,0.03850,30563.59087483
2026-01-04T00:00:00Z,JUNOUSD,0.03940,0.04080,0.03800,0.03950,68956.62323447
2026-01-05T00:00:00Z,JUNOUSD,0.03980,0.04060,0.03590,0.03940,147306.88864331
2026-01-06T00:00:00Z,JUNOUSD,0.04000,0.04520,0.03930,0.04110,335702.20973319
2026-01-07T00:00:00Z,JUNOUSD,0.04120,0.04420,0.04010,0.04140,155360.75542675
2026-01-08T00:00:00Z,JUNOUSD,0.04120,0.04650,0.04010,0.04020,172733.94678806
2026-01-09T00:00:00Z,JUNOUSD,0.04010,0.04590,0.04010,0.04340,72203.22157564
2026-01-10T00:00:00Z,JUNOUSD,0.04340,0.04560,0.04040,0.04050,77299.50757015
2026-01-11T00:00:00Z,JUNOUSD,0.04310,0.04340,0.04000,0.04030,131414.71798803
2026-01-12T00:00:00Z,JUNOUSD,0.04150,0.04160,0.03950,0.03970,67587.51685912
2026-01-13T00:00:00Z,JUNOUSD,0.03970,0.04160,0.03960,0.04100,50339.64699013
2026-01-14T00:00:00Z,JUNOUSD,0.04090,0.04220,0.03980,0.04100,43850.00309983
2026-01-15T00:00:00Z,JUNOUSD,0.04030,0.04110,0.03950,0.03951,59539.45127482
2026-01-16T00:00:00Z,JUNOUSD,0.04035,0.04140,0.03700,0.03981,93613.53382182
2026-01-17T00:00:00Z,JUNOUSD,0.04097,0.04099,0.03821,0.03821,90323.79169855
2026-01-18T00:00:00Z,JUNOUSD,0.03930,0.04080,0.03722,0.03784,79332.69912927
2026-01-19T00:00:00Z,JUNOUSD,0.03721,0.04188,0.03601,0.03887,149259.26486938
2026-01-20T00:00:00Z,JUNOUSD,0.04013,0.04547,0.03276,0.03800,160744.70571539
2026-01-21T00:00:00Z,JUNOUSD,0.03780,0.03780,0.03206,0.03620,80899.30275678
2026-01-22T00:00:00Z,JUNOUSD,0.03592,0.03899,0.03420,0.03560,118846.87983487
2026-01-23T00:00:00Z,JUNOUSD,0.03560,0.03899,0.03551,0.03691,158907.61867647
2026-01-24T00:00:00Z,JUNOUSD,0.03691,0.03800,0.03590,0.03720,27621.44152878
2026-01-25T00:00:00Z,JUNOUSD,0.03720,0.03740,0.03235,0.03509,73206.02869344
2026-01-26T00:00:00Z,JUNOUSD,0.03520,0.03522,0.03234,0.03480,38548.99361757
2026-01-27T00:00:00Z,JUNOUSD,0.03381,0.03900,0.03211,0.03293,172025.46095034
2026-01-28T00:00:00Z,JUNOUSD,0.03286,0.03899,0.03253,0.03275,159887.41862197
2026-01-29T00:00:00Z,JUNOUSD,0.03322,0.03900,0.03051,0.03300,208672.64956359
2026-01-30T00:00:00Z,JUNOUSD,0.03290,0.03368,0.03200,0.03338,79283.50044512
2026-01-31T00:00:00Z,JUNOUSD,0.03300,0.03300,0.02402,0.02901,263503.68512701
2026-02-01T00:00:00Z,JUNOUSD,0.02920,0.03600,0.02650,0.02650,245598.14422244
2026-02-02T00:00:00Z,JUNOUSD,0.02801,0.03600,0.02423,0.02827,297733.95908103
2026-02-03T00:00:00Z,JUNOUSD,0.02860,0.02900,0.02507,0.02625,114110.27823872
2026-02-04T00:00:00Z,JUNOUSD,0.02563,0.02840,0.02500,0.02501,98044.57718406
2026-02-05T00:00:00Z,JUNOUSD,0.02500,0.02800,0.02123,0.02600,164692.88030135
2026-02-06T00:00:00Z,JUNOUSD,0.02600,0.02800,0.02000,0.02570,365338.20523365
2026-02-07T00:00:00Z,JUNOUSD,0.02500,0.02799,0.02462,0.02601,85241.17526780
2026-02-08T00:00:00Z,JUNOUSD,0.02730,0.02821,0.02571,0.02629,127784.93497676
2026-02-09T00:00:00Z,JUNOUSD,0.02575,0.02592,0.02100,0.02218,143142.82598856
2026-02-10T00:00:00Z,JUNOUSD,0.02316,0.02453,0.02212,0.02370,67200.00822485
2026-02-11T00:00:00Z,JUNOUSD,0.02301,0.02389,0.02300,0.02387,49141.96940229
2026-02-12T00:00:00Z,JUNOUSD,0.02300,0.02400,0.02222,0.02330,25371.32327272
2026-02-13T00:00:00Z,JUNOUSD,0.02392,0.02392,0.02224,0.02298,65426.73241467
2026-02-14T00:00:00Z,JUNOUSD,0.02298,0.03600,0.02290,0.02801,361930.51392082
2026-02-15T00:00:00Z,JUNOUSD,0.02788,0.03400,0.02351,0.02494,290554.90463505
2026-02-16T00:00:00Z,JUNOUSD,0.02500,0.02590,0.02206,0.02590,113473.89405480
2026-02-17T00:00:00Z,JUNOUSD,0.02560,0.03242,0.02559,0.02712,266050.38479319
2026-02-18T00:00:00Z,JUNOUSD,0.02698,0.03000,0.02640,0.02888,93684.83057530
2026-02-19T00:00:00Z,JUNOUSD,0.02816,0.03643,0.02561,0.02817,464016.50566974
2026-02-20T00:00:00Z,JUNOUSD,0.02844,0.02983,0.02741,0.02874,66502.50274760
2026-02-21T00:00:00Z,JUNOUSD,0.02874,0.04913,0.02872,0.04900,891967.83076194
2026-02-22T00:00:00Z,JUNOUSD,0.04899,0.04913,0.03501,0.04246,2356943.09858022
2026-02-23T00:00:00Z,JUNOUSD,0.04246,0.04272,0.03444,0.03460,395330.76058768
2026-02-24T00:00:00Z,JUNOUSD,0.03457,0.03517,0.02700,0.02809,428772.86591313
2026-02-25T00:00:00Z,JUNOUSD,0.02825,0.03299,0.02700,0.03119,579241.65555451
2026-02-26T00:00:00Z,JUNOUSD,0.03119,0.03212,0.02737,0.02844,122582.49283181
2026-02-27T00:00:00Z,JUNOUSD,0.02864,0.02990,0.02809,0.02912,43511.05950510
2026-02-28T00:00:00Z,JUNOUSD,0.02891,0.02959,0.02701,0.02747,112631.51500464
2026-03-01T00:00:00Z,JUNOUSD,0.02738,0.02838,0.02703,0.02798,85572.50590226
2026-03-02T00:00:00Z,JUNOUSD,0.02770,0.02995,0.02760,0.02910,54156.57004375
2026-03-03T00:00:00Z,JUNOUSD,0.02899,0.02996,0.02659,0.02853,110498.19069507
2026-03-04T00:00:00Z,JUNOUSD,0.02791,0.02791,0.02601,0.02606,185876.01465970
2026-03-05T00:00:00Z,JUNOUSD,0.02609,0.02700,0.02608,0.02700,102046.60427881
2026-03-06T00:00:00Z,JUNOUSD,0.02658,0.02819,0.02302,0.02450,283524.59344197
2026-03-07T00:00:00Z,JUNOUSD,0.02457,0.02570,0.02372,0.02384,98932.45550239
2026-03-08T00:00:00Z,JUNOUSD,0.02458,0.02520,0.02458,0.02479,63569.63782031
2026-03-09T00:00:00Z,JUNOUSD,0.02514,0.02585,0.02391,0.02585,68594.21914072
2026-03-10T00:00:00Z,JUNOUSD,0.02585,0.02664,0.02404,0.02405,49823.93958154
2026-03-11T00:00:00Z,JUNOUSD,0.02504,0.02679,0.02350,0.02679,77057.84244626
2026-03-12T00:00:00Z,JUNOUSD,0.02629,0.02700,0.02617,0.02700,87833.58668182
2026-03-13T00:00:00Z,JUNOUSD,0.02700,0.02975,0.02630,0.02775,196094.21881005
2026-03-14T00:00:00Z,JUNOUSD,0.02775,0.03086,0.02525,0.02679,112588.62997291
2026-03-15T00:00:00Z,JUNOUSD,0.02674,0.02806,0.02374,0.02806,81296.84047593
2026-03-16T00:00:00Z,JUNOUSD,0.02823,0.02925,0.02629,0.02700,54263.77177588
2026-03-17T00:00:00Z,JUNOUSD,0.02666,0.02755,0.02548,0.02585,45472.42855295
2026-03-18T00:00:00Z,JUNOUSD,0.02548,0.02908,0.02548,0.02746,90226.84654129
2026-03-19T00:00:00Z,JUNOUSD,0.02750,0.02750,0.02443,0.02511,75421.30190502
2026-03-20T00:00:00Z,JUNOUSD,0.02560,0.02590,0.02383,0.02489,55241.31651974
2026-03-21T00:00:00Z,JUNOUSD,0.02498,0.02651,0.02418,0.02650,124285.76426953
2026-03-22T00:00:00Z,JUNOUSD,0.02599,0.02639,0.02308,0.02491,171722.93779150
2026-03-23T00:00:00Z,JUNOUSD,0.02445,0.02733,0.02412,0.02733,56046.76153734
2026-03-24T00:00:00Z,JUNOUSD,0.02659,0.02709,0.02561,0.02561,43137.91299762
2026-03-25T00:00:00Z,JUNOUSD,0.02561,0.02620,0.02316,0.02500,41912.28345353
2026-03-26T00:00:00Z,JUNOUSD,0.02491,0.02638,0.02399,0.02407,164919.76446849
2026-03-27T00:00:00Z,JUNOUSD,0.02489,0.02663,0.02347,0.02355,68124.45446047
2026-03-28T00:00:00Z,JUNOUSD,0.02437,0.02467,0.02300,0.02371,94881.91808198
2026-03-29T00:00:00Z,JUNOUSD,0.02375,0.02580,0.02340,0.02386,70687.46853840
2026-03-30T00:00:00Z,JUNOUSD,0.02427,0.02640,0.02342,0.02342,48340.82053166
2026-03-31T00:00:00Z,JUNOUSD,0.02380,0.02687,0.02374,0.02497,119635.60864682
2026-04-01T00:00:00Z,JUNOUSD,0.02497,0.02497,0.02307,0.02381,106221.68628293
2026-04-02T00:00:00Z,JUNOUSD,0.02379,0.02807,0.02379,0.02521,264875.09934399
2026-04-03T00:00:00Z,JUNOUSD,0.02521,0.02570,0.02513,0.02515,49795.71534460
2026-04-04T00:00:00Z,JUNOUSD,0.02514,0.02580,0.02513,0.02580,52020.61279410
2026-04-05T00:00:00Z,JUNOUSD,0.02580,0.02906,0.02513,0.02514,220499.15571718
2026-04-06T00:00:00Z,JUNOUSD,0.02531,0.02600,0.02351,0.02527,148492.38018411
2026-04-07T00:00:00Z,JUNOUSD,0.02470,0.02698,0.02351,0.02673,116320.13436165
2026-04-08T00:00:00Z,JUNOUSD,0.02542,0.03061,0.02542,0.02738,139954.13362196
2026-04-09T00:00:00Z,JUNOUSD,0.02650,0.04366,0.02650,0.02827,165984.90596977
2026-04-10T00:00:00Z,JUNOUSD,0.02776,0.03995,0.02637,0.03066,497122.10711499
2026-04-11T00:00:00Z,JUNOUSD,0.03062,0.03787,0.02730,0.02900,380846.63077682
2026-04-12T00:00:00Z,JUNOUSD,0.02967,0.03104,0.02783,0.02939,62602.19859682
2026-04-13T00:00:00Z,JUNOUSD,0.02928,0.02960,0.02661,0.02930,28341.22221800
2026-04-14T00:00:00Z,JUNOUSD,0.02861,0.03001,0.02662,0.02820,110866.45660028
2026-04-15T00:00:00Z,JUNOUSD,0.02793,0.03299,0.02678,0.02960,268828.40409055
2026-04-16T00:00:00Z,JUNOUSD,0.02890,0.03225,0.02809,0.02940,77837.98787583
2026-04-17T00:00:00Z,JUNOUSD,0.02938,0.03239,0.02743,0.03118,86341.10733346
2026-04-18T00:00:00Z,JUNOUSD,0.03050,0.03314,0.02842,0.02857,67014.46904403
2026-04-19T00:00:00Z,JUNOUSD,0.02946,0.02970,0.02754,0.02870,60736.44913816
2026-04-20T00:00:00Z,JUNOUSD,0.02938,0.02939,0.02715,0.02879,100815.25645988
2026-04-21T00:00:00Z,JUNOUSD,0.02816,0.02890,0.02525,0.02800,204350.94459348
2026-04-22T00:00:00Z,JUNOUSD,0.02799,0.02850,0.02701,0.02820,88821.12586471
2026-04-23T00:00:00Z,JUNOUSD,0.02757,0.02830,0.02751,0.02762,20571.76203094
2026-04-24T00:00:00Z,JUNOUSD,0.02827,0.03112,0.02770,0.03013,61229.00905515
2026-04-25T00:00:00Z,JUNOUSD,0.03013,0.03112,0.03004,0.03074,19449.41846358
2026-04-26T00:00:00Z,JUNOUSD,0.03112,0.03329,0.03090,0.03091,91729.84606024
2026-04-27T00:00:00Z,JUNOUSD,0.03091,0.03156,0.03004,0.03008,10458.61859663
2026-04-28T00:00:00Z,JUNOUSD,0.03008,0.03009,0.02691,0.02961,60719.45625440
2026-04-29T00:00:00Z,JUNOUSD,0.02970,0.03000,0.02906,0.02983,19641.17541505
2026-04-30T00:00:00Z,JUNOUSD,0.02920,0.02986,0.02856,0.02860,45430.09083111
2026-05-01T00:00:00Z,JUNOUSD,0.02865,0.02904,0.02444,0.02759,136197.77611229
2026-05-02T00:00:00Z,JUNOUSD,0.02759,0.02797,0.02533,0.02637,56475.77506804
2026-05-03T00:00:00Z,JUNOUSD,0.02690,0.02796,0.02634,0.02669,50594.44214923
2026-05-04T00:00:00Z,JUNOUSD,0.02737,0.02866,0.02555,0.02730,64045.84092953
2026-05-05T00:00:00Z,JUNOUSD,0.02695,0.03995,0.02551,0.03247,1392385.41998457
2026-05-06T00:00:00Z,JUNOUSD,0.03313,0.03322,0.02800,0.02959,280060.59625979
2026-05-07T00:00:00Z,JUNOUSD,0.02984,0.03162,0.02857,0.02914,45506.80636238
2026-05-08T00:00:00Z,JUNOUSD,0.03117,0.03127,0.02823,0.03094,34329.87985680
2026-05-09T00:00:00Z,JUNOUSD,0.03073,0.03271,0.02875,0.03150,63001.72635023
2026-05-10T00:00:00Z,JUNOUSD,0.03153,0.03647,0.02816,0.03457,153482.44984222
2026-05-11T00:00:00Z,JUNOUSD,0.03456,0.04960,0.03323,0.04288,1340561.51890422
2026-05-12T00:00:00Z,JUNOUSD,0.04270,0.04828,0.03500,0.03916,243765.80969528
2026-05-13T00:00:00Z,JUNOUSD,0.03800,0.04372,0.03577,0.03892,232674.48932452
2026-05-14T00:00:00Z,JUNOUSD,0.03907,0.04720,0.03363,0.04117,470094.06329682
2026-05-15T00:00:00Z,JUNOUSD,0.04117,0.04197,0.03118,0.03468,478028.81058933
2026-05-16T00:00:00Z,JUNOUSD,0.03434,0.04913,0.03273,0.03901,315689.95807640
2026-05-17T00:00:00Z,JUNOUSD,0.04089,0.04913,0.03694,0.04016,558029.82647385
2026-05-18T00:00:00Z,JUNOUSD,0.03945,0.04165,0.03530,0.03881,128316.64178612
2026-05-19T00:00:00Z,JUNOUSD,0.03756,0.04016,0.03543,0.03724,133535.25636798
2026-05-20T00:00:00Z,JUNOUSD,0.03868,0.03928,0.03497,0.03700,78145.71099758
2026-05-21T00:00:00Z,JUNOUSD,0.03666,0.03975,0.03364,0.03824,131029.08685865
2026-05-22T00:00:00Z,JUNOUSD,0.03899,0.04159,0.03676,0.03894,81653.08469350
2026-05-23T00:00:00Z,JUNOUSD,0.03824,0.03926,0.03551,0.03598,54257.78310155
2026-05-24T00:00:00Z,JUNOUSD,0.03666,0.03782,0.03520,0.03550,34391.76992452
2026-05-25T00:00:00Z,JUNOUSD,0.03582,0.04099,0.03496,0.03684,52758.61156223
2026-05-26T00:00:00Z,JUNOUSD,0.03647,0.04185,0.03511,0.03916,63309.19406696
2026-05-27T00:00:00Z,JUNOUSD,0.03943,0.04164,0.03610,0.03640,74841.42386991
2026-05-28T00:00:00Z,JUNOUSD,0.03769,0.04408,0.03484,0.03571,227712.82075792
2026-05-29T00:00:00Z,JUNOUSD,0.03699,0.03735,0.03626,0.03638,46030.14081092
2026-05-30T00:00:00Z,JUNOUSD,0.03694,0.03755,0.03626,0.03678,14152.69915866
2026-05-31T00:00:00Z,JUNOUSD,0.03626,0.04141,0.03490,0.03702,88443.35974175
2026-06-01T00:00:00Z,JUNOUSD,0.03687,0.03687,0.03370,0.03488,50937.74836482
2026-06-02T00:00:00Z,JUNOUSD,0.03528,0.04913,0.03340,0.03392,118222.60622257
2026-06-03T00:00:00Z,JUNOUSD,0.03340,0.03717,0.03173,0.03372,60757.95305957
2026-06-04T00:00:00Z,JUNOUSD,0.03374,0.03570,0.02970,0.03087,207810.47483099
2026-06-05T00:00:00Z,JUNOUSD,0.03081,0.03315,0.02859,0.02892,145898.14966325
2026-06-06T00:00:00Z,JUNOUSD,0.02892,0.03033,0.02743,0.02796,46170.22103338
2026-06-07T00:00:00Z,JUNOUSD,0.02938,0.03256,0.02898,0.03256,48285.31147748
2026-06-08T00:00:00Z,JUNOUSD,0.03121,0.03310,0.03029,0.03029,43342.42746454
2026-06-09T00:00:00Z,JUNOUSD,0.03083,0.03275,0.03039,0.03048,29676.91904534
2026-06-10T00:00:00Z,JUNOUSD,0.02975,0.03288,0.02939,0.02998,52186.78911507
2026-06-11T00:00:00Z,JUNOUSD,0.03086,0.03304,0.02994,0.03059,70682.18719268
2026-06-12T00:00:00Z,JUNOUSD,0.03184,0.03235,0.03003,0.03148,13861.50574077
2026-06-13T00:00:00Z,JUNOUSD,0.03133,0.03369,0.03050,0.03228,27834.93879691
2026-06-14T00:00:00Z,JUNOUSD,0.03307,0.03307,0.03200,0.03201,40982.06409012
2026-06-15T00:00:00Z,JUNOUSD,0.03276,0.03328,0.02924,0.03098,94840.62877439
2026-06-16T00:00:00Z,JUNOUSD,0.03098,0.03099,0.02932,0.03097,50620.88828462
2026-06-17T00:00:00Z,JUNOUSD,0.03094,0.03099,0.02885,0.03099,59538.05509505
2026-06-18T00:00:00Z,JUNOUSD,0.03001,0.03099,0.02895,0.02994,80296.77389241
2026-06-19T00:00:00Z,JUNOUSD,0.02973,0.03099,0.02913,0.02913,67053.81958212
2026-06-20T00:00:00Z,JUNOUSD,0.02902,0.03100,0.02900,0.02902,40459.90686051
2026-06-21T00:00:00Z,JUNOUSD,0.03018,0.03100,0.02843,0.02845,73055.92998371
2026-06-22T00:00:00Z,JUNOUSD,0.02909,0.02928,0.02834,0.02836,15716.45633246
2026-06-23T00:00:00Z,JUNOUSD,0.02862,0.02922,0.02722,0.02777,19744.83076260
2026-06-24T00:00:00Z,JUNOUSD,0.02922,0.02922,0.02518,0.02762,39624.71537224
2026-06-25T00:00:00Z,JUNOUSD,0.02672,0.02771,0.02482,0.02508,26749.32006140
2026-06-26T00:00:00Z,JUNOUSD,0.02679,0.02799,0.02334,0.02467,128479.27974439
2026-06-27T00:00:00Z,JUNOUSD,0.02494,0.02696,0.02300,0.02564,35878.93497576
2026-06-28T00:00:00Z,JUNOUSD,0.02398,0.02721,0.02344,0.02495,43944.11617933
2026-06-29T00:00:00Z,JUNOUSD,0.02410,0.02676,0.02366,0.02652,134302.98043554
2026-06-30T00:00:00Z,JUNOUSD,0.02542,0.02600,0.02353,0.02519,69947.26743979
2026-07-01T00:00:00Z,JUNOUSD,0.02519,0.02673,0.02322,0.02517,54075.38993592
2026-07-02T00:00:00Z,JUNOUSD,0.02517,0.02774,0.02461,0.02490,94055.42941241
2026-07-03T00:00:00Z,JUNOUSD,0.02490,0.02508,0.02451,0.02507,78662.03228961
2026-07-04T00:00:00Z,JUNOUSD,0.02473,0.02508,0.02446,0.02507,25625.29029908
2026-07-05T00:00:00Z,JUNOUSD,0.02464,0.02508,0.02213,0.02508,80865.10719828
2026-07-06T00:00:00Z,JUNOUSD,0.02508,0.02508,0.01553,0.02008,2392304.78660595
2026-07-07T00:00:00Z,JUNOUSD,0.02007,0.02084,0.01924,0.02013,303773.96430472
2026-07-08T00:00:00Z,JUNOUSD,0.02042,0.02063,0.01845,0.01850,85744.72366921
2026-07-09T00:00:00Z,JUNOUSD,0.01937,0.02508,0.01861,0.02165,470762.04561272
2026-07-10T00:00:00Z,JUNOUSD,0.02150,0.02366,0.01960,0.02154,231765.34239429
2026-07-11T00:00:00Z,JUNOUSD,0.02064,0.02302,0.01968,0.02095,75070.59299291
2026-07-12T00:00:00Z,JUNOUSD,0.02135,0.02201,0.01954,0.02136,53730.04581559
2026-07-13T00:00:00Z,JUNOUSD,0.02119,0.02288,0.02000,0.02249,146113.33966972
2026-07-14T00:00:00Z,JUNOUSD,0.02180,0.02256,0.02036,0.02150,67204.17573634
2026-07-15T00:00:00Z,JUNOUSD,0.02106,0.02282,0.02061,0.02152,51917.60682819
2026-07-16T00:00:00Z,JUNOUSD,0.02134,0.02331,0.01999,0.02082,53798.66940237
2026-07-17T00:00:00Z,JUNOUSD,0.02064,0.02251,0.01916,0.02148,123469.39076064
2026-07-18T00:00:00Z,JUNOUSD,0.02209,0.02313,0.02076,0.02216,80627.46011216
2026-07-19T00:00:00Z,JUNOUSD,0.02200,0.02320,0.02005,0.02066,14527.69454023
2026-07-20T00:00:00Z,JUNOUSD,0.02083,0.02249,0.02003,0.02177,15435.84358874
2026-07-21T00:00:00Z,JUNOUSD,0.02219,0.02404,0.02055,0.02343,92685.03176352
2026-07-22T00:00:00Z,JUNOUSD,0.02195,0.02452,0.02076,0.02384,116173.13119148
2026-07-23T00:00:00Z,JUNOUSD,0.02416,0.02452,0.02147,0.02217,118917.70922908
2026-07-24T00:00:00Z,JUNOUSD,0.02227,0.02312,0.02089,0.02171,57147.81916286
2026-07-25T00:00:00Z,JUNOUSD,0.02209,0.02369,0.02160,0.02282,74713.72760244
2026-07-26T00:00:00Z,JUNOUSD,0.02285,0.02414,0.01961,0.02349,146891.39804708
2026-07-27T00:00:00Z,JUNOUSD,0.02187,0.02400,0.02154,0.02155,120655.35787409
2026-07-28T00:00:00Z,JUNOUSD,0.02154,0.02154,0.01918,0.02119,85669.75596087
2026-07-29T00:00:00Z,JUNOUSD,0.01986,0.02140,0.01893,0.02095,71386.64690282
2026-07-30T00:00:00Z,JUNOUSD,0.02166,0.02277,0.02032,0.02117,88732.38690615
2026-07-31T00:00:00Z,JUNOUSD,0.02129,0.02157,0.01943,0.02082,121745.13436573
2026-08-01T00:00:00Z,JUNOUSD,0.02037,0.02195,0.02037,0.02076,47566.56961843
2026-08-02T00:00:00Z,JUNOUSD,0.02066,0.02089,0.02000,0.02089,28387.40436096
2026-08-03T00:00:00Z,JUNOUSD,0.02089,0.02252,0.02017,0.02137,36511.98219626
2026-08-04T00:00:00Z,JUNOUSD,0.02138,0.02242,0.02106,0.02107,27374.88938558
2026-08-05T00:00:00Z,JUNOUSD,0.02190,0.02245,0.02022,0.02160,49518.71428654
2026-08-06T00:00:00Z,JUNOUSD,0.02160,0.02256,0.02117,0.02126,35580.24989551
2026-08-07T00:00:00Z,JUNOUSD,0.02260,0.02260,0.02021,0.02075,51534.24580857
2026-08-08T00:00:00Z,JUNOUSD,0.02157,0.02239,0.02095,0.02095,33747.55123247
2026-08-09T00:00:00Z,JUNOUSD,0.02085,0.02161,0.02055,0.02104,28865.18534889
2026-08-10T00:00:00Z,JUNOUSD,0.02167,0.02167,0.02021,0.02022,35026.81819401
2026-08-11T00:00:00Z,JUNOUSD,0.02022,0.02081,0.01940,0.02028,25786.60994812
2026-08-12T00:00:00Z,JUNOUSD,0.02005,0.02059,0.01961,0.01975,24598.68533485
2026-08-13T00:00:00Z,JUNOUSD,0.01958,0.02115,0.01952,0.02082,31230.75681385
2026-08-14T00:00:00Z,JUNOUSD,0.02095,0.02164,0.01945,0.02041,63361.63496897
2026-08-15T00:00:00Z,JUNOUSD,0.02068,0.02164,0.02026,0.02089,51535.85454525
2026-08-16T00:00:00Z,JUNOUSD,0.02074,0.02121,0.01893,0.02048,105424.08290487
2026-08-17T00:00:00Z,JUNOUSD,0.02029,0.02113,0.01979,0.01979,33773.98392414
2026-08-18T00:00:00Z,JUNOUSD,0.01978,0.02164,0.01972,0.02099,94914.30697900
2026-08-19T00:00:00Z,JUNOUSD,0.02162,0.02164,0.02029,0.02099,60074.09984191
2026-08-20T00:00:00Z,JUNOUSD,0.02096,0.02688,0.02094,0.02365,167521.56224095
2026-08-21T00:00:00Z,JUNOUSD,0.02579,0.02743,0.02344,0.02459,195090.84168166
2026-08-22T00:00:00Z,JUNOUSD,0.02459,0.02730,0.02270,0.02397,141247.82206094
2026-08-23T00:00:00Z,JUNOUSD,0.02362,0.02418,0.02126,0.02311,123219.21985602
2026-08-24T00:00:00Z,JUNOUSD,0.02276,0.02698,0.02194,0.02571,464110.69321701
2026-08-25T00:00:00Z,JUNOUSD,0.02575,0.02638,0.02391,0.02520,229637.29392639
2026-08-26T00:00:00Z,JUNOUSD,0.02519,0.02520,0.02193,0.02370,243251.86776295
2026-08-27T00:00:00Z,JUNOUSD,0.02286,0.02384,0.01700,0.01800,1341126.72224717
2026-08-28T00:00:00Z,JUNOUSD,0.01853,0.01992,0.01754,0.01865,646311.28840610
2026-08-29T00:00:00Z,JUNOUSD,0.01865,0.01888,0.01695,0.01718,330498.34617131
2026-08-30T00:00:00Z,JUNOUSD,0.01789,0.01889,0.01690,0.01790,157861.07937093
2026-08-31T00:00:00Z,JUNOUSD,0.01741,0.01825,0.01284,0.01494,979177.49422037
2026-09-01T00:00:00Z,JUNOUSD,0.01587,0.01587,0.00984,0.01180,2791767.83916960
2026-09-02T00:00:00Z,JUNOUSD,0.01159,0.01230,0.01107,0.01224,203669.24196028
2026-09-03T00:00:00Z,JUNOUSD,0.01199,0.01347,0.01110,0.01237,565649.27138308
2026-09-04T00:00:00Z,JUNOUSD,0.01238,0.01250,0.01193,0.01208,123948.30980966
2026-09-05T00:00:00Z,JUNOUSD,0.01251,0.01270,0.01210,0.01211,112049.70189262
2026-09-06T00:00:00Z,JUNOUSD,0.01211,0.01277,0.01007,0.01178,455840.88398737
2026-09-07T00:00:00Z,JUNOUSD,0.01096,0.01170,0.00950,0.01134,50298.04542400
2026-09-08T00:00:00Z,JUNOUSD,0.01005,0.01999,0.00873,0.01999,156389.80260158
2026-09-09T00:00:00Z,JUNOUSD,0.01700,0.01701,0.00936,0.00973,316614.70140558
2026-09-10T00:00:00Z,JUNOUSD,0.00967,0.01400,0.00706,0.01170,525079.32633669
2026-09-11T00:00:00Z,JUNOUSD,0.01099,0.01399,0.00849,0.01164,110616.77808720
2026-09-12T00:00:00Z,JUNOUSD,0.01164,0.01164,0.01164,0.01164,0.00000000
2026-09-13T00:00:00Z,JUNOUSD,0.01164,0.01164,0.01164,0.01164,0.00000000
2026-09-14T00:00:00Z,JUNOUSD,0.01164,0.01164,0.01164,0.01164,0.00000000
2026-09-15T00:00:00Z,JUNOUSD,0.01164,0.01164,0.01164,0.01164,0.00000000
2026-09-16T00:00:00Z,JUNOUSD,0.01164,0.01164,0.01164,0.01164,0.00000000
2026-09-17T00:00:00Z,JUNOUSD,0.01164,0.01164,0.01164,0.01164,0.00000000
2026-09-18T00:00:00Z,JUNOUSD,0.01164,0.01164,0.01164,0.01164,0.00000000
2026-09-19T00:00:00Z,JUNOUSD,0.01164,0.01164,0.01164,0.01164,0.00000000
2026-09-20T00:00:00Z,JUNOUSD,0.01164,0.01164,0.01164,0.01164,0.00000000
2026-09-21T00:00:00Z,JUNOUSD,0.01164,0.01164,0.01164,0.01164,0.00000000
2026-09-22T00:00:00Z,JUNOUSD,0.01164,0.01164,0.01164,0.01164,0.00000000
