timestamp,symbol,open,high,low,close,volume
2020-07-15T00:00:00Z,KNCUSD,2.2,2.2,1.5803,1.5943,48167.29851117001
2020-07-16T00:00:00Z,KNCUSD,1.5801,1.9898,1.5001,1.565,90257.12232022
2020-07-17T00:00:00Z,KNCUSD,1.565,1.6798,1.555,1.6167,59342.79415324002
2020-07-18T00:00:00Z,KNCUSD,1.656,2.0199,1.656,1.8311,137786.9929604299
2020-07-19T00:00:00Z,KNCUSD,1.825,1.8397,1.62,1.6985,127161.85335254992
2020-07-20T00:00:00Z,KNCUSD,1.6894,1.785,1.61,1.6358,117499.11008873
2020-07-21T00:00:00Z,KNCUSD,1.6358,1.7613,1.6027,1.6949,107982.92009374997
2020-07-22T00:00:00Z,KNCUSD,1.669,1.695,1.6207,1.6533,72155.52857869999
2020-07-23T00:00:00Z,KNCUSD,1.6586,1.6713,1.5969,1.6045,152145.98111065998
2020-07-24T00:00:00Z,KNCUSD,1.6151,1.6271,1.5439,1.573,132710.4829898599
2020-07-25T00:00:00Z,KNCUSD,1.577,1.6497,1.5457,1.5457,46160.01760136999
2020-07-26T00:00:00Z,KNCUSD,1.5523,1.59,1.36,1.52,182808.62836121983
2020-07-27T00:00:00Z,KNCUSD,1.5333,1.5333,1.2616,1.37,247171.92014083007
2020-07-28T00:00:00Z,KNCUSD,1.37,1.569,1.37,1.463,90039.56677195008
2020-07-29T00:00:00Z,KNCUSD,1.4708,1.5,1.389,1.4208,38810.07205259
2020-07-30T00:00:00Z,KNCUSD,1.4113,1.5034,1.4113,1.4476,65584.82491887998
2020-07-31T00:00:00Z,KNCUSD,1.4634,1.5,1.4321,1.49,44423.63222714999
2020-08-01T00:00:00Z,KNCUSD,1.46,1.5341,1.4569,1.4941,112147.65481880997
2020-08-02T00:00:00Z,KNCUSD,1.48,1.5019,1.2725,1.4054,108952.76052846992
2020-08-03T00:00:00Z,KNCUSD,1.4132,1.4416,1.38,1.38,51135.499642639974
2020-08-04T00:00:00Z,KNCUSD,1.3891,1.5028,1.384,1.4795,66452.13013445998
2020-08-05T00:00:00Z,KNCUSD,1.495,1.617,1.4858,1.54,210428.04430592008
2020-08-06T00:00:00Z,KNCUSD,1.5321,1.6512,1.5075,1.6,70161.17710369003
2020-08-07T00:00:00Z,KNCUSD,1.615,1.6381,1.4595,1.53,74509.86600849006
2020-08-08T00:00:00Z,KNCUSD,1.5319,1.727,1.514,1.6943,95345.33684311
2020-08-09T00:00:00Z,KNCUSD,1.66,1.824,1.6282,1.7879,122181.50567364995
2020-08-10T00:00:00Z,KNCUSD,1.7842,1.8118,1.6084,1.7233,214728.82579216006
2020-08-11T00:00:00Z,KNCUSD,1.7204,1.7599,1.5095,1.5954,113243.06864683998
2020-08-12T00:00:00Z,KNCUSD,1.6,1.744,1.55,1.6925,91087.20708433991
2020-08-13T00:00:00Z,KNCUSD,1.6846,1.9889,1.62,1.7528,307489.6170117204
2020-08-14T00:00:00Z,KNCUSD,1.7519,2.05,1.7185,1.87,308617.8460854704
2020-08-15T00:00:00Z,KNCUSD,1.8962,1.9998,1.7999,1.8417,179008.27512922007
2020-08-16T00:00:00Z,KNCUSD,1.8414,1.934,1.7991,1.8774,136851.40254663004
2020-08-17T00:00:00Z,KNCUSD,1.868,1.9405,1.755,1.7819,143274.17849913993
2020-08-18T00:00:00Z,KNCUSD,1.7792,1.8044,1.6165,1.6772,81727.92222812
2020-08-19T00:00:00Z,KNCUSD,1.6759,1.7002,1.4945,1.6126,134738.83043278992
2020-08-20T00:00:00Z,KNCUSD,1.6176,1.8049,1.56,1.7286,270918.18459138006
2020-08-21T00:00:00Z,KNCUSD,1.7059,1.9719,1.6402,1.6503,304025.1734394594
2020-08-22T00:00:00Z,KNCUSD,1.6407,1.74,1.5472,1.724,107901.04011873997
2020-08-23T00:00:00Z,KNCUSD,1.7288,1.7615,1.6472,1.7133,31106.413011589993
2020-08-24T00:00:00Z,KNCUSD,1.71,1.7957,1.6647,1.6865,80704.03291146996
2020-08-25T00:00:00Z,KNCUSD,1.6799,1.6873,1.5327,1.599,95542.63793060988
2020-08-26T00:00:00Z,KNCUSD,1.5916,1.6464,1.5672,1.6258,141071.78161146998
2020-08-27T00:00:00Z,KNCUSD,1.6229,1.6238,1.4918,1.5361,116686.08860337996
2020-08-28T00:00:00Z,KNCUSD,1.5464,1.6272,1.5464,1.5732,59058.66844717001
2020-08-29T00:00:00Z,KNCUSD,1.5854,1.706,1.5854,1.6759,62734.965998759966
2020-08-30T00:00:00Z,KNCUSD,1.6583,1.969,1.6553,1.699,98498.40833531003
2020-08-31T00:00:00Z,KNCUSD,1.7109,1.8627,1.6929,1.8034,97949.01264034996
2020-09-01T00:00:00Z,KNCUSD,1.8109,1.8536,1.7344,1.7387,99851.54403653997
2020-09-02T00:00:00Z,KNCUSD,1.7459,1.75,1.569,1.6735,135557.59438358
2020-09-03T00:00:00Z,KNCUSD,1.658,1.6595,1.0,1.2471,443389.9027857397
2020-09-04T00:00:00Z,KNCUSD,1.2502,1.4031,1.2469,1.3395,117431.07218948998
2020-09-05T00:00:00Z,KNCUSD,1.3415,1.3903,1.0366,1.18,209974.35670369997
2020-09-06T00:00:00Z,KNCUSD,1.17,1.3186,1.1055,1.3007,107779.23913631996
2020-09-07T00:00:00Z,KNCUSD,1.2944,1.3321,1.1268,1.2478,110497.3565870099
2020-09-08T00:00:00Z,KNCUSD,1.2422,1.252,1.137,1.1866,157122.76617987992
2020-09-09T00:00:00Z,KNCUSD,1.1737,1.2443,1.1522,1.2169,132094.08941414003
2020-09-10T00:00:00Z,KNCUSD,1.222,1.2721,1.2069,1.2304,131961.13337521008
2020-09-11T00:00:00Z,KNCUSD,1.2448,1.2448,1.18,1.224,126932.45045944994
2020-09-12T00:00:00Z,KNCUSD,1.2302,1.325,1.2175,1.3143,66048.7729106
2020-09-13T00:00:00Z,KNCUSD,1.3271,1.3338,1.1821,1.222,81347.00631552005
2020-09-14T00:00:00Z,KNCUSD,1.2069,1.2448,1.1847,1.2187,89749.09324910001
2020-09-15T00:00:00Z,KNCUSD,1.2262,1.238,1.1565,1.1732,105055.09982973
2020-09-16T00:00:00Z,KNCUSD,1.1519,1.1888,1.1176,1.1593,95384.29715753994
2020-09-17T00:00:00Z,KNCUSD,1.18,1.2028,1.1064,1.1128,53051.56773828001
2020-09-18T00:00:00Z,KNCUSD,1.1181,1.1437,1.0349,1.0598,101336.12342768001
2020-09-19T00:00:00Z,KNCUSD,1.0598,1.0704,1.0,1.0566,63459.96646659998
2020-09-20T00:00:00Z,KNCUSD,1.0592,1.0971,0.98,1.0078,115834.15375957008
2020-09-21T00:00:00Z,KNCUSD,1.0116,1.0262,0.8453,0.9188,153769.86096653002
2020-09-22T00:00:00Z,KNCUSD,0.904,0.9702,0.8748,0.9415,146631.43585446014
2020-09-23T00:00:00Z,KNCUSD,0.9423,0.9474,0.8576,0.8587,58319.53455991002
2020-09-24T00:00:00Z,KNCUSD,0.857,0.9498,0.8533,0.9392,146990.23228371007
2020-09-25T00:00:00Z,KNCUSD,0.9397,1.0224,0.9033,0.9814,147689.35731452995
2020-09-26T00:00:00Z,KNCUSD,0.9803,1.0648,0.9753,1.0234,57188.93458725
2020-09-27T00:00:00Z,KNCUSD,1.0255,1.0413,0.9591,1.0067,112264.4373992799
2020-09-28T00:00:00Z,KNCUSD,1.0069,1.0588,0.9796,0.9903,78348.88404197006
2020-09-29T00:00:00Z,KNCUSD,0.9883,1.0224,0.9528,0.9905,69279.85608405004
2020-09-30T00:00:00Z,KNCUSD,0.9837,0.9891,0.9551,0.9815,22395.12669264
2020-10-01T00:00:00Z,KNCUSD,0.9784,1.043,0.938,0.9502,87525.93128015005
2020-10-02T00:00:00Z,KNCUSD,0.9474,0.995,0.8629,0.9219,223728.5088370397
2020-10-03T00:00:00Z,KNCUSD,0.9253,0.9563,0.911,0.9113,53317.30390591002
2020-10-04T00:00:00Z,KNCUSD,0.91,0.9489,0.9023,0.9242,68297.61890247001
2020-10-05T00:00:00Z,KNCUSD,0.9273,0.9427,0.9145,0.9227,55337.810385430006
2020-10-06T00:00:00Z,KNCUSD,0.926,0.9275,0.8523,0.8552,145448.40581000998
2020-10-07T00:00:00Z,KNCUSD,0.8564,0.9161,0.828,0.9161,156029.31529267
2020-10-08T00:00:00Z,KNCUSD,0.9144,0.9482,0.8788,0.9266,57456.073935069995
2020-10-09T00:00:00Z,KNCUSD,0.9159,0.9917,0.9143,0.9618,98135.43995277006
2020-10-10T00:00:00Z,KNCUSD,0.9635,0.994,0.9537,0.9736,39206.146954820004
2020-10-11T00:00:00Z,KNCUSD,0.9598,0.9748,0.9277,0.959,38404.05028256001
2020-10-12T00:00:00Z,KNCUSD,0.9556,1.056,0.9503,1.0046,121885.29504747003
2020-10-13T00:00:00Z,KNCUSD,1.0114,1.04,0.9712,0.9898,152367.34723113006
2020-10-14T00:00:00Z,KNCUSD,0.9919,0.9924,0.9286,0.9443,50006.708290599985
2020-10-15T00:00:00Z,KNCUSD,0.94,0.9443,0.9086,0.9306,98979.06536934999
2020-10-16T00:00:00Z,KNCUSD,0.9288,0.934,0.894,0.894,50972.37403419
2020-10-17T00:00:00Z,KNCUSD,0.8975,0.9261,0.8975,0.9162,13750.691054380002
2020-10-18T00:00:00Z,KNCUSD,0.925,0.9327,0.9123,0.9327,8317.2968153
2020-10-19T00:00:00Z,KNCUSD,0.9285,0.932,0.9081,0.91,21036.88557384
2020-10-20T00:00:00Z,KNCUSD,0.9077,0.9077,0.8574,0.8622,80226.36448566998
2020-10-21T00:00:00Z,KNCUSD,0.8664,0.937,0.8664,0.9247,38178.11828703999
2020-10-22T00:00:00Z,KNCUSD,0.9366,0.98,0.9146,0.9387,91591.09476547003
2020-10-23T00:00:00Z,KNCUSD,0.9397,0.95,0.9165,0.9294,30227.861845220003
2020-10-24T00:00:00Z,KNCUSD,0.933,0.9441,0.9157,0.9315,12903.743654740003
2020-10-25T00:00:00Z,KNCUSD,0.9282,0.9415,0.9025,0.9081,15199.149341789996
2020-10-26T00:00:00Z,KNCUSD,0.9022,0.9331,0.867,0.8951,191049.11800535003
2020-10-27T00:00:00Z,KNCUSD,0.8967,0.9121,0.8854,0.9043,31415.55645159
2020-10-28T00:00:00Z,KNCUSD,0.9064,0.9069,0.8427,0.8573,35203.58021228997
2020-10-29T00:00:00Z,KNCUSD,0.8589,0.8691,0.8098,0.8175,34377.615144690026
2020-10-30T00:00:00Z,KNCUSD,0.8143,0.8256,0.7707,0.8013,48032.237336850005
2020-10-31T00:00:00Z,KNCUSD,0.7976,0.8137,0.7918,0.7918,21420.732194019998
2020-11-01T00:00:00Z,KNCUSD,0.7868,0.8019,0.7778,0.7922,18624.441386659997
2020-11-02T00:00:00Z,KNCUSD,0.7943,0.8092,0.7648,0.7751,27581.696803510007
2020-11-03T00:00:00Z,KNCUSD,0.7734,0.7734,0.7282,0.7421,45232.998339210004
2020-11-04T00:00:00Z,KNCUSD,0.7423,0.7437,0.6965,0.7065,34941.02201971999
2020-11-05T00:00:00Z,KNCUSD,0.7083,0.7592,0.6859,0.7592,46701.380318380005
2020-11-06T00:00:00Z,KNCUSD,0.7597,0.8227,0.7597,0.812,68090.54301529004
2020-11-07T00:00:00Z,KNCUSD,0.8153,0.8909,0.7617,0.7797,112799.41739917001
2020-11-08T00:00:00Z,KNCUSD,0.7749,0.8401,0.7736,0.8208,25815.324017910007
2020-11-09T00:00:00Z,KNCUSD,0.8201,0.8462,0.7926,0.814,34935.52756109002
2020-11-10T00:00:00Z,KNCUSD,0.8102,0.8867,0.8102,0.8778,57665.51134487997
2020-11-11T00:00:00Z,KNCUSD,0.8808,0.977,0.8808,0.8999,154667.48941447996
2020-11-12T00:00:00Z,KNCUSD,0.8904,0.9202,0.8496,0.8596,53194.73386603001
2020-11-13T00:00:00Z,KNCUSD,0.8648,0.9375,0.862,0.9314,89062.32443130009
2020-11-14T00:00:00Z,KNCUSD,0.9227,0.9247,0.8581,0.8953,110572.21898079992
2020-11-15T00:00:00Z,KNCUSD,0.8964,0.9488,0.8701,0.8915,73369.12697763994
2020-11-16T00:00:00Z,KNCUSD,0.8883,0.9571,0.8883,0.9481,159505.81573432987
2020-11-17T00:00:00Z,KNCUSD,0.9509,0.9996,0.9333,0.9996,87680.43185959
2020-11-18T00:00:00Z,KNCUSD,0.9888,0.9957,0.8742,0.9298,200358.59566742
2020-11-19T00:00:00Z,KNCUSD,0.93,0.9547,0.9004,0.91,206305.01330047986
2020-11-20T00:00:00Z,KNCUSD,0.9096,0.9604,0.9072,0.9399,84803.52011094002
2020-11-21T00:00:00Z,KNCUSD,0.9408,1.0537,0.9396,1.0534,155582.99527061003
2020-11-22T00:00:00Z,KNCUSD,1.0551,1.0757,0.9514,1.0203,192526.8649069902
2020-11-23T00:00:00Z,KNCUSD,1.0165,1.1297,0.991,1.1049,214392.3681890098
2020-11-24T00:00:00Z,KNCUSD,1.1049,1.1938,1.0549,1.1145,204694.7249552101
2020-11-25T00:00:00Z,KNCUSD,1.1369,1.35,1.1002,1.1678,342877.87150328973
2020-11-26T00:00:00Z,KNCUSD,1.1523,1.1959,0.8921,0.9812,482120.7043517495
2020-11-27T00:00:00Z,KNCUSD,0.9768,1.0125,0.9256,0.9593,54386.56619696
2020-11-28T00:00:00Z,KNCUSD,0.9537,1.0434,0.9376,1.0263,88120.29470038
2020-11-29T00:00:00Z,KNCUSD,1.0172,1.043,0.9911,1.0176,87872.86174381999
2020-11-30T00:00:00Z,KNCUSD,1.033,1.09,1.0099,1.0661,88036.89145838004
2020-12-01T00:00:00Z,KNCUSD,1.0477,1.0988,0.96,0.9906,133094.87772182992
2020-12-02T00:00:00Z,KNCUSD,0.986,1.03,0.9792,1.03,41301.010334969986
2020-12-03T00:00:00Z,KNCUSD,1.03,1.0654,1.0091,1.0135,50122.76681092001
2020-12-04T00:00:00Z,KNCUSD,1.013,1.0426,0.9288,0.9292,82322.10779631004
2020-12-05T00:00:00Z,KNCUSD,0.9294,0.9777,0.9231,0.9648,29077.11187744
2020-12-06T00:00:00Z,KNCUSD,0.9718,0.9871,0.954,0.9729,18733.357536360003
2020-12-07T00:00:00Z,KNCUSD,0.9606,0.9673,0.9404,0.95,50184.25435371002
2020-12-08T00:00:00Z,KNCUSD,0.9532,0.9532,0.8741,0.8911,73510.87191031995
2020-12-09T00:00:00Z,KNCUSD,0.888,0.9028,0.84,0.8922,48129.03174756999
2020-12-10T00:00:00Z,KNCUSD,0.8967,0.915,0.8553,0.8658,29604.087413329995
2020-12-11T00:00:00Z,KNCUSD,0.857,0.8869,0.8371,0.8702,58448.97186628998
2020-12-12T00:00:00Z,KNCUSD,0.868,0.9122,0.868,0.8993,32867.845694510004
2020-12-13T00:00:00Z,KNCUSD,0.8951,0.9393,0.8903,0.9185,25288.74815776001
2020-12-14T00:00:00Z,KNCUSD,0.9212,0.926,0.9038,0.9106,31049.592200989995
2020-12-15T00:00:00Z,KNCUSD,0.9101,0.95,0.9054,0.95,37328.30010645
2020-12-16T00:00:00Z,KNCUSD,0.9502,0.951,0.9046,0.9453,66935.66038088998
2020-12-17T00:00:00Z,KNCUSD,0.9483,0.9839,0.9124,0.9226,106190.8312897
2020-12-18T00:00:00Z,KNCUSD,0.9245,0.9473,0.9125,0.946,35856.198360620045
2020-12-19T00:00:00Z,KNCUSD,0.9367,0.9924,0.9367,0.9474,63401.372614949956
2020-12-20T00:00:00Z,KNCUSD,0.9437,0.9574,0.9068,0.9216,61218.86000375
2020-12-21T00:00:00Z,KNCUSD,0.9219,0.9385,0.85,0.8751,84678.63941578
2020-12-22T00:00:00Z,KNCUSD,0.8748,0.8907,0.8442,0.8903,51616.19778241999
2020-12-23T00:00:00Z,KNCUSD,0.8917,0.9004,0.7013,0.7572,150670.69671123987
2020-12-24T00:00:00Z,KNCUSD,0.7496,0.8282,0.7327,0.8229,72087.55271302999
2020-12-25T00:00:00Z,KNCUSD,0.815,0.8569,0.8043,0.8293,26752.29398063
2020-12-26T00:00:00Z,KNCUSD,0.8251,0.8251,0.7868,0.7968,37480.91778971999
2020-12-27T00:00:00Z,KNCUSD,0.8054,0.8702,0.7961,0.8185,92700.83753947
2020-12-28T00:00:00Z,KNCUSD,0.811,0.87,0.811,0.8557,74723.61084026001
2020-12-29T00:00:00Z,KNCUSD,0.8613,0.8758,0.7932,0.8244,73134.18902503003
2020-12-30T00:00:00Z,KNCUSD,0.8278,0.8295,0.7973,0.8058,31644.731080110007
2020-12-31T00:00:00Z,KNCUSD,0.8073,0.8075,0.7823,0.7988,70121.89669916
2021-01-01T00:00:00Z,KNCUSD,0.7986,0.8413,0.7781,0.7998,52643.75742474997
2021-01-02T00:00:00Z,KNCUSD,0.7982,0.8204,0.7818,0.7874,417015.84640235046
2021-01-03T00:00:00Z,KNCUSD,0.783,0.8433,0.7669,0.8292,139195.93213240002
2021-01-04T00:00:00Z,KNCUSD,0.8293,0.9298,0.7701,0.8206,295314.7747734503
2021-01-05T00:00:00Z,KNCUSD,0.8212,0.923,0.7997,0.9141,221495.92880924992
2021-01-06T00:00:00Z,KNCUSD,0.9141,1.26,0.8845,1.1833,709481.6953882392
2021-01-07T00:00:00Z,KNCUSD,1.1851,1.29,1.0044,1.0678,525886.1046593906
2021-01-08T00:00:00Z,KNCUSD,1.0594,1.2322,0.95,1.13,614643.9040528997
2021-01-09T00:00:00Z,KNCUSD,1.13,1.28,1.0875,1.1916,329729.0558016204
2021-01-10T00:00:00Z,KNCUSD,1.1929,1.2999,1.0233,1.1377,307100.69821767043
2021-01-11T00:00:00Z,KNCUSD,1.1343,1.1343,0.8572,0.98,368494.53636768943
2021-01-12T00:00:00Z,KNCUSD,0.98,1.089,0.9627,0.9996,460099.5240379196
2021-01-13T00:00:00Z,KNCUSD,0.9953,1.0993,0.9802,1.0989,103495.99590393007
2021-01-14T00:00:00Z,KNCUSD,1.1,1.1039,1.0391,1.0701,163150.30511727
2021-01-15T00:00:00Z,KNCUSD,1.0701,1.2702,1.0412,1.2385,328793.48252597
2021-01-16T00:00:00Z,KNCUSD,1.2363,1.2875,1.1479,1.2875,345880.7322041803
2021-01-17T00:00:00Z,KNCUSD,1.2574,1.2952,1.1308,1.2275,198592.93119656976
2021-01-18T00:00:00Z,KNCUSD,1.2331,1.3999,1.1784,1.3329,351597.5648519101
2021-01-19T00:00:00Z,KNCUSD,1.3297,1.4329,1.2565,1.267,269334.9335182098
2021-01-20T00:00:00Z,KNCUSD,1.2624,1.3152,1.1559,1.291,290053.02634683985
2021-01-21T00:00:00Z,KNCUSD,1.2983,1.4826,1.1336,1.3748,817897.7308149186
2021-01-22T00:00:00Z,KNCUSD,1.3798,1.4904,1.1842,1.366,548317.6670135808
2021-01-23T00:00:00Z,KNCUSD,1.3641,1.4429,1.3204,1.3535,215222.21738721005
2021-01-24T00:00:00Z,KNCUSD,1.3468,1.4271,1.3271,1.3823,134931.29679562
2021-01-25T00:00:00Z,KNCUSD,1.3875,1.4425,1.3153,1.3219,202968.45413450015
2021-01-26T00:00:00Z,KNCUSD,1.3138,1.351,1.2273,1.3155,102821.93863270996
2021-01-27T00:00:00Z,KNCUSD,1.3191,1.3199,1.1466,1.1846,173252.9142080501
2021-01-28T00:00:00Z,KNCUSD,1.1713,1.3476,1.1632,1.2821,140489.77169326995
2021-01-29T00:00:00Z,KNCUSD,1.2819,1.3119,1.2378,1.2591,97326.21946444997
2021-01-30T00:00:00Z,KNCUSD,1.2567,1.3983,1.2215,1.3761,220574.59089461
2021-01-31T00:00:00Z,KNCUSD,1.3814,1.4482,1.2717,1.2946,189351.21561147005
2021-02-01T00:00:00Z,KNCUSD,1.2863,1.4061,1.2605,1.4061,174237.25544132013
2021-02-02T00:00:00Z,KNCUSD,1.4061,1.5254,1.3693,1.4198,261428.4787151299
2021-02-03T00:00:00Z,KNCUSD,1.4198,1.55,1.3972,1.497,110116.7077338001
2021-02-04T00:00:00Z,KNCUSD,1.4998,1.7014,1.3867,1.5664,546201.2100824205
2021-02-05T00:00:00Z,KNCUSD,1.5622,2.3872,1.5498,2.0067,1208637.5568133309
2021-02-06T00:00:00Z,KNCUSD,1.9958,1.9958,1.6699,1.7754,565334.4748772001
2021-02-07T00:00:00Z,KNCUSD,1.781,1.8223,1.5641,1.7466,360108.1718362697
2021-02-08T00:00:00Z,KNCUSD,1.757,1.9895,1.7,1.84,872995.8484032898
2021-02-09T00:00:00Z,KNCUSD,1.84,2.0609,1.7963,2.0155,537157.54857379
2021-02-10T00:00:00Z,KNCUSD,2.0156,2.4649,1.9111,2.3421,1087373.5141118085
2021-02-11T00:00:00Z,KNCUSD,2.3533,2.499,2.1971,2.3487,836605.5286131203
2021-02-12T00:00:00Z,KNCUSD,2.3581,2.5184,2.2531,2.3953,441736.07777256944
2021-02-13T00:00:00Z,KNCUSD,2.3994,2.529,2.1,2.3428,457428.2651643
2021-02-14T00:00:00Z,KNCUSD,2.3463,2.3743,2.05,2.1312,240637.65417100006
2021-02-15T00:00:00Z,KNCUSD,2.1518,2.2777,1.7102,2.1079,497066.61438989075
2021-02-16T00:00:00Z,KNCUSD,2.1064,2.1691,1.9418,2.0385,370929.5261785396
2021-02-17T00:00:00Z,KNCUSD,2.053,2.1792,1.8984,2.1221,209212.25428729004
2021-02-18T00:00:00Z,KNCUSD,2.1381,2.2823,2.0955,2.2238,218179.05858443023
2021-02-19T00:00:00Z,KNCUSD,2.2315,2.2761,2.1041,2.1859,178463.66152499008
2021-02-20T00:00:00Z,KNCUSD,2.1887,2.3253,1.9549,2.0725,386316.9374155398
2021-02-21T00:00:00Z,KNCUSD,2.0692,2.2279,2.0233,2.1864,167224.80588972996
2021-02-22T00:00:00Z,KNCUSD,2.1929,2.1935,1.6455,1.9713,511641.2641570199
2021-02-23T00:00:00Z,KNCUSD,1.9759,1.9838,1.3876,1.6023,883274.3708279802
2021-02-24T00:00:00Z,KNCUSD,1.5824,1.7484,1.5169,1.6358,342562.46761966
2021-02-25T00:00:00Z,KNCUSD,1.6366,1.9196,1.607,1.6282,356207.56508144987
2021-02-26T00:00:00Z,KNCUSD,1.6299,1.702,1.4726,1.6253,418207.97664067
2021-02-27T00:00:00Z,KNCUSD,1.6267,1.792,1.61,1.6835,187640.64932134014
2021-02-28T00:00:00Z,KNCUSD,1.6808,1.6916,1.4593,1.5697,216912.3377623601
2021-03-01T00:00:00Z,KNCUSD,1.5697,1.6926,1.5665,1.6812,210113.72205047976
2021-03-02T00:00:00Z,KNCUSD,1.6806,1.7549,1.6003,1.6723,172578.5979500099
2021-03-03T00:00:00Z,KNCUSD,1.6608,1.9273,1.6583,1.842,253745.56078710995
2021-03-04T00:00:00Z,KNCUSD,1.8092,2.1226,1.7699,2.0092,450047.0145411103
2021-03-05T00:00:00Z,KNCUSD,2.009,2.3266,1.8718,2.121,740154.2977299007
2021-03-06T00:00:00Z,KNCUSD,2.1251,2.1772,1.96,2.0539,217274.89461895995
2021-03-07T00:00:00Z,KNCUSD,2.0554,2.094,1.9814,2.0727,173737.4106453801
2021-03-08T00:00:00Z,KNCUSD,2.0727,2.1596,1.9925,2.1579,240215.85444376012
2021-03-09T00:00:00Z,KNCUSD,2.1604,2.3391,2.1105,2.1798,327538.72730941995
2021-03-10T00:00:00Z,KNCUSD,2.1792,2.1806,2.0015,2.0516,257596.18426592968
2021-03-11T00:00:00Z,KNCUSD,2.0535,2.3492,1.9746,2.1949,409877.20213583997
2021-03-12T00:00:00Z,KNCUSD,2.2006,2.5356,1.8117,2.2067,678002.8747897691
2021-03-13T00:00:00Z,KNCUSD,2.2129,2.3425,2.0869,2.3161,376683.6246753299
2021-03-14T00:00:00Z,KNCUSD,2.318,2.3197,2.1403,2.1582,235268.0531622799
2021-03-15T00:00:00Z,KNCUSD,2.1575,2.2727,1.9927,2.0526,313991.68222225027
2021-03-16T00:00:00Z,KNCUSD,2.0595,2.2265,1.9409,2.2248,277091.5641623597
2021-03-17T00:00:00Z,KNCUSD,2.225,2.85,2.15,2.7538,1037604.2787972123
2021-03-18T00:00:00Z,KNCUSD,2.7566,3.333,2.7354,2.7874,780417.5623464822
2021-03-19T00:00:00Z,KNCUSD,2.78,2.9858,2.68,2.9111,462662.68799853936
2021-03-20T00:00:00Z,KNCUSD,2.8963,3.147,2.7289,2.7328,290078.11572690954
2021-03-21T00:00:00Z,KNCUSD,2.7214,2.7945,2.5914,2.7395,124759.35661512995
2021-03-22T00:00:00Z,KNCUSD,2.7465,3.0973,2.6362,2.8706,465796.6489237301
2021-03-23T00:00:00Z,KNCUSD,2.8683,2.9849,2.5643,2.6228,314003.9714877702
2021-03-24T00:00:00Z,KNCUSD,2.6,2.8277,2.3009,2.382,249255.68169611006
2021-03-25T00:00:00Z,KNCUSD,2.3673,2.5344,2.1465,2.2854,499312.32755915995
2021-03-26T00:00:00Z,KNCUSD,2.2896,2.5143,2.2896,2.4455,243609.15932716016
2021-03-27T00:00:00Z,KNCUSD,2.4489,2.6351,2.4311,2.4699,155971.97126299996
2021-03-28T00:00:00Z,KNCUSD,2.4776,2.6533,2.4411,2.6533,127589.43596520004
2021-03-29T00:00:00Z,KNCUSD,2.6548,2.7869,2.5958,2.7544,167948.34075647002
2021-03-30T00:00:00Z,KNCUSD,2.7624,2.87,2.6755,2.7998,163311.85512225976
2021-03-31T00:00:00Z,KNCUSD,2.8,2.8817,2.5792,2.7209,146809.87123424013
2021-04-01T00:00:00Z,KNCUSD,2.7229,2.9508,2.66,2.9164,221814.46611723
2021-04-02T00:00:00Z,KNCUSD,2.9239,3.0982,2.7802,3.0496,163200.61606802014
2021-04-03T00:00:00Z,KNCUSD,3.0427,3.7718,3.0304,3.2577,693686.6162720487
2021-04-04T00:00:00Z,KNCUSD,3.2555,3.502,3.2258,3.3747,104639.11349592007
2021-04-05T00:00:00Z,KNCUSD,3.3916,3.5693,3.1436,3.272,195305.85778957003
2021-04-06T00:00:00Z,KNCUSD,3.2902,3.6028,3.2567,3.4503,222750.8273421999
2021-04-07T00:00:00Z,KNCUSD,3.4516,3.486,2.8743,3.0702,294149.05708794994
2021-04-08T00:00:00Z,KNCUSD,3.0787,3.3807,3.0654,3.3101,120983.41490778005
2021-04-09T00:00:00Z,KNCUSD,3.3257,3.5,3.2213,3.4127,115330.7216357501
2021-04-10T00:00:00Z,KNCUSD,3.4033,4.3219,3.314,3.7615,619117.3333349809
2021-04-11T00:00:00Z,KNCUSD,3.798,3.7981,3.5093,3.6644,232117.5281130801
2021-04-12T00:00:00Z,KNCUSD,3.6576,3.9387,3.4391,3.5375,251869.92497268
2021-04-13T00:00:00Z,KNCUSD,3.5324,3.6332,3.384,3.5738,201311.92789006018
2021-04-14T00:00:00Z,KNCUSD,3.5571,3.5691,3.2146,3.4,186076.74154875005
2021-04-15T00:00:00Z,KNCUSD,3.4152,3.6519,3.388,3.5617,163522.22862925
2021-04-16T00:00:00Z,KNCUSD,3.5749,3.5925,3.2336,3.5925,390570.92466556997
2021-04-17T00:00:00Z,KNCUSD,3.58,3.6093,3.3217,3.3632,149364.81351827993
2021-04-18T00:00:00Z,KNCUSD,3.3478,3.3745,2.628,3.0323,558411.1651472093
2021-04-19T00:00:00Z,KNCUSD,3.0323,3.1388,2.6665,2.7995,337047.7733789499
2021-04-20T00:00:00Z,KNCUSD,2.7866,3.0715,2.4614,2.9472,518210.62889248936
2021-04-21T00:00:00Z,KNCUSD,2.9611,3.4048,2.893,3.0322,495213.37721492024
2021-04-22T00:00:00Z,KNCUSD,3.0442,3.1378,2.6185,2.6461,437784.09886262007
2021-04-23T00:00:00Z,KNCUSD,2.6356,2.6889,2.2388,2.5382,723132.4527971796
2021-04-24T00:00:00Z,KNCUSD,2.5182,2.5483,2.2841,2.3593,251833.79590267994
2021-04-25T00:00:00Z,KNCUSD,2.3641,2.6213,2.2696,2.4045,172001.42085722004
2021-04-26T00:00:00Z,KNCUSD,2.4162,2.8022,2.4012,2.7923,274467.1590967001
2021-04-27T00:00:00Z,KNCUSD,2.7924,3.3246,2.7397,3.2475,478321.46341267996
2021-04-28T00:00:00Z,KNCUSD,3.2429,3.2716,2.8809,3.1201,293774.91845241
2021-04-29T00:00:00Z,KNCUSD,3.1241,3.356,3.0009,3.086,286792.2823247498
2021-04-30T00:00:00Z,KNCUSD,3.0724,3.3351,3.0243,3.2547,221886.92577113022
2021-05-01T00:00:00Z,KNCUSD,3.269,3.3806,3.1397,3.3381,151258.4848827199
2021-05-02T00:00:00Z,KNCUSD,3.3559,3.3559,3.1066,3.2124,259408.60035619026
2021-05-03T00:00:00Z,KNCUSD,3.2025,3.4807,3.1986,3.4283,156902.80757425987
2021-05-04T00:00:00Z,KNCUSD,3.4102,3.4102,2.9285,2.9603,395100.69711845997
2021-05-05T00:00:00Z,KNCUSD,2.9603,3.2781,2.9372,3.2768,170671.28445855004
2021-05-06T00:00:00Z,KNCUSD,3.2653,3.5952,3.1797,3.5536,318059.39968665026
2021-05-07T00:00:00Z,KNCUSD,3.5569,4.2467,3.4104,3.5363,712482.6121198713
2021-05-08T00:00:00Z,KNCUSD,3.5345,3.6947,3.3829,3.4433,346858.85012172983
2021-05-09T00:00:00Z,KNCUSD,3.4531,3.4587,3.2238,3.3837,187212.38832628002
2021-05-10T00:00:00Z,KNCUSD,3.3668,3.8581,3.1328,3.3384,293650.5615164406
2021-05-11T00:00:00Z,KNCUSD,3.3153,3.4268,3.0792,3.4009,347576.6180401798
2021-05-12T00:00:00Z,KNCUSD,3.3762,3.6848,2.87,2.9044,535169.1423981397
2021-05-13T00:00:00Z,KNCUSD,2.9063,3.1791,2.789,3.0113,456987.79198797006
2021-05-14T00:00:00Z,KNCUSD,2.9937,3.2474,2.9788,3.1539,207945.12248655982
2021-05-15T00:00:00Z,KNCUSD,3.1597,3.1915,2.81,2.83,192897.25094778012
2021-05-16T00:00:00Z,KNCUSD,2.83,3.0396,2.56,2.7169,310207.0509937099
2021-05-17T00:00:00Z,KNCUSD,2.6862,2.767,2.416,2.4858,215856.33175008002
2021-05-18T00:00:00Z,KNCUSD,2.4947,2.9238,2.475,2.7808,206394.98516970992
2021-05-19T00:00:00Z,KNCUSD,2.8149,2.889,1.4226,1.8968,867242.0181107703
2021-05-20T00:00:00Z,KNCUSD,1.907,2.2799,1.7454,2.1298,260232.57440171984
2021-05-21T00:00:00Z,KNCUSD,2.153,2.2513,1.6885,1.9015,425841.2540709091
2021-05-22T00:00:00Z,KNCUSD,1.9149,1.9191,1.65,1.7125,310574.01114032994
2021-05-23T00:00:00Z,KNCUSD,1.702,1.7815,1.1959,1.4548,651335.3774917703
2021-05-24T00:00:00Z,KNCUSD,1.4585,1.7631,1.4124,1.7299,313143.1483547894
2021-05-25T00:00:00Z,KNCUSD,1.7329,1.8151,1.5193,1.7322,308482.8371245097
2021-05-26T00:00:00Z,KNCUSD,1.7426,2.0256,1.6865,2.0041,316617.69884351036
2021-05-27T00:00:00Z,KNCUSD,1.9964,2.0716,1.7976,1.8844,328160.17163788975
2021-05-28T00:00:00Z,KNCUSD,1.8454,1.8968,1.5543,1.623,410168.0681526804
2021-05-29T00:00:00Z,KNCUSD,1.6183,1.683,1.4234,1.5318,110306.96404826
2021-05-30T00:00:00Z,KNCUSD,1.5191,1.6629,1.4315,1.5787,170970.90899462014
2021-05-31T00:00:00Z,KNCUSD,1.5868,1.712,1.4824,1.6965,323995.67611434014
2021-06-01T00:00:00Z,KNCUSD,1.6948,2.4625,1.5732,2.2927,560120.033889388
2021-06-02T00:00:00Z,KNCUSD,2.3046,2.9899,2.1575,2.6077,924504.4350341234
2021-06-03T00:00:00Z,KNCUSD,2.6187,2.8,2.383,2.4221,599168.1197182401
2021-06-04T00:00:00Z,KNCUSD,2.4171,2.4184,2.1,2.182,182960.65154846985
2021-06-05T00:00:00Z,KNCUSD,2.1847,2.3847,2.0307,2.0803,157534.86479594
2021-06-06T00:00:00Z,KNCUSD,2.1125,2.7,2.0559,2.4799,238534.9666112198
2021-06-07T00:00:00Z,KNCUSD,2.4799,2.59,2.1454,2.1488,262416.09978762997
2021-06-08T00:00:00Z,KNCUSD,2.1733,2.2901,1.8471,2.0031,340384.77388849965
2021-06-09T00:00:00Z,KNCUSD,2.0,2.2191,1.9017,2.0984,189848.38059267006
2021-06-10T00:00:00Z,KNCUSD,2.0831,2.1002,1.8863,1.8957,147487.58759125
2021-06-11T00:00:00Z,KNCUSD,1.8957,1.9119,1.6966,1.7782,119626.21233981002
2021-06-12T00:00:00Z,KNCUSD,1.7863,1.7863,1.5906,1.6656,93133.29224052001
2021-06-13T00:00:00Z,KNCUSD,1.6674,2.047,1.6092,1.9683,150311.0710086698
2021-06-14T00:00:00Z,KNCUSD,1.9805,2.1129,1.8676,1.9173,195323.15695810958
2021-06-15T00:00:00Z,KNCUSD,1.9248,1.9672,1.8508,1.8751,94820.01916036998
2021-06-16T00:00:00Z,KNCUSD,1.8751,2.1209,1.7705,2.0815,222052.59840008014
2021-06-17T00:00:00Z,KNCUSD,2.0647,2.0725,1.9048,1.9444,74043.66292780024
2021-06-18T00:00:00Z,KNCUSD,1.9384,1.9384,1.725,1.7846,96513.59985325024
2021-06-19T00:00:00Z,KNCUSD,1.785,1.8362,1.7347,1.7552,21279.848254870016
2021-06-20T00:00:00Z,KNCUSD,1.745,1.7602,1.6006,1.713,78716.98573665014
2021-06-21T00:00:00Z,KNCUSD,1.7031,1.7031,1.3063,1.3063,82278.60954809
2021-06-22T00:00:00Z,KNCUSD,1.3115,1.4106,1.0856,1.2129,287995.1365324501
2021-06-23T00:00:00Z,KNCUSD,1.2223,1.4395,1.2061,1.3486,190143.72202925023
2021-06-24T00:00:00Z,KNCUSD,1.351,1.4293,1.2723,1.4049,110184.66047654003
2021-06-25T00:00:00Z,KNCUSD,1.4131,1.4386,1.2197,1.229,155928.1857812202
2021-06-26T00:00:00Z,KNCUSD,1.2298,1.3498,1.1593,1.3413,193573.5240536501
2021-06-27T00:00:00Z,KNCUSD,1.3405,1.3558,1.2416,1.3474,140628.41737547997
2021-06-28T00:00:00Z,KNCUSD,1.354,1.4299,1.3226,1.3982,119847.82639439
2021-06-29T00:00:00Z,KNCUSD,1.4031,1.5603,1.4031,1.5338,149922.26239064016
2021-06-30T00:00:00Z,KNCUSD,1.539,1.7575,1.4488,1.6696,338944.81726537994
2021-07-01T00:00:00Z,KNCUSD,1.6806,1.6806,1.5026,1.5706,142407.24159876
2021-07-02T00:00:00Z,KNCUSD,1.5642,1.5809,1.4611,1.572,23624.833339259978
2021-07-03T00:00:00Z,KNCUSD,1.5503,1.6319,1.5214,1.5978,62311.39008604001
2021-07-04T00:00:00Z,KNCUSD,1.5983,1.6878,1.5569,1.6144,44629.71184295004
2021-07-05T00:00:00Z,KNCUSD,1.6229,1.6263,1.5111,1.5583,106423.30587678005
2021-07-06T00:00:00Z,KNCUSD,1.5542,1.6755,1.554,1.6242,97900.24853768
2021-07-07T00:00:00Z,KNCUSD,1.6256,1.7713,1.6025,1.6807,118821.49846929022
2021-07-08T00:00:00Z,KNCUSD,1.6755,1.6755,1.4866,1.5298,79871.79650061998
2021-07-09T00:00:00Z,KNCUSD,1.54,1.5434,1.4427,1.5414,57715.00959758005
2021-07-10T00:00:00Z,KNCUSD,1.5429,1.5559,1.4617,1.4984,21603.473029290002
2021-07-11T00:00:00Z,KNCUSD,1.496,1.54,1.4658,1.5141,27857.52408999
2021-07-12T00:00:00Z,KNCUSD,1.5228,1.5819,1.4721,1.5122,43128.826105700035
2021-07-13T00:00:00Z,KNCUSD,1.4897,1.5014,1.4141,1.4321,35899.31092637999
2021-07-14T00:00:00Z,KNCUSD,1.4396,1.4431,1.35,1.4311,27557.54646859
2021-07-15T00:00:00Z,KNCUSD,1.4136,1.4504,1.3346,1.3398,37440.24418986998
2021-07-16T00:00:00Z,KNCUSD,1.3364,1.3856,1.2728,1.2805,9433.31265891
2021-07-17T00:00:00Z,KNCUSD,1.2776,1.3208,1.2616,1.2838,11362.19727572
2021-07-18T00:00:00Z,KNCUSD,1.3014,1.3495,1.2832,1.3098,13232.24725421
2021-07-19T00:00:00Z,KNCUSD,1.3077,1.3077,1.215,1.226,29426.291757390005
2021-07-20T00:00:00Z,KNCUSD,1.2288,1.253,1.1289,1.167,47116.63256067001
2021-07-21T00:00:00Z,KNCUSD,1.1672,1.3005,1.1307,1.2632,18846.637416370006
2021-07-22T00:00:00Z,KNCUSD,1.2769,1.3187,1.2538,1.292,34465.49515935001
2021-07-23T00:00:00Z,KNCUSD,1.2924,1.3401,1.2633,1.3342,72675.84060550999
2021-07-24T00:00:00Z,KNCUSD,1.3391,1.4,1.3214,1.3523,125395.37007220996
2021-07-25T00:00:00Z,KNCUSD,1.3543,1.3558,1.3035,1.3536,7892.1097858799985
2021-07-26T00:00:00Z,KNCUSD,1.355,1.482,1.3477,1.3777,104946.42655696986
2021-07-27T00:00:00Z,KNCUSD,1.3843,1.4459,1.3115,1.4196,60106.507983890006
2021-07-28T00:00:00Z,KNCUSD,1.4307,1.4395,1.3647,1.4288,43576.96495947002
2021-07-29T00:00:00Z,KNCUSD,1.4013,1.5513,1.3847,1.5266,67702.05198675997
2021-07-30T00:00:00Z,KNCUSD,1.5259,1.5723,1.435,1.5723,134294.04726040986
2021-07-31T00:00:00Z,KNCUSD,1.5519,1.6506,1.5268,1.6297,118068.98805816004
2021-08-01T00:00:00Z,KNCUSD,1.6352,1.7425,1.5301,1.5583,153825.7046575899
2021-08-02T00:00:00Z,KNCUSD,1.5595,1.6376,1.5172,1.6116,186893.1968691099
2021-08-03T00:00:00Z,KNCUSD,1.6182,1.678,1.5279,1.5815,89002.58575186007
2021-08-04T00:00:00Z,KNCUSD,1.5872,1.6502,1.5294,1.6457,64540.32873678
2021-08-05T00:00:00Z,KNCUSD,1.6209,1.7044,1.5883,1.6842,106863.08369155
2021-08-06T00:00:00Z,KNCUSD,1.6857,1.7545,1.6404,1.7486,104638.63817048
2021-08-07T00:00:00Z,KNCUSD,1.7413,1.8071,1.7062,1.7886,105116.28451674999
2021-08-08T00:00:00Z,KNCUSD,1.7851,1.8184,1.6194,1.6573,99340.13024735995
2021-08-09T00:00:00Z,KNCUSD,1.6567,1.7526,1.5944,1.7391,74336.70039406004
2021-08-10T00:00:00Z,KNCUSD,1.7416,1.7864,1.6877,1.7534,128085.95476477
2021-08-11T00:00:00Z,KNCUSD,1.7506,1.9015,1.7473,1.8377,99130.87342888006
2021-08-12T00:00:00Z,KNCUSD,1.8375,1.8985,1.6929,1.7434,150051.19694552003
2021-08-13T00:00:00Z,KNCUSD,1.7413,1.8944,1.7264,1.8944,82383.45523455995
2021-08-14T00:00:00Z,KNCUSD,1.8934,1.9209,1.801,1.9051,88069.56532615001
2021-08-15T00:00:00Z,KNCUSD,1.9067,1.9886,1.8483,1.9626,161503.2260186398
2021-08-16T00:00:00Z,KNCUSD,1.9633,2.0145,1.8882,1.9195,110734.59919033994
2021-08-17T00:00:00Z,KNCUSD,1.9254,1.9946,1.77,1.8065,147640.81896674001
2021-08-18T00:00:00Z,KNCUSD,1.8223,1.839,1.7039,1.7796,146300.20760797005
2021-08-19T00:00:00Z,KNCUSD,1.7895,1.8846,1.7241,1.8846,42425.930800370035
2021-08-20T00:00:00Z,KNCUSD,1.8783,2.0292,1.8783,1.964,96131.56225550003
2021-08-21T00:00:00Z,KNCUSD,1.9561,2.0714,1.9293,1.9976,175196.64629887
2021-08-22T00:00:00Z,KNCUSD,2.0036,2.1754,1.9822,2.1673,257126.66868043985
2021-08-23T00:00:00Z,KNCUSD,2.1786,2.2194,2.1091,2.2163,229096.41171485992
2021-08-24T00:00:00Z,KNCUSD,2.2078,2.3187,2.0161,2.0418,222315.80063923955
2021-08-25T00:00:00Z,KNCUSD,2.0428,2.172,1.9532,2.1549,72601.07710464018
2021-08-26T00:00:00Z,KNCUSD,2.1532,2.1666,1.8654,1.9044,83548.11399035012
2021-08-27T00:00:00Z,KNCUSD,1.902,2.0054,1.8128,2.0054,207717.20399687023
2021-08-28T00:00:00Z,KNCUSD,1.9962,2.0113,1.9263,1.975,41791.56334922994
2021-08-29T00:00:00Z,KNCUSD,1.9775,1.988,1.8787,1.9457,14587.945381579988
2021-08-30T00:00:00Z,KNCUSD,1.9506,1.9574,1.8455,1.8557,74955.93889512004
2021-08-31T00:00:00Z,KNCUSD,1.8542,1.9499,1.8253,1.9313,128631.07527507005
2021-09-01T00:00:00Z,KNCUSD,1.9288,2.05,1.8756,2.0379,98075.51859995001
2021-09-02T00:00:00Z,KNCUSD,2.0289,2.0481,1.9788,2.0113,46912.022907800005
2021-09-03T00:00:00Z,KNCUSD,2.0037,2.0917,1.9538,2.0681,50633.023055969985
2021-09-04T00:00:00Z,KNCUSD,2.0628,2.1705,2.0628,2.1585,40484.36090564004
2021-09-05T00:00:00Z,KNCUSD,2.1648,2.3478,2.137,2.2922,323930.8845585498
2021-09-06T00:00:00Z,KNCUSD,2.2882,2.3188,2.1224,2.2436,97670.48386451999
2021-09-07T00:00:00Z,KNCUSD,2.2284,2.3222,1.5253,1.7525,846826.7708239806
2021-09-08T00:00:00Z,KNCUSD,1.7533,1.8127,1.5555,1.764,271021.4295756798
2021-09-09T00:00:00Z,KNCUSD,1.7692,1.8945,1.7353,1.8303,106662.70151472
2021-09-10T00:00:00Z,KNCUSD,1.8521,2.0615,1.75,1.8379,202404.5489672602
2021-09-11T00:00:00Z,KNCUSD,1.8345,1.9052,1.8072,1.8621,74277.93797009002
2021-09-12T00:00:00Z,KNCUSD,1.8577,1.9038,1.7994,1.8902,38952.39891547
2021-09-13T00:00:00Z,KNCUSD,1.8995,1.8995,1.6428,1.7452,144145.70702872018
2021-09-14T00:00:00Z,KNCUSD,1.7541,1.847,1.7287,1.8311,44588.242069120024
2021-09-15T00:00:00Z,KNCUSD,1.8334,1.8913,1.7972,1.8833,146374.4106788101
2021-09-16T00:00:00Z,KNCUSD,1.8826,1.99,1.8196,1.8604,151082.49037386998
2021-09-17T00:00:00Z,KNCUSD,1.8651,1.9808,1.7769,1.7803,217157.64771696957
2021-09-18T00:00:00Z,KNCUSD,1.7924,1.8531,1.7654,1.7983,37071.57361955
2021-09-19T00:00:00Z,KNCUSD,1.7956,1.8004,1.7117,1.7345,62590.174705060046
2021-09-20T00:00:00Z,KNCUSD,1.712,1.7147,1.4557,1.4864,227069.09017148995
2021-09-21T00:00:00Z,KNCUSD,1.4769,1.5444,1.3441,1.3699,147731.68425681966
2021-09-22T00:00:00Z,KNCUSD,1.3785,1.5541,1.3541,1.5541,52511.320700719996
2021-09-23T00:00:00Z,KNCUSD,1.5473,1.587,1.5055,1.5719,90991.03937631004
2021-09-24T00:00:00Z,KNCUSD,1.5818,1.5842,1.351,1.4514,237596.04522158994
2021-09-25T00:00:00Z,KNCUSD,1.4607,1.4734,1.3913,1.4419,31599.840253850005
2021-09-26T00:00:00Z,KNCUSD,1.4362,1.4835,1.3198,1.4464,66922.54439534001
2021-09-27T00:00:00Z,KNCUSD,1.455,1.5023,1.3862,1.3917,50602.01762341003
2021-09-28T00:00:00Z,KNCUSD,1.3804,1.4159,1.3348,1.3364,59715.383113939984
2021-09-29T00:00:00Z,KNCUSD,1.3392,1.4715,1.3392,1.3786,82687.99845714346
2021-09-30T00:00:00Z,KNCUSD,1.3923,1.533,1.3918,1.4924,91530.07236332001
2021-10-01T00:00:00Z,KNCUSD,1.4917,1.6234,1.4895,1.618,98802.6601332101
2021-10-02T00:00:00Z,KNCUSD,1.602,1.6645,1.5755,1.63,49108.847716780016
2021-10-03T00:00:00Z,KNCUSD,1.6451,1.6884,1.5955,1.6567,52105.22905074999
2021-10-04T00:00:00Z,KNCUSD,1.666,1.7313,1.6038,1.673,89954.39109550003
2021-10-05T00:00:00Z,KNCUSD,1.6609,1.7251,1.6439,1.7222,50153.48910779003
2021-10-06T00:00:00Z,KNCUSD,1.7064,1.7644,1.614,1.7141,73807.94844079996
2021-10-07T00:00:00Z,KNCUSD,1.7094,1.7359,1.6549,1.6935,50349.91337672
2021-10-08T00:00:00Z,KNCUSD,1.706,1.822,1.706,1.7933,81435.25076385007
2021-10-09T00:00:00Z,KNCUSD,1.7762,1.8305,1.7398,1.7745,41972.18837761
2021-10-10T00:00:00Z,KNCUSD,1.77,1.8274,1.748,1.7908,80967.35925607
2021-10-11T00:00:00Z,KNCUSD,1.7997,1.8277,1.6738,1.7207,90816.64860848
2021-10-12T00:00:00Z,KNCUSD,1.7194,1.7206,1.5467,1.6307,143403.83835158995
2021-10-13T00:00:00Z,KNCUSD,1.6217,1.7382,1.6177,1.7382,116314.06130665008
2021-10-14T00:00:00Z,KNCUSD,1.7471,1.7839,1.7162,1.7269,54420.47687131002
2021-10-15T00:00:00Z,KNCUSD,1.7169,1.7209,1.6041,1.6778,199116.09434223993
2021-10-16T00:00:00Z,KNCUSD,1.6827,1.7423,1.6698,1.6936,121080.22986647008
2021-10-17T00:00:00Z,KNCUSD,1.6787,1.6996,1.5613,1.6099,104339.75267619002
2021-10-18T00:00:00Z,KNCUSD,1.6201,1.6252,1.5601,1.6206,42267.927514309966
2021-10-19T00:00:00Z,KNCUSD,1.6111,1.6363,1.5846,1.6052,26778.400267879984
2021-10-20T00:00:00Z,KNCUSD,1.615,1.6839,1.6078,1.6725,112977.34604072996
2021-10-21T00:00:00Z,KNCUSD,1.6712,1.7202,1.6076,1.6097,259221.22598043986
2021-10-22T00:00:00Z,KNCUSD,1.6136,1.6783,1.6034,1.6379,46603.99515163001
2021-10-23T00:00:00Z,KNCUSD,1.6372,1.6675,1.6095,1.6662,31912.87006379998
2021-10-24T00:00:00Z,KNCUSD,1.6694,1.6743,1.5943,1.628,29982.598041319998
2021-10-25T00:00:00Z,KNCUSD,1.6308,1.6524,1.6303,1.6489,32025.024067029997
2021-10-26T00:00:00Z,KNCUSD,1.6462,1.7257,1.6331,1.6527,114967.4852971101
2021-10-27T00:00:00Z,KNCUSD,1.6632,1.6993,1.4236,1.4737,221934.2478076804
2021-10-28T00:00:00Z,KNCUSD,1.4844,1.6205,1.4673,1.5962,99897.82304705
2021-10-29T00:00:00Z,KNCUSD,1.6057,1.7494,1.5903,1.7361,126995.64234755003
2021-10-30T00:00:00Z,KNCUSD,1.75,1.9787,1.6531,1.9189,406102.73995057127
2021-10-31T00:00:00Z,KNCUSD,1.9219,2.2612,1.8524,1.9931,590568.3947457916
2021-11-01T00:00:00Z,KNCUSD,1.9923,2.4274,1.8324,1.979,481137.4788028108
2021-11-02T00:00:00Z,KNCUSD,1.9917,2.2845,1.9691,2.2845,445500.73614120146
2021-11-03T00:00:00Z,KNCUSD,2.2845,2.2963,1.9883,2.1036,165924.5121204401
2021-11-04T00:00:00Z,KNCUSD,2.0935,2.0935,1.9427,2.0053,471217.62940339046
2021-11-05T00:00:00Z,KNCUSD,2.0003,2.0003,1.8983,1.9214,29324.775131000013
2021-11-06T00:00:00Z,KNCUSD,1.9205,1.9281,1.8125,1.9093,57982.31550473004
2021-11-07T00:00:00Z,KNCUSD,1.9035,1.998,1.8951,1.9766,33913.757081519994
2021-11-08T00:00:00Z,KNCUSD,1.9861,2.0582,1.9245,2.0582,104699.27697834994
2021-11-09T00:00:00Z,KNCUSD,2.0511,2.0718,1.9657,1.9843,134992.14802482995
2021-11-10T00:00:00Z,KNCUSD,1.9917,2.0475,1.7752,1.8559,209011.6463379602
2021-11-11T00:00:00Z,KNCUSD,1.8447,1.8962,1.8102,1.8701,93693.46543492
2021-11-12T00:00:00Z,KNCUSD,1.8615,1.9213,1.7852,1.8596,113127.58412186013
2021-11-13T00:00:00Z,KNCUSD,1.8548,1.9228,1.8196,1.8887,64466.41772450999
2021-11-14T00:00:00Z,KNCUSD,1.8819,1.8871,1.8226,1.8791,36211.36769998001
2021-11-15T00:00:00Z,KNCUSD,1.8837,1.9631,1.8622,1.9015,85857.80531109999
2021-11-16T00:00:00Z,KNCUSD,1.887,1.887,1.6183,1.7119,244831.44185973002
2021-11-17T00:00:00Z,KNCUSD,1.7149,1.8042,1.6429,1.8034,153277.40163413007
2021-11-18T00:00:00Z,KNCUSD,1.7985,1.8687,1.5892,1.6226,151394.64063755004
2021-11-19T00:00:00Z,KNCUSD,1.6239,1.7286,1.5844,1.7283,77035.12952659004
2021-11-20T00:00:00Z,KNCUSD,1.7317,1.7924,1.6924,1.779,91753.48997590986
2021-11-21T00:00:00Z,KNCUSD,1.7716,1.7928,1.7275,1.7535,75554.68645417999
2021-11-22T00:00:00Z,KNCUSD,1.7617,1.7617,1.651,1.6784,83748.60624082992
2021-11-23T00:00:00Z,KNCUSD,1.6672,1.8108,1.6543,1.7939,286714.86727510026
2021-11-24T00:00:00Z,KNCUSD,1.7913,1.8024,1.6699,1.7155,58815.7343898
2021-11-25T00:00:00Z,KNCUSD,1.72,1.8641,1.7008,1.8387,83068.24743363004
2021-11-26T00:00:00Z,KNCUSD,1.8405,2.09,1.651,2.0123,1066995.94024043
2021-11-27T00:00:00Z,KNCUSD,2.0286,2.3485,1.9887,2.0988,472475.9397474802
2021-11-28T00:00:00Z,KNCUSD,2.0953,2.0954,1.8318,2.0522,135358.0921079199
2021-11-29T00:00:00Z,KNCUSD,2.0424,2.0766,1.9827,2.0574,100911.13916342985
2021-11-30T00:00:00Z,KNCUSD,2.0515,2.0515,1.9161,1.9427,53959.200803189975
2021-12-01T00:00:00Z,KNCUSD,1.9415,2.0088,1.9033,1.9387,47795.61978707999
2021-12-02T00:00:00Z,KNCUSD,1.9283,1.9283,1.8381,1.881,36510.644689689994
2021-12-03T00:00:00Z,KNCUSD,1.8898,1.9187,1.7092,1.7613,59995.10083638002
2021-12-04T00:00:00Z,KNCUSD,1.7465,1.7512,1.2155,1.4708,269169.90643569
2021-12-05T00:00:00Z,KNCUSD,1.4782,1.5841,1.3186,1.3591,79458.66322863002
2021-12-06T00:00:00Z,KNCUSD,1.3716,1.4096,1.2005,1.4004,109300.65264030996
2021-12-07T00:00:00Z,KNCUSD,1.4069,1.5531,1.4035,1.5346,79038.9236940499
2021-12-08T00:00:00Z,KNCUSD,1.5178,1.534,1.4181,1.5152,44995.38703864995
2021-12-09T00:00:00Z,KNCUSD,1.5171,1.5263,1.3522,1.361,79953.70127039998
2021-12-10T00:00:00Z,KNCUSD,1.3543,1.3944,1.3059,1.3059,39897.688460150006
2021-12-11T00:00:00Z,KNCUSD,1.3006,1.3759,1.2802,1.3575,27731.246987280017
2021-12-12T00:00:00Z,KNCUSD,1.3538,1.3753,1.3196,1.3702,33366.85126645
2021-12-13T00:00:00Z,KNCUSD,1.3659,1.3659,1.2071,1.2287,91672.96190041
2021-12-14T00:00:00Z,KNCUSD,1.2264,1.2665,1.1947,1.2527,12395.500275059996
2021-12-15T00:00:00Z,KNCUSD,1.25,1.304,1.1819,1.2918,47055.16118051
2021-12-16T00:00:00Z,KNCUSD,1.3,1.3463,1.2805,1.2805,21366.07242058
2021-12-17T00:00:00Z,KNCUSD,1.2914,1.3429,1.2359,1.2873,99852.5677995
2021-12-18T00:00:00Z,KNCUSD,1.3009,1.3525,1.2778,1.3284,39178.47708198
2021-12-19T00:00:00Z,KNCUSD,1.3126,1.3266,1.2732,1.2859,30842.684509969997
2021-12-20T00:00:00Z,KNCUSD,1.2749,1.2751,1.1974,1.2391,29735.91756329
2021-12-21T00:00:00Z,KNCUSD,1.2409,1.296,1.235,1.2888,35214.32518304
2021-12-22T00:00:00Z,KNCUSD,1.2876,1.389,1.2764,1.3543,63930.63174556
2021-12-23T00:00:00Z,KNCUSD,1.3621,1.4444,1.3336,1.4357,51223.400141370024
2021-12-24T00:00:00Z,KNCUSD,1.4309,1.4428,1.3763,1.3785,59601.491145970016
2021-12-25T00:00:00Z,KNCUSD,1.3803,1.4211,1.3803,1.4099,10580.620315479999
2021-12-26T00:00:00Z,KNCUSD,1.4089,1.4155,1.3449,1.3908,75141.29045325
2021-12-27T00:00:00Z,KNCUSD,1.3952,1.4979,1.3856,1.4189,88233.08628083002
2021-12-28T00:00:00Z,KNCUSD,1.416,1.416,1.2918,1.2948,81707.18750104
2021-12-29T00:00:00Z,KNCUSD,1.302,1.3114,1.2461,1.2586,70175.5267598
2021-12-30T00:00:00Z,KNCUSD,1.2405,1.3328,1.2316,1.3146,35822.268728610004
2021-12-31T00:00:00Z,KNCUSD,1.3252,1.3447,1.2468,1.2842,106839.92321179002
2022-01-01T00:00:00Z,KNCUSD,1.295,1.3853,1.295,1.3834,75199.22033376
2022-01-02T00:00:00Z,KNCUSD,1.3854,1.4444,1.345,1.4194,41071.646238010006
2022-01-03T00:00:00Z,KNCUSD,1.4248,1.4603,1.381,1.3981,59605.06524133001
2022-01-04T00:00:00Z,KNCUSD,1.3935,1.4006,1.3402,1.3403,55478.07127071998
2022-01-05T00:00:00Z,KNCUSD,1.3359,1.4204,1.22,1.2743,122331.53026373014
2022-01-06T00:00:00Z,KNCUSD,1.2483,1.339,1.188,1.3074,125028.06994429008
2022-01-07T00:00:00Z,KNCUSD,1.2983,1.567,1.2244,1.5042,1305582.8573540496
2022-01-08T00:00:00Z,KNCUSD,1.5078,1.6099,1.4231,1.5265,390473.2074837817
2022-01-09T00:00:00Z,KNCUSD,1.5282,1.5898,1.4002,1.4241,123853.87251376007
2022-01-10T00:00:00Z,KNCUSD,1.4276,1.4276,1.2529,1.3324,322221.50292726036
2022-01-11T00:00:00Z,KNCUSD,1.326,1.3916,1.3135,1.3364,708600.6823008102
2022-01-12T00:00:00Z,KNCUSD,1.3364,1.4111,1.3364,1.4011,146141.79411873998
2022-01-13T00:00:00Z,KNCUSD,1.3997,1.451,1.3712,1.3751,79956.8328101598
2022-01-14T00:00:00Z,KNCUSD,1.3741,1.4313,1.3509,1.4153,81885.47344143006
2022-01-15T00:00:00Z,KNCUSD,1.4217,1.5737,1.4115,1.5256,116465.55485801981
2022-01-16T00:00:00Z,KNCUSD,1.5258,1.5426,1.4585,1.5416,56920.94175563994
2022-01-17T00:00:00Z,KNCUSD,1.5426,1.6378,1.4805,1.6085,284893.9119399207
2022-01-18T00:00:00Z,KNCUSD,1.6095,1.666,1.4541,1.478,235835.19384499072
2022-01-19T00:00:00Z,KNCUSD,1.4751,1.5768,1.3807,1.5512,185280.11368633
2022-01-20T00:00:00Z,KNCUSD,1.5449,1.6651,1.4926,1.5846,211304.42152216053
2022-01-21T00:00:00Z,KNCUSD,1.585,1.7047,1.386,1.4322,585572.3760449989
2022-01-22T00:00:00Z,KNCUSD,1.4313,1.5479,1.2535,1.5016,825919.2412804601
2022-01-23T00:00:00Z,KNCUSD,1.5036,1.5349,1.3738,1.4599,205667.69734169022
2022-01-24T00:00:00Z,KNCUSD,1.4545,1.57,1.2898,1.5513,440480.29418395937
2022-01-25T00:00:00Z,KNCUSD,1.5548,1.7403,1.5533,1.6578,611897.1330414078
2022-01-26T00:00:00Z,KNCUSD,1.6628,1.7792,1.6057,1.7265,977742.5337629688
2022-01-27T00:00:00Z,KNCUSD,1.7116,1.8685,1.6185,1.805,474002.7763910606
2022-01-28T00:00:00Z,KNCUSD,1.8066,1.8376,1.6818,1.793,435206.15357114037
2022-01-29T00:00:00Z,KNCUSD,1.801,1.8183,1.69,1.7317,634644.1726717419
2022-01-30T00:00:00Z,KNCUSD,1.7249,1.7403,1.6404,1.7306,235906.39147102932
2022-01-31T00:00:00Z,KNCUSD,1.7245,1.9377,1.6529,1.8856,396501.4876972622
2022-02-01T00:00:00Z,KNCUSD,1.8924,1.9801,1.8485,1.8753,385904.73920669116
2022-02-02T00:00:00Z,KNCUSD,1.8851,2.0444,1.85,1.8592,353138.0419240814
2022-02-03T00:00:00Z,KNCUSD,1.8579,2.0511,1.8138,2.0375,310912.58412557957
2022-02-04T00:00:00Z,KNCUSD,2.04,2.0991,1.9698,2.0883,292482.42783810024
2022-02-05T00:00:00Z,KNCUSD,2.0855,2.1303,2.0021,2.0542,94939.52534517003
2022-02-06T00:00:00Z,KNCUSD,2.0448,2.082,1.9534,2.0782,118702.53868048999
2022-02-07T00:00:00Z,KNCUSD,2.0676,2.0676,1.9483,2.0034,91237.18367298992
2022-02-08T00:00:00Z,KNCUSD,2.0074,2.0089,1.8112,1.923,142159.45629237947
2022-02-09T00:00:00Z,KNCUSD,1.9255,1.9949,1.8619,1.9765,185940.33337197985
2022-02-10T00:00:00Z,KNCUSD,1.9605,1.9839,1.8351,1.8701,377777.4706440797
2022-02-11T00:00:00Z,KNCUSD,1.8696,2.1735,1.826,1.9138,318746.8091050809
2022-02-12T00:00:00Z,KNCUSD,1.9137,1.9137,1.7708,1.8456,97372.43965875983
2022-02-13T00:00:00Z,KNCUSD,1.8401,1.875,1.7705,1.8282,51230.85823585993
2022-02-14T00:00:00Z,KNCUSD,1.8191,1.9286,1.7488,1.916,102601.36508072956
2022-02-15T00:00:00Z,KNCUSD,1.9291,2.1928,1.9008,2.1768,275775.0301481995
2022-02-16T00:00:00Z,KNCUSD,2.1737,2.3381,2.0977,2.2886,152585.59864573
2022-02-17T00:00:00Z,KNCUSD,2.2954,2.4002,2.1647,2.2796,283891.1463572915
2022-02-18T00:00:00Z,KNCUSD,2.2764,2.3276,2.1201,2.1201,326318.88371470955
2022-02-19T00:00:00Z,KNCUSD,2.1231,2.1414,1.9531,1.9865,103862.98764381978
2022-02-20T00:00:00Z,KNCUSD,1.9767,2.0668,1.8435,2.0211,133371.16076943005
2022-02-21T00:00:00Z,KNCUSD,2.0231,2.1097,1.7545,1.7664,316368.53359233984
2022-02-22T00:00:00Z,KNCUSD,1.7594,1.798,1.6541,1.7842,102458.68447871995
2022-02-23T00:00:00Z,KNCUSD,1.7834,1.8421,1.7139,1.7205,127506.86564054017
2022-02-24T00:00:00Z,KNCUSD,1.7205,1.8562,1.5199,1.8118,378473.23031429003
2022-02-25T00:00:00Z,KNCUSD,1.8137,1.879,1.7188,1.8569,109934.21397982989
2022-02-26T00:00:00Z,KNCUSD,1.8649,1.9556,1.8169,1.8562,93337.8284533395
2022-02-27T00:00:00Z,KNCUSD,1.8513,2.0514,1.7782,1.8995,201366.06835223027
2022-02-28T00:00:00Z,KNCUSD,1.8961,2.49,1.8259,2.4401,290419.03579612984
2022-03-01T00:00:00Z,KNCUSD,2.4281,2.675,2.3806,2.5818,438404.0499738512
2022-03-02T00:00:00Z,KNCUSD,2.566,2.8937,2.4444,2.7793,310092.6494186887
2022-03-03T00:00:00Z,KNCUSD,2.7763,2.9333,2.6749,2.7716,194127.12121074964
2022-03-04T00:00:00Z,KNCUSD,2.7689,2.8835,2.48,2.506,228204.39478097984
2022-03-05T00:00:00Z,KNCUSD,2.5061,2.5061,2.3109,2.3424,85479.33714495982
2022-03-06T00:00:00Z,KNCUSD,2.3309,2.5086,2.23,2.23,156909.87542291998
2022-03-07T00:00:00Z,KNCUSD,2.2295,2.5588,2.221,2.4628,289898.8243964302
2022-03-08T00:00:00Z,KNCUSD,2.4532,3.1878,2.4465,3.05,1040156.7949578837
2022-03-09T00:00:00Z,KNCUSD,3.0665,3.31,2.8503,3.1085,514877.6580243497
2022-03-10T00:00:00Z,KNCUSD,3.1339,3.2074,2.7336,2.7586,430996.03523339075
2022-03-11T00:00:00Z,KNCUSD,2.7586,2.7586,2.5518,2.5788,247241.34341813985
2022-03-12T00:00:00Z,KNCUSD,2.578,2.904,2.5711,2.751,202865.7016088101
2022-03-13T00:00:00Z,KNCUSD,2.75,2.8706,2.5622,2.568,60439.54531800991
2022-03-14T00:00:00Z,KNCUSD,2.578,2.9148,2.5184,2.8948,242389.50553616986
2022-03-15T00:00:00Z,KNCUSD,2.8965,3.1618,2.8432,3.0371,277764.97347792983
2022-03-16T00:00:00Z,KNCUSD,3.062,3.2851,2.9355,3.0473,379053.3199684806
2022-03-17T00:00:00Z,KNCUSD,3.0473,3.1774,2.9271,3.1119,123757.90978551001
2022-03-18T00:00:00Z,KNCUSD,3.1184,3.5201,3.1,3.3914,230299.41176968956
2022-03-19T00:00:00Z,KNCUSD,3.398,3.4638,3.2582,3.328,182877.44930487
2022-03-20T00:00:00Z,KNCUSD,3.3263,3.3801,3.1735,3.2514,53751.75450440975
2022-03-21T00:00:00Z,KNCUSD,3.2407,3.3562,3.0598,3.1616,126069.67873293998
2022-03-22T00:00:00Z,KNCUSD,3.1616,3.3576,3.1486,3.293,139006.89867484
2022-03-23T00:00:00Z,KNCUSD,3.2943,3.2943,3.1379,3.1799,265076.53419518017
2022-03-24T00:00:00Z,KNCUSD,3.18,3.18,3.0612,3.1221,105638.34409541
2022-03-25T00:00:00Z,KNCUSD,3.1291,3.1848,3.071,3.1378,141409.67241376
2022-03-26T00:00:00Z,KNCUSD,3.1378,3.243,3.1225,3.1487,81590.47841036993
2022-03-27T00:00:00Z,KNCUSD,3.1487,3.1925,3.0735,3.1925,58754.841978889955
2022-03-28T00:00:00Z,KNCUSD,3.174,3.6288,3.1452,3.6056,351105.1349943801
2022-03-29T00:00:00Z,KNCUSD,3.609,3.764,3.385,3.466,227105.24993315904
2022-03-30T00:00:00Z,KNCUSD,3.4445,3.5878,3.3743,3.4605,116733.57363561021
2022-03-31T00:00:00Z,KNCUSD,3.4608,3.5457,3.2327,3.2556,245816.5286647591
2022-04-01T00:00:00Z,KNCUSD,3.2518,3.3842,3.0734,3.2906,77607.39373464008
2022-04-02T00:00:00Z,KNCUSD,3.2888,3.434,3.2263,3.3124,75357.09541676003
2022-04-03T00:00:00Z,KNCUSD,3.3232,3.3386,3.1858,3.2833,24850.956030099944
2022-04-04T00:00:00Z,KNCUSD,3.2805,3.2805,2.9829,3.2075,96509.08009301001
2022-04-05T00:00:00Z,KNCUSD,3.2066,3.2288,3.0125,3.0207,59673.515853349956
2022-04-06T00:00:00Z,KNCUSD,3.0174,3.285,2.8432,3.0782,332847.78905998886
2022-04-07T00:00:00Z,KNCUSD,3.1038,3.3881,2.8942,3.3054,164038.42738892097
2022-04-08T00:00:00Z,KNCUSD,3.3254,4.3903,3.3254,3.9942,482201.49302958604
2022-04-09T00:00:00Z,KNCUSD,3.9947,4.258,3.6423,3.7091,148830.93746255952
2022-04-10T00:00:00Z,KNCUSD,3.711,4.4909,3.54,4.1098,338059.1353602411
2022-04-11T00:00:00Z,KNCUSD,4.1029,4.45,3.8831,4.0177,559931.3238058722
2022-04-12T00:00:00Z,KNCUSD,4.0532,4.4366,3.7842,3.8228,271537.4198854111
2022-04-13T00:00:00Z,KNCUSD,3.8196,3.9912,3.659,3.8584,159867.68330544993
2022-04-14T00:00:00Z,KNCUSD,3.8549,4.8371,3.8086,4.5083,381905.14119799953
2022-04-15T00:00:00Z,KNCUSD,4.5053,4.7153,4.2936,4.5727,197343.5589770408
2022-04-16T00:00:00Z,KNCUSD,4.5963,4.6377,4.3225,4.43,77774.72807701012
2022-04-17T00:00:00Z,KNCUSD,4.3923,4.6654,4.0486,4.1111,373550.19269523997
2022-04-18T00:00:00Z,KNCUSD,4.1111,4.385,3.9878,4.2971,249484.05948852174
2022-04-19T00:00:00Z,KNCUSD,4.297,4.5128,4.2207,4.3302,107008.01663488029
2022-04-20T00:00:00Z,KNCUSD,4.3251,4.615,4.1273,4.3881,550482.612984961
2022-04-21T00:00:00Z,KNCUSD,4.3895,5.0808,4.2776,4.6724,399137.1006208698
2022-04-22T00:00:00Z,KNCUSD,4.6719,4.9417,4.4263,4.7161,221819.34776621015
2022-04-23T00:00:00Z,KNCUSD,4.7151,5.33,4.62,5.2288,276596.18850709806
2022-04-24T00:00:00Z,KNCUSD,5.2283,5.2996,4.7134,4.724,110561.44123799977
2022-04-25T00:00:00Z,KNCUSD,4.7209,5.1088,4.5742,5.0808,196949.8879443588
2022-04-26T00:00:00Z,KNCUSD,5.0713,5.68,5.0235,5.2275,362602.3210896596
2022-04-27T00:00:00Z,KNCUSD,5.2482,5.6375,5.1349,5.559,98730.52201103988
2022-04-28T00:00:00Z,KNCUSD,5.5975,5.7457,5.1886,5.5363,211533.21216283995
2022-04-29T00:00:00Z,KNCUSD,5.5388,5.7356,5.1269,5.3444,200326.95212789963
2022-04-30T00:00:00Z,KNCUSD,5.3309,5.3873,4.8519,4.8783,319639.10254662915
2022-05-01T00:00:00Z,KNCUSD,4.8775,5.0022,4.4138,4.5219,211772.32005355117
2022-05-02T00:00:00Z,KNCUSD,4.5462,4.6853,3.9358,4.1047,280552.089049839
2022-05-03T00:00:00Z,KNCUSD,4.0974,4.0974,3.4464,3.4946,130072.59132344018
2022-05-04T00:00:00Z,KNCUSD,3.4649,3.7657,3.2094,3.736,522940.6894685104
2022-05-05T00:00:00Z,KNCUSD,3.7337,3.8104,2.9802,3.0272,388740.9205685596
2022-05-06T00:00:00Z,KNCUSD,3.0272,3.1138,2.7168,3.0266,346912.7185205898
2022-05-07T00:00:00Z,KNCUSD,3.0277,3.0277,2.55,2.6204,161624.81044258003
2022-05-08T00:00:00Z,KNCUSD,2.6163,2.6163,2.2775,2.3848,390321.0610167101
2022-05-09T00:00:00Z,KNCUSD,2.4023,2.5261,2.03,2.0409,544003.8111631604
2022-05-10T00:00:00Z,KNCUSD,2.0509,2.3053,1.8633,1.9832,707676.5387707102
2022-05-11T00:00:00Z,KNCUSD,1.9904,2.0513,1.3328,1.4396,917326.97579017
2022-05-12T00:00:00Z,KNCUSD,1.4515,1.5306,1.0611,1.3181,324816.38966454985
2022-05-13T00:00:00Z,KNCUSD,1.2798,1.8898,1.2798,1.5521,306380.28128864017
2022-05-14T00:00:00Z,KNCUSD,1.5361,1.782,1.4425,1.65,174555.14402222994
2022-05-15T00:00:00Z,KNCUSD,1.6579,1.7166,1.5559,1.7166,62465.67208366001
2022-05-16T00:00:00Z,KNCUSD,1.698,1.698,1.492,1.5242,76105.05252809994
2022-05-17T00:00:00Z,KNCUSD,1.5347,2.1587,1.5347,2.1184,232801.8661627297
2022-05-18T00:00:00Z,KNCUSD,2.1357,2.3384,1.9828,2.1985,388085.6550777404
2022-05-19T00:00:00Z,KNCUSD,2.2022,2.6864,1.9921,2.6646,225894.43765046998
2022-05-20T00:00:00Z,KNCUSD,2.6513,2.8342,2.4354,2.6241,252856.28824976025
2022-05-21T00:00:00Z,KNCUSD,2.5988,2.6714,2.4597,2.5764,94784.11654864984
2022-05-22T00:00:00Z,KNCUSD,2.5735,2.6597,2.5049,2.5939,53260.87085333993
2022-05-23T00:00:00Z,KNCUSD,2.5601,2.5601,2.1349,2.1962,117848.59742453002
2022-05-24T00:00:00Z,KNCUSD,2.2029,2.2336,1.9702,2.1407,109629.97638052992
2022-05-25T00:00:00Z,KNCUSD,2.1483,2.3054,2.0294,2.1431,68452.57196967005
2022-05-26T00:00:00Z,KNCUSD,2.1245,2.1251,1.8325,1.9176,154989.86590385
2022-05-27T00:00:00Z,KNCUSD,1.9333,1.9333,1.75,1.7849,63711.73426549002
2022-05-28T00:00:00Z,KNCUSD,1.8031,1.9624,1.8031,1.9116,40863.46002817001
2022-05-29T00:00:00Z,KNCUSD,1.9081,1.9295,1.7974,1.9046,14854.018856339997
2022-05-30T00:00:00Z,KNCUSD,1.8892,2.3081,1.862,2.2269,217937.0780977802
2022-05-31T00:00:00Z,KNCUSD,2.224,2.4675,2.1256,2.1854,53330.545741350004
2022-06-01T00:00:00Z,KNCUSD,2.1992,2.2786,1.9229,1.9956,89173.87354566019
2022-06-02T00:00:00Z,KNCUSD,1.9856,2.0576,1.8986,2.0264,83123.37855764
2022-06-03T00:00:00Z,KNCUSD,2.0155,2.0191,1.85,1.9141,10721.894752110002
2022-06-04T00:00:00Z,KNCUSD,1.9133,1.9333,1.842,1.8853,11206.171877339997
2022-06-05T00:00:00Z,KNCUSD,1.9046,1.9702,1.8705,1.9081,8444.03318844
2022-06-06T00:00:00Z,KNCUSD,1.8986,2.0596,1.8892,1.9604,87984.40226612006
2022-06-07T00:00:00Z,KNCUSD,1.9562,1.9574,1.8086,1.8986,38488.96439369004
2022-06-08T00:00:00Z,KNCUSD,1.8892,1.9624,1.8462,1.8624,33530.666635279995
2022-06-09T00:00:00Z,KNCUSD,1.8612,1.8986,1.8453,1.8945,37507.24748505001
2022-06-10T00:00:00Z,KNCUSD,1.8829,1.8952,1.7404,1.7659,22946.105896179997
2022-06-11T00:00:00Z,KNCUSD,1.7764,1.8089,1.5775,1.6357,27143.233676479987
2022-06-12T00:00:00Z,KNCUSD,1.6546,1.6546,1.4331,1.4331,62624.49821642999
2022-06-13T00:00:00Z,KNCUSD,1.4201,1.4334,1.1705,1.2317,150535.76380234008
2022-06-14T00:00:00Z,KNCUSD,1.2241,1.3884,1.1114,1.349,106576.10251343004
2022-06-15T00:00:00Z,KNCUSD,1.3658,1.5314,1.2868,1.5139,244372.43789576998
2022-06-16T00:00:00Z,KNCUSD,1.5344,1.5542,1.3244,1.3493,100367.03212380012
2022-06-17T00:00:00Z,KNCUSD,1.3414,1.4181,1.3326,1.3644,27287.482568150004
2022-06-18T00:00:00Z,KNCUSD,1.3792,1.3794,1.1268,1.2471,41298.51263062004
2022-06-19T00:00:00Z,KNCUSD,1.2577,1.3248,1.1581,1.3088,57897.90579310998
2022-06-20T00:00:00Z,KNCUSD,1.3092,1.3278,1.2234,1.3214,25760.020778230002
2022-06-21T00:00:00Z,KNCUSD,1.3105,1.458,1.2771,1.3639,114688.05411957002
2022-06-22T00:00:00Z,KNCUSD,1.3603,1.3785,1.2735,1.3171,38504.645374469976
2022-06-23T00:00:00Z,KNCUSD,1.3274,1.4163,1.3253,1.3995,42543.379613920006
2022-06-24T00:00:00Z,KNCUSD,1.3992,1.4869,1.3891,1.4665,135319.82839152002
2022-06-25T00:00:00Z,KNCUSD,1.4559,1.5244,1.4067,1.5219,60492.63103823997
2022-06-26T00:00:00Z,KNCUSD,1.5215,1.5363,1.3972,1.3972,28876.447435329996
2022-06-27T00:00:00Z,KNCUSD,1.399,1.4909,1.3767,1.4226,35815.322376380005
2022-06-28T00:00:00Z,KNCUSD,1.416,1.4881,1.3367,1.3433,35683.14827690001
2022-06-29T00:00:00Z,KNCUSD,1.3512,1.3679,1.2788,1.2978,108651.31985545994
2022-06-30T00:00:00Z,KNCUSD,1.2909,1.2909,1.1771,1.2611,26326.002578289987
2022-07-01T00:00:00Z,KNCUSD,1.2598,1.2911,1.1996,1.2315,11500.926080339996
2022-07-02T00:00:00Z,KNCUSD,1.2304,1.2641,1.2055,1.2641,4432.01653695
2022-07-03T00:00:00Z,KNCUSD,1.2531,1.2531,1.2055,1.235,7080.9961791000005
2022-07-04T00:00:00Z,KNCUSD,1.2456,1.302,1.2173,1.2956,35327.92238279
2022-07-05T00:00:00Z,KNCUSD,1.2882,1.3955,1.2298,1.3812,60995.04805919001
2022-07-06T00:00:00Z,KNCUSD,1.3813,1.4256,1.3489,1.3829,32577.28969771
2022-07-07T00:00:00Z,KNCUSD,1.3838,1.4143,1.3568,1.412,18135.8335694
2022-07-08T00:00:00Z,KNCUSD,1.4121,1.4299,1.3603,1.3774,6535.555040869999
2022-07-09T00:00:00Z,KNCUSD,1.3908,1.4189,1.3763,1.4022,5189.896927609999
2022-07-10T00:00:00Z,KNCUSD,1.3891,1.3891,1.3099,1.3099,61436.99272092
2022-07-11T00:00:00Z,KNCUSD,1.3108,1.3162,1.2298,1.237,105182.54078526999
2022-07-12T00:00:00Z,KNCUSD,1.2391,1.2457,1.1979,1.1979,10122.204415950002
2022-07-13T00:00:00Z,KNCUSD,1.19,1.2904,1.1699,1.2884,125266.49116210997
2022-07-14T00:00:00Z,KNCUSD,1.2884,1.3256,1.2353,1.3156,16821.659013609988
2022-07-15T00:00:00Z,KNCUSD,1.3337,1.4468,1.3229,1.4125,206939.03751353006
2022-07-16T00:00:00Z,KNCUSD,1.4178,1.4178,1.3346,1.4017,68553.73056768002
2022-07-17T00:00:00Z,KNCUSD,1.3993,1.4186,1.35,1.3538,52645.575832529976
2022-07-18T00:00:00Z,KNCUSD,1.3812,1.4651,1.3812,1.454,48830.829092729975
2022-07-19T00:00:00Z,KNCUSD,1.4369,1.6273,1.4369,1.513,122227.08145247016
2022-07-20T00:00:00Z,KNCUSD,1.521,1.5783,1.4239,1.4461,41111.749820209996
2022-07-21T00:00:00Z,KNCUSD,1.4201,1.478,1.362,1.478,14255.294952880007
2022-07-22T00:00:00Z,KNCUSD,1.478,1.4906,1.3895,1.4112,19774.572331630003
2022-07-23T00:00:00Z,KNCUSD,1.4226,1.4651,1.3822,1.4236,46949.549464940006
2022-07-24T00:00:00Z,KNCUSD,1.4333,1.4615,1.4171,1.418,6496.21152487
2022-07-25T00:00:00Z,KNCUSD,1.4182,1.4936,1.3099,1.3099,90201.03367446999
2022-07-26T00:00:00Z,KNCUSD,1.318,1.3534,1.2904,1.3534,11190.06688914
2022-07-27T00:00:00Z,KNCUSD,1.3415,1.4397,1.3149,1.4397,26392.57494344
2022-07-28T00:00:00Z,KNCUSD,1.4372,1.5123,1.4086,1.4935,46430.18644289
2022-07-29T00:00:00Z,KNCUSD,1.5167,1.6699,1.4915,1.6095,69082.29959549
2022-07-30T00:00:00Z,KNCUSD,1.6186,1.7234,1.5722,1.5891,76608.52546581003
2022-07-31T00:00:00Z,KNCUSD,1.6008,1.6283,1.514,1.5412,105000.62249373009
2022-08-01T00:00:00Z,KNCUSD,1.5376,1.614,1.5169,1.582,37987.43953057
2022-08-02T00:00:00Z,KNCUSD,1.5906,1.633,1.473,1.4913,79495.05938468997
2022-08-03T00:00:00Z,KNCUSD,1.4896,1.5212,1.4451,1.4565,57343.83354602001
2022-08-04T00:00:00Z,KNCUSD,1.4869,1.5177,1.4665,1.4976,30381.235225889992
2022-08-05T00:00:00Z,KNCUSD,1.5177,1.62,1.5177,1.606,24448.49151528
2022-08-06T00:00:00Z,KNCUSD,1.6071,1.6149,1.5554,1.5554,9724.272444999999
2022-08-07T00:00:00Z,KNCUSD,1.5654,1.5842,1.5348,1.5748,2349.11157017
2022-08-08T00:00:00Z,KNCUSD,1.5854,1.6284,1.5834,1.6135,34707.652123629996
2022-08-09T00:00:00Z,KNCUSD,1.5956,1.638,1.5,1.5346,14202.88215872
2022-08-10T00:00:00Z,KNCUSD,1.5041,1.62,1.4759,1.62,39497.081381479984
2022-08-11T00:00:00Z,KNCUSD,1.6245,1.7577,1.6245,1.6673,55776.81428029
2022-08-12T00:00:00Z,KNCUSD,1.6487,1.6946,1.6258,1.6899,11694.814603010003
2022-08-13T00:00:00Z,KNCUSD,1.6842,1.7352,1.6792,1.7037,15622.464064459999
2022-08-14T00:00:00Z,KNCUSD,1.7066,1.7296,1.6414,1.6515,16186.004587380003
2022-08-15T00:00:00Z,KNCUSD,1.6368,1.7717,1.6316,1.6639,80269.77926922003
2022-08-16T00:00:00Z,KNCUSD,1.6487,1.6566,1.602,1.6359,23166.47820161999
2022-08-17T00:00:00Z,KNCUSD,1.647,1.7184,1.5398,1.6959,313012.7891599298
2022-08-18T00:00:00Z,KNCUSD,1.7092,1.7969,1.6278,1.7529,165055.58318599
2022-08-19T00:00:00Z,KNCUSD,1.7592,1.8498,1.6679,1.768,520453.1143929501
2022-08-20T00:00:00Z,KNCUSD,1.7692,1.8124,1.7112,1.7865,83226.99094191003
2022-08-21T00:00:00Z,KNCUSD,1.7882,1.8124,1.718,1.796,19709.19395249
2022-08-22T00:00:00Z,KNCUSD,1.7882,1.93,1.7759,1.9161,139374.98943681997
2022-08-23T00:00:00Z,KNCUSD,1.9359,1.9445,1.8272,1.9186,137093.05268408003
2022-08-24T00:00:00Z,KNCUSD,1.9063,1.9719,1.8335,1.8488,140042.04582585997
2022-08-25T00:00:00Z,KNCUSD,1.8699,1.8877,1.7788,1.8144,41371.64697546002
2022-08-26T00:00:00Z,KNCUSD,1.8,1.8039,1.7,1.7115,161237.74147271996
2022-08-27T00:00:00Z,KNCUSD,1.722,1.8234,1.6871,1.7879,197062.70351375992
2022-08-28T00:00:00Z,KNCUSD,1.7764,1.7764,1.6622,1.6662,37361.18153994998
2022-08-29T00:00:00Z,KNCUSD,1.6611,1.7118,1.6239,1.7118,13653.049346220003
2022-08-30T00:00:00Z,KNCUSD,1.7013,1.7751,1.6568,1.7316,22262.268789840004
2022-08-31T00:00:00Z,KNCUSD,1.741,1.7607,1.7128,1.729,42865.63924553999
2022-09-01T00:00:00Z,KNCUSD,1.7249,1.7823,1.6823,1.7764,35883.01458724999
2022-09-02T00:00:00Z,KNCUSD,1.7762,1.8155,1.7486,1.7936,53976.55415186
2022-09-03T00:00:00Z,KNCUSD,1.7764,1.81,1.6951,1.7036,249170.23589013005
2022-09-04T00:00:00Z,KNCUSD,1.6972,1.7106,1.6694,1.6839,38210.854660979996
2022-09-05T00:00:00Z,KNCUSD,1.692,1.692,1.6434,1.6705,18709.55955662
2022-09-06T00:00:00Z,KNCUSD,1.6733,1.7294,1.6552,1.681,30623.688565399985
2022-09-07T00:00:00Z,KNCUSD,1.6852,1.748,1.6709,1.7462,68160.55244357
2022-09-08T00:00:00Z,KNCUSD,1.7472,1.7971,1.7294,1.7725,30843.51471446001
2022-09-09T00:00:00Z,KNCUSD,1.7723,1.8814,1.7723,1.8417,18823.72564999
2022-09-10T00:00:00Z,KNCUSD,1.8692,2.0815,1.8451,2.057,62180.896002979964
2022-09-11T00:00:00Z,KNCUSD,2.0507,2.0912,1.9614,1.9996,96773.84422171005
2022-09-12T00:00:00Z,KNCUSD,2.0005,2.0192,1.8989,1.9026,44658.62091533998
2022-09-13T00:00:00Z,KNCUSD,1.8952,1.998,1.8266,1.9509,123622.33939678001
2022-09-14T00:00:00Z,KNCUSD,1.9544,2.0089,1.8772,1.9258,54258.62817414001
2022-09-15T00:00:00Z,KNCUSD,1.9423,2.0528,1.8821,2.0003,60123.22384000998
2022-09-16T00:00:00Z,KNCUSD,1.9918,2.0421,1.8786,1.8819,103905.52748678
2022-09-17T00:00:00Z,KNCUSD,1.8815,1.9891,1.8815,1.8986,47403.27306405999
2022-09-18T00:00:00Z,KNCUSD,1.9095,1.9324,1.2565,1.4342,1660534.197312208
2022-09-19T00:00:00Z,KNCUSD,1.4213,1.4511,1.32,1.4193,225684.88363655997
2022-09-20T00:00:00Z,KNCUSD,1.4047,1.4047,1.293,1.3036,55694.195010779935
2022-09-21T00:00:00Z,KNCUSD,1.3045,1.3413,1.1953,1.2195,80919.01508868998
2022-09-22T00:00:00Z,KNCUSD,1.2203,1.2616,1.2173,1.2587,45620.20782517004
2022-09-23T00:00:00Z,KNCUSD,1.2598,1.2713,1.17,1.222,124821.75274267998
2022-09-24T00:00:00Z,KNCUSD,1.2212,1.2249,1.1924,1.1945,70347.37456650002
2022-09-25T00:00:00Z,KNCUSD,1.2036,1.2134,1.1488,1.1658,25320.81793700001
2022-09-26T00:00:00Z,KNCUSD,1.1631,1.1666,1.1242,1.1663,33685.87453948
2022-09-27T00:00:00Z,KNCUSD,1.1682,1.2039,1.131,1.1461,42831.77265286
2022-09-28T00:00:00Z,KNCUSD,1.1415,1.1472,1.0952,1.1336,33093.658136160004
2022-09-29T00:00:00Z,KNCUSD,1.1352,1.1508,1.113,1.1508,16727.84292309
2022-09-30T00:00:00Z,KNCUSD,1.1508,1.2019,1.1506,1.1725,209064.4508418001
2022-10-01T00:00:00Z,KNCUSD,1.1821,1.1861,1.1593,1.1713,9558.86931684
2022-10-02T00:00:00Z,KNCUSD,1.1821,1.1821,1.1178,1.1234,16964.954588519995
2022-10-03T00:00:00Z,KNCUSD,1.1148,1.1449,1.1148,1.137,12807.04891538
2022-10-04T00:00:00Z,KNCUSD,1.1469,1.161,1.1469,1.153,7530.529187460001
2022-10-05T00:00:00Z,KNCUSD,1.1538,1.1538,1.1307,1.1388,35070.67629252
2022-10-06T00:00:00Z,KNCUSD,1.1522,1.1687,1.1291,1.1356,21920.452218849998
2022-10-07T00:00:00Z,KNCUSD,1.1345,1.1458,1.1198,1.1292,9993.089611810003
2022-10-08T00:00:00Z,KNCUSD,1.1317,1.138,1.1169,1.1234,6541.594083800001
2022-10-09T00:00:00Z,KNCUSD,1.1301,1.1377,1.1271,1.1325,2366.31577487
2022-10-10T00:00:00Z,KNCUSD,1.1336,1.1396,1.0208,1.0573,46895.742204179995
2022-10-11T00:00:00Z,KNCUSD,1.0457,1.0457,1.0202,1.0202,5557.188702949999
2022-10-12T00:00:00Z,KNCUSD,1.03,1.0332,1.0099,1.0261,5204.44722189
2022-10-13T00:00:00Z,KNCUSD,1.0099,1.0099,0.8816,0.962,43753.04375794
2022-10-14T00:00:00Z,KNCUSD,0.958,0.9819,0.9175,0.9251,34727.16008562
2022-10-15T00:00:00Z,KNCUSD,0.9217,0.9823,0.9075,0.9207,74749.53420781
2022-10-16T00:00:00Z,KNCUSD,0.9252,0.9641,0.9197,0.9384,15080.711236619998
2022-10-17T00:00:00Z,KNCUSD,0.9273,0.955,0.9237,0.955,24530.847613739996
2022-10-18T00:00:00Z,KNCUSD,0.9525,0.9527,0.9156,0.9299,55526.69199710001
2022-10-19T00:00:00Z,KNCUSD,0.9218,0.9218,0.8697,0.8697,36885.26087864
2022-10-20T00:00:00Z,KNCUSD,0.8522,0.8868,0.8461,0.8461,6961.180745499999
2022-10-21T00:00:00Z,KNCUSD,0.8516,0.8526,0.8098,0.8526,22197.28497096
2022-10-22T00:00:00Z,KNCUSD,0.8486,0.8486,0.8325,0.8427,1615.3943300099997
2022-10-23T00:00:00Z,KNCUSD,0.8469,0.86,0.8396,0.86,46924.162303239995
2022-10-24T00:00:00Z,KNCUSD,0.8658,0.8696,0.8346,0.8346,48118.90068713001
2022-10-25T00:00:00Z,KNCUSD,0.8422,0.8902,0.8389,0.8669,16760.523001570004
2022-10-26T00:00:00Z,KNCUSD,0.8814,0.9243,0.8814,0.9239,53439.04787428997
2022-10-27T00:00:00Z,KNCUSD,0.9114,0.9413,0.8916,0.8916,49124.35717425999
2022-10-28T00:00:00Z,KNCUSD,0.8916,0.9083,0.87,0.9067,43411.74523687001
2022-10-29T00:00:00Z,KNCUSD,0.9094,0.9379,0.9078,0.9078,43743.62109804998
2022-10-30T00:00:00Z,KNCUSD,0.9202,0.9769,0.9114,0.921,60586.234881849945
2022-10-31T00:00:00Z,KNCUSD,0.9275,0.9283,0.8985,0.9054,191973.0000201399
2022-11-01T00:00:00Z,KNCUSD,0.9142,0.9243,0.8943,0.8953,46689.49850906001
2022-11-02T00:00:00Z,KNCUSD,0.8934,0.9117,0.8483,0.8562,46051.63236778998
2022-11-03T00:00:00Z,KNCUSD,0.8765,0.893,0.8763,0.8828,10636.51143188
2022-11-04T00:00:00Z,KNCUSD,0.8708,0.9519,0.8708,0.9477,224538.54168978013
2022-11-05T00:00:00Z,KNCUSD,0.9529,0.975,0.9381,0.9552,37848.66453434001
2022-11-06T00:00:00Z,KNCUSD,0.9453,0.9552,0.8835,0.8836,44320.23222415999
2022-11-07T00:00:00Z,KNCUSD,0.8881,0.8974,0.8743,0.877,52686.60892288
2022-11-08T00:00:00Z,KNCUSD,0.8723,0.8803,0.586,0.6939,203509.7085141301
2022-11-09T00:00:00Z,KNCUSD,0.6909,0.6915,0.4942,0.5024,383761.2621567599
2022-11-10T00:00:00Z,KNCUSD,0.506,0.6442,0.5033,0.637,243547.03744653007
2022-11-11T00:00:00Z,KNCUSD,0.6451,0.6451,0.5788,0.6205,71856.04751602
2022-11-12T00:00:00Z,KNCUSD,0.6167,0.6211,0.5665,0.5665,83258.27787846001
2022-11-13T00:00:00Z,KNCUSD,0.5731,0.6085,0.5573,0.5787,59973.18347083001
2022-11-14T00:00:00Z,KNCUSD,0.5738,0.5826,0.5351,0.5818,55206.26686277999
2022-11-15T00:00:00Z,KNCUSD,0.5875,0.6479,0.5836,0.6204,108877.64504176998
2022-11-16T00:00:00Z,KNCUSD,0.617,0.635,0.6011,0.6179,15230.1323117
2022-11-17T00:00:00Z,KNCUSD,0.6239,0.6239,0.6045,0.6073,10632.43105571
2022-11-18T00:00:00Z,KNCUSD,0.6118,0.6118,0.5917,0.5962,11579.900420220003
2022-11-19T00:00:00Z,KNCUSD,0.5955,0.6149,0.5859,0.6114,2323.4489000900003
2022-11-20T00:00:00Z,KNCUSD,0.6123,0.6465,0.5776,0.5776,116918.14683181002
2022-11-21T00:00:00Z,KNCUSD,0.5701,0.5748,0.5443,0.5528,157340.97069204
2022-11-22T00:00:00Z,KNCUSD,0.5536,0.5675,0.5315,0.5675,200439.22087578
2022-11-23T00:00:00Z,KNCUSD,0.58,0.6368,0.5797,0.6339,20551.569861149994
2022-11-24T00:00:00Z,KNCUSD,0.6358,0.6429,0.6006,0.622,43989.53690879999
2022-11-25T00:00:00Z,KNCUSD,0.6129,0.6146,0.6086,0.6126,2636.1671145600003
2022-11-26T00:00:00Z,KNCUSD,0.6209,0.6523,0.6179,0.6253,58199.07191905003
2022-11-27T00:00:00Z,KNCUSD,0.6256,0.6642,0.6256,0.6433,25461.600980589992
2022-11-28T00:00:00Z,KNCUSD,0.6514,0.687,0.6078,0.6194,74152.38077085999
2022-11-29T00:00:00Z,KNCUSD,0.6105,0.6308,0.6096,0.6184,26641.200358789996
2022-11-30T00:00:00Z,KNCUSD,0.6308,0.7486,0.6308,0.7191,99969.32753417999
2022-12-01T00:00:00Z,KNCUSD,0.7101,0.7103,0.6671,0.6759,24276.412047910006
2022-12-02T00:00:00Z,KNCUSD,0.6705,0.6792,0.6542,0.6674,37222.42182621001
2022-12-03T00:00:00Z,KNCUSD,0.6607,0.663,0.6285,0.6353,17456.501078549998
2022-12-04T00:00:00Z,KNCUSD,0.6357,0.6638,0.6357,0.6577,25049.748936589986
2022-12-05T00:00:00Z,KNCUSD,0.6566,0.6674,0.6437,0.6453,17230.869765139996
2022-12-06T00:00:00Z,KNCUSD,0.6474,0.6848,0.6474,0.6725,37047.31660551
2022-12-07T00:00:00Z,KNCUSD,0.6674,0.6674,0.616,0.6205,58625.07837198
2022-12-08T00:00:00Z,KNCUSD,0.6205,0.6354,0.612,0.6354,16616.250350970004
2022-12-09T00:00:00Z,KNCUSD,0.631,0.6324,0.6237,0.6248,4685.73618612
2022-12-10T00:00:00Z,KNCUSD,0.6331,0.6345,0.6331,0.6345,665.59547754
2022-12-11T00:00:00Z,KNCUSD,0.6361,0.6574,0.6361,0.6425,7177.855423449998
2022-12-12T00:00:00Z,KNCUSD,0.6397,0.6397,0.6047,0.6216,6706.134372759999
2022-12-13T00:00:00Z,KNCUSD,0.6189,0.6408,0.5995,0.6408,19952.325051629996
2022-12-14T00:00:00Z,KNCUSD,0.6433,0.6455,0.6232,0.6232,7548.344389689999
2022-12-15T00:00:00Z,KNCUSD,0.6215,0.6228,0.6058,0.6069,2813.26090449
2022-12-16T00:00:00Z,KNCUSD,0.6074,0.6111,0.5293,0.54,302249.1607720998
2022-12-17T00:00:00Z,KNCUSD,0.54,0.5441,0.5258,0.5374,66830.36058255
2022-12-18T00:00:00Z,KNCUSD,0.5361,0.5374,0.5266,0.5299,1066.1078395500003
2022-12-19T00:00:00Z,KNCUSD,0.5361,0.5361,0.4963,0.5002,176623.68426925008
2022-12-20T00:00:00Z,KNCUSD,0.5053,0.5398,0.5053,0.5344,6650.98791166
2022-12-21T00:00:00Z,KNCUSD,0.5318,0.5335,0.5188,0.5227,5073.919289420001
2022-12-22T00:00:00Z,KNCUSD,0.5237,0.526,0.5103,0.5248,20937.29617219
2022-12-23T00:00:00Z,KNCUSD,0.5282,0.5282,0.5238,0.5247,292.41945355
2022-12-24T00:00:00Z,KNCUSD,0.527,0.5299,0.527,0.5299,567.6224019699999
2022-12-25T00:00:00Z,KNCUSD,0.5301,0.5301,0.5207,0.5215,2245.89267585
2022-12-26T00:00:00Z,KNCUSD,0.5271,0.5329,0.525,0.5329,922.29891201
2022-12-27T00:00:00Z,KNCUSD,0.5329,0.5366,0.5188,0.5207,40155.90736091
2022-12-28T00:00:00Z,KNCUSD,0.5239,0.5239,0.4993,0.5008,1486.6321381
2022-12-29T00:00:00Z,KNCUSD,0.503,0.5069,0.4735,0.4804,73223.64675968997
2022-12-30T00:00:00Z,KNCUSD,0.4805,0.4805,0.4542,0.4542,49547.24048612
2022-12-31T00:00:00Z,KNCUSD,0.4549,0.457,0.447,0.4544,16913.495411059997
2023-01-01T00:00:00Z,KNCUSD,0.4514,0.4554,0.4494,0.4554,1227.9404565999998
2023-01-02T00:00:00Z,KNCUSD,0.4499,0.4692,0.4499,0.4692,917.61976172
2023-01-03T00:00:00Z,KNCUSD,0.4699,0.4728,0.4638,0.4664,4565.88211791
2023-01-04T00:00:00Z,KNCUSD,0.4705,0.492,0.4705,0.486,14465.932736250003
2023-01-05T00:00:00Z,KNCUSD,0.4906,0.4911,0.4812,0.4812,10227.72391401
2023-01-06T00:00:00Z,KNCUSD,0.4855,0.4954,0.473,0.4954,4333.262581929999
2023-01-07T00:00:00Z,KNCUSD,0.4978,0.5003,0.4956,0.4989,9520.166865510002
2023-01-08T00:00:00Z,KNCUSD,0.4938,0.5146,0.4938,0.5146,4070.4405457699995
2023-01-09T00:00:00Z,KNCUSD,0.5146,0.5496,0.5125,0.5292,19040.1482106
2023-01-10T00:00:00Z,KNCUSD,0.5354,0.5522,0.5209,0.5448,17762.03082173
2023-01-11T00:00:00Z,KNCUSD,0.5496,0.569,0.5388,0.569,6470.634304419998
2023-01-12T00:00:00Z,KNCUSD,0.5704,0.5911,0.55,0.5888,25421.914080690007
2023-01-13T00:00:00Z,KNCUSD,0.5823,0.6047,0.5755,0.5977,11789.767850989998
2023-01-14T00:00:00Z,KNCUSD,0.6047,0.7785,0.6047,0.7383,225080.17746476986
2023-01-15T00:00:00Z,KNCUSD,0.7297,0.816,0.6975,0.7307,97382.56819026
2023-01-16T00:00:00Z,KNCUSD,0.7448,0.7649,0.6951,0.7357,51644.12578074001
2023-01-17T00:00:00Z,KNCUSD,0.739,0.7553,0.7287,0.7287,71799.13849972998
2023-01-18T00:00:00Z,KNCUSD,0.7448,0.7914,0.6737,0.7649,51559.53632681
2023-01-19T00:00:00Z,KNCUSD,0.7555,0.8132,0.7185,0.8132,106650.64733314003
2023-01-20T00:00:00Z,KNCUSD,0.8028,0.8782,0.789,0.8671,100805.54781612997
2023-01-21T00:00:00Z,KNCUSD,0.8706,0.9062,0.8336,0.8384,122344.12740039991
2023-01-22T00:00:00Z,KNCUSD,0.8483,0.8557,0.7939,0.8205,35253.39753633
2023-01-23T00:00:00Z,KNCUSD,0.8239,0.8337,0.8092,0.8229,26780.780245979997
2023-01-24T00:00:00Z,KNCUSD,0.8174,0.8763,0.7739,0.7739,10291.400629380001
2023-01-25T00:00:00Z,KNCUSD,0.7726,0.8055,0.7487,0.7925,22733.71535737
2023-01-26T00:00:00Z,KNCUSD,0.7936,0.8177,0.7679,0.7879,29548.39750949001
2023-01-27T00:00:00Z,KNCUSD,0.7888,0.8352,0.7633,0.825,16219.542046539986
2023-01-28T00:00:00Z,KNCUSD,0.8212,0.838,0.7852,0.7984,9260.542578159999
2023-01-29T00:00:00Z,KNCUSD,0.7947,0.8325,0.7947,0.8261,21096.798625809988
2023-01-30T00:00:00Z,KNCUSD,0.8299,0.8487,0.7319,0.7372,66671.73372526003
2023-01-31T00:00:00Z,KNCUSD,0.7388,0.8143,0.7298,0.7948,36769.90025643
2023-02-01T00:00:00Z,KNCUSD,0.7984,0.825,0.7588,0.8236,36039.20825537
2023-02-02T00:00:00Z,KNCUSD,0.8262,0.8627,0.8118,0.8168,30069.101422620002
2023-02-03T00:00:00Z,KNCUSD,0.8278,0.8451,0.8213,0.8364,5073.167566509999
2023-02-04T00:00:00Z,KNCUSD,0.8451,0.9306,0.8451,0.8991,19163.965879550007
2023-02-05T00:00:00Z,KNCUSD,0.894,0.9178,0.8177,0.8362,22219.559774790003
2023-02-06T00:00:00Z,KNCUSD,0.8451,0.9565,0.8451,0.869,61250.58489976005
2023-02-07T00:00:00Z,KNCUSD,0.8601,0.9178,0.8588,0.9158,58075.772457360006
2023-02-08T00:00:00Z,KNCUSD,0.9274,0.937,0.8716,0.9178,19729.151494609996
2023-02-09T00:00:00Z,KNCUSD,0.9125,0.9145,0.7759,0.7866,111217.60626085002
2023-02-10T00:00:00Z,KNCUSD,0.794,0.8006,0.7855,0.7856,17927.791949530005
2023-02-11T00:00:00Z,KNCUSD,0.7886,0.8183,0.7842,0.8183,2055.78963087
2023-02-12T00:00:00Z,KNCUSD,0.8126,0.8239,0.7855,0.7933,1109.6488943
2023-02-13T00:00:00Z,KNCUSD,0.7739,0.7771,0.7293,0.7536,16401.469421389997
2023-02-14T00:00:00Z,KNCUSD,0.7553,0.7856,0.7402,0.7856,4229.02167879
2023-02-15T00:00:00Z,KNCUSD,0.7879,0.8487,0.7718,0.8461,4728.43600186
2023-02-16T00:00:00Z,KNCUSD,0.8527,0.8686,0.8007,0.8007,17100.528407629998
2023-02-17T00:00:00Z,KNCUSD,0.8195,0.854,0.8194,0.8487,21364.27329201
2023-02-18T00:00:00Z,KNCUSD,0.8527,0.8792,0.8461,0.8686,1222.4964289999998
2023-02-19T00:00:00Z,KNCUSD,0.858,0.9006,0.8423,0.8686,12086.709641870006
2023-02-20T00:00:00Z,KNCUSD,0.8744,0.9012,0.8423,0.8991,15150.668576660002
2023-02-21T00:00:00Z,KNCUSD,0.8931,0.9014,0.8501,0.8686,5102.781020140001
2023-02-22T00:00:00Z,KNCUSD,0.8744,0.8778,0.8186,0.863,12346.222366459997
2023-02-23T00:00:00Z,KNCUSD,0.8686,0.8785,0.8461,0.8677,12313.46748453
2023-02-24T00:00:00Z,KNCUSD,0.8686,0.896,0.8336,0.8614,27558.88762276999
2023-02-25T00:00:00Z,KNCUSD,0.8686,0.9556,0.8686,0.9383,132410.89342469993
2023-02-26T00:00:00Z,KNCUSD,0.9416,0.9693,0.8943,0.9105,40923.155387710016
2023-02-27T00:00:00Z,KNCUSD,0.8986,0.9,0.8588,0.8713,18329.100786379997
2023-02-28T00:00:00Z,KNCUSD,0.8588,0.8713,0.8373,0.8397,3913.2077909399995
2023-03-01T00:00:00Z,KNCUSD,0.8336,0.8677,0.8336,0.8677,11356.069900890001
2023-03-02T00:00:00Z,KNCUSD,0.848,0.848,0.807,0.8231,19768.266581339998
2023-03-03T00:00:00Z,KNCUSD,0.811,0.811,0.7295,0.7619,50298.56957759001
2023-03-04T00:00:00Z,KNCUSD,0.7697,0.7697,0.7185,0.7336,6142.30538418
2023-03-05T00:00:00Z,KNCUSD,0.7353,0.7526,0.7293,0.7293,41467.27706863001
2023-03-06T00:00:00Z,KNCUSD,0.7205,0.7404,0.7021,0.7355,80550.42199277002
2023-03-07T00:00:00Z,KNCUSD,0.7332,0.7412,0.7079,0.7207,14319.484964859997
2023-03-08T00:00:00Z,KNCUSD,0.7079,0.7101,0.6671,0.6671,7041.36232847
2023-03-09T00:00:00Z,KNCUSD,0.6752,0.6953,0.6179,0.6192,12021.883304770003
2023-03-10T00:00:00Z,KNCUSD,0.6105,0.6223,0.5754,0.6118,120769.76372315001
2023-03-11T00:00:00Z,KNCUSD,0.6131,0.6308,0.5749,0.6034,61891.419296009975
2023-03-12T00:00:00Z,KNCUSD,0.5989,0.6631,0.5927,0.6631,63411.12960336997
2023-03-13T00:00:00Z,KNCUSD,0.6673,0.7152,0.6389,0.7062,60521.86725073
2023-03-14T00:00:00Z,KNCUSD,0.7079,0.7662,0.6931,0.7366,41105.243830020016
2023-03-15T00:00:00Z,KNCUSD,0.7342,0.7494,0.665,0.6754,49183.78675533997
2023-03-16T00:00:00Z,KNCUSD,0.6777,0.6894,0.6671,0.6894,4498.552970610001
2023-03-17T00:00:00Z,KNCUSD,0.6827,0.7482,0.6771,0.7482,42423.49852241001
2023-03-18T00:00:00Z,KNCUSD,0.7536,0.7664,0.7185,0.7248,12732.107085299995
2023-03-19T00:00:00Z,KNCUSD,0.7312,0.7668,0.7279,0.7606,4248.62056877
2023-03-20T00:00:00Z,KNCUSD,0.7521,0.7606,0.7161,0.7185,7024.368515539998
2023-03-21T00:00:00Z,KNCUSD,0.7301,0.7425,0.6975,0.7361,2267.342901950001
2023-03-22T00:00:00Z,KNCUSD,0.7279,0.7301,0.6766,0.6986,12128.606960739997
2023-03-23T00:00:00Z,KNCUSD,0.6997,0.7315,0.6946,0.7242,12698.340865809998
2023-03-24T00:00:00Z,KNCUSD,0.7193,0.7193,0.6861,0.6946,29601.299714099998
2023-03-25T00:00:00Z,KNCUSD,0.6895,0.6983,0.6752,0.6752,4288.996691910001
2023-03-26T00:00:00Z,KNCUSD,0.6888,0.706,0.6888,0.6995,4912.399613890002
2023-03-27T00:00:00Z,KNCUSD,0.7022,0.7022,0.6513,0.6611,17801.06953094
2023-03-28T00:00:00Z,KNCUSD,0.6555,0.6738,0.6504,0.6738,2134.20678227
2023-03-29T00:00:00Z,KNCUSD,0.6792,0.7496,0.6782,0.7425,37417.561935909995
2023-03-30T00:00:00Z,KNCUSD,0.7339,0.7491,0.7036,0.7124,22180.96224827
2023-03-31T00:00:00Z,KNCUSD,0.7133,0.7315,0.6964,0.7315,17466.316070770004
2023-04-01T00:00:00Z,KNCUSD,0.7302,0.7518,0.7302,0.7471,24792.89520727
2023-04-02T00:00:00Z,KNCUSD,0.7535,0.7548,0.7,0.7207,12286.23638962
2023-04-03T00:00:00Z,KNCUSD,0.7238,0.7301,0.6963,0.7207,13609.591056499992
2023-04-04T00:00:00Z,KNCUSD,0.7242,0.7433,0.7201,0.7339,23124.286824040002
2023-04-05T00:00:00Z,KNCUSD,0.7422,0.7879,0.7422,0.7879,15618.313739669999
2023-04-06T00:00:00Z,KNCUSD,0.7771,0.7879,0.7548,0.7879,8976.42193859
2023-04-07T00:00:00Z,KNCUSD,0.7771,0.7988,0.7691,0.7988,30492.26569603001
2023-04-08T00:00:00Z,KNCUSD,0.7939,0.8272,0.7835,0.8216,13129.219365859997
2023-04-09T00:00:00Z,KNCUSD,0.8299,0.8448,0.7625,0.7945,33058.23022333
2023-04-10T00:00:00Z,KNCUSD,0.7835,0.7912,0.7694,0.7901,19229.65880773
2023-04-11T00:00:00Z,KNCUSD,0.79,0.7902,0.7805,0.7871,10773.72567435
2023-04-12T00:00:00Z,KNCUSD,0.7771,0.7771,0.7477,0.7585,25125.892581600005
2023-04-13T00:00:00Z,KNCUSD,0.7654,0.7855,0.7608,0.7832,7577.956191510002
2023-04-14T00:00:00Z,KNCUSD,0.7859,0.8026,0.7739,0.7919,14410.802697769997
2023-04-15T00:00:00Z,KNCUSD,0.794,0.794,0.7799,0.788,4307.133611110001
2023-04-16T00:00:00Z,KNCUSD,0.7771,0.8017,0.7739,0.7971,17340.89542609
2023-04-17T00:00:00Z,KNCUSD,0.7899,0.7899,0.7601,0.7707,21561.485478969993
2023-04-18T00:00:00Z,KNCUSD,0.769,0.798,0.7688,0.7852,22379.330512979996
2023-04-19T00:00:00Z,KNCUSD,0.7874,0.7874,0.7033,0.7074,55251.79789636001
2023-04-20T00:00:00Z,KNCUSD,0.7177,0.7444,0.6872,0.706,81662.43391873004
2023-04-21T00:00:00Z,KNCUSD,0.706,0.7152,0.6771,0.6771,13071.917015170002
2023-04-22T00:00:00Z,KNCUSD,0.6854,0.7101,0.6854,0.7091,5356.364663509999
2023-04-23T00:00:00Z,KNCUSD,0.6975,0.7064,0.6848,0.6995,1775.34899652
2023-04-24T00:00:00Z,KNCUSD,0.6872,0.6997,0.6845,0.6945,10063.423034760002
2023-04-25T00:00:00Z,KNCUSD,0.6987,0.6997,0.6771,0.6997,2602.16728778
2023-04-26T00:00:00Z,KNCUSD,0.6969,0.7242,0.6569,0.6877,19573.07053515
2023-04-27T00:00:00Z,KNCUSD,0.6872,0.7163,0.6872,0.7091,21926.49187161
2023-04-28T00:00:00Z,KNCUSD,0.7037,0.7069,0.6915,0.6915,578.01913768
2023-04-29T00:00:00Z,KNCUSD,0.7046,0.7207,0.7046,0.7125,6358.614542999999
2023-04-30T00:00:00Z,KNCUSD,0.7052,0.7082,0.695,0.6963,6148.886862729999
2023-05-01T00:00:00Z,KNCUSD,0.6878,0.6878,0.6671,0.6677,24404.098641300006
2023-05-02T00:00:00Z,KNCUSD,0.6704,0.6722,0.6702,0.6705,13998.970534580001
2023-05-03T00:00:00Z,KNCUSD,0.6726,0.6792,0.655,0.6783,1528.78758917
2023-05-04T00:00:00Z,KNCUSD,0.6777,0.6803,0.6619,0.6619,13114.032822619998
2023-05-05T00:00:00Z,KNCUSD,0.6663,0.6818,0.6659,0.6818,1902.7001451500003
2023-05-06T00:00:00Z,KNCUSD,0.6894,0.6894,0.65,0.658,3134.8769048400004
2023-05-07T00:00:00Z,KNCUSD,0.6584,0.662,0.6477,0.6477,5919.75186559
2023-05-08T00:00:00Z,KNCUSD,0.6441,0.6441,0.5725,0.5945,33897.76687027
2023-05-09T00:00:00Z,KNCUSD,0.5855,0.608,0.5855,0.6069,4011.1005947099998
2023-05-10T00:00:00Z,KNCUSD,0.6081,0.6216,0.588,0.6195,19481.278337769996
2023-05-11T00:00:00Z,KNCUSD,0.6105,0.6124,0.5899,0.5966,3052.94832132
2023-05-12T00:00:00Z,KNCUSD,0.588,0.5998,0.5754,0.5998,12269.6609281
2023-05-13T00:00:00Z,KNCUSD,0.5968,0.5968,0.5944,0.5967,288.02352237
2023-05-14T00:00:00Z,KNCUSD,0.5969,0.6035,0.5941,0.6003,1179.65705883
2023-05-15T00:00:00Z,KNCUSD,0.601,0.6155,0.5959,0.6114,2402.1447522400003
2023-05-16T00:00:00Z,KNCUSD,0.6015,0.6053,0.6002,0.6007,1460.02498053
2023-05-17T00:00:00Z,KNCUSD,0.6061,0.625,0.6006,0.6228,6725.83720619
2023-05-18T00:00:00Z,KNCUSD,0.6226,0.6229,0.6061,0.6179,8126.607802469998
2023-05-19T00:00:00Z,KNCUSD,0.626,0.6376,0.6173,0.6278,2061.9172401600003
2023-05-20T00:00:00Z,KNCUSD,0.6152,0.6228,0.6152,0.6183,679.30209113
2023-05-21T00:00:00Z,KNCUSD,0.6105,0.6105,0.6015,0.6015,85.35806968
2023-05-22T00:00:00Z,KNCUSD,0.5941,0.6124,0.588,0.6124,2654.2260036299995
2023-05-23T00:00:00Z,KNCUSD,0.6136,0.6251,0.6136,0.6251,4305.77904481
2023-05-24T00:00:00Z,KNCUSD,0.6308,0.6393,0.5954,0.6049,11075.265986499999
2023-05-25T00:00:00Z,KNCUSD,0.5928,0.6007,0.584,0.5996,2042.5859890999998
2023-05-26T00:00:00Z,KNCUSD,0.5933,0.6034,0.5933,0.6034,6206.832981720001
2023-05-27T00:00:00Z,KNCUSD,0.6068,0.6124,0.6068,0.6121,13393.716852669999
2023-05-28T00:00:00Z,KNCUSD,0.6216,0.6423,0.6187,0.641,60412.16079167
2023-05-29T00:00:00Z,KNCUSD,0.6301,0.6341,0.6227,0.6291,32962.847622609996
2023-05-30T00:00:00Z,KNCUSD,0.6264,0.6395,0.6264,0.6291,6454.794064159999
2023-05-31T00:00:00Z,KNCUSD,0.6227,0.6227,0.6041,0.6069,3041.650993349999
2023-06-01T00:00:00Z,KNCUSD,0.608,0.615,0.6014,0.612,1708.4990210200003
2023-06-02T00:00:00Z,KNCUSD,0.6026,0.624,0.6026,0.624,2537.9126772599993
2023-06-03T00:00:00Z,KNCUSD,0.6212,0.6224,0.6212,0.6224,1363.9337507999999
2023-06-04T00:00:00Z,KNCUSD,0.6231,0.6331,0.6221,0.6331,7050.275319300001
2023-06-05T00:00:00Z,KNCUSD,0.6278,0.6305,0.5491,0.5654,94043.08167314006
2023-06-06T00:00:00Z,KNCUSD,0.5656,0.5998,0.5583,0.5998,5010.992568059999
2023-06-07T00:00:00Z,KNCUSD,0.5841,0.5846,0.5535,0.5569,37688.90675348
2023-06-08T00:00:00Z,KNCUSD,0.5572,0.5628,0.5498,0.5583,34765.250633899996
2023-06-09T00:00:00Z,KNCUSD,0.5551,0.5634,0.5504,0.5576,12404.252637009999
2023-06-10T00:00:00Z,KNCUSD,0.5567,0.5568,0.4325,0.476,392575.2723849904
2023-06-11T00:00:00Z,KNCUSD,0.4745,0.4922,0.4743,0.4812,39583.97901934002
2023-06-12T00:00:00Z,KNCUSD,0.4816,0.4842,0.471,0.4839,18842.255448039996
2023-06-13T00:00:00Z,KNCUSD,0.4846,0.4982,0.4819,0.4849,29515.47448698
2023-06-14T00:00:00Z,KNCUSD,0.4878,0.4906,0.4606,0.4692,26233.308100380007
2023-06-15T00:00:00Z,KNCUSD,0.4701,0.4838,0.4649,0.4817,79982.42165216002
2023-06-16T00:00:00Z,KNCUSD,0.4805,0.4925,0.4678,0.4808,111979.25819703004
2023-06-17T00:00:00Z,KNCUSD,0.4778,0.4944,0.4768,0.4927,10589.46921466
2023-06-18T00:00:00Z,KNCUSD,0.4906,0.4959,0.4819,0.4829,2796.17979548
2023-06-19T00:00:00Z,KNCUSD,0.4849,0.4898,0.4821,0.4821,4138.54316896
2023-06-20T00:00:00Z,KNCUSD,0.4839,0.4937,0.4634,0.4937,99658.68735803998
2023-06-21T00:00:00Z,KNCUSD,0.4944,0.5355,0.4944,0.5321,54235.80307800003
2023-06-22T00:00:00Z,KNCUSD,0.5335,0.5441,0.5202,0.5208,17449.185349630006
2023-06-23T00:00:00Z,KNCUSD,0.5188,0.5486,0.5182,0.5394,18802.2891511
2023-06-24T00:00:00Z,KNCUSD,0.5418,0.8299,0.5418,0.6339,1260229.7378094674
2023-06-25T00:00:00Z,KNCUSD,0.6328,0.6692,0.5857,0.586,146898.86206191004
2023-06-26T00:00:00Z,KNCUSD,0.5853,0.5853,0.5455,0.5455,67777.42197491998
2023-06-27T00:00:00Z,KNCUSD,0.558,0.5773,0.557,0.5585,21068.23630046
2023-06-28T00:00:00Z,KNCUSD,0.5528,0.5542,0.5037,0.5282,24540.003025920003
2023-06-29T00:00:00Z,KNCUSD,0.5269,0.539,0.5218,0.532,17915.00455518
2023-06-30T00:00:00Z,KNCUSD,0.5361,0.5687,0.518,0.5641,46641.59985094
2023-07-01T00:00:00Z,KNCUSD,0.5584,0.5687,0.5504,0.5687,15824.706995830004
2023-07-02T00:00:00Z,KNCUSD,0.5586,0.5646,0.5504,0.5646,9611.929310039997
2023-07-03T00:00:00Z,KNCUSD,0.5682,0.578,0.5679,0.5759,43548.723566889974
2023-07-04T00:00:00Z,KNCUSD,0.5682,0.5784,0.5602,0.5733,20062.541073319993
2023-07-05T00:00:00Z,KNCUSD,0.5761,0.5871,0.5567,0.5618,11182.416971170001
2023-07-06T00:00:00Z,KNCUSD,0.5687,0.5777,0.5366,0.5424,48270.596079489995
2023-07-07T00:00:00Z,KNCUSD,0.5344,0.5464,0.5344,0.5455,3293.71982752
2023-07-08T00:00:00Z,KNCUSD,0.5498,0.5604,0.5418,0.5429,6132.58499885
2023-07-09T00:00:00Z,KNCUSD,0.5511,0.5577,0.5482,0.5491,14136.854002839998
2023-07-10T00:00:00Z,KNCUSD,0.5428,0.564,0.532,0.5556,16024.25555637
2023-07-11T00:00:00Z,KNCUSD,0.5559,0.5717,0.552,0.5687,29914.641801279995
2023-07-12T00:00:00Z,KNCUSD,0.5735,0.587,0.5735,0.5831,99519.52379376003
2023-07-13T00:00:00Z,KNCUSD,0.5765,0.6439,0.5754,0.6081,184988.21933041007
2023-07-14T00:00:00Z,KNCUSD,0.6124,0.6813,0.6124,0.6489,124390.66263202995
2023-07-15T00:00:00Z,KNCUSD,0.6383,0.6611,0.6147,0.6276,15045.359418990001
2023-07-16T00:00:00Z,KNCUSD,0.6213,0.6216,0.5974,0.6041,5407.222419169999
2023-07-17T00:00:00Z,KNCUSD,0.6124,0.6415,0.5927,0.6114,63840.55354850002
2023-07-18T00:00:00Z,KNCUSD,0.6124,0.6216,0.5785,0.5809,15645.617463100003
2023-07-19T00:00:00Z,KNCUSD,0.5927,0.6045,0.5871,0.5922,11999.122300189998
2023-07-20T00:00:00Z,KNCUSD,0.5995,0.6082,0.5927,0.6034,3588.7525702899998
2023-07-21T00:00:00Z,KNCUSD,0.6007,0.615,0.5999,0.6116,8778.457789439999
2023-07-22T00:00:00Z,KNCUSD,0.6111,0.6143,0.6058,0.6141,3982.1767698400004
2023-07-23T00:00:00Z,KNCUSD,0.6163,0.6221,0.6099,0.6204,9679.71776215
2023-07-24T00:00:00Z,KNCUSD,0.6149,0.6431,0.5827,0.6423,66165.14463665997
2023-07-25T00:00:00Z,KNCUSD,0.6452,0.7729,0.6452,0.6577,677445.8226807103
2023-07-26T00:00:00Z,KNCUSD,0.6662,0.7483,0.6662,0.7118,165303.63909332998
2023-07-27T00:00:00Z,KNCUSD,0.7079,0.7079,0.6558,0.6625,69545.24909022002
2023-07-28T00:00:00Z,KNCUSD,0.6683,0.7879,0.6542,0.7644,274916.40935323975
2023-07-29T00:00:00Z,KNCUSD,0.7644,0.8299,0.7588,0.7945,156189.68374088
2023-07-30T00:00:00Z,KNCUSD,0.79,0.79,0.7492,0.7564,69036.17757710996
2023-07-31T00:00:00Z,KNCUSD,0.7481,0.7778,0.7266,0.7289,64401.05008240999
2023-08-01T00:00:00Z,KNCUSD,0.7248,0.7248,0.6872,0.6997,53337.22651624002
2023-08-02T00:00:00Z,KNCUSD,0.7061,1.1353,0.6853,0.7608,1483297.586445538
2023-08-03T00:00:00Z,KNCUSD,0.7597,0.7641,0.713,0.7187,145207.8532889
2023-08-04T00:00:00Z,KNCUSD,0.7184,0.7574,0.666,0.6792,97143.44420438998
2023-08-05T00:00:00Z,KNCUSD,0.6805,0.7045,0.6771,0.6813,90604.79136117002
2023-08-06T00:00:00Z,KNCUSD,0.6758,0.6867,0.663,0.6802,38249.34195591001
2023-08-07T00:00:00Z,KNCUSD,0.6825,0.6894,0.6357,0.6567,50889.09632566002
2023-08-08T00:00:00Z,KNCUSD,0.6541,0.658,0.6332,0.6492,40808.23458292998
2023-08-09T00:00:00Z,KNCUSD,0.6443,0.649,0.6375,0.6449,38557.19964720001
2023-08-10T00:00:00Z,KNCUSD,0.6498,0.6508,0.6354,0.6375,10570.462043889995
2023-08-11T00:00:00Z,KNCUSD,0.6387,0.6486,0.6368,0.6486,21834.912385009997
2023-08-12T00:00:00Z,KNCUSD,0.6485,0.6676,0.6458,0.6651,19425.295470740006
2023-08-13T00:00:00Z,KNCUSD,0.6659,0.709,0.6659,0.6897,100633.36566688992
2023-08-14T00:00:00Z,KNCUSD,0.6894,0.7138,0.6712,0.6751,23280.399372810007
2023-08-15T00:00:00Z,KNCUSD,0.678,0.6941,0.6263,0.6377,59005.988477930005
2023-08-16T00:00:00Z,KNCUSD,0.6496,0.6792,0.5959,0.6131,92624.15671818
2023-08-17T00:00:00Z,KNCUSD,0.6101,0.6255,0.4789,0.5316,158710.35050481017
2023-08-18T00:00:00Z,KNCUSD,0.5303,0.5422,0.5231,0.5399,39330.50659128001
2023-08-19T00:00:00Z,KNCUSD,0.5403,0.5526,0.5337,0.5436,19140.82855614
2023-08-20T00:00:00Z,KNCUSD,0.5476,0.5522,0.539,0.5481,2222.73039575
2023-08-21T00:00:00Z,KNCUSD,0.5462,0.5462,0.5187,0.5384,30844.49168800999
2023-08-22T00:00:00Z,KNCUSD,0.5391,0.5463,0.5156,0.5422,16621.841733830002
2023-08-23T00:00:00Z,KNCUSD,0.5467,0.5604,0.5334,0.557,34352.36372655002
2023-08-24T00:00:00Z,KNCUSD,0.5612,0.5627,0.5344,0.5377,11567.654091350005
2023-08-25T00:00:00Z,KNCUSD,0.5383,0.5407,0.5251,0.5363,17076.01039806
2023-08-26T00:00:00Z,KNCUSD,0.5348,0.5386,0.5328,0.5365,1146.89173476
2023-08-27T00:00:00Z,KNCUSD,0.5356,0.5356,0.5185,0.5213,23066.55077785
2023-08-28T00:00:00Z,KNCUSD,0.5191,0.5231,0.4997,0.5231,25741.33938061
2023-08-29T00:00:00Z,KNCUSD,0.5228,0.54,0.5076,0.5361,60088.26965765002
2023-08-30T00:00:00Z,KNCUSD,0.539,0.5458,0.5208,0.5289,37942.04647978
2023-08-31T00:00:00Z,KNCUSD,0.5227,0.5337,0.4952,0.5091,116953.57019400004
2023-09-01T00:00:00Z,KNCUSD,0.506,0.5114,0.4929,0.5009,13117.76735156
2023-09-02T00:00:00Z,KNCUSD,0.4991,0.5053,0.4956,0.501,32542.183186120004
2023-09-03T00:00:00Z,KNCUSD,0.5053,0.5107,0.4989,0.5107,1301.1524278499999
2023-09-04T00:00:00Z,KNCUSD,0.5128,0.53,0.5051,0.5193,218395.40181455997
2023-09-05T00:00:00Z,KNCUSD,0.519,0.5449,0.5148,0.5449,77101.68951180001
2023-09-06T00:00:00Z,KNCUSD,0.5415,0.5544,0.5306,0.5402,238535.17320517977
2023-09-07T00:00:00Z,KNCUSD,0.5403,0.5508,0.5324,0.5439,25309.888550570002
2023-09-08T00:00:00Z,KNCUSD,0.5426,0.5441,0.5266,0.5441,26511.04513237
2023-09-09T00:00:00Z,KNCUSD,0.5479,0.5479,0.5354,0.5398,17176.0033339
2023-09-10T00:00:00Z,KNCUSD,0.5387,0.5387,0.5138,0.5277,151301.39925889004
2023-09-11T00:00:00Z,KNCUSD,0.5188,0.5246,0.4987,0.5008,38750.188263060016
2023-09-12T00:00:00Z,KNCUSD,0.5011,0.5282,0.4951,0.5031,93749.12234996003
2023-09-13T00:00:00Z,KNCUSD,0.5047,0.5196,0.5045,0.5169,10447.510308010002
2023-09-14T00:00:00Z,KNCUSD,0.5205,0.5351,0.5128,0.5307,39142.52678633001
2023-09-15T00:00:00Z,KNCUSD,0.5296,0.5799,0.5296,0.5752,170938.85524399008
2023-09-16T00:00:00Z,KNCUSD,0.5753,0.6692,0.5753,0.6094,288040.98494568985
2023-09-17T00:00:00Z,KNCUSD,0.6124,0.6124,0.5754,0.594,28310.31464641
2023-09-18T00:00:00Z,KNCUSD,0.5935,0.6048,0.5781,0.5849,58890.88178355998
2023-09-19T00:00:00Z,KNCUSD,0.5846,0.5976,0.5781,0.5933,20213.679794549997
2023-09-20T00:00:00Z,KNCUSD,0.5946,0.6421,0.5886,0.6421,52954.16699430002
2023-09-21T00:00:00Z,KNCUSD,0.64,0.64,0.5864,0.6088,62322.22031769001
2023-09-22T00:00:00Z,KNCUSD,0.6034,0.6231,0.6034,0.622,11574.540732149999
2023-09-23T00:00:00Z,KNCUSD,0.6231,0.7272,0.6231,0.719,370623.16902537015
2023-09-24T00:00:00Z,KNCUSD,0.7191,0.7525,0.6631,0.6659,298585.2838613601
2023-09-25T00:00:00Z,KNCUSD,0.6661,0.6899,0.6303,0.6641,69801.52354946003
2023-09-26T00:00:00Z,KNCUSD,0.6639,0.7283,0.658,0.7225,227660.28830182005
2023-09-27T00:00:00Z,KNCUSD,0.7255,0.7419,0.6927,0.7263,101606.56091264005
2023-09-28T00:00:00Z,KNCUSD,0.7223,0.7327,0.7003,0.7285,13941.466159579995
2023-09-29T00:00:00Z,KNCUSD,0.7313,0.7327,0.6845,0.7094,40643.472457989985
2023-09-30T00:00:00Z,KNCUSD,0.7045,0.711,0.6854,0.6875,3238.3327979000005
2023-10-01T00:00:00Z,KNCUSD,0.6837,0.7101,0.6671,0.7018,11524.137909349998
2023-10-02T00:00:00Z,KNCUSD,0.7028,0.7114,0.6707,0.671,34567.06049719
2023-10-03T00:00:00Z,KNCUSD,0.6683,0.6696,0.6517,0.6572,7911.176729500003
2023-10-04T00:00:00Z,KNCUSD,0.6519,0.6519,0.6301,0.6421,12709.97884541
2023-10-05T00:00:00Z,KNCUSD,0.6408,0.6807,0.6363,0.6792,33780.85427379
2023-10-06T00:00:00Z,KNCUSD,0.6817,0.725,0.6715,0.7246,34562.24191996
2023-10-07T00:00:00Z,KNCUSD,0.7283,0.7359,0.696,0.7058,13726.30997824
2023-10-08T00:00:00Z,KNCUSD,0.7101,0.7101,0.6771,0.6987,22264.906787599997
2023-10-09T00:00:00Z,KNCUSD,0.7013,0.7207,0.6573,0.6704,22807.479933870014
2023-10-10T00:00:00Z,KNCUSD,0.6776,0.6786,0.6468,0.657,34250.843732459994
2023-10-11T00:00:00Z,KNCUSD,0.6517,0.6656,0.6382,0.65,43898.82548152999
2023-10-12T00:00:00Z,KNCUSD,0.6439,0.6537,0.6325,0.6423,6573.36922896
2023-10-13T00:00:00Z,KNCUSD,0.6401,0.6533,0.6382,0.6449,23628.36331024
2023-10-14T00:00:00Z,KNCUSD,0.6441,0.6511,0.6423,0.6511,3934.43951359
2023-10-15T00:00:00Z,KNCUSD,0.6405,0.6471,0.6371,0.6411,15639.226874889999
2023-10-16T00:00:00Z,KNCUSD,0.6435,0.6956,0.6388,0.6669,60242.764996779995
2023-10-17T00:00:00Z,KNCUSD,0.662,0.6897,0.6565,0.6874,18663.66699485
2023-10-18T00:00:00Z,KNCUSD,0.6808,0.7131,0.661,0.6895,143093.46389474996
2023-10-19T00:00:00Z,KNCUSD,0.6937,0.6937,0.6288,0.6288,170544.32196819998
2023-10-20T00:00:00Z,KNCUSD,0.6262,0.6469,0.6096,0.6441,71019.83905777999
2023-10-21T00:00:00Z,KNCUSD,0.6421,0.6616,0.6372,0.65,9825.339666789998
2023-10-22T00:00:00Z,KNCUSD,0.6555,0.676,0.6438,0.6717,99625.16165436
2023-10-23T00:00:00Z,KNCUSD,0.6716,0.6999,0.6551,0.6942,129801.64948108995
2023-10-24T00:00:00Z,KNCUSD,0.6997,0.7805,0.6997,0.7805,222189.76174067965
2023-10-25T00:00:00Z,KNCUSD,0.7827,0.8161,0.7293,0.7551,274298.18556953984
2023-10-26T00:00:00Z,KNCUSD,0.7567,0.7602,0.7075,0.7385,205736.9970233599
2023-10-27T00:00:00Z,KNCUSD,0.7226,0.7545,0.7145,0.75,47467.19247447999
2023-10-28T00:00:00Z,KNCUSD,0.7502,0.7656,0.7462,0.7555,92765.22190864004
2023-10-29T00:00:00Z,KNCUSD,0.7523,0.7649,0.7361,0.763,16826.439817630002
2023-10-30T00:00:00Z,KNCUSD,0.7513,0.7653,0.74,0.7616,24089.670675830002
2023-10-31T00:00:00Z,KNCUSD,0.7648,0.7804,0.708,0.7485,55656.7111758
2023-11-01T00:00:00Z,KNCUSD,0.7475,0.9726,0.7454,0.8172,288755.5495202502
2023-11-02T00:00:00Z,KNCUSD,0.8092,0.8307,0.7737,0.7891,123477.35227105995
2023-11-03T00:00:00Z,KNCUSD,0.7847,0.7847,0.7402,0.766,36890.9421375
2023-11-04T00:00:00Z,KNCUSD,0.7666,0.7953,0.7578,0.79,28669.331271760006
2023-11-05T00:00:00Z,KNCUSD,0.7884,0.8307,0.78,0.8102,35359.651976060006
2023-11-06T00:00:00Z,KNCUSD,0.8012,0.821,0.7931,0.817,18201.158046300003
2023-11-07T00:00:00Z,KNCUSD,0.8151,0.8158,0.769,0.7941,8126.942761240002
2023-11-08T00:00:00Z,KNCUSD,0.8014,0.843,0.7937,0.8414,47638.61700160007
2023-11-09T00:00:00Z,KNCUSD,0.8326,0.8579,0.718,0.8154,94051.29080038005
2023-11-10T00:00:00Z,KNCUSD,0.8218,0.8549,0.8064,0.852,45143.469852890004
2023-11-11T00:00:00Z,KNCUSD,0.8537,0.916,0.8324,0.8754,100775.21278050002
2023-11-12T00:00:00Z,KNCUSD,0.8744,0.9075,0.8387,0.8766,63122.24566487998
2023-11-13T00:00:00Z,KNCUSD,0.8805,0.8905,0.8324,0.8397,75957.77284155994
2023-11-14T00:00:00Z,KNCUSD,0.8462,0.8487,0.7566,0.8074,41749.64923892
2023-11-15T00:00:00Z,KNCUSD,0.8118,0.8371,0.7994,0.8361,15663.595257250003
2023-11-16T00:00:00Z,KNCUSD,0.8365,0.8458,0.7672,0.7715,62280.57487474
2023-11-17T00:00:00Z,KNCUSD,0.7796,0.7962,0.7493,0.7763,10311.534655200003
2023-11-18T00:00:00Z,KNCUSD,0.7704,0.7758,0.7359,0.7701,5691.130814819999
2023-11-19T00:00:00Z,KNCUSD,0.7513,0.7962,0.7513,0.7962,22301.39915836
2023-11-20T00:00:00Z,KNCUSD,0.7907,0.8014,0.7625,0.7799,24853.30339007
2023-11-21T00:00:00Z,KNCUSD,0.7808,0.7876,0.7044,0.7169,44909.728001740026
2023-11-22T00:00:00Z,KNCUSD,0.7207,0.7631,0.7063,0.7321,141008.03687732
2023-11-23T00:00:00Z,KNCUSD,0.7357,0.7611,0.7011,0.7291,210296.29332302988
2023-11-24T00:00:00Z,KNCUSD,0.7335,0.736,0.7242,0.7278,12376.22869241001
2023-11-25T00:00:00Z,KNCUSD,0.7265,0.7358,0.7217,0.7333,17808.325971129998
2023-11-26T00:00:00Z,KNCUSD,0.7347,0.7623,0.7133,0.742,19859.759414129996
2023-11-27T00:00:00Z,KNCUSD,0.7397,0.7515,0.6919,0.7099,10702.62943596
2023-11-28T00:00:00Z,KNCUSD,0.7053,0.7118,0.6771,0.7101,21883.828805179997
2023-11-29T00:00:00Z,KNCUSD,0.711,0.7154,0.7001,0.7086,19185.48184387
2023-11-30T00:00:00Z,KNCUSD,0.7129,0.7285,0.6972,0.7175,40989.64736974998
2023-12-01T00:00:00Z,KNCUSD,0.7148,0.7284,0.7137,0.7191,62929.99696619002
2023-12-02T00:00:00Z,KNCUSD,0.7208,0.7364,0.7194,0.7308,13127.77142682
2023-12-03T00:00:00Z,KNCUSD,0.7309,0.738,0.7139,0.7187,11781.132239580003
2023-12-04T00:00:00Z,KNCUSD,0.7196,0.7376,0.6951,0.7227,39379.72657359
2023-12-05T00:00:00Z,KNCUSD,0.7259,0.7552,0.7259,0.7436,26193.555733699992
2023-12-06T00:00:00Z,KNCUSD,0.7448,0.7496,0.7161,0.7351,53061.53592386
2023-12-07T00:00:00Z,KNCUSD,0.7323,0.7547,0.7226,0.753,40639.40261057001
2023-12-08T00:00:00Z,KNCUSD,0.7551,0.7766,0.7443,0.7766,30430.43409652
2023-12-09T00:00:00Z,KNCUSD,0.777,0.7928,0.7668,0.7698,35493.07306459
2023-12-10T00:00:00Z,KNCUSD,0.7726,0.7794,0.7476,0.7636,8544.42218586
2023-12-11T00:00:00Z,KNCUSD,0.7665,0.7665,0.655,0.6996,92824.38573324998
2023-12-12T00:00:00Z,KNCUSD,0.7022,0.72,0.6836,0.7058,211994.89235088995
2023-12-13T00:00:00Z,KNCUSD,0.7027,0.7101,0.6659,0.7075,26342.500169209998
2023-12-14T00:00:00Z,KNCUSD,0.7044,0.7283,0.6872,0.7283,127969.41552822996
2023-12-15T00:00:00Z,KNCUSD,0.7228,0.7228,0.6911,0.6914,81889.51040175001
2023-12-16T00:00:00Z,KNCUSD,0.6948,0.713,0.6872,0.7022,14374.55861517
2023-12-17T00:00:00Z,KNCUSD,0.6999,0.7017,0.6813,0.6813,16566.04295164001
2023-12-18T00:00:00Z,KNCUSD,0.6771,0.6771,0.632,0.6699,24504.276904360006
2023-12-19T00:00:00Z,KNCUSD,0.6681,0.6789,0.6656,0.6656,19791.031298519996
2023-12-20T00:00:00Z,KNCUSD,0.6753,0.7078,0.6739,0.7003,44564.61549505
2023-12-21T00:00:00Z,KNCUSD,0.7017,0.7124,0.6971,0.7082,24176.17523557
2023-12-22T00:00:00Z,KNCUSD,0.7123,0.7145,0.6957,0.7145,93930.75309473995
2023-12-23T00:00:00Z,KNCUSD,0.715,0.7199,0.6992,0.7191,23229.34019273
2023-12-24T00:00:00Z,KNCUSD,0.7149,0.82,0.6949,0.7116,320930.7750151402
2023-12-25T00:00:00Z,KNCUSD,0.7067,0.7433,0.7018,0.7368,61774.09641407003
2023-12-26T00:00:00Z,KNCUSD,0.7356,0.7557,0.7063,0.7481,64907.720219850016
2023-12-27T00:00:00Z,KNCUSD,0.748,0.7576,0.7166,0.7535,20956.29352514001
2023-12-28T00:00:00Z,KNCUSD,0.7576,0.7684,0.7182,0.7347,38288.128753629986
2023-12-29T00:00:00Z,KNCUSD,0.7318,0.742,0.7067,0.7225,15069.869673370002
2023-12-30T00:00:00Z,KNCUSD,0.7231,0.7251,0.7018,0.7108,22092.36626345
2023-12-31T00:00:00Z,KNCUSD,0.7144,0.7166,0.679,0.6994,38631.34559519002
2024-01-01T00:00:00Z,KNCUSD,0.7018,0.7243,0.7018,0.7242,8233.75890961
2024-01-02T00:00:00Z,KNCUSD,0.7267,0.7481,0.7262,0.733,56506.98661692002
2024-01-03T00:00:00Z,KNCUSD,0.7368,0.7474,0.5827,0.6528,80420.34528885008
2024-01-04T00:00:00Z,KNCUSD,0.6556,0.6837,0.6475,0.6837,31556.26580991999
2024-01-05T00:00:00Z,KNCUSD,0.6848,0.6908,0.6358,0.6561,19878.336285600006
2024-01-06T00:00:00Z,KNCUSD,0.6628,0.663,0.6257,0.655,10987.563619740002
2024-01-07T00:00:00Z,KNCUSD,0.6541,0.69,0.6328,0.6328,26379.55363356
2024-01-08T00:00:00Z,KNCUSD,0.647,0.6737,0.5923,0.6654,98907.33038628001
2024-01-09T00:00:00Z,KNCUSD,0.6649,0.6649,0.6095,0.6274,60370.36514255002
2024-01-10T00:00:00Z,KNCUSD,0.6303,0.6775,0.6181,0.6671,98692.66026102005
2024-01-11T00:00:00Z,KNCUSD,0.6665,0.7034,0.6638,0.6924,52083.005960569964
2024-01-12T00:00:00Z,KNCUSD,0.6939,0.7017,0.6322,0.6516,44720.55442368001
2024-01-13T00:00:00Z,KNCUSD,0.6521,0.6629,0.6377,0.66,9804.122094810002
2024-01-14T00:00:00Z,KNCUSD,0.6608,0.6608,0.6286,0.6286,16380.264207780003
2024-01-15T00:00:00Z,KNCUSD,0.6314,0.6477,0.6314,0.6377,8731.06645781
2024-01-16T00:00:00Z,KNCUSD,0.6401,0.6536,0.638,0.6493,9754.33564206
2024-01-17T00:00:00Z,KNCUSD,0.6511,0.6526,0.6374,0.6451,16774.487247909998
2024-01-18T00:00:00Z,KNCUSD,0.6484,0.6572,0.6097,0.6217,5948.3408228299995
2024-01-19T00:00:00Z,KNCUSD,0.6173,0.6173,0.5879,0.6155,71261.16117789
2024-01-20T00:00:00Z,KNCUSD,0.6124,0.6276,0.6124,0.6212,1663.78708973
2024-01-21T00:00:00Z,KNCUSD,0.6276,0.6295,0.6177,0.6193,42384.483900089996
2024-01-22T00:00:00Z,KNCUSD,0.6166,0.6166,0.5786,0.5836,16637.83191737
2024-01-23T00:00:00Z,KNCUSD,0.5876,0.5905,0.5438,0.5634,19641.642768630005
2024-01-24T00:00:00Z,KNCUSD,0.5687,0.5804,0.5638,0.5764,22735.689351500005
2024-01-25T00:00:00Z,KNCUSD,0.5819,0.5825,0.5687,0.5808,1031.28136928
2024-01-26T00:00:00Z,KNCUSD,0.5835,0.5993,0.5835,0.5957,12397.520504150001
2024-01-27T00:00:00Z,KNCUSD,0.5965,0.6052,0.5923,0.603,3876.05492855
2024-01-28T00:00:00Z,KNCUSD,0.605,0.6088,0.5968,0.5999,4809.87066071
2024-01-29T00:00:00Z,KNCUSD,0.5988,0.6109,0.5904,0.6109,10737.03078905
2024-01-30T00:00:00Z,KNCUSD,0.6086,0.6158,0.6,0.6,10114.86535516
2024-01-31T00:00:00Z,KNCUSD,0.591,0.5956,0.5753,0.5787,23592.18468535
2024-02-01T00:00:00Z,KNCUSD,0.5854,0.5867,0.5692,0.5794,53688.362340640015
2024-02-02T00:00:00Z,KNCUSD,0.5806,0.6149,0.5806,0.5994,16597.236255159994
2024-02-03T00:00:00Z,KNCUSD,0.6003,0.6096,0.5941,0.5941,11609.815280260002
2024-02-04T00:00:00Z,KNCUSD,0.5903,0.5907,0.5754,0.577,7252.79679954
2024-02-05T00:00:00Z,KNCUSD,0.5692,0.583,0.5691,0.5797,9184.664509179998
2024-02-06T00:00:00Z,KNCUSD,0.5803,0.5822,0.575,0.5776,44165.84685004
2024-02-07T00:00:00Z,KNCUSD,0.5734,0.587,0.573,0.587,17274.86455310999
2024-02-08T00:00:00Z,KNCUSD,0.5896,0.6021,0.5896,0.5949,77314.17639905997
2024-02-09T00:00:00Z,KNCUSD,0.5973,0.61,0.5973,0.6093,32212.295179089993
2024-02-10T00:00:00Z,KNCUSD,0.6109,0.6114,0.5969,0.6054,83126.69644659998
2024-02-11T00:00:00Z,KNCUSD,0.6071,0.6109,0.6025,0.6025,52473.49710386
2024-02-12T00:00:00Z,KNCUSD,0.6062,0.6341,0.5979,0.6322,47440.81637317
2024-02-13T00:00:00Z,KNCUSD,0.6322,0.636,0.5955,0.6212,216949.29003919
2024-02-14T00:00:00Z,KNCUSD,0.6207,0.6533,0.6207,0.6416,51783.929650280006
2024-02-15T00:00:00Z,KNCUSD,0.6448,0.652,0.6397,0.6397,40852.07593653
2024-02-16T00:00:00Z,KNCUSD,0.6452,0.6591,0.6319,0.6499,18040.764254490005
2024-02-17T00:00:00Z,KNCUSD,0.6521,0.6612,0.6341,0.6474,20548.631215899994
2024-02-18T00:00:00Z,KNCUSD,0.6463,0.6664,0.6432,0.6593,39847.367880980004
2024-02-19T00:00:00Z,KNCUSD,0.6614,0.6775,0.6606,0.6735,52446.567520189994
2024-02-20T00:00:00Z,KNCUSD,0.6696,0.6757,0.63,0.6587,30078.267283360015
2024-02-21T00:00:00Z,KNCUSD,0.6637,0.6637,0.6274,0.6441,6715.610470619999
2024-02-22T00:00:00Z,KNCUSD,0.6436,0.665,0.6329,0.6516,39030.20804675002
2024-02-23T00:00:00Z,KNCUSD,0.6569,0.6734,0.6443,0.6584,23423.487330259984
2024-02-24T00:00:00Z,KNCUSD,0.6516,0.694,0.6511,0.6843,42136.24712341999
2024-02-25T00:00:00Z,KNCUSD,0.682,0.6943,0.6701,0.677,13968.063493359996
2024-02-26T00:00:00Z,KNCUSD,0.6739,0.7016,0.6588,0.6938,159931.92928017004
2024-02-27T00:00:00Z,KNCUSD,0.6913,0.7044,0.6777,0.6984,50975.03162966999
2024-02-28T00:00:00Z,KNCUSD,0.6988,0.7147,0.6404,0.6812,132304.18748673008
2024-02-29T00:00:00Z,KNCUSD,0.6786,0.7254,0.673,0.6994,26997.367290929997
2024-03-01T00:00:00Z,KNCUSD,0.7039,0.7519,0.7039,0.7482,118742.07023027005
2024-03-02T00:00:00Z,KNCUSD,0.7459,0.8072,0.742,0.8072,54143.98412417
2024-03-03T00:00:00Z,KNCUSD,0.8064,0.8064,0.7215,0.7938,40417.83480817002
2024-03-04T00:00:00Z,KNCUSD,0.795,0.8404,0.7736,0.8168,96163.10238088001
2024-03-05T00:00:00Z,KNCUSD,0.8118,0.8411,0.6509,0.7631,186466.09087846012
2024-03-06T00:00:00Z,KNCUSD,0.7655,0.849,0.7324,0.849,47432.55329709003
2024-03-07T00:00:00Z,KNCUSD,0.85,0.8724,0.825,0.8724,55999.10759581001
2024-03-08T00:00:00Z,KNCUSD,0.8672,0.8772,0.8055,0.8621,47933.214548749995
2024-03-09T00:00:00Z,KNCUSD,0.8645,0.8858,0.8509,0.8659,164074.01549363005
2024-03-10T00:00:00Z,KNCUSD,0.8651,0.958,0.8651,0.9067,235791.5408283098
2024-03-11T00:00:00Z,KNCUSD,0.934,1.0054,0.8802,0.9704,202058.78616883064
2024-03-12T00:00:00Z,KNCUSD,0.9601,0.9651,0.881,0.9488,135252.43091289996
2024-03-13T00:00:00Z,KNCUSD,0.9488,1.0767,0.9391,1.0446,171632.60247127007
2024-03-14T00:00:00Z,KNCUSD,1.0503,1.138,0.98,1.1237,349285.0757891696
2024-03-15T00:00:00Z,KNCUSD,1.1156,1.1366,0.9556,1.0115,222523.28123996
2024-03-16T00:00:00Z,KNCUSD,1.0155,1.0155,0.8511,0.869,104975.10974352004
2024-03-17T00:00:00Z,KNCUSD,0.8802,0.8994,0.8085,0.8904,125424.03852831009
2024-03-18T00:00:00Z,KNCUSD,0.8835,0.8907,0.8143,0.8376,143577.53477941998
2024-03-19T00:00:00Z,KNCUSD,0.8156,0.8156,0.7186,0.7372,49095.58311556996
2024-03-20T00:00:00Z,KNCUSD,0.7377,0.8142,0.7034,0.8106,24120.816941649995
2024-03-21T00:00:00Z,KNCUSD,0.809,0.8391,0.8035,0.831,16714.760175240004
2024-03-22T00:00:00Z,KNCUSD,0.8376,0.8471,0.7502,0.801,22169.101161469996
2024-03-23T00:00:00Z,KNCUSD,0.7984,0.8309,0.7984,0.8148,19717.230746550005
2024-03-24T00:00:00Z,KNCUSD,0.8195,0.8404,0.7983,0.8375,3845.81010366
2024-03-25T00:00:00Z,KNCUSD,0.84,0.8977,0.8391,0.8902,26387.330434449996
2024-03-26T00:00:00Z,KNCUSD,0.8984,0.934,0.8967,0.9216,80610.95527034001
2024-03-27T00:00:00Z,KNCUSD,0.9231,0.9459,0.8836,0.9031,45684.70237697
2024-03-28T00:00:00Z,KNCUSD,0.9047,0.9155,0.8745,0.9129,27028.111162189998
2024-03-29T00:00:00Z,KNCUSD,0.9099,0.9134,0.8837,0.8944,22260.65100082
2024-03-30T00:00:00Z,KNCUSD,0.9098,0.9098,0.8731,0.8731,10730.05698986
2024-03-31T00:00:00Z,KNCUSD,0.8754,0.8956,0.8754,0.8866,9606.192976119999
2024-04-01T00:00:00Z,KNCUSD,0.8986,0.9011,0.8096,0.8323,101173.0093132399
2024-04-02T00:00:00Z,KNCUSD,0.8304,0.8304,0.7378,0.7416,81070.23564289004
2024-04-03T00:00:00Z,KNCUSD,0.7379,0.7593,0.7141,0.7181,85110.96465577993
2024-04-04T00:00:00Z,KNCUSD,0.7258,0.7573,0.7049,0.7404,109952.90593317998
2024-04-05T00:00:00Z,KNCUSD,0.7364,0.7456,0.7153,0.7311,36650.21042244999
2024-04-06T00:00:00Z,KNCUSD,0.7288,0.7456,0.7285,0.7456,6080.056330820001
2024-04-07T00:00:00Z,KNCUSD,0.7411,0.7592,0.7411,0.7562,21490.99764316
2024-04-08T00:00:00Z,KNCUSD,0.7546,0.8071,0.7448,0.7929,37691.58007367
2024-04-09T00:00:00Z,KNCUSD,0.7912,0.7966,0.7668,0.7725,50020.76649751004
2024-04-10T00:00:00Z,KNCUSD,0.7695,0.7797,0.7295,0.7634,52755.86868401001
2024-04-11T00:00:00Z,KNCUSD,0.759,0.7697,0.7366,0.7514,94711.70239651996
2024-04-12T00:00:00Z,KNCUSD,0.7503,0.765,0.5913,0.6372,534056.6091211204
2024-04-13T00:00:00Z,KNCUSD,0.6371,0.6409,0.4601,0.5316,442108.0979076201
2024-04-14T00:00:00Z,KNCUSD,0.5213,0.5853,0.5022,0.5853,72067.14137322996
2024-04-15T00:00:00Z,KNCUSD,0.5771,0.6048,0.55,0.5752,46103.95519931999
2024-04-16T00:00:00Z,KNCUSD,0.5697,0.5835,0.5456,0.5768,15645.019916829997
2024-04-17T00:00:00Z,KNCUSD,0.5715,0.5783,0.5455,0.5662,26298.94377438999
2024-04-18T00:00:00Z,KNCUSD,0.5629,0.5818,0.5476,0.5772,7355.740950189997
2024-04-19T00:00:00Z,KNCUSD,0.5724,0.5997,0.5376,0.588,14009.957261470006
2024-04-20T00:00:00Z,KNCUSD,0.5852,0.6322,0.5821,0.6226,57741.63675891999
2024-04-21T00:00:00Z,KNCUSD,0.619,0.6289,0.6017,0.6131,4352.37020177
2024-04-22T00:00:00Z,KNCUSD,0.614,0.6421,0.6117,0.6409,15861.947750960007
2024-04-23T00:00:00Z,KNCUSD,0.6359,0.6367,0.6264,0.6337,15419.585318939995
2024-04-24T00:00:00Z,KNCUSD,0.6346,0.6533,0.5924,0.5966,164900.92014611015
2024-04-25T00:00:00Z,KNCUSD,0.5977,0.6153,0.5784,0.6058,35016.64049564999
2024-04-26T00:00:00Z,KNCUSD,0.606,0.608,0.5908,0.596,12431.573572110003
2024-04-27T00:00:00Z,KNCUSD,0.5994,0.6099,0.5748,0.6049,12580.002691849993
2024-04-28T00:00:00Z,KNCUSD,0.6028,0.6227,0.5947,0.5969,8903.499698699994
2024-04-29T00:00:00Z,KNCUSD,0.5953,0.5979,0.5675,0.5903,11306.597556499992
2024-04-30T00:00:00Z,KNCUSD,0.5878,0.5894,0.5328,0.5615,49619.011578529986
2024-05-01T00:00:00Z,KNCUSD,0.556,0.5741,0.5287,0.5741,12853.166722909998
2024-05-02T00:00:00Z,KNCUSD,0.5663,0.5909,0.5543,0.5889,63963.06481360002
2024-05-03T00:00:00Z,KNCUSD,0.5864,0.6062,0.5725,0.6045,19977.40553116999
2024-05-04T00:00:00Z,KNCUSD,0.6024,0.6047,0.5934,0.5978,10785.401456599999
2024-05-05T00:00:00Z,KNCUSD,0.5883,0.607,0.5841,0.6014,13626.498046569995
2024-05-06T00:00:00Z,KNCUSD,0.6005,0.6146,0.5892,0.5957,39105.01597221
2024-05-07T00:00:00Z,KNCUSD,0.5908,0.6035,0.5823,0.5855,17506.070193230007
2024-05-08T00:00:00Z,KNCUSD,0.5835,0.605,0.5739,0.5902,28988.989587730008
2024-05-09T00:00:00Z,KNCUSD,0.5896,0.6111,0.5801,0.6111,44773.771727420004
2024-05-10T00:00:00Z,KNCUSD,0.6099,0.6169,0.5662,0.5751,41774.488142670016
2024-05-11T00:00:00Z,KNCUSD,0.5726,0.581,0.5621,0.5663,21737.98224823
2024-05-12T00:00:00Z,KNCUSD,0.5645,0.5698,0.5504,0.5569,10710.582285999999
2024-05-13T00:00:00Z,KNCUSD,0.5563,0.5676,0.5326,0.5551,38130.71490448002
2024-05-14T00:00:00Z,KNCUSD,0.5528,0.5617,0.5423,0.5423,33312.03432307
2024-05-15T00:00:00Z,KNCUSD,0.5433,0.5845,0.5414,0.5786,310424.7013024005
2024-05-16T00:00:00Z,KNCUSD,0.5787,0.5866,0.5674,0.5801,28202.26529567
2024-05-17T00:00:00Z,KNCUSD,0.5781,0.5974,0.5757,0.5974,20712.66555765
2024-05-18T00:00:00Z,KNCUSD,0.5977,0.6018,0.5909,0.595,2574.72495991
2024-05-19T00:00:00Z,KNCUSD,0.5897,0.592,0.5637,0.5642,10966.81178485
2024-05-20T00:00:00Z,KNCUSD,0.5672,0.6156,0.56,0.6156,101529.62700946996
2024-05-21T00:00:00Z,KNCUSD,0.6143,0.6279,0.6098,0.6208,13084.76012193
2024-05-22T00:00:00Z,KNCUSD,0.6203,0.6203,0.6056,0.6131,32461.590009919997
2024-05-23T00:00:00Z,KNCUSD,0.614,0.6216,0.5831,0.606,30196.058002880007
2024-05-24T00:00:00Z,KNCUSD,0.6143,0.6792,0.6131,0.6636,301771.5529072897
2024-05-25T00:00:00Z,KNCUSD,0.6794,0.7149,0.6563,0.6563,114172.97840577002
2024-05-26T00:00:00Z,KNCUSD,0.6602,0.7284,0.6447,0.679,69572.50747228999
2024-05-27T00:00:00Z,KNCUSD,0.6822,0.7457,0.6691,0.698,279740.42938693013
2024-05-28T00:00:00Z,KNCUSD,0.696,0.7217,0.6733,0.6895,76768.11854773
2024-05-29T00:00:00Z,KNCUSD,0.6883,0.6883,0.6515,0.6523,47504.34740459999
2024-05-30T00:00:00Z,KNCUSD,0.6542,0.6542,0.62,0.6528,42548.12556667999
2024-05-31T00:00:00Z,KNCUSD,0.6475,0.6601,0.6408,0.654,41887.06416454001
2024-06-01T00:00:00Z,KNCUSD,0.6497,0.6501,0.6371,0.6371,2770.8344537899998
2024-06-02T00:00:00Z,KNCUSD,0.6345,0.6457,0.6311,0.6311,17915.914588249994
2024-06-03T00:00:00Z,KNCUSD,0.6348,0.6742,0.6285,0.6677,63940.43510327995
2024-06-04T00:00:00Z,KNCUSD,0.6573,0.675,0.6565,0.6684,48227.320138459996
2024-06-05T00:00:00Z,KNCUSD,0.6703,0.6806,0.6653,0.6693,23679.633737410008
2024-06-06T00:00:00Z,KNCUSD,0.672,0.6802,0.6636,0.6708,5114.060080019999
2024-06-07T00:00:00Z,KNCUSD,0.6841,0.7246,0.623,0.7018,217174.41992775004
2024-06-08T00:00:00Z,KNCUSD,0.7029,0.7639,0.6665,0.6717,527764.1436464093
2024-06-09T00:00:00Z,KNCUSD,0.6827,0.7657,0.6827,0.7605,88381.14297041998
2024-06-10T00:00:00Z,KNCUSD,0.7511,0.7841,0.7207,0.7622,190309.13757945993
2024-06-11T00:00:00Z,KNCUSD,0.7665,0.7754,0.7127,0.7502,145885.48141401002
2024-06-12T00:00:00Z,KNCUSD,0.7351,0.8154,0.7326,0.7983,193297.00401325995
2024-06-13T00:00:00Z,KNCUSD,0.7899,0.8035,0.729,0.7315,55193.29193926998
2024-06-14T00:00:00Z,KNCUSD,0.7276,0.81,0.7122,0.7658,222616.66985999988
2024-06-15T00:00:00Z,KNCUSD,0.7797,0.8148,0.776,0.7894,70960.96280246998
2024-06-16T00:00:00Z,KNCUSD,0.7878,0.7878,0.7437,0.7444,25530.393655910004
2024-06-17T00:00:00Z,KNCUSD,0.7436,0.7436,0.5832,0.5832,120962.72342587
2024-06-18T00:00:00Z,KNCUSD,0.5853,0.5853,0.5121,0.571,350119.35785980994
2024-06-19T00:00:00Z,KNCUSD,0.5601,0.6015,0.5577,0.575,134773.94546796
2024-06-20T00:00:00Z,KNCUSD,0.5745,0.579,0.5554,0.5584,26092.840527599994
2024-06-21T00:00:00Z,KNCUSD,0.5527,0.564,0.5446,0.5579,52135.573148399984
2024-06-22T00:00:00Z,KNCUSD,0.551,0.5578,0.5488,0.5488,1790.9178439800003
2024-06-23T00:00:00Z,KNCUSD,0.551,0.5544,0.5278,0.5368,10705.351400179996
2024-06-24T00:00:00Z,KNCUSD,0.5509,0.5543,0.513,0.5543,22362.18247086
2024-06-25T00:00:00Z,KNCUSD,0.5539,0.5629,0.5539,0.5596,20720.22929589
2024-06-26T00:00:00Z,KNCUSD,0.5565,0.557,0.5259,0.531,49676.57357655998
2024-06-27T00:00:00Z,KNCUSD,0.5239,0.5563,0.5201,0.5563,4517.20271402
2024-06-28T00:00:00Z,KNCUSD,0.5569,0.5569,0.5491,0.5515,59875.46095691999
2024-06-29T00:00:00Z,KNCUSD,0.5503,0.5596,0.5501,0.5546,173322.63924336992
2024-06-30T00:00:00Z,KNCUSD,0.5387,0.5484,0.5312,0.542,15874.041702910003
2024-07-01T00:00:00Z,KNCUSD,0.5417,0.5579,0.5242,0.5242,21390.95798868
2024-07-02T00:00:00Z,KNCUSD,0.5295,0.5446,0.5262,0.5349,58309.65035358999
2024-07-03T00:00:00Z,KNCUSD,0.5272,0.5409,0.5241,0.532,28085.578766329996
2024-07-04T00:00:00Z,KNCUSD,0.5163,0.5169,0.4633,0.4638,69832.86248315997
2024-07-05T00:00:00Z,KNCUSD,0.4611,0.4611,0.4037,0.4491,63818.54093475
2024-07-06T00:00:00Z,KNCUSD,0.46,0.4899,0.4516,0.4831,12796.063395230001
2024-07-07T00:00:00Z,KNCUSD,0.4772,0.4804,0.4616,0.4616,6621.26246774
2024-07-08T00:00:00Z,KNCUSD,0.4552,0.4881,0.4418,0.4738,36513.23828730999
2024-07-09T00:00:00Z,KNCUSD,0.4904,0.502,0.4872,0.502,3506.22903838
2024-07-10T00:00:00Z,KNCUSD,0.4991,0.5036,0.4953,0.5018,29858.793712880004
2024-07-11T00:00:00Z,KNCUSD,0.5058,0.5201,0.4992,0.5,19884.44040027
2024-07-12T00:00:00Z,KNCUSD,0.5051,0.5133,0.5012,0.5115,292.05253512
2024-07-13T00:00:00Z,KNCUSD,0.5082,0.5117,0.507,0.51,432.05818776999996
2024-07-14T00:00:00Z,KNCUSD,0.5122,0.5314,0.5077,0.5314,12906.63744178
2024-07-15T00:00:00Z,KNCUSD,0.531,0.5501,0.531,0.5501,5090.5651597199985
2024-07-16T00:00:00Z,KNCUSD,0.5471,0.5565,0.5227,0.5493,24441.01322236
2024-07-17T00:00:00Z,KNCUSD,0.5533,0.5672,0.5533,0.5584,11599.664572439999
2024-07-18T00:00:00Z,KNCUSD,0.5679,0.57,0.5411,0.5467,17682.37455957
2024-07-19T00:00:00Z,KNCUSD,0.5483,0.5746,0.548,0.5688,16969.185987150002
2024-07-20T00:00:00Z,KNCUSD,0.5678,0.5688,0.5584,0.5614,9528.68879355
2024-07-21T00:00:00Z,KNCUSD,0.5617,0.5799,0.551,0.5628,11013.93661092
2024-07-22T00:00:00Z,KNCUSD,0.5699,0.5699,0.5431,0.5438,18902.76489336998
2024-07-23T00:00:00Z,KNCUSD,0.5413,0.5461,0.518,0.5313,10348.867859510003
2024-07-24T00:00:00Z,KNCUSD,0.5327,0.5446,0.5291,0.5291,36364.487040060005
2024-07-25T00:00:00Z,KNCUSD,0.5256,0.5256,0.4939,0.5144,23095.330288669997
2024-07-26T00:00:00Z,KNCUSD,0.5216,0.5416,0.5216,0.539,83024.46003213
2024-07-27T00:00:00Z,KNCUSD,0.544,0.5492,0.5362,0.5484,20688.79907426006
2024-07-28T00:00:00Z,KNCUSD,0.5452,0.5452,0.5342,0.5433,5967.901281840001
2024-07-29T00:00:00Z,KNCUSD,0.5403,0.5522,0.5363,0.5417,15024.197918720001
2024-07-30T00:00:00Z,KNCUSD,0.5331,0.54,0.5093,0.5147,13174.45962028
2024-07-31T00:00:00Z,KNCUSD,0.5135,0.5311,0.5126,0.5151,59895.04562481999
2024-08-01T00:00:00Z,KNCUSD,0.5137,0.5189,0.4736,0.5079,37598.88108961
2024-08-02T00:00:00Z,KNCUSD,0.5049,0.5049,0.4739,0.479,22702.637884210002
2024-08-03T00:00:00Z,KNCUSD,0.4692,0.4878,0.459,0.4646,5168.795599520001
2024-08-04T00:00:00Z,KNCUSD,0.4666,0.4666,0.4274,0.4398,5876.67937023
2024-08-05T00:00:00Z,KNCUSD,0.4394,0.4394,0.3574,0.4014,175800.50451659015
2024-08-06T00:00:00Z,KNCUSD,0.4129,0.4204,0.4084,0.4197,6046.59598989
2024-08-07T00:00:00Z,KNCUSD,0.4161,0.4275,0.4007,0.4076,34662.033561879995
2024-08-08T00:00:00Z,KNCUSD,0.403,0.4432,0.4006,0.4432,19359.008617260006
2024-08-09T00:00:00Z,KNCUSD,0.4433,0.4433,0.4258,0.4294,11201.787473890003
2024-08-10T00:00:00Z,KNCUSD,0.4319,0.4431,0.429,0.4431,2249.89148492
2024-08-11T00:00:00Z,KNCUSD,0.4432,0.4499,0.4132,0.4154,6094.5548714999995
2024-08-12T00:00:00Z,KNCUSD,0.4137,0.4319,0.4136,0.4188,40360.43139048
2024-08-13T00:00:00Z,KNCUSD,0.4249,0.4345,0.4167,0.4344,59733.84127486
2024-08-14T00:00:00Z,KNCUSD,0.4328,0.4377,0.4227,0.4275,5317.329265700001
2024-08-15T00:00:00Z,KNCUSD,0.4262,0.4271,0.403,0.4054,9790.36423269
2024-08-16T00:00:00Z,KNCUSD,0.4101,0.4138,0.4001,0.4105,67948.45347251
2024-08-17T00:00:00Z,KNCUSD,0.4099,0.4187,0.4099,0.4187,5457.78061844
2024-08-18T00:00:00Z,KNCUSD,0.4222,0.4387,0.42,0.4292,9466.743701480002
2024-08-19T00:00:00Z,KNCUSD,0.4283,0.4415,0.4283,0.4415,8198.134887159998
2024-08-20T00:00:00Z,KNCUSD,0.44,0.4444,0.4292,0.4428,54749.01845017999
2024-08-21T00:00:00Z,KNCUSD,0.4438,0.4675,0.4407,0.4644,18835.494211900004
2024-08-22T00:00:00Z,KNCUSD,0.4556,0.4647,0.4554,0.4637,1183.5336858899998
2024-08-23T00:00:00Z,KNCUSD,0.4615,0.5007,0.4615,0.4943,8590.01248451
2024-08-24T00:00:00Z,KNCUSD,0.494,0.4994,0.4835,0.4867,11278.872341270006
2024-08-25T00:00:00Z,KNCUSD,0.4764,0.5025,0.4759,0.4994,1380.1181109299998
2024-08-26T00:00:00Z,KNCUSD,0.4908,0.4908,0.4624,0.4634,3710.29348815
2024-08-27T00:00:00Z,KNCUSD,0.4664,0.4716,0.4318,0.4371,26033.875220629998
2024-08-28T00:00:00Z,KNCUSD,0.4312,0.4444,0.4229,0.4408,8208.50461379
2024-08-29T00:00:00Z,KNCUSD,0.4398,0.451,0.4357,0.4407,3261.8708083999995
2024-08-30T00:00:00Z,KNCUSD,0.4378,0.4421,0.4201,0.4377,7917.79900298
2024-08-31T00:00:00Z,KNCUSD,0.4355,0.4361,0.426,0.426,1090.3601802899998
2024-09-01T00:00:00Z,KNCUSD,0.4303,0.4323,0.4157,0.4157,4148.6961279
2024-09-02T00:00:00Z,KNCUSD,0.4231,0.4423,0.4151,0.4379,2899.97779225
2024-09-03T00:00:00Z,KNCUSD,0.4399,0.4458,0.4229,0.4229,2427.84387797
2024-09-04T00:00:00Z,KNCUSD,0.4196,0.4419,0.4044,0.4381,8070.0254394
2024-09-05T00:00:00Z,KNCUSD,0.4292,0.431,0.4229,0.4241,441.86635350999995
2024-09-06T00:00:00Z,KNCUSD,0.4211,0.4331,0.4024,0.4103,4354.69365742
2024-09-07T00:00:00Z,KNCUSD,0.406,0.4162,0.406,0.4162,1117.7587833700002
2024-09-08T00:00:00Z,KNCUSD,0.412,0.4182,0.4087,0.4153,2426.7046819599996
2024-09-09T00:00:00Z,KNCUSD,0.4187,0.4436,0.4187,0.4394,5907.475780410001
2024-09-10T00:00:00Z,KNCUSD,0.4373,0.4425,0.4314,0.439,1100.08677366
2024-09-11T00:00:00Z,KNCUSD,0.438,0.438,0.4187,0.4281,3558.311918669999
2024-09-12T00:00:00Z,KNCUSD,0.4332,0.4377,0.429,0.4344,5003.119628100001
2024-09-13T00:00:00Z,KNCUSD,0.4352,0.4413,0.4292,0.4398,8855.28369482
2024-09-14T00:00:00Z,KNCUSD,0.4405,0.4443,0.4366,0.4443,9266.221109260003
2024-09-15T00:00:00Z,KNCUSD,0.4401,0.4459,0.4292,0.4303,7367.87842475
2024-09-16T00:00:00Z,KNCUSD,0.4229,0.4285,0.4165,0.4219,2297.398456909998
2024-09-17T00:00:00Z,KNCUSD,0.4245,0.4381,0.4245,0.4329,4694.265082870001
2024-09-18T00:00:00Z,KNCUSD,0.4379,0.4578,0.4216,0.4481,189172.14531311978
2024-09-19T00:00:00Z,KNCUSD,0.4507,0.5208,0.4469,0.5113,123958.96081826006
2024-09-20T00:00:00Z,KNCUSD,0.5049,0.5081,0.4751,0.4846,7591.360096309998
2024-09-21T00:00:00Z,KNCUSD,0.4824,0.5081,0.4807,0.5081,52961.41382307
2024-09-22T00:00:00Z,KNCUSD,0.4994,0.4994,0.4764,0.4928,4871.269975970001
2024-09-23T00:00:00Z,KNCUSD,0.4835,0.5036,0.4835,0.503,1349.6079166299999
2024-09-24T00:00:00Z,KNCUSD,0.499,0.5123,0.499,0.5093,5702.42364604
2024-09-25T00:00:00Z,KNCUSD,0.5157,0.5175,0.4991,0.4991,9025.91492608
2024-09-26T00:00:00Z,KNCUSD,0.502,0.506,0.4936,0.4972,40822.14059817001
2024-09-27T00:00:00Z,KNCUSD,0.4926,0.5068,0.4914,0.5054,47422.87614394
2024-09-28T00:00:00Z,KNCUSD,0.5065,0.5347,0.5056,0.5164,17206.381709250003
2024-09-29T00:00:00Z,KNCUSD,0.5147,0.5166,0.5041,0.5103,15746.519689959998
2024-09-30T00:00:00Z,KNCUSD,0.5056,0.5056,0.4635,0.4681,11759.995690860002
2024-10-01T00:00:00Z,KNCUSD,0.4688,0.4847,0.4241,0.4377,28468.915662799995
2024-10-02T00:00:00Z,KNCUSD,0.4332,0.451,0.4199,0.4283,16646.68948713
2024-10-03T00:00:00Z,KNCUSD,0.4305,0.4464,0.4156,0.4250,8511.72796437
2024-10-04T00:00:00Z,KNCUSD,0.4313,0.4447,0.4285,0.4447,6253.84265555
2024-10-05T00:00:00Z,KNCUSD,0.4465,0.4542,0.4449,0.4449,385.00454127
2024-10-06T00:00:00Z,KNCUSD,0.4500,0.4591,0.4500,0.4591,4171.31763531
2024-10-07T00:00:00Z,KNCUSD,0.4617,0.4676,0.4530,0.4556,1209.35278836
2024-10-08T00:00:00Z,KNCUSD,0.4560,0.4572,0.4414,0.4471,14038.95397655
2024-10-09T00:00:00Z,KNCUSD,0.4511,0.4529,0.4357,0.4371,3270.31851845
2024-10-10T00:00:00Z,KNCUSD,0.4349,0.4398,0.4285,0.4309,27394.30352029
2024-10-11T00:00:00Z,KNCUSD,0.4377,0.4559,0.4377,0.4536,7910.25038132
2024-10-12T00:00:00Z,KNCUSD,0.4568,0.4625,0.4546,0.4615,13695.21216911
2024-10-13T00:00:00Z,KNCUSD,0.4611,0.4775,0.4524,0.4526,38668.84125972
2024-10-14T00:00:00Z,KNCUSD,0.4565,0.4722,0.4445,0.4722,35550.80512637
2024-10-15T00:00:00Z,KNCUSD,0.4725,0.4725,0.4462,0.4586,19264.67980025
2024-10-16T00:00:00Z,KNCUSD,0.4647,0.4647,0.4550,0.4550,21777.39302820
2024-10-17T00:00:00Z,KNCUSD,0.4558,0.4558,0.4395,0.4395,6233.65348402
2024-10-18T00:00:00Z,KNCUSD,0.4510,0.4587,0.4510,0.4546,6402.86734597
2024-10-19T00:00:00Z,KNCUSD,0.4587,0.4647,0.4585,0.4647,1155.93403408
2024-10-20T00:00:00Z,KNCUSD,0.4642,0.4743,0.4636,0.4743,3377.56123437
2024-10-21T00:00:00Z,KNCUSD,0.4771,0.4796,0.4541,0.4588,29509.11916142
2024-10-22T00:00:00Z,KNCUSD,0.4582,0.4582,0.4414,0.4489,4847.69203993
2024-10-23T00:00:00Z,KNCUSD,0.4477,0.4477,0.4229,0.4361,25538.20051469
2024-10-24T00:00:00Z,KNCUSD,0.4377,0.4444,0.4292,0.4444,3439.89066925
2024-10-25T00:00:00Z,KNCUSD,0.4478,0.4478,0.3976,0.4135,29546.30239694
2024-10-26T00:00:00Z,KNCUSD,0.4119,0.4250,0.4087,0.4178,9573.37342234
2024-10-27T00:00:00Z,KNCUSD,0.4212,0.4377,0.4212,0.4321,9575.16786968
2024-10-28T00:00:00Z,KNCUSD,0.4317,0.4377,0.4154,0.4347,58895.16015100
2024-10-29T00:00:00Z,KNCUSD,0.4444,0.4570,0.4444,0.4523,19193.89239311
2024-10-30T00:00:00Z,KNCUSD,0.4519,0.4519,0.4408,0.4416,8089.36136000
2024-10-31T00:00:00Z,KNCUSD,0.4357,0.4374,0.4151,0.4185,7784.47588949
2024-11-01T00:00:00Z,KNCUSD,0.4169,0.4250,0.4105,0.4129,18205.24672854
2024-11-02T00:00:00Z,KNCUSD,0.4187,0.4223,0.4104,0.4168,3276.85326896
2024-11-03T00:00:00Z,KNCUSD,0.4097,0.4116,0.3939,0.4114,6399.15387950
2024-11-04T00:00:00Z,KNCUSD,0.4063,0.4124,0.3876,0.3961,10584.98367434
2024-11-05T00:00:00Z,KNCUSD,0.4001,0.4170,0.3979,0.4146,50092.58380692
2024-11-06T00:00:00Z,KNCUSD,0.4172,0.4444,0.4172,0.4444,16873.87162869
2024-11-07T00:00:00Z,KNCUSD,0.4499,0.4613,0.4422,0.4588,26178.03848430
2024-11-08T00:00:00Z,KNCUSD,0.4605,0.4674,0.4528,0.4655,8368.83403366
2024-11-09T00:00:00Z,KNCUSD,0.4651,0.4787,0.4624,0.4756,22971.89824257
2024-11-10T00:00:00Z,KNCUSD,0.4715,0.5222,0.4676,0.5081,41322.27963945
2024-11-11T00:00:00Z,KNCUSD,0.5109,0.5639,0.5109,0.5334,115227.34560166
2024-11-12T00:00:00Z,KNCUSD,0.5250,0.5399,0.4824,0.5141,51684.32589212
2024-11-13T00:00:00Z,KNCUSD,0.5134,0.5259,0.4801,0.5082,59182.66467281
2024-11-14T00:00:00Z,KNCUSD,0.5150,0.5234,0.4799,0.4799,30902.09555803
2024-11-15T00:00:00Z,KNCUSD,0.4904,0.5069,0.4716,0.5054,45997.12016489
2024-11-16T00:00:00Z,KNCUSD,0.5037,0.5390,0.5037,0.5352,33841.95661743
2024-11-17T00:00:00Z,KNCUSD,0.5350,0.5500,0.5025,0.5066,40754.63355775
2024-11-18T00:00:00Z,KNCUSD,0.5157,0.5639,0.5157,0.5628,64899.87411494
2024-11-19T00:00:00Z,KNCUSD,0.5639,0.5724,0.5367,0.5474,100056.33249340
2024-11-20T00:00:00Z,KNCUSD,0.5462,0.5462,0.5132,0.5233,10731.07423743
2024-11-21T00:00:00Z,KNCUSD,0.5236,0.5517,0.5056,0.5517,13540.89417680
2024-11-22T00:00:00Z,KNCUSD,0.5439,0.5724,0.5356,0.5724,85441.88605912
2024-11-23T00:00:00Z,KNCUSD,0.5644,0.6040,0.5644,0.5961,42392.12842613
2024-11-24T00:00:00Z,KNCUSD,0.5928,0.6352,0.5668,0.6282,52311.67856002
2024-11-25T00:00:00Z,KNCUSD,0.6246,0.6771,0.6136,0.6352,188055.58905217
2024-11-26T00:00:00Z,KNCUSD,0.6385,0.6643,0.6045,0.6448,50773.86489653
2024-11-27T00:00:00Z,KNCUSD,0.6405,0.6794,0.6320,0.6738,49240.80613255
2024-11-28T00:00:00Z,KNCUSD,0.6610,0.6643,0.6416,0.6643,27499.41910476
2024-11-29T00:00:00Z,KNCUSD,0.6609,0.7044,0.6490,0.6967,25150.12845408
2024-11-30T00:00:00Z,KNCUSD,0.6958,0.7131,0.6760,0.7031,29536.68346227
2024-12-01T00:00:00Z,KNCUSD,0.7068,0.7228,0.6860,0.7201,45551.69814691
2024-12-02T00:00:00Z,KNCUSD,0.7170,0.7279,0.6610,0.7279,63541.05311817
2024-12-03T00:00:00Z,KNCUSD,0.7229,0.8444,0.6993,0.8444,117781.10620631
2024-12-04T00:00:00Z,KNCUSD,0.8474,0.9300,0.7959,0.8363,119017.24289322
2024-12-05T00:00:00Z,KNCUSD,0.8496,0.8496,0.7903,0.8152,52281.77557124
2024-12-06T00:00:00Z,KNCUSD,0.8172,0.8378,0.7710,0.8175,53256.28738049
2024-12-07T00:00:00Z,KNCUSD,0.8246,0.8385,0.8077,0.8206,35057.30582479
2024-12-08T00:00:00Z,KNCUSD,0.8123,0.8483,0.7903,0.8483,14881.85322046
2024-12-09T00:00:00Z,KNCUSD,0.8485,0.8485,0.5841,0.6781,178925.67161224
2024-12-10T00:00:00Z,KNCUSD,0.6610,0.6801,0.5729,0.6393,77894.24458412
2024-12-11T00:00:00Z,KNCUSD,0.6418,0.6930,0.6136,0.6894,36741.24377714
2024-12-12T00:00:00Z,KNCUSD,0.6904,0.7263,0.6901,0.7109,55532.47470831
2024-12-13T00:00:00Z,KNCUSD,0.7153,0.7156,0.6912,0.6960,58194.15505731
2024-12-14T00:00:00Z,KNCUSD,0.7072,0.7074,0.6561,0.6685,13466.77465909
2024-12-15T00:00:00Z,KNCUSD,0.6605,0.6897,0.6500,0.6844,7795.24818516
2024-12-16T00:00:00Z,KNCUSD,0.6946,0.6988,0.6416,0.6583,32681.77079916
2024-12-17T00:00:00Z,KNCUSD,0.6513,0.6513,0.6085,0.6101,50290.10783386
2024-12-18T00:00:00Z,KNCUSD,0.6120,0.6120,0.5430,0.5461,102242.68095078
2024-12-19T00:00:00Z,KNCUSD,0.5447,0.5555,0.4835,0.5045,56557.20073283
2024-12-20T00:00:00Z,KNCUSD,0.4982,0.5404,0.4513,0.5366,74965.49743041
2024-12-21T00:00:00Z,KNCUSD,0.5379,0.5724,0.5090,0.5138,53780.23434460
2024-12-22T00:00:00Z,KNCUSD,0.5198,0.5434,0.5056,0.5357,7224.25166832
2024-12-23T00:00:00Z,KNCUSD,0.5209,0.5661,0.5209,0.5587,33878.85054644
2024-12-24T00:00:00Z,KNCUSD,0.5529,0.5820,0.5514,0.5766,13685.89046699
2024-12-25T00:00:00Z,KNCUSD,0.5809,0.5909,0.5639,0.5704,38018.54594154
2024-12-26T00:00:00Z,KNCUSD,0.5612,0.5617,0.5140,0.5234,27549.21217917
2024-12-27T00:00:00Z,KNCUSD,0.5313,0.5566,0.5287,0.5350,96274.65468974
2024-12-28T00:00:00Z,KNCUSD,0.5381,0.5809,0.5378,0.5768,10704.73400165
2024-12-29T00:00:00Z,KNCUSD,0.5714,0.5736,0.5367,0.5432,37997.44919175
2024-12-30T00:00:00Z,KNCUSD,0.5474,0.5870,0.5287,0.5509,38017.61520504
2024-12-31T00:00:00Z,KNCUSD,0.5447,0.5474,0.5254,0.5261,7548.99371994
2025-01-01T00:00:00Z,KNCUSD,0.5266,0.5500,0.5156,0.5500,13734.02844010
2025-01-02T00:00:00Z,KNCUSD,0.5537,0.5695,0.5501,0.5621,49616.38719845
2025-01-03T00:00:00Z,KNCUSD,0.5600,0.5942,0.5518,0.5916,34218.89688560
2025-01-04T00:00:00Z,KNCUSD,0.5911,0.6146,0.5861,0.6025,64409.84720247
2025-01-05T00:00:00Z,KNCUSD,0.6029,0.6376,0.5983,0.6241,60632.88468621
2025-01-06T00:00:00Z,KNCUSD,0.6136,0.6462,0.6113,0.6386,69610.80316008
2025-01-07T00:00:00Z,KNCUSD,0.6360,0.6375,0.5752,0.5752,22942.21256037
2025-01-08T00:00:00Z,KNCUSD,0.5701,0.5809,0.5447,0.5785,18958.43242136
2025-01-09T00:00:00Z,KNCUSD,0.5896,0.6320,0.5896,0.6258,114695.06722571
2025-01-10T00:00:00Z,KNCUSD,0.6136,0.6481,0.5956,0.6216,59510.11731502
2025-01-11T00:00:00Z,KNCUSD,0.6137,0.6355,0.5902,0.6188,15339.87224766
2025-01-12T00:00:00Z,KNCUSD,0.6136,0.6561,0.6115,0.6252,30696.68859217
2025-01-13T00:00:00Z,KNCUSD,0.6274,0.6625,0.5329,0.5682,98156.53908110
2025-01-14T00:00:00Z,KNCUSD,0.5612,0.6583,0.5578,0.6263,99055.91575012
2025-01-15T00:00:00Z,KNCUSD,0.6251,0.6357,0.5923,0.6205,22876.85729133
2025-01-16T00:00:00Z,KNCUSD,0.6132,0.6258,0.5891,0.5956,42039.09592487
2025-01-17T00:00:00Z,KNCUSD,0.6013,0.6243,0.5989,0.6236,8192.91582784
2025-01-18T00:00:00Z,KNCUSD,0.6243,0.6243,0.5734,0.5908,147449.19036276
2025-01-19T00:00:00Z,KNCUSD,0.5938,0.6015,0.5254,0.5367,73409.43619183
2025-01-20T00:00:00Z,KNCUSD,0.5287,0.5809,0.5201,0.5428,58987.01414176
2025-01-21T00:00:00Z,KNCUSD,0.5388,0.5602,0.5200,0.5573,23368.62033070
2025-01-22T00:00:00Z,KNCUSD,0.5453,0.5493,0.5367,0.5389,16303.59910215
2025-01-23T00:00:00Z,KNCUSD,0.5320,0.5393,0.5209,0.5343,28453.92550523
2025-01-24T00:00:00Z,KNCUSD,0.5263,0.5392,0.5172,0.5172,5834.14051680
2025-01-25T00:00:00Z,KNCUSD,0.5132,0.5335,0.5125,0.5334,7745.29207803
2025-01-26T00:00:00Z,KNCUSD,0.5358,0.5509,0.5287,0.5287,4886.31570307
2025-01-27T00:00:00Z,KNCUSD,0.5209,0.5209,0.4835,0.5157,10081.28559115
2025-01-28T00:00:00Z,KNCUSD,0.5196,0.5196,0.4778,0.4786,14340.24454979
2025-01-29T00:00:00Z,KNCUSD,0.4806,0.5044,0.4781,0.4902,4802.91921181
2025-01-30T00:00:00Z,KNCUSD,0.4922,0.5148,0.4919,0.5099,6600.90957258
2025-01-31T00:00:00Z,KNCUSD,0.5032,0.5436,0.5032,0.5064,5988.27601910
2025-02-01T00:00:00Z,KNCUSD,0.5104,0.5181,0.4530,0.4744,65752.46896780
2025-02-02T00:00:00Z,KNCUSD,0.4723,0.4787,0.4075,0.4313,48461.73902512
2025-02-03T00:00:00Z,KNCUSD,0.4251,0.4488,0.3262,0.4431,115061.91648882
2025-02-04T00:00:00Z,KNCUSD,0.4442,0.4443,0.4044,0.4100,281142.76668300
2025-02-05T00:00:00Z,KNCUSD,0.4183,0.4240,0.4032,0.4035,5102.77723189
2025-02-06T00:00:00Z,KNCUSD,0.4087,0.4126,0.3828,0.3863,42276.92014535
2025-02-07T00:00:00Z,KNCUSD,0.3849,0.4108,0.3794,0.3910,9554.91051890
2025-02-08T00:00:00Z,KNCUSD,0.3925,0.4106,0.3925,0.4106,1060.24803675
2025-02-09T00:00:00Z,KNCUSD,0.4124,0.4303,0.4044,0.4124,2276.03710785
2025-02-10T00:00:00Z,KNCUSD,0.4205,0.4235,0.4044,0.4201,3062.54708282
2025-02-11T00:00:00Z,KNCUSD,0.4213,0.4381,0.4213,0.4216,4483.44415608
2025-02-12T00:00:00Z,KNCUSD,0.4189,0.4402,0.3967,0.4374,45237.16444232
2025-02-13T00:00:00Z,KNCUSD,0.4394,0.4394,0.4202,0.4265,60924.51436868
2025-02-14T00:00:00Z,KNCUSD,0.4288,0.4385,0.4288,0.4368,5589.58428955
2025-02-15T00:00:00Z,KNCUSD,0.4373,0.4400,0.4245,0.4253,7221.30981552
2025-02-16T00:00:00Z,KNCUSD,0.4259,0.4377,0.4259,0.4321,6228.56171356
2025-02-17T00:00:00Z,KNCUSD,0.4424,0.4482,0.4257,0.4324,24157.84688461
2025-02-18T00:00:00Z,KNCUSD,0.4255,0.4255,0.4044,0.4154,6564.33151878
2025-02-19T00:00:00Z,KNCUSD,0.4165,0.4238,0.4112,0.4210,27576.56362970
2025-02-20T00:00:00Z,KNCUSD,0.4234,0.4400,0.4234,0.4357,34179.68111575
2025-02-21T00:00:00Z,KNCUSD,0.4292,0.4444,0.4124,0.4125,9362.87834519
2025-02-22T00:00:00Z,KNCUSD,0.4152,0.4329,0.4125,0.4322,10650.68705198
2025-02-23T00:00:00Z,KNCUSD,0.4377,0.4377,0.4292,0.4342,267.74162360
2025-02-24T00:00:00Z,KNCUSD,0.4337,0.4343,0.3866,0.3866,6691.41337401
2025-02-25T00:00:00Z,KNCUSD,0.3924,0.3943,0.3693,0.3943,12516.12244079
2025-02-26T00:00:00Z,KNCUSD,0.3892,0.3943,0.3750,0.3910,6017.51921983
2025-02-27T00:00:00Z,KNCUSD,0.3878,0.4003,0.3866,0.3943,6619.92229292
2025-02-28T00:00:00Z,KNCUSD,0.3866,0.3965,0.3693,0.3965,5187.34760543
2025-03-01T00:00:00Z,KNCUSD,0.3955,0.3966,0.3791,0.3911,10011.32311310
2025-03-02T00:00:00Z,KNCUSD,0.3888,0.4225,0.3888,0.4225,20146.76972433
2025-03-03T00:00:00Z,KNCUSD,0.4195,0.4224,0.3563,0.3631,17590.11805207
2025-03-04T00:00:00Z,KNCUSD,0.3557,0.3598,0.3356,0.3591,9862.32508546
2025-03-05T00:00:00Z,KNCUSD,0.3653,0.3721,0.3600,0.3705,5849.49813957
2025-03-06T00:00:00Z,KNCUSD,0.3720,0.3801,0.3631,0.3670,3012.97191180
2025-03-07T00:00:00Z,KNCUSD,0.3684,0.3766,0.3528,0.3642,4049.30082552
2025-03-08T00:00:00Z,KNCUSD,0.3592,0.3629,0.3570,0.3629,2494.67518146
2025-03-09T00:00:00Z,KNCUSD,0.3617,0.3617,0.3264,0.3283,5169.74564138
2025-03-10T00:00:00Z,KNCUSD,0.3268,0.3385,0.3091,0.3120,25031.03750114
2025-03-11T00:00:00Z,KNCUSD,0.3075,0.3317,0.2910,0.3255,17508.33921910
2025-03-12T00:00:00Z,KNCUSD,0.3244,0.3389,0.3161,0.3334,4336.42756422
2025-03-13T00:00:00Z,KNCUSD,0.3355,0.3399,0.3269,0.3305,4181.53533247
2025-03-14T00:00:00Z,KNCUSD,0.3334,0.3503,0.3334,0.3447,9714.48791193
2025-03-15T00:00:00Z,KNCUSD,0.3446,0.3525,0.3446,0.3510,3242.37703097
2025-03-16T00:00:00Z,KNCUSD,0.3517,0.3639,0.3389,0.3528,8432.94518572
2025-03-17T00:00:00Z,KNCUSD,0.3585,0.3743,0.3570,0.3617,24431.56885380
2025-03-18T00:00:00Z,KNCUSD,0.3642,0.3642,0.3475,0.3620,11715.14009639
2025-03-19T00:00:00Z,KNCUSD,0.3653,0.3723,0.3638,0.3722,10355.12810378
2025-03-20T00:00:00Z,KNCUSD,0.3750,0.3750,0.3625,0.3646,4600.23723726
2025-03-21T00:00:00Z,KNCUSD,0.3667,0.3686,0.3630,0.3662,8638.36309519
2025-03-22T00:00:00Z,KNCUSD,0.3676,0.3733,0.3646,0.3713,950.64893961
2025-03-23T00:00:00Z,KNCUSD,0.3680,0.3693,0.3576,0.3591,20333.58875615
2025-03-24T00:00:00Z,KNCUSD,0.3644,0.3951,0.3644,0.3854,13140.30935400
2025-03-25T00:00:00Z,KNCUSD,0.3919,0.3943,0.3866,0.3931,3669.92316842
2025-03-26T00:00:00Z,KNCUSD,0.3904,0.3979,0.3818,0.3903,2676.34288672
2025-03-27T00:00:00Z,KNCUSD,0.3910,0.3943,0.3808,0.3863,3430.67140870
2025-03-28T00:00:00Z,KNCUSD,0.3819,0.3819,0.3559,0.3559,6228.29272837
2025-03-29T00:00:00Z,KNCUSD,0.3528,0.3545,0.3370,0.3399,9721.12081660
2025-03-30T00:00:00Z,KNCUSD,0.3415,0.3451,0.3370,0.3379,3370.56276107
2025-03-31T00:00:00Z,KNCUSD,0.3373,0.3443,0.3296,0.3370,20791.48610567
2025-04-01T00:00:00Z,KNCUSD,0.3373,0.3437,0.3369,0.3402,9835.88926881
2025-04-02T00:00:00Z,KNCUSD,0.3370,0.3437,0.3170,0.3181,29092.95571168
2025-04-03T00:00:00Z,KNCUSD,0.3181,0.3266,0.3075,0.3178,5177.46576196
2025-04-04T00:00:00Z,KNCUSD,0.3211,0.3211,0.3072,0.3140,12074.70787686
2025-04-05T00:00:00Z,KNCUSD,0.3158,0.3159,0.3114,0.3114,161.03644112
2025-04-06T00:00:00Z,KNCUSD,0.3147,0.3147,0.2800,0.2800,8834.88158064
2025-04-07T00:00:00Z,KNCUSD,0.2861,0.2949,0.2587,0.2879,33017.88636609
2025-04-08T00:00:00Z,KNCUSD,0.2853,0.2904,0.2720,0.2722,4139.87770042
2025-04-09T00:00:00Z,KNCUSD,0.2679,0.3088,0.2638,0.3079,15396.95378392
2025-04-10T00:00:00Z,KNCUSD,0.3028,0.3079,0.2928,0.3009,11495.98568357
2025-04-11T00:00:00Z,KNCUSD,0.3016,0.3184,0.3016,0.3150,3052.44732744
2025-04-12T00:00:00Z,KNCUSD,0.3138,0.3253,0.3124,0.3250,5126.17498459
2025-04-13T00:00:00Z,KNCUSD,0.3260,0.3265,0.3074,0.3131,18210.36384899
2025-04-14T00:00:00Z,KNCUSD,0.3136,0.3201,0.3075,0.3113,30854.62112978
2025-04-15T00:00:00Z,KNCUSD,0.3144,0.3257,0.3068,0.3141,27524.69118784
2025-04-16T00:00:00Z,KNCUSD,0.3184,0.3233,0.3091,0.3181,23726.02463942
2025-04-17T00:00:00Z,KNCUSD,0.3233,0.3437,0.3220,0.3437,23138.54250997
2025-04-18T00:00:00Z,KNCUSD,0.3370,0.3527,0.3370,0.3473,28495.02490408
2025-04-19T00:00:00Z,KNCUSD,0.3460,0.3539,0.3460,0.3466,19058.79286591
2025-04-20T00:00:00Z,KNCUSD,0.3488,0.3577,0.3434,0.3473,10138.63427684
2025-04-21T00:00:00Z,KNCUSD,0.3535,0.3565,0.3422,0.3422,24620.13761225
2025-04-22T00:00:00Z,KNCUSD,0.3408,0.3616,0.3348,0.3610,29561.04704897
2025-04-23T00:00:00Z,KNCUSD,0.3599,0.3709,0.3599,0.3650,39858.60889422
2025-04-24T00:00:00Z,KNCUSD,0.3658,0.3659,0.3561,0.3652,20687.44280713
2025-04-25T00:00:00Z,KNCUSD,0.3685,0.3863,0.3621,0.3829,28243.79299398
2025-04-26T00:00:00Z,KNCUSD,0.3834,0.3904,0.3803,0.3842,18618.03200629
2025-04-27T00:00:00Z,KNCUSD,0.3808,0.3808,0.3748,0.3748,1576.56459547
2025-04-28T00:00:00Z,KNCUSD,0.3743,0.3798,0.3632,0.3701,5602.60598022
2025-04-29T00:00:00Z,KNCUSD,0.3723,0.3723,0.3637,0.3648,791.31975859
2025-04-30T00:00:00Z,KNCUSD,0.3691,0.3754,0.3617,0.3715,235343.49143025
2025-05-01T00:00:00Z,KNCUSD,0.3711,0.3783,0.3686,0.3767,3647.54453839
2025-05-02T00:00:00Z,KNCUSD,0.3759,0.3787,0.3693,0.3693,6159.68531899
2025-05-03T00:00:00Z,KNCUSD,0.3651,0.3668,0.3485,0.3517,19939.96228547
2025-05-04T00:00:00Z,KNCUSD,0.3475,0.3482,0.3422,0.3441,3088.82448916
2025-05-05T00:00:00Z,KNCUSD,0.3442,0.3518,0.3410,0.3492,18124.37788459
2025-05-06T00:00:00Z,KNCUSD,0.3502,0.3516,0.3318,0.3413,8918.75512026
2025-05-07T00:00:00Z,KNCUSD,0.3419,0.3451,0.3361,0.3389,5732.38528303
2025-05-08T00:00:00Z,KNCUSD,0.3395,0.3837,0.3395,0.3837,17088.71769608
2025-05-09T00:00:00Z,KNCUSD,0.3844,0.4023,0.3844,0.4006,13802.58683725
2025-05-10T00:00:00Z,KNCUSD,0.4064,0.4194,0.4044,0.4188,10884.22632957
2025-05-11T00:00:00Z,KNCUSD,0.4216,0.4216,0.3998,0.4096,3823.04844028
2025-05-12T00:00:00Z,KNCUSD,0.4146,0.4236,0.3985,0.4169,50803.67932639
2025-05-13T00:00:00Z,KNCUSD,0.4044,0.4193,0.3925,0.4152,12473.04502320
2025-05-14T00:00:00Z,KNCUSD,0.4159,0.4170,0.3918,0.4019,10689.18079110
2025-05-15T00:00:00Z,KNCUSD,0.4043,0.4064,0.3750,0.3808,24233.40177216
2025-05-16T00:00:00Z,KNCUSD,0.3884,0.3884,0.3693,0.3711,5939.40492204
2025-05-17T00:00:00Z,KNCUSD,0.3675,0.3675,0.3523,0.3546,12264.72360198
2025-05-18T00:00:00Z,KNCUSD,0.3559,0.3709,0.3475,0.3653,7540.03151875
2025-05-19T00:00:00Z,KNCUSD,0.3608,0.3622,0.3460,0.3577,8085.85962251
2025-05-20T00:00:00Z,KNCUSD,0.3639,0.3723,0.3586,0.3712,8055.83756498
2025-05-21T00:00:00Z,KNCUSD,0.3708,0.3784,0.3636,0.3758,47438.95310205
2025-05-22T00:00:00Z,KNCUSD,0.3767,0.3966,0.3767,0.3945,36059.08824252
2025-05-23T00:00:00Z,KNCUSD,0.3961,0.4021,0.3661,0.3661,14595.58188282
2025-05-24T00:00:00Z,KNCUSD,0.3641,0.3736,0.3641,0.3716,5803.85036668
2025-05-25T00:00:00Z,KNCUSD,0.3650,0.3650,0.3490,0.3610,10025.20131176
2025-05-26T00:00:00Z,KNCUSD,0.3600,0.3661,0.3578,0.3578,13178.25756087
2025-05-27T00:00:00Z,KNCUSD,0.3566,0.3709,0.3552,0.3664,27221.20410793
2025-05-28T00:00:00Z,KNCUSD,0.3683,0.3740,0.3528,0.3598,31625.69330121
2025-05-29T00:00:00Z,KNCUSD,0.3653,0.3681,0.3512,0.3512,14928.40666773
2025-05-30T00:00:00Z,KNCUSD,0.3505,0.3505,0.3153,0.3153,12513.85098378
2025-05-31T00:00:00Z,KNCUSD,0.3122,0.3233,0.3097,0.3233,5547.22758180
2025-06-01T00:00:00Z,KNCUSD,0.3193,0.3255,0.3081,0.3255,22748.62171799
2025-06-02T00:00:00Z,KNCUSD,0.3252,0.3326,0.3147,0.3325,11115.59335642
2025-06-03T00:00:00Z,KNCUSD,0.3334,0.3398,0.3319,0.3319,5119.77777789
2025-06-04T00:00:00Z,KNCUSD,0.3310,0.3385,0.3278,0.3290,9021.30131065
2025-06-05T00:00:00Z,KNCUSD,0.3269,0.3363,0.3155,0.3167,85217.56083348
2025-06-06T00:00:00Z,KNCUSD,0.3176,0.3340,0.3176,0.3300,11562.17760498
2025-06-07T00:00:00Z,KNCUSD,0.3306,0.3440,0.3304,0.3416,29457.57590565
2025-06-08T00:00:00Z,KNCUSD,0.3420,0.3436,0.3406,0.3415,602.02223643
2025-06-09T00:00:00Z,KNCUSD,0.3370,0.3544,0.3356,0.3544,11963.31145035
2025-06-10T00:00:00Z,KNCUSD,0.3573,0.3721,0.3518,0.3715,8065.32927937
2025-06-11T00:00:00Z,KNCUSD,0.3707,0.3707,0.3505,0.3505,10433.49839943
2025-06-12T00:00:00Z,KNCUSD,0.3475,0.3544,0.3319,0.3340,57500.91464960
2025-06-13T00:00:00Z,KNCUSD,0.3301,0.3301,0.3164,0.3233,7161.20898324
2025-06-14T00:00:00Z,KNCUSD,0.3255,0.3283,0.3219,0.3240,5535.97720454
2025-06-15T00:00:00Z,KNCUSD,0.3256,0.3293,0.3210,0.3250,3241.01649675
2025-06-16T00:00:00Z,KNCUSD,0.3241,0.3385,0.3218,0.3316,7234.40997633
2025-06-17T00:00:00Z,KNCUSD,0.3269,0.3349,0.3162,0.3197,51027.14859681
2025-06-18T00:00:00Z,KNCUSD,0.3180,0.3218,0.3104,0.3210,42183.90988003
2025-06-19T00:00:00Z,KNCUSD,0.3186,0.3186,0.3101,0.3127,14337.17389507
2025-06-20T00:00:00Z,KNCUSD,0.3143,0.3209,0.3042,0.3095,5476.91479110
2025-06-21T00:00:00Z,KNCUSD,0.3130,0.3137,0.2963,0.2966,30537.34092740
2025-06-22T00:00:00Z,KNCUSD,0.2979,0.2979,0.2720,0.2820,18729.01056180
2025-06-23T00:00:00Z,KNCUSD,0.2858,0.3048,0.2838,0.3048,2364.89886278
2025-06-24T00:00:00Z,KNCUSD,0.3052,0.3097,0.3033,0.3095,2797.70854239
2025-06-25T00:00:00Z,KNCUSD,0.3079,0.3098,0.3041,0.3052,10464.13655353
2025-06-26T00:00:00Z,KNCUSD,0.3028,0.3042,0.2931,0.2945,4418.74150017
2025-06-27T00:00:00Z,KNCUSD,0.2940,0.2995,0.2930,0.2970,1130.52356933
2025-06-28T00:00:00Z,KNCUSD,0.2951,0.2955,0.2905,0.2926,5699.37418419
2025-06-29T00:00:00Z,KNCUSD,0.2967,0.3003,0.2915,0.2998,8321.30778274
2025-06-30T00:00:00Z,KNCUSD,0.3026,0.3026,0.2858,0.2872,26028.20805091
2025-07-01T00:00:00Z,KNCUSD,0.2881,0.2887,0.2719,0.2719,52156.87714384
2025-07-02T00:00:00Z,KNCUSD,0.2744,0.3022,0.2744,0.2997,33956.11728515
2025-07-03T00:00:00Z,KNCUSD,0.2992,0.3032,0.2965,0.2982,4311.77665263
2025-07-04T00:00:00Z,KNCUSD,0.2955,0.2972,0.2799,0.2815,3966.10304647
2025-07-05T00:00:00Z,KNCUSD,0.2827,0.2827,0.2795,0.2809,17875.09374451
2025-07-06T00:00:00Z,KNCUSD,0.2810,0.2871,0.2807,0.2871,4493.49500291
2025-07-07T00:00:00Z,KNCUSD,0.2847,0.2894,0.2834,0.2847,13383.82076965
2025-07-08T00:00:00Z,KNCUSD,0.2846,0.2904,0.2805,0.2904,13499.81381173
2025-07-09T00:00:00Z,KNCUSD,0.2879,0.3042,0.2872,0.3039,10692.44402869
2025-07-10T00:00:00Z,KNCUSD,0.3034,0.3147,0.2980,0.3140,23217.28308152
2025-07-11T00:00:00Z,KNCUSD,0.3115,0.3316,0.3094,0.3170,25428.87890214
2025-07-12T00:00:00Z,KNCUSD,0.3215,0.8445,0.3215,0.6399,2859907.42830619
2025-07-13T00:00:00Z,KNCUSD,0.6278,0.6357,0.4846,0.4959,1035471.79288901
2025-07-14T00:00:00Z,KNCUSD,0.4908,0.5081,0.4598,0.4859,1583417.17527067
2025-07-15T00:00:00Z,KNCUSD,0.4880,0.5211,0.4500,0.4670,295906.43828173
2025-07-16T00:00:00Z,KNCUSD,0.4658,0.4717,0.4545,0.4621,100840.32775613
2025-07-17T00:00:00Z,KNCUSD,0.4555,0.4585,0.4333,0.4434,79095.57657342
2025-07-18T00:00:00Z,KNCUSD,0.4425,0.4756,0.4219,0.4310,87429.72090448
2025-07-19T00:00:00Z,KNCUSD,0.4377,0.4377,0.4231,0.4297,42468.56364688
2025-07-20T00:00:00Z,KNCUSD,0.4367,0.5365,0.4309,0.4567,921070.49129278
2025-07-21T00:00:00Z,KNCUSD,0.4565,0.5033,0.4524,0.4640,423288.43329617
2025-07-22T00:00:00Z,KNCUSD,0.4586,0.4611,0.4343,0.4498,26017.32223064
2025-07-23T00:00:00Z,KNCUSD,0.4481,0.4482,0.4137,0.4284,59262.17909813
2025-07-24T00:00:00Z,KNCUSD,0.4275,0.4543,0.4010,0.4188,176348.18769733
2025-07-25T00:00:00Z,KNCUSD,0.4159,0.4300,0.4096,0.4300,17368.44026885
2025-07-26T00:00:00Z,KNCUSD,0.4328,0.4561,0.4277,0.4352,62609.35778982
2025-07-27T00:00:00Z,KNCUSD,0.4334,0.4663,0.4288,0.4424,60689.65334791
2025-07-28T00:00:00Z,KNCUSD,0.4459,0.6196,0.4459,0.5193,1708809.56218143
2025-07-29T00:00:00Z,KNCUSD,0.5141,0.5142,0.4560,0.4663,624117.08828548
2025-07-30T00:00:00Z,KNCUSD,0.4645,0.5006,0.4400,0.4537,184858.61989302
2025-07-31T00:00:00Z,KNCUSD,0.4523,0.4796,0.4244,0.4270,173849.84857018
2025-08-01T00:00:00Z,KNCUSD,0.4214,0.4339,0.4110,0.4191,147067.31556219
2025-08-02T00:00:00Z,KNCUSD,0.4178,0.4241,0.4019,0.4127,15681.73217109
2025-08-03T00:00:00Z,KNCUSD,0.4161,0.4237,0.4053,0.4237,67304.58576734
2025-08-04T00:00:00Z,KNCUSD,0.4208,0.4388,0.4186,0.4388,48061.21247756
2025-08-05T00:00:00Z,KNCUSD,0.4431,0.4517,0.4180,0.4235,158154.11543389
2025-08-06T00:00:00Z,KNCUSD,0.4238,0.4284,0.4144,0.4193,10209.24689481
2025-08-07T00:00:00Z,KNCUSD,0.4189,0.4335,0.4095,0.4335,8290.53457212
2025-08-08T00:00:00Z,KNCUSD,0.4354,0.4468,0.4312,0.4442,39615.79200652
2025-08-09T00:00:00Z,KNCUSD,0.4438,0.4598,0.4425,0.4558,23349.93128072
2025-08-10T00:00:00Z,KNCUSD,0.4628,0.4692,0.4357,0.4419,43129.84365320
2025-08-11T00:00:00Z,KNCUSD,0.4414,0.4488,0.4185,0.4205,28409.87405348
2025-08-12T00:00:00Z,KNCUSD,0.4183,0.4294,0.4094,0.4260,34999.85075722
2025-08-13T00:00:00Z,KNCUSD,0.4285,0.4411,0.4284,0.4369,52741.32112219
2025-08-14T00:00:00Z,KNCUSD,0.4356,0.4481,0.3968,0.4016,70753.89419625
2025-08-15T00:00:00Z,KNCUSD,0.4064,0.4158,0.3886,0.4036,49868.08557735
2025-08-16T00:00:00Z,KNCUSD,0.4029,0.4127,0.4021,0.4092,22664.92845679
2025-08-17T00:00:00Z,KNCUSD,0.4107,0.4222,0.4090,0.4116,9903.95384544
2025-08-18T00:00:00Z,KNCUSD,0.4044,0.4044,0.3925,0.4035,3796.88998594
2025-08-19T00:00:00Z,KNCUSD,0.3976,0.3976,0.3800,0.3853,8421.61021925
2025-08-20T00:00:00Z,KNCUSD,0.3819,0.3970,0.3808,0.3946,10792.10896439
2025-08-21T00:00:00Z,KNCUSD,0.3953,0.3965,0.3823,0.3844,99944.25034994
2025-08-22T00:00:00Z,KNCUSD,0.3813,0.4200,0.3732,0.4200,20269.42125302
2025-08-23T00:00:00Z,KNCUSD,0.4191,0.4239,0.4118,0.4167,22905.97061644
2025-08-24T00:00:00Z,KNCUSD,0.4158,0.4174,0.3985,0.4033,13868.18647290
2025-08-25T00:00:00Z,KNCUSD,0.3970,0.4047,0.3601,0.3693,19897.90919130
2025-08-26T00:00:00Z,KNCUSD,0.3656,0.3888,0.3652,0.3873,21210.15699681
2025-08-27T00:00:00Z,KNCUSD,0.3846,0.3909,0.3821,0.3854,9647.03653571
2025-08-28T00:00:00Z,KNCUSD,0.3876,0.4026,0.3869,0.4003,29170.13212976
2025-08-29T00:00:00Z,KNCUSD,0.3999,0.3999,0.3737,0.3798,35900.19517564
2025-08-30T00:00:00Z,KNCUSD,0.3825,0.3848,0.3803,0.3848,241.45577119
2025-08-31T00:00:00Z,KNCUSD,0.3884,0.3970,0.3860,0.3909,23089.45550422
2025-09-01T00:00:00Z,KNCUSD,0.3808,0.3964,0.3637,0.3685,119115.26135570
2025-09-02T00:00:00Z,KNCUSD,0.3709,0.3799,0.3677,0.3762,8440.33605629
2025-09-03T00:00:00Z,KNCUSD,0.3749,0.3793,0.3717,0.3763,12897.41432153
2025-09-04T00:00:00Z,KNCUSD,0.3770,0.3770,0.3596,0.3634,4069.54401173
2025-09-05T00:00:00Z,KNCUSD,0.3645,0.3718,0.3645,0.3694,1386.03260114
2025-09-06T00:00:00Z,KNCUSD,0.3700,0.3710,0.3648,0.3675,14716.05601039
2025-09-07T00:00:00Z,KNCUSD,0.3680,0.3710,0.3679,0.3689,5675.62850925
2025-09-08T00:00:00Z,KNCUSD,0.3702,0.3782,0.3699,0.3776,14722.99826345
2025-09-09T00:00:00Z,KNCUSD,0.3759,0.3862,0.3711,0.3756,29580.88676067
2025-09-10T00:00:00Z,KNCUSD,0.3707,0.3773,0.3687,0.3747,19557.03840131
2025-09-11T00:00:00Z,KNCUSD,0.3758,0.3804,0.3749,0.3791,10431.20353793
2025-09-12T00:00:00Z,KNCUSD,0.3795,0.3952,0.3795,0.3952,16857.87874229
2025-09-13T00:00:00Z,KNCUSD,0.3951,0.4053,0.3949,0.4012,75236.71728890
2025-09-14T00:00:00Z,KNCUSD,0.4000,0.4000,0.3845,0.3905,30207.49035716
2025-09-15T00:00:00Z,KNCUSD,0.3875,0.4003,0.3665,0.3719,55675.08615581
2025-09-16T00:00:00Z,KNCUSD,0.3716,0.3778,0.3703,0.3774,19209.30263308
2025-09-17T00:00:00Z,KNCUSD,0.3782,0.3855,0.3670,0.3855,12893.71832663
2025-09-18T00:00:00Z,KNCUSD,0.3858,0.3887,0.3820,0.3835,29748.41548459
2025-09-19T00:00:00Z,KNCUSD,0.3808,0.3808,0.3689,0.3703,14078.12537918
2025-09-20T00:00:00Z,KNCUSD,0.3703,0.3760,0.3692,0.3749,309.02985456
2025-09-21T00:00:00Z,KNCUSD,0.3718,0.3757,0.3674,0.3679,20953.03730934
2025-09-22T00:00:00Z,KNCUSD,0.3637,0.3637,0.3238,0.3391,99360.72302219
2025-09-23T00:00:00Z,KNCUSD,0.3421,0.3470,0.3352,0.3401,9571.11203014
2025-09-24T00:00:00Z,KNCUSD,0.3370,0.3448,0.3308,0.3390,17655.62522546
2025-09-25T00:00:00Z,KNCUSD,0.3370,0.3377,0.3140,0.3170,12046.80545308
2025-09-26T00:00:00Z,KNCUSD,0.3195,0.3338,0.3195,0.3338,6423.89940458
2025-09-27T00:00:00Z,KNCUSD,0.3308,0.3353,0.3303,0.3320,4577.72008986
2025-09-28T00:00:00Z,KNCUSD,0.3321,0.3374,0.3229,0.3361,30752.94750636
2025-09-29T00:00:00Z,KNCUSD,0.3360,0.3361,0.3235,0.3340,13771.16991492
2025-09-30T00:00:00Z,KNCUSD,0.3271,0.3277,0.3170,0.3251,26382.02898859
2025-10-01T00:00:00Z,KNCUSD,0.3255,0.3385,0.3244,0.3377,9162.80094925
2025-10-02T00:00:00Z,KNCUSD,0.3396,0.3451,0.3370,0.3412,19907.68048172
2025-10-03T00:00:00Z,KNCUSD,0.3426,0.3507,0.3399,0.3456,14716.09881279
2025-10-04T00:00:00Z,KNCUSD,0.3447,0.3453,0.3319,0.3351,24387.54392330
2025-10-05T00:00:00Z,KNCUSD,0.3385,0.3437,0.3336,0.3336,6703.17684151
2025-10-06T00:00:00Z,KNCUSD,0.3319,0.3452,0.3319,0.3435,5249.99789436
2025-10-07T00:00:00Z,KNCUSD,0.3447,0.3468,0.3254,0.3295,34686.59137804
2025-10-08T00:00:00Z,KNCUSD,0.3269,0.3372,0.3239,0.3354,3298.52938113
2025-10-09T00:00:00Z,KNCUSD,0.3269,0.3347,0.3219,0.3283,3300.52512614
2025-10-10T00:00:00Z,KNCUSD,0.3283,0.3314,0.2318,0.2580,282891.50145138
2025-10-11T00:00:00Z,KNCUSD,0.2605,0.2713,0.2517,0.2610,75584.79291625
2025-10-12T00:00:00Z,KNCUSD,0.2635,0.2889,0.2598,0.2864,177037.32776109
2025-10-13T00:00:00Z,KNCUSD,0.2870,0.3066,0.2851,0.3062,72484.06565476
2025-10-14T00:00:00Z,KNCUSD,0.3066,0.3066,0.2779,0.2929,141239.40190487
2025-10-15T00:00:00Z,KNCUSD,0.2934,0.2984,0.2762,0.2794,66531.57246500
2025-10-16T00:00:00Z,KNCUSD,0.2797,0.2864,0.2668,0.2697,91120.68380498
2025-10-17T00:00:00Z,KNCUSD,0.2732,0.2732,0.2514,0.2662,88232.25044239
2025-10-18T00:00:00Z,KNCUSD,0.2669,0.2778,0.2668,0.2747,45475.10732954
2025-10-19T00:00:00Z,KNCUSD,0.2733,0.2966,0.2733,0.2927,28220.37490924
2025-10-20T00:00:00Z,KNCUSD,0.2944,0.3410,0.2892,0.3165,675765.73904043
2025-10-21T00:00:00Z,KNCUSD,0.3168,0.3372,0.2914,0.2971,254692.15255854
2025-10-22T00:00:00Z,KNCUSD,0.3039,0.3088,0.2872,0.2933,105738.79102508
2025-10-23T00:00:00Z,KNCUSD,0.2949,0.3157,0.2949,0.3094,52858.97844707
2025-10-24T00:00:00Z,KNCUSD,0.3069,0.3115,0.3001,0.3076,16192.90261085
2025-10-25T00:00:00Z,KNCUSD,0.3040,0.3076,0.3025,0.3070,8692.26677590
2025-10-26T00:00:00Z,KNCUSD,0.3088,0.3121,0.3070,0.3108,6797.53825571
2025-10-27T00:00:00Z,KNCUSD,0.3099,0.3121,0.2995,0.3005,35319.62240334
2025-10-28T00:00:00Z,KNCUSD,0.3068,0.3068,0.2891,0.2985,33003.84550086
2025-10-29T00:00:00Z,KNCUSD,0.2993,0.3033,0.2923,0.2974,5055.53727015
2025-10-30T00:00:00Z,KNCUSD,0.3001,0.3008,0.2780,0.2861,20048.37301718
2025-10-31T00:00:00Z,KNCUSD,0.2904,0.2920,0.2864,0.2890,15791.03937255
2025-11-01T00:00:00Z,KNCUSD,0.2924,0.2932,0.2893,0.2901,5297.31048860
2025-11-02T00:00:00Z,KNCUSD,0.2905,0.2952,0.2869,0.2886,5847.50128189
2025-11-03T00:00:00Z,KNCUSD,0.2870,0.2870,0.2654,0.2781,12161.69365976
2025-11-04T00:00:00Z,KNCUSD,0.2742,0.2846,0.2598,0.2756,102040.33511214
2025-11-05T00:00:00Z,KNCUSD,0.2686,0.2806,0.2604,0.2790,19681.64133174
2025-11-06T00:00:00Z,KNCUSD,0.2750,0.2959,0.2749,0.2906,88303.62564609
2025-11-07T00:00:00Z,KNCUSD,0.2937,0.3175,0.2890,0.3127,62648.39036455
2025-11-08T00:00:00Z,KNCUSD,0.3160,0.3220,0.3019,0.3074,42243.20435064
2025-11-09T00:00:00Z,KNCUSD,0.3055,0.3160,0.3043,0.3160,53593.35897438
2025-11-10T00:00:00Z,KNCUSD,0.3131,0.3163,0.3068,0.3133,16274.91829837
2025-11-11T00:00:00Z,KNCUSD,0.3150,0.3490,0.3001,0.3052,73224.34029675
2025-11-12T00:00:00Z,KNCUSD,0.3033,0.3124,0.2927,0.2999,27219.77300807
2025-11-13T00:00:00Z,KNCUSD,0.2989,0.3021,0.2824,0.2854,30538.37299751
2025-11-14T00:00:00Z,KNCUSD,0.2845,0.2894,0.2743,0.2770,23875.60391593
2025-11-15T00:00:00Z,KNCUSD,0.2790,0.2906,0.2790,0.2869,37361.20528601
2025-11-16T00:00:00Z,KNCUSD,0.2890,0.2898,0.2769,0.2779,5555.93034477
2025-11-17T00:00:00Z,KNCUSD,0.2809,0.2883,0.2720,0.2792,77999.57603986
2025-11-18T00:00:00Z,KNCUSD,0.2798,0.2890,0.2762,0.2890,7085.25792052
2025-11-19T00:00:00Z,KNCUSD,0.2867,0.2909,0.2754,0.2828,31614.27264461
2025-11-20T00:00:00Z,KNCUSD,0.2858,0.2904,0.2762,0.2817,18782.27655701
2025-11-21T00:00:00Z,KNCUSD,0.2779,0.2784,0.2598,0.2760,29101.45150883
2025-11-22T00:00:00Z,KNCUSD,0.2738,0.2787,0.2704,0.2736,28682.03278620
2025-11-23T00:00:00Z,KNCUSD,0.2738,0.2774,0.2710,0.2710,6764.82462434
2025-11-24T00:00:00Z,KNCUSD,0.2736,0.2782,0.2665,0.2757,8428.11542097
2025-11-25T00:00:00Z,KNCUSD,0.2771,0.2786,0.2717,0.2740,4108.68751651
2025-11-26T00:00:00Z,KNCUSD,0.2762,0.2762,0.2679,0.2732,2772.01797014
2025-11-27T00:00:00Z,KNCUSD,0.2750,0.2843,0.2750,0.2836,9110.06440259
2025-11-28T00:00:00Z,KNCUSD,0.2811,0.2870,0.2790,0.2821,8239.94359506
2025-11-29T00:00:00Z,KNCUSD,0.2805,0.2836,0.2772,0.2772,4040.92696456
2025-11-30T00:00:00Z,KNCUSD,0.2786,0.2832,0.2762,0.2762,4549.83893219
2025-12-01T00:00:00Z,KNCUSD,0.2720,0.2720,0.2654,0.2716,12478.40779041
2025-12-02T00:00:00Z,KNCUSD,0.2714,0.2804,0.2698,0.2794,20835.04106015
2025-12-03T00:00:00Z,KNCUSD,0.2789,0.2837,0.2788,0.2837,6976.77185009
2025-12-04T00:00:00Z,KNCUSD,0.2833,0.2833,0.2720,0.2720,490.48985301
2025-12-05T00:00:00Z,KNCUSD,0.2756,0.2775,0.2688,0.2738,4297.12383310
2025-12-06T00:00:00Z,KNCUSD,0.2732,0.2750,0.2715,0.2750,4513.72204108
2025-12-07T00:00:00Z,KNCUSD,0.2724,0.2724,0.2661,0.2676,3598.50772666
2025-12-08T00:00:00Z,KNCUSD,0.2683,0.2683,0.2641,0.2655,5213.57030658
2025-12-09T00:00:00Z,KNCUSD,0.2638,0.2716,0.2623,0.2673,4603.43149809
2025-12-10T00:00:00Z,KNCUSD,0.2680,0.2701,0.2638,0.2638,8873.27796002
2025-12-11T00:00:00Z,KNCUSD,0.2601,0.2609,0.2555,0.2575,15261.36708308
2025-12-12T00:00:00Z,KNCUSD,0.2576,0.2576,0.2490,0.2499,15777.39164267
2025-12-13T00:00:00Z,KNCUSD,0.2530,0.2531,0.2493,0.2493,22432.30385967
2025-12-14T00:00:00Z,KNCUSD,0.2498,0.2498,0.2460,0.2460,2914.52442688
2025-12-15T00:00:00Z,KNCUSD,0.2479,0.2486,0.2334,0.2366,12614.00939026
2025-12-16T00:00:00Z,KNCUSD,0.2364,0.2380,0.2317,0.2317,6448.80184405
2025-12-17T00:00:00Z,KNCUSD,0.2340,0.2355,0.2201,0.2204,23539.45983251
2025-12-18T00:00:00Z,KNCUSD,0.2202,0.2238,0.2118,0.2143,29870.42475618
2025-12-19T00:00:00Z,KNCUSD,0.2131,0.2285,0.2109,0.2285,51567.86672484
2025-12-20T00:00:00Z,KNCUSD,0.2275,0.2308,0.2274,0.2286,11858.11185118
2025-12-21T00:00:00Z,KNCUSD,0.2263,0.2272,0.2224,0.2224,8127.95389775
2025-12-22T00:00:00Z,KNCUSD,0.2229,0.2274,0.2222,0.2247,9645.22009119
2025-12-23T00:00:00Z,KNCUSD,0.2259,0.2273,0.2191,0.2273,21170.01971914
2025-12-24T00:00:00Z,KNCUSD,0.2271,0.2271,0.2209,0.2237,13933.59987087
2025-12-25T00:00:00Z,KNCUSD,0.2240,0.2306,0.2240,0.2269,16934.52815020
2025-12-26T00:00:00Z,KNCUSD,0.2271,0.2331,0.2271,0.2288,7752.63845928
2025-12-27T00:00:00Z,KNCUSD,0.2301,0.2343,0.2290,0.2343,28093.87380948
2025-12-28T00:00:00Z,KNCUSD,0.2359,0.2359,0.2312,0.2317,11026.11470689
2025-12-29T00:00:00Z,KNCUSD,0.2335,0.2346,0.2294,0.2296,3504.33260722
2025-12-30T00:00:00Z,KNCUSD,0.2281,0.2313,0.2263,0.2310,4691.18661600
2025-12-31T00:00:00Z,KNCUSD,0.2316,0.2318,0.2254,0.2291,32612.17015050
2026-01-01T00:00:00Z,KNCUSD,0.2294,0.2373,0.2290,0.2373,25112.71126640
2026-01-02T00:00:00Z,KNCUSD,0.2360,0.2417,0.2356,0.2417,13144.70289944
2026-01-03T00:00:00Z,KNCUSD,0.2416,0.2433,0.2378,0.2418,18188.03651543
2026-01-04T00:00:00Z,KNCUSD,0.2414,0.2461,0.2414,0.2443,10588.40904829
2026-01-05T00:00:00Z,KNCUSD,0.2446,0.2492,0.2423,0.2492,10587.41822882
2026-01-06T00:00:00Z,KNCUSD,0.2510,0.2541,0.2374,0.2455,28518.27059499
2026-01-07T00:00:00Z,KNCUSD,0.2434,0.2599,0.2421,0.2454,35330.79472686
2026-01-08T00:00:00Z,KNCUSD,0.2455,0.2501,0.2359,0.2424,20968.95243698
2026-01-09T00:00:00Z,KNCUSD,0.2422,0.2422,0.2370,0.2370,4579.36465598
2026-01-10T00:00:00Z,KNCUSD,0.2404,0.2428,0.2370,0.2411,103551.00073165
2026-01-11T00:00:00Z,KNCUSD,0.2390,0.2399,0.2349,0.2349,26735.11708837
2026-01-12T00:00:00Z,KNCUSD,0.2365,0.2385,0.2311,0.2331,69017.21534149
2026-01-13T00:00:00Z,KNCUSD,0.2342,0.2530,0.2342,0.2461,68100.09631349
2026-01-14T00:00:00Z,KNCUSD,0.2458,0.2468,0.2413,0.2456,7855.72152700
2026-01-15T00:00:00Z,KNCUSD,0.2422,0.2422,0.2319,0.2319,21791.53463736
2026-01-16T00:00:00Z,KNCUSD,0.2346,0.2358,0.2321,0.2341,2503.22421268
2026-01-17T00:00:00Z,KNCUSD,0.2380,0.2383,0.2380,0.2383,79.80708420
2026-01-18T00:00:00Z,KNCUSD,0.2362,0.2372,0.2290,0.2290,6611.29427083
2026-01-19T00:00:00Z,KNCUSD,0.2278,0.2278,0.2195,0.2266,19360.72918949
2026-01-20T00:00:00Z,KNCUSD,0.2253,0.2253,0.2154,0.2157,10522.28117160
2026-01-21T00:00:00Z,KNCUSD,0.2198,0.2199,0.2127,0.2181,12265.31385548
2026-01-22T00:00:00Z,KNCUSD,0.2186,0.2186,0.2114,0.2120,19744.65466881
2026-01-23T00:00:00Z,KNCUSD,0.2134,0.2138,0.2108,0.2108,6446.08894392
2026-01-24T00:00:00Z,KNCUSD,0.2119,0.2156,0.2118,0.2142,17969.92192049
2026-01-25T00:00:00Z,KNCUSD,0.2152,0.2259,0.2034,0.2034,43152.79651828
2026-01-26T00:00:00Z,KNCUSD,0.2028,0.2117,0.2028,0.2101,17484.30401780
2026-01-27T00:00:00Z,KNCUSD,0.2135,0.2145,0.2061,0.2106,41127.83727118
2026-01-28T00:00:00Z,KNCUSD,0.2109,0.2109,0.2065,0.2065,6395.95746578
2026-01-29T00:00:00Z,KNCUSD,0.2034,0.2034,0.1938,0.1958,35550.96086404
2026-01-30T00:00:00Z,KNCUSD,0.1957,0.1957,0.1903,0.1919,8011.17869875
2026-01-31T00:00:00Z,KNCUSD,0.1921,0.1921,0.1573,0.1724,43788.26843639
2026-02-01T00:00:00Z,KNCUSD,0.1729,0.1778,0.1695,0.1722,100897.42504375
2026-02-02T00:00:00Z,KNCUSD,0.1717,0.1789,0.1664,0.1789,23416.37174780
2026-02-03T00:00:00Z,KNCUSD,0.1759,0.1862,0.1727,0.1798,32248.75102928
2026-02-04T00:00:00Z,KNCUSD,0.1833,0.1833,0.1717,0.1755,19395.45981409
2026-02-05T00:00:00Z,KNCUSD,0.1762,0.1772,0.1463,0.1472,82890.98526592
2026-02-06T00:00:00Z,KNCUSD,0.1456,0.1576,0.1356,0.1565,54735.88713280
2026-02-07T00:00:00Z,KNCUSD,0.1585,0.1585,0.1526,0.1536,18236.57037259
2026-02-08T00:00:00Z,KNCUSD,0.1518,0.1528,0.1465,0.1471,73020.45481716
2026-02-09T00:00:00Z,KNCUSD,0.1477,0.1495,0.1427,0.1474,15042.57144680
2026-02-10T00:00:00Z,KNCUSD,0.1480,0.1515,0.1453,0.1515,42032.52490195
2026-02-11T00:00:00Z,KNCUSD,0.1514,0.1519,0.1445,0.1481,31861.63570892
2026-02-12T00:00:00Z,KNCUSD,0.1489,0.1531,0.1457,0.1488,22755.65624159
2026-02-13T00:00:00Z,KNCUSD,0.1466,0.1509,0.1459,0.1499,25568.57028691
2026-02-14T00:00:00Z,KNCUSD,0.1521,0.1533,0.1488,0.1503,78356.06911312
2026-02-15T00:00:00Z,KNCUSD,0.1524,0.1533,0.1402,0.1407,32161.73863960
2026-02-16T00:00:00Z,KNCUSD,0.1413,0.1414,0.1399,0.1405,3714.84860053
2026-02-17T00:00:00Z,KNCUSD,0.1416,0.1424,0.1397,0.1397,22656.64949411
2026-02-18T00:00:00Z,KNCUSD,0.1425,0.1427,0.1338,0.1346,11026.08863176
2026-02-19T00:00:00Z,KNCUSD,0.1367,0.1376,0.1331,0.1367,14780.65619287
2026-02-20T00:00:00Z,KNCUSD,0.1381,0.1389,0.1331,0.1389,7160.12386787
2026-02-21T00:00:00Z,KNCUSD,0.1410,0.1433,0.1399,0.1399,13794.08062007
2026-02-22T00:00:00Z,KNCUSD,0.1388,0.1400,0.1367,0.1367,6132.33148826
2026-02-23T00:00:00Z,KNCUSD,0.1362,0.1362,0.1298,0.1300,26277.99817101
2026-02-24T00:00:00Z,KNCUSD,0.1320,0.1326,0.1290,0.1298,4417.22181015
2026-02-25T00:00:00Z,KNCUSD,0.1326,0.1421,0.1300,0.1383,22949.06317047
2026-02-26T00:00:00Z,KNCUSD,0.1380,0.1382,0.1320,0.1346,9616.32041303
2026-02-27T00:00:00Z,KNCUSD,0.1367,0.1397,0.1346,0.1358,7702.82898776
2026-02-28T00:00:00Z,KNCUSD,0.1382,0.1393,0.1278,0.1382,14722.21376910
2026-03-01T00:00:00Z,KNCUSD,0.1375,0.1410,0.1316,0.1331,8644.76296210
2026-03-02T00:00:00Z,KNCUSD,0.1346,0.2417,0.1346,0.1472,844046.07305887
2026-03-03T00:00:00Z,KNCUSD,0.1464,0.1528,0.1377,0.1383,78652.01262714
2026-03-04T00:00:00Z,KNCUSD,0.1370,0.1471,0.1370,0.1389,137379.91744911
2026-03-05T00:00:00Z,KNCUSD,0.1383,0.1383,0.1316,0.1332,52480.97348475
2026-03-06T00:00:00Z,KNCUSD,0.1335,0.1352,0.1290,0.1294,9915.85912837
2026-03-07T00:00:00Z,KNCUSD,0.1289,0.1311,0.1252,0.1256,35659.98582854
2026-03-08T00:00:00Z,KNCUSD,0.1265,0.1268,0.1230,0.1248,23251.23817546
2026-03-09T00:00:00Z,KNCUSD,0.1248,0.1285,0.1247,0.1260,7320.52162649
2026-03-10T00:00:00Z,KNCUSD,0.1265,0.1318,0.1265,0.1304,15297.94380899
2026-03-11T00:00:00Z,KNCUSD,0.1307,0.1334,0.1304,0.1334,13479.24741584
2026-03-12T00:00:00Z,KNCUSD,0.1332,0.1351,0.1312,0.1351,3416.65834922
2026-03-13T00:00:00Z,KNCUSD,0.1359,0.1369,0.1341,0.1341,9257.89105832
2026-03-14T00:00:00Z,KNCUSD,0.1336,0.1336,0.1316,0.1329,11355.46462544
2026-03-15T00:00:00Z,KNCUSD,0.1326,0.1347,0.1322,0.1337,30937.53114797
2026-03-16T00:00:00Z,KNCUSD,0.1363,0.1426,0.1363,0.1426,11582.10210877
2026-03-17T00:00:00Z,KNCUSD,0.1383,0.1415,0.1373,0.1411,21895.06379906
2026-03-18T00:00:00Z,KNCUSD,0.1397,0.1422,0.1341,0.1341,26071.56663005
2026-03-19T00:00:00Z,KNCUSD,0.1354,0.1354,0.1337,0.1353,1723.67865887
2026-03-20T00:00:00Z,KNCUSD,0.1358,0.1369,0.1347,0.1349,16609.32562843
2026-03-21T00:00:00Z,KNCUSD,0.1352,0.1352,0.1320,0.1320,10532.74505203
2026-03-22T00:00:00Z,KNCUSD,0.1313,0.1332,0.1285,0.1301,16789.14690203
2026-03-23T00:00:00Z,KNCUSD,0.1326,0.1420,0.1324,0.1369,44730.21317002
2026-03-24T00:00:00Z,KNCUSD,0.1369,0.1438,0.1359,0.1436,59773.87005374
2026-03-25T00:00:00Z,KNCUSD,0.1425,0.1433,0.1404,0.1422,12384.52229607
2026-03-26T00:00:00Z,KNCUSD,0.1405,0.1597,0.1361,0.1387,238194.37180490
2026-03-27T00:00:00Z,KNCUSD,0.1378,0.1984,0.1376,0.1630,981196.51464029
2026-03-28T00:00:00Z,KNCUSD,0.1622,0.1644,0.1488,0.1544,193488.85151968
2026-03-29T00:00:00Z,KNCUSD,0.1518,0.1518,0.1392,0.1405,154212.80667437
2026-03-30T00:00:00Z,KNCUSD,0.1417,0.1539,0.1417,0.1481,270805.28417511
2026-03-31T00:00:00Z,KNCUSD,0.1472,0.1484,0.1393,0.1413,55879.14064756
2026-04-01T00:00:00Z,KNCUSD,0.1407,0.1419,0.1388,0.1399,13372.05439669
2026-04-02T00:00:00Z,KNCUSD,0.1384,0.1384,0.1300,0.1316,9129.37966113
2026-04-03T00:00:00Z,KNCUSD,0.1299,0.1324,0.1280,0.1295,4640.30259152
2026-04-04T00:00:00Z,KNCUSD,0.1299,0.1308,0.1280,0.1290,1230.91820421
2026-04-05T00:00:00Z,KNCUSD,0.1302,0.1367,0.1259,0.1280,8499.48888014
2026-04-06T00:00:00Z,KNCUSD,0.1286,0.1308,0.1282,0.1308,9191.41785146
2026-04-07T00:00:00Z,KNCUSD,0.1303,0.1441,0.1289,0.1393,115887.47242586
2026-04-08T00:00:00Z,KNCUSD,0.1394,0.1394,0.1331,0.1331,95623.00132467
2026-04-09T00:00:00Z,KNCUSD,0.1338,0.1413,0.1338,0.1393,40903.58088091
2026-04-10T00:00:00Z,KNCUSD,0.1399,0.1414,0.1362,0.1381,32072.96977518
2026-04-11T00:00:00Z,KNCUSD,0.1372,0.1372,0.1360,0.1367,2004.24442944
2026-04-12T00:00:00Z,KNCUSD,0.1341,0.1341,0.1314,0.1314,2197.37863695
2026-04-13T00:00:00Z,KNCUSD,0.1316,0.1351,0.1316,0.1350,4111.12502809
2026-04-14T00:00:00Z,KNCUSD,0.1367,0.1367,0.1331,0.1346,3461.08998648
2026-04-15T00:00:00Z,KNCUSD,0.1349,0.1355,0.1339,0.1352,2772.66825598
2026-04-16T00:00:00Z,KNCUSD,0.1360,0.1398,0.1360,0.1393,11268.65559167
2026-04-17T00:00:00Z,KNCUSD,0.1394,0.1550,0.1387,0.1461,26539.36239297
2026-04-18T00:00:00Z,KNCUSD,0.1449,0.1477,0.1408,0.1421,8078.47291069
2026-04-19T00:00:00Z,KNCUSD,0.1435,0.1435,0.1362,0.1363,6292.11178253
2026-04-20T00:00:00Z,KNCUSD,0.1369,0.1434,0.1341,0.1407,20360.35375551
2026-04-21T00:00:00Z,KNCUSD,0.1410,0.1469,0.1407,0.1461,4428.10219635
2026-04-22T00:00:00Z,KNCUSD,0.1461,0.1482,0.1428,0.1447,7678.15082956
2026-04-23T00:00:00Z,KNCUSD,0.1442,0.1442,0.1403,0.1424,6563.27306428
2026-04-24T00:00:00Z,KNCUSD,0.1440,0.1461,0.1440,0.1449,3632.51924862
2026-04-25T00:00:00Z,KNCUSD,0.1453,0.1453,0.1431,0.1431,412.30002588
2026-04-26T00:00:00Z,KNCUSD,0.1427,0.1485,0.1427,0.1483,18826.42218740
2026-04-27T00:00:00Z,KNCUSD,0.1475,0.1477,0.1436,0.1444,27751.19954983
2026-04-28T00:00:00Z,KNCUSD,0.1446,0.1467,0.1438,0.1438,4227.24559591
2026-04-29T00:00:00Z,KNCUSD,0.1427,0.1428,0.1383,0.1387,4125.20977790
2026-04-30T00:00:00Z,KNCUSD,0.1373,0.1383,0.1372,0.1377,5631.33811102
2026-05-01T00:00:00Z,KNCUSD,0.1373,0.1397,0.1365,0.1382,6058.92551045
2026-05-02T00:00:00Z,KNCUSD,0.1405,0.2205,0.1405,0.1648,1940993.22531667
2026-05-03T00:00:00Z,KNCUSD,0.1647,0.1997,0.1647,0.1667,1089917.97303242
2026-05-04T00:00:00Z,KNCUSD,0.1676,0.1680,0.1535,0.1552,370258.31118777
2026-05-05T00:00:00Z,KNCUSD,0.1544,0.1572,0.1466,0.1495,2033613.56647175
2026-05-06T00:00:00Z,KNCUSD,0.1492,0.1522,0.1472,0.1510,247371.75444825
2026-05-07T00:00:00Z,KNCUSD,0.1506,0.1524,0.1485,0.1502,104805.23688187
2026-05-08T00:00:00Z,KNCUSD,0.1503,0.1556,0.1494,0.1555,65551.40565404
2026-05-09T00:00:00Z,KNCUSD,0.1552,0.1567,0.1531,0.1544,1103801.65284903
2026-05-10T00:00:00Z,KNCUSD,0.1535,0.1625,0.1526,0.1602,550913.95169891
2026-05-11T00:00:00Z,KNCUSD,0.1596,0.1596,0.1543,0.1581,21834.67308637
2026-05-12T00:00:00Z,KNCUSD,0.1556,0.1567,0.1500,0.1507,35509.57376996
2026-05-13T00:00:00Z,KNCUSD,0.1526,0.1559,0.1455,0.1462,52050.77188690
2026-05-14T00:00:00Z,KNCUSD,0.1461,0.1488,0.1437,0.1482,10092.18380367
2026-05-15T00:00:00Z,KNCUSD,0.1476,0.1501,0.1405,0.1428,49528.85588655
2026-05-16T00:00:00Z,KNCUSD,0.1431,0.1435,0.1373,0.1406,34085.06431082
2026-05-17T00:00:00Z,KNCUSD,0.1405,0.1434,0.1353,0.1389,60626.20163501
2026-05-18T00:00:00Z,KNCUSD,0.1408,0.1477,0.1403,0.1458,136593.51417545
2026-05-19T00:00:00Z,KNCUSD,0.1453,0.1453,0.1401,0.1401,38225.06138495
2026-05-20T00:00:00Z,KNCUSD,0.1406,0.1458,0.1393,0.1440,41867.89150971
2026-05-21T00:00:00Z,KNCUSD,0.1438,0.1499,0.1429,0.1488,21869.06973208
2026-05-22T00:00:00Z,KNCUSD,0.1486,0.1501,0.1442,0.1482,29792.41418250
2026-05-23T00:00:00Z,KNCUSD,0.1474,0.1498,0.1414,0.1487,115869.14279020
2026-05-24T00:00:00Z,KNCUSD,0.1484,0.1484,0.1418,0.1433,36890.22593394
2026-05-25T00:00:00Z,KNCUSD,0.1438,0.1501,0.1438,0.1472,51285.42921606
2026-05-26T00:00:00Z,KNCUSD,0.1470,0.1478,0.1445,0.1445,15425.11586785
2026-05-27T00:00:00Z,KNCUSD,0.1451,0.1461,0.1416,0.1416,29761.79557867
2026-05-28T00:00:00Z,KNCUSD,0.1424,0.1437,0.1343,0.1380,58384.93768018
2026-05-29T00:00:00Z,KNCUSD,0.1381,0.1393,0.1355,0.1374,34610.34970959
2026-05-30T00:00:00Z,KNCUSD,0.1393,0.1413,0.1389,0.1389,12890.16848754
2026-05-31T00:00:00Z,KNCUSD,0.1408,0.1431,0.1371,0.1401,56132.40693353
2026-06-01T00:00:00Z,KNCUSD,0.1404,0.1404,0.1362,0.1399,58577.59193461
2026-06-02T00:00:00Z,KNCUSD,0.1364,0.1390,0.1306,0.1323,18761.58876515
2026-06-03T00:00:00Z,KNCUSD,0.1312,0.1359,0.1293,0.1348,29102.83555023
2026-06-04T00:00:00Z,KNCUSD,0.1336,0.1336,0.1257,0.1274,62184.85153079
2026-06-05T00:00:00Z,KNCUSD,0.1274,0.1274,0.1084,0.1185,153163.63594068
2026-06-06T00:00:00Z,KNCUSD,0.1189,0.1207,0.1114,0.1191,69711.33097559
2026-06-07T00:00:00Z,KNCUSD,0.1182,0.1215,0.1141,0.1199,57937.46673715
2026-06-08T00:00:00Z,KNCUSD,0.1191,0.1232,0.1169,0.1209,28153.97242957
2026-06-09T00:00:00Z,KNCUSD,0.1203,0.1222,0.1176,0.1198,34877.56563201
2026-06-10T00:00:00Z,KNCUSD,0.1187,0.1236,0.1176,0.1176,23444.93955963
2026-06-11T00:00:00Z,KNCUSD,0.1207,0.1239,0.1204,0.1225,52056.15667226
2026-06-12T00:00:00Z,KNCUSD,0.1220,0.1229,0.1198,0.1198,20906.44845070
2026-06-13T00:00:00Z,KNCUSD,0.1206,0.1218,0.1202,0.1215,29420.02760308
2026-06-14T00:00:00Z,KNCUSD,0.1209,0.1232,0.1184,0.1229,12570.92004060
2026-06-15T00:00:00Z,KNCUSD,0.1230,0.1269,0.1224,0.1241,19137.72765120
2026-06-16T00:00:00Z,KNCUSD,0.1245,0.1258,0.1222,0.1246,18098.14651072
2026-06-17T00:00:00Z,KNCUSD,0.1245,0.1246,0.1219,0.1225,39588.59351709
2026-06-18T00:00:00Z,KNCUSD,0.1235,0.1235,0.1155,0.1173,37555.72516639
2026-06-19T00:00:00Z,KNCUSD,0.1185,0.1185,0.1162,0.1162,28075.56951221
2026-06-20T00:00:00Z,KNCUSD,0.1164,0.1192,0.1164,0.1185,15594.43661501
2026-06-21T00:00:00Z,KNCUSD,0.1187,0.1295,0.1152,0.1152,92825.04810989
2026-06-22T00:00:00Z,KNCUSD,0.1154,0.1174,0.1148,0.1149,11640.42700475
2026-06-23T00:00:00Z,KNCUSD,0.1141,0.1141,0.1108,0.1116,14297.70508890
2026-06-24T00:00:00Z,KNCUSD,0.1115,0.1116,0.1071,0.1100,52603.57777807
2026-06-25T00:00:00Z,KNCUSD,0.1089,0.1101,0.1030,0.1078,29158.21560311
2026-06-26T00:00:00Z,KNCUSD,0.1073,0.1086,0.1039,0.1079,33903.10162317
2026-06-27T00:00:00Z,KNCUSD,0.1084,0.1117,0.1079,0.1085,82349.44421279
2026-06-28T00:00:00Z,KNCUSD,0.1095,0.1160,0.1084,0.1086,66964.29810491
2026-06-29T00:00:00Z,KNCUSD,0.1091,0.1114,0.1079,0.1093,47308.65473290
2026-06-30T00:00:00Z,KNCUSD,0.1084,0.1086,0.1059,0.1064,19998.83727452
2026-07-01T00:00:00Z,KNCUSD,0.1058,0.1100,0.1046,0.1095,71871.93374015
2026-07-02T00:00:00Z,KNCUSD,0.1089,0.1110,0.1069,0.1098,37309.50193154
2026-07-03T00:00:00Z,KNCUSD,0.1101,0.1143,0.1101,0.1134,46051.30894893
2026-07-04T00:00:00Z,KNCUSD,0.1123,0.1161,0.1117,0.1138,27706.14178329
2026-07-05T00:00:00Z,KNCUSD,0.1130,0.1136,0.1109,0.1136,14609.18063436
2026-07-06T00:00:00Z,KNCUSD,0.1127,0.1135,0.1095,0.1130,34973.14769157
2026-07-07T00:00:00Z,KNCUSD,0.1127,0.1127,0.1079,0.1086,39348.47391862
2026-07-08T00:00:00Z,KNCUSD,0.1092,0.1093,0.1070,0.1088,34216.01215500
2026-07-09T00:00:00Z,KNCUSD,0.1086,0.1111,0.1082,0.1111,64504.08600644
2026-07-10T00:00:00Z,KNCUSD,0.1102,0.1122,0.1102,0.1111,22690.86152918
2026-07-11T00:00:00Z,KNCUSD,0.1111,0.1132,0.1109,0.1132,28212.53814618
2026-07-12T00:00:00Z,KNCUSD,0.1115,0.1117,0.1089,0.1090,17699.42457666
2026-07-13T00:00:00Z,KNCUSD,0.1091,0.1091,0.1067,0.1074,76520.99295031
2026-07-14T00:00:00Z,KNCUSD,0.1077,0.1116,0.1077,0.1110,103172.89087124
2026-07-15T00:00:00Z,KNCUSD,0.1104,0.1137,0.1103,0.1112,13827.92032175
2026-07-16T00:00:00Z,KNCUSD,0.1106,0.1114,0.1093,0.1094,9272.17880567
2026-07-17T00:00:00Z,KNCUSD,0.1093,0.1103,0.1083,0.1093,20032.07522089
2026-07-18T00:00:00Z,KNCUSD,0.1093,0.1095,0.1084,0.1095,3421.68675636
2026-07-19T00:00:00Z,KNCUSD,0.1098,0.1104,0.1096,0.1098,15516.36792443
2026-07-20T00:00:00Z,KNCUSD,0.1117,0.1241,0.1055,0.1091,353368.07095713
2026-07-21T00:00:00Z,KNCUSD,0.1089,0.1163,0.1089,0.1112,94503.72879301
2026-07-22T00:00:00Z,KNCUSD,0.1110,0.1130,0.1091,0.1113,61628.76552365
2026-07-23T00:00:00Z,KNCUSD,0.1112,0.1115,0.1105,0.1105,9982.81840726
2026-07-24T00:00:00Z,KNCUSD,0.1102,0.1117,0.1092,0.1109,11480.81346107
2026-07-25T00:00:00Z,KNCUSD,0.1096,0.1117,0.1096,0.1115,4731.16031112
2026-07-26T00:00:00Z,KNCUSD,0.1117,0.1119,0.1109,0.1112,28066.63351135
2026-07-27T00:00:00Z,KNCUSD,0.1111,0.1111,0.1058,0.1058,25691.88912425
2026-07-28T00:00:00Z,KNCUSD,0.1063,0.1063,0.1044,0.1050,112140.30690230
2026-07-29T00:00:00Z,KNCUSD,0.1061,0.1061,0.1013,0.1025,37788.68961684
2026-07-30T00:00:00Z,KNCUSD,0.1031,0.1052,0.1031,0.1045,5556.92504203
2026-07-31T00:00:00Z,KNCUSD,0.1042,0.1047,0.1030,0.1037,9367.18820839
2026-08-01T00:00:00Z,KNCUSD,0.1039,0.1046,0.1029,0.1031,10573.81306986
2026-08-02T00:00:00Z,KNCUSD,0.1038,0.1038,0.1025,0.1025,6671.29047726
2026-08-03T00:00:00Z,KNCUSD,0.1022,0.1046,0.1014,0.1034,22140.10903904
2026-08-04T00:00:00Z,KNCUSD,0.1036,0.1036,0.1025,0.1031,4059.79390930
2026-08-05T00:00:00Z,KNCUSD,0.1032,0.1033,0.1023,0.1023,6943.82427184
2026-08-06T00:00:00Z,KNCUSD,0.1020,0.1030,0.1019,0.1023,18404.80969697
2026-08-07T00:00:00Z,KNCUSD,0.1024,0.1026,0.1017,0.1017,26840.59959665
2026-08-08T00:00:00Z,KNCUSD,0.1017,0.1036,0.1014,0.1036,24814.39839036
2026-08-09T00:00:00Z,KNCUSD,0.1035,0.1083,0.1032,0.1058,114607.37110682
2026-08-10T00:00:00Z,KNCUSD,0.1050,0.1062,0.1034,0.1034,27855.94461143
2026-08-11T00:00:00Z,KNCUSD,0.1033,0.1045,0.1014,0.1023,27306.21287477
2026-08-12T00:00:00Z,KNCUSD,0.1022,0.1026,0.0996,0.1001,32304.19480051
2026-08-13T00:00:00Z,KNCUSD,0.1009,0.1010,0.0992,0.0998,11625.78777882
2026-08-14T00:00:00Z,KNCUSD,0.0994,0.1005,0.0993,0.0995,13491.50330880
2026-08-15T00:00:00Z,KNCUSD,0.0996,0.1007,0.0995,0.1006,12252.26842328
2026-08-16T00:00:00Z,KNCUSD,0.1005,0.1009,0.0998,0.1003,11223.78331404
2026-08-17T00:00:00Z,KNCUSD,0.1001,0.1012,0.1001,0.1004,39717.22474939
2026-08-18T00:00:00Z,KNCUSD,0.1006,0.1006,0.0986,0.0995,34988.27649433
2026-08-19T00:00:00Z,KNCUSD,0.1006,0.1060,0.1003,0.1050,132809.25389839
2026-08-20T00:00:00Z,KNCUSD,0.1059,0.1086,0.1050,0.1086,130808.60617256
2026-08-21T00:00:00Z,KNCUSD,0.1085,0.1195,0.1085,0.1188,114847.48320388
2026-08-22T00:00:00Z,KNCUSD,0.1189,0.1239,0.0942,0.1156,214165.46688324
2026-08-23T00:00:00Z,KNCUSD,0.1164,0.1207,0.1104,0.1195,95307.97255982
2026-08-24T00:00:00Z,KNCUSD,0.1185,0.1189,0.1148,0.1158,82113.55238856
2026-08-25T00:00:00Z,KNCUSD,0.1161,0.1181,0.1118,0.1130,74722.86184903
2026-08-26T00:00:00Z,KNCUSD,0.1130,0.1146,0.1109,0.1146,38282.38356945
2026-08-27T00:00:00Z,KNCUSD,0.1143,0.1160,0.1132,0.1159,34531.58555164
2026-08-28T00:00:00Z,KNCUSD,0.1169,0.1177,0.1130,0.1169,105859.89215146
2026-08-29T00:00:00Z,KNCUSD,0.1184,0.1280,0.1182,0.1225,922319.43780411
2026-08-30T00:00:00Z,KNCUSD,0.1207,0.1209,0.1115,0.1129,198491.91579865
2026-08-31T00:00:00Z,KNCUSD,0.1134,0.1165,0.1128,0.1145,87023.35504097
2026-09-01T00:00:00Z,KNCUSD,0.1148,0.1161,0.1125,0.1126,102989.47474079
2026-09-02T00:00:00Z,KNCUSD,0.1126,0.1141,0.1109,0.1122,58838.46309325
2026-09-03T00:00:00Z,KNCUSD,0.1128,0.1169,0.1116,0.1153,90980.95777359
2026-09-04T00:00:00Z,KNCUSD,0.1154,0.1172,0.1137,0.1156,49987.29838810
2026-09-05T00:00:00Z,KNCUSD,0.1157,0.1180,0.1157,0.1180,17327.38122423
2026-09-06T00:00:00Z,KNCUSD,0.1180,0.1192,0.1169,0.1192,38431.04529290
2026-09-07T00:00:00Z,KNCUSD,0.1187,0.1251,0.1184,0.1228,68213.60896417
2026-09-08T00:00:00Z,KNCUSD,0.1227,0.1273,0.1212,0.1212,78742.79343388
2026-09-09T00:00:00Z,KNCUSD,0.1215,0.1259,0.1197,0.1239,46677.68397907
2026-09-10T00:00:00Z,KNCUSD,0.1249,0.1249,0.1195,0.1230,88193.85030374
2026-09-11T00:00:00Z,KNCUSD,0.1225,0.1350,0.1212,0.1267,421951.32920353
2026-09-12T00:00:00Z,KNCUSD,0.1273,0.1389,0.1273,0.1357,217681.86611867
2026-09-13T00:00:00Z,KNCUSD,0.1359,0.1497,0.1359,0.1373,755893.98846755
2026-09-14T00:00:00Z,KNCUSD,0.1366,0.1440,0.1357,0.1399,159769.24057026
2026-09-15T00:00:00Z,KNCUSD,0.1413,0.1538,0.1332,0.1374,247084.36302540
2026-09-16T00:00:00Z,KNCUSD,0.1389,0.1410,0.1271,0.1305,70228.41558541
2026-09-17T00:00:00Z,KNCUSD,0.1305,0.1333,0.1300,0.1319,31998.57428621
2026-09-18T00:00:00Z,KNCUSD,0.1317,0.1423,0.1317,0.1419,118302.45905910
2026-09-19T00:00:00Z,KNCUSD,0.1433,0.1487,0.1415,0.1475,128447.65623545
2026-09-20T00:00:00Z,KNCUSD,0.1471,0.1477,0.1409,0.1439,140634.50038187
2026-09-21T00:00:00Z,KNCUSD,0.1451,0.1508,0.1432,0.1491,140013.58336558
2026-09-22T00:00:00Z,KNCUSD,0.1500,0.1510,0.1468,0.1510,51093.05998236
2026-09-23T00:00:00Z,KNCUSD,0.1511,0.1547,0.1397,0.1412,331619.57544385
2026-09-24T00:00:00Z,KNCUSD,0.1407,0.1462,0.1383,0.1456,118929.49712208
2026-09-25T00:00:00Z,KNCUSD,0.1457,0.1471,0.1427,0.1462,99484.97335336
2026-09-26T00:00:00Z,KNCUSD,0.1471,0.1482,0.1441,0.1455,38029.63601159
2026-09-27T00:00:00Z,KNCUSD,0.1447,0.1501,0.1446,0.1465,52979.74050271
