timestamp,symbol,open,high,low,close,volume
2019-09-25T00:00:00Z,LINKUSD,1.9,2.0998,1.69,1.84791,41256.57388704999
2019-09-26T00:00:00Z,LINKUSD,1.82786,1.85896,1.53188,1.67701,28950.15731921002
2019-09-27T00:00:00Z,LINKUSD,1.67703,1.70165,1.57654,1.69775,16805.876391830003
2019-09-28T00:00:00Z,LINKUSD,1.69422,1.72181,1.65939,1.7,11633.143272740002
2019-09-29T00:00:00Z,LINKUSD,1.7,1.84987,1.65849,1.71263,25319.105743179993
2019-09-30T00:00:00Z,LINKUSD,1.70659,1.83149,1.66619,1.77,30806.311579099995
2019-10-01T00:00:00Z,LINKUSD,1.77,1.89999,1.75154,1.87504,71453.29287032002
2019-10-02T00:00:00Z,LINKUSD,1.83408,2.08994,1.82001,2.05474,116162.07756259003
2019-10-03T00:00:00Z,LINKUSD,2.05474,2.24936,1.9154,1.94718,83568.13178109004
2019-10-04T00:00:00Z,LINKUSD,1.93658,1.998,1.88746,1.97625,13698.92370818
2019-10-05T00:00:00Z,LINKUSD,1.96284,1.98,1.9211,1.97208,6429.23865576
2019-10-06T00:00:00Z,LINKUSD,1.96207,2.34053,1.95964,2.19,31545.6665568
2019-10-07T00:00:00Z,LINKUSD,2.1667,2.57695,2.11201,2.425,148085.3325551
2019-10-08T00:00:00Z,LINKUSD,2.40712,2.67999,2.27699,2.57239,102113.87238845002
2019-10-09T00:00:00Z,LINKUSD,2.58066,2.97986,2.50841,2.81133,145031.21567326
2019-10-10T00:00:00Z,LINKUSD,2.79653,2.978,2.49049,2.64707,166691.74917856013
2019-10-11T00:00:00Z,LINKUSD,2.65404,2.80838,2.56658,2.743,122662.04341575019
2019-10-12T00:00:00Z,LINKUSD,2.7329,2.75306,2.57,2.58257,71689.46566075002
2019-10-13T00:00:00Z,LINKUSD,2.60263,2.63336,2.43441,2.4875,27449.095414180007
2019-10-14T00:00:00Z,LINKUSD,2.46447,2.67,2.4618,2.53752,38114.266225350024
2019-10-15T00:00:00Z,LINKUSD,2.53999,2.61206,2.33988,2.3813,50713.459647620075
2019-10-16T00:00:00Z,LINKUSD,2.40765,2.4078,2.195,2.37009,87665.97770694
2019-10-17T00:00:00Z,LINKUSD,2.35747,2.48997,2.27569,2.4078,63654.31618264999
2019-10-18T00:00:00Z,LINKUSD,2.4344,2.49531,2.32022,2.35809,47742.928631420014
2019-10-19T00:00:00Z,LINKUSD,2.33,2.39218,2.3016,2.34097,14632.179453509998
2019-10-20T00:00:00Z,LINKUSD,2.3539,2.4458,2.2823,2.4344,33915.93602600001
2019-10-21T00:00:00Z,LINKUSD,2.4402,2.6735,2.43963,2.63509,157988.78837462005
2019-10-22T00:00:00Z,LINKUSD,2.65364,4.0,2.54,2.59191,141893.19427085016
2019-10-23T00:00:00Z,LINKUSD,2.60058,2.6966,2.4,2.62419,180546.13707496985
2019-10-24T00:00:00Z,LINKUSD,2.64,2.77761,2.62055,2.71885,97786.67006313014
2019-10-25T00:00:00Z,LINKUSD,2.70532,2.98896,2.60705,2.83382,171886.39202468
2019-10-26T00:00:00Z,LINKUSD,2.83008,3.00227,2.67,2.76487,148444.5341136699
2019-10-27T00:00:00Z,LINKUSD,2.71779,2.76962,2.65001,2.65418,98570.37106598007
2019-10-28T00:00:00Z,LINKUSD,2.67,3.45,2.65226,2.66456,217741.37512614983
2019-10-29T00:00:00Z,LINKUSD,2.69323,2.75635,2.64101,2.66567,70390.54496546996
2019-10-30T00:00:00Z,LINKUSD,2.66788,2.66789,2.52,2.61255,47577.89699086998
2019-10-31T00:00:00Z,LINKUSD,2.625,2.7613,2.53862,2.73441,37313.736187999995
2019-11-01T00:00:00Z,LINKUSD,2.74339,2.78,2.65196,2.71369,28411.45373892999
2019-11-02T00:00:00Z,LINKUSD,2.71369,2.73977,2.69076,2.70518,11847.09694162
2019-11-03T00:00:00Z,LINKUSD,2.71378,2.71379,2.63352,2.6704,9844.957359170005
2019-11-04T00:00:00Z,LINKUSD,2.65,2.73395,2.63455,2.6843,26189.572878919997
2019-11-05T00:00:00Z,LINKUSD,2.665,2.69918,2.64,2.68703,86650.70794304014
2019-11-06T00:00:00Z,LINKUSD,2.68174,2.83551,2.65953,2.7564,77165.96082967008
2019-11-07T00:00:00Z,LINKUSD,2.74187,2.74187,2.59542,2.67765,74416.67334040995
2019-11-08T00:00:00Z,LINKUSD,2.66551,2.7253,2.61423,2.71144,24683.338324079996
2019-11-09T00:00:00Z,LINKUSD,2.70962,2.85449,2.70962,2.79745,29782.422107530016
2019-11-10T00:00:00Z,LINKUSD,2.81224,2.8422,2.75597,2.75597,51991.84804965
2019-11-11T00:00:00Z,LINKUSD,2.75566,2.75566,2.66921,2.74263,23905.93934677
2019-11-12T00:00:00Z,LINKUSD,2.74263,2.86936,2.72831,2.818,36481.961199850004
2019-11-13T00:00:00Z,LINKUSD,2.79403,3.09999,2.75871,2.98423,84990.47199688997
2019-11-14T00:00:00Z,LINKUSD,2.99033,3.18161,2.96119,3.0487,201524.39621154967
2019-11-15T00:00:00Z,LINKUSD,3.05,3.06721,2.76011,3.03793,133180.54360412003
2019-11-16T00:00:00Z,LINKUSD,3.0269,3.03323,2.91747,2.98463,23288.822516679993
2019-11-17T00:00:00Z,LINKUSD,2.95127,2.9513,2.85976,2.905,17716.38267831
2019-11-18T00:00:00Z,LINKUSD,2.905,2.9433,2.68346,2.79703,57850.512452530005
2019-11-19T00:00:00Z,LINKUSD,2.77866,2.7937,2.5876,2.72876,35754.92229441003
2019-11-20T00:00:00Z,LINKUSD,2.71066,2.79712,2.62966,2.7,10519.173136549998
2019-11-21T00:00:00Z,LINKUSD,2.67264,2.70525,2.47577,2.55334,49285.593596339975
2019-11-22T00:00:00Z,LINKUSD,2.53323,2.57192,2.11136,2.35748,334268.4343168
2019-11-23T00:00:00Z,LINKUSD,2.33366,2.46231,2.24095,2.42574,60610.25469806001
2019-11-24T00:00:00Z,LINKUSD,2.4392,2.4392,2.20447,2.21337,44799.47244721
2019-11-25T00:00:00Z,LINKUSD,2.21653,2.39,2.02223,2.26513,134786.00061560987
2019-11-26T00:00:00Z,LINKUSD,2.26878,2.35099,2.15479,2.25269,40899.25753789001
2019-11-27T00:00:00Z,LINKUSD,2.25,2.283,2.10553,2.23109,44732.75437776998
2019-11-28T00:00:00Z,LINKUSD,2.2218,2.31796,2.1877,2.27184,35620.47949453002
2019-11-29T00:00:00Z,LINKUSD,2.28192,2.36766,2.28177,2.33432,38857.12664188
2019-11-30T00:00:00Z,LINKUSD,2.34153,2.34988,2.20605,2.23671,16864.559489019997
2019-12-01T00:00:00Z,LINKUSD,2.21698,2.21698,2.13,2.1645,19098.921645479997
2019-12-02T00:00:00Z,LINKUSD,2.152,2.15745,2.06075,2.10201,31123.385600920014
2019-12-03T00:00:00Z,LINKUSD,2.10725,2.19406,2.06423,2.12692,18392.776046290008
2019-12-04T00:00:00Z,LINKUSD,2.11934,2.17233,2.00004,2.0411,30824.373781490005
2019-12-05T00:00:00Z,LINKUSD,2.03037,2.06,1.97,2.03,184185.05170301016
2019-12-06T00:00:00Z,LINKUSD,2.03,2.09999,1.97948,2.07846,122474.29428616984
2019-12-07T00:00:00Z,LINKUSD,2.09899,2.10717,2.04092,2.04092,230413.50602548002
2019-12-08T00:00:00Z,LINKUSD,2.03632,2.08318,2.007,2.06559,23955.029295409982
2019-12-09T00:00:00Z,LINKUSD,2.06289,2.08426,2.0255,2.08425,25852.8617967
2019-12-10T00:00:00Z,LINKUSD,2.09273,2.27216,2.06934,2.26603,93401.78431461997
2019-12-11T00:00:00Z,LINKUSD,2.28112,2.29174,2.15166,2.16844,37347.752380360005
2019-12-12T00:00:00Z,LINKUSD,2.17676,2.19107,2.04594,2.10647,86168.32895424997
2019-12-13T00:00:00Z,LINKUSD,2.10388,2.1121,2.06761,2.07375,18925.71962608
2019-12-14T00:00:00Z,LINKUSD,2.07919,2.08868,1.97903,1.99843,25196.181605699992
2019-12-15T00:00:00Z,LINKUSD,1.97652,2.11,1.97,2.07365,61947.702560270016
2019-12-16T00:00:00Z,LINKUSD,2.0537,2.06018,1.95959,1.96639,119416.43696050001
2019-12-17T00:00:00Z,LINKUSD,1.9642,1.9946,1.70724,1.75912,111660.70775050999
2019-12-18T00:00:00Z,LINKUSD,1.74766,1.90094,1.62776,1.87727,92008.73408951002
2019-12-19T00:00:00Z,LINKUSD,1.85228,1.85228,1.7548,1.80033,38599.41533828002
2019-12-20T00:00:00Z,LINKUSD,1.79969,1.91964,1.78103,1.91964,68005.74323879003
2019-12-21T00:00:00Z,LINKUSD,1.92493,1.92493,1.85438,1.86405,42130.248778630004
2019-12-22T00:00:00Z,LINKUSD,1.86399,1.95446,1.85908,1.93081,99050.87265175999
2019-12-23T00:00:00Z,LINKUSD,1.92987,1.95875,1.852,1.852,90081.56718955
2019-12-24T00:00:00Z,LINKUSD,1.85552,1.87281,1.83011,1.84851,72788.65605516
2019-12-25T00:00:00Z,LINKUSD,1.81933,1.83946,1.76396,1.83946,11670.507766320003
2019-12-26T00:00:00Z,LINKUSD,1.796,1.95,1.76979,1.86058,19921.38345281
2019-12-27T00:00:00Z,LINKUSD,1.86871,1.91264,1.84875,1.87818,8329.32146659
2019-12-28T00:00:00Z,LINKUSD,1.87409,1.89274,1.8666,1.87612,11852.631427599996
2019-12-29T00:00:00Z,LINKUSD,1.87197,1.91047,1.84184,1.89504,13053.409305990006
2019-12-30T00:00:00Z,LINKUSD,1.87826,1.88333,1.80295,1.81834,10091.709940230001
2019-12-31T00:00:00Z,LINKUSD,1.81319,1.81972,1.74512,1.76279,31535.20873771
2020-01-01T00:00:00Z,LINKUSD,1.79077,1.83772,1.77856,1.79751,24530.816563419998
2020-01-02T00:00:00Z,LINKUSD,1.79048,1.80123,1.71311,1.7206,22705.17637506999
2020-01-03T00:00:00Z,LINKUSD,1.71599,1.81878,1.69495,1.80037,30842.268044309993
2020-01-04T00:00:00Z,LINKUSD,1.80492,1.84067,1.78057,1.82585,4596.43998747
2020-01-05T00:00:00Z,LINKUSD,1.83071,1.84023,1.79631,1.8013,19177.150565399992
2020-01-06T00:00:00Z,LINKUSD,1.80407,1.9421,1.80407,1.9421,51840.948307420025
2020-01-07T00:00:00Z,LINKUSD,1.9475,2.12565,1.91742,2.11631,116078.93409794
2020-01-08T00:00:00Z,LINKUSD,2.10497,2.34714,2.10497,2.17058,159358.24398122993
2020-01-09T00:00:00Z,LINKUSD,2.18206,2.22461,2.10994,2.17167,33309.74190262001
2020-01-10T00:00:00Z,LINKUSD,2.19036,2.27876,2.14994,2.22789,53552.298237130046
2020-01-11T00:00:00Z,LINKUSD,2.22823,2.34779,2.22823,2.28321,64962.597288720026
2020-01-12T00:00:00Z,LINKUSD,2.2705,2.30289,2.21552,2.24562,42885.43142034999
2020-01-13T00:00:00Z,LINKUSD,2.23003,2.23003,2.15375,2.19686,32850.011876109995
2020-01-14T00:00:00Z,LINKUSD,2.19395,2.45838,2.1836,2.385,175392.71106193008
2020-01-15T00:00:00Z,LINKUSD,2.3704,2.56111,2.34322,2.40039,101954.67366450997
2020-01-16T00:00:00Z,LINKUSD,2.40039,2.50413,2.3,2.48644,56729.67218872997
2020-01-17T00:00:00Z,LINKUSD,2.50198,2.87411,2.46831,2.7193,185412.67695967978
2020-01-18T00:00:00Z,LINKUSD,2.68597,2.78733,2.59074,2.76378,31764.961517380005
2020-01-19T00:00:00Z,LINKUSD,2.74275,2.8473,2.52212,2.6027,64501.43404208002
2020-01-20T00:00:00Z,LINKUSD,2.62651,2.76471,2.53943,2.70513,50064.290187940016
2020-01-21T00:00:00Z,LINKUSD,2.68202,2.73999,2.5846,2.64102,63492.096516400015
2020-01-22T00:00:00Z,LINKUSD,2.674,2.67772,2.61214,2.62994,21300.618715909994
2020-01-23T00:00:00Z,LINKUSD,2.61753,2.61753,2.42019,2.45111,96504.94987379994
2020-01-24T00:00:00Z,LINKUSD,2.45077,2.52631,2.36321,2.47163,43271.29437101001
2020-01-25T00:00:00Z,LINKUSD,2.50285,2.50305,2.41914,2.4581,16432.53627132
2020-01-26T00:00:00Z,LINKUSD,2.42687,2.575,2.42687,2.55888,58958.97033615998
2020-01-27T00:00:00Z,LINKUSD,2.57337,2.66078,2.57337,2.59554,46597.131824779986
2020-01-28T00:00:00Z,LINKUSD,2.59784,2.67641,2.595,2.63762,46378.334543699995
2020-01-29T00:00:00Z,LINKUSD,2.65735,2.82009,2.64823,2.77155,73161.46165568997
2020-01-30T00:00:00Z,LINKUSD,2.72843,2.94498,1.96459,2.91377,209964.94710904
2020-01-31T00:00:00Z,LINKUSD,2.89891,2.9,2.76571,2.82679,54587.93676672006
2020-02-01T00:00:00Z,LINKUSD,2.82604,2.87453,2.73866,2.85,65434.35632796001
2020-02-02T00:00:00Z,LINKUSD,2.80411,2.88173,2.73133,2.82382,29415.244005929984
2020-02-03T00:00:00Z,LINKUSD,2.81478,2.88281,2.73875,2.77402,29099.54074445999
2020-02-04T00:00:00Z,LINKUSD,2.78062,2.80157,2.67551,2.73375,49830.28726024001
2020-02-05T00:00:00Z,LINKUSD,2.7467,2.8997,2.74614,2.84427,52605.34004484005
2020-02-06T00:00:00Z,LINKUSD,2.84673,2.93785,2.80017,2.88728,46404.64202194
2020-02-07T00:00:00Z,LINKUSD,2.89091,3.35931,2.88061,3.33383,265862.34294189943
2020-02-08T00:00:00Z,LINKUSD,3.33593,3.47714,3.13107,3.42511,105705.53292539
2020-02-09T00:00:00Z,LINKUSD,3.41656,3.51,3.2353,3.51,119614.83453051996
2020-02-10T00:00:00Z,LINKUSD,3.49914,3.49918,3.28178,3.41686,57588.20802382004
2020-02-11T00:00:00Z,LINKUSD,3.3857,4.02263,3.35158,4.02185,229106.35951449984
2020-02-12T00:00:00Z,LINKUSD,4.02613,4.2171,3.625,4.00704,266353.39713274996
2020-02-13T00:00:00Z,LINKUSD,4.00704,4.13398,3.71933,3.89333,163903.7446903701
2020-02-14T00:00:00Z,LINKUSD,3.86942,4.5,3.78859,4.41837,279608.4844755394
2020-02-15T00:00:00Z,LINKUSD,4.459,4.68,4.05313,4.28909,283512.45932630013
2020-02-16T00:00:00Z,LINKUSD,4.2849,4.8598,4.04099,4.46346,204230.32703208024
2020-02-17T00:00:00Z,LINKUSD,4.53371,4.61147,3.85424,4.30117,191573.42601460006
2020-02-18T00:00:00Z,LINKUSD,4.30247,4.63368,4.15881,4.56017,92022.13390425003
2020-02-19T00:00:00Z,LINKUSD,4.57,4.87742,4.20001,4.38277,239880.5251758501
2020-02-20T00:00:00Z,LINKUSD,4.39714,4.478,4.09672,4.27256,200076.93960613036
2020-02-21T00:00:00Z,LINKUSD,4.22175,4.5112,4.20461,4.30274,42494.45753883999
2020-02-22T00:00:00Z,LINKUSD,4.29692,4.29783,3.525,4.08493,99377.26382984992
2020-02-23T00:00:00Z,LINKUSD,4.11489,4.38454,4.06578,4.27574,95250.91471236004
2020-02-24T00:00:00Z,LINKUSD,4.26462,4.28259,3.78543,3.91736,130982.02804805001
2020-02-25T00:00:00Z,LINKUSD,3.91564,3.94385,3.484,3.49175,209568.15135852995
2020-02-26T00:00:00Z,LINKUSD,3.48334,3.85676,3.3,3.57301,272111.32980266
2020-02-27T00:00:00Z,LINKUSD,3.5584,4.12028,3.44398,3.9551,158770.7678828399
2020-02-28T00:00:00Z,LINKUSD,3.95228,4.24144,3.75682,4.17157,167415.10779819012
2020-02-29T00:00:00Z,LINKUSD,4.16854,4.37049,4.06513,4.06514,184073.25345206
2020-03-01T00:00:00Z,LINKUSD,4.05468,4.27983,3.77311,3.8806,151127.90069379
2020-03-02T00:00:00Z,LINKUSD,3.85398,4.34165,3.8209,4.23521,207950.2782250999
2020-03-03T00:00:00Z,LINKUSD,4.19604,4.68011,4.1484,4.56379,263092.3155556098
2020-03-04T00:00:00Z,LINKUSD,4.59611,4.97,4.53108,4.63765,461218.84623171017
2020-03-05T00:00:00Z,LINKUSD,4.666,4.94995,4.62387,4.73,265395.8958601201
2020-03-06T00:00:00Z,LINKUSD,4.73,4.76125,4.54103,4.67699,111350.6494335799
2020-03-07T00:00:00Z,LINKUSD,4.68543,4.69319,4.32,4.36839,130441.94132451997
2020-03-08T00:00:00Z,LINKUSD,4.33248,4.45211,3.87597,4.05,408105.80880685995
2020-03-09T00:00:00Z,LINKUSD,4.04754,4.36719,3.61,4.13252,355635.05042727006
2020-03-10T00:00:00Z,LINKUSD,4.13666,4.21212,3.92595,4.07679,193036.5333291299
2020-03-11T00:00:00Z,LINKUSD,4.08132,4.10894,3.54274,3.81,225474.18610247003
2020-03-12T00:00:00Z,LINKUSD,3.82993,3.85,1.88,2.07999,974315.506737888
2020-03-13T00:00:00Z,LINKUSD,2.04982,2.76304,1.40454,2.4459,757163.2759359778
2020-03-14T00:00:00Z,LINKUSD,2.44113,2.49768,2.07069,2.14235,174637.7499461598
2020-03-15T00:00:00Z,LINKUSD,2.12391,2.40481,2.01,2.09271,355066.0930407003
2020-03-16T00:00:00Z,LINKUSD,2.07478,2.07558,1.54905,1.78263,611047.7200716898
2020-03-17T00:00:00Z,LINKUSD,1.79654,2.08162,1.74885,1.88287,393954.5238683198
2020-03-18T00:00:00Z,LINKUSD,1.87998,1.95567,1.77425,1.95312,335269.9763889197
2020-03-19T00:00:00Z,LINKUSD,1.96347,2.36283,1.90046,2.24031,465414.77159037016
2020-03-20T00:00:00Z,LINKUSD,2.26963,2.62411,2.00562,2.26254,801166.8248057404
2020-03-21T00:00:00Z,LINKUSD,2.23818,2.36,2.13,2.27285,225929.57033527986
2020-03-22T00:00:00Z,LINKUSD,2.25246,2.33248,1.93819,1.9931,380226.97864312964
2020-03-23T00:00:00Z,LINKUSD,1.94897,2.30312,1.94229,2.24235,251567.0362782101
2020-03-24T00:00:00Z,LINKUSD,2.26462,2.37863,2.22,2.31055,303375.3533574697
2020-03-25T00:00:00Z,LINKUSD,2.29131,2.35,2.19322,2.26808,222065.63511379994
2020-03-26T00:00:00Z,LINKUSD,2.27266,2.31,2.20467,2.30554,177152.60209498001
2020-03-27T00:00:00Z,LINKUSD,2.33,2.36997,2.10006,2.13445,183123.51283995996
2020-03-28T00:00:00Z,LINKUSD,2.13782,2.14972,2.03131,2.1434,238110.76593378044
2020-03-29T00:00:00Z,LINKUSD,2.15121,2.15344,2.00333,2.00914,208022.9644180701
2020-03-30T00:00:00Z,LINKUSD,2.01479,2.20365,2.01365,2.15351,255392.01338216013
2020-03-31T00:00:00Z,LINKUSD,2.13592,2.3,2.11856,2.26841,175837.53806690994
2020-04-01T00:00:00Z,LINKUSD,2.26937,2.299,2.15438,2.2752,223458.91392017
2020-04-02T00:00:00Z,LINKUSD,2.29299,2.445,2.26249,2.29278,277056.5169346398
2020-04-03T00:00:00Z,LINKUSD,2.2964,2.38761,2.27176,2.3062,75250.02358920994
2020-04-04T00:00:00Z,LINKUSD,2.29803,2.3428,2.26028,2.31677,91309.63564815003
2020-04-05T00:00:00Z,LINKUSD,2.32076,2.32076,2.25,2.27233,88828.70151728003
2020-04-06T00:00:00Z,LINKUSD,2.28468,2.56364,2.28238,2.56364,294281.6362617798
2020-04-07T00:00:00Z,LINKUSD,2.56362,2.91,2.56223,2.73284,735520.8793418693
2020-04-08T00:00:00Z,LINKUSD,2.71787,3.269,2.71787,3.16668,457135.2456171
2020-04-09T00:00:00Z,LINKUSD,3.16496,3.469,3.12567,3.32594,631288.0879946284
2020-04-10T00:00:00Z,LINKUSD,3.31617,3.3292,2.95309,3.21535,759276.1439297203
2020-04-11T00:00:00Z,LINKUSD,3.23824,3.43693,3.07,3.29417,272155.66830701975
2020-04-12T00:00:00Z,LINKUSD,3.31,3.66,3.17751,3.42001,669479.7684503194
2020-04-13T00:00:00Z,LINKUSD,3.42,3.46582,3.2,3.38759,462718.37598094903
2020-04-14T00:00:00Z,LINKUSD,3.39518,3.44179,3.21251,3.23918,295166.0380210798
2020-04-15T00:00:00Z,LINKUSD,3.25228,3.30925,3.07116,3.12466,226860.05028229998
2020-04-16T00:00:00Z,LINKUSD,3.12005,3.55874,2.98001,3.46828,337271.3282129301
2020-04-17T00:00:00Z,LINKUSD,3.49713,3.52965,3.38923,3.455,212169.35102883022
2020-04-18T00:00:00Z,LINKUSD,3.45689,3.8167,3.45689,3.78239,259153.72227587985
2020-04-19T00:00:00Z,LINKUSD,3.76168,3.80612,3.52742,3.60839,211814.97405190015
2020-04-20T00:00:00Z,LINKUSD,3.58932,3.79559,3.38642,3.44413,309509.8209902802
2020-04-21T00:00:00Z,LINKUSD,3.44413,3.5717,3.41099,3.4627,275139.32262776006
2020-04-22T00:00:00Z,LINKUSD,3.48532,3.70181,3.44104,3.68806,151709.10629641003
2020-04-23T00:00:00Z,LINKUSD,3.68026,3.91077,3.60684,3.73123,237047.66857024992
2020-04-24T00:00:00Z,LINKUSD,3.75311,3.88515,3.75002,3.78,106999.09060763993
2020-04-25T00:00:00Z,LINKUSD,3.771,3.90303,3.75,3.79206,199811.2780330599
2020-04-26T00:00:00Z,LINKUSD,3.7882,3.81242,3.66933,3.71059,269326.70787588024
2020-04-27T00:00:00Z,LINKUSD,3.74239,3.74239,3.46579,3.63417,157537.77405778994
2020-04-28T00:00:00Z,LINKUSD,3.62665,3.73099,3.56289,3.66291,145880.06994709
2020-04-29T00:00:00Z,LINKUSD,3.6516,3.99453,3.6425,3.89713,348895.9551454605
2020-04-30T00:00:00Z,LINKUSD,3.89,3.98002,3.63671,3.7096,274641.5301517599
2020-05-01T00:00:00Z,LINKUSD,3.7096,3.90392,3.7096,3.766,76745.25623550001
2020-05-02T00:00:00Z,LINKUSD,3.75679,3.86498,3.73126,3.814,172522.7355139
2020-05-03T00:00:00Z,LINKUSD,3.83,3.85998,3.65,3.71141,146488.73013312992
2020-05-04T00:00:00Z,LINKUSD,3.71601,3.83,3.5063,3.76574,246766.0758206899
2020-05-05T00:00:00Z,LINKUSD,3.77792,3.80161,3.66213,3.68294,114836.33639335999
2020-05-06T00:00:00Z,LINKUSD,3.67005,3.75835,3.57984,3.58721,146543.91369966007
2020-05-07T00:00:00Z,LINKUSD,3.59728,3.851,3.55184,3.75721,254895.97119540002
2020-05-08T00:00:00Z,LINKUSD,3.77375,3.86422,3.69295,3.80876,119190.25085404995
2020-05-09T00:00:00Z,LINKUSD,3.80683,4.2,3.7725,4.03104,456624.93536860024
2020-05-10T00:00:00Z,LINKUSD,4.001,4.001,3.50003,3.76805,438877.974393119
2020-05-11T00:00:00Z,LINKUSD,3.76899,3.83048,3.31565,3.57344,371215.0405510798
2020-05-12T00:00:00Z,LINKUSD,3.58091,3.785,3.55476,3.70502,151214.71748757988
2020-05-13T00:00:00Z,LINKUSD,3.69978,3.81685,3.65,3.77781,146126.36220405015
2020-05-14T00:00:00Z,LINKUSD,3.78296,3.85926,3.70286,3.80833,170261.93791343004
2020-05-15T00:00:00Z,LINKUSD,3.81075,3.832,3.62502,3.65,132508.62519626
2020-05-16T00:00:00Z,LINKUSD,3.65161,3.78597,3.61747,3.7605,86142.87513838997
2020-05-17T00:00:00Z,LINKUSD,3.75926,3.85231,3.75806,3.78247,164991.07227627002
2020-05-18T00:00:00Z,LINKUSD,3.78707,3.94591,3.78707,3.88641,134912.41563118008
2020-05-19T00:00:00Z,LINKUSD,3.88396,3.94777,3.76724,3.9471,90701.09326566
2020-05-20T00:00:00Z,LINKUSD,3.95,4.13287,3.85902,4.08855,270330.6521893199
2020-05-21T00:00:00Z,LINKUSD,4.08237,4.16396,3.72928,3.81296,239823.92297534016
2020-05-22T00:00:00Z,LINKUSD,3.82065,4.137,3.79679,4.05599,142056.31150418
2020-05-23T00:00:00Z,LINKUSD,4.06001,4.09947,3.90865,3.93701,96660.50319814995
2020-05-24T00:00:00Z,LINKUSD,3.92964,4.01911,3.78143,3.78143,108672.41879477992
2020-05-25T00:00:00Z,LINKUSD,3.77915,3.90455,3.77565,3.85532,64801.830029440025
2020-05-26T00:00:00Z,LINKUSD,3.8746,3.87924,3.77255,3.85141,87062.56267524991
2020-05-27T00:00:00Z,LINKUSD,3.84699,3.91604,3.8147,3.86301,151326.68558879
2020-05-28T00:00:00Z,LINKUSD,3.8503,4.06432,3.8316,4.03545,156953.89588691999
2020-05-29T00:00:00Z,LINKUSD,4.04008,4.124,3.94656,3.9864,148487.34764304006
2020-05-30T00:00:00Z,LINKUSD,3.9873,4.17541,3.94386,4.17541,273950.9806651802
2020-05-31T00:00:00Z,LINKUSD,4.17999,4.28044,4.05048,4.13174,249296.4826778701
2020-06-01T00:00:00Z,LINKUSD,4.1275,4.4773,4.11634,4.3828,250939.76322739004
2020-06-02T00:00:00Z,LINKUSD,4.38637,4.61313,4.12547,4.4032,370028.0380681097
2020-06-03T00:00:00Z,LINKUSD,4.39488,4.52485,4.3,4.48529,188621.0550851199
2020-06-04T00:00:00Z,LINKUSD,4.47264,4.50892,4.29678,4.42986,179954.07442295
2020-06-05T00:00:00Z,LINKUSD,4.43267,4.48039,4.33247,4.35543,100281.58540128014
2020-06-06T00:00:00Z,LINKUSD,4.33,4.39016,4.3,4.35624,79182.18362021001
2020-06-07T00:00:00Z,LINKUSD,4.35426,4.40104,4.1938,4.34707,112070.34985535993
2020-06-08T00:00:00Z,LINKUSD,4.34546,4.46814,4.3272,4.46814,101223.57157518994
2020-06-09T00:00:00Z,LINKUSD,4.47702,4.49914,4.35956,4.44258,122971.67834036994
2020-06-10T00:00:00Z,LINKUSD,4.43572,4.43572,4.35,4.43172,121873.19387225
2020-06-11T00:00:00Z,LINKUSD,4.42542,4.45706,3.91,3.96839,488626.0850048598
2020-06-12T00:00:00Z,LINKUSD,3.94892,4.16836,3.85,4.0854,282435.4387161602
2020-06-13T00:00:00Z,LINKUSD,4.07688,4.12563,4.01855,4.10497,61768.729725939986
2020-06-14T00:00:00Z,LINKUSD,4.11044,4.11044,3.91524,3.94645,93125.05301759005
2020-06-15T00:00:00Z,LINKUSD,3.9371,3.98908,3.62754,3.95245,382702.8181506995
2020-06-16T00:00:00Z,LINKUSD,3.93269,4.09664,3.89548,4.04499,210054.16491621998
2020-06-17T00:00:00Z,LINKUSD,4.045,4.19511,3.95608,4.16905,300117.61487502995
2020-06-18T00:00:00Z,LINKUSD,4.16189,4.24613,4.095,4.15084,189591.1405589699
2020-06-19T00:00:00Z,LINKUSD,4.13665,4.16476,4.0437,4.08943,204114.11580882972
2020-06-20T00:00:00Z,LINKUSD,4.09137,4.2,4.065,4.18117,161817.81195175007
2020-06-21T00:00:00Z,LINKUSD,4.18942,4.19584,4.14027,4.17233,80398.36773003005
2020-06-22T00:00:00Z,LINKUSD,4.17804,4.49,4.17804,4.48802,387147.9321383407
2020-06-23T00:00:00Z,LINKUSD,4.48875,4.94759,4.43,4.79449,632942.3428659383
2020-06-24T00:00:00Z,LINKUSD,4.81225,4.94982,4.4999,4.70361,661905.4336932913
2020-06-25T00:00:00Z,LINKUSD,4.70876,4.82792,4.50358,4.81048,299295.9088735898
2020-06-26T00:00:00Z,LINKUSD,4.80767,4.87024,4.63846,4.67721,409451.5152392497
2020-06-27T00:00:00Z,LINKUSD,4.68077,4.6846,4.30665,4.40303,274103.54878655
2020-06-28T00:00:00Z,LINKUSD,4.39808,4.61636,4.33226,4.569,189259.83909768003
2020-06-29T00:00:00Z,LINKUSD,4.56895,4.66106,4.43059,4.59954,150683.11072331
2020-06-30T00:00:00Z,LINKUSD,4.61503,4.65648,4.53897,4.57345,70909.07676878996
2020-07-01T00:00:00Z,LINKUSD,4.56591,4.735,4.51976,4.70025,262076.62947364975
2020-07-02T00:00:00Z,LINKUSD,4.70441,4.919,4.58909,4.79433,371463.47638694005
2020-07-03T00:00:00Z,LINKUSD,4.79319,4.88899,4.71003,4.745,145123.85418010008
2020-07-04T00:00:00Z,LINKUSD,4.73144,4.84732,4.72209,4.81805,91190.20602597008
2020-07-05T00:00:00Z,LINKUSD,4.81646,4.8286,4.61506,4.74967,153036.3535764701
2020-07-06T00:00:00Z,LINKUSD,4.75229,5.47973,4.74,5.36638,687906.7585359605
2020-07-07T00:00:00Z,LINKUSD,5.3597,5.89874,5.34082,5.71659,804333.415649461
2020-07-08T00:00:00Z,LINKUSD,5.72657,6.58589,5.60442,6.49288,1172466.6176320696
2020-07-09T00:00:00Z,LINKUSD,6.49155,6.49427,5.70003,6.07532,717399.3711067399
2020-07-10T00:00:00Z,LINKUSD,6.08819,6.20561,5.71311,6.13408,463255.4369955696
2020-07-11T00:00:00Z,LINKUSD,6.1401,6.26,5.9804,6.11453,210980.42108787014
2020-07-12T00:00:00Z,LINKUSD,6.09654,7.382,6.09654,7.34029,1102266.2418543086
2020-07-13T00:00:00Z,LINKUSD,7.34072,8.51829,6.84196,7.16417,2118128.736205172
2020-07-14T00:00:00Z,LINKUSD,7.15268,8.39164,7.0,8.12359,1646579.6718393047
2020-07-15T00:00:00Z,LINKUSD,8.13326,8.90771,7.84403,8.62836,1199595.1231494695
2020-07-16T00:00:00Z,LINKUSD,8.62854,8.86621,7.96,8.35495,1162784.67259903
2020-07-17T00:00:00Z,LINKUSD,8.35823,8.61386,8.19397,8.26119,545605.1633358307
2020-07-18T00:00:00Z,LINKUSD,8.26,8.26574,7.58021,7.96043,741358.9527734304
2020-07-19T00:00:00Z,LINKUSD,7.97117,8.20655,7.79381,8.075,361051.24883629
2020-07-20T00:00:00Z,LINKUSD,8.0977,8.13504,7.11569,7.23609,812337.6748484994
2020-07-21T00:00:00Z,LINKUSD,7.235,7.68445,6.94004,7.29939,770808.2119909285
2020-07-22T00:00:00Z,LINKUSD,7.31844,7.63664,7.09684,7.50019,457106.96071090037
2020-07-23T00:00:00Z,LINKUSD,7.49128,8.09335,7.47016,7.89648,689333.5229080097
2020-07-24T00:00:00Z,LINKUSD,7.93107,7.93982,7.4,7.436,386928.4127069002
2020-07-25T00:00:00Z,LINKUSD,7.43512,7.79997,7.4,7.65836,298722.02669071977
2020-07-26T00:00:00Z,LINKUSD,7.68,7.94228,7.25448,7.51131,483770.70396803087
2020-07-27T00:00:00Z,LINKUSD,7.51487,7.51487,6.48833,7.11963,1008586.658160521
2020-07-28T00:00:00Z,LINKUSD,7.10819,7.41545,6.93798,7.25,388718.9734967005
2020-07-29T00:00:00Z,LINKUSD,7.25355,7.49285,7.00116,7.11956,529883.8286332595
2020-07-30T00:00:00Z,LINKUSD,7.09149,7.59499,7.05366,7.40171,575586.4724599195
2020-07-31T00:00:00Z,LINKUSD,7.42807,7.8735,7.42807,7.81882,654004.4855841723
2020-08-01T00:00:00Z,LINKUSD,7.81224,8.48526,7.6495,8.32326,528414.5129840598
2020-08-02T00:00:00Z,LINKUSD,8.31833,8.79611,7.26,8.28685,1100938.1340132777
2020-08-03T00:00:00Z,LINKUSD,8.28005,9.28997,8.09098,9.24171,529421.4899886297
2020-08-04T00:00:00Z,LINKUSD,9.25303,9.97562,9.0199,9.8668,760753.11644422
2020-08-05T00:00:00Z,LINKUSD,9.869,9.869,9.31422,9.53824,449025.26748417
2020-08-06T00:00:00Z,LINKUSD,9.52703,10.27571,9.47118,10.22,326758.429396679
2020-08-07T00:00:00Z,LINKUSD,10.22,10.27107,9.17,10.12,637608.8034134102
2020-08-08T00:00:00Z,LINKUSD,10.12,13.86698,9.94301,12.71826,1892681.0005887502
2020-08-09T00:00:00Z,LINKUSD,12.76549,14.48654,12.0,13.81657,1308683.2463821894
2020-08-10T00:00:00Z,LINKUSD,13.83714,14.08119,12.52141,13.4718,760126.5296695998
2020-08-11T00:00:00Z,LINKUSD,13.47643,13.54223,12.1,12.99332,805289.2996736614
2020-08-12T00:00:00Z,LINKUSD,13.0082,16.75756,12.6,16.47302,1336499.8267817262
2020-08-13T00:00:00Z,LINKUSD,16.48737,18.3,15.98477,17.21749,1772668.4818198122
2020-08-14T00:00:00Z,LINKUSD,17.2193,17.62674,16.33983,16.96092,555034.0322163888
2020-08-15T00:00:00Z,LINKUSD,16.96907,19.81926,16.57276,19.19193,1299074.3892178566
2020-08-16T00:00:00Z,LINKUSD,19.2251,19.995,18.44474,18.85006,588178.0374672503
2020-08-17T00:00:00Z,LINKUSD,18.86108,19.69,14.789,16.8499,862538.7116271652
2020-08-18T00:00:00Z,LINKUSD,16.8499,17.70551,14.86,16.22287,1434519.3256115671
2020-08-19T00:00:00Z,LINKUSD,16.196,17.28139,14.87612,16.18,898181.76602053
2020-08-20T00:00:00Z,LINKUSD,16.20648,16.76632,15.68925,16.06377,452264.43229276047
2020-08-21T00:00:00Z,LINKUSD,16.14443,16.14443,12.90002,13.84179,1482191.2053840726
2020-08-22T00:00:00Z,LINKUSD,13.8562,16.32463,13.1257,15.84346,797253.5376469034
2020-08-23T00:00:00Z,LINKUSD,15.88,15.99103,14.66565,15.16863,482401.2031415302
2020-08-24T00:00:00Z,LINKUSD,15.05901,15.89064,14.71111,15.13373,413170.48278687976
2020-08-25T00:00:00Z,LINKUSD,15.15484,15.34876,13.51,14.11734,571013.1916409908
2020-08-26T00:00:00Z,LINKUSD,14.11734,15.65,14.0463,15.22512,482539.6851250908
2020-08-27T00:00:00Z,LINKUSD,15.24344,15.5,14.04008,14.51227,438054.9748771189
2020-08-28T00:00:00Z,LINKUSD,14.52487,15.4723,14.272,15.13482,268506.67107602046
2020-08-29T00:00:00Z,LINKUSD,15.13215,17.0,14.98606,16.41729,587920.934767359
2020-08-30T00:00:00Z,LINKUSD,16.39378,17.77795,16.37332,16.47938,518741.27266254986
2020-08-31T00:00:00Z,LINKUSD,16.50988,16.94,15.51314,15.58965,347472.04789762053
2020-09-01T00:00:00Z,LINKUSD,15.58982,16.54486,15.11,16.09845,445582.73205072957
2020-09-02T00:00:00Z,LINKUSD,16.0448,16.34491,14.02376,14.79151,657511.4199603788
2020-09-03T00:00:00Z,LINKUSD,14.81989,14.99201,11.02451,11.92804,884771.6803917575
2020-09-04T00:00:00Z,LINKUSD,11.90262,12.94656,11.02002,12.38171,887541.4886291557
2020-09-05T00:00:00Z,LINKUSD,12.39749,12.73894,9.2,10.59052,1515351.0863013687
2020-09-06T00:00:00Z,LINKUSD,10.54928,13.24,9.74751,12.79867,1134141.7231617132
2020-09-07T00:00:00Z,LINKUSD,12.79867,13.17137,11.12517,12.45831,823606.529337718
2020-09-08T00:00:00Z,LINKUSD,12.48,12.71289,11.05709,11.74998,626619.9759792796
2020-09-09T00:00:00Z,LINKUSD,11.73242,12.652,11.45322,12.34586,401713.8962438004
2020-09-10T00:00:00Z,LINKUSD,12.3507,13.275,12.2,12.51968,650806.6598319004
2020-09-11T00:00:00Z,LINKUSD,12.51729,12.675,12.03826,12.46783,425136.6237861989
2020-09-12T00:00:00Z,LINKUSD,12.4472,13.03,12.10321,12.71728,305402.23382091004
2020-09-13T00:00:00Z,LINKUSD,12.71894,13.20258,11.76,12.0757,457684.0133389197
2020-09-14T00:00:00Z,LINKUSD,12.04997,12.40467,11.65,12.13097,379860.29087330063
2020-09-15T00:00:00Z,LINKUSD,12.13631,12.24021,10.77,10.9617,624108.8841786927
2020-09-16T00:00:00Z,LINKUSD,10.95358,11.32894,10.50006,10.73137,463337.36185340123
2020-09-17T00:00:00Z,LINKUSD,10.7405,11.67089,10.52274,11.01085,590981.2009125195
2020-09-18T00:00:00Z,LINKUSD,11.01095,11.11703,9.79659,10.0865,460780.3511553713
2020-09-19T00:00:00Z,LINKUSD,10.0912,10.4997,9.89436,10.11297,249363.71828628014
2020-09-20T00:00:00Z,LINKUSD,10.12527,10.61991,9.50711,9.7303,410356.36717411847
2020-09-21T00:00:00Z,LINKUSD,9.7287,9.88982,8.55,8.70255,1210419.9527590987
2020-09-22T00:00:00Z,LINKUSD,8.72674,9.067,8.52711,8.74017,460002.2045660194
2020-09-23T00:00:00Z,LINKUSD,8.74999,8.7879,7.312,7.6332,1219741.686294689
2020-09-24T00:00:00Z,LINKUSD,7.63954,10.49998,7.48008,9.87421,1594276.097044657
2020-09-25T00:00:00Z,LINKUSD,9.87127,11.2164,9.38367,10.72685,1115146.435519622
2020-09-26T00:00:00Z,LINKUSD,10.75454,11.1,10.00191,10.34277,576062.3248845198
2020-09-27T00:00:00Z,LINKUSD,10.35999,10.97022,9.91505,10.79954,534529.9285684803
2020-09-28T00:00:00Z,LINKUSD,10.79953,11.07082,10.16268,10.26428,418685.08091117087
2020-09-29T00:00:00Z,LINKUSD,10.26901,10.36476,9.43889,10.14629,713690.2248721296
2020-09-30T00:00:00Z,LINKUSD,10.14693,10.21644,9.59,9.87088,397641.8870238504
2020-10-01T00:00:00Z,LINKUSD,9.89919,10.42198,9.3024,9.64552,567089.7242559606
2020-10-02T00:00:00Z,LINKUSD,9.59387,9.82805,8.81125,9.21687,865432.8368888814
2020-10-03T00:00:00Z,LINKUSD,9.22614,9.55,9.13,9.27399,275477.5505835001
2020-10-04T00:00:00Z,LINKUSD,9.2727,9.45743,9.11844,9.40088,286930.9934705902
2020-10-05T00:00:00Z,LINKUSD,9.4,9.7076,9.27513,9.61867,314751.65784415987
2020-10-06T00:00:00Z,LINKUSD,9.62857,9.66243,8.58,8.76644,502866.4687218401
2020-10-07T00:00:00Z,LINKUSD,8.76649,9.00888,8.38267,8.971,351579.7085799309
2020-10-08T00:00:00Z,LINKUSD,8.99849,9.66952,8.44001,9.55486,656374.4443321797
2020-10-09T00:00:00Z,LINKUSD,9.56488,10.54786,9.39,10.41541,794503.3424194087
2020-10-10T00:00:00Z,LINKUSD,10.41539,10.95993,10.35072,10.52113,563253.8910735307
2020-10-11T00:00:00Z,LINKUSD,10.52472,11.04371,10.17,10.87563,500623.16941488074
2020-10-12T00:00:00Z,LINKUSD,10.8666,11.82315,10.69681,11.4322,969719.9050191401
2020-10-13T00:00:00Z,LINKUSD,11.45001,11.59499,10.60671,11.00999,767289.7977200913
2020-10-14T00:00:00Z,LINKUSD,11.01,11.361,10.61205,10.91,719109.6916203789
2020-10-15T00:00:00Z,LINKUSD,10.90221,10.91424,10.46202,10.77109,558744.9672419707
2020-10-16T00:00:00Z,LINKUSD,10.75244,10.91157,10.21613,10.58369,547762.2289000915
2020-10-17T00:00:00Z,LINKUSD,10.58615,10.69996,10.42196,10.61862,229849.22205334005
2020-10-18T00:00:00Z,LINKUSD,10.64092,10.98709,10.61245,10.94783,188304.1904931699
2020-10-19T00:00:00Z,LINKUSD,10.94782,11.22223,10.65279,10.9147,454546.3699921689
2020-10-20T00:00:00Z,LINKUSD,10.90578,10.93813,9.8,9.86938,701924.7541423404
2020-10-21T00:00:00Z,LINKUSD,9.84659,11.28999,9.80242,10.82646,882611.5159469489
2020-10-22T00:00:00Z,LINKUSD,10.8,12.41,10.72005,11.96182,1209970.3352873416
2020-10-23T00:00:00Z,LINKUSD,11.96742,12.28,11.53581,12.16298,804860.3608018503
2020-10-24T00:00:00Z,LINKUSD,12.16733,12.89173,12.00477,12.70151,469526.8267172611
2020-10-25T00:00:00Z,LINKUSD,12.7048,12.88076,11.95,12.15995,529204.0343277316
2020-10-26T00:00:00Z,LINKUSD,12.12125,12.46889,11.28947,11.75929,1057434.6640565651
2020-10-27T00:00:00Z,LINKUSD,11.7196,12.47739,11.51085,11.95018,852599.8551442812
2020-10-28T00:00:00Z,LINKUSD,11.91797,12.1569,11.13269,11.46851,641912.518269161
2020-10-29T00:00:00Z,LINKUSD,11.465,11.8165,11.11,11.27456,545054.3268721598
2020-10-30T00:00:00Z,LINKUSD,11.27561,11.49493,10.77008,11.09001,554590.3201885594
2020-10-31T00:00:00Z,LINKUSD,11.09632,11.3887,10.92794,11.23619,296830.5738749301
2020-11-01T00:00:00Z,LINKUSD,11.20298,11.59781,11.03099,11.57003,282758.8857234595
2020-11-02T00:00:00Z,LINKUSD,11.59058,11.69998,10.72,10.79,648280.9896455206
2020-11-03T00:00:00Z,LINKUSD,10.79,10.79,10.03,10.39856,677817.6718763297
2020-11-04T00:00:00Z,LINKUSD,10.39038,10.68698,9.78,10.47889,730738.5636776313
2020-11-05T00:00:00Z,LINKUSD,10.5,11.266,10.1,10.99999,1010956.5098080457
2020-11-06T00:00:00Z,LINKUSD,10.99568,12.3,10.94345,12.18555,940872.8051104314
2020-11-07T00:00:00Z,LINKUSD,12.19234,13.59997,11.5,11.75221,2070877.3671702486
2020-11-08T00:00:00Z,LINKUSD,11.76156,13.12998,11.51,12.72691,885484.3100487884
2020-11-09T00:00:00Z,LINKUSD,12.71498,13.04125,12.08,12.51124,826855.1710019901
2020-11-10T00:00:00Z,LINKUSD,12.50064,13.28,12.35,13.04191,860665.052649079
2020-11-11T00:00:00Z,LINKUSD,13.02359,13.43551,12.8,12.8,851308.200090062
2020-11-12T00:00:00Z,LINKUSD,12.78013,13.10351,12.25658,12.4171,735735.130796789
2020-11-13T00:00:00Z,LINKUSD,12.41525,13.02549,12.3329,12.88725,473290.5181725905
2020-11-14T00:00:00Z,LINKUSD,12.89035,12.93268,12.363,12.592,307937.29388898954
2020-11-15T00:00:00Z,LINKUSD,12.53308,12.63886,11.83,12.13596,367009.92292334023
2020-11-16T00:00:00Z,LINKUSD,12.07372,12.81,12.01248,12.6455,411165.9797904383
2020-11-17T00:00:00Z,LINKUSD,12.63,13.4273,12.57,13.38915,831863.9612378427
2020-11-18T00:00:00Z,LINKUSD,13.39997,14.2713,12.42789,13.57686,1609596.3647778041
2020-11-19T00:00:00Z,LINKUSD,13.58376,13.98,13.01419,13.63115,722830.354776051
2020-11-20T00:00:00Z,LINKUSD,13.61468,14.47,13.48501,14.10708,731743.7983942596
2020-11-21T00:00:00Z,LINKUSD,14.08547,15.5,13.70001,15.4903,943101.6413599477
2020-11-22T00:00:00Z,LINKUSD,15.46476,15.74782,13.71492,14.51327,928195.7433070288
2020-11-23T00:00:00Z,LINKUSD,14.52156,15.42,14.25826,15.27313,845589.4068967907
2020-11-24T00:00:00Z,LINKUSD,15.29713,16.38713,14.97167,15.66634,1107232.8730856392
2020-11-25T00:00:00Z,LINKUSD,15.67506,15.87896,13.82,14.25132,705010.0585443117
2020-11-26T00:00:00Z,LINKUSD,14.20342,14.47098,11.27615,12.58625,1987154.4772495006
2020-11-27T00:00:00Z,LINKUSD,12.60838,12.95805,11.97525,12.49374,416533.2120664996
2020-11-28T00:00:00Z,LINKUSD,12.50219,13.46638,12.35603,13.09465,533849.2802324698
2020-11-29T00:00:00Z,LINKUSD,13.09025,13.463,12.85484,13.38595,343265.7859578309
2020-11-30T00:00:00Z,LINKUSD,13.38595,14.43285,13.38595,14.26,795590.9801847464
2020-12-01T00:00:00Z,LINKUSD,14.25795,14.84994,12.90502,13.35864,825662.77296887
2020-12-02T00:00:00Z,LINKUSD,13.36157,14.14,13.08281,13.97676,496151.0549810515
2020-12-03T00:00:00Z,LINKUSD,13.97718,14.25,13.67139,13.99711,382082.6414281702
2020-12-04T00:00:00Z,LINKUSD,13.98659,14.05377,12.53,12.68286,595170.0972274722
2020-12-05T00:00:00Z,LINKUSD,12.67063,13.3502,12.53482,13.16391,214274.0375930005
2020-12-06T00:00:00Z,LINKUSD,13.16282,13.53817,12.7713,13.51533,271081.5467031398
2020-12-07T00:00:00Z,LINKUSD,13.52374,13.54653,12.88319,13.08883,268746.60310191044
2020-12-08T00:00:00Z,LINKUSD,13.08391,13.19097,12.0,12.12298,492120.3248368812
2020-12-09T00:00:00Z,LINKUSD,12.11574,12.83659,11.55364,12.61607,528675.3020604387
2020-12-10T00:00:00Z,LINKUSD,12.63089,12.65584,11.85568,11.89469,444257.50107292074
2020-12-11T00:00:00Z,LINKUSD,11.94575,11.94575,11.42824,11.65033,480622.1262287396
2020-12-12T00:00:00Z,LINKUSD,11.64974,12.36871,11.62,12.20788,353406.93645443
2020-12-13T00:00:00Z,LINKUSD,12.23069,13.25,12.03232,12.93195,405042.3740324805
2020-12-14T00:00:00Z,LINKUSD,12.92841,12.98,12.33,12.84,277528.47400523996
2020-12-15T00:00:00Z,LINKUSD,12.84,13.01678,12.45001,12.6902,262526.50623270945
2020-12-16T00:00:00Z,LINKUSD,12.68278,13.52702,12.33049,13.5198,635626.3288271029
2020-12-17T00:00:00Z,LINKUSD,13.5157,14.57301,13.10277,13.46717,797636.2195665097
2020-12-18T00:00:00Z,LINKUSD,13.46815,14.0,13.1794,13.52428,386420.40060969075
2020-12-19T00:00:00Z,LINKUSD,13.51717,13.97083,13.32737,13.489,257560.74992386968
2020-12-20T00:00:00Z,LINKUSD,13.48864,13.77685,12.7,13.06684,547805.9578081798
2020-12-21T00:00:00Z,LINKUSD,13.05914,13.24,12.12351,12.32645,447919.87893206126
2020-12-22T00:00:00Z,LINKUSD,12.32646,12.84474,11.82494,12.81311,525784.6106009299
2020-12-23T00:00:00Z,LINKUSD,12.78136,12.84999,7.0899,11.00594,963375.8873374808
2020-12-24T00:00:00Z,LINKUSD,10.89696,11.68592,9.89,11.57499,764934.6811130091
2020-12-25T00:00:00Z,LINKUSD,11.57652,11.89593,11.07391,11.5415,396463.4903878794
2020-12-26T00:00:00Z,LINKUSD,11.54751,11.80199,10.61693,10.9736,535910.5226402403
2020-12-27T00:00:00Z,LINKUSD,10.97359,13.20839,10.46893,12.12851,1492257.9589397886
2020-12-28T00:00:00Z,LINKUSD,12.13074,12.91115,11.96,12.6,725611.0504029094
2020-12-29T00:00:00Z,LINKUSD,12.6,12.98936,10.80997,11.773,905506.5138916724
2020-12-30T00:00:00Z,LINKUSD,11.7701,11.9584,11.07674,11.25973,572822.7403191508
2020-12-31T00:00:00Z,LINKUSD,11.26205,11.76106,10.95001,11.25169,533878.6304266303
2021-01-01T00:00:00Z,LINKUSD,11.25,12.48555,11.078,11.87019,545466.8873620306
2021-01-02T00:00:00Z,LINKUSD,11.87258,12.4178,11.5,12.20905,597278.3298745014
2021-01-03T00:00:00Z,LINKUSD,12.21602,14.02523,11.8596,13.69552,1302936.902861498
2021-01-04T00:00:00Z,LINKUSD,13.7332,15.72,12.33381,13.62239,1585141.8302583853
2021-01-05T00:00:00Z,LINKUSD,13.60969,14.92344,13.1333,14.54549,882155.539866442
2021-01-06T00:00:00Z,LINKUSD,14.57817,17.34092,14.16967,17.30409,1373270.7027626745
2021-01-07T00:00:00Z,LINKUSD,17.29188,17.45325,15.12,16.00165,1276602.3534165712
2021-01-08T00:00:00Z,LINKUSD,16.0334,16.20312,13.51,15.25904,926956.4163403495
2021-01-09T00:00:00Z,LINKUSD,15.25172,17.95758,15.0187,17.61042,682314.930240433
2021-01-10T00:00:00Z,LINKUSD,17.61893,18.49142,15.40647,16.21957,998041.809988507
2021-01-11T00:00:00Z,LINKUSD,16.23333,16.23378,12.5,14.63654,1320681.620827122
2021-01-12T00:00:00Z,LINKUSD,14.65474,15.48102,13.65001,14.03144,753890.1065226585
2021-01-13T00:00:00Z,LINKUSD,13.93518,16.24141,13.34146,15.97565,779971.4265097763
2021-01-14T00:00:00Z,LINKUSD,15.99992,17.97689,15.34953,17.96932,996602.0900270038
2021-01-15T00:00:00Z,LINKUSD,17.96932,21.4,17.42734,20.79,2671208.3716134536
2021-01-16T00:00:00Z,LINKUSD,20.75997,22.97728,19.64684,20.11734,2197598.050521798
2021-01-17T00:00:00Z,LINKUSD,20.11581,23.73923,19.38287,23.3,1373200.4033721932
2021-01-18T00:00:00Z,LINKUSD,23.29998,23.66315,21.0604,22.05,883181.9293001824
2021-01-19T00:00:00Z,LINKUSD,22.08554,22.88764,20.35994,20.55296,695034.8649477195
2021-01-20T00:00:00Z,LINKUSD,20.56221,21.98443,19.05678,21.86624,792399.7068918095
2021-01-21T00:00:00Z,LINKUSD,21.91884,22.06,18.02101,18.42715,888447.4891187119
2021-01-22T00:00:00Z,LINKUSD,18.38567,22.49738,17.091,21.59386,1111317.704805243
2021-01-23T00:00:00Z,LINKUSD,21.5757,25.51822,21.15002,24.80432,1567533.6535195014
2021-01-24T00:00:00Z,LINKUSD,24.80694,24.95726,23.20003,24.80637,772769.0012584523
2021-01-25T00:00:00Z,LINKUSD,24.80831,25.85998,22.6,23.38737,1035604.1283478201
2021-01-26T00:00:00Z,LINKUSD,23.37675,23.97499,21.652,23.0445,678302.1865196502
2021-01-27T00:00:00Z,LINKUSD,23.14944,23.26495,20.28,21.01219,647274.5386812915
2021-01-28T00:00:00Z,LINKUSD,21.01219,24.49447,20.53527,23.07568,801062.2498087516
2021-01-29T00:00:00Z,LINKUSD,23.07465,24.24999,22.09683,22.75979,703793.3769989484
2021-01-30T00:00:00Z,LINKUSD,22.75562,23.97746,22.2,23.65,454749.35178559105
2021-01-31T00:00:00Z,LINKUSD,23.65,24.66128,22.088,22.5966,437662.45620724163
2021-02-01T00:00:00Z,LINKUSD,22.5726,23.19177,21.65802,22.9,447806.68757177104
2021-02-02T00:00:00Z,LINKUSD,22.9,24.171,22.76634,23.69856,623636.5513822896
2021-02-03T00:00:00Z,LINKUSD,23.7,25.56805,23.56554,25.10226,595355.9242207317
2021-02-04T00:00:00Z,LINKUSD,25.15459,26.21658,22.80255,24.53543,798360.0841519305
2021-02-05T00:00:00Z,LINKUSD,24.55642,27.04855,24.46219,26.32688,1079876.633938264
2021-02-06T00:00:00Z,LINKUSD,26.34591,26.82099,24.21375,25.02797,688100.1122878281
2021-02-07T00:00:00Z,LINKUSD,25.052,25.28866,22.90001,24.77212,527796.3274644687
2021-02-08T00:00:00Z,LINKUSD,24.77767,26.02599,24.04196,25.45986,521450.80356267135
2021-02-09T00:00:00Z,LINKUSD,25.47898,28.0,25.02015,27.65256,768654.6740756294
2021-02-10T00:00:00Z,LINKUSD,27.66567,28.67908,25.55,26.85209,921067.0699894283
2021-02-11T00:00:00Z,LINKUSD,26.89639,28.53608,26.25,27.89645,546632.4614821615
2021-02-12T00:00:00Z,LINKUSD,27.86479,31.49909,26.74518,30.71859,847757.4789086183
2021-02-13T00:00:00Z,LINKUSD,30.732,34.77844,29.08001,34.25,825698.1709068897
2021-02-14T00:00:00Z,LINKUSD,34.3,35.71425,32.33317,33.2,724945.4856754803
2021-02-15T00:00:00Z,LINKUSD,33.27921,34.939,27.15706,32.51327,874754.4884582045
2021-02-16T00:00:00Z,LINKUSD,32.61109,33.4,30.81543,31.98755,515820.79024153843
2021-02-17T00:00:00Z,LINKUSD,31.98755,32.67799,30.01102,32.25922,474116.5173174308
2021-02-18T00:00:00Z,LINKUSD,32.27267,33.57847,31.79569,32.43863,364126.2619410297
2021-02-19T00:00:00Z,LINKUSD,32.49223,35.49936,31.42688,34.72048,589182.131661041
2021-02-20T00:00:00Z,LINKUSD,34.72392,36.89,32.12,34.02636,835465.6934343785
2021-02-21T00:00:00Z,LINKUSD,34.00799,35.32298,33.25942,34.16926,368006.48471497034
2021-02-22T00:00:00Z,LINKUSD,34.19926,34.21917,13.1,31.52699,1007365.3916137901
2021-02-23T00:00:00Z,LINKUSD,31.513,31.62,21.0,25.99587,2277096.0627252343
2021-02-24T00:00:00Z,LINKUSD,25.95906,29.29103,24.459,28.1284,993039.2144985205
2021-02-25T00:00:00Z,LINKUSD,28.12101,28.63658,24.38963,24.64701,743905.027728219
2021-02-26T00:00:00Z,LINKUSD,24.71909,27.0,23.644,25.15992,600244.5235976996
2021-02-27T00:00:00Z,LINKUSD,25.17209,27.4182,24.85968,26.20728,571665.2901104996
2021-02-28T00:00:00Z,LINKUSD,26.18786,26.75327,22.90801,24.751,544102.9897216534
2021-03-01T00:00:00Z,LINKUSD,24.77722,27.74992,24.66288,27.7302,536595.4578023809
2021-03-02T00:00:00Z,LINKUSD,27.72653,30.52901,27.20307,28.51057,867057.2664233419
2021-03-03T00:00:00Z,LINKUSD,28.50214,31.45283,28.20781,29.88699,573957.6702565522
2021-03-04T00:00:00Z,LINKUSD,29.90948,30.58488,27.18401,27.68581,498162.14477377123
2021-03-05T00:00:00Z,LINKUSD,27.64342,28.24906,25.63351,27.84434,547835.1718663311
2021-03-06T00:00:00Z,LINKUSD,27.88835,28.37655,26.32459,28.15,350647.74827095127
2021-03-07T00:00:00Z,LINKUSD,28.19795,29.1201,27.44751,28.61954,347596.5354198925
2021-03-08T00:00:00Z,LINKUSD,28.63,31.85244,28.33121,31.82858,714021.6026901223
2021-03-09T00:00:00Z,LINKUSD,31.83906,32.0,30.41001,31.50646,480932.10512626223
2021-03-10T00:00:00Z,LINKUSD,31.51009,31.80494,29.30001,29.86221,500767.458671144
2021-03-11T00:00:00Z,LINKUSD,29.91634,30.48714,28.57921,30.10278,309575.28626157064
2021-03-12T00:00:00Z,LINKUSD,30.10279,30.38759,27.71024,28.37043,294096.2965947605
2021-03-13T00:00:00Z,LINKUSD,28.37044,30.57454,27.0,29.74675,418986.4550487023
2021-03-14T00:00:00Z,LINKUSD,29.74931,30.16569,28.51212,28.55,220198.99287112028
2021-03-15T00:00:00Z,LINKUSD,28.53387,29.3988,26.82113,27.45327,423983.2712909311
2021-03-16T00:00:00Z,LINKUSD,27.50515,28.15,26.39423,27.91779,319013.9894221704
2021-03-17T00:00:00Z,LINKUSD,27.91165,31.23552,27.3274,31.01666,504776.058270953
2021-03-18T00:00:00Z,LINKUSD,31.0555,31.34732,28.99002,29.4455,451182.84738542116
2021-03-19T00:00:00Z,LINKUSD,29.40737,30.51916,28.69266,29.80376,296331.77720052016
2021-03-20T00:00:00Z,LINKUSD,29.80376,31.42502,29.60286,29.62001,353141.8263912911
2021-03-21T00:00:00Z,LINKUSD,29.6,30.06995,28.611,29.22443,243703.59366852953
2021-03-22T00:00:00Z,LINKUSD,29.26129,29.433,27.28485,27.28485,301376.84588344087
2021-03-23T00:00:00Z,LINKUSD,27.29007,27.9172,26.65001,26.79656,256585.8046012804
2021-03-24T00:00:00Z,LINKUSD,26.75,27.86427,23.72799,24.87395,396855.1022842713
2021-03-25T00:00:00Z,LINKUSD,24.83885,26.61301,24.40609,25.56785,289001.31196100014
2021-03-26T00:00:00Z,LINKUSD,25.55,27.428,25.38318,27.40912,264220.7344011106
2021-03-27T00:00:00Z,LINKUSD,27.4269,27.52934,26.02974,26.85165,240975.14474738066
2021-03-28T00:00:00Z,LINKUSD,26.87645,27.63838,26.09023,26.65761,177522.6004013102
2021-03-29T00:00:00Z,LINKUSD,26.64641,28.60921,26.40475,28.02252,268659.3551234102
2021-03-30T00:00:00Z,LINKUSD,28.03388,28.59595,27.48995,27.82605,209697.50494093032
2021-03-31T00:00:00Z,LINKUSD,27.82605,29.4,26.28637,29.39999,334887.6950759313
2021-04-01T00:00:00Z,LINKUSD,29.4,31.1,29.3487,30.09699,461964.81797105365
2021-04-02T00:00:00Z,LINKUSD,30.145,32.54312,29.58,32.47581,324737.8102748009
2021-04-03T00:00:00Z,LINKUSD,32.47581,33.156,29.13424,29.28255,311289.48238270043
2021-04-04T00:00:00Z,LINKUSD,29.27353,31.4467,28.73854,30.7345,235765.63478320022
2021-04-05T00:00:00Z,LINKUSD,30.74368,32.58621,29.656,32.34133,326699.0862251212
2021-04-06T00:00:00Z,LINKUSD,32.37029,34.87913,31.31908,34.72685,627693.6232219236
2021-04-07T00:00:00Z,LINKUSD,34.79539,35.08468,30.24,31.10958,594036.6923475843
2021-04-08T00:00:00Z,LINKUSD,31.10869,32.86,30.96191,32.77382,308176.1262540098
2021-04-09T00:00:00Z,LINKUSD,32.77383,33.2348,31.23927,31.57645,238842.1140731604
2021-04-10T00:00:00Z,LINKUSD,31.59854,32.93558,31.0,31.9031,311195.8195547417
2021-04-11T00:00:00Z,LINKUSD,31.9044,34.37,31.74383,33.81571,285292.5391475404
2021-04-12T00:00:00Z,LINKUSD,33.90039,34.08053,31.8538,33.11001,187369.0438477417
2021-04-13T00:00:00Z,LINKUSD,33.1224,35.85836,32.42023,35.5,380665.04333057103
2021-04-14T00:00:00Z,LINKUSD,35.57843,41.9666,34.84,41.33951,942188.4028284828
2021-04-15T00:00:00Z,LINKUSD,41.40331,44.34771,39.658,42.655,680451.579122067
2021-04-16T00:00:00Z,LINKUSD,42.67152,43.26243,38.61967,42.05867,520783.5022006524
2021-04-17T00:00:00Z,LINKUSD,42.11306,44.14972,39.9019,40.0,427125.561113219
2021-04-18T00:00:00Z,LINKUSD,39.9477,40.33096,28.21261,39.13304,1063112.8200723727
2021-04-19T00:00:00Z,LINKUSD,39.18992,42.04489,34.897,35.80693,654542.3755276841
2021-04-20T00:00:00Z,LINKUSD,35.86221,39.44129,33.248,39.07167,724641.1340648993
2021-04-21T00:00:00Z,LINKUSD,39.05447,39.49391,35.93001,36.43126,409952.2785858102
2021-04-22T00:00:00Z,LINKUSD,36.26,40.80454,33.86,35.18,782884.6188229821
2021-04-23T00:00:00Z,LINKUSD,35.1,35.91293,30.0,35.2,985797.5506144526
2021-04-24T00:00:00Z,LINKUSD,35.22856,35.30792,31.079,31.30844,417926.6548544606
2021-04-25T00:00:00Z,LINKUSD,31.32363,33.45302,29.87471,31.69013,365554.1402689
2021-04-26T00:00:00Z,LINKUSD,31.69919,35.31678,31.45521,35.16494,366274.6415831221
2021-04-27T00:00:00Z,LINKUSD,35.12,37.6679,34.54486,36.78944,331949.3128319815
2021-04-28T00:00:00Z,LINKUSD,36.83308,37.83602,35.00175,36.2598,365160.22269478976
2021-04-29T00:00:00Z,LINKUSD,36.27,37.44583,35.0722,36.4727,377705.76611923915
2021-04-30T00:00:00Z,LINKUSD,36.47056,38.78,35.85643,38.16959,453002.2541413907
2021-05-01T00:00:00Z,LINKUSD,38.144,41.27106,37.51229,41.27106,372124.17067012173
2021-05-02T00:00:00Z,LINKUSD,41.27214,41.45,38.68707,39.51022,316024.76392511016
2021-05-03T00:00:00Z,LINKUSD,39.49835,42.69786,39.32349,42.0679,618098.406164408
2021-05-04T00:00:00Z,LINKUSD,42.20585,48.57798,38.8618,45.57426,1217966.1968011498
2021-05-05T00:00:00Z,LINKUSD,45.56313,51.2,44.95331,49.57902,956121.231533322
2021-05-06T00:00:00Z,LINKUSD,49.60792,49.87163,45.44271,47.16315,611532.3939127416
2021-05-07T00:00:00Z,LINKUSD,47.16317,52.0,45.76778,49.16119,746965.6802721504
2021-05-08T00:00:00Z,LINKUSD,49.35981,50.36096,46.57359,48.69612,395211.8729358503
2021-05-09T00:00:00Z,LINKUSD,48.763,52.42845,46.11981,52.30112,498685.01179214154
2021-05-10T00:00:00Z,LINKUSD,52.29255,53.0,41.4,46.38898,859519.0026032223
2021-05-11T00:00:00Z,LINKUSD,46.40174,48.91539,44.67066,48.85492,472384.8146862806
2021-05-12T00:00:00Z,LINKUSD,48.86919,49.877,40.9499,41.55998,556786.7035316178
2021-05-13T00:00:00Z,LINKUSD,41.55998,44.99146,38.5132,43.17759,898057.2562302292
2021-05-14T00:00:00Z,LINKUSD,43.27384,48.0,42.99451,46.6303,423519.6731447793
2021-05-15T00:00:00Z,LINKUSD,46.5291,47.84497,41.03901,41.48129,473076.7582821593
2021-05-16T00:00:00Z,LINKUSD,41.48459,44.648,37.906,40.70645,503240.92227370845
2021-05-17T00:00:00Z,LINKUSD,40.70645,40.70645,35.10404,37.24758,648719.8687209393
2021-05-18T00:00:00Z,LINKUSD,37.21187,44.75764,36.71201,42.60424,683180.0567702091
2021-05-19T00:00:00Z,LINKUSD,42.59898,43.51,16.61,26.33765,2114049.671429363
2021-05-20T00:00:00Z,LINKUSD,26.35,33.0969,22.58893,30.68371,1052281.5495933562
2021-05-21T00:00:00Z,LINKUSD,30.66917,31.98134,22.00423,25.6037,923344.535579667
2021-05-22T00:00:00Z,LINKUSD,25.56605,26.17799,22.3,23.24572,473189.8618671196
2021-05-23T00:00:00Z,LINKUSD,23.2,24.33872,15.02,20.07747,1587886.4789033046
2021-05-24T00:00:00Z,LINKUSD,19.87738,26.49935,19.72805,26.35051,990162.7864129593
2021-05-25T00:00:00Z,LINKUSD,26.41837,27.64737,23.71903,27.57012,913773.5186097734
2021-05-26T00:00:00Z,LINKUSD,27.58201,34.31134,26.92002,34.02843,1021041.0352977737
2021-05-27T00:00:00Z,LINKUSD,34.04482,35.41551,30.14772,31.69547,1400375.7713378638
2021-05-28T00:00:00Z,LINKUSD,31.7148,32.21288,26.86458,27.87567,1485858.5881207932
2021-05-29T00:00:00Z,LINKUSD,27.85699,29.65618,24.09,25.373,753956.6085183704
2021-05-30T00:00:00Z,LINKUSD,25.37388,29.18599,23.0,26.81217,821886.8561932838
2021-05-31T00:00:00Z,LINKUSD,26.81108,32.12112,25.62898,32.11149,760410.5675910448
2021-06-01T00:00:00Z,LINKUSD,32.09121,32.63347,29.03929,30.71085,755653.1335088211
2021-06-02T00:00:00Z,LINKUSD,30.71975,32.14777,29.69401,30.67498,495630.74573715153
2021-06-03T00:00:00Z,LINKUSD,30.65,32.844,30.04781,32.1939,429143.96178998926
2021-06-04T00:00:00Z,LINKUSD,32.17778,32.24268,26.1,28.83713,719895.1791444175
2021-06-05T00:00:00Z,LINKUSD,28.9158,30.17399,26.07,27.1,431298.6349098404
2021-06-06T00:00:00Z,LINKUSD,27.14141,28.219,26.85725,27.51854,354027.3932109003
2021-06-07T00:00:00Z,LINKUSD,27.5495,28.6868,24.2318,24.59124,705550.1569076185
2021-06-08T00:00:00Z,LINKUSD,24.56643,25.09149,21.4,24.10836,780009.3117310998
2021-06-09T00:00:00Z,LINKUSD,24.0862,25.63013,22.46,25.55644,585014.0382636103
2021-06-10T00:00:00Z,LINKUSD,25.5793,25.77449,22.77785,23.10995,504684.9160258509
2021-06-11T00:00:00Z,LINKUSD,23.15405,23.36193,21.0,21.49098,375888.2346207491
2021-06-12T00:00:00Z,LINKUSD,21.41051,22.31794,20.02905,21.63794,402079.2128196518
2021-06-13T00:00:00Z,LINKUSD,21.66442,23.9067,20.41971,23.34798,546490.7095859296
2021-06-14T00:00:00Z,LINKUSD,23.37353,25.29517,22.84025,25.00348,570990.3264172919
2021-06-15T00:00:00Z,LINKUSD,24.98414,26.44,24.42,24.55596,639101.4565161503
2021-06-16T00:00:00Z,LINKUSD,24.45939,24.61273,22.9253,23.02161,579812.9513945093
2021-06-17T00:00:00Z,LINKUSD,23.02161,24.43479,22.81001,23.37274,485623.54551267973
2021-06-18T00:00:00Z,LINKUSD,23.38842,23.405,20.57457,21.20818,504088.62952380156
2021-06-19T00:00:00Z,LINKUSD,21.21804,21.919,20.10807,20.27507,410728.6926852003
2021-06-20T00:00:00Z,LINKUSD,20.26268,22.05936,19.11,21.65211,490300.6254474599
2021-06-21T00:00:00Z,LINKUSD,21.68865,21.88049,17.003,17.44,1053907.9977926696
2021-06-22T00:00:00Z,LINKUSD,17.39247,18.79194,15.0,16.83557,1056535.6738659695
2021-06-23T00:00:00Z,LINKUSD,16.84369,19.1785,16.56,18.40201,593255.287054142
2021-06-24T00:00:00Z,LINKUSD,18.40471,19.51,17.36651,19.02903,525810.8897054208
2021-06-25T00:00:00Z,LINKUSD,19.03475,19.49259,16.819,16.91597,413781.6706745498
2021-06-26T00:00:00Z,LINKUSD,16.8843,17.51699,15.94535,16.95176,312054.10499974975
2021-06-27T00:00:00Z,LINKUSD,16.94668,18.40353,16.61102,18.39704,285728.75106054044
2021-06-28T00:00:00Z,LINKUSD,18.40922,19.42099,17.92921,18.80914,308926.9666215096
2021-06-29T00:00:00Z,LINKUSD,18.81274,20.53908,18.76587,19.51896,459063.77272041875
2021-06-30T00:00:00Z,LINKUSD,19.52367,19.76106,18.17697,19.50081,378142.4530077102
2021-07-01T00:00:00Z,LINKUSD,19.51653,19.53655,17.62333,18.24557,478547.30368436186
2021-07-02T00:00:00Z,LINKUSD,18.20732,18.51217,17.26615,18.27592,328069.8765541111
2021-07-03T00:00:00Z,LINKUSD,18.27592,18.88298,17.87715,18.53634,146811.71994404006
2021-07-04T00:00:00Z,LINKUSD,18.53779,19.91163,18.004,19.26295,213229.61466136004
2021-07-05T00:00:00Z,LINKUSD,19.21775,19.21805,17.80899,18.33848,254661.82466849004
2021-07-06T00:00:00Z,LINKUSD,18.37155,20.24,18.35,20.081,377130.52994559
2021-07-07T00:00:00Z,LINKUSD,20.08614,21.27004,19.64554,19.78487,540080.9334993174
2021-07-08T00:00:00Z,LINKUSD,19.77901,19.86585,18.1337,18.37379,315414.5491292005
2021-07-09T00:00:00Z,LINKUSD,18.33519,18.85072,17.63727,18.65391,282647.3393090802
2021-07-10T00:00:00Z,LINKUSD,18.65532,18.9772,17.754,18.21282,203049.52437074002
2021-07-11T00:00:00Z,LINKUSD,18.2145,18.57618,17.8777,18.3645,163031.98209982
2021-07-12T00:00:00Z,LINKUSD,18.37315,18.58413,17.14777,17.54205,143190.40164950024
2021-07-13T00:00:00Z,LINKUSD,17.50818,17.75588,16.67,16.90233,246836.97661993976
2021-07-14T00:00:00Z,LINKUSD,16.79932,17.40008,16.03162,16.932,333166.64504965045
2021-07-15T00:00:00Z,LINKUSD,16.9337,17.21899,15.52243,15.74165,336250.41125124914
2021-07-16T00:00:00Z,LINKUSD,15.7635,16.3,15.13945,15.26417,221867.7477916798
2021-07-17T00:00:00Z,LINKUSD,15.2,15.65937,15.03596,15.35374,202430.9809280295
2021-07-18T00:00:00Z,LINKUSD,15.35555,16.06,15.17075,15.50312,173205.2252994001
2021-07-19T00:00:00Z,LINKUSD,15.44257,15.60941,14.42316,14.5072,347006.17648195196
2021-07-20T00:00:00Z,LINKUSD,14.5211,14.7503,13.40562,13.7632,446665.6051246508
2021-07-21T00:00:00Z,LINKUSD,13.73883,15.827,13.47026,15.2816,433028.4101944796
2021-07-22T00:00:00Z,LINKUSD,15.2816,16.14921,14.97339,16.03242,362195.55964760896
2021-07-23T00:00:00Z,LINKUSD,16.01548,16.57476,15.25,16.49875,238485.3247962594
2021-07-24T00:00:00Z,LINKUSD,16.52589,17.151,16.32199,16.70656,418726.33832656307
2021-07-25T00:00:00Z,LINKUSD,16.69849,17.05526,16.17318,16.76463,322222.2552877212
2021-07-26T00:00:00Z,LINKUSD,16.77037,19.96333,16.7,18.12247,857609.0014296208
2021-07-27T00:00:00Z,LINKUSD,18.02411,19.58521,17.62842,19.5243,427493.8545148819
2021-07-28T00:00:00Z,LINKUSD,19.50702,19.978,18.61865,19.08526,412974.5908286996
2021-07-29T00:00:00Z,LINKUSD,19.10732,19.46913,18.6354,19.3445,212384.12100737065
2021-07-30T00:00:00Z,LINKUSD,19.36861,22.658,18.84381,22.27735,921231.4139854577
2021-07-31T00:00:00Z,LINKUSD,22.295,23.36533,21.28688,22.70594,556350.8619005596
2021-08-01T00:00:00Z,LINKUSD,22.74181,23.91644,21.82141,22.10513,496958.5913700411
2021-08-02T00:00:00Z,LINKUSD,22.03275,23.94072,21.41166,23.475,376220.42752298014
2021-08-03T00:00:00Z,LINKUSD,23.47502,24.423,22.12164,23.94731,472979.86634134036
2021-08-04T00:00:00Z,LINKUSD,23.9735,25.01048,22.87669,24.1828,416410.1770852213
2021-08-05T00:00:00Z,LINKUSD,24.21207,24.31999,22.49773,24.06395,287850.63026341895
2021-08-06T00:00:00Z,LINKUSD,24.06468,24.3846,23.08151,23.8512,541506.9397689587
2021-08-07T00:00:00Z,LINKUSD,23.88525,25.15,23.65607,24.70038,294343.02358379075
2021-08-08T00:00:00Z,LINKUSD,24.63673,24.93275,22.58949,23.04196,235713.20168132993
2021-08-09T00:00:00Z,LINKUSD,23.04086,24.68408,22.09977,24.21702,335645.68003480043
2021-08-10T00:00:00Z,LINKUSD,24.20282,25.50996,23.77218,24.56313,309040.2974420808
2021-08-11T00:00:00Z,LINKUSD,24.48796,27.30234,24.48646,25.93202,432405.78664892993
2021-08-12T00:00:00Z,LINKUSD,25.86236,26.88448,24.13461,24.93375,326800.72469549015
2021-08-13T00:00:00Z,LINKUSD,24.94577,27.7722,24.73541,27.7722,362748.1109684104
2021-08-14T00:00:00Z,LINKUSD,27.77081,27.95416,26.41335,27.17014,287641.36114641075
2021-08-15T00:00:00Z,LINKUSD,27.1627,27.98,25.94686,27.89999,240222.1933142204
2021-08-16T00:00:00Z,LINKUSD,27.90639,30.525,27.70178,27.96786,539106.64131801
2021-08-17T00:00:00Z,LINKUSD,27.95872,30.28295,25.9264,26.16274,606329.6651345814
2021-08-18T00:00:00Z,LINKUSD,26.14619,26.91111,24.88938,25.34161,504676.32688754116
2021-08-19T00:00:00Z,LINKUSD,25.40309,27.10421,24.51937,27.08,420842.05845336075
2021-08-20T00:00:00Z,LINKUSD,27.08197,29.0099,26.68471,28.71736,382484.832559911
2021-08-21T00:00:00Z,LINKUSD,28.69292,29.14493,27.68057,27.88817,213674.36671883028
2021-08-22T00:00:00Z,LINKUSD,27.86142,28.66465,26.82356,28.02976,224283.98306823988
2021-08-23T00:00:00Z,LINKUSD,28.00005,29.31565,27.81981,28.548,257034.49683738983
2021-08-24T00:00:00Z,LINKUSD,28.56421,28.946,25.73362,25.73362,398674.95334534015
2021-08-25T00:00:00Z,LINKUSD,25.73204,26.85836,25.30598,26.6032,279435.9467737999
2021-08-26T00:00:00Z,LINKUSD,26.61744,26.951,23.9192,24.39563,330186.7814082208
2021-08-27T00:00:00Z,LINKUSD,24.3969,26.1295,24.0272,26.0599,205739.46746774038
2021-08-28T00:00:00Z,LINKUSD,26.05036,26.1801,25.38397,25.73826,127550.3964234002
2021-08-29T00:00:00Z,LINKUSD,25.76608,26.56178,25.15559,25.78005,149849.07613153025
2021-08-30T00:00:00Z,LINKUSD,25.80657,26.48906,24.34503,25.01056,352500.89123599016
2021-08-31T00:00:00Z,LINKUSD,25.01028,27.5,24.71457,26.73904,387125.8043775119
2021-09-01T00:00:00Z,LINKUSD,26.61535,29.8,26.12822,29.75123,531639.3181957508
2021-09-02T00:00:00Z,LINKUSD,29.73187,30.87,28.77577,29.96568,548199.3102955588
2021-09-03T00:00:00Z,LINKUSD,29.97035,31.7499,29.1,30.77983,406849.2607779729
2021-09-04T00:00:00Z,LINKUSD,30.77825,31.18506,29.44538,29.88885,205036.60527765003
2021-09-05T00:00:00Z,LINKUSD,29.88885,33.64429,29.57383,33.62668,503118.5625211402
2021-09-06T00:00:00Z,LINKUSD,33.57409,36.32175,32.55801,34.82018,478828.25423367065
2021-09-07T00:00:00Z,LINKUSD,34.82983,35.31947,23.33,28.24024,1232636.3906288699
2021-09-08T00:00:00Z,LINKUSD,28.23386,29.18913,25.19077,27.14759,962434.007556868
2021-09-09T00:00:00Z,LINKUSD,27.18696,30.15472,26.45186,27.97549,539654.0796533088
2021-09-10T00:00:00Z,LINKUSD,27.97548,29.55391,25.65123,26.37962,574604.0900115616
2021-09-11T00:00:00Z,LINKUSD,26.37962,27.6525,26.29564,26.98446,320444.65186134045
2021-09-12T00:00:00Z,LINKUSD,26.95116,29.74896,26.40215,29.4203,348297.4991512208
2021-09-13T00:00:00Z,LINKUSD,29.42981,29.90899,25.26,26.93409,662506.4054439596
2021-09-14T00:00:00Z,LINKUSD,26.95754,30.83583,26.747,30.83583,618741.670286619
2021-09-15T00:00:00Z,LINKUSD,30.82165,31.43507,29.60001,30.74999,474042.66659511934
2021-09-16T00:00:00Z,LINKUSD,30.74261,32.10699,29.07016,29.84959,341525.8148363705
2021-09-17T00:00:00Z,LINKUSD,29.81703,30.11788,27.4113,27.70277,291342.8384957115
2021-09-18T00:00:00Z,LINKUSD,27.72348,29.43885,27.42037,28.41733,360372.77857693116
2021-09-19T00:00:00Z,LINKUSD,28.30424,28.77606,26.95821,27.36476,194340.8767386298
2021-09-20T00:00:00Z,LINKUSD,27.3894,27.3894,23.01888,23.58228,690235.6536197106
2021-09-21T00:00:00Z,LINKUSD,23.54414,24.36149,20.85787,21.43629,701258.315856857
2021-09-22T00:00:00Z,LINKUSD,21.43813,24.50067,21.05522,24.45129,621411.7329986586
2021-09-23T00:00:00Z,LINKUSD,24.47047,25.48211,23.40052,25.45891,404487.43172260054
2021-09-24T00:00:00Z,LINKUSD,25.42656,25.485,21.38282,23.26037,568683.362806599
2021-09-25T00:00:00Z,LINKUSD,23.29019,24.69456,22.0797,24.52262,340563.30964917975
2021-09-26T00:00:00Z,LINKUSD,24.56711,25.35685,22.39179,24.58867,461807.0327195784
2021-09-27T00:00:00Z,LINKUSD,24.58909,25.45126,22.98977,23.03379,244603.06885232893
2021-09-28T00:00:00Z,LINKUSD,23.0139,23.74226,22.01583,22.05427,212020.1748230999
2021-09-29T00:00:00Z,LINKUSD,22.1164,23.90445,22.03836,22.87213,345608.2555280098
2021-09-30T00:00:00Z,LINKUSD,22.8195,24.36655,22.7483,23.98,363551.7426437889
2021-10-01T00:00:00Z,LINKUSD,23.9915,26.68005,23.6026,26.33445,390944.8927341788
2021-10-02T00:00:00Z,LINKUSD,26.3263,27.79616,25.87197,26.9817,304075.4898190296
2021-10-03T00:00:00Z,LINKUSD,26.90648,28.16,26.53501,27.54996,327947.9945143396
2021-10-04T00:00:00Z,LINKUSD,27.56976,27.66787,25.62637,26.57,349942.9363673295
2021-10-05T00:00:00Z,LINKUSD,26.61431,27.47692,26.22989,27.2157,326298.1478269903
2021-10-06T00:00:00Z,LINKUSD,27.2381,28.20677,25.23,26.81586,639095.0762041257
2021-10-07T00:00:00Z,LINKUSD,26.81586,27.69873,25.93918,26.8356,429662.92909129156
2021-10-08T00:00:00Z,LINKUSD,26.84757,27.45038,26.18263,26.37754,256873.94109990078
2021-10-09T00:00:00Z,LINKUSD,26.39527,27.85736,26.0709,27.42841,270391.0018287105
2021-10-10T00:00:00Z,LINKUSD,27.4434,27.46051,25.42456,25.6393,273194.60978719906
2021-10-11T00:00:00Z,LINKUSD,25.5498,26.74179,24.65658,25.19419,198154.96605772985
2021-10-12T00:00:00Z,LINKUSD,25.22439,25.23197,23.55,24.60324,337654.1617264598
2021-10-13T00:00:00Z,LINKUSD,24.58588,25.70999,24.17141,25.70999,284935.24461666023
2021-10-14T00:00:00Z,LINKUSD,25.68508,27.85306,25.41471,26.69785,474473.28566626215
2021-10-15T00:00:00Z,LINKUSD,26.70792,27.35566,26.04582,26.96007,286175.9507492902
2021-10-16T00:00:00Z,LINKUSD,26.98875,28.67546,26.91542,27.2118,332629.1374936011
2021-10-17T00:00:00Z,LINKUSD,27.2167,27.59957,25.6316,26.51841,182492.63658042968
2021-10-18T00:00:00Z,LINKUSD,26.51841,26.71059,25.287,25.6887,222755.75187512022
2021-10-19T00:00:00Z,LINKUSD,25.6981,26.26,25.38324,25.92995,142742.32459362998
2021-10-20T00:00:00Z,LINKUSD,25.91604,27.62767,25.89305,27.48,252430.16646935933
2021-10-21T00:00:00Z,LINKUSD,27.48,29.3,27.22328,28.27164,676321.5536016464
2021-10-22T00:00:00Z,LINKUSD,28.26315,30.04574,28.02129,28.67001,430237.5432698204
2021-10-23T00:00:00Z,LINKUSD,28.67,31.44165,28.24858,31.41665,400634.2775293198
2021-10-24T00:00:00Z,LINKUSD,31.36178,31.51023,28.77868,29.74439,328049.7216324404
2021-10-25T00:00:00Z,LINKUSD,29.76352,32.89312,29.56694,32.4041,522382.7173706719
2021-10-26T00:00:00Z,LINKUSD,32.40289,33.80114,31.33,32.47696,455180.9491213227
2021-10-27T00:00:00Z,LINKUSD,32.50128,33.89,27.94246,28.88378,851637.7432151912
2021-10-28T00:00:00Z,LINKUSD,28.91781,30.86297,28.66246,30.23386,466568.2997792599
2021-10-29T00:00:00Z,LINKUSD,30.23386,31.95,29.98092,30.95039,390726.2797935496
2021-10-30T00:00:00Z,LINKUSD,30.9578,31.09318,29.17503,29.78124,192065.62214099077
2021-10-31T00:00:00Z,LINKUSD,29.78172,30.66551,28.68899,30.0071,150094.57835842916
2021-11-01T00:00:00Z,LINKUSD,30.02957,31.88799,29.2,31.71419,517796.9171862209
2021-11-02T00:00:00Z,LINKUSD,31.7142,32.49741,31.05021,32.26192,291764.36397393025
2021-11-03T00:00:00Z,LINKUSD,32.28739,32.7839,30.606,31.97125,356549.2482908696
2021-11-04T00:00:00Z,LINKUSD,31.97318,32.10474,30.26,31.03235,199851.2521684395
2021-11-05T00:00:00Z,LINKUSD,31.01655,33.70761,30.67961,32.86497,409654.1979441418
2021-11-06T00:00:00Z,LINKUSD,32.88492,33.2152,30.73886,32.06108,335716.6121559616
2021-11-07T00:00:00Z,LINKUSD,32.05971,32.61,31.69265,32.33967,264253.87186513044
2021-11-08T00:00:00Z,LINKUSD,32.33967,34.8037,32.24207,34.4955,383599.8014254406
2021-11-09T00:00:00Z,LINKUSD,34.5,35.6,33.42622,33.80549,377450.6196014792
2021-11-10T00:00:00Z,LINKUSD,33.82358,38.3477,31.85,34.32914,1096700.4852170115
2021-11-11T00:00:00Z,LINKUSD,34.21835,36.93042,33.42759,34.74013,501383.4059256487
2021-11-12T00:00:00Z,LINKUSD,34.72727,35.47997,32.60455,34.24533,574253.6179381111
2021-11-13T00:00:00Z,LINKUSD,34.26773,34.55254,33.20814,34.08868,163771.1896003195
2021-11-14T00:00:00Z,LINKUSD,34.03222,34.41767,32.57,33.77293,129653.95522267988
2021-11-15T00:00:00Z,LINKUSD,33.77534,34.48772,31.97642,32.02366,280875.0373598903
2021-11-16T00:00:00Z,LINKUSD,32.04466,32.05359,28.08,29.17789,678422.3659863871
2021-11-17T00:00:00Z,LINKUSD,29.17178,29.73821,28.08,29.22822,244071.4012011106
2021-11-18T00:00:00Z,LINKUSD,29.21517,29.69547,25.873,26.55906,561925.1511307205
2021-11-19T00:00:00Z,LINKUSD,26.58767,28.88954,26.11,28.28654,237966.6271975199
2021-11-20T00:00:00Z,LINKUSD,28.29822,28.72674,27.31505,28.3923,236197.85791783
2021-11-21T00:00:00Z,LINKUSD,28.3923,29.26375,27.73147,29.09602,115277.34298589024
2021-11-22T00:00:00Z,LINKUSD,29.03569,29.08497,26.33324,26.7862,215199.52610839962
2021-11-23T00:00:00Z,LINKUSD,26.7414,27.58138,26.20241,26.94838,202100.42376682983
2021-11-24T00:00:00Z,LINKUSD,26.98841,27.14011,25.18674,25.62377,398158.88623712055
2021-11-25T00:00:00Z,LINKUSD,25.59176,27.59197,25.40515,26.38648,218158.43438777025
2021-11-26T00:00:00Z,LINKUSD,26.4125,26.56192,23.04003,23.95962,529807.8695963905
2021-11-27T00:00:00Z,LINKUSD,23.97105,24.98235,23.801,24.10345,175461.85100377022
2021-11-28T00:00:00Z,LINKUSD,24.06241,24.99161,22.71,24.8077,304009.85799546994
2021-11-29T00:00:00Z,LINKUSD,24.78602,25.57609,24.58707,25.02131,187917.31435259004
2021-11-30T00:00:00Z,LINKUSD,25.02907,26.52862,24.1686,25.33312,236584.14593415929
2021-12-01T00:00:00Z,LINKUSD,25.2943,26.92069,25.01051,25.35151,254442.49360792042
2021-12-02T00:00:00Z,LINKUSD,25.28575,25.2988,24.23593,24.55089,219907.75529960933
2021-12-03T00:00:00Z,LINKUSD,24.57271,26.05736,22.50002,23.3073,563723.8193239416
2021-12-04T00:00:00Z,LINKUSD,23.32208,23.34073,15.37855,20.70936,1359817.7021812696
2021-12-05T00:00:00Z,LINKUSD,20.68446,20.91903,18.52396,19.4945,541876.1586038403
2021-12-06T00:00:00Z,LINKUSD,19.5117,19.94044,17.2453,19.86249,655212.6484468804
2021-12-07T00:00:00Z,LINKUSD,19.82557,21.16909,19.73338,21.08967,505852.43035478995
2021-12-08T00:00:00Z,LINKUSD,21.09377,23.43231,20.79765,22.90861,675067.413485579
2021-12-09T00:00:00Z,LINKUSD,22.90861,23.04201,20.2857,20.29056,575105.6972463285
2021-12-10T00:00:00Z,LINKUSD,20.28604,20.86404,18.5,18.55151,683764.8026311086
2021-12-11T00:00:00Z,LINKUSD,18.56861,20.19109,18.19022,19.94602,303930.36630424915
2021-12-12T00:00:00Z,LINKUSD,19.95383,20.79489,19.2506,20.43732,169343.4445648696
2021-12-13T00:00:00Z,LINKUSD,20.42976,20.5554,17.32091,17.78683,542171.1014817081
2021-12-14T00:00:00Z,LINKUSD,17.75381,18.59344,17.45497,18.45849,496498.3301862892
2021-12-15T00:00:00Z,LINKUSD,18.45556,19.97706,17.30788,19.69732,461921.3570183003
2021-12-16T00:00:00Z,LINKUSD,19.74021,20.32574,18.6906,18.75094,325892.23682951
2021-12-17T00:00:00Z,LINKUSD,18.80313,19.22744,17.77239,18.28318,372855.5480900983
2021-12-18T00:00:00Z,LINKUSD,18.26792,19.98568,17.8413,19.53953,760956.8861401407
2021-12-19T00:00:00Z,LINKUSD,19.53434,20.36465,18.83019,18.8518,319267.981783509
2021-12-20T00:00:00Z,LINKUSD,18.86961,19.1784,18.06424,18.77523,273070.0867813798
2021-12-21T00:00:00Z,LINKUSD,18.77523,19.65,18.36894,19.4466,127460.35111707007
2021-12-22T00:00:00Z,LINKUSD,19.44663,20.8315,19.24844,19.90989,289572.0331013192
2021-12-23T00:00:00Z,LINKUSD,19.93469,22.21127,19.5889,22.16254,455247.1496063201
2021-12-24T00:00:00Z,LINKUSD,22.175,22.65401,21.23529,21.4695,391883.628882101
2021-12-25T00:00:00Z,LINKUSD,21.45432,22.38002,21.3181,22.14042,133677.21650651013
2021-12-26T00:00:00Z,LINKUSD,22.11482,23.57692,21.15436,23.0,358075.28147902014
2021-12-27T00:00:00Z,LINKUSD,23.00001,24.4794,22.8,22.9986,247410.9930644702
2021-12-28T00:00:00Z,LINKUSD,23.01088,23.01088,20.32915,20.33334,540349.0273691536
2021-12-29T00:00:00Z,LINKUSD,20.36957,20.95402,19.52081,19.7242,426210.9638394612
2021-12-30T00:00:00Z,LINKUSD,19.72494,20.40585,19.16834,19.9499,277255.22197094
2021-12-31T00:00:00Z,LINKUSD,19.91216,20.61721,19.0302,19.52428,363856.35008311016
2022-01-01T00:00:00Z,LINKUSD,19.51405,20.79137,19.50234,20.76516,184669.24299076
2022-01-02T00:00:00Z,LINKUSD,20.76449,22.19481,20.59563,21.87162,399262.1469163086
2022-01-03T00:00:00Z,LINKUSD,21.83971,23.74473,21.27715,23.71425,761730.5065729778
2022-01-04T00:00:00Z,LINKUSD,23.74284,24.46662,22.78924,23.43848,736708.7338267372
2022-01-05T00:00:00Z,LINKUSD,23.45116,27.44651,22.35242,25.22049,1878589.4560639183
2022-01-06T00:00:00Z,LINKUSD,25.19521,25.9646,23.34876,25.44496,1124092.4294154346
2022-01-07T00:00:00Z,LINKUSD,25.40527,27.30755,22.67581,25.91639,2132116.8709453465
2022-01-08T00:00:00Z,LINKUSD,25.95712,27.33538,23.57806,25.35365,711317.1153592581
2022-01-09T00:00:00Z,LINKUSD,25.31678,28.65405,25.10062,27.52405,1215794.8477983025
2022-01-10T00:00:00Z,LINKUSD,27.52405,28.5,25.07,28.02855,1315387.018694622
2022-01-11T00:00:00Z,LINKUSD,28.00039,28.68233,25.87144,26.60205,887906.9128991902
2022-01-12T00:00:00Z,LINKUSD,26.6005,27.257,25.63801,26.75901,479104.9581652988
2022-01-13T00:00:00Z,LINKUSD,26.77833,26.77833,24.46465,24.87229,571075.4733387895
2022-01-14T00:00:00Z,LINKUSD,24.86733,25.86649,23.94233,25.74394,339024.3824635408
2022-01-15T00:00:00Z,LINKUSD,25.74022,26.19474,25.12677,25.18538,198243.87142935986
2022-01-16T00:00:00Z,LINKUSD,25.18359,26.355,24.69401,25.49385,167597.28409188986
2022-01-17T00:00:00Z,LINKUSD,25.50257,25.6051,23.27204,23.86193,382953.5291041297
2022-01-18T00:00:00Z,LINKUSD,23.80668,24.31027,22.06389,23.0051,387259.97353301063
2022-01-19T00:00:00Z,LINKUSD,22.96989,23.1432,21.21989,21.56829,332448.95498052775
2022-01-20T00:00:00Z,LINKUSD,21.56989,22.9812,20.02069,20.19478,773836.7016060187
2022-01-21T00:00:00Z,LINKUSD,20.17378,20.49648,17.12,17.45065,973470.7576882897
2022-01-22T00:00:00Z,LINKUSD,17.41992,17.80608,14.28798,15.85787,1506689.0876755253
2022-01-23T00:00:00Z,LINKUSD,15.81926,16.8577,15.16505,16.64377,850509.7473361407
2022-01-24T00:00:00Z,LINKUSD,16.64551,16.64551,13.45,15.59489,1564503.3214337185
2022-01-25T00:00:00Z,LINKUSD,15.59155,16.02,14.59478,15.48624,752070.3673054291
2022-01-26T00:00:00Z,LINKUSD,15.51237,16.80371,14.66973,15.26,1070472.4910737409
2022-01-27T00:00:00Z,LINKUSD,15.24452,15.70156,14.31595,15.22363,605799.3591621418
2022-01-28T00:00:00Z,LINKUSD,15.21323,16.28083,14.77048,16.14958,518437.1818461338
2022-01-29T00:00:00Z,LINKUSD,16.15249,16.7451,15.97737,16.22304,277781.23796514
2022-01-30T00:00:00Z,LINKUSD,16.22304,18.1006,16.01987,17.81058,382779.6248315198
2022-01-31T00:00:00Z,LINKUSD,17.7965,17.87072,16.47852,17.16909,591790.3701844176
2022-02-01T00:00:00Z,LINKUSD,17.14552,17.87284,16.8325,16.99195,265230.54801381944
2022-02-02T00:00:00Z,LINKUSD,17.01072,17.36152,15.59398,15.85526,442946.65683946887
2022-02-03T00:00:00Z,LINKUSD,15.79738,16.35235,15.2764,16.29993,331863.1874745398
2022-02-04T00:00:00Z,LINKUSD,16.27993,17.52925,16.03994,17.52511,334320.0885281878
2022-02-05T00:00:00Z,LINKUSD,17.49804,18.32662,17.45097,17.80873,197038.1045496096
2022-02-06T00:00:00Z,LINKUSD,17.79058,18.16556,17.19709,18.08075,121026.55074065992
2022-02-07T00:00:00Z,LINKUSD,18.08166,19.4243,17.66812,18.87246,337018.0908423088
2022-02-08T00:00:00Z,LINKUSD,18.89201,19.55055,17.77037,18.38836,280932.06395227934
2022-02-09T00:00:00Z,LINKUSD,18.43146,18.75645,17.77091,18.67783,195165.9742993701
2022-02-10T00:00:00Z,LINKUSD,18.6291,18.74895,17.38668,17.51362,225388.12084164994
2022-02-11T00:00:00Z,LINKUSD,17.46015,17.82148,15.94298,16.20631,287930.46929562016
2022-02-12T00:00:00Z,LINKUSD,16.18633,16.37457,15.57127,15.93825,259727.6210173992
2022-02-13T00:00:00Z,LINKUSD,15.95344,16.32747,15.55527,15.61,73104.5375860899
2022-02-14T00:00:00Z,LINKUSD,15.60928,16.12464,15.21035,15.9322,151315.4849652
2022-02-15T00:00:00Z,LINKUSD,15.90993,17.44987,15.83778,17.35191,349035.87738191953
2022-02-16T00:00:00Z,LINKUSD,17.3604,17.43787,16.53969,17.14156,234686.53228156004
2022-02-17T00:00:00Z,LINKUSD,17.18977,17.44101,15.48197,15.53363,258709.29330663098
2022-02-18T00:00:00Z,LINKUSD,15.59734,16.04463,15.04618,15.19001,266905.4676009216
2022-02-19T00:00:00Z,LINKUSD,15.19,15.66983,14.86,15.54443,200500.79669453012
2022-02-20T00:00:00Z,LINKUSD,15.50996,15.50996,14.42456,14.59996,270077.93075654056
2022-02-21T00:00:00Z,LINKUSD,14.60578,15.30868,13.39035,13.47014,538766.3167324099
2022-02-22T00:00:00Z,LINKUSD,13.53568,14.18451,13.05001,13.9897,314900.97028129833
2022-02-23T00:00:00Z,LINKUSD,14.0036,14.65415,13.31913,13.33189,202427.07866450935
2022-02-24T00:00:00Z,LINKUSD,13.33121,13.94048,11.41554,13.27733,1016765.6482140174
2022-02-25T00:00:00Z,LINKUSD,13.29261,14.5,13.09959,14.36181,279828.84331376984
2022-02-26T00:00:00Z,LINKUSD,14.37328,15.0272,14.11373,14.70525,179323.14926135982
2022-02-27T00:00:00Z,LINKUSD,14.73137,14.84091,13.48001,13.66283,154032.40303448983
2022-02-28T00:00:00Z,LINKUSD,13.63135,15.15128,13.33734,15.15122,358814.1874756292
2022-03-01T00:00:00Z,LINKUSD,15.1389,15.73744,14.73251,15.39197,539780.1259628395
2022-03-02T00:00:00Z,LINKUSD,15.34,15.86124,14.9445,15.2889,245977.4215680719
2022-03-03T00:00:00Z,LINKUSD,15.28814,15.37301,14.4736,14.87775,348277.54525761976
2022-03-04T00:00:00Z,LINKUSD,14.88765,14.90072,13.56109,13.69691,496168.4413919188
2022-03-05T00:00:00Z,LINKUSD,13.65858,14.26584,13.42827,14.0015,226963.06816050044
2022-03-06T00:00:00Z,LINKUSD,14.00012,14.10306,13.25394,13.32925,164964.85265159
2022-03-07T00:00:00Z,LINKUSD,13.28327,13.66,12.43044,12.67106,283137.6136307209
2022-03-08T00:00:00Z,LINKUSD,12.68438,13.54963,12.28096,13.0884,259211.1767804895
2022-03-09T00:00:00Z,LINKUSD,13.09,14.44922,13.08213,14.02605,214028.30207812026
2022-03-10T00:00:00Z,LINKUSD,14.0084,14.09672,12.99427,13.17705,124224.7171969801
2022-03-11T00:00:00Z,LINKUSD,13.17153,13.64143,12.82073,13.05142,87823.05270893007
2022-03-12T00:00:00Z,LINKUSD,13.05418,13.44642,13.04634,13.14161,92289.10267750999
2022-03-13T00:00:00Z,LINKUSD,13.13635,13.41116,12.60223,12.74419,103592.67530544034
2022-03-14T00:00:00Z,LINKUSD,12.69848,13.42487,12.61411,13.42487,188644.29845673926
2022-03-15T00:00:00Z,LINKUSD,13.42082,13.79265,12.8958,13.70046,191844.72435094975
2022-03-16T00:00:00Z,LINKUSD,13.71335,14.76864,13.68431,14.71921,213538.53903224
2022-03-17T00:00:00Z,LINKUSD,14.70343,14.91359,14.25079,14.40509,141480.5116717699
2022-03-18T00:00:00Z,LINKUSD,14.41967,15.27091,14.1276,15.0475,168858.5489944103
2022-03-19T00:00:00Z,LINKUSD,15.04112,15.39604,14.85724,14.99755,79748.51776141001
2022-03-20T00:00:00Z,LINKUSD,14.98939,15.12001,14.45243,14.55202,128404.87752538975
2022-03-21T00:00:00Z,LINKUSD,14.53752,15.27023,14.32417,15.01851,353633.2664807604
2022-03-22T00:00:00Z,LINKUSD,15.0141,15.85055,15.00154,15.46262,105419.54600250981
2022-03-23T00:00:00Z,LINKUSD,15.42793,15.94764,15.15142,15.83679,80897.01382155994
2022-03-24T00:00:00Z,LINKUSD,15.8368,16.42369,15.61683,16.17306,129996.14172005992
2022-03-25T00:00:00Z,LINKUSD,16.16522,16.45615,15.48414,15.5877,284226.6452385704
2022-03-26T00:00:00Z,LINKUSD,15.58979,15.94095,15.51304,15.8583,32554.85960052995
2022-03-27T00:00:00Z,LINKUSD,15.8499,16.89925,15.65458,16.85835,114395.00676111972
2022-03-28T00:00:00Z,LINKUSD,16.8607,17.37551,16.38075,16.46646,213388.22287683966
2022-03-29T00:00:00Z,LINKUSD,16.51145,17.51276,16.4998,16.98911,109107.52462004006
2022-03-30T00:00:00Z,LINKUSD,16.98911,17.5655,16.54365,17.17603,205107.9340991798
2022-03-31T00:00:00Z,LINKUSD,17.21495,18.04,16.661,16.91977,239737.7135775805
2022-04-01T00:00:00Z,LINKUSD,16.92636,17.36057,16.19075,17.35154,204760.30633970944
2022-04-02T00:00:00Z,LINKUSD,17.35175,17.85584,17.12308,17.41534,203390.3987253198
2022-04-03T00:00:00Z,LINKUSD,17.40772,18.30757,17.1718,18.09101,191282.66007507988
2022-04-04T00:00:00Z,LINKUSD,18.06229,18.06229,16.83916,17.49915,279253.93696166103
2022-04-05T00:00:00Z,LINKUSD,17.50368,17.64294,16.66131,16.74518,142572.14008330973
2022-04-06T00:00:00Z,LINKUSD,16.7331,16.75651,15.30057,15.40933,250682.66834257075
2022-04-07T00:00:00Z,LINKUSD,15.41013,15.87412,15.12009,15.76737,142333.86245725004
2022-04-08T00:00:00Z,LINKUSD,15.75284,15.89051,15.04638,15.13765,128263.41613472012
2022-04-09T00:00:00Z,LINKUSD,15.12232,15.46067,15.12232,15.43313,47864.780916070005
2022-04-10T00:00:00Z,LINKUSD,15.38929,15.91599,15.19334,15.21799,90845.06569204989
2022-04-11T00:00:00Z,LINKUSD,15.22173,15.26557,13.53432,13.74681,199475.03159332997
2022-04-12T00:00:00Z,LINKUSD,13.7654,14.31016,13.64968,13.97175,146842.39241980953
2022-04-13T00:00:00Z,LINKUSD,13.98591,14.20178,13.69349,14.18951,146079.90363425983
2022-04-14T00:00:00Z,LINKUSD,14.16297,14.32257,13.3228,13.62814,245886.96708109992
2022-04-15T00:00:00Z,LINKUSD,13.64758,14.17837,13.62995,14.12238,113921.39431848015
2022-04-16T00:00:00Z,LINKUSD,14.11937,14.25,13.84945,14.14177,85505.54704079007
2022-04-17T00:00:00Z,LINKUSD,14.14857,14.60997,13.6559,13.73615,110310.13230445025
2022-04-18T00:00:00Z,LINKUSD,13.72032,14.05943,13.15248,14.05136,267690.6839652401
2022-04-19T00:00:00Z,LINKUSD,14.05859,14.40489,13.84175,14.2388,149264.2756173601
2022-04-20T00:00:00Z,LINKUSD,14.23881,14.48166,13.7225,14.02063,144305.8328462501
2022-04-21T00:00:00Z,LINKUSD,14.03116,14.36252,13.35507,13.57537,218574.28210436
2022-04-22T00:00:00Z,LINKUSD,13.56735,13.86915,13.48353,13.57369,86665.5787204699
2022-04-23T00:00:00Z,LINKUSD,13.57735,13.67054,13.23337,13.3293,75749.61959675023
2022-04-24T00:00:00Z,LINKUSD,13.32664,13.62397,13.22546,13.26314,75237.58984624992
2022-04-25T00:00:00Z,LINKUSD,13.27877,13.50432,12.54587,13.44784,259210.43262733973
2022-04-26T00:00:00Z,LINKUSD,13.45063,13.50349,12.10878,12.36942,247705.82533745037
2022-04-27T00:00:00Z,LINKUSD,12.36886,12.78507,12.3253,12.75373,78235.61104519003
2022-04-28T00:00:00Z,LINKUSD,12.73325,12.98327,12.39797,12.65776,121981.15823078998
2022-04-29T00:00:00Z,LINKUSD,12.66549,12.72582,11.82,11.95241,212085.04160398978
2022-04-30T00:00:00Z,LINKUSD,11.96687,12.23373,10.6767,10.97687,163935.0447994497
2022-05-01T00:00:00Z,LINKUSD,10.96833,11.47674,10.82662,11.32049,158090.61079339002
2022-05-02T00:00:00Z,LINKUSD,11.30412,11.44082,10.78644,11.15872,151968.90294062987
2022-05-03T00:00:00Z,LINKUSD,11.16267,11.48926,10.811,11.11825,120265.32074121998
2022-05-04T00:00:00Z,LINKUSD,11.10519,12.19705,11.10519,12.18831,210799.03974803968
2022-05-05T00:00:00Z,LINKUSD,12.19972,12.27182,10.6526,10.90812,249817.28848336983
2022-05-06T00:00:00Z,LINKUSD,10.90812,11.03,10.40529,10.78988,172289.10825406
2022-05-07T00:00:00Z,LINKUSD,10.79,10.82541,10.00501,10.1977,53539.5671762
2022-05-08T00:00:00Z,LINKUSD,10.2232,10.36,9.85455,9.98306,329116.27995831956
2022-05-09T00:00:00Z,LINKUSD,10.00741,10.14725,8.02333,8.09881,707048.7052313598
2022-05-10T00:00:00Z,LINKUSD,8.09634,9.3183,7.89933,8.5814,526000.2757966706
2022-05-11T00:00:00Z,LINKUSD,8.58232,8.83282,6.55,6.89035,1357722.0480709253
2022-05-12T00:00:00Z,LINKUSD,6.91605,7.3884,5.28928,6.55198,1597519.9548703413
2022-05-13T00:00:00Z,LINKUSD,6.54648,7.6843,6.47268,7.13195,652757.0311638821
2022-05-14T00:00:00Z,LINKUSD,7.13658,7.41937,6.63152,7.30272,276910.6529248597
2022-05-15T00:00:00Z,LINKUSD,7.24927,7.97122,7.0129,7.9555,196877.3225646897
2022-05-16T00:00:00Z,LINKUSD,7.91755,7.91755,7.12039,7.41162,352060.08421851014
2022-05-17T00:00:00Z,LINKUSD,7.42215,7.95024,7.29202,7.72171,407233.26546438015
2022-05-18T00:00:00Z,LINKUSD,7.7381,7.7949,6.78226,6.79345,162800.3890054503
2022-05-19T00:00:00Z,LINKUSD,6.79345,7.27237,6.64477,7.21009,287135.2107512302
2022-05-20T00:00:00Z,LINKUSD,7.19561,7.33964,6.7604,6.86673,324188.46904578997
2022-05-21T00:00:00Z,LINKUSD,6.83925,7.10226,6.76983,7.04374,62120.98727191997
2022-05-22T00:00:00Z,LINKUSD,7.04374,7.39037,6.88721,7.32215,220123.4505459996
2022-05-23T00:00:00Z,LINKUSD,7.29954,7.66324,6.9832,7.00659,124512.96852185001
2022-05-24T00:00:00Z,LINKUSD,7.00658,7.29,6.72215,7.23778,194044.76361158973
2022-05-25T00:00:00Z,LINKUSD,7.24753,7.39011,6.94542,6.94542,215674.54069252033
2022-05-26T00:00:00Z,LINKUSD,6.94841,7.07231,6.22103,6.55404,519463.8775891201
2022-05-27T00:00:00Z,LINKUSD,6.56355,6.69201,6.21002,6.26524,537277.9653241005
2022-05-28T00:00:00Z,LINKUSD,6.27484,6.63677,6.20158,6.57054,137698.82900197996
2022-05-29T00:00:00Z,LINKUSD,6.56789,6.7338,6.33787,6.70103,177594.92287163946
2022-05-30T00:00:00Z,LINKUSD,6.71085,7.5062,6.65356,7.45442,239849.83971696958
2022-05-31T00:00:00Z,LINKUSD,7.4463,7.72409,7.18074,7.58301,191456.23679075023
2022-06-01T00:00:00Z,LINKUSD,7.58099,7.75578,6.75,6.90795,253039.58373989008
2022-06-02T00:00:00Z,LINKUSD,6.9,7.22531,6.81307,7.19829,89393.12780519003
2022-06-03T00:00:00Z,LINKUSD,7.19749,7.21056,6.68526,6.84517,114495.63987235006
2022-06-04T00:00:00Z,LINKUSD,6.84743,7.43156,6.6799,7.39657,136901.44964020982
2022-06-05T00:00:00Z,LINKUSD,7.39972,7.87652,7.25032,7.64927,161674.81906924944
2022-06-06T00:00:00Z,LINKUSD,7.64606,8.1726,7.63527,7.97366,200713.79116729004
2022-06-07T00:00:00Z,LINKUSD,7.95,8.978,7.30464,8.71471,559572.5067537397
2022-06-08T00:00:00Z,LINKUSD,8.71506,9.01751,8.23493,8.69542,370246.00902460923
2022-06-09T00:00:00Z,LINKUSD,8.7013,9.61453,8.48717,9.25198,447448.3535262393
2022-06-10T00:00:00Z,LINKUSD,9.26266,9.51944,7.99372,8.01906,431804.45571560843
2022-06-11T00:00:00Z,LINKUSD,8.02667,8.39812,6.9333,7.02744,424686.5299774389
2022-06-12T00:00:00Z,LINKUSD,7.03169,7.13635,6.25,6.25,436783.87411982904
2022-06-13T00:00:00Z,LINKUSD,6.27192,6.32839,5.29002,5.92137,1062490.9413281423
2022-06-14T00:00:00Z,LINKUSD,5.90668,6.84725,5.38473,6.71454,969545.2946445643
2022-06-15T00:00:00Z,LINKUSD,6.71422,7.35213,5.82155,7.31267,1060328.2195441378
2022-06-16T00:00:00Z,LINKUSD,7.31719,7.48779,6.2,6.34612,512668.1777420507
2022-06-17T00:00:00Z,LINKUSD,6.31764,6.716,6.25896,6.35081,364771.2897742899
2022-06-18T00:00:00Z,LINKUSD,6.3508,6.45553,5.40161,5.92502,601775.2957300979
2022-06-19T00:00:00Z,LINKUSD,5.92412,6.808,5.82454,6.59862,470647.49024844007
2022-06-20T00:00:00Z,LINKUSD,6.59958,7.27781,6.31034,6.9706,492634.08617796964
2022-06-21T00:00:00Z,LINKUSD,6.97,7.54932,6.75268,6.83551,300986.6956817808
2022-06-22T00:00:00Z,LINKUSD,6.8473,7.01583,6.462,6.60861,337911.4367314696
2022-06-23T00:00:00Z,LINKUSD,6.62107,7.07329,6.60505,6.98458,201003.93608515954
2022-06-24T00:00:00Z,LINKUSD,6.9848,7.42405,6.95069,7.25317,376243.26684836834
2022-06-25T00:00:00Z,LINKUSD,7.25397,7.3644,6.80421,7.2584,239362.18121072926
2022-06-26T00:00:00Z,LINKUSD,7.25856,7.48131,6.69189,6.69857,298020.6558530297
2022-06-27T00:00:00Z,LINKUSD,6.6948,6.98648,6.4,6.53453,559390.7143666907
2022-06-28T00:00:00Z,LINKUSD,6.55214,7.23563,6.27008,6.31252,426688.3796070705
2022-06-29T00:00:00Z,LINKUSD,6.30563,6.47229,6.12423,6.21744,263634.44596761034
2022-06-30T00:00:00Z,LINKUSD,6.21616,6.29963,5.8815,6.27146,400360.72085615067
2022-07-01T00:00:00Z,LINKUSD,6.25416,6.415,5.93912,6.0604,283608.72365158994
2022-07-02T00:00:00Z,LINKUSD,6.06698,6.27,5.98156,6.22177,132908.4344207002
2022-07-03T00:00:00Z,LINKUSD,6.21171,6.22997,6.01202,6.20734,103581.73094036998
2022-07-04T00:00:00Z,LINKUSD,6.20957,6.45256,6.01617,6.42618,235278.9450370903
2022-07-05T00:00:00Z,LINKUSD,6.42618,6.53991,6.05183,6.31367,254297.53663244034
2022-07-06T00:00:00Z,LINKUSD,6.33783,6.39372,6.16691,6.32587,74309.27280336994
2022-07-07T00:00:00Z,LINKUSD,6.32315,6.7473,6.30401,6.63755,210840.62949211008
2022-07-08T00:00:00Z,LINKUSD,6.63903,6.84143,6.32934,6.34988,197230.0630178599
2022-07-09T00:00:00Z,LINKUSD,6.36683,6.58211,6.34854,6.48625,148083.97067384986
2022-07-10T00:00:00Z,LINKUSD,6.47914,6.47914,6.103,6.19504,182256.25468198035
2022-07-11T00:00:00Z,LINKUSD,6.18698,6.41481,5.98265,6.03427,227303.0184417904
2022-07-12T00:00:00Z,LINKUSD,6.03724,6.2263,5.92255,5.94459,131832.51384298992
2022-07-13T00:00:00Z,LINKUSD,5.94257,6.18232,5.69499,6.17205,229448.8555519704
2022-07-14T00:00:00Z,LINKUSD,6.17207,6.37696,5.99129,6.26471,235496.76457534
2022-07-15T00:00:00Z,LINKUSD,6.27985,6.44856,6.12804,6.3155,127352.02087523004
2022-07-16T00:00:00Z,LINKUSD,6.3197,6.60952,6.13962,6.58944,83842.42359012997
2022-07-17T00:00:00Z,LINKUSD,6.59048,6.70854,6.32242,6.34586,181485.74038643998
2022-07-18T00:00:00Z,LINKUSD,6.34847,7.14336,6.32969,7.04264,290534.28258999944
2022-07-19T00:00:00Z,LINKUSD,7.04299,7.3617,6.73,7.25675,299863.9571600705
2022-07-20T00:00:00Z,LINKUSD,7.2554,7.57381,6.83092,6.86403,258882.95423828
2022-07-21T00:00:00Z,LINKUSD,6.86158,7.04987,6.6376,6.99825,152511.9002715099
2022-07-22T00:00:00Z,LINKUSD,6.97627,7.28578,6.75668,6.78202,173522.99894929002
2022-07-23T00:00:00Z,LINKUSD,6.78265,7.02478,6.60812,6.85998,93171.58247872995
2022-07-24T00:00:00Z,LINKUSD,6.86957,7.23859,6.84936,7.09464,116723.98117164965
2022-07-25T00:00:00Z,LINKUSD,7.11159,7.13692,6.41402,6.42528,118157.30606503997
2022-07-26T00:00:00Z,LINKUSD,6.41418,6.44355,6.08593,6.35313,114935.31914601971
2022-07-27T00:00:00Z,LINKUSD,6.34638,6.87351,6.19331,6.87351,213637.31063609017
2022-07-28T00:00:00Z,LINKUSD,6.87523,7.29,6.6803,7.22991,175966.53459758902
2022-07-29T00:00:00Z,LINKUSD,7.23075,8.11703,7.11471,7.8747,372399.2636067099
2022-07-30T00:00:00Z,LINKUSD,7.89001,8.20599,7.6842,7.81451,182590.3598910897
2022-07-31T00:00:00Z,LINKUSD,7.76711,8.08452,7.58502,7.6672,140274.21919160994
2022-08-01T00:00:00Z,LINKUSD,7.63701,7.87629,7.42054,7.58704,198541.03973121993
2022-08-02T00:00:00Z,LINKUSD,7.55984,7.66252,7.03154,7.18036,175638.6489938697
2022-08-03T00:00:00Z,LINKUSD,7.18037,7.63704,7.06218,7.27467,177577.99359549006
2022-08-04T00:00:00Z,LINKUSD,7.28023,7.52982,7.18,7.36599,113886.71825182997
2022-08-05T00:00:00Z,LINKUSD,7.36531,7.88921,7.36006,7.87473,110948.20889437996
2022-08-06T00:00:00Z,LINKUSD,7.88342,8.10714,7.73761,7.79563,79973.00869285002
2022-08-07T00:00:00Z,LINKUSD,7.77921,8.37,7.66442,8.34499,167998.87951430999
2022-08-08T00:00:00Z,LINKUSD,8.32033,8.78034,8.23493,8.6141,246416.93948211015
2022-08-09T00:00:00Z,LINKUSD,8.60402,8.95,8.27826,8.7628,349887.71547836997
2022-08-10T00:00:00Z,LINKUSD,8.74706,9.3,8.31172,9.05979,445673.6525729687
2022-08-11T00:00:00Z,LINKUSD,9.06471,9.2218,8.8377,8.96381,473724.69343740057
2022-08-12T00:00:00Z,LINKUSD,8.9717,9.50628,8.81108,9.33153,330888.1934539591
2022-08-13T00:00:00Z,LINKUSD,9.32536,9.47926,9.07035,9.14609,244030.40228254016
2022-08-14T00:00:00Z,LINKUSD,9.14074,9.36906,8.67046,8.77182,254726.64758913027
2022-08-15T00:00:00Z,LINKUSD,8.76133,9.05607,8.50703,8.64824,308330.9337258299
2022-08-16T00:00:00Z,LINKUSD,8.64824,8.81695,8.38054,8.47761,164543.75366438026
2022-08-17T00:00:00Z,LINKUSD,8.44724,8.7438,8.0,8.05352,261249.9748916
2022-08-18T00:00:00Z,LINKUSD,8.05352,8.24088,7.61941,7.6387,208521.1155204202
2022-08-19T00:00:00Z,LINKUSD,7.63924,7.68955,6.82002,6.9127,413139.6636270401
2022-08-20T00:00:00Z,LINKUSD,6.90601,7.201,6.6753,6.9043,180115.1569575801
2022-08-21T00:00:00Z,LINKUSD,6.88329,7.17244,6.88068,7.08113,146338.03761797014
2022-08-22T00:00:00Z,LINKUSD,7.08333,7.08333,6.68671,7.04672,149786.1918366999
2022-08-23T00:00:00Z,LINKUSD,7.04719,7.34386,6.77857,7.236,106243.80936678952
2022-08-24T00:00:00Z,LINKUSD,7.24501,7.37202,7.0248,7.12061,135091.68571632993
2022-08-25T00:00:00Z,LINKUSD,7.12371,7.36,7.00717,7.13508,264587.7330486088
2022-08-26T00:00:00Z,LINKUSD,7.1206,7.18447,6.41172,6.49899,367205.2858596509
2022-08-27T00:00:00Z,LINKUSD,6.5031,6.60819,6.42,6.52869,121893.21033251924
2022-08-28T00:00:00Z,LINKUSD,6.50813,6.62341,6.22094,6.23579,127251.0919084499
2022-08-29T00:00:00Z,LINKUSD,6.25498,6.72523,6.2,6.70414,136484.59908220998
2022-08-30T00:00:00Z,LINKUSD,6.6984,6.81364,6.37391,6.54926,210251.682745721
2022-08-31T00:00:00Z,LINKUSD,6.57023,6.88599,6.55772,6.62874,73854.53608775917
2022-09-01T00:00:00Z,LINKUSD,6.62862,6.95312,6.4423,6.91747,137347.6348799094
2022-09-02T00:00:00Z,LINKUSD,6.91747,7.22894,6.78968,6.90894,122791.45181991997
2022-09-03T00:00:00Z,LINKUSD,6.92958,6.95943,6.7267,6.85218,15120.551210470076
2022-09-04T00:00:00Z,LINKUSD,6.85218,7.26498,6.79017,7.14647,64910.178149889914
2022-09-05T00:00:00Z,LINKUSD,7.16231,7.41524,7.10195,7.37097,121872.03266379888
2022-09-06T00:00:00Z,LINKUSD,7.38787,7.55761,6.57766,6.65253,384865.790408862
2022-09-07T00:00:00Z,LINKUSD,6.65247,7.14205,6.58436,7.07998,207862.57407053103
2022-09-08T00:00:00Z,LINKUSD,7.07998,7.4984,7.00933,7.40149,104432.64499150962
2022-09-09T00:00:00Z,LINKUSD,7.40926,8.095,7.40199,7.75585,213284.03691211122
2022-09-10T00:00:00Z,LINKUSD,7.75948,8.02472,7.63247,7.90806,90041.27061678981
2022-09-11T00:00:00Z,LINKUSD,7.92402,8.16522,7.74214,8.02548,72082.28546624978
2022-09-12T00:00:00Z,LINKUSD,8.0287,8.3,7.60863,7.75402,90561.60678924908
2022-09-13T00:00:00Z,LINKUSD,7.75134,7.95405,7.03154,7.03154,214368.86408583025
2022-09-14T00:00:00Z,LINKUSD,7.0271,7.53641,6.98949,7.45184,326781.43834839965
2022-09-15T00:00:00Z,LINKUSD,7.44399,7.6011,7.01744,7.5666,124971.60104176933
2022-09-16T00:00:00Z,LINKUSD,7.54271,7.79132,7.4281,7.64598,120506.27640284921
2022-09-17T00:00:00Z,LINKUSD,7.65822,8.13937,7.65214,8.10709,206244.96050660042
2022-09-18T00:00:00Z,LINKUSD,8.10071,8.14402,7.4094,7.52053,194969.23420326004
2022-09-19T00:00:00Z,LINKUSD,7.5226,7.67102,7.00869,7.29696,237774.25053166022
2022-09-20T00:00:00Z,LINKUSD,7.2972,7.32951,6.82226,6.88748,241458.49089545087
2022-09-21T00:00:00Z,LINKUSD,6.88206,7.31176,6.52041,6.68418,557195.8313563013
2022-09-22T00:00:00Z,LINKUSD,6.69192,7.16484,6.63742,7.13461,222190.57463721084
2022-09-23T00:00:00Z,LINKUSD,7.12289,7.48538,6.95816,7.45256,247839.84820689127
2022-09-24T00:00:00Z,LINKUSD,7.45201,7.86168,7.36922,7.63007,203608.1744444007
2022-09-25T00:00:00Z,LINKUSD,7.63604,8.06996,7.56503,7.87535,295008.62212410074
2022-09-26T00:00:00Z,LINKUSD,7.87762,7.94602,7.46239,7.94602,228303.8758735811
2022-09-27T00:00:00Z,LINKUSD,7.94637,8.40017,7.66332,8.05637,386489.603902713
2022-09-28T00:00:00Z,LINKUSD,8.05636,8.52947,7.7302,7.81054,475479.2977125822
2022-09-29T00:00:00Z,LINKUSD,7.78392,7.93529,7.584,7.89838,264258.4428994107
2022-09-30T00:00:00Z,LINKUSD,7.90257,7.91386,7.51783,7.58041,193765.99678909066
2022-10-01T00:00:00Z,LINKUSD,7.58024,7.64005,7.31725,7.39536,125798.56248399966
2022-10-02T00:00:00Z,LINKUSD,7.39155,7.53999,7.1,7.11142,137637.57304905966
2022-10-03T00:00:00Z,LINKUSD,7.10808,7.35379,7.02208,7.34174,155694.02651869023
2022-10-04T00:00:00Z,LINKUSD,7.33193,7.83538,7.33193,7.72285,292577.8945768296
2022-10-05T00:00:00Z,LINKUSD,7.72631,7.94352,7.58694,7.87425,308574.89011960116
2022-10-06T00:00:00Z,LINKUSD,7.87742,7.93508,7.60388,7.63835,228097.68963575037
2022-10-07T00:00:00Z,LINKUSD,7.63813,7.79361,7.47297,7.60485,200676.75290514098
2022-10-08T00:00:00Z,LINKUSD,7.60675,7.6534,7.33335,7.44796,152649.4230098999
2022-10-09T00:00:00Z,LINKUSD,7.44267,7.65,7.42334,7.62812,101261.46999586935
2022-10-10T00:00:00Z,LINKUSD,7.62325,7.72361,7.32302,7.3367,207909.19258871046
2022-10-11T00:00:00Z,LINKUSD,7.32959,7.37957,7.06149,7.12791,198781.1204953113
2022-10-12T00:00:00Z,LINKUSD,7.12791,7.26736,7.09603,7.14561,112161.27006126943
2022-10-13T00:00:00Z,LINKUSD,7.1361,7.15411,6.31718,7.03519,416136.54201676144
2022-10-14T00:00:00Z,LINKUSD,7.0309,7.24999,6.80658,6.89678,220834.31436761125
2022-10-15T00:00:00Z,LINKUSD,6.89678,6.98237,6.82226,6.88446,97532.9995299394
2022-10-16T00:00:00Z,LINKUSD,6.87379,7.23047,6.87379,7.1675,177643.3614808296
2022-10-17T00:00:00Z,LINKUSD,7.16945,7.37173,7.07032,7.32331,139573.17735537977
2022-10-18T00:00:00Z,LINKUSD,7.32559,7.36586,6.97215,7.12232,118133.30807124957
2022-10-19T00:00:00Z,LINKUSD,7.12549,7.13532,6.71336,6.77376,147326.00498727
2022-10-20T00:00:00Z,LINKUSD,6.77375,6.91635,6.60861,6.66461,108328.13631898971
2022-10-21T00:00:00Z,LINKUSD,6.65264,6.84049,6.45,6.81482,175247.45908020047
2022-10-22T00:00:00Z,LINKUSD,6.81483,6.92522,6.73213,6.87147,72630.59694368951
2022-10-23T00:00:00Z,LINKUSD,6.87563,7.07999,6.80658,7.06589,117373.98890317974
2022-10-24T00:00:00Z,LINKUSD,7.06999,7.0854,6.79757,6.91374,158972.20075119028
2022-10-25T00:00:00Z,LINKUSD,6.90826,7.2811,6.81852,7.08693,288954.47514323343
2022-10-26T00:00:00Z,LINKUSD,7.07137,7.28579,7.04742,7.16095,162444.62169283064
2022-10-27T00:00:00Z,LINKUSD,7.15977,7.35955,6.87,6.89287,119475.28532159925
2022-10-28T00:00:00Z,LINKUSD,6.89261,7.201,6.83291,7.11559,90901.63655546958
2022-10-29T00:00:00Z,LINKUSD,7.11313,7.65579,7.08484,7.63466,331330.1635661408
2022-10-30T00:00:00Z,LINKUSD,7.63888,7.93579,7.49645,7.78489,411961.4047046119
2022-10-31T00:00:00Z,LINKUSD,7.79299,8.32155,7.67094,7.87092,497202.23883472104
2022-11-01T00:00:00Z,LINKUSD,7.84422,7.91802,7.64,7.70021,151178.34651362992
2022-11-02T00:00:00Z,LINKUSD,7.68145,8.02683,7.3469,7.42296,495579.46618793206
2022-11-03T00:00:00Z,LINKUSD,7.41825,8.01439,7.38992,7.71811,245215.4389315913
2022-11-04T00:00:00Z,LINKUSD,7.71717,8.89903,7.66739,8.72103,496296.59720627154
2022-11-05T00:00:00Z,LINKUSD,8.74203,9.02159,8.56892,8.65474,261742.7882479611
2022-11-06T00:00:00Z,LINKUSD,8.66835,8.75953,8.10553,8.11572,206018.01206486058
2022-11-07T00:00:00Z,LINKUSD,8.10553,9.245,7.9,8.94278,613766.3417901997
2022-11-08T00:00:00Z,LINKUSD,8.94713,9.4641,6.61721,7.70375,1913512.056944244
2022-11-09T00:00:00Z,LINKUSD,7.70167,7.8885,5.77908,6.21083,1193830.8990448099
2022-11-10T00:00:00Z,LINKUSD,6.21082,7.48434,6.08495,7.19954,822618.6583293462
2022-11-11T00:00:00Z,LINKUSD,7.19371,7.31018,6.5118,7.01261,513291.52533482277
2022-11-12T00:00:00Z,LINKUSD,7.0201,7.03707,6.18201,6.27191,484453.0597043813
2022-11-13T00:00:00Z,LINKUSD,6.27087,6.52647,5.95,6.06281,335690.82112983166
2022-11-14T00:00:00Z,LINKUSD,6.05685,6.43195,5.68188,6.27756,369613.5374555225
2022-11-15T00:00:00Z,LINKUSD,6.2734,6.65464,6.20548,6.41181,281306.7205021606
2022-11-16T00:00:00Z,LINKUSD,6.41239,6.54658,6.07802,6.17684,217810.31603108082
2022-11-17T00:00:00Z,LINKUSD,6.18458,6.33,6.02537,6.21982,228376.65178108987
2022-11-18T00:00:00Z,LINKUSD,6.21857,6.4,6.067,6.18256,223867.72238362118
2022-11-19T00:00:00Z,LINKUSD,6.18081,6.20902,5.98847,6.14208,83699.43021207949
2022-11-20T00:00:00Z,LINKUSD,6.14035,6.23996,5.71142,5.75967,215645.0870208505
2022-11-21T00:00:00Z,LINKUSD,5.7562,5.88922,5.53,5.87132,311296.1489114205
2022-11-22T00:00:00Z,LINKUSD,5.8679,6.47013,5.83374,6.40543,405793.23731549026
2022-11-23T00:00:00Z,LINKUSD,6.40304,6.79334,6.33756,6.69504,299207.4577333516
2022-11-24T00:00:00Z,LINKUSD,6.69745,6.96293,6.58001,6.83118,345106.11402540334
2022-11-25T00:00:00Z,LINKUSD,6.82534,6.97965,6.65752,6.83309,261018.82224137074
2022-11-26T00:00:00Z,LINKUSD,6.83309,7.27772,6.82461,7.15084,444856.36303693365
2022-11-27T00:00:00Z,LINKUSD,7.14988,7.26498,6.85323,6.90088,193003.08575295965
2022-11-28T00:00:00Z,LINKUSD,6.89702,7.34896,6.5065,7.20764,928411.6231804958
2022-11-29T00:00:00Z,LINKUSD,7.19347,7.49919,7.11311,7.3093,451592.21187328256
2022-11-30T00:00:00Z,LINKUSD,7.31834,7.75551,7.25968,7.68904,462898.84547371237
2022-12-01T00:00:00Z,LINKUSD,7.6745,7.80894,7.45489,7.68373,302140.2321286425
2022-12-02T00:00:00Z,LINKUSD,7.68035,7.71772,7.49,7.61654,259819.88156212104
2022-12-03T00:00:00Z,LINKUSD,7.60775,7.61983,7.20688,7.24106,254790.73077707272
2022-12-04T00:00:00Z,LINKUSD,7.22815,7.46381,7.18726,7.44608,110682.65437069937
2022-12-05T00:00:00Z,LINKUSD,7.44456,7.59143,7.16,7.27895,222172.29730242072
2022-12-06T00:00:00Z,LINKUSD,7.28135,7.33336,6.96252,7.13939,240205.01682910018
2022-12-07T00:00:00Z,LINKUSD,7.13392,7.15027,6.77536,6.87887,201430.15069526053
2022-12-08T00:00:00Z,LINKUSD,6.87728,7.06581,6.78132,7.00227,111969.55955507011
2022-12-09T00:00:00Z,LINKUSD,6.99971,7.04843,6.8,6.86383,135818.5075769499
2022-12-10T00:00:00Z,LINKUSD,6.86269,6.9183,6.7013,6.857,111332.62245235022
2022-12-11T00:00:00Z,LINKUSD,6.857,6.95852,6.63678,6.70997,176368.3569024999
2022-12-12T00:00:00Z,LINKUSD,6.70021,6.72193,6.46239,6.7,303589.9936467394
2022-12-13T00:00:00Z,LINKUSD,6.70242,7.042,6.47514,6.9239,305469.9643072897
2022-12-14T00:00:00Z,LINKUSD,6.92609,6.95429,6.68264,6.73204,377768.9295774294
2022-12-15T00:00:00Z,LINKUSD,6.72664,6.72703,6.384,6.45272,170843.24984680023
2022-12-16T00:00:00Z,LINKUSD,6.45553,6.53773,5.78518,5.90306,341347.55078575993
2022-12-17T00:00:00Z,LINKUSD,5.88998,6.0643,5.8,6.04402,197827.11971483077
2022-12-18T00:00:00Z,LINKUSD,6.02901,6.08601,5.92338,5.93958,134727.4832036599
2022-12-19T00:00:00Z,LINKUSD,5.95604,6.08372,5.67491,5.77525,293749.46564352023
2022-12-20T00:00:00Z,LINKUSD,5.79,6.1235,5.75331,6.02263,214596.41169608026
2022-12-21T00:00:00Z,LINKUSD,6.01296,6.03381,5.88751,5.98821,86529.87582419996
2022-12-22T00:00:00Z,LINKUSD,5.9773,6.03693,5.85871,6.00408,103638.13578632
2022-12-23T00:00:00Z,LINKUSD,6.00499,6.05,5.92718,5.929,120862.08774538024
2022-12-24T00:00:00Z,LINKUSD,5.93841,5.95866,5.88062,5.91705,34265.55639796998
2022-12-25T00:00:00Z,LINKUSD,5.92,5.98885,5.8918,5.98885,26974.43203457002
2022-12-26T00:00:00Z,LINKUSD,5.98845,6.04371,5.93989,6.0412,51318.49672015004
2022-12-27T00:00:00Z,LINKUSD,6.04372,6.06094,5.85246,5.88739,148484.21693074013
2022-12-28T00:00:00Z,LINKUSD,5.89757,5.90444,5.62556,5.67241,159100.70900922976
2022-12-29T00:00:00Z,LINKUSD,5.67386,5.72171,5.50358,5.59878,241334.2951888002
2022-12-30T00:00:00Z,LINKUSD,5.59569,5.62894,5.41689,5.46834,212559.2329930394
2022-12-31T00:00:00Z,LINKUSD,5.4608,5.61829,5.38908,5.57535,163235.86440115984
2023-01-01T00:00:00Z,LINKUSD,5.56267,5.63544,5.50612,5.61353,89046.25568223982
2023-01-02T00:00:00Z,LINKUSD,5.63563,5.75122,5.55,5.68212,111777.36114480984
2023-01-03T00:00:00Z,LINKUSD,5.68255,5.71636,5.56369,5.6197,114777.70216234005
2023-01-04T00:00:00Z,LINKUSD,5.62044,5.8548,5.61208,5.8113,183045.14245962995
2023-01-05T00:00:00Z,LINKUSD,5.81233,5.81233,5.61111,5.64878,200830.46611408013
2023-01-06T00:00:00Z,LINKUSD,5.6566,5.72254,5.52139,5.71046,200830.3495770804
2023-01-07T00:00:00Z,LINKUSD,5.70717,5.8431,5.6933,5.83484,168486.25106493002
2023-01-08T00:00:00Z,LINKUSD,5.82561,5.98226,5.75,5.98226,163306.15699601002
2023-01-09T00:00:00Z,LINKUSD,5.96702,6.25,5.93776,6.07396,351760.36928283965
2023-01-10T00:00:00Z,LINKUSD,6.07664,6.29674,5.97802,6.16315,277760.60838424944
2023-01-11T00:00:00Z,LINKUSD,6.16479,6.3,6.01127,6.28468,173960.77366222005
2023-01-12T00:00:00Z,LINKUSD,6.28366,6.41063,6.07,6.38749,300990.11845618964
2023-01-13T00:00:00Z,LINKUSD,6.38883,6.62,6.26303,6.6052,182651.7295451401
2023-01-14T00:00:00Z,LINKUSD,6.60618,7.10079,6.45328,6.86083,482879.29117033863
2023-01-15T00:00:00Z,LINKUSD,6.87492,6.92352,6.60436,6.70224,218115.47148887083
2023-01-16T00:00:00Z,LINKUSD,6.69267,6.94471,6.41532,6.66879,476259.85548335995
2023-01-17T00:00:00Z,LINKUSD,6.65438,6.98873,6.55087,6.80832,222021.0175678001
2023-01-18T00:00:00Z,LINKUSD,6.81097,6.9787,6.26402,6.33668,399259.5632271403
2023-01-19T00:00:00Z,LINKUSD,6.3331,6.54211,6.30731,6.51054,163116.52325463018
2023-01-20T00:00:00Z,LINKUSD,6.51439,6.96897,6.42037,6.95556,249056.17587378246
2023-01-21T00:00:00Z,LINKUSD,6.95763,7.10736,6.80864,6.84881,302604.58345537074
2023-01-22T00:00:00Z,LINKUSD,6.85548,7.26498,6.78115,7.00325,328907.0147674784
2023-01-23T00:00:00Z,LINKUSD,7.00512,7.22911,6.83193,7.0275,355353.7469362592
2023-01-24T00:00:00Z,LINKUSD,7.00438,7.19801,6.53051,6.66083,221985.69900326
2023-01-25T00:00:00Z,LINKUSD,6.64606,7.09714,6.51,6.95421,199157.40029977006
2023-01-26T00:00:00Z,LINKUSD,6.96696,7.30612,6.83173,7.16632,189905.9667266902
2023-01-27T00:00:00Z,LINKUSD,7.17493,7.5,6.92945,7.377,396190.4421665095
2023-01-28T00:00:00Z,LINKUSD,7.38222,7.51018,7.12735,7.20891,175714.61312340983
2023-01-29T00:00:00Z,LINKUSD,7.20741,7.51868,7.15,7.38077,239230.13850199012
2023-01-30T00:00:00Z,LINKUSD,7.38076,7.4336,6.73142,6.91156,282128.87194123113
2023-01-31T00:00:00Z,LINKUSD,6.91365,7.06821,6.85998,6.95098,112835.87473412981
2023-02-01T00:00:00Z,LINKUSD,6.95188,7.26821,6.67429,7.1992,242913.16732180986
2023-02-02T00:00:00Z,LINKUSD,7.22048,7.48309,7.04436,7.09819,271905.6607281199
2023-02-03T00:00:00Z,LINKUSD,7.09819,7.33361,7.01925,7.29106,179123.38969030007
2023-02-04T00:00:00Z,LINKUSD,7.29866,7.35997,7.13293,7.24248,150855.25095348008
2023-02-05T00:00:00Z,LINKUSD,7.23472,7.24389,6.86954,6.99182,134553.33803123998
2023-02-06T00:00:00Z,LINKUSD,6.98542,7.05556,6.77134,6.82565,108495.83762696006
2023-02-07T00:00:00Z,LINKUSD,6.83358,7.20986,6.83,7.2079,177183.01043067971
2023-02-08T00:00:00Z,LINKUSD,7.19758,7.29048,6.96004,7.12011,116990.52002927005
2023-02-09T00:00:00Z,LINKUSD,7.13484,7.80288,6.82514,6.97398,869867.7634298727
2023-02-10T00:00:00Z,LINKUSD,6.98024,7.11563,6.78778,6.89229,305127.32524815906
2023-02-11T00:00:00Z,LINKUSD,6.88786,7.03191,6.85662,7.00195,101857.66206126986
2023-02-12T00:00:00Z,LINKUSD,7.0081,7.08,6.68814,6.81744,104495.78322650996
2023-02-13T00:00:00Z,LINKUSD,6.79994,6.84499,6.43244,6.68115,190658.2123121401
2023-02-14T00:00:00Z,LINKUSD,6.6538,6.82835,6.53998,6.80693,116020.3496454199
2023-02-15T00:00:00Z,LINKUSD,6.81599,7.30418,6.73383,7.28195,121123.98877545992
2023-02-16T00:00:00Z,LINKUSD,7.28401,7.48463,7.0047,7.01109,238628.7738492599
2023-02-17T00:00:00Z,LINKUSD,7.01997,7.70876,6.97412,7.65544,240273.88163269966
2023-02-18T00:00:00Z,LINKUSD,7.65806,8.25,7.51385,7.9949,270239.4240692693
2023-02-19T00:00:00Z,LINKUSD,7.99156,8.28453,7.82,8.0178,344406.88163044007
2023-02-20T00:00:00Z,LINKUSD,8.00995,8.37736,7.73336,8.00929,271853.5516286494
2023-02-21T00:00:00Z,LINKUSD,8.01309,8.06909,7.51385,7.64581,168421.25100974014
2023-02-22T00:00:00Z,LINKUSD,7.64289,7.72108,7.30725,7.71787,212577.49146604957
2023-02-23T00:00:00Z,LINKUSD,7.71952,8.27772,7.67457,7.93414,315166.9444675402
2023-02-24T00:00:00Z,LINKUSD,7.93081,8.13996,7.22429,7.46391,278855.0416546401
2023-02-25T00:00:00Z,LINKUSD,7.46535,7.48807,7.182,7.3779,107455.42913424023
2023-02-26T00:00:00Z,LINKUSD,7.36623,7.53882,7.30188,7.49151,110264.79275234003
2023-02-27T00:00:00Z,LINKUSD,7.49206,7.5013,7.13342,7.28439,177431.9432132499
2023-02-28T00:00:00Z,LINKUSD,7.27659,7.41524,7.10019,7.19136,100037.44586705015
2023-03-01T00:00:00Z,LINKUSD,7.18917,7.53598,7.15508,7.53338,202725.71271513007
2023-03-02T00:00:00Z,LINKUSD,7.53779,7.57413,7.17271,7.27367,106994.3140545803
2023-03-03T00:00:00Z,LINKUSD,7.26563,7.27292,6.66349,6.94915,202479.70498123986
2023-03-04T00:00:00Z,LINKUSD,6.95395,7.00435,6.71213,6.84899,81975.36839689006
2023-03-05T00:00:00Z,LINKUSD,6.85712,7.02077,6.81441,6.94448,79351.78322910989
2023-03-06T00:00:00Z,LINKUSD,6.95381,6.98189,6.82717,6.8543,90819.51698436988
2023-03-07T00:00:00Z,LINKUSD,6.85577,6.96717,6.67307,6.87885,123356.95458340016
2023-03-08T00:00:00Z,LINKUSD,6.88251,6.93788,6.51,6.58463,504571.54608628957
2023-03-09T00:00:00Z,LINKUSD,6.58463,6.68523,6.03,6.16321,258478.14684845044
2023-03-10T00:00:00Z,LINKUSD,6.16129,6.28642,5.90149,6.22453,204887.9777928399
2023-03-11T00:00:00Z,LINKUSD,6.23853,6.44625,5.98125,6.21262,235727.13209989993
2023-03-12T00:00:00Z,LINKUSD,6.21171,6.61008,6.11786,6.60363,261725.95514973986
2023-03-13T00:00:00Z,LINKUSD,6.61234,6.91794,6.411,6.79078,238716.41405403957
2023-03-14T00:00:00Z,LINKUSD,6.79372,7.22201,6.65449,6.98836,299120.0565498898
2023-03-15T00:00:00Z,LINKUSD,6.99012,7.1327,6.45,6.56755,399077.5701646795
2023-03-16T00:00:00Z,LINKUSD,6.56153,6.68502,6.47616,6.6739,102986.09110304006
2023-03-17T00:00:00Z,LINKUSD,6.67174,7.26885,6.62468,7.22609,254196.49511033003
2023-03-18T00:00:00Z,LINKUSD,7.21621,7.31085,6.86954,6.93411,262018.46751228048
2023-03-19T00:00:00Z,LINKUSD,6.93615,7.29373,6.93615,7.08209,137585.48429772008
2023-03-20T00:00:00Z,LINKUSD,7.09718,7.461,6.93843,7.05558,550583.1542192787
2023-03-21T00:00:00Z,LINKUSD,7.055,7.47107,6.85604,7.40436,281891.8785732696
2023-03-22T00:00:00Z,LINKUSD,7.39471,7.72,7.02689,7.1807,465604.07204641
2023-03-23T00:00:00Z,LINKUSD,7.1807,7.64216,7.10596,7.63215,213735.81495755957
2023-03-24T00:00:00Z,LINKUSD,7.61579,7.65346,7.12238,7.20359,197341.1612010801
2023-03-25T00:00:00Z,LINKUSD,7.20358,7.25393,6.97486,7.08448,129734.63458202014
2023-03-26T00:00:00Z,LINKUSD,7.09,7.29,7.06752,7.26102,137067.17110328985
2023-03-27T00:00:00Z,LINKUSD,7.26101,7.26434,6.766,6.86596,169306.12181371998
2023-03-28T00:00:00Z,LINKUSD,6.87469,7.04451,6.74121,6.94634,263536.37092156004
2023-03-29T00:00:00Z,LINKUSD,6.94619,7.49073,6.93643,7.38532,183520.53976830977
2023-03-30T00:00:00Z,LINKUSD,7.40144,7.55345,7.13787,7.23245,179947.1308744103
2023-03-31T00:00:00Z,LINKUSD,7.24301,7.66963,7.23057,7.59166,219283.1111731602
2023-04-01T00:00:00Z,LINKUSD,7.59025,7.62927,7.44258,7.55151,93803.99175069982
2023-04-02T00:00:00Z,LINKUSD,7.55067,7.55067,7.20254,7.25393,90198.13409633
2023-04-03T00:00:00Z,LINKUSD,7.258,7.43604,7.02892,7.23527,186487.5489029598
2023-04-04T00:00:00Z,LINKUSD,7.24256,7.47086,7.20015,7.36796,122607.76400156002
2023-04-05T00:00:00Z,LINKUSD,7.37466,7.6,7.2214,7.32291,127414.25454984985
2023-04-06T00:00:00Z,LINKUSD,7.32438,7.32438,7.11817,7.19559,101414.89395529
2023-04-07T00:00:00Z,LINKUSD,7.19418,7.30172,7.11641,7.2758,88036.53260950996
2023-04-08T00:00:00Z,LINKUSD,7.2758,7.29647,7.08688,7.14,71745.92206563002
2023-04-09T00:00:00Z,LINKUSD,7.13666,7.25047,7.05871,7.21256,58479.19274881995
2023-04-10T00:00:00Z,LINKUSD,7.20913,7.37438,7.13754,7.33297,96972.55257202989
2023-04-11T00:00:00Z,LINKUSD,7.34966,7.45604,7.29331,7.3093,195319.02623634954
2023-04-12T00:00:00Z,LINKUSD,7.32455,7.37217,7.11032,7.2332,124005.33620844
2023-04-13T00:00:00Z,LINKUSD,7.22007,7.555,7.18329,7.46767,375161.796355986
2023-04-14T00:00:00Z,LINKUSD,7.47178,7.90957,7.47178,7.74856,310500.4773578904
2023-04-15T00:00:00Z,LINKUSD,7.7365,8.08382,7.62205,8.01071,183662.45304358003
2023-04-16T00:00:00Z,LINKUSD,8.01071,8.1875,7.90387,8.14586,183649.3907542298
2023-04-17T00:00:00Z,LINKUSD,8.13003,8.29512,7.8747,8.16172,372028.6930198584
2023-04-18T00:00:00Z,LINKUSD,8.17008,8.79209,8.03813,8.57692,385320.18359283963
2023-04-19T00:00:00Z,LINKUSD,8.57432,8.59672,7.64,7.76712,388225.5183049591
2023-04-20T00:00:00Z,LINKUSD,7.74769,7.9807,7.46334,7.51159,347738.4857910384
2023-04-21T00:00:00Z,LINKUSD,7.51513,7.60688,7.01666,7.11328,216837.68048194965
2023-04-22T00:00:00Z,LINKUSD,7.11554,7.24249,7.08171,7.17675,109353.29055768005
2023-04-23T00:00:00Z,LINKUSD,7.16831,7.16831,6.87383,7.08498,132570.21904158022
2023-04-24T00:00:00Z,LINKUSD,7.08111,7.2643,6.9951,7.06968,130840.87707334
2023-04-25T00:00:00Z,LINKUSD,7.06597,7.29334,6.95732,7.27458,127949.32223282015
2023-04-26T00:00:00Z,LINKUSD,7.25536,7.50099,6.70626,7.00498,305684.10539171024
2023-04-27T00:00:00Z,LINKUSD,7.00302,7.23213,6.98273,7.17459,144782.42913036005
2023-04-28T00:00:00Z,LINKUSD,7.16498,7.18406,6.95596,7.05215,316925.0539840598
2023-04-29T00:00:00Z,LINKUSD,7.03313,7.21836,7.00191,7.18657,86930.38396184005
2023-04-30T00:00:00Z,LINKUSD,7.18658,7.30629,7.02712,7.02712,117757.56653394998
2023-05-01T00:00:00Z,LINKUSD,7.01965,7.07865,6.78578,6.89995,212651.00084417022
2023-05-02T00:00:00Z,LINKUSD,6.89142,7.01164,6.81562,6.98991,131784.43444128998
2023-05-03T00:00:00Z,LINKUSD,6.99011,7.15,6.82788,7.11863,167139.3811788902
2023-05-04T00:00:00Z,LINKUSD,7.12628,7.16441,6.96177,7.00057,70176.95319337006
2023-05-05T00:00:00Z,LINKUSD,7.00247,7.28,6.90193,7.23269,225767.58304345972
2023-05-06T00:00:00Z,LINKUSD,7.24218,7.28,6.8771,6.9448,109985.79370530014
2023-05-07T00:00:00Z,LINKUSD,6.94164,7.00145,6.87887,6.90514,60146.28048115997
2023-05-08T00:00:00Z,LINKUSD,6.91717,6.91781,6.45,6.5931,296768.8288384293
2023-05-09T00:00:00Z,LINKUSD,6.59,6.63571,6.4656,6.5272,172761.4120070999
2023-05-10T00:00:00Z,LINKUSD,6.5235,6.69773,6.311,6.60333,107418.67940166012
2023-05-11T00:00:00Z,LINKUSD,6.58941,6.58941,6.23314,6.37379,261665.39132508027
2023-05-12T00:00:00Z,LINKUSD,6.36742,6.63863,6.25,6.623,82536.70496879984
2023-05-13T00:00:00Z,LINKUSD,6.63097,6.64138,6.47851,6.49472,51236.01257967001
2023-05-14T00:00:00Z,LINKUSD,6.49827,6.61406,6.4457,6.54129,37666.37798527998
2023-05-15T00:00:00Z,LINKUSD,6.54859,6.7095,6.45687,6.63777,68985.95981103995
2023-05-16T00:00:00Z,LINKUSD,6.63453,6.72487,6.55293,6.66198,75136.06979160011
2023-05-17T00:00:00Z,LINKUSD,6.66433,6.80737,6.54958,6.75333,83803.54679905997
2023-05-18T00:00:00Z,LINKUSD,6.76182,6.76245,6.43,6.53411,164006.68959577984
2023-05-19T00:00:00Z,LINKUSD,6.53331,6.55336,6.46145,6.50297,71616.88194563003
2023-05-20T00:00:00Z,LINKUSD,6.5077,6.54206,6.48,6.50791,39466.01322919
2023-05-21T00:00:00Z,LINKUSD,6.51305,6.54307,6.36364,6.43285,55477.30608601005
2023-05-22T00:00:00Z,LINKUSD,6.43577,6.60483,6.34257,6.53482,51322.96076000007
2023-05-23T00:00:00Z,LINKUSD,6.53385,6.63214,6.477,6.50613,47516.71670395005
2023-05-24T00:00:00Z,LINKUSD,6.50299,6.50299,6.21559,6.3274,157945.10964089984
2023-05-25T00:00:00Z,LINKUSD,6.32089,6.34618,6.17117,6.27591,199974.9650157799
2023-05-26T00:00:00Z,LINKUSD,6.2776,6.3818,6.23421,6.35455,122378.7228415602
2023-05-27T00:00:00Z,LINKUSD,6.35998,6.44022,6.32508,6.44022,26687.58226691002
2023-05-28T00:00:00Z,LINKUSD,6.44113,6.65612,6.42364,6.6396,70768.30896974003
2023-05-29T00:00:00Z,LINKUSD,6.6391,6.67207,6.52782,6.64009,67321.11066508002
2023-05-30T00:00:00Z,LINKUSD,6.64995,6.67299,6.53613,6.61303,175065.5067628901
2023-05-31T00:00:00Z,LINKUSD,6.61223,6.63184,6.40011,6.4748,76653.42020339008
2023-06-01T00:00:00Z,LINKUSD,6.47917,6.51521,6.31506,6.33824,51081.01445290997
2023-06-02T00:00:00Z,LINKUSD,6.34602,6.47643,6.30297,6.45824,75311.27504698989
2023-06-03T00:00:00Z,LINKUSD,6.45718,6.45718,6.36533,6.41942,34322.40966355001
2023-06-04T00:00:00Z,LINKUSD,6.41451,6.53092,6.39617,6.44762,96588.31006442013
2023-06-05T00:00:00Z,LINKUSD,6.44762,6.48849,5.96908,6.06471,160814.38537511014
2023-06-06T00:00:00Z,LINKUSD,6.06057,6.30654,6.01033,6.26057,246324.09109218992
2023-06-07T00:00:00Z,LINKUSD,6.24983,6.25688,5.83002,5.91937,96395.81118101995
2023-06-08T00:00:00Z,LINKUSD,5.91597,6.03167,5.88559,5.9925,33909.38897973001
2023-06-09T00:00:00Z,LINKUSD,5.98974,6.0775,5.92125,5.98781,66277.19231779003
2023-06-10T00:00:00Z,LINKUSD,5.98917,5.98917,4.93687,5.24186,583525.9761876996
2023-06-11T00:00:00Z,LINKUSD,5.23815,5.24951,5.09918,5.17962,198997.8250439998
2023-06-12T00:00:00Z,LINKUSD,5.17962,5.19752,5.00155,5.15967,168822.97488371
2023-06-13T00:00:00Z,LINKUSD,5.15516,5.40549,5.1097,5.29533,141723.0188953401
2023-06-14T00:00:00Z,LINKUSD,5.29997,5.50242,5.14597,5.24477,169426.33968861986
2023-06-15T00:00:00Z,LINKUSD,5.24477,5.40953,5.16167,5.30343,149915.31070857
2023-06-16T00:00:00Z,LINKUSD,5.30234,5.39,5.12132,5.31558,106858.37898436985
2023-06-17T00:00:00Z,LINKUSD,5.32239,5.38935,5.22275,5.27616,54148.41030424006
2023-06-18T00:00:00Z,LINKUSD,5.27591,5.29772,5.097,5.16068,93007.56966171005
2023-06-19T00:00:00Z,LINKUSD,5.15976,5.18639,5.0,5.13136,183546.7645908796
2023-06-20T00:00:00Z,LINKUSD,5.12085,5.27941,5.00454,5.26631,323457.3791408504
2023-06-21T00:00:00Z,LINKUSD,5.25885,5.62662,5.24952,5.56188,232473.66149205994
2023-06-22T00:00:00Z,LINKUSD,5.56403,5.82,5.51503,5.56967,319786.66510157974
2023-06-23T00:00:00Z,LINKUSD,5.56755,6.15441,5.55655,6.06979,525272.4429462701
2023-06-24T00:00:00Z,LINKUSD,6.07464,6.19681,5.92759,6.14913,138796.30047886004
2023-06-25T00:00:00Z,LINKUSD,6.13785,6.37306,6.06416,6.15579,136211.19617451992
2023-06-26T00:00:00Z,LINKUSD,6.15526,6.25926,6.015,6.0692,188727.13624564017
2023-06-27T00:00:00Z,LINKUSD,6.05776,6.2555,6.04761,6.2112,137176.73090201014
2023-06-28T00:00:00Z,LINKUSD,6.19838,6.19838,5.71191,5.81076,183808.01346727004
2023-06-29T00:00:00Z,LINKUSD,5.81076,6.18195,5.795,5.90777,332833.59421775094
2023-06-30T00:00:00Z,LINKUSD,5.88967,6.44974,5.71977,6.305,543405.4939834091
2023-07-01T00:00:00Z,LINKUSD,6.31241,6.52275,6.12495,6.49299,216579.0205977701
2023-07-02T00:00:00Z,LINKUSD,6.48203,6.56437,6.34002,6.53893,249435.61610358988
2023-07-03T00:00:00Z,LINKUSD,6.54029,6.68435,6.47903,6.62398,128633.1636505901
2023-07-04T00:00:00Z,LINKUSD,6.62715,6.62715,6.38715,6.53284,167025.77912225036
2023-07-05T00:00:00Z,LINKUSD,6.53083,6.56798,6.22,6.3022,272642.81552631926
2023-07-06T00:00:00Z,LINKUSD,6.29318,6.50267,6.08221,6.08221,184063.26638430002
2023-07-07T00:00:00Z,LINKUSD,6.07913,6.21882,6.023,6.15657,100955.55172717024
2023-07-08T00:00:00Z,LINKUSD,6.15684,6.21986,6.0983,6.19913,52129.47954580005
2023-07-09T00:00:00Z,LINKUSD,6.18469,6.23586,6.13101,6.1532,52254.211541260054
2023-07-10T00:00:00Z,LINKUSD,6.14641,6.29709,6.03001,6.16847,123397.88292291987
2023-07-11T00:00:00Z,LINKUSD,6.16019,6.23746,6.12826,6.20619,41521.69557007999
2023-07-12T00:00:00Z,LINKUSD,6.21603,6.33559,6.19842,6.25366,74919.68368981004
2023-07-13T00:00:00Z,LINKUSD,6.25366,7.1652,6.2225,7.12243,315039.2591672796
2023-07-14T00:00:00Z,LINKUSD,7.12918,7.36286,6.70032,6.96417,404038.9570321395
2023-07-15T00:00:00Z,LINKUSD,6.93205,7.01985,6.83712,6.91383,174022.24907792965
2023-07-16T00:00:00Z,LINKUSD,6.91,6.91749,6.58171,6.61001,136128.5511700199
2023-07-17T00:00:00Z,LINKUSD,6.59364,7.2679,6.458,7.17804,234686.38150517983
2023-07-18T00:00:00Z,LINKUSD,7.19239,7.3,6.7947,6.92767,331809.3463331003
2023-07-19T00:00:00Z,LINKUSD,6.91004,7.04814,6.77677,6.91867,266606.4206804997
2023-07-20T00:00:00Z,LINKUSD,6.91976,8.44777,6.89306,8.36001,790951.9478968505
2023-07-21T00:00:00Z,LINKUSD,8.34639,8.45399,8.05,8.12936,202879.50632065986
2023-07-22T00:00:00Z,LINKUSD,8.12232,8.36316,7.75322,7.87994,219881.55100237983
2023-07-23T00:00:00Z,LINKUSD,7.88,8.09182,7.82755,7.88952,115251.30145480012
2023-07-24T00:00:00Z,LINKUSD,7.88559,7.88559,7.454,7.59009,218049.58776751973
2023-07-25T00:00:00Z,LINKUSD,7.57954,7.64111,7.33876,7.39264,106659.79964042992
2023-07-26T00:00:00Z,LINKUSD,7.39126,7.82775,7.28,7.75282,205190.85370373985
2023-07-27T00:00:00Z,LINKUSD,7.74479,8.11998,7.69694,7.9926,234918.07780235037
2023-07-28T00:00:00Z,LINKUSD,7.98527,8.08101,7.76786,7.76786,170535.26898297993
2023-07-29T00:00:00Z,LINKUSD,7.7686,7.8964,7.72578,7.84295,98051.42643066004
2023-07-30T00:00:00Z,LINKUSD,7.84527,7.85108,7.3638,7.5599,155399.9000808502
2023-07-31T00:00:00Z,LINKUSD,7.54747,7.70878,7.4403,7.54731,144356.86139138992
2023-08-01T00:00:00Z,LINKUSD,7.54765,7.63981,7.3,7.63981,132976.60455225004
2023-08-02T00:00:00Z,LINKUSD,7.64008,7.70576,7.33075,7.34661,160261.47604968006
2023-08-03T00:00:00Z,LINKUSD,7.33823,7.4,7.0755,7.12104,180745.40791947907
2023-08-04T00:00:00Z,LINKUSD,7.11846,7.25,7.00799,7.131,138813.0821037101
2023-08-05T00:00:00Z,LINKUSD,7.1262,7.23115,7.09802,7.224,43044.47441283003
2023-08-06T00:00:00Z,LINKUSD,7.22408,7.26361,7.07178,7.09001,55816.5288121
2023-08-07T00:00:00Z,LINKUSD,7.09562,7.38,6.93377,7.3113,111659.74540804005
2023-08-08T00:00:00Z,LINKUSD,7.31868,7.53075,7.28911,7.46324,165509.7621478501
2023-08-09T00:00:00Z,LINKUSD,7.46321,7.914,7.38031,7.67694,284889.63963218
2023-08-10T00:00:00Z,LINKUSD,7.67694,7.8916,7.55295,7.61447,188784.59526324997
2023-08-11T00:00:00Z,LINKUSD,7.611,7.62763,7.39841,7.48862,59994.92589604
2023-08-12T00:00:00Z,LINKUSD,7.48,7.52307,7.38769,7.42993,40022.83525854999
2023-08-13T00:00:00Z,LINKUSD,7.44624,7.54905,7.31879,7.36532,45969.17830451
2023-08-14T00:00:00Z,LINKUSD,7.35576,7.61655,7.3056,7.40859,129468.01953055986
2023-08-15T00:00:00Z,LINKUSD,7.39054,7.42385,6.80429,7.03951,377272.2029007692
2023-08-16T00:00:00Z,LINKUSD,7.03641,7.06277,6.6,6.75382,263237.67737608915
2023-08-17T00:00:00Z,LINKUSD,6.75382,6.85463,5.81,6.19766,616143.4617076406
2023-08-18T00:00:00Z,LINKUSD,6.19277,6.27995,6.06797,6.17211,400663.8611913299
2023-08-19T00:00:00Z,LINKUSD,6.16324,6.25725,6.1143,6.17497,47817.920715609966
2023-08-20T00:00:00Z,LINKUSD,6.17219,6.22917,6.12361,6.21323,56249.297258969935
2023-08-21T00:00:00Z,LINKUSD,6.21929,6.25,6.01568,6.17664,179440.53653945003
2023-08-22T00:00:00Z,LINKUSD,6.18044,6.24578,5.8561,6.10985,166492.89152863
2023-08-23T00:00:00Z,LINKUSD,6.1171,6.43026,6.0991,6.34442,229654.71962001978
2023-08-24T00:00:00Z,LINKUSD,6.35,6.35892,5.98725,6.07556,141160.18763881992
2023-08-25T00:00:00Z,LINKUSD,6.07955,6.07999,5.90576,6.00482,133869.08281295007
2023-08-26T00:00:00Z,LINKUSD,6.01307,6.03905,5.95703,6.00105,46069.1240769201
2023-08-27T00:00:00Z,LINKUSD,6.00395,6.03761,5.95769,6.02192,86102.09932043003
2023-08-28T00:00:00Z,LINKUSD,6.01418,6.04049,5.85148,5.9784,76264.02130152
2023-08-29T00:00:00Z,LINKUSD,5.9784,6.31444,5.843,6.18597,167421.3448412003
2023-08-30T00:00:00Z,LINKUSD,6.19281,6.1945,5.88802,5.929,220746.41509885006
2023-08-31T00:00:00Z,LINKUSD,5.92464,6.05679,5.73973,5.88253,225097.58153317025
2023-09-01T00:00:00Z,LINKUSD,5.8782,6.02636,5.82508,5.93363,161423.96918281054
2023-09-02T00:00:00Z,LINKUSD,5.93874,5.99619,5.89523,5.96914,39606.13064422
2023-09-03T00:00:00Z,LINKUSD,5.97268,6.05927,5.94778,6.03433,76507.89246733984
2023-09-04T00:00:00Z,LINKUSD,6.02517,6.15339,5.94699,6.01413,114446.75070358996
2023-09-05T00:00:00Z,LINKUSD,6.01022,6.14444,5.911,6.13664,79909.23614644013
2023-09-06T00:00:00Z,LINKUSD,6.13564,6.3351,6.09794,6.29727,185027.47735856957
2023-09-07T00:00:00Z,LINKUSD,6.299,6.46065,6.20144,6.38398,135515.32865010013
2023-09-08T00:00:00Z,LINKUSD,6.38476,6.39729,6.1538,6.27813,94643.04149685998
2023-09-09T00:00:00Z,LINKUSD,6.27605,6.28546,6.16,6.16218,31741.217258900007
2023-09-10T00:00:00Z,LINKUSD,6.16,6.16001,5.96316,6.03036,160728.19525976994
2023-09-11T00:00:00Z,LINKUSD,6.01004,6.0273,5.7459,5.82362,129902.0232258002
2023-09-12T00:00:00Z,LINKUSD,5.82362,6.06275,5.80945,5.95255,132391.91317855005
2023-09-13T00:00:00Z,LINKUSD,5.95504,6.0851,5.93014,6.02223,104218.92725759983
2023-09-14T00:00:00Z,LINKUSD,6.02188,6.20915,6.01148,6.15226,67240.05642170999
2023-09-15T00:00:00Z,LINKUSD,6.15703,6.37375,6.10298,6.366,57669.62080390997
2023-09-16T00:00:00Z,LINKUSD,6.37241,6.41486,6.19393,6.28723,66018.12710571995
2023-09-17T00:00:00Z,LINKUSD,6.28268,6.28473,6.05786,6.14445,62537.540644910114
2023-09-18T00:00:00Z,LINKUSD,6.14767,6.82512,6.10516,6.56937,534098.4147751428
2023-09-19T00:00:00Z,LINKUSD,6.56815,6.96068,6.53,6.84392,300948.7203091089
2023-09-20T00:00:00Z,LINKUSD,6.84392,7.03605,6.74156,6.90907,206372.53692852947
2023-09-21T00:00:00Z,LINKUSD,6.90992,6.93831,6.60654,6.66698,151524.55203377028
2023-09-22T00:00:00Z,LINKUSD,6.66698,6.96649,6.60079,6.96164,84274.31287171005
2023-09-23T00:00:00Z,LINKUSD,6.96166,7.22755,6.92481,7.19,181748.42300162002
2023-09-24T00:00:00Z,LINKUSD,7.18732,7.25,6.95487,6.97068,134581.15863201994
2023-09-25T00:00:00Z,LINKUSD,6.96734,7.5,6.9039,7.49875,290313.6133495493
2023-09-26T00:00:00Z,LINKUSD,7.49401,7.56755,7.2595,7.36779,169112.5904790691
2023-09-27T00:00:00Z,LINKUSD,7.34501,7.85,7.28,7.6404,532116.3543570985
2023-09-28T00:00:00Z,LINKUSD,7.6383,8.07999,7.57137,7.80991,342806.29301556834
2023-09-29T00:00:00Z,LINKUSD,7.81147,8.06689,7.67998,7.94523,242315.71850441964
2023-09-30T00:00:00Z,LINKUSD,7.95047,8.27,7.94365,8.19094,344066.73762124946
2023-10-01T00:00:00Z,LINKUSD,8.19607,8.25,7.78391,8.04791,367108.75716273993
2023-10-02T00:00:00Z,LINKUSD,8.04963,8.09971,7.36383,7.47367,475183.5086969315
2023-10-03T00:00:00Z,LINKUSD,7.46626,7.73541,7.37203,7.40364,273043.9960706598
2023-10-04T00:00:00Z,LINKUSD,7.40606,7.79992,7.20316,7.67246,376085.0278797303
2023-10-05T00:00:00Z,LINKUSD,7.67121,7.78648,7.45297,7.4601,166494.00872868998
2023-10-06T00:00:00Z,LINKUSD,7.47154,7.75566,7.4403,7.64715,168766.24148912996
2023-10-07T00:00:00Z,LINKUSD,7.6536,7.68367,7.48789,7.52595,79129.97062839995
2023-10-08T00:00:00Z,LINKUSD,7.53259,7.93927,7.50689,7.68721,187175.5203771
2023-10-09T00:00:00Z,LINKUSD,7.67954,7.69435,7.13953,7.27138,210684.31017656942
2023-10-10T00:00:00Z,LINKUSD,7.27707,7.38525,7.18064,7.26804,135802.42059089988
2023-10-11T00:00:00Z,LINKUSD,7.2611,7.4298,7.12,7.38329,192689.63669266016
2023-10-12T00:00:00Z,LINKUSD,7.38882,7.41107,7.11788,7.19,194789.0813652201
2023-10-13T00:00:00Z,LINKUSD,7.19697,7.3943,7.11531,7.25502,176297.1679433797
2023-10-14T00:00:00Z,LINKUSD,7.25693,7.36757,7.22459,7.31873,82212.02248108001
2023-10-15T00:00:00Z,LINKUSD,7.32633,7.56058,7.28883,7.41921,123234.74661476997
2023-10-16T00:00:00Z,LINKUSD,7.42015,7.82736,7.42015,7.54125,240055.65303398
2023-10-17T00:00:00Z,LINKUSD,7.52876,7.5595,7.27027,7.32597,145282.68807254973
2023-10-18T00:00:00Z,LINKUSD,7.31242,7.47757,7.29,7.35692,117275.11097080991
2023-10-19T00:00:00Z,LINKUSD,7.35692,7.42883,7.21824,7.3061,146280.80949951982
2023-10-20T00:00:00Z,LINKUSD,7.30747,7.70877,7.26713,7.5757,190573.78533217974
2023-10-21T00:00:00Z,LINKUSD,7.57525,9.16589,7.52625,8.9125,830082.0584123918
2023-10-22T00:00:00Z,LINKUSD,8.91418,10.23426,8.84669,10.1856,1061879.8076505088
2023-10-23T00:00:00Z,LINKUSD,10.18595,11.04,9.78,10.5708,1632479.8860952482
2023-10-24T00:00:00Z,LINKUSD,10.59422,11.12999,9.66589,10.37,1407066.644188892
2023-10-25T00:00:00Z,LINKUSD,10.37,11.77751,10.34951,11.04957,1189493.917252335
2023-10-26T00:00:00Z,LINKUSD,11.05634,11.39722,10.38078,10.927,821361.8393453814
2023-10-27T00:00:00Z,LINKUSD,10.927,11.41781,10.62014,11.1795,736283.8045142837
2023-10-28T00:00:00Z,LINKUSD,11.18539,11.65381,10.82786,10.93182,639063.3996677841
2023-10-29T00:00:00Z,LINKUSD,10.92703,11.28369,10.75475,11.08501,355366.3335844603
2023-10-30T00:00:00Z,LINKUSD,11.09644,11.85,10.9,11.24019,538126.2172655511
2023-10-31T00:00:00Z,LINKUSD,11.22251,12.00935,10.95512,11.37098,763242.4145441815
2023-11-01T00:00:00Z,LINKUSD,11.34873,11.77348,10.68201,11.64062,984406.4378047443
2023-11-02T00:00:00Z,LINKUSD,11.64319,11.76,10.65877,11.00769,582129.2137427214
2023-11-03T00:00:00Z,LINKUSD,11.0072,11.58442,10.52697,11.46194,326596.5943773013
2023-11-04T00:00:00Z,LINKUSD,11.46564,11.62555,11.16001,11.51,168318.10285142926
2023-11-05T00:00:00Z,LINKUSD,11.50999,12.56887,11.38101,12.23735,661648.0752657844
2023-11-06T00:00:00Z,LINKUSD,12.24298,13.24655,12.13083,12.97854,675710.1266317245
2023-11-07T00:00:00Z,LINKUSD,12.98731,13.33,12.55314,13.05682,804931.4873405242
2023-11-08T00:00:00Z,LINKUSD,13.05833,14.99,12.84432,14.93632,1127657.75768159
2023-11-09T00:00:00Z,LINKUSD,14.97026,15.98036,11.65,14.63191,2161541.8741103127
2023-11-10T00:00:00Z,LINKUSD,14.60426,15.65233,14.13476,15.49641,860928.453507684
2023-11-11T00:00:00Z,LINKUSD,15.5015,16.599,14.73625,16.4664,928984.7894724568
2023-11-12T00:00:00Z,LINKUSD,16.4664,16.54249,15.41269,16.03817,737324.8059823227
2023-11-13T00:00:00Z,LINKUSD,16.034,16.3,14.31384,14.35596,746526.7731766966
2023-11-14T00:00:00Z,LINKUSD,14.35596,14.9104,13.45,13.94226,866727.8061707431
2023-11-15T00:00:00Z,LINKUSD,13.94815,15.38258,13.94815,15.03378,722276.765900791
2023-11-16T00:00:00Z,LINKUSD,15.03984,15.20711,13.56,13.86801,1116231.114569068
2023-11-17T00:00:00Z,LINKUSD,13.86722,14.25513,12.87,13.69531,771014.1158596763
2023-11-18T00:00:00Z,LINKUSD,13.69655,13.81,12.93912,13.76111,370038.7591793009
2023-11-19T00:00:00Z,LINKUSD,13.73036,15.06,13.38722,14.89939,507074.00527607294
2023-11-20T00:00:00Z,LINKUSD,14.9307,15.4783,14.35762,14.47442,712130.9430755102
2023-11-21T00:00:00Z,LINKUSD,14.47622,14.6645,13.33134,13.34242,799945.2218744261
2023-11-22T00:00:00Z,LINKUSD,13.36192,14.61879,13.29904,14.21166,521092.59113172366
2023-11-23T00:00:00Z,LINKUSD,14.21945,14.85871,14.13106,14.39201,410246.8490783922
2023-11-24T00:00:00Z,LINKUSD,14.39999,14.83922,14.23337,14.50109,417547.4915917524
2023-11-25T00:00:00Z,LINKUSD,14.48709,14.96426,14.37739,14.77569,225405.82377825005
2023-11-26T00:00:00Z,LINKUSD,14.77397,15.33966,14.41093,14.78098,362144.5233484307
2023-11-27T00:00:00Z,LINKUSD,14.7794,15.29,13.89113,14.18816,411294.1471779238
2023-11-28T00:00:00Z,LINKUSD,14.17827,14.70941,13.771,14.53238,369549.4696595197
2023-11-29T00:00:00Z,LINKUSD,14.53401,15.0,14.39592,14.52261,351530.00494899036
2023-11-30T00:00:00Z,LINKUSD,14.52261,14.82351,14.27555,14.40824,299169.5774197914
2023-12-01T00:00:00Z,LINKUSD,14.41265,15.03641,14.29465,15.0,327566.441147231
2023-12-02T00:00:00Z,LINKUSD,15.01031,16.19,14.93459,15.99485,485976.68863969366
2023-12-03T00:00:00Z,LINKUSD,15.998,16.32414,15.67837,15.71294,355897.28496677196
2023-12-04T00:00:00Z,LINKUSD,15.71296,16.39996,15.37185,15.80191,590601.198782861
2023-12-05T00:00:00Z,LINKUSD,15.80738,16.06836,15.1765,15.72227,500711.39381232247
2023-12-06T00:00:00Z,LINKUSD,15.733,16.15216,15.24591,15.26699,506019.8215724538
2023-12-07T00:00:00Z,LINKUSD,15.3,15.8,14.67322,15.7073,554277.7426843244
2023-12-08T00:00:00Z,LINKUSD,15.72456,17.31102,15.57873,16.91262,717481.3790132974
2023-12-09T00:00:00Z,LINKUSD,16.92774,17.3,16.00429,16.20777,572133.4838601752
2023-12-10T00:00:00Z,LINKUSD,16.20222,16.4487,15.80985,16.3579,233747.39279306942
2023-12-11T00:00:00Z,LINKUSD,16.36181,16.44457,14.21313,14.77119,1018180.7844240608
2023-12-12T00:00:00Z,LINKUSD,14.76423,15.13408,14.01,14.50798,567416.7846426727
2023-12-13T00:00:00Z,LINKUSD,14.52376,14.95,13.87197,14.77594,529776.8313610408
2023-12-14T00:00:00Z,LINKUSD,14.78628,15.57678,14.29596,15.36618,648939.192835621
2023-12-15T00:00:00Z,LINKUSD,15.36617,15.39055,14.26994,14.27814,350704.14587567165
2023-12-16T00:00:00Z,LINKUSD,14.27725,14.78,14.1038,14.31147,213606.55807377963
2023-12-17T00:00:00Z,LINKUSD,14.32672,14.348,13.90616,14.01951,240379.8679679595
2023-12-18T00:00:00Z,LINKUSD,14.00365,14.66883,13.6389,14.66883,507614.8853182815
2023-12-19T00:00:00Z,LINKUSD,14.66884,14.79491,13.9354,14.0908,241073.6793629001
2023-12-20T00:00:00Z,LINKUSD,14.09286,14.79751,13.98229,14.23014,440330.1560033805
2023-12-21T00:00:00Z,LINKUSD,14.24226,15.30529,14.1738,15.30001,458731.27165729075
2023-12-22T00:00:00Z,LINKUSD,15.30651,15.74839,15.08323,15.49124,321360.55514814047
2023-12-23T00:00:00Z,LINKUSD,15.50039,15.91469,14.92192,15.67862,375528.9863351602
2023-12-24T00:00:00Z,LINKUSD,15.67862,16.0,14.6,15.29703,574352.2658322013
2023-12-25T00:00:00Z,LINKUSD,15.27569,15.73659,15.10489,15.59026,228615.78107522026
2023-12-26T00:00:00Z,LINKUSD,15.61064,15.89,14.29596,15.08944,245961.16468968865
2023-12-27T00:00:00Z,LINKUSD,15.09668,16.74388,14.6616,16.73331,545823.6634900825
2023-12-28T00:00:00Z,LINKUSD,16.74606,17.7351,16.00015,16.03486,1052574.5856588096
2023-12-29T00:00:00Z,LINKUSD,16.02879,16.22729,15.14433,15.55065,495566.3191893462
2023-12-30T00:00:00Z,LINKUSD,15.5282,15.62297,15.03451,15.16713,154143.11827793962
2023-12-31T00:00:00Z,LINKUSD,15.16713,15.52,14.58744,14.9258,308119.1794336009
2024-01-01T00:00:00Z,LINKUSD,14.9584,15.57455,14.82624,15.5392,307028.6033075967
2024-01-02T00:00:00Z,LINKUSD,15.53436,16.07,15.0501,15.17238,482488.39640390204
2024-01-03T00:00:00Z,LINKUSD,15.17038,15.56939,12.50001,14.15392,905740.9930927906
2024-01-04T00:00:00Z,LINKUSD,14.15392,14.79439,14.00532,14.54613,312002.48867402447
2024-01-05T00:00:00Z,LINKUSD,14.55239,14.6558,13.74659,14.08827,375397.3828957114
2024-01-06T00:00:00Z,LINKUSD,14.07554,14.09516,13.19007,13.4373,250729.29278561895
2024-01-07T00:00:00Z,LINKUSD,13.43867,13.73438,13.0012,13.14656,123648.73398334975
2024-01-08T00:00:00Z,LINKUSD,13.1499,14.41444,12.54929,14.15681,346056.4202646789
2024-01-09T00:00:00Z,LINKUSD,14.16252,14.265,13.21714,13.71196,227128.40476421965
2024-01-10T00:00:00Z,LINKUSD,13.68035,15.35,13.57156,15.07247,431265.9514935895
2024-01-11T00:00:00Z,LINKUSD,15.08022,15.69103,14.61551,15.02221,341256.02250144107
2024-01-12T00:00:00Z,LINKUSD,15.03201,15.3,13.61285,14.16476,266234.43879193923
2024-01-13T00:00:00Z,LINKUSD,14.1611,14.4266,13.79542,14.35439,103018.91749617981
2024-01-14T00:00:00Z,LINKUSD,14.35939,15.41666,14.274,14.77616,329186.95224868145
2024-01-15T00:00:00Z,LINKUSD,14.75001,16.00373,14.75001,15.19491,545244.231083042
2024-01-16T00:00:00Z,LINKUSD,15.19301,15.3508,14.74,15.26973,279364.68896170025
2024-01-17T00:00:00Z,LINKUSD,15.28088,16.36859,15.28088,15.74165,480061.54668680124
2024-01-18T00:00:00Z,LINKUSD,15.75219,15.85917,14.15435,14.64544,566898.6489028233
2024-01-19T00:00:00Z,LINKUSD,14.64252,16.39351,14.46367,16.11,550216.1543538703
2024-01-20T00:00:00Z,LINKUSD,16.11932,16.55,15.70553,15.75878,416455.31196239084
2024-01-21T00:00:00Z,LINKUSD,15.76201,15.89092,15.36901,15.37646,197067.65444896033
2024-01-22T00:00:00Z,LINKUSD,15.38356,15.93301,14.45066,14.57109,404278.00205131044
2024-01-23T00:00:00Z,LINKUSD,14.55201,14.85929,13.55877,14.275,382319.0388659201
2024-01-24T00:00:00Z,LINKUSD,14.26402,14.423,13.91448,14.22379,284645.0640847202
2024-01-25T00:00:00Z,LINKUSD,14.22033,14.24357,13.509,13.73146,273391.3339147402
2024-01-26T00:00:00Z,LINKUSD,13.72849,14.29,13.64326,14.19,196618.78291158934
2024-01-27T00:00:00Z,LINKUSD,14.17952,14.4189,14.10298,14.34001,128515.0164565195
2024-01-28T00:00:00Z,LINKUSD,14.34,14.68442,14.21255,14.52351,175156.66861090972
2024-01-29T00:00:00Z,LINKUSD,14.48136,15.07128,14.268,15.00325,203154.40371347964
2024-01-30T00:00:00Z,LINKUSD,15.01059,15.80281,14.90519,15.47446,280795.62993607
2024-01-31T00:00:00Z,LINKUSD,15.47506,16.04,15.09028,15.39211,427493.2559284018
2024-02-01T00:00:00Z,LINKUSD,15.41361,17.38051,15.13609,17.189,591573.6751316033
2024-02-02T00:00:00Z,LINKUSD,17.18901,18.89771,17.15,17.78351,978557.1988698025
2024-02-03T00:00:00Z,LINKUSD,17.81616,18.1294,17.5057,17.66329,253964.30934127938
2024-02-04T00:00:00Z,LINKUSD,17.66314,18.75,17.54874,18.15418,347696.41882950114
2024-02-05T00:00:00Z,LINKUSD,18.14778,19.90311,17.78335,19.14355,1005411.2997195106
2024-02-06T00:00:00Z,LINKUSD,19.14355,19.3,18.20001,18.30872,313739.6490706398
2024-02-07T00:00:00Z,LINKUSD,18.286,19.08148,18.05632,18.81596,213009.0240740197
2024-02-08T00:00:00Z,LINKUSD,18.81212,19.24569,18.0,18.22606,375418.4654350503
2024-02-09T00:00:00Z,LINKUSD,18.21247,18.62475,18.00395,18.46432,410872.4651233721
2024-02-10T00:00:00Z,LINKUSD,18.46432,19.11209,18.0,19.08209,189714.93181072004
2024-02-11T00:00:00Z,LINKUSD,19.09213,20.67805,18.87355,20.15369,522570.3231704334
2024-02-12T00:00:00Z,LINKUSD,20.15479,20.85,19.74046,20.4808,635685.5190886117
2024-02-13T00:00:00Z,LINKUSD,20.48233,20.58424,19.48,19.86902,375655.67463799164
2024-02-14T00:00:00Z,LINKUSD,19.8775,20.4298,19.72,20.27137,444905.59351357975
2024-02-15T00:00:00Z,LINKUSD,20.28279,20.52679,19.65119,19.95242,310917.8755584506
2024-02-16T00:00:00Z,LINKUSD,19.95706,20.30876,19.17,19.5788,256891.11658950025
2024-02-17T00:00:00Z,LINKUSD,19.5788,20.27055,19.2442,20.02928,199103.86750492128
2024-02-18T00:00:00Z,LINKUSD,20.05838,20.36666,19.78144,20.11557,146616.4445310208
2024-02-19T00:00:00Z,LINKUSD,20.11558,20.23239,19.66088,19.82821,221009.6450040401
2024-02-20T00:00:00Z,LINKUSD,19.8341,19.88048,18.466,19.28618,230272.60049632023
2024-02-21T00:00:00Z,LINKUSD,19.28675,19.28675,17.9959,18.59659,371746.3354551716
2024-02-22T00:00:00Z,LINKUSD,18.5966,19.0,18.07558,18.11447,386777.5025415312
2024-02-23T00:00:00Z,LINKUSD,18.10398,18.26266,17.6,17.9218,348278.4363423213
2024-02-24T00:00:00Z,LINKUSD,17.9434,18.6,17.75989,18.53,112426.56151287959
2024-02-25T00:00:00Z,LINKUSD,18.53,18.845,18.38337,18.71776,102693.27413780974
2024-02-26T00:00:00Z,LINKUSD,18.7155,19.27566,18.15,19.12404,331833.18663424015
2024-02-27T00:00:00Z,LINKUSD,19.10605,19.36699,18.67166,19.02432,270701.0834015422
2024-02-28T00:00:00Z,LINKUSD,19.03266,20.6,17.85,19.44439,994727.8202519782
2024-02-29T00:00:00Z,LINKUSD,19.4444,20.45,18.83237,19.27995,412190.4503364907
2024-03-01T00:00:00Z,LINKUSD,19.28672,20.09999,19.27942,20.0602,256055.6243132395
2024-03-02T00:00:00Z,LINKUSD,20.0639,21.70453,20.0,21.41588,614650.9548470614
2024-03-03T00:00:00Z,LINKUSD,21.41587,21.53674,19.43102,20.52078,404754.8145969607
2024-03-04T00:00:00Z,LINKUSD,20.51989,20.89747,19.84635,20.42986,462309.77676412143
2024-03-05T00:00:00Z,LINKUSD,20.43597,21.04413,16.75,19.01379,880760.9587575354
2024-03-06T00:00:00Z,LINKUSD,19.03,20.16205,18.41576,20.08597,605518.3126500492
2024-03-07T00:00:00Z,LINKUSD,20.09392,20.40584,19.61228,20.13513,242994.80592827927
2024-03-08T00:00:00Z,LINKUSD,20.12734,20.4,19.27237,19.73995,309148.6881632911
2024-03-09T00:00:00Z,LINKUSD,19.74121,20.35166,19.72421,20.02717,164493.45685266994
2024-03-10T00:00:00Z,LINKUSD,20.018,21.95182,19.44263,21.7152,438182.96260806057
2024-03-11T00:00:00Z,LINKUSD,21.70414,22.85,20.78041,21.28238,597170.2448932857
2024-03-12T00:00:00Z,LINKUSD,21.28262,21.34508,19.7,20.6911,391973.0087999497
2024-03-13T00:00:00Z,LINKUSD,20.69111,20.96465,20.23981,20.76817,300076.1311373495
2024-03-14T00:00:00Z,LINKUSD,20.76019,21.95102,19.86249,20.89999,602768.1778772295
2024-03-15T00:00:00Z,LINKUSD,20.88196,20.97408,18.48514,19.59457,499066.30573692307
2024-03-16T00:00:00Z,LINKUSD,19.63937,19.80987,17.81355,18.1154,364598.78333412326
2024-03-17T00:00:00Z,LINKUSD,18.10037,18.80172,17.37221,18.65022,328277.8430887606
2024-03-18T00:00:00Z,LINKUSD,18.65165,19.47482,18.05371,18.3,265412.64231461025
2024-03-19T00:00:00Z,LINKUSD,18.29552,18.44554,16.5,16.82242,590815.5847923224
2024-03-20T00:00:00Z,LINKUSD,16.79837,18.50202,16.2752,18.40924,360102.04480342113
2024-03-21T00:00:00Z,LINKUSD,18.41416,18.90173,17.88127,18.44379,344072.87761809013
2024-03-22T00:00:00Z,LINKUSD,18.43121,18.5775,17.35327,18.35902,216426.80768496048
2024-03-23T00:00:00Z,LINKUSD,18.36145,18.46246,17.89639,18.06794,103551.59287971974
2024-03-24T00:00:00Z,LINKUSD,18.07271,18.6246,17.99338,18.52222,77717.50264793022
2024-03-25T00:00:00Z,LINKUSD,18.52223,19.48001,18.37521,19.3813,171650.58784224975
2024-03-26T00:00:00Z,LINKUSD,19.37797,20.72897,19.34778,20.03021,217568.89830111858
2024-03-27T00:00:00Z,LINKUSD,20.01847,20.17684,18.99194,19.28,192758.4940173095
2024-03-28T00:00:00Z,LINKUSD,19.28,19.8,19.04642,19.14764,204974.7752027498
2024-03-29T00:00:00Z,LINKUSD,19.12,19.29184,18.73266,18.99001,147217.56161472976
2024-03-30T00:00:00Z,LINKUSD,18.98284,19.30596,18.79595,18.95024,88987.73230000993
2024-03-31T00:00:00Z,LINKUSD,18.94686,19.35149,18.88672,19.16179,60162.58593996003
2024-04-01T00:00:00Z,LINKUSD,19.1645,19.27477,17.86665,18.38124,127533.44038891005
2024-04-02T00:00:00Z,LINKUSD,18.38089,18.48079,17.40068,17.95127,223267.83515458935
2024-04-03T00:00:00Z,LINKUSD,17.9479,18.353,17.40069,17.7,200855.26311505958
2024-04-04T00:00:00Z,LINKUSD,17.66928,18.2571,17.41617,17.80578,156739.84748393032
2024-04-05T00:00:00Z,LINKUSD,17.77704,17.77945,16.84,17.37712,123700.88711882004
2024-04-06T00:00:00Z,LINKUSD,17.30877,17.66927,17.27303,17.56686,44555.55987244998
2024-04-07T00:00:00Z,LINKUSD,17.56539,17.97773,17.50505,17.91424,64336.161639830105
2024-04-08T00:00:00Z,LINKUSD,17.91751,18.66442,17.55468,18.1097,199755.24711908022
2024-04-09T00:00:00Z,LINKUSD,18.1097,18.16941,17.25442,17.35897,97844.02473025973
2024-04-10T00:00:00Z,LINKUSD,17.33637,17.5879,16.81,17.42589,116301.18515863008
2024-04-11T00:00:00Z,LINKUSD,17.43006,17.61818,17.01337,17.55725,125272.63950301014
2024-04-12T00:00:00Z,LINKUSD,17.55725,17.85761,14.0,15.1546,612711.4435988216
2024-04-13T00:00:00Z,LINKUSD,15.14511,15.39447,11.92947,13.31816,959297.3305813642
2024-04-14T00:00:00Z,LINKUSD,13.31116,14.25548,12.92169,14.11874,256175.84622868962
2024-04-15T00:00:00Z,LINKUSD,14.11664,14.67247,13.25,13.58589,394882.74973673053
2024-04-16T00:00:00Z,LINKUSD,13.55128,13.82571,12.82395,13.47472,271602.1879207703
2024-04-17T00:00:00Z,LINKUSD,13.47368,13.60796,12.72813,13.1378,147067.35085926834
2024-04-18T00:00:00Z,LINKUSD,13.13653,13.97824,12.83446,13.89158,137731.12881054
2024-04-19T00:00:00Z,LINKUSD,13.87411,14.12989,12.75351,13.94735,246600.59280650038
2024-04-20T00:00:00Z,LINKUSD,13.94754,15.04065,13.77553,14.96043,162218.29376110996
2024-04-21T00:00:00Z,LINKUSD,14.9377,15.17529,14.56139,15.10878,119348.41663478999
2024-04-22T00:00:00Z,LINKUSD,15.11281,16.04174,15.03206,15.45288,233484.96278489014
2024-04-23T00:00:00Z,LINKUSD,15.45164,15.58187,15.11216,15.19828,95956.81265186002
2024-04-24T00:00:00Z,LINKUSD,15.19404,15.62785,14.35307,14.53346,118266.43585081992
2024-04-25T00:00:00Z,LINKUSD,14.52695,14.88485,14.35652,14.59745,86608.42843273994
2024-04-26T00:00:00Z,LINKUSD,14.58062,14.92554,14.36414,14.47918,65164.9852113901
2024-04-27T00:00:00Z,LINKUSD,14.48343,14.51443,12.62625,14.23747,353723.11962083046
2024-04-28T00:00:00Z,LINKUSD,14.23747,14.41605,13.7361,13.80377,101583.64701505014
2024-04-29T00:00:00Z,LINKUSD,13.80504,14.16643,13.72953,14.06165,134003.31061374003
2024-04-30T00:00:00Z,LINKUSD,14.06165,14.18647,12.77518,13.12008,174654.29535215013
2024-05-01T00:00:00Z,LINKUSD,13.11664,13.49157,12.41743,13.34413,372628.215900049
2024-05-02T00:00:00Z,LINKUSD,13.3417,13.76456,12.92785,13.58751,152651.4971803197
2024-05-03T00:00:00Z,LINKUSD,13.58457,14.1973,13.47375,14.10899,115454.59757575004
2024-05-04T00:00:00Z,LINKUSD,14.10889,14.47504,13.99781,14.31936,74324.79700656084
2024-05-05T00:00:00Z,LINKUSD,14.32561,14.65158,14.12021,14.37342,47181.97629313002
2024-05-06T00:00:00Z,LINKUSD,14.37624,15.15001,14.28159,14.49162,135567.60202034996
2024-05-07T00:00:00Z,LINKUSD,14.49162,14.70627,13.9577,14.00033,132352.88840190994
2024-05-08T00:00:00Z,LINKUSD,13.99612,14.09348,13.6971,13.90847,86765.74366436993
2024-05-09T00:00:00Z,LINKUSD,13.88474,14.36057,13.83989,14.22723,144554.66773822898
2024-05-10T00:00:00Z,LINKUSD,14.235,14.36103,13.491,13.56166,105755.86490006743
2024-05-11T00:00:00Z,LINKUSD,13.56,13.79317,13.28405,13.30052,53518.2560310701
2024-05-12T00:00:00Z,LINKUSD,13.29902,13.57795,13.28501,13.53676,30609.693332779996
2024-05-13T00:00:00Z,LINKUSD,13.54633,13.66386,13.0785,13.38996,81842.75123741997
2024-05-14T00:00:00Z,LINKUSD,13.37213,13.58097,12.93556,12.96972,74873.57792807047
2024-05-15T00:00:00Z,LINKUSD,12.96972,13.942,12.83852,13.87392,148952.77445129733
2024-05-16T00:00:00Z,LINKUSD,13.87391,15.85215,13.5533,15.50715,382729.30311218125
2024-05-17T00:00:00Z,LINKUSD,15.51638,16.74984,15.5,16.25682,632312.0765946339
2024-05-18T00:00:00Z,LINKUSD,16.24874,16.56236,16.065,16.31164,195611.50989317967
2024-05-19T00:00:00Z,LINKUSD,16.31546,17.10803,16.31196,16.57464,208424.77027378016
2024-05-20T00:00:00Z,LINKUSD,16.56139,17.45792,16.39,17.26638,330978.0813963504
2024-05-21T00:00:00Z,LINKUSD,17.2654,17.43542,16.50466,16.73,172006.60175145057
2024-05-22T00:00:00Z,LINKUSD,16.75287,16.91,16.16342,16.32938,156860.0227124495
2024-05-23T00:00:00Z,LINKUSD,16.33758,16.79,15.34828,16.6018,190235.9459341
2024-05-24T00:00:00Z,LINKUSD,16.57652,17.75544,16.57073,17.24,424388.09785872156
2024-05-25T00:00:00Z,LINKUSD,17.24,17.45008,16.92519,17.44001,85372.75564588979
2024-05-26T00:00:00Z,LINKUSD,17.455,17.88631,17.006,17.03653,133228.87493910006
2024-05-27T00:00:00Z,LINKUSD,17.03464,18.83192,16.87976,18.77137,232166.8550694499
2024-05-28T00:00:00Z,LINKUSD,18.77521,18.80469,17.85321,18.52505,162939.45994883007
2024-05-29T00:00:00Z,LINKUSD,18.53461,19.2349,18.04142,18.43613,158404.6777802703
2024-05-30T00:00:00Z,LINKUSD,18.43983,19.1659,17.77156,17.93938,177304.53596102927
2024-05-31T00:00:00Z,LINKUSD,17.93421,18.7,17.45163,18.39767,117823.0485158501
2024-06-01T00:00:00Z,LINKUSD,18.40492,18.65556,18.26123,18.4134,130856.89270853007
2024-06-02T00:00:00Z,LINKUSD,18.38815,18.53332,18.06494,18.14254,34969.90915430001
2024-06-03T00:00:00Z,LINKUSD,18.13317,18.3404,17.53728,17.62396,181185.28604112985
2024-06-04T00:00:00Z,LINKUSD,17.61574,17.84386,17.49225,17.72166,67296.76709051014
2024-06-05T00:00:00Z,LINKUSD,17.71059,18.0648,17.61,17.7302,103174.08009499006
2024-06-06T00:00:00Z,LINKUSD,17.74277,17.7579,17.11035,17.25,81953.57397831012
2024-06-07T00:00:00Z,LINKUSD,17.24189,17.68993,15.34126,16.32511,179796.40171604877
2024-06-08T00:00:00Z,LINKUSD,16.3251,16.41485,15.68535,15.94173,94003.51526761966
2024-06-09T00:00:00Z,LINKUSD,15.91518,16.3619,15.91208,16.33764,42330.07364920998
2024-06-10T00:00:00Z,LINKUSD,16.35962,16.36999,15.7802,15.88743,116531.53155390968
2024-06-11T00:00:00Z,LINKUSD,15.89891,15.89891,14.65601,14.96601,172125.8599921295
2024-06-12T00:00:00Z,LINKUSD,14.98414,16.23182,14.74866,16.0042,332299.91265015764
2024-06-13T00:00:00Z,LINKUSD,15.99877,16.02477,15.06911,15.1227,94103.90764217981
2024-06-14T00:00:00Z,LINKUSD,15.13703,15.43886,14.47185,14.74107,176184.86380394944
2024-06-15T00:00:00Z,LINKUSD,14.73417,15.09335,14.70068,14.85001,55311.452997169974
2024-06-16T00:00:00Z,LINKUSD,14.85,15.20999,14.5722,15.11427,62391.47279871995
2024-06-17T00:00:00Z,LINKUSD,15.12333,15.19084,14.02001,14.53891,100976.41700686981
2024-06-18T00:00:00Z,LINKUSD,14.53157,14.59352,12.93428,13.97352,324709.4613504502
2024-06-19T00:00:00Z,LINKUSD,13.97001,14.49266,13.8967,14.34674,73059.87945931006
2024-06-20T00:00:00Z,LINKUSD,14.32177,14.82999,14.2,14.25783,116695.12217184
2024-06-21T00:00:00Z,LINKUSD,14.25301,14.57424,13.8578,13.86,239118.5263205098
2024-06-22T00:00:00Z,LINKUSD,13.86,13.89904,13.46448,13.47028,66993.40722260994
2024-06-23T00:00:00Z,LINKUSD,13.47661,13.66466,13.13,13.18481,52144.77851777004
2024-06-24T00:00:00Z,LINKUSD,13.18471,13.66993,12.66,13.60522,179092.1314523399
2024-06-25T00:00:00Z,LINKUSD,13.60528,14.27647,13.56905,14.19584,89878.86972680998
2024-06-26T00:00:00Z,LINKUSD,14.19807,14.27598,13.85498,13.90234,55774.66571992995
2024-06-27T00:00:00Z,LINKUSD,13.90788,14.54155,13.59009,14.37264,143863.9796639597
2024-06-28T00:00:00Z,LINKUSD,14.40765,14.5672,13.74039,13.75375,159278.65180958924
2024-06-29T00:00:00Z,LINKUSD,13.75374,14.12262,13.46817,13.50275,48695.74166574017
2024-06-30T00:00:00Z,LINKUSD,13.49266,14.306,13.43526,14.2563,52931.310193710066
2024-07-01T00:00:00Z,LINKUSD,14.25841,14.56132,14.2039,14.32397,90821.26280118943
2024-07-02T00:00:00Z,LINKUSD,14.32553,14.72363,14.25,14.39345,93001.24247013981
2024-07-03T00:00:00Z,LINKUSD,14.39175,14.5594,13.54301,13.56905,170027.41637882323
2024-07-04T00:00:00Z,LINKUSD,13.57,13.72084,12.52,12.53016,199005.69798384872
2024-07-05T00:00:00Z,LINKUSD,12.53299,12.54378,11.06221,12.28786,433106.7183893975
2024-07-06T00:00:00Z,LINKUSD,12.29782,13.2781,12.19755,13.20155,115552.04128174928
2024-07-07T00:00:00Z,LINKUSD,13.17819,13.17819,12.3,12.35343,64826.91502224011
2024-07-08T00:00:00Z,LINKUSD,12.35484,13.52,11.79676,13.11299,164325.23096860005
2024-07-09T00:00:00Z,LINKUSD,13.09913,13.30939,12.72699,12.83135,133654.75496261995
2024-07-10T00:00:00Z,LINKUSD,12.83217,13.15526,12.70527,12.79408,86908.44077815996
2024-07-11T00:00:00Z,LINKUSD,12.78973,13.15693,12.30005,12.34789,127038.11380437991
2024-07-12T00:00:00Z,LINKUSD,12.34816,12.82498,12.23963,12.73499,85356.24764399005
2024-07-13T00:00:00Z,LINKUSD,12.73499,13.12547,12.71611,13.01953,57744.271505360026
2024-07-14T00:00:00Z,LINKUSD,13.02481,13.52999,12.91174,13.45863,91053.4257833301
2024-07-15T00:00:00Z,LINKUSD,13.45499,14.5,13.419,14.41,152777.37632218967
2024-07-16T00:00:00Z,LINKUSD,14.41,14.61814,13.83649,14.20296,110207.64707211008
2024-07-17T00:00:00Z,LINKUSD,14.21556,14.5061,13.74231,13.74296,87672.50341964995
2024-07-18T00:00:00Z,LINKUSD,13.75037,13.98774,13.42309,13.59629,112612.31464014977
2024-07-19T00:00:00Z,LINKUSD,13.60582,14.14,13.35369,14.05543,93381.35406033993
2024-07-20T00:00:00Z,LINKUSD,14.08,14.33151,13.8719,14.26,45851.267049350005
2024-07-21T00:00:00Z,LINKUSD,14.2553,14.99963,13.96266,14.80414,137792.87842436007
2024-07-22T00:00:00Z,LINKUSD,14.81752,14.86844,13.78811,13.94102,101431.01935252002
2024-07-23T00:00:00Z,LINKUSD,13.94461,14.14862,13.49794,13.91348,61534.11972374993
2024-07-24T00:00:00Z,LINKUSD,13.90822,13.9526,13.25341,13.39628,68243.60418921
2024-07-25T00:00:00Z,LINKUSD,13.39627,13.42989,12.48023,12.94948,155901.07139494992
2024-07-26T00:00:00Z,LINKUSD,12.92512,13.6288,12.92125,13.53714,80348.10283475001
2024-07-27T00:00:00Z,LINKUSD,13.52486,13.86074,13.25965,13.56329,76501.72807055005
2024-07-28T00:00:00Z,LINKUSD,13.54916,13.63347,13.19975,13.29504,51366.85912457996
2024-07-29T00:00:00Z,LINKUSD,13.30444,13.90129,13.30444,13.54277,142585.67198957977
2024-07-30T00:00:00Z,LINKUSD,13.52282,13.78005,12.99,13.14312,99959.47735020993
2024-07-31T00:00:00Z,LINKUSD,13.13296,13.418,12.77518,12.83309,157175.98282062003
2024-08-01T00:00:00Z,LINKUSD,12.82001,13.0861,12.15,12.87891,146124.14042809937
2024-08-02T00:00:00Z,LINKUSD,12.8789,12.9144,11.76697,11.91872,246002.57806980825
2024-08-03T00:00:00Z,LINKUSD,11.88681,12.11669,11.34713,11.69734,294700.45855434897
2024-08-04T00:00:00Z,LINKUSD,11.6802,11.76672,10.48344,10.88278,155025.87510057882
2024-08-05T00:00:00Z,LINKUSD,10.88278,10.9597,8.09,9.4996,1179867.1723044105
2024-08-06T00:00:00Z,LINKUSD,9.48711,10.45345,9.48711,10.06,239609.18614027946
2024-08-07T00:00:00Z,LINKUSD,10.06928,10.47746,9.42574,9.4857,167458.5655464799
2024-08-08T00:00:00Z,LINKUSD,9.4902,10.82653,9.35639,10.73584,220866.22461360972
2024-08-09T00:00:00Z,LINKUSD,10.70231,10.7178,10.16617,10.54348,65661.22587800995
2024-08-10T00:00:00Z,LINKUSD,10.52114,10.69532,10.4674,10.5534,90777.33915262995
2024-08-11T00:00:00Z,LINKUSD,10.55701,10.83897,9.94906,10.01365,83069.47035501
2024-08-12T00:00:00Z,LINKUSD,9.99575,10.7436,9.95001,10.5551,106091.34321720991
2024-08-13T00:00:00Z,LINKUSD,10.51782,10.6911,10.10321,10.57558,133589.4392510495
2024-08-14T00:00:00Z,LINKUSD,10.57629,10.74448,10.21811,10.40395,174140.7619151296
2024-08-15T00:00:00Z,LINKUSD,10.40243,10.68741,9.9926,10.1752,110218.93759247995
2024-08-16T00:00:00Z,LINKUSD,10.16599,10.40437,9.914,10.1353,179338.3490224494
2024-08-17T00:00:00Z,LINKUSD,10.1353,10.17294,10.04141,10.14199,40590.387819849966
2024-08-18T00:00:00Z,LINKUSD,10.14847,10.469,10.06795,10.08165,97534.88677792005
2024-08-19T00:00:00Z,LINKUSD,10.08765,10.18921,9.95457,10.18184,61629.15042788014
2024-08-20T00:00:00Z,LINKUSD,10.17891,10.54121,10.05415,10.2417,85516.01459682973
2024-08-21T00:00:00Z,LINKUSD,10.23641,11.38861,10.16562,11.21,163747.07845224967
2024-08-22T00:00:00Z,LINKUSD,11.21,11.60703,11.14358,11.46244,140310.87185449942
2024-08-23T00:00:00Z,LINKUSD,11.47422,12.20424,11.46731,12.05637,204965.98143150963
2024-08-24T00:00:00Z,LINKUSD,12.06114,12.55067,11.91778,12.34577,81052.61443514975
2024-08-25T00:00:00Z,LINKUSD,12.30856,12.37579,11.96674,12.10458,71753.78958732994
2024-08-26T00:00:00Z,LINKUSD,12.10859,12.68391,11.85197,11.8574,197316.94796087898
2024-08-27T00:00:00Z,LINKUSD,11.86083,12.04643,10.90774,11.16702,147121.80142543005
2024-08-28T00:00:00Z,LINKUSD,11.15934,11.69708,10.95311,11.17343,156508.8323484795
2024-08-29T00:00:00Z,LINKUSD,11.17453,11.46645,10.82721,10.9266,112798.27077075979
2024-08-30T00:00:00Z,LINKUSD,10.93936,11.19048,10.50643,11.12172,79961.59050925984
2024-08-31T00:00:00Z,LINKUSD,11.12523,11.19834,10.93481,11.02834,31065.367333939947
2024-09-01T00:00:00Z,LINKUSD,11.01273,11.0129,10.22906,10.37301,60354.249382260095
2024-09-02T00:00:00Z,LINKUSD,10.34233,10.82228,10.33092,10.75521,47517.532731180094
2024-09-03T00:00:00Z,LINKUSD,10.76173,10.87041,10.20714,10.30633,95160.96325574986
2024-09-04T00:00:00Z,LINKUSD,10.3104,10.48683,9.81522,10.33525,106745.2553012699
2024-09-05T00:00:00Z,LINKUSD,10.33421,10.39,9.91831,10.0141,62474.13865463993
2024-09-06T00:00:00Z,LINKUSD,10.01891,10.17319,9.27987,9.57215,136202.39017613966
2024-09-07T00:00:00Z,LINKUSD,9.57471,10.15583,9.56296,10.02613,69086.08747483998
2024-09-08T00:00:00Z,LINKUSD,10.02722,10.45158,9.97742,10.32256,70503.34894404991
2024-09-09T00:00:00Z,LINKUSD,10.34292,10.81182,10.28054,10.53753,193787.21798899982
2024-09-10T00:00:00Z,LINKUSD,10.54096,10.73224,10.34115,10.5936,95264.93409888005
2024-09-11T00:00:00Z,LINKUSD,10.59057,10.59359,10.18189,10.41271,79856.7504407398
2024-09-12T00:00:00Z,LINKUSD,10.39186,10.7994,10.39186,10.78795,87480.1152599098
2024-09-13T00:00:00Z,LINKUSD,10.78795,11.5622,10.65023,11.44909,203116.90441497933
2024-09-14T00:00:00Z,LINKUSD,11.45955,11.4796,11.21851,11.30166,64681.91135953005
2024-09-15T00:00:00Z,LINKUSD,11.3018,11.35128,10.80286,10.82257,86180.1500792398
2024-09-16T00:00:00Z,LINKUSD,10.80488,10.81435,10.41616,10.5486,58704.838236269905
2024-09-17T00:00:00Z,LINKUSD,10.53099,10.90612,10.44423,10.62683,83699.05542154991
2024-09-18T00:00:00Z,LINKUSD,10.62497,10.88085,10.29085,10.88085,100635.10185645
2024-09-19T00:00:00Z,LINKUSD,10.88445,11.39547,10.88445,11.20235,99003.81213586006
2024-09-20T00:00:00Z,LINKUSD,11.2045,11.72792,11.12809,11.4315,95644.30220734989
2024-09-21T00:00:00Z,LINKUSD,11.42898,11.54504,11.20968,11.50945,52303.3974845599
2024-09-22T00:00:00Z,LINKUSD,11.49439,11.55123,10.86172,11.13525,68219.90531527014
2024-09-23T00:00:00Z,LINKUSD,11.12997,11.60884,10.92478,11.39,79255.80568354994
2024-09-24T00:00:00Z,LINKUSD,11.40158,12.21698,11.20733,12.14425,163994.5166917895
2024-09-25T00:00:00Z,LINKUSD,12.14623,12.55641,12.06862,12.10815,146944.1038897293
2024-09-26T00:00:00Z,LINKUSD,12.10777,12.74266,11.87384,12.5678,195466.5430902196
2024-09-27T00:00:00Z,LINKUSD,12.56234,12.87193,12.45489,12.67194,105219.64824425969
2024-09-28T00:00:00Z,LINKUSD,12.66264,12.97555,12.3804,12.93696,156968.15678955003
2024-09-29T00:00:00Z,LINKUSD,12.94507,12.96,12.43716,12.46489,115310.8852364098
2024-09-30T00:00:00Z,LINKUSD,12.46741,12.47608,11.76478,11.85178,132859.94967086008
2024-10-01T00:00:00Z,LINKUSD,11.85159,12.24302,10.83697,11.00815,223289.6558277297
2024-10-02T00:00:00Z,LINKUSD,11.00932,11.29976,10.45142,10.66008,176151.6911002294
2024-10-03T00:00:00Z,LINKUSD,10.66008,10.86175,10.35029,10.64577,178028.27374721
2024-10-04T00:00:00Z,LINKUSD,10.68792,11.23895,10.61760,11.07385,70573.72562923
2024-10-05T00:00:00Z,LINKUSD,11.08491,11.36965,10.98285,11.25475,46557.66480229
2024-10-06T00:00:00Z,LINKUSD,11.26343,11.38827,11.16149,11.28022,44537.22963894
2024-10-07T00:00:00Z,LINKUSD,11.27545,11.74000,11.13028,11.14952,92186.14268616
2024-10-08T00:00:00Z,LINKUSD,11.15746,11.27766,10.78819,10.82063,63380.28366778
2024-10-09T00:00:00Z,LINKUSD,10.82064,10.95000,10.41615,10.52747,85371.33146311
2024-10-10T00:00:00Z,LINKUSD,10.52432,10.72426,10.24648,10.54570,81866.12325511
2024-10-11T00:00:00Z,LINKUSD,10.54456,11.01876,10.49727,10.89130,100841.26482281
2024-10-12T00:00:00Z,LINKUSD,10.89287,11.13531,10.84309,11.00172,62587.05230203
2024-10-13T00:00:00Z,LINKUSD,11.01034,11.06555,10.62774,10.73805,46595.48006064
2024-10-14T00:00:00Z,LINKUSD,10.74133,11.33485,10.60394,11.27536,81606.86795701
2024-10-15T00:00:00Z,LINKUSD,11.27665,11.67878,10.93575,11.44785,146938.70189136
2024-10-16T00:00:00Z,LINKUSD,11.45000,11.52710,11.04850,11.23006,110479.33536872
2024-10-17T00:00:00Z,LINKUSD,11.27097,11.34536,10.84439,11.02509,119916.69862109
2024-10-18T00:00:00Z,LINKUSD,11.02048,11.49490,10.98422,11.47165,103994.46756456
2024-10-19T00:00:00Z,LINKUSD,11.47999,11.58850,11.29101,11.42331,37253.22605025
2024-10-20T00:00:00Z,LINKUSD,11.41484,12.02301,11.28297,11.95372,86432.63908673
2024-10-21T00:00:00Z,LINKUSD,11.97286,12.01882,11.54647,11.70353,72744.46369679
2024-10-22T00:00:00Z,LINKUSD,11.72818,12.31887,11.60170,11.95765,125993.45959866
2024-10-23T00:00:00Z,LINKUSD,11.95872,11.98746,10.99761,11.31588,189529.38670461
2024-10-24T00:00:00Z,LINKUSD,11.29833,11.62850,11.22189,11.60140,109983.07118139
2024-10-25T00:00:00Z,LINKUSD,11.61386,12.08143,10.80000,11.11787,244773.75997584
2024-10-26T00:00:00Z,LINKUSD,11.11787,11.36792,10.81870,10.99571,135590.23282314
2024-10-27T00:00:00Z,LINKUSD,10.99279,11.14369,10.84370,10.97605,116972.68761107
2024-10-28T00:00:00Z,LINKUSD,10.97269,11.24133,10.70663,11.18796,134611.28534962
2024-10-29T00:00:00Z,LINKUSD,11.18235,11.79429,11.14778,11.78980,188442.49114271
2024-10-30T00:00:00Z,LINKUSD,11.78981,12.44102,11.64184,12.38751,117662.89172982
2024-10-31T00:00:00Z,LINKUSD,12.38876,12.44547,11.31355,11.41220,112809.41354981
2024-11-01T00:00:00Z,LINKUSD,11.40185,11.70998,11.14488,11.25338,146138.17997844
2024-11-02T00:00:00Z,LINKUSD,11.24001,11.39397,11.07671,11.17201,107085.65505194
2024-11-03T00:00:00Z,LINKUSD,11.18591,11.22881,10.52000,10.76570,69030.10815422
2024-11-04T00:00:00Z,LINKUSD,10.75624,10.89548,10.06710,10.24625,105844.14373264
2024-11-05T00:00:00Z,LINKUSD,10.24481,10.93520,10.18544,10.84493,127508.56898591
2024-11-06T00:00:00Z,LINKUSD,10.83493,12.31281,10.82000,12.18104,351575.22562087
2024-11-07T00:00:00Z,LINKUSD,12.18601,12.70412,12.08342,12.61347,230272.82792588
2024-11-08T00:00:00Z,LINKUSD,12.60586,13.74915,12.54568,13.70084,220057.43421765
2024-11-09T00:00:00Z,LINKUSD,13.69776,13.83559,13.29543,13.77524,188671.65979418
2024-11-10T00:00:00Z,LINKUSD,13.77269,14.84714,13.66808,14.26733,403340.71229207
2024-11-11T00:00:00Z,LINKUSD,14.27400,14.95004,13.63257,14.92522,337464.85365643
2024-11-12T00:00:00Z,LINKUSD,14.91422,15.34860,13.67828,13.96851,345775.46649192
2024-11-13T00:00:00Z,LINKUSD,13.96782,14.39988,13.07852,13.49635,343497.72041123
2024-11-14T00:00:00Z,LINKUSD,13.49936,13.81720,12.81237,13.00197,188436.94551010
2024-11-15T00:00:00Z,LINKUSD,12.99041,13.89456,12.72977,13.82971,210100.43528053
2024-11-16T00:00:00Z,LINKUSD,13.83488,14.79676,13.74790,14.53584,266935.62685224
2024-11-17T00:00:00Z,LINKUSD,14.53658,14.88007,13.57087,13.79262,219865.93955309
2024-11-18T00:00:00Z,LINKUSD,13.79255,15.99853,13.76800,15.26980,365926.39045613
2024-11-19T00:00:00Z,LINKUSD,15.27137,15.43278,14.40914,14.64048,283512.88293716
2024-11-20T00:00:00Z,LINKUSD,14.63509,15.32940,14.05290,14.25919,195543.12181879
2024-11-21T00:00:00Z,LINKUSD,14.23317,15.36926,13.86866,14.90820,279676.79636228
2024-11-22T00:00:00Z,LINKUSD,14.90846,16.59757,14.74742,16.58000,566290.44187538
2024-11-23T00:00:00Z,LINKUSD,16.56470,18.42424,16.32280,17.40251,652812.64299977
2024-11-24T00:00:00Z,LINKUSD,17.39967,18.35807,16.14720,17.90833,439136.39458144
2024-11-25T00:00:00Z,LINKUSD,17.93619,19.04737,17.14030,17.34240,548721.87216860
2024-11-26T00:00:00Z,LINKUSD,17.33379,17.82182,16.18812,17.35255,358470.38541837
2024-11-27T00:00:00Z,LINKUSD,17.33041,19.00000,16.97555,18.68087,356731.91039741
2024-11-28T00:00:00Z,LINKUSD,18.68036,18.70950,17.51000,17.93827,265003.49482875
2024-11-29T00:00:00Z,LINKUSD,17.94315,18.40054,17.54884,18.25794,215291.87199736
2024-11-30T00:00:00Z,LINKUSD,18.25794,19.44428,17.93466,19.00520,236509.72555737
2024-12-01T00:00:00Z,LINKUSD,19.00818,19.09004,18.45568,18.93701,149829.15766356
2024-12-02T00:00:00Z,LINKUSD,18.93393,26.90000,18.59704,25.22392,2562041.80614995
2024-12-03T00:00:00Z,LINKUSD,25.22002,26.22200,22.59616,24.12036,1230587.95566999
2024-12-04T00:00:00Z,LINKUSD,24.11687,26.48469,23.58909,24.10872,898920.41100498
2024-12-05T00:00:00Z,LINKUSD,24.11327,24.90697,22.34363,23.18955,655795.55670295
2024-12-06T00:00:00Z,LINKUSD,23.17116,25.97501,22.77453,25.90240,488284.23983219
2024-12-07T00:00:00Z,LINKUSD,25.90231,26.87397,24.48270,24.79725,425539.85713003
2024-12-08T00:00:00Z,LINKUSD,24.81203,27.39650,24.71891,26.09493,427441.77108431
2024-12-09T00:00:00Z,LINKUSD,26.10825,27.33196,19.74833,22.27832,1201092.51534722
2024-12-10T00:00:00Z,LINKUSD,22.26344,23.76075,20.26500,22.11685,685368.00428222
2024-12-11T00:00:00Z,LINKUSD,22.13302,24.32489,21.17971,24.11399,519977.78872446
2024-12-12T00:00:00Z,LINKUSD,24.08842,29.52494,23.91475,29.10157,1412749.86844899
2024-12-13T00:00:00Z,LINKUSD,29.13873,30.91023,27.52353,29.01605,687352.12014689
2024-12-14T00:00:00Z,LINKUSD,29.01244,30.74177,28.72126,29.12656,543609.58958063
2024-12-15T00:00:00Z,LINKUSD,29.11668,29.83913,28.03955,29.26263,377808.25057567
2024-12-16T00:00:00Z,LINKUSD,29.24729,30.79447,28.44530,28.75144,486478.91665675
2024-12-17T00:00:00Z,LINKUSD,28.75000,29.05505,27.35096,27.81264,413955.47267648
2024-12-18T00:00:00Z,LINKUSD,27.84783,28.39744,24.72631,24.86762,532317.56272546
2024-12-19T00:00:00Z,LINKUSD,24.86761,25.57835,21.69551,22.78380,962632.19557355
2024-12-20T00:00:00Z,LINKUSD,22.79703,23.67947,20.01498,23.38049,628800.20398563
2024-12-21T00:00:00Z,LINKUSD,23.38120,24.94718,21.77000,22.09549,381644.28332772
2024-12-22T00:00:00Z,LINKUSD,22.10302,22.76377,21.27741,22.06036,206294.94161177
2024-12-23T00:00:00Z,LINKUSD,22.07004,24.90683,21.49900,24.51476,454676.60438229
2024-12-24T00:00:00Z,LINKUSD,24.54386,25.95413,23.50844,25.39529,381245.07105822
2024-12-25T00:00:00Z,LINKUSD,25.41215,25.53536,24.14507,24.40645,200710.65072050
2024-12-26T00:00:00Z,LINKUSD,24.39207,24.66398,22.40210,22.64355,301945.24333481
2024-12-27T00:00:00Z,LINKUSD,22.64118,23.64577,21.35910,21.52454,175557.79572809
2024-12-28T00:00:00Z,LINKUSD,21.51372,22.31074,21.04697,21.94664,155124.60865239
2024-12-29T00:00:00Z,LINKUSD,21.95222,21.95222,20.73639,20.90899,144415.34532832
2024-12-30T00:00:00Z,LINKUSD,20.88743,21.76458,20.04796,20.57982,297688.03494131
2024-12-31T00:00:00Z,LINKUSD,20.52767,21.14847,19.80003,19.97683,151794.89300191
2025-01-01T00:00:00Z,LINKUSD,19.97632,21.80761,19.67302,21.69748,171670.14365874
2025-01-02T00:00:00Z,LINKUSD,21.70020,22.86158,21.69281,22.04371,183611.25906751
2025-01-03T00:00:00Z,LINKUSD,22.04371,23.89347,21.64645,23.45668,345583.73527210
2025-01-04T00:00:00Z,LINKUSD,23.45853,24.03895,22.85303,23.59514,184808.57482846
2025-01-05T00:00:00Z,LINKUSD,23.60721,23.80332,22.86800,23.57678,91826.06983000
2025-01-06T00:00:00Z,LINKUSD,23.58396,24.77605,23.02991,23.85512,258558.92027203
2025-01-07T00:00:00Z,LINKUSD,23.76531,23.83181,21.18480,21.39310,299273.75914338
2025-01-08T00:00:00Z,LINKUSD,21.38904,21.71845,19.57326,20.43720,362348.76748002
2025-01-09T00:00:00Z,LINKUSD,20.43583,20.70368,19.13500,19.64387,195431.71821504
2025-01-10T00:00:00Z,LINKUSD,19.64593,20.51844,19.54000,20.24139,200733.81540586
2025-01-11T00:00:00Z,LINKUSD,20.25269,20.65000,19.82019,20.19107,108450.35657925
2025-01-12T00:00:00Z,LINKUSD,20.19108,20.30682,19.58030,19.83364,239193.42658313
2025-01-13T00:00:00Z,LINKUSD,19.82510,20.40691,17.84267,19.36044,304620.81188370
2025-01-14T00:00:00Z,LINKUSD,19.36105,20.47406,19.26811,20.30205,143955.62626337
2025-01-15T00:00:00Z,LINKUSD,20.30640,22.14325,20.11000,22.11730,250906.06269571
2025-01-16T00:00:00Z,LINKUSD,22.10999,23.75940,21.30964,23.00899,378648.15491277
2025-01-17T00:00:00Z,LINKUSD,23.01000,25.21713,23.01000,25.09758,287457.04067477
2025-01-18T00:00:00Z,LINKUSD,25.09757,25.66101,23.32460,24.06839,429337.21403732
2025-01-19T00:00:00Z,LINKUSD,24.06092,26.64685,22.12333,24.30647,1084339.01880887
2025-01-20T00:00:00Z,LINKUSD,24.29516,26.90033,23.35883,25.05408,939564.83215475
2025-01-21T00:00:00Z,LINKUSD,25.05441,27.06369,23.67427,26.74819,504632.18729822
2025-01-22T00:00:00Z,LINKUSD,26.67165,27.20000,25.15621,25.26918,288883.72781619
2025-01-23T00:00:00Z,LINKUSD,25.26010,28.07124,23.99253,25.68212,426053.72084014
2025-01-24T00:00:00Z,LINKUSD,25.66984,26.41487,24.87645,25.18697,265329.88810429
2025-01-25T00:00:00Z,LINKUSD,25.18697,25.40775,24.69951,24.92000,126255.85306316
2025-01-26T00:00:00Z,LINKUSD,24.91999,26.36500,24.75070,24.85111,249146.17761608
2025-01-27T00:00:00Z,LINKUSD,24.85485,25.09687,22.19027,24.20088,636059.03527859
2025-01-28T00:00:00Z,LINKUSD,24.20088,24.63770,22.35742,22.61700,417578.45658270
2025-01-29T00:00:00Z,LINKUSD,22.61701,24.43285,22.25000,23.63163,450304.22866763
2025-01-30T00:00:00Z,LINKUSD,23.64028,25.20000,23.42503,24.46939,184538.38091062
2025-01-31T00:00:00Z,LINKUSD,24.46659,26.38816,24.12741,25.14000,255835.05479206
2025-02-01T00:00:00Z,LINKUSD,25.14000,25.93540,22.88969,22.98703,267289.19029361
2025-02-02T00:00:00Z,LINKUSD,22.98533,23.33263,19.29358,20.46372,916306.48599017
2025-02-03T00:00:00Z,LINKUSD,20.46109,22.04019,15.80252,21.67857,1060849.54282587
2025-02-04T00:00:00Z,LINKUSD,21.70455,21.73299,19.33167,20.01990,513474.78870954
2025-02-05T00:00:00Z,LINKUSD,19.99606,20.27162,18.96967,19.18218,264997.53389328
2025-02-06T00:00:00Z,LINKUSD,19.18730,19.93508,18.41816,18.58992,313962.16781635
2025-02-07T00:00:00Z,LINKUSD,18.59602,19.85000,17.80321,18.38405,215197.70067609
2025-02-08T00:00:00Z,LINKUSD,18.38252,18.63033,17.87959,18.44260,104994.54365665
2025-02-09T00:00:00Z,LINKUSD,18.44502,18.99270,17.44614,18.28588,219354.91340667
2025-02-10T00:00:00Z,LINKUSD,18.27549,19.12310,17.68347,18.80453,110549.75270959
2025-02-11T00:00:00Z,LINKUSD,18.80069,19.78170,18.21491,18.64090,274471.38123128
2025-02-12T00:00:00Z,LINKUSD,18.64682,19.49803,17.66667,19.20372,278448.91946285
2025-02-13T00:00:00Z,LINKUSD,19.20372,19.31565,18.20098,18.55922,177179.23613973
2025-02-14T00:00:00Z,LINKUSD,18.55917,19.83569,18.46384,19.38071,190794.84901062
2025-02-15T00:00:00Z,LINKUSD,19.39499,19.64195,18.71240,18.98267,117832.86719747
2025-02-16T00:00:00Z,LINKUSD,18.98959,19.27139,18.56319,18.70884,115309.22222658
2025-02-17T00:00:00Z,LINKUSD,18.70458,19.78000,18.39136,19.09646,235579.87175153
2025-02-18T00:00:00Z,LINKUSD,19.11033,19.17954,17.27165,17.84149,768767.92608152
2025-02-19T00:00:00Z,LINKUSD,17.84878,18.17000,17.44408,17.98195,157051.46253970
2025-02-20T00:00:00Z,LINKUSD,17.98967,18.45120,17.82724,18.28927,119006.95623834
2025-02-21T00:00:00Z,LINKUSD,18.29142,19.04454,17.11765,17.40000,376432.59215689
2025-02-22T00:00:00Z,LINKUSD,17.40176,18.02183,17.31722,17.75369,114723.28245872
2025-02-23T00:00:00Z,LINKUSD,17.75414,18.13025,17.44485,17.61060,56091.59838827
2025-02-24T00:00:00Z,LINKUSD,17.61466,17.73600,14.95774,15.24068,291238.26423491
2025-02-25T00:00:00Z,LINKUSD,15.24209,15.55237,14.01129,15.28192,347050.12803648
2025-02-26T00:00:00Z,LINKUSD,15.29344,15.74511,14.60000,15.23274,240787.74360903
2025-02-27T00:00:00Z,LINKUSD,15.24013,15.75311,14.77075,15.09415,132403.04523747
2025-02-28T00:00:00Z,LINKUSD,15.09589,15.17497,13.45787,14.82223,271471.82530096
2025-03-01T00:00:00Z,LINKUSD,14.81374,15.12139,14.21675,14.75526,146942.13506028
2025-03-02T00:00:00Z,LINKUSD,14.73640,17.52410,14.42000,17.45557,489343.64334503
2025-03-03T00:00:00Z,LINKUSD,17.42317,17.47378,14.37064,14.43381,399000.62639156
2025-03-04T00:00:00Z,LINKUSD,14.43592,15.33257,13.08000,14.85573,479152.73867751
2025-03-05T00:00:00Z,LINKUSD,14.86216,16.58211,14.62378,16.43111,290016.51388467
2025-03-06T00:00:00Z,LINKUSD,16.41655,17.65914,16.38758,17.05634,535922.74897389
2025-03-07T00:00:00Z,LINKUSD,17.05632,17.50030,15.75000,15.94065,483870.32253507
2025-03-08T00:00:00Z,LINKUSD,15.94329,16.06230,15.12392,15.24662,146863.84129233
2025-03-09T00:00:00Z,LINKUSD,15.24899,15.34967,13.62463,13.78388,265395.10393618
2025-03-10T00:00:00Z,LINKUSD,13.79048,14.54397,12.42874,12.64833,344772.94929598
2025-03-11T00:00:00Z,LINKUSD,12.64544,13.64406,11.85713,13.09717,457728.15935755
2025-03-12T00:00:00Z,LINKUSD,13.14153,13.81000,12.65967,13.48668,213773.76818565
2025-03-13T00:00:00Z,LINKUSD,13.49164,13.57758,12.71768,13.03961,109726.06035607
2025-03-14T00:00:00Z,LINKUSD,13.04001,14.67298,12.98959,13.65061,410707.98449772
2025-03-15T00:00:00Z,LINKUSD,13.65061,14.23441,13.64676,14.01416,104470.03805358
2025-03-16T00:00:00Z,LINKUSD,14.01415,14.18010,13.22549,13.37612,165107.67349273
2025-03-17T00:00:00Z,LINKUSD,13.37612,14.23878,13.37611,14.04087,136332.69606017
2025-03-18T00:00:00Z,LINKUSD,14.04412,14.25920,13.46328,13.91722,144788.15764063
2025-03-19T00:00:00Z,LINKUSD,13.91011,15.03106,13.78135,15.01230,194848.22588692
2025-03-20T00:00:00Z,LINKUSD,15.02681,15.17112,14.06955,14.21232,158144.40415800
2025-03-21T00:00:00Z,LINKUSD,14.21383,14.37475,13.83239,13.95417,99891.34164175
2025-03-22T00:00:00Z,LINKUSD,13.95416,14.49368,13.93394,14.24321,71010.28799771
2025-03-23T00:00:00Z,LINKUSD,14.24240,14.48961,14.21248,14.45698,213754.33110472
2025-03-24T00:00:00Z,LINKUSD,14.46200,15.39000,14.15999,15.12145,152829.58328907
2025-03-25T00:00:00Z,LINKUSD,15.12832,15.64000,14.87991,15.46030,128840.36896885
2025-03-26T00:00:00Z,LINKUSD,15.41960,15.99000,14.94600,15.26201,288306.60432206
2025-03-27T00:00:00Z,LINKUSD,15.24252,15.78159,15.17332,15.50438,111570.81333716
2025-03-28T00:00:00Z,LINKUSD,15.51900,15.58053,14.00813,14.24586,168719.05607687
2025-03-29T00:00:00Z,LINKUSD,14.24730,14.39656,13.37644,13.55200,89218.28369972
2025-03-30T00:00:00Z,LINKUSD,13.54147,13.84171,13.20683,13.40205,110923.95831496
2025-03-31T00:00:00Z,LINKUSD,13.40342,13.70816,12.96337,13.51079,98085.19172305
2025-04-01T00:00:00Z,LINKUSD,13.50651,14.39001,13.49800,14.03094,112704.01077541
2025-04-02T00:00:00Z,LINKUSD,14.04890,14.39967,12.81513,12.90000,173978.48379201
2025-04-03T00:00:00Z,LINKUSD,12.89721,13.30503,12.31001,12.88246,136031.89008007
2025-04-04T00:00:00Z,LINKUSD,12.89937,13.18205,12.35659,12.93719,136894.01689979
2025-04-05T00:00:00Z,LINKUSD,12.94021,13.03910,12.58000,12.84297,65904.68903603
2025-04-06T00:00:00Z,LINKUSD,12.84356,12.93527,11.00100,11.27965,205242.86662750
2025-04-07T00:00:00Z,LINKUSD,11.28262,11.85884,10.11700,11.44029,258831.45322883
2025-04-08T00:00:00Z,LINKUSD,11.43489,11.87199,10.78088,10.91287,230948.05168403
2025-04-09T00:00:00Z,LINKUSD,10.90910,12.81344,10.44600,12.64949,240726.56607494
2025-04-10T00:00:00Z,LINKUSD,12.64495,12.65555,11.67509,12.08692,143894.16262730
2025-04-11T00:00:00Z,LINKUSD,12.06857,12.89198,12.03002,12.66307,347743.30449090
2025-04-12T00:00:00Z,LINKUSD,12.64269,13.27962,12.47180,13.14329,105236.48451717
2025-04-13T00:00:00Z,LINKUSD,13.15068,13.21978,12.42698,12.62019,163515.77445357
2025-04-14T00:00:00Z,LINKUSD,12.62551,13.23317,12.57119,12.62957,182389.45887078
2025-04-15T00:00:00Z,LINKUSD,12.63577,12.83000,12.22001,12.23325,88735.44492175
2025-04-16T00:00:00Z,LINKUSD,12.23010,12.52075,11.90907,12.35933,128710.83656256
2025-04-17T00:00:00Z,LINKUSD,12.35724,12.69080,12.20165,12.52935,67949.61222603
2025-04-18T00:00:00Z,LINKUSD,12.53774,12.70819,12.41267,12.54925,49783.18010975
2025-04-19T00:00:00Z,LINKUSD,12.55792,13.04056,12.54487,12.94511,43850.70179356
2025-04-20T00:00:00Z,LINKUSD,12.94001,13.58736,12.87776,13.27225,38436.81753013
2025-04-21T00:00:00Z,LINKUSD,13.27800,13.68954,12.98000,13.11062,86150.63451670
2025-04-22T00:00:00Z,LINKUSD,13.10888,14.16374,12.86809,14.13988,147226.58580264
2025-04-23T00:00:00Z,LINKUSD,14.12956,15.26927,14.02925,15.02093,209862.75550140
2025-04-24T00:00:00Z,LINKUSD,15.02055,15.13969,14.17198,15.03236,164466.02914643
2025-04-25T00:00:00Z,LINKUSD,15.05459,15.35404,14.72735,14.94000,163889.68732186
2025-04-26T00:00:00Z,LINKUSD,14.93176,15.27233,14.68379,14.86769,56804.44247535
2025-04-27T00:00:00Z,LINKUSD,14.87397,15.09437,14.39125,14.57089,55527.86610959
2025-04-28T00:00:00Z,LINKUSD,14.58229,15.10168,14.26900,15.02022,74378.89824182
2025-04-29T00:00:00Z,LINKUSD,15.02022,15.23197,14.49131,14.61917,88718.00440034
2025-04-30T00:00:00Z,LINKUSD,14.60973,14.74497,13.84295,14.30039,106326.50097465
2025-05-01T00:00:00Z,LINKUSD,14.29697,15.02925,14.29697,14.75001,103196.12360301
2025-05-02T00:00:00Z,LINKUSD,14.75260,15.03466,14.49880,14.66133,73656.98389164
2025-05-03T00:00:00Z,LINKUSD,14.66334,14.66509,14.17855,14.26237,45100.45814077
2025-05-04T00:00:00Z,LINKUSD,14.24472,14.36483,13.82741,13.86643,62070.09517229
2025-05-05T00:00:00Z,LINKUSD,13.86378,14.20226,13.49500,13.63880,83329.43117157
2025-05-06T00:00:00Z,LINKUSD,13.64200,13.87895,13.20612,13.81653,103708.84002209
2025-05-07T00:00:00Z,LINKUSD,13.81926,14.07245,13.47136,13.81745,114684.54758424
2025-05-08T00:00:00Z,LINKUSD,13.82745,15.96126,13.82258,15.87217,236615.02280825
2025-05-09T00:00:00Z,LINKUSD,15.88611,16.71286,15.58562,15.99001,341585.52768863
2025-05-10T00:00:00Z,LINKUSD,16.01829,17.45886,15.87006,17.30715,203849.50604251
2025-05-11T00:00:00Z,LINKUSD,17.32634,17.39897,16.31556,17.09911,982870.55074150
2025-05-12T00:00:00Z,LINKUSD,17.10400,17.95855,16.04699,16.75514,423441.02303309
2025-05-13T00:00:00Z,LINKUSD,16.73597,17.79999,16.04699,17.40027,226943.04160675
2025-05-14T00:00:00Z,LINKUSD,17.39166,17.52383,16.69666,17.02234,150687.69865625
2025-05-15T00:00:00Z,LINKUSD,17.02397,17.21295,15.71284,16.04630,342750.40911064
2025-05-16T00:00:00Z,LINKUSD,16.04460,16.53593,15.62073,15.75240,115756.99075789
2025-05-17T00:00:00Z,LINKUSD,15.75959,15.77340,15.10582,15.32535,130455.41151056
2025-05-18T00:00:00Z,LINKUSD,15.32867,16.39705,14.91580,15.88261,199074.19449286
2025-05-19T00:00:00Z,LINKUSD,15.88074,16.00120,14.85000,15.78602,200179.49752806
2025-05-20T00:00:00Z,LINKUSD,15.79047,16.40000,15.24579,15.70734,154450.17874550
2025-05-21T00:00:00Z,LINKUSD,15.70894,16.48188,15.51302,16.12200,269365.97061612
2025-05-22T00:00:00Z,LINKUSD,16.10334,16.89551,16.04351,16.73989,234942.30356960
2025-05-23T00:00:00Z,LINKUSD,16.73938,17.14509,15.42974,15.55311,302835.96816583
2025-05-24T00:00:00Z,LINKUSD,15.52414,15.90036,15.26461,15.36000,92292.50577115
2025-05-25T00:00:00Z,LINKUSD,15.35167,15.55382,14.86644,15.53809,146029.67014829
2025-05-26T00:00:00Z,LINKUSD,15.54382,15.96723,15.42237,15.52871,126081.81494213
2025-05-27T00:00:00Z,LINKUSD,15.53497,16.11809,15.17105,15.93019,105872.44700025
2025-05-28T00:00:00Z,LINKUSD,15.91475,16.13695,15.31879,15.67653,217652.62481428
2025-05-29T00:00:00Z,LINKUSD,15.68341,16.17760,15.01200,15.05581,211370.49850797
2025-05-30T00:00:00Z,LINKUSD,15.04737,15.10778,13.76130,13.90603,435184.51714006
2025-05-31T00:00:00Z,LINKUSD,13.90136,14.18357,13.41469,13.96585,324983.76534173
2025-06-01T00:00:00Z,LINKUSD,13.97272,14.12262,13.60000,14.05607,106940.16392776
2025-06-02T00:00:00Z,LINKUSD,14.05783,14.11404,13.60897,14.08148,174398.44383564
2025-06-03T00:00:00Z,LINKUSD,14.08113,14.43724,14.00258,14.11841,166038.70944148
2025-06-04T00:00:00Z,LINKUSD,14.12024,14.47682,13.71586,13.85057,232064.85115311
2025-06-05T00:00:00Z,LINKUSD,13.83488,14.03000,12.63558,12.89593,157594.98387110
2025-06-06T00:00:00Z,LINKUSD,12.89566,13.68831,12.83657,13.57271,160073.69895393
2025-06-07T00:00:00Z,LINKUSD,13.58302,14.08038,13.50540,13.82683,261632.76249805
2025-06-08T00:00:00Z,LINKUSD,13.82702,13.97127,13.57000,13.72767,133008.71956312
2025-06-09T00:00:00Z,LINKUSD,13.73042,14.39396,13.53750,14.35742,268721.88661648
2025-06-10T00:00:00Z,LINKUSD,14.34218,15.52398,14.33796,15.44076,304173.19628429
2025-06-11T00:00:00Z,LINKUSD,15.44045,15.64395,14.78737,14.91273,277402.34290761
2025-06-12T00:00:00Z,LINKUSD,14.88415,14.91430,13.84172,13.98435,148829.38167865
2025-06-13T00:00:00Z,LINKUSD,13.97907,13.99122,12.77521,13.44373,201202.89977754
2025-06-14T00:00:00Z,LINKUSD,13.44790,13.45988,12.85000,13.15551,110821.15647636
2025-06-15T00:00:00Z,LINKUSD,13.15815,13.32764,13.00087,13.29779,91596.54902521
2025-06-16T00:00:00Z,LINKUSD,13.30077,14.14819,13.18113,13.53497,277306.42943719
2025-06-17T00:00:00Z,LINKUSD,13.56969,13.77133,12.81250,12.99780,228631.93579844
2025-06-18T00:00:00Z,LINKUSD,12.99316,13.20600,12.64081,13.11000,265470.69064215
2025-06-19T00:00:00Z,LINKUSD,13.11000,13.37637,12.91311,13.07458,119657.70370092
2025-06-20T00:00:00Z,LINKUSD,13.07362,13.27585,12.30906,12.51587,172790.41202472
2025-06-21T00:00:00Z,LINKUSD,12.50467,12.73734,11.66375,12.02174,158083.40162775
2025-06-22T00:00:00Z,LINKUSD,12.04062,12.18729,10.94232,11.65255,458862.18786301
2025-06-23T00:00:00Z,LINKUSD,11.65425,12.94766,11.41573,12.82842,411892.34394630
2025-06-24T00:00:00Z,LINKUSD,12.84895,13.73107,12.80675,13.41000,261701.96435105
2025-06-25T00:00:00Z,LINKUSD,13.41000,13.50000,13.00134,13.14672,116793.86505272
2025-06-26T00:00:00Z,LINKUSD,13.14673,13.55674,12.89510,12.93001,91843.56552566
2025-06-27T00:00:00Z,LINKUSD,12.94351,13.23857,12.75000,13.06134,99593.18717137
2025-06-28T00:00:00Z,LINKUSD,13.05843,13.44101,13.01958,13.40426,49076.96086523
2025-06-29T00:00:00Z,LINKUSD,13.40521,13.85950,13.25029,13.71220,189461.53854038
2025-06-30T00:00:00Z,LINKUSD,13.71273,13.77128,13.13992,13.37596,247126.25165304
2025-07-01T00:00:00Z,LINKUSD,13.37573,13.43323,12.80000,12.89842,154877.19704026
2025-07-02T00:00:00Z,LINKUSD,12.89930,13.84165,12.74419,13.55618,252100.78775379
2025-07-03T00:00:00Z,LINKUSD,13.56000,14.07244,13.44475,13.65752,379964.18640628
2025-07-04T00:00:00Z,LINKUSD,13.65752,13.77146,12.94648,13.16293,145805.65751400
2025-07-05T00:00:00Z,LINKUSD,13.16411,13.26390,13.01010,13.23062,19077.71259220
2025-07-06T00:00:00Z,LINKUSD,13.23449,13.68844,13.11122,13.50368,49849.94879065
2025-07-07T00:00:00Z,LINKUSD,13.49178,13.71765,13.26157,13.43339,70317.35129253
2025-07-08T00:00:00Z,LINKUSD,13.43512,13.99000,13.21560,13.96574,161159.62601056
2025-07-09T00:00:00Z,LINKUSD,13.97080,14.36532,13.81200,14.25640,218752.14389409
2025-07-10T00:00:00Z,LINKUSD,14.25401,15.33612,14.15660,15.25060,305704.67665831
2025-07-11T00:00:00Z,LINKUSD,15.24291,15.88000,15.03316,15.29806,440557.41718109
2025-07-12T00:00:00Z,LINKUSD,15.28988,15.47189,14.72222,15.09742,209832.64098664
2025-07-13T00:00:00Z,LINKUSD,15.10618,15.93874,15.06062,15.64862,199047.92380809
2025-07-14T00:00:00Z,LINKUSD,15.66004,16.45792,15.56670,15.73903,634015.49248434
2025-07-15T00:00:00Z,LINKUSD,15.76166,16.18044,15.15308,16.11200,383168.24037695
2025-07-16T00:00:00Z,LINKUSD,16.10931,17.04290,15.82650,16.67553,630724.62478067
2025-07-17T00:00:00Z,LINKUSD,16.68099,18.10544,16.33045,18.01605,728480.66934512
2025-07-18T00:00:00Z,LINKUSD,18.00948,19.13872,17.35000,17.82317,984540.12399943
2025-07-19T00:00:00Z,LINKUSD,17.83334,18.54023,17.56135,18.39938,289239.99102372
2025-07-20T00:00:00Z,LINKUSD,18.40045,19.96578,18.34495,19.29403,609978.67457834
2025-07-21T00:00:00Z,LINKUSD,19.29388,20.26245,19.01286,19.50315,509680.31941569
2025-07-22T00:00:00Z,LINKUSD,19.50958,20.00001,18.63694,19.66619,532200.11825254
2025-07-23T00:00:00Z,LINKUSD,19.67004,19.77866,17.56863,18.19684,493813.85285558
2025-07-24T00:00:00Z,LINKUSD,18.18770,18.68420,17.16848,17.89937,291461.14746267
2025-07-25T00:00:00Z,LINKUSD,17.89937,18.50791,17.27231,18.28621,285144.87968303
2025-07-26T00:00:00Z,LINKUSD,18.28620,18.63317,18.18096,18.40550,158668.83349343
2025-07-27T00:00:00Z,LINKUSD,18.41293,19.28373,18.37384,19.24707,437089.38158024
2025-07-28T00:00:00Z,LINKUSD,19.24204,19.54297,17.98440,18.09995,373866.22725065
2025-07-29T00:00:00Z,LINKUSD,18.11748,18.76295,17.48409,17.83143,651349.23000534
2025-07-30T00:00:00Z,LINKUSD,17.83046,17.93750,16.76600,17.70938,206371.26405195
2025-07-31T00:00:00Z,LINKUSD,17.70844,18.21991,16.86620,16.91817,258100.38776542
2025-08-01T00:00:00Z,LINKUSD,16.93006,17.03497,15.67830,16.06596,412978.30480410
2025-08-02T00:00:00Z,LINKUSD,16.06381,16.23910,15.42991,15.62411,179523.63770189
2025-08-03T00:00:00Z,LINKUSD,15.64301,16.40070,15.45000,16.30409,120468.64400680
2025-08-04T00:00:00Z,LINKUSD,16.30023,17.19014,16.28534,17.10344,246006.43886284
2025-08-05T00:00:00Z,LINKUSD,17.11424,17.11854,16.07425,16.38986,173220.09956388
2025-08-06T00:00:00Z,LINKUSD,16.38221,16.89158,16.03740,16.68449,94793.99929235
2025-08-07T00:00:00Z,LINKUSD,16.67822,18.48999,16.59248,18.46875,405027.95439995
2025-08-08T00:00:00Z,LINKUSD,18.47547,19.95000,18.10360,19.88413,897085.14694102
2025-08-09T00:00:00Z,LINKUSD,19.89467,21.98556,19.79828,21.93200,556635.41222884
2025-08-10T00:00:00Z,LINKUSD,21.95783,22.68000,21.16151,22.07643,792582.50483949
2025-08-11T00:00:00Z,LINKUSD,22.07657,22.59564,20.85218,21.08047,496001.49041755
2025-08-12T00:00:00Z,LINKUSD,21.07146,24.19300,21.01352,23.59809,1049098.64393963
2025-08-13T00:00:00Z,LINKUSD,23.59289,24.73324,23.26041,23.96825,794766.52435725
2025-08-14T00:00:00Z,LINKUSD,23.96826,24.30000,21.49475,22.47999,825631.97378977
2025-08-15T00:00:00Z,LINKUSD,22.47586,23.03637,21.38124,21.76428,378560.99021062
2025-08-16T00:00:00Z,LINKUSD,21.77156,22.97689,21.43134,22.64074,356579.58819736
2025-08-17T00:00:00Z,LINKUSD,22.65119,26.35358,22.40000,25.66142,962059.84481919
2025-08-18T00:00:00Z,LINKUSD,25.65541,26.73700,24.28656,25.78767,1623643.74709265
2025-08-19T00:00:00Z,LINKUSD,25.78614,25.82061,23.44216,23.55042,1113370.06889245
2025-08-20T00:00:00Z,LINKUSD,23.55348,26.87792,23.39000,26.43700,1161400.25976838
2025-08-21T00:00:00Z,LINKUSD,26.45989,26.59999,24.62642,24.81332,741265.58250954
2025-08-22T00:00:00Z,LINKUSD,24.81322,27.83764,24.12605,26.77286,1664163.00729723
2025-08-23T00:00:00Z,LINKUSD,26.77287,26.80411,25.52768,26.27301,476946.15007188
2025-08-24T00:00:00Z,LINKUSD,26.28696,26.72567,25.25109,25.80993,858062.82282306
2025-08-25T00:00:00Z,LINKUSD,25.82156,26.42780,23.07582,23.39824,994458.43358635
2025-08-26T00:00:00Z,LINKUSD,23.39363,24.74000,22.87754,24.37833,538808.47009401
2025-08-27T00:00:00Z,LINKUSD,24.38436,24.67453,23.58157,23.76051,428577.13172660
2025-08-28T00:00:00Z,LINKUSD,23.76054,26.00000,23.57172,25.20181,929323.87098210
2025-08-29T00:00:00Z,LINKUSD,25.17831,25.22449,23.12000,23.42458,763635.11606221
2025-08-30T00:00:00Z,LINKUSD,23.43067,23.50000,22.81728,23.48799,233208.76673120
2025-08-31T00:00:00Z,LINKUSD,23.48800,24.04016,23.17082,23.19395,324923.62106091
2025-09-01T00:00:00Z,LINKUSD,23.18926,23.84861,22.10000,22.52016,416774.72305600
2025-09-02T00:00:00Z,LINKUSD,22.51742,23.58722,22.36127,23.47831,379898.67661195
2025-09-03T00:00:00Z,LINKUSD,23.48610,23.90254,23.21813,23.69276,208816.21254810
2025-09-04T00:00:00Z,LINKUSD,23.70531,23.95551,22.20500,22.32001,503543.12414439
2025-09-05T00:00:00Z,LINKUSD,22.32001,23.23740,22.04533,22.29500,469438.50229407
2025-09-06T00:00:00Z,LINKUSD,22.29394,22.49352,21.86949,22.19583,176868.51022235
2025-09-07T00:00:00Z,LINKUSD,22.20031,22.59804,22.11780,22.46623,171242.83388348
2025-09-08T00:00:00Z,LINKUSD,22.46273,23.27890,22.23484,23.03808,324405.12350390
2025-09-09T00:00:00Z,LINKUSD,23.03808,23.80000,22.81931,23.04782,252114.39129695
2025-09-10T00:00:00Z,LINKUSD,23.04601,23.93157,22.90163,23.56414,330821.23330970
2025-09-11T00:00:00Z,LINKUSD,23.58061,24.50000,23.27701,24.48710,287662.48231807
2025-09-12T00:00:00Z,LINKUSD,24.47000,25.33721,24.17220,25.15440,384614.87308585
2025-09-13T00:00:00Z,LINKUSD,25.15441,25.63462,24.45604,24.89990,439684.77678298
2025-09-14T00:00:00Z,LINKUSD,24.90360,25.02371,23.82858,24.14341,345935.10037701
2025-09-15T00:00:00Z,LINKUSD,24.11392,24.44316,22.98374,23.58382,259930.98353812
2025-09-16T00:00:00Z,LINKUSD,23.58382,23.74547,23.09999,23.49250,186576.18793250
2025-09-17T00:00:00Z,LINKUSD,23.49252,24.22122,22.78400,24.00072,396434.91127458
2025-09-18T00:00:00Z,LINKUSD,23.99573,24.74284,23.69625,24.62936,357182.66607137
2025-09-19T00:00:00Z,LINKUSD,24.62719,24.88592,23.30000,23.48523,276271.51132886
2025-09-20T00:00:00Z,LINKUSD,23.48515,23.65000,23.12800,23.34369,116596.91600662
2025-09-21T00:00:00Z,LINKUSD,23.34062,23.48229,22.92569,22.96098,231105.46414802
2025-09-22T00:00:00Z,LINKUSD,22.96359,23.05092,20.12501,21.66000,714579.76058220
2025-09-23T00:00:00Z,LINKUSD,21.66625,22.02838,21.18046,21.51603,237527.90350358
2025-09-24T00:00:00Z,LINKUSD,21.51921,21.97110,21.00505,21.62740,225559.48778109
2025-09-25T00:00:00Z,LINKUSD,21.61448,21.66805,19.85000,20.12948,453475.85596819
2025-09-26T00:00:00Z,LINKUSD,20.17102,21.24781,19.94450,21.07512,203578.13686771
2025-09-27T00:00:00Z,LINKUSD,21.07795,21.15182,20.75185,20.91192,122988.30505449
2025-09-28T00:00:00Z,LINKUSD,20.91192,21.70718,20.44420,21.68428,188458.59504192
2025-09-29T00:00:00Z,LINKUSD,21.66749,21.90030,20.92820,21.74422,277555.30009433
2025-09-30T00:00:00Z,LINKUSD,21.74106,21.84820,21.00000,21.30899,247433.54330616
2025-10-01T00:00:00Z,LINKUSD,21.31145,22.63195,21.06989,22.57279,377706.00267441
2025-10-02T00:00:00Z,LINKUSD,22.59302,23.14974,21.94915,22.79069,285653.78940799
2025-10-03T00:00:00Z,LINKUSD,22.80135,23.09847,22.12519,22.51464,316755.23576670
2025-10-04T00:00:00Z,LINKUSD,22.51987,22.62827,21.76560,22.03585,193085.61038984
2025-10-05T00:00:00Z,LINKUSD,22.03585,22.93348,21.90861,22.00911,323961.62717071
2025-10-06T00:00:00Z,LINKUSD,22.00911,23.59256,21.52827,23.37647,520433.94319930
2025-10-07T00:00:00Z,LINKUSD,23.36926,23.72506,21.78288,21.81243,571730.77934153
2025-10-08T00:00:00Z,LINKUSD,21.81531,22.66413,21.65944,22.63000,294979.42310992
2025-10-09T00:00:00Z,LINKUSD,22.63000,22.66413,21.29882,22.01768,272474.99948475
2025-10-10T00:00:00Z,LINKUSD,22.00545,22.78000,10.20000,17.36276,1505640.85498444
2025-10-11T00:00:00Z,LINKUSD,17.33454,18.52611,16.60541,17.22100,687147.31524856
2025-10-12T00:00:00Z,LINKUSD,17.21672,19.42792,16.70420,19.01030,591201.85018238
2025-10-13T00:00:00Z,LINKUSD,19.01862,20.20000,18.76607,19.85279,421732.05505973
2025-10-14T00:00:00Z,LINKUSD,19.86528,20.04432,18.09921,19.10782,473208.42944127
2025-10-15T00:00:00Z,LINKUSD,19.11545,19.24325,17.72485,18.06878,423891.23699097
2025-10-16T00:00:00Z,LINKUSD,18.06879,18.61405,17.11967,17.41842,445743.23542427
2025-10-17T00:00:00Z,LINKUSD,17.42738,17.67170,15.70151,16.60339,603799.06810130
2025-10-18T00:00:00Z,LINKUSD,16.60750,16.99231,16.58336,16.80940,203601.92889552
2025-10-19T00:00:00Z,LINKUSD,16.80941,17.66021,16.54124,17.28459,273394.81416931
2025-10-20T00:00:00Z,LINKUSD,17.28446,19.18527,16.93392,18.65000,773623.33216212
2025-10-21T00:00:00Z,LINKUSD,18.68271,18.96615,17.54241,17.60344,809497.20198822
2025-10-22T00:00:00Z,LINKUSD,17.61509,17.84045,16.75000,17.20394,502668.76046110
2025-10-23T00:00:00Z,LINKUSD,17.19689,17.79256,17.12000,17.43227,302360.88093498
2025-10-24T00:00:00Z,LINKUSD,17.43228,18.08145,17.29868,17.88046,374457.64318797
2025-10-25T00:00:00Z,LINKUSD,17.89854,18.23082,17.80001,18.01663,139920.48149170
2025-10-26T00:00:00Z,LINKUSD,18.01920,18.68216,17.70524,18.53416,199271.82378852
2025-10-27T00:00:00Z,LINKUSD,18.54147,19.03712,18.09617,18.21392,494594.44951945
2025-10-28T00:00:00Z,LINKUSD,18.20633,18.81690,17.42457,17.82940,372495.11124429
2025-10-29T00:00:00Z,LINKUSD,17.82872,18.69894,17.57000,18.12551,631270.64559575
2025-10-30T00:00:00Z,LINKUSD,18.14107,18.41866,16.32140,16.80123,482459.14870914
2025-10-31T00:00:00Z,LINKUSD,16.80122,17.44318,16.74788,17.24129,301003.24443683
2025-11-01T00:00:00Z,LINKUSD,17.22196,17.41816,17.06001,17.14828,104775.69476191
2025-11-02T00:00:00Z,LINKUSD,17.13702,17.61737,16.99833,17.58085,317572.35022187
2025-11-03T00:00:00Z,LINKUSD,17.60000,17.63716,14.61000,15.24227,679655.26281761
2025-11-04T00:00:00Z,LINKUSD,15.23568,15.93279,13.69954,14.71000,1336138.83313983
2025-11-05T00:00:00Z,LINKUSD,14.68772,15.38540,14.00000,15.10312,503244.98548039
2025-11-06T00:00:00Z,LINKUSD,15.09459,15.22550,14.24700,14.73110,319200.08154236
2025-11-07T00:00:00Z,LINKUSD,14.73564,16.32013,14.30525,15.77551,478146.78838297
2025-11-08T00:00:00Z,LINKUSD,15.78697,16.01447,15.12415,15.51707,251732.00597470
2025-11-09T00:00:00Z,LINKUSD,15.50488,16.11647,15.02139,15.91862,227838.63364999
2025-11-10T00:00:00Z,LINKUSD,15.91500,16.65035,15.77553,16.35640,339549.44979472
2025-11-11T00:00:00Z,LINKUSD,16.36100,16.77119,15.24692,15.28850,398274.04771826
2025-11-12T00:00:00Z,LINKUSD,15.27983,16.23408,14.91205,15.14646,306851.86223585
2025-11-13T00:00:00Z,LINKUSD,15.14299,16.01446,14.15000,14.53394,434445.79454915
2025-11-14T00:00:00Z,LINKUSD,14.53045,14.58400,13.56868,13.80807,402326.39722965
2025-11-15T00:00:00Z,LINKUSD,13.79843,14.31895,13.79732,14.12450,196100.17671502
2025-11-16T00:00:00Z,LINKUSD,14.12822,14.53535,13.40000,13.72905,415828.10662891
2025-11-17T00:00:00Z,LINKUSD,13.72963,14.25174,13.06961,13.31476,393433.22479448
2025-11-18T00:00:00Z,LINKUSD,13.31112,13.98053,13.05919,13.79359,373271.31383475
2025-11-19T00:00:00Z,LINKUSD,13.77883,13.80531,12.75546,13.51513,489977.99458118
2025-11-20T00:00:00Z,LINKUSD,13.51249,13.98389,12.75618,12.91017,371360.17319468
2025-11-21T00:00:00Z,LINKUSD,12.91713,13.17345,11.60001,12.10919,586775.55676146
2025-11-22T00:00:00Z,LINKUSD,12.12032,12.29471,11.73806,12.17520,198264.28137984
2025-11-23T00:00:00Z,LINKUSD,12.16772,12.73900,12.11683,12.51102,214177.46920338
2025-11-24T00:00:00Z,LINKUSD,12.50233,13.19580,12.30658,12.96059,395657.06263579
2025-11-25T00:00:00Z,LINKUSD,12.96000,13.20091,12.55001,13.06596,230861.03989184
2025-11-26T00:00:00Z,LINKUSD,13.08301,13.49695,12.74241,13.44916,181808.34032809
2025-11-27T00:00:00Z,LINKUSD,13.45006,13.55582,13.23827,13.34622,193367.72048086
2025-11-28T00:00:00Z,LINKUSD,13.33155,13.52994,13.05306,13.11929,139721.25134852
2025-11-29T00:00:00Z,LINKUSD,13.12653,13.20887,12.92701,12.99256,97789.66873146
2025-11-30T00:00:00Z,LINKUSD,12.99165,13.41546,12.95001,12.96269,213765.67471936
2025-12-01T00:00:00Z,LINKUSD,12.95187,12.98501,11.74887,12.07816,388353.61308851
2025-12-02T00:00:00Z,LINKUSD,12.07450,13.58788,11.97763,13.47000,441505.56520249
2025-12-03T00:00:00Z,LINKUSD,13.49253,14.74001,13.43472,14.63510,559723.03664364
2025-12-04T00:00:00Z,LINKUSD,14.64503,14.93050,13.97962,14.26088,304981.71344398
2025-12-05T00:00:00Z,LINKUSD,14.26006,14.40000,13.36851,13.59036,412338.36200016
2025-12-06T00:00:00Z,LINKUSD,13.59614,14.07960,13.50194,13.92306,150192.50470983
2025-12-07T00:00:00Z,LINKUSD,13.91979,14.16000,13.18296,13.65967,323162.09407213
2025-12-08T00:00:00Z,LINKUSD,13.65133,14.28119,13.57805,13.76311,465641.16191775
2025-12-09T00:00:00Z,LINKUSD,13.76311,14.99993,13.55199,14.40751,615867.24479724
2025-12-10T00:00:00Z,LINKUSD,14.41261,14.88146,13.95000,14.09534,456919.14112676
2025-12-11T00:00:00Z,LINKUSD,14.09818,14.20527,13.40045,14.06826,309188.22590435
2025-12-12T00:00:00Z,LINKUSD,14.06001,14.35115,13.28760,13.63407,314816.53862797
2025-12-13T00:00:00Z,LINKUSD,13.64140,13.96035,13.60618,13.74135,123534.09122898
2025-12-14T00:00:00Z,LINKUSD,13.72844,13.79065,13.09890,13.27360,202262.68958299
2025-12-15T00:00:00Z,LINKUSD,13.27257,13.72613,12.47401,12.86259,542665.85068243
2025-12-16T00:00:00Z,LINKUSD,12.85773,13.11815,12.55219,12.93440,236654.60718637
2025-12-17T00:00:00Z,LINKUSD,12.93144,13.17323,12.12328,12.24781,639556.59755575
2025-12-18T00:00:00Z,LINKUSD,12.25830,12.86628,11.74314,11.93198,409331.18919831
2025-12-19T00:00:00Z,LINKUSD,11.93081,12.74840,11.83782,12.52711,241040.12838229
2025-12-20T00:00:00Z,LINKUSD,12.52550,12.70000,12.48087,12.55047,123423.70474746
2025-12-21T00:00:00Z,LINKUSD,12.54782,12.69738,12.22317,12.43515,159583.50557981
2025-12-22T00:00:00Z,LINKUSD,12.44762,12.95514,12.32815,12.56917,395518.63494646
2025-12-23T00:00:00Z,LINKUSD,12.57107,12.68188,12.07262,12.39064,262331.49352461
2025-12-24T00:00:00Z,LINKUSD,12.38946,12.42000,12.00554,12.26660,165754.95243403
2025-12-25T00:00:00Z,LINKUSD,12.26660,12.41591,11.98028,12.06265,172862.50231671
2025-12-26T00:00:00Z,LINKUSD,12.05000,12.51000,12.02354,12.17407,244134.27820743
2025-12-27T00:00:00Z,LINKUSD,12.17474,12.53164,12.15912,12.50272,95567.89440134
2025-12-28T00:00:00Z,LINKUSD,12.50420,12.58000,12.31414,12.47778,134021.55960044
2025-12-29T00:00:00Z,LINKUSD,12.48730,13.00994,12.23769,12.28813,298466.91671651
2025-12-30T00:00:00Z,LINKUSD,12.28812,12.59218,12.25233,12.40289,165783.75377036
2025-12-31T00:00:00Z,LINKUSD,12.40367,12.52791,12.16827,12.18141,262634.11137808
2026-01-01T00:00:00Z,LINKUSD,12.18141,12.60982,12.13096,12.59119,152476.29503787
2026-01-02T00:00:00Z,LINKUSD,12.60982,13.42029,12.57475,13.26344,314488.61338570
2026-01-03T00:00:00Z,LINKUSD,13.26341,13.35882,12.96701,13.22673,179188.83527969
2026-01-04T00:00:00Z,LINKUSD,13.22203,13.56613,13.20741,13.42066,174221.59391658
2026-01-05T00:00:00Z,LINKUSD,13.41992,14.12183,13.37716,13.90898,324471.55904818
2026-01-06T00:00:00Z,LINKUSD,13.91721,14.23258,13.46965,14.04453,334910.20859888
2026-01-07T00:00:00Z,LINKUSD,14.02662,14.03200,13.29001,13.43293,266618.27169040
2026-01-08T00:00:00Z,LINKUSD,13.43156,13.53746,13.01736,13.21001,166134.82575320
2026-01-09T00:00:00Z,LINKUSD,13.21001,13.42000,13.02877,13.12563,147350.52803196
2026-01-10T00:00:00Z,LINKUSD,13.12320,13.22987,13.05328,13.11735,84773.70885867
2026-01-11T00:00:00Z,LINKUSD,13.12117,13.34634,13.02244,13.18282,148497.56080151
2026-01-12T00:00:00Z,LINKUSD,13.18931,13.49790,12.91857,13.07155,261376.81937028
2026-01-13T00:00:00Z,LINKUSD,13.06142,14.16492,13.04614,14.04744,326382.84478915
2026-01-14T00:00:00Z,LINKUSD,14.05226,14.39291,13.84094,14.10666,342211.75269481
2026-01-15T00:00:00Z,LINKUSD,14.11583,14.20070,13.56455,13.78999,254148.69307540
2026-01-16T00:00:00Z,LINKUSD,13.78999,13.85977,13.43778,13.72288,150539.80309247
2026-01-17T00:00:00Z,LINKUSD,13.72006,13.88596,13.62521,13.73638,101119.53271644
2026-01-18T00:00:00Z,LINKUSD,13.73273,13.86648,13.29683,13.30833,119504.91674216
2026-01-19T00:00:00Z,LINKUSD,13.30001,13.30001,12.43000,12.87677,361139.96015485
2026-01-20T00:00:00Z,LINKUSD,12.87669,12.89284,12.01243,12.11608,290554.30195047
2026-01-21T00:00:00Z,LINKUSD,12.11293,12.65000,11.89316,12.39037,276836.84339984
2026-01-22T00:00:00Z,LINKUSD,12.40297,12.56472,12.11399,12.24749,170526.11088954
2026-01-23T00:00:00Z,LINKUSD,12.24597,12.48603,12.03222,12.20506,122177.98667121
2026-01-24T00:00:00Z,LINKUSD,12.21048,12.26782,12.11702,12.18574,71290.06076176
2026-01-25T00:00:00Z,LINKUSD,12.18573,12.19735,11.34919,11.51007,307331.94017448
2026-01-26T00:00:00Z,LINKUSD,11.51255,12.11029,11.50000,11.93450,264632.73360840
2026-01-27T00:00:00Z,LINKUSD,11.93537,12.17110,11.82835,12.03210,255482.34310084
2026-01-28T00:00:00Z,LINKUSD,12.03136,12.04206,11.68088,11.82740,159582.74731314
2026-01-29T00:00:00Z,LINKUSD,11.83889,11.84109,10.81563,11.10800,464461.65773071
2026-01-30T00:00:00Z,LINKUSD,11.10570,11.14412,10.48709,10.76472,525906.64809685
2026-01-31T00:00:00Z,LINKUSD,10.76812,10.80741,8.97435,9.98502,832325.67026891
2026-02-01T00:00:00Z,LINKUSD,9.97594,10.06320,9.21109,9.39292,414251.29199710
2026-02-02T00:00:00Z,LINKUSD,9.39606,10.02162,9.01713,9.79084,554440.48758322
2026-02-03T00:00:00Z,LINKUSD,9.79911,9.87526,9.07622,9.47121,574005.95284133
2026-02-04T00:00:00Z,LINKUSD,9.46968,9.75543,9.01230,9.23608,493542.07808437
2026-02-05T00:00:00Z,LINKUSD,9.23501,9.32321,7.84610,7.90436,810878.47285604
2026-02-06T00:00:00Z,LINKUSD,7.89949,8.99573,7.19000,8.88322,774969.06629223
2026-02-07T00:00:00Z,LINKUSD,8.86099,9.03521,8.58160,8.91044,461614.06556660
2026-02-08T00:00:00Z,LINKUSD,8.90988,9.04000,8.72144,8.81718,126319.26714433
2026-02-09T00:00:00Z,LINKUSD,8.82414,9.00529,8.45778,8.83643,280483.10621620
2026-02-10T00:00:00Z,LINKUSD,8.83343,8.87472,8.47267,8.56692,166853.81044258
2026-02-11T00:00:00Z,LINKUSD,8.56974,8.60658,8.12356,8.31723,335187.16091000
2026-02-12T00:00:00Z,LINKUSD,8.31875,8.58596,8.17251,8.40537,226085.94502874
2026-02-13T00:00:00Z,LINKUSD,8.40662,8.90033,8.29518,8.76497,218195.36642551
2026-02-14T00:00:00Z,LINKUSD,8.76239,9.19696,8.75745,9.08691,285816.31829241
2026-02-15T00:00:00Z,LINKUSD,9.08933,9.23962,8.58789,8.78305,387001.50582684
2026-02-16T00:00:00Z,LINKUSD,8.78165,8.98578,8.64136,8.93090,115395.02126361
2026-02-17T00:00:00Z,LINKUSD,8.93353,8.98882,8.65557,8.82551,137441.76417911
2026-02-18T00:00:00Z,LINKUSD,8.82558,8.99551,8.52000,8.60188,165096.41922957
2026-02-19T00:00:00Z,LINKUSD,8.59143,8.74243,8.34578,8.57281,127328.16924700
2026-02-20T00:00:00Z,LINKUSD,8.57388,9.00525,8.45778,8.94047,209691.81811195
2026-02-21T00:00:00Z,LINKUSD,8.94147,9.04554,8.84800,8.87537,155630.66015578
2026-02-22T00:00:00Z,LINKUSD,8.87250,8.89294,8.58967,8.67693,145058.55638011
2026-02-23T00:00:00Z,LINKUSD,8.67885,8.69015,8.17855,8.26360,304411.02138011
2026-02-24T00:00:00Z,LINKUSD,8.27097,8.33223,8.05800,8.20089,214594.36803214
2026-02-25T00:00:00Z,LINKUSD,8.19947,9.57937,8.18327,9.26000,478079.91489584
2026-02-26T00:00:00Z,LINKUSD,9.26643,9.33965,8.86403,9.09366,368789.03259229
2026-02-27T00:00:00Z,LINKUSD,9.09366,9.29187,8.55334,8.71464,283064.52095835
2026-02-28T00:00:00Z,LINKUSD,8.71203,8.93434,8.21503,8.84613,390494.15215633
2026-03-01T00:00:00Z,LINKUSD,8.84614,9.20248,8.53770,8.67099,258620.89960964
2026-03-02T00:00:00Z,LINKUSD,8.66872,9.26268,8.59017,8.94667,260930.25059167
2026-03-03T00:00:00Z,LINKUSD,8.95371,9.01291,8.56095,8.79970,167664.21037971
2026-03-04T00:00:00Z,LINKUSD,8.81082,9.63304,8.69019,9.35829,341597.11215242
2026-03-05T00:00:00Z,LINKUSD,9.35280,9.48955,9.07716,9.20380,309441.20791606
2026-03-06T00:00:00Z,LINKUSD,9.20380,9.29893,8.67669,8.79901,214993.55719815
2026-03-07T00:00:00Z,LINKUSD,8.79457,8.85966,8.64319,8.70106,58369.68067910
2026-03-08T00:00:00Z,LINKUSD,8.70566,8.77428,8.40000,8.51516,275930.24785084
2026-03-09T00:00:00Z,LINKUSD,8.51380,9.09533,8.51197,8.87092,189628.39518074
2026-03-10T00:00:00Z,LINKUSD,8.86784,9.18156,8.85172,8.98345,189954.35710500
2026-03-11T00:00:00Z,LINKUSD,8.98727,9.16685,8.86947,8.99445,104519.63255697
2026-03-12T00:00:00Z,LINKUSD,9.00107,9.10609,8.83777,9.05938,226418.73495180
2026-03-13T00:00:00Z,LINKUSD,9.05938,9.59715,9.02482,9.08903,235162.98831877
2026-03-14T00:00:00Z,LINKUSD,9.08904,9.16903,8.92683,9.16903,105155.03713635
2026-03-15T00:00:00Z,LINKUSD,9.16903,9.55527,9.11721,9.49456,125567.36650140
2026-03-16T00:00:00Z,LINKUSD,9.49710,10.08138,9.41983,9.92109,497497.28200963
2026-03-17T00:00:00Z,LINKUSD,9.92297,10.01947,9.69049,9.79468,203928.51025787
2026-03-18T00:00:00Z,LINKUSD,9.79636,9.92569,9.08929,9.22989,180873.39770217
2026-03-19T00:00:00Z,LINKUSD,9.23139,9.33640,8.90000,9.04520,175710.91083474
2026-03-20T00:00:00Z,LINKUSD,9.04747,9.20942,8.96001,9.11265,83664.74279331
2026-03-21T00:00:00Z,LINKUSD,9.11509,9.17220,8.77000,8.81878,76801.28376642
2026-03-22T00:00:00Z,LINKUSD,8.82105,8.96202,8.57680,8.68671,145498.54595126
2026-03-23T00:00:00Z,LINKUSD,8.69343,9.27999,8.57630,9.10815,209638.77307098
2026-03-24T00:00:00Z,LINKUSD,9.10757,9.26355,9.01403,9.24586,225154.59705738
2026-03-25T00:00:00Z,LINKUSD,9.24670,9.49000,9.17965,9.37204,211803.81156687
2026-03-26T00:00:00Z,LINKUSD,9.37451,9.38479,8.81000,8.90869,164390.81495752
2026-03-27T00:00:00Z,LINKUSD,8.90825,8.97217,8.48484,8.56245,199348.37820123
2026-03-28T00:00:00Z,LINKUSD,8.56166,8.69392,8.37219,8.42902,121574.08912184
2026-03-29T00:00:00Z,LINKUSD,8.42672,8.56816,8.20000,8.40814,119276.89134254
2026-03-30T00:00:00Z,LINKUSD,8.40601,8.90645,8.39856,8.61262,154856.54318801
2026-03-31T00:00:00Z,LINKUSD,8.61796,8.88113,8.50043,8.78007,104329.45947791
2026-04-01T00:00:00Z,LINKUSD,8.76619,9.19052,8.73881,8.93923,246197.81656820
2026-04-02T00:00:00Z,LINKUSD,8.93999,9.00387,8.42063,8.63357,310818.89467349
2026-04-03T00:00:00Z,LINKUSD,8.63619,8.80972,8.59379,8.65751,121513.95291015
2026-04-04T00:00:00Z,LINKUSD,8.65660,8.77100,8.61454,8.68934,77700.31584950
2026-04-05T00:00:00Z,LINKUSD,8.69298,8.86189,8.47580,8.81524,90021.38842426
2026-04-06T00:00:00Z,LINKUSD,8.82827,9.14080,8.73367,8.79998,189319.01642046
2026-04-07T00:00:00Z,LINKUSD,8.79998,9.40591,8.57120,9.28602,210863.00407545
2026-04-08T00:00:00Z,LINKUSD,9.28739,9.33201,8.84138,8.86304,172310.90381884
2026-04-09T00:00:00Z,LINKUSD,8.85431,9.17640,8.69320,8.95049,207654.07449789
2026-04-10T00:00:00Z,LINKUSD,8.93962,9.17432,8.88896,9.08623,164901.05226580
2026-04-11T00:00:00Z,LINKUSD,9.08711,9.28553,8.96075,9.06981,105043.73195851
2026-04-12T00:00:00Z,LINKUSD,9.07009,9.07746,8.69408,8.73335,143093.20592285
2026-04-13T00:00:00Z,LINKUSD,8.72719,9.43091,8.68948,9.35978,178665.28961313
2026-04-14T00:00:00Z,LINKUSD,9.36793,9.38168,8.94181,9.02386,206957.90832254
2026-04-15T00:00:00Z,LINKUSD,9.02529,9.36817,9.00261,9.25973,110196.83619272
2026-04-16T00:00:00Z,LINKUSD,9.26548,9.67709,9.13497,9.59876,362617.69832579
2026-04-17T00:00:00Z,LINKUSD,9.60258,9.86748,9.34914,9.62427,285575.12938642
2026-04-18T00:00:00Z,LINKUSD,9.62000,9.65000,9.26698,9.28906,97710.41228550
2026-04-19T00:00:00Z,LINKUSD,9.28801,9.38291,9.01001,9.06609,207567.79994201
2026-04-20T00:00:00Z,LINKUSD,9.06558,9.40709,9.06558,9.29101,126201.62385281
2026-04-21T00:00:00Z,LINKUSD,9.29101,9.48694,9.24239,9.40195,125530.13586406
2026-04-22T00:00:00Z,LINKUSD,9.40528,9.55879,9.29033,9.29405,157326.37551329
2026-04-23T00:00:00Z,LINKUSD,9.29840,9.39000,9.15156,9.35193,162212.15344439
2026-04-24T00:00:00Z,LINKUSD,9.35268,9.44168,9.24767,9.38087,168639.38252691
2026-04-25T00:00:00Z,LINKUSD,9.38016,9.44584,9.29402,9.34964,54000.72213653
2026-04-26T00:00:00Z,LINKUSD,9.34934,9.53791,9.30464,9.48673,71088.15700279
2026-04-27T00:00:00Z,LINKUSD,9.48673,9.59042,9.15736,9.32072,104366.45740574
2026-04-28T00:00:00Z,LINKUSD,9.31764,9.33000,9.14652,9.24023,74288.28142854
2026-04-29T00:00:00Z,LINKUSD,9.23874,9.41291,8.91605,9.10490,155850.08436500
2026-04-30T00:00:00Z,LINKUSD,9.10920,9.18019,9.03312,9.10205,53480.79906513
2026-05-01T00:00:00Z,LINKUSD,9.10560,9.27316,9.06661,9.09388,71262.77349489
2026-05-02T00:00:00Z,LINKUSD,9.09809,9.24886,9.06871,9.17580,84835.77127020
2026-05-03T00:00:00Z,LINKUSD,9.17914,9.21467,9.07187,9.12757,95085.36113269
2026-05-04T00:00:00Z,LINKUSD,9.12496,9.65753,9.09369,9.35495,593440.98001843
2026-05-05T00:00:00Z,LINKUSD,9.36582,9.84907,9.35683,9.77113,342854.62108547
2026-05-06T00:00:00Z,LINKUSD,9.76744,10.24485,9.75753,10.00091,451555.23583481
2026-05-07T00:00:00Z,LINKUSD,10.00156,10.12640,9.80093,9.85275,291981.04636442
2026-05-08T00:00:00Z,LINKUSD,9.85666,10.49097,9.76261,10.34301,376917.91011819
2026-05-09T00:00:00Z,LINKUSD,10.34301,10.62907,10.28652,10.37469,383903.92260088
2026-05-10T00:00:00Z,LINKUSD,10.37775,10.86400,10.17100,10.71102,602688.80569960
2026-05-11T00:00:00Z,LINKUSD,10.74230,10.75487,10.39048,10.59824,243135.49498587
2026-05-12T00:00:00Z,LINKUSD,10.59243,10.59243,10.10532,10.28613,264267.23188927
2026-05-13T00:00:00Z,LINKUSD,10.29224,10.79126,10.03396,10.21395,412791.06755584
2026-05-14T00:00:00Z,LINKUSD,10.21468,10.76767,10.09703,10.47684,297201.29301900
2026-05-15T00:00:00Z,LINKUSD,10.48275,10.55910,9.96484,10.06923,282146.35933774
2026-05-16T00:00:00Z,LINKUSD,10.06911,10.08947,9.61800,9.71329,255631.76412371
2026-05-17T00:00:00Z,LINKUSD,9.71389,9.84692,9.34065,9.56123,363986.95269402
2026-05-18T00:00:00Z,LINKUSD,9.56201,9.61254,9.29655,9.60043,180376.97723048
2026-05-19T00:00:00Z,LINKUSD,9.60265,9.81499,9.43077,9.44153,255789.23372440
2026-05-20T00:00:00Z,LINKUSD,9.44160,9.68034,9.37387,9.62539,372590.98351022
2026-05-21T00:00:00Z,LINKUSD,9.62775,9.84251,9.51237,9.73944,204935.93825892
2026-05-22T00:00:00Z,LINKUSD,9.74684,10.02010,9.35872,9.41389,359865.71109913
2026-05-23T00:00:00Z,LINKUSD,9.41090,9.76665,9.05000,9.55182,272607.10773695
2026-05-24T00:00:00Z,LINKUSD,9.55483,9.63502,9.24764,9.42276,225576.04331129
2026-05-25T00:00:00Z,LINKUSD,9.42237,9.65965,9.35426,9.49482,121703.89803847
2026-05-26T00:00:00Z,LINKUSD,9.49594,9.67172,9.33107,9.37248,172290.36676415
2026-05-27T00:00:00Z,LINKUSD,9.37256,9.46481,9.10000,9.13019,226601.50642970
2026-05-28T00:00:00Z,LINKUSD,9.12227,9.14136,8.75756,8.99034,250736.62860151
2026-05-29T00:00:00Z,LINKUSD,8.99228,9.12111,8.78301,9.01265,184095.94332351
2026-05-30T00:00:00Z,LINKUSD,9.01301,9.29593,9.01125,9.17136,186273.87436870
2026-05-31T00:00:00Z,LINKUSD,9.18275,9.28721,8.98357,9.12990,124890.67415872
2026-06-01T00:00:00Z,LINKUSD,9.13844,9.19575,8.83146,9.04845,282512.08496027
2026-06-02T00:00:00Z,LINKUSD,9.04663,9.05665,8.23616,8.35650,388232.44224126
2026-06-03T00:00:00Z,LINKUSD,8.36669,8.60620,8.10245,8.32744,291726.14470981
2026-06-04T00:00:00Z,LINKUSD,8.32557,8.38135,7.78938,8.00850,439952.00949820
2026-06-05T00:00:00Z,LINKUSD,8.00857,8.03000,7.12000,7.36579,698560.06150929
2026-06-06T00:00:00Z,LINKUSD,7.36553,7.46399,7.00000,7.39418,320389.55311597
2026-06-07T00:00:00Z,LINKUSD,7.39339,8.02446,7.37106,7.91081,391054.62463008
2026-06-08T00:00:00Z,LINKUSD,7.91392,8.13302,7.72261,7.99517,366947.99068420
2026-06-09T00:00:00Z,LINKUSD,7.99727,8.02198,7.64784,7.83250,185737.53793045
2026-06-10T00:00:00Z,LINKUSD,7.83941,7.89067,7.48054,7.55134,312783.03977952
2026-06-11T00:00:00Z,LINKUSD,7.55425,7.97138,7.55332,7.87238,361376.73256069
2026-06-12T00:00:00Z,LINKUSD,7.87001,7.99939,7.74652,7.86020,297244.18211787
2026-06-13T00:00:00Z,LINKUSD,7.86692,8.04569,7.85354,7.97831,462251.36230087
2026-06-14T00:00:00Z,LINKUSD,7.98039,8.17471,7.78441,8.17463,251520.83664402
2026-06-15T00:00:00Z,LINKUSD,8.17803,8.59625,8.10098,8.29506,412142.15936122
2026-06-16T00:00:00Z,LINKUSD,8.29492,8.46932,8.09146,8.26973,330240.95374344
2026-06-17T00:00:00Z,LINKUSD,8.27195,8.40809,7.93574,8.08180,289500.16284964
2026-06-18T00:00:00Z,LINKUSD,8.08574,8.12720,7.76452,8.00823,211211.25674476
2026-06-19T00:00:00Z,LINKUSD,8.00649,8.03277,7.76674,7.94519,144165.86825671
2026-06-20T00:00:00Z,LINKUSD,7.94127,8.00290,7.82101,7.98292,100846.34389560
2026-06-21T00:00:00Z,LINKUSD,7.98176,8.00356,7.76101,7.77233,95247.10267698
2026-06-22T00:00:00Z,LINKUSD,7.77395,8.14312,7.77395,7.86692,251178.84162712
2026-06-23T00:00:00Z,LINKUSD,7.86365,7.90600,7.48033,7.62875,261454.33830773
2026-06-24T00:00:00Z,LINKUSD,7.62506,7.68192,7.11582,7.41343,336905.54311520
2026-06-25T00:00:00Z,LINKUSD,7.41610,7.53618,7.00171,7.23535,257482.76527212
2026-06-26T00:00:00Z,LINKUSD,7.24287,7.38590,7.00468,7.34416,295023.69148644
2026-06-27T00:00:00Z,LINKUSD,7.34413,7.46165,7.24041,7.28720,130384.20693501
2026-06-28T00:00:00Z,LINKUSD,7.28527,7.34309,7.15458,7.25867,239479.84822598
2026-06-29T00:00:00Z,LINKUSD,7.25693,7.48737,7.16996,7.36617,247371.99749738
2026-06-30T00:00:00Z,LINKUSD,7.36695,7.38744,7.11307,7.18990,139302.67858884
2026-07-01T00:00:00Z,LINKUSD,7.19316,7.52515,7.06951,7.35138,339790.39043247
2026-07-02T00:00:00Z,LINKUSD,7.35064,7.93293,7.30096,7.74082,300233.42499423
2026-07-03T00:00:00Z,LINKUSD,7.73954,8.02540,7.71506,7.96959,179230.25177386
2026-07-04T00:00:00Z,LINKUSD,7.96850,8.16677,7.87302,7.99923,290632.43532192
2026-07-05T00:00:00Z,LINKUSD,7.99851,8.14402,7.82958,8.05326,187699.00312411
2026-07-06T00:00:00Z,LINKUSD,8.04535,8.16501,7.75412,8.01212,237535.43381715
2026-07-07T00:00:00Z,LINKUSD,8.01666,8.06192,7.79073,7.84485,133718.02046030
2026-07-08T00:00:00Z,LINKUSD,7.86101,7.87756,7.51340,7.63404,257610.84586755
2026-07-09T00:00:00Z,LINKUSD,7.63935,7.80097,7.56799,7.72930,212262.35086382
2026-07-10T00:00:00Z,LINKUSD,7.72774,8.01053,7.70669,7.96454,176453.66754878
2026-07-11T00:00:00Z,LINKUSD,7.96454,8.11276,7.90414,7.91029,147635.89245314
2026-07-12T00:00:00Z,LINKUSD,7.90890,8.09683,7.85100,7.99217,147481.31855816
2026-07-13T00:00:00Z,LINKUSD,7.97997,8.12989,7.79001,7.87832,170393.94443597
2026-07-14T00:00:00Z,LINKUSD,7.88528,8.39268,7.86080,8.33953,185842.71088847
2026-07-15T00:00:00Z,LINKUSD,8.34028,8.62449,8.26226,8.53383,293067.02084069
2026-07-16T00:00:00Z,LINKUSD,8.53295,8.56056,8.29502,8.33180,291412.90613845
2026-07-17T00:00:00Z,LINKUSD,8.33669,8.35761,7.99801,8.24689,193336.62741724
2026-07-18T00:00:00Z,LINKUSD,8.25319,8.37229,8.20626,8.34467,134164.76895751
2026-07-19T00:00:00Z,LINKUSD,8.34684,8.40296,8.27728,8.38230,244561.26567233
2026-07-20T00:00:00Z,LINKUSD,8.37657,8.63590,8.28874,8.58733,209486.40336624
2026-07-21T00:00:00Z,LINKUSD,8.58318,8.74842,8.56656,8.65041,154440.41068557
2026-07-22T00:00:00Z,LINKUSD,8.65197,8.75727,8.56324,8.62842,176081.52198235
2026-07-23T00:00:00Z,LINKUSD,8.62649,8.68120,8.41329,8.46429,131064.65884412
2026-07-24T00:00:00Z,LINKUSD,8.45729,8.57216,8.27739,8.33331,154612.89103873
2026-07-25T00:00:00Z,LINKUSD,8.33161,8.42889,8.26074,8.37660,78528.98952223
2026-07-26T00:00:00Z,LINKUSD,8.37300,8.83125,8.37130,8.81853,193640.88637757
2026-07-27T00:00:00Z,LINKUSD,8.81606,8.93339,8.34499,8.37118,241285.92755441
2026-07-28T00:00:00Z,LINKUSD,8.37245,8.43943,8.18863,8.43437,273746.43283866
2026-07-29T00:00:00Z,LINKUSD,8.43440,8.50189,8.15486,8.32600,180181.92892188
2026-07-30T00:00:00Z,LINKUSD,8.32892,8.53054,8.25197,8.44539,153184.49938979
2026-07-31T00:00:00Z,LINKUSD,8.44538,8.51040,8.01130,8.16500,282004.46678557
2026-08-01T00:00:00Z,LINKUSD,8.16500,8.23820,7.88576,8.06251,137815.94282907
2026-08-02T00:00:00Z,LINKUSD,8.06226,8.44588,8.04903,8.37049,160055.87891179
2026-08-03T00:00:00Z,LINKUSD,8.37202,8.38196,8.15410,8.18210,115071.96642663
2026-08-04T00:00:00Z,LINKUSD,8.18042,8.25758,8.10678,8.14382,83551.40170989
2026-08-05T00:00:00Z,LINKUSD,8.14161,8.24119,8.06201,8.15440,76311.40676689
2026-08-06T00:00:00Z,LINKUSD,8.15448,8.33590,8.06071,8.18721,190106.91531532
2026-08-07T00:00:00Z,LINKUSD,8.18824,8.30620,8.10023,8.18658,87912.44750821
2026-08-08T00:00:00Z,LINKUSD,8.17947,8.38969,8.16120,8.29984,57033.59646200
2026-08-09T00:00:00Z,LINKUSD,8.29630,8.38023,8.17120,8.18249,41216.56928091
2026-08-10T00:00:00Z,LINKUSD,8.17266,8.36195,8.16320,8.29069,95348.55113199
2026-08-11T00:00:00Z,LINKUSD,8.29455,8.80000,8.29040,8.76895,356354.26257566
2026-08-12T00:00:00Z,LINKUSD,8.77330,8.88174,8.62200,8.66501,305723.73431424
2026-08-13T00:00:00Z,LINKUSD,8.66586,8.90300,8.61401,8.88481,217293.76314320
2026-08-14T00:00:00Z,LINKUSD,8.88061,9.00000,8.72138,8.95833,202176.92212809
2026-08-15T00:00:00Z,LINKUSD,8.96242,9.74000,8.96209,9.45851,802866.72021404
2026-08-16T00:00:00Z,LINKUSD,9.46091,9.50096,9.28548,9.38387,279494.56366648
2026-08-17T00:00:00Z,LINKUSD,9.38244,9.56415,9.34906,9.53461,264260.27595177
2026-08-18T00:00:00Z,LINKUSD,9.53348,9.54996,9.32593,9.52592,250990.88979515
2026-08-19T00:00:00Z,LINKUSD,9.53400,10.88592,9.48100,10.54700,889051.03540885
2026-08-20T00:00:00Z,LINKUSD,10.54700,10.87701,10.36084,10.69040,481956.73925702
2026-08-21T00:00:00Z,LINKUSD,10.69040,12.39476,10.68800,11.98647,1438260.98917244
2026-08-22T00:00:00Z,LINKUSD,11.99232,12.61418,10.94900,11.64756,1313276.38199538
2026-08-23T00:00:00Z,LINKUSD,11.66147,11.74226,11.02386,11.54242,751242.13690783
2026-08-24T00:00:00Z,LINKUSD,11.54146,11.78428,11.30000,11.62694,481497.34508277
2026-08-25T00:00:00Z,LINKUSD,11.62314,11.94695,11.11146,11.28794,384750.62925699
2026-08-26T00:00:00Z,LINKUSD,11.28679,11.62416,11.07000,11.62134,223215.19075997
2026-08-27T00:00:00Z,LINKUSD,11.61687,11.97879,11.46289,11.91773,504616.78793620
2026-08-28T00:00:00Z,LINKUSD,11.91882,12.05532,11.24656,11.43041,517531.75443280
2026-08-29T00:00:00Z,LINKUSD,11.43622,11.48920,11.28690,11.45775,157857.65988289
2026-08-30T00:00:00Z,LINKUSD,11.45900,11.79301,11.00000,11.16119,697975.69684395
2026-08-31T00:00:00Z,LINKUSD,11.14426,11.49826,11.04019,11.32294,214753.09464270
2026-09-01T00:00:00Z,LINKUSD,11.32206,11.51929,11.06087,11.22712,189345.80025883
2026-09-02T00:00:00Z,LINKUSD,11.22818,11.29805,10.90707,11.11547,210937.27764162
2026-09-03T00:00:00Z,LINKUSD,11.11668,11.95924,11.00011,11.83620,459301.84831741
2026-09-04T00:00:00Z,LINKUSD,11.83401,12.15571,11.47000,11.63787,359006.66705319
2026-09-05T00:00:00Z,LINKUSD,11.63541,12.23932,11.60373,12.04832,411425.99993521
2026-09-06T00:00:00Z,LINKUSD,12.05153,13.34295,12.04683,13.24072,1089064.68666178
2026-09-07T00:00:00Z,LINKUSD,13.24071,13.68365,12.61350,12.75596,1094722.16164622
2026-09-08T00:00:00Z,LINKUSD,12.74980,12.80760,12.28791,12.51593,354949.81039865
2026-09-09T00:00:00Z,LINKUSD,12.51826,12.63544,11.01000,11.80900,861016.16646434
2026-09-10T00:00:00Z,LINKUSD,11.80583,11.89365,11.43347,11.45320,385208.71378746
2026-09-11T00:00:00Z,LINKUSD,11.45353,12.22402,11.23657,11.54660,477224.14434773
2026-09-12T00:00:00Z,LINKUSD,11.55351,11.62364,11.45684,11.50982,159501.95687036
2026-09-13T00:00:00Z,LINKUSD,11.50490,11.55964,11.15985,11.19829,274870.57339062
2026-09-14T00:00:00Z,LINKUSD,11.20397,11.96939,11.12063,11.52297,356262.14674228
2026-09-15T00:00:00Z,LINKUSD,11.51626,11.63155,10.78995,10.87879,570687.21090240
2026-09-16T00:00:00Z,LINKUSD,10.88208,11.06610,10.61003,11.05115,319765.92630535
2026-09-17T00:00:00Z,LINKUSD,11.05037,11.41995,10.97059,11.38061,452173.26793865
2026-09-18T00:00:00Z,LINKUSD,11.37442,12.42604,11.33276,12.22228,778438.63733272
2026-09-19T00:00:00Z,LINKUSD,12.22415,12.68808,12.21201,12.42899,621366.71675002
2026-09-20T00:00:00Z,LINKUSD,12.41878,12.60760,11.91015,12.52145,520592.04787203
2026-09-21T00:00:00Z,LINKUSD,12.51619,13.61998,12.45725,13.18449,1064888.05035271
2026-09-22T00:00:00Z,LINKUSD,13.18191,13.28669,12.75347,13.03959,663917.87365484
2026-09-23T00:00:00Z,LINKUSD,13.04782,13.21514,12.06076,12.35149,890859.86526899
2026-09-24T00:00:00Z,LINKUSD,12.35557,13.51644,12.09400,13.21809,896095.77074075
2026-09-25T00:00:00Z,LINKUSD,13.21809,14.21827,13.21094,13.93239,1337865.65591748
2026-09-26T00:00:00Z,LINKUSD,13.93239,14.49252,13.82130,14.15308,796137.08878009
2026-09-27T00:00:00Z,LINKUSD,14.14784,14.48468,13.90336,14.01948,733596.50744984
