timestamp,symbol,open,high,low,close,volume
2019-12-19T00:00:00Z,MLNUSD,2.455,2.455,2.32,2.32,41.97797264
2019-12-20T00:00:00Z,MLNUSD,2.251,2.798,2.251,2.459,3541.213182209999
2019-12-21T00:00:00Z,MLNUSD,2.599,2.599,2.27,2.27,80.00000000000001
2019-12-22T00:00:00Z,MLNUSD,2.418,2.89,2.401,2.841,478.83874304999995
2019-12-23T00:00:00Z,MLNUSD,2.732,2.84,2.655,2.655,204.05458296000006
2019-12-24T00:00:00Z,MLNUSD,2.651,2.842,2.611,2.842,227.30120544
2019-12-25T00:00:00Z,MLNUSD,2.696,2.742,2.696,2.742,32.346593590000005
2019-12-26T00:00:00Z,MLNUSD,2.708,2.872,2.708,2.774,287.92551877
2019-12-27T00:00:00Z,MLNUSD,2.773,2.856,2.716,2.751,316.07907574999996
2019-12-28T00:00:00Z,MLNUSD,2.732,3.317,2.732,2.825,249.39020363000003
2019-12-29T00:00:00Z,MLNUSD,2.868,3.209,2.415,3.096,861.6911960800041
2019-12-30T00:00:00Z,MLNUSD,3.135,3.135,3.011,3.08,46.51040948
2019-12-31T00:00:00Z,MLNUSD,3.034,3.034,2.887,2.887,122.90679261
2020-01-01T00:00:00Z,MLNUSD,2.989,3.227,2.95,3.227,433.50265143
2020-01-02T00:00:00Z,MLNUSD,3.011,3.011,2.68,2.933,178.25996946000004
2020-01-03T00:00:00Z,MLNUSD,3.001,28.9,3.0,3.05,4113.67183383
2020-01-04T00:00:00Z,MLNUSD,3.046,5.5,2.25,3.222,6911.372394740001
2020-01-05T00:00:00Z,MLNUSD,3.332,3.332,3.26,3.26,141.354578
2020-01-06T00:00:00Z,MLNUSD,3.23,3.317,3.23,3.3,113.48031742
2020-01-07T00:00:00Z,MLNUSD,3.319,3.36,3.01,3.15,1476.6676911499999
2020-01-08T00:00:00Z,MLNUSD,3.352,3.98,3.148,3.225,2198.001143190001
2020-01-09T00:00:00Z,MLNUSD,3.199,3.679,3.032,3.267,244.78574788
2020-01-10T00:00:00Z,MLNUSD,3.247,3.435,3.247,3.275,19.45858714000004
2020-01-11T00:00:00Z,MLNUSD,3.316,3.435,3.316,3.405,61.768126890000005
2020-01-12T00:00:00Z,MLNUSD,3.319,3.442,3.319,3.442,96.56299068999999
2020-01-13T00:00:00Z,MLNUSD,3.412,4.46,3.117,3.424,37436.66548158004
2020-01-14T00:00:00Z,MLNUSD,3.572,4.088,3.401,3.895,3050.7975816000016
2020-01-15T00:00:00Z,MLNUSD,3.856,3.985,3.699,3.922,971.16947131
2020-01-16T00:00:00Z,MLNUSD,3.922,3.922,3.651,3.85,329.299678
2020-01-17T00:00:00Z,MLNUSD,3.942,4.111,3.02,4.111,3228.1037160400006
2020-01-18T00:00:00Z,MLNUSD,4.135,4.148,4.02,4.134,285.14185659
2020-01-19T00:00:00Z,MLNUSD,4.132,4.177,3.912,3.915,256.54457532
2020-01-20T00:00:00Z,MLNUSD,4.152,4.152,3.91,4.038,211.5357278
2020-01-21T00:00:00Z,MLNUSD,4.019,4.253,4.019,4.208,157.01316591000003
2020-01-22T00:00:00Z,MLNUSD,4.286,5.621,4.026,4.97,5586.21571347
2020-01-23T00:00:00Z,MLNUSD,5.0,7.799,4.55,5.596,3859.5901715699997
2020-01-24T00:00:00Z,MLNUSD,5.53,6.951,5.381,6.809,1847.7431392900005
2020-01-25T00:00:00Z,MLNUSD,6.829,7.99,6.154,6.722,986.39225095
2020-01-26T00:00:00Z,MLNUSD,6.722,6.84,5.34,6.067,1238.5268156999998
2020-01-27T00:00:00Z,MLNUSD,6.197,6.213,5.55,5.915,1317.61614312
2020-01-28T00:00:00Z,MLNUSD,5.877,6.0,5.708,5.986,682.1028627899999
2020-01-29T00:00:00Z,MLNUSD,6.043,7.81,5.4,5.674,4070.08143899
2020-01-30T00:00:00Z,MLNUSD,5.91,6.052,5.521,5.859,1142.3378613500001
2020-01-31T00:00:00Z,MLNUSD,5.618,5.818,5.321,5.485,868.0167696399999
2020-02-01T00:00:00Z,MLNUSD,5.687,5.777,5.104,5.312,493.26340584
2020-02-02T00:00:00Z,MLNUSD,5.313,5.565,5.1,5.294,1446.7843783600006
2020-02-03T00:00:00Z,MLNUSD,5.262,5.344,5.099,5.191,355.72909747
2020-02-04T00:00:00Z,MLNUSD,5.145,5.489,4.953,5.24,1991.1293947
2020-02-05T00:00:00Z,MLNUSD,5.24,6.297,5.211,5.331,5124.821365680004
2020-02-06T00:00:00Z,MLNUSD,5.332,5.852,5.25,5.7,2119.10119215
2020-02-07T00:00:00Z,MLNUSD,5.7,5.852,5.351,5.56,2423.37278763
2020-02-08T00:00:00Z,MLNUSD,5.634,5.851,5.522,5.53,328.0617282199999
2020-02-09T00:00:00Z,MLNUSD,5.55,5.75,5.533,5.652,163.98470667000004
2020-02-10T00:00:00Z,MLNUSD,5.685,5.685,5.441,5.475,469.0717735699999
2020-02-11T00:00:00Z,MLNUSD,5.495,5.782,5.462,5.782,269.20815507000003
2020-02-12T00:00:00Z,MLNUSD,5.77,6.1,5.742,5.878,1307.1115928
2020-02-13T00:00:00Z,MLNUSD,5.897,6.1,5.775,5.952,601.6912288300001
2020-02-14T00:00:00Z,MLNUSD,6.08,6.471,5.4,6.204,1532.9340287700004
2020-02-15T00:00:00Z,MLNUSD,6.218,6.4,5.101,5.592,1888.6587116900007
2020-02-16T00:00:00Z,MLNUSD,5.652,5.883,5.432,5.519,901.8577007600002
2020-02-17T00:00:00Z,MLNUSD,5.648,5.648,5.3,5.54,336.24084981
2020-02-18T00:00:00Z,MLNUSD,5.591,5.896,5.404,5.658,977.5411945700001
2020-02-19T00:00:00Z,MLNUSD,5.68,5.865,5.01,5.104,38663.32820840997
2020-02-20T00:00:00Z,MLNUSD,5.212,5.212,4.667,4.999,2541.8053829100004
2020-02-21T00:00:00Z,MLNUSD,4.999,5.191,4.792,5.138,1955.737494050026
2020-02-22T00:00:00Z,MLNUSD,5.156,5.2,4.933,5.039,855.0217073199999
2020-02-23T00:00:00Z,MLNUSD,5.04,6.0,5.0,5.405,3172.665130759876
2020-02-24T00:00:00Z,MLNUSD,5.355,5.395,4.729,4.861,2365.0544427399914
2020-02-25T00:00:00Z,MLNUSD,4.704,5.005,4.668,4.857,1310.9550899801036
2020-02-26T00:00:00Z,MLNUSD,4.958,5.001,4.108,4.309,4635.390624810002
2020-02-27T00:00:00Z,MLNUSD,4.11,4.825,4.0,4.031,5078.80389188
2020-02-28T00:00:00Z,MLNUSD,4.091,4.243,3.997,4.239,765.4586383199896
2020-02-29T00:00:00Z,MLNUSD,4.409,4.409,4.075,4.117,684.4717089100001
2020-03-01T00:00:00Z,MLNUSD,4.094,4.282,4.094,4.164,140.02345548999998
2020-03-02T00:00:00Z,MLNUSD,4.125,4.315,4.057,4.236,1314.8090461100003
2020-03-03T00:00:00Z,MLNUSD,4.246,4.531,4.146,4.173,1392.2026039300079
2020-03-04T00:00:00Z,MLNUSD,4.313,4.327,4.191,4.317,261.1003487100001
2020-03-05T00:00:00Z,MLNUSD,4.401,4.543,4.317,4.366,369.39445887000005
2020-03-06T00:00:00Z,MLNUSD,4.289,4.661,4.289,4.661,236.55480514
2020-03-07T00:00:00Z,MLNUSD,4.668,4.842,4.57,4.706,778.5678251099998
2020-03-08T00:00:00Z,MLNUSD,4.652,4.652,3.661,4.266,1048.8086577100003
2020-03-09T00:00:00Z,MLNUSD,4.11,4.147,3.675,3.827,1222.8790131599999
2020-03-10T00:00:00Z,MLNUSD,3.885,3.906,3.712,3.773,140.71573575000002
2020-03-11T00:00:00Z,MLNUSD,3.718,4.603,3.479,3.727,2519.2778083200005
2020-03-12T00:00:00Z,MLNUSD,3.616,3.616,1.933,2.302,2063.8168200199993
2020-03-13T00:00:00Z,MLNUSD,2.19,2.94,1.791,2.377,2178.703029229999
2020-03-14T00:00:00Z,MLNUSD,2.562,2.635,2.403,2.441,60.66365275
2020-03-15T00:00:00Z,MLNUSD,2.488,2.562,2.3,2.552,116.60480529000002
2020-03-16T00:00:00Z,MLNUSD,2.528,2.694,1.966,2.187,235.92298047
2020-03-17T00:00:00Z,MLNUSD,2.23,2.499,2.23,2.371,275.38092278
2020-03-18T00:00:00Z,MLNUSD,2.233,2.402,2.191,2.396,229.86476619
2020-03-19T00:00:00Z,MLNUSD,2.75,2.91,2.445,2.809,5343.872322960009
2020-03-20T00:00:00Z,MLNUSD,2.89,3.2,2.603,2.7,315.32662896
2020-03-21T00:00:00Z,MLNUSD,2.631,2.738,2.631,2.738,22.92361314
2020-03-22T00:00:00Z,MLNUSD,2.739,2.8,2.6,2.6,110.88788647999998
2020-03-23T00:00:00Z,MLNUSD,2.61,2.859,2.61,2.806,491.34131827000004
2020-03-24T00:00:00Z,MLNUSD,2.86,2.86,1.97,2.826,1861.4590384699989
2020-03-25T00:00:00Z,MLNUSD,2.828,2.968,2.707,2.917,734.09973528
2020-03-26T00:00:00Z,MLNUSD,2.93,3.049,2.797,2.989,405.8568025500001
2020-03-27T00:00:00Z,MLNUSD,2.984,3.027,2.821,2.933,207.28727370000001
2020-03-28T00:00:00Z,MLNUSD,2.933,3.499,2.5,2.739,2901.38771727
2020-03-29T00:00:00Z,MLNUSD,2.67,2.702,2.652,2.658,77.37436117
2020-03-30T00:00:00Z,MLNUSD,2.721,2.78,2.653,2.764,241.99326409
2020-03-31T00:00:00Z,MLNUSD,2.656,2.705,2.609,2.705,260.08089272
2020-04-01T00:00:00Z,MLNUSD,2.707,2.707,2.555,2.699,286.78280628999994
2020-04-02T00:00:00Z,MLNUSD,2.726,2.784,2.586,2.715,450.3915342899999
2020-04-03T00:00:00Z,MLNUSD,2.676,2.8,2.676,2.709,193.51731497
2020-04-04T00:00:00Z,MLNUSD,2.709,2.717,2.622,2.667,551.67550998
2020-04-05T00:00:00Z,MLNUSD,2.774,2.801,2.58,2.58,1704.2370031299997
2020-04-06T00:00:00Z,MLNUSD,2.7,3.022,2.672,2.962,1331.3320636
2020-04-07T00:00:00Z,MLNUSD,2.975,3.162,2.938,2.938,1404.4216544600004
2020-04-08T00:00:00Z,MLNUSD,2.938,3.194,2.928,3.167,191.48589552
2020-04-09T00:00:00Z,MLNUSD,3.068,3.22,3.01,3.179,1096.99509684
2020-04-10T00:00:00Z,MLNUSD,3.11,3.11,2.696,2.866,831.4761171800001
2020-04-11T00:00:00Z,MLNUSD,2.798,4.2,2.796,2.847,797.3987977500001
2020-04-12T00:00:00Z,MLNUSD,2.846,3.0,2.79,2.79,18045.69396054
2020-04-13T00:00:00Z,MLNUSD,2.911,2.956,2.651,2.77,28926.077824190004
2020-04-14T00:00:00Z,MLNUSD,2.726,2.916,2.653,2.836,1685.30439717
2020-04-15T00:00:00Z,MLNUSD,2.739,2.786,2.672,2.672,328.12238138
2020-04-16T00:00:00Z,MLNUSD,2.672,2.8,2.618,2.8,706.3800756100001
2020-04-17T00:00:00Z,MLNUSD,2.8,2.827,2.793,2.827,3531.97264945
2020-04-18T00:00:00Z,MLNUSD,2.836,2.95,2.836,2.939,113.62042698
2020-04-19T00:00:00Z,MLNUSD,2.999,2.999,2.9,2.9,704.61378488
2020-04-20T00:00:00Z,MLNUSD,2.93,3.0,2.764,2.9,8012.3721918699985
2020-04-21T00:00:00Z,MLNUSD,2.9,3.0,2.749,2.779,7092.5141450500005
2020-04-23T00:00:00Z,MLNUSD,2.889,3.043,2.822,2.948,3783.0455168100007
2020-04-24T00:00:00Z,MLNUSD,2.94,3.4,2.935,2.938,913.0513608700002
2020-04-25T00:00:00Z,MLNUSD,2.938,3.4,2.938,3.067,1068.5579841199997
2020-04-26T00:00:00Z,MLNUSD,3.002,3.123,2.981,3.035,405.08339655000003
2020-04-27T00:00:00Z,MLNUSD,3.068,3.165,3.038,3.11,70.17867786999999
2020-04-28T00:00:00Z,MLNUSD,3.07,3.192,3.035,3.192,189.92536644999993
2020-04-29T00:00:00Z,MLNUSD,3.142,3.539,3.063,3.492,1820.2896346100017
2020-04-30T00:00:00Z,MLNUSD,3.37,3.576,3.181,3.235,949.5945446000004
2020-05-01T00:00:00Z,MLNUSD,3.22,3.43,3.121,3.229,4174.912517600002
2020-05-02T00:00:00Z,MLNUSD,3.19,3.43,3.12,3.43,1874.4072141299996
2020-05-03T00:00:00Z,MLNUSD,3.43,4.187,3.289,3.42,7680.037442199963
2020-05-04T00:00:00Z,MLNUSD,3.286,3.364,3.183,3.3,4274.343847959998
2020-05-05T00:00:00Z,MLNUSD,3.3,3.399,3.258,3.341,588.5814279100001
2020-05-06T00:00:00Z,MLNUSD,3.3,3.379,3.214,3.318,131.46705784
2020-05-07T00:00:00Z,MLNUSD,3.32,3.407,3.236,3.407,538.2108134
2020-05-08T00:00:00Z,MLNUSD,3.342,3.488,3.19,3.2,11679.17472584001
2020-05-09T00:00:00Z,MLNUSD,3.238,3.47,3.12,3.216,6442.265862290001
2020-05-10T00:00:00Z,MLNUSD,3.21,3.21,2.904,3.028,2186.409103969991
2020-05-11T00:00:00Z,MLNUSD,3.079,3.079,2.78,2.896,2135.9200587200003
2020-05-12T00:00:00Z,MLNUSD,2.982,2.982,2.781,2.918,41743.828165989995
2020-05-13T00:00:00Z,MLNUSD,2.979,3.079,2.914,3.079,926.526355
2020-05-14T00:00:00Z,MLNUSD,3.139,3.184,2.964,2.989,694.8161147699998
2020-05-15T00:00:00Z,MLNUSD,3.024,3.109,2.807,2.971,18378.249962700007
2020-05-16T00:00:00Z,MLNUSD,3.06,3.299,3.06,3.299,529.2888886500001
2020-05-17T00:00:00Z,MLNUSD,3.299,3.299,3.161,3.285,584.31021195
2020-05-18T00:00:00Z,MLNUSD,3.285,3.48,3.15,3.45,4005.8125732600006
2020-05-19T00:00:00Z,MLNUSD,3.499,4.036,3.405,3.995,4637.633228269999
2020-05-20T00:00:00Z,MLNUSD,3.995,3.995,3.701,3.8,632.1629110400002
2020-05-21T00:00:00Z,MLNUSD,3.949,4.899,3.745,4.724,7700.800094070007
2020-05-22T00:00:00Z,MLNUSD,4.441,4.722,4.23,4.321,2491.195136649999
2020-05-23T00:00:00Z,MLNUSD,4.303,4.723,4.036,4.203,1892.9342154499993
2020-05-24T00:00:00Z,MLNUSD,4.339,4.392,3.965,4.392,764.78723328
2020-05-25T00:00:00Z,MLNUSD,4.015,4.159,4.002,4.159,275.97838962
2020-05-26T00:00:00Z,MLNUSD,4.02,4.1,3.842,3.921,271.30050734
2020-05-27T00:00:00Z,MLNUSD,3.925,4.16,3.925,3.999,98.01899743000001
2020-05-28T00:00:00Z,MLNUSD,4.078,4.199,3.963,4.111,263.60759603
2020-05-29T00:00:00Z,MLNUSD,4.12,4.239,4.03,4.15,1481.9130270800008
2020-05-30T00:00:00Z,MLNUSD,4.151,4.219,3.9,3.95,1090.5442251
2020-05-31T00:00:00Z,MLNUSD,4.083,4.196,3.98,4.06,1068.8548368400002
2020-06-01T00:00:00Z,MLNUSD,3.959,4.349,3.891,4.247,4566.162928889998
2020-06-02T00:00:00Z,MLNUSD,4.224,4.224,3.973,4.18,1304.11734913
2020-06-03T00:00:00Z,MLNUSD,4.075,4.198,4.017,4.077,560.44104325
2020-06-04T00:00:00Z,MLNUSD,4.065,4.205,4.034,4.1,2463.461445960001
2020-06-05T00:00:00Z,MLNUSD,4.093,4.115,4.01,4.066,143.63440061000003
2020-06-06T00:00:00Z,MLNUSD,4.099,4.136,4.001,4.038,411.10578374000005
2020-06-07T00:00:00Z,MLNUSD,4.038,4.09,3.962,4.089,173.71657776
2020-06-08T00:00:00Z,MLNUSD,4.085,4.134,4.031,4.134,279.23980928
2020-06-09T00:00:00Z,MLNUSD,4.041,4.221,4.041,4.128,1107.9544020599994
2020-06-10T00:00:00Z,MLNUSD,4.223,4.724,4.053,4.701,2990.26099384
2020-06-11T00:00:00Z,MLNUSD,4.8,5.32,4.522,4.531,6211.294907130001
2020-06-12T00:00:00Z,MLNUSD,4.562,5.51,4.562,5.501,1961.4876961100006
2020-06-13T00:00:00Z,MLNUSD,5.5,6.6,5.5,6.195,5834.83573011
2020-06-14T00:00:00Z,MLNUSD,6.524,7.273,5.617,6.35,2127.23183373
2020-06-15T00:00:00Z,MLNUSD,6.629,6.858,6.05,6.458,2917.745571829999
2020-06-16T00:00:00Z,MLNUSD,6.6,7.0,6.433,7.0,1059.84805271
2020-06-17T00:00:00Z,MLNUSD,7.28,7.28,6.403,6.743,5146.140262789999
2020-06-18T00:00:00Z,MLNUSD,6.62,12.5,6.62,12.099,100115.93689336012
2020-06-19T00:00:00Z,MLNUSD,11.5,23.89,11.5,14.653,20618.525700739956
2020-06-20T00:00:00Z,MLNUSD,15.363,16.5,13.099,14.12,4694.006042700001
2020-06-21T00:00:00Z,MLNUSD,13.971,15.9,9.521,11.413,5937.308938420009
2020-06-22T00:00:00Z,MLNUSD,11.413,15.199,10.241,12.219,5307.865446459999
2020-06-23T00:00:00Z,MLNUSD,12.144,15.245,11.67,14.24,7000.353905410002
2020-06-24T00:00:00Z,MLNUSD,13.618,16.0,12.107,13.344,7442.116148140002
2020-06-25T00:00:00Z,MLNUSD,13.021,13.8,12.2,12.851,5141.951729709997
2020-06-26T00:00:00Z,MLNUSD,12.85,14.069,12.832,13.841,3071.8567539700007
2020-06-27T00:00:00Z,MLNUSD,13.845,14.967,12.3,12.776,8854.847910369988
2020-06-28T00:00:00Z,MLNUSD,12.29,14.4,12.21,13.785,2981.6390519399993
2020-06-29T00:00:00Z,MLNUSD,13.356,13.992,13.281,13.574,1951.49766872
2020-06-30T00:00:00Z,MLNUSD,13.71,14.268,13.545,14.143,1607.4036444399997
2020-07-01T00:00:00Z,MLNUSD,14.04,14.156,13.544,13.86,3106.009524429997
2020-07-02T00:00:00Z,MLNUSD,13.939,14.248,12.3,13.51,1599.821389880001
2020-07-03T00:00:00Z,MLNUSD,13.622,13.76,12.942,13.725,1210.3225208399997
2020-07-04T00:00:00Z,MLNUSD,13.622,14.0,13.0,13.86,2121.28685187
2020-07-05T00:00:00Z,MLNUSD,13.878,13.93,12.968,13.35,1042.992068770001
2020-07-06T00:00:00Z,MLNUSD,13.337,13.98,13.072,13.66,2479.10440843
2020-07-07T00:00:00Z,MLNUSD,13.518,13.899,13.0,13.269,1743.8136107300018
2020-07-08T00:00:00Z,MLNUSD,13.345,13.89,12.21,13.39,2585.7598711400005
2020-07-09T00:00:00Z,MLNUSD,13.303,13.363,12.49,12.936,1901.4425682800015
2020-07-10T00:00:00Z,MLNUSD,13.016,13.091,12.585,13.0,396.43942073
2020-07-11T00:00:00Z,MLNUSD,13.0,13.0,12.8,12.8,2528.742149150001
2020-07-12T00:00:00Z,MLNUSD,12.806,13.39,12.783,13.0,1534.9628546399997
2020-07-13T00:00:00Z,MLNUSD,13.0,13.09,12.391,12.7,2588.8051925100003
2020-07-14T00:00:00Z,MLNUSD,12.5,12.97,12.1,12.568,2465.0789382999997
2020-07-15T00:00:00Z,MLNUSD,12.225,12.589,10.21,10.33,10621.252716410005
2020-07-16T00:00:00Z,MLNUSD,10.816,11.35,10.32,11.204,1132.1687946900001
2020-07-17T00:00:00Z,MLNUSD,10.678,10.806,10.011,10.116,1474.2614843799997
2020-07-18T00:00:00Z,MLNUSD,10.2,10.54,10.0,10.257,2706.86451632
2020-07-19T00:00:00Z,MLNUSD,10.407,12.7,10.253,12.49,4234.535271869999
2020-07-20T00:00:00Z,MLNUSD,12.304,13.89,11.616,12.586,4679.762540439997
2020-07-21T00:00:00Z,MLNUSD,12.586,13.32,12.368,13.071,722.1658549599998
2020-07-22T00:00:00Z,MLNUSD,12.704,12.95,11.8,12.323,2432.3802550899995
2020-07-23T00:00:00Z,MLNUSD,12.203,12.707,11.86,12.22,1065.5377999300006
2020-07-24T00:00:00Z,MLNUSD,11.988,12.95,11.9,12.836,2274.4277403999995
2020-07-25T00:00:00Z,MLNUSD,12.839,13.16,12.262,12.724,2723.2044140499997
2020-07-26T00:00:00Z,MLNUSD,12.724,13.799,12.612,13.283,648.6861009
2020-07-27T00:00:00Z,MLNUSD,13.274,14.0,12.949,13.656,3615.7577527099993
2020-07-28T00:00:00Z,MLNUSD,13.203,13.599,12.804,13.5,206.35699369999998
2020-07-29T00:00:00Z,MLNUSD,13.48,13.555,13.017,13.35,132.92100923000004
2020-07-30T00:00:00Z,MLNUSD,13.35,13.797,13.35,13.797,157.22276897
2020-07-31T00:00:00Z,MLNUSD,13.795,18.0,13.545,17.99,4587.516985870001
2020-08-01T00:00:00Z,MLNUSD,17.97,20.0,17.007,18.99,3625.8397652699978
2020-08-02T00:00:00Z,MLNUSD,19.301,19.8,16.188,17.376,1192.5763528999994
2020-08-03T00:00:00Z,MLNUSD,17.592,18.1,16.373,17.919,625.37589148
2020-08-04T00:00:00Z,MLNUSD,17.898,18.88,17.349,17.5,1641.4232352100005
2020-08-05T00:00:00Z,MLNUSD,17.499,18.498,16.9,17.899,1866.57219422
2020-08-06T00:00:00Z,MLNUSD,18.359,19.89,17.463,19.156,1840.9496961399996
2020-08-07T00:00:00Z,MLNUSD,18.408,22.019,18.408,21.265,2381.0211850699984
2020-08-08T00:00:00Z,MLNUSD,21.422,29.0,18.648,24.177,11140.88830430999
2020-08-09T00:00:00Z,MLNUSD,24.644,29.0,24.238,26.981,2848.5602655800003
2020-08-10T00:00:00Z,MLNUSD,26.01,27.5,24.009,26.507,1886.8896453999996
2020-08-11T00:00:00Z,MLNUSD,26.615,27.395,23.0,24.918,2078.080528740001
2020-08-12T00:00:00Z,MLNUSD,23.381,25.998,21.514,25.69,2024.3695724800004
2020-08-13T00:00:00Z,MLNUSD,25.767,26.72,23.789,25.772,2151.1099829799996
2020-08-14T00:00:00Z,MLNUSD,25.981,29.141,25.784,28.0,4092.667437249997
2020-08-15T00:00:00Z,MLNUSD,28.435,31.999,27.331,29.665,2432.8925635199985
2020-08-16T00:00:00Z,MLNUSD,29.861,41.23,29.0,36.585,6039.340954830001
2020-08-17T00:00:00Z,MLNUSD,35.5,52.564,34.0,51.744,12331.711956739997
2020-08-18T00:00:00Z,MLNUSD,52.805,69.111,41.0,50.0,10993.79354355002
2020-08-19T00:00:00Z,MLNUSD,49.999,52.0,43.391,45.987,3408.928516449999
2020-08-20T00:00:00Z,MLNUSD,46.419,56.0,45.303,55.74,3299.9180915000047
2020-08-21T00:00:00Z,MLNUSD,55.779,58.0,46.133,46.52,3281.1166489899997
2020-08-22T00:00:00Z,MLNUSD,46.35,46.999,40.0,43.994,5026.876543129996
2020-08-23T00:00:00Z,MLNUSD,43.405,45.0,40.03,41.037,2823.6481180999986
2020-08-24T00:00:00Z,MLNUSD,40.851,50.789,40.5,49.968,2952.6854461499966
2020-08-25T00:00:00Z,MLNUSD,49.983,52.0,41.229,42.5,3673.8764369
2020-08-26T00:00:00Z,MLNUSD,42.021,47.437,41.254,45.705,1050.12658143
2020-08-27T00:00:00Z,MLNUSD,45.341,50.999,45.341,49.542,2448.863774359996
2020-08-28T00:00:00Z,MLNUSD,50.987,69.0,48.867,66.397,18033.433415829983
2020-08-29T00:00:00Z,MLNUSD,66.196,69.0,61.724,66.6,10014.857022709994
2020-08-30T00:00:00Z,MLNUSD,65.32,82.91,65.05,81.0,13626.952951190004
2020-08-31T00:00:00Z,MLNUSD,81.0,84.949,75.727,80.438,4654.599298000004
2020-09-01T00:00:00Z,MLNUSD,78.0,80.379,66.5,68.824,4506.706680229991
2020-09-02T00:00:00Z,MLNUSD,70.396,70.531,56.1,58.78,9690.059208099994
2020-09-03T00:00:00Z,MLNUSD,59.5,65.0,46.1,47.239,6965.71914171
2020-09-04T00:00:00Z,MLNUSD,47.192,64.5,42.0,49.459,7962.393351909999
2020-09-05T00:00:00Z,MLNUSD,49.22,49.99,29.001,39.0,8382.737960599996
2020-09-06T00:00:00Z,MLNUSD,39.0,49.0,35.286,46.0,4217.499697869996
2020-09-07T00:00:00Z,MLNUSD,46.0,48.917,38.567,45.0,4487.627954429999
2020-09-08T00:00:00Z,MLNUSD,44.039,45.0,41.0,42.594,1196.9825950200002
2020-09-09T00:00:00Z,MLNUSD,44.276,48.0,42.621,45.0,1471.062065339999
2020-09-10T00:00:00Z,MLNUSD,44.68,49.98,43.013,45.0,1861.6915024099992
2020-09-11T00:00:00Z,MLNUSD,45.0,47.0,44.5,45.007,1133.97992844
2020-09-12T00:00:00Z,MLNUSD,45.002,47.933,44.247,46.009,1778.4344535899997
2020-09-13T00:00:00Z,MLNUSD,46.3,48.361,42.0,43.419,1262.0510882999997
2020-09-14T00:00:00Z,MLNUSD,43.364,47.0,42.58,45.002,1744.33304352
2020-09-15T00:00:00Z,MLNUSD,44.683,46.5,42.003,42.344,1768.06585667
2020-09-16T00:00:00Z,MLNUSD,42.076,46.0,40.5,44.277,2779.9068290099995
2020-09-17T00:00:00Z,MLNUSD,43.809,43.809,41.906,42.011,1675.3543414900003
2020-09-18T00:00:00Z,MLNUSD,42.016,42.087,35.7,37.688,8265.232896
2020-09-19T00:00:00Z,MLNUSD,37.675,37.82,33.333,33.818,2652.412863419999
2020-09-20T00:00:00Z,MLNUSD,33.48,34.731,32.966,33.051,1651.59933428
2020-09-21T00:00:00Z,MLNUSD,32.96,33.556,30.152,30.902,2208.8492816899993
2020-09-22T00:00:00Z,MLNUSD,31.365,32.073,29.001,30.014,4183.130235699998
2020-09-23T00:00:00Z,MLNUSD,30.403,30.537,28.0,28.252,915.5136785000001
2020-09-24T00:00:00Z,MLNUSD,28.191,32.5,28.0,32.359,2406.105827940001
2020-09-25T00:00:00Z,MLNUSD,32.226,35.186,32.226,34.909,2265.035722389999
2020-09-26T00:00:00Z,MLNUSD,34.898,34.898,32.16,32.16,1577.5788246200002
2020-09-27T00:00:00Z,MLNUSD,32.558,33.003,30.076,32.043,1139.0991804300002
2020-09-28T00:00:00Z,MLNUSD,31.854,34.5,30.76,31.548,1854.2934452299999
2020-09-29T00:00:00Z,MLNUSD,31.525,31.664,30.402,30.46,2571.9549259100004
2020-09-30T00:00:00Z,MLNUSD,30.615,30.615,29.587,29.85,877.2816188800002
2020-10-01T00:00:00Z,MLNUSD,29.849,30.043,27.87,27.983,4245.05905444
2020-10-02T00:00:00Z,MLNUSD,27.941,28.165,25.75,26.527,1784.8943541799997
2020-10-03T00:00:00Z,MLNUSD,26.645,26.95,26.575,26.778,1131.1652103300005
2020-10-04T00:00:00Z,MLNUSD,26.696,26.826,26.379,26.379,803.3483253899997
2020-10-05T00:00:00Z,MLNUSD,26.56,27.183,26.56,26.669,771.1369955699998
2020-10-06T00:00:00Z,MLNUSD,26.705,26.705,23.7,23.974,1258.35572522
2020-10-07T00:00:00Z,MLNUSD,23.979,23.979,22.113,22.547,1231.4311934199995
2020-10-08T00:00:00Z,MLNUSD,22.547,26.586,21.669,26.363,3624.0752080100015
2020-10-09T00:00:00Z,MLNUSD,26.363,26.388,23.815,24.637,2981.851776569998
2020-10-10T00:00:00Z,MLNUSD,24.59,25.531,23.883,23.93,2128.3242567099996
2020-10-11T00:00:00Z,MLNUSD,23.844,25.0,23.727,24.317,2276.084019239999
2020-10-12T00:00:00Z,MLNUSD,24.194,24.91,23.907,24.239,2366.1427003300005
2020-10-13T00:00:00Z,MLNUSD,24.325,24.394,22.705,22.823,2697.110443890002
2020-10-14T00:00:00Z,MLNUSD,22.861,23.209,22.409,22.493,1799.6804499699995
2020-10-15T00:00:00Z,MLNUSD,22.424,22.47,21.035,21.928,3139.672683239999
2020-10-16T00:00:00Z,MLNUSD,21.862,21.959,19.65,19.65,2838.455657149998
2020-10-17T00:00:00Z,MLNUSD,19.65,19.72,17.57,18.156,2799.2648709599976
2020-10-18T00:00:00Z,MLNUSD,18.221,18.489,16.999,17.08,2577.1114492700003
2020-10-19T00:00:00Z,MLNUSD,17.107,23.0,17.043,18.313,14621.937321829986
2020-10-20T00:00:00Z,MLNUSD,18.197,19.48,17.5,17.5,4269.55881835
2020-10-21T00:00:00Z,MLNUSD,17.481,18.351,17.139,18.147,3748.856271670001
2020-10-22T00:00:00Z,MLNUSD,18.151,20.478,17.71,19.339,6159.539270910002
2020-10-23T00:00:00Z,MLNUSD,19.331,19.778,18.092,18.092,2104.18341871
2020-10-24T00:00:00Z,MLNUSD,18.21,18.863,18.0,18.266,1655.4779889799995
2020-10-25T00:00:00Z,MLNUSD,18.32,20.478,18.223,19.82,2500.9116192199995
2020-10-26T00:00:00Z,MLNUSD,19.825,24.819,18.912,23.017,13627.082357099987
2020-10-27T00:00:00Z,MLNUSD,22.947,26.3,22.565,24.398,7164.504799620006
2020-10-28T00:00:00Z,MLNUSD,24.405,25.283,20.909,21.086,7146.45202504
2020-10-29T00:00:00Z,MLNUSD,21.243,22.1,18.685,20.228,7984.304867580003
2020-10-30T00:00:00Z,MLNUSD,20.085,22.325,19.373,20.857,3019.97365284
2020-10-31T00:00:00Z,MLNUSD,20.791,22.186,20.412,21.614,2281.4756711600007
2020-11-01T00:00:00Z,MLNUSD,21.754,22.873,21.248,21.9,4213.858584930001
2020-11-02T00:00:00Z,MLNUSD,21.893,22.874,20.593,22.371,5392.758356230003
2020-11-03T00:00:00Z,MLNUSD,23.056,23.173,20.738,21.925,4428.892888610002
2020-11-04T00:00:00Z,MLNUSD,21.936,21.937,20.212,20.212,3319.272182440002
2020-11-05T00:00:00Z,MLNUSD,20.123,20.811,19.764,20.256,4838.049473459996
2020-11-06T00:00:00Z,MLNUSD,20.211,22.541,20.191,21.631,6434.447670920009
2020-11-07T00:00:00Z,MLNUSD,21.746,22.76,20.649,20.68,5720.213196679995
2020-11-08T00:00:00Z,MLNUSD,20.775,21.255,20.593,21.224,830.9842049800003
2020-11-09T00:00:00Z,MLNUSD,21.239,21.257,20.091,21.092,2846.823865259999
2020-11-10T00:00:00Z,MLNUSD,21.08,21.714,20.875,21.622,2907.5566497000013
2020-11-11T00:00:00Z,MLNUSD,21.479,22.873,21.27,22.58,5274.061210520009
2020-11-12T00:00:00Z,MLNUSD,22.572,22.878,21.611,21.764,3333.500268720001
2020-11-13T00:00:00Z,MLNUSD,21.7,22.159,21.537,21.819,1706.9628749900005
2020-11-14T00:00:00Z,MLNUSD,21.841,21.902,21.2,21.464,2133.5113039700004
2020-11-15T00:00:00Z,MLNUSD,21.376,21.738,20.562,20.866,1846.292451839999
2020-11-16T00:00:00Z,MLNUSD,20.464,22.471,20.464,22.031,3922.0916020400023
2020-11-17T00:00:00Z,MLNUSD,22.369,22.6,21.54,21.92,3166.520531299998
2020-11-18T00:00:00Z,MLNUSD,21.922,22.808,21.68,22.586,3674.699627870002
2020-11-19T00:00:00Z,MLNUSD,22.557,27.346,22.557,26.332,9623.739404020009
2020-11-20T00:00:00Z,MLNUSD,26.329,32.017,26.255,31.099,20879.97752298003
2020-11-21T00:00:00Z,MLNUSD,31.086,31.518,27.5,27.5,10107.42397387001
2020-11-22T00:00:00Z,MLNUSD,27.5,29.466,26.112,28.626,11429.402574249993
2020-11-23T00:00:00Z,MLNUSD,28.823,30.53,28.301,28.524,11106.627967150005
2020-11-24T00:00:00Z,MLNUSD,28.614,33.528,28.048,32.466,11947.562727700002
2020-11-25T00:00:00Z,MLNUSD,32.457,32.471,28.503,28.71,7480.471869340005
2020-11-26T00:00:00Z,MLNUSD,28.5,28.809,24.0,25.987,10488.871780380008
2020-11-27T00:00:00Z,MLNUSD,25.82,27.92,25.779,26.45,3488.8090300199988
2020-11-28T00:00:00Z,MLNUSD,26.558,27.761,26.261,27.363,3315.7320514199987
2020-11-29T00:00:00Z,MLNUSD,28.173,28.503,27.205,28.503,2752.3100155400007
2020-11-30T00:00:00Z,MLNUSD,28.3,29.883,28.244,29.769,4041.89276685
2020-12-01T00:00:00Z,MLNUSD,29.861,31.053,28.12,29.799,10051.40779769
2020-12-02T00:00:00Z,MLNUSD,29.759,31.099,29.008,30.748,1918.5602209100002
2020-12-03T00:00:00Z,MLNUSD,30.746,31.196,29.65,30.676,2965.1543631800014
2020-12-04T00:00:00Z,MLNUSD,30.652,31.161,28.683,28.885,4391.335019179998
2020-12-05T00:00:00Z,MLNUSD,28.877,28.942,28.2,28.707,2065.05824813
2020-12-06T00:00:00Z,MLNUSD,28.364,29.444,28.364,29.079,1698.52656612
2020-12-07T00:00:00Z,MLNUSD,29.118,29.353,28.961,29.302,923.3892068400002
2020-12-08T00:00:00Z,MLNUSD,29.1,30.9,27.988,30.388,6428.298679350005
2020-12-09T00:00:00Z,MLNUSD,30.505,33.62,26.2,31.998,15092.27807296002
2020-12-10T00:00:00Z,MLNUSD,31.998,34.02,31.236,33.411,6632.213011740002
2020-12-11T00:00:00Z,MLNUSD,33.472,33.521,29.471,30.361,6508.280279919994
2020-12-12T00:00:00Z,MLNUSD,30.033,33.887,29.995,33.01,2574.3228805699987
2020-12-13T00:00:00Z,MLNUSD,33.097,34.669,32.417,32.668,2392.6345233500015
2020-12-14T00:00:00Z,MLNUSD,32.517,32.938,30.307,31.079,2941.04322033
2020-12-15T00:00:00Z,MLNUSD,31.17,32.89,30.715,32.89,2036.4163994399999
2020-12-16T00:00:00Z,MLNUSD,31.973,35.323,31.594,33.218,5918.416589379999
2020-12-17T00:00:00Z,MLNUSD,33.218,34.045,32.402,33.641,5257.611245079993
2020-12-18T00:00:00Z,MLNUSD,33.338,36.998,33.316,36.666,8837.591534160007
2020-12-19T00:00:00Z,MLNUSD,36.999,37.447,32.94,37.2,7815.6823581300005
2020-12-20T00:00:00Z,MLNUSD,37.265,37.289,35.0,35.138,3218.8190415799995
2020-12-21T00:00:00Z,MLNUSD,35.151,35.639,30.626,31.786,23971.774689900005
2020-12-22T00:00:00Z,MLNUSD,31.85,32.9,30.363,32.688,4163.966278550001
2020-12-23T00:00:00Z,MLNUSD,32.829,32.9,28.205,28.207,8510.635304819998
2020-12-24T00:00:00Z,MLNUSD,28.101,29.935,28.001,29.58,3467.10303542
2020-12-25T00:00:00Z,MLNUSD,29.752,31.289,29.564,30.141,2713.480802769999
2020-12-26T00:00:00Z,MLNUSD,30.147,30.294,26.201,27.658,9071.02876508001
2020-12-27T00:00:00Z,MLNUSD,27.661,27.877,26.24,27.702,5295.516916729996
2020-12-28T00:00:00Z,MLNUSD,27.877,28.93,27.751,28.459,2034.293297120001
2020-12-29T00:00:00Z,MLNUSD,28.502,28.628,28.101,28.14,1362.4296357299995
2020-12-30T00:00:00Z,MLNUSD,28.186,28.706,28.0,28.14,3015.9894303000005
2020-12-31T00:00:00Z,MLNUSD,28.14,28.203,26.194,26.398,2214.06660921
2021-01-01T00:00:00Z,MLNUSD,26.413,27.16,26.102,26.216,3622.8023996099987
2021-01-02T00:00:00Z,MLNUSD,26.087,26.322,24.891,25.32,7247.389512540002
2021-01-03T00:00:00Z,MLNUSD,25.268,30.849,24.585,30.427,14381.358609119996
2021-01-04T00:00:00Z,MLNUSD,30.552,32.372,28.5,30.8,13017.371061350004
2021-01-05T00:00:00Z,MLNUSD,30.946,32.297,29.6,31.753,10078.617028729994
2021-01-06T00:00:00Z,MLNUSD,31.966,35.0,31.662,34.771,6904.340059829998
2021-01-07T00:00:00Z,MLNUSD,34.778,36.999,34.076,34.255,9765.970602359974
2021-01-08T00:00:00Z,MLNUSD,34.23,36.478,32.779,33.424,6324.464797790009
2021-01-09T00:00:00Z,MLNUSD,33.215,36.666,32.954,36.583,4518.510636429998
2021-01-10T00:00:00Z,MLNUSD,36.663,37.842,34.721,35.726,7040.826389129992
2021-01-11T00:00:00Z,MLNUSD,35.761,35.761,29.023,32.284,10060.508520089996
2021-01-12T00:00:00Z,MLNUSD,32.071,37.408,31.799,37.408,7958.098502069998
2021-01-13T00:00:00Z,MLNUSD,37.392,42.797,37.183,37.984,11505.245673690006
2021-01-14T00:00:00Z,MLNUSD,38.209,38.604,32.117,36.761,6452.330552439999
2021-01-15T00:00:00Z,MLNUSD,36.762,36.933,35.33,35.532,3040.9588870199996
2021-01-16T00:00:00Z,MLNUSD,35.734,41.49,35.292,39.5,9707.398249909995
2021-01-17T00:00:00Z,MLNUSD,39.502,39.502,36.757,38.261,4441.006042509999
2021-01-18T00:00:00Z,MLNUSD,38.261,41.218,38.261,41.218,4567.211269310002
2021-01-19T00:00:00Z,MLNUSD,41.234,44.349,36.117,43.177,8477.431286259985
2021-01-20T00:00:00Z,MLNUSD,43.421,43.713,38.533,41.442,7142.974039730003
2021-01-21T00:00:00Z,MLNUSD,41.711,50.946,39.544,45.022,16371.795888069988
2021-01-22T00:00:00Z,MLNUSD,45.03,47.804,41.966,46.004,11150.14154007999
2021-01-23T00:00:00Z,MLNUSD,46.001,46.001,41.336,42.371,6618.440111540004
2021-01-24T00:00:00Z,MLNUSD,42.329,42.933,37.034,39.591,7599.452817940006
2021-01-25T00:00:00Z,MLNUSD,39.999,41.0,38.073,38.39,5718.985049730008
2021-01-26T00:00:00Z,MLNUSD,38.289,38.381,32.767,35.981,13201.05638726
2021-01-27T00:00:00Z,MLNUSD,35.983,36.702,32.196,33.949,5415.535186499999
2021-01-28T00:00:00Z,MLNUSD,33.887,39.522,33.823,39.0,9122.035719229996
2021-01-29T00:00:00Z,MLNUSD,39.153,39.154,36.477,37.529,5427.797962630001
2021-01-30T00:00:00Z,MLNUSD,37.228,39.798,37.227,39.124,3691.79806362
2021-01-31T00:00:00Z,MLNUSD,39.444,39.444,35.595,35.923,4159.087035380003
2021-02-01T00:00:00Z,MLNUSD,35.813,36.867,35.4,35.996,3166.2449543199996
2021-02-02T00:00:00Z,MLNUSD,36.033,39.166,34.0,37.796,9108.793065260003
2021-02-03T00:00:00Z,MLNUSD,38.051,40.864,38.014,39.03,11358.19828879002
2021-02-04T00:00:00Z,MLNUSD,38.929,41.0,38.78,40.335,6905.4580815099935
2021-02-05T00:00:00Z,MLNUSD,40.995,47.513,40.547,47.091,8033.4038541499995
2021-02-06T00:00:00Z,MLNUSD,47.38,47.381,43.179,44.457,5174.680075570002
2021-02-07T00:00:00Z,MLNUSD,44.458,44.711,40.245,41.179,6337.719719259999
2021-02-08T00:00:00Z,MLNUSD,41.533,43.705,40.912,43.575,8078.060128700005
2021-02-09T00:00:00Z,MLNUSD,43.582,44.902,42.889,44.505,4276.419265259993
2021-02-10T00:00:00Z,MLNUSD,44.545,51.879,44.292,50.999,12344.206169879995
2021-02-11T00:00:00Z,MLNUSD,50.999,60.0,50.161,55.833,13580.128180959995
2021-02-12T00:00:00Z,MLNUSD,55.463,55.631,53.359,55.298,5315.412604349995
2021-02-13T00:00:00Z,MLNUSD,55.299,56.003,52.035,52.817,7328.01610591
2021-02-14T00:00:00Z,MLNUSD,53.171,53.935,50.2,50.935,7719.254187279995
2021-02-15T00:00:00Z,MLNUSD,50.836,50.936,44.65,48.384,17744.49949168001
2021-02-16T00:00:00Z,MLNUSD,48.384,50.757,46.994,48.899,7073.552342530004
2021-02-17T00:00:00Z,MLNUSD,48.701,49.799,47.172,48.021,3818.2202126800025
2021-02-18T00:00:00Z,MLNUSD,48.249,51.623,46.318,48.354,7068.913065239996
2021-02-19T00:00:00Z,MLNUSD,48.38,51.46,48.009,50.013,7433.883172770002
2021-02-20T00:00:00Z,MLNUSD,49.496,50.538,46.35,48.54,6158.592605109997
2021-02-21T00:00:00Z,MLNUSD,48.547,48.821,46.69,47.534,4100.466137820003
2021-02-22T00:00:00Z,MLNUSD,47.571,47.572,38.65,42.303,8439.338619580001
2021-02-23T00:00:00Z,MLNUSD,42.102,42.592,35.463,37.251,10182.871120780017
2021-02-24T00:00:00Z,MLNUSD,37.16,42.59,35.566,38.379,10826.140749970018
2021-02-25T00:00:00Z,MLNUSD,38.533,41.883,38.499,39.266,3471.6242120399966
2021-02-26T00:00:00Z,MLNUSD,39.242,39.481,36.777,36.777,2376.3415143700004
2021-02-27T00:00:00Z,MLNUSD,37.819,38.0,36.27,36.336,2928.2514555500015
2021-02-28T00:00:00Z,MLNUSD,36.44,36.573,33.682,34.666,2998.179035850001
2021-03-01T00:00:00Z,MLNUSD,34.499,37.514,34.499,36.308,4492.437985729999
2021-03-02T00:00:00Z,MLNUSD,36.379,39.874,36.307,38.495,3943.5129942699987
2021-03-03T00:00:00Z,MLNUSD,38.495,42.89,38.272,40.25,11622.06750092004
2021-03-04T00:00:00Z,MLNUSD,40.249,40.624,38.196,38.406,2346.5389103399993
2021-03-05T00:00:00Z,MLNUSD,38.407,39.013,37.464,38.792,2744.1055691200004
2021-03-06T00:00:00Z,MLNUSD,38.986,42.06,38.986,41.917,8987.765631869997
2021-03-07T00:00:00Z,MLNUSD,41.972,42.472,40.449,41.367,2417.08068681
2021-03-08T00:00:00Z,MLNUSD,42.634,42.634,40.126,40.696,2797.9761441500023
2021-03-09T00:00:00Z,MLNUSD,40.799,42.729,39.663,41.624,5991.691991330002
2021-03-10T00:00:00Z,MLNUSD,41.964,43.191,41.0,42.407,2638.9933545900017
2021-03-11T00:00:00Z,MLNUSD,42.676,43.524,40.449,42.288,5865.673598200001
2021-03-12T00:00:00Z,MLNUSD,42.695,42.695,40.549,42.251,1950.4299164899994
2021-03-13T00:00:00Z,MLNUSD,42.509,45.0,41.916,43.728,3497.974049339999
2021-03-14T00:00:00Z,MLNUSD,43.402,43.609,35.924,41.795,4634.221976600003
2021-03-15T00:00:00Z,MLNUSD,41.795,47.0,41.795,46.813,4973.360425759999
2021-03-16T00:00:00Z,MLNUSD,46.719,60.892,40.751,50.954,24295.397257100012
2021-03-17T00:00:00Z,MLNUSD,51.725,56.672,50.567,52.196,5585.016203909999
2021-03-18T00:00:00Z,MLNUSD,51.9,61.5,49.915,59.515,10293.409842289999
2021-03-19T00:00:00Z,MLNUSD,58.894,85.0,57.402,74.964,37675.16564763983
2021-03-20T00:00:00Z,MLNUSD,75.878,77.507,67.787,68.388,6266.459116919994
2021-03-21T00:00:00Z,MLNUSD,69.082,71.904,67.658,69.29,2079.5078842000003
2021-03-22T00:00:00Z,MLNUSD,68.535,120.0,64.217,119.183,34027.04828536002
2021-03-23T00:00:00Z,MLNUSD,119.173,119.173,79.609,81.972,23003.099416279958
2021-03-24T00:00:00Z,MLNUSD,81.32,92.953,73.746,73.811,13102.871954220023
2021-03-25T00:00:00Z,MLNUSD,73.17,80.998,66.163,74.421,14080.63820335002
2021-03-26T00:00:00Z,MLNUSD,74.422,84.256,72.767,83.266,10975.468403619989
2021-03-27T00:00:00Z,MLNUSD,83.265,97.5,74.1,86.4,22268.318612480045
2021-03-28T00:00:00Z,MLNUSD,86.441,87.424,66.813,82.241,7195.975539370002
2021-03-29T00:00:00Z,MLNUSD,82.495,115.001,81.743,109.601,21649.126362210034
2021-03-30T00:00:00Z,MLNUSD,109.0,130.173,94.858,101.104,25987.79155260005
2021-03-31T00:00:00Z,MLNUSD,101.112,120.98,100.0,120.748,11720.654773980048
2021-04-01T00:00:00Z,MLNUSD,120.474,120.98,102.501,104.22,10039.40466282999
2021-04-02T00:00:00Z,MLNUSD,104.557,109.566,93.886,102.091,11394.766320599989
2021-04-03T00:00:00Z,MLNUSD,102.082,105.413,91.25,93.893,9135.922463049994
2021-04-04T00:00:00Z,MLNUSD,92.511,106.06,91.793,101.621,4890.53370116
2021-04-05T00:00:00Z,MLNUSD,102.124,111.65,100.0,102.897,7069.490945840004
2021-04-06T00:00:00Z,MLNUSD,103.923,105.385,94.0,99.776,6714.971832850007
2021-04-07T00:00:00Z,MLNUSD,99.657,99.657,88.319,90.868,6203.194050940006
2021-04-08T00:00:00Z,MLNUSD,90.894,95.502,86.571,91.943,4296.047680329995
2021-04-09T00:00:00Z,MLNUSD,92.072,97.462,92.0,96.183,3468.35963979
2021-04-10T00:00:00Z,MLNUSD,96.203,97.904,90.477,92.131,3663.423344439998
2021-04-11T00:00:00Z,MLNUSD,91.996,93.06,88.8,89.145,2804.1642757600002
2021-04-12T00:00:00Z,MLNUSD,89.009,89.49,85.0,85.8,2861.3376313199988
2021-04-13T00:00:00Z,MLNUSD,85.863,92.601,83.907,88.26,6446.228676569993
2021-04-14T00:00:00Z,MLNUSD,88.054,93.433,82.501,86.139,7874.802401989996
2021-04-15T00:00:00Z,MLNUSD,86.138,100.086,83.952,96.58,9675.167582390013
2021-04-16T00:00:00Z,MLNUSD,96.412,98.999,86.857,90.34,5788.396071890008
2021-04-17T00:00:00Z,MLNUSD,90.34,98.4,88.724,89.526,3813.0798765199934
2021-04-18T00:00:00Z,MLNUSD,89.422,89.422,77.042,84.565,5069.565600049995
2021-04-19T00:00:00Z,MLNUSD,84.109,114.7,82.5,101.559,21152.73548013009
2021-04-20T00:00:00Z,MLNUSD,102.328,106.048,94.64,101.751,6963.953506229985
2021-04-21T00:00:00Z,MLNUSD,102.123,104.546,93.424,93.533,2608.8927175099993
2021-04-22T00:00:00Z,MLNUSD,92.766,107.414,89.969,96.119,8561.554695469998
2021-04-23T00:00:00Z,MLNUSD,94.465,99.478,80.271,93.205,16588.61503042005
2021-04-24T00:00:00Z,MLNUSD,94.219,104.92,93.51,103.34,4007.9473897999983
2021-04-25T00:00:00Z,MLNUSD,103.969,104.1,90.907,92.937,5322.391023149987
2021-04-26T00:00:00Z,MLNUSD,92.512,103.685,92.448,101.85,3651.517337769996
2021-04-27T00:00:00Z,MLNUSD,103.666,115.0,101.658,114.246,5830.212152799998
2021-04-28T00:00:00Z,MLNUSD,114.049,119.696,109.1,110.763,4978.278822599998
2021-04-29T00:00:00Z,MLNUSD,110.636,113.665,103.075,112.797,3691.7476658299997
2021-04-30T00:00:00Z,MLNUSD,112.697,120.0,111.758,118.662,3911.9295343899976
2021-05-01T00:00:00Z,MLNUSD,118.321,129.906,117.348,125.782,3290.0426265700007
2021-05-02T00:00:00Z,MLNUSD,126.627,128.315,120.0,126.001,1946.609623830002
2021-05-03T00:00:00Z,MLNUSD,125.433,134.101,123.263,124.3,5478.608143599998
2021-05-04T00:00:00Z,MLNUSD,124.195,125.051,113.5,119.477,5617.370229729992
2021-05-05T00:00:00Z,MLNUSD,119.477,126.0,113.262,121.803,5228.584109149998
2021-05-06T00:00:00Z,MLNUSD,121.565,123.048,111.471,114.939,3188.640045459998
2021-05-07T00:00:00Z,MLNUSD,115.44,116.646,108.0,108.212,3151.274041819999
2021-05-08T00:00:00Z,MLNUSD,108.481,112.215,108.481,108.998,1419.4952933200004
2021-05-09T00:00:00Z,MLNUSD,109.028,109.579,104.1,105.15,2136.9532588700026
2021-05-10T00:00:00Z,MLNUSD,105.515,125.0,102.395,105.944,9044.04667565
2021-05-11T00:00:00Z,MLNUSD,105.379,127.5,104.76,124.624,7520.673057089989
2021-05-12T00:00:00Z,MLNUSD,124.989,126.99,114.87,114.87,6465.536667670005
2021-05-13T00:00:00Z,MLNUSD,112.771,114.464,103.411,103.476,4371.671536689987
2021-05-14T00:00:00Z,MLNUSD,103.868,113.882,103.507,110.274,3394.7557816300023
2021-05-15T00:00:00Z,MLNUSD,110.241,123.617,100.202,101.526,6865.029148499995
2021-05-16T00:00:00Z,MLNUSD,101.482,106.137,94.451,98.931,3306.457964259996
2021-05-17T00:00:00Z,MLNUSD,98.374,98.374,82.419,87.134,6158.938876830009
2021-05-18T00:00:00Z,MLNUSD,86.394,92.503,86.394,88.598,1737.1105374600006
2021-05-19T00:00:00Z,MLNUSD,88.58,88.58,63.123,67.065,9183.417761550027
2021-05-20T00:00:00Z,MLNUSD,65.767,81.0,61.88,68.312,4959.889275909975
2021-05-21T00:00:00Z,MLNUSD,68.307,74.242,59.353,60.825,5334.703199200005
2021-05-22T00:00:00Z,MLNUSD,60.813,62.044,58.478,59.776,5261.144464370001
2021-05-23T00:00:00Z,MLNUSD,59.776,59.776,45.026,46.152,10231.860637610029
2021-05-24T00:00:00Z,MLNUSD,46.152,59.3,46.139,59.278,9242.797780800023
2021-05-25T00:00:00Z,MLNUSD,59.299,79.998,59.299,77.806,15118.747005560012
2021-05-26T00:00:00Z,MLNUSD,78.289,84.261,73.238,81.75,8604.602556269989
2021-05-27T00:00:00Z,MLNUSD,81.751,91.827,77.113,84.424,4840.455298760003
2021-05-28T00:00:00Z,MLNUSD,83.906,84.272,71.295,71.595,3947.125602010001
2021-05-29T00:00:00Z,MLNUSD,72.237,73.569,65.25,66.667,2525.943162139997
2021-05-30T00:00:00Z,MLNUSD,66.971,73.999,63.852,72.409,1714.4675349600127
2021-05-31T00:00:00Z,MLNUSD,73.195,83.074,71.759,82.429,2219.6984231099996
2021-06-01T00:00:00Z,MLNUSD,81.69,85.0,75.948,76.79,2089.4350289200015
2021-06-02T00:00:00Z,MLNUSD,77.261,82.2,76.117,77.906,1724.3811285599995
2021-06-03T00:00:00Z,MLNUSD,78.675,85.911,77.527,85.743,2702.8973821200007
2021-06-04T00:00:00Z,MLNUSD,85.771,100.652,73.752,100.612,10930.79089816999
2021-06-05T00:00:00Z,MLNUSD,100.937,137.187,99.612,132.97,17718.867320629957
2021-06-06T00:00:00Z,MLNUSD,131.951,174.0,130.817,166.39,20826.511786859883
2021-06-07T00:00:00Z,MLNUSD,166.372,178.0,135.013,138.361,14914.80498313998
2021-06-08T00:00:00Z,MLNUSD,140.042,173.259,116.602,127.247,19597.19798537995
2021-06-09T00:00:00Z,MLNUSD,128.125,130.232,106.009,111.637,9880.790127540009
2021-06-10T00:00:00Z,MLNUSD,111.974,118.0,97.6,106.713,14014.698225470062
2021-06-11T00:00:00Z,MLNUSD,106.608,106.608,85.433,85.433,10773.902729700023
2021-06-12T00:00:00Z,MLNUSD,85.231,118.664,79.492,106.304,17402.592267730026
2021-06-13T00:00:00Z,MLNUSD,106.447,108.681,91.503,97.749,13562.817140430057
2021-06-14T00:00:00Z,MLNUSD,97.088,103.793,93.0,97.823,9750.317006309997
2021-06-15T00:00:00Z,MLNUSD,98.892,101.66,95.447,96.32,3647.078700969993
2021-06-16T00:00:00Z,MLNUSD,96.151,96.274,85.262,85.281,5630.995689399979
2021-06-17T00:00:00Z,MLNUSD,85.517,89.414,79.265,80.701,8272.373141640026
2021-06-18T00:00:00Z,MLNUSD,81.161,85.193,72.763,74.021,5040.076221290008
2021-06-19T00:00:00Z,MLNUSD,74.379,114.7,74.379,92.494,45288.18249000038
2021-06-20T00:00:00Z,MLNUSD,92.997,97.746,81.555,86.205,10921.175367900001
2021-06-21T00:00:00Z,MLNUSD,86.315,87.793,66.715,68.773,10964.097828379945
2021-06-22T00:00:00Z,MLNUSD,68.519,76.136,56.293,61.845,9313.261974630017
2021-06-23T00:00:00Z,MLNUSD,61.359,70.0,61.359,66.616,9142.13510223997
2021-06-24T00:00:00Z,MLNUSD,66.608,69.865,62.826,66.198,3415.856037330001
2021-06-25T00:00:00Z,MLNUSD,65.86,69.466,61.091,61.254,8080.968879620021
2021-06-26T00:00:00Z,MLNUSD,61.46,62.01,57.65,59.295,3123.0729496399986
2021-06-27T00:00:00Z,MLNUSD,59.764,65.239,58.973,64.226,3073.484766570003
2021-06-28T00:00:00Z,MLNUSD,64.534,71.747,62.986,68.112,4210.015148469996
2021-06-29T00:00:00Z,MLNUSD,68.112,72.745,66.379,70.13,3921.6033104999974
2021-06-30T00:00:00Z,MLNUSD,69.345,70.302,65.296,68.762,1477.5190792200017
2021-07-01T00:00:00Z,MLNUSD,68.41,88.0,67.261,80.681,14661.045127649932
2021-07-02T00:00:00Z,MLNUSD,80.802,82.67,71.3,73.75,5190.931909549999
2021-07-03T00:00:00Z,MLNUSD,73.777,78.0,72.635,75.241,4606.90650985
2021-07-04T00:00:00Z,MLNUSD,75.504,84.774,74.5,82.411,6664.083632589981
2021-07-05T00:00:00Z,MLNUSD,81.552,120.174,79.944,101.005,40071.17035867011
2021-07-06T00:00:00Z,MLNUSD,101.0,120.0,101.0,101.302,18952.70524014009
2021-07-07T00:00:00Z,MLNUSD,101.651,110.9,92.43,92.43,7524.915153720015
2021-07-08T00:00:00Z,MLNUSD,91.656,94.768,84.295,84.511,4266.216760509996
2021-07-09T00:00:00Z,MLNUSD,84.123,93.087,80.0,89.973,4000.429578350002
2021-07-10T00:00:00Z,MLNUSD,90.183,107.0,88.486,94.032,17662.576700400048
2021-07-11T00:00:00Z,MLNUSD,94.01,94.623,88.098,90.692,3826.765564679991
2021-07-12T00:00:00Z,MLNUSD,90.78,91.333,84.729,86.158,1890.238256350001
2021-07-13T00:00:00Z,MLNUSD,85.282,93.0,81.153,81.153,4032.051788250002
2021-07-14T00:00:00Z,MLNUSD,81.494,84.071,76.865,80.789,2542.3910990300014
2021-07-15T00:00:00Z,MLNUSD,80.79,87.151,75.243,77.074,5844.109544740003
2021-07-16T00:00:00Z,MLNUSD,77.1,87.802,74.694,76.007,8775.63682233
2021-07-17T00:00:00Z,MLNUSD,76.588,83.655,75.071,77.0,4700.731411819999
2021-07-18T00:00:00Z,MLNUSD,76.978,78.886,75.379,76.384,2083.38910869
2021-07-19T00:00:00Z,MLNUSD,76.045,77.041,67.729,68.075,3841.421714960005
2021-07-20T00:00:00Z,MLNUSD,67.874,68.418,62.912,64.061,5181.86730071
2021-07-21T00:00:00Z,MLNUSD,64.004,77.609,63.607,71.478,8692.037144399967
2021-07-22T00:00:00Z,MLNUSD,71.253,73.499,68.468,71.976,2805.5099472399993
2021-07-23T00:00:00Z,MLNUSD,71.828,72.973,70.0,72.416,5606.249692219987
2021-07-24T00:00:00Z,MLNUSD,72.494,75.616,69.679,70.563,3578.842728370006
2021-07-25T00:00:00Z,MLNUSD,70.858,77.609,70.181,74.898,6042.083547459998
2021-07-26T00:00:00Z,MLNUSD,74.711,79.184,71.212,72.005,7254.811388440012
2021-07-27T00:00:00Z,MLNUSD,71.932,73.302,68.928,72.584,2180.0845193
2021-07-28T00:00:00Z,MLNUSD,72.07,73.957,71.036,72.726,3016.0305269999994
2021-07-29T00:00:00Z,MLNUSD,73.054,73.835,71.753,73.208,2072.8717899599988
2021-07-30T00:00:00Z,MLNUSD,73.022,83.35,72.637,78.0,5923.479869260004
2021-07-31T00:00:00Z,MLNUSD,78.114,79.166,76.388,78.903,2094.650330000001
2021-08-01T00:00:00Z,MLNUSD,79.03,94.097,77.868,83.097,12969.804526140024
2021-08-02T00:00:00Z,MLNUSD,82.587,117.999,79.001,107.258,31424.201597469884
2021-08-03T00:00:00Z,MLNUSD,107.031,125.935,102.225,105.175,21036.82344788003
2021-08-04T00:00:00Z,MLNUSD,105.825,108.714,98.918,100.825,10542.195217470005
2021-08-05T00:00:00Z,MLNUSD,101.056,102.465,93.111,95.054,7385.014507200011
2021-08-06T00:00:00Z,MLNUSD,95.056,97.072,93.001,94.574,4695.674115100008
2021-08-07T00:00:00Z,MLNUSD,94.814,98.896,93.898,95.399,4672.140483249992
2021-08-08T00:00:00Z,MLNUSD,95.536,96.49,88.671,90.68,3562.730133730007
2021-08-09T00:00:00Z,MLNUSD,89.818,95.502,88.0,92.556,4326.888304179996
2021-08-10T00:00:00Z,MLNUSD,92.237,99.999,90.376,95.05,5915.787820940008
2021-08-11T00:00:00Z,MLNUSD,95.239,101.784,93.2,95.05,8346.609078110014
2021-08-12T00:00:00Z,MLNUSD,94.729,98.333,91.768,92.911,5306.134059369986
2021-08-13T00:00:00Z,MLNUSD,93.396,98.0,92.68,97.199,4600.440650960002
2021-08-14T00:00:00Z,MLNUSD,96.994,97.602,94.101,96.074,3605.4061123099914
2021-08-15T00:00:00Z,MLNUSD,96.664,96.861,92.803,95.725,2132.4361117300014
2021-08-16T00:00:00Z,MLNUSD,96.266,98.5,93.688,94.38,4714.287136740019
2021-08-17T00:00:00Z,MLNUSD,94.38,95.98,90.116,90.14,4052.777089699998
2021-08-18T00:00:00Z,MLNUSD,90.48,90.88,86.425,87.181,1946.1564926599995
2021-08-19T00:00:00Z,MLNUSD,86.96,90.982,85.977,89.929,3985.6880402799957
2021-08-20T00:00:00Z,MLNUSD,89.926,94.5,89.917,94.234,2179.0587727799966
2021-08-21T00:00:00Z,MLNUSD,93.779,97.346,91.868,93.738,4432.138805730002
2021-08-22T00:00:00Z,MLNUSD,93.99,94.41,91.208,94.096,3303.370045030001
2021-08-23T00:00:00Z,MLNUSD,94.41,96.922,93.178,96.231,2995.3539676300034
2021-08-24T00:00:00Z,MLNUSD,96.01,96.876,91.202,91.648,2357.7727890900005
2021-08-25T00:00:00Z,MLNUSD,91.927,100.227,90.095,95.188,3543.0319670800022
2021-08-26T00:00:00Z,MLNUSD,95.504,160.0,93.672,126.508,55330.69435948969
2021-08-27T00:00:00Z,MLNUSD,127.175,155.0,121.0,127.699,21637.605085209983
2021-08-28T00:00:00Z,MLNUSD,127.699,134.695,124.165,127.001,15973.85313434
2021-08-29T00:00:00Z,MLNUSD,127.497,128.363,115.626,117.844,9696.965547160002
2021-08-30T00:00:00Z,MLNUSD,117.657,122.959,108.408,108.408,10416.373710539998
2021-08-31T00:00:00Z,MLNUSD,108.429,116.574,106.765,109.687,15379.345170790055
2021-09-01T00:00:00Z,MLNUSD,109.687,119.724,108.862,115.496,10490.697207550003
2021-09-02T00:00:00Z,MLNUSD,115.806,119.136,112.0,117.159,5196.3622058999945
2021-09-03T00:00:00Z,MLNUSD,116.452,116.452,112.448,113.453,3898.5468882199907
2021-09-04T00:00:00Z,MLNUSD,113.453,115.0,109.687,111.232,5934.129705720003
2021-09-05T00:00:00Z,MLNUSD,111.435,115.85,110.802,114.163,4324.602276130001
2021-09-06T00:00:00Z,MLNUSD,113.74,128.75,111.537,120.82,17853.674377490068
2021-09-07T00:00:00Z,MLNUSD,120.523,121.388,91.7,101.382,13370.658027969997
2021-09-08T00:00:00Z,MLNUSD,100.514,110.489,92.612,103.201,6725.11958404001
2021-09-09T00:00:00Z,MLNUSD,103.814,117.705,103.814,109.96,13354.619937000041
2021-09-10T00:00:00Z,MLNUSD,110.555,111.98,100.182,102.477,4347.310181520008
2021-09-11T00:00:00Z,MLNUSD,102.49,110.083,102.211,108.86,5521.115746949988
2021-09-12T00:00:00Z,MLNUSD,108.569,115.547,106.695,108.995,2529.37748959001
2021-09-13T00:00:00Z,MLNUSD,109.373,109.964,100.452,102.341,2998.79459306
2021-09-14T00:00:00Z,MLNUSD,102.262,151.002,102.211,125.986,23752.268260869907
2021-09-15T00:00:00Z,MLNUSD,126.057,144.693,124.916,126.622,16363.243786120049
2021-09-16T00:00:00Z,MLNUSD,126.562,131.573,118.045,119.554,3571.3019579600063
2021-09-17T00:00:00Z,MLNUSD,119.603,119.956,108.802,111.642,3423.159887470011
2021-09-18T00:00:00Z,MLNUSD,111.898,139.69,111.693,120.483,12143.114005610005
2021-09-19T00:00:00Z,MLNUSD,120.406,128.994,116.438,123.203,6169.142771489979
2021-09-20T00:00:00Z,MLNUSD,123.272,126.998,101.532,103.438,11867.85290597998
2021-09-21T00:00:00Z,MLNUSD,104.115,178.999,99.219,158.598,36949.700274729796
2021-09-22T00:00:00Z,MLNUSD,158.599,215.334,148.052,153.602,73456.44444197914
2021-09-23T00:00:00Z,MLNUSD,154.552,161.94,142.227,143.482,14029.010347929998
2021-09-24T00:00:00Z,MLNUSD,143.0,144.677,125.321,130.86,13105.771558219963
2021-09-25T00:00:00Z,MLNUSD,130.595,138.738,128.492,137.191,8787.994870919994
2021-09-26T00:00:00Z,MLNUSD,137.275,186.928,136.621,161.972,48093.12205307994
2021-09-27T00:00:00Z,MLNUSD,161.847,169.468,143.724,147.507,13992.168482239942
2021-09-28T00:00:00Z,MLNUSD,147.507,148.851,130.926,138.556,15177.953876860012
2021-09-29T00:00:00Z,MLNUSD,138.501,148.999,136.002,138.593,11824.13008702003
2021-09-30T00:00:00Z,MLNUSD,138.302,144.356,137.168,139.074,5439.367578680005
2021-10-01T00:00:00Z,MLNUSD,139.402,148.405,136.56,143.996,10234.603564070016
2021-10-02T00:00:00Z,MLNUSD,144.12,147.081,141.291,142.782,3153.8271242200044
2021-10-03T00:00:00Z,MLNUSD,143.206,143.466,138.351,139.731,3045.922188439995
2021-10-04T00:00:00Z,MLNUSD,139.592,144.677,135.101,136.786,4675.960380149995
2021-10-05T00:00:00Z,MLNUSD,136.709,143.25,133.961,136.959,3152.4859105400037
2021-10-06T00:00:00Z,MLNUSD,137.014,144.871,127.784,132.728,6697.506874190012
2021-10-07T00:00:00Z,MLNUSD,132.465,135.021,128.595,130.503,3685.306094159998
2021-10-08T00:00:00Z,MLNUSD,131.042,133.48,129.987,130.549,1962.5670577299989
2021-10-09T00:00:00Z,MLNUSD,131.381,142.428,131.289,135.959,6161.912779849985
2021-10-10T00:00:00Z,MLNUSD,135.966,136.507,130.734,130.834,1640.7970783799983
2021-10-11T00:00:00Z,MLNUSD,130.658,134.686,127.482,127.995,4612.943801120002
2021-10-12T00:00:00Z,MLNUSD,128.299,132.419,125.527,129.715,1857.26081891
2021-10-13T00:00:00Z,MLNUSD,129.728,132.465,127.698,130.433,2486.5430018900015
2021-10-14T00:00:00Z,MLNUSD,130.589,175.0,129.939,141.87,24980.141732780085
2021-10-15T00:00:00Z,MLNUSD,141.668,141.668,131.28,134.201,9291.621436250014
2021-10-16T00:00:00Z,MLNUSD,134.356,136.66,132.0,132.0,2691.6864616899998
2021-10-17T00:00:00Z,MLNUSD,132.156,134.999,129.615,132.839,2217.8993782200014
2021-10-18T00:00:00Z,MLNUSD,132.907,165.707,131.515,134.679,11848.448288159947
2021-10-19T00:00:00Z,MLNUSD,135.578,154.161,133.0,138.994,7761.990402339977
2021-10-20T00:00:00Z,MLNUSD,139.0,156.551,136.767,143.916,10215.92482430998
2021-10-21T00:00:00Z,MLNUSD,143.273,150.916,140.0,140.0,4510.491756590001
2021-10-22T00:00:00Z,MLNUSD,140.444,143.952,138.447,139.411,2560.5029218299987
2021-10-23T00:00:00Z,MLNUSD,139.054,140.963,135.52,140.963,2436.9088636700017
2021-10-24T00:00:00Z,MLNUSD,140.864,141.433,134.229,135.85,2127.5337533099996
2021-10-25T00:00:00Z,MLNUSD,135.85,142.931,135.85,141.818,3962.29982685
2021-10-26T00:00:00Z,MLNUSD,141.499,143.642,137.046,137.392,2170.292591750004
2021-10-27T00:00:00Z,MLNUSD,137.545,142.905,129.02,129.02,3488.393837219995
2021-10-28T00:00:00Z,MLNUSD,129.567,134.022,127.229,131.168,3679.1733525499903
2021-10-29T00:00:00Z,MLNUSD,131.565,138.165,130.756,134.687,2504.145016920001
2021-10-30T00:00:00Z,MLNUSD,135.129,135.129,128.726,129.445,2480.4529094099985
2021-10-31T00:00:00Z,MLNUSD,129.509,132.839,129.041,131.207,1462.743777240001
2021-11-01T00:00:00Z,MLNUSD,131.359,134.462,130.16,131.113,2453.6612779900015
2021-11-02T00:00:00Z,MLNUSD,131.573,140.266,130.526,134.254,3409.8621917400033
2021-11-03T00:00:00Z,MLNUSD,134.582,136.386,131.235,132.356,4535.4806372
2021-11-04T00:00:00Z,MLNUSD,132.965,142.511,132.965,138.993,3226.38831293001
2021-11-05T00:00:00Z,MLNUSD,139.375,139.436,133.35,135.06,1876.9453914600015
2021-11-06T00:00:00Z,MLNUSD,135.189,135.195,132.275,134.271,1942.268215269998
2021-11-07T00:00:00Z,MLNUSD,134.377,135.009,132.766,133.279,645.5802309599999
2021-11-08T00:00:00Z,MLNUSD,133.471,138.565,133.017,134.429,2002.9558144599978
2021-11-09T00:00:00Z,MLNUSD,134.152,147.243,133.71,140.089,3760.971826669999
2021-11-10T00:00:00Z,MLNUSD,140.128,140.624,127.088,130.105,3181.9669879700045
2021-11-11T00:00:00Z,MLNUSD,129.445,132.233,128.788,131.585,640.0084990200005
2021-11-12T00:00:00Z,MLNUSD,131.162,133.218,125.682,128.93,3209.140700700002
2021-11-13T00:00:00Z,MLNUSD,129.281,132.173,128.693,131.013,1232.1349233100009
2021-11-14T00:00:00Z,MLNUSD,130.924,131.491,128.043,129.2,733.0971888899998
2021-11-15T00:00:00Z,MLNUSD,129.264,131.845,126.944,128.575,885.69097951
2021-11-16T00:00:00Z,MLNUSD,128.405,128.405,115.167,116.767,1902.8596498999975
2021-11-17T00:00:00Z,MLNUSD,115.875,118.452,112.013,113.801,1164.96409319
2021-11-18T00:00:00Z,MLNUSD,114.339,118.351,104.323,105.362,4607.265043709998
2021-11-19T00:00:00Z,MLNUSD,104.719,118.221,103.163,113.0,4301.996640860004
2021-11-20T00:00:00Z,MLNUSD,113.11,129.553,112.219,116.495,5109.973262320008
2021-11-21T00:00:00Z,MLNUSD,116.476,117.637,114.453,115.01,2093.3797711900006
2021-11-22T00:00:00Z,MLNUSD,114.609,114.609,108.375,108.839,1420.1008411099983
2021-11-23T00:00:00Z,MLNUSD,108.766,111.27,107.48,110.41,1185.509158570002
2021-11-24T00:00:00Z,MLNUSD,110.398,110.786,103.776,104.899,2349.675517910003
2021-11-25T00:00:00Z,MLNUSD,104.91,110.966,103.308,110.3,2665.0909277100022
2021-11-26T00:00:00Z,MLNUSD,110.3,112.597,98.265,100.499,3504.0878801099984
2021-11-27T00:00:00Z,MLNUSD,100.53,106.0,100.517,101.398,2625.6463219699945
2021-11-28T00:00:00Z,MLNUSD,101.113,103.858,97.327,103.568,1746.6503458999953
2021-11-29T00:00:00Z,MLNUSD,103.765,119.837,101.903,109.409,3947.3004293400054
2021-11-30T00:00:00Z,MLNUSD,109.168,109.26,104.469,104.59,1152.2822680299998
2021-12-01T00:00:00Z,MLNUSD,104.446,108.631,103.713,104.268,1201.8876839900001
2021-12-02T00:00:00Z,MLNUSD,104.08,104.085,99.171,101.555,2912.496315279997
2021-12-03T00:00:00Z,MLNUSD,101.057,104.0,95.573,97.359,2206.8391136800005
2021-12-04T00:00:00Z,MLNUSD,96.763,109.198,85.574,90.269,6570.427237099991
2021-12-05T00:00:00Z,MLNUSD,90.22,103.865,89.531,97.289,6672.85017768
2021-12-06T00:00:00Z,MLNUSD,97.437,97.529,86.93,94.044,3426.8873484000055
2021-12-07T00:00:00Z,MLNUSD,94.246,102.38,92.583,92.583,4659.629167449994
2021-12-08T00:00:00Z,MLNUSD,93.407,101.681,88.332,92.383,4956.637806609998
2021-12-09T00:00:00Z,MLNUSD,92.399,98.511,84.018,84.051,3442.17709606
2021-12-10T00:00:00Z,MLNUSD,83.514,85.684,81.233,81.233,1523.8094017799997
2021-12-11T00:00:00Z,MLNUSD,81.26,94.243,80.3,85.669,11316.629070219986
2021-12-12T00:00:00Z,MLNUSD,85.507,90.686,83.309,86.646,4087.1239859399916
2021-12-13T00:00:00Z,MLNUSD,86.45,86.45,81.009,84.053,1768.2934696100006
2021-12-14T00:00:00Z,MLNUSD,83.391,105.628,81.535,83.523,14686.274577269982
2021-12-15T00:00:00Z,MLNUSD,83.715,87.226,81.654,85.05,3093.2136535799987
2021-12-16T00:00:00Z,MLNUSD,85.473,86.861,83.859,83.906,758.61875079
2021-12-17T00:00:00Z,MLNUSD,83.989,86.849,81.653,85.078,974.4015721100002
2021-12-18T00:00:00Z,MLNUSD,85.108,92.071,83.501,85.373,4343.766677859997
2021-12-19T00:00:00Z,MLNUSD,85.097,85.648,82.564,82.924,2447.6811891400007
2021-12-20T00:00:00Z,MLNUSD,82.598,82.841,76.811,79.661,2247.5016949799997
2021-12-21T00:00:00Z,MLNUSD,80.083,83.142,79.766,82.864,874.7299857300001
2021-12-22T00:00:00Z,MLNUSD,82.668,85.581,81.284,82.001,1587.1607571399998
2021-12-23T00:00:00Z,MLNUSD,81.69,85.283,80.901,84.125,861.1413325800002
2021-12-24T00:00:00Z,MLNUSD,84.718,85.38,82.516,82.542,1052.1238293399997
2021-12-25T00:00:00Z,MLNUSD,82.403,85.17,82.183,84.31,878.341442339999
2021-12-26T00:00:00Z,MLNUSD,84.151,86.763,82.67,86.573,1512.1212304799994
2021-12-27T00:00:00Z,MLNUSD,86.88,89.99,85.842,87.101,1315.0971822900003
2021-12-28T00:00:00Z,MLNUSD,86.809,130.988,85.005,123.756,50720.96189733012
2021-12-29T00:00:00Z,MLNUSD,123.759,127.125,92.5,93.107,12707.020335440038
2021-12-30T00:00:00Z,MLNUSD,93.591,100.425,89.0,89.199,4480.837362560006
2021-12-31T00:00:00Z,MLNUSD,89.478,96.36,88.647,89.036,4248.645457820002
2022-01-01T00:00:00Z,MLNUSD,89.471,114.0,87.397,98.747,17100.291540390008
2022-01-02T00:00:00Z,MLNUSD,97.844,99.907,95.095,96.023,2641.271204730002
2022-01-03T00:00:00Z,MLNUSD,96.023,96.151,91.5,92.554,4760.299580529999
2022-01-04T00:00:00Z,MLNUSD,93.048,94.165,90.221,90.586,1241.2743806300011
2022-01-05T00:00:00Z,MLNUSD,90.664,97.601,85.821,86.635,9088.067664699984
2022-01-06T00:00:00Z,MLNUSD,85.94,86.663,80.184,83.826,6037.134566089988
2022-01-07T00:00:00Z,MLNUSD,83.598,83.598,77.452,77.824,3875.952601539998
2022-01-08T00:00:00Z,MLNUSD,78.384,81.063,72.697,75.01,4548.953653140003
2022-01-09T00:00:00Z,MLNUSD,74.5,78.29,74.192,75.647,1407.81298507
2022-01-10T00:00:00Z,MLNUSD,75.685,76.864,70.03,72.662,2024.4645057999999
2022-01-11T00:00:00Z,MLNUSD,72.249,76.566,72.205,75.373,2013.0119274499998
2022-01-12T00:00:00Z,MLNUSD,75.516,77.503,74.087,77.342,1441.4897146199994
2022-01-13T00:00:00Z,MLNUSD,77.373,79.194,74.405,75.266,1743.7315846599993
2022-01-14T00:00:00Z,MLNUSD,75.038,86.109,74.079,78.488,4662.892270649996
2022-01-15T00:00:00Z,MLNUSD,77.716,80.025,77.071,77.071,1289.9466648399996
2022-01-16T00:00:00Z,MLNUSD,77.07,78.327,76.081,76.659,729.7215319799998
2022-01-17T00:00:00Z,MLNUSD,76.64,81.982,74.717,76.363,2978.0460210900033
2022-01-18T00:00:00Z,MLNUSD,76.281,76.519,73.001,74.188,604.0874310399998
2022-01-19T00:00:00Z,MLNUSD,73.093,73.382,71.425,71.872,708.1244561000001
2022-01-20T00:00:00Z,MLNUSD,72.046,74.787,69.942,69.994,809.8302842599998
2022-01-21T00:00:00Z,MLNUSD,69.275,69.941,59.839,60.437,4110.658743309999
2022-01-22T00:00:00Z,MLNUSD,61.136,63.578,51.879,53.048,3169.973639680002
2022-01-23T00:00:00Z,MLNUSD,52.886,56.568,52.79,56.486,1456.9833463200005
2022-01-24T00:00:00Z,MLNUSD,56.045,62.318,50.0,53.326,7110.414052650007
2022-01-25T00:00:00Z,MLNUSD,53.587,55.0,52.112,53.492,2998.6043797099996
2022-01-26T00:00:00Z,MLNUSD,53.574,56.973,52.607,53.793,4000.434661269999
2022-01-27T00:00:00Z,MLNUSD,53.627,55.265,51.65,53.199,1366.421672210001
2022-01-28T00:00:00Z,MLNUSD,53.614,56.257,52.662,56.155,2329.485679640001
2022-01-29T00:00:00Z,MLNUSD,56.483,59.786,55.025,58.553,2504.229987140001
2022-01-30T00:00:00Z,MLNUSD,58.352,58.352,55.561,55.867,1313.5957710300002
2022-01-31T00:00:00Z,MLNUSD,55.282,56.789,53.778,56.558,1224.1887001900002
2022-02-01T00:00:00Z,MLNUSD,56.558,63.395,56.528,56.717,3349.9363055299978
2022-02-02T00:00:00Z,MLNUSD,56.397,57.243,54.2,55.25,1198.4472649299996
2022-02-03T00:00:00Z,MLNUSD,54.721,57.282,54.405,57.282,622.3913897700002
2022-02-04T00:00:00Z,MLNUSD,57.413,60.744,56.425,59.948,1808.0053951900013
2022-02-05T00:00:00Z,MLNUSD,59.941,62.358,59.327,61.048,2044.989556779999
2022-02-06T00:00:00Z,MLNUSD,61.126,66.062,61.093,62.611,2187.440874749999
2022-02-07T00:00:00Z,MLNUSD,62.151,65.287,61.438,63.684,1694.0442733500001
2022-02-08T00:00:00Z,MLNUSD,63.484,63.978,60.897,62.175,2306.5966347900016
2022-02-09T00:00:00Z,MLNUSD,62.062,69.219,61.426,65.743,2831.240516119999
2022-02-10T00:00:00Z,MLNUSD,65.949,65.949,61.4,61.4,708.5951796000002
2022-02-11T00:00:00Z,MLNUSD,61.1,62.378,57.8,57.917,1464.3511355099993
2022-02-12T00:00:00Z,MLNUSD,57.673,58.629,56.882,57.715,603.9186934300002
2022-02-13T00:00:00Z,MLNUSD,57.717,70.371,56.6,56.6,3583.0261463099973
2022-02-14T00:00:00Z,MLNUSD,56.32,59.579,54.388,56.096,2064.8441386199993
2022-02-15T00:00:00Z,MLNUSD,56.058,61.383,56.058,60.094,881.3584223100002
2022-02-16T00:00:00Z,MLNUSD,60.904,66.922,59.906,61.648,3267.6758527799957
2022-02-17T00:00:00Z,MLNUSD,61.354,61.45,55.618,56.553,1275.8755350499987
2022-02-18T00:00:00Z,MLNUSD,56.443,58.695,55.715,56.0,1985.7955211900003
2022-02-19T00:00:00Z,MLNUSD,56.0,56.6,54.108,54.189,582.47943649
2022-02-20T00:00:00Z,MLNUSD,54.689,59.018,51.0,54.116,3823.495513950001
2022-02-21T00:00:00Z,MLNUSD,53.744,56.282,52.667,52.667,2156.828339059999
2022-02-22T00:00:00Z,MLNUSD,52.57,54.755,50.052,54.755,1694.6643960400002
2022-02-23T00:00:00Z,MLNUSD,54.419,55.411,50.738,51.019,832.8061519399997
2022-02-24T00:00:00Z,MLNUSD,50.845,51.097,44.341,49.099,3554.5284627600026
2022-02-25T00:00:00Z,MLNUSD,49.395,53.447,48.574,52.826,3780.743156610005
2022-02-26T00:00:00Z,MLNUSD,52.762,54.051,51.763,53.03,1837.7042299400002
2022-02-27T00:00:00Z,MLNUSD,52.717,54.609,50.3,51.046,2259.72332641
2022-02-28T00:00:00Z,MLNUSD,51.512,57.564,50.545,57.564,1901.0317339500011
2022-03-01T00:00:00Z,MLNUSD,57.481,60.822,56.816,58.801,1938.6541961200012
2022-03-02T00:00:00Z,MLNUSD,59.066,62.199,57.676,60.407,2382.421589900001
2022-03-03T00:00:00Z,MLNUSD,60.428,61.096,56.369,57.258,1636.8023693999992
2022-03-04T00:00:00Z,MLNUSD,57.392,72.349,49.728,51.566,17859.799618049983
2022-03-05T00:00:00Z,MLNUSD,51.418,56.125,50.85,52.907,3424.9916164700044
2022-03-06T00:00:00Z,MLNUSD,52.909,66.847,51.613,52.993,13437.413563970005
2022-03-07T00:00:00Z,MLNUSD,52.701,56.763,50.9,50.9,5443.702489169993
2022-03-08T00:00:00Z,MLNUSD,51.112,53.441,50.515,51.554,4165.916568750001
2022-03-09T00:00:00Z,MLNUSD,51.569,54.146,51.569,52.451,1513.8331623099962
2022-03-10T00:00:00Z,MLNUSD,52.884,52.899,50.13,51.828,2708.73646016
2022-03-11T00:00:00Z,MLNUSD,51.835,52.929,50.759,51.329,2247.5807845200006
2022-03-12T00:00:00Z,MLNUSD,51.545,53.536,51.545,51.813,2217.887485559998
2022-03-13T00:00:00Z,MLNUSD,51.636,54.66,50.695,50.695,5379.148402850002
2022-03-14T00:00:00Z,MLNUSD,50.79,52.056,50.724,51.83,740.8461836599995
2022-03-15T00:00:00Z,MLNUSD,52.02,54.08,50.6,52.629,1552.5822721199993
2022-03-16T00:00:00Z,MLNUSD,52.249,54.422,52.078,53.711,3547.9919810200017
2022-03-17T00:00:00Z,MLNUSD,54.027,54.353,52.973,53.857,2573.7121968900005
2022-03-18T00:00:00Z,MLNUSD,53.86,55.516,53.257,55.512,2107.9878902400005
2022-03-19T00:00:00Z,MLNUSD,55.245,63.396,55.214,58.682,5971.084414080002
2022-03-20T00:00:00Z,MLNUSD,58.589,78.849,56.0,56.188,15181.322485410019
2022-03-21T00:00:00Z,MLNUSD,55.811,59.495,55.378,57.655,1895.6906104899997
2022-03-22T00:00:00Z,MLNUSD,57.982,59.025,57.538,58.312,531.94494156
2022-03-23T00:00:00Z,MLNUSD,58.472,58.922,56.923,57.837,1524.6748374600008
2022-03-24T00:00:00Z,MLNUSD,57.973,61.592,57.633,58.589,4062.524806160003
2022-03-25T00:00:00Z,MLNUSD,58.589,59.615,57.958,57.958,1473.7511232000002
2022-03-26T00:00:00Z,MLNUSD,57.86,58.978,57.731,58.544,1432.9441054499998
2022-03-27T00:00:00Z,MLNUSD,58.543,59.95,58.355,59.8,2417.256201289999
2022-03-28T00:00:00Z,MLNUSD,59.711,62.748,59.71,61.027,3377.199636220002
2022-03-29T00:00:00Z,MLNUSD,60.832,63.1,60.541,60.963,2565.3705692099993
2022-03-30T00:00:00Z,MLNUSD,60.926,62.729,59.252,61.693,2790.045858090001
2022-03-31T00:00:00Z,MLNUSD,61.975,63.62,59.697,59.697,2902.0045841399997
2022-04-01T00:00:00Z,MLNUSD,60.017,73.0,58.7,61.85,8286.091161180002
2022-04-02T00:00:00Z,MLNUSD,62.036,63.499,61.269,62.032,2639.8317968700017
2022-04-03T00:00:00Z,MLNUSD,61.927,63.966,61.171,63.432,1531.8703466100008
2022-04-04T00:00:00Z,MLNUSD,63.835,63.835,59.793,61.385,4329.912368330014
2022-04-05T00:00:00Z,MLNUSD,61.704,65.044,60.614,60.614,1740.9925871099967
2022-04-06T00:00:00Z,MLNUSD,60.713,60.713,57.0,57.612,2715.614576859999
2022-04-07T00:00:00Z,MLNUSD,57.019,58.143,56.105,57.832,549.24075125
2022-04-08T00:00:00Z,MLNUSD,57.702,61.171,56.01,56.01,2221.224744069994
2022-04-09T00:00:00Z,MLNUSD,56.073,57.54,55.755,57.54,474.40186497999997
2022-04-10T00:00:00Z,MLNUSD,57.441,60.48,56.681,56.724,1723.3714543399994
2022-04-11T00:00:00Z,MLNUSD,56.692,56.728,51.954,52.124,2240.5041574499983
2022-04-12T00:00:00Z,MLNUSD,52.228,55.083,52.195,54.368,864.3250734599997
2022-04-13T00:00:00Z,MLNUSD,54.572,56.439,54.483,56.146,443.17383794000006
2022-04-14T00:00:00Z,MLNUSD,56.2,56.439,53.687,53.869,408.07848587999985
2022-04-15T00:00:00Z,MLNUSD,54.203,60.5,53.729,54.453,1310.04275193
2022-04-16T00:00:00Z,MLNUSD,54.414,55.16,53.82,55.16,487.9089922400003
2022-04-17T00:00:00Z,MLNUSD,54.843,57.69,54.588,54.741,1620.978606610001
2022-04-18T00:00:00Z,MLNUSD,54.743,57.006,54.085,55.111,2035.384215839999
2022-04-19T00:00:00Z,MLNUSD,55.255,57.31,55.004,56.159,1121.9473976000006
2022-04-20T00:00:00Z,MLNUSD,56.159,57.227,55.703,56.659,1446.83224381
2022-04-21T00:00:00Z,MLNUSD,56.654,60.94,56.093,57.062,2210.485503879999
2022-04-22T00:00:00Z,MLNUSD,56.975,57.5,54.993,55.123,1124.5193852900006
2022-04-23T00:00:00Z,MLNUSD,55.178,59.184,54.779,55.966,758.0184459699998
2022-04-24T00:00:00Z,MLNUSD,56.684,65.987,53.7,54.082,4893.662219390001
2022-04-25T00:00:00Z,MLNUSD,53.715,54.643,51.8,54.643,1450.28165798
2022-04-26T00:00:00Z,MLNUSD,54.742,54.831,50.772,52.116,1184.34192327
2022-04-27T00:00:00Z,MLNUSD,52.053,53.989,52.053,53.555,859.0785239999999
2022-04-28T00:00:00Z,MLNUSD,53.633,54.486,52.956,53.776,2127.392601669999
2022-04-29T00:00:00Z,MLNUSD,53.928,55.308,49.348,49.558,5564.492771250003
2022-04-30T00:00:00Z,MLNUSD,49.668,52.224,49.277,49.591,2482.859074399998
2022-05-01T00:00:00Z,MLNUSD,49.493,53.066,49.0,50.21,3133.3878760299967
2022-05-02T00:00:00Z,MLNUSD,50.144,50.675,48.601,49.255,1094.9903263700003
2022-05-03T00:00:00Z,MLNUSD,49.243,50.454,48.656,49.016,609.7569425900001
2022-05-04T00:00:00Z,MLNUSD,48.947,50.562,47.891,50.449,2513.22584236
2022-05-05T00:00:00Z,MLNUSD,50.582,50.851,44.007,45.285,1538.9740394
2022-05-06T00:00:00Z,MLNUSD,45.266,46.179,44.667,45.459,712.6054476800001
2022-05-07T00:00:00Z,MLNUSD,45.355,48.228,44.892,45.866,2945.1450871800007
2022-05-08T00:00:00Z,MLNUSD,45.573,45.573,43.289,43.559,297.3705576500003
2022-05-09T00:00:00Z,MLNUSD,43.516,44.028,37.35,37.35,3385.9072652100026
2022-05-10T00:00:00Z,MLNUSD,37.23,40.396,36.258,36.947,2852.103998340001
2022-05-11T00:00:00Z,MLNUSD,36.963,37.62,25.993,26.046,4966.653216489995
2022-05-12T00:00:00Z,MLNUSD,26.431,27.241,21.874,23.199,6592.665346180006
2022-05-13T00:00:00Z,MLNUSD,23.161,27.474,22.941,25.585,2892.7981455400004
2022-05-14T00:00:00Z,MLNUSD,25.658,29.257,25.628,28.091,1881.7469248700015
2022-05-15T00:00:00Z,MLNUSD,28.13,63.396,27.231,36.287,28512.650544559852
2022-05-16T00:00:00Z,MLNUSD,35.998,36.509,28.405,29.032,8856.614355570007
2022-05-17T00:00:00Z,MLNUSD,29.173,42.506,29.173,32.486,15518.977069379967
2022-05-18T00:00:00Z,MLNUSD,32.846,32.846,29.206,29.292,5817.545007510003
2022-05-19T00:00:00Z,MLNUSD,29.23,32.873,29.034,30.998,6223.447034250005
2022-05-20T00:00:00Z,MLNUSD,31.168,32.135,29.55,29.821,2165.3416926699997
2022-05-21T00:00:00Z,MLNUSD,29.759,30.582,29.337,30.344,2143.6482825499984
2022-05-22T00:00:00Z,MLNUSD,30.362,31.191,30.046,30.881,1924.3783050000002
2022-05-23T00:00:00Z,MLNUSD,30.855,31.547,30.071,30.071,2341.2262105100017
2022-05-24T00:00:00Z,MLNUSD,30.007,30.136,28.545,29.662,1591.1868493999998
2022-05-25T00:00:00Z,MLNUSD,29.729,30.702,28.904,28.969,3079.8931633499988
2022-05-26T00:00:00Z,MLNUSD,29.065,29.26,26.183,27.201,2745.5372617400008
2022-05-27T00:00:00Z,MLNUSD,27.109,27.476,25.743,26.726,3083.7558094399997
2022-05-28T00:00:00Z,MLNUSD,26.711,27.796,26.524,27.237,1238.2450476700003
2022-05-29T00:00:00Z,MLNUSD,27.319,32.997,26.984,27.287,3967.8964570100034
2022-05-30T00:00:00Z,MLNUSD,27.291,29.27,26.983,28.933,3799.097988370001
2022-05-31T00:00:00Z,MLNUSD,29.024,29.767,28.362,28.468,4227.148635619997
2022-06-01T00:00:00Z,MLNUSD,28.469,28.785,26.05,26.788,3609.3018291000008
2022-06-02T00:00:00Z,MLNUSD,26.764,27.834,26.402,27.834,1914.5863169800002
2022-06-03T00:00:00Z,MLNUSD,27.79,29.309,26.184,26.651,3773.3992251599984
2022-06-04T00:00:00Z,MLNUSD,26.722,31.907,26.071,27.757,6091.646233389976
2022-06-05T00:00:00Z,MLNUSD,27.747,27.75,26.59,26.863,2757.70272824
2022-06-06T00:00:00Z,MLNUSD,27.012,28.079,27.012,27.411,2603.162281170001
2022-06-07T00:00:00Z,MLNUSD,27.378,27.844,26.544,27.046,3241.571229960001
2022-06-08T00:00:00Z,MLNUSD,27.013,39.0,26.3,26.815,18736.903128119993
2022-06-09T00:00:00Z,MLNUSD,26.727,27.836,26.617,27.098,2789.54442933
2022-06-10T00:00:00Z,MLNUSD,27.1,27.527,26.125,26.674,7646.786755520002
2022-06-11T00:00:00Z,MLNUSD,26.68,27.187,25.203,25.544,7188.893145390001
2022-06-12T00:00:00Z,MLNUSD,25.756,25.837,23.0,23.468,10334.007917079987
2022-06-13T00:00:00Z,MLNUSD,23.459,23.488,20.2,21.642,16244.919681949996
2022-06-14T00:00:00Z,MLNUSD,21.814,23.513,20.929,22.343,6975.194420209996
2022-06-15T00:00:00Z,MLNUSD,22.187,23.437,19.912,23.36,15563.994009529995
2022-06-16T00:00:00Z,MLNUSD,23.347,27.0,19.77,20.011,21851.43043693002
2022-06-17T00:00:00Z,MLNUSD,19.917,20.786,19.812,20.482,3522.9876990100006
2022-06-18T00:00:00Z,MLNUSD,20.549,20.566,17.374,18.707,7246.491176870001
2022-06-19T00:00:00Z,MLNUSD,18.811,20.047,17.868,19.397,6242.074144740001
2022-06-20T00:00:00Z,MLNUSD,19.304,34.0,18.76,22.532,42260.327150250196
2022-06-21T00:00:00Z,MLNUSD,22.18,29.0,21.426,23.439,25245.74046987001
2022-06-22T00:00:00Z,MLNUSD,23.225,24.903,23.109,23.624,6798.079690180001
2022-06-23T00:00:00Z,MLNUSD,23.623,24.536,23.0,24.083,2876.793775760003
2022-06-24T00:00:00Z,MLNUSD,23.946,25.443,23.1,24.759,7800.348224049993
2022-06-25T00:00:00Z,MLNUSD,24.722,28.61,24.268,24.877,7994.703567839995
2022-06-26T00:00:00Z,MLNUSD,24.862,28.0,24.675,24.969,7137.988519949998
2022-06-27T00:00:00Z,MLNUSD,24.946,26.981,24.712,24.931,6818.849782970008
2022-06-28T00:00:00Z,MLNUSD,25.125,26.149,23.423,23.423,3178.4501777000005
2022-06-29T00:00:00Z,MLNUSD,23.632,25.813,23.046,24.55,3586.5855424699944
2022-06-30T00:00:00Z,MLNUSD,24.383,25.142,22.742,23.784,8012.129710559998
2022-07-01T00:00:00Z,MLNUSD,23.721,24.759,23.15,23.986,3679.756663449999
2022-07-02T00:00:00Z,MLNUSD,23.939,25.443,23.7,24.394,1889.9426234499983
2022-07-03T00:00:00Z,MLNUSD,24.266,24.889,24.147,24.305,476.84882798000007
2022-07-04T00:00:00Z,MLNUSD,24.273,25.232,24.268,24.971,698.6339827099998
2022-07-05T00:00:00Z,MLNUSD,25.272,25.272,23.601,24.728,5608.73631807999
2022-07-06T00:00:00Z,MLNUSD,24.598,25.362,24.485,25.135,5057.87175507
2022-07-07T00:00:00Z,MLNUSD,25.081,26.03,24.667,25.648,1464.7720805200013
2022-07-08T00:00:00Z,MLNUSD,25.553,26.26,24.729,24.803,3215.201685750001
2022-07-09T00:00:00Z,MLNUSD,24.668,26.055,24.668,25.445,1101.2671002999998
2022-07-10T00:00:00Z,MLNUSD,25.136,25.138,24.525,24.649,884.22982996
2022-07-11T00:00:00Z,MLNUSD,24.574,24.602,23.409,23.416,329.14842321000003
2022-07-12T00:00:00Z,MLNUSD,23.235,25.026,23.062,23.72,4433.14119593
2022-07-13T00:00:00Z,MLNUSD,23.67,24.095,22.302,24.048,3253.0648104399993
2022-07-14T00:00:00Z,MLNUSD,24.145,24.876,23.728,24.876,709.7173712300001
2022-07-15T00:00:00Z,MLNUSD,24.867,27.135,24.142,24.485,5313.279792389999
2022-07-16T00:00:00Z,MLNUSD,24.509,25.85,24.348,25.213,1688.542892160002
2022-07-17T00:00:00Z,MLNUSD,25.437,25.892,24.999,25.031,1391.3932383600004
2022-07-18T00:00:00Z,MLNUSD,25.205,26.859,25.097,26.493,1632.6021456700028
2022-07-19T00:00:00Z,MLNUSD,26.414,26.838,25.804,26.351,1961.80846641
2022-07-20T00:00:00Z,MLNUSD,26.507,26.828,25.617,25.886,1424.1418389900002
2022-07-21T00:00:00Z,MLNUSD,25.1,25.741,24.553,25.637,1614.7785537300006
2022-07-22T00:00:00Z,MLNUSD,25.764,26.434,24.89,25.118,1972.745170549999
2022-07-23T00:00:00Z,MLNUSD,25.08,26.114,25.08,26.06,1705.32778564
2022-07-24T00:00:00Z,MLNUSD,26.337,26.722,25.505,25.505,2569.658572089999
2022-07-25T00:00:00Z,MLNUSD,25.672,25.812,24.559,24.58,1625.4105445900002
2022-07-26T00:00:00Z,MLNUSD,24.518,24.59,23.931,24.589,1820.6073387000022
2022-07-27T00:00:00Z,MLNUSD,24.578,26.172,24.494,25.738,4948.142753670001
2022-07-28T00:00:00Z,MLNUSD,26.006,27.8,25.918,27.029,2707.155001029999
2022-07-29T00:00:00Z,MLNUSD,27.148,28.334,27.046,28.018,1815.6093521599994
2022-07-30T00:00:00Z,MLNUSD,28.327,30.53,27.592,27.622,7729.214220859997
2022-07-31T00:00:00Z,MLNUSD,27.666,29.485,26.9,27.28,2022.5668287299989
2022-08-01T00:00:00Z,MLNUSD,27.484,28.045,27.051,27.755,2999.795008109998
2022-08-02T00:00:00Z,MLNUSD,27.513,27.513,26.234,26.597,1799.1543150500004
2022-08-03T00:00:00Z,MLNUSD,26.673,31.0,26.314,27.3,6109.686844280004
2022-08-04T00:00:00Z,MLNUSD,27.268,27.852,26.509,26.912,5323.846119499993
2022-08-05T00:00:00Z,MLNUSD,26.911,29.487,26.882,28.356,4933.525996549993
2022-08-06T00:00:00Z,MLNUSD,28.274,29.631,27.969,28.091,739.19443539
2022-08-07T00:00:00Z,MLNUSD,27.942,28.528,27.942,28.447,379.59412993000007
2022-08-08T00:00:00Z,MLNUSD,28.24,29.596,28.124,28.751,2408.81183711
2022-08-09T00:00:00Z,MLNUSD,28.766,28.766,26.818,27.273,2572.5140492999994
2022-08-10T00:00:00Z,MLNUSD,27.044,30.0,26.889,29.819,4497.790408219997
2022-08-11T00:00:00Z,MLNUSD,29.971,30.835,28.922,29.02,1328.2067295099998
2022-08-12T00:00:00Z,MLNUSD,28.82,34.394,28.82,31.349,9328.774195479991
2022-08-13T00:00:00Z,MLNUSD,31.055,31.055,29.676,29.69,3390.2247376699984
2022-08-14T00:00:00Z,MLNUSD,29.575,31.154,28.769,28.924,2345.2795098900015
2022-08-15T00:00:00Z,MLNUSD,28.794,29.304,28.128,28.67,1492.6836810500001
2022-08-16T00:00:00Z,MLNUSD,28.837,28.923,28.227,28.518,593.5579538899998
2022-08-17T00:00:00Z,MLNUSD,28.477,28.8,27.3,27.442,2059.1410933700004
2022-08-18T00:00:00Z,MLNUSD,27.538,27.685,26.406,26.406,1180.3066788100002
2022-08-19T00:00:00Z,MLNUSD,26.339,26.339,23.459,24.458,3700.6702842400036
2022-08-20T00:00:00Z,MLNUSD,24.391,26.565,24.281,24.509,2606.5815546699987
2022-08-21T00:00:00Z,MLNUSD,24.578,28.481,24.475,25.09,3682.5294960000033
2022-08-22T00:00:00Z,MLNUSD,24.86,27.122,24.302,25.216,4091.8744055200036
2022-08-23T00:00:00Z,MLNUSD,25.255,25.662,24.756,25.318,761.2696727
2022-08-24T00:00:00Z,MLNUSD,25.121,25.623,24.668,25.433,573.5404713300001
2022-08-25T00:00:00Z,MLNUSD,25.517,27.369,25.463,26.208,2802.4049606400004
2022-08-26T00:00:00Z,MLNUSD,25.786,25.786,24.061,24.061,923.2932352900007
2022-08-27T00:00:00Z,MLNUSD,24.001,25.325,23.856,23.995,1409.0887028200002
2022-08-28T00:00:00Z,MLNUSD,24.313,24.352,23.028,23.028,663.9538985200004
2022-08-29T00:00:00Z,MLNUSD,23.026,23.813,22.652,23.597,4963.40301102999
2022-08-30T00:00:00Z,MLNUSD,23.724,24.16,22.526,22.822,793.11723745
2022-08-31T00:00:00Z,MLNUSD,22.913,23.772,22.773,23.0,1775.5911808799995
2022-09-01T00:00:00Z,MLNUSD,23.0,23.139,22.741,22.898,571.49772767
2022-09-02T00:00:00Z,MLNUSD,22.826,23.615,22.798,23.02,441.04040167
2022-09-03T00:00:00Z,MLNUSD,22.897,24.1,22.704,23.039,5254.398174739999
2022-09-04T00:00:00Z,MLNUSD,23.227,23.539,23.168,23.466,293.13809484
2022-09-05T00:00:00Z,MLNUSD,23.67,23.67,22.853,23.051,391.34284185
2022-09-06T00:00:00Z,MLNUSD,23.309,23.33,21.585,21.944,979.687376140001
2022-09-07T00:00:00Z,MLNUSD,21.964,22.729,21.5,22.573,718.4512969300001
2022-09-08T00:00:00Z,MLNUSD,22.544,24.298,22.1,22.517,2071.488327480001
2022-09-09T00:00:00Z,MLNUSD,23.118,23.968,23.118,23.886,1632.8946872300046
2022-09-10T00:00:00Z,MLNUSD,23.883,24.024,23.492,23.796,196.90891774
2022-09-11T00:00:00Z,MLNUSD,23.958,24.152,23.663,23.844,341.1816397299997
2022-09-12T00:00:00Z,MLNUSD,23.833,24.351,23.716,24.042,1017.6682043300001
2022-09-13T00:00:00Z,MLNUSD,24.093,24.84,22.38,22.387,2449.0290589999986
2022-09-14T00:00:00Z,MLNUSD,22.73,22.74,21.681,22.379,945.3922273000003
2022-09-15T00:00:00Z,MLNUSD,21.939,22.239,21.658,21.661,261.07087225999993
2022-09-16T00:00:00Z,MLNUSD,22.019,22.424,22.019,22.424,1014.3152102099999
2022-09-17T00:00:00Z,MLNUSD,22.444,22.636,22.068,22.501,974.2299294000004
2022-09-18T00:00:00Z,MLNUSD,22.465,24.028,20.798,20.853,3222.3906518200006
2022-09-19T00:00:00Z,MLNUSD,20.876,21.065,20.211,20.657,3361.2527683499975
2022-09-20T00:00:00Z,MLNUSD,20.597,22.567,19.45,19.473,4139.948133570004
2022-09-21T00:00:00Z,MLNUSD,19.587,21.828,19.176,19.369,4945.70076695
2022-09-22T00:00:00Z,MLNUSD,19.331,20.394,19.262,20.394,247.67321244999997
2022-09-23T00:00:00Z,MLNUSD,20.5,20.695,19.232,19.779,1005.7569138
2022-09-24T00:00:00Z,MLNUSD,19.797,20.058,19.576,19.576,646.0737847099999
2022-09-25T00:00:00Z,MLNUSD,19.558,19.757,19.394,19.411,1067.38284378
2022-09-26T00:00:00Z,MLNUSD,19.439,19.77,19.0,19.753,995.9215907
2022-09-27T00:00:00Z,MLNUSD,19.808,20.322,19.209,19.487,954.0173876400003
2022-09-28T00:00:00Z,MLNUSD,19.37,19.666,18.847,19.521,589.2829341300002
2022-09-29T00:00:00Z,MLNUSD,19.521,19.536,19.026,19.455,862.7556977300001
2022-09-30T00:00:00Z,MLNUSD,19.515,22.098,19.3,19.3,5993.415408940002
2022-10-01T00:00:00Z,MLNUSD,19.25,19.284,19.1,19.233,530.96880703
2022-10-02T00:00:00Z,MLNUSD,19.2,19.232,18.919,18.931,898.8166865799998
2022-10-03T00:00:00Z,MLNUSD,18.9,19.356,18.859,19.328,670.5501490500005
2022-10-04T00:00:00Z,MLNUSD,19.245,19.836,19.245,19.563,353.5300799500002
2022-10-05T00:00:00Z,MLNUSD,19.4,22.5,19.11,19.329,7879.522585569992
2022-10-06T00:00:00Z,MLNUSD,19.565,21.043,19.46,19.572,6918.198543459998
2022-10-07T00:00:00Z,MLNUSD,19.492,21.076,19.476,19.757,3250.8863500700004
2022-10-08T00:00:00Z,MLNUSD,19.699,19.804,19.5,19.623,1152.151729
2022-10-09T00:00:00Z,MLNUSD,19.746,20.219,19.737,19.877,431.71872339
2022-10-10T00:00:00Z,MLNUSD,19.858,20.0,19.614,19.642,987.6465880200001
2022-10-11T00:00:00Z,MLNUSD,19.833,20.338,18.588,18.808,7511.243386629994
2022-10-12T00:00:00Z,MLNUSD,18.774,19.7,18.774,18.951,742.1208870299998
2022-10-13T00:00:00Z,MLNUSD,18.804,19.079,18.101,19.044,2529.7900716999993
2022-10-14T00:00:00Z,MLNUSD,19.27,20.87,19.102,19.465,6106.811737420001
2022-10-15T00:00:00Z,MLNUSD,19.432,19.953,19.422,19.703,880.8671042799999
2022-10-16T00:00:00Z,MLNUSD,19.55,20.244,19.449,19.969,1538.9707719300002
2022-10-17T00:00:00Z,MLNUSD,19.95,20.99,19.95,20.2,1118.5327456500004
2022-10-18T00:00:00Z,MLNUSD,20.059,20.159,19.428,19.477,2144.92688789
2022-10-19T00:00:00Z,MLNUSD,19.557,19.557,18.796,18.9,1898.152730580001
2022-10-20T00:00:00Z,MLNUSD,19.09,20.619,18.701,19.241,2999.3476354700006
2022-10-21T00:00:00Z,MLNUSD,19.249,27.538,18.842,24.209,28387.625359449954
2022-10-22T00:00:00Z,MLNUSD,25.19,49.388,24.396,35.782,68863.05480364022
2022-10-23T00:00:00Z,MLNUSD,35.89,37.5,28.156,32.424,17069.799094629998
2022-10-24T00:00:00Z,MLNUSD,32.102,32.921,26.436,26.436,12698.69336237998
2022-10-25T00:00:00Z,MLNUSD,26.779,27.829,25.6,25.879,3917.8911779300015
2022-10-26T00:00:00Z,MLNUSD,25.791,27.274,25.152,25.886,5538.195209180002
2022-10-27T00:00:00Z,MLNUSD,26.011,30.797,24.706,24.706,24678.784975789935
2022-10-28T00:00:00Z,MLNUSD,24.835,25.748,24.199,24.83,7356.832827909994
2022-10-29T00:00:00Z,MLNUSD,24.696,25.192,23.511,23.876,7920.262168190003
2022-10-30T00:00:00Z,MLNUSD,23.815,24.147,22.895,23.698,4698.795744269998
2022-10-31T00:00:00Z,MLNUSD,23.792,28.18,23.475,24.0,7110.0420285
2022-11-01T00:00:00Z,MLNUSD,23.954,24.216,23.422,23.422,2562.971460939999
2022-11-02T00:00:00Z,MLNUSD,23.46,23.997,22.623,23.517,2032.9901622000007
2022-11-03T00:00:00Z,MLNUSD,23.721,23.92,22.904,22.904,1377.6022343700004
2022-11-04T00:00:00Z,MLNUSD,22.979,24.019,22.979,24.019,2545.28881347
2022-11-05T00:00:00Z,MLNUSD,24.015,25.565,23.756,24.401,4798.676204149998
2022-11-06T00:00:00Z,MLNUSD,24.557,27.6,23.771,23.773,8540.672579670003
2022-11-07T00:00:00Z,MLNUSD,23.793,24.12,23.234,23.492,4370.368412059996
2022-11-08T00:00:00Z,MLNUSD,23.571,23.571,19.5,20.847,21658.039774320085
2022-11-09T00:00:00Z,MLNUSD,20.7,20.722,18.109,18.318,4309.395899940004
2022-11-10T00:00:00Z,MLNUSD,18.799,21.065,18.799,20.03,5235.703190119997
2022-11-11T00:00:00Z,MLNUSD,19.93,20.35,18.5,19.203,3982.7353526300035
2022-11-12T00:00:00Z,MLNUSD,19.066,21.424,18.639,19.778,1506.0360302200004
2022-11-13T00:00:00Z,MLNUSD,19.977,20.113,18.781,19.0,1938.3750142400002
2022-11-14T00:00:00Z,MLNUSD,18.781,19.222,18.071,19.012,1700.8529272
2022-11-15T00:00:00Z,MLNUSD,18.821,19.724,18.821,19.219,3268.823521050001
2022-11-16T00:00:00Z,MLNUSD,19.248,21.059,18.967,20.191,2149.7743887600027
2022-11-17T00:00:00Z,MLNUSD,20.016,20.366,19.153,19.9,2353.8649668999997
2022-11-18T00:00:00Z,MLNUSD,19.844,21.358,19.844,20.327,2021.9704849499994
2022-11-19T00:00:00Z,MLNUSD,20.296,20.316,19.596,20.249,185.01492489999995
2022-11-20T00:00:00Z,MLNUSD,19.941,20.942,19.586,20.866,1670.1886146000013
2022-11-21T00:00:00Z,MLNUSD,20.979,21.0,18.958,18.958,951.18686813
2022-11-22T00:00:00Z,MLNUSD,19.149,19.546,18.749,19.471,590.8312272400001
2022-11-23T00:00:00Z,MLNUSD,19.568,20.521,19.568,20.073,2250.7455889500025
2022-11-24T00:00:00Z,MLNUSD,20.114,20.901,20.061,20.189,677.0664974399997
2022-11-25T00:00:00Z,MLNUSD,20.27,20.296,19.737,20.001,2014.6686307700008
2022-11-26T00:00:00Z,MLNUSD,20.143,20.461,20.048,20.1,1051.16620822
2022-11-27T00:00:00Z,MLNUSD,20.109,20.652,20.088,20.106,436.13202838000024
2022-11-28T00:00:00Z,MLNUSD,20.109,20.121,19.601,19.601,1874.7120911600014
2022-11-29T00:00:00Z,MLNUSD,19.601,20.661,19.45,20.394,3580.501412699997
2022-11-30T00:00:00Z,MLNUSD,20.255,22.3,20.255,21.033,2529.3718875500003
2022-12-01T00:00:00Z,MLNUSD,20.954,21.221,20.798,20.93,778.6477571499997
2022-12-02T00:00:00Z,MLNUSD,20.855,21.56,20.563,21.197,538.7140336399998
2022-12-03T00:00:00Z,MLNUSD,21.49,24.299,21.0,21.055,2820.7265683799997
2022-12-04T00:00:00Z,MLNUSD,20.997,21.366,20.88,21.233,491.99336385999993
2022-12-05T00:00:00Z,MLNUSD,21.225,24.229,21.198,21.72,5466.814195259996
2022-12-06T00:00:00Z,MLNUSD,21.744,21.825,21.2,21.397,2380.070426469994
2022-12-07T00:00:00Z,MLNUSD,21.397,21.453,20.794,20.794,1017.5473064099998
2022-12-08T00:00:00Z,MLNUSD,20.769,21.5,20.735,21.5,925.4081724399998
2022-12-09T00:00:00Z,MLNUSD,21.425,21.719,21.376,21.51,1414.83207202
2022-12-10T00:00:00Z,MLNUSD,21.538,22.583,21.265,21.265,1815.1666907499985
2022-12-11T00:00:00Z,MLNUSD,21.266,21.635,21.265,21.484,160.02757491999998
2022-12-12T00:00:00Z,MLNUSD,21.367,22.188,20.848,21.122,2142.4272464599976
2022-12-13T00:00:00Z,MLNUSD,21.156,21.156,20.452,20.849,1858.1411216700005
2022-12-14T00:00:00Z,MLNUSD,20.846,21.16,20.762,21.017,491.80114807999996
2022-12-15T00:00:00Z,MLNUSD,21.083,21.083,20.439,20.439,264.62299104999994
2022-12-16T00:00:00Z,MLNUSD,20.548,20.549,18.628,18.669,1733.1499211299995
2022-12-17T00:00:00Z,MLNUSD,18.625,19.503,18.622,19.122,877.1090876199999
2022-12-18T00:00:00Z,MLNUSD,19.154,19.34,19.154,19.34,91.939956
2022-12-19T00:00:00Z,MLNUSD,19.246,20.87,18.56,18.683,1319.0243350700002
2022-12-20T00:00:00Z,MLNUSD,18.573,19.355,18.573,19.311,183.75175346
2022-12-21T00:00:00Z,MLNUSD,19.057,19.198,19.051,19.092,233.38436600999998
2022-12-22T00:00:00Z,MLNUSD,19.194,20.65,18.649,18.938,2526.308990649999
2022-12-23T00:00:00Z,MLNUSD,19.014,19.198,19.006,19.006,82.76256099999998
2022-12-24T00:00:00Z,MLNUSD,19.086,19.257,19.086,19.196,218.08463362999998
2022-12-25T00:00:00Z,MLNUSD,19.281,19.46,19.16,19.16,140.89832066999998
2022-12-26T00:00:00Z,MLNUSD,19.259,19.323,19.165,19.166,147.36922657
2022-12-27T00:00:00Z,MLNUSD,19.015,19.053,18.86,18.932,544.82308736
2022-12-28T00:00:00Z,MLNUSD,18.916,19.319,18.824,18.953,430.36931056
2022-12-29T00:00:00Z,MLNUSD,18.911,20.379,18.69,18.88,1462.2885811600001
2022-12-30T00:00:00Z,MLNUSD,18.957,19.039,18.662,18.978,322.93788307000005
2022-12-31T00:00:00Z,MLNUSD,19.01,19.2,18.855,18.926,5443.210704370004
2023-01-01T00:00:00Z,MLNUSD,18.954,18.989,18.786,18.961,579.5434023399998
2023-01-02T00:00:00Z,MLNUSD,18.932,19.127,18.856,19.021,215.92748489
2023-01-03T00:00:00Z,MLNUSD,18.99,19.15,18.898,19.077,1024.01889439
2023-01-04T00:00:00Z,MLNUSD,19.289,19.469,19.178,19.468,1462.6778863400007
2023-01-05T00:00:00Z,MLNUSD,19.557,19.557,18.991,19.354,1805.691651710001
2023-01-06T00:00:00Z,MLNUSD,19.143,19.4,19.042,19.361,191.44868591000002
2023-01-07T00:00:00Z,MLNUSD,19.457,19.457,19.372,19.372,22.513678
2023-01-08T00:00:00Z,MLNUSD,19.421,20.1,19.291,19.804,1997.5410708099912
2023-01-09T00:00:00Z,MLNUSD,19.876,20.297,19.825,19.842,2514.135423790003
2023-01-10T00:00:00Z,MLNUSD,19.825,20.1,19.674,20.085,229.48920384000002
2023-01-11T00:00:00Z,MLNUSD,20.161,20.178,19.844,20.156,642.6968499400006
2023-01-12T00:00:00Z,MLNUSD,20.178,20.778,20.047,20.62,885.2039839100007
2023-01-13T00:00:00Z,MLNUSD,20.558,21.278,20.481,21.072,668.7728975300004
2023-01-14T00:00:00Z,MLNUSD,21.123,21.979,20.638,21.637,7914.818161200018
2023-01-15T00:00:00Z,MLNUSD,21.591,21.924,20.677,21.347,2325.399856760001
2023-01-16T00:00:00Z,MLNUSD,21.354,23.025,21.211,21.789,4436.024920220002
2023-01-17T00:00:00Z,MLNUSD,21.879,22.47,21.671,21.744,1502.673164360002
2023-01-18T00:00:00Z,MLNUSD,21.649,21.846,20.511,20.511,2929.3470776900012
2023-01-19T00:00:00Z,MLNUSD,20.636,20.906,20.636,20.903,1052.9172018499996
2023-01-20T00:00:00Z,MLNUSD,21.005,21.853,20.747,21.777,385.5750783
2023-01-21T00:00:00Z,MLNUSD,21.775,22.49,21.775,22.155,2757.9524341299984
2023-01-22T00:00:00Z,MLNUSD,22.091,22.574,21.817,22.306,1630.0087213100007
2023-01-23T00:00:00Z,MLNUSD,22.268,23.885,22.268,23.222,2770.34469389
2023-01-24T00:00:00Z,MLNUSD,23.186,23.721,22.502,22.503,2597.88833552
2023-01-25T00:00:00Z,MLNUSD,22.502,23.304,22.1,22.897,1775.9027085000005
2023-01-26T00:00:00Z,MLNUSD,23.197,24.426,22.977,23.348,3908.8804624900017
2023-01-27T00:00:00Z,MLNUSD,23.201,24.121,23.072,24.0,2271.4016058299994
2023-01-28T00:00:00Z,MLNUSD,24.0,24.165,23.51,23.817,477.75250303999974
2023-01-29T00:00:00Z,MLNUSD,23.816,24.78,23.816,24.78,2369.4750992400004
2023-01-30T00:00:00Z,MLNUSD,24.604,24.806,22.511,22.763,2582.7086949400004
2023-01-31T00:00:00Z,MLNUSD,22.8,23.736,22.675,23.736,1100.15049625
2023-02-01T00:00:00Z,MLNUSD,23.674,24.408,23.032,24.321,2302.8376842499997
2023-02-02T00:00:00Z,MLNUSD,24.418,25.512,24.343,24.717,2085.285635979999
2023-02-03T00:00:00Z,MLNUSD,24.787,25.46,24.708,25.116,1928.4591334099982
2023-02-04T00:00:00Z,MLNUSD,25.239,25.436,24.931,25.0,1214.9615056700002
2023-02-05T00:00:00Z,MLNUSD,24.755,25.267,23.72,24.042,1709.0470921800018
2023-02-06T00:00:00Z,MLNUSD,24.125,25.129,23.904,24.738,3355.6687675000016
2023-02-07T00:00:00Z,MLNUSD,24.702,26.34,24.669,26.185,2384.678075549998
2023-02-08T00:00:00Z,MLNUSD,26.247,26.292,24.986,25.281,594.2782993200002
2023-02-09T00:00:00Z,MLNUSD,25.43,25.445,22.912,23.034,3773.4819686999986
2023-02-10T00:00:00Z,MLNUSD,23.059,23.3,22.379,22.652,497.9739176600001
2023-02-11T00:00:00Z,MLNUSD,22.701,23.003,22.701,23.003,270.0264383
2023-02-12T00:00:00Z,MLNUSD,23.054,23.473,22.823,22.824,71.54012737
2023-02-13T00:00:00Z,MLNUSD,22.75,22.948,21.926,22.522,1539.5916585100008
2023-02-14T00:00:00Z,MLNUSD,22.524,23.598,22.246,23.22,1276.276664800001
2023-02-15T00:00:00Z,MLNUSD,23.1,24.299,23.1,24.131,734.0386331199979
2023-02-16T00:00:00Z,MLNUSD,24.32,25.877,23.655,23.655,3147.261628370003
2023-02-17T00:00:00Z,MLNUSD,23.835,25.196,23.835,24.994,1867.71836501
2023-02-18T00:00:00Z,MLNUSD,25.165,25.557,25.113,25.449,1021.3629796899996
2023-02-19T00:00:00Z,MLNUSD,25.703,27.914,25.18,25.333,4128.415005709994
2023-02-20T00:00:00Z,MLNUSD,25.506,27.378,25.026,27.378,2865.572579010001
2023-02-21T00:00:00Z,MLNUSD,27.39,27.503,26.0,26.347,2698.0204106500046
2023-02-22T00:00:00Z,MLNUSD,26.371,27.89,25.653,26.674,3421.737032450004
2023-02-23T00:00:00Z,MLNUSD,26.665,27.261,26.031,26.634,831.7895999599998
2023-02-24T00:00:00Z,MLNUSD,26.547,26.635,25.068,25.264,2016.39142696
2023-02-25T00:00:00Z,MLNUSD,25.301,25.617,24.815,25.617,702.2098716800003
2023-02-26T00:00:00Z,MLNUSD,25.527,28.267,25.182,25.552,2218.5048446400006
2023-02-27T00:00:00Z,MLNUSD,25.432,26.164,25.019,25.202,1111.0147686999999
2023-02-28T00:00:00Z,MLNUSD,25.243,25.378,24.897,24.933,687.6646502399999
2023-03-01T00:00:00Z,MLNUSD,24.889,25.905,24.831,25.752,296.52407843
2023-03-02T00:00:00Z,MLNUSD,25.881,25.882,24.957,25.453,235.58146603
2023-03-03T00:00:00Z,MLNUSD,25.047,25.047,23.659,23.698,955.2131401200004
2023-03-04T00:00:00Z,MLNUSD,23.803,23.97,23.167,23.508,510.8223599900006
2023-03-05T00:00:00Z,MLNUSD,23.555,23.819,23.272,23.272,1033.0085585399997
2023-03-06T00:00:00Z,MLNUSD,23.33,23.389,22.545,22.662,194.02624027000005
2023-03-07T00:00:00Z,MLNUSD,22.767,22.977,21.8,22.085,1191.18525693
2023-03-08T00:00:00Z,MLNUSD,22.079,22.871,21.79,21.904,260.56688154
2023-03-09T00:00:00Z,MLNUSD,21.954,22.103,20.263,20.569,507.8414370300002
2023-03-10T00:00:00Z,MLNUSD,20.68,20.865,19.134,20.291,593.4434033399999
2023-03-11T00:00:00Z,MLNUSD,20.267,20.798,19.042,19.515,1734.7721070400007
2023-03-12T00:00:00Z,MLNUSD,19.821,21.293,19.821,21.175,477.70880745
2023-03-13T00:00:00Z,MLNUSD,21.35,22.1,20.7,21.628,417.02428570999973
2023-03-14T00:00:00Z,MLNUSD,21.64,22.978,21.287,21.969,1535.3442941999997
2023-03-15T00:00:00Z,MLNUSD,22.319,22.637,20.92,21.216,246.3925543
2023-03-16T00:00:00Z,MLNUSD,21.166,21.976,21.047,21.829,401.0577730900001
2023-03-17T00:00:00Z,MLNUSD,21.86,23.105,21.86,23.105,420.39333271000015
2023-03-18T00:00:00Z,MLNUSD,23.09,24.072,22.831,23.204,689.29878927
2023-03-19T00:00:00Z,MLNUSD,23.161,23.748,23.069,23.069,373.92063291000005
2023-03-20T00:00:00Z,MLNUSD,23.209,23.209,22.077,22.082,480.16208915
2023-03-21T00:00:00Z,MLNUSD,22.276,22.662,21.758,22.118,916.5615983699995
2023-03-22T00:00:00Z,MLNUSD,22.022,22.022,20.8,21.179,965.6962201399997
2023-03-23T00:00:00Z,MLNUSD,21.228,21.769,21.228,21.595,93.55929911999999
2023-03-24T00:00:00Z,MLNUSD,21.536,21.536,20.878,20.922,114.47251943
2023-03-25T00:00:00Z,MLNUSD,20.836,20.836,20.741,20.741,33.15747
2023-03-26T00:00:00Z,MLNUSD,20.801,21.279,20.696,20.779,123.93464871
2023-03-27T00:00:00Z,MLNUSD,21.164,21.165,20.172,20.2,372.6083330299999
2023-03-28T00:00:00Z,MLNUSD,20.422,20.964,20.41,20.781,58.22381498
2023-03-29T00:00:00Z,MLNUSD,21.144,21.522,21.111,21.364,265.3754728999997
2023-03-30T00:00:00Z,MLNUSD,21.364,21.364,20.518,20.717,257.8804948499998
2023-03-31T00:00:00Z,MLNUSD,20.832,21.217,20.705,21.215,150.32166330999996
2023-04-01T00:00:00Z,MLNUSD,21.176,21.425,21.065,21.233,192.67503834000001
2023-04-02T00:00:00Z,MLNUSD,21.201,21.266,20.804,21.046,371.776227
2023-04-03T00:00:00Z,MLNUSD,20.485,21.064,20.485,20.925,621.4538349599984
2023-04-04T00:00:00Z,MLNUSD,20.958,21.922,20.958,21.694,404.26037742000005
2023-04-05T00:00:00Z,MLNUSD,21.707,22.011,21.503,21.503,326.41626002999993
2023-04-06T00:00:00Z,MLNUSD,21.526,21.897,21.509,21.838,31.15323122
2023-04-07T00:00:00Z,MLNUSD,21.911,21.911,21.128,21.128,181.60607370000005
2023-04-08T00:00:00Z,MLNUSD,21.74,23.251,21.74,22.346,623.4732959300002
2023-04-09T00:00:00Z,MLNUSD,22.343,22.946,22.168,22.746,320.4431045299999
2023-04-10T00:00:00Z,MLNUSD,23.079,24.0,22.655,22.982,407.0973919599997
2023-04-11T00:00:00Z,MLNUSD,23.087,23.14,22.682,22.785,651.6247807100002
2023-04-12T00:00:00Z,MLNUSD,22.871,22.933,22.054,22.08,406.91013121
2023-04-13T00:00:00Z,MLNUSD,22.255,22.766,22.229,22.683,139.80062919
2023-04-14T00:00:00Z,MLNUSD,22.823,23.578,22.823,23.578,459.68444958
2023-04-15T00:00:00Z,MLNUSD,23.281,23.552,23.064,23.552,101.63442247999998
2023-04-16T00:00:00Z,MLNUSD,22.98,24.004,22.939,23.681,65.3632599
2023-04-17T00:00:00Z,MLNUSD,23.194,23.331,22.997,22.997,41.10119658000001
2023-04-18T00:00:00Z,MLNUSD,23.21,23.848,23.209,23.719,521.22637013
2023-04-19T00:00:00Z,MLNUSD,23.485,23.485,21.517,21.584,284.15991182999994
2023-04-20T00:00:00Z,MLNUSD,21.671,21.972,21.373,21.561,66.44069094999999
2023-04-21T00:00:00Z,MLNUSD,21.689,21.825,20.6,20.6,484.95092245999996
2023-04-22T00:00:00Z,MLNUSD,20.718,20.954,20.683,20.954,413.04664266999987
2023-04-23T00:00:00Z,MLNUSD,20.77,20.888,20.0,20.203,86.74565719999998
2023-04-24T00:00:00Z,MLNUSD,20.413,20.422,19.987,20.422,96.27291226000001
2023-04-25T00:00:00Z,MLNUSD,20.318,21.038,20.048,20.472,346.91294665
2023-04-26T00:00:00Z,MLNUSD,20.642,21.226,19.783,20.198,297.03180795
2023-04-27T00:00:00Z,MLNUSD,20.674,20.986,20.554,20.554,80.64072350000002
2023-04-28T00:00:00Z,MLNUSD,20.856,20.856,20.419,20.605,261.21879206
2023-04-29T00:00:00Z,MLNUSD,20.794,21.057,20.794,21.057,30.88159972
2023-04-30T00:00:00Z,MLNUSD,20.898,20.952,20.629,20.629,313.9461201099999
2023-05-01T00:00:00Z,MLNUSD,20.696,20.696,19.987,20.087,94.49286240000002
2023-05-02T00:00:00Z,MLNUSD,20.262,21.054,20.262,20.72,290.01099586
2023-05-03T00:00:00Z,MLNUSD,20.522,20.768,20.37,20.759,44.17866642
2023-05-04T00:00:00Z,MLNUSD,21.065,23.09,20.699,20.929,1097.3870957600002
2023-05-05T00:00:00Z,MLNUSD,20.979,20.979,20.279,20.466,564.2599851800001
2023-05-06T00:00:00Z,MLNUSD,20.565,22.781,20.226,20.644,1137.70271661
2023-05-07T00:00:00Z,MLNUSD,20.997,26.865,20.925,21.138,17371.180635540095
2023-05-08T00:00:00Z,MLNUSD,21.071,22.116,20.1,20.1,5319.274296129999
2023-05-09T00:00:00Z,MLNUSD,20.1,20.306,19.66,19.696,3273.407931260003
2023-05-10T00:00:00Z,MLNUSD,19.841,20.247,19.0,19.413,3721.1473008700186
2023-05-11T00:00:00Z,MLNUSD,19.382,19.382,17.552,17.841,1699.57433491
2023-05-12T00:00:00Z,MLNUSD,17.746,18.775,17.682,18.63,313.68778426000006
2023-05-13T00:00:00Z,MLNUSD,18.373,18.373,17.918,18.047,377.08482857
2023-05-14T00:00:00Z,MLNUSD,17.883,19.0,17.883,18.3,999.3395619100002
2023-05-15T00:00:00Z,MLNUSD,18.33,18.894,18.248,18.35,193.15832857
2023-05-16T00:00:00Z,MLNUSD,18.231,18.799,18.225,18.49,83.77439238000001
2023-05-17T00:00:00Z,MLNUSD,18.264,18.811,18.166,18.693,122.67716136000001
2023-05-18T00:00:00Z,MLNUSD,18.69,18.752,18.262,18.378,309.72214929000006
2023-05-19T00:00:00Z,MLNUSD,18.33,18.934,18.253,18.587,1119.93484217
2023-05-20T00:00:00Z,MLNUSD,18.582,18.94,18.582,18.94,106.23099566
2023-05-21T00:00:00Z,MLNUSD,18.731,18.731,18.425,18.451,53.823713940000005
2023-05-22T00:00:00Z,MLNUSD,18.279,18.32,18.266,18.32,6.23107727
2023-05-23T00:00:00Z,MLNUSD,18.346,18.99,18.346,18.667,1038.72416155
2023-05-24T00:00:00Z,MLNUSD,18.711,18.711,18.001,18.195,1073.05519326
2023-05-25T00:00:00Z,MLNUSD,18.213,18.425,17.9,18.24,328.94664415999995
2023-05-26T00:00:00Z,MLNUSD,18.24,18.413,18.24,18.339,22.12867853
2023-05-27T00:00:00Z,MLNUSD,18.537,18.537,18.381,18.519,29.26211592
2023-05-28T00:00:00Z,MLNUSD,18.746,18.959,18.494,18.807,374.5059469399999
2023-05-29T00:00:00Z,MLNUSD,18.744,18.902,18.409,18.902,1378.7037226299992
2023-05-30T00:00:00Z,MLNUSD,18.768,18.881,18.488,18.626,23.14639914
2023-05-31T00:00:00Z,MLNUSD,18.239,18.33,18.072,18.236,255.08954467000004
2023-06-01T00:00:00Z,MLNUSD,18.2,18.835,18.18,18.24,368.05513235999996
2023-06-02T00:00:00Z,MLNUSD,18.3,18.537,18.27,18.537,82.45277614999999
2023-06-03T00:00:00Z,MLNUSD,18.638,19.726,18.635,18.636,586.1143450400001
2023-06-04T00:00:00Z,MLNUSD,18.56,18.682,18.447,18.447,53.38854225999999
2023-06-05T00:00:00Z,MLNUSD,18.381,18.381,17.0,17.447,2612.2134155200006
2023-06-06T00:00:00Z,MLNUSD,17.472,19.06,17.404,17.78,939.6051269599999
2023-06-07T00:00:00Z,MLNUSD,17.557,17.557,16.72,16.779,367.8707231199999
2023-06-08T00:00:00Z,MLNUSD,17.109,17.26,16.981,17.26,135.67051401
2023-06-09T00:00:00Z,MLNUSD,17.089,18.585,16.951,17.234,355.99140365
2023-06-10T00:00:00Z,MLNUSD,17.204,18.381,14.665,14.927,1818.5406801299994
2023-06-11T00:00:00Z,MLNUSD,14.941,16.579,14.873,15.31,3880.320866720008
2023-06-12T00:00:00Z,MLNUSD,15.275,16.075,15.012,15.458,2082.9144135299994
2023-06-13T00:00:00Z,MLNUSD,15.424,15.659,15.129,15.604,421.23870078000004
2023-06-14T00:00:00Z,MLNUSD,15.64,19.56,15.231,17.065,7595.703483300003
2023-06-15T00:00:00Z,MLNUSD,17.213,19.25,16.032,16.211,1597.8123779699995
2023-06-16T00:00:00Z,MLNUSD,16.139,16.478,15.927,16.127,1515.240948519999
2023-06-17T00:00:00Z,MLNUSD,16.296,16.463,15.994,16.221,422.08784059000016
2023-06-18T00:00:00Z,MLNUSD,16.245,16.4,15.974,15.974,1058.0350767799998
2023-06-19T00:00:00Z,MLNUSD,16.032,16.365,15.881,16.055,1227.5905549599997
2023-06-20T00:00:00Z,MLNUSD,16.23,16.23,15.623,16.182,490.80045144999997
2023-06-21T00:00:00Z,MLNUSD,16.391,17.04,16.27,16.618,1998.5361797899984
2023-06-22T00:00:00Z,MLNUSD,16.702,17.127,16.549,16.85,264.3696978999999
2023-06-23T00:00:00Z,MLNUSD,17.049,18.109,16.963,17.602,1185.2872770399997
2023-06-24T00:00:00Z,MLNUSD,17.641,18.029,17.307,17.76,523.0030554499998
2023-06-25T00:00:00Z,MLNUSD,18.0,18.5,18.0,18.0,192.40720871000002
2023-06-26T00:00:00Z,MLNUSD,17.7,17.867,17.601,17.866,48.42992633
2023-06-27T00:00:00Z,MLNUSD,17.83,18.455,17.83,17.85,109.02960598000004
2023-06-28T00:00:00Z,MLNUSD,17.784,17.784,16.13,16.54,1714.2294358400002
2023-06-29T00:00:00Z,MLNUSD,16.51,17.416,16.51,17.045,309.8335389600002
2023-06-30T00:00:00Z,MLNUSD,17.06,17.562,16.716,17.014,1583.0822888600005
2023-07-01T00:00:00Z,MLNUSD,16.988,17.397,16.781,17.328,358.9444963799999
2023-07-02T00:00:00Z,MLNUSD,17.32,17.453,17.235,17.453,402.46317258000005
2023-07-03T00:00:00Z,MLNUSD,17.449,17.809,17.449,17.704,83.05787323000001
2023-07-04T00:00:00Z,MLNUSD,17.739,21.493,17.71,18.207,9012.50997299
2023-07-05T00:00:00Z,MLNUSD,18.159,21.209,18.001,19.809,9055.142508070008
2023-07-06T00:00:00Z,MLNUSD,19.725,19.725,17.935,17.935,2630.987950950001
2023-07-07T00:00:00Z,MLNUSD,17.859,18.44,17.84,18.15,406.5481146499999
2023-07-08T00:00:00Z,MLNUSD,18.221,18.281,18.147,18.233,133.63998092999998
2023-07-09T00:00:00Z,MLNUSD,18.29,18.299,18.15,18.237,58.89094305000001
2023-07-10T00:00:00Z,MLNUSD,18.223,19.155,18.0,18.399,386.46016471999985
2023-07-11T00:00:00Z,MLNUSD,18.53,18.572,18.321,18.572,164.08605514999996
2023-07-12T00:00:00Z,MLNUSD,18.649,18.649,17.54,18.09,2369.2986213500026
2023-07-13T00:00:00Z,MLNUSD,18.09,18.796,17.976,18.74,817.2729733499992
2023-07-14T00:00:00Z,MLNUSD,18.817,19.02,18.044,18.216,1465.9306254899975
2023-07-15T00:00:00Z,MLNUSD,18.32,18.356,18.089,18.089,82.77417163
2023-07-16T00:00:00Z,MLNUSD,18.228,18.249,17.756,17.756,305.2921863100002
2023-07-17T00:00:00Z,MLNUSD,17.81,17.829,17.421,17.49,174.31605562999997
2023-07-18T00:00:00Z,MLNUSD,17.501,17.623,17.101,17.208,727.1916207400001
2023-07-19T00:00:00Z,MLNUSD,17.408,17.409,17.034,17.034,208.84764568000006
2023-07-20T00:00:00Z,MLNUSD,17.062,17.41,16.762,17.013,1294.4304400700005
2023-07-21T00:00:00Z,MLNUSD,17.189,17.335,17.029,17.21,146.92962230999998
2023-07-22T00:00:00Z,MLNUSD,17.161,17.409,17.1,17.1,289.08359828999994
2023-07-23T00:00:00Z,MLNUSD,17.26,17.436,17.14,17.278,68.61955183
2023-07-24T00:00:00Z,MLNUSD,17.544,17.544,16.47,16.57,306.98136837999994
2023-07-25T00:00:00Z,MLNUSD,16.51,17.409,16.47,16.983,103.73794271999999
2023-07-26T00:00:00Z,MLNUSD,16.9,17.445,16.806,17.334,266.24219832000006
2023-07-27T00:00:00Z,MLNUSD,17.35,18.272,17.336,17.777,1314.8994129099992
2023-07-28T00:00:00Z,MLNUSD,17.86,18.589,17.707,17.896,939.3920400799998
2023-07-29T00:00:00Z,MLNUSD,17.919,18.009,17.761,17.823,27.27054036
2023-07-30T00:00:00Z,MLNUSD,17.815,17.866,17.451,17.451,73.66829315
2023-07-31T00:00:00Z,MLNUSD,17.822,23.19,17.743,21.019,15009.582503559986
2023-08-01T00:00:00Z,MLNUSD,21.293,21.904,17.731,18.521,5464.16985480999
2023-08-02T00:00:00Z,MLNUSD,18.481,18.489,17.633,17.921,5364.85582293
2023-08-03T00:00:00Z,MLNUSD,17.921,21.395,17.853,19.158,12490.197949160032
2023-08-04T00:00:00Z,MLNUSD,18.992,18.992,18.1,18.32,4643.795440069995
2023-08-05T00:00:00Z,MLNUSD,18.34,18.549,18.085,18.211,619.870502669999
2023-08-06T00:00:00Z,MLNUSD,18.22,18.348,17.928,17.95,408.8887182899997
2023-08-07T00:00:00Z,MLNUSD,17.96,18.082,17.654,17.725,1545.1671812499985
2023-08-08T00:00:00Z,MLNUSD,17.761,17.95,17.623,17.8,1338.6095763899996
2023-08-09T00:00:00Z,MLNUSD,17.841,18.631,17.8,17.977,540.3118743699999
2023-08-10T00:00:00Z,MLNUSD,18.079,18.372,18.056,18.162,156.43052853
2023-08-11T00:00:00Z,MLNUSD,18.326,18.326,17.93,17.97,219.4038489499999
2023-08-12T00:00:00Z,MLNUSD,17.989,18.037,17.869,17.869,187.7333267799999
2023-08-13T00:00:00Z,MLNUSD,17.91,18.33,17.91,18.042,126.07665102000003
2023-08-14T00:00:00Z,MLNUSD,18.011,18.1,17.938,17.982,77.85891785999999
2023-08-15T00:00:00Z,MLNUSD,17.986,18.078,17.802,17.802,202.47359436
2023-08-16T00:00:00Z,MLNUSD,17.77,17.77,17.39,17.402,2028.1553882500043
2023-08-17T00:00:00Z,MLNUSD,17.349,17.349,15.981,16.479,1765.0707437199999
2023-08-18T00:00:00Z,MLNUSD,16.502,16.58,16.198,16.369,336.50715031
2023-08-19T00:00:00Z,MLNUSD,16.263,16.35,16.202,16.29,172.62156779999998
2023-08-20T00:00:00Z,MLNUSD,16.494,16.5,16.261,16.261,109.92635671000001
2023-08-21T00:00:00Z,MLNUSD,16.252,16.252,16.0,16.063,299.68743608
2023-08-22T00:00:00Z,MLNUSD,16.159,16.159,15.59,15.59,14.947414819999997
2023-08-23T00:00:00Z,MLNUSD,15.895,16.089,15.636,15.979,99.54772023000001
2023-08-24T00:00:00Z,MLNUSD,16.027,19.55,15.431,15.431,9860.472837240002
2023-08-25T00:00:00Z,MLNUSD,15.533,16.47,15.161,16.021,8134.008436910013
2023-08-26T00:00:00Z,MLNUSD,16.135,16.298,15.752,15.752,344.80533384000006
2023-08-27T00:00:00Z,MLNUSD,15.703,16.042,15.546,15.601,1078.1369186100003
2023-08-28T00:00:00Z,MLNUSD,15.589,16.275,15.394,15.631,936.2973634699999
2023-08-29T00:00:00Z,MLNUSD,15.85,16.276,15.581,16.07,360.81056054999993
2023-08-30T00:00:00Z,MLNUSD,16.107,16.17,15.959,15.959,212.89661997999997
2023-08-31T00:00:00Z,MLNUSD,15.86,15.902,14.854,15.05,3396.9403207600035
2023-09-01T00:00:00Z,MLNUSD,15.24,15.24,14.735,14.873,157.25052817000005
2023-09-02T00:00:00Z,MLNUSD,14.95,16.0,14.801,14.869,1695.0580571699998
2023-09-03T00:00:00Z,MLNUSD,14.93,15.44,14.921,15.016,449.61761162
2023-09-04T00:00:00Z,MLNUSD,15.11,15.204,14.912,14.96,519.6143278699999
2023-09-05T00:00:00Z,MLNUSD,15.03,15.03,14.062,14.68,861.0977929500001
2023-09-06T00:00:00Z,MLNUSD,14.644,14.65,14.161,14.198,439.99606253999997
2023-09-07T00:00:00Z,MLNUSD,14.221,14.511,14.044,14.51,663.7930929800001
2023-09-08T00:00:00Z,MLNUSD,14.606,14.606,14.2,14.311,178.14189438
2023-09-09T00:00:00Z,MLNUSD,14.221,14.505,14.207,14.329,115.11521857000001
2023-09-10T00:00:00Z,MLNUSD,14.38,14.405,13.65,13.78,172.42972036000003
2023-09-11T00:00:00Z,MLNUSD,13.77,13.845,12.986,13.053,230.68972379
2023-09-12T00:00:00Z,MLNUSD,13.099,13.609,13.099,13.244,78.23963024
2023-09-13T00:00:00Z,MLNUSD,13.215,13.354,13.14,13.354,49.038474650000005
2023-09-14T00:00:00Z,MLNUSD,13.34,13.563,13.294,13.449,89.14747290999998
2023-09-15T00:00:00Z,MLNUSD,13.538,13.664,13.421,13.593,122.04379906000001
2023-09-16T00:00:00Z,MLNUSD,13.67,14.55,13.59,13.962,741.1815627799999
2023-09-17T00:00:00Z,MLNUSD,13.79,14.086,13.61,13.7,312.6982553600001
2023-09-18T00:00:00Z,MLNUSD,13.7,14.494,13.7,14.06,174.83728746
2023-09-19T00:00:00Z,MLNUSD,13.916,14.104,13.916,14.039,58.32723544
2023-09-20T00:00:00Z,MLNUSD,14.037,14.037,13.66,13.701,89.55502234
2023-09-21T00:00:00Z,MLNUSD,13.75,13.75,13.291,13.337,568.6239921299998
2023-09-22T00:00:00Z,MLNUSD,13.39,13.7,13.39,13.696,131.25956656999998
2023-09-23T00:00:00Z,MLNUSD,13.758,14.169,13.546,13.761,358.39875158000007
2023-09-24T00:00:00Z,MLNUSD,13.85,20.15,13.82,18.163,25885.807064710025
2023-09-25T00:00:00Z,MLNUSD,18.138,18.998,14.112,15.254,31828.68285306978
2023-09-26T00:00:00Z,MLNUSD,15.229,18.382,15.01,16.344,10028.965264599998
2023-09-27T00:00:00Z,MLNUSD,16.4,17.107,15.0,16.05,10031.655132069993
2023-09-28T00:00:00Z,MLNUSD,16.13,19.065,15.84,16.664,7602.432604090025
2023-09-29T00:00:00Z,MLNUSD,16.596,16.596,15.406,15.74,6640.237556270019
2023-09-30T00:00:00Z,MLNUSD,15.74,16.08,15.2,15.242,1132.7892730500005
2023-10-01T00:00:00Z,MLNUSD,15.199,16.103,15.199,15.794,4131.358576710004
2023-10-02T00:00:00Z,MLNUSD,15.741,15.741,15.256,15.472,4229.445415799992
2023-10-03T00:00:00Z,MLNUSD,15.461,16.01,15.42,15.487,3036.3563033299997
2023-10-04T00:00:00Z,MLNUSD,15.501,15.587,15.0,15.02,699.05079223
2023-10-05T00:00:00Z,MLNUSD,14.897,15.014,14.51,14.838,5133.334234839988
2023-10-06T00:00:00Z,MLNUSD,14.83,15.6,14.786,15.29,341.58020190000025
2023-10-07T00:00:00Z,MLNUSD,15.282,15.282,14.88,15.15,402.31660795999994
2023-10-08T00:00:00Z,MLNUSD,15.22,15.58,14.963,15.011,425.78568420000005
2023-10-09T00:00:00Z,MLNUSD,14.902,14.902,14.009,14.119,974.2366938400003
2023-10-10T00:00:00Z,MLNUSD,14.029,14.08,13.702,13.836,897.8442164599993
2023-10-11T00:00:00Z,MLNUSD,13.8,14.027,13.7,13.887,1651.7260715199986
2023-10-12T00:00:00Z,MLNUSD,13.93,14.054,13.65,13.71,395.59266037000003
2023-10-13T00:00:00Z,MLNUSD,13.69,18.5,13.69,15.593,39113.16270810028
2023-10-14T00:00:00Z,MLNUSD,15.632,18.553,15.28,15.564,17703.90811562999
2023-10-15T00:00:00Z,MLNUSD,15.562,16.39,15.06,15.09,6216.295434010017
2023-10-16T00:00:00Z,MLNUSD,15.065,15.319,14.795,15.155,7571.627617359988
2023-10-17T00:00:00Z,MLNUSD,15.144,15.447,14.96,15.141,4663.594422199998
2023-10-18T00:00:00Z,MLNUSD,15.142,16.299,15.04,15.37,8771.341844460008
2023-10-19T00:00:00Z,MLNUSD,15.37,15.371,14.764,15.001,4075.5557129700137
2023-10-20T00:00:00Z,MLNUSD,15.01,15.61,14.92,15.096,812.4633355700008
2023-10-21T00:00:00Z,MLNUSD,15.1,15.461,15.021,15.25,586.7723189900004
2023-10-22T00:00:00Z,MLNUSD,15.21,15.231,15.004,15.079,928.0047161500008
2023-10-23T00:00:00Z,MLNUSD,15.08,15.566,15.003,15.27,3647.7588357
2023-10-24T00:00:00Z,MLNUSD,15.342,15.675,15.21,15.308,1608.25465285
2023-10-25T00:00:00Z,MLNUSD,15.457,15.575,15.166,15.419,579.8017713
2023-10-26T00:00:00Z,MLNUSD,15.5,16.199,15.179,15.618,7288.9744532100085
2023-10-27T00:00:00Z,MLNUSD,15.566,16.137,15.397,15.725,6053.427129749984
2023-10-28T00:00:00Z,MLNUSD,15.814,16.085,15.581,15.885,2430.6335652000002
2023-10-29T00:00:00Z,MLNUSD,15.901,15.958,15.708,15.81,252.45778010000006
2023-10-30T00:00:00Z,MLNUSD,15.85,16.0,15.663,15.829,928.6067765900003
2023-10-31T00:00:00Z,MLNUSD,15.86,16.554,15.626,16.181,3027.187923749996
2023-11-01T00:00:00Z,MLNUSD,16.142,16.369,15.841,16.133,2873.4909077800007
2023-11-02T00:00:00Z,MLNUSD,16.19,16.46,15.741,15.891,2924.813045660002
2023-11-03T00:00:00Z,MLNUSD,15.827,15.968,15.393,15.968,882.5612721200001
2023-11-04T00:00:00Z,MLNUSD,15.87,16.118,15.667,15.9,517.3743087800001
2023-11-05T00:00:00Z,MLNUSD,15.979,16.18,15.751,15.94,750.2204514199998
2023-11-06T00:00:00Z,MLNUSD,15.91,16.384,15.831,16.12,232.43154773
2023-11-07T00:00:00Z,MLNUSD,16.098,16.4,15.84,16.072,626.6911897300004
2023-11-08T00:00:00Z,MLNUSD,16.08,16.47,16.01,16.301,2325.9050969299997
2023-11-09T00:00:00Z,MLNUSD,16.42,16.88,15.86,16.273,1828.1385313399996
2023-11-10T00:00:00Z,MLNUSD,16.42,16.84,16.15,16.63,1009.9911357100004
2023-11-11T00:00:00Z,MLNUSD,16.709,17.368,16.19,17.02,11998.797980840061
2023-11-12T00:00:00Z,MLNUSD,16.911,18.674,16.537,17.362,7390.022007800005
2023-11-13T00:00:00Z,MLNUSD,17.302,17.569,16.292,16.32,2967.8664320699977
2023-11-14T00:00:00Z,MLNUSD,16.32,16.674,15.831,16.062,3997.3429262799973
2023-11-15T00:00:00Z,MLNUSD,15.944,16.534,15.794,16.471,780.4173077100003
2023-11-16T00:00:00Z,MLNUSD,16.481,16.556,15.535,15.629,1363.453426399999
2023-11-17T00:00:00Z,MLNUSD,15.828,16.049,15.389,15.79,779.33848791
2023-11-18T00:00:00Z,MLNUSD,15.79,15.8,15.275,15.421,2803.079061890001
2023-11-19T00:00:00Z,MLNUSD,15.357,15.811,15.328,15.747,2502.90684366
2023-11-20T00:00:00Z,MLNUSD,15.691,15.95,15.635,15.735,970.6289802299998
2023-11-21T00:00:00Z,MLNUSD,15.77,15.8,14.312,14.312,2871.867953660005
2023-11-22T00:00:00Z,MLNUSD,14.285,15.062,14.285,15.012,1019.5157294499999
2023-11-23T00:00:00Z,MLNUSD,15.1,15.115,14.751,15.015,1162.9300584300004
2023-11-24T00:00:00Z,MLNUSD,14.979,15.432,14.979,15.171,1443.3478666900003
2023-11-25T00:00:00Z,MLNUSD,15.149,15.704,15.129,15.525,1215.4033289400002
2023-11-26T00:00:00Z,MLNUSD,15.499,15.719,15.256,15.355,1189.9788412599992
2023-11-27T00:00:00Z,MLNUSD,15.262,15.302,14.808,15.01,1058.1353122799999
2023-11-28T00:00:00Z,MLNUSD,14.937,15.168,14.774,15.1,1740.6524852699995
2023-11-29T00:00:00Z,MLNUSD,15.133,15.267,14.901,15.001,173.4121984
2023-11-30T00:00:00Z,MLNUSD,15.098,15.394,14.881,15.183,2103.6847823499993
2023-12-01T00:00:00Z,MLNUSD,15.218,15.593,14.961,15.383,720.8788103800001
2023-12-02T00:00:00Z,MLNUSD,15.462,16.762,15.382,15.886,4292.760274090003
2023-12-03T00:00:00Z,MLNUSD,15.81,16.279,15.569,15.569,1028.60877349
2023-12-04T00:00:00Z,MLNUSD,15.668,16.346,15.65,16.014,1831.8361219400008
2023-12-05T00:00:00Z,MLNUSD,16.156,16.315,15.686,16.25,2974.818216400001
2023-12-06T00:00:00Z,MLNUSD,16.26,16.26,15.771,15.999,2171.150974030001
2023-12-07T00:00:00Z,MLNUSD,16.12,16.504,15.926,16.051,2563.93389845
2023-12-08T00:00:00Z,MLNUSD,16.14,17.0,16.14,16.884,2872.3246484199985
2023-12-09T00:00:00Z,MLNUSD,16.928,17.661,16.754,17.463,5320.350024280002
2023-12-10T00:00:00Z,MLNUSD,17.397,18.0,16.837,17.297,1854.4809007200013
2023-12-11T00:00:00Z,MLNUSD,17.18,17.53,16.54,17.299,2911.8532648800046
2023-12-12T00:00:00Z,MLNUSD,17.126,17.539,16.515,16.966,503.35864059999994
2023-12-13T00:00:00Z,MLNUSD,16.71,17.114,16.237,16.926,677.5851260499999
2023-12-14T00:00:00Z,MLNUSD,17.02,17.51,16.441,16.897,3877.8279962699985
2023-12-15T00:00:00Z,MLNUSD,16.873,16.892,15.571,15.608,2959.404545719998
2023-12-16T00:00:00Z,MLNUSD,15.711,16.099,15.619,16.099,1290.73146792
2023-12-17T00:00:00Z,MLNUSD,16.099,16.4,15.753,15.832,629.2600397299998
2023-12-18T00:00:00Z,MLNUSD,15.981,16.003,15.0,15.843,1309.56823022
2023-12-19T00:00:00Z,MLNUSD,15.791,16.599,15.791,16.176,644.6215532800002
2023-12-20T00:00:00Z,MLNUSD,16.28,16.675,16.248,16.58,320.10134933
2023-12-21T00:00:00Z,MLNUSD,16.513,18.0,16.513,17.215,1551.45798202
2023-12-22T00:00:00Z,MLNUSD,17.277,17.649,16.97,17.614,612.7982879800002
2023-12-23T00:00:00Z,MLNUSD,17.57,20.729,17.309,18.864,18001.80248064
2023-12-24T00:00:00Z,MLNUSD,18.653,19.914,17.906,18.29,5509.990141290003
2023-12-25T00:00:00Z,MLNUSD,18.362,19.834,18.203,19.364,2343.814436280001
2023-12-26T00:00:00Z,MLNUSD,19.415,27.0,18.572,22.099,49295.50320663003
2023-12-27T00:00:00Z,MLNUSD,22.029,29.4,20.359,23.319,35668.905554300094
2023-12-28T00:00:00Z,MLNUSD,23.343,23.781,21.0,21.604,13292.379610529995
2023-12-29T00:00:00Z,MLNUSD,21.488,21.989,19.916,20.27,3175.2007238799974
2023-12-30T00:00:00Z,MLNUSD,20.421,24.207,20.273,21.303,11327.216266450003
2023-12-31T00:00:00Z,MLNUSD,21.169,23.26,20.591,20.931,6115.166587120003
2024-01-01T00:00:00Z,MLNUSD,21.05,22.839,20.1,21.694,5208.605830639997
2024-01-02T00:00:00Z,MLNUSD,21.694,22.513,21.02,21.251,4442.672527470004
2024-01-03T00:00:00Z,MLNUSD,21.259,22.137,18.775,19.114,7439.294317779999
2024-01-04T00:00:00Z,MLNUSD,19.367,20.378,19.131,20.029,1890.9615040600002
2024-01-05T00:00:00Z,MLNUSD,19.991,19.991,18.197,18.437,3472.4751753000023
2024-01-06T00:00:00Z,MLNUSD,18.46,19.205,17.42,18.5,2698.969688999999
2024-01-07T00:00:00Z,MLNUSD,18.681,20.093,17.38,17.498,3938.3336316199993
2024-01-08T00:00:00Z,MLNUSD,17.647,18.085,16.996,17.78,4647.535357390003
2024-01-09T00:00:00Z,MLNUSD,17.86,18.283,16.9,17.382,4328.1657313400065
2024-01-10T00:00:00Z,MLNUSD,17.475,18.523,17.079,18.28,2353.22608903
2024-01-11T00:00:00Z,MLNUSD,18.312,19.673,18.303,19.316,6437.382075140002
2024-01-12T00:00:00Z,MLNUSD,19.467,21.24,18.147,18.6,3409.284225120002
2024-01-13T00:00:00Z,MLNUSD,18.66,19.273,18.353,19.12,485.67983299
2024-01-14T00:00:00Z,MLNUSD,19.12,19.329,18.453,18.453,3239.9980823100004
2024-01-15T00:00:00Z,MLNUSD,18.829,19.268,18.825,18.916,432.59021612000004
2024-01-16T00:00:00Z,MLNUSD,18.85,19.642,18.843,19.224,695.8674516299998
2024-01-17T00:00:00Z,MLNUSD,19.05,19.05,18.407,18.678,938.1295143999993
2024-01-18T00:00:00Z,MLNUSD,18.741,19.13,17.688,17.884,1997.6870177199987
2024-01-19T00:00:00Z,MLNUSD,17.933,18.198,17.049,17.93,1743.7414757099996
2024-01-20T00:00:00Z,MLNUSD,17.97,19.085,17.97,18.341,1264.4906768599997
2024-01-21T00:00:00Z,MLNUSD,18.364,19.375,18.353,18.609,799.86026774
2024-01-22T00:00:00Z,MLNUSD,18.56,18.6,17.1,17.203,1552.6001041499997
2024-01-23T00:00:00Z,MLNUSD,17.27,17.857,16.62,17.02,2956.9368833300023
2024-01-24T00:00:00Z,MLNUSD,17.119,17.501,16.932,17.446,2928.4779334300074
2024-01-25T00:00:00Z,MLNUSD,17.657,18.2,17.348,17.59,3728.7216784300017
2024-01-26T00:00:00Z,MLNUSD,17.51,17.95,17.07,17.912,1001.78373197
2024-01-27T00:00:00Z,MLNUSD,17.921,20.709,17.69,18.001,13520.90837686
2024-01-28T00:00:00Z,MLNUSD,18.001,18.211,17.55,17.55,1920.75619609
2024-01-29T00:00:00Z,MLNUSD,17.5,18.156,17.5,17.781,706.4336615400001
2024-01-30T00:00:00Z,MLNUSD,17.731,18.1,17.315,17.338,1444.53916466
2024-01-31T00:00:00Z,MLNUSD,17.268,17.321,16.411,16.548,2949.378857739999
2024-02-01T00:00:00Z,MLNUSD,16.623,17.1,16.165,16.567,1763.4793396500002
2024-02-02T00:00:00Z,MLNUSD,16.729,17.56,16.711,17.187,1067.50847447
2024-02-03T00:00:00Z,MLNUSD,17.271,17.856,17.271,17.739,869.2670049800003
2024-02-04T00:00:00Z,MLNUSD,17.839,18.299,17.211,17.249,1634.51875062
2024-02-05T00:00:00Z,MLNUSD,17.091,17.224,16.905,16.911,1229.5588420800002
2024-02-06T00:00:00Z,MLNUSD,16.892,16.96,16.808,16.844,897.1214547899999
2024-02-07T00:00:00Z,MLNUSD,16.868,17.458,16.793,17.437,686.6317526500003
2024-02-08T00:00:00Z,MLNUSD,17.425,17.664,17.425,17.664,1164.4295037099996
2024-02-09T00:00:00Z,MLNUSD,17.568,18.1,17.547,18.1,902.5781349899999
2024-02-10T00:00:00Z,MLNUSD,18.125,18.125,17.89,17.921,201.13071979999998
2024-02-11T00:00:00Z,MLNUSD,17.939,18.149,17.73,17.73,202.14962732999996
2024-02-12T00:00:00Z,MLNUSD,17.73,18.1,17.57,18.029,1008.4214851899998
2024-02-13T00:00:00Z,MLNUSD,18.064,18.17,17.755,17.939,517.20487229
2024-02-14T00:00:00Z,MLNUSD,18.058,18.493,18.015,18.493,682.3427186899999
2024-02-15T00:00:00Z,MLNUSD,18.478,18.857,18.102,18.204,2779.7571669999984
2024-02-16T00:00:00Z,MLNUSD,18.321,18.443,18.037,18.31,1322.49093258
2024-02-17T00:00:00Z,MLNUSD,18.327,18.941,18.146,18.31,1437.3796432000001
2024-02-18T00:00:00Z,MLNUSD,18.339,18.802,18.17,18.729,588.91380556
2024-02-19T00:00:00Z,MLNUSD,18.76,19.131,18.494,19.032,1105.8067000599997
2024-02-20T00:00:00Z,MLNUSD,18.8,18.827,17.816,18.468,1467.2085079599997
2024-02-21T00:00:00Z,MLNUSD,18.546,18.546,17.429,17.951,1949.7713296399995
2024-02-22T00:00:00Z,MLNUSD,17.956,18.788,17.678,18.152,1955.3182706700002
2024-02-23T00:00:00Z,MLNUSD,18.304,18.765,17.999,18.215,1089.7041618799997
2024-02-24T00:00:00Z,MLNUSD,18.291,19.094,18.06,18.71,510.26116896999997
2024-02-25T00:00:00Z,MLNUSD,18.859,19.088,18.637,18.939,716.5453268100003
2024-02-26T00:00:00Z,MLNUSD,18.924,19.27,18.599,19.13,1235.33032026
2024-02-27T00:00:00Z,MLNUSD,19.297,20.132,19.242,19.806,9522.168948750006
2024-02-28T00:00:00Z,MLNUSD,19.918,20.487,19.277,19.919,3286.328689570002
2024-02-29T00:00:00Z,MLNUSD,19.939,20.661,19.477,19.555,1057.5689411399997
2024-03-01T00:00:00Z,MLNUSD,19.823,20.65,19.75,20.475,1289.41178673
2024-03-02T00:00:00Z,MLNUSD,20.567,21.711,20.235,21.59,4173.525412900006
2024-03-03T00:00:00Z,MLNUSD,21.59,21.778,20.613,21.401,1967.181399770003
2024-03-04T00:00:00Z,MLNUSD,21.356,22.944,21.033,22.558,4440.55171137
2024-03-05T00:00:00Z,MLNUSD,22.467,23.825,19.5,21.327,11597.902815750005
2024-03-06T00:00:00Z,MLNUSD,21.256,23.238,21.094,22.921,2980.336436569999
2024-03-07T00:00:00Z,MLNUSD,22.99,24.414,22.568,24.355,2218.9078738700014
2024-03-08T00:00:00Z,MLNUSD,24.079,25.049,23.221,24.177,4064.610834969999
2024-03-09T00:00:00Z,MLNUSD,24.177,24.695,23.84,24.53,1727.3941652499996
2024-03-10T00:00:00Z,MLNUSD,24.4,24.804,22.946,24.093,3185.927982600001
2024-03-11T00:00:00Z,MLNUSD,24.1,24.928,23.099,24.38,2367.296062239999
2024-03-12T00:00:00Z,MLNUSD,24.484,26.214,23.732,26.15,6437.48951642
2024-03-13T00:00:00Z,MLNUSD,25.998,26.9,25.174,26.349,4421.94851848
2024-03-14T00:00:00Z,MLNUSD,26.495,26.723,24.317,25.448,4034.197681680003
2024-03-15T00:00:00Z,MLNUSD,25.357,25.683,22.666,23.428,4609.42501623
2024-03-16T00:00:00Z,MLNUSD,23.39,24.5,21.918,22.114,2579.503258179999
2024-03-17T00:00:00Z,MLNUSD,22.316,23.18,21.606,22.965,2208.022348229999
2024-03-18T00:00:00Z,MLNUSD,22.846,23.237,21.37,22.181,1565.6645713399996
2024-03-19T00:00:00Z,MLNUSD,21.98,21.987,20.17,20.199,1503.4776521600004
2024-03-20T00:00:00Z,MLNUSD,20.406,21.447,19.645,21.26,4489.444218709998
2024-03-21T00:00:00Z,MLNUSD,21.15,22.964,20.543,21.7,6051.174362279998
2024-03-22T00:00:00Z,MLNUSD,21.534,34.829,21.522,32.269,129667.16889367998
2024-03-23T00:00:00Z,MLNUSD,31.996,31.996,26.046,28.269,34184.33898257008
2024-03-24T00:00:00Z,MLNUSD,28.319,28.359,25.203,26.265,8870.776157999999
2024-03-25T00:00:00Z,MLNUSD,26.195,26.972,25.4,25.98,12284.664521990015
2024-03-26T00:00:00Z,MLNUSD,26.117,27.507,25.601,25.623,9949.947524730007
2024-03-27T00:00:00Z,MLNUSD,25.8,33.996,25.428,28.073,31675.996520169967
2024-03-28T00:00:00Z,MLNUSD,28.119,28.119,26.319,26.538,15125.50997055001
2024-03-29T00:00:00Z,MLNUSD,26.544,26.579,25.52,26.579,6527.120021739998
2024-03-30T00:00:00Z,MLNUSD,26.385,26.997,24.785,25.64,8166.380222189996
2024-03-31T00:00:00Z,MLNUSD,25.573,32.565,25.39,27.087,21136.193020710005
2024-04-01T00:00:00Z,MLNUSD,27.829,28.069,25.5,26.176,16099.763338120014
2024-04-02T00:00:00Z,MLNUSD,25.969,26.438,24.104,24.139,4941.371611939994
2024-04-03T00:00:00Z,MLNUSD,24.14,25.955,23.571,24.47,6494.887906210002
2024-04-04T00:00:00Z,MLNUSD,25.111,27.219,24.126,25.121,4425.229354379999
2024-04-05T00:00:00Z,MLNUSD,24.97,25.048,23.201,24.11,3484.398731450002
2024-04-06T00:00:00Z,MLNUSD,24.186,24.719,24.18,24.685,387.0944825
2024-04-07T00:00:00Z,MLNUSD,24.69,31.494,24.591,26.502,20303.059921369993
2024-04-08T00:00:00Z,MLNUSD,26.593,26.643,25.097,25.35,6121.700819389999
2024-04-09T00:00:00Z,MLNUSD,25.35,28.556,24.805,26.37,13661.562822870008
2024-04-10T00:00:00Z,MLNUSD,26.824,28.381,25.146,25.845,13906.525976789979
2024-04-11T00:00:00Z,MLNUSD,25.6,27.247,25.54,25.889,4629.9407282600005
2024-04-12T00:00:00Z,MLNUSD,26.093,27.34,23.012,23.297,13193.211493990002
2024-04-13T00:00:00Z,MLNUSD,23.102,23.726,19.198,21.058,17719.540734080005
2024-04-14T00:00:00Z,MLNUSD,20.698,22.277,19.801,21.89,5180.835369410008
2024-04-15T00:00:00Z,MLNUSD,21.89,22.5,20.895,21.414,1391.3885784999998
2024-04-16T00:00:00Z,MLNUSD,21.61,21.87,20.574,21.702,878.1705805899995
2024-04-17T00:00:00Z,MLNUSD,21.694,21.694,20.09,20.653,994.9927516699997
2024-04-18T00:00:00Z,MLNUSD,20.507,21.759,20.2,21.522,925.6693422700001
2024-04-19T00:00:00Z,MLNUSD,21.481,23.368,20.541,22.387,3110.603285449998
2024-04-20T00:00:00Z,MLNUSD,22.588,23.999,22.215,23.63,1177.9783060499997
2024-04-21T00:00:00Z,MLNUSD,23.349,24.785,23.347,23.679,2235.6957434300007
2024-04-22T00:00:00Z,MLNUSD,23.765,25.375,23.5,23.6,3411.554971899998
2024-04-23T00:00:00Z,MLNUSD,23.696,23.768,22.586,22.686,5447.961818910001
2024-04-24T00:00:00Z,MLNUSD,22.83,23.146,21.414,21.751,1555.0301478900012
2024-04-25T00:00:00Z,MLNUSD,21.789,22.6,21.15,22.226,1113.8231514300003
2024-04-26T00:00:00Z,MLNUSD,21.89,22.003,21.138,21.223,512.85943545
2024-04-27T00:00:00Z,MLNUSD,21.142,21.411,20.509,21.273,609.3326513800004
2024-04-28T00:00:00Z,MLNUSD,21.55,21.68,20.721,20.721,389.16360514000013
2024-04-29T00:00:00Z,MLNUSD,21.291,25.93,20.71,21.3,9420.218635470002
2024-04-30T00:00:00Z,MLNUSD,21.164,21.362,19.391,20.354,3989.666024170003
2024-05-01T00:00:00Z,MLNUSD,20.204,21.725,19.03,20.323,4527.057376479998
2024-05-02T00:00:00Z,MLNUSD,20.25,21.404,19.931,21.329,942.6870929799996
2024-05-03T00:00:00Z,MLNUSD,21.324,22.329,21.001,22.263,1440.90164983
2024-05-04T00:00:00Z,MLNUSD,22.207,22.586,21.789,22.202,1628.6158055300002
2024-05-05T00:00:00Z,MLNUSD,22.232,23.125,21.874,22.818,1253.6095949499995
2024-05-06T00:00:00Z,MLNUSD,22.682,24.306,22.532,23.723,1652.4408071099992
2024-05-07T00:00:00Z,MLNUSD,23.1,23.28,22.179,22.301,943.4791278400002
2024-05-08T00:00:00Z,MLNUSD,22.314,22.4,21.465,21.664,987.28477793
2024-05-09T00:00:00Z,MLNUSD,21.772,22.262,21.33,22.123,523.5295363500001
2024-05-10T00:00:00Z,MLNUSD,22.196,22.732,21.415,21.663,1579.1981535600005
2024-05-11T00:00:00Z,MLNUSD,21.704,22.131,21.4,21.4,658.2044860299999
2024-05-12T00:00:00Z,MLNUSD,21.383,21.47,20.459,20.479,1276.4813425699995
2024-05-13T00:00:00Z,MLNUSD,20.446,21.149,19.701,20.563,1738.9125499200006
2024-05-14T00:00:00Z,MLNUSD,20.373,20.461,19.546,20.018,1242.3341743500002
2024-05-15T00:00:00Z,MLNUSD,20.059,22.057,19.568,20.919,5850.469562160005
2024-05-16T00:00:00Z,MLNUSD,20.94,21.99,20.683,20.995,830.8104496300001
2024-05-17T00:00:00Z,MLNUSD,21.585,22.684,21.27,22.36,2370.66457079
2024-05-18T00:00:00Z,MLNUSD,22.012,22.685,20.721,20.721,909.9855570399998
2024-05-19T00:00:00Z,MLNUSD,20.688,21.643,20.057,20.249,4526.472685099997
2024-05-20T00:00:00Z,MLNUSD,20.007,21.4,20.007,21.399,3379.270675769999
2024-05-21T00:00:00Z,MLNUSD,21.395,21.586,21.002,21.541,1295.5859872600001
2024-05-22T00:00:00Z,MLNUSD,21.45,21.79,21.098,21.192,1362.6112985599998
2024-05-23T00:00:00Z,MLNUSD,21.274,21.329,19.808,20.327,3962.9464441300006
2024-05-24T00:00:00Z,MLNUSD,20.246,20.513,19.78,20.368,1209.6275626000001
2024-05-25T00:00:00Z,MLNUSD,20.595,21.303,20.595,21.292,452.7880655600001
2024-05-26T00:00:00Z,MLNUSD,21.313,21.739,21.03,21.47,801.5329915200001
2024-05-27T00:00:00Z,MLNUSD,21.72,25.25,21.178,21.381,11097.988607429992
2024-05-28T00:00:00Z,MLNUSD,21.45,21.493,20.6,20.848,2513.3223164100004
2024-05-29T00:00:00Z,MLNUSD,20.686,21.364,20.52,20.918,2841.2654616199998
2024-05-30T00:00:00Z,MLNUSD,21.103,22.688,20.848,21.185,4111.127155810002
2024-05-31T00:00:00Z,MLNUSD,21.1,21.743,21.01,21.629,1026.7563970200001
2024-06-01T00:00:00Z,MLNUSD,21.486,21.518,21.236,21.48,86.27413269000002
2024-06-02T00:00:00Z,MLNUSD,21.602,21.602,20.586,20.731,1248.2632884099994
2024-06-03T00:00:00Z,MLNUSD,20.653,21.239,20.587,20.944,586.3597372
2024-06-04T00:00:00Z,MLNUSD,20.807,21.647,20.801,21.39,478.87233724000015
2024-06-05T00:00:00Z,MLNUSD,21.647,22.5,21.647,22.455,797.9520937099994
2024-06-06T00:00:00Z,MLNUSD,22.55,22.825,22.057,22.341,1243.46626474
2024-06-07T00:00:00Z,MLNUSD,22.425,22.898,20.58,20.765,3186.939241879998
2024-06-08T00:00:00Z,MLNUSD,20.809,20.831,20.07,20.21,1532.3827375100002
2024-06-09T00:00:00Z,MLNUSD,20.03,20.57,20.03,20.488,337.33795231
2024-06-10T00:00:00Z,MLNUSD,20.5,20.5,19.56,19.996,1362.3947784000004
2024-06-11T00:00:00Z,MLNUSD,19.71,19.76,18.712,19.008,2231.0642884600006
2024-06-12T00:00:00Z,MLNUSD,18.946,20.182,18.844,19.89,1402.2279228300006
2024-06-13T00:00:00Z,MLNUSD,19.838,19.838,19.099,19.249,332.3918805200001
2024-06-14T00:00:00Z,MLNUSD,19.248,19.748,18.701,18.91,942.9638600400003
2024-06-15T00:00:00Z,MLNUSD,18.958,19.84,18.958,19.24,573.2325394300001
2024-06-16T00:00:00Z,MLNUSD,19.147,19.429,19.125,19.429,163.00522485999997
2024-06-17T00:00:00Z,MLNUSD,18.881,19.066,17.84,17.84,2754.42815074
2024-06-18T00:00:00Z,MLNUSD,17.84,17.84,16.203,16.949,1613.2053316399988
2024-06-19T00:00:00Z,MLNUSD,16.993,18.329,16.847,17.216,2036.6366837000012
2024-06-20T00:00:00Z,MLNUSD,17.07,17.88,16.01,17.005,1459.2461733300001
2024-06-21T00:00:00Z,MLNUSD,16.912,17.109,16.4,16.887,234.97892070000023
2024-06-22T00:00:00Z,MLNUSD,16.747,16.839,16.332,16.839,96.38197655999997
2024-06-23T00:00:00Z,MLNUSD,17.16,17.371,16.238,16.431,1362.9499626199997
2024-06-24T00:00:00Z,MLNUSD,16.27,16.753,15.974,16.72,216.97356187999998
2024-06-25T00:00:00Z,MLNUSD,17.125,17.447,16.675,17.324,2921.515698410001
2024-06-26T00:00:00Z,MLNUSD,17.461,17.501,16.77,17.082,173.6564056500001
2024-06-27T00:00:00Z,MLNUSD,16.907,18.744,16.907,17.535,1642.7035620699987
2024-06-28T00:00:00Z,MLNUSD,17.55,17.587,17.2,17.336,317.61876142000006
2024-06-29T00:00:00Z,MLNUSD,17.0,17.0,16.309,16.314,173.74243725999997
2024-06-30T00:00:00Z,MLNUSD,16.424,17.23,16.032,17.23,610.2789989300001
2024-07-01T00:00:00Z,MLNUSD,17.123,25.661,17.123,22.143,55105.3616331098
2024-07-02T00:00:00Z,MLNUSD,22.144,23.279,19.411,19.647,10046.537662929983
2024-07-03T00:00:00Z,MLNUSD,19.93,22.33,19.67,20.434,6664.91720929
2024-07-04T00:00:00Z,MLNUSD,20.47,22.23,18.098,19.71,4178.398260240005
2024-07-05T00:00:00Z,MLNUSD,20.071,21.696,18.236,20.136,10401.67184188
2024-07-06T00:00:00Z,MLNUSD,20.131,20.5,18.891,19.958,2334.2044299199997
2024-07-07T00:00:00Z,MLNUSD,19.981,21.631,18.961,19.87,6698.601094900008
2024-07-08T00:00:00Z,MLNUSD,19.57,20.626,19.01,19.512,5414.353924680003
2024-07-09T00:00:00Z,MLNUSD,19.599,20.833,19.577,20.177,1904.5154481299994
2024-07-10T00:00:00Z,MLNUSD,20.095,22.62,20.095,21.303,5722.493200999995
2024-07-11T00:00:00Z,MLNUSD,21.136,22.06,20.453,20.453,550.30712729
2024-07-12T00:00:00Z,MLNUSD,20.839,20.849,19.92,19.995,208.88827298
2024-07-13T00:00:00Z,MLNUSD,20.237,21.242,19.5,20.843,1515.3691589000007
2024-07-14T00:00:00Z,MLNUSD,21.021,21.383,20.352,20.92,683.0301649500002
2024-07-15T00:00:00Z,MLNUSD,20.93,21.2,19.875,20.661,2540.4937090200006
2024-07-16T00:00:00Z,MLNUSD,20.75,21.646,20.344,20.74,2386.96333827
2024-07-17T00:00:00Z,MLNUSD,21.152,21.2,19.904,19.966,1705.3069507600005
2024-07-18T00:00:00Z,MLNUSD,20.015,20.11,19.257,19.325,1643.8938343900004
2024-07-19T00:00:00Z,MLNUSD,19.364,20.191,18.988,20.121,1518.9847853599997
2024-07-20T00:00:00Z,MLNUSD,20.18,20.198,19.829,19.9,180.19250543
2024-07-21T00:00:00Z,MLNUSD,19.849,20.533,19.127,19.73,2342.2782183599998
2024-07-22T00:00:00Z,MLNUSD,19.85,20.85,19.285,19.308,1225.50425476
2024-07-23T00:00:00Z,MLNUSD,19.44,19.785,18.652,19.107,2977.2348704900005
2024-07-24T00:00:00Z,MLNUSD,18.922,19.03,18.299,18.299,1712.7008408599995
2024-07-25T00:00:00Z,MLNUSD,18.423,20.334,17.952,18.527,3694.0624272600007
2024-07-26T00:00:00Z,MLNUSD,18.552,19.138,18.552,18.981,1266.5900487099998
2024-07-27T00:00:00Z,MLNUSD,18.975,19.505,18.769,19.062,898.44398071
2024-07-28T00:00:00Z,MLNUSD,18.89,19.622,18.493,18.667,701.37358913
2024-07-29T00:00:00Z,MLNUSD,19.0,19.48,18.883,19.129,1814.16735409
2024-07-30T00:00:00Z,MLNUSD,19.21,19.247,18.112,18.186,1310.3281514399998
2024-07-31T00:00:00Z,MLNUSD,18.247,18.489,17.267,17.432,2224.3749755000003
2024-08-01T00:00:00Z,MLNUSD,17.492,17.553,16.425,17.424,3815.047288570007
2024-08-02T00:00:00Z,MLNUSD,17.484,17.699,16.238,16.44,1632.5633014199987
2024-08-03T00:00:00Z,MLNUSD,16.723,16.98,15.86,15.888,3191.895682590001
2024-08-04T00:00:00Z,MLNUSD,15.996,16.58,15.228,15.48,1726.4854332900002
2024-08-05T00:00:00Z,MLNUSD,15.29,15.29,12.752,14.198,3292.6421331899987
2024-08-06T00:00:00Z,MLNUSD,14.587,15.101,14.303,14.97,1368.2812152100007
2024-08-07T00:00:00Z,MLNUSD,14.888,15.159,14.056,14.125,809.6402360100001
2024-08-08T00:00:00Z,MLNUSD,14.216,15.683,14.156,15.642,945.7446799500001
2024-08-09T00:00:00Z,MLNUSD,15.551,15.665,15.245,15.343,398.65642583
2024-08-10T00:00:00Z,MLNUSD,15.709,16.076,15.452,15.71,272.85641034999986
2024-08-11T00:00:00Z,MLNUSD,15.736,17.609,15.61,16.448,9588.873843950003
2024-08-12T00:00:00Z,MLNUSD,16.508,17.511,15.664,15.806,3152.273896520002
2024-08-13T00:00:00Z,MLNUSD,15.738,15.876,15.38,15.717,976.4373123799998
2024-08-14T00:00:00Z,MLNUSD,15.768,15.95,15.23,15.34,598.2626195299998
2024-08-15T00:00:00Z,MLNUSD,15.39,15.468,14.478,14.851,2100.5296273500003
2024-08-16T00:00:00Z,MLNUSD,14.67,14.94,14.408,14.893,289.35668441999997
2024-08-17T00:00:00Z,MLNUSD,14.731,17.8,14.731,15.761,14995.273695079988
2024-08-18T00:00:00Z,MLNUSD,15.813,17.1,15.785,16.062,3143.9569567400013
2024-08-19T00:00:00Z,MLNUSD,16.042,17.157,15.7,16.848,1966.05997018
2024-08-20T00:00:00Z,MLNUSD,16.77,17.02,16.257,16.596,1228.2955720400075
2024-08-21T00:00:00Z,MLNUSD,16.765,17.722,16.056,17.407,1028.64079782
2024-08-22T00:00:00Z,MLNUSD,17.377,17.651,16.956,17.086,880.26606833
2024-08-23T00:00:00Z,MLNUSD,17.155,18.327,17.088,18.05,2736.54734719
2024-08-24T00:00:00Z,MLNUSD,18.038,18.6,17.467,17.971,3431.7795507
2024-08-25T00:00:00Z,MLNUSD,18.059,18.151,17.548,17.711,2048.6700266
2024-08-26T00:00:00Z,MLNUSD,17.818,18.211,16.671,16.671,780.2944184200003
2024-08-27T00:00:00Z,MLNUSD,16.738,17.236,15.432,15.54,6250.146719899999
2024-08-28T00:00:00Z,MLNUSD,15.513,16.165,15.219,15.35,1424.5171202399997
2024-08-29T00:00:00Z,MLNUSD,15.629,17.284,15.457,15.593,3361.2314819700014
2024-08-30T00:00:00Z,MLNUSD,15.457,16.135,15.211,15.952,1371.02836447
2024-08-31T00:00:00Z,MLNUSD,15.91,15.91,15.144,15.351,745.6260184399999
2024-09-01T00:00:00Z,MLNUSD,15.13,15.595,14.898,15.138,571.6480089800001
2024-09-02T00:00:00Z,MLNUSD,15.161,16.0,14.801,15.816,778.5333605899995
2024-09-03T00:00:00Z,MLNUSD,15.825,15.968,15.084,15.084,475.1827031199999
2024-09-04T00:00:00Z,MLNUSD,14.801,15.455,14.5,15.293,724.4503615600001
2024-09-05T00:00:00Z,MLNUSD,14.934,15.021,14.521,14.685,685.5977687699998
2024-09-06T00:00:00Z,MLNUSD,14.908,14.962,14.039,14.494,1525.146829949999
2024-09-07T00:00:00Z,MLNUSD,14.539,14.982,14.49,14.545,381.39088643
2024-09-08T00:00:00Z,MLNUSD,14.703,15.134,14.62,15.059,620.5489829999996
2024-09-09T00:00:00Z,MLNUSD,15.112,16.016,14.832,15.911,1483.3865182299996
2024-09-10T00:00:00Z,MLNUSD,15.624,15.965,15.303,15.939,450.1020059100001
2024-09-11T00:00:00Z,MLNUSD,15.769,15.769,14.857,15.049,615.48350063
2024-09-12T00:00:00Z,MLNUSD,15.087,15.289,15.029,15.138,797.4946708900002
2024-09-13T00:00:00Z,MLNUSD,15.187,15.632,15.083,15.594,552.27205942
2024-09-14T00:00:00Z,MLNUSD,15.548,15.548,15.294,15.294,103.80193269
2024-09-15T00:00:00Z,MLNUSD,15.426,15.426,14.602,14.658,669.66023214
2024-09-16T00:00:00Z,MLNUSD,14.584,14.801,14.176,14.22,822.8617865000001
2024-09-17T00:00:00Z,MLNUSD,14.236,14.649,14.181,14.253,255.86530183999997
2024-09-18T00:00:00Z,MLNUSD,14.187,14.704,13.891,14.489,4256.217386879998
2024-09-19T00:00:00Z,MLNUSD,14.81,17.1,14.683,15.855,4336.792362289999
2024-09-20T00:00:00Z,MLNUSD,15.794,16.5,15.731,16.497,1929.15525544
2024-09-21T00:00:00Z,MLNUSD,16.5,17.55,15.768,16.911,1737.5096703399993
2024-09-22T00:00:00Z,MLNUSD,16.832,16.929,15.684,16.307,1780.09639819
2024-09-23T00:00:00Z,MLNUSD,16.061,17.253,16.061,16.738,1029.4392065600002
2024-09-24T00:00:00Z,MLNUSD,16.693,16.865,16.423,16.846,552.9309835900001
2024-09-25T00:00:00Z,MLNUSD,16.864,16.915,16.218,16.485,1741.8466032800002
2024-09-26T00:00:00Z,MLNUSD,16.473,16.675,16.159,16.454,740.10197021
2024-09-27T00:00:00Z,MLNUSD,16.478,17.035,16.478,16.909,243.48862027999996
2024-09-28T00:00:00Z,MLNUSD,16.954,17.033,16.382,16.549,522.4585232400001
2024-09-29T00:00:00Z,MLNUSD,16.582,17.51,16.067,16.814,2900.058275329999
2024-09-30T00:00:00Z,MLNUSD,16.667,16.925,15.95,15.95,838.5997210599995
2024-10-01T00:00:00Z,MLNUSD,16.057,18.1,15.482,15.5,14915.073388089982
2024-10-02T00:00:00Z,MLNUSD,15.5,16.457,15.075,15.352,2535.6465871899977
2024-10-03T00:00:00Z,MLNUSD,15.2760,16.6760,15.1530,15.5580,2355.93195741
2024-10-04T00:00:00Z,MLNUSD,15.7850,16.0450,15.5130,16.0450,651.00765559
2024-10-05T00:00:00Z,MLNUSD,15.9690,16.4270,15.7000,15.9670,749.48844464
2024-10-06T00:00:00Z,MLNUSD,16.0600,16.6000,15.8000,16.0200,731.04641490
2024-10-07T00:00:00Z,MLNUSD,16.1880,17.2500,16.1880,17.0060,3091.95795674
2024-10-08T00:00:00Z,MLNUSD,16.7970,18.1820,16.1000,16.5280,7082.95489704
2024-10-09T00:00:00Z,MLNUSD,16.7300,18.5000,16.2800,16.7090,3462.01700144
2024-10-10T00:00:00Z,MLNUSD,16.5400,16.7080,16.0740,16.3690,1090.01951062
2024-10-11T00:00:00Z,MLNUSD,16.5000,16.9940,16.5000,16.9700,158.45276752
2024-10-12T00:00:00Z,MLNUSD,17.0490,17.4000,16.9340,17.1230,1305.65988117
2024-10-13T00:00:00Z,MLNUSD,17.0490,17.4140,16.5310,17.2210,832.35449145
2024-10-14T00:00:00Z,MLNUSD,17.2000,17.8210,17.2000,17.8210,218.73670178
2024-10-15T00:00:00Z,MLNUSD,17.7620,17.7620,16.9150,16.9930,889.15563499
2024-10-16T00:00:00Z,MLNUSD,17.1490,17.2300,16.8720,17.2300,296.31793101
2024-10-17T00:00:00Z,MLNUSD,16.9710,17.0910,16.5830,16.9220,380.67689488
2024-10-18T00:00:00Z,MLNUSD,16.8300,17.6760,16.8230,17.2850,1184.52098353
2024-10-19T00:00:00Z,MLNUSD,17.4950,17.4950,17.1650,17.2170,768.71930977
2024-10-20T00:00:00Z,MLNUSD,17.2430,17.8040,17.2430,17.8040,476.26798217
2024-10-21T00:00:00Z,MLNUSD,17.7300,17.8510,17.1000,17.2770,638.96128291
2024-10-22T00:00:00Z,MLNUSD,17.1210,18.1790,16.9240,17.9360,3095.00390694
2024-10-23T00:00:00Z,MLNUSD,18.1220,19.4220,16.6500,17.0090,4966.47565062
2024-10-24T00:00:00Z,MLNUSD,16.7680,16.8350,16.5030,16.8000,1927.33476186
2024-10-25T00:00:00Z,MLNUSD,16.8500,16.8500,15.6000,15.6000,1917.40109666
2024-10-26T00:00:00Z,MLNUSD,15.7000,17.2000,15.6040,15.7380,2010.83762997
2024-10-27T00:00:00Z,MLNUSD,15.9000,16.6710,15.8010,16.2000,455.37541023
2024-10-28T00:00:00Z,MLNUSD,15.9690,16.4390,15.7500,16.1660,746.54843861
2024-10-29T00:00:00Z,MLNUSD,16.3470,16.6960,16.0000,16.2710,1785.72757149
2024-10-30T00:00:00Z,MLNUSD,16.6990,16.8000,16.1610,16.2850,363.09549327
2024-10-31T00:00:00Z,MLNUSD,16.2860,16.4260,15.6000,15.6460,3270.51079045
2024-11-01T00:00:00Z,MLNUSD,15.6000,15.9970,15.3400,15.4870,2003.10403734
2024-11-02T00:00:00Z,MLNUSD,15.5870,15.6460,15.3000,15.4330,440.85851615
2024-11-03T00:00:00Z,MLNUSD,15.2000,15.2000,14.3690,14.7350,1006.08747347
2024-11-04T00:00:00Z,MLNUSD,14.4910,14.9640,14.2000,14.2830,449.24447094
2024-11-05T00:00:00Z,MLNUSD,14.4620,15.0200,14.4620,14.8150,273.29035335
2024-11-06T00:00:00Z,MLNUSD,14.9250,16.5130,14.9250,16.4310,1234.68364382
2024-11-07T00:00:00Z,MLNUSD,16.3760,16.5630,16.0240,16.1060,749.19429264
2024-11-08T00:00:00Z,MLNUSD,16.0070,16.5080,15.8200,16.2400,314.08371767
2024-11-09T00:00:00Z,MLNUSD,16.2140,16.5000,15.9000,16.4030,438.15773015
2024-11-10T00:00:00Z,MLNUSD,16.3170,17.9000,16.1040,16.6390,10267.59120070
2024-11-11T00:00:00Z,MLNUSD,16.7770,16.9450,16.2040,16.8080,1625.12197678
2024-11-12T00:00:00Z,MLNUSD,16.7010,16.9760,15.5000,16.1480,5973.41322309
2024-11-13T00:00:00Z,MLNUSD,16.0500,16.2040,14.9760,15.1370,2262.22694305
2024-11-14T00:00:00Z,MLNUSD,15.2470,15.5240,14.8370,15.0500,1033.52190458
2024-11-15T00:00:00Z,MLNUSD,15.0490,15.5110,14.5370,15.3240,1365.53077365
2024-11-16T00:00:00Z,MLNUSD,15.3300,16.4690,15.2660,15.9060,3721.26277522
2024-11-17T00:00:00Z,MLNUSD,16.0320,19.9000,15.3420,15.8730,22606.57991044
2024-11-18T00:00:00Z,MLNUSD,16.0170,16.5950,15.7500,16.1500,4249.86868567
2024-11-19T00:00:00Z,MLNUSD,15.9960,16.2890,15.8020,16.0520,956.03485978
2024-11-20T00:00:00Z,MLNUSD,15.9490,15.9530,15.1070,15.2590,1154.42611274
2024-11-21T00:00:00Z,MLNUSD,15.2590,16.0190,15.0790,15.9110,1815.31257887
2024-11-22T00:00:00Z,MLNUSD,15.7590,16.2000,15.6000,15.7420,2967.03551683
2024-11-23T00:00:00Z,MLNUSD,15.8940,16.9430,15.8530,16.8510,3450.98635744
2024-11-24T00:00:00Z,MLNUSD,16.8990,17.7210,16.5350,17.5000,6452.29423453
2024-11-25T00:00:00Z,MLNUSD,17.4320,17.7230,16.7600,17.0600,4352.50130026
2024-11-26T00:00:00Z,MLNUSD,17.0150,17.2460,16.3000,16.7320,1258.95777604
2024-11-27T00:00:00Z,MLNUSD,16.9790,18.3510,16.9620,18.1840,3714.03755973
2024-11-28T00:00:00Z,MLNUSD,18.0240,18.5000,17.5360,18.0800,6416.81689897
2024-11-29T00:00:00Z,MLNUSD,17.8730,18.8530,17.8630,18.3210,2203.57506947
2024-11-30T00:00:00Z,MLNUSD,18.2130,19.6990,18.1270,18.4510,2928.78807146
2024-12-01T00:00:00Z,MLNUSD,18.6110,18.9240,17.9230,18.3880,2147.62347140
2024-12-02T00:00:00Z,MLNUSD,18.4460,24.8510,18.2240,21.8870,33213.11574402
2024-12-03T00:00:00Z,MLNUSD,21.9370,22.2000,20.0750,21.3520,8125.34159781
2024-12-04T00:00:00Z,MLNUSD,21.6900,23.6230,21.5540,22.2210,7263.02262352
2024-12-05T00:00:00Z,MLNUSD,22.2850,22.7170,21.5160,21.9060,3004.89976259
2024-12-06T00:00:00Z,MLNUSD,21.7590,22.6290,20.7230,21.5970,4548.50951266
2024-12-07T00:00:00Z,MLNUSD,21.4980,22.0430,21.4980,21.8260,1776.05464268
2024-12-08T00:00:00Z,MLNUSD,21.8360,28.3710,21.7490,26.6440,29549.70034340
2024-12-09T00:00:00Z,MLNUSD,26.9600,30.0000,22.1000,24.4450,36452.98149732
2024-12-10T00:00:00Z,MLNUSD,24.0380,24.9160,20.3520,21.6930,12390.56068028
2024-12-11T00:00:00Z,MLNUSD,21.1870,24.6000,20.9930,23.3210,3242.37967714
2024-12-12T00:00:00Z,MLNUSD,23.1060,24.2690,22.8240,23.6220,2567.09351115
2024-12-13T00:00:00Z,MLNUSD,23.8010,26.0940,22.9780,25.2390,23333.02705432
2024-12-14T00:00:00Z,MLNUSD,25.2510,25.5710,23.5180,24.0570,2843.35106500
2024-12-15T00:00:00Z,MLNUSD,23.8010,24.2030,22.4300,23.4160,21613.21747251
2024-12-16T00:00:00Z,MLNUSD,23.3610,26.5460,22.8910,23.1000,10829.54161877
2024-12-17T00:00:00Z,MLNUSD,23.1000,23.4970,21.9550,22.2000,2519.42603976
2024-12-18T00:00:00Z,MLNUSD,22.4370,23.4900,20.7500,20.7500,3772.95314976
2024-12-19T00:00:00Z,MLNUSD,20.7500,21.3070,18.6490,19.3310,3041.62018511
2024-12-20T00:00:00Z,MLNUSD,19.1780,19.7730,16.7010,19.6410,3392.80992692
2024-12-21T00:00:00Z,MLNUSD,19.6380,22.2910,19.1870,21.3450,2417.58324861
2024-12-22T00:00:00Z,MLNUSD,21.1770,21.1770,19.5160,20.2300,1926.33301779
2024-12-23T00:00:00Z,MLNUSD,20.2980,21.0990,19.6870,20.9800,1215.35891495
2024-12-24T00:00:00Z,MLNUSD,20.8560,22.2300,20.2840,21.8970,1602.38181774
2024-12-25T00:00:00Z,MLNUSD,21.7570,24.6320,21.6630,23.4570,3661.82205510
2024-12-26T00:00:00Z,MLNUSD,23.3050,23.9470,21.2720,21.5720,3062.16899003
2024-12-27T00:00:00Z,MLNUSD,21.3780,21.7220,20.2540,20.5340,2376.50626857
2024-12-28T00:00:00Z,MLNUSD,20.6580,21.0890,19.9550,20.7660,1132.82132718
2024-12-29T00:00:00Z,MLNUSD,20.6390,21.6500,20.2730,20.3460,2339.25825532
2024-12-30T00:00:00Z,MLNUSD,20.3800,21.3670,19.0710,19.5280,2068.38923331
2024-12-31T00:00:00Z,MLNUSD,19.4610,19.8740,18.5430,18.5430,897.68320698
2025-01-01T00:00:00Z,MLNUSD,19.0110,19.4580,18.2280,19.4580,3098.22580935
2025-01-02T00:00:00Z,MLNUSD,19.4590,20.5260,19.2790,20.5260,2507.04418994
2025-01-03T00:00:00Z,MLNUSD,20.1970,20.8890,19.9210,20.8890,954.55229987
2025-01-04T00:00:00Z,MLNUSD,20.8930,21.1280,20.4400,20.5480,961.95760689
2025-01-05T00:00:00Z,MLNUSD,20.5090,20.9070,20.4200,20.7790,920.30862065
2025-01-06T00:00:00Z,MLNUSD,20.5960,21.4190,20.3900,20.7840,2201.76170973
2025-01-07T00:00:00Z,MLNUSD,20.8910,20.9810,19.1090,19.1100,1868.48963193
2025-01-08T00:00:00Z,MLNUSD,19.2860,19.6110,17.8960,18.3440,2052.31211473
2025-01-09T00:00:00Z,MLNUSD,18.3300,18.8570,17.3230,17.4000,1777.75102266
2025-01-10T00:00:00Z,MLNUSD,17.6320,18.1920,17.4700,18.0680,609.07101123
2025-01-11T00:00:00Z,MLNUSD,18.1500,18.4200,17.8020,18.2010,326.63263911
2025-01-12T00:00:00Z,MLNUSD,18.1250,18.2420,17.7140,17.9350,630.07083773
2025-01-13T00:00:00Z,MLNUSD,17.7840,18.2900,16.4170,17.3650,1329.87735066
2025-01-14T00:00:00Z,MLNUSD,17.1900,18.0740,17.1480,18.0690,1000.89379027
2025-01-15T00:00:00Z,MLNUSD,18.0640,18.5890,17.6300,18.5780,1035.49457437
2025-01-16T00:00:00Z,MLNUSD,18.3560,18.7480,18.1980,18.4480,770.90989452
2025-01-17T00:00:00Z,MLNUSD,18.3950,19.4390,18.3950,19.2970,3158.58743290
2025-01-18T00:00:00Z,MLNUSD,19.3730,19.3730,17.1640,17.3580,1428.23514807
2025-01-19T00:00:00Z,MLNUSD,17.5460,17.7180,16.0550,16.2230,6318.72600909
2025-01-20T00:00:00Z,MLNUSD,16.0560,16.8960,15.6000,15.8950,1405.62425548
2025-01-21T00:00:00Z,MLNUSD,15.9080,16.9660,15.5410,16.3270,2672.59653899
2025-01-22T00:00:00Z,MLNUSD,16.3750,16.5250,16.0110,16.0110,298.74164116
2025-01-23T00:00:00Z,MLNUSD,16.0320,16.1570,15.0000,16.0150,8519.79933926
2025-01-24T00:00:00Z,MLNUSD,16.1010,16.1010,15.3540,15.3540,446.51901801
2025-01-25T00:00:00Z,MLNUSD,15.4090,15.9370,15.1600,15.7670,2327.03715897
2025-01-26T00:00:00Z,MLNUSD,15.7530,16.3650,15.3880,15.3880,1022.63395566
2025-01-27T00:00:00Z,MLNUSD,15.4920,15.5570,14.5420,15.3630,715.91157336
2025-01-28T00:00:00Z,MLNUSD,15.3620,15.4120,14.5170,14.5260,462.25847463
2025-01-29T00:00:00Z,MLNUSD,14.5110,15.6140,14.4170,15.1360,2949.59741335
2025-01-30T00:00:00Z,MLNUSD,14.8340,15.6410,14.8340,15.5930,987.09882229
2025-01-31T00:00:00Z,MLNUSD,15.4530,15.9660,15.3240,15.5390,250.78866780
2025-02-01T00:00:00Z,MLNUSD,15.6100,18.2070,14.8290,14.9000,6293.36044787
2025-02-02T00:00:00Z,MLNUSD,14.8010,15.2730,13.2900,13.4600,2985.75390630
2025-02-03T00:00:00Z,MLNUSD,13.7540,13.7540,10.7830,13.4830,7516.68614513
2025-02-04T00:00:00Z,MLNUSD,13.3790,16.9410,12.3620,14.1170,9986.42073628
2025-02-05T00:00:00Z,MLNUSD,14.0890,15.7190,13.5900,13.5900,18689.44069453
2025-02-06T00:00:00Z,MLNUSD,13.8620,13.9900,12.5110,12.6010,1220.66542334
2025-02-07T00:00:00Z,MLNUSD,12.6600,13.1180,12.4760,12.5000,565.14701659
2025-02-08T00:00:00Z,MLNUSD,12.8050,16.4160,12.6470,13.4000,10275.90553145
2025-02-09T00:00:00Z,MLNUSD,13.3800,13.4500,12.7370,13.0310,1093.46146114
2025-02-10T00:00:00Z,MLNUSD,13.1050,13.3330,12.5540,13.2590,899.73553244
2025-02-11T00:00:00Z,MLNUSD,13.3410,13.5800,12.7350,13.2190,2304.06418453
2025-02-12T00:00:00Z,MLNUSD,13.2180,13.8340,12.8600,13.8340,1456.50543071
2025-02-13T00:00:00Z,MLNUSD,13.7300,14.0770,13.3670,13.3680,747.11455293
2025-02-14T00:00:00Z,MLNUSD,13.5010,14.0430,13.5010,13.8420,992.56487383
2025-02-15T00:00:00Z,MLNUSD,13.7190,13.7220,13.1620,13.3000,892.45656030
2025-02-16T00:00:00Z,MLNUSD,13.2890,15.1030,13.0880,13.9620,21545.90370956
2025-02-17T00:00:00Z,MLNUSD,14.0030,14.6960,13.2680,13.3800,2126.96710432
2025-02-18T00:00:00Z,MLNUSD,13.3420,13.3630,11.6510,12.2280,5785.54807419
2025-02-19T00:00:00Z,MLNUSD,12.2560,12.8180,12.2290,12.3080,643.59305360
2025-02-20T00:00:00Z,MLNUSD,12.3530,13.0230,12.3530,13.0010,849.65788904
2025-02-21T00:00:00Z,MLNUSD,12.9380,13.4000,12.4620,12.5910,1129.23641372
2025-02-22T00:00:00Z,MLNUSD,12.6440,13.1250,12.6440,13.0660,530.70653181
2025-02-23T00:00:00Z,MLNUSD,13.2260,13.2920,12.7290,12.9720,180.59919104
2025-02-24T00:00:00Z,MLNUSD,13.0150,13.0150,11.4750,11.4750,1719.83024745
2025-02-25T00:00:00Z,MLNUSD,11.5360,11.8080,10.9570,11.8050,1888.42865663
2025-02-26T00:00:00Z,MLNUSD,11.6770,12.1130,11.1290,11.6670,1091.21063594
2025-02-27T00:00:00Z,MLNUSD,11.7030,12.0600,11.5560,11.7470,640.01264733
2025-02-28T00:00:00Z,MLNUSD,11.7030,11.9550,11.1470,11.8800,926.07728646
2025-03-01T00:00:00Z,MLNUSD,11.7380,11.8670,11.4020,11.5720,211.90801329
2025-03-02T00:00:00Z,MLNUSD,11.6190,12.4170,11.4920,12.2560,1214.61499233
2025-03-03T00:00:00Z,MLNUSD,12.3440,12.3440,10.8400,11.0380,1322.35394748
2025-03-04T00:00:00Z,MLNUSD,10.9550,10.9550,10.1000,10.4450,1319.34551047
2025-03-05T00:00:00Z,MLNUSD,10.3500,10.7490,10.2810,10.5350,878.70107025
2025-03-06T00:00:00Z,MLNUSD,10.5490,10.7210,10.0370,10.0370,964.23918462
2025-03-07T00:00:00Z,MLNUSD,10.0010,10.3420,9.7610,10.0210,1229.02804906
2025-03-08T00:00:00Z,MLNUSD,9.9880,9.9890,9.5780,9.7110,729.86179844
2025-03-09T00:00:00Z,MLNUSD,9.8220,10.3740,8.6270,8.9580,2843.78041295
2025-03-10T00:00:00Z,MLNUSD,9.0500,10.1760,8.4190,8.6790,4401.38908932
2025-03-11T00:00:00Z,MLNUSD,8.7200,8.9000,7.9980,8.8350,2285.20757184
2025-03-12T00:00:00Z,MLNUSD,8.8310,9.0990,8.6000,9.0550,999.73512570
2025-03-13T00:00:00Z,MLNUSD,9.0990,9.3330,8.8040,8.9910,2012.82394131
2025-03-14T00:00:00Z,MLNUSD,9.0210,9.5550,8.9630,9.4490,1000.48988968
2025-03-15T00:00:00Z,MLNUSD,9.3940,9.6720,9.3460,9.6320,549.54256529
2025-03-16T00:00:00Z,MLNUSD,9.5930,9.6930,9.1410,9.1410,1137.77376591
2025-03-17T00:00:00Z,MLNUSD,9.1750,9.7330,9.1750,9.7330,1189.02392922
2025-03-18T00:00:00Z,MLNUSD,9.4680,9.4680,9.1550,9.3500,948.83666039
2025-03-19T00:00:00Z,MLNUSD,9.4830,9.6450,9.3970,9.6450,567.58942170
2025-03-20T00:00:00Z,MLNUSD,9.5770,9.6720,9.3380,9.3380,202.56813052
2025-03-21T00:00:00Z,MLNUSD,9.4240,10.8030,9.3270,9.8120,7401.95438444
2025-03-22T00:00:00Z,MLNUSD,9.7140,9.7140,9.2620,9.3860,1525.80233319
2025-03-23T00:00:00Z,MLNUSD,9.4030,9.4030,8.9680,9.1010,1203.14013109
2025-03-24T00:00:00Z,MLNUSD,9.1800,9.4250,9.1200,9.3480,766.40507898
2025-03-25T00:00:00Z,MLNUSD,9.4240,9.4850,9.0390,9.2890,2344.25622864
2025-03-26T00:00:00Z,MLNUSD,9.3490,9.4550,9.1950,9.2850,1235.36484481
2025-03-27T00:00:00Z,MLNUSD,9.3060,9.4150,9.0340,9.1380,403.96382094
2025-03-28T00:00:00Z,MLNUSD,9.0010,9.0010,8.5000,8.5540,1403.47020055
2025-03-29T00:00:00Z,MLNUSD,8.6880,15.4700,8.5890,11.8840,81713.48164351
2025-03-30T00:00:00Z,MLNUSD,11.8580,13.3400,10.1540,11.0060,21551.73724151
2025-03-31T00:00:00Z,MLNUSD,10.9400,15.9800,10.3510,13.0460,60049.94278932
2025-04-01T00:00:00Z,MLNUSD,13.0820,15.7040,10.9010,11.3440,41379.11905556
2025-04-02T00:00:00Z,MLNUSD,11.1630,12.1950,10.7120,10.8820,26951.92342845
2025-04-03T00:00:00Z,MLNUSD,10.8770,11.2920,9.8100,10.3280,19547.67948865
2025-04-04T00:00:00Z,MLNUSD,10.3860,10.3870,9.3110,9.4340,14409.62573672
2025-04-05T00:00:00Z,MLNUSD,9.4490,12.1910,9.4000,10.5300,35702.26691356
2025-04-06T00:00:00Z,MLNUSD,10.5510,10.6800,9.3610,9.8030,24546.47836726
2025-04-07T00:00:00Z,MLNUSD,9.8470,9.8940,8.3950,9.1760,19804.70501279
2025-04-08T00:00:00Z,MLNUSD,9.2900,9.6030,8.8000,8.8950,9297.09575602
2025-04-09T00:00:00Z,MLNUSD,8.8400,9.6650,8.3140,9.4640,25424.98892218
2025-04-10T00:00:00Z,MLNUSD,9.4530,9.4930,8.6010,8.6950,8963.86562795
2025-04-11T00:00:00Z,MLNUSD,8.7310,9.1800,8.6860,8.8710,4481.94316119
2025-04-12T00:00:00Z,MLNUSD,8.8700,9.1770,8.6070,9.1030,5218.98320099
2025-04-13T00:00:00Z,MLNUSD,9.0480,9.0870,8.3020,8.5180,4758.20713443
2025-04-14T00:00:00Z,MLNUSD,8.5010,8.9280,8.2630,8.4830,3621.69640269
2025-04-15T00:00:00Z,MLNUSD,8.4810,8.7930,8.3390,8.4650,5184.78691077
2025-04-16T00:00:00Z,MLNUSD,8.5010,8.6300,7.9020,7.9830,4406.47357871
2025-04-17T00:00:00Z,MLNUSD,7.9740,8.0510,7.4240,7.6720,3497.83915307
2025-04-18T00:00:00Z,MLNUSD,7.6480,8.0450,7.6430,7.8390,2285.96198118
2025-04-19T00:00:00Z,MLNUSD,7.8390,8.3300,7.8390,8.2490,3611.49664045
2025-04-20T00:00:00Z,MLNUSD,8.2550,8.7000,8.0160,8.1240,6593.91098860
2025-04-21T00:00:00Z,MLNUSD,8.1450,9.1680,7.9530,8.0940,7006.64054456
2025-04-22T00:00:00Z,MLNUSD,8.0060,8.8480,7.8330,8.7840,4844.62571045
2025-04-23T00:00:00Z,MLNUSD,8.8260,9.1650,8.5560,8.7970,6477.36594552
2025-04-24T00:00:00Z,MLNUSD,8.8140,9.8460,8.6370,9.4440,10336.46379414
2025-04-25T00:00:00Z,MLNUSD,9.4070,9.7340,9.2320,9.4550,5328.86449488
2025-04-26T00:00:00Z,MLNUSD,9.4730,9.6910,9.2270,9.5630,2779.96008521
2025-04-27T00:00:00Z,MLNUSD,9.5670,10.1550,9.0200,9.0200,11036.02447283
2025-04-28T00:00:00Z,MLNUSD,9.0710,9.4880,8.7780,9.2630,4047.99659974
2025-04-29T00:00:00Z,MLNUSD,9.3190,9.5200,8.7620,8.9650,2483.51284480
2025-04-30T00:00:00Z,MLNUSD,8.9330,9.2680,8.7500,9.1210,1760.05636441
2025-05-01T00:00:00Z,MLNUSD,9.1030,9.7680,9.0320,9.4590,6487.87515254
2025-05-02T00:00:00Z,MLNUSD,9.5170,9.5590,9.1040,9.1380,1750.02094458
2025-05-03T00:00:00Z,MLNUSD,9.2120,9.2490,8.4700,8.6220,2147.11414841
2025-05-04T00:00:00Z,MLNUSD,8.6130,8.7210,8.3710,8.4300,2382.44899699
2025-05-05T00:00:00Z,MLNUSD,8.4820,8.6260,8.2680,8.5840,1977.95013574
2025-05-06T00:00:00Z,MLNUSD,8.5360,9.3410,7.8740,8.2610,8788.53146395
2025-05-07T00:00:00Z,MLNUSD,8.2630,8.3850,8.0270,8.2910,2154.62327040
2025-05-08T00:00:00Z,MLNUSD,8.3250,9.2720,8.3250,9.2260,2184.80979003
2025-05-09T00:00:00Z,MLNUSD,9.2710,9.7620,9.1030,9.4210,6705.70358422
2025-05-10T00:00:00Z,MLNUSD,9.4810,9.9800,9.4410,9.9430,3645.06181607
2025-05-11T00:00:00Z,MLNUSD,9.9990,10.2500,9.6510,9.9730,4590.70810491
2025-05-12T00:00:00Z,MLNUSD,9.9380,10.2440,9.2020,9.6780,5060.20901808
2025-05-13T00:00:00Z,MLNUSD,9.6490,9.9890,9.2500,9.9210,2462.24306568
2025-05-14T00:00:00Z,MLNUSD,9.9230,10.2330,9.4210,9.4210,5017.43997457
2025-05-15T00:00:00Z,MLNUSD,9.4930,9.4930,8.6000,8.8200,2381.20158023
2025-05-16T00:00:00Z,MLNUSD,8.8110,8.9170,8.5800,8.7230,1000.44686116
2025-05-17T00:00:00Z,MLNUSD,8.5800,8.6050,8.3090,8.5330,1992.77941971
2025-05-18T00:00:00Z,MLNUSD,8.5650,8.8350,8.4060,8.8000,1697.96446440
2025-05-19T00:00:00Z,MLNUSD,8.8850,8.9070,8.3400,8.7560,945.85783868
2025-05-20T00:00:00Z,MLNUSD,8.9120,8.9300,8.4100,8.7620,1808.51026089
2025-05-21T00:00:00Z,MLNUSD,8.7440,8.9590,8.6470,8.9590,1267.84409183
2025-05-22T00:00:00Z,MLNUSD,8.8650,9.3920,8.8620,9.3440,3323.49382811
2025-05-23T00:00:00Z,MLNUSD,9.4010,9.5010,8.3440,8.3440,11437.31721021
2025-05-24T00:00:00Z,MLNUSD,8.3180,8.3600,8.0990,8.1730,3091.95130501
2025-05-25T00:00:00Z,MLNUSD,8.1930,8.2000,7.8300,8.2000,2229.18276807
2025-05-26T00:00:00Z,MLNUSD,8.2250,8.2840,8.0400,8.2680,1657.29135360
2025-05-27T00:00:00Z,MLNUSD,8.2190,8.5560,8.1030,8.2780,4143.32893038
2025-05-28T00:00:00Z,MLNUSD,8.2330,9.0490,8.0240,8.1970,11149.96007161
2025-05-29T00:00:00Z,MLNUSD,8.2930,8.4240,8.0640,8.1090,1183.08963407
2025-05-30T00:00:00Z,MLNUSD,8.1700,10.4900,7.8600,8.9240,40990.43726028
2025-05-31T00:00:00Z,MLNUSD,8.8950,8.8950,8.0420,8.0570,8146.18070908
2025-06-01T00:00:00Z,MLNUSD,8.0570,8.4140,7.9260,8.1450,1867.45244399
2025-06-02T00:00:00Z,MLNUSD,8.1000,8.1810,7.9410,8.1800,1519.71612652
2025-06-03T00:00:00Z,MLNUSD,8.1830,8.3360,7.9330,8.1450,3102.39683124
2025-06-04T00:00:00Z,MLNUSD,8.1930,8.3560,7.9540,8.2630,4281.23474129
2025-06-05T00:00:00Z,MLNUSD,8.2710,8.3340,7.8410,7.9560,2780.73151348
2025-06-06T00:00:00Z,MLNUSD,7.9500,8.0890,7.8800,7.9760,2943.22669825
2025-06-07T00:00:00Z,MLNUSD,7.9390,8.0620,7.9350,8.0240,1040.47234039
2025-06-08T00:00:00Z,MLNUSD,8.0210,8.1810,7.9470,7.9470,1990.08273882
2025-06-09T00:00:00Z,MLNUSD,7.9530,8.1550,7.9210,8.1310,3156.45940635
2025-06-10T00:00:00Z,MLNUSD,8.1750,8.2650,8.0610,8.2110,1861.92144544
2025-06-11T00:00:00Z,MLNUSD,8.2260,8.2900,7.9590,8.0150,1162.48496348
2025-06-12T00:00:00Z,MLNUSD,8.0320,8.0580,7.6920,7.8140,1850.68370702
2025-06-13T00:00:00Z,MLNUSD,7.7300,7.7720,7.5320,7.7520,1820.01085705
2025-06-14T00:00:00Z,MLNUSD,7.6930,7.9230,7.5980,7.6890,3394.47242571
2025-06-15T00:00:00Z,MLNUSD,7.7030,7.7640,7.6300,7.7510,832.01685869
2025-06-16T00:00:00Z,MLNUSD,7.7540,7.9430,7.6120,7.6130,1821.15894575
2025-06-17T00:00:00Z,MLNUSD,7.5940,7.7630,7.4950,7.5990,1184.62368970
2025-06-18T00:00:00Z,MLNUSD,7.6180,7.6280,7.0760,7.3780,1343.78182428
2025-06-19T00:00:00Z,MLNUSD,7.3890,7.5920,7.1700,7.3190,993.41959739
2025-06-20T00:00:00Z,MLNUSD,7.3590,7.4580,7.1280,7.2810,825.31019948
2025-06-21T00:00:00Z,MLNUSD,7.2940,7.3890,6.9160,7.0610,2521.08494149
2025-06-22T00:00:00Z,MLNUSD,7.0990,7.1840,6.5890,6.8410,5110.57882780
2025-06-23T00:00:00Z,MLNUSD,6.8430,7.2670,6.7400,7.2560,4216.61920724
2025-06-24T00:00:00Z,MLNUSD,7.2770,7.5230,7.1910,7.2390,2185.23720479
2025-06-25T00:00:00Z,MLNUSD,7.3160,7.3160,6.9860,6.9860,1379.80932533
2025-06-26T00:00:00Z,MLNUSD,7.0070,7.1280,6.8240,6.9000,2499.52277446
2025-06-27T00:00:00Z,MLNUSD,6.8880,7.0780,6.8680,7.0300,767.63205762
2025-06-28T00:00:00Z,MLNUSD,6.9840,7.0350,6.9020,7.0340,361.87952559
2025-06-29T00:00:00Z,MLNUSD,7.0610,7.1890,6.9550,7.1530,1876.23472202
2025-06-30T00:00:00Z,MLNUSD,7.1920,7.1980,6.9790,7.0720,1928.50580538
2025-07-01T00:00:00Z,MLNUSD,7.0310,7.0310,6.7310,6.7320,2468.87175396
2025-07-02T00:00:00Z,MLNUSD,6.7710,7.2090,6.7280,7.1460,2300.82687509
2025-07-03T00:00:00Z,MLNUSD,7.1560,7.2150,6.9870,7.1600,1766.46182450
2025-07-04T00:00:00Z,MLNUSD,7.1490,7.1490,6.7700,6.8140,2661.98878649
2025-07-05T00:00:00Z,MLNUSD,6.8460,7.0180,6.7320,6.7320,1895.88899533
2025-07-06T00:00:00Z,MLNUSD,6.8640,7.0940,6.7100,7.0690,2125.29513412
2025-07-07T00:00:00Z,MLNUSD,7.0710,7.5730,7.0160,7.2490,11641.38052886
2025-07-08T00:00:00Z,MLNUSD,7.2310,7.2940,6.9300,7.1850,10745.28299535
2025-07-09T00:00:00Z,MLNUSD,7.2020,7.3440,7.0570,7.3390,3377.70887355
2025-07-10T00:00:00Z,MLNUSD,7.3310,7.7040,7.1950,7.6650,5564.18281982
2025-07-11T00:00:00Z,MLNUSD,7.6230,8.1380,7.5520,7.8030,3692.08099622
2025-07-12T00:00:00Z,MLNUSD,7.8300,11.5890,7.6470,7.7820,50973.92331540
2025-07-13T00:00:00Z,MLNUSD,7.7100,8.1140,7.5800,7.8150,5720.25744886
2025-07-14T00:00:00Z,MLNUSD,7.8940,8.0920,7.6810,7.9310,3219.54001681
2025-07-15T00:00:00Z,MLNUSD,7.8990,8.0190,7.6500,7.9780,10120.71544324
2025-07-16T00:00:00Z,MLNUSD,7.9970,7.9990,7.7880,7.9000,2617.69289834
2025-07-17T00:00:00Z,MLNUSD,7.9530,7.9750,7.7400,7.9420,2739.91903586
2025-07-18T00:00:00Z,MLNUSD,7.9170,8.3080,7.7340,7.8810,3744.48819311
2025-07-19T00:00:00Z,MLNUSD,7.8020,8.4810,7.8020,8.2430,5033.99616244
2025-07-20T00:00:00Z,MLNUSD,8.1960,8.5730,8.1590,8.4100,6464.91950715
2025-07-21T00:00:00Z,MLNUSD,8.2800,8.6330,8.2250,8.3920,4579.38982980
2025-07-22T00:00:00Z,MLNUSD,8.3900,8.4770,8.0000,8.4770,5269.61268593
2025-07-23T00:00:00Z,MLNUSD,8.4900,8.7180,7.7830,7.9940,6379.50205303
2025-07-24T00:00:00Z,MLNUSD,7.9940,8.1280,7.5810,8.1280,2398.81817210
2025-07-25T00:00:00Z,MLNUSD,8.0540,8.3720,7.8780,8.2490,1520.43874241
2025-07-26T00:00:00Z,MLNUSD,8.2600,8.4830,8.2160,8.2800,610.15293381
2025-07-27T00:00:00Z,MLNUSD,8.2670,8.6320,8.2420,8.5890,1680.92469399
2025-07-28T00:00:00Z,MLNUSD,8.6500,8.7830,8.1550,8.1920,1224.20870721
2025-07-29T00:00:00Z,MLNUSD,8.1950,8.4090,7.9970,8.0760,265.58522255
2025-07-30T00:00:00Z,MLNUSD,8.0710,8.2130,7.7200,7.9950,1265.04563686
2025-07-31T00:00:00Z,MLNUSD,8.0680,8.1560,7.6290,7.6330,1293.94498348
2025-08-01T00:00:00Z,MLNUSD,7.7000,7.7670,7.2930,7.4240,1880.22137894
2025-08-02T00:00:00Z,MLNUSD,7.4460,7.4970,7.1570,7.3080,3496.59292699
2025-08-03T00:00:00Z,MLNUSD,7.3570,7.5070,7.3540,7.4580,514.70606590
2025-08-04T00:00:00Z,MLNUSD,7.5100,7.7220,7.5100,7.7220,1365.86757726
2025-08-05T00:00:00Z,MLNUSD,7.6100,7.7020,7.1300,7.4680,2927.98113288
2025-08-06T00:00:00Z,MLNUSD,7.4770,7.5540,7.3250,7.4560,777.65345486
2025-08-07T00:00:00Z,MLNUSD,7.4720,7.8710,7.4680,7.8670,1973.91770774
2025-08-08T00:00:00Z,MLNUSD,7.8350,8.5770,7.8350,8.1640,6951.92076059
2025-08-09T00:00:00Z,MLNUSD,8.1890,8.7700,8.1590,8.6490,5601.21484738
2025-08-10T00:00:00Z,MLNUSD,8.6330,8.8010,8.0880,8.3300,4862.12198595
2025-08-11T00:00:00Z,MLNUSD,8.3690,9.4790,8.1320,8.2920,10883.45406501
2025-08-12T00:00:00Z,MLNUSD,8.2370,10.5000,8.1780,9.8530,24620.57946234
2025-08-13T00:00:00Z,MLNUSD,9.8760,9.9580,9.0780,9.3920,5516.02112719
2025-08-14T00:00:00Z,MLNUSD,9.4010,9.4030,8.3630,8.5160,3619.91483174
2025-08-15T00:00:00Z,MLNUSD,8.5770,9.2950,8.5750,8.8380,3637.89267730
2025-08-16T00:00:00Z,MLNUSD,8.8640,9.2240,8.4340,9.1680,8242.07665598
2025-08-17T00:00:00Z,MLNUSD,9.0460,9.5350,8.8390,8.8730,6205.74286262
2025-08-18T00:00:00Z,MLNUSD,8.8750,8.9120,8.4610,8.7500,1845.18890020
2025-08-19T00:00:00Z,MLNUSD,8.6650,9.1570,8.5210,8.7610,4960.81306101
2025-08-20T00:00:00Z,MLNUSD,8.8040,9.3330,8.7340,8.9040,5074.21289961
2025-08-21T00:00:00Z,MLNUSD,8.8590,8.8650,8.3670,8.3750,2483.67288074
2025-08-22T00:00:00Z,MLNUSD,8.4050,9.1120,8.3400,8.9840,7997.49965589
2025-08-23T00:00:00Z,MLNUSD,8.9870,9.0110,8.6710,8.8060,1584.53048194
2025-08-24T00:00:00Z,MLNUSD,8.8210,8.8820,8.5440,8.7800,3554.74090600
2025-08-25T00:00:00Z,MLNUSD,8.7840,8.9300,7.8720,7.9230,2980.11662677
2025-08-26T00:00:00Z,MLNUSD,7.9510,8.4210,7.9510,8.2450,903.94546452
2025-08-27T00:00:00Z,MLNUSD,8.3420,9.4200,8.3420,9.0160,11259.58668566
2025-08-28T00:00:00Z,MLNUSD,9.0490,9.0490,8.4260,8.6240,5066.82794814
2025-08-29T00:00:00Z,MLNUSD,8.6540,8.6900,8.1880,8.3160,2720.51918249
2025-08-30T00:00:00Z,MLNUSD,8.3010,8.4340,8.2250,8.3740,1557.02734764
2025-08-31T00:00:00Z,MLNUSD,8.4020,8.5230,8.1620,8.1630,1150.18052520
2025-09-01T00:00:00Z,MLNUSD,8.1200,8.2630,7.7110,7.7950,2200.33970012
2025-09-02T00:00:00Z,MLNUSD,7.8800,8.0240,7.7800,8.0110,987.79060434
2025-09-03T00:00:00Z,MLNUSD,7.9770,8.1130,7.8650,8.0060,2456.84327506
2025-09-04T00:00:00Z,MLNUSD,7.9880,7.9880,7.5370,7.7600,1774.92484768
2025-09-05T00:00:00Z,MLNUSD,7.7060,7.9270,7.7060,7.8470,1271.12045978
2025-09-06T00:00:00Z,MLNUSD,7.8080,8.0930,7.7660,7.8160,2260.78201722
2025-09-07T00:00:00Z,MLNUSD,7.8370,7.9600,7.7370,7.8650,3533.13692844
2025-09-08T00:00:00Z,MLNUSD,7.9420,8.0070,7.8890,7.8890,489.98192399
2025-09-09T00:00:00Z,MLNUSD,7.9440,8.2230,7.8590,7.9250,969.84142735
2025-09-10T00:00:00Z,MLNUSD,7.9160,8.2250,7.9160,8.1700,1465.89858279
2025-09-11T00:00:00Z,MLNUSD,8.1530,8.4140,8.0890,8.2450,1652.26279409
2025-09-12T00:00:00Z,MLNUSD,8.2450,8.4250,8.1550,8.4250,1183.00385031
2025-09-13T00:00:00Z,MLNUSD,8.4150,8.5050,8.3170,8.4520,1782.08655881
2025-09-14T00:00:00Z,MLNUSD,8.4470,8.4980,8.0630,8.1350,1439.08119806
2025-09-15T00:00:00Z,MLNUSD,8.1620,8.2050,7.6590,7.8190,1824.27545548
2025-09-16T00:00:00Z,MLNUSD,7.8180,7.9480,7.6980,7.9460,1287.95994950
2025-09-17T00:00:00Z,MLNUSD,7.9210,8.1500,7.7890,8.1210,2582.83830318
2025-09-18T00:00:00Z,MLNUSD,8.1200,8.2800,8.1200,8.1890,567.48647248
2025-09-19T00:00:00Z,MLNUSD,8.2060,8.2350,7.8220,7.8710,1767.70115381
2025-09-20T00:00:00Z,MLNUSD,7.8490,7.9920,7.7840,7.9920,993.93384269
2025-09-21T00:00:00Z,MLNUSD,7.9040,8.1130,7.8310,7.8390,509.43065348
2025-09-22T00:00:00Z,MLNUSD,7.8290,7.8290,7.0460,7.1630,2790.78900037
2025-09-23T00:00:00Z,MLNUSD,7.1970,7.3460,7.1700,7.2570,403.93199840
2025-09-24T00:00:00Z,MLNUSD,7.3040,7.4430,7.1950,7.4130,197.53649208
2025-09-25T00:00:00Z,MLNUSD,7.4010,7.4060,6.9010,7.0450,4771.20997739
2025-09-26T00:00:00Z,MLNUSD,7.0830,7.3510,6.9550,7.2940,555.04893274
2025-09-27T00:00:00Z,MLNUSD,7.3100,7.6350,7.3100,7.5910,846.97653699
2025-09-28T00:00:00Z,MLNUSD,7.4320,7.7230,7.3850,7.7230,1140.70569139
2025-09-29T00:00:00Z,MLNUSD,7.6860,7.7380,7.4590,7.6530,1080.29196417
2025-09-30T00:00:00Z,MLNUSD,7.5240,7.5240,7.2880,7.4390,899.02288001
2025-10-01T00:00:00Z,MLNUSD,7.4650,7.8720,7.4650,7.8620,801.98804185
2025-10-02T00:00:00Z,MLNUSD,7.8780,8.2220,7.8530,8.0460,1406.56348885
2025-10-03T00:00:00Z,MLNUSD,8.0000,8.0550,7.9220,8.0290,631.93978743
2025-10-04T00:00:00Z,MLNUSD,8.0590,8.0600,7.7850,7.9220,1633.35807404
2025-10-05T00:00:00Z,MLNUSD,7.8200,8.0280,7.7500,7.7900,3096.74269270
2025-10-06T00:00:00Z,MLNUSD,7.8040,8.0270,7.8040,7.9980,707.21585546
2025-10-07T00:00:00Z,MLNUSD,7.9390,7.9910,7.6490,7.7100,2684.56364315
2025-10-08T00:00:00Z,MLNUSD,7.7250,7.9410,7.7250,7.8990,1037.74417959
2025-10-09T00:00:00Z,MLNUSD,7.9030,7.9080,7.6940,7.8200,1084.09953876
2025-10-10T00:00:00Z,MLNUSD,7.8210,8.2560,5.5730,6.0390,9212.05763001
2025-10-11T00:00:00Z,MLNUSD,6.0370,6.3990,4.9210,5.5470,13785.43487789
2025-10-12T00:00:00Z,MLNUSD,5.5150,5.9850,5.3260,5.9650,7422.71100241
2025-10-13T00:00:00Z,MLNUSD,5.9320,6.3760,5.8780,6.2150,4339.20967705
2025-10-14T00:00:00Z,MLNUSD,6.2320,6.2320,5.6360,5.9700,2597.53198363
2025-10-15T00:00:00Z,MLNUSD,5.9760,6.0880,5.6880,5.7780,1926.04131195
2025-10-16T00:00:00Z,MLNUSD,5.7780,5.8840,5.3520,5.4760,3348.39944383
2025-10-17T00:00:00Z,MLNUSD,5.4680,5.4680,5.0000,5.3430,6516.64148595
2025-10-18T00:00:00Z,MLNUSD,5.3470,8.8400,5.1960,7.4990,53861.15800288
2025-10-19T00:00:00Z,MLNUSD,7.5430,15.8700,7.3300,14.6290,256806.25349060
2025-10-20T00:00:00Z,MLNUSD,14.5070,17.2880,10.2480,10.6930,373120.63852730
2025-10-21T00:00:00Z,MLNUSD,10.7130,12.4140,8.5640,8.6410,116070.06144548
2025-10-22T00:00:00Z,MLNUSD,8.7160,9.0010,8.2230,8.4840,29059.50298476
2025-10-23T00:00:00Z,MLNUSD,8.5300,9.6810,8.0320,8.1490,36703.32495581
2025-10-24T00:00:00Z,MLNUSD,8.1350,8.6870,7.5800,8.2550,50801.98393809
2025-10-25T00:00:00Z,MLNUSD,8.2290,8.9980,7.6450,7.9570,34369.63226419
2025-10-26T00:00:00Z,MLNUSD,7.9300,8.4530,7.6820,7.8740,17688.39150231
2025-10-27T00:00:00Z,MLNUSD,7.8600,9.4480,7.7270,7.8130,35956.73938074
2025-10-28T00:00:00Z,MLNUSD,7.8290,7.9970,6.9630,7.1250,26850.33488508
2025-10-29T00:00:00Z,MLNUSD,7.1140,7.1710,6.8500,7.0660,13319.40428027
2025-10-30T00:00:00Z,MLNUSD,7.0330,7.1530,6.4470,6.6520,20149.87379295
2025-10-31T00:00:00Z,MLNUSD,6.6280,6.7850,6.4540,6.6330,10129.14726387
2025-11-01T00:00:00Z,MLNUSD,6.6070,7.0580,6.4450,6.5820,10976.27700905
2025-11-02T00:00:00Z,MLNUSD,6.5870,6.9330,6.3150,6.7710,6206.58031023
2025-11-03T00:00:00Z,MLNUSD,6.7690,6.8010,5.9300,6.3320,7935.14258241
2025-11-04T00:00:00Z,MLNUSD,6.3150,6.7260,5.8490,6.1180,15465.85320913
2025-11-05T00:00:00Z,MLNUSD,5.9800,6.8000,5.6910,6.5670,8632.06806305
2025-11-06T00:00:00Z,MLNUSD,6.5390,7.1620,6.1650,6.2650,21259.21588888
2025-11-07T00:00:00Z,MLNUSD,6.3500,6.6060,6.0130,6.3930,9379.60370830
2025-11-08T00:00:00Z,MLNUSD,6.4540,6.4870,6.1170,6.3030,3762.11477182
2025-11-09T00:00:00Z,MLNUSD,6.2040,6.8380,6.0630,6.3750,11792.15624753
2025-11-10T00:00:00Z,MLNUSD,6.4370,6.6690,6.2290,6.4480,13880.04932124
2025-11-11T00:00:00Z,MLNUSD,6.4780,6.5400,6.0300,6.0790,4242.67673499
2025-11-12T00:00:00Z,MLNUSD,6.0900,6.6620,6.0870,6.3150,14505.11192571
2025-11-13T00:00:00Z,MLNUSD,6.3050,6.6640,5.7280,6.0610,13107.24823234
2025-11-14T00:00:00Z,MLNUSD,6.0130,6.0590,5.6090,5.6810,7503.16132516
2025-11-15T00:00:00Z,MLNUSD,5.7830,5.9680,5.7410,5.8570,2304.68563259
2025-11-16T00:00:00Z,MLNUSD,5.8320,5.9800,5.5550,5.7050,4775.33300059
2025-11-17T00:00:00Z,MLNUSD,5.6960,5.9410,5.5360,5.6290,1962.86415399
2025-11-18T00:00:00Z,MLNUSD,5.6220,5.8460,5.5190,5.7460,4728.23051210
2025-11-19T00:00:00Z,MLNUSD,5.7020,5.7210,5.3330,5.5600,2609.04772699
2025-11-20T00:00:00Z,MLNUSD,5.5760,5.6860,5.3320,5.4870,1333.40815692
2025-11-21T00:00:00Z,MLNUSD,5.4420,5.5620,4.6820,5.1140,7793.29796906
2025-11-22T00:00:00Z,MLNUSD,5.1320,5.2440,4.9950,5.1120,6496.21966332
2025-11-23T00:00:00Z,MLNUSD,5.1180,5.2100,5.0520,5.0520,1565.35980824
2025-11-24T00:00:00Z,MLNUSD,5.0600,5.2180,4.9800,5.1330,4295.24868255
2025-11-25T00:00:00Z,MLNUSD,5.1360,5.3770,4.9780,5.2150,5935.92493247
2025-11-26T00:00:00Z,MLNUSD,5.1980,5.3330,5.1340,5.3330,3565.70727058
2025-11-27T00:00:00Z,MLNUSD,5.2860,5.3350,5.1850,5.2330,2170.31592632
2025-11-28T00:00:00Z,MLNUSD,5.2980,7.9620,5.1580,6.7370,55950.10720938
2025-11-29T00:00:00Z,MLNUSD,6.7040,7.0760,5.7240,5.7400,25976.96687685
2025-11-30T00:00:00Z,MLNUSD,5.7230,6.2420,5.5520,5.9960,9357.39365599
2025-12-01T00:00:00Z,MLNUSD,5.9580,5.9580,5.1810,5.3140,10406.58019090
2025-12-02T00:00:00Z,MLNUSD,5.2940,6.1170,5.2450,5.5410,23362.27314345
2025-12-03T00:00:00Z,MLNUSD,5.5410,5.7510,5.4390,5.5840,5186.55557844
2025-12-04T00:00:00Z,MLNUSD,5.5690,5.6810,5.3280,5.4340,3357.92713513
2025-12-05T00:00:00Z,MLNUSD,5.4320,5.4420,5.0160,5.1440,3594.52460282
2025-12-06T00:00:00Z,MLNUSD,5.1230,5.7220,5.0970,5.3560,12243.21083252
2025-12-07T00:00:00Z,MLNUSD,5.3680,5.7170,5.3280,5.5010,10735.23540785
2025-12-08T00:00:00Z,MLNUSD,5.5010,5.6220,5.3290,5.3630,2463.65790867
2025-12-09T00:00:00Z,MLNUSD,5.3760,5.5110,5.3170,5.3990,2202.05684232
2025-12-10T00:00:00Z,MLNUSD,5.3180,5.3460,5.1210,5.1650,4428.31698063
2025-12-11T00:00:00Z,MLNUSD,5.1550,5.1660,5.0470,5.1290,5375.35985530
2025-12-12T00:00:00Z,MLNUSD,5.1140,5.1490,4.9150,5.0580,3405.15423995
2025-12-13T00:00:00Z,MLNUSD,5.0520,5.1160,5.0070,5.0780,2205.51651144
2025-12-14T00:00:00Z,MLNUSD,5.0940,5.0940,4.8830,4.9300,5236.32527667
2025-12-15T00:00:00Z,MLNUSD,4.9140,4.9830,4.5890,4.7260,4944.72864891
2025-12-16T00:00:00Z,MLNUSD,4.7240,4.9770,4.6320,4.8160,7402.88596438
2025-12-17T00:00:00Z,MLNUSD,4.8060,4.8350,4.4720,4.4950,8679.14261246
2025-12-18T00:00:00Z,MLNUSD,4.5100,4.6300,4.3240,4.3680,5380.60229828
2025-12-19T00:00:00Z,MLNUSD,4.3740,4.5960,4.3510,4.5920,4915.68782389
2025-12-20T00:00:00Z,MLNUSD,4.5820,4.7180,4.5820,4.6560,2605.47251937
2025-12-21T00:00:00Z,MLNUSD,4.6620,5.2510,4.5530,4.6680,16872.89469064
2025-12-22T00:00:00Z,MLNUSD,4.6680,4.9380,4.6360,4.7740,6457.43315192
2025-12-23T00:00:00Z,MLNUSD,4.7880,4.7960,4.6320,4.7550,4741.48330666
2025-12-24T00:00:00Z,MLNUSD,4.7720,5.0260,4.6980,4.8670,7938.99313862
2025-12-25T00:00:00Z,MLNUSD,4.8510,4.9980,4.7950,4.8580,4591.38224623
2025-12-26T00:00:00Z,MLNUSD,4.8490,5.1760,4.8120,4.8960,6811.98557837
2025-12-27T00:00:00Z,MLNUSD,4.8980,4.9470,4.8280,4.9260,3325.48193665
2025-12-28T00:00:00Z,MLNUSD,4.9410,4.9410,4.7660,4.7660,1704.63053171
2025-12-29T00:00:00Z,MLNUSD,4.7870,4.8440,4.7410,4.7590,2111.58963853
2025-12-30T00:00:00Z,MLNUSD,4.7730,4.7730,4.6410,4.6630,5044.68090180
2025-12-31T00:00:00Z,MLNUSD,4.6630,4.7760,4.5590,4.6610,8498.16821516
2026-01-01T00:00:00Z,MLNUSD,4.6510,4.8020,4.6490,4.8020,2754.33905011
2026-01-02T00:00:00Z,MLNUSD,4.8020,4.9460,4.7490,4.8850,8755.81575047
2026-01-03T00:00:00Z,MLNUSD,4.8920,4.9210,4.7960,4.8810,1982.86278816
2026-01-04T00:00:00Z,MLNUSD,4.8850,4.9750,4.8600,4.9180,2836.79460022
2026-01-05T00:00:00Z,MLNUSD,4.9370,5.0150,4.8410,4.9820,4748.18884430
2026-01-06T00:00:00Z,MLNUSD,4.9730,5.2500,4.9340,5.2180,8119.28856091
2026-01-07T00:00:00Z,MLNUSD,5.1980,5.3170,4.9480,4.9910,4278.56071070
2026-01-08T00:00:00Z,MLNUSD,5.0070,5.0770,4.9220,5.0330,5227.89300388
2026-01-09T00:00:00Z,MLNUSD,5.0420,5.0710,4.9410,5.0020,3931.70406750
2026-01-10T00:00:00Z,MLNUSD,4.9910,5.0270,4.9500,4.9710,968.77046965
2026-01-11T00:00:00Z,MLNUSD,4.9660,4.9870,4.8100,4.8670,4413.27016163
2026-01-12T00:00:00Z,MLNUSD,4.8720,4.9190,4.8000,4.8020,4788.22771675
2026-01-13T00:00:00Z,MLNUSD,4.8060,5.0980,4.8060,5.0220,5886.06367090
2026-01-14T00:00:00Z,MLNUSD,5.0270,5.2160,4.9450,5.0710,11842.28444846
2026-01-15T00:00:00Z,MLNUSD,5.0550,5.1040,4.9500,4.9750,7610.98305033
2026-01-16T00:00:00Z,MLNUSD,4.9720,5.0380,4.8830,4.9810,3414.88143321
2026-01-17T00:00:00Z,MLNUSD,4.9760,5.0280,4.9420,4.9670,3304.40618239
2026-01-18T00:00:00Z,MLNUSD,4.9780,4.9810,4.7380,4.7500,3372.38429828
2026-01-19T00:00:00Z,MLNUSD,4.7360,4.7360,4.4340,4.7040,6330.19619374
2026-01-20T00:00:00Z,MLNUSD,4.7040,4.7080,4.4460,4.5000,2020.12439144
2026-01-21T00:00:00Z,MLNUSD,4.4920,4.6680,4.4920,4.6130,4198.26212359
2026-01-22T00:00:00Z,MLNUSD,4.6170,4.6820,4.5400,4.5840,4661.60391619
2026-01-23T00:00:00Z,MLNUSD,4.6090,4.6880,4.5510,4.5990,3070.94647523
2026-01-24T00:00:00Z,MLNUSD,4.5880,4.6700,4.5820,4.6080,2285.89036956
2026-01-25T00:00:00Z,MLNUSD,4.6080,5.0700,4.4330,4.6470,17133.00854538
2026-01-26T00:00:00Z,MLNUSD,4.6400,4.9690,4.5730,4.6430,9562.71123639
2026-01-27T00:00:00Z,MLNUSD,4.6380,4.6690,4.5240,4.6010,5915.60711996
2026-01-28T00:00:00Z,MLNUSD,4.6160,4.6160,4.5160,4.5410,2209.07262348
2026-01-29T00:00:00Z,MLNUSD,4.5470,4.5470,4.1930,4.2460,6456.98045766
2026-01-30T00:00:00Z,MLNUSD,4.2410,4.2670,4.1300,4.2360,5286.95459151
2026-01-31T00:00:00Z,MLNUSD,4.2350,4.2400,3.4780,3.8730,10709.53903971
2026-02-01T00:00:00Z,MLNUSD,3.8830,3.9600,3.6910,3.7790,2319.34620169
2026-02-02T00:00:00Z,MLNUSD,3.7200,3.9000,3.6670,3.8820,5823.13749418
2026-02-03T00:00:00Z,MLNUSD,3.8620,3.9020,3.6540,3.7970,2530.98663059
2026-02-04T00:00:00Z,MLNUSD,3.7770,3.8680,3.6520,3.8210,1821.03536822
2026-02-05T00:00:00Z,MLNUSD,3.7750,3.8070,3.2040,3.2210,12247.74663319
2026-02-06T00:00:00Z,MLNUSD,3.2310,3.6910,2.9240,3.6530,5806.60596733
2026-02-07T00:00:00Z,MLNUSD,3.6480,3.6840,3.5150,3.6430,1552.76010312
2026-02-08T00:00:00Z,MLNUSD,3.6380,3.6530,3.5150,3.5150,1239.62350480
2026-02-09T00:00:00Z,MLNUSD,3.5360,3.6050,3.4310,3.5630,2834.52154766
2026-02-10T00:00:00Z,MLNUSD,3.5620,3.5680,3.4230,3.4640,3209.31135832
2026-02-11T00:00:00Z,MLNUSD,3.4810,3.5040,3.3430,3.4520,4957.79631329
2026-02-12T00:00:00Z,MLNUSD,3.4720,3.5910,3.4220,3.5040,1842.34278462
2026-02-13T00:00:00Z,MLNUSD,3.5380,3.8620,3.4720,3.8470,2963.67162543
2026-02-14T00:00:00Z,MLNUSD,3.8440,3.8530,3.7120,3.8120,5538.24705896
2026-02-15T00:00:00Z,MLNUSD,3.7920,3.8210,3.6510,3.6740,1786.68206743
2026-02-16T00:00:00Z,MLNUSD,3.6920,3.7500,3.6440,3.7350,1255.28276180
2026-02-17T00:00:00Z,MLNUSD,3.7400,3.7480,3.6520,3.6740,957.32718694
2026-02-18T00:00:00Z,MLNUSD,3.6740,3.7240,3.5130,3.5310,3216.34526330
2026-02-19T00:00:00Z,MLNUSD,3.5350,3.7110,3.4750,3.6840,6117.16569423
2026-02-20T00:00:00Z,MLNUSD,3.6750,3.7400,3.5890,3.6670,2254.56853243
2026-02-21T00:00:00Z,MLNUSD,3.6640,3.7150,3.6240,3.6320,1157.67012764
2026-02-22T00:00:00Z,MLNUSD,3.6160,3.6160,3.4720,3.4850,2008.26918613
2026-02-23T00:00:00Z,MLNUSD,3.4860,3.4920,3.2230,3.2550,10196.25631506
2026-02-24T00:00:00Z,MLNUSD,3.2640,3.3030,3.2000,3.2470,2176.43491700
2026-02-25T00:00:00Z,MLNUSD,3.2740,3.5160,3.2660,3.4040,1884.72859474
2026-02-26T00:00:00Z,MLNUSD,3.4270,3.4360,3.2540,3.3330,2365.95731836
2026-02-27T00:00:00Z,MLNUSD,3.3240,3.3780,3.2050,3.2590,2255.64076351
2026-02-28T00:00:00Z,MLNUSD,3.2590,3.3150,3.0270,3.3110,2714.57679014
2026-03-01T00:00:00Z,MLNUSD,3.3280,3.3750,3.1160,3.1860,2898.72794141
2026-03-02T00:00:00Z,MLNUSD,3.1760,3.3950,3.1670,3.2940,3453.39731274
2026-03-03T00:00:00Z,MLNUSD,3.2970,3.3520,3.2150,3.3250,2520.30192561
2026-03-04T00:00:00Z,MLNUSD,3.3040,3.4450,3.2390,3.3610,4329.03932567
2026-03-05T00:00:00Z,MLNUSD,3.3440,3.3750,3.2430,3.2750,1802.25127814
2026-03-06T00:00:00Z,MLNUSD,3.2760,3.3040,3.1330,3.1640,1894.13930579
2026-03-07T00:00:00Z,MLNUSD,3.1610,4.2300,3.1160,3.7510,37947.67463506
2026-03-08T00:00:00Z,MLNUSD,3.7590,3.7920,3.3380,3.4570,13551.82830126
2026-03-09T00:00:00Z,MLNUSD,3.4930,3.9080,3.3760,3.5990,10499.49287575
2026-03-10T00:00:00Z,MLNUSD,3.5830,4.0840,3.5770,3.7730,18722.79788349
2026-03-11T00:00:00Z,MLNUSD,3.7620,3.8350,3.5020,3.7660,7945.04776195
2026-03-12T00:00:00Z,MLNUSD,3.8140,3.9460,3.6630,3.8730,6692.49670400
2026-03-13T00:00:00Z,MLNUSD,3.8640,3.9420,3.5930,3.6450,6159.06046445
2026-03-14T00:00:00Z,MLNUSD,3.6560,3.8140,3.6330,3.7760,3449.49838408
2026-03-15T00:00:00Z,MLNUSD,3.7240,3.8190,3.7030,3.7550,3712.81344656
2026-03-16T00:00:00Z,MLNUSD,3.7750,3.8630,3.7400,3.8490,2237.54485146
2026-03-17T00:00:00Z,MLNUSD,3.8540,3.9140,3.7450,3.7450,3594.68582877
2026-03-18T00:00:00Z,MLNUSD,3.7300,3.8340,3.5830,3.6460,1649.48945086
2026-03-19T00:00:00Z,MLNUSD,3.6360,3.6360,3.4750,3.5140,2481.48427070
2026-03-20T00:00:00Z,MLNUSD,3.5240,3.5550,3.4330,3.4840,1415.32875389
2026-03-21T00:00:00Z,MLNUSD,3.4840,3.4960,3.3190,3.3190,3951.70823435
2026-03-22T00:00:00Z,MLNUSD,3.3050,3.3830,3.2270,3.2690,3829.33935004
2026-03-23T00:00:00Z,MLNUSD,3.2630,3.3930,3.2320,3.3550,1346.15179943
2026-03-24T00:00:00Z,MLNUSD,3.3650,3.3710,3.3120,3.3380,1196.98676817
2026-03-25T00:00:00Z,MLNUSD,3.3440,3.3790,3.3190,3.3750,3252.98022343
2026-03-26T00:00:00Z,MLNUSD,3.4160,3.4170,3.2260,3.2560,821.60143148
2026-03-27T00:00:00Z,MLNUSD,3.2670,3.3070,3.1270,3.1270,1026.93170563
2026-03-28T00:00:00Z,MLNUSD,3.1140,3.1540,3.0620,3.0700,2064.84466525
2026-03-29T00:00:00Z,MLNUSD,3.0510,3.1370,2.9800,3.0360,3152.39567440
2026-03-30T00:00:00Z,MLNUSD,3.0950,3.1190,3.0450,3.0560,2263.84884763
2026-03-31T00:00:00Z,MLNUSD,3.0650,3.2280,3.0650,3.1950,1904.77789569
2026-04-01T00:00:00Z,MLNUSD,3.1500,3.1890,3.1370,3.1770,3016.90554882
2026-04-02T00:00:00Z,MLNUSD,3.1770,3.3800,3.1460,3.2510,12592.19901128
2026-04-03T00:00:00Z,MLNUSD,3.2790,3.3230,3.2360,3.2700,2284.57821780
2026-04-04T00:00:00Z,MLNUSD,3.2690,3.2690,3.2110,3.2560,792.18439769
2026-04-05T00:00:00Z,MLNUSD,3.2060,3.2060,3.1660,3.1890,527.34808678
2026-04-06T00:00:00Z,MLNUSD,3.2210,3.3690,3.2120,3.2690,3130.69192889
2026-04-07T00:00:00Z,MLNUSD,3.2170,3.3500,3.1480,3.3430,1813.76438479
2026-04-08T00:00:00Z,MLNUSD,3.3840,3.3840,3.2680,3.2890,2648.12939531
2026-04-09T00:00:00Z,MLNUSD,3.2600,3.3520,3.2190,3.2800,2201.85540327
2026-04-10T00:00:00Z,MLNUSD,3.2630,3.4600,3.2390,3.4470,7593.53373344
2026-04-11T00:00:00Z,MLNUSD,3.4610,3.4730,3.3300,3.3890,8590.61911078
2026-04-12T00:00:00Z,MLNUSD,3.2920,3.4010,3.2600,3.3090,7371.03129447
2026-04-13T00:00:00Z,MLNUSD,3.2890,3.4060,3.2390,3.3710,2174.49858985
2026-04-14T00:00:00Z,MLNUSD,3.3450,3.3500,2.7870,3.0810,11367.72968861
2026-04-15T00:00:00Z,MLNUSD,3.0840,3.1590,3.0800,3.1590,3690.24721145
2026-04-16T00:00:00Z,MLNUSD,3.1620,3.1830,3.0390,3.1650,7723.91754869
2026-04-17T00:00:00Z,MLNUSD,3.1570,3.2000,3.0500,3.1410,8418.51052935
2026-04-18T00:00:00Z,MLNUSD,3.1580,4.5140,3.0560,3.1610,51177.34852937
2026-04-19T00:00:00Z,MLNUSD,3.1050,3.1330,2.7020,2.7630,24124.89598498
2026-04-20T00:00:00Z,MLNUSD,2.7770,3.0150,2.7730,2.9910,16721.51722010
2026-04-21T00:00:00Z,MLNUSD,2.9910,3.0200,2.9390,2.9910,10417.75813062
2026-04-22T00:00:00Z,MLNUSD,2.9950,3.0690,2.9610,2.9610,4854.97563969
2026-04-23T00:00:00Z,MLNUSD,2.9370,3.0750,2.9050,3.0610,4892.71640195
2026-04-24T00:00:00Z,MLNUSD,3.0680,3.1650,3.0550,3.1490,2730.98297808
2026-04-25T00:00:00Z,MLNUSD,3.1460,3.2270,3.1240,3.1330,5091.98439652
2026-04-26T00:00:00Z,MLNUSD,3.1440,3.2100,3.1160,3.1550,3141.45111391
2026-04-27T00:00:00Z,MLNUSD,3.1970,3.1970,3.0720,3.0830,1352.29226824
2026-04-28T00:00:00Z,MLNUSD,3.0900,3.1310,3.0900,3.1310,1112.41689960
2026-04-29T00:00:00Z,MLNUSD,3.1400,3.1720,2.9330,3.0400,4061.92018139
2026-04-30T00:00:00Z,MLNUSD,3.0430,3.0880,2.9840,2.9850,6291.20769002
2026-05-01T00:00:00Z,MLNUSD,2.9960,3.1000,2.9960,3.0400,5674.68299363
2026-05-02T00:00:00Z,MLNUSD,3.0420,3.1040,3.0130,3.0680,2359.26948699
2026-05-03T00:00:00Z,MLNUSD,3.0720,3.0750,3.0180,3.0490,2019.83358382
2026-05-04T00:00:00Z,MLNUSD,3.0190,3.1070,3.0190,3.0260,4566.49467931
2026-05-05T00:00:00Z,MLNUSD,3.0250,3.0960,3.0250,3.0800,4134.12833920
2026-05-06T00:00:00Z,MLNUSD,3.0540,3.1580,3.0470,3.0860,11877.41613684
2026-05-07T00:00:00Z,MLNUSD,3.0670,3.1440,3.0420,3.1240,6242.86320685
2026-05-08T00:00:00Z,MLNUSD,3.1200,3.1760,3.0800,3.1700,2928.07588799
2026-05-09T00:00:00Z,MLNUSD,3.1650,3.2000,3.0920,3.1240,3501.11375462
2026-05-10T00:00:00Z,MLNUSD,3.1140,3.2850,3.0660,3.2430,2855.16842993
2026-05-11T00:00:00Z,MLNUSD,3.2240,3.2520,3.1340,3.2350,2722.80423878
2026-05-12T00:00:00Z,MLNUSD,3.1940,3.1940,3.0490,3.0780,1984.09701311
2026-05-13T00:00:00Z,MLNUSD,3.0550,3.1410,2.0910,2.2010,137255.63779710
2026-05-14T00:00:00Z,MLNUSD,2.1940,3.8800,2.1930,2.8090,247956.58551684
2026-05-15T00:00:00Z,MLNUSD,2.8110,4.0750,2.8110,3.0380,170540.07812863
2026-05-16T00:00:00Z,MLNUSD,3.0060,3.0110,2.4170,2.6200,78827.58862322
2026-05-17T00:00:00Z,MLNUSD,2.6130,2.6710,2.2830,2.3550,60445.95404104
2026-05-18T00:00:00Z,MLNUSD,2.3640,3.2180,2.2690,2.3650,64779.21535192
2026-05-19T00:00:00Z,MLNUSD,2.3560,2.4380,2.1410,2.1870,56003.77303250
2026-05-20T00:00:00Z,MLNUSD,2.1910,2.3990,2.1190,2.1320,46825.98693040
2026-05-21T00:00:00Z,MLNUSD,2.1390,2.4130,2.0930,2.1340,51003.35210020
2026-05-22T00:00:00Z,MLNUSD,2.1390,2.4000,2.0870,2.1290,54017.76904953
2026-05-23T00:00:00Z,MLNUSD,2.1500,2.2370,2.0070,2.1500,15507.59161568
2026-05-24T00:00:00Z,MLNUSD,2.1140,2.1310,2.0000,2.0530,20156.76797875
2026-05-25T00:00:00Z,MLNUSD,2.0600,2.1100,1.9580,2.0010,7928.85200361
2026-05-26T00:00:00Z,MLNUSD,2.0170,2.0170,1.7100,1.8180,44405.93305064
2026-05-27T00:00:00Z,MLNUSD,1.8260,2.2300,1.7100,1.8070,16063.50826376
2026-05-28T00:00:00Z,MLNUSD,1.8040,1.8390,1.7100,1.8120,4213.14873419
2026-05-29T00:00:00Z,MLNUSD,1.7940,1.9300,1.7120,1.7210,7733.10476135
2026-05-30T00:00:00Z,MLNUSD,1.7210,1.8850,1.7100,1.8710,5466.08591555
2026-05-31T00:00:00Z,MLNUSD,1.8710,1.9480,1.7780,1.9070,6650.61907493
2026-06-01T00:00:00Z,MLNUSD,1.8810,1.9710,1.7150,1.8090,14046.25817007
2026-06-02T00:00:00Z,MLNUSD,1.8120,2.2290,1.7030,1.7780,9179.16554707
2026-06-03T00:00:00Z,MLNUSD,1.7960,1.8240,1.7010,1.7150,6173.06725243
2026-06-04T00:00:00Z,MLNUSD,1.7100,1.7400,1.4050,1.6005,9598.23567408
2026-06-05T00:00:00Z,MLNUSD,1.6078,1.6078,1.4061,1.5118,6080.53571162
2026-06-06T00:00:00Z,MLNUSD,1.4569,1.5398,1.3218,1.3766,6029.23649246
2026-06-07T00:00:00Z,MLNUSD,1.3770,1.5567,1.3410,1.5235,5886.60206035
2026-06-08T00:00:00Z,MLNUSD,1.5449,2.0973,1.5266,1.5365,56264.34473850
2026-06-09T00:00:00Z,MLNUSD,1.5364,1.5784,1.4540,1.4598,14033.91412700
2026-06-10T00:00:00Z,MLNUSD,1.4583,1.5917,1.3946,1.4060,8937.41533592
2026-06-11T00:00:00Z,MLNUSD,1.4200,1.4615,1.4009,1.4189,3984.47985774
2026-06-12T00:00:00Z,MLNUSD,1.4219,1.5420,1.4136,1.4844,6523.62972658
2026-06-13T00:00:00Z,MLNUSD,1.4917,1.5651,1.4663,1.5592,6607.83792972
2026-06-14T00:00:00Z,MLNUSD,1.5674,1.5848,1.4632,1.5168,15851.07115103
2026-06-15T00:00:00Z,MLNUSD,1.5244,1.5782,1.4961,1.5354,8943.37064519
2026-06-16T00:00:00Z,MLNUSD,1.5266,1.5955,1.4166,1.4620,12815.40109153
2026-06-17T00:00:00Z,MLNUSD,1.4750,1.5071,1.3201,1.4500,6473.30917489
2026-06-18T00:00:00Z,MLNUSD,1.4679,1.4679,1.4026,1.4144,9313.46099584
2026-06-19T00:00:00Z,MLNUSD,1.4141,1.4256,1.3725,1.3928,2184.22251947
2026-06-20T00:00:00Z,MLNUSD,1.3792,1.8097,1.3792,1.4495,39020.14551029
2026-06-21T00:00:00Z,MLNUSD,1.4450,1.4761,1.4141,1.4362,11327.92406913
2026-06-22T00:00:00Z,MLNUSD,1.4417,1.4574,1.4153,1.4190,8544.81551448
2026-06-23T00:00:00Z,MLNUSD,1.4190,1.4297,1.3473,1.3682,6186.81486487
2026-06-24T00:00:00Z,MLNUSD,1.3593,1.4027,1.1880,1.2404,22446.83348822
2026-06-25T00:00:00Z,MLNUSD,1.2383,1.3409,1.1788,1.2524,16333.81947055
2026-06-26T00:00:00Z,MLNUSD,1.2593,1.2909,1.2409,1.2775,5355.78686826
2026-06-27T00:00:00Z,MLNUSD,1.2775,1.3232,1.2035,1.2249,12881.66560900
2026-06-28T00:00:00Z,MLNUSD,1.2223,1.3027,1.1925,1.2265,12599.92242668
2026-06-29T00:00:00Z,MLNUSD,1.2308,1.2791,1.2134,1.2570,7708.25692279
2026-06-30T00:00:00Z,MLNUSD,1.2545,1.3130,1.2317,1.2601,7494.95451633
2026-07-01T00:00:00Z,MLNUSD,1.2609,2.0205,1.2413,1.3349,161132.97003777
2026-07-02T00:00:00Z,MLNUSD,1.3256,2.3494,1.2865,1.4817,81326.87784790
2026-07-03T00:00:00Z,MLNUSD,1.4865,1.5163,1.3645,1.4055,16385.19408293
2026-07-04T00:00:00Z,MLNUSD,1.4121,1.4939,1.3713,1.4084,5569.83648369
2026-07-05T00:00:00Z,MLNUSD,1.4084,1.4241,1.3448,1.3563,4245.68833217
2026-07-06T00:00:00Z,MLNUSD,1.3562,1.4022,1.3335,1.3741,5786.97790133
2026-07-07T00:00:00Z,MLNUSD,1.3696,1.8000,1.3180,1.3730,26256.06143025
2026-07-08T00:00:00Z,MLNUSD,1.3730,1.7512,1.3566,1.4054,37897.57118362
2026-07-09T00:00:00Z,MLNUSD,1.4188,1.5109,1.3712,1.4147,8091.35800423
2026-07-10T00:00:00Z,MLNUSD,1.4144,1.4549,1.3768,1.4281,5878.72202114
2026-07-11T00:00:00Z,MLNUSD,1.4270,1.4418,1.3627,1.3781,2977.59608127
2026-07-12T00:00:00Z,MLNUSD,1.3760,1.4192,1.3632,1.3690,2651.59153106
2026-07-13T00:00:00Z,MLNUSD,1.3696,1.3752,1.3001,1.3001,5175.32824158
2026-07-14T00:00:00Z,MLNUSD,1.3022,1.3883,1.2861,1.3663,5701.34647311
2026-07-15T00:00:00Z,MLNUSD,1.3671,1.4016,1.3227,1.3357,3169.20928795
2026-07-16T00:00:00Z,MLNUSD,1.3414,1.3432,1.2900,1.3037,3942.38930870
2026-07-17T00:00:00Z,MLNUSD,1.2975,1.3636,1.2960,1.3468,4826.22380717
2026-07-18T00:00:00Z,MLNUSD,1.3349,1.3397,1.2861,1.3253,3987.07368773
2026-07-19T00:00:00Z,MLNUSD,1.3296,1.3378,1.2872,1.2904,1213.77397838
2026-07-20T00:00:00Z,MLNUSD,1.2913,1.3557,1.2809,1.3196,4577.46997138
2026-07-21T00:00:00Z,MLNUSD,1.3305,1.3440,1.3112,1.3249,1151.28745597
2026-07-22T00:00:00Z,MLNUSD,1.3191,1.3287,1.3057,1.3235,668.84187595
2026-07-23T00:00:00Z,MLNUSD,1.3135,1.3416,1.3048,1.3048,883.24514446
2026-07-24T00:00:00Z,MLNUSD,1.3100,1.3165,1.2808,1.3000,2939.31567629
2026-07-25T00:00:00Z,MLNUSD,1.3000,1.3774,1.2808,1.2960,4027.48393476
2026-07-26T00:00:00Z,MLNUSD,1.2939,1.3176,1.2921,1.3133,1966.09525305
2026-07-27T00:00:00Z,MLNUSD,1.3091,1.3356,1.2855,1.2924,3041.51354938
2026-07-28T00:00:00Z,MLNUSD,1.2924,1.2957,1.2755,1.2903,1877.04762865
2026-07-29T00:00:00Z,MLNUSD,1.2850,1.2854,1.2606,1.2637,948.92904292
2026-07-30T00:00:00Z,MLNUSD,1.2628,1.3179,1.2602,1.2977,1514.83753813
2026-07-31T00:00:00Z,MLNUSD,1.2950,1.3247,1.2626,1.2805,1645.07246051
2026-08-01T00:00:00Z,MLNUSD,1.2853,1.3094,1.2655,1.2801,1836.98888107
2026-08-02T00:00:00Z,MLNUSD,1.2777,1.3242,1.2288,1.2521,3493.76854308
2026-08-03T00:00:00Z,MLNUSD,1.2562,1.2886,1.2447,1.2450,1397.30168472
2026-08-04T00:00:00Z,MLNUSD,1.2564,1.2988,1.2448,1.2770,523.80398757
2026-08-05T00:00:00Z,MLNUSD,1.2692,1.2926,1.2430,1.2845,988.49218863
2026-08-06T00:00:00Z,MLNUSD,1.2684,1.2848,1.2206,1.2304,1786.91603754
2026-08-07T00:00:00Z,MLNUSD,1.2388,1.2908,1.2311,1.2515,973.45432895
2026-08-08T00:00:00Z,MLNUSD,1.2650,1.2822,1.2324,1.2509,826.30211858
2026-08-09T00:00:00Z,MLNUSD,1.2518,1.2836,1.1896,1.2834,1975.98995782
2026-08-10T00:00:00Z,MLNUSD,1.2721,1.3670,1.2376,1.2530,4963.25389056
2026-08-11T00:00:00Z,MLNUSD,1.2590,1.2770,1.2079,1.2410,2683.90372258
2026-08-12T00:00:00Z,MLNUSD,1.2360,1.2630,1.2108,1.2247,2159.54226236
2026-08-13T00:00:00Z,MLNUSD,1.2423,1.3114,1.2108,1.2376,2796.49732050
2026-08-14T00:00:00Z,MLNUSD,1.2341,1.2627,1.2005,1.2269,2655.28784400
2026-08-15T00:00:00Z,MLNUSD,1.2189,1.2579,1.1827,1.2350,2046.33575418
2026-08-16T00:00:00Z,MLNUSD,1.2414,1.2507,1.2041,1.2160,1852.45112385
2026-08-17T00:00:00Z,MLNUSD,1.2131,1.2425,1.1979,1.2237,2738.07759935
2026-08-18T00:00:00Z,MLNUSD,1.2194,1.2475,1.2056,1.2267,2759.21541886
2026-08-19T00:00:00Z,MLNUSD,1.2260,1.2526,1.2003,1.2380,3783.69214870
2026-08-20T00:00:00Z,MLNUSD,1.2407,1.2584,1.2246,1.2398,4940.48420043
2026-08-21T00:00:00Z,MLNUSD,1.2397,1.3485,1.1067,1.2952,21411.36231778
2026-08-22T00:00:00Z,MLNUSD,1.3003,1.4715,1.2541,1.2663,16861.13966377
2026-08-23T00:00:00Z,MLNUSD,1.2677,1.3203,1.2356,1.3203,3123.69378899
2026-08-24T00:00:00Z,MLNUSD,1.3164,1.3280,1.2920,1.3165,7201.33166968
2026-08-25T00:00:00Z,MLNUSD,1.3126,1.3279,1.2540,1.2987,4379.36386908
2026-08-26T00:00:00Z,MLNUSD,1.3035,1.3055,1.2423,1.2827,4209.01589871
2026-08-27T00:00:00Z,MLNUSD,1.2876,1.3063,1.2615,1.3063,2693.32953964
2026-08-28T00:00:00Z,MLNUSD,1.2964,1.3028,1.2490,1.2990,2771.96282137
2026-08-29T00:00:00Z,MLNUSD,1.2956,1.2999,1.2490,1.2540,4049.19044783
2026-08-30T00:00:00Z,MLNUSD,1.2540,1.3280,1.2377,1.2932,7499.96390542
2026-08-31T00:00:00Z,MLNUSD,1.2931,1.3078,1.2380,1.2430,3064.23538060
2026-09-01T00:00:00Z,MLNUSD,1.2431,2.2626,1.2418,1.7085,268481.40958080
2026-09-02T00:00:00Z,MLNUSD,1.7084,2.2900,1.3501,1.4471,215975.95056928
2026-09-03T00:00:00Z,MLNUSD,1.4326,1.4399,1.3333,1.4027,40186.95865264
2026-09-04T00:00:00Z,MLNUSD,1.4002,1.6202,1.3600,1.3690,66940.74883485
2026-09-05T00:00:00Z,MLNUSD,1.3600,1.5394,1.3166,1.3958,34737.56907768
2026-09-06T00:00:00Z,MLNUSD,1.3801,1.6690,1.3400,1.4398,60470.81646004
2026-09-07T00:00:00Z,MLNUSD,1.4559,1.5514,1.3977,1.4068,19239.97196843
2026-09-08T00:00:00Z,MLNUSD,1.4071,1.4592,1.3601,1.4042,10895.93866177
2026-09-09T00:00:00Z,MLNUSD,1.3981,1.4733,1.3538,1.3873,19277.36142256
2026-09-10T00:00:00Z,MLNUSD,1.3784,1.6081,1.3532,1.3781,21928.83733637
2026-09-11T00:00:00Z,MLNUSD,1.3825,1.5134,1.3279,1.3466,19310.63830901
2026-09-12T00:00:00Z,MLNUSD,1.3455,1.4238,1.3454,1.3621,1484.13371853
2026-09-13T00:00:00Z,MLNUSD,1.3630,1.3949,1.3400,1.3400,2653.96692416
2026-09-14T00:00:00Z,MLNUSD,1.3418,1.3745,1.3400,1.3431,4638.67767700
2026-09-15T00:00:00Z,MLNUSD,1.3401,1.4087,1.3275,1.3301,4760.65199179
2026-09-16T00:00:00Z,MLNUSD,1.3413,1.3635,1.2686,1.2749,8060.69017729
2026-09-17T00:00:00Z,MLNUSD,1.2962,1.3497,1.2650,1.3195,5638.24157606
2026-09-18T00:00:00Z,MLNUSD,1.3184,1.3750,1.2869,1.3387,5697.03231677
2026-09-19T00:00:00Z,MLNUSD,1.3383,1.3900,1.3256,1.3415,4744.63672598
2026-09-20T00:00:00Z,MLNUSD,1.3416,1.3952,1.2931,1.3598,5464.70570250
2026-09-21T00:00:00Z,MLNUSD,1.3887,1.4178,1.3550,1.3967,9273.59303710
2026-09-22T00:00:00Z,MLNUSD,1.4015,1.8825,1.4015,1.5696,38660.95564763
2026-09-23T00:00:00Z,MLNUSD,1.5701,1.6839,1.4315,1.4635,13396.81261141
2026-09-24T00:00:00Z,MLNUSD,1.4631,1.5529,1.3553,1.4898,14895.49119016
2026-09-25T00:00:00Z,MLNUSD,1.4727,1.5530,1.4709,1.5014,5048.93575873
2026-09-26T00:00:00Z,MLNUSD,1.4996,1.6000,1.4472,1.5603,5722.47138535
2026-09-27T00:00:00Z,MLNUSD,1.5557,1.7000,1.5075,1.5547,13654.81881115
