timestamp,symbol,open,high,low,close,volume
2020-06-02T00:00:00Z,OXTUSD,0.32,0.33,0.1985,0.20334,1038132.7725671
2020-06-03T00:00:00Z,OXTUSD,0.19856,0.20805,0.19711,0.20111,434396.80857169017
2020-06-04T00:00:00Z,OXTUSD,0.20138,0.20997,0.14,0.20144,459377.08070679003
2020-06-05T00:00:00Z,OXTUSD,0.20192,0.20999,0.1959,0.19945,367798.25857857004
2020-06-06T00:00:00Z,OXTUSD,0.19941,0.20081,0.19693,0.19898,45836.456941280005
2020-06-07T00:00:00Z,OXTUSD,0.19901,0.2003,0.1937,0.19579,41819.55072183
2020-06-08T00:00:00Z,OXTUSD,0.1972,0.19907,0.19468,0.19537,76647.72332776
2020-06-09T00:00:00Z,OXTUSD,0.19639,0.19999,0.18998,0.19374,226120.70667877994
2020-06-10T00:00:00Z,OXTUSD,0.19441,0.1973,0.19099,0.19428,214065.40109327997
2020-06-11T00:00:00Z,OXTUSD,0.19417,0.19639,0.18,0.18072,349555.62659696
2020-06-12T00:00:00Z,OXTUSD,0.18,0.18596,0.17913,0.18384,245473.94883875005
2020-06-13T00:00:00Z,OXTUSD,0.18456,0.19007,0.18333,0.18389,213251.39419658994
2020-06-14T00:00:00Z,OXTUSD,0.18496,0.18601,0.17898,0.18003,125666.46894646998
2020-06-15T00:00:00Z,OXTUSD,0.18033,0.1805,0.16791,0.17756,534310.1165197
2020-06-16T00:00:00Z,OXTUSD,0.17782,0.2,0.17637,0.18663,654015.4730705499
2020-06-17T00:00:00Z,OXTUSD,0.187,0.19276,0.17822,0.18187,363581.34270056
2020-06-18T00:00:00Z,OXTUSD,0.18257,0.2167,0.17961,0.18145,321389.0837906602
2020-06-19T00:00:00Z,OXTUSD,0.18098,0.18154,0.178,0.17906,191684.55110177002
2020-06-20T00:00:00Z,OXTUSD,0.17842,0.18089,0.17472,0.17576,176166.51778699004
2020-06-21T00:00:00Z,OXTUSD,0.1758,0.18394,0.17497,0.1816,295269.9138531499
2020-06-22T00:00:00Z,OXTUSD,0.18146,0.18256,0.17796,0.18115,317572.4188715501
2020-06-23T00:00:00Z,OXTUSD,0.181,0.1823,0.17707,0.17896,114873.66274248999
2020-06-24T00:00:00Z,OXTUSD,0.17854,0.17877,0.17111,0.17366,128018.74177674002
2020-06-25T00:00:00Z,OXTUSD,0.17284,0.17416,0.16584,0.1697,423679.59868796007
2020-06-26T00:00:00Z,OXTUSD,0.16881,0.17435,0.16565,0.1659,128698.68580268003
2020-06-27T00:00:00Z,OXTUSD,0.16454,0.16593,0.15299,0.15578,233902.21357386984
2020-06-28T00:00:00Z,OXTUSD,0.15629,0.16354,0.15321,0.16256,157416.46692069998
2020-06-29T00:00:00Z,OXTUSD,0.16156,0.16637,0.16085,0.1638,87752.16025163005
2020-06-30T00:00:00Z,OXTUSD,0.16338,0.16338,0.15527,0.15576,65846.89707926003
2020-07-01T00:00:00Z,OXTUSD,0.15729,0.16215,0.15401,0.15674,141171.48595953002
2020-07-02T00:00:00Z,OXTUSD,0.15567,0.15826,0.15062,0.15204,76046.58122736002
2020-07-03T00:00:00Z,OXTUSD,0.15204,0.15498,0.14993,0.15063,171512.11715264985
2020-07-04T00:00:00Z,OXTUSD,0.15086,0.15779,0.14897,0.15536,127980.64588981
2020-07-05T00:00:00Z,OXTUSD,0.15475,0.15566,0.151,0.15237,60521.029875110034
2020-07-06T00:00:00Z,OXTUSD,0.15168,0.16999,0.15134,0.16127,307610.4624201498
2020-07-07T00:00:00Z,OXTUSD,0.16097,0.16628,0.15409,0.15751,123461.56377938
2020-07-08T00:00:00Z,OXTUSD,0.15734,0.255,0.155,0.17078,928226.57647832
2020-07-09T00:00:00Z,OXTUSD,0.1712,0.18434,0.16756,0.16911,656814.9224900695
2020-07-10T00:00:00Z,OXTUSD,0.16838,0.17154,0.16415,0.16822,229896.5476643998
2020-07-11T00:00:00Z,OXTUSD,0.17136,0.1799,0.1633,0.16905,271817.16320858983
2020-07-12T00:00:00Z,OXTUSD,0.17004,0.17874,0.17004,0.1767,749158.801697751
2020-07-13T00:00:00Z,OXTUSD,0.17635,0.22,0.17503,0.19608,1576147.4543354989
2020-07-14T00:00:00Z,OXTUSD,0.1972,0.207,0.18224,0.19531,969853.5507522407
2020-07-15T00:00:00Z,OXTUSD,0.19438,0.2142,0.19108,0.19154,621075.8599525195
2020-07-16T00:00:00Z,OXTUSD,0.19211,0.1952,0.18198,0.18301,880300.998782329
2020-07-17T00:00:00Z,OXTUSD,0.18492,0.1948,0.18316,0.18645,246915.75910346
2020-07-18T00:00:00Z,OXTUSD,0.18669,0.18854,0.18312,0.18644,106821.1771102
2020-07-19T00:00:00Z,OXTUSD,0.18742,0.18742,0.18001,0.18332,350352.76688153023
2020-07-20T00:00:00Z,OXTUSD,0.18462,0.18597,0.17755,0.18051,146639.30835338996
2020-07-21T00:00:00Z,OXTUSD,0.1814,0.19026,0.17718,0.18252,329266.9156811899
2020-07-22T00:00:00Z,OXTUSD,0.18347,0.18705,0.18113,0.18399,71507.47638564
2020-07-23T00:00:00Z,OXTUSD,0.18411,0.19114,0.18297,0.18638,256423.09705221988
2020-07-24T00:00:00Z,OXTUSD,0.18668,0.18954,0.18183,0.18284,212935.30512905002
2020-07-25T00:00:00Z,OXTUSD,0.18286,0.18501,0.18027,0.18056,291024.32049687003
2020-07-26T00:00:00Z,OXTUSD,0.18096,0.19573,0.18096,0.18304,305172.4577007898
2020-07-27T00:00:00Z,OXTUSD,0.18368,0.18376,0.161,0.16997,874583.0499318204
2020-07-28T00:00:00Z,OXTUSD,0.16981,0.18084,0.16848,0.17415,395946.68199458986
2020-07-29T00:00:00Z,OXTUSD,0.17404,0.18866,0.17124,0.17844,338833.70766162005
2020-07-30T00:00:00Z,OXTUSD,0.18185,0.18445,0.17577,0.17915,303924.5767996799
2020-07-31T00:00:00Z,OXTUSD,0.17916,0.18035,0.17498,0.17619,115388.81707282
2020-08-01T00:00:00Z,OXTUSD,0.17776,0.18466,0.17359,0.18205,233145.76579228992
2020-08-02T00:00:00Z,OXTUSD,0.18187,0.18711,0.162,0.17459,574842.8031993102
2020-08-03T00:00:00Z,OXTUSD,0.17315,0.17798,0.17273,0.17545,376773.1969196499
2020-08-04T00:00:00Z,OXTUSD,0.17589,0.183,0.17199,0.17274,293021.3906662701
2020-08-05T00:00:00Z,OXTUSD,0.17227,0.17584,0.17045,0.1721,151624.06008218997
2020-08-06T00:00:00Z,OXTUSD,0.17278,0.1741,0.17053,0.17204,396308.26620091987
2020-08-07T00:00:00Z,OXTUSD,0.17201,0.17895,0.16729,0.17322,437297.4834968702
2020-08-08T00:00:00Z,OXTUSD,0.1738,0.18035,0.17142,0.17815,601912.0901059202
2020-08-09T00:00:00Z,OXTUSD,0.17824,0.19447,0.1748,0.19433,807958.1325576098
2020-08-10T00:00:00Z,OXTUSD,0.19402,0.21441,0.17808,0.19974,1356877.2373498287
2020-08-11T00:00:00Z,OXTUSD,0.19967,0.205,0.181,0.18528,2719136.1273330636
2020-08-12T00:00:00Z,OXTUSD,0.18439,0.2205,0.18253,0.20363,1383107.9648926314
2020-08-13T00:00:00Z,OXTUSD,0.20367,0.21779,0.19304,0.20168,1222106.86078481
2020-08-14T00:00:00Z,OXTUSD,0.20202,0.282,0.19662,0.26718,2804232.202006713
2020-08-15T00:00:00Z,OXTUSD,0.26757,0.455,0.24301,0.4336,4578277.428732218
2020-08-16T00:00:00Z,OXTUSD,0.42962,0.98,0.40981,0.70593,10405746.112172041
2020-08-17T00:00:00Z,OXTUSD,0.70593,0.7789,0.51422,0.5841,5800044.750556345
2020-08-18T00:00:00Z,OXTUSD,0.5827,0.64058,0.46683,0.57188,3769170.8720822143
2020-08-19T00:00:00Z,OXTUSD,0.56861,0.5995,0.49472,0.54614,1738912.179023777
2020-08-20T00:00:00Z,OXTUSD,0.54131,0.57,0.48551,0.49542,1501049.9548472892
2020-08-21T00:00:00Z,OXTUSD,0.49575,0.595,0.46358,0.51302,4152749.242166849
2020-08-22T00:00:00Z,OXTUSD,0.5125,0.57788,0.49684,0.50317,2459504.4686003528
2020-08-23T00:00:00Z,OXTUSD,0.50473,0.5698,0.50412,0.51094,1221589.71898422
2020-08-24T00:00:00Z,OXTUSD,0.5099,0.51414,0.4121,0.48352,1319384.685160569
2020-08-25T00:00:00Z,OXTUSD,0.48109,0.50209,0.41282,0.43709,2195710.6643036753
2020-08-26T00:00:00Z,OXTUSD,0.43835,0.47145,0.42061,0.43896,826047.7733598815
2020-08-27T00:00:00Z,OXTUSD,0.43731,0.45125,0.40144,0.408,1151650.2545068802
2020-08-28T00:00:00Z,OXTUSD,0.40591,0.529,0.40151,0.47931,2890329.886901122
2020-08-29T00:00:00Z,OXTUSD,0.48,0.57,0.45464,0.49276,2335300.2436594907
2020-08-30T00:00:00Z,OXTUSD,0.49308,0.4943,0.4627,0.46876,562482.7635409597
2020-08-31T00:00:00Z,OXTUSD,0.46887,0.47689,0.45194,0.45832,911639.4999375904
2020-09-01T00:00:00Z,OXTUSD,0.45817,0.47021,0.43484,0.45252,1112386.7596286999
2020-09-02T00:00:00Z,OXTUSD,0.45168,0.45448,0.41,0.41891,2365506.2077875347
2020-09-03T00:00:00Z,OXTUSD,0.41963,0.42056,0.32,0.33,4605201.888308665
2020-09-04T00:00:00Z,OXTUSD,0.33106,0.39793,0.31222,0.36313,6816190.399829058
2020-09-05T00:00:00Z,OXTUSD,0.36313,0.38985,0.30923,0.32957,2771299.3699963083
2020-09-06T00:00:00Z,OXTUSD,0.32895,0.35999,0.31081,0.34569,2406186.891745042
2020-09-07T00:00:00Z,OXTUSD,0.34651,0.35456,0.31481,0.33793,1773679.3559146835
2020-09-08T00:00:00Z,OXTUSD,0.338,0.36833,0.32523,0.33848,2556636.4202439943
2020-09-09T00:00:00Z,OXTUSD,0.338,0.355,0.33006,0.34614,1825002.5055748664
2020-09-10T00:00:00Z,OXTUSD,0.34655,0.37055,0.34051,0.3533,1457307.5579041701
2020-09-11T00:00:00Z,OXTUSD,0.35302,0.35626,0.33586,0.35019,1036465.030274858
2020-09-12T00:00:00Z,OXTUSD,0.34906,0.35004,0.34236,0.3489,473782.5715940306
2020-09-13T00:00:00Z,OXTUSD,0.34839,0.35998,0.33729,0.34055,535669.102817441
2020-09-14T00:00:00Z,OXTUSD,0.34055,0.34731,0.33202,0.3408,749976.5096481602
2020-09-15T00:00:00Z,OXTUSD,0.34142,0.35,0.31494,0.323,1359016.9762644293
2020-09-16T00:00:00Z,OXTUSD,0.32314,0.32986,0.31337,0.32099,733373.8476261491
2020-09-17T00:00:00Z,OXTUSD,0.32109,0.33518,0.285,0.29792,1169523.71127757
2020-09-18T00:00:00Z,OXTUSD,0.29528,0.29825,0.25796,0.26808,1629275.1811497395
2020-09-19T00:00:00Z,OXTUSD,0.26736,0.29899,0.26423,0.28913,1470296.0909866788
2020-09-20T00:00:00Z,OXTUSD,0.28958,0.28982,0.26554,0.27461,1311592.6859093565
2020-09-21T00:00:00Z,OXTUSD,0.27461,0.48766,0.27461,0.36135,11488730.954864727
2020-09-22T00:00:00Z,OXTUSD,0.36111,0.37477,0.27645,0.29645,2332873.9367417493
2020-09-23T00:00:00Z,OXTUSD,0.29884,0.30901,0.2595,0.2615,1275798.58057037
2020-09-24T00:00:00Z,OXTUSD,0.26164,0.335,0.25872,0.30124,1452397.9834289893
2020-09-25T00:00:00Z,OXTUSD,0.30346,0.33007,0.28457,0.30081,1592067.5795485976
2020-09-26T00:00:00Z,OXTUSD,0.29972,0.30709,0.29218,0.30709,687704.6664534683
2020-09-27T00:00:00Z,OXTUSD,0.30671,0.30795,0.28721,0.2944,530939.17343685
2020-09-28T00:00:00Z,OXTUSD,0.29473,0.3498,0.2934,0.31458,2156423.6012316095
2020-09-29T00:00:00Z,OXTUSD,0.31297,0.31784,0.28005,0.29935,1966582.0090175907
2020-09-30T00:00:00Z,OXTUSD,0.29948,0.3221,0.28,0.29001,1893686.0574685105
2020-10-01T00:00:00Z,OXTUSD,0.28944,0.30247,0.27778,0.28273,1147712.8014075
2020-10-02T00:00:00Z,OXTUSD,0.28182,0.28256,0.25952,0.27216,2185377.0629156856
2020-10-03T00:00:00Z,OXTUSD,0.27157,0.27918,0.26649,0.26951,709228.50550607
2020-10-04T00:00:00Z,OXTUSD,0.27034,0.27081,0.26039,0.26261,895638.0168896487
2020-10-05T00:00:00Z,OXTUSD,0.26316,0.28531,0.26137,0.26618,1399110.4638523401
2020-10-06T00:00:00Z,OXTUSD,0.26919,0.27732,0.24112,0.24591,1503203.5681630843
2020-10-07T00:00:00Z,OXTUSD,0.24591,0.25456,0.23521,0.25062,1294938.4851045115
2020-10-08T00:00:00Z,OXTUSD,0.25062,0.25891,0.24133,0.2509,983571.9608894192
2020-10-09T00:00:00Z,OXTUSD,0.25124,0.27874,0.2493,0.27323,1451590.5727291116
2020-10-10T00:00:00Z,OXTUSD,0.27314,0.28707,0.2664,0.26853,1875152.76490977
2020-10-11T00:00:00Z,OXTUSD,0.268,0.273,0.26173,0.26792,593727.3626975499
2020-10-12T00:00:00Z,OXTUSD,0.26792,0.27924,0.26473,0.27127,466271.6584638196
2020-10-13T00:00:00Z,OXTUSD,0.27016,0.27352,0.2592,0.26393,374701.21451538056
2020-10-14T00:00:00Z,OXTUSD,0.26393,0.26834,0.25138,0.25683,566685.8393830892
2020-10-15T00:00:00Z,OXTUSD,0.25683,0.25683,0.242,0.24828,581256.8119091296
2020-10-16T00:00:00Z,OXTUSD,0.24574,0.2551,0.24087,0.25053,515485.65018209966
2020-10-17T00:00:00Z,OXTUSD,0.24885,0.25288,0.24178,0.24705,281737.6267605999
2020-10-18T00:00:00Z,OXTUSD,0.24664,0.25044,0.24429,0.24737,87444.22983142002
2020-10-19T00:00:00Z,OXTUSD,0.24828,0.249,0.24128,0.24128,440065.6550299097
2020-10-20T00:00:00Z,OXTUSD,0.24114,0.24393,0.22352,0.22662,837850.7526036996
2020-10-21T00:00:00Z,OXTUSD,0.22678,0.24699,0.22647,0.23431,419973.4064610501
2020-10-22T00:00:00Z,OXTUSD,0.23474,0.25576,0.23395,0.24305,509441.8179152604
2020-10-23T00:00:00Z,OXTUSD,0.24216,0.25091,0.24118,0.24334,153194.85816019
2020-10-24T00:00:00Z,OXTUSD,0.24388,0.25,0.24144,0.24392,118096.25235956999
2020-10-25T00:00:00Z,OXTUSD,0.24366,0.2708,0.24366,0.25432,493423.7978045097
2020-10-26T00:00:00Z,OXTUSD,0.25356,0.25674,0.23773,0.24873,646599.55141958
2020-10-27T00:00:00Z,OXTUSD,0.24952,0.25,0.23917,0.23917,689993.3389193503
2020-10-28T00:00:00Z,OXTUSD,0.238,0.24598,0.22316,0.22766,944294.6069954195
2020-10-29T00:00:00Z,OXTUSD,0.22814,0.23016,0.21018,0.21324,505781.43812724017
2020-10-30T00:00:00Z,OXTUSD,0.21454,0.21793,0.2053,0.21254,314587.04444691975
2020-10-31T00:00:00Z,OXTUSD,0.20999,0.2181,0.20999,0.2181,319891.7070613901
2020-11-01T00:00:00Z,OXTUSD,0.21801,0.22447,0.20526,0.21018,635744.2998428202
2020-11-02T00:00:00Z,OXTUSD,0.2113,0.21532,0.20707,0.20833,214856.64877537003
2020-11-03T00:00:00Z,OXTUSD,0.20833,0.22126,0.198,0.20211,740829.9831653496
2020-11-04T00:00:00Z,OXTUSD,0.20103,0.20679,0.197,0.20081,77969.73484373001
2020-11-05T00:00:00Z,OXTUSD,0.20083,0.20989,0.19935,0.20287,282088.31091426
2020-11-06T00:00:00Z,OXTUSD,0.20346,0.24,0.20321,0.23435,958015.0519340601
2020-11-07T00:00:00Z,OXTUSD,0.23473,0.24333,0.21068,0.21613,1018427.6416913507
2020-11-08T00:00:00Z,OXTUSD,0.21515,0.24002,0.21435,0.2244,579595.2965141002
2020-11-09T00:00:00Z,OXTUSD,0.22619,0.22982,0.21681,0.21985,424707.09086129995
2020-11-10T00:00:00Z,OXTUSD,0.21911,0.23826,0.21777,0.23352,821571.4912650804
2020-11-11T00:00:00Z,OXTUSD,0.23254,0.23963,0.22828,0.23321,337045.7464290101
2020-11-12T00:00:00Z,OXTUSD,0.23383,0.23383,0.22139,0.22424,681129.6776689909
2020-11-13T00:00:00Z,OXTUSD,0.22396,0.2379,0.2236,0.23337,505547.2201220698
2020-11-14T00:00:00Z,OXTUSD,0.23352,0.23353,0.22259,0.22587,380489.6093248501
2020-11-15T00:00:00Z,OXTUSD,0.22519,0.23004,0.21766,0.22202,236266.24991604
2020-11-16T00:00:00Z,OXTUSD,0.2206,0.22859,0.21547,0.2256,455006.26908896986
2020-11-17T00:00:00Z,OXTUSD,0.22466,0.22876,0.22072,0.22528,491402.23684104014
2020-11-18T00:00:00Z,OXTUSD,0.22622,0.27628,0.2229,0.26404,3507681.0556874615
2020-11-19T00:00:00Z,OXTUSD,0.26367,0.26406,0.241,0.2485,982775.8183275599
2020-11-20T00:00:00Z,OXTUSD,0.24814,0.25226,0.24002,0.24629,1394743.2491167018
2020-11-21T00:00:00Z,OXTUSD,0.24481,0.268,0.24316,0.25855,1516403.8706640687
2020-11-22T00:00:00Z,OXTUSD,0.25694,0.26795,0.24472,0.25115,1649701.99335868
2020-11-23T00:00:00Z,OXTUSD,0.24982,0.339,0.246,0.30889,6148733.157825235
2020-11-24T00:00:00Z,OXTUSD,0.30889,0.378,0.30086,0.33462,4888013.830529142
2020-11-25T00:00:00Z,OXTUSD,0.33356,0.35332,0.2949,0.30855,1854805.3569856195
2020-11-26T00:00:00Z,OXTUSD,0.30487,0.30952,0.256,0.2686,1811954.8200585993
2020-11-27T00:00:00Z,OXTUSD,0.26701,0.27564,0.2573,0.26965,621870.5152478599
2020-11-28T00:00:00Z,OXTUSD,0.27011,0.30584,0.26441,0.29776,1126130.734369129
2020-11-29T00:00:00Z,OXTUSD,0.29702,0.32319,0.29069,0.31279,903975.6465443599
2020-11-30T00:00:00Z,OXTUSD,0.31206,0.31725,0.29981,0.31725,870515.8431850999
2020-12-01T00:00:00Z,OXTUSD,0.31504,0.31504,0.28613,0.28986,681338.887891431
2020-12-02T00:00:00Z,OXTUSD,0.28987,0.30038,0.28467,0.295,762452.25148614
2020-12-03T00:00:00Z,OXTUSD,0.29671,0.31113,0.29055,0.29742,679765.40411427
2020-12-04T00:00:00Z,OXTUSD,0.29761,0.34672,0.2867,0.30873,3282838.711691761
2020-12-05T00:00:00Z,OXTUSD,0.30747,0.34216,0.30103,0.30936,1909160.4480978788
2020-12-06T00:00:00Z,OXTUSD,0.30788,0.31558,0.3001,0.30431,671505.4840966099
2020-12-07T00:00:00Z,OXTUSD,0.30463,0.31546,0.299,0.30297,453090.19597762
2020-12-08T00:00:00Z,OXTUSD,0.30211,0.32784,0.27831,0.28304,1940548.5259888596
2020-12-09T00:00:00Z,OXTUSD,0.28039,0.29161,0.2628,0.27603,1772483.5517238178
2020-12-10T00:00:00Z,OXTUSD,0.27532,0.2769,0.24993,0.25287,986875.0878184506
2020-12-11T00:00:00Z,OXTUSD,0.25403,0.25995,0.246,0.24723,701251.1107359709
2020-12-12T00:00:00Z,OXTUSD,0.24697,0.26806,0.24549,0.25913,536989.6411882004
2020-12-13T00:00:00Z,OXTUSD,0.26228,0.26785,0.25542,0.26074,363560.9308628799
2020-12-14T00:00:00Z,OXTUSD,0.26073,0.26364,0.25367,0.25671,209357.23283301003
2020-12-15T00:00:00Z,OXTUSD,0.25588,0.26717,0.25233,0.25485,361859.20543104
2020-12-16T00:00:00Z,OXTUSD,0.2529,0.26752,0.2491,0.26435,620669.9368749199
2020-12-17T00:00:00Z,OXTUSD,0.26785,0.2744,0.25183,0.25799,852554.9697947298
2020-12-18T00:00:00Z,OXTUSD,0.25741,0.2614,0.25297,0.258,532413.9939530998
2020-12-19T00:00:00Z,OXTUSD,0.25771,0.25771,0.25012,0.25463,563356.62700562
2020-12-20T00:00:00Z,OXTUSD,0.25147,0.27663,0.24039,0.2686,870716.2962934908
2020-12-21T00:00:00Z,OXTUSD,0.26609,0.42737,0.25105,0.2676,7650268.313674153
2020-12-22T00:00:00Z,OXTUSD,0.26495,0.27452,0.25,0.26006,2009222.6353272807
2020-12-23T00:00:00Z,OXTUSD,0.25889,0.25889,0.212,0.22566,1758610.5612903372
2020-12-24T00:00:00Z,OXTUSD,0.22346,0.24881,0.21641,0.23924,1187508.4358669692
2020-12-25T00:00:00Z,OXTUSD,0.24176,0.24316,0.22928,0.23611,558909.5594538598
2020-12-26T00:00:00Z,OXTUSD,0.23429,0.2395,0.22293,0.23044,722790.3190562
2020-12-27T00:00:00Z,OXTUSD,0.23221,0.283,0.2315,0.23721,3853347.575308449
2020-12-28T00:00:00Z,OXTUSD,0.23721,0.25238,0.2352,0.23879,1427924.5281232994
2020-12-29T00:00:00Z,OXTUSD,0.23711,0.24225,0.22275,0.23121,971696.9052033005
2020-12-30T00:00:00Z,OXTUSD,0.23049,0.2433,0.22779,0.2314,1104306.3346004807
2020-12-31T00:00:00Z,OXTUSD,0.23052,0.2338,0.222,0.22308,619224.90366873
2021-01-01T00:00:00Z,OXTUSD,0.224,0.24037,0.224,0.23186,463294.45433287026
2021-01-02T00:00:00Z,OXTUSD,0.23191,0.24663,0.22807,0.2325,2005291.7037294398
2021-01-03T00:00:00Z,OXTUSD,0.23313,0.23377,0.22137,0.23118,3378780.839674746
2021-01-04T00:00:00Z,OXTUSD,0.23315,0.25967,0.22446,0.23343,2768851.3647532985
2021-01-05T00:00:00Z,OXTUSD,0.23452,0.268,0.23196,0.2576,2997446.6264568185
2021-01-06T00:00:00Z,OXTUSD,0.2582,0.30668,0.25,0.28184,3384768.509345488
2021-01-07T00:00:00Z,OXTUSD,0.28493,0.31228,0.26981,0.28344,2366310.066736732
2021-01-08T00:00:00Z,OXTUSD,0.28468,0.2893,0.25673,0.27111,1445667.8008525197
2021-01-09T00:00:00Z,OXTUSD,0.27063,0.31848,0.215,0.31848,4072470.288944912
2021-01-10T00:00:00Z,OXTUSD,0.31848,0.32741,0.26464,0.29129,2400786.994268757
2021-01-11T00:00:00Z,OXTUSD,0.28786,0.28896,0.22656,0.25006,1433717.5329343881
2021-01-12T00:00:00Z,OXTUSD,0.25136,0.29,0.2235,0.25137,1385372.1674861002
2021-01-13T00:00:00Z,OXTUSD,0.25037,0.2754,0.24165,0.26592,529324.9382553298
2021-01-14T00:00:00Z,OXTUSD,0.26497,0.27871,0.25707,0.26337,1141730.59184979
2021-01-15T00:00:00Z,OXTUSD,0.26597,0.27173,0.24801,0.26604,607324.00215968
2021-01-16T00:00:00Z,OXTUSD,0.2633,0.29744,0.2633,0.27975,1782382.6109225566
2021-01-17T00:00:00Z,OXTUSD,0.27699,0.31485,0.26824,0.3021,1715204.6360739307
2021-01-18T00:00:00Z,OXTUSD,0.30264,0.3389,0.29785,0.31834,2469433.8313567564
2021-01-19T00:00:00Z,OXTUSD,0.31798,0.33074,0.29327,0.2945,1497793.0757569394
2021-01-20T00:00:00Z,OXTUSD,0.29267,0.29935,0.27922,0.298,661316.35558536
2021-01-21T00:00:00Z,OXTUSD,0.29818,0.31298,0.25235,0.27268,1411064.8250628891
2021-01-22T00:00:00Z,OXTUSD,0.2695,0.31082,0.25334,0.28697,1579225.7019493086
2021-01-23T00:00:00Z,OXTUSD,0.28605,0.30991,0.28453,0.29917,996122.22595075
2021-01-24T00:00:00Z,OXTUSD,0.29817,0.31136,0.29175,0.29572,816613.9420710893
2021-01-25T00:00:00Z,OXTUSD,0.29427,0.327,0.28607,0.29492,2022945.9633278311
2021-01-26T00:00:00Z,OXTUSD,0.2939,0.30051,0.2839,0.29717,497322.2364386601
2021-01-27T00:00:00Z,OXTUSD,0.29672,0.29672,0.26306,0.26875,921826.5828523801
2021-01-28T00:00:00Z,OXTUSD,0.26875,0.28828,0.26752,0.28385,812164.0179340496
2021-01-29T00:00:00Z,OXTUSD,0.28266,0.302,0.27427,0.28485,2100087.380914829
2021-01-30T00:00:00Z,OXTUSD,0.28618,0.3091,0.27665,0.29917,1374385.4098188917
2021-01-31T00:00:00Z,OXTUSD,0.29903,0.32539,0.28788,0.30721,3267855.441382796
2021-02-01T00:00:00Z,OXTUSD,0.30664,0.38533,0.29321,0.35109,7449073.67324996
2021-02-02T00:00:00Z,OXTUSD,0.34992,0.36383,0.33128,0.3453,3373403.592272621
2021-02-03T00:00:00Z,OXTUSD,0.3453,0.36479,0.33703,0.34971,2371846.7072460507
2021-02-04T00:00:00Z,OXTUSD,0.35002,0.436,0.35,0.40682,6912157.434930133
2021-02-05T00:00:00Z,OXTUSD,0.40363,0.48854,0.3925,0.45013,4737851.452185438
2021-02-06T00:00:00Z,OXTUSD,0.44901,0.45485,0.38394,0.40613,4168007.45522537
2021-02-07T00:00:00Z,OXTUSD,0.40484,0.43,0.389,0.405,2082372.0327718747
2021-02-08T00:00:00Z,OXTUSD,0.40254,0.43479,0.40145,0.42376,3112747.935582971
2021-02-09T00:00:00Z,OXTUSD,0.42544,0.47041,0.41737,0.46272,3655894.5568031413
2021-02-10T00:00:00Z,OXTUSD,0.4629,0.47605,0.41133,0.45169,3576278.2947873888
2021-02-11T00:00:00Z,OXTUSD,0.45146,0.585,0.43824,0.53395,4311810.260092963
2021-02-12T00:00:00Z,OXTUSD,0.53224,0.78999,0.51516,0.70509,7191468.13246699
2021-02-13T00:00:00Z,OXTUSD,0.70368,0.74745,0.58188,0.67545,4935589.482461353
2021-02-14T00:00:00Z,OXTUSD,0.67672,0.68721,0.59121,0.63797,2628633.2065044376
2021-02-15T00:00:00Z,OXTUSD,0.63431,0.72438,0.5111,0.61867,4858112.416743516
2021-02-16T00:00:00Z,OXTUSD,0.61993,0.64838,0.55721,0.59502,2373294.85096315
2021-02-17T00:00:00Z,OXTUSD,0.603,0.64267,0.55005,0.60514,2079278.696451027
2021-02-18T00:00:00Z,OXTUSD,0.61255,0.63911,0.58346,0.61618,1439995.6119244478
2021-02-19T00:00:00Z,OXTUSD,0.6121,0.66938,0.5775,0.65207,3143049.6326413294
2021-02-20T00:00:00Z,OXTUSD,0.65207,0.67609,0.58001,0.60595,2307496.9525956395
2021-02-21T00:00:00Z,OXTUSD,0.6014,0.73999,0.6014,0.67876,6165592.047655836
2021-02-22T00:00:00Z,OXTUSD,0.6779,0.67875,0.5,0.59818,5531608.6600445025
2021-02-23T00:00:00Z,OXTUSD,0.59262,0.59339,0.44707,0.48586,4586828.612270983
2021-02-24T00:00:00Z,OXTUSD,0.49221,0.55015,0.47149,0.50553,2038977.4588301296
2021-02-25T00:00:00Z,OXTUSD,0.50646,0.52836,0.45722,0.46044,1891766.5246585612
2021-02-26T00:00:00Z,OXTUSD,0.46741,0.48285,0.42092,0.45647,1271470.8955530494
2021-02-27T00:00:00Z,OXTUSD,0.45927,0.4948,0.45007,0.4713,1800378.53703991
2021-02-28T00:00:00Z,OXTUSD,0.46505,0.48218,0.42861,0.45147,1537469.6547895903
2021-03-01T00:00:00Z,OXTUSD,0.45574,0.502,0.44991,0.4916,1350835.3664425602
2021-03-02T00:00:00Z,OXTUSD,0.4937,0.50625,0.45887,0.48081,2116664.466459999
2021-03-03T00:00:00Z,OXTUSD,0.47703,0.5287,0.47277,0.5125,1293484.3053179202
2021-03-04T00:00:00Z,OXTUSD,0.50631,0.52016,0.46771,0.48331,737016.5591817
2021-03-05T00:00:00Z,OXTUSD,0.47355,0.47939,0.45313,0.46895,1940619.7272022907
2021-03-06T00:00:00Z,OXTUSD,0.47445,0.48519,0.45902,0.47004,541556.9310581901
2021-03-07T00:00:00Z,OXTUSD,0.47263,0.50838,0.47263,0.50062,754298.5939150403
2021-03-08T00:00:00Z,OXTUSD,0.50139,0.52356,0.48859,0.51934,907559.2215967696
2021-03-09T00:00:00Z,OXTUSD,0.52,0.59487,0.51147,0.57549,2616554.920353813
2021-03-10T00:00:00Z,OXTUSD,0.57181,0.59298,0.53,0.55128,1375381.6192440193
2021-03-11T00:00:00Z,OXTUSD,0.54272,0.77,0.54272,0.625,6499344.956448013
2021-03-12T00:00:00Z,OXTUSD,0.62917,0.66505,0.55,0.60492,2603263.7512330245
2021-03-13T00:00:00Z,OXTUSD,0.59535,0.64,0.56666,0.61629,1445696.5429708695
2021-03-14T00:00:00Z,OXTUSD,0.61618,0.67,0.59964,0.62561,2364641.0815522573
2021-03-15T00:00:00Z,OXTUSD,0.62524,0.66248,0.592,0.62204,2102575.21712518
2021-03-16T00:00:00Z,OXTUSD,0.6189,0.6189,0.57825,0.60519,1169258.2440365092
2021-03-17T00:00:00Z,OXTUSD,0.60632,0.62506,0.58763,0.6178,1317536.6352740284
2021-03-18T00:00:00Z,OXTUSD,0.62091,0.67199,0.61841,0.63076,2164979.70358852
2021-03-19T00:00:00Z,OXTUSD,0.62881,0.7513,0.62064,0.73869,3028475.5376325077
2021-03-20T00:00:00Z,OXTUSD,0.73663,0.91466,0.71628,0.78006,7224816.143486069
2021-03-21T00:00:00Z,OXTUSD,0.7814,0.85988,0.7278,0.82,3042191.5384472827
2021-03-22T00:00:00Z,OXTUSD,0.82152,0.82899,0.72673,0.72883,1490527.7262344414
2021-03-23T00:00:00Z,OXTUSD,0.72754,0.7696,0.58,0.66782,2298520.947370779
2021-03-24T00:00:00Z,OXTUSD,0.66214,0.71993,0.59682,0.60618,1274011.492555629
2021-03-25T00:00:00Z,OXTUSD,0.5982,0.63224,0.565,0.56611,1246603.7588567296
2021-03-26T00:00:00Z,OXTUSD,0.56782,0.7861,0.5569,0.7193,6266620.968228742
2021-03-27T00:00:00Z,OXTUSD,0.7274,0.78509,0.669,0.67,1493487.9505667
2021-03-28T00:00:00Z,OXTUSD,0.67236,0.69497,0.66045,0.6754,1189600.3437914192
2021-03-29T00:00:00Z,OXTUSD,0.67551,0.74,0.671,0.71479,2650647.538232281
2021-03-30T00:00:00Z,OXTUSD,0.71479,0.74261,0.54117,0.72357,1805092.946570152
2021-03-31T00:00:00Z,OXTUSD,0.72338,0.73897,0.67241,0.69989,1995470.6835318892
2021-04-01T00:00:00Z,OXTUSD,0.70008,0.7169,0.6117,0.70474,1564701.5663327302
2021-04-02T00:00:00Z,OXTUSD,0.70463,0.77652,0.68902,0.73057,2802989.8928862554
2021-04-03T00:00:00Z,OXTUSD,0.73355,0.75522,0.67,0.67716,1659287.9509561297
2021-04-04T00:00:00Z,OXTUSD,0.67373,0.8203,0.67143,0.81455,2921332.487029837
2021-04-05T00:00:00Z,OXTUSD,0.81909,0.99869,0.78027,0.83891,8647656.492398297
2021-04-06T00:00:00Z,OXTUSD,0.84065,0.85403,0.76866,0.816,2876168.6115290965
2021-04-07T00:00:00Z,OXTUSD,0.8126,0.817,0.70191,0.74731,1855667.368544781
2021-04-08T00:00:00Z,OXTUSD,0.74226,0.81858,0.72773,0.79292,1575957.142416393
2021-04-09T00:00:00Z,OXTUSD,0.79912,0.84717,0.7816,0.80788,1360739.4435403892
2021-04-10T00:00:00Z,OXTUSD,0.80079,0.83638,0.78361,0.80845,986758.0223606506
2021-04-11T00:00:00Z,OXTUSD,0.80748,0.81507,0.76974,0.80009,872900.6461292302
2021-04-12T00:00:00Z,OXTUSD,0.80511,0.81448,0.76,0.77394,905947.7039968893
2021-04-13T00:00:00Z,OXTUSD,0.77492,0.80003,0.75125,0.76305,947099.024740288
2021-04-14T00:00:00Z,OXTUSD,0.76305,0.776,0.73024,0.76146,1631458.791604993
2021-04-15T00:00:00Z,OXTUSD,0.76446,0.82157,0.7621,0.79389,1842784.3470928422
2021-04-16T00:00:00Z,OXTUSD,0.79279,0.85,0.75092,0.84613,3022989.728093021
2021-04-17T00:00:00Z,OXTUSD,0.8465,0.86466,0.7975,0.79948,2024406.1655735828
2021-04-18T00:00:00Z,OXTUSD,0.79894,0.79894,0.6,0.71619,3218368.420357111
2021-04-19T00:00:00Z,OXTUSD,0.71954,0.74503,0.65713,0.66171,1179066.874506831
2021-04-20T00:00:00Z,OXTUSD,0.66014,0.686,0.60422,0.67915,2114359.974403429
2021-04-21T00:00:00Z,OXTUSD,0.67836,0.7021,0.63001,0.63001,872213.9423302307
2021-04-22T00:00:00Z,OXTUSD,0.6316,0.66504,0.5826,0.59104,1067852.5452546903
2021-04-23T00:00:00Z,OXTUSD,0.58878,0.60738,0.50414,0.56832,2002091.609131772
2021-04-24T00:00:00Z,OXTUSD,0.56879,0.58142,0.53167,0.53907,691263.8146992401
2021-04-25T00:00:00Z,OXTUSD,0.54057,0.57637,0.50614,0.53214,419493.92898679985
2021-04-26T00:00:00Z,OXTUSD,0.53042,0.6019,0.53042,0.59723,572566.0201554701
2021-04-27T00:00:00Z,OXTUSD,0.59999,0.64336,0.59856,0.63788,791239.5671772495
2021-04-28T00:00:00Z,OXTUSD,0.64148,0.67058,0.58628,0.61676,1631728.2862193196
2021-04-29T00:00:00Z,OXTUSD,0.61843,0.6315,0.58913,0.61033,883260.2870256506
2021-04-30T00:00:00Z,OXTUSD,0.60855,0.65916,0.6076,0.65232,989913.0259730193
2021-05-01T00:00:00Z,OXTUSD,0.65549,0.66441,0.63427,0.65246,683323.5153199708
2021-05-02T00:00:00Z,OXTUSD,0.65371,0.70482,0.63633,0.66472,1877236.6380715994
2021-05-03T00:00:00Z,OXTUSD,0.66781,0.69286,0.64438,0.66437,1157640.09436871
2021-05-04T00:00:00Z,OXTUSD,0.66349,0.66349,0.58533,0.60053,2012991.8464998899
2021-05-05T00:00:00Z,OXTUSD,0.60019,0.66146,0.595,0.65971,1539943.0606252789
2021-05-06T00:00:00Z,OXTUSD,0.65927,0.70813,0.64589,0.66926,2356349.628449704
2021-05-07T00:00:00Z,OXTUSD,0.6664,0.735,0.63641,0.67285,2293812.5090391613
2021-05-08T00:00:00Z,OXTUSD,0.6738,0.69617,0.64907,0.66663,1494380.30254388
2021-05-09T00:00:00Z,OXTUSD,0.6666,0.66802,0.62913,0.65049,1230084.38355835
2021-05-10T00:00:00Z,OXTUSD,0.65184,0.66649,0.581,0.60338,1111503.0575173995
2021-05-11T00:00:00Z,OXTUSD,0.59938,0.64111,0.56972,0.62069,1125084.50698572
2021-05-12T00:00:00Z,OXTUSD,0.61884,0.66069,0.55476,0.55614,1741668.6098328882
2021-05-13T00:00:00Z,OXTUSD,0.55614,0.60542,0.52,0.54845,1812603.0140090296
2021-05-14T00:00:00Z,OXTUSD,0.55421,0.59958,0.54937,0.57678,934771.0513943692
2021-05-15T00:00:00Z,OXTUSD,0.57771,0.62714,0.55451,0.55462,2696149.6628271886
2021-05-16T00:00:00Z,OXTUSD,0.55696,0.66,0.54977,0.6151,3122742.506897197
2021-05-17T00:00:00Z,OXTUSD,0.61454,0.61936,0.515,0.52956,2093865.000699753
2021-05-18T00:00:00Z,OXTUSD,0.53404,0.56192,0.52306,0.53402,2189138.0159312007
2021-05-19T00:00:00Z,OXTUSD,0.53266,0.53674,0.30259,0.37754,7633194.450659775
2021-05-20T00:00:00Z,OXTUSD,0.37789,0.4319,0.32336,0.41937,4646149.542049579
2021-05-21T00:00:00Z,OXTUSD,0.42194,0.5,0.30852,0.37222,5615545.6247587055
2021-05-22T00:00:00Z,OXTUSD,0.37469,0.46587,0.33849,0.42567,6731886.874403009
2021-05-23T00:00:00Z,OXTUSD,0.424,0.42716,0.27735,0.3319,5585495.884282162
2021-05-24T00:00:00Z,OXTUSD,0.3325,0.37994,0.31938,0.3786,3937738.21662723
2021-05-25T00:00:00Z,OXTUSD,0.3786,0.53263,0.35238,0.44045,9056440.939992888
2021-05-26T00:00:00Z,OXTUSD,0.4407,0.52096,0.4322,0.48607,5716084.251605957
2021-05-27T00:00:00Z,OXTUSD,0.48176,0.49678,0.43907,0.44188,2590458.160525407
2021-05-28T00:00:00Z,OXTUSD,0.44236,0.44992,0.37435,0.39946,3103232.271300129
2021-05-29T00:00:00Z,OXTUSD,0.3984,0.42309,0.35244,0.37194,2356426.1305469475
2021-05-30T00:00:00Z,OXTUSD,0.36981,0.43,0.35215,0.39829,4155080.725243967
2021-05-31T00:00:00Z,OXTUSD,0.39751,0.42054,0.37692,0.40934,1602682.8123410605
2021-06-01T00:00:00Z,OXTUSD,0.41083,0.41723,0.38935,0.39347,2232190.497441409
2021-06-02T00:00:00Z,OXTUSD,0.39468,0.41508,0.39009,0.40289,1299045.9498552803
2021-06-03T00:00:00Z,OXTUSD,0.40289,0.42316,0.4003,0.40734,954944.8616742997
2021-06-04T00:00:00Z,OXTUSD,0.40552,0.40559,0.35648,0.37529,1899383.9013242899
2021-06-05T00:00:00Z,OXTUSD,0.37723,0.4154,0.36,0.36539,2178184.603972738
2021-06-06T00:00:00Z,OXTUSD,0.36627,0.4034,0.36587,0.3741,2605743.628379002
2021-06-07T00:00:00Z,OXTUSD,0.37623,0.4047,0.35046,0.3549,2182159.45988712
2021-06-08T00:00:00Z,OXTUSD,0.35624,0.36627,0.30908,0.3383,1925843.8664288514
2021-06-09T00:00:00Z,OXTUSD,0.33859,0.36338,0.32458,0.34619,2860988.26063854
2021-06-10T00:00:00Z,OXTUSD,0.34759,0.37304,0.32884,0.33432,5921609.945215585
2021-06-11T00:00:00Z,OXTUSD,0.33078,0.34283,0.30481,0.30648,2573547.491667309
2021-06-12T00:00:00Z,OXTUSD,0.30476,0.32867,0.29179,0.30941,2964957.9058936997
2021-06-13T00:00:00Z,OXTUSD,0.31071,0.32719,0.29764,0.32533,1663271.7743971506
2021-06-14T00:00:00Z,OXTUSD,0.32415,0.34132,0.31356,0.33038,3565919.2584618074
2021-06-15T00:00:00Z,OXTUSD,0.33199,0.34161,0.325,0.32848,4160361.405033708
2021-06-16T00:00:00Z,OXTUSD,0.32848,0.3308,0.31199,0.312,3212351.785164639
2021-06-17T00:00:00Z,OXTUSD,0.31175,0.32917,0.31111,0.31482,3131407.4126354693
2021-06-18T00:00:00Z,OXTUSD,0.31404,0.31464,0.28829,0.29497,1326135.9594985978
2021-06-19T00:00:00Z,OXTUSD,0.29544,0.30102,0.28896,0.29098,826588.3408576894
2021-06-20T00:00:00Z,OXTUSD,0.29094,0.29343,0.272,0.2835,1489490.1818165104
2021-06-21T00:00:00Z,OXTUSD,0.28333,0.28457,0.23156,0.23505,4805823.817649772
2021-06-22T00:00:00Z,OXTUSD,0.23481,0.24371,0.1975,0.21703,12525258.37175399
2021-06-23T00:00:00Z,OXTUSD,0.2163,0.24901,0.21439,0.23873,6833668.252138902
2021-06-24T00:00:00Z,OXTUSD,0.2387,0.25592,0.22689,0.2464,2674513.7617467507
2021-06-25T00:00:00Z,OXTUSD,0.24752,0.26705,0.22851,0.23538,5453851.213011494
2021-06-26T00:00:00Z,OXTUSD,0.23708,0.24079,0.22405,0.23658,2396421.845389919
2021-06-27T00:00:00Z,OXTUSD,0.2364,0.24856,0.2336,0.24824,1748894.1897799403
2021-06-28T00:00:00Z,OXTUSD,0.24955,0.26344,0.24413,0.2549,620598.0191484701
2021-06-29T00:00:00Z,OXTUSD,0.2557,0.27264,0.25207,0.26164,678562.31927624
2021-06-30T00:00:00Z,OXTUSD,0.26062,0.26456,0.24504,0.26114,604794.5382062399
2021-07-01T00:00:00Z,OXTUSD,0.26114,0.31661,0.24464,0.29019,4315280.169487702
2021-07-02T00:00:00Z,OXTUSD,0.29007,0.29334,0.26418,0.27592,1431253.3992317296
2021-07-03T00:00:00Z,OXTUSD,0.27633,0.28665,0.27055,0.2778,2040513.3665108886
2021-07-04T00:00:00Z,OXTUSD,0.27299,0.28738,0.26934,0.28051,1159795.841039919
2021-07-05T00:00:00Z,OXTUSD,0.27543,0.2766,0.26001,0.26617,494248.57303130004
2021-07-06T00:00:00Z,OXTUSD,0.26618,0.29317,0.26618,0.2768,2374385.09566881
2021-07-07T00:00:00Z,OXTUSD,0.27831,0.29181,0.27584,0.27734,1036033.7347980896
2021-07-08T00:00:00Z,OXTUSD,0.27702,0.39149,0.26463,0.32073,10986422.579205869
2021-07-09T00:00:00Z,OXTUSD,0.31981,0.38417,0.31016,0.32644,4485195.268864961
2021-07-10T00:00:00Z,OXTUSD,0.32629,0.34464,0.29711,0.30573,1120350.3130952201
2021-07-11T00:00:00Z,OXTUSD,0.3048,0.346,0.2985,0.33207,1545978.7460153794
2021-07-12T00:00:00Z,OXTUSD,0.33193,0.34466,0.30521,0.31011,2111003.931434882
2021-07-13T00:00:00Z,OXTUSD,0.31141,0.33978,0.3109,0.3174,2439128.854796162
2021-07-14T00:00:00Z,OXTUSD,0.3172,0.31824,0.29168,0.29945,1679362.6271826406
2021-07-15T00:00:00Z,OXTUSD,0.29983,0.30796,0.28339,0.28686,3503555.0620994056
2021-07-16T00:00:00Z,OXTUSD,0.28705,0.2954,0.26486,0.26486,2103237.9676000564
2021-07-17T00:00:00Z,OXTUSD,0.26733,0.27203,0.26142,0.26142,847729.3002194803
2021-07-18T00:00:00Z,OXTUSD,0.26283,0.28287,0.26055,0.26133,1858534.0022449286
2021-07-19T00:00:00Z,OXTUSD,0.26133,0.26369,0.2444,0.24866,1111926.6521218
2021-07-20T00:00:00Z,OXTUSD,0.24823,0.24944,0.22297,0.23149,4430534.565641084
2021-07-21T00:00:00Z,OXTUSD,0.23191,0.25111,0.22736,0.24765,1040618.8095231787
2021-07-22T00:00:00Z,OXTUSD,0.24819,0.32059,0.24541,0.30005,6698271.0083925845
2021-07-23T00:00:00Z,OXTUSD,0.29995,0.30085,0.26539,0.28472,2779920.1600761553
2021-07-24T00:00:00Z,OXTUSD,0.28527,0.28527,0.27535,0.27869,2887304.19370612
2021-07-25T00:00:00Z,OXTUSD,0.27884,0.28103,0.27149,0.27856,814614.9503879802
2021-07-26T00:00:00Z,OXTUSD,0.27708,0.2964,0.27421,0.27461,3576358.218551891
2021-07-27T00:00:00Z,OXTUSD,0.274,0.27813,0.26676,0.27578,1375925.3349960784
2021-07-28T00:00:00Z,OXTUSD,0.276,0.27934,0.26918,0.27362,941416.6762678291
2021-07-29T00:00:00Z,OXTUSD,0.2739,0.29925,0.27,0.28375,2445254.663253038
2021-07-30T00:00:00Z,OXTUSD,0.28421,0.28997,0.27668,0.28801,552533.2239723802
2021-07-31T00:00:00Z,OXTUSD,0.28786,0.29247,0.28423,0.28979,493074.93020085007
2021-08-01T00:00:00Z,OXTUSD,0.28896,0.30844,0.28403,0.28592,1138476.9430333497
2021-08-02T00:00:00Z,OXTUSD,0.28658,0.29183,0.28249,0.28943,279559.3315844101
2021-08-03T00:00:00Z,OXTUSD,0.28954,0.29247,0.27818,0.27826,274071.450242
2021-08-04T00:00:00Z,OXTUSD,0.28004,0.29932,0.27736,0.29745,453606.3240327199
2021-08-05T00:00:00Z,OXTUSD,0.29653,0.32745,0.2923,0.32634,1523351.7499235217
2021-08-06T00:00:00Z,OXTUSD,0.32532,0.33155,0.31082,0.31262,1088123.3029211909
2021-08-07T00:00:00Z,OXTUSD,0.31291,0.42696,0.31188,0.3705,6578604.684278925
2021-08-08T00:00:00Z,OXTUSD,0.36914,0.38308,0.34664,0.35043,1223641.9136624513
2021-08-09T00:00:00Z,OXTUSD,0.35128,0.38714,0.34155,0.37351,1473440.3658774472
2021-08-10T00:00:00Z,OXTUSD,0.373,0.38271,0.3634,0.3695,772157.0522782408
2021-08-11T00:00:00Z,OXTUSD,0.37009,0.40845,0.37009,0.38665,1185931.9759600202
2021-08-12T00:00:00Z,OXTUSD,0.38474,0.3951,0.36225,0.37649,1626264.7605636395
2021-08-13T00:00:00Z,OXTUSD,0.37733,0.40484,0.37504,0.40288,2281067.3105182787
2021-08-14T00:00:00Z,OXTUSD,0.40169,0.40686,0.38474,0.39332,1112248.49594142
2021-08-15T00:00:00Z,OXTUSD,0.39392,0.39777,0.37616,0.39367,1618223.2353429077
2021-08-16T00:00:00Z,OXTUSD,0.39502,0.40899,0.38054,0.38131,3433951.3187370165
2021-08-17T00:00:00Z,OXTUSD,0.38452,0.38792,0.35818,0.3583,3983287.6689550993
2021-08-18T00:00:00Z,OXTUSD,0.35785,0.37373,0.3473,0.35818,4404358.600370432
2021-08-19T00:00:00Z,OXTUSD,0.35942,0.37878,0.3491,0.37878,4345432.783326708
2021-08-20T00:00:00Z,OXTUSD,0.37844,0.40521,0.37797,0.39532,1954734.4323602018
2021-08-21T00:00:00Z,OXTUSD,0.39266,0.40335,0.38783,0.392,1307654.4493440415
2021-08-22T00:00:00Z,OXTUSD,0.39158,0.51569,0.39058,0.47349,7129231.313281847
2021-08-23T00:00:00Z,OXTUSD,0.47276,0.47276,0.42747,0.44513,4193563.111715837
2021-08-24T00:00:00Z,OXTUSD,0.4443,0.4447,0.4012,0.405,2467451.171426061
2021-08-25T00:00:00Z,OXTUSD,0.40602,0.41773,0.39341,0.40985,1114944.7766514497
2021-08-26T00:00:00Z,OXTUSD,0.41009,0.42423,0.37766,0.38662,4047223.6143564875
2021-08-27T00:00:00Z,OXTUSD,0.38619,0.43801,0.37444,0.41939,5634034.268637726
2021-08-28T00:00:00Z,OXTUSD,0.4195,0.43148,0.40662,0.41423,2109252.850674441
2021-08-29T00:00:00Z,OXTUSD,0.41306,0.49574,0.40252,0.43121,4137781.5794448196
2021-08-30T00:00:00Z,OXTUSD,0.42912,0.4624,0.41559,0.41939,1662349.7569425248
2021-08-31T00:00:00Z,OXTUSD,0.41797,0.42146,0.40181,0.40181,1099238.8707487185
2021-09-01T00:00:00Z,OXTUSD,0.40181,0.41898,0.39336,0.41331,1135554.6420731603
2021-09-02T00:00:00Z,OXTUSD,0.41397,0.46,0.40759,0.43563,1665278.8870919119
2021-09-03T00:00:00Z,OXTUSD,0.43566,0.44868,0.4184,0.42219,1878692.7568005926
2021-09-04T00:00:00Z,OXTUSD,0.42179,0.44375,0.42049,0.43049,806254.8186972103
2021-09-05T00:00:00Z,OXTUSD,0.43184,0.46066,0.43018,0.4538,2366108.528760281
2021-09-06T00:00:00Z,OXTUSD,0.4532,0.4692,0.43925,0.4649,1718883.1296047692
2021-09-07T00:00:00Z,OXTUSD,0.46432,0.49061,0.35078,0.37735,4363247.995367117
2021-09-08T00:00:00Z,OXTUSD,0.37879,0.39729,0.3419,0.37801,3692391.5974705312
2021-09-09T00:00:00Z,OXTUSD,0.37995,0.39663,0.36637,0.38749,3648406.2735070866
2021-09-10T00:00:00Z,OXTUSD,0.38682,0.39449,0.35667,0.3678,1123853.1404515991
2021-09-11T00:00:00Z,OXTUSD,0.36776,0.395,0.35769,0.37216,1407000.0787597378
2021-09-12T00:00:00Z,OXTUSD,0.37546,0.3927,0.36444,0.38145,1022991.2707406615
2021-09-13T00:00:00Z,OXTUSD,0.38089,0.38236,0.3509,0.36482,1217320.695086387
2021-09-14T00:00:00Z,OXTUSD,0.36509,0.3777,0.3617,0.37179,754659.8226267506
2021-09-15T00:00:00Z,OXTUSD,0.37013,0.38807,0.36778,0.38505,641463.8783218088
2021-09-16T00:00:00Z,OXTUSD,0.38519,0.39455,0.37081,0.37617,842586.1856730718
2021-09-17T00:00:00Z,OXTUSD,0.37452,0.38112,0.35732,0.35966,1044573.4420271117
2021-09-18T00:00:00Z,OXTUSD,0.35987,0.41484,0.35862,0.37783,2329978.900278178
2021-09-19T00:00:00Z,OXTUSD,0.37688,0.39454,0.363,0.3665,1247592.8580635698
2021-09-20T00:00:00Z,OXTUSD,0.36745,0.37263,0.313,0.3347,3018826.7741835965
2021-09-21T00:00:00Z,OXTUSD,0.33481,0.37653,0.3123,0.31365,2780622.412377364
2021-09-22T00:00:00Z,OXTUSD,0.31593,0.3609,0.3125,0.3497,1151365.0992823974
2021-09-23T00:00:00Z,OXTUSD,0.34981,0.35504,0.34237,0.34938,756767.0467014287
2021-09-24T00:00:00Z,OXTUSD,0.35014,0.35423,0.3056,0.32205,1876840.814782531
2021-09-25T00:00:00Z,OXTUSD,0.32222,0.32535,0.31066,0.31884,1477820.1857124318
2021-09-26T00:00:00Z,OXTUSD,0.31591,0.32834,0.2973,0.31903,1072046.6459904085
2021-09-27T00:00:00Z,OXTUSD,0.3187,0.3256,0.30751,0.30919,634469.4238241098
2021-09-28T00:00:00Z,OXTUSD,0.31019,0.32078,0.28741,0.28842,1264028.4489850004
2021-09-29T00:00:00Z,OXTUSD,0.2889,0.30696,0.28497,0.29489,1963945.9421820333
2021-09-30T00:00:00Z,OXTUSD,0.29431,0.30138,0.29205,0.29836,759165.31177671
2021-10-01T00:00:00Z,OXTUSD,0.29833,0.32271,0.29684,0.32046,853143.8252220596
2021-10-02T00:00:00Z,OXTUSD,0.31948,0.35224,0.31669,0.33206,1889545.171657815
2021-10-03T00:00:00Z,OXTUSD,0.33183,0.34979,0.32423,0.34404,1244483.7604821995
2021-10-04T00:00:00Z,OXTUSD,0.34379,0.34379,0.32907,0.3376,759661.6298449109
2021-10-05T00:00:00Z,OXTUSD,0.33522,0.34322,0.33241,0.34025,1288419.1703123997
2021-10-06T00:00:00Z,OXTUSD,0.33998,0.34242,0.31953,0.32925,739393.2977231201
2021-10-07T00:00:00Z,OXTUSD,0.32928,0.33849,0.3182,0.32875,767600.3887085414
2021-10-08T00:00:00Z,OXTUSD,0.32942,0.33558,0.3255,0.32879,303578.85110744985
2021-10-09T00:00:00Z,OXTUSD,0.3287,0.35681,0.32508,0.34417,1144215.723479309
2021-10-10T00:00:00Z,OXTUSD,0.34237,0.37735,0.33463,0.3396,1402006.80616194
2021-10-11T00:00:00Z,OXTUSD,0.33986,0.3617,0.33719,0.33839,921171.4798691099
2021-10-12T00:00:00Z,OXTUSD,0.33533,0.33533,0.3139,0.32551,649110.1844352203
2021-10-13T00:00:00Z,OXTUSD,0.32579,0.32743,0.31342,0.32345,653607.1445656099
2021-10-14T00:00:00Z,OXTUSD,0.32382,0.33327,0.32335,0.32419,330152.6781946299
2021-10-15T00:00:00Z,OXTUSD,0.3231,0.58,0.31913,0.41938,26084945.131511852
2021-10-16T00:00:00Z,OXTUSD,0.41879,0.53163,0.39826,0.43218,9000530.004344177
2021-10-17T00:00:00Z,OXTUSD,0.43261,0.72,0.43129,0.54111,24979688.684189238
2021-10-18T00:00:00Z,OXTUSD,0.54222,0.61036,0.4448,0.4889,9371300.815576738
2021-10-19T00:00:00Z,OXTUSD,0.48729,0.57228,0.48059,0.50681,7782258.304080626
2021-10-20T00:00:00Z,OXTUSD,0.50711,0.52441,0.48951,0.49795,5687681.91294136
2021-10-21T00:00:00Z,OXTUSD,0.49791,0.50071,0.4592,0.46405,3969383.915696791
2021-10-22T00:00:00Z,OXTUSD,0.46387,0.46834,0.41871,0.44561,2449801.519891579
2021-10-23T00:00:00Z,OXTUSD,0.44583,0.4819,0.43537,0.46544,2630604.26687834
2021-10-24T00:00:00Z,OXTUSD,0.46402,0.47676,0.43022,0.43216,1224250.7035649098
2021-10-25T00:00:00Z,OXTUSD,0.43156,0.46275,0.43156,0.4491,1392553.8546063704
2021-10-26T00:00:00Z,OXTUSD,0.44969,0.472,0.43894,0.44278,1472745.5038810396
2021-10-27T00:00:00Z,OXTUSD,0.441,0.44511,0.38816,0.39261,2935639.4463854586
2021-10-28T00:00:00Z,OXTUSD,0.39221,0.44635,0.38196,0.41777,2809107.7120188945
2021-10-29T00:00:00Z,OXTUSD,0.41824,0.4387,0.41264,0.42329,1013886.4097161704
2021-10-30T00:00:00Z,OXTUSD,0.42466,0.43634,0.40672,0.41004,1080231.0767897598
2021-10-31T00:00:00Z,OXTUSD,0.41246,0.46972,0.41138,0.42565,2282374.0084145865
2021-11-01T00:00:00Z,OXTUSD,0.4258,0.48418,0.41341,0.47181,4326752.919252557
2021-11-02T00:00:00Z,OXTUSD,0.47287,0.75,0.45351,0.571,31803639.282028627
2021-11-03T00:00:00Z,OXTUSD,0.57179,0.66357,0.51174,0.51547,10012695.981018597
2021-11-04T00:00:00Z,OXTUSD,0.51716,0.5292,0.47493,0.4842,4462674.138365445
2021-11-05T00:00:00Z,OXTUSD,0.48371,0.539,0.47611,0.49065,3948689.497814446
2021-11-06T00:00:00Z,OXTUSD,0.49169,0.51446,0.47799,0.49788,1542538.2425834779
2021-11-07T00:00:00Z,OXTUSD,0.49564,0.52057,0.49458,0.50916,1675772.2393445363
2021-11-08T00:00:00Z,OXTUSD,0.50921,0.6789,0.50879,0.5929,15574071.593334153
2021-11-09T00:00:00Z,OXTUSD,0.591,0.68423,0.5595,0.62022,9495618.462476721
2021-11-10T00:00:00Z,OXTUSD,0.61705,0.77651,0.54074,0.69,15202209.328350158
2021-11-11T00:00:00Z,OXTUSD,0.6863,0.77155,0.642,0.64267,9665820.68042144
2021-11-12T00:00:00Z,OXTUSD,0.64169,0.65712,0.58271,0.60704,3350200.914052173
2021-11-13T00:00:00Z,OXTUSD,0.60838,0.72323,0.59076,0.66822,4903901.341107772
2021-11-14T00:00:00Z,OXTUSD,0.66932,0.72487,0.63595,0.65556,3489114.771776547
2021-11-15T00:00:00Z,OXTUSD,0.65594,0.66172,0.61272,0.61481,1257020.4968473061
2021-11-16T00:00:00Z,OXTUSD,0.61534,0.61773,0.53773,0.55648,3409950.068812288
2021-11-17T00:00:00Z,OXTUSD,0.55648,0.58949,0.53281,0.5606,3531180.283192475
2021-11-18T00:00:00Z,OXTUSD,0.56066,0.57247,0.49319,0.49695,2920741.2961138817
2021-11-19T00:00:00Z,OXTUSD,0.49722,0.5428,0.49001,0.53125,2681502.1362267826
2021-11-20T00:00:00Z,OXTUSD,0.5309,0.55636,0.52012,0.53916,2078556.402361873
2021-11-21T00:00:00Z,OXTUSD,0.53876,0.54638,0.51404,0.51489,1083806.9914572628
2021-11-22T00:00:00Z,OXTUSD,0.5152,0.53867,0.49958,0.50591,2322238.0249201804
2021-11-23T00:00:00Z,OXTUSD,0.50366,0.52313,0.48721,0.50369,2234266.5679135565
2021-11-24T00:00:00Z,OXTUSD,0.50314,0.50355,0.46357,0.478,1494340.3648269805
2021-11-25T00:00:00Z,OXTUSD,0.47857,0.5357,0.4752,0.51923,2964162.778115723
2021-11-26T00:00:00Z,OXTUSD,0.51989,0.57648,0.46892,0.4819,7119177.304964287
2021-11-27T00:00:00Z,OXTUSD,0.48278,0.54638,0.48159,0.50967,3357405.8862971407
2021-11-28T00:00:00Z,OXTUSD,0.51131,0.51332,0.46659,0.50166,1402365.7165163013
2021-11-29T00:00:00Z,OXTUSD,0.50376,0.55109,0.5004,0.51518,2923878.504922074
2021-11-30T00:00:00Z,OXTUSD,0.51578,0.53165,0.49564,0.49669,1952369.5769770278
2021-12-01T00:00:00Z,OXTUSD,0.49586,0.51184,0.48654,0.49082,1388531.0485864538
2021-12-02T00:00:00Z,OXTUSD,0.48732,0.48792,0.46892,0.47904,992829.1358072393
2021-12-03T00:00:00Z,OXTUSD,0.48194,0.53004,0.45223,0.46513,4368074.159357474
2021-12-04T00:00:00Z,OXTUSD,0.46737,0.47046,0.38299,0.42476,3863992.3488380667
2021-12-05T00:00:00Z,OXTUSD,0.42243,0.4316,0.38272,0.40054,1837438.5850148776
2021-12-06T00:00:00Z,OXTUSD,0.40096,0.41202,0.36783,0.40981,2323750.493560073
2021-12-07T00:00:00Z,OXTUSD,0.4098,0.42168,0.39879,0.40322,723290.2226024602
2021-12-08T00:00:00Z,OXTUSD,0.40298,0.42423,0.39762,0.41743,1926502.3911047308
2021-12-09T00:00:00Z,OXTUSD,0.41801,0.42693,0.38096,0.38286,1342927.173302688
2021-12-10T00:00:00Z,OXTUSD,0.38466,0.39847,0.36535,0.36842,1181381.89276007
2021-12-11T00:00:00Z,OXTUSD,0.36783,0.3871,0.36783,0.37994,1457500.5802108904
2021-12-12T00:00:00Z,OXTUSD,0.38098,0.4587,0.37845,0.42905,1480842.6696509272
2021-12-13T00:00:00Z,OXTUSD,0.4268,0.43535,0.37597,0.37909,3968451.3121679947
2021-12-14T00:00:00Z,OXTUSD,0.37785,0.37785,0.35958,0.371,1954239.528741561
2021-12-15T00:00:00Z,OXTUSD,0.37242,0.38006,0.34827,0.37221,1648116.1718352693
2021-12-16T00:00:00Z,OXTUSD,0.37223,0.38356,0.36455,0.36466,386237.87361325003
2021-12-17T00:00:00Z,OXTUSD,0.3646,0.37344,0.34267,0.35368,792789.684954169
2021-12-18T00:00:00Z,OXTUSD,0.35398,0.38107,0.34831,0.36249,3484141.713402504
2021-12-19T00:00:00Z,OXTUSD,0.36187,0.3918,0.36164,0.36543,4704810.1440513
2021-12-20T00:00:00Z,OXTUSD,0.36535,0.36836,0.34019,0.35349,2112969.9417906404
2021-12-21T00:00:00Z,OXTUSD,0.35334,0.37126,0.35134,0.37005,801436.3275795295
2021-12-22T00:00:00Z,OXTUSD,0.36939,0.38217,0.36169,0.37832,1747551.6231820686
2021-12-23T00:00:00Z,OXTUSD,0.37811,0.39401,0.36909,0.38841,1155148.8621454479
2021-12-24T00:00:00Z,OXTUSD,0.38938,0.40386,0.3819,0.38275,909532.6010753888
2021-12-25T00:00:00Z,OXTUSD,0.38253,0.42589,0.38077,0.39797,1061604.189067861
2021-12-26T00:00:00Z,OXTUSD,0.3977,0.50343,0.3889,0.4258,5791067.069180873
2021-12-27T00:00:00Z,OXTUSD,0.42643,0.443,0.41604,0.41905,1362833.9730687714
2021-12-28T00:00:00Z,OXTUSD,0.41777,0.41777,0.38208,0.38481,1232238.2670958603
2021-12-29T00:00:00Z,OXTUSD,0.38459,0.39257,0.36909,0.36971,368235.2346751199
2021-12-30T00:00:00Z,OXTUSD,0.37001,0.38331,0.3645,0.37041,568255.4071357497
2021-12-31T00:00:00Z,OXTUSD,0.37124,0.38285,0.36012,0.36644,427624.3668945698
2022-01-01T00:00:00Z,OXTUSD,0.36575,0.37802,0.36518,0.37659,263102.65189720015
2022-01-02T00:00:00Z,OXTUSD,0.3763,0.38973,0.37099,0.38259,430067.1926953301
2022-01-03T00:00:00Z,OXTUSD,0.38161,0.3839,0.36988,0.3716,285129.8079528701
2022-01-04T00:00:00Z,OXTUSD,0.37184,0.38399,0.36645,0.36645,548292.2748736893
2022-01-05T00:00:00Z,OXTUSD,0.366,0.38214,0.34435,0.3555,1149757.4538228798
2022-01-06T00:00:00Z,OXTUSD,0.35516,0.35772,0.33421,0.34112,608716.6236204904
2022-01-07T00:00:00Z,OXTUSD,0.34058,0.34058,0.31793,0.31946,1525894.593166966
2022-01-08T00:00:00Z,OXTUSD,0.31917,0.33778,0.30651,0.31366,840607.9455129799
2022-01-09T00:00:00Z,OXTUSD,0.31216,0.32311,0.30734,0.3159,499291.8926056802
2022-01-10T00:00:00Z,OXTUSD,0.31547,0.3195,0.28889,0.29827,1316044.2239633605
2022-01-11T00:00:00Z,OXTUSD,0.2985,0.32128,0.29713,0.30995,937733.1405047996
2022-01-12T00:00:00Z,OXTUSD,0.30998,0.32877,0.30958,0.32642,588347.5665973799
2022-01-13T00:00:00Z,OXTUSD,0.32692,0.32716,0.30973,0.31075,699851.6672613203
2022-01-14T00:00:00Z,OXTUSD,0.3114,0.35814,0.3114,0.3323,2586991.169175821
2022-01-15T00:00:00Z,OXTUSD,0.33278,0.3338,0.32413,0.32415,331902.90654062986
2022-01-16T00:00:00Z,OXTUSD,0.3235,0.32683,0.32068,0.32369,248902.7222707496
2022-01-17T00:00:00Z,OXTUSD,0.32308,0.32361,0.30762,0.31171,324855.08339168015
2022-01-18T00:00:00Z,OXTUSD,0.3132,0.31479,0.3002,0.31369,226135.58931391008
2022-01-19T00:00:00Z,OXTUSD,0.31228,0.32216,0.2989,0.2989,607273.5232461194
2022-01-20T00:00:00Z,OXTUSD,0.29934,0.31152,0.28216,0.28216,488862.4779069498
2022-01-21T00:00:00Z,OXTUSD,0.28128,0.28459,0.24952,0.25134,2049479.5303917811
2022-01-22T00:00:00Z,OXTUSD,0.2507,0.25371,0.2187,0.23202,2521637.5474358774
2022-01-23T00:00:00Z,OXTUSD,0.23225,0.24616,0.22795,0.24114,2060228.8566169888
2022-01-24T00:00:00Z,OXTUSD,0.24081,0.24086,0.20236,0.2222,2421705.1020318177
2022-01-25T00:00:00Z,OXTUSD,0.2231,0.2365,0.218,0.22863,637162.4910940897
2022-01-26T00:00:00Z,OXTUSD,0.22873,0.25742,0.22744,0.23533,1266090.0536857704
2022-01-27T00:00:00Z,OXTUSD,0.2358,0.2474,0.22622,0.2344,1154917.0196257713
2022-01-28T00:00:00Z,OXTUSD,0.2348,0.24632,0.2315,0.24342,683766.2901062804
2022-01-29T00:00:00Z,OXTUSD,0.24291,0.25172,0.24091,0.24256,1062979.4177215705
2022-01-30T00:00:00Z,OXTUSD,0.24319,0.24792,0.236,0.23984,294935.9052795101
2022-01-31T00:00:00Z,OXTUSD,0.23905,0.24402,0.2296,0.2429,637559.0034906999
2022-02-01T00:00:00Z,OXTUSD,0.24271,0.2525,0.24164,0.2471,587564.3239314903
2022-02-02T00:00:00Z,OXTUSD,0.2458,0.24848,0.23057,0.23126,491133.5310319899
2022-02-03T00:00:00Z,OXTUSD,0.23159,0.2378,0.2283,0.23665,859213.4917245902
2022-02-04T00:00:00Z,OXTUSD,0.23588,0.25105,0.23284,0.25105,1253626.6461640506
2022-02-05T00:00:00Z,OXTUSD,0.25135,0.26909,0.25008,0.26304,508166.27576414
2022-02-06T00:00:00Z,OXTUSD,0.26278,0.2664,0.25577,0.26106,302940.43659719004
2022-02-07T00:00:00Z,OXTUSD,0.26138,0.27746,0.258,0.27171,688866.5590819897
2022-02-08T00:00:00Z,OXTUSD,0.27154,0.28817,0.26311,0.28191,1503277.0926349992
2022-02-09T00:00:00Z,OXTUSD,0.2813,0.31353,0.27196,0.29604,1709097.5173094487
2022-02-10T00:00:00Z,OXTUSD,0.29679,0.29921,0.278,0.278,503455.9763152897
2022-02-11T00:00:00Z,OXTUSD,0.27743,0.28065,0.25665,0.25883,553224.41756027
2022-02-12T00:00:00Z,OXTUSD,0.25942,0.25954,0.24772,0.25177,317103.57263326005
2022-02-13T00:00:00Z,OXTUSD,0.25256,0.34476,0.25256,0.278,6973240.590572436
2022-02-14T00:00:00Z,OXTUSD,0.27887,0.2904,0.26167,0.26788,1340115.8599414388
2022-02-15T00:00:00Z,OXTUSD,0.26836,0.28368,0.26345,0.28,721135.6102860693
2022-02-16T00:00:00Z,OXTUSD,0.27608,0.27754,0.26633,0.27015,615758.25917664
2022-02-17T00:00:00Z,OXTUSD,0.26961,0.2841,0.2502,0.25223,454963.07299814024
2022-02-18T00:00:00Z,OXTUSD,0.25159,0.27949,0.2444,0.25501,2051124.8301132713
2022-02-19T00:00:00Z,OXTUSD,0.254,0.26261,0.25029,0.25115,1663565.6776843409
2022-02-20T00:00:00Z,OXTUSD,0.25219,0.25326,0.234,0.24067,696301.1975796394
2022-02-21T00:00:00Z,OXTUSD,0.23896,0.25011,0.2195,0.22057,1746828.6264716196
2022-02-22T00:00:00Z,OXTUSD,0.22062,0.22905,0.21552,0.22717,1353300.364058839
2022-02-23T00:00:00Z,OXTUSD,0.2285,0.23792,0.2208,0.22156,730648.7843234404
2022-02-24T00:00:00Z,OXTUSD,0.22098,0.22098,0.19238,0.2126,2466629.449629043
2022-02-25T00:00:00Z,OXTUSD,0.21391,0.22512,0.21367,0.22347,1125085.33743167
2022-02-26T00:00:00Z,OXTUSD,0.22551,0.23124,0.2253,0.22581,397159.11278909014
2022-02-27T00:00:00Z,OXTUSD,0.2255,0.27189,0.22133,0.23302,3381615.9633054333
2022-02-28T00:00:00Z,OXTUSD,0.23216,0.24708,0.22554,0.24625,1418260.4276184388
2022-03-01T00:00:00Z,OXTUSD,0.24685,0.27831,0.24273,0.25753,2241882.293963199
2022-03-02T00:00:00Z,OXTUSD,0.256,0.27968,0.244,0.257,2670199.435440489
2022-03-03T00:00:00Z,OXTUSD,0.25709,0.26119,0.24345,0.24943,1074782.5251035008
2022-03-04T00:00:00Z,OXTUSD,0.24717,0.25156,0.234,0.23437,613246.3348047701
2022-03-05T00:00:00Z,OXTUSD,0.23516,0.2462,0.231,0.23746,443203.8483150998
2022-03-06T00:00:00Z,OXTUSD,0.23893,0.23955,0.22998,0.23073,328566.33399814984
2022-03-07T00:00:00Z,OXTUSD,0.2295,0.23329,0.21693,0.21836,900554.19693959
2022-03-08T00:00:00Z,OXTUSD,0.21747,0.22859,0.21747,0.22072,771344.9925989703
2022-03-09T00:00:00Z,OXTUSD,0.22359,0.23829,0.22359,0.23238,607725.0427705302
2022-03-10T00:00:00Z,OXTUSD,0.232,0.2328,0.21747,0.22232,442943.28341711964
2022-03-11T00:00:00Z,OXTUSD,0.22158,0.22552,0.21717,0.21879,447713.7069667998
2022-03-12T00:00:00Z,OXTUSD,0.22,0.23496,0.21815,0.21993,1195914.8143576104
2022-03-13T00:00:00Z,OXTUSD,0.2194,0.26127,0.2188,0.22707,3195402.36190636
2022-03-14T00:00:00Z,OXTUSD,0.22578,0.255,0.22158,0.23761,2619659.802306552
2022-03-15T00:00:00Z,OXTUSD,0.23901,0.26515,0.22642,0.2367,4577975.750349313
2022-03-16T00:00:00Z,OXTUSD,0.23498,0.2452,0.22927,0.24336,1108900.9477670807
2022-03-17T00:00:00Z,OXTUSD,0.24359,0.25635,0.23921,0.24488,1906909.9391414602
2022-03-18T00:00:00Z,OXTUSD,0.24382,0.24935,0.24105,0.24846,886768.3191860215
2022-03-19T00:00:00Z,OXTUSD,0.24931,0.26232,0.24847,0.25349,1286524.3679627797
2022-03-20T00:00:00Z,OXTUSD,0.25379,0.2588,0.24532,0.24667,484472.45155633026
2022-03-21T00:00:00Z,OXTUSD,0.24678,0.25692,0.24248,0.25099,317567.3357085101
2022-03-22T00:00:00Z,OXTUSD,0.25148,0.26099,0.25148,0.253,602784.5317441403
2022-03-23T00:00:00Z,OXTUSD,0.253,0.32299,0.25166,0.27015,3654141.982804718
2022-03-24T00:00:00Z,OXTUSD,0.26931,0.2772,0.26433,0.26862,997455.37507024
2022-03-25T00:00:00Z,OXTUSD,0.26763,0.27108,0.242,0.25985,1444448.734208058
2022-03-26T00:00:00Z,OXTUSD,0.25946,0.27169,0.25839,0.26882,670423.95836466
2022-03-27T00:00:00Z,OXTUSD,0.26882,0.2758,0.26387,0.27561,929475.6834564307
2022-03-28T00:00:00Z,OXTUSD,0.27589,0.28503,0.26895,0.27275,1210249.732628321
2022-03-29T00:00:00Z,OXTUSD,0.27289,0.30456,0.27186,0.27822,1037237.3532576808
2022-03-30T00:00:00Z,OXTUSD,0.27798,0.29637,0.27406,0.29214,1512984.4707219088
2022-03-31T00:00:00Z,OXTUSD,0.29279,0.29432,0.2666,0.27003,1466509.9974714308
2022-04-01T00:00:00Z,OXTUSD,0.27003,0.3097,0.2645,0.30093,1712588.8092722828
2022-04-02T00:00:00Z,OXTUSD,0.30036,0.30893,0.281,0.2864,1172716.578175801
2022-04-03T00:00:00Z,OXTUSD,0.28593,0.35015,0.28124,0.31293,3671378.3286854634
2022-04-04T00:00:00Z,OXTUSD,0.31271,0.31855,0.28845,0.29961,1460114.911609041
2022-04-05T00:00:00Z,OXTUSD,0.29968,0.305,0.2886,0.29013,866179.9529353809
2022-04-06T00:00:00Z,OXTUSD,0.28914,0.28914,0.25669,0.2577,1178642.8051899392
2022-04-07T00:00:00Z,OXTUSD,0.2571,0.26919,0.25316,0.26321,458405.7794382
2022-04-08T00:00:00Z,OXTUSD,0.26365,0.29072,0.25867,0.26711,1324686.3278646604
2022-04-09T00:00:00Z,OXTUSD,0.26907,0.32922,0.26126,0.28195,2790166.5859486205
2022-04-10T00:00:00Z,OXTUSD,0.28169,0.29312,0.26612,0.26628,1188585.7395253002
2022-04-11T00:00:00Z,OXTUSD,0.266,0.26775,0.21825,0.24235,2692890.3661812884
2022-04-12T00:00:00Z,OXTUSD,0.24229,0.25075,0.23655,0.2453,1189613.3032378408
2022-04-13T00:00:00Z,OXTUSD,0.24359,0.25488,0.24189,0.25018,245717.82681714
2022-04-14T00:00:00Z,OXTUSD,0.25083,0.2535,0.24279,0.24629,330461.4460302003
2022-04-15T00:00:00Z,OXTUSD,0.24635,0.25169,0.24589,0.24749,62117.33927761999
2022-04-16T00:00:00Z,OXTUSD,0.24878,0.2545,0.2458,0.24767,388827.47743717
2022-04-17T00:00:00Z,OXTUSD,0.248,0.2514,0.23805,0.239,283768.07863746997
2022-04-18T00:00:00Z,OXTUSD,0.23769,0.24203,0.23052,0.24007,251076.47642679003
2022-04-19T00:00:00Z,OXTUSD,0.24007,0.24891,0.23663,0.24411,330837.79019090993
2022-04-20T00:00:00Z,OXTUSD,0.24445,0.25734,0.241,0.24982,1450167.3958874848
2022-04-21T00:00:00Z,OXTUSD,0.24893,0.263,0.23509,0.24094,2427426.76950129
2022-04-22T00:00:00Z,OXTUSD,0.24129,0.25218,0.22459,0.23611,968862.6099660401
2022-04-23T00:00:00Z,OXTUSD,0.23651,0.2593,0.23131,0.2411,563708.0573480509
2022-04-24T00:00:00Z,OXTUSD,0.23995,0.25689,0.23759,0.23862,1348794.2654983404
2022-04-25T00:00:00Z,OXTUSD,0.23796,0.23842,0.22101,0.23611,530375.1971229
2022-04-26T00:00:00Z,OXTUSD,0.23534,0.23611,0.214,0.21571,556115.37436851
2022-04-27T00:00:00Z,OXTUSD,0.21543,0.2224,0.214,0.21792,79353.97128920001
2022-04-28T00:00:00Z,OXTUSD,0.21828,0.23049,0.21691,0.22266,643932.62181665
2022-04-29T00:00:00Z,OXTUSD,0.22328,0.22328,0.20932,0.21252,321801.22015615995
2022-04-30T00:00:00Z,OXTUSD,0.21237,0.22223,0.19169,0.19382,2731047.265328431
2022-05-01T00:00:00Z,OXTUSD,0.19382,0.20249,0.19331,0.20124,674294.4958996994
2022-05-02T00:00:00Z,OXTUSD,0.20168,0.21328,0.18777,0.19429,420026.2149027799
2022-05-03T00:00:00Z,OXTUSD,0.19199,0.21705,0.19199,0.20425,3707385.0275116498
2022-05-04T00:00:00Z,OXTUSD,0.20425,0.21554,0.20125,0.21204,2759659.081795111
2022-05-05T00:00:00Z,OXTUSD,0.21199,0.2136,0.19336,0.19431,739194.9393434499
2022-05-06T00:00:00Z,OXTUSD,0.1934,0.19764,0.18715,0.19546,374207.5650396798
2022-05-07T00:00:00Z,OXTUSD,0.19528,0.2027,0.18837,0.19123,524737.3198109004
2022-05-08T00:00:00Z,OXTUSD,0.18849,0.18943,0.17808,0.18007,493243.35665502993
2022-05-09T00:00:00Z,OXTUSD,0.18069,0.18497,0.14446,0.14446,1658888.0183936197
2022-05-10T00:00:00Z,OXTUSD,0.14489,0.16259,0.14147,0.1531,1391516.8503539502
2022-05-11T00:00:00Z,OXTUSD,0.15409,0.15985,0.10302,0.11505,4736991.073680654
2022-05-12T00:00:00Z,OXTUSD,0.11522,0.12056,0.08427,0.1005,4807315.535730405
2022-05-13T00:00:00Z,OXTUSD,0.10058,0.12406,0.0989,0.11223,1597899.5087425788
2022-05-14T00:00:00Z,OXTUSD,0.11549,0.12056,0.10642,0.12056,1101765.6618317193
2022-05-15T00:00:00Z,OXTUSD,0.11986,0.13429,0.1179,0.12982,1214795.562705761
2022-05-16T00:00:00Z,OXTUSD,0.12745,0.17982,0.1167,0.14999,5871976.640634843
2022-05-17T00:00:00Z,OXTUSD,0.15133,0.15597,0.13728,0.14896,2984733.623299063
2022-05-18T00:00:00Z,OXTUSD,0.14852,0.15158,0.1272,0.12728,2054853.4748173705
2022-05-19T00:00:00Z,OXTUSD,0.12783,0.13636,0.12434,0.13511,1062587.1796805214
2022-05-20T00:00:00Z,OXTUSD,0.13402,0.1357,0.12136,0.12713,836499.56583808
2022-05-21T00:00:00Z,OXTUSD,0.1269,0.13051,0.12411,0.12783,267394.7756952899
2022-05-22T00:00:00Z,OXTUSD,0.12771,0.13851,0.12623,0.13325,1065694.0366197398
2022-05-23T00:00:00Z,OXTUSD,0.13273,0.14046,0.13,0.13207,844160.2214832606
2022-05-24T00:00:00Z,OXTUSD,0.13215,0.13511,0.12495,0.13096,261602.8486146898
2022-05-25T00:00:00Z,OXTUSD,0.13065,0.13347,0.12393,0.12831,409653.33146548015
2022-05-26T00:00:00Z,OXTUSD,0.12928,0.17721,0.12122,0.13797,5479133.592731068
2022-05-27T00:00:00Z,OXTUSD,0.13791,0.13867,0.12116,0.12291,2978097.0356128733
2022-05-28T00:00:00Z,OXTUSD,0.12296,0.12636,0.12076,0.12617,168390.2036112299
2022-05-29T00:00:00Z,OXTUSD,0.12533,0.1364,0.12533,0.13019,730577.9197682894
2022-05-30T00:00:00Z,OXTUSD,0.13009,0.14086,0.12872,0.13699,1819888.3861740215
2022-05-31T00:00:00Z,OXTUSD,0.13687,0.14668,0.13199,0.13901,1617597.822802391
2022-06-01T00:00:00Z,OXTUSD,0.1391,0.14186,0.12579,0.12881,1332899.553217392
2022-06-02T00:00:00Z,OXTUSD,0.12784,0.13357,0.12621,0.13287,464728.25716233964
2022-06-03T00:00:00Z,OXTUSD,0.13233,0.13408,0.1262,0.12778,244989.6123997201
2022-06-04T00:00:00Z,OXTUSD,0.1282,0.13408,0.12733,0.13065,269562.29030821007
2022-06-05T00:00:00Z,OXTUSD,0.13062,0.13111,0.12794,0.12943,166683.19018996993
2022-06-06T00:00:00Z,OXTUSD,0.13042,0.14909,0.13042,0.13259,1215303.7486934415
2022-06-07T00:00:00Z,OXTUSD,0.1325,0.13407,0.12516,0.13128,390953.54119592014
2022-06-08T00:00:00Z,OXTUSD,0.13089,0.13237,0.12746,0.128,272545.6269311501
2022-06-09T00:00:00Z,OXTUSD,0.12773,0.1313,0.12683,0.12782,246695.74861283993
2022-06-10T00:00:00Z,OXTUSD,0.12777,0.14579,0.12088,0.12113,1540262.4260927276
2022-06-11T00:00:00Z,OXTUSD,0.12188,0.12284,0.10926,0.11077,906726.7960121996
2022-06-12T00:00:00Z,OXTUSD,0.11149,0.11271,0.09742,0.09742,678200.7342662088
2022-06-13T00:00:00Z,OXTUSD,0.09811,0.09982,0.0865,0.09082,1629874.1183060112
2022-06-14T00:00:00Z,OXTUSD,0.0915,0.12726,0.0856,0.09857,4629331.898595308
2022-06-15T00:00:00Z,OXTUSD,0.0979,0.106,0.08916,0.10268,2666232.680718153
2022-06-16T00:00:00Z,OXTUSD,0.10275,0.1037,0.09063,0.09242,2582600.006275068
2022-06-17T00:00:00Z,OXTUSD,0.09235,0.09581,0.09235,0.09273,1152692.7835804604
2022-06-18T00:00:00Z,OXTUSD,0.09232,0.0943,0.08102,0.08679,1198774.2364950604
2022-06-19T00:00:00Z,OXTUSD,0.0868,0.09537,0.08287,0.09272,1013497.0576735497
2022-06-20T00:00:00Z,OXTUSD,0.09276,0.0959,0.09001,0.09344,7005363.304087976
2022-06-21T00:00:00Z,OXTUSD,0.09331,0.10214,0.09244,0.09615,3400750.96138659
2022-06-22T00:00:00Z,OXTUSD,0.09607,0.09709,0.09233,0.09278,3688394.8378333603
2022-06-23T00:00:00Z,OXTUSD,0.09263,0.1183,0.0924,0.10155,5161876.431142912
2022-06-24T00:00:00Z,OXTUSD,0.10201,0.1053,0.09927,0.10369,1282644.9714479903
2022-06-25T00:00:00Z,OXTUSD,0.10287,0.1061,0.10167,0.10406,538984.9359643105
2022-06-26T00:00:00Z,OXTUSD,0.10398,0.11654,0.10135,0.10135,1078067.3746291501
2022-06-27T00:00:00Z,OXTUSD,0.10138,0.11654,0.1012,0.10604,1486551.1899473597
2022-06-28T00:00:00Z,OXTUSD,0.10549,0.11062,0.1017,0.1017,1050260.2378375381
2022-06-29T00:00:00Z,OXTUSD,0.10169,0.1145,0.10095,0.10361,1288694.2179787804
2022-06-30T00:00:00Z,OXTUSD,0.10403,0.10774,0.09742,0.10352,2179228.931033369
2022-07-01T00:00:00Z,OXTUSD,0.10362,0.10562,0.10035,0.10135,597313.6429371695
2022-07-02T00:00:00Z,OXTUSD,0.10114,0.10382,0.10017,0.10239,409132.69821214
2022-07-03T00:00:00Z,OXTUSD,0.10292,0.10372,0.10132,0.10289,196266.37316286
2022-07-04T00:00:00Z,OXTUSD,0.1037,0.10663,0.10224,0.1053,415100.97839906986
2022-07-05T00:00:00Z,OXTUSD,0.10563,0.10677,0.10279,0.10379,127758.7349357399
2022-07-06T00:00:00Z,OXTUSD,0.10379,0.10657,0.10185,0.10649,356354.80702149
2022-07-07T00:00:00Z,OXTUSD,0.10543,0.11113,0.10447,0.10757,435714.5236595899
2022-07-08T00:00:00Z,OXTUSD,0.10759,0.11003,0.10505,0.10783,515320.68412502954
2022-07-09T00:00:00Z,OXTUSD,0.10754,0.118,0.10704,0.11516,1471053.3379188415
2022-07-10T00:00:00Z,OXTUSD,0.11411,0.12206,0.1073,0.1082,1744995.8724735598
2022-07-11T00:00:00Z,OXTUSD,0.10828,0.10828,0.10021,0.10135,355360.05790096
2022-07-12T00:00:00Z,OXTUSD,0.10096,0.10218,0.09839,0.10017,885806.4740575392
2022-07-13T00:00:00Z,OXTUSD,0.09993,0.1109,0.0965,0.10262,1827866.2375856473
2022-07-14T00:00:00Z,OXTUSD,0.10269,0.1095,0.10185,0.10675,1987687.9289410803
2022-07-15T00:00:00Z,OXTUSD,0.10722,0.11123,0.10596,0.1065,577980.3546210002
2022-07-16T00:00:00Z,OXTUSD,0.10603,0.11039,0.10408,0.10881,687602.6447561396
2022-07-17T00:00:00Z,OXTUSD,0.10887,0.12309,0.10791,0.11041,2348192.6518825796
2022-07-18T00:00:00Z,OXTUSD,0.11057,0.12034,0.11057,0.11807,792316.2754859996
2022-07-19T00:00:00Z,OXTUSD,0.11753,0.12026,0.11467,0.11974,465370.28034895967
2022-07-20T00:00:00Z,OXTUSD,0.11965,0.12317,0.11116,0.11222,598106.04690173
2022-07-21T00:00:00Z,OXTUSD,0.11189,0.12519,0.10837,0.12089,1684485.9050574105
2022-07-22T00:00:00Z,OXTUSD,0.12145,0.12535,0.11623,0.11718,697987.3430510297
2022-07-23T00:00:00Z,OXTUSD,0.11722,0.12117,0.11696,0.11969,402909.4099430005
2022-07-24T00:00:00Z,OXTUSD,0.12023,0.12148,0.1178,0.1178,123021.21137230001
2022-07-25T00:00:00Z,OXTUSD,0.1182,0.11911,0.10703,0.1074,297311.73580405005
2022-07-26T00:00:00Z,OXTUSD,0.10756,0.10804,0.10401,0.10724,228967.20175248003
2022-07-27T00:00:00Z,OXTUSD,0.10773,0.12595,0.10632,0.1139,1262324.512493833
2022-07-28T00:00:00Z,OXTUSD,0.11311,0.1185,0.11285,0.11681,335615.18888682977
2022-07-29T00:00:00Z,OXTUSD,0.11721,0.12148,0.11638,0.11734,1026835.3889652595
2022-07-30T00:00:00Z,OXTUSD,0.11823,0.12388,0.11696,0.11738,423793.43185825006
2022-07-31T00:00:00Z,OXTUSD,0.11715,0.13,0.11715,0.12026,1859460.868462158
2022-08-01T00:00:00Z,OXTUSD,0.11943,0.12305,0.119,0.12001,162884.16892221
2022-08-02T00:00:00Z,OXTUSD,0.12014,0.12109,0.11534,0.11581,173099.42840160988
2022-08-03T00:00:00Z,OXTUSD,0.1156,0.12086,0.11461,0.11585,246103.00073479998
2022-08-04T00:00:00Z,OXTUSD,0.11654,0.11791,0.11581,0.1171,62100.14515027
2022-08-05T00:00:00Z,OXTUSD,0.11647,0.1269,0.11642,0.12524,817261.8219735305
2022-08-06T00:00:00Z,OXTUSD,0.12576,0.12698,0.12099,0.12099,176574.40156816004
2022-08-07T00:00:00Z,OXTUSD,0.12089,0.13261,0.12073,0.12652,833800.3231260704
2022-08-08T00:00:00Z,OXTUSD,0.12698,0.12952,0.12542,0.1267,200096.86094786003
2022-08-09T00:00:00Z,OXTUSD,0.1272,0.12888,0.11969,0.12382,993424.8131646796
2022-08-10T00:00:00Z,OXTUSD,0.12288,0.12743,0.11988,0.12655,365824.5568645903
2022-08-11T00:00:00Z,OXTUSD,0.12724,0.13443,0.12601,0.12658,1645053.8756397504
2022-08-12T00:00:00Z,OXTUSD,0.12596,0.13261,0.125,0.13002,640970.4164400902
2022-08-13T00:00:00Z,OXTUSD,0.1301,0.1321,0.12871,0.13004,401686.51269263
2022-08-14T00:00:00Z,OXTUSD,0.12981,0.13811,0.1262,0.12781,1030143.5929626691
2022-08-15T00:00:00Z,OXTUSD,0.12809,0.1314,0.1241,0.12606,769748.2523301195
2022-08-16T00:00:00Z,OXTUSD,0.12617,0.1276,0.12519,0.12668,88525.03502481003
2022-08-17T00:00:00Z,OXTUSD,0.12674,0.12874,0.12152,0.12154,169871.41115078004
2022-08-18T00:00:00Z,OXTUSD,0.12161,0.12414,0.11927,0.11927,74492.28390842
2022-08-19T00:00:00Z,OXTUSD,0.1191,0.1191,0.10779,0.10837,344455.51378907
2022-08-20T00:00:00Z,OXTUSD,0.10833,0.11618,0.10833,0.10952,460534.76619113976
2022-08-21T00:00:00Z,OXTUSD,0.1098,0.1137,0.10947,0.11159,165461.82370821995
2022-08-22T00:00:00Z,OXTUSD,0.1111,0.11131,0.10754,0.11057,82394.12332185998
2022-08-23T00:00:00Z,OXTUSD,0.1109,0.11223,0.10931,0.11199,60746.19085738001
2022-08-24T00:00:00Z,OXTUSD,0.11157,0.11425,0.10945,0.11077,254526.17864679993
2022-08-25T00:00:00Z,OXTUSD,0.11151,0.1139,0.11098,0.11147,88742.07269298997
2022-08-26T00:00:00Z,OXTUSD,0.1113,0.11167,0.10235,0.10235,318134.6036381898
2022-08-27T00:00:00Z,OXTUSD,0.10189,0.10318,0.10063,0.10163,39429.48153912001
2022-08-28T00:00:00Z,OXTUSD,0.10167,0.1037,0.10117,0.10117,23676.816371830002
2022-08-29T00:00:00Z,OXTUSD,0.10085,0.10597,0.0992,0.1042,509730.44950046897
2022-08-30T00:00:00Z,OXTUSD,0.10422,0.10657,0.10166,0.10275,448660.6534651498
2022-08-31T00:00:00Z,OXTUSD,0.10243,0.105,0.10243,0.10286,1460656.501262811
2022-09-01T00:00:00Z,OXTUSD,0.1031,0.1036,0.10033,0.10121,127976.36228997006
2022-09-02T00:00:00Z,OXTUSD,0.1013,0.1037,0.10043,0.10043,132852.45295066002
2022-09-03T00:00:00Z,OXTUSD,0.10035,0.1053,0.10014,0.1009,459125.81102916994
2022-09-04T00:00:00Z,OXTUSD,0.10117,0.11675,0.10117,0.1033,1228486.588363852
2022-09-05T00:00:00Z,OXTUSD,0.10371,0.11447,0.10167,0.10387,1469637.3525385011
2022-09-06T00:00:00Z,OXTUSD,0.10447,0.11643,0.10035,0.10146,1025002.7583180307
2022-09-07T00:00:00Z,OXTUSD,0.10152,0.139,0.10135,0.11428,4483930.825863418
2022-09-08T00:00:00Z,OXTUSD,0.11446,0.12213,0.10914,0.1105,1553420.3586409874
2022-09-09T00:00:00Z,OXTUSD,0.1107,0.11581,0.1107,0.11476,1476416.4593979616
2022-09-10T00:00:00Z,OXTUSD,0.11423,0.12145,0.11244,0.11502,2279646.423737565
2022-09-11T00:00:00Z,OXTUSD,0.11447,0.11829,0.11276,0.11525,1243549.7482936087
2022-09-12T00:00:00Z,OXTUSD,0.11462,0.11943,0.11352,0.11427,1443049.2492410995
2022-09-13T00:00:00Z,OXTUSD,0.11482,0.11503,0.10712,0.10739,1664181.5224538974
2022-09-14T00:00:00Z,OXTUSD,0.10728,0.10957,0.10337,0.10776,1248348.966517509
2022-09-15T00:00:00Z,OXTUSD,0.10754,0.10754,0.10302,0.10444,1004580.5184067797
2022-09-16T00:00:00Z,OXTUSD,0.10403,0.10403,0.10168,0.10328,930318.0120546204
2022-09-17T00:00:00Z,OXTUSD,0.10288,0.10531,0.10288,0.10484,240758.00775932
2022-09-18T00:00:00Z,OXTUSD,0.10462,0.10485,0.09888,0.09888,634651.1238480499
2022-09-19T00:00:00Z,OXTUSD,0.09893,0.101,0.09646,0.10028,1244510.4792525796
2022-09-20T00:00:00Z,OXTUSD,0.10003,0.10117,0.09749,0.09749,472843.5766175001
2022-09-21T00:00:00Z,OXTUSD,0.09788,0.10281,0.09675,0.09788,1149788.78735156
2022-09-22T00:00:00Z,OXTUSD,0.0976,0.10147,0.0976,0.10107,261923.46884116996
2022-09-23T00:00:00Z,OXTUSD,0.10089,0.10183,0.09824,0.10068,288611.73587547976
2022-09-24T00:00:00Z,OXTUSD,0.10039,0.10118,0.09965,0.09988,256608.2863783302
2022-09-25T00:00:00Z,OXTUSD,0.10035,0.10462,0.09885,0.09885,595412.4945116402
2022-09-26T00:00:00Z,OXTUSD,0.09885,0.10017,0.09819,0.09841,589828.3130211098
2022-09-27T00:00:00Z,OXTUSD,0.09876,0.1025,0.09844,0.0992,409544.14382471005
2022-09-28T00:00:00Z,OXTUSD,0.09925,0.09931,0.09695,0.0987,241585.00595296003
2022-09-29T00:00:00Z,OXTUSD,0.09873,0.09913,0.09693,0.09893,530373.4524062902
2022-09-30T00:00:00Z,OXTUSD,0.09855,0.10981,0.0982,0.09862,996838.8971902586
2022-10-01T00:00:00Z,OXTUSD,0.09861,0.10145,0.09779,0.09856,534134.7249397901
2022-10-02T00:00:00Z,OXTUSD,0.0991,0.0991,0.09662,0.09752,201788.82007198
2022-10-03T00:00:00Z,OXTUSD,0.0976,0.09881,0.09716,0.09755,82506.35972710999
2022-10-04T00:00:00Z,OXTUSD,0.09732,0.09971,0.09732,0.0994,170911.86991467
2022-10-05T00:00:00Z,OXTUSD,0.09917,0.09917,0.09694,0.09811,198177.01578244986
2022-10-06T00:00:00Z,OXTUSD,0.09811,0.0989,0.09748,0.09766,84251.87131261
2022-10-07T00:00:00Z,OXTUSD,0.09749,0.09899,0.09684,0.0979,397840.34343492007
2022-10-08T00:00:00Z,OXTUSD,0.09807,0.10036,0.09756,0.09806,246520.11536469983
2022-10-09T00:00:00Z,OXTUSD,0.09782,0.09782,0.0962,0.09733,215390.02351652
2022-10-10T00:00:00Z,OXTUSD,0.0974,0.09747,0.09528,0.09536,83824.42795560001
2022-10-11T00:00:00Z,OXTUSD,0.09522,0.09522,0.09147,0.09212,355422.03776787996
2022-10-12T00:00:00Z,OXTUSD,0.09202,0.09311,0.09202,0.09274,79783.33995091
2022-10-13T00:00:00Z,OXTUSD,0.09229,0.09229,0.0862,0.09199,909917.3143426692
2022-10-14T00:00:00Z,OXTUSD,0.09183,0.102,0.0915,0.09579,2927839.44804772
2022-10-15T00:00:00Z,OXTUSD,0.09581,0.11801,0.0954,0.09899,18542839.826242357
2022-10-16T00:00:00Z,OXTUSD,0.09871,0.09915,0.09449,0.09569,1409224.3892583195
2022-10-17T00:00:00Z,OXTUSD,0.09555,0.09595,0.0949,0.09551,75072.96657113002
2022-10-18T00:00:00Z,OXTUSD,0.09553,0.09903,0.09445,0.09459,1089596.0355500607
2022-10-19T00:00:00Z,OXTUSD,0.09445,0.09445,0.09159,0.09159,375717.13357894006
2022-10-20T00:00:00Z,OXTUSD,0.09157,0.09206,0.0899,0.09067,168993.43597474002
2022-10-21T00:00:00Z,OXTUSD,0.08967,0.09309,0.08832,0.09173,305793.2483500901
2022-10-22T00:00:00Z,OXTUSD,0.09182,0.09537,0.09132,0.09214,2340812.3134920322
2022-10-23T00:00:00Z,OXTUSD,0.09236,0.09399,0.0907,0.09192,761218.08119886
2022-10-24T00:00:00Z,OXTUSD,0.0924,0.09246,0.09056,0.09159,523658.00392467005
2022-10-25T00:00:00Z,OXTUSD,0.09161,0.09418,0.09035,0.09159,826897.5337396096
2022-10-26T00:00:00Z,OXTUSD,0.09209,0.09599,0.09201,0.09574,1058181.9199657596
2022-10-27T00:00:00Z,OXTUSD,0.09563,0.09631,0.09259,0.09259,1064982.4315049392
2022-10-28T00:00:00Z,OXTUSD,0.09263,0.09472,0.09068,0.09462,674526.9550531002
2022-10-29T00:00:00Z,OXTUSD,0.09448,0.09596,0.09372,0.09446,1009704.5144108692
2022-10-30T00:00:00Z,OXTUSD,0.09432,0.0966,0.09361,0.09368,392041.6485322301
2022-10-31T00:00:00Z,OXTUSD,0.09388,0.09508,0.0936,0.09411,235714.52355748008
2022-11-01T00:00:00Z,OXTUSD,0.09422,0.09453,0.09287,0.09299,121563.99424871003
2022-11-02T00:00:00Z,OXTUSD,0.09299,0.09664,0.09017,0.09464,1138805.8743588105
2022-11-03T00:00:00Z,OXTUSD,0.09491,0.10619,0.09491,0.0998,6015041.29722271
2022-11-04T00:00:00Z,OXTUSD,0.09995,0.11059,0.09936,0.10476,5129228.190728864
2022-11-05T00:00:00Z,OXTUSD,0.10476,0.10615,0.10311,0.10416,989469.6751987599
2022-11-06T00:00:00Z,OXTUSD,0.10396,0.10396,0.09937,0.09943,339815.0122880902
2022-11-07T00:00:00Z,OXTUSD,0.09936,0.10102,0.09814,0.09952,817273.03014
2022-11-08T00:00:00Z,OXTUSD,0.09967,0.0999,0.08747,0.0917,1881777.05314822
2022-11-09T00:00:00Z,OXTUSD,0.09054,0.09187,0.07745,0.07894,2642410.860063149
2022-11-10T00:00:00Z,OXTUSD,0.0783,0.0884,0.0782,0.08711,1971023.6691643002
2022-11-11T00:00:00Z,OXTUSD,0.0871,0.08818,0.08308,0.08595,1550302.1797496304
2022-11-12T00:00:00Z,OXTUSD,0.08599,0.08599,0.08261,0.08261,142289.58395753003
2022-11-13T00:00:00Z,OXTUSD,0.08313,0.08313,0.07897,0.08159,226888.92362305993
2022-11-14T00:00:00Z,OXTUSD,0.08115,0.08175,0.07677,0.08065,282202.1132483501
2022-11-15T00:00:00Z,OXTUSD,0.08137,0.0879,0.08137,0.08293,574332.29630349
2022-11-16T00:00:00Z,OXTUSD,0.08283,0.0884,0.07986,0.08017,1069926.3713155494
2022-11-17T00:00:00Z,OXTUSD,0.08084,0.08195,0.07913,0.07929,565978.7470899703
2022-11-18T00:00:00Z,OXTUSD,0.08059,0.08125,0.08031,0.08068,38362.76831409
2022-11-19T00:00:00Z,OXTUSD,0.08076,0.09264,0.08036,0.08233,4078560.199194514
2022-11-20T00:00:00Z,OXTUSD,0.08222,0.08274,0.07971,0.07987,337884.71628041996
2022-11-21T00:00:00Z,OXTUSD,0.07962,0.07975,0.07658,0.07757,1359578.8749300095
2022-11-22T00:00:00Z,OXTUSD,0.07771,0.0795,0.07643,0.07889,362847.62235478015
2022-11-23T00:00:00Z,OXTUSD,0.07962,0.08491,0.07962,0.081,995765.97529415
2022-11-24T00:00:00Z,OXTUSD,0.08106,0.08243,0.079,0.0797,158948.04643448
2022-11-25T00:00:00Z,OXTUSD,0.0795,0.07979,0.07891,0.07979,55561.10965244999
2022-11-26T00:00:00Z,OXTUSD,0.08008,0.0835,0.07964,0.08143,2373535.6124946284
2022-11-27T00:00:00Z,OXTUSD,0.08171,0.08319,0.08102,0.08108,154189.66338335007
2022-11-28T00:00:00Z,OXTUSD,0.08019,0.08071,0.07723,0.07958,222352.7833412
2022-11-29T00:00:00Z,OXTUSD,0.07881,0.0821,0.07859,0.0814,492633.79666204005
2022-11-30T00:00:00Z,OXTUSD,0.08082,0.0848,0.08052,0.0832,675450.9062520001
2022-12-01T00:00:00Z,OXTUSD,0.0828,0.08501,0.08181,0.08181,232601.69075974004
2022-12-02T00:00:00Z,OXTUSD,0.08185,0.0843,0.08141,0.08285,248352.06790838993
2022-12-03T00:00:00Z,OXTUSD,0.08239,0.08641,0.08239,0.0842,654411.6880610199
2022-12-04T00:00:00Z,OXTUSD,0.08361,0.08549,0.0826,0.08322,174672.55394296005
2022-12-05T00:00:00Z,OXTUSD,0.084,0.08526,0.08152,0.08306,236833.58084662998
2022-12-06T00:00:00Z,OXTUSD,0.08282,0.08709,0.08268,0.08345,205714.74893692002
2022-12-07T00:00:00Z,OXTUSD,0.08359,0.08485,0.08164,0.08197,150633.21727372005
2022-12-08T00:00:00Z,OXTUSD,0.08177,0.08359,0.0815,0.08326,63562.320635960015
2022-12-09T00:00:00Z,OXTUSD,0.08343,0.08679,0.08315,0.08411,202398.3576492
2022-12-10T00:00:00Z,OXTUSD,0.08365,0.08438,0.08291,0.08318,76948.08334853999
2022-12-11T00:00:00Z,OXTUSD,0.0845,0.0847,0.08304,0.08319,287290.05566088005
2022-12-12T00:00:00Z,OXTUSD,0.08296,0.08296,0.0805,0.08107,216770.88774233992
2022-12-13T00:00:00Z,OXTUSD,0.08088,0.0821,0.0789,0.08063,252539.09253696993
2022-12-14T00:00:00Z,OXTUSD,0.08151,0.08287,0.08025,0.0811,123918.25555046
2022-12-15T00:00:00Z,OXTUSD,0.08104,0.09053,0.0802,0.08142,1751297.7691013892
2022-12-16T00:00:00Z,OXTUSD,0.08172,0.08265,0.07476,0.07489,598938.8067619898
2022-12-17T00:00:00Z,OXTUSD,0.07538,0.0754,0.07346,0.0745,250546.41115103
2022-12-18T00:00:00Z,OXTUSD,0.0746,0.07525,0.07357,0.07411,69590.55734225998
2022-12-19T00:00:00Z,OXTUSD,0.0737,0.07412,0.06975,0.06975,92773.55218525
2022-12-20T00:00:00Z,OXTUSD,0.06975,0.07277,0.06924,0.07277,27269.12915931
2022-12-21T00:00:00Z,OXTUSD,0.07279,0.073,0.0711,0.07137,144862.25591898
2022-12-22T00:00:00Z,OXTUSD,0.07171,0.07171,0.07099,0.07109,53123.890188629994
2022-12-23T00:00:00Z,OXTUSD,0.0708,0.07196,0.0702,0.07161,133437.75586230005
2022-12-24T00:00:00Z,OXTUSD,0.0717,0.07473,0.0717,0.07242,418369.56786178995
2022-12-25T00:00:00Z,OXTUSD,0.07311,0.07311,0.07074,0.0711,63487.46577545
2022-12-26T00:00:00Z,OXTUSD,0.07091,0.07231,0.07091,0.07152,201668.32717525
2022-12-27T00:00:00Z,OXTUSD,0.07244,0.07244,0.07012,0.07139,290872.84775753
2022-12-28T00:00:00Z,OXTUSD,0.07149,0.07195,0.0688,0.06962,200169.94739346
2022-12-29T00:00:00Z,OXTUSD,0.06942,0.06947,0.06786,0.06851,66342.70758497002
2022-12-30T00:00:00Z,OXTUSD,0.06826,0.06834,0.0661,0.06674,591446.49484793
2022-12-31T00:00:00Z,OXTUSD,0.06676,0.07292,0.06621,0.06743,1477678.7640745698
2023-01-01T00:00:00Z,OXTUSD,0.06696,0.06728,0.06664,0.06711,31329.311081760003
2023-01-02T00:00:00Z,OXTUSD,0.06712,0.06902,0.06705,0.06873,374508.15565048
2023-01-03T00:00:00Z,OXTUSD,0.06856,0.07373,0.06846,0.06947,527626.5550490799
2023-01-04T00:00:00Z,OXTUSD,0.06904,0.06978,0.0687,0.06933,219532.02506557
2023-01-05T00:00:00Z,OXTUSD,0.06945,0.0697,0.06794,0.0685,353979.95052758
2023-01-06T00:00:00Z,OXTUSD,0.0687,0.06875,0.06701,0.06861,116250.26414764
2023-01-07T00:00:00Z,OXTUSD,0.06881,0.0695,0.06821,0.06821,108229.40738279001
2023-01-08T00:00:00Z,OXTUSD,0.0684,0.07013,0.0684,0.07013,113436.00220312
2023-01-09T00:00:00Z,OXTUSD,0.07039,0.07242,0.07032,0.07178,192839.73790915005
2023-01-10T00:00:00Z,OXTUSD,0.07101,0.07298,0.071,0.07227,248949.63074008003
2023-01-11T00:00:00Z,OXTUSD,0.07157,0.0725,0.07049,0.07213,11619.18385442
2023-01-12T00:00:00Z,OXTUSD,0.07307,0.07436,0.07221,0.07329,63987.50848088001
2023-01-13T00:00:00Z,OXTUSD,0.07346,0.07546,0.07338,0.07546,178876.29201307
2023-01-14T00:00:00Z,OXTUSD,0.0757,0.07964,0.0752,0.07767,1317361.6974285902
2023-01-15T00:00:00Z,OXTUSD,0.0774,0.0826,0.0758,0.07881,2885461.7731770203
2023-01-16T00:00:00Z,OXTUSD,0.07878,0.08066,0.07726,0.07839,534457.5294628098
2023-01-17T00:00:00Z,OXTUSD,0.07795,0.07857,0.07741,0.07756,89662.41952717004
2023-01-18T00:00:00Z,OXTUSD,0.07796,0.07893,0.07215,0.07303,573278.9883862601
2023-01-19T00:00:00Z,OXTUSD,0.07322,0.0759,0.07322,0.07573,77624.20182547001
2023-01-20T00:00:00Z,OXTUSD,0.07511,0.08074,0.07509,0.08034,229270.04259779002
2023-01-21T00:00:00Z,OXTUSD,0.08053,0.08172,0.07859,0.07938,760726.6778085404
2023-01-22T00:00:00Z,OXTUSD,0.07921,0.08166,0.07758,0.07896,458510.7565435401
2023-01-23T00:00:00Z,OXTUSD,0.07976,0.1045,0.07969,0.0952,5479968.4847592125
2023-01-24T00:00:00Z,OXTUSD,0.09504,0.10678,0.08526,0.08707,9750086.582682252
2023-01-25T00:00:00Z,OXTUSD,0.087,0.09351,0.08451,0.08778,1787094.8707654516
2023-01-26T00:00:00Z,OXTUSD,0.08728,0.08915,0.0868,0.08766,446192.33553295
2023-01-27T00:00:00Z,OXTUSD,0.08728,0.08793,0.08568,0.08793,172287.60536072
2023-01-28T00:00:00Z,OXTUSD,0.08788,0.11335,0.08654,0.09969,5257896.904500228
2023-01-29T00:00:00Z,OXTUSD,0.10008,0.10577,0.093,0.09674,3944945.735924511
2023-01-30T00:00:00Z,OXTUSD,0.09671,0.09962,0.09366,0.09474,1148009.3674271512
2023-01-31T00:00:00Z,OXTUSD,0.09466,0.10117,0.09424,0.096,768514.0560747603
2023-02-01T00:00:00Z,OXTUSD,0.09629,0.10103,0.09459,0.09914,1087122.2474750995
2023-02-02T00:00:00Z,OXTUSD,0.09957,0.1009,0.09667,0.0975,1179228.9500509896
2023-02-03T00:00:00Z,OXTUSD,0.09821,0.1003,0.09742,0.1003,228303.91238322994
2023-02-04T00:00:00Z,OXTUSD,0.1,0.10164,0.09888,0.09888,278212.62715395994
2023-02-05T00:00:00Z,OXTUSD,0.09886,0.09976,0.09475,0.09671,271531.86945150996
2023-02-06T00:00:00Z,OXTUSD,0.09692,0.09739,0.09538,0.09591,268067.09147317
2023-02-07T00:00:00Z,OXTUSD,0.09644,0.10239,0.09644,0.10198,941175.6637479807
2023-02-08T00:00:00Z,OXTUSD,0.10174,0.10205,0.0978,0.09847,295106.32824396004
2023-02-09T00:00:00Z,OXTUSD,0.09844,0.09944,0.0913,0.09222,1098369.4953771902
2023-02-10T00:00:00Z,OXTUSD,0.09235,0.09415,0.09084,0.09345,360945.95861957
2023-02-11T00:00:00Z,OXTUSD,0.09379,0.0953,0.09319,0.09436,102881.20577171998
2023-02-12T00:00:00Z,OXTUSD,0.09415,0.10213,0.09365,0.09485,1886837.297336281
2023-02-13T00:00:00Z,OXTUSD,0.09442,0.09442,0.08934,0.09151,203055.16202541997
2023-02-14T00:00:00Z,OXTUSD,0.09145,0.0958,0.09142,0.09457,283143.99861660984
2023-02-15T00:00:00Z,OXTUSD,0.09424,0.09919,0.09318,0.09905,224680.80778306
2023-02-16T00:00:00Z,OXTUSD,0.09919,0.10343,0.09646,0.09682,1173785.2812665198
2023-02-17T00:00:00Z,OXTUSD,0.09725,0.1003,0.09636,0.09969,893496.8643528501
2023-02-18T00:00:00Z,OXTUSD,0.09972,0.10189,0.099,0.09903,328085.9094672102
2023-02-19T00:00:00Z,OXTUSD,0.09974,0.10259,0.09906,0.10162,430277.2731990501
2023-02-20T00:00:00Z,OXTUSD,0.10122,0.12026,0.0991,0.10675,2267145.57258597
2023-02-21T00:00:00Z,OXTUSD,0.10705,0.11444,0.10186,0.10346,1310090.3930359308
2023-02-22T00:00:00Z,OXTUSD,0.10385,0.10385,0.09888,0.10177,521603.41839072964
2023-02-23T00:00:00Z,OXTUSD,0.10218,0.1037,0.099,0.10121,158400.58499501002
2023-02-24T00:00:00Z,OXTUSD,0.10162,0.10224,0.09611,0.09611,113880.30209845005
2023-02-25T00:00:00Z,OXTUSD,0.09707,0.09921,0.0946,0.09581,201634.6046203299
2023-02-26T00:00:00Z,OXTUSD,0.09591,0.09896,0.09591,0.0979,129878.52280219
2023-02-27T00:00:00Z,OXTUSD,0.0975,0.10015,0.09602,0.09765,575662.59996868
2023-02-28T00:00:00Z,OXTUSD,0.09766,0.09766,0.0923,0.0925,616308.9165756803
2023-03-01T00:00:00Z,OXTUSD,0.09249,0.0982,0.0923,0.09535,837137.6217575999
2023-03-02T00:00:00Z,OXTUSD,0.0958,0.10629,0.0932,0.10018,1453710.7367605492
2023-03-03T00:00:00Z,OXTUSD,0.09986,0.10775,0.09266,0.09495,3950470.4991003275
2023-03-04T00:00:00Z,OXTUSD,0.09411,0.09746,0.08834,0.08907,745683.1436589601
2023-03-05T00:00:00Z,OXTUSD,0.08919,0.09512,0.08919,0.08993,694248.63785823
2023-03-06T00:00:00Z,OXTUSD,0.0897,0.0938,0.08953,0.0909,465680.99265462003
2023-03-07T00:00:00Z,OXTUSD,0.09093,0.09145,0.08742,0.08845,502237.4261881099
2023-03-08T00:00:00Z,OXTUSD,0.08852,0.08881,0.0854,0.0856,164609.16334328
2023-03-09T00:00:00Z,OXTUSD,0.08585,0.08644,0.0806,0.08189,201843.37072557
2023-03-10T00:00:00Z,OXTUSD,0.08195,0.08408,0.07711,0.08344,898989.99804003
2023-03-11T00:00:00Z,OXTUSD,0.0836,0.085,0.08083,0.08257,676888.0996503402
2023-03-12T00:00:00Z,OXTUSD,0.08261,0.0869,0.08095,0.08668,217333.33512741997
2023-03-13T00:00:00Z,OXTUSD,0.08647,0.08939,0.08381,0.08806,320435.25265295
2023-03-14T00:00:00Z,OXTUSD,0.08819,0.09372,0.08809,0.09065,815226.6722426097
2023-03-15T00:00:00Z,OXTUSD,0.09171,0.09231,0.08445,0.08644,485247.094596
2023-03-16T00:00:00Z,OXTUSD,0.08615,0.08759,0.08546,0.08703,101530.93361548
2023-03-17T00:00:00Z,OXTUSD,0.08741,0.09207,0.08732,0.09183,133926.62598675996
2023-03-18T00:00:00Z,OXTUSD,0.09179,0.09382,0.09012,0.09191,309013.3813378201
2023-03-19T00:00:00Z,OXTUSD,0.0922,0.0969,0.09145,0.09399,455471.31282563997
2023-03-20T00:00:00Z,OXTUSD,0.09387,0.09419,0.08808,0.08808,261308.95172730004
2023-03-21T00:00:00Z,OXTUSD,0.0879,0.09079,0.08711,0.08902,120975.10497172
2023-03-22T00:00:00Z,OXTUSD,0.08925,0.08979,0.08411,0.08572,465299.45365688996
2023-03-23T00:00:00Z,OXTUSD,0.08576,0.08915,0.08576,0.08886,65020.80697022001
2023-03-24T00:00:00Z,OXTUSD,0.0888,0.08897,0.0853,0.08554,127982.46197043
2023-03-25T00:00:00Z,OXTUSD,0.08575,0.08579,0.08424,0.08454,69697.3492905
2023-03-26T00:00:00Z,OXTUSD,0.08614,0.08664,0.08513,0.08513,13071.390137510001
2023-03-27T00:00:00Z,OXTUSD,0.08532,0.08593,0.08201,0.08332,124594.29205746
2023-03-28T00:00:00Z,OXTUSD,0.08332,0.08482,0.08251,0.08411,45700.13696201001
2023-03-29T00:00:00Z,OXTUSD,0.08475,0.08752,0.08457,0.0865,267019.88118026
2023-03-30T00:00:00Z,OXTUSD,0.08671,0.09372,0.0859,0.09037,2590808.2562485184
2023-03-31T00:00:00Z,OXTUSD,0.0905,0.0906,0.08685,0.08883,216744.7281036599
2023-04-01T00:00:00Z,OXTUSD,0.08892,0.09021,0.08793,0.08899,185140.48854181002
2023-04-02T00:00:00Z,OXTUSD,0.08829,0.08829,0.0859,0.08615,147230.96636294998
2023-04-03T00:00:00Z,OXTUSD,0.08653,0.08696,0.0837,0.08573,161621.55821555
2023-04-04T00:00:00Z,OXTUSD,0.08515,0.0869,0.0848,0.08681,283709.83320864994
2023-04-05T00:00:00Z,OXTUSD,0.08627,0.08975,0.08614,0.08963,531332.22755023
2023-04-06T00:00:00Z,OXTUSD,0.08964,0.0907,0.08799,0.08801,272492.33006724
2023-04-07T00:00:00Z,OXTUSD,0.08794,0.08827,0.08566,0.08566,162824.92538827998
2023-04-08T00:00:00Z,OXTUSD,0.08604,0.0899,0.08604,0.08945,310939.3278509101
2023-04-09T00:00:00Z,OXTUSD,0.08958,0.09134,0.08835,0.08921,395155.55407656
2023-04-10T00:00:00Z,OXTUSD,0.08991,0.09251,0.08945,0.09173,546254.7559507601
2023-04-11T00:00:00Z,OXTUSD,0.0916,0.09226,0.09038,0.09137,353350.33125723014
2023-04-12T00:00:00Z,OXTUSD,0.09189,0.09214,0.08829,0.08998,119972.66430790999
2023-04-13T00:00:00Z,OXTUSD,0.08879,0.0897,0.0882,0.08928,75914.79612167999
2023-04-14T00:00:00Z,OXTUSD,0.09,0.09161,0.0898,0.09092,149644.45198237998
2023-04-15T00:00:00Z,OXTUSD,0.09043,0.0914,0.0897,0.09097,195185.41586029
2023-04-16T00:00:00Z,OXTUSD,0.09072,0.0924,0.0899,0.09219,100761.37528078
2023-04-17T00:00:00Z,OXTUSD,0.09209,0.09209,0.08848,0.08885,96999.58740779
2023-04-18T00:00:00Z,OXTUSD,0.08908,0.09197,0.0888,0.09156,194676.15134745993
2023-04-19T00:00:00Z,OXTUSD,0.09047,0.09057,0.08409,0.08423,470895.1997287902
2023-04-20T00:00:00Z,OXTUSD,0.0842,0.0864,0.08157,0.0824,517768.94885933003
2023-04-21T00:00:00Z,OXTUSD,0.08278,0.08278,0.07982,0.07982,44485.65880001
2023-04-22T00:00:00Z,OXTUSD,0.07949,0.08215,0.07949,0.0809,218237.8644922799
2023-04-23T00:00:00Z,OXTUSD,0.08069,0.0808,0.07852,0.07857,143500.98478582996
2023-04-24T00:00:00Z,OXTUSD,0.07881,0.07982,0.07839,0.07955,26228.19016758
2023-04-25T00:00:00Z,OXTUSD,0.07932,0.08019,0.07712,0.08018,126776.55273947999
2023-04-26T00:00:00Z,OXTUSD,0.07991,0.083,0.07818,0.0791,112251.58222425
2023-04-27T00:00:00Z,OXTUSD,0.08008,0.08085,0.0786,0.0801,153728.62544881
2023-04-28T00:00:00Z,OXTUSD,0.08,0.0803,0.07951,0.0803,48284.63010133999
2023-04-29T00:00:00Z,OXTUSD,0.0803,0.0838,0.0801,0.08127,596799.76623372
2023-04-30T00:00:00Z,OXTUSD,0.08104,0.08104,0.0788,0.07909,212614.13306365997
2023-05-01T00:00:00Z,OXTUSD,0.0794,0.0794,0.07684,0.07684,107951.06779851
2023-05-02T00:00:00Z,OXTUSD,0.07668,0.07837,0.07668,0.07837,42890.253478390005
2023-05-03T00:00:00Z,OXTUSD,0.07831,0.07863,0.07749,0.0785,57346.354772700004
2023-05-04T00:00:00Z,OXTUSD,0.07779,0.0782,0.0776,0.0778,57596.63466832001
2023-05-05T00:00:00Z,OXTUSD,0.07792,0.0836,0.07792,0.07931,506682.97900605976
2023-05-06T00:00:00Z,OXTUSD,0.07906,0.07906,0.07501,0.07549,69526.62432966
2023-05-07T00:00:00Z,OXTUSD,0.07631,0.07744,0.07612,0.0766,53029.10900078
2023-05-08T00:00:00Z,OXTUSD,0.07631,0.07631,0.07057,0.07133,284092.8868595698
2023-05-09T00:00:00Z,OXTUSD,0.07131,0.07178,0.06924,0.07143,138755.99044917
2023-05-10T00:00:00Z,OXTUSD,0.07127,0.07302,0.06941,0.07113,324593.60882043
2023-05-11T00:00:00Z,OXTUSD,0.07097,0.071,0.067,0.06765,141501.93870923994
2023-05-12T00:00:00Z,OXTUSD,0.06736,0.06893,0.06631,0.06893,158519.5998087
2023-05-13T00:00:00Z,OXTUSD,0.0681,0.06871,0.0679,0.06823,12163.264690340002
2023-05-14T00:00:00Z,OXTUSD,0.06791,0.06952,0.06791,0.06859,59971.43841308999
2023-05-15T00:00:00Z,OXTUSD,0.06801,0.07139,0.06801,0.07081,19119.81453851
2023-05-16T00:00:00Z,OXTUSD,0.06941,0.06941,0.06813,0.06839,55190.01536793
2023-05-17T00:00:00Z,OXTUSD,0.069,0.06924,0.06721,0.06924,48112.95889999
2023-05-18T00:00:00Z,OXTUSD,0.06921,0.06921,0.06705,0.06793,30422.803186860005
2023-05-19T00:00:00Z,OXTUSD,0.0678,0.0684,0.0678,0.0684,50197.97359096
2023-05-20T00:00:00Z,OXTUSD,0.0679,0.0686,0.0679,0.0683,156673.58020007
2023-05-21T00:00:00Z,OXTUSD,0.0682,0.0682,0.06661,0.06676,97848.65876725
2023-05-22T00:00:00Z,OXTUSD,0.0668,0.0676,0.06651,0.0675,152402.64483243
2023-05-23T00:00:00Z,OXTUSD,0.0672,0.0678,0.06672,0.0674,120735.31446905003
2023-05-24T00:00:00Z,OXTUSD,0.06741,0.0678,0.0661,0.06645,390243.88034741
2023-05-25T00:00:00Z,OXTUSD,0.06599,0.06599,0.06441,0.06548,30305.36677236999
2023-05-26T00:00:00Z,OXTUSD,0.066,0.06849,0.066,0.06705,697419.6707302205
2023-05-27T00:00:00Z,OXTUSD,0.06669,0.06709,0.0663,0.06679,5760.8790751199995
2023-05-28T00:00:00Z,OXTUSD,0.06709,0.06808,0.06701,0.06777,156168.42319983
2023-05-29T00:00:00Z,OXTUSD,0.06788,0.06788,0.06697,0.06727,44010.17182672
2023-05-30T00:00:00Z,OXTUSD,0.06702,0.0676,0.06698,0.06712,106946.11495887999
2023-05-31T00:00:00Z,OXTUSD,0.06748,0.06748,0.0652,0.06545,302588.7944922499
2023-06-01T00:00:00Z,OXTUSD,0.06524,0.06567,0.0644,0.0653,75738.72559790999
2023-06-02T00:00:00Z,OXTUSD,0.0645,0.06671,0.0645,0.0665,58518.01705162001
2023-06-03T00:00:00Z,OXTUSD,0.06561,0.06646,0.06552,0.06558,159550.53505654997
2023-06-04T00:00:00Z,OXTUSD,0.06561,0.06722,0.06561,0.06641,198104.92396121004
2023-06-05T00:00:00Z,OXTUSD,0.06607,0.0679,0.06124,0.06167,771935.8142780903
2023-06-06T00:00:00Z,OXTUSD,0.06149,0.063,0.06119,0.06229,162701.94467230007
2023-06-07T00:00:00Z,OXTUSD,0.0619,0.06208,0.05767,0.05774,233330.72551177003
2023-06-08T00:00:00Z,OXTUSD,0.05816,0.0582,0.05747,0.05781,120047.45464227004
2023-06-09T00:00:00Z,OXTUSD,0.05787,0.05911,0.05743,0.05766,198181.02161123
2023-06-10T00:00:00Z,OXTUSD,0.0575,0.05757,0.05122,0.05239,566040.0988875399
2023-06-11T00:00:00Z,OXTUSD,0.0522,0.05289,0.0516,0.05221,100053.24055287999
2023-06-12T00:00:00Z,OXTUSD,0.05221,0.05221,0.05097,0.05127,176287.82073743007
2023-06-13T00:00:00Z,OXTUSD,0.05108,0.05203,0.05107,0.0511,184801.35885829997
2023-06-14T00:00:00Z,OXTUSD,0.0512,0.05156,0.04829,0.0485,519521.56700589013
2023-06-15T00:00:00Z,OXTUSD,0.0486,0.04879,0.04641,0.0479,443248.19081781997
2023-06-16T00:00:00Z,OXTUSD,0.04769,0.04878,0.04721,0.0479,107269.41470225001
2023-06-17T00:00:00Z,OXTUSD,0.04752,0.04977,0.0475,0.04903,539613.5459327798
2023-06-18T00:00:00Z,OXTUSD,0.04883,0.05173,0.04857,0.05047,529887.9099638601
2023-06-19T00:00:00Z,OXTUSD,0.05011,0.0595,0.05011,0.05401,3431377.010092571
2023-06-20T00:00:00Z,OXTUSD,0.05387,0.06121,0.05387,0.05469,2913381.1667224523
2023-06-21T00:00:00Z,OXTUSD,0.05422,0.05627,0.05404,0.05576,362507.0488674099
2023-06-22T00:00:00Z,OXTUSD,0.05579,0.0567,0.05301,0.05301,257667.03716378013
2023-06-23T00:00:00Z,OXTUSD,0.05329,0.05709,0.05221,0.05381,279425.99330156005
2023-06-24T00:00:00Z,OXTUSD,0.05395,0.05435,0.05292,0.05336,237772.38186902006
2023-06-25T00:00:00Z,OXTUSD,0.05356,0.0548,0.05293,0.05344,105639.92268961997
2023-06-26T00:00:00Z,OXTUSD,0.05331,0.05331,0.0515,0.05169,117057.64594079998
2023-06-27T00:00:00Z,OXTUSD,0.05176,0.05457,0.05176,0.05437,366662.55486302
2023-06-28T00:00:00Z,OXTUSD,0.05403,0.05419,0.0494,0.04963,293108.51443861006
2023-06-29T00:00:00Z,OXTUSD,0.0499,0.0506,0.0498,0.0498,146725.28960303
2023-06-30T00:00:00Z,OXTUSD,0.0495,0.05233,0.04914,0.05167,383988.6336400301
2023-07-01T00:00:00Z,OXTUSD,0.05184,0.05249,0.05096,0.05218,283142.22770124994
2023-07-02T00:00:00Z,OXTUSD,0.0519,0.05258,0.05088,0.05157,158830.69506414
2023-07-03T00:00:00Z,OXTUSD,0.05201,0.05976,0.05167,0.05787,2557314.27508943
2023-07-04T00:00:00Z,OXTUSD,0.0583,0.07113,0.05579,0.05581,6260687.486822705
2023-07-05T00:00:00Z,OXTUSD,0.0558,0.0574,0.0542,0.0542,526370.53604184
2023-07-06T00:00:00Z,OXTUSD,0.05376,0.0547,0.05215,0.05215,262654.56550937
2023-07-07T00:00:00Z,OXTUSD,0.05209,0.05252,0.05112,0.05121,131016.79441337999
2023-07-08T00:00:00Z,OXTUSD,0.05136,0.05311,0.0513,0.0523,540997.3566835596
2023-07-09T00:00:00Z,OXTUSD,0.05233,0.0532,0.05168,0.05199,221835.02223181003
2023-07-10T00:00:00Z,OXTUSD,0.05194,0.05194,0.05122,0.05179,146973.74646095
2023-07-11T00:00:00Z,OXTUSD,0.05193,0.05201,0.05076,0.05126,93166.03840130998
2023-07-12T00:00:00Z,OXTUSD,0.05106,0.05204,0.0498,0.05087,154302.61350259007
2023-07-13T00:00:00Z,OXTUSD,0.05174,0.0536,0.05085,0.05321,427379.2595527997
2023-07-14T00:00:00Z,OXTUSD,0.05331,0.0554,0.05174,0.05213,519452.3505253301
2023-07-15T00:00:00Z,OXTUSD,0.05237,0.05354,0.05215,0.05231,151185.82082127003
2023-07-16T00:00:00Z,OXTUSD,0.05224,0.053,0.0513,0.0513,95103.36126481001
2023-07-17T00:00:00Z,OXTUSD,0.05141,0.05161,0.05058,0.05148,56559.049843220004
2023-07-18T00:00:00Z,OXTUSD,0.05158,0.05158,0.04964,0.04991,195659.83835229004
2023-07-19T00:00:00Z,OXTUSD,0.0501,0.05061,0.05007,0.05031,55346.39643752
2023-07-20T00:00:00Z,OXTUSD,0.0503,0.05126,0.04962,0.0501,105302.26190938002
2023-07-21T00:00:00Z,OXTUSD,0.05036,0.05061,0.04991,0.0502,83702.20075655998
2023-07-22T00:00:00Z,OXTUSD,0.05066,0.05126,0.0497,0.0497,176505.09643519003
2023-07-23T00:00:00Z,OXTUSD,0.04983,0.0627,0.04983,0.05624,4794288.061256105
2023-07-24T00:00:00Z,OXTUSD,0.05624,0.05629,0.04971,0.04971,1676074.9476460214
2023-07-25T00:00:00Z,OXTUSD,0.04991,0.05048,0.04922,0.04949,697551.3059681596
2023-07-26T00:00:00Z,OXTUSD,0.04931,0.0523,0.0493,0.05053,688891.5446866498
2023-07-27T00:00:00Z,OXTUSD,0.05072,0.05182,0.05044,0.05052,160930.52260005995
2023-07-28T00:00:00Z,OXTUSD,0.05071,0.05181,0.0501,0.0513,284761.5600731698
2023-07-29T00:00:00Z,OXTUSD,0.05153,0.0522,0.0511,0.0517,253991.60954179
2023-07-30T00:00:00Z,OXTUSD,0.05171,0.05171,0.04953,0.0502,144936.8397213
2023-07-31T00:00:00Z,OXTUSD,0.05053,0.0518,0.05001,0.0503,539722.5736961102
2023-08-01T00:00:00Z,OXTUSD,0.05039,0.0507,0.05007,0.05047,289516.31784298003
2023-08-02T00:00:00Z,OXTUSD,0.0508,0.05978,0.05012,0.05475,2706489.7045794516
2023-08-03T00:00:00Z,OXTUSD,0.05532,0.057,0.05154,0.05209,853112.2888151301
2023-08-04T00:00:00Z,OXTUSD,0.0518,0.0518,0.0505,0.0508,285360.4858881799
2023-08-05T00:00:00Z,OXTUSD,0.05064,0.05558,0.05012,0.05472,2503347.2938274094
2023-08-06T00:00:00Z,OXTUSD,0.05454,0.0743,0.05437,0.0565,7595116.861460733
2023-08-07T00:00:00Z,OXTUSD,0.0571,0.05828,0.05292,0.05565,2206080.8670716397
2023-08-08T00:00:00Z,OXTUSD,0.05513,0.08087,0.05513,0.06772,8126479.291955319
2023-08-09T00:00:00Z,OXTUSD,0.06764,0.0825,0.06484,0.07586,6980296.936145327
2023-08-10T00:00:00Z,OXTUSD,0.07636,0.09532,0.07181,0.08971,7130362.483310133
2023-08-11T00:00:00Z,OXTUSD,0.08961,0.09758,0.07947,0.08096,4615329.723502148
2023-08-12T00:00:00Z,OXTUSD,0.08146,0.0864,0.07275,0.07667,1924030.6541249098
2023-08-13T00:00:00Z,OXTUSD,0.07681,0.0789,0.07109,0.0721,1088244.7417825202
2023-08-14T00:00:00Z,OXTUSD,0.07211,0.0735,0.07059,0.07097,617504.6886092102
2023-08-15T00:00:00Z,OXTUSD,0.07206,0.07206,0.06081,0.06355,1157282.8570788002
2023-08-16T00:00:00Z,OXTUSD,0.06344,0.06344,0.05769,0.05857,480427.9927927299
2023-08-17T00:00:00Z,OXTUSD,0.05898,0.0604,0.05025,0.05239,1452341.8199870298
2023-08-18T00:00:00Z,OXTUSD,0.05249,0.06685,0.05081,0.06205,2230707.3148986194
2023-08-19T00:00:00Z,OXTUSD,0.0623,0.06828,0.05934,0.0612,1702978.1214505404
2023-08-20T00:00:00Z,OXTUSD,0.06111,0.06986,0.05841,0.05882,1036184.6096199596
2023-08-21T00:00:00Z,OXTUSD,0.05902,0.06749,0.0587,0.0674,2112451.25486352
2023-08-22T00:00:00Z,OXTUSD,0.06729,0.07156,0.06151,0.06351,2876449.9805781026
2023-08-23T00:00:00Z,OXTUSD,0.06404,0.06581,0.06223,0.06462,1352709.0309295075
2023-08-24T00:00:00Z,OXTUSD,0.06427,0.06458,0.06127,0.06207,551267.98691598
2023-08-25T00:00:00Z,OXTUSD,0.06199,0.06322,0.05777,0.06274,401831.29608135007
2023-08-26T00:00:00Z,OXTUSD,0.06264,0.06525,0.06201,0.06367,424636.7109855903
2023-08-27T00:00:00Z,OXTUSD,0.06348,0.06381,0.06185,0.06231,359312.3530849298
2023-08-28T00:00:00Z,OXTUSD,0.06238,0.06244,0.06001,0.06124,232056.57021313006
2023-08-29T00:00:00Z,OXTUSD,0.06124,0.06284,0.05541,0.06132,1233357.96609468
2023-08-30T00:00:00Z,OXTUSD,0.06119,0.06254,0.05922,0.06037,627296.6490924002
2023-08-31T00:00:00Z,OXTUSD,0.05996,0.06052,0.05765,0.05815,190524.63503266004
2023-09-01T00:00:00Z,OXTUSD,0.0582,0.05877,0.05623,0.05674,205992.75457172006
2023-09-02T00:00:00Z,OXTUSD,0.05647,0.05721,0.05565,0.05672,99414.61701988001
2023-09-03T00:00:00Z,OXTUSD,0.05729,0.06675,0.05626,0.06487,3028297.8486228306
2023-09-04T00:00:00Z,OXTUSD,0.06495,0.06703,0.05901,0.06002,950084.7704964398
2023-09-05T00:00:00Z,OXTUSD,0.06024,0.06401,0.05931,0.06215,1067612.3895826011
2023-09-06T00:00:00Z,OXTUSD,0.06225,0.06581,0.06134,0.06309,621341.0731253307
2023-09-07T00:00:00Z,OXTUSD,0.06328,0.06328,0.06178,0.063,129000.4573283
2023-09-08T00:00:00Z,OXTUSD,0.06247,0.06384,0.06116,0.06291,303181.0374877301
2023-09-09T00:00:00Z,OXTUSD,0.06253,0.06253,0.05907,0.06009,169551.66111136996
2023-09-10T00:00:00Z,OXTUSD,0.05984,0.05984,0.05645,0.05727,361575.4725779202
2023-09-11T00:00:00Z,OXTUSD,0.05768,0.05799,0.05449,0.05663,465236.96341588994
2023-09-12T00:00:00Z,OXTUSD,0.05663,0.0622,0.05663,0.05977,1268659.2792565208
2023-09-13T00:00:00Z,OXTUSD,0.06016,0.06153,0.05966,0.06095,103320.20963408002
2023-09-14T00:00:00Z,OXTUSD,0.06106,0.06815,0.06085,0.06677,1968825.137559259
2023-09-15T00:00:00Z,OXTUSD,0.06742,0.08657,0.06742,0.08214,3675982.990774278
2023-09-16T00:00:00Z,OXTUSD,0.08221,0.08615,0.06929,0.06929,1671208.4941978408
2023-09-17T00:00:00Z,OXTUSD,0.06915,0.06916,0.0633,0.06351,985718.7561602897
2023-09-18T00:00:00Z,OXTUSD,0.06364,0.06752,0.06242,0.06633,728719.7558686805
2023-09-19T00:00:00Z,OXTUSD,0.06603,0.06663,0.06449,0.06558,539523.03231238
2023-09-20T00:00:00Z,OXTUSD,0.0652,0.06964,0.06516,0.06736,798892.5144254302
2023-09-21T00:00:00Z,OXTUSD,0.06726,0.06748,0.06224,0.06288,206520.63756278
2023-09-22T00:00:00Z,OXTUSD,0.0627,0.06359,0.06245,0.06314,133265.45178226999
2023-09-23T00:00:00Z,OXTUSD,0.06321,0.06436,0.06232,0.06331,351523.08576563996
2023-09-24T00:00:00Z,OXTUSD,0.06314,0.06452,0.06248,0.063,160907.43220011998
2023-09-25T00:00:00Z,OXTUSD,0.06285,0.06456,0.06195,0.06336,163788.56708629
2023-09-26T00:00:00Z,OXTUSD,0.06341,0.0637,0.0621,0.06267,98427.62628182999
2023-09-27T00:00:00Z,OXTUSD,0.06285,0.06342,0.06141,0.06226,61887.641925899996
2023-09-28T00:00:00Z,OXTUSD,0.06232,0.0643,0.06232,0.06342,140307.05374211998
2023-09-29T00:00:00Z,OXTUSD,0.06355,0.06693,0.06229,0.06578,398148.11364386004
2023-09-30T00:00:00Z,OXTUSD,0.06597,0.07292,0.06504,0.0718,1438024.4958225384
2023-10-01T00:00:00Z,OXTUSD,0.07158,0.0744,0.06797,0.06935,1418118.9314704617
2023-10-02T00:00:00Z,OXTUSD,0.06945,0.07321,0.06819,0.07004,795541.3503910404
2023-10-03T00:00:00Z,OXTUSD,0.0698,0.07383,0.06554,0.06554,1651911.918263968
2023-10-04T00:00:00Z,OXTUSD,0.06517,0.06545,0.0625,0.06501,259462.06177618017
2023-10-05T00:00:00Z,OXTUSD,0.06455,0.06455,0.06184,0.06267,246235.50344358003
2023-10-06T00:00:00Z,OXTUSD,0.06253,0.06563,0.06242,0.06428,374374.01469517994
2023-10-07T00:00:00Z,OXTUSD,0.06462,0.06478,0.06285,0.06361,95577.82580217
2023-10-08T00:00:00Z,OXTUSD,0.06305,0.06761,0.06261,0.06637,1587485.8086582033
2023-10-09T00:00:00Z,OXTUSD,0.06629,0.06733,0.06228,0.06324,539121.6470931597
2023-10-10T00:00:00Z,OXTUSD,0.06305,0.06331,0.06,0.06156,325520.70662739995
2023-10-11T00:00:00Z,OXTUSD,0.06138,0.06191,0.05901,0.06082,124422.69248901
2023-10-12T00:00:00Z,OXTUSD,0.06079,0.0611,0.0596,0.0611,136485.15146592
2023-10-13T00:00:00Z,OXTUSD,0.0605,0.0617,0.06045,0.0617,155033.64903711004
2023-10-14T00:00:00Z,OXTUSD,0.06141,0.06141,0.0601,0.06052,151172.88385087997
2023-10-15T00:00:00Z,OXTUSD,0.06043,0.06474,0.06016,0.06199,193072.8875148999
2023-10-16T00:00:00Z,OXTUSD,0.06238,0.06394,0.06167,0.06236,291152.7861203
2023-10-17T00:00:00Z,OXTUSD,0.0619,0.06249,0.06006,0.06046,193340.59973715997
2023-10-18T00:00:00Z,OXTUSD,0.06008,0.06058,0.05816,0.05892,365666.86871968996
2023-10-19T00:00:00Z,OXTUSD,0.05872,0.05956,0.05779,0.05909,204168.12730565996
2023-10-20T00:00:00Z,OXTUSD,0.05903,0.06311,0.05882,0.06225,637649.9147661101
2023-10-21T00:00:00Z,OXTUSD,0.0617,0.0637,0.0617,0.06313,452550.57678433
2023-10-22T00:00:00Z,OXTUSD,0.06343,0.06428,0.0618,0.06294,141169.54024032998
2023-10-23T00:00:00Z,OXTUSD,0.06327,0.06517,0.06241,0.06479,313326.64030906005
2023-10-24T00:00:00Z,OXTUSD,0.06474,0.06794,0.0622,0.06677,634249.5568993901
2023-10-25T00:00:00Z,OXTUSD,0.06693,0.07426,0.0657,0.07283,618161.1504351897
2023-10-26T00:00:00Z,OXTUSD,0.07342,0.07462,0.07003,0.07214,633331.4965221799
2023-10-27T00:00:00Z,OXTUSD,0.0724,0.07438,0.07135,0.07242,488416.05411704
2023-10-28T00:00:00Z,OXTUSD,0.07264,0.0772,0.07211,0.07672,138148.95334521998
2023-10-29T00:00:00Z,OXTUSD,0.07579,0.07579,0.07047,0.07198,212754.34076998002
2023-10-30T00:00:00Z,OXTUSD,0.07229,0.07297,0.06852,0.06989,234529.81403738997
2023-10-31T00:00:00Z,OXTUSD,0.07002,0.07086,0.06581,0.06836,506108.92457232997
2023-11-01T00:00:00Z,OXTUSD,0.06775,0.07133,0.06708,0.07092,121900.10547854
2023-11-02T00:00:00Z,OXTUSD,0.07081,0.07299,0.0675,0.06908,224392.55346876004
2023-11-03T00:00:00Z,OXTUSD,0.06898,0.07109,0.06764,0.07109,96632.95793779999
2023-11-04T00:00:00Z,OXTUSD,0.07081,0.07235,0.06638,0.06977,231730.69198838
2023-11-05T00:00:00Z,OXTUSD,0.06933,0.07053,0.06852,0.06951,216095.48006708003
2023-11-06T00:00:00Z,OXTUSD,0.06927,0.07168,0.06915,0.07154,622537.9243298098
2023-11-07T00:00:00Z,OXTUSD,0.07123,0.07262,0.06891,0.07112,293538.1405149299
2023-11-08T00:00:00Z,OXTUSD,0.07084,0.07239,0.0703,0.07161,445223.98705769994
2023-11-09T00:00:00Z,OXTUSD,0.07139,0.07537,0.06677,0.071,1582521.258261701
2023-11-10T00:00:00Z,OXTUSD,0.07101,0.07991,0.07059,0.07794,2773586.5987127307
2023-11-11T00:00:00Z,OXTUSD,0.07783,0.08121,0.07473,0.0783,1975697.976988579
2023-11-12T00:00:00Z,OXTUSD,0.07844,0.08047,0.07563,0.07782,408958.7934899203
2023-11-13T00:00:00Z,OXTUSD,0.07824,0.07997,0.07246,0.07246,898196.0457869003
2023-11-14T00:00:00Z,OXTUSD,0.072,0.07367,0.06901,0.07116,416203.8364872901
2023-11-15T00:00:00Z,OXTUSD,0.07116,0.07639,0.0705,0.07639,416531.27692553
2023-11-16T00:00:00Z,OXTUSD,0.07661,0.07745,0.07098,0.07134,853934.2732385397
2023-11-17T00:00:00Z,OXTUSD,0.07303,0.07371,0.07012,0.07262,320543.64029331994
2023-11-18T00:00:00Z,OXTUSD,0.07236,0.0804,0.06961,0.07781,811571.6894365399
2023-11-19T00:00:00Z,OXTUSD,0.07798,0.08193,0.07522,0.07741,701846.6955760103
2023-11-20T00:00:00Z,OXTUSD,0.07791,0.07956,0.07469,0.07472,540069.4164643304
2023-11-21T00:00:00Z,OXTUSD,0.07463,0.07847,0.06778,0.06778,3467295.522591845
2023-11-22T00:00:00Z,OXTUSD,0.06766,0.07254,0.06766,0.07204,574375.0380740102
2023-11-23T00:00:00Z,OXTUSD,0.07235,0.07301,0.07078,0.07187,82107.54553366
2023-11-24T00:00:00Z,OXTUSD,0.07221,0.07483,0.07171,0.07361,217612.95728087
2023-11-25T00:00:00Z,OXTUSD,0.07425,0.07438,0.07293,0.07437,90848.46080209002
2023-11-26T00:00:00Z,OXTUSD,0.07438,0.07561,0.07166,0.07431,421896.34108462994
2023-11-27T00:00:00Z,OXTUSD,0.07455,0.07461,0.0698,0.07105,441141.1843114301
2023-11-28T00:00:00Z,OXTUSD,0.07153,0.0773,0.06933,0.07234,947992.5361575299
2023-11-29T00:00:00Z,OXTUSD,0.07266,0.07477,0.07226,0.0731,176355.12087953
2023-11-30T00:00:00Z,OXTUSD,0.07317,0.07318,0.07215,0.07231,173324.77084380007
2023-12-01T00:00:00Z,OXTUSD,0.07307,0.07384,0.0729,0.07346,301068.86440351
2023-12-02T00:00:00Z,OXTUSD,0.07373,0.07523,0.07373,0.07478,431595.9040628899
2023-12-03T00:00:00Z,OXTUSD,0.07562,0.07562,0.07324,0.07442,305127.7279465699
2023-12-04T00:00:00Z,OXTUSD,0.07464,0.07955,0.07369,0.07656,435093.00048046
2023-12-05T00:00:00Z,OXTUSD,0.07703,0.07928,0.07514,0.07894,961048.0757952178
2023-12-06T00:00:00Z,OXTUSD,0.0789,0.08257,0.07607,0.08095,1229483.8629140502
2023-12-07T00:00:00Z,OXTUSD,0.08057,0.08563,0.07668,0.08237,2722253.9900425076
2023-12-08T00:00:00Z,OXTUSD,0.08236,0.08739,0.08236,0.08526,758734.8794681804
2023-12-09T00:00:00Z,OXTUSD,0.08583,0.08728,0.08449,0.08449,280124.5813198299
2023-12-10T00:00:00Z,OXTUSD,0.08522,0.08773,0.08312,0.08476,582653.2227289303
2023-12-11T00:00:00Z,OXTUSD,0.08409,0.08412,0.07573,0.07809,541394.9430497902
2023-12-12T00:00:00Z,OXTUSD,0.079,0.08024,0.0774,0.07934,257330.8665071001
2023-12-13T00:00:00Z,OXTUSD,0.07939,0.08088,0.0752,0.08083,245869.76218358002
2023-12-14T00:00:00Z,OXTUSD,0.0804,0.08402,0.07872,0.08341,428128.25788186
2023-12-15T00:00:00Z,OXTUSD,0.08284,0.08301,0.08031,0.08033,353699.9087284702
2023-12-16T00:00:00Z,OXTUSD,0.08031,0.08533,0.08031,0.08357,399723.9651110299
2023-12-17T00:00:00Z,OXTUSD,0.08504,0.09,0.08165,0.08593,1251012.9396232902
2023-12-18T00:00:00Z,OXTUSD,0.08559,0.104,0.08211,0.09813,4584611.020029998
2023-12-19T00:00:00Z,OXTUSD,0.09766,0.09802,0.08962,0.0921,2069796.100875859
2023-12-20T00:00:00Z,OXTUSD,0.09276,0.11197,0.09043,0.09509,4137618.6700279103
2023-12-21T00:00:00Z,OXTUSD,0.09515,0.10144,0.09102,0.09329,2048115.42197605
2023-12-22T00:00:00Z,OXTUSD,0.09331,0.10391,0.09245,0.09694,1607504.3754617097
2023-12-23T00:00:00Z,OXTUSD,0.09689,0.10434,0.0935,0.10287,2127350.3473781296
2023-12-24T00:00:00Z,OXTUSD,0.10303,0.10323,0.09732,0.09884,1354670.08103577
2023-12-25T00:00:00Z,OXTUSD,0.09926,0.10236,0.09893,0.10169,457756.02204005996
2023-12-26T00:00:00Z,OXTUSD,0.10131,0.10343,0.09611,0.09871,563775.2853819999
2023-12-27T00:00:00Z,OXTUSD,0.09867,0.10422,0.09617,0.10398,795568.6797344398
2023-12-28T00:00:00Z,OXTUSD,0.10352,0.10506,0.09952,0.10297,587609.8441107002
2023-12-29T00:00:00Z,OXTUSD,0.10276,0.11347,0.09837,0.10521,743157.7970310004
2023-12-30T00:00:00Z,OXTUSD,0.10555,0.11023,0.10248,0.10855,915237.5336675999
2023-12-31T00:00:00Z,OXTUSD,0.10892,0.11366,0.10468,0.10966,760885.6568678595
2024-01-01T00:00:00Z,OXTUSD,0.10996,0.144,0.10543,0.1168,2478244.3565824996
2024-01-02T00:00:00Z,OXTUSD,0.11391,0.12782,0.11332,0.11655,2757606.992567631
2024-01-03T00:00:00Z,OXTUSD,0.1169,0.11756,0.09718,0.10092,3861890.943410106
2024-01-04T00:00:00Z,OXTUSD,0.10191,0.11255,0.10191,0.10578,1574701.7403509405
2024-01-05T00:00:00Z,OXTUSD,0.10593,0.10712,0.09853,0.10244,893831.9852197195
2024-01-06T00:00:00Z,OXTUSD,0.10091,0.10091,0.09341,0.09601,333838.35481603
2024-01-07T00:00:00Z,OXTUSD,0.09611,0.09792,0.08813,0.08819,344813.2123642302
2024-01-08T00:00:00Z,OXTUSD,0.08852,0.09517,0.08257,0.09461,678145.2321191896
2024-01-09T00:00:00Z,OXTUSD,0.09428,0.09428,0.08486,0.08873,752902.7417882704
2024-01-10T00:00:00Z,OXTUSD,0.08882,0.09822,0.08757,0.09658,1031144.2977171608
2024-01-11T00:00:00Z,OXTUSD,0.09697,0.10104,0.09547,0.09965,737637.5948216199
2024-01-12T00:00:00Z,OXTUSD,0.09841,0.10082,0.0923,0.09508,586619.8241711503
2024-01-13T00:00:00Z,OXTUSD,0.09423,0.09754,0.0924,0.09683,258606.47427176006
2024-01-14T00:00:00Z,OXTUSD,0.09623,0.09666,0.09187,0.09214,45724.048146870016
2024-01-15T00:00:00Z,OXTUSD,0.09336,0.09572,0.0914,0.09237,113269.48754230002
2024-01-16T00:00:00Z,OXTUSD,0.09293,0.09587,0.09266,0.09529,232960.99583191006
2024-01-17T00:00:00Z,OXTUSD,0.09484,0.09533,0.09231,0.09233,296449.23870531993
2024-01-18T00:00:00Z,OXTUSD,0.09307,0.09307,0.08576,0.08725,258747.4105940701
2024-01-19T00:00:00Z,OXTUSD,0.0865,0.08808,0.08353,0.08754,720452.5528092402
2024-01-20T00:00:00Z,OXTUSD,0.08701,0.0941,0.08701,0.09296,496181.11126250017
2024-01-21T00:00:00Z,OXTUSD,0.09438,0.10181,0.09157,0.09645,2854377.85774183
2024-01-22T00:00:00Z,OXTUSD,0.09692,0.09741,0.08877,0.09009,329689.0720264101
2024-01-23T00:00:00Z,OXTUSD,0.09002,0.09227,0.08498,0.08831,347136.75022244005
2024-01-24T00:00:00Z,OXTUSD,0.08945,0.09066,0.08759,0.08819,62699.82866338
2024-01-25T00:00:00Z,OXTUSD,0.08858,0.08858,0.08639,0.08838,83205.54037906001
2024-01-26T00:00:00Z,OXTUSD,0.08881,0.10066,0.08881,0.0944,475131.34729937994
2024-01-27T00:00:00Z,OXTUSD,0.09457,0.09822,0.09412,0.09677,107452.51550126002
2024-01-28T00:00:00Z,OXTUSD,0.09744,0.09745,0.094,0.09425,227096.75072926006
2024-01-29T00:00:00Z,OXTUSD,0.0945,0.0967,0.09432,0.09601,30363.573344940003
2024-01-30T00:00:00Z,OXTUSD,0.09584,0.09764,0.0953,0.0953,39363.36629428
2024-01-31T00:00:00Z,OXTUSD,0.09545,0.09613,0.09168,0.09168,75269.90975657
2024-02-01T00:00:00Z,OXTUSD,0.09133,0.09541,0.0899,0.09541,276376.74054890004
2024-02-02T00:00:00Z,OXTUSD,0.0957,0.09955,0.09551,0.0976,243721.63944115993
2024-02-03T00:00:00Z,OXTUSD,0.09901,0.09977,0.09771,0.09922,50303.63542129
2024-02-04T00:00:00Z,OXTUSD,0.09953,0.10209,0.09797,0.09899,162776.39684280005
2024-02-05T00:00:00Z,OXTUSD,0.09865,0.10382,0.09735,0.10039,428427.35628339025
2024-02-06T00:00:00Z,OXTUSD,0.10053,0.10897,0.09855,0.10199,945745.8984208899
2024-02-07T00:00:00Z,OXTUSD,0.10292,0.10598,0.10103,0.10433,123559.11970840002
2024-02-08T00:00:00Z,OXTUSD,0.10434,0.10507,0.10109,0.10326,328887.15863488987
2024-02-09T00:00:00Z,OXTUSD,0.10429,0.10618,0.10429,0.10517,930764.1480599395
2024-02-10T00:00:00Z,OXTUSD,0.10558,0.10579,0.10224,0.1036,77347.1177707
2024-02-11T00:00:00Z,OXTUSD,0.10217,0.10414,0.10081,0.10081,43286.636887349996
2024-02-12T00:00:00Z,OXTUSD,0.10191,0.10422,0.10021,0.10303,1882498.9876034893
2024-02-13T00:00:00Z,OXTUSD,0.10328,0.10399,0.10065,0.10165,166788.33754658996
2024-02-14T00:00:00Z,OXTUSD,0.10175,0.10638,0.10132,0.10635,293823.9826105699
2024-02-15T00:00:00Z,OXTUSD,0.10646,0.10757,0.10399,0.10618,123685.96632931003
2024-02-16T00:00:00Z,OXTUSD,0.10594,0.11057,0.10551,0.10934,184389.9995550299
2024-02-17T00:00:00Z,OXTUSD,0.10984,0.11944,0.10788,0.11608,1116330.13923202
2024-02-18T00:00:00Z,OXTUSD,0.11496,0.11878,0.11318,0.11477,307575.44703356014
2024-02-19T00:00:00Z,OXTUSD,0.11489,0.12097,0.11489,0.11788,279691.89816024003
2024-02-20T00:00:00Z,OXTUSD,0.11708,0.1262,0.11451,0.12003,591459.3031897099
2024-02-21T00:00:00Z,OXTUSD,0.12154,0.13313,0.11397,0.12076,2360277.225259401
2024-02-22T00:00:00Z,OXTUSD,0.11918,0.12609,0.11788,0.11909,804914.2969409898
2024-02-23T00:00:00Z,OXTUSD,0.11979,0.12302,0.11734,0.11946,581961.0729655703
2024-02-24T00:00:00Z,OXTUSD,0.11975,0.128,0.11639,0.12345,860953.6627991502
2024-02-25T00:00:00Z,OXTUSD,0.12289,0.12689,0.1209,0.12547,420088.48500136007
2024-02-26T00:00:00Z,OXTUSD,0.12573,0.13377,0.12488,0.13377,690548.5051524595
2024-02-27T00:00:00Z,OXTUSD,0.13355,0.13623,0.12996,0.13085,494757.5251229501
2024-02-28T00:00:00Z,OXTUSD,0.13185,0.138,0.1252,0.13586,720688.6712120101
2024-02-29T00:00:00Z,OXTUSD,0.1357,0.13836,0.12612,0.12861,837429.4080978693
2024-03-01T00:00:00Z,OXTUSD,0.12858,0.13981,0.12858,0.1386,428810.42294563033
2024-03-02T00:00:00Z,OXTUSD,0.13898,0.14609,0.13739,0.14475,537341.1901226299
2024-03-03T00:00:00Z,OXTUSD,0.14419,0.14782,0.13506,0.14299,1228108.6331020303
2024-03-04T00:00:00Z,OXTUSD,0.14287,0.15861,0.14032,0.14873,1938191.350659998
2024-03-05T00:00:00Z,OXTUSD,0.14831,0.15294,0.11025,0.13719,4252982.225010994
2024-03-06T00:00:00Z,OXTUSD,0.13667,0.14611,0.13222,0.144,759902.1231317921
2024-03-07T00:00:00Z,OXTUSD,0.14508,0.15025,0.14239,0.15012,233679.37929201993
2024-03-08T00:00:00Z,OXTUSD,0.15029,0.15823,0.14463,0.15823,910777.9856952598
2024-03-09T00:00:00Z,OXTUSD,0.15835,0.16907,0.15532,0.15748,1677359.559127221
2024-03-10T00:00:00Z,OXTUSD,0.15799,0.16321,0.15239,0.1599,403745.30105759995
2024-03-11T00:00:00Z,OXTUSD,0.1583,0.16688,0.15148,0.16673,342651.37159745005
2024-03-12T00:00:00Z,OXTUSD,0.16698,0.16812,0.15633,0.16797,442599.20844966
2024-03-13T00:00:00Z,OXTUSD,0.16754,0.17792,0.16754,0.17283,671146.9316666595
2024-03-14T00:00:00Z,OXTUSD,0.17222,0.17222,0.15514,0.16726,655074.6876153003
2024-03-15T00:00:00Z,OXTUSD,0.16834,0.17007,0.14567,0.15629,619486.6697583599
2024-03-16T00:00:00Z,OXTUSD,0.15672,0.16372,0.1392,0.14,416826.38885535003
2024-03-17T00:00:00Z,OXTUSD,0.14411,0.15221,0.13475,0.15003,621573.2554662898
2024-03-18T00:00:00Z,OXTUSD,0.14993,0.15166,0.13774,0.13984,77494.76905077
2024-03-19T00:00:00Z,OXTUSD,0.13678,0.13678,0.12018,0.12448,553560.3191192002
2024-03-20T00:00:00Z,OXTUSD,0.12553,0.14055,0.11993,0.14015,466712.44885822013
2024-03-21T00:00:00Z,OXTUSD,0.14007,0.14745,0.1369,0.14745,200207.49149171996
2024-03-22T00:00:00Z,OXTUSD,0.14712,0.15039,0.13568,0.14065,960723.2546657302
2024-03-23T00:00:00Z,OXTUSD,0.13919,0.14246,0.13805,0.13805,221048.1640020602
2024-03-24T00:00:00Z,OXTUSD,0.13852,0.14438,0.13604,0.14366,208197.06297533997
2024-03-25T00:00:00Z,OXTUSD,0.14251,0.15299,0.14251,0.15232,329135.42336364003
2024-03-26T00:00:00Z,OXTUSD,0.15295,0.16164,0.15248,0.15713,958995.3446810398
2024-03-27T00:00:00Z,OXTUSD,0.15742,0.15798,0.14922,0.15293,432100.7794685901
2024-03-28T00:00:00Z,OXTUSD,0.15259,0.16045,0.15155,0.15329,397525.55953869986
2024-03-29T00:00:00Z,OXTUSD,0.15268,0.15553,0.15016,0.15299,276457.93851446005
2024-03-30T00:00:00Z,OXTUSD,0.15373,0.15584,0.14901,0.15016,98876.06014989002
2024-03-31T00:00:00Z,OXTUSD,0.15089,0.1576,0.15016,0.15556,158281.88354030994
2024-04-01T00:00:00Z,OXTUSD,0.15427,0.15427,0.14,0.14465,201997.41994963
2024-04-02T00:00:00Z,OXTUSD,0.14468,0.14468,0.12967,0.13425,196112.45319407992
2024-04-03T00:00:00Z,OXTUSD,0.13384,0.13752,0.12914,0.13201,444579.11020115
2024-04-04T00:00:00Z,OXTUSD,0.13475,0.14,0.13192,0.13688,116763.61780541002
2024-04-05T00:00:00Z,OXTUSD,0.13585,0.13653,0.13187,0.13653,109944.46424672997
2024-04-06T00:00:00Z,OXTUSD,0.13648,0.13725,0.1353,0.13628,19726.49670522
2024-04-07T00:00:00Z,OXTUSD,0.13708,0.14005,0.13708,0.13769,78634.60575720003
2024-04-08T00:00:00Z,OXTUSD,0.1394,0.158,0.13751,0.14816,679779.1960682499
2024-04-09T00:00:00Z,OXTUSD,0.14955,0.14995,0.14303,0.14598,248895.57137599998
2024-04-10T00:00:00Z,OXTUSD,0.14625,0.14699,0.1368,0.14151,163865.49970784
2024-04-11T00:00:00Z,OXTUSD,0.14282,0.14299,0.13455,0.13455,61099.32785678999
2024-04-12T00:00:00Z,OXTUSD,0.13701,0.1385,0.10133,0.11157,696904.36388009
2024-04-13T00:00:00Z,OXTUSD,0.1126,0.11511,0.0888,0.10081,587074.2703033998
2024-04-14T00:00:00Z,OXTUSD,0.09846,0.11,0.09782,0.10885,141012.13696357002
2024-04-15T00:00:00Z,OXTUSD,0.10805,0.11693,0.10139,0.10408,284170.31006461004
2024-04-16T00:00:00Z,OXTUSD,0.10282,0.10675,0.1,0.10594,105088.11413955
2024-04-17T00:00:00Z,OXTUSD,0.10469,0.10626,0.1,0.1034,139328.45723157
2024-04-18T00:00:00Z,OXTUSD,0.10071,0.10764,0.10071,0.10705,53531.055504870004
2024-04-19T00:00:00Z,OXTUSD,0.10118,0.10875,0.09844,0.1044,144278.03673491
2024-04-20T00:00:00Z,OXTUSD,0.10664,0.11511,0.10538,0.11428,135631.98342017
2024-04-21T00:00:00Z,OXTUSD,0.11252,0.11413,0.11042,0.11262,49992.774402339994
2024-04-22T00:00:00Z,OXTUSD,0.11325,0.11649,0.11216,0.11587,120687.77474221001
2024-04-23T00:00:00Z,OXTUSD,0.11573,0.11642,0.11272,0.11539,681169.7010194798
2024-04-24T00:00:00Z,OXTUSD,0.11539,0.11786,0.10884,0.10944,866530.3773312698
2024-04-25T00:00:00Z,OXTUSD,0.11058,0.1117,0.10608,0.11027,186120.53581807006
2024-04-26T00:00:00Z,OXTUSD,0.10909,0.10909,0.10407,0.1061,119274.66958268
2024-04-27T00:00:00Z,OXTUSD,0.10568,0.10936,0.1039,0.10766,177843.19016930004
2024-04-28T00:00:00Z,OXTUSD,0.10802,0.10927,0.10248,0.10248,301349.3519516302
2024-04-29T00:00:00Z,OXTUSD,0.10334,0.10434,0.0993,0.1031,98837.11919395
2024-04-30T00:00:00Z,OXTUSD,0.1041,0.1041,0.09362,0.09584,54901.36747977001
2024-05-01T00:00:00Z,OXTUSD,0.09585,0.09623,0.09,0.09504,272984.2927678
2024-05-02T00:00:00Z,OXTUSD,0.0946,0.09711,0.09213,0.09711,165384.23072623002
2024-05-03T00:00:00Z,OXTUSD,0.09718,0.10069,0.09563,0.10047,223777.78784680998
2024-05-04T00:00:00Z,OXTUSD,0.10103,0.10797,0.09985,0.10312,519335.4443634403
2024-05-05T00:00:00Z,OXTUSD,0.10268,0.1034,0.10065,0.1022,131578.25522629
2024-05-06T00:00:00Z,OXTUSD,0.10286,0.10551,0.10096,0.10265,221826.57182562994
2024-05-07T00:00:00Z,OXTUSD,0.10092,0.10596,0.10092,0.10175,142315.57501479
2024-05-08T00:00:00Z,OXTUSD,0.10171,0.10415,0.09982,0.10071,85060.91579797
2024-05-09T00:00:00Z,OXTUSD,0.10203,0.10523,0.10092,0.10523,57831.186871560014
2024-05-10T00:00:00Z,OXTUSD,0.10501,0.10501,0.09696,0.09755,121577.25497927002
2024-05-11T00:00:00Z,OXTUSD,0.0989,0.10027,0.0973,0.09748,13631.523180109998
2024-05-12T00:00:00Z,OXTUSD,0.09719,0.09719,0.09472,0.09472,48404.50002449
2024-05-13T00:00:00Z,OXTUSD,0.09512,0.09684,0.09132,0.0954,208367.22366751003
2024-05-14T00:00:00Z,OXTUSD,0.09541,0.0958,0.09232,0.09235,109206.83850810997
2024-05-15T00:00:00Z,OXTUSD,0.0935,0.09974,0.09196,0.09865,113127.56595300997
2024-05-16T00:00:00Z,OXTUSD,0.09898,0.10104,0.09435,0.0957,86675.07090595996
2024-05-17T00:00:00Z,OXTUSD,0.09424,0.09979,0.09295,0.09883,312979.16063351
2024-05-18T00:00:00Z,OXTUSD,0.09823,0.1007,0.09818,0.10018,96856.55166661002
2024-05-19T00:00:00Z,OXTUSD,0.10011,0.10184,0.09583,0.09584,107657.91438649004
2024-05-20T00:00:00Z,OXTUSD,0.09583,0.10275,0.09401,0.10243,550176.6528525897
2024-05-21T00:00:00Z,OXTUSD,0.10275,0.10434,0.1019,0.10309,128180.69096808998
2024-05-22T00:00:00Z,OXTUSD,0.10262,0.10292,0.10028,0.10215,30486.176081419995
2024-05-23T00:00:00Z,OXTUSD,0.10249,0.10363,0.09727,0.10081,232560.72050598005
2024-05-24T00:00:00Z,OXTUSD,0.10075,0.10317,0.09789,0.10126,164871.02379143
2024-05-25T00:00:00Z,OXTUSD,0.10249,0.10368,0.10249,0.10304,79684.31145395999
2024-05-26T00:00:00Z,OXTUSD,0.10308,0.10321,0.10137,0.10161,39709.238441819994
2024-05-27T00:00:00Z,OXTUSD,0.10253,0.10753,0.10253,0.10556,283239.58527881006
2024-05-28T00:00:00Z,OXTUSD,0.10539,0.10729,0.1031,0.10729,27865.648958699992
2024-05-29T00:00:00Z,OXTUSD,0.10751,0.11445,0.10563,0.10563,640768.1201384794
2024-05-30T00:00:00Z,OXTUSD,0.10561,0.11109,0.10358,0.10358,485036.77123568
2024-05-31T00:00:00Z,OXTUSD,0.1041,0.10733,0.10396,0.10719,241529.03347672
2024-06-01T00:00:00Z,OXTUSD,0.10681,0.1133,0.10681,0.1133,117535.51516423996
2024-06-02T00:00:00Z,OXTUSD,0.11421,0.11804,0.10903,0.10908,291589.35016312
2024-06-03T00:00:00Z,OXTUSD,0.10948,0.11209,0.10812,0.10814,84700.24426282
2024-06-04T00:00:00Z,OXTUSD,0.10844,0.11206,0.0755,0.10903,642917.5375275506
2024-06-05T00:00:00Z,OXTUSD,0.10926,0.11255,0.10824,0.11185,324627.3572546
2024-06-06T00:00:00Z,OXTUSD,0.11225,0.11314,0.10937,0.10989,139254.99971545997
2024-06-07T00:00:00Z,OXTUSD,0.10937,0.11023,0.0967,0.10126,496413.0989321199
2024-06-08T00:00:00Z,OXTUSD,0.10196,0.10199,0.0917,0.09444,310318.2387426802
2024-06-09T00:00:00Z,OXTUSD,0.09405,0.09488,0.09296,0.09372,124246.84250626998
2024-06-10T00:00:00Z,OXTUSD,0.09341,0.09396,0.08961,0.08961,403586.73216652015
2024-06-11T00:00:00Z,OXTUSD,0.09042,0.09154,0.08772,0.08979,129637.45857839996
2024-06-12T00:00:00Z,OXTUSD,0.08902,0.09253,0.08754,0.09042,69580.39108935
2024-06-13T00:00:00Z,OXTUSD,0.09125,0.09125,0.08679,0.08766,44985.33963827
2024-06-14T00:00:00Z,OXTUSD,0.08757,0.08961,0.08493,0.08656,348322.9957944299
2024-06-15T00:00:00Z,OXTUSD,0.0866,0.08806,0.08572,0.08572,166034.4037202701
2024-06-16T00:00:00Z,OXTUSD,0.08589,0.08767,0.08556,0.08751,19729.13035652
2024-06-17T00:00:00Z,OXTUSD,0.08577,0.08577,0.07953,0.08243,187492.07290554995
2024-06-18T00:00:00Z,OXTUSD,0.07864,0.07864,0.06995,0.07378,427172.95018998993
2024-06-19T00:00:00Z,OXTUSD,0.07356,0.07356,0.0695,0.0712,1070181.6023878208
2024-06-20T00:00:00Z,OXTUSD,0.07333,0.0746,0.07114,0.07226,82241.89627316
2024-06-21T00:00:00Z,OXTUSD,0.07205,0.07294,0.07138,0.07196,33242.23532934
2024-06-22T00:00:00Z,OXTUSD,0.07161,0.07337,0.07143,0.07314,202474.17968223998
2024-06-23T00:00:00Z,OXTUSD,0.07443,0.07443,0.06997,0.07129,59221.40135154
2024-06-24T00:00:00Z,OXTUSD,0.06996,0.07151,0.06801,0.07131,253146.89476569992
2024-06-25T00:00:00Z,OXTUSD,0.07215,0.07536,0.07179,0.07403,86518.22043012001
2024-06-26T00:00:00Z,OXTUSD,0.07399,0.07439,0.07321,0.07413,68138.08469081999
2024-06-27T00:00:00Z,OXTUSD,0.07293,0.07507,0.07161,0.07477,95891.68738166
2024-06-28T00:00:00Z,OXTUSD,0.07462,0.0756,0.07358,0.07362,71089.12671412
2024-06-29T00:00:00Z,OXTUSD,0.07366,0.07383,0.07094,0.07094,51046.009212460005
2024-06-30T00:00:00Z,OXTUSD,0.07036,0.0752,0.07036,0.0749,139642.08714962003
2024-07-01T00:00:00Z,OXTUSD,0.07493,0.07546,0.07319,0.07319,150004.70158986998
2024-07-02T00:00:00Z,OXTUSD,0.07301,0.07411,0.07244,0.07409,123749.20622816002
2024-07-03T00:00:00Z,OXTUSD,0.0745,0.0745,0.06936,0.06936,117453.05378489001
2024-07-04T00:00:00Z,OXTUSD,0.06753,0.06831,0.06375,0.06375,188145.49089219992
2024-07-05T00:00:00Z,OXTUSD,0.06301,0.06366,0.0561,0.06308,318800.1644043199
2024-07-06T00:00:00Z,OXTUSD,0.06399,0.0689,0.06248,0.06814,152312.61933893996
2024-07-07T00:00:00Z,OXTUSD,0.06734,0.06812,0.06311,0.06311,65980.61372629
2024-07-08T00:00:00Z,OXTUSD,0.06288,0.06598,0.06251,0.06475,42656.98063428
2024-07-09T00:00:00Z,OXTUSD,0.06447,0.06644,0.06447,0.066,128064.41179795995
2024-07-10T00:00:00Z,OXTUSD,0.066,0.07699,0.06567,0.06904,1172077.1877087604
2024-07-11T00:00:00Z,OXTUSD,0.06907,0.07183,0.06727,0.06742,258245.57213337
2024-07-12T00:00:00Z,OXTUSD,0.06756,0.06766,0.06518,0.06766,74051.14719173
2024-07-13T00:00:00Z,OXTUSD,0.06787,0.06898,0.06774,0.0688,137122.14414496
2024-07-14T00:00:00Z,OXTUSD,0.06857,0.07308,0.06813,0.07218,291717.28255602
2024-07-15T00:00:00Z,OXTUSD,0.07193,0.08679,0.07193,0.08014,1768832.20402509
2024-07-16T00:00:00Z,OXTUSD,0.07952,0.08027,0.07682,0.07995,177679.87034973
2024-07-17T00:00:00Z,OXTUSD,0.08001,0.08484,0.079,0.08359,457289.79886506
2024-07-18T00:00:00Z,OXTUSD,0.08372,0.08544,0.0809,0.0835,348327.54197101993
2024-07-19T00:00:00Z,OXTUSD,0.08336,0.08624,0.08143,0.08477,376853.10442706005
2024-07-20T00:00:00Z,OXTUSD,0.08644,0.08644,0.08336,0.08471,87302.00500134003
2024-07-21T00:00:00Z,OXTUSD,0.0852,0.09251,0.08491,0.08986,737447.8082966905
2024-07-22T00:00:00Z,OXTUSD,0.08899,0.08899,0.08262,0.08327,133516.73120479996
2024-07-23T00:00:00Z,OXTUSD,0.08299,0.0837,0.0787,0.0787,305264.18369504996
2024-07-24T00:00:00Z,OXTUSD,0.07861,0.08277,0.07836,0.07905,282711.0726668001
2024-07-25T00:00:00Z,OXTUSD,0.0799,0.0799,0.07576,0.07928,161375.53610221003
2024-07-26T00:00:00Z,OXTUSD,0.07953,0.08117,0.07942,0.08046,229869.13105711993
2024-07-27T00:00:00Z,OXTUSD,0.08124,0.08611,0.08038,0.08573,404517.54157977004
2024-07-28T00:00:00Z,OXTUSD,0.08489,0.08567,0.08097,0.08191,483847.82372211013
2024-07-29T00:00:00Z,OXTUSD,0.08233,0.085,0.08233,0.08326,317056.36014883005
2024-07-30T00:00:00Z,OXTUSD,0.08293,0.08357,0.07952,0.08052,291925.70706943
2024-07-31T00:00:00Z,OXTUSD,0.07997,0.08052,0.07201,0.07507,454461.67979714996
2024-08-01T00:00:00Z,OXTUSD,0.07504,0.07513,0.06854,0.07427,159553.63134425998
2024-08-02T00:00:00Z,OXTUSD,0.07432,0.07441,0.07021,0.07092,105780.70689783002
2024-08-03T00:00:00Z,OXTUSD,0.07064,0.07068,0.06615,0.06831,306227.46204071
2024-08-04T00:00:00Z,OXTUSD,0.06817,0.06874,0.062,0.06527,358734.2904381499
2024-08-05T00:00:00Z,OXTUSD,0.06418,0.06463,0.05396,0.06159,835201.5718415793
2024-08-06T00:00:00Z,OXTUSD,0.06285,0.06501,0.06238,0.06324,216822.00443268003
2024-08-07T00:00:00Z,OXTUSD,0.06396,0.06817,0.06376,0.06411,837089.1888482097
2024-08-08T00:00:00Z,OXTUSD,0.06384,0.06868,0.06278,0.06868,173758.03382288
2024-08-09T00:00:00Z,OXTUSD,0.06923,0.06938,0.06707,0.06888,113291.86731663001
2024-08-10T00:00:00Z,OXTUSD,0.06894,0.06986,0.06828,0.06899,23993.629679830003
2024-08-11T00:00:00Z,OXTUSD,0.06878,0.06971,0.06577,0.06577,139691.35536149
2024-08-12T00:00:00Z,OXTUSD,0.0663,0.06928,0.06482,0.06671,313848.97483375
2024-08-13T00:00:00Z,OXTUSD,0.06765,0.06942,0.06629,0.06942,42271.421231149994
2024-08-14T00:00:00Z,OXTUSD,0.0692,0.06949,0.06653,0.0677,136217.01862815
2024-08-15T00:00:00Z,OXTUSD,0.0678,0.0678,0.06419,0.06435,350427.39247170003
2024-08-16T00:00:00Z,OXTUSD,0.06424,0.06454,0.06277,0.06454,202197.88646919
2024-08-17T00:00:00Z,OXTUSD,0.06442,0.06644,0.06442,0.06635,170182.65286616998
2024-08-18T00:00:00Z,OXTUSD,0.06617,0.06817,0.06534,0.0679,121242.49353333999
2024-08-19T00:00:00Z,OXTUSD,0.06671,0.07077,0.0659,0.06923,398289.27693084005
2024-08-20T00:00:00Z,OXTUSD,0.07,0.07025,0.06763,0.06988,111974.63436975001
2024-08-21T00:00:00Z,OXTUSD,0.06919,0.0738,0.06915,0.0735,242007.3551088801
2024-08-22T00:00:00Z,OXTUSD,0.07286,0.07781,0.07286,0.07456,493362.20916091005
2024-08-23T00:00:00Z,OXTUSD,0.07541,0.08015,0.07446,0.08015,50842.13708710001
2024-08-24T00:00:00Z,OXTUSD,0.0802,0.08347,0.07951,0.08147,122527.85318729006
2024-08-25T00:00:00Z,OXTUSD,0.07991,0.08191,0.07846,0.08124,47658.398929070005
2024-08-26T00:00:00Z,OXTUSD,0.08074,0.08074,0.0761,0.0761,47990.70386235
2024-08-27T00:00:00Z,OXTUSD,0.07611,0.07731,0.072,0.07303,81431.52258482
2024-08-28T00:00:00Z,OXTUSD,0.0723,0.07896,0.07128,0.07252,401854.55645668996
2024-08-29T00:00:00Z,OXTUSD,0.07328,0.07534,0.07251,0.0735,31492.31626564
2024-08-30T00:00:00Z,OXTUSD,0.07369,0.07382,0.06998,0.07273,52693.6933495
2024-08-31T00:00:00Z,OXTUSD,0.07309,0.07337,0.06994,0.07064,94720.78289732999
2024-09-01T00:00:00Z,OXTUSD,0.07026,0.07026,0.06705,0.06733,78272.1690034
2024-09-02T00:00:00Z,OXTUSD,0.06704,0.07018,0.06696,0.07018,81455.17765431001
2024-09-03T00:00:00Z,OXTUSD,0.07065,0.07768,0.07065,0.07423,1093400.1913578198
2024-09-04T00:00:00Z,OXTUSD,0.07383,0.07625,0.06974,0.0734,247658.08664685997
2024-09-05T00:00:00Z,OXTUSD,0.07251,0.07251,0.06703,0.0673,50482.131821560004
2024-09-06T00:00:00Z,OXTUSD,0.0674,0.0679,0.064,0.06521,193021.09249345
2024-09-07T00:00:00Z,OXTUSD,0.06555,0.06815,0.06455,0.06456,76262.70551907999
2024-09-08T00:00:00Z,OXTUSD,0.06506,0.06855,0.06506,0.06837,95022.50834650999
2024-09-09T00:00:00Z,OXTUSD,0.06864,0.06981,0.06725,0.06981,90678.94886473998
2024-09-10T00:00:00Z,OXTUSD,0.06907,0.07194,0.06907,0.07194,68639.14361403999
2024-09-11T00:00:00Z,OXTUSD,0.07046,0.0705,0.06685,0.06979,128731.20363618
2024-09-12T00:00:00Z,OXTUSD,0.07058,0.07228,0.07009,0.07228,53249.987164269995
2024-09-13T00:00:00Z,OXTUSD,0.07159,0.07404,0.07129,0.07404,98138.03974975
2024-09-14T00:00:00Z,OXTUSD,0.07434,0.07437,0.07276,0.07315,88147.22426568002
2024-09-15T00:00:00Z,OXTUSD,0.07343,0.07383,0.06957,0.07029,48653.92074504
2024-09-16T00:00:00Z,OXTUSD,0.06963,0.07058,0.06739,0.06745,94920.06162612999
2024-09-17T00:00:00Z,OXTUSD,0.06773,0.07067,0.06737,0.0689,85396.00434414999
2024-09-18T00:00:00Z,OXTUSD,0.07004,0.07257,0.06853,0.07257,67393.94853015001
2024-09-19T00:00:00Z,OXTUSD,0.07434,0.07754,0.07434,0.07609,274628.1239356101
2024-09-20T00:00:00Z,OXTUSD,0.07629,0.07993,0.07597,0.07992,325019.06059376
2024-09-21T00:00:00Z,OXTUSD,0.0797,0.0797,0.07777,0.07922,104256.03471140999
2024-09-22T00:00:00Z,OXTUSD,0.07755,0.07758,0.07535,0.07657,15296.35082928
2024-09-23T00:00:00Z,OXTUSD,0.07597,0.07927,0.0752,0.0774,178559.84755168
2024-09-24T00:00:00Z,OXTUSD,0.07782,0.08108,0.07678,0.07977,339228.27779142006
2024-09-25T00:00:00Z,OXTUSD,0.07922,0.08054,0.07682,0.07682,55910.5575717
2024-09-26T00:00:00Z,OXTUSD,0.07708,0.07972,0.062,0.07911,525492.4557822599
2024-09-27T00:00:00Z,OXTUSD,0.07923,0.08027,0.07824,0.07982,96724.72162535996
2024-09-28T00:00:00Z,OXTUSD,0.07948,0.08049,0.07702,0.07842,49176.101847909995
2024-09-29T00:00:00Z,OXTUSD,0.07789,0.08161,0.07766,0.08061,160884.90693456997
2024-09-30T00:00:00Z,OXTUSD,0.07863,0.07904,0.07532,0.07569,174468.90147697998
2024-10-01T00:00:00Z,OXTUSD,0.07573,0.07783,0.06817,0.06988,131495.97367870001
2024-10-02T00:00:00Z,OXTUSD,0.0697,0.07121,0.06581,0.06772,126167.25902139998
2024-10-03T00:00:00Z,OXTUSD,0.06807,0.06915,0.06582,0.06732,316377.52545945
2024-10-04T00:00:00Z,OXTUSD,0.06754,0.07101,0.06732,0.06994,103224.37685739
2024-10-05T00:00:00Z,OXTUSD,0.07084,0.07190,0.06955,0.07051,152358.42125028
2024-10-06T00:00:00Z,OXTUSD,0.07102,0.07409,0.07102,0.07398,102582.42821141
2024-10-07T00:00:00Z,OXTUSD,0.07479,0.07540,0.07295,0.07470,70331.36209354
2024-10-08T00:00:00Z,OXTUSD,0.07458,0.08182,0.07279,0.07815,891370.01473016
2024-10-09T00:00:00Z,OXTUSD,0.07825,0.08038,0.06940,0.06991,365857.17130421
2024-10-10T00:00:00Z,OXTUSD,0.06901,0.07149,0.06854,0.07147,109819.44194988
2024-10-11T00:00:00Z,OXTUSD,0.07179,0.07357,0.07167,0.07325,37081.22497558
2024-10-12T00:00:00Z,OXTUSD,0.07387,0.07514,0.07382,0.07383,36283.21469901
2024-10-13T00:00:00Z,OXTUSD,0.07422,0.07422,0.07101,0.07233,45604.24318720
2024-10-14T00:00:00Z,OXTUSD,0.07206,0.07608,0.07206,0.07560,61765.56722247
2024-10-15T00:00:00Z,OXTUSD,0.07568,0.07585,0.07254,0.07455,49602.29137998
2024-10-16T00:00:00Z,OXTUSD,0.07538,0.07546,0.07179,0.07225,293561.11530989
2024-10-17T00:00:00Z,OXTUSD,0.07224,0.07224,0.06901,0.06937,41480.53082232
2024-10-18T00:00:00Z,OXTUSD,0.07102,0.07250,0.07077,0.07239,27386.33573865
2024-10-19T00:00:00Z,OXTUSD,0.07393,0.07405,0.07270,0.07348,18312.95557599
2024-10-20T00:00:00Z,OXTUSD,0.07428,0.07713,0.07347,0.07516,253368.07639733
2024-10-21T00:00:00Z,OXTUSD,0.07582,0.07614,0.07288,0.07385,111199.23626893
2024-10-22T00:00:00Z,OXTUSD,0.07276,0.07366,0.07105,0.07193,76847.63000110
2024-10-23T00:00:00Z,OXTUSD,0.07059,0.07059,0.06592,0.06739,77552.07885018
2024-10-24T00:00:00Z,OXTUSD,0.06729,0.07263,0.06663,0.06873,333972.31416972
2024-10-25T00:00:00Z,OXTUSD,0.06903,0.06921,0.06310,0.06533,79634.52086226
2024-10-26T00:00:00Z,OXTUSD,0.06512,0.06624,0.06458,0.06557,121434.03758598
2024-10-27T00:00:00Z,OXTUSD,0.06496,0.06702,0.06495,0.06633,133338.26952165
2024-10-28T00:00:00Z,OXTUSD,0.06541,0.06678,0.06467,0.06678,98713.91843915
2024-10-29T00:00:00Z,OXTUSD,0.06659,0.06954,0.06658,0.06919,74551.63105511
2024-10-30T00:00:00Z,OXTUSD,0.06943,0.06943,0.06749,0.06797,118826.14253932
2024-10-31T00:00:00Z,OXTUSD,0.06764,0.06766,0.06413,0.06459,111762.02542595
2024-11-01T00:00:00Z,OXTUSD,0.06457,0.06725,0.06268,0.06351,259100.37741495
2024-11-02T00:00:00Z,OXTUSD,0.06361,0.07103,0.06331,0.06474,652752.36832515
2024-11-03T00:00:00Z,OXTUSD,0.06306,0.06409,0.05952,0.06135,191997.94919078
2024-11-04T00:00:00Z,OXTUSD,0.06141,0.06260,0.05812,0.05929,314350.06733069
2024-11-05T00:00:00Z,OXTUSD,0.05948,0.06247,0.05948,0.06146,195091.89341003
2024-11-06T00:00:00Z,OXTUSD,0.06155,0.06760,0.06155,0.06722,452311.84496593
2024-11-07T00:00:00Z,OXTUSD,0.06751,0.06848,0.06600,0.06669,174567.70091480
2024-11-08T00:00:00Z,OXTUSD,0.06774,0.06788,0.06512,0.06755,113425.80297721
2024-11-09T00:00:00Z,OXTUSD,0.06781,0.06969,0.06722,0.06924,443413.09194048
2024-11-10T00:00:00Z,OXTUSD,0.06884,0.07497,0.06850,0.07175,299352.52215087
2024-11-11T00:00:00Z,OXTUSD,0.07360,0.07552,0.07139,0.07527,539193.00021006
2024-11-12T00:00:00Z,OXTUSD,0.07408,0.07681,0.06835,0.07276,476680.38139059
2024-11-13T00:00:00Z,OXTUSD,0.07351,0.07367,0.06637,0.06954,1107403.89029589
2024-11-14T00:00:00Z,OXTUSD,0.07016,0.07209,0.06749,0.06961,1148710.77872228
2024-11-15T00:00:00Z,OXTUSD,0.06957,0.07085,0.06697,0.07012,163804.45338175
2024-11-16T00:00:00Z,OXTUSD,0.07055,0.07982,0.07055,0.07782,568919.83483704
2024-11-17T00:00:00Z,OXTUSD,0.07776,0.09251,0.07400,0.07915,1820966.23460661
2024-11-18T00:00:00Z,OXTUSD,0.08013,0.08481,0.07979,0.08343,971706.78547529
2024-11-19T00:00:00Z,OXTUSD,0.08331,0.08408,0.08000,0.08000,189116.02693727
2024-11-20T00:00:00Z,OXTUSD,0.08075,0.08098,0.07584,0.07793,187843.82211776
2024-11-21T00:00:00Z,OXTUSD,0.07734,0.08086,0.07470,0.07937,260803.83375096
2024-11-22T00:00:00Z,OXTUSD,0.07904,0.07904,0.07330,0.07718,621159.81624699
2024-11-23T00:00:00Z,OXTUSD,0.07727,0.09000,0.07703,0.08644,1090090.17726667
2024-11-24T00:00:00Z,OXTUSD,0.08701,0.15800,0.08697,0.12445,8414094.93774123
2024-11-25T00:00:00Z,OXTUSD,0.12129,0.13964,0.10644,0.10785,3605928.83128486
2024-11-26T00:00:00Z,OXTUSD,0.10758,0.11339,0.10216,0.10639,885654.10306347
2024-11-27T00:00:00Z,OXTUSD,0.10554,0.11626,0.10308,0.11216,843429.40722619
2024-11-28T00:00:00Z,OXTUSD,0.11247,0.11336,0.10701,0.11151,459229.65109803
2024-11-29T00:00:00Z,OXTUSD,0.11196,0.11500,0.10873,0.11369,481468.32991410
2024-11-30T00:00:00Z,OXTUSD,0.11226,0.12356,0.11226,0.12007,1868671.53692233
2024-12-01T00:00:00Z,OXTUSD,0.11980,0.12277,0.11569,0.12113,765852.35578881
2024-12-02T00:00:00Z,OXTUSD,0.12075,0.12769,0.11100,0.12692,1051370.37008182
2024-12-03T00:00:00Z,OXTUSD,0.12589,0.13559,0.12100,0.13537,1159239.88121556
2024-12-04T00:00:00Z,OXTUSD,0.13491,0.14529,0.13266,0.13537,824639.95043507
2024-12-05T00:00:00Z,OXTUSD,0.13504,0.14900,0.12727,0.14169,2100913.34198112
2024-12-06T00:00:00Z,OXTUSD,0.14177,0.14524,0.13504,0.13994,452375.08245455
2024-12-07T00:00:00Z,OXTUSD,0.14075,0.14091,0.12500,0.13748,638593.86547820
2024-12-08T00:00:00Z,OXTUSD,0.13722,0.13784,0.13184,0.13783,350171.89160917
2024-12-09T00:00:00Z,OXTUSD,0.13739,0.13764,0.09700,0.11259,1071836.59585172
2024-12-10T00:00:00Z,OXTUSD,0.11139,0.11507,0.10169,0.11261,1069477.04044779
2024-12-11T00:00:00Z,OXTUSD,0.11260,0.12464,0.10954,0.12281,516855.95404273
2024-12-12T00:00:00Z,OXTUSD,0.12241,0.13402,0.12219,0.12281,328411.15888450
2024-12-13T00:00:00Z,OXTUSD,0.12422,0.12755,0.11866,0.12282,249803.14529306
2024-12-14T00:00:00Z,OXTUSD,0.12479,0.12545,0.11591,0.11826,538318.32568034
2024-12-15T00:00:00Z,OXTUSD,0.11813,0.12667,0.11554,0.12552,966347.27869172
2024-12-16T00:00:00Z,OXTUSD,0.12611,0.12746,0.11813,0.11926,513991.73637346
2024-12-17T00:00:00Z,OXTUSD,0.11900,0.12116,0.11487,0.11651,539859.94789363
2024-12-18T00:00:00Z,OXTUSD,0.11657,0.11822,0.10500,0.10535,501487.15105402
2024-12-19T00:00:00Z,OXTUSD,0.10370,0.10790,0.09766,0.10297,402491.22768202
2024-12-20T00:00:00Z,OXTUSD,0.10000,0.10700,0.08979,0.10640,501314.19947588
2024-12-21T00:00:00Z,OXTUSD,0.10700,0.13100,0.10002,0.10681,946881.41600674
2024-12-22T00:00:00Z,OXTUSD,0.10660,0.10905,0.10321,0.10688,165284.82905946
2024-12-23T00:00:00Z,OXTUSD,0.10675,0.11700,0.10466,0.11573,144448.42508483
2024-12-24T00:00:00Z,OXTUSD,0.11610,0.12373,0.11456,0.12342,189338.29000067
2024-12-25T00:00:00Z,OXTUSD,0.12225,0.13001,0.12215,0.12513,359953.36778334
2024-12-26T00:00:00Z,OXTUSD,0.12349,0.13370,0.10793,0.11020,1045452.75317135
2024-12-27T00:00:00Z,OXTUSD,0.11132,0.12637,0.10701,0.11684,811885.96229796
2024-12-28T00:00:00Z,OXTUSD,0.11770,0.13448,0.11576,0.12863,843319.81754521
2024-12-29T00:00:00Z,OXTUSD,0.12930,0.12931,0.11877,0.11942,118279.77249635
2024-12-30T00:00:00Z,OXTUSD,0.11987,0.12218,0.11300,0.11810,334946.70919278
2024-12-31T00:00:00Z,OXTUSD,0.11785,0.11871,0.11167,0.11260,155571.05507831
2025-01-01T00:00:00Z,OXTUSD,0.11258,0.11990,0.11140,0.11831,235324.79959196
2025-01-02T00:00:00Z,OXTUSD,0.11849,0.12391,0.11849,0.12020,212330.75309971
2025-01-03T00:00:00Z,OXTUSD,0.12012,0.12739,0.11861,0.12642,206341.61373969
2025-01-04T00:00:00Z,OXTUSD,0.12623,0.12786,0.12375,0.12632,135388.36023173
2025-01-05T00:00:00Z,OXTUSD,0.12644,0.12935,0.12255,0.12442,224426.22034040
2025-01-06T00:00:00Z,OXTUSD,0.12440,0.12796,0.12153,0.12491,158593.09064459
2025-01-07T00:00:00Z,OXTUSD,0.12547,0.12549,0.11258,0.11273,321090.89348055
2025-01-08T00:00:00Z,OXTUSD,0.11313,0.11943,0.10775,0.11764,317556.40478772
2025-01-09T00:00:00Z,OXTUSD,0.11700,0.11918,0.10897,0.11165,331717.58402687
2025-01-10T00:00:00Z,OXTUSD,0.11266,0.11481,0.10946,0.11381,201886.93657961
2025-01-11T00:00:00Z,OXTUSD,0.11351,0.11436,0.11017,0.11236,193605.43839829
2025-01-12T00:00:00Z,OXTUSD,0.11192,0.11196,0.10700,0.10941,112429.07824434
2025-01-13T00:00:00Z,OXTUSD,0.10862,0.10899,0.09827,0.10636,277525.65527393
2025-01-14T00:00:00Z,OXTUSD,0.10642,0.11430,0.10642,0.11382,246563.80484122
2025-01-15T00:00:00Z,OXTUSD,0.11352,0.11944,0.11000,0.11798,417140.14776576
2025-01-16T00:00:00Z,OXTUSD,0.11818,0.11864,0.11292,0.11356,185497.55512682
2025-01-17T00:00:00Z,OXTUSD,0.11389,0.12270,0.11090,0.12229,363290.81780477
2025-01-18T00:00:00Z,OXTUSD,0.12227,0.12288,0.11341,0.11568,303669.85365328
2025-01-19T00:00:00Z,OXTUSD,0.11531,0.11826,0.10624,0.10822,643847.64918388
2025-01-20T00:00:00Z,OXTUSD,0.10662,0.11931,0.10487,0.11053,789575.52691790
2025-01-21T00:00:00Z,OXTUSD,0.10936,0.11490,0.10700,0.11256,220396.14753101
2025-01-22T00:00:00Z,OXTUSD,0.11265,0.11299,0.10923,0.10974,140991.31724995
2025-01-23T00:00:00Z,OXTUSD,0.10905,0.11120,0.10401,0.10849,172951.58499691
2025-01-24T00:00:00Z,OXTUSD,0.10789,0.11020,0.10394,0.10514,191180.90306473
2025-01-25T00:00:00Z,OXTUSD,0.10436,0.10643,0.10436,0.10523,136601.74107110
2025-01-26T00:00:00Z,OXTUSD,0.10462,0.11013,0.10462,0.10565,264386.60219551
2025-01-27T00:00:00Z,OXTUSD,0.10557,0.10821,0.10000,0.10741,159270.13056349
2025-01-28T00:00:00Z,OXTUSD,0.10706,0.10921,0.09980,0.10056,164584.24782241
2025-01-29T00:00:00Z,OXTUSD,0.10076,0.10711,0.10024,0.10510,111301.87737300
2025-01-30T00:00:00Z,OXTUSD,0.10393,0.11547,0.10393,0.11326,446340.55636509
2025-01-31T00:00:00Z,OXTUSD,0.11393,0.12556,0.11283,0.11888,390932.59930398
2025-02-01T00:00:00Z,OXTUSD,0.11841,0.12277,0.11060,0.11179,213873.70536731
2025-02-02T00:00:00Z,OXTUSD,0.11247,0.11247,0.09285,0.09708,388953.97524260
2025-02-03T00:00:00Z,OXTUSD,0.09625,0.09852,0.07897,0.09809,872488.84815759
2025-02-04T00:00:00Z,OXTUSD,0.09999,0.10146,0.09144,0.09346,213829.06719864
2025-02-05T00:00:00Z,OXTUSD,0.09309,0.09502,0.08886,0.08997,164285.55932935
2025-02-06T00:00:00Z,OXTUSD,0.09042,0.09286,0.08584,0.08584,200860.45682860
2025-02-07T00:00:00Z,OXTUSD,0.08661,0.09250,0.08646,0.09027,118637.81823680
2025-02-08T00:00:00Z,OXTUSD,0.08844,0.09620,0.08680,0.09505,191529.70145227
2025-02-09T00:00:00Z,OXTUSD,0.09427,0.09993,0.09187,0.09411,375219.02173812
2025-02-10T00:00:00Z,OXTUSD,0.09186,0.09935,0.09152,0.09755,91232.94785912
2025-02-11T00:00:00Z,OXTUSD,0.09952,0.10409,0.09503,0.09694,207152.10577106
2025-02-12T00:00:00Z,OXTUSD,0.09681,0.10296,0.09404,0.10250,104863.23694409
2025-02-13T00:00:00Z,OXTUSD,0.10312,0.10688,0.10160,0.10433,292916.42254313
2025-02-14T00:00:00Z,OXTUSD,0.10438,0.10744,0.10330,0.10468,133294.07480464
2025-02-15T00:00:00Z,OXTUSD,0.10468,0.10485,0.10003,0.10084,66698.95954421
2025-02-16T00:00:00Z,OXTUSD,0.10103,0.10386,0.10039,0.10212,240166.30858417
2025-02-17T00:00:00Z,OXTUSD,0.10241,0.10308,0.09828,0.09899,77749.25773890
2025-02-18T00:00:00Z,OXTUSD,0.09852,0.09852,0.09048,0.09306,197233.29463850
2025-02-19T00:00:00Z,OXTUSD,0.09328,0.09957,0.09311,0.09601,204587.59151891
2025-02-20T00:00:00Z,OXTUSD,0.09592,0.09929,0.09585,0.09929,100034.67503055
2025-02-21T00:00:00Z,OXTUSD,0.09980,0.10322,0.09638,0.09678,112728.14094778
2025-02-22T00:00:00Z,OXTUSD,0.09625,0.09774,0.09620,0.09757,30432.69556934
2025-02-23T00:00:00Z,OXTUSD,0.09745,0.09894,0.09415,0.09534,69068.35206998
2025-02-24T00:00:00Z,OXTUSD,0.09523,0.09523,0.08570,0.08595,184326.75955699
2025-02-25T00:00:00Z,OXTUSD,0.08546,0.08872,0.08117,0.08852,157481.47840335
2025-02-26T00:00:00Z,OXTUSD,0.08779,0.08931,0.08404,0.08842,59289.18365764
2025-02-27T00:00:00Z,OXTUSD,0.08833,0.09312,0.08665,0.09024,243027.28911241
2025-02-28T00:00:00Z,OXTUSD,0.08976,0.08976,0.08293,0.08782,159030.61168290
2025-03-01T00:00:00Z,OXTUSD,0.08676,0.08815,0.08305,0.08580,42045.74766708
2025-03-02T00:00:00Z,OXTUSD,0.08499,0.09717,0.08448,0.09665,222992.26263894
2025-03-03T00:00:00Z,OXTUSD,0.09654,0.09725,0.08306,0.08383,147832.64168809
2025-03-04T00:00:00Z,OXTUSD,0.08300,0.08300,0.07494,0.08126,348425.88274036
2025-03-05T00:00:00Z,OXTUSD,0.08130,0.08404,0.08035,0.08310,84963.36447087
2025-03-06T00:00:00Z,OXTUSD,0.08332,0.08422,0.07950,0.08013,58212.21495801
2025-03-07T00:00:00Z,OXTUSD,0.08019,0.08428,0.07708,0.08079,196063.40907578
2025-03-08T00:00:00Z,OXTUSD,0.08084,0.08147,0.07829,0.08072,359935.89538450
2025-03-09T00:00:00Z,OXTUSD,0.07884,0.07921,0.07250,0.07303,475033.85748054
2025-03-10T00:00:00Z,OXTUSD,0.07508,0.07636,0.06863,0.07066,129451.24939430
2025-03-11T00:00:00Z,OXTUSD,0.06956,0.07534,0.06803,0.07403,214867.89154715
2025-03-12T00:00:00Z,OXTUSD,0.07399,0.07635,0.07146,0.07461,62546.67158441
2025-03-13T00:00:00Z,OXTUSD,0.07491,0.07511,0.07032,0.07211,40563.23028347
2025-03-14T00:00:00Z,OXTUSD,0.07206,0.07584,0.07185,0.07487,89344.31423854
2025-03-15T00:00:00Z,OXTUSD,0.07431,0.07547,0.06902,0.07511,297845.33061969
2025-03-16T00:00:00Z,OXTUSD,0.07457,0.07511,0.07173,0.07175,80306.16962975
2025-03-17T00:00:00Z,OXTUSD,0.07247,0.07579,0.07247,0.07579,25922.64056156
2025-03-18T00:00:00Z,OXTUSD,0.07585,0.07585,0.07245,0.07512,66428.48065672
2025-03-19T00:00:00Z,OXTUSD,0.07521,0.07694,0.07489,0.07651,104854.22120606
2025-03-20T00:00:00Z,OXTUSD,0.07535,0.07727,0.07192,0.07192,177657.73399470
2025-03-21T00:00:00Z,OXTUSD,0.07219,0.07273,0.07068,0.07083,42944.64397037
2025-03-22T00:00:00Z,OXTUSD,0.07099,0.07371,0.07081,0.07277,178583.24536059
2025-03-23T00:00:00Z,OXTUSD,0.07256,0.07435,0.07189,0.07243,35445.26597780
2025-03-24T00:00:00Z,OXTUSD,0.07192,0.07508,0.07140,0.07363,37981.99594745
2025-03-25T00:00:00Z,OXTUSD,0.07456,0.07456,0.07262,0.07423,31285.16767868
2025-03-26T00:00:00Z,OXTUSD,0.07401,0.07452,0.07175,0.07183,875626.12879531
2025-03-27T00:00:00Z,OXTUSD,0.07234,0.07435,0.07029,0.07080,163158.37837199
2025-03-28T00:00:00Z,OXTUSD,0.07072,0.07130,0.06552,0.06680,404977.01415180
2025-03-29T00:00:00Z,OXTUSD,0.06707,0.06707,0.06263,0.06305,78876.78364177
2025-03-30T00:00:00Z,OXTUSD,0.06360,0.06630,0.06360,0.06400,494438.38495582
2025-03-31T00:00:00Z,OXTUSD,0.06476,0.06522,0.06262,0.06384,145857.59459995
2025-04-01T00:00:00Z,OXTUSD,0.06370,0.06631,0.06370,0.06451,79561.19436637
2025-04-02T00:00:00Z,OXTUSD,0.06399,0.06598,0.06085,0.06117,370830.41469826
2025-04-03T00:00:00Z,OXTUSD,0.06180,0.06363,0.06028,0.06220,181285.45945598
2025-04-04T00:00:00Z,OXTUSD,0.06223,0.06352,0.06081,0.06306,106730.25340187
2025-04-05T00:00:00Z,OXTUSD,0.06368,0.06373,0.06181,0.06277,50228.51673258
2025-04-06T00:00:00Z,OXTUSD,0.06194,0.06215,0.05459,0.05558,227823.22807547
2025-04-07T00:00:00Z,OXTUSD,0.05549,0.05949,0.05244,0.05760,295033.01256673
2025-04-08T00:00:00Z,OXTUSD,0.05801,0.06626,0.05629,0.05695,493731.78968687
2025-04-09T00:00:00Z,OXTUSD,0.05597,0.06300,0.05503,0.06201,297948.67318788
2025-04-10T00:00:00Z,OXTUSD,0.06201,0.06331,0.06056,0.06310,665322.82935072
2025-04-11T00:00:00Z,OXTUSD,0.06344,0.06671,0.06326,0.06600,413337.42794691
2025-04-12T00:00:00Z,OXTUSD,0.06610,0.06915,0.06573,0.06783,236718.09969001
2025-04-13T00:00:00Z,OXTUSD,0.06795,0.06852,0.06466,0.06567,704322.80423983
2025-04-14T00:00:00Z,OXTUSD,0.06623,0.06724,0.06382,0.06455,300917.44530801
2025-04-15T00:00:00Z,OXTUSD,0.06461,0.06600,0.06346,0.06433,222867.24415967
2025-04-16T00:00:00Z,OXTUSD,0.06455,0.06530,0.06161,0.06223,195180.23878843
2025-04-17T00:00:00Z,OXTUSD,0.06225,0.07100,0.06161,0.06856,635816.34636351
2025-04-18T00:00:00Z,OXTUSD,0.06762,0.07007,0.06325,0.06685,742246.06415338
2025-04-19T00:00:00Z,OXTUSD,0.06771,0.06901,0.06761,0.06881,113437.51927285
2025-04-20T00:00:00Z,OXTUSD,0.06902,0.07599,0.06601,0.07024,741904.55537025
2025-04-21T00:00:00Z,OXTUSD,0.07156,0.07206,0.06821,0.06948,509070.13188775
2025-04-22T00:00:00Z,OXTUSD,0.06996,0.07600,0.06880,0.07208,1153512.09335091
2025-04-23T00:00:00Z,OXTUSD,0.07225,0.07421,0.07165,0.07201,258998.42788563
2025-04-24T00:00:00Z,OXTUSD,0.07211,0.07393,0.06996,0.07391,214902.77785004
2025-04-25T00:00:00Z,OXTUSD,0.07321,0.08220,0.07308,0.07503,343179.67365793
2025-04-26T00:00:00Z,OXTUSD,0.07474,0.07583,0.07286,0.07529,194472.92619574
2025-04-27T00:00:00Z,OXTUSD,0.07582,0.07596,0.07100,0.07314,350128.41139685
2025-04-28T00:00:00Z,OXTUSD,0.07245,0.07484,0.07100,0.07447,104473.59476541
2025-04-29T00:00:00Z,OXTUSD,0.07484,0.07554,0.06600,0.07110,1691734.45898478
2025-04-30T00:00:00Z,OXTUSD,0.07212,0.07425,0.07027,0.07179,81915.24175591
2025-05-01T00:00:00Z,OXTUSD,0.07206,0.07301,0.07021,0.07114,150377.80322284
2025-05-02T00:00:00Z,OXTUSD,0.07197,0.07197,0.07068,0.07091,97452.81556898
2025-05-03T00:00:00Z,OXTUSD,0.07083,0.07090,0.06776,0.06881,141081.26216770
2025-05-04T00:00:00Z,OXTUSD,0.06879,0.07033,0.06755,0.06905,208425.06435133
2025-05-05T00:00:00Z,OXTUSD,0.06947,0.07006,0.06581,0.06608,177416.85078660
2025-05-06T00:00:00Z,OXTUSD,0.06608,0.06733,0.06393,0.06608,374251.38142069
2025-05-07T00:00:00Z,OXTUSD,0.06613,0.06613,0.06403,0.06418,102144.59821235
2025-05-08T00:00:00Z,OXTUSD,0.06477,0.07010,0.06477,0.06963,212105.70431397
2025-05-09T00:00:00Z,OXTUSD,0.07046,0.07319,0.07025,0.07252,384762.27230003
2025-05-10T00:00:00Z,OXTUSD,0.07301,0.07539,0.07221,0.07539,219366.30959959
2025-05-11T00:00:00Z,OXTUSD,0.07543,0.07543,0.07066,0.07229,103060.22987002
2025-05-12T00:00:00Z,OXTUSD,0.07301,0.08483,0.06970,0.07374,748141.48757607
2025-05-13T00:00:00Z,OXTUSD,0.07380,0.07501,0.07068,0.07483,209437.20528393
2025-05-14T00:00:00Z,OXTUSD,0.07505,0.07661,0.07100,0.07121,282361.91560767
2025-05-15T00:00:00Z,OXTUSD,0.07173,0.07173,0.06600,0.06753,289702.91473967
2025-05-16T00:00:00Z,OXTUSD,0.06744,0.06906,0.06655,0.06655,429031.99851118
2025-05-17T00:00:00Z,OXTUSD,0.06635,0.06642,0.06400,0.06427,298044.27672108
2025-05-18T00:00:00Z,OXTUSD,0.06432,0.06730,0.06215,0.06549,195374.86147917
2025-05-19T00:00:00Z,OXTUSD,0.06400,0.06453,0.06185,0.06422,168241.98656647
2025-05-20T00:00:00Z,OXTUSD,0.06446,0.06614,0.06323,0.06439,122334.54936656
2025-05-21T00:00:00Z,OXTUSD,0.06474,0.06614,0.06320,0.06563,149488.82967073
2025-05-22T00:00:00Z,OXTUSD,0.06541,0.06744,0.06100,0.06713,481418.27894694
2025-05-23T00:00:00Z,OXTUSD,0.06723,0.06804,0.06163,0.06163,487566.22300635
2025-05-24T00:00:00Z,OXTUSD,0.06170,0.06270,0.06130,0.06193,131269.68306999
2025-05-25T00:00:00Z,OXTUSD,0.06189,0.06189,0.05916,0.06142,399310.14084958
2025-05-26T00:00:00Z,OXTUSD,0.06149,0.06403,0.06149,0.06250,180956.00699226
2025-05-27T00:00:00Z,OXTUSD,0.06267,0.06408,0.06084,0.06247,219678.15631664
2025-05-28T00:00:00Z,OXTUSD,0.06274,0.06350,0.05900,0.06063,221575.70429838
2025-05-29T00:00:00Z,OXTUSD,0.06039,0.06127,0.05725,0.05908,237517.61949404
2025-05-30T00:00:00Z,OXTUSD,0.05990,0.06721,0.05698,0.05724,2638904.80525494
2025-05-31T00:00:00Z,OXTUSD,0.05706,0.05739,0.05302,0.05504,528424.20874589
2025-06-01T00:00:00Z,OXTUSD,0.05484,0.05702,0.05385,0.05689,231272.53931233
2025-06-02T00:00:00Z,OXTUSD,0.05675,0.05705,0.05498,0.05697,406271.19377773
2025-06-03T00:00:00Z,OXTUSD,0.05754,0.05798,0.05633,0.05664,200551.44135966
2025-06-04T00:00:00Z,OXTUSD,0.05648,0.05795,0.05519,0.05534,337324.62429840
2025-06-05T00:00:00Z,OXTUSD,0.05534,0.05680,0.05225,0.05272,347400.44690034
2025-06-06T00:00:00Z,OXTUSD,0.05272,0.05752,0.05272,0.05574,224012.82306397
2025-06-07T00:00:00Z,OXTUSD,0.05589,0.05769,0.05589,0.05740,51101.49558857
2025-06-08T00:00:00Z,OXTUSD,0.05794,0.05857,0.05695,0.05743,76897.20735625
2025-06-09T00:00:00Z,OXTUSD,0.05658,0.06024,0.05620,0.06024,224165.55495982
2025-06-10T00:00:00Z,OXTUSD,0.06053,0.06108,0.05929,0.06101,147426.28945141
2025-06-11T00:00:00Z,OXTUSD,0.06124,0.06200,0.05800,0.05822,220116.73645359
2025-06-12T00:00:00Z,OXTUSD,0.05815,0.05882,0.05530,0.05565,217770.52199621
2025-06-13T00:00:00Z,OXTUSD,0.05520,0.05653,0.05335,0.05553,197112.00163161
2025-06-14T00:00:00Z,OXTUSD,0.05533,0.06100,0.05503,0.05677,410421.70313969
2025-06-15T00:00:00Z,OXTUSD,0.05677,0.05884,0.05638,0.05682,502551.68063480
2025-06-16T00:00:00Z,OXTUSD,0.05676,0.05844,0.05641,0.05771,703022.33419825
2025-06-17T00:00:00Z,OXTUSD,0.05910,0.06046,0.05445,0.05576,141550.97459665
2025-06-18T00:00:00Z,OXTUSD,0.05541,0.05670,0.05446,0.05559,193925.21117697
2025-06-19T00:00:00Z,OXTUSD,0.05577,0.05614,0.05441,0.05583,399226.71319891
2025-06-20T00:00:00Z,OXTUSD,0.05579,0.05717,0.05479,0.05512,394299.00449167
2025-06-21T00:00:00Z,OXTUSD,0.05523,0.05602,0.05276,0.05367,168878.63824827
2025-06-22T00:00:00Z,OXTUSD,0.05378,0.05518,0.05050,0.05150,354837.56767953
2025-06-23T00:00:00Z,OXTUSD,0.05133,0.05842,0.05119,0.05836,561816.13145140
2025-06-24T00:00:00Z,OXTUSD,0.05818,0.05939,0.05482,0.05662,552424.62996489
2025-06-25T00:00:00Z,OXTUSD,0.05702,0.05736,0.05223,0.05256,210815.98531037
2025-06-26T00:00:00Z,OXTUSD,0.05250,0.05421,0.05249,0.05332,270270.38392341
2025-06-27T00:00:00Z,OXTUSD,0.05282,0.05455,0.05282,0.05358,133634.62843801
2025-06-28T00:00:00Z,OXTUSD,0.05367,0.05369,0.04920,0.05331,1325469.88463454
2025-06-29T00:00:00Z,OXTUSD,0.05350,0.05497,0.05288,0.05494,320573.36360600
2025-06-30T00:00:00Z,OXTUSD,0.05489,0.05489,0.05211,0.05300,553621.22205812
2025-07-01T00:00:00Z,OXTUSD,0.05278,0.05369,0.05128,0.05128,301630.10084527
2025-07-02T00:00:00Z,OXTUSD,0.05139,0.05488,0.05126,0.05452,116438.26677306
2025-07-03T00:00:00Z,OXTUSD,0.05495,0.05542,0.05391,0.05434,79700.34709087
2025-07-04T00:00:00Z,OXTUSD,0.05436,0.05454,0.05217,0.05240,83307.16252207
2025-07-05T00:00:00Z,OXTUSD,0.05255,0.05386,0.05167,0.05232,36144.85618872
2025-07-06T00:00:00Z,OXTUSD,0.05192,0.05359,0.05179,0.05295,42911.43109116
2025-07-07T00:00:00Z,OXTUSD,0.05307,0.05342,0.05248,0.05307,88788.97213624
2025-07-08T00:00:00Z,OXTUSD,0.05314,0.05411,0.05265,0.05380,32205.42393003
2025-07-09T00:00:00Z,OXTUSD,0.05380,0.05599,0.05086,0.05464,562165.23836297
2025-07-10T00:00:00Z,OXTUSD,0.05462,0.05697,0.05368,0.05684,2442850.50755045
2025-07-11T00:00:00Z,OXTUSD,0.05661,0.05915,0.05645,0.05716,323505.56311058
2025-07-12T00:00:00Z,OXTUSD,0.05729,0.06439,0.05658,0.05955,664528.00746011
2025-07-13T00:00:00Z,OXTUSD,0.06007,0.06141,0.05836,0.05988,473678.46130359
2025-07-14T00:00:00Z,OXTUSD,0.06102,0.06171,0.05902,0.05937,176351.04091775
2025-07-15T00:00:00Z,OXTUSD,0.05950,0.06122,0.05508,0.06101,1602673.58072773
2025-07-16T00:00:00Z,OXTUSD,0.06136,0.06337,0.06030,0.06164,267076.21344023
2025-07-17T00:00:00Z,OXTUSD,0.06191,0.06208,0.05912,0.06064,408816.81613695
2025-07-18T00:00:00Z,OXTUSD,0.06071,0.06317,0.05913,0.06087,505482.78732153
2025-07-19T00:00:00Z,OXTUSD,0.06092,0.06203,0.05954,0.06105,175605.42137787
2025-07-20T00:00:00Z,OXTUSD,0.06131,0.06381,0.06083,0.06238,310233.53501662
2025-07-21T00:00:00Z,OXTUSD,0.06220,0.06475,0.06139,0.06381,249440.94407014
2025-07-22T00:00:00Z,OXTUSD,0.06364,0.06431,0.06094,0.06315,524946.19707323
2025-07-23T00:00:00Z,OXTUSD,0.06273,0.06320,0.05709,0.05847,407202.95749620
2025-07-24T00:00:00Z,OXTUSD,0.05813,0.05925,0.05576,0.05748,510212.83445891
2025-07-25T00:00:00Z,OXTUSD,0.05755,0.06100,0.05630,0.06018,235292.77159011
2025-07-26T00:00:00Z,OXTUSD,0.06004,0.06300,0.06004,0.06041,287270.59646995
2025-07-27T00:00:00Z,OXTUSD,0.06072,0.06224,0.06072,0.06218,180610.02180480
2025-07-28T00:00:00Z,OXTUSD,0.06239,0.06264,0.05716,0.05746,266094.16802315
2025-07-29T00:00:00Z,OXTUSD,0.05732,0.05935,0.05700,0.05735,246008.76848174
2025-07-30T00:00:00Z,OXTUSD,0.05727,0.05763,0.05500,0.05662,347972.19672142
2025-07-31T00:00:00Z,OXTUSD,0.05731,0.05792,0.05367,0.05391,200069.28805465
2025-08-01T00:00:00Z,OXTUSD,0.05377,0.05463,0.05218,0.05312,424526.33231342
2025-08-02T00:00:00Z,OXTUSD,0.05298,0.05390,0.05072,0.05164,212155.15298478
2025-08-03T00:00:00Z,OXTUSD,0.05208,0.05383,0.05175,0.05381,95191.93036278
2025-08-04T00:00:00Z,OXTUSD,0.05416,0.05526,0.05390,0.05495,44498.09152288
2025-08-05T00:00:00Z,OXTUSD,0.05512,0.05512,0.05212,0.05293,239678.98252893
2025-08-06T00:00:00Z,OXTUSD,0.05299,0.05465,0.05155,0.05275,512159.43707629
2025-08-07T00:00:00Z,OXTUSD,0.05287,0.05441,0.05254,0.05441,144097.93477068
2025-08-08T00:00:00Z,OXTUSD,0.05427,0.05519,0.05427,0.05473,203564.74055912
2025-08-09T00:00:00Z,OXTUSD,0.05502,0.05736,0.05493,0.05652,316573.04130170
2025-08-10T00:00:00Z,OXTUSD,0.05704,0.05766,0.05520,0.05610,242736.63985615
2025-08-11T00:00:00Z,OXTUSD,0.05593,0.05739,0.05421,0.05433,159415.93087867
2025-08-12T00:00:00Z,OXTUSD,0.05461,0.05763,0.05386,0.05737,88973.10102460
2025-08-13T00:00:00Z,OXTUSD,0.05757,0.05899,0.05643,0.05880,350445.33422115
2025-08-14T00:00:00Z,OXTUSD,0.05834,0.05922,0.05328,0.05420,284532.71791871
2025-08-15T00:00:00Z,OXTUSD,0.05420,0.05557,0.05248,0.05427,306752.49473279
2025-08-16T00:00:00Z,OXTUSD,0.05450,0.06190,0.05443,0.05895,634219.04094247
2025-08-17T00:00:00Z,OXTUSD,0.05909,0.05911,0.05600,0.05642,275081.81746767
2025-08-18T00:00:00Z,OXTUSD,0.05645,0.05645,0.05363,0.05451,319632.88451758
2025-08-19T00:00:00Z,OXTUSD,0.05477,0.05504,0.05254,0.05262,142994.46147631
2025-08-20T00:00:00Z,OXTUSD,0.05279,0.06063,0.05229,0.05623,592519.01022192
2025-08-21T00:00:00Z,OXTUSD,0.05616,0.05633,0.05361,0.05430,265606.35366989
2025-08-22T00:00:00Z,OXTUSD,0.05423,0.05908,0.05250,0.05881,368225.19281416
2025-08-23T00:00:00Z,OXTUSD,0.05873,0.05873,0.05587,0.05722,259677.96575686
2025-08-24T00:00:00Z,OXTUSD,0.05709,0.05819,0.05561,0.05654,302781.65562885
2025-08-25T00:00:00Z,OXTUSD,0.05654,0.05711,0.05166,0.05214,235419.88781153
2025-08-26T00:00:00Z,OXTUSD,0.05213,0.05463,0.05213,0.05429,92984.35884235
2025-08-27T00:00:00Z,OXTUSD,0.05500,0.05583,0.05416,0.05516,211199.07775033
2025-08-28T00:00:00Z,OXTUSD,0.05544,0.05674,0.05526,0.05608,125819.48873494
2025-08-29T00:00:00Z,OXTUSD,0.05656,0.06021,0.05287,0.05410,384450.35271784
2025-08-30T00:00:00Z,OXTUSD,0.05407,0.05478,0.05369,0.05401,135406.88253837
2025-08-31T00:00:00Z,OXTUSD,0.05493,0.05694,0.05390,0.05390,183853.95677729
2025-09-01T00:00:00Z,OXTUSD,0.05389,0.05481,0.05100,0.05277,346009.19729108
2025-09-02T00:00:00Z,OXTUSD,0.05275,0.05444,0.05275,0.05378,317212.95389030
2025-09-03T00:00:00Z,OXTUSD,0.05357,0.05509,0.05327,0.05413,216539.05834536
2025-09-04T00:00:00Z,OXTUSD,0.05413,0.05413,0.05223,0.05262,154162.18032062
2025-09-05T00:00:00Z,OXTUSD,0.05294,0.05404,0.05237,0.05299,97309.20352840
2025-09-06T00:00:00Z,OXTUSD,0.05314,0.05327,0.05223,0.05223,98889.68962711
2025-09-07T00:00:00Z,OXTUSD,0.05259,0.05330,0.05237,0.05273,241874.35788421
2025-09-08T00:00:00Z,OXTUSD,0.05289,0.05587,0.05250,0.05366,283409.03804070
2025-09-09T00:00:00Z,OXTUSD,0.05364,0.05563,0.05272,0.05283,349937.45158077
2025-09-10T00:00:00Z,OXTUSD,0.05302,0.06039,0.05254,0.05400,394402.38937728
2025-09-11T00:00:00Z,OXTUSD,0.05400,0.05510,0.05301,0.05407,280510.51686369
2025-09-12T00:00:00Z,OXTUSD,0.05445,0.05649,0.05358,0.05590,367102.32221492
2025-09-13T00:00:00Z,OXTUSD,0.05575,0.05968,0.05521,0.05649,584298.06297220
2025-09-14T00:00:00Z,OXTUSD,0.05639,0.05639,0.05342,0.05346,290790.12917098
2025-09-15T00:00:00Z,OXTUSD,0.05346,0.05421,0.05157,0.05281,431218.08424206
2025-09-16T00:00:00Z,OXTUSD,0.05293,0.05480,0.05200,0.05385,699957.67263671
2025-09-17T00:00:00Z,OXTUSD,0.05382,0.05537,0.05239,0.05524,798094.65087810
2025-09-18T00:00:00Z,OXTUSD,0.05527,0.05534,0.05379,0.05481,419740.25426095
2025-09-19T00:00:00Z,OXTUSD,0.05499,0.05556,0.05160,0.05199,251976.10263007
2025-09-20T00:00:00Z,OXTUSD,0.05215,0.05369,0.05180,0.05362,205325.36269255
2025-09-21T00:00:00Z,OXTUSD,0.05324,0.05420,0.05269,0.05275,255220.08806840
2025-09-22T00:00:00Z,OXTUSD,0.05262,0.05262,0.04846,0.04932,756625.23019011
2025-09-23T00:00:00Z,OXTUSD,0.04930,0.04974,0.04837,0.04951,109247.24212012
2025-09-24T00:00:00Z,OXTUSD,0.04957,0.05014,0.04877,0.04879,439145.82274046
2025-09-25T00:00:00Z,OXTUSD,0.04867,0.04867,0.04559,0.04638,311429.40083397
2025-09-26T00:00:00Z,OXTUSD,0.04660,0.04746,0.04560,0.04739,190571.57598567
2025-09-27T00:00:00Z,OXTUSD,0.04742,0.04753,0.04682,0.04685,92857.33224610
2025-09-28T00:00:00Z,OXTUSD,0.04645,0.04773,0.04512,0.04683,147142.76899747
2025-09-29T00:00:00Z,OXTUSD,0.04691,0.04728,0.04616,0.04714,68472.77123979
2025-09-30T00:00:00Z,OXTUSD,0.04667,0.04697,0.04506,0.04634,343195.00697390
2025-10-01T00:00:00Z,OXTUSD,0.04609,0.05086,0.04609,0.04981,426299.77894458
2025-10-02T00:00:00Z,OXTUSD,0.04951,0.05124,0.04916,0.05072,750763.44434395
2025-10-03T00:00:00Z,OXTUSD,0.05063,0.05198,0.05035,0.05140,148733.83775169
2025-10-04T00:00:00Z,OXTUSD,0.05143,0.05149,0.04988,0.05030,98174.97375311
2025-10-05T00:00:00Z,OXTUSD,0.04985,0.05119,0.04960,0.05011,1642914.48621960
2025-10-06T00:00:00Z,OXTUSD,0.04983,0.05179,0.04983,0.05130,133987.35176985
2025-10-07T00:00:00Z,OXTUSD,0.05158,0.05158,0.04858,0.04861,245203.81288772
2025-10-08T00:00:00Z,OXTUSD,0.04878,0.05002,0.04834,0.04970,108562.78016725
2025-10-09T00:00:00Z,OXTUSD,0.04964,0.04964,0.04778,0.04904,226853.93823260
2025-10-10T00:00:00Z,OXTUSD,0.04892,0.05042,0.03433,0.04033,860653.87337517
2025-10-11T00:00:00Z,OXTUSD,0.04237,0.04847,0.03792,0.03938,960962.35154881
2025-10-12T00:00:00Z,OXTUSD,0.03927,0.04480,0.03897,0.04428,337295.58947451
2025-10-13T00:00:00Z,OXTUSD,0.04429,0.04700,0.04374,0.04677,222069.71577885
2025-10-14T00:00:00Z,OXTUSD,0.04666,0.04666,0.04278,0.04533,291612.62052692
2025-10-15T00:00:00Z,OXTUSD,0.04538,0.04600,0.04226,0.04271,368122.19878138
2025-10-16T00:00:00Z,OXTUSD,0.04273,0.04359,0.04069,0.04127,401522.93268041
2025-10-17T00:00:00Z,OXTUSD,0.04129,0.04191,0.03810,0.04024,353675.03704191
2025-10-18T00:00:00Z,OXTUSD,0.04081,0.04121,0.04009,0.04110,122296.56842970
2025-10-19T00:00:00Z,OXTUSD,0.04060,0.04184,0.03993,0.04119,108166.58501801
2025-10-20T00:00:00Z,OXTUSD,0.04089,0.04238,0.04040,0.04146,154109.27301288
2025-10-21T00:00:00Z,OXTUSD,0.04134,0.04274,0.03965,0.04003,127697.97988833
2025-10-22T00:00:00Z,OXTUSD,0.04019,0.04052,0.03842,0.03842,173431.05717746
2025-10-23T00:00:00Z,OXTUSD,0.03924,0.04049,0.03909,0.03993,93371.83293864
2025-10-24T00:00:00Z,OXTUSD,0.03997,0.04127,0.03992,0.04080,180737.21994469
2025-10-25T00:00:00Z,OXTUSD,0.04083,0.04135,0.04032,0.04127,99457.00761766
2025-10-26T00:00:00Z,OXTUSD,0.04123,0.04273,0.04082,0.04266,231551.67148545
2025-10-27T00:00:00Z,OXTUSD,0.04252,0.04268,0.04088,0.04088,160330.17121016
2025-10-28T00:00:00Z,OXTUSD,0.04085,0.04116,0.03853,0.03909,218414.04099103
2025-10-29T00:00:00Z,OXTUSD,0.03928,0.04032,0.03844,0.03958,118905.71414281
2025-10-30T00:00:00Z,OXTUSD,0.03936,0.03985,0.03626,0.03745,153602.04439574
2025-10-31T00:00:00Z,OXTUSD,0.03756,0.03894,0.03756,0.03849,103965.40920149
2025-11-01T00:00:00Z,OXTUSD,0.03846,0.04021,0.03818,0.04008,190530.42844045
2025-11-02T00:00:00Z,OXTUSD,0.03982,0.04070,0.03908,0.04019,385341.67083530
2025-11-03T00:00:00Z,OXTUSD,0.04028,0.04028,0.03457,0.03677,295257.81584932
2025-11-04T00:00:00Z,OXTUSD,0.03699,0.03899,0.03410,0.03621,657372.53150688
2025-11-05T00:00:00Z,OXTUSD,0.03590,0.03819,0.03443,0.03451,242880.40253790
2025-11-06T00:00:00Z,OXTUSD,0.03440,0.03442,0.02900,0.03278,2660430.52800979
2025-11-07T00:00:00Z,OXTUSD,0.03289,0.03564,0.03072,0.03414,621421.45469876
2025-11-08T00:00:00Z,OXTUSD,0.03468,0.03516,0.03262,0.03390,257887.23040524
2025-11-09T00:00:00Z,OXTUSD,0.03367,0.03410,0.03237,0.03381,170970.90256227
2025-11-10T00:00:00Z,OXTUSD,0.03393,0.03427,0.03310,0.03357,433586.30646407
2025-11-11T00:00:00Z,OXTUSD,0.03325,0.03400,0.03240,0.03294,135949.43053801
2025-11-12T00:00:00Z,OXTUSD,0.03268,0.03393,0.03151,0.03172,355781.38576024
2025-11-13T00:00:00Z,OXTUSD,0.03180,0.03426,0.03000,0.03082,520350.13437233
2025-11-14T00:00:00Z,OXTUSD,0.03080,0.03152,0.02988,0.03045,322474.45574467
2025-11-15T00:00:00Z,OXTUSD,0.03052,0.03160,0.03052,0.03148,40527.60098630
2025-11-16T00:00:00Z,OXTUSD,0.03145,0.03208,0.02978,0.03010,326303.59757758
2025-11-17T00:00:00Z,OXTUSD,0.03053,0.03103,0.02932,0.02981,163841.27319527
2025-11-18T00:00:00Z,OXTUSD,0.02980,0.03099,0.02951,0.03038,280955.57446263
2025-11-19T00:00:00Z,OXTUSD,0.03030,0.03052,0.02868,0.02998,507724.98714694
2025-11-20T00:00:00Z,OXTUSD,0.02997,0.03160,0.02952,0.02987,332981.26305267
2025-11-21T00:00:00Z,OXTUSD,0.03036,0.03036,0.02764,0.02829,560363.21109229
2025-11-22T00:00:00Z,OXTUSD,0.02854,0.02894,0.02770,0.02864,387506.50500798
2025-11-23T00:00:00Z,OXTUSD,0.02887,0.02916,0.02865,0.02905,162033.13807374
2025-11-24T00:00:00Z,OXTUSD,0.02875,0.02999,0.02848,0.02960,274917.03958318
2025-11-25T00:00:00Z,OXTUSD,0.02968,0.02991,0.02943,0.02991,130419.22226809
2025-11-26T00:00:00Z,OXTUSD,0.02998,0.03019,0.02939,0.03016,136421.62782225
2025-11-27T00:00:00Z,OXTUSD,0.03029,0.03090,0.03012,0.03066,241215.37762001
2025-11-28T00:00:00Z,OXTUSD,0.03056,0.03074,0.02995,0.03020,213058.06611733
2025-11-29T00:00:00Z,OXTUSD,0.03022,0.03032,0.02911,0.02915,83936.12966065
2025-11-30T00:00:00Z,OXTUSD,0.02927,0.02980,0.02910,0.02920,100405.54937573
2025-12-01T00:00:00Z,OXTUSD,0.02893,0.02893,0.02679,0.02760,490153.91804589
2025-12-02T00:00:00Z,OXTUSD,0.02741,0.02904,0.02733,0.02867,198999.09694814
2025-12-03T00:00:00Z,OXTUSD,0.02874,0.02942,0.02819,0.02927,205480.11512415
2025-12-04T00:00:00Z,OXTUSD,0.02924,0.02970,0.02821,0.02821,1778778.43278613
2025-12-05T00:00:00Z,OXTUSD,0.02818,0.02829,0.02679,0.02720,713752.16339280
2025-12-06T00:00:00Z,OXTUSD,0.02719,0.02814,0.02716,0.02811,408001.23926623
2025-12-07T00:00:00Z,OXTUSD,0.02801,0.02825,0.02650,0.02771,160841.41048434
2025-12-08T00:00:00Z,OXTUSD,0.02785,0.02857,0.02760,0.02764,207337.38984554
2025-12-09T00:00:00Z,OXTUSD,0.02770,0.02861,0.02739,0.02788,238358.26320252
2025-12-10T00:00:00Z,OXTUSD,0.02766,0.02841,0.02739,0.02830,159009.16121237
2025-12-11T00:00:00Z,OXTUSD,0.02828,0.02837,0.02683,0.02756,363839.12146179
2025-12-12T00:00:00Z,OXTUSD,0.02760,0.02782,0.02626,0.02715,251025.80433676
2025-12-13T00:00:00Z,OXTUSD,0.02701,0.02773,0.02701,0.02739,235765.64426979
2025-12-14T00:00:00Z,OXTUSD,0.02749,0.02760,0.02602,0.02626,157071.35741334
2025-12-15T00:00:00Z,OXTUSD,0.02638,0.02700,0.02501,0.02567,290280.71850523
2025-12-16T00:00:00Z,OXTUSD,0.02561,0.02567,0.02528,0.02539,332341.07677116
2025-12-17T00:00:00Z,OXTUSD,0.02529,0.02548,0.02400,0.02415,386988.46077257
2025-12-18T00:00:00Z,OXTUSD,0.02420,0.02446,0.02241,0.02250,227571.30461980
2025-12-19T00:00:00Z,OXTUSD,0.02257,0.02537,0.02241,0.02530,389844.87875520
2025-12-20T00:00:00Z,OXTUSD,0.02517,0.03039,0.02517,0.02729,1235932.05090130
2025-12-21T00:00:00Z,OXTUSD,0.02747,0.02916,0.02509,0.02558,808444.26848786
2025-12-22T00:00:00Z,OXTUSD,0.02558,0.02571,0.02461,0.02478,123212.98690258
2025-12-23T00:00:00Z,OXTUSD,0.02480,0.02485,0.02407,0.02430,147742.76057795
2025-12-24T00:00:00Z,OXTUSD,0.02416,0.02459,0.02348,0.02372,129847.14611894
2025-12-25T00:00:00Z,OXTUSD,0.02360,0.02459,0.02360,0.02360,213993.16394164
2025-12-26T00:00:00Z,OXTUSD,0.02359,0.02431,0.01950,0.02389,785402.03033847
2025-12-27T00:00:00Z,OXTUSD,0.02410,0.02433,0.02379,0.02426,410219.15661363
2025-12-28T00:00:00Z,OXTUSD,0.02410,0.02431,0.02349,0.02392,312307.87525155
2025-12-29T00:00:00Z,OXTUSD,0.02398,0.02539,0.02389,0.02453,268727.91563152
2025-12-30T00:00:00Z,OXTUSD,0.02455,0.02679,0.02281,0.02310,1072115.53475976
2025-12-31T00:00:00Z,OXTUSD,0.02306,0.02309,0.02209,0.02244,306520.50497589
2026-01-01T00:00:00Z,OXTUSD,0.02237,0.02438,0.02227,0.02438,389178.35892237
2026-01-02T00:00:00Z,OXTUSD,0.02450,0.02501,0.02394,0.02501,318186.84642174
2026-01-03T00:00:00Z,OXTUSD,0.02503,0.02558,0.02455,0.02502,73873.76556365
2026-01-04T00:00:00Z,OXTUSD,0.02510,0.02564,0.02495,0.02538,163712.88221102
2026-01-05T00:00:00Z,OXTUSD,0.02571,0.02708,0.02487,0.02611,198411.26559266
2026-01-06T00:00:00Z,OXTUSD,0.02616,0.03353,0.02588,0.02708,827764.17272494
2026-01-07T00:00:00Z,OXTUSD,0.02694,0.02697,0.02535,0.02535,184350.06832005
2026-01-08T00:00:00Z,OXTUSD,0.02526,0.02558,0.02438,0.02558,117115.40184707
2026-01-09T00:00:00Z,OXTUSD,0.02559,0.02566,0.02477,0.02516,108744.72660867
2026-01-10T00:00:00Z,OXTUSD,0.02507,0.02555,0.02485,0.02505,174887.93020629
2026-01-11T00:00:00Z,OXTUSD,0.02505,0.02537,0.02435,0.02457,135213.22219754
2026-01-12T00:00:00Z,OXTUSD,0.02462,0.02501,0.02437,0.02448,233695.88114585
2026-01-13T00:00:00Z,OXTUSD,0.02453,0.02590,0.02439,0.02567,313917.33257020
2026-01-14T00:00:00Z,OXTUSD,0.02584,0.02620,0.02547,0.02569,88512.34378458
2026-01-15T00:00:00Z,OXTUSD,0.02573,0.02579,0.02411,0.02449,198463.73586835
2026-01-16T00:00:00Z,OXTUSD,0.02453,0.02516,0.02426,0.02516,77262.23782653
2026-01-17T00:00:00Z,OXTUSD,0.02517,0.02586,0.02485,0.02514,154463.71813844
2026-01-18T00:00:00Z,OXTUSD,0.02519,0.02584,0.02435,0.02435,276866.07581710
2026-01-19T00:00:00Z,OXTUSD,0.02370,0.02394,0.02188,0.02293,470112.64056935
2026-01-20T00:00:00Z,OXTUSD,0.02307,0.02312,0.02179,0.02182,265380.99931567
2026-01-21T00:00:00Z,OXTUSD,0.02188,0.02269,0.02169,0.02265,373903.42665113
2026-01-22T00:00:00Z,OXTUSD,0.02258,0.02278,0.02184,0.02184,224854.93798465
2026-01-23T00:00:00Z,OXTUSD,0.02190,0.02244,0.02164,0.02198,232967.03166546
2026-01-24T00:00:00Z,OXTUSD,0.02176,0.02223,0.02159,0.02188,139741.71002084
2026-01-25T00:00:00Z,OXTUSD,0.02189,0.02201,0.02019,0.02040,249993.43370119
2026-01-26T00:00:00Z,OXTUSD,0.02057,0.02141,0.02057,0.02120,87021.27072607
2026-01-27T00:00:00Z,OXTUSD,0.02120,0.02155,0.02077,0.02142,144301.00217882
2026-01-28T00:00:00Z,OXTUSD,0.02139,0.02140,0.02096,0.02109,53364.38325804
2026-01-29T00:00:00Z,OXTUSD,0.02098,0.02099,0.01950,0.02016,243979.99025587
2026-01-30T00:00:00Z,OXTUSD,0.02019,0.02059,0.01959,0.02035,137116.25045294
2026-01-31T00:00:00Z,OXTUSD,0.02019,0.02031,0.01700,0.01908,347760.52282061
2026-02-01T00:00:00Z,OXTUSD,0.01903,0.02057,0.01888,0.01928,142007.43369356
2026-02-02T00:00:00Z,OXTUSD,0.01908,0.02353,0.01847,0.02015,388598.50357033
2026-02-03T00:00:00Z,OXTUSD,0.02019,0.02046,0.01907,0.01978,234231.22700243
2026-02-04T00:00:00Z,OXTUSD,0.01990,0.02000,0.01860,0.01917,368657.31900836
2026-02-05T00:00:00Z,OXTUSD,0.01899,0.01918,0.01600,0.01628,540701.16116308
2026-02-06T00:00:00Z,OXTUSD,0.01600,0.01849,0.01518,0.01834,579201.06297549
2026-02-07T00:00:00Z,OXTUSD,0.01831,0.01857,0.01770,0.01848,137917.91865840
2026-02-08T00:00:00Z,OXTUSD,0.01822,0.01827,0.01749,0.01749,120211.47925850
2026-02-09T00:00:00Z,OXTUSD,0.01786,0.01804,0.01739,0.01788,221300.57461103
2026-02-10T00:00:00Z,OXTUSD,0.01783,0.01783,0.01739,0.01752,66222.02130112
2026-02-11T00:00:00Z,OXTUSD,0.01761,0.01768,0.01695,0.01746,72594.45845147
2026-02-12T00:00:00Z,OXTUSD,0.01746,0.01807,0.01736,0.01782,96874.69398492
2026-02-13T00:00:00Z,OXTUSD,0.01769,0.01810,0.01734,0.01800,223906.04323719
2026-02-14T00:00:00Z,OXTUSD,0.01810,0.01870,0.01804,0.01830,202818.00844351
2026-02-15T00:00:00Z,OXTUSD,0.01803,0.02015,0.01765,0.01791,379612.91065934
2026-02-16T00:00:00Z,OXTUSD,0.01806,0.01878,0.01775,0.01849,147540.77555650
2026-02-17T00:00:00Z,OXTUSD,0.01851,0.01862,0.01812,0.01862,297284.04163939
2026-02-18T00:00:00Z,OXTUSD,0.01836,0.01851,0.01736,0.01752,224775.14706311
2026-02-19T00:00:00Z,OXTUSD,0.01754,0.01771,0.01713,0.01754,467421.09189573
2026-02-20T00:00:00Z,OXTUSD,0.01754,0.01775,0.01724,0.01766,287521.61108126
2026-02-21T00:00:00Z,OXTUSD,0.01765,0.01765,0.01718,0.01728,497677.57086245
2026-02-22T00:00:00Z,OXTUSD,0.01719,0.01728,0.01668,0.01682,270273.96814118
2026-02-23T00:00:00Z,OXTUSD,0.01685,0.01685,0.01617,0.01635,199902.19330970
2026-02-24T00:00:00Z,OXTUSD,0.01646,0.01650,0.01603,0.01610,143983.17613358
2026-02-25T00:00:00Z,OXTUSD,0.01601,0.01738,0.01601,0.01687,604572.29425728
2026-02-26T00:00:00Z,OXTUSD,0.01694,0.01809,0.01644,0.01690,466083.69219494
2026-02-27T00:00:00Z,OXTUSD,0.01690,0.01742,0.01675,0.01711,221518.88635802
2026-02-28T00:00:00Z,OXTUSD,0.01715,0.01753,0.01600,0.01752,336322.18787803
2026-03-01T00:00:00Z,OXTUSD,0.01749,0.01802,0.01662,0.01695,160705.17946354
2026-03-02T00:00:00Z,OXTUSD,0.01707,0.01832,0.01696,0.01780,159763.35588432
2026-03-03T00:00:00Z,OXTUSD,0.01773,0.01855,0.01755,0.01755,856281.23542974
2026-03-04T00:00:00Z,OXTUSD,0.01755,0.01858,0.01743,0.01807,176561.54708095
2026-03-05T00:00:00Z,OXTUSD,0.01823,0.01823,0.01747,0.01782,162277.07145666
2026-03-06T00:00:00Z,OXTUSD,0.01780,0.01811,0.01616,0.01655,584912.37069764
2026-03-07T00:00:00Z,OXTUSD,0.01656,0.01656,0.01556,0.01574,148112.94397945
2026-03-08T00:00:00Z,OXTUSD,0.01563,0.01626,0.01538,0.01566,371556.21083176
2026-03-09T00:00:00Z,OXTUSD,0.01571,0.01616,0.01552,0.01571,164055.56707016
2026-03-10T00:00:00Z,OXTUSD,0.01572,0.01610,0.01545,0.01580,304729.56441201
2026-03-11T00:00:00Z,OXTUSD,0.01580,0.02516,0.01570,0.01888,879632.19963046
2026-03-12T00:00:00Z,OXTUSD,0.01852,0.02238,0.01687,0.01930,1330892.21553192
2026-03-13T00:00:00Z,OXTUSD,0.01949,0.02192,0.01740,0.01742,1315446.55101877
2026-03-14T00:00:00Z,OXTUSD,0.01744,0.01839,0.01723,0.01783,792434.75169847
2026-03-15T00:00:00Z,OXTUSD,0.01791,0.01792,0.01729,0.01750,442780.90885074
2026-03-16T00:00:00Z,OXTUSD,0.01760,0.01779,0.01733,0.01777,310016.21857962
2026-03-17T00:00:00Z,OXTUSD,0.01781,0.01784,0.01718,0.01780,384342.26802483
2026-03-18T00:00:00Z,OXTUSD,0.01741,0.01778,0.01609,0.01667,561899.54427138
2026-03-19T00:00:00Z,OXTUSD,0.01654,0.01654,0.01609,0.01639,351758.30890743
2026-03-20T00:00:00Z,OXTUSD,0.01630,0.01640,0.01599,0.01612,729526.96477710
2026-03-21T00:00:00Z,OXTUSD,0.01612,0.01612,0.01527,0.01530,234402.82630918
2026-03-22T00:00:00Z,OXTUSD,0.01525,0.01580,0.01479,0.01500,948406.51277269
2026-03-23T00:00:00Z,OXTUSD,0.01489,0.01563,0.01475,0.01549,581864.06611100
2026-03-24T00:00:00Z,OXTUSD,0.01538,0.01550,0.01499,0.01548,539392.22778819
2026-03-25T00:00:00Z,OXTUSD,0.01541,0.01549,0.01507,0.01517,632034.08535668
2026-03-26T00:00:00Z,OXTUSD,0.01528,0.01548,0.01459,0.01503,1262545.24559101
2026-03-27T00:00:00Z,OXTUSD,0.01497,0.01517,0.01444,0.01450,607765.27729043
2026-03-28T00:00:00Z,OXTUSD,0.01445,0.01453,0.01412,0.01438,704212.39662535
2026-03-29T00:00:00Z,OXTUSD,0.01427,0.01431,0.01388,0.01399,659084.29496607
2026-03-30T00:00:00Z,OXTUSD,0.01425,0.01467,0.01418,0.01420,708030.41566561
2026-03-31T00:00:00Z,OXTUSD,0.01425,0.01488,0.01423,0.01488,258725.40048758
2026-04-01T00:00:00Z,OXTUSD,0.01488,0.01645,0.01481,0.01498,1600032.20107996
2026-04-02T00:00:00Z,OXTUSD,0.01488,0.01541,0.01470,0.01541,396836.44651258
2026-04-03T00:00:00Z,OXTUSD,0.01540,0.01570,0.01497,0.01500,286218.20080622
2026-04-04T00:00:00Z,OXTUSD,0.01516,0.01529,0.01468,0.01503,911115.80142855
2026-04-05T00:00:00Z,OXTUSD,0.01493,0.01534,0.01460,0.01508,331231.63901487
2026-04-06T00:00:00Z,OXTUSD,0.01507,0.01532,0.01499,0.01502,174592.14154671
2026-04-07T00:00:00Z,OXTUSD,0.01480,0.01556,0.01438,0.01555,523525.80492807
2026-04-08T00:00:00Z,OXTUSD,0.01557,0.01612,0.01509,0.01520,578499.81455411
2026-04-09T00:00:00Z,OXTUSD,0.01509,0.01511,0.01145,0.01229,8995582.64205361
2026-04-10T00:00:00Z,OXTUSD,0.01233,0.01500,0.01173,0.01193,6710778.09173145
2026-04-11T00:00:00Z,OXTUSD,0.01193,0.01210,0.01153,0.01189,2037396.64627886
2026-04-12T00:00:00Z,OXTUSD,0.01175,0.01191,0.01071,0.01079,2477358.50155061
2026-04-13T00:00:00Z,OXTUSD,0.01078,0.01277,0.01045,0.01125,1461649.59973051
2026-04-14T00:00:00Z,OXTUSD,0.01119,0.01149,0.01049,0.01101,3211893.06179892
2026-04-15T00:00:00Z,OXTUSD,0.01097,0.01126,0.01010,0.01076,1920443.56515343
2026-04-16T00:00:00Z,OXTUSD,0.01076,0.01106,0.01020,0.01043,1074950.21454636
2026-04-17T00:00:00Z,OXTUSD,0.01052,0.01155,0.01025,0.01054,2475749.25599402
2026-04-18T00:00:00Z,OXTUSD,0.01055,0.01200,0.01041,0.01042,1522242.00413653
2026-04-19T00:00:00Z,OXTUSD,0.01041,0.01259,0.00984,0.01006,3855304.45907299
2026-04-20T00:00:00Z,OXTUSD,0.01011,0.01073,0.01008,0.01040,860120.27582609
2026-04-21T00:00:00Z,OXTUSD,0.01049,0.01088,0.00963,0.00995,1676956.85828429
2026-04-22T00:00:00Z,OXTUSD,0.00987,0.01171,0.00959,0.00965,8128564.90962151
2026-04-23T00:00:00Z,OXTUSD,0.00967,0.00999,0.00930,0.00961,1577838.54573275
2026-04-24T00:00:00Z,OXTUSD,0.00961,0.00985,0.00910,0.00965,2773839.44772647
2026-04-25T00:00:00Z,OXTUSD,0.00955,0.00980,0.00935,0.00959,2169311.27056155
2026-04-26T00:00:00Z,OXTUSD,0.00955,0.01369,0.00940,0.00975,4261497.50432666
2026-04-27T00:00:00Z,OXTUSD,0.00963,0.01033,0.00925,0.00947,2532832.52299452
2026-04-28T00:00:00Z,OXTUSD,0.00935,0.00967,0.00895,0.00930,1080787.65990336
2026-04-29T00:00:00Z,OXTUSD,0.00929,0.01083,0.00894,0.00940,2038384.45252359
2026-04-30T00:00:00Z,OXTUSD,0.00941,0.00991,0.00914,0.00968,533229.24437904
2026-05-01T00:00:00Z,OXTUSD,0.00960,0.01022,0.00902,0.00948,756962.52759939
2026-05-02T00:00:00Z,OXTUSD,0.00957,0.00968,0.00925,0.00926,179055.75666369
2026-05-03T00:00:00Z,OXTUSD,0.00946,0.00958,0.00882,0.00958,824280.44124162
2026-05-04T00:00:00Z,OXTUSD,0.00938,0.01099,0.00932,0.00950,1553229.59900948
2026-05-05T00:00:00Z,OXTUSD,0.00940,0.00964,0.00938,0.00951,661397.66022284
2026-05-06T00:00:00Z,OXTUSD,0.00951,0.01179,0.00904,0.00964,2980108.19093675
2026-05-07T00:00:00Z,OXTUSD,0.00971,0.01035,0.00930,0.00951,1613357.00856854
2026-05-08T00:00:00Z,OXTUSD,0.00967,0.01004,0.00931,0.01000,1772830.91367442
2026-05-09T00:00:00Z,OXTUSD,0.00978,0.01024,0.00955,0.00973,1177734.32769644
2026-05-10T00:00:00Z,OXTUSD,0.00969,0.01019,0.00958,0.00992,1597226.45089716
2026-05-11T00:00:00Z,OXTUSD,0.00995,0.01084,0.00971,0.00980,1381058.86798701
2026-05-12T00:00:00Z,OXTUSD,0.00986,0.01073,0.00962,0.00971,2501546.91888768
2026-05-13T00:00:00Z,OXTUSD,0.00974,0.00989,0.00945,0.00979,1202113.17657690
2026-05-14T00:00:00Z,OXTUSD,0.00974,0.02000,0.00969,0.01007,15510041.39061241
2026-05-15T00:00:00Z,OXTUSD,0.01007,0.01036,0.00912,0.00961,5189150.54175069
2026-05-16T00:00:00Z,OXTUSD,0.00963,0.01267,0.00946,0.01004,11511873.82497788
2026-05-17T00:00:00Z,OXTUSD,0.00994,0.01084,0.00971,0.00995,4996047.62567367
2026-05-18T00:00:00Z,OXTUSD,0.00990,0.01020,0.00969,0.00994,3079469.86806308
2026-05-19T00:00:00Z,OXTUSD,0.00993,0.01004,0.00973,0.00982,3223588.79188206
2026-05-20T00:00:00Z,OXTUSD,0.00985,0.01011,0.00953,0.00983,4546789.34831954
2026-05-21T00:00:00Z,OXTUSD,0.00976,0.01023,0.00952,0.00971,2058849.92002184
2026-05-22T00:00:00Z,OXTUSD,0.00977,0.00997,0.00962,0.00987,1817651.99063893
2026-05-23T00:00:00Z,OXTUSD,0.00988,0.00997,0.00955,0.00983,1059096.92878765
2026-05-24T00:00:00Z,OXTUSD,0.00977,0.00988,0.00958,0.00968,830454.49039205
2026-05-25T00:00:00Z,OXTUSD,0.00975,0.00988,0.00958,0.00975,1667451.74871546
2026-05-26T00:00:00Z,OXTUSD,0.00971,0.00984,0.00963,0.00979,1210867.50315789
2026-05-27T00:00:00Z,OXTUSD,0.00974,0.00986,0.00965,0.00970,1597266.29142506
2026-05-28T00:00:00Z,OXTUSD,0.00963,0.00982,0.00950,0.00955,2165181.92609334
2026-05-29T00:00:00Z,OXTUSD,0.00957,0.00959,0.00891,0.00895,2339158.34958687
2026-05-30T00:00:00Z,OXTUSD,0.00890,0.00925,0.00889,0.00915,2891683.30579781
2026-05-31T00:00:00Z,OXTUSD,0.00915,0.01101,0.00915,0.00958,2838559.66400616
2026-06-01T00:00:00Z,OXTUSD,0.00961,0.00967,0.00922,0.00934,1181870.92025047
2026-06-02T00:00:00Z,OXTUSD,0.00923,0.00943,0.00878,0.00914,3469743.11664353
2026-06-03T00:00:00Z,OXTUSD,0.00923,0.00925,0.00886,0.00917,1021324.78709213
2026-06-04T00:00:00Z,OXTUSD,0.00921,0.00939,0.00905,0.00923,1686946.67739035
2026-06-05T00:00:00Z,OXTUSD,0.00923,0.00935,0.00888,0.00906,2484280.66241840
2026-06-06T00:00:00Z,OXTUSD,0.00902,0.00919,0.00878,0.00908,2918586.39561969
2026-06-07T00:00:00Z,OXTUSD,0.00909,0.00925,0.00851,0.00887,1822425.59512914
2026-06-08T00:00:00Z,OXTUSD,0.00888,0.00899,0.00863,0.00881,581250.87966662
2026-06-09T00:00:00Z,OXTUSD,0.00888,0.00888,0.00762,0.00791,2393156.07810597
2026-06-10T00:00:00Z,OXTUSD,0.00782,0.00790,0.00720,0.00737,2181120.17304925
2026-06-11T00:00:00Z,OXTUSD,0.00739,0.00761,0.00690,0.00723,1690344.67667624
2026-06-12T00:00:00Z,OXTUSD,0.00730,0.00749,0.00709,0.00709,943076.19753475
2026-06-13T00:00:00Z,OXTUSD,0.00709,0.00723,0.00700,0.00720,1624804.85074375
2026-06-14T00:00:00Z,OXTUSD,0.00721,0.00727,0.00700,0.00719,575373.99670036
2026-06-15T00:00:00Z,OXTUSD,0.00719,0.00728,0.00702,0.00709,846896.91393091
2026-06-16T00:00:00Z,OXTUSD,0.00707,0.00720,0.00683,0.00692,2282667.01469981
2026-06-17T00:00:00Z,OXTUSD,0.00691,0.00703,0.00685,0.00685,1241293.42035833
2026-06-18T00:00:00Z,OXTUSD,0.00685,0.00699,0.00681,0.00686,1791901.12878220
2026-06-19T00:00:00Z,OXTUSD,0.00689,0.00702,0.00686,0.00690,974815.56999392
2026-06-20T00:00:00Z,OXTUSD,0.00695,0.00709,0.00687,0.00700,1339011.64064037
2026-06-21T00:00:00Z,OXTUSD,0.00698,0.00834,0.00635,0.00658,4694807.82716601
2026-06-22T00:00:00Z,OXTUSD,0.00651,0.00670,0.00649,0.00660,2223707.77445161
2026-06-23T00:00:00Z,OXTUSD,0.00661,0.00709,0.00618,0.00646,2925664.90872782
2026-06-24T00:00:00Z,OXTUSD,0.00640,0.00657,0.00619,0.00624,3575427.98978824
2026-06-25T00:00:00Z,OXTUSD,0.00629,0.00634,0.00607,0.00624,1805171.56298673
2026-06-26T00:00:00Z,OXTUSD,0.00618,0.00624,0.00593,0.00614,1258524.34775872
2026-06-27T00:00:00Z,OXTUSD,0.00605,0.00651,0.00562,0.00586,4843860.41153399
2026-06-28T00:00:00Z,OXTUSD,0.00584,0.00603,0.00477,0.00510,5498066.63082074
2026-06-29T00:00:00Z,OXTUSD,0.00494,0.00507,0.00334,0.00429,45513291.39780514
2026-06-30T00:00:00Z,OXTUSD,0.00429,0.00450,0.00365,0.00378,8808701.16794887
2026-07-01T00:00:00Z,OXTUSD,0.00377,0.00425,0.00361,0.00416,6465167.30199354
2026-07-02T00:00:00Z,OXTUSD,0.00413,0.00430,0.00380,0.00396,6703360.94178040
2026-07-03T00:00:00Z,OXTUSD,0.00398,0.00413,0.00384,0.00403,4020209.99177437
2026-07-04T00:00:00Z,OXTUSD,0.00407,0.00420,0.00390,0.00399,8138732.92174502
2026-07-05T00:00:00Z,OXTUSD,0.00399,0.00402,0.00381,0.00391,2645416.68889625
2026-07-06T00:00:00Z,OXTUSD,0.00384,0.00402,0.00384,0.00391,2936620.66067149
2026-07-07T00:00:00Z,OXTUSD,0.00392,0.00416,0.00370,0.00390,4575948.91631451
2026-07-08T00:00:00Z,OXTUSD,0.00388,0.00489,0.00377,0.00425,13602001.18305663
2026-07-09T00:00:00Z,OXTUSD,0.00419,0.00423,0.00350,0.00390,9143051.17011063
2026-07-10T00:00:00Z,OXTUSD,0.00383,0.00393,0.00371,0.00389,2797830.09550317
2026-07-11T00:00:00Z,OXTUSD,0.00385,0.00395,0.00376,0.00385,1847687.93948670
2026-07-12T00:00:00Z,OXTUSD,0.00380,0.00393,0.00378,0.00389,1586579.44584577
2026-07-13T00:00:00Z,OXTUSD,0.00388,0.00400,0.00375,0.00386,5883405.07617875
2026-07-14T00:00:00Z,OXTUSD,0.00381,0.00384,0.00367,0.00382,2715081.95438989
2026-07-15T00:00:00Z,OXTUSD,0.00383,0.00383,0.00365,0.00378,2262397.02437454
2026-07-16T00:00:00Z,OXTUSD,0.00382,0.00958,0.00375,0.00711,73953038.41975993
2026-07-17T00:00:00Z,OXTUSD,0.00713,0.03800,0.00698,0.01692,189306407.76807419
2026-07-18T00:00:00Z,OXTUSD,0.01678,0.02379,0.01361,0.01597,59103692.58023137
2026-07-19T00:00:00Z,OXTUSD,0.01582,0.01773,0.01071,0.01161,19378228.07214987
2026-07-20T00:00:00Z,OXTUSD,0.01155,0.02300,0.01122,0.01436,30899181.50006121
2026-07-21T00:00:00Z,OXTUSD,0.01454,0.02120,0.01351,0.01551,15317455.86641777
2026-07-22T00:00:00Z,OXTUSD,0.01559,0.01559,0.01385,0.01489,8314572.43113766
2026-07-23T00:00:00Z,OXTUSD,0.01461,0.01479,0.01232,0.01297,6653344.28764209
2026-07-24T00:00:00Z,OXTUSD,0.01288,0.01792,0.01248,0.01564,15323035.23546603
2026-07-25T00:00:00Z,OXTUSD,0.01551,0.01700,0.01371,0.01461,10103294.34360686
2026-07-26T00:00:00Z,OXTUSD,0.01459,0.01567,0.01359,0.01467,4348659.82812673
2026-07-27T00:00:00Z,OXTUSD,0.01478,0.01499,0.01295,0.01317,3462753.71390950
2026-07-28T00:00:00Z,OXTUSD,0.01312,0.01380,0.01221,0.01300,4571020.77165307
2026-07-29T00:00:00Z,OXTUSD,0.01304,0.01385,0.01183,0.01240,6562772.81471487
2026-07-30T00:00:00Z,OXTUSD,0.01244,0.01292,0.01210,0.01230,1912128.39570836
2026-07-31T00:00:00Z,OXTUSD,0.01230,0.01265,0.01157,0.01163,3230164.80489838
2026-08-01T00:00:00Z,OXTUSD,0.01174,0.01623,0.01163,0.01224,10337222.30374999
2026-08-02T00:00:00Z,OXTUSD,0.01226,0.01231,0.01175,0.01216,3881827.45981724
2026-08-03T00:00:00Z,OXTUSD,0.01204,0.01217,0.01130,0.01164,2222984.28236904
2026-08-04T00:00:00Z,OXTUSD,0.01162,0.01189,0.01125,0.01143,1732806.94074754
2026-08-05T00:00:00Z,OXTUSD,0.01142,0.01238,0.01115,0.01167,2900065.51726455
2026-08-06T00:00:00Z,OXTUSD,0.01153,0.01193,0.00986,0.01050,5347242.41421027
2026-08-07T00:00:00Z,OXTUSD,0.01043,0.01189,0.00909,0.01044,9323798.24659630
2026-08-08T00:00:00Z,OXTUSD,0.01043,0.01218,0.01010,0.01069,9784820.47885717
2026-08-09T00:00:00Z,OXTUSD,0.01072,0.01077,0.00977,0.01004,6741015.26919757
2026-08-10T00:00:00Z,OXTUSD,0.01005,0.01021,0.00951,0.00975,2815881.63300553
2026-08-11T00:00:00Z,OXTUSD,0.00978,0.00994,0.00853,0.00889,5776249.65969157
2026-08-12T00:00:00Z,OXTUSD,0.00894,0.00903,0.00851,0.00863,3191854.29891529
2026-08-13T00:00:00Z,OXTUSD,0.00860,0.00882,0.00803,0.00861,3921296.74503267
2026-08-14T00:00:00Z,OXTUSD,0.00855,0.00855,0.00774,0.00807,2326222.22077698
2026-08-15T00:00:00Z,OXTUSD,0.00804,0.00818,0.00771,0.00775,1656433.05303386
2026-08-16T00:00:00Z,OXTUSD,0.00789,0.00792,0.00717,0.00756,2734196.33945537
2026-08-17T00:00:00Z,OXTUSD,0.00750,0.01065,0.00731,0.00895,11740545.66474734
2026-08-18T00:00:00Z,OXTUSD,0.00897,0.00912,0.00776,0.00785,11006830.17228917
2026-08-19T00:00:00Z,OXTUSD,0.00784,0.00821,0.00778,0.00800,3740970.69340589
2026-08-20T00:00:00Z,OXTUSD,0.00813,0.00887,0.00801,0.00831,3175811.56649143
2026-08-21T00:00:00Z,OXTUSD,0.00833,0.00867,0.00802,0.00853,3170326.38199254
2026-08-22T00:00:00Z,OXTUSD,0.00855,0.00952,0.00814,0.00833,4632058.79784018
2026-08-23T00:00:00Z,OXTUSD,0.00837,0.00864,0.00810,0.00827,1763912.77418691
2026-08-24T00:00:00Z,OXTUSD,0.00835,0.00838,0.00769,0.00797,2614065.80039527
2026-08-25T00:00:00Z,OXTUSD,0.00804,0.00864,0.00795,0.00809,2765433.73142721
2026-08-26T00:00:00Z,OXTUSD,0.00808,0.00818,0.00779,0.00789,925730.05097765
2026-08-27T00:00:00Z,OXTUSD,0.00789,0.00819,0.00777,0.00819,1340506.17684712
2026-08-28T00:00:00Z,OXTUSD,0.00821,0.01034,0.00788,0.00818,4112617.74191111
2026-08-29T00:00:00Z,OXTUSD,0.00821,0.00858,0.00790,0.00802,4053026.23956962
2026-08-30T00:00:00Z,OXTUSD,0.00807,0.00852,0.00785,0.00801,1900235.42554467
2026-08-31T00:00:00Z,OXTUSD,0.00804,0.00826,0.00779,0.00794,1326424.73904930
2026-09-01T00:00:00Z,OXTUSD,0.00796,0.00804,0.00752,0.00769,1427396.60602211
2026-09-02T00:00:00Z,OXTUSD,0.00767,0.00900,0.00767,0.00783,2212374.54072309
2026-09-03T00:00:00Z,OXTUSD,0.00781,0.00846,0.00767,0.00795,3296190.27496614
2026-09-04T00:00:00Z,OXTUSD,0.00791,0.00806,0.00778,0.00794,2062848.74318668
2026-09-05T00:00:00Z,OXTUSD,0.00793,0.00818,0.00785,0.00796,1341255.34801373
2026-09-06T00:00:00Z,OXTUSD,0.00790,0.00811,0.00780,0.00790,1307732.34906513
2026-09-07T00:00:00Z,OXTUSD,0.00795,0.00829,0.00775,0.00785,2296529.85038601
2026-09-08T00:00:00Z,OXTUSD,0.00782,0.00825,0.00777,0.00789,1301987.01830118
2026-09-09T00:00:00Z,OXTUSD,0.00787,0.01614,0.00785,0.01340,45745801.44204853
2026-09-10T00:00:00Z,OXTUSD,0.01358,0.01428,0.00979,0.01037,18552104.46422023
2026-09-11T00:00:00Z,OXTUSD,0.01038,0.01086,0.00940,0.00976,5658992.31172656
2026-09-12T00:00:00Z,OXTUSD,0.00978,0.01689,0.00966,0.01171,24113235.59807199
2026-09-13T00:00:00Z,OXTUSD,0.01164,0.01228,0.01021,0.01062,6348224.74435066
2026-09-14T00:00:00Z,OXTUSD,0.01064,0.01086,0.00952,0.01066,5679535.12553977
2026-09-15T00:00:00Z,OXTUSD,0.01045,0.01206,0.00986,0.00998,7259685.36749488
2026-09-16T00:00:00Z,OXTUSD,0.01010,0.01147,0.00990,0.01025,4884981.22347800
2026-09-17T00:00:00Z,OXTUSD,0.01032,0.01143,0.01001,0.01049,2317312.91592600
2026-09-18T00:00:00Z,OXTUSD,0.01043,0.01118,0.01019,0.01081,2774770.74382223
2026-09-19T00:00:00Z,OXTUSD,0.01080,0.01103,0.01039,0.01039,1204771.69552217
2026-09-20T00:00:00Z,OXTUSD,0.01062,0.01065,0.01003,0.01056,660245.48349519
2026-09-21T00:00:00Z,OXTUSD,0.01053,0.01087,0.01041,0.01061,1694665.06268742
2026-09-22T00:00:00Z,OXTUSD,0.01059,0.01834,0.01020,0.01052,2438267.89097509
