timestamp,symbol,open,high,low,close,volume
2021-05-17T00:00:00Z,RARIUSD,20.99,20.99,15.0,15.68,8230.988304580002
2021-05-18T00:00:00Z,RARIUSD,15.7,50.0,15.7,19.95,59801.42520109995
2021-05-19T00:00:00Z,RARIUSD,19.94,23.0,11.0,12.31,43091.09418245019
2021-05-20T00:00:00Z,RARIUSD,12.47,16.99,11.71,13.61,14722.082664819996
2021-05-21T00:00:00Z,RARIUSD,13.8,14.9,10.49,12.4,12588.71696944995
2021-05-22T00:00:00Z,RARIUSD,12.24,13.12,9.8,9.91,7110.400999299992
2021-05-23T00:00:00Z,RARIUSD,9.81,10.97,7.29,8.77,10799.98063010001
2021-05-24T00:00:00Z,RARIUSD,9.36,14.0,8.79,12.58,12637.978942830003
2021-05-25T00:00:00Z,RARIUSD,12.58,13.73,9.59,12.22,20862.59544171006
2021-05-26T00:00:00Z,RARIUSD,12.31,15.0,11.53,13.04,17016.05469524999
2021-05-27T00:00:00Z,RARIUSD,12.88,15.0,12.03,13.1,5964.796336459992
2021-05-28T00:00:00Z,RARIUSD,13.12,13.13,10.0,10.86,6196.2525777600085
2021-05-29T00:00:00Z,RARIUSD,10.83,11.71,8.58,9.03,8600.299746940007
2021-05-30T00:00:00Z,RARIUSD,9.58,12.2,8.7,10.51,13113.53986036
2021-05-31T00:00:00Z,RARIUSD,10.46,11.97,9.84,11.82,12603.590945000004
2021-06-01T00:00:00Z,RARIUSD,11.95,12.13,9.56,9.94,15511.126836589994
2021-06-02T00:00:00Z,RARIUSD,9.89,10.66,9.5,10.11,19572.224303310006
2021-06-03T00:00:00Z,RARIUSD,10.02,11.15,10.0,11.15,21460.868163450003
2021-06-04T00:00:00Z,RARIUSD,10.89,10.89,9.57,10.02,12336.252066909998
2021-06-05T00:00:00Z,RARIUSD,10.27,10.58,9.1,9.98,11809.541345600017
2021-06-06T00:00:00Z,RARIUSD,9.46,11.98,9.32,9.45,7495.4096481900015
2021-06-07T00:00:00Z,RARIUSD,9.42,10.04,8.5,8.54,32989.81607494
2021-06-08T00:00:00Z,RARIUSD,8.51,8.66,7.25,8.07,34697.30482281
2021-06-09T00:00:00Z,RARIUSD,7.93,8.48,7.51,8.25,7065.42489128
2021-06-10T00:00:00Z,RARIUSD,8.24,8.25,7.6,7.99,3399.276125309999
2021-06-11T00:00:00Z,RARIUSD,7.69,8.04,7.35,7.59,6721.201023840001
2021-06-12T00:00:00Z,RARIUSD,7.57,7.6,6.88,7.36,2303.97640644
2021-06-13T00:00:00Z,RARIUSD,6.98,8.44,6.92,8.1,2358.0612695100003
2021-06-14T00:00:00Z,RARIUSD,8.01,14.74,8.01,10.16,81713.76910155035
2021-06-15T00:00:00Z,RARIUSD,10.16,11.35,10.01,10.07,9102.196850589993
2021-06-16T00:00:00Z,RARIUSD,10.0,10.0,8.76,8.94,16330.281729350003
2021-06-17T00:00:00Z,RARIUSD,8.94,9.9,8.66,8.9,6005.953491359999
2021-06-18T00:00:00Z,RARIUSD,8.67,8.83,8.03,8.15,1791.2627459800008
2021-06-19T00:00:00Z,RARIUSD,8.62,9.34,8.13,8.21,3704.0302257000003
2021-06-20T00:00:00Z,RARIUSD,8.25,8.58,7.68,8.56,8594.017583480003
2021-06-21T00:00:00Z,RARIUSD,8.47,8.47,6.09,6.13,17445.187616889987
2021-06-22T00:00:00Z,RARIUSD,6.12,6.64,4.67,5.34,40028.19936582004
2021-06-23T00:00:00Z,RARIUSD,5.7,10.45,5.7,9.54,36950.666125130025
2021-06-24T00:00:00Z,RARIUSD,9.0,9.49,7.46,8.02,14056.979091460002
2021-06-25T00:00:00Z,RARIUSD,8.16,10.4,7.58,8.72,10841.315679369998
2021-06-26T00:00:00Z,RARIUSD,8.69,9.19,8.47,8.95,5550.852101059999
2021-06-27T00:00:00Z,RARIUSD,9.22,10.18,8.94,10.14,3761.6798332000008
2021-06-28T00:00:00Z,RARIUSD,10.15,10.49,8.99,9.9,11370.716116360001
2021-06-29T00:00:00Z,RARIUSD,10.13,10.52,9.6,9.6,2203.53455778
2021-06-30T00:00:00Z,RARIUSD,9.58,16.72,9.09,13.62,34937.24720162002
2021-07-01T00:00:00Z,RARIUSD,13.34,14.99,11.23,11.65,27781.483890479965
2021-07-02T00:00:00Z,RARIUSD,11.8,13.43,11.33,13.3,16105.030550420006
2021-07-03T00:00:00Z,RARIUSD,13.37,13.72,12.59,13.57,5339.311987720003
2021-07-04T00:00:00Z,RARIUSD,13.4,14.59,13.17,13.32,13753.194702930004
2021-07-05T00:00:00Z,RARIUSD,13.25,13.48,11.33,11.87,18410.508035489984
2021-07-06T00:00:00Z,RARIUSD,12.03,13.29,11.77,12.62,11339.46457326005
2021-07-07T00:00:00Z,RARIUSD,12.35,17.0,11.82,12.31,10274.897937889999
2021-07-08T00:00:00Z,RARIUSD,12.31,12.58,10.72,10.75,18422.46983253003
2021-07-09T00:00:00Z,RARIUSD,10.75,12.31,10.75,11.49,3054.5764089099994
2021-07-10T00:00:00Z,RARIUSD,11.76,12.21,11.01,11.26,3372.8072894799993
2021-07-11T00:00:00Z,RARIUSD,11.16,12.3,10.95,11.98,5323.11111084
2021-07-12T00:00:00Z,RARIUSD,12.2,12.2,10.84,11.19,9869.423595980008
2021-07-13T00:00:00Z,RARIUSD,11.3,11.79,10.01,10.1,6905.242276010003
2021-07-14T00:00:00Z,RARIUSD,10.09,10.48,9.41,10.08,6915.533433599992
2021-07-15T00:00:00Z,RARIUSD,10.02,10.48,9.0,9.11,7987.991708169996
2021-07-16T00:00:00Z,RARIUSD,9.15,9.51,8.67,9.31,4542.247319029999
2021-07-17T00:00:00Z,RARIUSD,8.87,8.87,8.28,8.43,2869.087575900001
2021-07-18T00:00:00Z,RARIUSD,8.45,9.5,8.23,8.35,8158.103957069997
2021-07-19T00:00:00Z,RARIUSD,8.36,8.73,6.8,7.62,16170.609945060021
2021-07-20T00:00:00Z,RARIUSD,7.2,9.0,6.63,7.57,18337.65439468001
2021-07-21T00:00:00Z,RARIUSD,7.44,9.76,7.44,9.61,11122.609504820006
2021-07-22T00:00:00Z,RARIUSD,9.76,10.54,8.32,9.28,16446.471538639995
2021-07-23T00:00:00Z,RARIUSD,9.5,10.62,8.79,10.62,23196.459868000027
2021-07-24T00:00:00Z,RARIUSD,10.62,11.5,9.95,10.32,8903.226690189998
2021-07-25T00:00:00Z,RARIUSD,10.45,12.15,10.0,11.7,19232.33730146001
2021-07-26T00:00:00Z,RARIUSD,11.61,13.35,10.67,11.15,18293.237884770002
2021-07-27T00:00:00Z,RARIUSD,11.04,11.55,10.27,11.2,3274.5454273299993
2021-07-28T00:00:00Z,RARIUSD,11.43,11.44,10.28,10.29,15061.042719360006
2021-07-29T00:00:00Z,RARIUSD,10.46,10.77,10.1,10.56,8077.378794550004
2021-07-30T00:00:00Z,RARIUSD,10.38,11.3,10.38,11.3,8301.728234639997
2021-07-31T00:00:00Z,RARIUSD,11.04,11.79,10.7,10.87,5884.792872900003
2021-08-01T00:00:00Z,RARIUSD,11.01,12.07,10.15,10.56,7477.854975059995
2021-08-02T00:00:00Z,RARIUSD,10.53,12.02,10.5,11.04,6215.733681690001
2021-08-03T00:00:00Z,RARIUSD,11.61,12.05,10.55,10.99,6361.25280728
2021-08-04T00:00:00Z,RARIUSD,10.74,10.99,10.41,10.99,11384.189932680001
2021-08-05T00:00:00Z,RARIUSD,10.95,11.37,10.67,11.37,7408.207958330002
2021-08-06T00:00:00Z,RARIUSD,11.38,14.19,11.15,14.18,9588.550950779998
2021-08-07T00:00:00Z,RARIUSD,13.61,15.25,13.43,15.25,18066.89770149998
2021-08-08T00:00:00Z,RARIUSD,15.01,16.0,12.76,14.04,6857.426456579999
2021-08-09T00:00:00Z,RARIUSD,13.51,14.99,12.9,13.53,11317.985826000006
2021-08-10T00:00:00Z,RARIUSD,13.58,14.06,11.92,12.93,18977.796826679998
2021-08-11T00:00:00Z,RARIUSD,12.85,18.93,12.85,15.81,28888.022360130057
2021-08-12T00:00:00Z,RARIUSD,15.76,18.0,15.49,16.02,10828.051066689992
2021-08-13T00:00:00Z,RARIUSD,16.03,18.16,15.88,17.98,4022.203426479999
2021-08-14T00:00:00Z,RARIUSD,17.05,20.36,17.05,19.37,8568.807446400002
2021-08-15T00:00:00Z,RARIUSD,19.59,24.89,19.09,23.76,12415.233539069995
2021-08-16T00:00:00Z,RARIUSD,23.53,29.8,22.5,25.96,25363.267810550053
2021-08-17T00:00:00Z,RARIUSD,25.64,27.59,21.4,22.62,17043.239740109995
2021-08-18T00:00:00Z,RARIUSD,22.3,24.44,21.36,22.65,9069.236475199998
2021-08-19T00:00:00Z,RARIUSD,22.25,25.0,20.11,23.45,11742.19417068999
2021-08-20T00:00:00Z,RARIUSD,23.42,25.73,23.11,23.89,13599.011980489991
2021-08-21T00:00:00Z,RARIUSD,24.0,25.1,23.0,23.4,5766.7450628900015
2021-08-22T00:00:00Z,RARIUSD,23.41,23.99,21.56,22.75,5536.24861574
2021-08-23T00:00:00Z,RARIUSD,22.43,35.11,21.75,31.08,35920.95603703005
2021-08-24T00:00:00Z,RARIUSD,31.18,34.34,28.29,28.91,16662.304512830047
2021-08-25T00:00:00Z,RARIUSD,29.29,39.34,28.37,35.72,17102.063706080036
2021-08-26T00:00:00Z,RARIUSD,35.62,37.49,30.02,31.54,17508.588456320078
2021-08-27T00:00:00Z,RARIUSD,31.26,37.18,29.43,35.27,6551.706702619989
2021-08-28T00:00:00Z,RARIUSD,35.26,35.68,31.4,33.0,3939.544651770003
2021-08-29T00:00:00Z,RARIUSD,32.91,33.74,29.14,30.48,9652.443457070016
2021-08-30T00:00:00Z,RARIUSD,31.41,32.0,27.31,27.79,11809.826850659998
2021-08-31T00:00:00Z,RARIUSD,27.77,29.94,27.68,28.73,8004.738034669998
2021-09-01T00:00:00Z,RARIUSD,28.72,29.4,26.01,27.56,10368.72065548
2021-09-02T00:00:00Z,RARIUSD,27.82,28.0,25.4,26.16,14150.387609150002
2021-09-03T00:00:00Z,RARIUSD,25.66,27.4,24.01,25.85,15411.834080340015
2021-09-04T00:00:00Z,RARIUSD,25.04,35.0,24.0,31.29,33033.86435140997
2021-09-05T00:00:00Z,RARIUSD,30.56,32.29,29.02,29.16,7256.892780440001
2021-09-06T00:00:00Z,RARIUSD,29.2,30.55,26.06,26.5,21407.431674280007
2021-09-07T00:00:00Z,RARIUSD,26.46,29.17,23.44,25.47,15820.144171000004
2021-09-08T00:00:00Z,RARIUSD,25.88,26.26,21.09,23.6,24250.02459867
2021-09-09T00:00:00Z,RARIUSD,23.51,24.8,21.32,23.06,17861.254616179984
2021-09-10T00:00:00Z,RARIUSD,23.31,25.0,20.42,21.73,16548.51201465998
2021-09-11T00:00:00Z,RARIUSD,21.73,22.53,20.5,21.67,8391.354712379994
2021-09-12T00:00:00Z,RARIUSD,22.28,24.17,20.93,22.94,11403.93547892
2021-09-13T00:00:00Z,RARIUSD,22.54,22.92,19.38,20.08,12194.078695560009
2021-09-14T00:00:00Z,RARIUSD,20.22,21.85,19.47,20.83,10433.537766050014
2021-09-15T00:00:00Z,RARIUSD,21.08,22.77,20.34,21.91,12690.761824739993
2021-09-16T00:00:00Z,RARIUSD,22.09,24.16,21.2,22.82,15076.13635985999
2021-09-17T00:00:00Z,RARIUSD,22.3,23.01,20.62,21.08,14329.929885089987
2021-09-18T00:00:00Z,RARIUSD,21.03,22.24,20.65,21.0,2917.7975205000002
2021-09-19T00:00:00Z,RARIUSD,21.37,22.82,19.39,19.69,4886.050259899998
2021-09-20T00:00:00Z,RARIUSD,19.99,19.99,15.17,16.42,19852.154513460006
2021-09-21T00:00:00Z,RARIUSD,15.57,17.03,14.11,15.16,16109.416080300003
2021-09-22T00:00:00Z,RARIUSD,15.5,16.97,13.41,16.2,30975.115603469992
2021-09-23T00:00:00Z,RARIUSD,16.2,16.2,14.38,15.4,13958.887243290012
2021-09-24T00:00:00Z,RARIUSD,15.37,16.0,13.56,14.06,32978.13294502998
2021-09-25T00:00:00Z,RARIUSD,14.17,15.0,13.76,14.75,3328.696311110001
2021-09-26T00:00:00Z,RARIUSD,14.74,14.75,12.16,14.08,21406.08913882002
2021-09-27T00:00:00Z,RARIUSD,14.08,16.24,13.96,14.43,20989.60623656998
2021-09-28T00:00:00Z,RARIUSD,14.17,14.6,12.59,12.85,13798.836015049998
2021-09-29T00:00:00Z,RARIUSD,12.65,13.42,12.2,12.5,8681.961192349996
2021-09-30T00:00:00Z,RARIUSD,12.28,14.97,12.27,14.73,13904.637478859997
2021-10-01T00:00:00Z,RARIUSD,14.68,19.38,14.27,17.51,38171.18460434003
2021-10-02T00:00:00Z,RARIUSD,17.52,19.98,17.34,18.19,19781.07569998003
2021-10-03T00:00:00Z,RARIUSD,18.4,19.75,17.41,19.29,12641.90153046
2021-10-04T00:00:00Z,RARIUSD,19.15,19.29,17.64,17.8,11968.73327530001
2021-10-05T00:00:00Z,RARIUSD,17.79,18.51,16.32,17.32,19354.93336896001
2021-10-06T00:00:00Z,RARIUSD,17.54,17.63,16.02,16.91,11226.533318780002
2021-10-07T00:00:00Z,RARIUSD,17.16,17.38,16.01,16.68,6419.396467580008
2021-10-08T00:00:00Z,RARIUSD,16.41,17.45,16.4,17.15,8137.329736989999
2021-10-09T00:00:00Z,RARIUSD,16.97,18.24,16.87,17.13,9688.2888211
2021-10-10T00:00:00Z,RARIUSD,17.19,20.17,16.62,20.03,20522.160799799974
2021-10-11T00:00:00Z,RARIUSD,20.13,23.14,19.53,20.9,37395.74648839
2021-10-12T00:00:00Z,RARIUSD,20.8,20.97,17.8,18.07,24471.25535713002
2021-10-13T00:00:00Z,RARIUSD,18.24,27.99,17.39,24.59,54746.11288817999
2021-10-14T00:00:00Z,RARIUSD,24.54,29.33,23.01,23.4,61928.81482784033
2021-10-15T00:00:00Z,RARIUSD,23.35,30.06,22.75,24.51,48721.58399692017
2021-10-16T00:00:00Z,RARIUSD,24.53,25.39,23.5,24.04,10310.31054213
2021-10-17T00:00:00Z,RARIUSD,24.08,24.38,22.16,22.64,7664.5130920899965
2021-10-18T00:00:00Z,RARIUSD,22.64,23.87,21.21,21.3,23064.11782312997
2021-10-19T00:00:00Z,RARIUSD,21.3,24.0,20.63,21.09,22934.13163574006
2021-10-20T00:00:00Z,RARIUSD,21.09,22.8,20.4,21.39,31138.87853151997
2021-10-21T00:00:00Z,RARIUSD,21.43,23.6,21.25,21.79,21554.377104639945
2021-10-22T00:00:00Z,RARIUSD,21.61,23.0,20.46,20.58,14208.0703113
2021-10-23T00:00:00Z,RARIUSD,20.59,21.55,19.61,20.42,12533.885605499998
2021-10-24T00:00:00Z,RARIUSD,20.39,22.0,19.16,20.05,12580.817684010006
2021-10-25T00:00:00Z,RARIUSD,20.09,21.33,19.9,20.41,15773.302667069991
2021-10-26T00:00:00Z,RARIUSD,20.16,21.0,19.67,19.87,16525.250279799962
2021-10-27T00:00:00Z,RARIUSD,19.87,20.21,17.52,17.71,18248.955093330016
2021-10-28T00:00:00Z,RARIUSD,17.81,19.68,17.46,18.46,15135.34751369
2021-10-29T00:00:00Z,RARIUSD,18.38,21.02,18.31,19.74,17914.758381580006
2021-10-30T00:00:00Z,RARIUSD,19.77,21.97,18.41,19.0,22725.722412760006
2021-10-31T00:00:00Z,RARIUSD,19.1,20.29,18.87,19.54,10962.46768735
2021-11-01T00:00:00Z,RARIUSD,19.41,20.14,18.6,19.2,19890.685055370006
2021-11-02T00:00:00Z,RARIUSD,19.45,22.29,18.93,20.47,33365.53944333001
2021-11-03T00:00:00Z,RARIUSD,20.24,28.55,19.75,22.63,42326.073448910014
2021-11-04T00:00:00Z,RARIUSD,22.61,27.8,20.18,21.46,31804.318663879967
2021-11-05T00:00:00Z,RARIUSD,21.34,23.14,21.09,21.49,12989.075770329991
2021-11-06T00:00:00Z,RARIUSD,21.36,21.82,20.34,21.4,10280.463562060004
2021-11-07T00:00:00Z,RARIUSD,21.46,21.81,20.51,20.74,7701.645800559999
2021-11-08T00:00:00Z,RARIUSD,20.91,26.5,20.36,23.29,50121.972717740064
2021-11-09T00:00:00Z,RARIUSD,23.29,25.51,22.02,22.94,14069.01479648998
2021-11-10T00:00:00Z,RARIUSD,22.97,23.77,20.6,20.95,18240.530414670015
2021-11-11T00:00:00Z,RARIUSD,21.1,22.25,20.6,21.53,7777.066512580002
2021-11-12T00:00:00Z,RARIUSD,22.13,22.13,20.4,21.48,5496.933922030002
2021-11-13T00:00:00Z,RARIUSD,20.49,21.52,20.14,20.52,14121.36807359
2021-11-14T00:00:00Z,RARIUSD,20.59,21.3,20.0,20.36,9887.875654729996
2021-11-15T00:00:00Z,RARIUSD,20.54,24.25,20.37,20.7,24294.031214289927
2021-11-16T00:00:00Z,RARIUSD,20.7,21.18,18.69,19.18,14748.305432010005
2021-11-17T00:00:00Z,RARIUSD,19.4,19.84,18.04,19.24,11707.636979079984
2021-11-18T00:00:00Z,RARIUSD,19.2,19.86,17.25,17.25,15076.918066139995
2021-11-19T00:00:00Z,RARIUSD,17.44,20.33,17.15,18.89,24234.364625799968
2021-11-20T00:00:00Z,RARIUSD,18.75,20.66,18.67,19.55,15615.705286480026
2021-11-21T00:00:00Z,RARIUSD,19.55,20.25,18.99,19.2,5000.087751899996
2021-11-22T00:00:00Z,RARIUSD,19.29,19.49,17.94,17.96,10952.737337420014
2021-11-23T00:00:00Z,RARIUSD,18.1,20.19,17.89,19.51,6577.753560629998
2021-11-24T00:00:00Z,RARIUSD,19.65,20.45,19.01,19.44,15773.532198709974
2021-11-25T00:00:00Z,RARIUSD,19.42,21.0,19.23,20.69,13547.344923030001
2021-11-26T00:00:00Z,RARIUSD,20.71,20.74,17.41,17.98,10753.996265330006
2021-11-27T00:00:00Z,RARIUSD,17.98,18.93,17.0,18.21,14577.209670970025
2021-11-28T00:00:00Z,RARIUSD,18.41,27.2,17.64,21.9,98443.05242912029
2021-11-29T00:00:00Z,RARIUSD,21.72,24.77,20.1,23.54,36742.65623177982
2021-11-30T00:00:00Z,RARIUSD,23.54,23.54,20.7,21.37,14889.51468184999
2021-12-01T00:00:00Z,RARIUSD,21.03,21.53,19.74,19.74,9441.97784484001
2021-12-02T00:00:00Z,RARIUSD,19.77,23.15,19.7,22.07,19034.29278569
2021-12-03T00:00:00Z,RARIUSD,22.24,23.02,19.52,19.59,14884.468865890025
2021-12-04T00:00:00Z,RARIUSD,19.59,19.95,17.12,18.34,26956.387101479948
2021-12-05T00:00:00Z,RARIUSD,18.33,18.41,16.26,16.74,13730.013095180013
2021-12-06T00:00:00Z,RARIUSD,16.74,17.84,14.31,17.64,10441.841482509992
2021-12-07T00:00:00Z,RARIUSD,17.64,18.24,16.79,17.04,9197.727028789992
2021-12-08T00:00:00Z,RARIUSD,16.91,18.49,16.88,17.9,7201.564690800007
2021-12-09T00:00:00Z,RARIUSD,17.9,17.93,14.91,15.53,9868.03375049
2021-12-10T00:00:00Z,RARIUSD,15.24,15.95,14.05,14.6,14100.821890829991
2021-12-11T00:00:00Z,RARIUSD,14.55,15.28,14.3,15.08,4441.759705019999
2021-12-12T00:00:00Z,RARIUSD,15.08,15.69,14.32,15.39,4529.111338240002
2021-12-13T00:00:00Z,RARIUSD,15.34,15.54,13.21,13.98,3666.3576259999995
2021-12-14T00:00:00Z,RARIUSD,13.41,16.09,12.9,14.91,10951.527335100005
2021-12-15T00:00:00Z,RARIUSD,14.97,15.21,13.33,14.05,7327.713270479999
2021-12-16T00:00:00Z,RARIUSD,14.03,15.43,13.51,13.88,6004.304985109998
2021-12-17T00:00:00Z,RARIUSD,14.01,14.33,13.15,13.65,3955.80724959
2021-12-18T00:00:00Z,RARIUSD,13.53,14.38,13.05,13.69,3493.4760189599992
2021-12-19T00:00:00Z,RARIUSD,13.91,14.37,13.48,13.55,994.7414194699996
2021-12-20T00:00:00Z,RARIUSD,13.64,14.04,12.43,13.04,5930.199024299998
2021-12-21T00:00:00Z,RARIUSD,12.53,13.98,12.53,13.22,3472.7683994500044
2021-12-22T00:00:00Z,RARIUSD,13.21,13.97,12.87,13.58,7611.458652739998
2021-12-23T00:00:00Z,RARIUSD,13.83,14.53,13.35,13.87,5674.53010903
2021-12-24T00:00:00Z,RARIUSD,14.0,15.96,13.67,13.82,8586.091377519997
2021-12-25T00:00:00Z,RARIUSD,13.78,14.99,13.77,14.35,3599.7547769899993
2021-12-26T00:00:00Z,RARIUSD,14.24,15.13,13.85,14.5,3760.8685831900025
2021-12-27T00:00:00Z,RARIUSD,14.74,15.89,14.1,15.2,8139.8000906400075
2021-12-28T00:00:00Z,RARIUSD,14.8,15.08,13.49,13.56,9521.095646900001
2021-12-29T00:00:00Z,RARIUSD,13.61,13.81,12.85,12.85,9049.112460270006
2021-12-30T00:00:00Z,RARIUSD,12.9,13.56,12.73,13.03,1285.4787112399997
2021-12-31T00:00:00Z,RARIUSD,12.97,13.8,12.63,13.46,4245.463884899998
2022-01-01T00:00:00Z,RARIUSD,13.15,18.6,12.7,17.71,40859.11508630006
2022-01-02T00:00:00Z,RARIUSD,17.69,18.8,15.34,16.82,42546.406091749996
2022-01-03T00:00:00Z,RARIUSD,16.76,16.91,15.19,15.36,4757.133014660002
2022-01-04T00:00:00Z,RARIUSD,15.25,16.23,14.92,15.56,5646.223055000003
2022-01-05T00:00:00Z,RARIUSD,15.42,16.08,13.3,13.93,5869.571605420002
2022-01-06T00:00:00Z,RARIUSD,14.11,14.21,13.24,14.14,5570.095412940004
2022-01-07T00:00:00Z,RARIUSD,14.2,15.11,12.24,12.72,18194.10408085999
2022-01-08T00:00:00Z,RARIUSD,12.71,15.74,12.7,13.64,21583.06383467999
2022-01-09T00:00:00Z,RARIUSD,13.45,14.53,13.32,13.67,9980.712258640002
2022-01-10T00:00:00Z,RARIUSD,13.56,14.11,12.64,13.04,11371.85947756
2022-01-11T00:00:00Z,RARIUSD,13.09,13.86,12.72,13.19,6599.43406211
2022-01-12T00:00:00Z,RARIUSD,13.34,14.17,13.06,13.62,11329.464297990004
2022-01-13T00:00:00Z,RARIUSD,13.73,14.47,12.75,12.88,11821.60146608
2022-01-14T00:00:00Z,RARIUSD,12.74,13.42,12.71,12.99,7586.908009900004
2022-01-15T00:00:00Z,RARIUSD,12.88,13.75,12.88,13.57,5416.43355178
2022-01-16T00:00:00Z,RARIUSD,13.54,13.69,12.83,13.05,4257.586673359999
2022-01-17T00:00:00Z,RARIUSD,13.21,13.66,12.32,12.86,6823.644448379998
2022-01-18T00:00:00Z,RARIUSD,12.5,12.8,12.21,12.77,7220.519155909998
2022-01-19T00:00:00Z,RARIUSD,12.82,14.15,12.55,13.01,15151.509009099997
2022-01-20T00:00:00Z,RARIUSD,13.06,13.58,12.28,12.3,4492.763694590006
2022-01-21T00:00:00Z,RARIUSD,12.28,12.64,10.01,10.14,9967.64737858
2022-01-22T00:00:00Z,RARIUSD,10.16,11.19,8.5,8.94,16845.805127229996
2022-01-23T00:00:00Z,RARIUSD,8.93,10.45,8.93,9.93,13057.994316659995
2022-01-24T00:00:00Z,RARIUSD,9.86,10.1,7.58,8.61,31947.033861000025
2022-01-25T00:00:00Z,RARIUSD,8.59,9.08,8.37,8.87,4403.9572212600015
2022-01-26T00:00:00Z,RARIUSD,8.87,9.41,8.54,8.59,4989.811123069999
2022-01-27T00:00:00Z,RARIUSD,8.71,8.76,7.82,8.1,8246.883716069999
2022-01-28T00:00:00Z,RARIUSD,8.06,8.49,7.85,8.39,5709.605901240003
2022-01-29T00:00:00Z,RARIUSD,8.42,9.02,8.38,8.64,3180.689762000002
2022-01-30T00:00:00Z,RARIUSD,8.71,9.03,8.09,8.28,9710.957302540004
2022-01-31T00:00:00Z,RARIUSD,8.26,9.69,7.9,9.31,7133.94257924
2022-02-01T00:00:00Z,RARIUSD,9.2,11.77,8.8,9.1,37373.69397989991
2022-02-02T00:00:00Z,RARIUSD,9.1,10.09,8.94,8.94,10663.427704330004
2022-02-03T00:00:00Z,RARIUSD,9.05,9.14,8.51,8.6,8647.549946309995
2022-02-04T00:00:00Z,RARIUSD,8.64,9.81,8.64,9.62,10914.465100699997
2022-02-05T00:00:00Z,RARIUSD,9.36,10.04,9.23,9.6,8537.776041620004
2022-02-06T00:00:00Z,RARIUSD,9.66,9.77,9.39,9.53,2815.16212523
2022-02-07T00:00:00Z,RARIUSD,9.71,11.27,9.48,10.53,7734.55808316001
2022-02-08T00:00:00Z,RARIUSD,10.49,11.05,9.41,9.88,8786.722682640006
2022-02-09T00:00:00Z,RARIUSD,9.91,11.0,9.59,10.28,5481.6685992400035
2022-02-10T00:00:00Z,RARIUSD,10.22,10.58,9.28,9.4,9181.911719760004
2022-02-11T00:00:00Z,RARIUSD,9.39,9.77,8.81,8.87,4088.2155041200017
2022-02-12T00:00:00Z,RARIUSD,8.89,9.19,8.56,8.57,2910.4513310799975
2022-02-13T00:00:00Z,RARIUSD,8.69,9.18,8.56,8.73,5264.196799389997
2022-02-14T00:00:00Z,RARIUSD,8.72,8.86,8.33,8.62,2846.567969440001
2022-02-15T00:00:00Z,RARIUSD,8.6,9.69,8.48,9.37,7130.322576310002
2022-02-16T00:00:00Z,RARIUSD,9.37,9.64,8.84,9.07,2825.74543448
2022-02-17T00:00:00Z,RARIUSD,9.09,9.16,8.22,8.3,7303.214030369999
2022-02-18T00:00:00Z,RARIUSD,8.19,8.4,7.93,7.95,3350.0731483300015
2022-02-19T00:00:00Z,RARIUSD,8.16,8.37,7.86,7.9,1606.3498723899995
2022-02-20T00:00:00Z,RARIUSD,8.08,8.08,7.15,7.49,3721.3614200700003
2022-02-21T00:00:00Z,RARIUSD,7.56,8.21,7.0,7.12,6296.874095360004
2022-02-22T00:00:00Z,RARIUSD,7.0,7.2,6.45,6.93,5575.957189950001
2022-02-23T00:00:00Z,RARIUSD,6.92,7.32,6.67,6.69,5627.679389739997
2022-02-24T00:00:00Z,RARIUSD,6.69,6.74,5.44,6.25,11985.938773530012
2022-02-25T00:00:00Z,RARIUSD,6.15,6.88,6.15,6.75,3723.0396916499994
2022-02-26T00:00:00Z,RARIUSD,6.8,7.51,6.67,6.91,7096.320291029998
2022-02-27T00:00:00Z,RARIUSD,7.07,7.16,6.4,6.49,4912.204375739997
2022-02-28T00:00:00Z,RARIUSD,6.51,7.5,6.25,7.13,13779.832523729994
2022-03-01T00:00:00Z,RARIUSD,7.26,8.33,6.99,7.14,9923.152415089997
2022-03-02T00:00:00Z,RARIUSD,6.96,7.49,6.55,7.49,9152.678806739998
2022-03-03T00:00:00Z,RARIUSD,7.35,9.38,6.8,7.04,31586.91631893997
2022-03-04T00:00:00Z,RARIUSD,7.03,7.75,6.47,6.68,11174.718605179998
2022-03-05T00:00:00Z,RARIUSD,6.76,6.99,6.47,6.76,1916.8325641199992
2022-03-06T00:00:00Z,RARIUSD,6.73,7.93,6.55,7.31,7547.205999509996
2022-03-07T00:00:00Z,RARIUSD,7.57,8.69,6.98,7.28,45944.20291896
2022-03-08T00:00:00Z,RARIUSD,7.39,7.7,6.94,7.2,1839.7448971200001
2022-03-09T00:00:00Z,RARIUSD,7.19,7.88,7.06,7.32,4758.151080320002
2022-03-10T00:00:00Z,RARIUSD,7.33,7.48,7.04,7.07,3953.2182429499994
2022-03-11T00:00:00Z,RARIUSD,7.14,7.23,6.9,7.01,8995.096594760003
2022-03-12T00:00:00Z,RARIUSD,7.0,7.39,6.76,6.77,6773.252964149995
2022-03-13T00:00:00Z,RARIUSD,6.9,7.07,6.49,6.52,4339.181815480001
2022-03-14T00:00:00Z,RARIUSD,6.61,6.81,6.48,6.8,4920.014247950001
2022-03-15T00:00:00Z,RARIUSD,6.8,6.8,6.3,6.54,3474.609181089999
2022-03-16T00:00:00Z,RARIUSD,6.54,6.8,6.31,6.8,1575.0945299300008
2022-03-17T00:00:00Z,RARIUSD,6.89,6.96,6.37,6.86,4504.204303560001
2022-03-18T00:00:00Z,RARIUSD,6.92,6.94,6.48,6.69,7683.483586799998
2022-03-19T00:00:00Z,RARIUSD,6.78,7.18,6.64,6.88,13174.77965491
2022-03-20T00:00:00Z,RARIUSD,6.87,7.34,6.76,7.02,3192.4182679100004
2022-03-21T00:00:00Z,RARIUSD,7.0,7.3,6.84,7.21,2345.14965932
2022-03-22T00:00:00Z,RARIUSD,7.04,7.5,6.9,7.01,8958.06865206
2022-03-23T00:00:00Z,RARIUSD,7.01,7.11,6.79,6.93,3492.190198550001
2022-03-24T00:00:00Z,RARIUSD,6.91,7.62,6.91,7.06,5806.5631743899985
2022-03-25T00:00:00Z,RARIUSD,7.05,7.46,6.89,6.93,7651.288989399998
2022-03-26T00:00:00Z,RARIUSD,7.0,7.31,6.93,7.26,1685.7091649099998
2022-03-27T00:00:00Z,RARIUSD,7.26,7.95,7.13,7.95,9673.98289998
2022-03-28T00:00:00Z,RARIUSD,7.95,10.55,7.48,9.61,38504.81184789
2022-03-29T00:00:00Z,RARIUSD,9.8,12.3,7.94,10.61,107874.50945825013
2022-03-30T00:00:00Z,RARIUSD,10.66,11.08,9.05,9.93,26808.08867538998
2022-03-31T00:00:00Z,RARIUSD,10.03,11.19,8.92,9.31,13400.516464370005
2022-04-01T00:00:00Z,RARIUSD,9.5,10.0,9.09,9.54,7495.4544503199995
2022-04-02T00:00:00Z,RARIUSD,9.52,10.0,9.31,9.34,5744.626876760003
2022-04-03T00:00:00Z,RARIUSD,9.33,9.94,9.27,9.38,12376.87052285
2022-04-04T00:00:00Z,RARIUSD,9.5,9.96,9.27,9.43,5544.953156539999
2022-04-05T00:00:00Z,RARIUSD,9.51,9.95,9.09,9.15,8539.435947320002
2022-04-06T00:00:00Z,RARIUSD,9.08,9.13,8.1,8.1,12691.585947309997
2022-04-07T00:00:00Z,RARIUSD,8.13,8.39,7.95,8.12,18177.975049469995
2022-04-08T00:00:00Z,RARIUSD,8.23,9.03,7.9,7.97,9202.966140579996
2022-04-09T00:00:00Z,RARIUSD,8.3,8.38,7.93,8.15,3596.5731969000008
2022-04-10T00:00:00Z,RARIUSD,8.16,8.33,7.99,8.11,1773.7317707799998
2022-04-11T00:00:00Z,RARIUSD,8.04,8.18,7.35,7.35,10013.99184132999
2022-04-12T00:00:00Z,RARIUSD,7.35,8.39,7.2,7.48,8159.942165339989
2022-04-13T00:00:00Z,RARIUSD,7.62,7.89,7.4,7.82,2528.831058490002
2022-04-14T00:00:00Z,RARIUSD,7.61,8.12,7.54,7.54,1415.3723970300002
2022-04-15T00:00:00Z,RARIUSD,7.69,8.15,7.49,7.91,3137.200640130001
2022-04-16T00:00:00Z,RARIUSD,7.95,8.23,7.6,7.72,5751.406396860002
2022-04-17T00:00:00Z,RARIUSD,7.83,8.07,7.65,7.65,1461.7084276399999
2022-04-18T00:00:00Z,RARIUSD,7.67,8.13,7.36,7.6,7230.064267950004
2022-04-19T00:00:00Z,RARIUSD,7.58,8.09,7.58,7.87,2994.3388501900004
2022-04-20T00:00:00Z,RARIUSD,7.87,8.3,7.75,8.01,7386.979482230001
2022-04-21T00:00:00Z,RARIUSD,7.87,8.12,7.64,7.77,5118.030968019999
2022-04-22T00:00:00Z,RARIUSD,7.79,7.89,7.48,7.79,10635.150375599998
2022-04-23T00:00:00Z,RARIUSD,7.52,7.65,7.27,7.47,3243.00779922
2022-04-24T00:00:00Z,RARIUSD,7.45,7.53,7.07,7.34,2358.86268128
2022-04-25T00:00:00Z,RARIUSD,7.21,7.23,6.7,7.04,5311.806185900003
2022-04-26T00:00:00Z,RARIUSD,7.06,7.43,6.47,6.55,6900.91045429
2022-04-27T00:00:00Z,RARIUSD,6.55,6.89,6.21,6.36,6238.090123489998
2022-04-28T00:00:00Z,RARIUSD,6.32,6.51,6.22,6.22,2408.2660449100013
2022-04-29T00:00:00Z,RARIUSD,6.37,6.37,5.99,6.15,3117.66747991
2022-04-30T00:00:00Z,RARIUSD,6.09,10.57,5.65,5.8,30411.054729550015
2022-05-01T00:00:00Z,RARIUSD,5.77,6.2,5.62,5.96,4105.760765159998
2022-05-02T00:00:00Z,RARIUSD,5.96,6.1,5.8,5.8,1819.8900191099992
2022-05-03T00:00:00Z,RARIUSD,5.89,5.91,5.66,5.72,2119.228823080001
2022-05-04T00:00:00Z,RARIUSD,5.72,6.19,5.6,6.08,1404.1943696499998
2022-05-05T00:00:00Z,RARIUSD,6.17,6.17,5.14,5.39,7100.349856669998
2022-05-06T00:00:00Z,RARIUSD,5.39,5.75,4.91,5.38,7173.065898630001
2022-05-07T00:00:00Z,RARIUSD,5.37,5.53,5.14,5.14,2033.26118697
2022-05-08T00:00:00Z,RARIUSD,5.18,5.27,4.89,5.09,2439.8682884000013
2022-05-09T00:00:00Z,RARIUSD,5.16,5.22,4.35,4.47,7618.792482160001
2022-05-10T00:00:00Z,RARIUSD,4.4,6.04,4.1,4.35,46048.64126797998
2022-05-11T00:00:00Z,RARIUSD,4.34,4.37,2.85,2.92,28688.81271539997
2022-05-12T00:00:00Z,RARIUSD,2.93,3.13,2.08,2.46,24473.016071750004
2022-05-13T00:00:00Z,RARIUSD,2.46,4.12,2.42,3.61,23462.725508439973
2022-05-14T00:00:00Z,RARIUSD,3.62,3.63,2.7,3.32,15011.383458060009
2022-05-15T00:00:00Z,RARIUSD,3.33,3.66,3.04,3.5,11366.337279360001
2022-05-16T00:00:00Z,RARIUSD,3.43,3.46,3.0,3.17,1898.9425689499997
2022-05-17T00:00:00Z,RARIUSD,3.17,3.51,3.15,3.35,2282.85690559
2022-05-18T00:00:00Z,RARIUSD,3.34,4.21,3.01,3.67,27554.56161618001
2022-05-19T00:00:00Z,RARIUSD,3.65,3.98,3.09,3.61,18848.298084879974
2022-05-20T00:00:00Z,RARIUSD,3.67,3.82,3.23,3.38,8489.612279910001
2022-05-21T00:00:00Z,RARIUSD,3.39,3.49,3.29,3.42,1494.7320509900003
2022-05-22T00:00:00Z,RARIUSD,3.46,3.51,3.26,3.36,4284.817534659998
2022-05-23T00:00:00Z,RARIUSD,3.37,3.6,3.15,3.27,5196.056648360002
2022-05-24T00:00:00Z,RARIUSD,3.26,3.48,3.11,3.43,5025.164646179998
2022-05-25T00:00:00Z,RARIUSD,3.47,3.53,3.17,3.25,2259.9073415400003
2022-05-26T00:00:00Z,RARIUSD,3.25,3.32,2.92,3.06,4945.064488880002
2022-05-27T00:00:00Z,RARIUSD,3.01,3.13,2.85,2.99,7908.191987360001
2022-05-28T00:00:00Z,RARIUSD,2.94,3.06,2.88,2.99,3614.0423788600006
2022-05-29T00:00:00Z,RARIUSD,2.98,3.26,2.98,3.04,1245.060611480001
2022-05-30T00:00:00Z,RARIUSD,3.03,3.34,3.03,3.34,5722.359190160001
2022-05-31T00:00:00Z,RARIUSD,3.3,3.55,3.3,3.39,4530.2739316900015
2022-06-01T00:00:00Z,RARIUSD,3.33,3.47,2.93,2.93,8304.919830510005
2022-06-02T00:00:00Z,RARIUSD,3.0,3.09,2.86,2.94,3305.09610637
2022-06-03T00:00:00Z,RARIUSD,2.94,3.05,2.51,2.69,18670.492431889994
2022-06-04T00:00:00Z,RARIUSD,2.67,2.87,2.53,2.75,5181.799918049997
2022-06-05T00:00:00Z,RARIUSD,2.72,2.83,2.64,2.73,2948.3891566899997
2022-06-06T00:00:00Z,RARIUSD,2.75,3.04,2.64,2.86,2053.7601558299993
2022-06-07T00:00:00Z,RARIUSD,2.81,2.95,2.65,2.79,4852.5354116900035
2022-06-08T00:00:00Z,RARIUSD,2.83,3.44,2.14,2.8,55172.22397678008
2022-06-09T00:00:00Z,RARIUSD,2.76,3.19,2.69,2.89,10552.932163040008
2022-06-10T00:00:00Z,RARIUSD,2.89,2.92,2.67,2.68,3265.639550160001
2022-06-11T00:00:00Z,RARIUSD,2.69,2.94,2.56,2.59,5445.19646575
2022-06-12T00:00:00Z,RARIUSD,2.57,2.71,2.38,2.39,5315.20431775
2022-06-13T00:00:00Z,RARIUSD,2.35,2.4,1.82,1.96,18932.818387930027
2022-06-14T00:00:00Z,RARIUSD,1.96,2.49,1.87,2.35,34694.23489924999
2022-06-15T00:00:00Z,RARIUSD,2.37,2.42,1.9,2.37,32818.48266241
2022-06-16T00:00:00Z,RARIUSD,2.27,2.35,1.97,2.01,7543.269090840004
2022-06-17T00:00:00Z,RARIUSD,2.06,2.07,1.94,2.01,6513.943527740004
2022-06-18T00:00:00Z,RARIUSD,2.01,2.3,1.85,1.96,12175.649919629992
2022-06-19T00:00:00Z,RARIUSD,1.99,2.1,1.9,2.03,3519.7182006300004
2022-06-20T00:00:00Z,RARIUSD,2.04,2.22,2.0,2.08,8943.357021099995
2022-06-21T00:00:00Z,RARIUSD,2.08,2.38,2.07,2.17,8984.132978119995
2022-06-22T00:00:00Z,RARIUSD,2.16,2.17,2.05,2.1,14544.38479817
2022-06-23T00:00:00Z,RARIUSD,2.13,2.16,2.02,2.1,17140.876355940003
2022-06-24T00:00:00Z,RARIUSD,2.09,2.24,2.07,2.19,7091.835980999998
2022-06-25T00:00:00Z,RARIUSD,2.19,2.46,2.16,2.24,12255.3341433
2022-06-26T00:00:00Z,RARIUSD,2.25,2.32,2.18,2.26,5955.01920262
2022-06-27T00:00:00Z,RARIUSD,2.26,2.3,2.1,2.2,3687.257699710001
2022-06-28T00:00:00Z,RARIUSD,2.19,2.24,2.07,2.13,7198.869061819986
2022-06-29T00:00:00Z,RARIUSD,2.13,2.23,2.01,2.09,14150.914575139997
2022-06-30T00:00:00Z,RARIUSD,2.09,2.13,1.98,2.04,2717.0066917999993
2022-07-01T00:00:00Z,RARIUSD,2.04,2.17,2.01,2.08,3073.9942686799995
2022-07-02T00:00:00Z,RARIUSD,2.1,2.82,1.96,2.6,11590.231228310002
2022-07-03T00:00:00Z,RARIUSD,2.68,2.68,2.13,2.27,9915.193940529989
2022-07-04T00:00:00Z,RARIUSD,2.28,2.51,2.17,2.36,10597.054581910004
2022-07-05T00:00:00Z,RARIUSD,2.37,2.43,2.18,2.31,6538.7214235100055
2022-07-06T00:00:00Z,RARIUSD,2.24,2.5,2.24,2.27,5828.947867849999
2022-07-07T00:00:00Z,RARIUSD,2.25,2.42,2.21,2.33,5017.859090680004
2022-07-08T00:00:00Z,RARIUSD,2.35,2.38,2.31,2.37,5752.813149469998
2022-07-09T00:00:00Z,RARIUSD,2.34,2.41,2.25,2.31,1816.0320203599993
2022-07-10T00:00:00Z,RARIUSD,2.31,2.35,2.26,2.29,1013.5239315899996
2022-07-11T00:00:00Z,RARIUSD,2.31,2.31,2.16,2.22,3086.822598910001
2022-07-12T00:00:00Z,RARIUSD,2.23,2.23,2.1,2.16,2666.8338734400004
2022-07-13T00:00:00Z,RARIUSD,2.21,2.26,2.09,2.25,1714.015732989999
2022-07-14T00:00:00Z,RARIUSD,2.28,2.36,2.2,2.29,874.5439080299999
2022-07-15T00:00:00Z,RARIUSD,2.28,2.37,2.26,2.34,816.7020986300003
2022-07-16T00:00:00Z,RARIUSD,2.34,3.9,2.3,2.91,86080.47362098988
2022-07-17T00:00:00Z,RARIUSD,2.91,3.32,2.64,2.77,15020.832778930006
2022-07-18T00:00:00Z,RARIUSD,2.75,3.09,2.65,2.83,18655.453758550004
2022-07-19T00:00:00Z,RARIUSD,2.85,2.91,2.63,2.83,8667.050975659999
2022-07-20T00:00:00Z,RARIUSD,2.83,2.9,2.0,2.61,43015.79025051999
2022-07-21T00:00:00Z,RARIUSD,2.61,2.72,2.6,2.71,2621.7440556000006
2022-07-22T00:00:00Z,RARIUSD,2.68,3.49,2.67,3.12,16478.089819399982
2022-07-23T00:00:00Z,RARIUSD,3.11,3.99,3.01,3.52,37810.52216115
2022-07-24T00:00:00Z,RARIUSD,3.53,3.74,3.16,3.27,11482.481481660003
2022-07-25T00:00:00Z,RARIUSD,3.26,3.27,2.95,2.99,12855.104629650003
2022-07-26T00:00:00Z,RARIUSD,2.99,3.1,2.81,3.02,4790.592480189998
2022-07-27T00:00:00Z,RARIUSD,3.04,3.42,3.03,3.24,10194.024247630012
2022-07-28T00:00:00Z,RARIUSD,3.24,3.47,3.16,3.3,11885.222784409987
2022-07-29T00:00:00Z,RARIUSD,3.27,3.39,3.16,3.39,6798.075180479994
2022-07-30T00:00:00Z,RARIUSD,3.36,3.37,3.22,3.24,1275.43614998
2022-07-31T00:00:00Z,RARIUSD,3.25,3.32,3.17,3.19,2033.6441682000002
2022-08-01T00:00:00Z,RARIUSD,3.22,3.27,3.17,3.2,2062.5211352300003
2022-08-02T00:00:00Z,RARIUSD,3.18,3.49,3.16,3.35,6969.563267489994
2022-08-03T00:00:00Z,RARIUSD,3.34,3.5,3.25,3.26,3193.5982357299986
2022-08-04T00:00:00Z,RARIUSD,3.27,3.36,3.2,3.26,1839.4322797399989
2022-08-05T00:00:00Z,RARIUSD,3.21,3.62,3.17,3.4,4869.444111300004
2022-08-06T00:00:00Z,RARIUSD,3.42,3.56,3.33,3.36,3311.27154584
2022-08-07T00:00:00Z,RARIUSD,3.34,3.44,3.25,3.37,953.6782018600002
2022-08-08T00:00:00Z,RARIUSD,3.38,3.56,3.32,3.43,3808.54086827
2022-08-09T00:00:00Z,RARIUSD,3.38,3.43,3.12,3.22,2184.540717540001
2022-08-10T00:00:00Z,RARIUSD,3.22,3.31,3.17,3.24,8853.528390190004
2022-08-11T00:00:00Z,RARIUSD,3.19,3.46,3.16,3.23,4220.878725920003
2022-08-12T00:00:00Z,RARIUSD,3.24,3.52,3.17,3.35,3840.5375571900004
2022-08-13T00:00:00Z,RARIUSD,3.35,3.41,3.25,3.28,1906.177176540001
2022-08-14T00:00:00Z,RARIUSD,3.28,3.61,3.17,3.48,16524.28221773998
2022-08-15T00:00:00Z,RARIUSD,3.48,3.71,3.1,3.24,4241.58159458
2022-08-16T00:00:00Z,RARIUSD,3.19,3.35,3.12,3.27,3064.666516419998
2022-08-17T00:00:00Z,RARIUSD,3.27,3.27,3.01,3.11,1033.54291426
2022-08-18T00:00:00Z,RARIUSD,3.13,3.26,3.03,3.03,2808.1724950199996
2022-08-19T00:00:00Z,RARIUSD,3.03,3.04,2.71,2.73,2797.2827996999995
2022-08-20T00:00:00Z,RARIUSD,2.73,2.77,2.67,2.71,623.92755417
2022-08-21T00:00:00Z,RARIUSD,2.7,2.91,2.68,2.84,2062.107575399999
2022-08-22T00:00:00Z,RARIUSD,2.85,2.91,2.75,2.84,485.5142691500001
2022-08-23T00:00:00Z,RARIUSD,2.79,2.88,2.77,2.88,507.54451809000005
2022-08-24T00:00:00Z,RARIUSD,2.86,2.9,2.79,2.83,855.2062595600001
2022-08-25T00:00:00Z,RARIUSD,2.81,2.93,2.74,2.82,3473.9316771800013
2022-08-26T00:00:00Z,RARIUSD,2.81,2.83,2.56,2.57,3686.703416930001
2022-08-27T00:00:00Z,RARIUSD,2.58,2.66,2.51,2.52,2059.875535140001
2022-08-28T00:00:00Z,RARIUSD,2.52,2.57,2.5,2.52,1324.67053707
2022-08-29T00:00:00Z,RARIUSD,2.56,2.75,2.5,2.65,2329.9878429
2022-08-30T00:00:00Z,RARIUSD,2.65,2.68,2.5,2.53,4754.684225749999
2022-08-31T00:00:00Z,RARIUSD,2.52,2.64,2.5,2.53,2826.7737019300002
2022-09-01T00:00:00Z,RARIUSD,2.55,2.6,2.39,2.51,4928.905799079997
2022-09-02T00:00:00Z,RARIUSD,2.51,2.51,2.43,2.43,253.21642327
2022-09-03T00:00:00Z,RARIUSD,2.51,2.52,2.37,2.4,440.6796500999999
2022-09-04T00:00:00Z,RARIUSD,2.42,2.46,2.3,2.41,11928.84908372999
2022-09-05T00:00:00Z,RARIUSD,2.38,2.43,2.33,2.39,919.7548097499999
2022-09-06T00:00:00Z,RARIUSD,2.39,2.45,2.27,2.3,3073.8656722800006
2022-09-07T00:00:00Z,RARIUSD,2.27,2.37,2.25,2.37,2486.65806539
2022-09-08T00:00:00Z,RARIUSD,2.32,2.35,2.25,2.3,2781.1444219400014
2022-09-09T00:00:00Z,RARIUSD,2.31,2.59,2.31,2.42,9077.099834730005
2022-09-10T00:00:00Z,RARIUSD,2.46,2.54,2.34,2.46,5177.3993129400005
2022-09-11T00:00:00Z,RARIUSD,2.45,2.54,2.44,2.49,3613.04238597
2022-09-12T00:00:00Z,RARIUSD,2.5,2.6,2.44,2.46,11275.864622220002
2022-09-13T00:00:00Z,RARIUSD,2.49,2.55,2.32,2.36,8148.8424562
2022-09-14T00:00:00Z,RARIUSD,2.37,2.46,2.31,2.35,1937.8827873799996
2022-09-15T00:00:00Z,RARIUSD,2.35,2.52,2.17,2.3,5891.64755481
2022-09-16T00:00:00Z,RARIUSD,2.3,2.35,2.11,2.3,3211.38154787
2022-09-17T00:00:00Z,RARIUSD,2.31,2.4,2.27,2.31,1506.2874988600006
2022-09-18T00:00:00Z,RARIUSD,2.3,2.42,2.25,2.25,1763.8099901199998
2022-09-19T00:00:00Z,RARIUSD,2.27,3.01,2.22,2.77,15988.970041080003
2022-09-20T00:00:00Z,RARIUSD,2.59,2.91,2.28,2.32,25209.617093609995
2022-09-21T00:00:00Z,RARIUSD,2.47,2.51,2.25,2.3,5988.527385859999
2022-09-22T00:00:00Z,RARIUSD,2.35,2.35,2.19,2.33,3613.4206449099975
2022-09-23T00:00:00Z,RARIUSD,2.3,2.33,2.18,2.27,2635.38687113
2022-09-24T00:00:00Z,RARIUSD,2.23,2.34,2.21,2.25,2242.52344395
2022-09-25T00:00:00Z,RARIUSD,2.26,2.26,2.15,2.15,2757.32510321
2022-09-26T00:00:00Z,RARIUSD,2.21,2.26,2.17,2.26,340.51294194999997
2022-09-27T00:00:00Z,RARIUSD,2.25,2.29,2.21,2.22,1489.4862512800003
2022-09-28T00:00:00Z,RARIUSD,2.21,2.42,2.2,2.37,2968.48513777
2022-09-29T00:00:00Z,RARIUSD,2.33,2.36,2.22,2.26,3881.3288585399996
2022-09-30T00:00:00Z,RARIUSD,2.27,2.34,2.24,2.28,5658.116907309999
2022-10-01T00:00:00Z,RARIUSD,2.29,2.31,2.06,2.24,5062.44686201
2022-10-02T00:00:00Z,RARIUSD,2.23,2.37,2.17,2.19,6304.924163429999
2022-10-03T00:00:00Z,RARIUSD,2.22,2.26,2.13,2.24,3221.1335844100013
2022-10-04T00:00:00Z,RARIUSD,2.2,2.32,2.19,2.29,1993.3806266700003
2022-10-05T00:00:00Z,RARIUSD,2.24,2.35,2.24,2.3,3085.31737028
2022-10-06T00:00:00Z,RARIUSD,2.29,2.31,2.25,2.28,2866.3762461300003
2022-10-07T00:00:00Z,RARIUSD,2.26,2.31,2.2,2.22,3499.49014953
2022-10-08T00:00:00Z,RARIUSD,2.19,2.2,2.06,2.19,3678.3580366700003
2022-10-09T00:00:00Z,RARIUSD,2.23,2.23,2.19,2.2,106.21841404
2022-10-10T00:00:00Z,RARIUSD,2.2,2.23,2.15,2.17,1319.65605077
2022-10-11T00:00:00Z,RARIUSD,2.16,2.18,2.11,2.11,747.0675333300002
2022-10-12T00:00:00Z,RARIUSD,2.14,2.17,2.08,2.15,2549.7332371499992
2022-10-13T00:00:00Z,RARIUSD,2.14,2.16,2.05,2.1,5365.685481269999
2022-10-14T00:00:00Z,RARIUSD,2.1,2.58,2.06,2.18,19232.40906623002
2022-10-15T00:00:00Z,RARIUSD,2.15,2.2,2.11,2.16,2216.61382
2022-10-16T00:00:00Z,RARIUSD,2.18,2.26,2.16,2.18,3167.1593547699995
2022-10-17T00:00:00Z,RARIUSD,2.18,2.19,2.17,2.18,2364.68921778
2022-10-18T00:00:00Z,RARIUSD,2.18,2.2,2.06,2.1,5972.398560420001
2022-10-19T00:00:00Z,RARIUSD,2.12,2.12,2.02,2.1,1662.1861093299992
2022-10-20T00:00:00Z,RARIUSD,2.06,2.15,2.04,2.14,1831.8320689200002
2022-10-21T00:00:00Z,RARIUSD,2.09,2.18,2.03,2.11,11521.197510099995
2022-10-22T00:00:00Z,RARIUSD,2.11,2.13,2.05,2.06,2119.4588850600003
2022-10-23T00:00:00Z,RARIUSD,2.06,2.12,2.04,2.09,1902.9300472099999
2022-10-24T00:00:00Z,RARIUSD,2.09,2.09,1.99,2.04,1203.6638409099999
2022-10-25T00:00:00Z,RARIUSD,2.05,2.09,1.99,2.0,2316.2864237100016
2022-10-26T00:00:00Z,RARIUSD,2.01,2.15,1.99,2.06,11027.709383199997
2022-10-27T00:00:00Z,RARIUSD,2.03,2.4,1.99,2.22,23245.20663122
2022-10-28T00:00:00Z,RARIUSD,2.22,2.59,2.18,2.19,12248.204239880002
2022-10-29T00:00:00Z,RARIUSD,2.27,2.46,2.19,2.35,15986.127015769995
2022-10-30T00:00:00Z,RARIUSD,2.31,2.31,2.0,2.13,12438.608290690003
2022-10-31T00:00:00Z,RARIUSD,2.12,3.11,2.07,2.89,34421.51396412999
2022-11-01T00:00:00Z,RARIUSD,2.95,5.37,2.81,3.98,260550.51247547867
2022-11-02T00:00:00Z,RARIUSD,3.93,4.1,3.17,3.49,106253.08832391
2022-11-03T00:00:00Z,RARIUSD,3.45,3.92,3.08,3.37,196352.23578920998
2022-11-04T00:00:00Z,RARIUSD,3.34,3.41,3.02,3.2,36363.510521630036
2022-11-05T00:00:00Z,RARIUSD,3.18,3.69,3.14,3.44,77823.7439839999
2022-11-06T00:00:00Z,RARIUSD,3.45,4.79,3.32,4.48,75727.72838012002
2022-11-07T00:00:00Z,RARIUSD,4.64,4.85,3.93,4.09,86664.70064810988
2022-11-08T00:00:00Z,RARIUSD,4.13,4.15,3.24,3.4,35945.362207410006
2022-11-09T00:00:00Z,RARIUSD,3.44,3.51,2.49,2.57,23356.687259349943
2022-11-10T00:00:00Z,RARIUSD,2.57,3.16,2.57,3.09,18823.868617910008
2022-11-11T00:00:00Z,RARIUSD,3.02,3.11,2.68,2.76,12703.0215932
2022-11-12T00:00:00Z,RARIUSD,2.78,3.75,2.78,3.5,28522.21536849997
2022-11-13T00:00:00Z,RARIUSD,3.43,3.43,2.51,2.63,28112.87467120001
2022-11-14T00:00:00Z,RARIUSD,2.64,2.89,2.5,2.69,22389.274359449984
2022-11-15T00:00:00Z,RARIUSD,2.74,2.83,2.66,2.7,5617.2926147800035
2022-11-16T00:00:00Z,RARIUSD,2.68,2.72,2.49,2.54,9542.659389439998
2022-11-17T00:00:00Z,RARIUSD,2.56,2.62,2.46,2.56,3398.8597778100007
2022-11-18T00:00:00Z,RARIUSD,2.54,2.57,2.42,2.45,3303.8867851900004
2022-11-19T00:00:00Z,RARIUSD,2.46,2.51,2.39,2.45,6933.123543159998
2022-11-20T00:00:00Z,RARIUSD,2.46,2.58,2.35,2.36,10655.098015700001
2022-11-21T00:00:00Z,RARIUSD,2.34,2.35,2.13,2.21,13091.363924129997
2022-11-22T00:00:00Z,RARIUSD,2.21,2.34,2.15,2.22,11482.005474879994
2022-11-23T00:00:00Z,RARIUSD,2.26,2.85,2.26,2.32,36221.26103121005
2022-11-24T00:00:00Z,RARIUSD,2.31,2.53,2.27,2.3,7460.126843499997
2022-11-25T00:00:00Z,RARIUSD,2.28,2.47,2.17,2.24,17299.77419644
2022-11-26T00:00:00Z,RARIUSD,2.24,2.33,2.1,2.18,13524.42392904
2022-11-27T00:00:00Z,RARIUSD,2.18,2.21,2.11,2.18,8494.888792700005
2022-11-28T00:00:00Z,RARIUSD,2.15,2.15,2.05,2.05,19299.591178059996
2022-11-29T00:00:00Z,RARIUSD,2.09,2.2,2.06,2.16,4300.947701789999
2022-11-30T00:00:00Z,RARIUSD,2.18,2.26,2.16,2.22,7521.782164869996
2022-12-01T00:00:00Z,RARIUSD,2.24,2.28,2.09,2.17,14444.92639968999
2022-12-02T00:00:00Z,RARIUSD,2.13,2.18,2.1,2.16,4136.5805345
2022-12-03T00:00:00Z,RARIUSD,2.16,3.0,1.94,2.17,111058.46292481993
2022-12-04T00:00:00Z,RARIUSD,2.14,2.28,2.13,2.17,4394.334933510001
2022-12-05T00:00:00Z,RARIUSD,2.19,2.25,2.16,2.21,2094.0802250599995
2022-12-06T00:00:00Z,RARIUSD,2.18,2.46,2.08,2.14,15633.098002839984
2022-12-07T00:00:00Z,RARIUSD,2.16,2.17,2.07,2.11,2597.0080036799995
2022-12-08T00:00:00Z,RARIUSD,2.1,2.16,2.08,2.13,5837.5617978200025
2022-12-09T00:00:00Z,RARIUSD,2.12,2.15,2.03,2.03,3386.9529985899994
2022-12-10T00:00:00Z,RARIUSD,2.06,2.09,2.04,2.07,763.32533955
2022-12-11T00:00:00Z,RARIUSD,2.07,2.07,2.04,2.07,3299.836523469999
2022-12-12T00:00:00Z,RARIUSD,2.04,2.12,2.02,2.05,5355.438076619997
2022-12-13T00:00:00Z,RARIUSD,2.04,2.12,2.03,2.08,4414.171337560002
2022-12-14T00:00:00Z,RARIUSD,2.07,2.14,2.07,2.08,2577.5279417399997
2022-12-15T00:00:00Z,RARIUSD,2.09,2.1,1.96,1.97,5466.849345139998
2022-12-16T00:00:00Z,RARIUSD,1.98,1.99,1.82,1.84,27760.42355254999
2022-12-17T00:00:00Z,RARIUSD,1.84,1.89,1.82,1.84,7240.087597550006
2022-12-18T00:00:00Z,RARIUSD,1.84,2.11,1.65,1.81,78829.44467463993
2022-12-19T00:00:00Z,RARIUSD,1.81,1.85,1.76,1.78,2058.5361318199994
2022-12-20T00:00:00Z,RARIUSD,1.78,1.82,1.76,1.81,1390.65128762
2022-12-21T00:00:00Z,RARIUSD,1.81,1.82,1.8,1.81,1498.9564953
2022-12-22T00:00:00Z,RARIUSD,1.82,1.9,1.65,1.71,11973.897354579994
2022-12-23T00:00:00Z,RARIUSD,1.73,1.88,1.7,1.79,8627.502111619999
2022-12-24T00:00:00Z,RARIUSD,1.77,1.77,1.76,1.77,1182.6753281699998
2022-12-25T00:00:00Z,RARIUSD,1.77,1.78,1.76,1.76,2511.67195344
2022-12-26T00:00:00Z,RARIUSD,1.76,1.76,1.67,1.71,4078.83013868
2022-12-27T00:00:00Z,RARIUSD,1.71,1.72,1.67,1.69,3074.3460413999983
2022-12-28T00:00:00Z,RARIUSD,1.68,1.7,1.64,1.67,2788.46321023
2022-12-29T00:00:00Z,RARIUSD,1.67,1.67,1.59,1.61,10489.37123864
2022-12-30T00:00:00Z,RARIUSD,1.61,1.62,1.52,1.55,5296.020188779999
2022-12-31T00:00:00Z,RARIUSD,1.56,1.56,1.47,1.52,5255.19350065
2023-01-01T00:00:00Z,RARIUSD,1.53,1.73,1.52,1.59,8207.906832229999
2023-01-02T00:00:00Z,RARIUSD,1.57,1.65,1.55,1.6,1779.50145735
2023-01-03T00:00:00Z,RARIUSD,1.6,1.66,1.56,1.6,2187.50367361
2023-01-04T00:00:00Z,RARIUSD,1.6,1.7,1.6,1.63,4975.398988700001
2023-01-05T00:00:00Z,RARIUSD,1.62,1.64,1.6,1.61,3312.7053326199994
2023-01-06T00:00:00Z,RARIUSD,1.63,1.66,1.58,1.65,4343.513160420001
2023-01-07T00:00:00Z,RARIUSD,1.65,1.69,1.61,1.64,4698.23767606
2023-01-08T00:00:00Z,RARIUSD,1.65,1.77,1.64,1.7,4531.112698599999
2023-01-09T00:00:00Z,RARIUSD,1.72,1.89,1.72,1.78,8245.207870579998
2023-01-10T00:00:00Z,RARIUSD,1.74,1.78,1.68,1.77,3258.4052647199996
2023-01-11T00:00:00Z,RARIUSD,1.76,1.85,1.73,1.84,5022.2465967399985
2023-01-12T00:00:00Z,RARIUSD,1.8,1.87,1.74,1.87,12256.532410190004
2023-01-13T00:00:00Z,RARIUSD,1.82,2.25,1.77,1.97,43306.858436409995
2023-01-14T00:00:00Z,RARIUSD,2.02,2.15,1.84,1.92,53840.93717687001
2023-01-15T00:00:00Z,RARIUSD,1.91,1.98,1.85,1.92,17529.67192966
2023-01-16T00:00:00Z,RARIUSD,1.97,2.5,1.93,2.42,44647.690915259955
2023-01-17T00:00:00Z,RARIUSD,2.38,2.43,2.07,2.15,40773.550576989976
2023-01-18T00:00:00Z,RARIUSD,2.15,2.22,1.95,2.09,24433.94595847001
2023-01-19T00:00:00Z,RARIUSD,2.08,2.11,1.97,2.07,3050.9919806199996
2023-01-20T00:00:00Z,RARIUSD,2.1,2.5,2.07,2.32,48913.29793728996
2023-01-21T00:00:00Z,RARIUSD,2.33,2.53,2.06,2.25,47460.39377109005
2023-01-22T00:00:00Z,RARIUSD,2.26,2.28,2.13,2.18,57811.020713070015
2023-01-23T00:00:00Z,RARIUSD,2.21,2.39,2.17,2.24,3508.745253959999
2023-01-24T00:00:00Z,RARIUSD,2.31,2.41,2.25,2.28,13685.583597129998
2023-01-25T00:00:00Z,RARIUSD,2.36,2.4,2.2,2.34,4380.950941900001
2023-01-26T00:00:00Z,RARIUSD,2.28,2.31,2.12,2.26,24358.12541149001
2023-01-27T00:00:00Z,RARIUSD,2.26,2.38,2.24,2.25,6437.18947288
2023-01-28T00:00:00Z,RARIUSD,2.25,2.28,2.16,2.28,7127.2662322999995
2023-01-29T00:00:00Z,RARIUSD,2.28,2.46,2.24,2.35,6560.2225561899995
2023-01-30T00:00:00Z,RARIUSD,2.35,2.36,2.1,2.12,22323.063588270008
2023-01-31T00:00:00Z,RARIUSD,2.12,2.36,2.1,2.16,28706.88660502
2023-02-01T00:00:00Z,RARIUSD,2.16,2.21,2.1,2.21,10514.3000014
2023-02-02T00:00:00Z,RARIUSD,2.21,2.26,2.07,2.17,26543.45430312999
2023-02-03T00:00:00Z,RARIUSD,2.17,2.36,2.17,2.26,12923.968859209985
2023-02-04T00:00:00Z,RARIUSD,2.26,2.31,2.12,2.29,12873.045996729992
2023-02-05T00:00:00Z,RARIUSD,2.26,2.35,2.12,2.17,11429.45383687
2023-02-06T00:00:00Z,RARIUSD,2.18,2.51,2.17,2.31,16896.309870130004
2023-02-07T00:00:00Z,RARIUSD,2.31,2.39,2.18,2.39,12415.504502540003
2023-02-08T00:00:00Z,RARIUSD,2.32,2.36,2.2,2.23,8930.859654730004
2023-02-09T00:00:00Z,RARIUSD,2.22,2.24,2.01,2.04,29499.76898573998
2023-02-10T00:00:00Z,RARIUSD,2.04,2.04,1.9,1.98,14297.037490770002
2023-02-11T00:00:00Z,RARIUSD,1.94,1.99,1.89,1.92,9907.053531829997
2023-02-12T00:00:00Z,RARIUSD,1.95,2.01,1.84,1.95,6301.853264019998
2023-02-13T00:00:00Z,RARIUSD,1.97,2.09,1.83,1.91,28514.423933840008
2023-02-14T00:00:00Z,RARIUSD,1.93,2.04,1.88,1.97,4259.840988419999
2023-02-15T00:00:00Z,RARIUSD,1.97,2.21,1.92,2.15,11238.946852309997
2023-02-16T00:00:00Z,RARIUSD,2.16,2.21,2.0,2.0,9822.85558727
2023-02-17T00:00:00Z,RARIUSD,2.0,2.28,1.96,2.17,12029.249339319997
2023-02-18T00:00:00Z,RARIUSD,2.14,2.19,2.08,2.17,13095.397150629999
2023-02-19T00:00:00Z,RARIUSD,2.17,2.24,2.1,2.2,8320.010608510001
2023-02-20T00:00:00Z,RARIUSD,2.22,2.3,2.18,2.24,7361.935334050002
2023-02-21T00:00:00Z,RARIUSD,2.22,2.23,2.09,2.09,9145.451628520002
2023-02-22T00:00:00Z,RARIUSD,2.09,2.19,1.98,2.07,9377.38551668
2023-02-23T00:00:00Z,RARIUSD,2.06,2.49,2.03,2.23,35899.04441640999
2023-02-24T00:00:00Z,RARIUSD,2.2,2.21,2.03,2.08,4842.97396131
2023-02-25T00:00:00Z,RARIUSD,2.08,2.12,2.04,2.06,2560.8397761300002
2023-02-26T00:00:00Z,RARIUSD,2.04,2.11,2.04,2.05,4455.69889563
2023-02-27T00:00:00Z,RARIUSD,2.07,2.07,2.01,2.05,5413.551153470001
2023-02-28T00:00:00Z,RARIUSD,2.03,2.06,1.98,1.98,5300.402003390001
2023-03-01T00:00:00Z,RARIUSD,2.02,2.08,2.01,2.02,2586.69058753
2023-03-02T00:00:00Z,RARIUSD,2.02,2.03,1.96,1.97,3944.5249368199998
2023-03-03T00:00:00Z,RARIUSD,1.96,1.96,1.78,1.8,6667.809146599999
2023-03-04T00:00:00Z,RARIUSD,1.81,1.83,1.76,1.79,1975.2500860000002
2023-03-05T00:00:00Z,RARIUSD,1.79,1.86,1.77,1.82,2855.2364815
2023-03-06T00:00:00Z,RARIUSD,1.82,1.85,1.8,1.85,1597.01792457
2023-03-07T00:00:00Z,RARIUSD,1.83,1.84,1.71,1.75,2702.41443223
2023-03-08T00:00:00Z,RARIUSD,1.77,1.78,1.68,1.7,11338.978805470002
2023-03-09T00:00:00Z,RARIUSD,1.68,1.72,1.58,1.62,7684.2658324
2023-03-10T00:00:00Z,RARIUSD,1.64,1.67,1.53,1.61,10956.679636329996
2023-03-11T00:00:00Z,RARIUSD,1.61,1.69,1.53,1.55,5958.4766364
2023-03-12T00:00:00Z,RARIUSD,1.56,1.68,1.51,1.68,1815.5776372499997
2023-03-13T00:00:00Z,RARIUSD,1.68,1.8,1.63,1.79,13039.3448173
2023-03-14T00:00:00Z,RARIUSD,1.79,1.96,1.73,1.77,16209.222345170003
2023-03-15T00:00:00Z,RARIUSD,1.76,1.96,1.6,1.66,17081.872900680013
2023-03-16T00:00:00Z,RARIUSD,1.67,1.69,1.62,1.66,5275.538944209999
2023-03-17T00:00:00Z,RARIUSD,1.66,1.84,1.61,1.72,8708.321075229995
2023-03-18T00:00:00Z,RARIUSD,1.72,1.83,1.7,1.7,7474.005956549999
2023-03-19T00:00:00Z,RARIUSD,1.72,1.82,1.69,1.76,3785.823519320001
2023-03-20T00:00:00Z,RARIUSD,1.76,1.84,1.7,1.7,4869.212582409999
2023-03-21T00:00:00Z,RARIUSD,1.72,1.79,1.67,1.74,1782.73941963
2023-03-22T00:00:00Z,RARIUSD,1.74,1.74,1.63,1.63,1903.0239034699996
2023-03-23T00:00:00Z,RARIUSD,1.63,1.77,1.62,1.62,8607.876471910004
2023-03-24T00:00:00Z,RARIUSD,1.67,1.71,1.6,1.6,3642.491194720001
2023-03-25T00:00:00Z,RARIUSD,1.63,1.63,1.6,1.62,494.43820094000006
2023-03-26T00:00:00Z,RARIUSD,1.63,1.65,1.61,1.62,1720.60373861
2023-03-27T00:00:00Z,RARIUSD,1.62,1.64,1.56,1.59,2600.3459185699994
2023-03-28T00:00:00Z,RARIUSD,1.59,1.63,1.56,1.61,1549.00652809
2023-03-29T00:00:00Z,RARIUSD,1.63,1.7,1.63,1.64,3381.92766149
2023-03-30T00:00:00Z,RARIUSD,1.67,1.67,1.6,1.63,1676.6374868199994
2023-03-31T00:00:00Z,RARIUSD,1.6,1.64,1.6,1.63,1588.2996004299998
2023-04-01T00:00:00Z,RARIUSD,1.64,1.69,1.61,1.64,13382.01722343
2023-04-02T00:00:00Z,RARIUSD,1.62,1.68,1.61,1.66,2842.54964659
2023-04-03T00:00:00Z,RARIUSD,1.66,1.75,1.6,1.72,7023.0505333
2023-04-04T00:00:00Z,RARIUSD,1.72,1.74,1.59,1.63,4428.726907769999
2023-04-05T00:00:00Z,RARIUSD,1.64,1.67,1.6,1.62,3693.2823318600003
2023-04-06T00:00:00Z,RARIUSD,1.59,1.7,1.59,1.61,11457.082042940012
2023-04-07T00:00:00Z,RARIUSD,1.61,1.63,1.53,1.6,2092.1248046299997
2023-04-08T00:00:00Z,RARIUSD,1.59,1.61,1.58,1.6,1020.7269224400002
2023-04-09T00:00:00Z,RARIUSD,1.6,1.63,1.53,1.59,14895.045543360002
2023-04-10T00:00:00Z,RARIUSD,1.61,1.63,1.57,1.59,2430.0268289500004
2023-04-11T00:00:00Z,RARIUSD,1.61,1.64,1.56,1.6,2987.5904855599997
2023-04-12T00:00:00Z,RARIUSD,1.6,1.67,1.59,1.62,7809.124218150001
2023-04-13T00:00:00Z,RARIUSD,1.6,1.65,1.58,1.59,9061.848860250002
2023-04-14T00:00:00Z,RARIUSD,1.61,1.82,1.61,1.61,12904.422025770007
2023-04-15T00:00:00Z,RARIUSD,1.61,1.68,1.61,1.65,2805.7358595099995
2023-04-16T00:00:00Z,RARIUSD,1.65,2.12,1.63,1.69,31812.813348180018
2023-04-17T00:00:00Z,RARIUSD,1.66,1.79,1.64,1.64,3748.2695342100014
2023-04-18T00:00:00Z,RARIUSD,1.69,1.7,1.61,1.62,6858.44313001
2023-04-19T00:00:00Z,RARIUSD,1.62,1.67,1.54,1.62,7288.408118889995
2023-04-20T00:00:00Z,RARIUSD,1.64,1.64,1.54,1.61,11321.092793770007
2023-04-21T00:00:00Z,RARIUSD,1.58,1.61,1.52,1.52,1186.5933394699998
2023-04-22T00:00:00Z,RARIUSD,1.54,1.6,1.5,1.53,2217.5708764699993
2023-04-23T00:00:00Z,RARIUSD,1.53,1.54,1.49,1.49,1122.38563221
2023-04-24T00:00:00Z,RARIUSD,1.48,1.56,1.47,1.56,1506.6313795499998
2023-04-25T00:00:00Z,RARIUSD,1.56,1.56,1.44,1.5,4538.41467703
2023-04-26T00:00:00Z,RARIUSD,1.5,1.52,1.4,1.42,4547.36709644
2023-04-27T00:00:00Z,RARIUSD,1.45,1.6,1.38,1.55,6740.21582034
2023-04-28T00:00:00Z,RARIUSD,1.57,2.38,1.56,1.81,153121.28063908027
2023-04-29T00:00:00Z,RARIUSD,1.86,1.9,1.64,1.69,26611.04596699
2023-04-30T00:00:00Z,RARIUSD,1.69,1.69,1.52,1.53,42441.71091247998
2023-05-01T00:00:00Z,RARIUSD,1.56,1.57,1.47,1.49,11135.052560280003
2023-05-02T00:00:00Z,RARIUSD,1.49,1.52,1.47,1.49,5564.4077225
2023-05-03T00:00:00Z,RARIUSD,1.51,1.53,1.44,1.5,10539.785176370004
2023-05-04T00:00:00Z,RARIUSD,1.5,1.81,1.49,1.56,22436.285159680006
2023-05-05T00:00:00Z,RARIUSD,1.52,1.6,1.49,1.54,17153.083261689997
2023-05-06T00:00:00Z,RARIUSD,1.54,1.55,1.42,1.47,15446.082779560005
2023-05-07T00:00:00Z,RARIUSD,1.47,1.51,1.45,1.46,4426.829214180001
2023-05-08T00:00:00Z,RARIUSD,1.46,1.49,1.41,1.41,5913.076462269999
2023-05-09T00:00:00Z,RARIUSD,1.43,1.46,1.41,1.42,3404.5325041500014
2023-05-10T00:00:00Z,RARIUSD,1.42,1.44,1.38,1.42,5151.2362244999995
2023-05-11T00:00:00Z,RARIUSD,1.45,1.45,1.39,1.39,2616.7807836900006
2023-05-12T00:00:00Z,RARIUSD,1.39,1.41,1.36,1.4,1449.2204512199999
2023-05-13T00:00:00Z,RARIUSD,1.39,1.5,1.35,1.36,4711.574822740001
2023-05-14T00:00:00Z,RARIUSD,1.37,1.38,1.34,1.36,4677.764909560001
2023-05-15T00:00:00Z,RARIUSD,1.36,1.41,1.35,1.35,3791.91869986
2023-05-16T00:00:00Z,RARIUSD,1.35,1.38,1.33,1.36,1559.4208511200002
2023-05-17T00:00:00Z,RARIUSD,1.35,1.36,1.27,1.33,5891.44468631
2023-05-18T00:00:00Z,RARIUSD,1.36,1.36,1.27,1.31,5631.103813300002
2023-05-19T00:00:00Z,RARIUSD,1.32,1.32,1.27,1.27,1349.77831026
2023-05-20T00:00:00Z,RARIUSD,1.27,1.29,1.26,1.29,1580.26186113
2023-05-21T00:00:00Z,RARIUSD,1.27,1.45,1.27,1.35,5684.80185308
2023-05-22T00:00:00Z,RARIUSD,1.34,1.35,1.23,1.3,6232.736762369999
2023-05-23T00:00:00Z,RARIUSD,1.29,1.32,1.24,1.25,1813.4460354500002
2023-05-24T00:00:00Z,RARIUSD,1.28,1.29,1.24,1.26,3732.7265337800004
2023-05-25T00:00:00Z,RARIUSD,1.26,1.3,1.19,1.2,10415.402453370001
2023-05-26T00:00:00Z,RARIUSD,1.19,1.3,1.18,1.22,8692.957751509999
2023-05-27T00:00:00Z,RARIUSD,1.22,1.22,1.16,1.2,2025.0602281900003
2023-05-28T00:00:00Z,RARIUSD,1.18,1.24,1.17,1.24,1506.0881030699998
2023-05-29T00:00:00Z,RARIUSD,1.25,1.44,1.23,1.24,14627.701943040003
2023-05-30T00:00:00Z,RARIUSD,1.26,1.33,1.16,1.22,9650.61606757
2023-05-31T00:00:00Z,RARIUSD,1.21,1.25,1.18,1.2,7305.888745219999
2023-06-01T00:00:00Z,RARIUSD,1.19,1.22,1.12,1.17,11561.612067079997
2023-06-02T00:00:00Z,RARIUSD,1.15,1.2,1.11,1.19,3178.0677327199996
2023-06-03T00:00:00Z,RARIUSD,1.17,1.19,1.15,1.16,2785.63160915
2023-06-04T00:00:00Z,RARIUSD,1.18,1.18,1.15,1.17,1284.75776262
2023-06-05T00:00:00Z,RARIUSD,1.17,1.26,1.06,1.11,8760.834882439998
2023-06-06T00:00:00Z,RARIUSD,1.1,1.13,1.02,1.07,12800.941286409998
2023-06-07T00:00:00Z,RARIUSD,1.07,1.17,1.05,1.05,20783.601077139996
2023-06-08T00:00:00Z,RARIUSD,1.06,1.16,1.03,1.13,18447.685355260008
2023-06-09T00:00:00Z,RARIUSD,1.12,1.17,1.04,1.08,12805.53994525
2023-06-10T00:00:00Z,RARIUSD,1.07,1.07,0.93,0.97,28828.00533766001
2023-06-11T00:00:00Z,RARIUSD,0.97,1.03,0.96,1.02,8775.61260063
2023-06-12T00:00:00Z,RARIUSD,0.99,1.08,0.99,1.02,17385.84144068
2023-06-13T00:00:00Z,RARIUSD,1.0,1.06,0.97,1.02,25118.952532780004
2023-06-14T00:00:00Z,RARIUSD,1.03,1.06,0.99,0.99,23353.096070349995
2023-06-15T00:00:00Z,RARIUSD,1.01,1.09,1.0,1.05,13597.554405979998
2023-06-16T00:00:00Z,RARIUSD,1.04,1.1,1.04,1.1,12348.164050739997
2023-06-17T00:00:00Z,RARIUSD,1.08,1.11,1.06,1.06,10068.95337154
2023-06-18T00:00:00Z,RARIUSD,1.06,1.09,1.02,1.02,1594.3477469099996
2023-06-19T00:00:00Z,RARIUSD,1.02,1.08,0.99,1.05,4692.916400800002
2023-06-20T00:00:00Z,RARIUSD,1.07,1.07,1.01,1.07,2137.5915336399994
2023-06-21T00:00:00Z,RARIUSD,1.08,1.16,1.07,1.15,5336.872643340001
2023-06-22T00:00:00Z,RARIUSD,1.15,1.18,1.11,1.11,4609.880384630001
2023-06-23T00:00:00Z,RARIUSD,1.13,1.27,1.08,1.18,12630.06050502
2023-06-24T00:00:00Z,RARIUSD,1.19,1.2,1.15,1.16,6113.781912349999
2023-06-25T00:00:00Z,RARIUSD,1.16,1.18,1.15,1.17,2330.49874782
2023-06-26T00:00:00Z,RARIUSD,1.17,1.19,1.15,1.16,4127.9107776
2023-06-27T00:00:00Z,RARIUSD,1.18,1.48,1.18,1.23,83733.40177833002
2023-06-28T00:00:00Z,RARIUSD,1.21,1.22,1.13,1.13,8240.285149990003
2023-06-29T00:00:00Z,RARIUSD,1.13,1.16,1.09,1.13,3182.6160457200003
2023-06-30T00:00:00Z,RARIUSD,1.14,1.21,1.14,1.14,8956.09075948
2023-07-01T00:00:00Z,RARIUSD,1.14,1.19,1.13,1.19,4668.519302729999
2023-07-02T00:00:00Z,RARIUSD,1.18,1.32,1.17,1.25,28574.79071076
2023-07-03T00:00:00Z,RARIUSD,1.24,1.26,1.16,1.18,19327.837596740002
2023-07-04T00:00:00Z,RARIUSD,1.21,1.26,1.17,1.21,4875.921772670001
2023-07-05T00:00:00Z,RARIUSD,1.2,1.2,1.13,1.2,2254.10611264
2023-07-06T00:00:00Z,RARIUSD,1.16,1.2,1.15,1.15,1416.36248714
2023-07-07T00:00:00Z,RARIUSD,1.15,1.17,1.11,1.13,3033.49840572
2023-07-08T00:00:00Z,RARIUSD,1.12,1.16,1.1,1.15,2170.2099559099997
2023-07-09T00:00:00Z,RARIUSD,1.13,1.15,1.08,1.12,6111.798334380001
2023-07-10T00:00:00Z,RARIUSD,1.11,1.15,1.1,1.13,5737.28723291
2023-07-11T00:00:00Z,RARIUSD,1.13,1.56,1.12,1.17,68667.07430540997
2023-07-12T00:00:00Z,RARIUSD,1.18,1.25,1.15,1.2,5662.814583430001
2023-07-13T00:00:00Z,RARIUSD,1.21,1.21,1.1,1.17,38051.73437844
2023-07-14T00:00:00Z,RARIUSD,1.17,1.22,1.08,1.15,38973.82205895
2023-07-15T00:00:00Z,RARIUSD,1.12,1.15,1.07,1.12,27584.9483951
2023-07-16T00:00:00Z,RARIUSD,1.1,1.13,1.09,1.12,565.36247126
2023-07-17T00:00:00Z,RARIUSD,1.13,1.17,1.1,1.1,7624.197882279998
2023-07-18T00:00:00Z,RARIUSD,1.1,1.11,1.08,1.1,8224.907973129999
2023-07-19T00:00:00Z,RARIUSD,1.08,1.09,1.06,1.08,8837.592005670003
2023-07-20T00:00:00Z,RARIUSD,1.08,1.13,1.07,1.11,7370.964549329999
2023-07-21T00:00:00Z,RARIUSD,1.11,1.12,1.07,1.12,6172.678953369999
2023-07-22T00:00:00Z,RARIUSD,1.12,1.12,1.11,1.11,12623.414559040002
2023-07-23T00:00:00Z,RARIUSD,1.1,1.13,1.1,1.11,9751.00449826
2023-07-24T00:00:00Z,RARIUSD,1.11,1.11,1.06,1.06,3769.47295789
2023-07-25T00:00:00Z,RARIUSD,1.06,1.12,1.06,1.1,8931.81525888
2023-07-26T00:00:00Z,RARIUSD,1.09,1.11,1.07,1.1,4200.26096246
2023-07-27T00:00:00Z,RARIUSD,1.11,1.16,1.11,1.14,17439.097034370003
2023-07-28T00:00:00Z,RARIUSD,1.12,1.14,1.12,1.14,5206.36949939
2023-07-29T00:00:00Z,RARIUSD,1.14,1.14,1.08,1.1,7052.90888082
2023-07-30T00:00:00Z,RARIUSD,1.11,1.12,1.03,1.08,31120.58732820999
2023-07-31T00:00:00Z,RARIUSD,1.08,1.09,1.06,1.08,1265.38351791
2023-08-01T00:00:00Z,RARIUSD,1.06,1.09,1.03,1.06,7725.229534149999
2023-08-02T00:00:00Z,RARIUSD,1.07,1.09,1.03,1.04,5511.075066779999
2023-08-03T00:00:00Z,RARIUSD,1.04,1.06,1.03,1.05,2148.9679876
2023-08-04T00:00:00Z,RARIUSD,1.03,1.05,1.03,1.04,1997.95652
2023-08-05T00:00:00Z,RARIUSD,1.05,1.05,1.03,1.04,503.54405771000006
2023-08-06T00:00:00Z,RARIUSD,1.04,1.06,1.02,1.03,980.2504399000001
2023-08-07T00:00:00Z,RARIUSD,1.05,1.09,1.0,1.03,3944.8388633199997
2023-08-08T00:00:00Z,RARIUSD,1.04,1.05,1.03,1.05,679.9182567299999
2023-08-09T00:00:00Z,RARIUSD,1.06,1.07,1.05,1.05,268.69915745
2023-08-10T00:00:00Z,RARIUSD,1.05,1.06,1.0,1.02,1686.4495306000001
2023-08-11T00:00:00Z,RARIUSD,1.01,1.03,1.0,1.03,2091.4345836999996
2023-08-12T00:00:00Z,RARIUSD,1.03,1.03,1.0,1.02,1909.5129373199998
2023-08-13T00:00:00Z,RARIUSD,1.02,1.02,0.99,1.02,999.3076332200002
2023-08-14T00:00:00Z,RARIUSD,1.04,1.06,1.01,1.03,603.3245196299999
2023-08-15T00:00:00Z,RARIUSD,1.02,1.06,0.99,0.99,5132.347614380002
2023-08-16T00:00:00Z,RARIUSD,0.99,1.01,0.97,0.97,2675.2682539400002
2023-08-17T00:00:00Z,RARIUSD,0.97,1.03,0.92,0.96,4416.33476611
2023-08-18T00:00:00Z,RARIUSD,0.97,0.97,0.92,0.95,5350.534272340001
2023-08-19T00:00:00Z,RARIUSD,0.94,0.98,0.94,0.98,4960.81223892
2023-08-20T00:00:00Z,RARIUSD,0.97,0.98,0.96,0.97,762.2533725000001
2023-08-21T00:00:00Z,RARIUSD,0.96,0.97,0.95,0.96,279.29985925
2023-08-22T00:00:00Z,RARIUSD,0.96,0.98,0.92,0.96,8749.603652100002
2023-08-23T00:00:00Z,RARIUSD,0.96,0.96,0.93,0.96,698.4992745899998
2023-08-24T00:00:00Z,RARIUSD,0.95,1.0,0.95,0.96,4682.687950449999
2023-08-25T00:00:00Z,RARIUSD,0.96,0.98,0.93,0.95,1129.00073316
2023-08-26T00:00:00Z,RARIUSD,0.93,0.98,0.93,0.96,708.1514207600001
2023-08-27T00:00:00Z,RARIUSD,0.96,0.97,0.95,0.95,595.98602451
2023-08-28T00:00:00Z,RARIUSD,0.96,0.96,0.95,0.96,107.41985063999999
2023-08-29T00:00:00Z,RARIUSD,0.96,1.12,0.93,1.01,19381.505144219995
2023-08-30T00:00:00Z,RARIUSD,1.01,1.01,0.94,0.96,11028.77866863
2023-08-31T00:00:00Z,RARIUSD,0.98,0.98,0.93,0.93,1864.6986862800006
2023-09-01T00:00:00Z,RARIUSD,0.94,0.95,0.93,0.95,531.76866759
2023-09-02T00:00:00Z,RARIUSD,0.94,0.95,0.92,0.92,758.72195807
2023-09-03T00:00:00Z,RARIUSD,0.92,0.95,0.92,0.95,346.83052613000007
2023-09-04T00:00:00Z,RARIUSD,0.95,0.95,0.93,0.93,574.9168909900002
2023-09-05T00:00:00Z,RARIUSD,0.93,0.94,0.91,0.93,1481.4449341499999
2023-09-06T00:00:00Z,RARIUSD,0.93,0.94,0.91,0.92,4168.50181919
2023-09-07T00:00:00Z,RARIUSD,0.92,0.96,0.91,0.93,1310.6817930100003
2023-09-08T00:00:00Z,RARIUSD,0.94,0.95,0.94,0.95,185.76902446999998
2023-09-09T00:00:00Z,RARIUSD,0.95,0.95,0.9,0.9,1240.4195720499997
2023-09-10T00:00:00Z,RARIUSD,0.94,0.95,0.86,0.9,9278.747984369998
2023-09-11T00:00:00Z,RARIUSD,0.91,0.92,0.88,0.9,1083.39799076
2023-09-12T00:00:00Z,RARIUSD,0.9,1.09,0.84,0.9,75198.07659314004
2023-09-13T00:00:00Z,RARIUSD,0.88,0.92,0.86,0.87,13192.828250670003
2023-09-14T00:00:00Z,RARIUSD,0.89,0.93,0.86,0.91,9148.403856759996
2023-09-15T00:00:00Z,RARIUSD,0.91,0.92,0.89,0.9,2994.3987776800004
2023-09-16T00:00:00Z,RARIUSD,0.91,0.92,0.89,0.91,8568.103279529998
2023-09-17T00:00:00Z,RARIUSD,0.9,0.91,0.88,0.9,907.6834571699999
2023-09-18T00:00:00Z,RARIUSD,0.91,0.93,0.9,0.92,3809.4392800000005
2023-09-19T00:00:00Z,RARIUSD,0.93,0.94,0.92,0.93,2694.0703276100003
2023-09-20T00:00:00Z,RARIUSD,0.93,1.02,0.9,0.9,17706.791844460007
2023-09-21T00:00:00Z,RARIUSD,0.9,0.92,0.89,0.9,2768.2617477100002
2023-09-22T00:00:00Z,RARIUSD,0.9,0.92,0.89,0.9,1704.10141723
2023-09-23T00:00:00Z,RARIUSD,0.91,0.92,0.89,0.9,3880.1312518299997
2023-09-24T00:00:00Z,RARIUSD,0.91,0.91,0.89,0.89,2019.63686359
2023-09-25T00:00:00Z,RARIUSD,0.89,0.91,0.88,0.9,1096.5581514100004
2023-09-26T00:00:00Z,RARIUSD,0.9,0.93,0.89,0.93,2382.03997566
2023-09-27T00:00:00Z,RARIUSD,0.92,0.92,0.88,0.88,4289.46249482
2023-09-28T00:00:00Z,RARIUSD,0.89,0.91,0.88,0.89,3514.58042648
2023-09-29T00:00:00Z,RARIUSD,0.9,0.92,0.88,0.88,2427.17981771
2023-09-30T00:00:00Z,RARIUSD,0.89,0.92,0.89,0.91,5154.0850907799995
2023-10-01T00:00:00Z,RARIUSD,0.91,0.92,0.89,0.9,6262.98820804
2023-10-02T00:00:00Z,RARIUSD,0.91,0.96,0.89,0.9,10518.391483149993
2023-10-03T00:00:00Z,RARIUSD,0.89,0.94,0.89,0.9,5706.52744411
2023-10-04T00:00:00Z,RARIUSD,0.9,0.9,0.88,0.89,10043.339575290003
2023-10-05T00:00:00Z,RARIUSD,0.89,0.9,0.88,0.88,2111.1596372000004
2023-10-06T00:00:00Z,RARIUSD,0.89,0.9,0.87,0.9,4098.43041954
2023-10-07T00:00:00Z,RARIUSD,0.9,1.11,0.88,0.97,45700.86981727999
2023-10-08T00:00:00Z,RARIUSD,0.96,0.96,0.9,0.91,9711.32120515
2023-10-09T00:00:00Z,RARIUSD,0.91,0.93,0.88,0.88,4527.134577479999
2023-10-10T00:00:00Z,RARIUSD,0.9,0.9,0.87,0.87,892.1436773400001
2023-10-11T00:00:00Z,RARIUSD,0.87,0.88,0.85,0.88,4213.545622090001
2023-10-12T00:00:00Z,RARIUSD,0.86,0.86,0.85,0.85,1238.18386664
2023-10-13T00:00:00Z,RARIUSD,0.85,0.88,0.84,0.86,5235.111536520001
2023-10-14T00:00:00Z,RARIUSD,0.87,0.88,0.85,0.87,2047.0338696599997
2023-10-15T00:00:00Z,RARIUSD,0.86,0.92,0.86,0.88,12158.971330550003
2023-10-16T00:00:00Z,RARIUSD,0.88,0.91,0.87,0.9,1146.5997657499995
2023-10-17T00:00:00Z,RARIUSD,0.9,0.9,0.85,0.86,4129.02060629
2023-10-18T00:00:00Z,RARIUSD,0.86,0.87,0.85,0.86,1138.9280773
2023-10-19T00:00:00Z,RARIUSD,0.85,0.86,0.84,0.84,1751.1604300400002
2023-10-20T00:00:00Z,RARIUSD,0.85,0.9,0.84,0.89,6170.602676820001
2023-10-21T00:00:00Z,RARIUSD,0.89,0.9,0.88,0.9,4198.43953278
2023-10-22T00:00:00Z,RARIUSD,0.9,0.91,0.88,0.9,703.69701818
2023-10-23T00:00:00Z,RARIUSD,0.89,0.94,0.88,0.94,7156.97953362
2023-10-24T00:00:00Z,RARIUSD,0.95,0.97,0.89,0.92,10231.343962370001
2023-10-25T00:00:00Z,RARIUSD,0.92,0.97,0.91,0.93,3250.21092969
2023-10-26T00:00:00Z,RARIUSD,0.96,0.98,0.91,0.94,5366.696771729999
2023-10-27T00:00:00Z,RARIUSD,0.95,0.96,0.91,0.95,5280.8982258
2023-10-28T00:00:00Z,RARIUSD,0.93,0.97,0.89,0.93,7768.847260949999
2023-10-29T00:00:00Z,RARIUSD,0.93,1.0,0.9,0.99,8256.677765160002
2023-10-30T00:00:00Z,RARIUSD,0.97,1.0,0.95,0.98,3159.97329547
2023-10-31T00:00:00Z,RARIUSD,0.98,1.0,0.95,0.95,2037.81917461
2023-11-01T00:00:00Z,RARIUSD,0.94,1.01,0.94,1.0,8946.747405510001
2023-11-02T00:00:00Z,RARIUSD,1.01,1.04,0.98,1.0,17208.99205805
2023-11-03T00:00:00Z,RARIUSD,0.99,1.01,0.93,0.97,6737.2952840200005
2023-11-04T00:00:00Z,RARIUSD,0.99,1.0,0.93,0.96,6341.109805539998
2023-11-05T00:00:00Z,RARIUSD,0.98,1.04,0.96,1.01,41133.336417679995
2023-11-06T00:00:00Z,RARIUSD,1.01,1.03,1.0,1.0,12707.864947350003
2023-11-07T00:00:00Z,RARIUSD,1.03,1.04,0.99,1.01,19803.651884410003
2023-11-08T00:00:00Z,RARIUSD,1.01,1.07,1.01,1.06,26933.059942660002
2023-11-09T00:00:00Z,RARIUSD,1.04,1.15,1.01,1.09,31046.84391806999
2023-11-10T00:00:00Z,RARIUSD,1.11,1.13,1.03,1.05,13252.602919969997
2023-11-11T00:00:00Z,RARIUSD,1.07,1.14,1.04,1.11,10840.651706920004
2023-11-12T00:00:00Z,RARIUSD,1.13,1.94,1.12,1.52,234585.41333914932
2023-11-13T00:00:00Z,RARIUSD,1.5,1.6,1.25,1.34,105548.55716307004
2023-11-14T00:00:00Z,RARIUSD,1.34,1.36,1.24,1.27,42897.46781922999
2023-11-15T00:00:00Z,RARIUSD,1.27,1.52,1.27,1.35,50460.45003405002
2023-11-16T00:00:00Z,RARIUSD,1.36,1.48,1.28,1.31,61410.56021289995
2023-11-17T00:00:00Z,RARIUSD,1.32,1.38,1.25,1.28,19656.93603331
2023-11-18T00:00:00Z,RARIUSD,1.28,1.3,1.24,1.27,9768.028877810002
2023-11-19T00:00:00Z,RARIUSD,1.28,1.29,1.19,1.23,20684.035550089997
2023-11-20T00:00:00Z,RARIUSD,1.24,1.31,1.23,1.27,18204.190966349997
2023-11-21T00:00:00Z,RARIUSD,1.27,1.44,1.17,1.17,46021.34024162998
2023-11-22T00:00:00Z,RARIUSD,1.17,1.26,1.16,1.22,17894.050225570016
2023-11-23T00:00:00Z,RARIUSD,1.21,1.4,1.2,1.36,25986.01314145001
2023-11-24T00:00:00Z,RARIUSD,1.37,1.39,1.22,1.32,20766.027498170017
2023-11-25T00:00:00Z,RARIUSD,1.32,1.38,1.23,1.38,15920.166231440006
2023-11-26T00:00:00Z,RARIUSD,1.38,1.9,1.36,1.58,131723.47020840982
2023-11-27T00:00:00Z,RARIUSD,1.58,1.64,1.37,1.43,28330.055089009988
2023-11-28T00:00:00Z,RARIUSD,1.43,1.48,1.31,1.46,20345.595876669988
2023-11-29T00:00:00Z,RARIUSD,1.45,1.88,1.39,1.62,53671.32037226998
2023-11-30T00:00:00Z,RARIUSD,1.63,1.78,1.54,1.63,41597.817279710005
2023-12-01T00:00:00Z,RARIUSD,1.62,1.67,1.41,1.54,63473.34855206001
2023-12-02T00:00:00Z,RARIUSD,1.55,1.91,1.48,1.72,53825.891543430014
2023-12-03T00:00:00Z,RARIUSD,1.72,1.84,1.64,1.71,18843.601012639996
2023-12-04T00:00:00Z,RARIUSD,1.7,2.1,1.59,1.77,50046.74911185998
2023-12-05T00:00:00Z,RARIUSD,1.81,2.21,1.66,1.67,28408.104866850015
2023-12-06T00:00:00Z,RARIUSD,1.69,1.8,1.53,1.56,62696.97965525004
2023-12-07T00:00:00Z,RARIUSD,1.57,1.86,1.5,1.61,35962.32739178999
2023-12-08T00:00:00Z,RARIUSD,1.59,1.71,1.39,1.65,24058.687600200006
2023-12-09T00:00:00Z,RARIUSD,1.69,1.73,1.48,1.62,14232.451269009996
2023-12-10T00:00:00Z,RARIUSD,1.58,1.64,1.5,1.56,10582.041184769998
2023-12-11T00:00:00Z,RARIUSD,1.55,1.59,1.43,1.44,11928.013031360004
2023-12-12T00:00:00Z,RARIUSD,1.45,1.62,1.4,1.43,17642.48718173
2023-12-13T00:00:00Z,RARIUSD,1.44,1.55,1.32,1.48,26716.640979960037
2023-12-14T00:00:00Z,RARIUSD,1.51,1.54,1.42,1.47,5076.135606919999
2023-12-15T00:00:00Z,RARIUSD,1.47,1.53,1.38,1.41,3999.9346732999998
2023-12-16T00:00:00Z,RARIUSD,1.41,1.48,1.33,1.47,3210.7121505900004
2023-12-17T00:00:00Z,RARIUSD,1.47,1.47,1.4,1.41,1258.82699246
2023-12-18T00:00:00Z,RARIUSD,1.43,1.45,1.36,1.36,7908.931547550002
2023-12-19T00:00:00Z,RARIUSD,1.39,1.42,1.34,1.35,8894.788669119998
2023-12-20T00:00:00Z,RARIUSD,1.34,1.39,1.26,1.34,18843.711407000003
2023-12-21T00:00:00Z,RARIUSD,1.34,1.46,1.32,1.42,18558.64017257001
2023-12-22T00:00:00Z,RARIUSD,1.43,2.19,1.41,1.83,143830.96534547972
2023-12-23T00:00:00Z,RARIUSD,1.8,1.85,1.55,1.59,72408.83708380003
2023-12-24T00:00:00Z,RARIUSD,1.62,1.63,1.52,1.54,35118.31045229998
2023-12-25T00:00:00Z,RARIUSD,1.55,1.99,1.54,1.72,45697.20629735002
2023-12-26T00:00:00Z,RARIUSD,1.7,2.2,1.68,1.76,147808.39003726005
2023-12-27T00:00:00Z,RARIUSD,1.77,1.89,1.7,1.82,18804.06903045
2023-12-28T00:00:00Z,RARIUSD,1.83,1.87,1.69,1.7,16053.846521679992
2023-12-29T00:00:00Z,RARIUSD,1.73,1.77,1.57,1.65,29908.990363059987
2023-12-30T00:00:00Z,RARIUSD,1.67,1.74,1.59,1.64,21647.080075089994
2023-12-31T00:00:00Z,RARIUSD,1.66,1.7,1.63,1.65,6985.241997059997
2024-01-01T00:00:00Z,RARIUSD,1.65,1.72,1.62,1.72,4281.308270640001
2024-01-02T00:00:00Z,RARIUSD,1.72,1.81,1.66,1.68,15557.527810420002
2024-01-03T00:00:00Z,RARIUSD,1.7,1.7,1.55,1.62,5704.407571739998
2024-01-04T00:00:00Z,RARIUSD,1.6,1.72,1.59,1.7,7037.65699739
2024-01-05T00:00:00Z,RARIUSD,1.69,1.7,1.51,1.56,13031.12360426
2024-01-06T00:00:00Z,RARIUSD,1.56,1.57,1.51,1.54,3662.9121617899996
2024-01-07T00:00:00Z,RARIUSD,1.52,1.55,1.47,1.47,6805.212209189997
2024-01-08T00:00:00Z,RARIUSD,1.48,1.58,1.38,1.52,27829.605680229994
2024-01-09T00:00:00Z,RARIUSD,1.52,1.55,1.46,1.49,17958.505393170002
2024-01-10T00:00:00Z,RARIUSD,1.46,1.58,1.41,1.57,23470.834824939993
2024-01-11T00:00:00Z,RARIUSD,1.57,1.58,1.44,1.5,24815.599248499988
2024-01-12T00:00:00Z,RARIUSD,1.49,1.51,1.39,1.41,10645.30144204
2024-01-13T00:00:00Z,RARIUSD,1.42,1.46,1.4,1.42,2253.4248177099994
2024-01-14T00:00:00Z,RARIUSD,1.41,1.43,1.37,1.39,10103.397302730004
2024-01-15T00:00:00Z,RARIUSD,1.38,1.43,1.37,1.41,24678.563711639992
2024-01-16T00:00:00Z,RARIUSD,1.4,1.42,1.36,1.42,9339.620530620003
2024-01-17T00:00:00Z,RARIUSD,1.42,1.43,1.38,1.4,12639.34787815
2024-01-18T00:00:00Z,RARIUSD,1.4,1.48,1.38,1.42,14861.55520278
2024-01-19T00:00:00Z,RARIUSD,1.4,1.42,1.34,1.36,6753.868796770002
2024-01-20T00:00:00Z,RARIUSD,1.34,1.41,1.33,1.4,5371.70665888
2024-01-21T00:00:00Z,RARIUSD,1.41,1.44,1.39,1.4,4437.300027930001
2024-01-22T00:00:00Z,RARIUSD,1.39,1.41,1.33,1.36,6192.60058167
2024-01-23T00:00:00Z,RARIUSD,1.36,1.37,1.25,1.29,14134.358334160006
2024-01-24T00:00:00Z,RARIUSD,1.26,1.31,1.21,1.28,78170.95900539
2024-01-25T00:00:00Z,RARIUSD,1.3,1.59,1.3,1.57,64131.99121851996
2024-01-26T00:00:00Z,RARIUSD,1.58,1.59,1.36,1.43,33160.85771155998
2024-01-27T00:00:00Z,RARIUSD,1.42,1.45,1.41,1.43,5620.473015889997
2024-01-28T00:00:00Z,RARIUSD,1.45,1.47,1.4,1.45,5030.7070509899995
2024-01-29T00:00:00Z,RARIUSD,1.45,1.48,1.43,1.44,6150.037966299999
2024-01-30T00:00:00Z,RARIUSD,1.44,1.48,1.39,1.4,4257.96465105
2024-01-31T00:00:00Z,RARIUSD,1.39,1.43,1.34,1.34,3489.1541230299995
2024-02-01T00:00:00Z,RARIUSD,1.35,1.38,1.31,1.36,6735.85207804
2024-02-02T00:00:00Z,RARIUSD,1.38,1.43,1.36,1.37,4167.98968851
2024-02-03T00:00:00Z,RARIUSD,1.36,1.38,1.33,1.38,430.8680084100001
2024-02-04T00:00:00Z,RARIUSD,1.34,1.37,1.32,1.33,1398.56146959
2024-02-05T00:00:00Z,RARIUSD,1.32,1.36,1.31,1.35,4176.43577181
2024-02-06T00:00:00Z,RARIUSD,1.36,1.43,1.34,1.37,2807.716217119999
2024-02-07T00:00:00Z,RARIUSD,1.38,1.4,1.35,1.36,1531.3705749599999
2024-02-08T00:00:00Z,RARIUSD,1.38,1.41,1.37,1.37,924.8623808
2024-02-09T00:00:00Z,RARIUSD,1.36,1.45,1.36,1.45,3780.9414824699998
2024-02-10T00:00:00Z,RARIUSD,1.43,1.52,1.37,1.41,7281.310381790002
2024-02-11T00:00:00Z,RARIUSD,1.43,1.44,1.36,1.43,7458.5479774700025
2024-02-12T00:00:00Z,RARIUSD,1.43,1.47,1.37,1.45,9463.51426244
2024-02-13T00:00:00Z,RARIUSD,1.47,1.51,1.45,1.5,5502.0481878400005
2024-02-14T00:00:00Z,RARIUSD,1.5,1.53,1.49,1.52,5906.66666528
2024-02-15T00:00:00Z,RARIUSD,1.5,1.57,1.49,1.52,11205.380976910004
2024-02-16T00:00:00Z,RARIUSD,1.51,1.58,1.46,1.56,8417.743395449996
2024-02-17T00:00:00Z,RARIUSD,1.54,1.56,1.47,1.48,4544.644088809998
2024-02-18T00:00:00Z,RARIUSD,1.47,1.54,1.46,1.51,8383.027046489997
2024-02-19T00:00:00Z,RARIUSD,1.51,1.55,1.49,1.52,6324.745963420002
2024-02-20T00:00:00Z,RARIUSD,1.53,1.54,1.46,1.51,11356.976345049998
2024-02-21T00:00:00Z,RARIUSD,1.51,1.51,1.45,1.48,7683.834905130002
2024-02-22T00:00:00Z,RARIUSD,1.48,1.68,1.43,1.52,18822.663940280003
2024-02-23T00:00:00Z,RARIUSD,1.54,1.59,1.5,1.51,8802.71974348
2024-02-24T00:00:00Z,RARIUSD,1.53,1.65,1.52,1.59,8322.43054189
2024-02-25T00:00:00Z,RARIUSD,1.6,1.64,1.55,1.56,14869.132073240007
2024-02-26T00:00:00Z,RARIUSD,1.56,1.62,1.51,1.54,8710.511809689999
2024-02-27T00:00:00Z,RARIUSD,1.56,1.6,1.53,1.57,5444.91874876
2024-02-28T00:00:00Z,RARIUSD,1.58,1.64,1.54,1.59,14606.490820280005
2024-02-29T00:00:00Z,RARIUSD,1.59,1.73,1.57,1.66,14600.356972039994
2024-03-01T00:00:00Z,RARIUSD,1.67,1.85,1.58,1.69,14443.655667559999
2024-03-02T00:00:00Z,RARIUSD,1.7,1.74,1.66,1.74,7243.318354769998
2024-03-03T00:00:00Z,RARIUSD,1.74,2.09,1.74,1.95,55626.249340900016
2024-03-04T00:00:00Z,RARIUSD,1.96,2.0,1.76,1.82,21894.361702009992
2024-03-05T00:00:00Z,RARIUSD,1.87,1.97,1.67,1.73,25010.321153919987
2024-03-06T00:00:00Z,RARIUSD,1.73,1.81,1.7,1.77,37309.46318693
2024-03-07T00:00:00Z,RARIUSD,1.78,1.88,1.78,1.87,11603.150687640007
2024-03-08T00:00:00Z,RARIUSD,1.84,1.89,1.78,1.82,13542.954041919993
2024-03-09T00:00:00Z,RARIUSD,1.85,2.07,1.8,1.98,32986.29635048002
2024-03-10T00:00:00Z,RARIUSD,1.99,5.62,1.96,3.49,843620.034235858
2024-03-11T00:00:00Z,RARIUSD,3.46,4.45,2.92,3.03,608276.2396459861
2024-03-12T00:00:00Z,RARIUSD,3.02,3.19,2.63,2.7,189665.02212178023
2024-03-13T00:00:00Z,RARIUSD,2.68,2.89,2.58,2.71,132466.2457999799
2024-03-14T00:00:00Z,RARIUSD,2.69,2.89,2.51,2.76,95428.64750751002
2024-03-15T00:00:00Z,RARIUSD,2.73,3.3,2.46,2.8,225254.64764819975
2024-03-16T00:00:00Z,RARIUSD,2.85,3.0,2.5,2.51,71671.78787227994
2024-03-17T00:00:00Z,RARIUSD,2.56,3.2,2.46,2.66,57081.89486246005
2024-03-18T00:00:00Z,RARIUSD,2.64,2.78,2.37,2.57,40158.89770413999
2024-03-19T00:00:00Z,RARIUSD,2.55,2.56,2.19,2.31,42847.89120912003
2024-03-20T00:00:00Z,RARIUSD,2.26,2.53,2.23,2.53,33751.553319399995
2024-03-21T00:00:00Z,RARIUSD,2.5,2.54,2.29,2.36,21621.333807619994
2024-03-22T00:00:00Z,RARIUSD,2.39,2.44,2.19,2.24,29851.873790640006
2024-03-23T00:00:00Z,RARIUSD,2.23,2.28,2.2,2.23,109284.41744535005
2024-03-24T00:00:00Z,RARIUSD,2.23,3.25,2.22,2.77,380933.9698835011
2024-03-25T00:00:00Z,RARIUSD,2.77,2.9,2.5,2.57,96866.48106529994
2024-03-26T00:00:00Z,RARIUSD,2.55,2.82,2.53,2.71,90853.45329463002
2024-03-27T00:00:00Z,RARIUSD,2.69,2.8,2.65,2.71,22095.963195839995
2024-03-28T00:00:00Z,RARIUSD,2.71,2.76,2.28,2.61,44609.167392360025
2024-03-29T00:00:00Z,RARIUSD,2.6,5.34,2.55,4.5,588204.5343094422
2024-03-30T00:00:00Z,RARIUSD,4.5,5.5,4.29,4.42,364884.14973190025
2024-03-31T00:00:00Z,RARIUSD,4.41,4.75,4.1,4.26,104611.7741621299
2024-04-01T00:00:00Z,RARIUSD,4.21,4.52,3.92,4.08,72541.26731961005
2024-04-02T00:00:00Z,RARIUSD,4.08,4.14,3.55,3.88,67877.94367127997
2024-04-03T00:00:00Z,RARIUSD,3.89,3.92,3.62,3.82,40341.538743269986
2024-04-04T00:00:00Z,RARIUSD,3.83,4.92,3.73,4.34,111205.01782143988
2024-04-05T00:00:00Z,RARIUSD,4.35,4.39,3.91,3.94,44025.47258005004
2024-04-06T00:00:00Z,RARIUSD,4.01,4.36,3.94,4.21,30047.480643160012
2024-04-07T00:00:00Z,RARIUSD,4.25,5.95,4.21,5.35,239191.9896036399
2024-04-08T00:00:00Z,RARIUSD,5.37,6.1,5.11,5.97,130262.4963682099
2024-04-09T00:00:00Z,RARIUSD,5.95,5.99,4.91,5.25,125467.07808332988
2024-04-10T00:00:00Z,RARIUSD,5.25,5.47,4.92,5.21,40788.43390732004
2024-04-11T00:00:00Z,RARIUSD,5.17,5.51,5.07,5.3,26822.57199184001
2024-04-12T00:00:00Z,RARIUSD,5.3,5.5,4.41,4.77,62510.61149945998
2024-04-13T00:00:00Z,RARIUSD,4.79,5.34,3.95,4.72,71372.69520431012
2024-04-14T00:00:00Z,RARIUSD,4.72,4.83,4.22,4.7,41365.6513939401
2024-04-15T00:00:00Z,RARIUSD,4.7,5.0,4.21,4.31,27833.231956560005
2024-04-16T00:00:00Z,RARIUSD,4.28,4.39,3.99,4.38,14384.155188119996
2024-04-17T00:00:00Z,RARIUSD,4.33,4.33,3.67,3.88,27404.603248879997
2024-04-18T00:00:00Z,RARIUSD,3.85,4.08,3.76,4.0,22790.79932505003
2024-04-19T00:00:00Z,RARIUSD,4.0,4.02,3.3,3.68,36656.84045615001
2024-04-20T00:00:00Z,RARIUSD,3.72,4.89,3.6,4.49,83136.10730728993
2024-04-21T00:00:00Z,RARIUSD,4.48,4.75,3.9,4.17,23570.597146099964
2024-04-22T00:00:00Z,RARIUSD,4.17,4.26,3.97,4.06,26167.19479607004
2024-04-23T00:00:00Z,RARIUSD,4.05,4.28,3.8,3.96,23659.81540807999
2024-04-24T00:00:00Z,RARIUSD,3.96,4.11,3.69,3.79,28715.389847160015
2024-04-25T00:00:00Z,RARIUSD,3.75,3.93,3.51,3.9,17221.323099920002
2024-04-26T00:00:00Z,RARIUSD,3.89,4.04,3.66,3.73,27028.936670600033
2024-04-27T00:00:00Z,RARIUSD,3.72,3.72,3.57,3.66,5664.4415668199945
2024-04-28T00:00:00Z,RARIUSD,3.67,3.72,3.57,3.57,7848.624594080009
2024-04-29T00:00:00Z,RARIUSD,3.59,3.61,3.21,3.36,17586.386002769985
2024-04-30T00:00:00Z,RARIUSD,3.35,3.35,2.78,3.1,50675.10527945006
2024-05-01T00:00:00Z,RARIUSD,3.1,3.14,2.82,2.99,46057.583509530006
2024-05-02T00:00:00Z,RARIUSD,3.02,3.13,2.87,2.99,15962.741051510011
2024-05-03T00:00:00Z,RARIUSD,3.0,3.32,2.95,3.27,21605.417337170027
2024-05-04T00:00:00Z,RARIUSD,3.29,3.3,3.01,3.14,13080.780376970013
2024-05-05T00:00:00Z,RARIUSD,3.13,3.88,3.09,3.5,56380.07687213991
2024-05-06T00:00:00Z,RARIUSD,3.5,3.79,3.39,3.41,42582.06829172998
2024-05-07T00:00:00Z,RARIUSD,3.48,3.55,3.22,3.23,13118.175221260011
2024-05-08T00:00:00Z,RARIUSD,3.24,3.36,3.1,3.11,13096.023349810006
2024-05-09T00:00:00Z,RARIUSD,3.12,3.46,2.89,3.27,40331.83380777004
2024-05-10T00:00:00Z,RARIUSD,3.27,3.29,2.96,3.05,13788.62795774
2024-05-11T00:00:00Z,RARIUSD,3.04,3.27,3.03,3.06,6393.928167350001
2024-05-12T00:00:00Z,RARIUSD,3.06,3.11,3.03,3.03,2380.68056912
2024-05-13T00:00:00Z,RARIUSD,3.03,3.09,2.9,2.93,14919.002835069996
2024-05-14T00:00:00Z,RARIUSD,2.95,2.98,2.8,2.84,13665.440601899994
2024-05-15T00:00:00Z,RARIUSD,2.83,3.22,2.82,2.98,24331.286824200008
2024-05-16T00:00:00Z,RARIUSD,3.0,3.1,2.9,2.95,15684.19066595999
2024-05-17T00:00:00Z,RARIUSD,2.95,3.1,2.94,3.01,8241.705358589996
2024-05-18T00:00:00Z,RARIUSD,2.99,3.14,2.96,3.03,5727.958650240003
2024-05-19T00:00:00Z,RARIUSD,3.01,3.06,2.94,2.95,7128.39415039
2024-05-20T00:00:00Z,RARIUSD,2.96,3.29,2.9,3.17,14469.109306529986
2024-05-21T00:00:00Z,RARIUSD,3.21,3.36,3.01,3.03,22713.893629840022
2024-05-22T00:00:00Z,RARIUSD,3.05,3.1,2.95,3.05,15216.011510879984
2024-05-23T00:00:00Z,RARIUSD,3.0,3.06,2.89,2.93,12958.879569569997
2024-05-24T00:00:00Z,RARIUSD,2.99,3.0,2.88,2.93,6790.4435463200025
2024-05-25T00:00:00Z,RARIUSD,2.97,3.04,2.93,2.99,4545.096415499998
2024-05-26T00:00:00Z,RARIUSD,2.98,3.04,2.93,2.93,4415.260053480001
2024-05-27T00:00:00Z,RARIUSD,2.94,3.04,2.87,2.97,16131.285610150006
2024-05-28T00:00:00Z,RARIUSD,2.97,3.0,2.84,2.91,9143.376601459997
2024-05-29T00:00:00Z,RARIUSD,2.92,2.93,2.65,2.79,17444.41658941
2024-05-30T00:00:00Z,RARIUSD,2.8,2.82,2.77,2.8,2405.68680465
2024-05-31T00:00:00Z,RARIUSD,2.78,2.82,2.64,2.78,13667.880557279997
2024-06-01T00:00:00Z,RARIUSD,2.77,2.78,2.69,2.71,3646.1775605599996
2024-06-02T00:00:00Z,RARIUSD,2.72,2.82,2.68,2.72,3848.3118059900003
2024-06-03T00:00:00Z,RARIUSD,2.7,2.97,2.61,2.67,18734.36049613999
2024-06-04T00:00:00Z,RARIUSD,2.66,2.8,2.63,2.8,11619.95497908
2024-06-05T00:00:00Z,RARIUSD,2.8,2.8,2.65,2.73,7296.597938330001
2024-06-06T00:00:00Z,RARIUSD,2.74,2.81,2.65,2.69,7230.404980210001
2024-06-07T00:00:00Z,RARIUSD,2.7,2.76,2.47,2.49,23300.991028409997
2024-06-08T00:00:00Z,RARIUSD,2.49,2.56,2.37,2.39,18677.97758222001
2024-06-09T00:00:00Z,RARIUSD,2.39,2.45,2.35,2.43,14053.083105579997
2024-06-10T00:00:00Z,RARIUSD,2.46,2.64,2.42,2.5,13272.843098570002
2024-06-11T00:00:00Z,RARIUSD,2.5,2.51,2.33,2.35,15347.623097199996
2024-06-12T00:00:00Z,RARIUSD,2.38,2.58,2.37,2.45,20136.95342383
2024-06-13T00:00:00Z,RARIUSD,2.46,2.48,2.31,2.33,11098.384176249996
2024-06-14T00:00:00Z,RARIUSD,2.32,2.37,2.19,2.26,6333.249933089999
2024-06-15T00:00:00Z,RARIUSD,2.25,2.25,2.21,2.23,599.7486624800001
2024-06-16T00:00:00Z,RARIUSD,2.25,2.28,2.22,2.23,4444.3070065
2024-06-17T00:00:00Z,RARIUSD,2.23,2.25,2.1,2.18,25519.509533690023
2024-06-18T00:00:00Z,RARIUSD,2.17,2.2,2.03,2.12,17708.44319355999
2024-06-19T00:00:00Z,RARIUSD,2.11,2.24,2.07,2.11,12760.812747070004
2024-06-20T00:00:00Z,RARIUSD,2.1,2.19,2.04,2.07,40486.05615568002
2024-06-21T00:00:00Z,RARIUSD,2.07,2.1,2.04,2.08,6537.468250659999
2024-06-22T00:00:00Z,RARIUSD,2.06,2.19,2.06,2.16,6914.740864269999
2024-06-23T00:00:00Z,RARIUSD,2.18,2.19,2.07,2.08,8554.132335590002
2024-06-24T00:00:00Z,RARIUSD,2.08,2.09,2.01,2.04,5095.374851470001
2024-06-25T00:00:00Z,RARIUSD,2.05,2.16,2.05,2.06,9516.3002304
2024-06-26T00:00:00Z,RARIUSD,2.09,2.09,2.03,2.07,5211.320493220001
2024-06-27T00:00:00Z,RARIUSD,2.04,2.1,2.02,2.05,4461.99147607
2024-06-28T00:00:00Z,RARIUSD,2.03,2.75,1.97,2.63,53483.363290880014
2024-06-29T00:00:00Z,RARIUSD,2.63,2.64,2.23,2.26,32055.726782720023
2024-06-30T00:00:00Z,RARIUSD,2.24,2.29,2.13,2.19,7389.3044729300045
2024-07-01T00:00:00Z,RARIUSD,2.19,2.45,1.97,2.11,37111.69051571004
2024-07-02T00:00:00Z,RARIUSD,2.1,2.28,2.0,2.02,19164.472528450002
2024-07-03T00:00:00Z,RARIUSD,2.01,2.08,1.81,1.83,27594.851552419997
2024-07-04T00:00:00Z,RARIUSD,1.85,1.85,1.7,1.79,20065.38480116
2024-07-05T00:00:00Z,RARIUSD,1.76,1.92,1.62,1.85,37296.87091136998
2024-07-06T00:00:00Z,RARIUSD,1.85,1.86,1.7,1.77,4915.18186379
2024-07-07T00:00:00Z,RARIUSD,1.82,1.83,1.69,1.77,8326.928204770002
2024-07-08T00:00:00Z,RARIUSD,1.72,1.77,1.68,1.74,6972.155665729999
2024-07-09T00:00:00Z,RARIUSD,1.73,1.9,1.71,1.9,9527.069536040004
2024-07-10T00:00:00Z,RARIUSD,1.88,2.08,1.84,1.87,17251.002557389995
2024-07-11T00:00:00Z,RARIUSD,1.88,1.91,1.83,1.88,11019.348311319996
2024-07-12T00:00:00Z,RARIUSD,1.89,1.94,1.82,1.93,7710.287888580001
2024-07-13T00:00:00Z,RARIUSD,1.93,1.95,1.91,1.92,1134.4001531299998
2024-07-14T00:00:00Z,RARIUSD,1.94,2.07,1.94,1.98,10183.92081305
2024-07-15T00:00:00Z,RARIUSD,1.98,2.25,1.88,2.15,30232.88265137
2024-07-16T00:00:00Z,RARIUSD,2.15,2.23,1.97,2.11,16614.533313969998
2024-07-17T00:00:00Z,RARIUSD,2.11,2.13,2.05,2.06,7237.8963302
2024-07-18T00:00:00Z,RARIUSD,2.05,2.07,2.01,2.01,5229.425315639999
2024-07-19T00:00:00Z,RARIUSD,2.0,2.12,2.0,2.08,3711.3696369700006
2024-07-20T00:00:00Z,RARIUSD,2.11,2.23,2.07,2.11,8575.7258904
2024-07-21T00:00:00Z,RARIUSD,2.08,2.2,2.08,2.14,13095.238387679998
2024-07-22T00:00:00Z,RARIUSD,2.12,2.16,2.08,2.12,12355.385292509985
2024-07-23T00:00:00Z,RARIUSD,2.13,2.13,2.04,2.08,8575.422359280003
2024-07-24T00:00:00Z,RARIUSD,2.05,2.08,1.95,1.98,12971.469018599992
2024-07-25T00:00:00Z,RARIUSD,1.98,1.98,1.86,1.93,12153.063883460001
2024-07-26T00:00:00Z,RARIUSD,1.92,1.99,1.91,1.97,9140.86495995
2024-07-27T00:00:00Z,RARIUSD,1.97,2.04,1.95,1.98,14552.351496020017
2024-07-28T00:00:00Z,RARIUSD,1.97,2.0,1.95,2.0,3387.3341156600004
2024-07-29T00:00:00Z,RARIUSD,1.99,2.04,1.95,1.97,2772.7088747700004
2024-07-30T00:00:00Z,RARIUSD,1.98,2.07,1.95,1.96,11618.62689917
2024-07-31T00:00:00Z,RARIUSD,1.96,1.98,1.92,1.92,1969.6682546099998
2024-08-01T00:00:00Z,RARIUSD,1.93,1.94,1.8,1.88,7736.658122289997
2024-08-02T00:00:00Z,RARIUSD,1.88,1.9,1.73,1.75,13940.159202759996
2024-08-03T00:00:00Z,RARIUSD,1.75,1.76,1.68,1.71,13113.681625449994
2024-08-04T00:00:00Z,RARIUSD,1.71,1.72,1.61,1.62,10774.576718819997
2024-08-05T00:00:00Z,RARIUSD,1.61,1.61,1.4,1.53,57632.56847204001
2024-08-06T00:00:00Z,RARIUSD,1.55,1.61,1.52,1.53,22106.248560429998
2024-08-07T00:00:00Z,RARIUSD,1.53,1.7,1.46,1.48,50540.767310060015
2024-08-08T00:00:00Z,RARIUSD,1.48,1.6,1.47,1.56,17657.66311126001
2024-08-09T00:00:00Z,RARIUSD,1.58,1.75,1.53,1.59,14460.743597809995
2024-08-10T00:00:00Z,RARIUSD,1.61,1.62,1.58,1.61,2062.19612092
2024-08-11T00:00:00Z,RARIUSD,1.62,1.74,1.57,1.57,7606.992273370001
2024-08-12T00:00:00Z,RARIUSD,1.58,1.6,1.51,1.6,18552.614324789993
2024-08-13T00:00:00Z,RARIUSD,1.6,1.61,1.57,1.58,1602.2264742
2024-08-14T00:00:00Z,RARIUSD,1.59,1.59,1.51,1.52,10231.989429269997
2024-08-15T00:00:00Z,RARIUSD,1.53,1.55,1.44,1.48,13698.855629069998
2024-08-16T00:00:00Z,RARIUSD,1.48,1.5,1.42,1.45,23022.601785840005
2024-08-17T00:00:00Z,RARIUSD,1.48,1.51,1.45,1.47,3073.5527016399997
2024-08-18T00:00:00Z,RARIUSD,1.48,1.57,1.45,1.55,18558.644033170003
2024-08-19T00:00:00Z,RARIUSD,1.54,1.56,1.49,1.52,7329.53606085
2024-08-20T00:00:00Z,RARIUSD,1.52,1.58,1.43,1.58,12189.246725809999
2024-08-21T00:00:00Z,RARIUSD,1.58,2.35,1.56,2.05,117768.18156175995
2024-08-22T00:00:00Z,RARIUSD,2.0,2.06,1.65,1.8,106778.18468264012
2024-08-23T00:00:00Z,RARIUSD,1.8,2.02,1.71,1.89,31215.85559379
2024-08-24T00:00:00Z,RARIUSD,1.88,2.04,1.79,1.86,15519.419353279998
2024-08-25T00:00:00Z,RARIUSD,1.83,1.86,1.79,1.82,4813.565655879998
2024-08-26T00:00:00Z,RARIUSD,1.84,1.84,1.79,1.8,3335.2142713999997
2024-08-27T00:00:00Z,RARIUSD,1.8,1.82,1.71,1.71,10034.545664439998
2024-08-28T00:00:00Z,RARIUSD,1.73,1.75,1.66,1.66,33472.086383799986
2024-08-29T00:00:00Z,RARIUSD,1.67,1.72,1.57,1.69,10006.105464619997
2024-08-30T00:00:00Z,RARIUSD,1.72,1.72,1.65,1.7,1813.4646735299998
2024-08-31T00:00:00Z,RARIUSD,1.7,1.7,1.65,1.65,733.5060163100001
2024-09-01T00:00:00Z,RARIUSD,1.65,1.65,1.61,1.62,1526.94562324
2024-09-02T00:00:00Z,RARIUSD,1.64,1.67,1.6,1.63,15653.773797920006
2024-09-03T00:00:00Z,RARIUSD,1.66,1.67,1.57,1.58,6780.80065193
2024-09-04T00:00:00Z,RARIUSD,1.6,1.6,1.55,1.58,6422.88458687
2024-09-05T00:00:00Z,RARIUSD,1.58,1.87,1.58,1.67,22139.162771429987
2024-09-06T00:00:00Z,RARIUSD,1.66,1.72,1.56,1.59,10250.308865799996
2024-09-07T00:00:00Z,RARIUSD,1.6,1.72,1.57,1.59,7751.236836360003
2024-09-08T00:00:00Z,RARIUSD,1.57,1.64,1.57,1.64,4103.0194888000005
2024-09-09T00:00:00Z,RARIUSD,1.63,1.71,1.61,1.66,4930.125291600003
2024-09-10T00:00:00Z,RARIUSD,1.64,1.67,1.61,1.66,4387.49333369
2024-09-11T00:00:00Z,RARIUSD,1.66,1.68,1.63,1.66,1391.1467044899996
2024-09-12T00:00:00Z,RARIUSD,1.68,1.73,1.66,1.7,1039.26986691
2024-09-13T00:00:00Z,RARIUSD,1.71,1.72,1.66,1.72,3699.4039685800003
2024-09-14T00:00:00Z,RARIUSD,1.72,1.74,1.65,1.66,4741.377445150001
2024-09-15T00:00:00Z,RARIUSD,1.69,1.72,1.67,1.72,5801.082772740001
2024-09-16T00:00:00Z,RARIUSD,1.7,1.72,1.67,1.7,1524.23709499
2024-09-17T00:00:00Z,RARIUSD,1.73,1.77,1.71,1.74,6629.160907289999
2024-09-18T00:00:00Z,RARIUSD,1.73,1.79,1.64,1.65,29362.19288311
2024-09-19T00:00:00Z,RARIUSD,1.65,1.82,1.64,1.73,10866.844045330006
2024-09-20T00:00:00Z,RARIUSD,1.75,1.8,1.72,1.78,5361.082935260001
2024-09-21T00:00:00Z,RARIUSD,1.79,1.82,1.77,1.82,2417.633019550001
2024-09-22T00:00:00Z,RARIUSD,1.8,1.85,1.76,1.76,2809.6867985100007
2024-09-23T00:00:00Z,RARIUSD,1.78,1.8,1.75,1.77,1986.9196959
2024-09-24T00:00:00Z,RARIUSD,1.76,1.82,1.75,1.81,5685.641561459999
2024-09-25T00:00:00Z,RARIUSD,1.81,1.82,1.68,1.79,13532.608494170001
2024-09-26T00:00:00Z,RARIUSD,1.78,2.3,1.76,1.98,42508.57673303998
2024-09-27T00:00:00Z,RARIUSD,1.98,2.03,1.86,1.98,14150.608622759992
2024-09-28T00:00:00Z,RARIUSD,2.02,2.07,1.92,1.94,4813.85510942
2024-09-29T00:00:00Z,RARIUSD,1.94,2.07,1.9,1.95,7386.212418590001
2024-09-30T00:00:00Z,RARIUSD,1.96,2.0,1.84,1.89,5316.289187870001
2024-10-01T00:00:00Z,RARIUSD,1.89,2.1,1.88,1.94,14896.317508179995
2024-10-02T00:00:00Z,RARIUSD,1.96,2.01,1.9,1.93,5202.10092392
2024-10-03T00:00:00Z,RARIUSD,1.9200,1.9400,1.8700,1.9400,1178.45693389
2024-10-04T00:00:00Z,RARIUSD,1.8900,2.0300,1.8900,1.9700,4994.98692846
2024-10-05T00:00:00Z,RARIUSD,1.9600,2.0500,1.9600,2.0000,1842.42919602
2024-10-06T00:00:00Z,RARIUSD,2.0200,2.0300,1.9500,1.9600,3186.04041073
2024-10-07T00:00:00Z,RARIUSD,1.9700,2.0500,1.8800,1.9300,3560.08227087
2024-10-08T00:00:00Z,RARIUSD,1.9400,1.9900,1.9100,1.9200,1358.71857940
2024-10-09T00:00:00Z,RARIUSD,1.9100,1.9300,1.8100,1.8500,1795.76612981
2024-10-10T00:00:00Z,RARIUSD,1.8500,1.8800,1.7500,1.8000,3307.61562197
2024-10-11T00:00:00Z,RARIUSD,1.8200,1.9100,1.7300,1.8600,4773.59703846
2024-10-12T00:00:00Z,RARIUSD,1.8700,1.9100,1.8600,1.8900,933.48852257
2024-10-13T00:00:00Z,RARIUSD,1.8900,1.9000,1.6800,1.8200,12463.59536057
2024-10-14T00:00:00Z,RARIUSD,1.8400,1.9400,1.7900,1.9300,10527.30796505
2024-10-15T00:00:00Z,RARIUSD,1.9100,1.9500,1.8300,1.8900,9381.07058003
2024-10-16T00:00:00Z,RARIUSD,1.8800,1.9100,1.8200,1.8600,2211.19828456
2024-10-17T00:00:00Z,RARIUSD,1.8400,1.8700,1.8400,1.8700,253.43447523
2024-10-18T00:00:00Z,RARIUSD,1.8500,1.8700,1.7700,1.8700,2322.19538415
2024-10-19T00:00:00Z,RARIUSD,1.8400,1.8500,1.8300,1.8300,127.40277061
2024-10-20T00:00:00Z,RARIUSD,1.8300,1.9200,1.8200,1.9200,1393.08257137
2024-10-21T00:00:00Z,RARIUSD,1.9300,1.9800,1.8500,1.8600,7906.09850046
2024-10-22T00:00:00Z,RARIUSD,1.8900,1.8900,1.7700,1.8300,3377.57043954
2024-10-23T00:00:00Z,RARIUSD,1.8300,1.8600,1.7200,1.7900,13744.98346239
2024-10-24T00:00:00Z,RARIUSD,1.8000,1.8400,1.7400,1.8100,2093.85329165
2024-10-25T00:00:00Z,RARIUSD,1.8200,1.9300,1.6900,1.6900,10765.39927433
2024-10-26T00:00:00Z,RARIUSD,1.6900,1.7300,1.6500,1.6900,4729.55646525
2024-10-27T00:00:00Z,RARIUSD,1.7000,1.7600,1.6700,1.7300,3725.86360253
2024-10-28T00:00:00Z,RARIUSD,1.7100,1.7200,1.6600,1.6900,253.26226046
2024-10-29T00:00:00Z,RARIUSD,1.7000,1.8400,1.7000,1.7500,1110.95428827
2024-10-30T00:00:00Z,RARIUSD,1.8000,1.8400,1.6400,1.6500,5769.74332256
2024-10-31T00:00:00Z,RARIUSD,1.6700,1.7100,1.5100,1.5100,16789.83044639
2024-11-01T00:00:00Z,RARIUSD,1.5200,1.5700,1.4800,1.4900,3050.23947267
2024-11-02T00:00:00Z,RARIUSD,1.4900,1.5900,1.4200,1.5000,8143.91640051
2024-11-03T00:00:00Z,RARIUSD,1.4900,1.5400,1.4400,1.4400,2962.40948420
2024-11-04T00:00:00Z,RARIUSD,1.4600,1.5200,1.3700,1.4600,9834.02870731
2024-11-05T00:00:00Z,RARIUSD,1.4200,1.4900,1.4000,1.4200,4451.11079031
2024-11-06T00:00:00Z,RARIUSD,1.4300,1.6500,1.4200,1.5400,11325.74923010
2024-11-07T00:00:00Z,RARIUSD,1.5400,1.5900,1.5000,1.5100,1083.78715929
2024-11-08T00:00:00Z,RARIUSD,1.5400,1.5800,1.5100,1.5600,2147.87131509
2024-11-09T00:00:00Z,RARIUSD,1.5400,2.1100,1.5400,1.7400,40762.45615867
2024-11-10T00:00:00Z,RARIUSD,1.7400,1.9900,1.7100,1.9900,15655.51851506
2024-11-11T00:00:00Z,RARIUSD,1.9700,2.1000,1.7500,1.9000,23636.28528756
2024-11-12T00:00:00Z,RARIUSD,1.9000,1.9400,1.6400,1.7400,21218.91677835
2024-11-13T00:00:00Z,RARIUSD,1.7300,1.9000,1.6500,1.7500,19027.04845926
2024-11-14T00:00:00Z,RARIUSD,1.7500,1.7600,1.6000,1.6300,18305.78193614
2024-11-15T00:00:00Z,RARIUSD,1.6500,1.8700,1.6100,1.8000,12882.61500504
2024-11-16T00:00:00Z,RARIUSD,1.7800,1.8600,1.7200,1.7700,6700.21738797
2024-11-17T00:00:00Z,RARIUSD,1.7900,1.8100,1.7000,1.7500,5382.28670737
2024-11-18T00:00:00Z,RARIUSD,1.7400,1.8100,1.6700,1.7900,13504.94646975
2024-11-19T00:00:00Z,RARIUSD,1.7800,1.8000,1.6800,1.7400,6897.69562879
2024-11-20T00:00:00Z,RARIUSD,1.7200,1.7500,1.6300,1.6600,16033.32113802
2024-11-21T00:00:00Z,RARIUSD,1.6400,1.8000,1.6400,1.7700,8342.19379508
2024-11-22T00:00:00Z,RARIUSD,1.8000,2.2900,1.7700,1.9200,52206.96016390
2024-11-23T00:00:00Z,RARIUSD,1.9100,2.1900,1.8500,2.0100,20417.72300933
2024-11-24T00:00:00Z,RARIUSD,2.0000,2.1000,1.7500,1.9800,31226.15854504
2024-11-25T00:00:00Z,RARIUSD,1.9600,2.0900,1.9200,2.0600,22566.06608115
2024-11-26T00:00:00Z,RARIUSD,2.0100,2.0100,1.8400,1.9300,6737.47560874
2024-11-27T00:00:00Z,RARIUSD,1.9300,2.2900,1.8900,2.1600,15810.59072211
2024-11-28T00:00:00Z,RARIUSD,2.1400,2.3300,2.0900,2.2500,26614.59489710
2024-11-29T00:00:00Z,RARIUSD,2.2000,2.2900,2.1700,2.1700,4775.59407297
2024-11-30T00:00:00Z,RARIUSD,2.2100,2.3000,2.1500,2.2300,9014.30611422
2024-12-01T00:00:00Z,RARIUSD,2.2500,2.3100,2.1300,2.2800,13925.94906472
2024-12-02T00:00:00Z,RARIUSD,2.2800,2.3300,2.0600,2.1000,31341.56894249
2024-12-03T00:00:00Z,RARIUSD,2.1100,4.3900,2.1100,4.1800,406499.26144145
2024-12-04T00:00:00Z,RARIUSD,4.0800,4.0900,2.8700,3.3000,189302.09172643
2024-12-05T00:00:00Z,RARIUSD,3.3000,3.4600,2.7800,2.8700,92919.02755140
2024-12-06T00:00:00Z,RARIUSD,2.8500,3.0800,2.8000,3.0000,45100.18386222
2024-12-07T00:00:00Z,RARIUSD,3.0300,3.1000,2.9000,2.9600,27542.06154568
2024-12-08T00:00:00Z,RARIUSD,2.9900,3.5800,2.9600,3.1300,38416.74642179
2024-12-09T00:00:00Z,RARIUSD,3.0900,3.2500,2.7000,2.8400,22974.10361887
2024-12-10T00:00:00Z,RARIUSD,2.8300,2.9000,2.3600,2.7200,39832.75123745
2024-12-11T00:00:00Z,RARIUSD,2.6800,3.1100,2.6300,2.8900,20640.28462170
2024-12-12T00:00:00Z,RARIUSD,2.9500,3.1700,2.8400,3.0100,40344.22722987
2024-12-13T00:00:00Z,RARIUSD,2.9700,3.0800,2.7300,2.8100,34541.14148849
2024-12-14T00:00:00Z,RARIUSD,2.8200,2.8900,2.7000,2.7400,2653.52349330
2024-12-15T00:00:00Z,RARIUSD,2.7200,3.5700,2.6700,3.2400,39554.00577057
2024-12-16T00:00:00Z,RARIUSD,3.2400,3.4800,2.8100,2.9900,98858.07365305
2024-12-17T00:00:00Z,RARIUSD,3.0300,3.0600,2.8200,2.8300,15569.97653050
2024-12-18T00:00:00Z,RARIUSD,2.8200,2.9200,2.5000,2.5600,17673.03538448
2024-12-19T00:00:00Z,RARIUSD,2.5500,2.6600,2.3400,2.3400,21118.47094519
2024-12-20T00:00:00Z,RARIUSD,2.3800,2.7900,2.3000,2.6400,23384.09898722
2024-12-21T00:00:00Z,RARIUSD,2.6400,2.7500,2.5500,2.6700,6987.33164093
2024-12-22T00:00:00Z,RARIUSD,2.6600,2.7600,2.5000,2.6200,14931.83175864
2024-12-23T00:00:00Z,RARIUSD,2.6100,2.7000,2.5300,2.5700,8509.36729109
2024-12-24T00:00:00Z,RARIUSD,2.5800,2.7500,2.5500,2.6900,8137.54870070
2024-12-25T00:00:00Z,RARIUSD,2.6700,2.7500,2.6000,2.6400,3017.23146203
2024-12-26T00:00:00Z,RARIUSD,2.6500,2.6800,2.4500,2.5100,3780.66503797
2024-12-27T00:00:00Z,RARIUSD,2.4800,2.5700,2.4300,2.4900,3771.41978729
2024-12-28T00:00:00Z,RARIUSD,2.4800,2.5100,2.4000,2.4600,7231.20122129
2024-12-29T00:00:00Z,RARIUSD,2.4700,2.7500,2.4700,2.5900,30859.56010657
2024-12-30T00:00:00Z,RARIUSD,2.5900,2.6300,2.3500,2.4200,25714.14734801
2024-12-31T00:00:00Z,RARIUSD,2.4200,2.7700,2.3200,2.3300,20327.20771972
2025-01-01T00:00:00Z,RARIUSD,2.3400,2.4700,2.3100,2.3800,9316.62074085
2025-01-02T00:00:00Z,RARIUSD,2.4100,2.4700,2.2500,2.3500,23506.63568402
2025-01-03T00:00:00Z,RARIUSD,2.3600,2.5100,2.2700,2.3600,8870.43500049
2025-01-04T00:00:00Z,RARIUSD,2.4100,2.5500,2.2900,2.3200,7803.65152116
2025-01-05T00:00:00Z,RARIUSD,2.3200,2.4700,2.2900,2.4700,7778.16303706
2025-01-06T00:00:00Z,RARIUSD,2.4700,2.5700,2.3200,2.3700,10736.43460308
2025-01-07T00:00:00Z,RARIUSD,2.4000,2.4000,2.1600,2.1800,18973.19216955
2025-01-08T00:00:00Z,RARIUSD,2.1500,2.2100,2.0500,2.1100,11133.17982571
2025-01-09T00:00:00Z,RARIUSD,2.1100,2.1900,2.1000,2.1400,8935.41268077
2025-01-10T00:00:00Z,RARIUSD,2.1700,2.2900,2.1200,2.1500,10769.73428291
2025-01-11T00:00:00Z,RARIUSD,2.1600,2.2100,2.1300,2.1700,3150.98576521
2025-01-12T00:00:00Z,RARIUSD,2.2000,2.2900,2.1100,2.1400,3431.81710513
2025-01-13T00:00:00Z,RARIUSD,2.1700,2.1900,2.0000,2.0500,12867.88799702
2025-01-14T00:00:00Z,RARIUSD,2.0400,2.1100,2.0200,2.1000,2637.29456369
2025-01-15T00:00:00Z,RARIUSD,2.0900,2.2000,2.0400,2.1900,12842.89519391
2025-01-16T00:00:00Z,RARIUSD,2.1200,2.1800,2.0800,2.1500,10812.55647479
2025-01-17T00:00:00Z,RARIUSD,2.1700,2.2800,2.1700,2.2600,10399.08780564
2025-01-18T00:00:00Z,RARIUSD,2.2600,2.2800,2.0500,2.1000,23831.92695222
2025-01-19T00:00:00Z,RARIUSD,2.1000,2.1500,1.9100,1.9700,60067.77397882
2025-01-20T00:00:00Z,RARIUSD,1.9900,2.1100,1.8600,1.8700,34016.39323336
2025-01-21T00:00:00Z,RARIUSD,1.8800,2.0600,1.8500,2.0200,15222.35588893
2025-01-22T00:00:00Z,RARIUSD,2.0100,2.0300,1.9200,2.0100,6951.18006022
2025-01-23T00:00:00Z,RARIUSD,2.0000,2.4300,1.9500,1.9500,38622.95714225
2025-01-24T00:00:00Z,RARIUSD,1.9900,2.1300,1.9500,2.0500,12223.97256502
2025-01-25T00:00:00Z,RARIUSD,2.0600,2.1900,2.0300,2.0800,2809.11085586
2025-01-26T00:00:00Z,RARIUSD,2.1100,2.1100,2.0000,2.0300,4662.66366025
2025-01-27T00:00:00Z,RARIUSD,2.0500,2.0600,1.8300,1.8900,12630.71748277
2025-01-28T00:00:00Z,RARIUSD,1.9300,1.9600,1.5100,1.7800,49463.44387905
2025-01-29T00:00:00Z,RARIUSD,1.7900,1.8500,1.7800,1.8200,1183.05340894
2025-01-30T00:00:00Z,RARIUSD,1.8500,1.8900,1.8100,1.8700,4406.55533032
2025-01-31T00:00:00Z,RARIUSD,1.8900,1.9500,1.8600,1.8800,2657.59284302
2025-02-01T00:00:00Z,RARIUSD,1.9000,2.3400,1.8500,2.0700,47230.09202470
2025-02-02T00:00:00Z,RARIUSD,2.0200,2.0600,1.7100,1.7100,24736.94181412
2025-02-03T00:00:00Z,RARIUSD,1.7500,1.8600,1.5800,1.8600,37053.84375567
2025-02-04T00:00:00Z,RARIUSD,1.8700,1.8700,1.6200,1.6400,23322.13299872
2025-02-05T00:00:00Z,RARIUSD,1.6800,1.7000,1.6200,1.6500,8900.28863444
2025-02-06T00:00:00Z,RARIUSD,1.6400,1.6900,1.5800,1.6200,3756.46398478
2025-02-07T00:00:00Z,RARIUSD,1.6300,1.7000,1.6100,1.6200,3767.41585948
2025-02-08T00:00:00Z,RARIUSD,1.6200,1.6700,1.6000,1.6500,968.79910285
2025-02-09T00:00:00Z,RARIUSD,1.6300,1.6800,1.6100,1.6300,4268.81649877
2025-02-10T00:00:00Z,RARIUSD,1.6400,1.6500,1.5900,1.6300,7929.25712335
2025-02-11T00:00:00Z,RARIUSD,1.6100,1.6800,1.5500,1.6200,4995.52661559
2025-02-12T00:00:00Z,RARIUSD,1.6200,1.6500,1.5800,1.6300,4754.13119520
2025-02-13T00:00:00Z,RARIUSD,1.6300,1.7000,1.6200,1.6600,5512.39327702
2025-02-14T00:00:00Z,RARIUSD,1.6800,2.0800,1.6500,1.7100,64106.07385195
2025-02-15T00:00:00Z,RARIUSD,1.6800,1.7400,1.6600,1.6600,13550.80230573
2025-02-16T00:00:00Z,RARIUSD,1.6800,1.7100,1.6400,1.6800,2637.56802328
2025-02-17T00:00:00Z,RARIUSD,1.6700,1.6800,1.6200,1.6200,3548.08078130
2025-02-18T00:00:00Z,RARIUSD,1.6200,1.6600,1.5300,1.5800,18616.93186434
2025-02-19T00:00:00Z,RARIUSD,1.5600,1.6000,1.5500,1.6000,1216.78154779
2025-02-20T00:00:00Z,RARIUSD,1.6000,1.6300,1.5700,1.6000,2413.32909626
2025-02-21T00:00:00Z,RARIUSD,1.6000,1.8800,1.5800,1.7500,18430.38651959
2025-02-22T00:00:00Z,RARIUSD,1.7400,1.7500,1.6200,1.6700,13257.22286358
2025-02-23T00:00:00Z,RARIUSD,1.6600,1.7200,1.6400,1.7100,2612.64235726
2025-02-24T00:00:00Z,RARIUSD,1.7000,1.7100,1.5600,1.6300,15419.70306055
2025-02-25T00:00:00Z,RARIUSD,1.6400,1.6700,1.5400,1.5600,6287.32914608
2025-02-26T00:00:00Z,RARIUSD,1.5600,1.6400,1.4700,1.5000,19890.41500867
2025-02-27T00:00:00Z,RARIUSD,1.4900,1.5500,1.4400,1.5200,12328.67399269
2025-02-28T00:00:00Z,RARIUSD,1.5000,1.5000,1.3700,1.4600,6115.59454512
2025-03-01T00:00:00Z,RARIUSD,1.4600,1.5000,1.4400,1.4400,2468.58307761
2025-03-02T00:00:00Z,RARIUSD,1.4500,1.5800,1.4100,1.5500,16049.94310800
2025-03-03T00:00:00Z,RARIUSD,1.5300,1.5400,1.4300,1.4400,4601.41927511
2025-03-04T00:00:00Z,RARIUSD,1.4200,1.4300,1.3700,1.3700,4833.24649590
2025-03-05T00:00:00Z,RARIUSD,1.3800,1.4500,1.3700,1.4400,5464.04949121
2025-03-06T00:00:00Z,RARIUSD,1.4600,1.4700,1.3900,1.3900,2206.04374174
2025-03-07T00:00:00Z,RARIUSD,1.3900,1.4400,1.3500,1.3900,21424.13622066
2025-03-08T00:00:00Z,RARIUSD,1.3900,1.4600,1.3700,1.3900,6565.79923796
2025-03-09T00:00:00Z,RARIUSD,1.3900,1.4000,1.3100,1.3100,4256.12288665
2025-03-10T00:00:00Z,RARIUSD,1.3200,1.3400,1.2500,1.2800,10060.12764695
2025-03-11T00:00:00Z,RARIUSD,1.2700,1.3000,1.2400,1.2700,2724.34184577
2025-03-12T00:00:00Z,RARIUSD,1.2800,1.4800,1.2700,1.3400,13807.91304410
2025-03-13T00:00:00Z,RARIUSD,1.3400,1.3600,1.2600,1.2800,5195.91550904
2025-03-14T00:00:00Z,RARIUSD,1.2900,1.3100,1.2800,1.3000,1177.33107538
2025-03-15T00:00:00Z,RARIUSD,1.2800,1.3300,1.0900,1.3100,15265.62378998
2025-03-16T00:00:00Z,RARIUSD,1.3300,1.3300,1.2800,1.3000,7882.62667670
2025-03-17T00:00:00Z,RARIUSD,1.2900,1.3400,1.2300,1.3200,4057.75586427
2025-03-18T00:00:00Z,RARIUSD,1.3200,1.4100,1.2600,1.3100,17377.09739956
2025-03-19T00:00:00Z,RARIUSD,1.3000,1.3400,1.2100,1.2900,10220.84240582
2025-03-20T00:00:00Z,RARIUSD,1.2800,1.2900,1.2600,1.2900,1393.16879334
2025-03-21T00:00:00Z,RARIUSD,1.2900,1.8400,1.2700,1.4300,117386.91784862
2025-03-22T00:00:00Z,RARIUSD,1.4400,1.5100,1.2800,1.3100,30578.33347292
2025-03-23T00:00:00Z,RARIUSD,1.3100,1.3600,1.2500,1.2700,15081.22721212
2025-03-24T00:00:00Z,RARIUSD,1.2900,1.3200,1.2500,1.3000,7670.18528261
2025-03-25T00:00:00Z,RARIUSD,1.3200,1.3200,1.2800,1.3100,6217.78554095
2025-03-26T00:00:00Z,RARIUSD,1.2900,1.3200,1.2900,1.2900,828.35869722
2025-03-27T00:00:00Z,RARIUSD,1.2900,1.3200,1.2900,1.3000,609.91436419
2025-03-28T00:00:00Z,RARIUSD,1.2900,1.3000,1.2500,1.2500,4742.81939487
2025-03-29T00:00:00Z,RARIUSD,1.2500,1.2900,1.2300,1.2400,12827.42192914
2025-03-30T00:00:00Z,RARIUSD,1.2300,1.3000,1.2300,1.2500,6848.54441909
2025-03-31T00:00:00Z,RARIUSD,1.2500,1.3300,1.2300,1.2500,7412.55066771
2025-04-01T00:00:00Z,RARIUSD,1.2500,1.2800,1.2300,1.2600,1879.91977941
2025-04-02T00:00:00Z,RARIUSD,1.2200,1.2500,1.1500,1.1600,3840.75790634
2025-04-03T00:00:00Z,RARIUSD,1.1900,1.2900,1.1400,1.1400,13207.64494554
2025-04-04T00:00:00Z,RARIUSD,1.1400,1.1800,1.1300,1.1600,1651.86673957
2025-04-05T00:00:00Z,RARIUSD,1.1500,1.1700,1.1300,1.1400,2002.62993378
2025-04-06T00:00:00Z,RARIUSD,1.1500,1.1500,1.0100,1.0100,18344.26593924
2025-04-07T00:00:00Z,RARIUSD,1.0300,1.0600,0.9400,1.0210,17685.02778793
2025-04-08T00:00:00Z,RARIUSD,1.0450,1.0610,0.9670,0.9670,8178.79921834
2025-04-09T00:00:00Z,RARIUSD,0.9570,1.0680,0.9460,1.0610,6966.53934537
2025-04-10T00:00:00Z,RARIUSD,1.0400,1.0720,1.0140,1.0320,3714.93803481
2025-04-11T00:00:00Z,RARIUSD,1.0300,1.1270,1.0110,1.0660,3876.37973770
2025-04-12T00:00:00Z,RARIUSD,1.0630,1.1280,1.0530,1.1100,5890.55528478
2025-04-13T00:00:00Z,RARIUSD,1.1210,1.1300,1.0740,1.0810,3844.83049406
2025-04-14T00:00:00Z,RARIUSD,1.0750,1.0960,1.0550,1.0550,1333.06029441
2025-04-15T00:00:00Z,RARIUSD,1.0630,1.0820,1.0360,1.0360,2810.56818338
2025-04-16T00:00:00Z,RARIUSD,1.0480,1.0680,1.0150,1.0150,5607.04433652
2025-04-17T00:00:00Z,RARIUSD,1.0440,1.4000,1.0290,1.1240,26596.01605672
2025-04-18T00:00:00Z,RARIUSD,1.1030,1.1720,1.0220,1.0700,17040.63584506
2025-04-19T00:00:00Z,RARIUSD,1.0690,1.1200,1.0610,1.1000,2576.60561868
2025-04-20T00:00:00Z,RARIUSD,1.1210,1.1710,1.0690,1.1350,6182.67924101
2025-04-21T00:00:00Z,RARIUSD,1.1700,1.1730,1.1300,1.1330,3153.87864949
2025-04-22T00:00:00Z,RARIUSD,1.1590,1.2240,1.1260,1.1960,7073.71471755
2025-04-23T00:00:00Z,RARIUSD,1.2120,1.3020,1.1840,1.2050,3795.31927091
2025-04-24T00:00:00Z,RARIUSD,1.1970,1.2130,1.1710,1.1940,1478.48165506
2025-04-25T00:00:00Z,RARIUSD,1.1670,1.2320,1.1670,1.2300,2738.52878029
2025-04-26T00:00:00Z,RARIUSD,1.2310,1.2690,1.1890,1.2150,4826.08947009
2025-04-27T00:00:00Z,RARIUSD,1.1960,1.2260,1.1830,1.1830,1709.29637017
2025-04-28T00:00:00Z,RARIUSD,1.1660,1.5570,1.1600,1.3120,53574.17214675
2025-04-29T00:00:00Z,RARIUSD,1.2890,1.2890,1.2210,1.2440,11618.67497299
2025-04-30T00:00:00Z,RARIUSD,1.2500,1.2500,1.1510,1.1790,12734.80982029
2025-05-01T00:00:00Z,RARIUSD,1.1790,1.2340,1.1540,1.2250,5855.70967810
2025-05-02T00:00:00Z,RARIUSD,1.2110,1.2230,1.1730,1.1730,6410.29597962
2025-05-03T00:00:00Z,RARIUSD,1.1720,1.1940,1.1500,1.1500,2752.33656854
2025-05-04T00:00:00Z,RARIUSD,1.1530,1.4500,1.1510,1.1720,32088.18700599
2025-05-05T00:00:00Z,RARIUSD,1.1920,1.1920,1.1520,1.1630,11006.38778917
2025-05-06T00:00:00Z,RARIUSD,1.1640,1.1910,1.1320,1.1570,8376.88020341
2025-05-07T00:00:00Z,RARIUSD,1.1570,1.1820,1.1340,1.1390,5399.62314275
2025-05-08T00:00:00Z,RARIUSD,1.1760,1.3100,1.1630,1.2420,11636.44846738
2025-05-09T00:00:00Z,RARIUSD,1.2360,1.2890,1.1920,1.2320,10655.99462822
2025-05-10T00:00:00Z,RARIUSD,1.2390,1.3890,1.2390,1.2990,6971.59812545
2025-05-11T00:00:00Z,RARIUSD,1.3070,1.3900,1.2830,1.3440,7513.23293434
2025-05-12T00:00:00Z,RARIUSD,1.3440,1.3850,1.2720,1.3320,7507.40545518
2025-05-13T00:00:00Z,RARIUSD,1.3540,1.3920,1.3020,1.3260,7413.90233154
2025-05-14T00:00:00Z,RARIUSD,1.3580,1.4200,1.3160,1.3190,7056.04357521
2025-05-15T00:00:00Z,RARIUSD,1.3200,1.3600,1.2810,1.2810,3908.38226140
2025-05-16T00:00:00Z,RARIUSD,1.2850,1.2950,1.2460,1.2730,2855.35974062
2025-05-17T00:00:00Z,RARIUSD,1.2580,1.2780,1.2250,1.2250,896.63832196
2025-05-18T00:00:00Z,RARIUSD,1.2270,1.2630,1.2240,1.2240,1014.86771485
2025-05-19T00:00:00Z,RARIUSD,1.2240,1.2600,1.2000,1.2000,1042.29912703
2025-05-20T00:00:00Z,RARIUSD,1.2480,1.3290,1.2140,1.2310,1356.43211447
2025-05-21T00:00:00Z,RARIUSD,1.2540,1.2540,1.2060,1.2060,1555.53107678
2025-05-22T00:00:00Z,RARIUSD,1.2080,1.3470,1.1500,1.2640,13383.01869373
2025-05-23T00:00:00Z,RARIUSD,1.2950,1.2950,1.2040,1.2040,3281.91452299
2025-05-24T00:00:00Z,RARIUSD,1.2020,1.2210,1.1640,1.1830,8056.84245781
2025-05-25T00:00:00Z,RARIUSD,1.1870,1.1870,1.1380,1.1750,6720.73464204
2025-05-26T00:00:00Z,RARIUSD,1.1870,1.2500,1.1540,1.1840,2871.87087120
2025-05-27T00:00:00Z,RARIUSD,1.1750,1.1770,1.1110,1.1640,15222.14660973
2025-05-28T00:00:00Z,RARIUSD,1.1640,1.1800,1.1020,1.1180,13651.40839771
2025-05-29T00:00:00Z,RARIUSD,1.1140,1.1270,1.0890,1.0890,3092.96667383
2025-05-30T00:00:00Z,RARIUSD,1.0910,1.1170,1.0010,1.0110,23682.23127357
2025-05-31T00:00:00Z,RARIUSD,1.0200,1.0200,1.0070,1.0080,3851.71558918
2025-06-01T00:00:00Z,RARIUSD,1.0080,1.0970,0.9950,1.0120,17883.33690207
2025-06-02T00:00:00Z,RARIUSD,1.0240,1.0300,0.9910,1.0030,4057.04714756
2025-06-03T00:00:00Z,RARIUSD,1.0030,1.0330,1.0020,1.0020,2252.65285754
2025-06-04T00:00:00Z,RARIUSD,1.0020,1.0100,0.9700,0.9790,5804.72020297
2025-06-05T00:00:00Z,RARIUSD,0.9840,1.0970,0.9570,0.9870,33773.80250643
2025-06-06T00:00:00Z,RARIUSD,0.9950,1.0710,0.9500,0.9520,28153.35068896
2025-06-07T00:00:00Z,RARIUSD,0.9650,1.1280,0.9570,0.9850,40897.13987491
2025-06-08T00:00:00Z,RARIUSD,0.9840,1.0530,0.9550,0.9730,30348.38571247
2025-06-09T00:00:00Z,RARIUSD,0.9720,1.0600,0.9590,0.9980,32411.64358175
2025-06-10T00:00:00Z,RARIUSD,0.9990,1.0800,0.9760,1.0190,46336.49577543
2025-06-11T00:00:00Z,RARIUSD,1.0230,1.1680,1.0110,1.0410,51270.39411810
2025-06-12T00:00:00Z,RARIUSD,1.0500,1.1180,0.9780,0.9790,34733.41858023
2025-06-13T00:00:00Z,RARIUSD,0.9840,1.1060,0.9430,0.9590,76718.85338070
2025-06-14T00:00:00Z,RARIUSD,0.9630,1.0180,0.9490,0.9490,11118.83115013
2025-06-15T00:00:00Z,RARIUSD,0.9490,0.9790,0.9370,0.9450,5327.27830870
2025-06-16T00:00:00Z,RARIUSD,0.9510,0.9800,0.9450,0.9590,3634.84737701
2025-06-17T00:00:00Z,RARIUSD,0.9590,0.9780,0.8650,0.8810,12550.86986061
2025-06-18T00:00:00Z,RARIUSD,0.8890,0.9240,0.8790,0.9170,3714.87976385
2025-06-19T00:00:00Z,RARIUSD,0.8970,0.9190,0.8950,0.9130,1688.33245614
2025-06-20T00:00:00Z,RARIUSD,0.9220,0.9550,0.8820,0.8820,7162.45529186
2025-06-21T00:00:00Z,RARIUSD,0.8780,0.9160,0.8410,0.8410,2311.41070190
2025-06-22T00:00:00Z,RARIUSD,0.8410,0.8740,0.7980,0.8210,31019.66222545
2025-06-23T00:00:00Z,RARIUSD,0.8320,0.8660,0.8160,0.8640,7858.93556972
2025-06-24T00:00:00Z,RARIUSD,0.8790,0.8990,0.8610,0.8880,500.62748739
2025-06-25T00:00:00Z,RARIUSD,0.8900,0.8930,0.8570,0.8570,6730.18695844
2025-06-26T00:00:00Z,RARIUSD,0.8720,0.8770,0.8560,0.8560,1111.19669038
2025-06-27T00:00:00Z,RARIUSD,0.8510,0.8560,0.8430,0.8530,714.85110841
2025-06-28T00:00:00Z,RARIUSD,0.8430,0.9030,0.8380,0.9030,5504.54738891
2025-06-29T00:00:00Z,RARIUSD,0.8980,1.2570,0.8960,1.0420,218905.48351972
2025-06-30T00:00:00Z,RARIUSD,1.0420,1.0730,0.9280,0.9280,72062.06926384
2025-07-01T00:00:00Z,RARIUSD,0.9340,0.9500,0.8270,0.8770,60791.51995474
2025-07-02T00:00:00Z,RARIUSD,0.8800,0.9340,0.8630,0.9060,16792.92450586
2025-07-03T00:00:00Z,RARIUSD,0.9030,1.0130,0.8850,0.9070,85151.62499557
2025-07-04T00:00:00Z,RARIUSD,0.9070,1.0440,0.8940,0.9130,82863.39782844
2025-07-05T00:00:00Z,RARIUSD,0.9280,0.9720,0.8950,0.9250,61351.86907663
2025-07-06T00:00:00Z,RARIUSD,0.9150,0.9580,0.9030,0.9120,7790.82632206
2025-07-07T00:00:00Z,RARIUSD,0.9160,0.9620,0.9050,0.9110,21438.02913321
2025-07-08T00:00:00Z,RARIUSD,0.9110,0.9180,0.9070,0.9080,565.14362676
2025-07-09T00:00:00Z,RARIUSD,0.9070,0.9270,0.9030,0.9260,1929.02249995
2025-07-10T00:00:00Z,RARIUSD,0.9220,0.9780,0.9030,0.9630,8590.60577109
2025-07-11T00:00:00Z,RARIUSD,0.9650,1.1410,0.9410,0.9650,115294.97925280
2025-07-12T00:00:00Z,RARIUSD,0.9600,1.0020,0.9140,0.9600,18107.74543788
2025-07-13T00:00:00Z,RARIUSD,0.9600,0.9970,0.9490,0.9600,6323.39174344
2025-07-14T00:00:00Z,RARIUSD,0.9700,1.0040,0.9640,0.9810,22302.21647371
2025-07-15T00:00:00Z,RARIUSD,0.9840,1.0010,0.9200,0.9830,16816.71213038
2025-07-16T00:00:00Z,RARIUSD,0.9880,1.0130,0.9720,0.9840,9302.22778319
2025-07-17T00:00:00Z,RARIUSD,0.9810,1.0100,0.9790,0.9990,3365.63341814
2025-07-18T00:00:00Z,RARIUSD,1.0060,1.0450,0.9790,1.0330,6951.42780249
2025-07-19T00:00:00Z,RARIUSD,1.0400,1.2670,1.0230,1.1520,145078.73737934
2025-07-20T00:00:00Z,RARIUSD,1.1650,1.2110,1.0960,1.1220,46336.14553788
2025-07-21T00:00:00Z,RARIUSD,1.1200,1.1960,1.0860,1.0920,17412.53168074
2025-07-22T00:00:00Z,RARIUSD,1.0960,1.1240,1.0720,1.0750,6700.84897323
2025-07-23T00:00:00Z,RARIUSD,1.0770,1.1180,1.0000,1.0040,22462.69917852
2025-07-24T00:00:00Z,RARIUSD,1.0150,1.0390,1.0010,1.0140,12926.89770290
2025-07-25T00:00:00Z,RARIUSD,1.0140,1.0400,0.9910,0.9970,6082.88438956
2025-07-26T00:00:00Z,RARIUSD,1.0060,1.0190,0.9900,1.0110,8777.39360450
2025-07-27T00:00:00Z,RARIUSD,1.0140,1.0330,1.0130,1.0280,2056.41839397
2025-07-28T00:00:00Z,RARIUSD,1.0170,1.0250,0.9900,0.9980,1643.30863855
2025-07-29T00:00:00Z,RARIUSD,0.9910,0.9920,0.9790,0.9800,6891.92611602
2025-07-30T00:00:00Z,RARIUSD,0.9800,1.1800,0.9790,1.0830,51664.43213846
2025-07-31T00:00:00Z,RARIUSD,1.0790,1.1550,1.0010,1.0080,31857.16685607
2025-08-01T00:00:00Z,RARIUSD,1.0010,1.0290,0.9440,0.9490,14892.87085279
2025-08-02T00:00:00Z,RARIUSD,0.9600,1.1120,0.9420,0.9700,30415.32308951
2025-08-03T00:00:00Z,RARIUSD,0.9730,0.9900,0.9340,0.9760,12718.97943377
2025-08-04T00:00:00Z,RARIUSD,0.9740,1.0440,0.9580,0.9900,16815.37203972
2025-08-05T00:00:00Z,RARIUSD,0.9910,0.9930,0.9430,0.9510,11746.79870259
2025-08-06T00:00:00Z,RARIUSD,0.9610,0.9850,0.9500,0.9540,4964.40125781
2025-08-07T00:00:00Z,RARIUSD,0.9580,0.9990,0.9500,0.9710,4542.62747300
2025-08-08T00:00:00Z,RARIUSD,0.9700,1.0570,0.9610,1.0310,25737.64639796
2025-08-09T00:00:00Z,RARIUSD,1.0260,1.0630,0.9950,1.0190,14755.54488028
2025-08-10T00:00:00Z,RARIUSD,1.0210,1.0320,0.9740,1.0070,8147.64929310
2025-08-11T00:00:00Z,RARIUSD,1.0140,1.0690,0.9660,0.9690,15515.90705917
2025-08-12T00:00:00Z,RARIUSD,0.9660,1.0170,0.9660,1.0170,2782.27237918
2025-08-13T00:00:00Z,RARIUSD,1.0020,1.0620,1.0020,1.0490,8106.85346298
2025-08-14T00:00:00Z,RARIUSD,1.0500,1.0670,0.9710,0.9740,15268.16165337
2025-08-15T00:00:00Z,RARIUSD,0.9820,1.0230,0.9690,0.9850,11402.32277822
2025-08-16T00:00:00Z,RARIUSD,0.9930,1.0340,0.9830,0.9900,5936.82870542
2025-08-17T00:00:00Z,RARIUSD,0.9900,1.0360,0.9770,1.0000,29804.77028925
2025-08-18T00:00:00Z,RARIUSD,0.9990,1.0050,0.9720,0.9810,4477.97794076
2025-08-19T00:00:00Z,RARIUSD,0.9760,1.0720,0.9360,0.9520,88316.15509122
2025-08-20T00:00:00Z,RARIUSD,0.9510,1.0060,0.9470,0.9730,46666.22368390
2025-08-21T00:00:00Z,RARIUSD,0.9720,0.9970,0.9560,0.9800,22343.49297170
2025-08-22T00:00:00Z,RARIUSD,0.9800,1.0230,0.9720,1.0180,31566.75688239
2025-08-23T00:00:00Z,RARIUSD,1.0210,1.0210,0.9820,0.9980,1626.92812576
2025-08-24T00:00:00Z,RARIUSD,0.9950,0.9950,0.9630,0.9670,11178.33696641
2025-08-25T00:00:00Z,RARIUSD,0.9670,0.9770,0.9210,0.9390,15563.16234048
2025-08-26T00:00:00Z,RARIUSD,0.9260,1.1000,0.9140,1.0680,67606.84499987
2025-08-27T00:00:00Z,RARIUSD,1.0650,1.1720,0.9580,1.0450,180393.45628564
2025-08-28T00:00:00Z,RARIUSD,1.0400,1.0920,0.9500,0.9870,65114.07633204
2025-08-29T00:00:00Z,RARIUSD,0.9900,0.9900,0.9460,0.9470,13287.81844500
2025-08-30T00:00:00Z,RARIUSD,0.9470,0.9730,0.9470,0.9620,4836.18039129
2025-08-31T00:00:00Z,RARIUSD,0.9660,0.9880,0.9640,0.9720,14061.27002632
2025-09-01T00:00:00Z,RARIUSD,0.9720,0.9850,0.9630,0.9650,6661.28686329
2025-09-02T00:00:00Z,RARIUSD,0.9660,0.9750,0.9480,0.9530,11772.21780154
2025-09-03T00:00:00Z,RARIUSD,0.9540,0.9810,0.9510,0.9560,3800.07751227
2025-09-04T00:00:00Z,RARIUSD,0.9550,1.0500,0.9460,0.9580,66915.40499004
2025-09-05T00:00:00Z,RARIUSD,0.9610,1.0300,0.9490,0.9770,38277.48287065
2025-09-06T00:00:00Z,RARIUSD,0.9740,1.0130,0.9670,0.9910,15497.19176657
2025-09-07T00:00:00Z,RARIUSD,0.9960,1.0030,0.9750,0.9780,2783.46596885
2025-09-08T00:00:00Z,RARIUSD,0.9740,0.9820,0.9320,0.9490,18528.32262105
2025-09-09T00:00:00Z,RARIUSD,0.9480,0.9690,0.9480,0.9530,6584.55238637
2025-09-10T00:00:00Z,RARIUSD,0.9520,0.9590,0.9390,0.9520,7598.36373501
2025-09-11T00:00:00Z,RARIUSD,0.9520,0.9580,0.9390,0.9460,12613.90409059
2025-09-12T00:00:00Z,RARIUSD,0.9530,0.9760,0.9450,0.9680,6408.39731823
2025-09-13T00:00:00Z,RARIUSD,0.9680,0.9840,0.9610,0.9810,2303.62598486
2025-09-14T00:00:00Z,RARIUSD,0.9760,0.9810,0.9620,0.9760,2293.13110591
2025-09-15T00:00:00Z,RARIUSD,0.9740,0.9790,0.9510,0.9560,6623.19925155
2025-09-16T00:00:00Z,RARIUSD,0.9580,0.9760,0.9500,0.9550,9247.92074367
2025-09-17T00:00:00Z,RARIUSD,0.9570,0.9620,0.9520,0.9580,1411.84108208
2025-09-18T00:00:00Z,RARIUSD,0.9610,0.9700,0.9480,0.9590,5967.34724532
2025-09-19T00:00:00Z,RARIUSD,0.9540,0.9600,0.9370,0.9370,3045.33380354
2025-09-20T00:00:00Z,RARIUSD,0.9390,0.9620,0.9340,0.9520,2228.80679572
2025-09-21T00:00:00Z,RARIUSD,0.9500,0.9530,0.9360,0.9380,1383.72624159
2025-09-22T00:00:00Z,RARIUSD,0.9350,0.9520,0.9000,0.9110,27088.13330742
2025-09-23T00:00:00Z,RARIUSD,0.9070,0.9180,0.8830,0.8900,6480.41684764
2025-09-24T00:00:00Z,RARIUSD,0.8900,0.9230,0.8820,0.8820,6038.10721069
2025-09-25T00:00:00Z,RARIUSD,0.8840,0.8850,0.8450,0.8510,11486.56129506
2025-09-26T00:00:00Z,RARIUSD,0.8520,0.8710,0.8470,0.8590,2000.39805886
2025-09-27T00:00:00Z,RARIUSD,0.8610,0.9040,0.8590,0.8780,1729.81735671
2025-09-28T00:00:00Z,RARIUSD,0.8750,0.8800,0.8670,0.8800,494.25812755
2025-09-29T00:00:00Z,RARIUSD,0.8760,0.8760,0.8530,0.8540,9673.46792106
2025-09-30T00:00:00Z,RARIUSD,0.8550,0.8550,0.8320,0.8350,4952.31244008
2025-10-01T00:00:00Z,RARIUSD,0.8340,0.8620,0.8330,0.8620,3192.68290642
2025-10-02T00:00:00Z,RARIUSD,0.8650,0.8890,0.8550,0.8830,4860.38790861
2025-10-03T00:00:00Z,RARIUSD,0.8820,0.8830,0.8650,0.8650,7179.65625955
2025-10-04T00:00:00Z,RARIUSD,0.8660,0.8660,0.8490,0.8530,7771.08986654
2025-10-05T00:00:00Z,RARIUSD,0.8530,0.8680,0.8460,0.8590,4059.10407364
2025-10-06T00:00:00Z,RARIUSD,0.8630,0.8670,0.8490,0.8530,2003.91295988
2025-10-07T00:00:00Z,RARIUSD,0.8530,0.8680,0.8320,0.8320,2001.12170010
2025-10-08T00:00:00Z,RARIUSD,0.8320,0.8480,0.8240,0.8360,2951.71455068
2025-10-09T00:00:00Z,RARIUSD,0.8360,0.8360,0.8100,0.8170,35422.35152473
2025-10-10T00:00:00Z,RARIUSD,0.8180,0.8400,0.7300,0.7370,52353.16445952
2025-10-11T00:00:00Z,RARIUSD,0.7460,0.7490,0.6490,0.6670,25767.11986946
2025-10-12T00:00:00Z,RARIUSD,0.6700,0.7260,0.6320,0.7220,45058.51915956
2025-10-13T00:00:00Z,RARIUSD,0.7140,0.7590,0.6500,0.7270,49070.61147760
2025-10-14T00:00:00Z,RARIUSD,0.7230,0.7230,0.6370,0.6710,27076.14780818
2025-10-15T00:00:00Z,RARIUSD,0.6710,0.6710,0.6260,0.6310,17136.27441989
2025-10-16T00:00:00Z,RARIUSD,0.6310,0.6570,0.6270,0.6300,3867.11543913
2025-10-17T00:00:00Z,RARIUSD,0.6260,0.7100,0.5670,0.5840,40316.37773250
2025-10-18T00:00:00Z,RARIUSD,0.5840,0.5960,0.5680,0.5690,43611.86628224
2025-10-19T00:00:00Z,RARIUSD,0.5690,0.6000,0.5580,0.5840,50704.83915518
2025-10-20T00:00:00Z,RARIUSD,0.5880,0.6200,0.5620,0.5710,95635.84288140
2025-10-21T00:00:00Z,RARIUSD,0.5710,0.5890,0.5210,0.5270,53331.49179505
2025-10-22T00:00:00Z,RARIUSD,0.5300,0.5580,0.4870,0.4930,34636.65628749
2025-10-23T00:00:00Z,RARIUSD,0.4920,0.5400,0.4720,0.4810,50321.04770285
2025-10-24T00:00:00Z,RARIUSD,0.4790,0.5120,0.4660,0.4930,83938.10239806
2025-10-25T00:00:00Z,RARIUSD,0.4910,0.7210,0.4810,0.5650,507263.40187220
2025-10-26T00:00:00Z,RARIUSD,0.5640,0.6240,0.5050,0.5480,334583.23736110
2025-10-27T00:00:00Z,RARIUSD,0.5470,0.6300,0.5260,0.5290,127084.21487353
2025-10-28T00:00:00Z,RARIUSD,0.5290,0.6260,0.5200,0.5600,218463.34434095
2025-10-29T00:00:00Z,RARIUSD,0.5590,0.5670,0.5400,0.5640,33682.97519911
2025-10-30T00:00:00Z,RARIUSD,0.5620,0.5710,0.5200,0.5460,54390.46894370
2025-10-31T00:00:00Z,RARIUSD,0.5450,0.6320,0.5360,0.5460,213717.78230393
2025-11-01T00:00:00Z,RARIUSD,0.5500,0.5760,0.5440,0.5500,122972.74163385
2025-11-02T00:00:00Z,RARIUSD,0.5500,0.5630,0.5280,0.5430,169899.19280104
2025-11-03T00:00:00Z,RARIUSD,0.5470,0.6180,0.5230,0.5350,265893.78247605
2025-11-04T00:00:00Z,RARIUSD,0.5340,0.6300,0.4680,0.5030,367589.18018342
2025-11-05T00:00:00Z,RARIUSD,0.5040,0.5490,0.4930,0.5260,297366.40055464
2025-11-06T00:00:00Z,RARIUSD,0.5260,0.5490,0.5060,0.5340,203105.08810184
2025-11-07T00:00:00Z,RARIUSD,0.5330,0.5730,0.5080,0.5430,65180.01497852
2025-11-08T00:00:00Z,RARIUSD,0.5490,0.5800,0.5310,0.5320,59400.68666265
2025-11-09T00:00:00Z,RARIUSD,0.5320,0.5550,0.5220,0.5420,16428.51509772
2025-11-10T00:00:00Z,RARIUSD,0.5420,0.5550,0.5300,0.5490,8679.45909379
2025-11-11T00:00:00Z,RARIUSD,0.5480,0.5510,0.5090,0.5130,8760.85299809
2025-11-12T00:00:00Z,RARIUSD,0.5130,0.5190,0.4910,0.5030,9153.80854597
2025-11-13T00:00:00Z,RARIUSD,0.5000,0.5070,0.4730,0.4760,63493.63722963
2025-11-14T00:00:00Z,RARIUSD,0.4780,0.4820,0.4520,0.4660,320528.05793063
2025-11-15T00:00:00Z,RARIUSD,0.4670,0.5580,0.4560,0.5010,535961.15661742
2025-11-16T00:00:00Z,RARIUSD,0.5020,0.5130,0.4670,0.4790,250633.73185428
2025-11-17T00:00:00Z,RARIUSD,0.4800,0.5010,0.4590,0.4720,304868.40649787
2025-11-18T00:00:00Z,RARIUSD,0.4720,0.5070,0.4560,0.4850,322214.50846980
2025-11-19T00:00:00Z,RARIUSD,0.4850,0.4920,0.4660,0.4800,234128.90451019
2025-11-20T00:00:00Z,RARIUSD,0.4800,0.5200,0.4550,0.4730,309572.44174327
2025-11-21T00:00:00Z,RARIUSD,0.4730,0.4800,0.4240,0.4330,275650.88001594
2025-11-22T00:00:00Z,RARIUSD,0.4330,0.4460,0.3650,0.3970,333624.62119642
2025-11-23T00:00:00Z,RARIUSD,0.3960,0.4340,0.3920,0.4110,395036.15829926
2025-11-24T00:00:00Z,RARIUSD,0.4120,0.4160,0.3750,0.3980,311779.23938127
2025-11-25T00:00:00Z,RARIUSD,0.4010,0.4160,0.3750,0.3940,338024.98543799
2025-11-26T00:00:00Z,RARIUSD,0.3960,0.4040,0.3860,0.4010,330395.30898664
2025-11-27T00:00:00Z,RARIUSD,0.3980,0.4890,0.3920,0.4080,449093.66017079
2025-11-28T00:00:00Z,RARIUSD,0.4090,0.4690,0.3960,0.4030,491147.15400245
2025-11-29T00:00:00Z,RARIUSD,0.4020,0.5000,0.3930,0.4060,572088.44169037
2025-11-30T00:00:00Z,RARIUSD,0.4070,0.4290,0.3900,0.3920,80056.11120603
2025-12-01T00:00:00Z,RARIUSD,0.3950,0.3960,0.3500,0.3580,189302.12385490
2025-12-02T00:00:00Z,RARIUSD,0.3590,0.4060,0.3570,0.3870,397255.95752880
2025-12-03T00:00:00Z,RARIUSD,0.3860,0.3980,0.3780,0.3830,340026.27055696
2025-12-04T00:00:00Z,RARIUSD,0.3820,0.3960,0.3760,0.3800,231043.05612403
2025-12-05T00:00:00Z,RARIUSD,0.3800,0.4450,0.3680,0.3850,163827.04874123
2025-12-06T00:00:00Z,RARIUSD,0.3850,0.3930,0.3740,0.3780,34637.97274435
2025-12-07T00:00:00Z,RARIUSD,0.3790,0.3870,0.3620,0.3750,43796.38741758
2025-12-08T00:00:00Z,RARIUSD,0.3750,0.3820,0.3610,0.3700,43694.26101749
2025-12-09T00:00:00Z,RARIUSD,0.3650,0.3770,0.3520,0.3700,34920.36170292
2025-12-10T00:00:00Z,RARIUSD,0.3700,0.3750,0.3540,0.3550,28057.63988893
2025-12-11T00:00:00Z,RARIUSD,0.3560,0.3660,0.3350,0.3510,45721.47797782
2025-12-12T00:00:00Z,RARIUSD,0.3510,0.3580,0.3320,0.3360,42343.37353892
2025-12-13T00:00:00Z,RARIUSD,0.3360,0.3440,0.3340,0.3380,28766.93914050
2025-12-14T00:00:00Z,RARIUSD,0.3370,0.3530,0.3260,0.3370,57172.74993316
2025-12-15T00:00:00Z,RARIUSD,0.3370,0.3650,0.2840,0.3010,199570.22297121
2025-12-16T00:00:00Z,RARIUSD,0.3000,0.3130,0.2760,0.2870,130244.13548668
2025-12-17T00:00:00Z,RARIUSD,0.2840,0.2840,0.2360,0.2460,110919.10974063
2025-12-18T00:00:00Z,RARIUSD,0.2450,0.2510,0.1960,0.2160,271916.26351877
2025-12-19T00:00:00Z,RARIUSD,0.2150,0.2270,0.1920,0.2270,232765.59453732
2025-12-20T00:00:00Z,RARIUSD,0.2250,0.2250,0.2090,0.2200,127962.41736798
2025-12-21T00:00:00Z,RARIUSD,0.2200,0.2930,0.2190,0.2460,629760.05420411
2025-12-22T00:00:00Z,RARIUSD,0.2390,0.2390,0.2120,0.2120,290135.28429954
2025-12-23T00:00:00Z,RARIUSD,0.2130,0.2410,0.2100,0.2120,304496.06487114
2025-12-24T00:00:00Z,RARIUSD,0.2130,0.2180,0.1940,0.2020,216963.68648697
2025-12-25T00:00:00Z,RARIUSD,0.2040,0.2340,0.1980,0.1980,177418.52616303
2025-12-26T00:00:00Z,RARIUSD,0.1980,0.2080,0.1870,0.1900,211395.07225784
2025-12-27T00:00:00Z,RARIUSD,0.1920,0.2000,0.1840,0.1960,245235.50045082
2025-12-28T00:00:00Z,RARIUSD,0.1960,0.4900,0.1920,0.4370,3527477.30834530
2025-12-29T00:00:00Z,RARIUSD,0.4400,0.4400,0.2940,0.3050,2239025.65158185
2025-12-30T00:00:00Z,RARIUSD,0.3070,0.3330,0.2690,0.2780,369966.73790725
2025-12-31T00:00:00Z,RARIUSD,0.2790,0.2970,0.2260,0.2430,446653.73966081
2026-01-01T00:00:00Z,RARIUSD,0.2430,0.2590,0.2360,0.2480,167498.93416778
2026-01-02T00:00:00Z,RARIUSD,0.2470,0.3230,0.2380,0.3200,269329.18083695
2026-01-03T00:00:00Z,RARIUSD,0.3180,0.3490,0.2680,0.2720,746171.19730527
2026-01-04T00:00:00Z,RARIUSD,0.2730,0.2890,0.2640,0.2670,163236.49566352
2026-01-05T00:00:00Z,RARIUSD,0.2670,0.2710,0.2530,0.2630,119614.60907699
2026-01-06T00:00:00Z,RARIUSD,0.2640,0.2870,0.2570,0.2710,161684.37199790
2026-01-07T00:00:00Z,RARIUSD,0.2710,0.2760,0.2470,0.2504,144399.29757676
2026-01-08T00:00:00Z,RARIUSD,0.2508,0.2637,0.2361,0.2516,267311.58863071
2026-01-09T00:00:00Z,RARIUSD,0.2514,0.2695,0.2452,0.2513,238459.92047611
2026-01-10T00:00:00Z,RARIUSD,0.2515,0.2728,0.2392,0.2612,222385.41735531
2026-01-11T00:00:00Z,RARIUSD,0.2588,0.2595,0.2421,0.2464,174720.58946712
2026-01-12T00:00:00Z,RARIUSD,0.2471,0.2526,0.2400,0.2407,64961.41594305
2026-01-13T00:00:00Z,RARIUSD,0.2413,0.2507,0.2362,0.2440,85222.43009289
2026-01-14T00:00:00Z,RARIUSD,0.2434,0.2519,0.2373,0.2412,141441.20529356
2026-01-15T00:00:00Z,RARIUSD,0.2416,0.2484,0.2323,0.2324,67928.66376810
2026-01-16T00:00:00Z,RARIUSD,0.2331,0.2358,0.2300,0.2300,49948.65027556
2026-01-17T00:00:00Z,RARIUSD,0.2310,0.2386,0.2289,0.2339,52350.08413208
2026-01-18T00:00:00Z,RARIUSD,0.2329,0.2381,0.2274,0.2313,50181.16968176
2026-01-19T00:00:00Z,RARIUSD,0.2309,0.2327,0.2130,0.2210,210566.81196730
2026-01-20T00:00:00Z,RARIUSD,0.2214,0.2725,0.2181,0.2213,517291.30901732
2026-01-21T00:00:00Z,RARIUSD,0.2223,0.2339,0.2069,0.2180,176021.00184617
2026-01-22T00:00:00Z,RARIUSD,0.2181,0.2531,0.2143,0.2201,257048.52614778
2026-01-23T00:00:00Z,RARIUSD,0.2190,0.2299,0.2161,0.2252,102080.34227248
2026-01-24T00:00:00Z,RARIUSD,0.2253,0.2298,0.2132,0.2191,142510.82964041
2026-01-25T00:00:00Z,RARIUSD,0.2203,0.2266,0.1991,0.2085,195528.83502241
2026-01-26T00:00:00Z,RARIUSD,0.2092,0.2275,0.2006,0.2024,120304.87894322
2026-01-27T00:00:00Z,RARIUSD,0.2030,0.2406,0.2003,0.2064,247604.69573509
2026-01-28T00:00:00Z,RARIUSD,0.2061,0.2175,0.2050,0.2071,32754.06137768
2026-01-29T00:00:00Z,RARIUSD,0.2072,0.2082,0.1932,0.1994,99828.25259485
2026-01-30T00:00:00Z,RARIUSD,0.1991,0.1992,0.1817,0.1880,118821.82273713
2026-01-31T00:00:00Z,RARIUSD,0.1871,0.2102,0.1718,0.1798,331772.82294353
2026-02-01T00:00:00Z,RARIUSD,0.1788,0.1865,0.1697,0.1738,206236.73210381
2026-02-02T00:00:00Z,RARIUSD,0.1737,0.1749,0.1565,0.1736,325227.87157358
2026-02-03T00:00:00Z,RARIUSD,0.1737,0.1740,0.1589,0.1654,164526.93073462
2026-02-04T00:00:00Z,RARIUSD,0.1662,0.1664,0.1477,0.1505,116415.72884987
2026-02-05T00:00:00Z,RARIUSD,0.1502,0.1810,0.1336,0.1404,506499.21300735
2026-02-06T00:00:00Z,RARIUSD,0.1406,0.1748,0.1392,0.1612,359043.20504913
2026-02-07T00:00:00Z,RARIUSD,0.1604,0.1705,0.1492,0.1568,343209.30591768
2026-02-08T00:00:00Z,RARIUSD,0.1556,0.1763,0.1555,0.1736,210299.54136765
2026-02-09T00:00:00Z,RARIUSD,0.1739,0.2059,0.1664,0.1718,395516.09674383
2026-02-10T00:00:00Z,RARIUSD,0.1716,0.2500,0.1680,0.2120,1545640.96176083
2026-02-11T00:00:00Z,RARIUSD,0.2119,0.2272,0.1701,0.1981,935982.52094773
2026-02-12T00:00:00Z,RARIUSD,0.1985,0.2410,0.1808,0.1874,813967.60496253
2026-02-13T00:00:00Z,RARIUSD,0.1874,0.2116,0.1857,0.1993,760644.61518990
2026-02-14T00:00:00Z,RARIUSD,0.1989,0.2214,0.1949,0.2073,514825.05083025
2026-02-15T00:00:00Z,RARIUSD,0.2070,0.2264,0.1857,0.1933,567577.80518997
2026-02-16T00:00:00Z,RARIUSD,0.1933,0.2081,0.1931,0.1976,176421.67996516
2026-02-17T00:00:00Z,RARIUSD,0.1973,0.2116,0.1924,0.1990,224359.06721288
2026-02-18T00:00:00Z,RARIUSD,0.1993,0.2036,0.1880,0.1997,143508.34670131
2026-02-19T00:00:00Z,RARIUSD,0.2003,0.2048,0.1893,0.1947,155965.98550960
2026-02-20T00:00:00Z,RARIUSD,0.1951,0.1986,0.1900,0.1938,42371.46061786
2026-02-21T00:00:00Z,RARIUSD,0.1940,0.1953,0.1876,0.1930,66449.00038541
2026-02-22T00:00:00Z,RARIUSD,0.1932,0.1949,0.1806,0.1838,82254.22147168
2026-02-23T00:00:00Z,RARIUSD,0.1830,0.1858,0.1704,0.1707,75641.03089603
2026-02-24T00:00:00Z,RARIUSD,0.1705,0.1806,0.1700,0.1760,67399.62047728
2026-02-25T00:00:00Z,RARIUSD,0.1760,0.1812,0.1673,0.1731,175416.11493700
2026-02-26T00:00:00Z,RARIUSD,0.1730,0.1824,0.1703,0.1755,75303.73903317
2026-02-27T00:00:00Z,RARIUSD,0.1745,0.1755,0.1607,0.1607,69871.95709095
2026-02-28T00:00:00Z,RARIUSD,0.1609,0.1797,0.1516,0.1632,1064875.27580541
2026-03-01T00:00:00Z,RARIUSD,0.1635,0.1679,0.1506,0.1510,202482.23754619
2026-03-02T00:00:00Z,RARIUSD,0.1508,0.1759,0.1491,0.1511,203720.58057402
2026-03-03T00:00:00Z,RARIUSD,0.1510,0.1547,0.1484,0.1508,87069.14038387
2026-03-04T00:00:00Z,RARIUSD,0.1507,0.1590,0.1452,0.1548,75352.58604930
2026-03-05T00:00:00Z,RARIUSD,0.1536,0.1565,0.1496,0.1540,80652.66045071
2026-03-06T00:00:00Z,RARIUSD,0.1539,0.1550,0.1493,0.1534,68830.31267295
2026-03-07T00:00:00Z,RARIUSD,0.1537,0.1537,0.1474,0.1483,71323.71378414
2026-03-08T00:00:00Z,RARIUSD,0.1480,0.1547,0.1474,0.1489,35409.86279444
2026-03-09T00:00:00Z,RARIUSD,0.1486,0.1534,0.1461,0.1519,53558.21289246
2026-03-10T00:00:00Z,RARIUSD,0.1512,0.1525,0.1506,0.1506,11899.52635723
2026-03-11T00:00:00Z,RARIUSD,0.1507,0.1526,0.1473,0.1504,39821.05482216
2026-03-12T00:00:00Z,RARIUSD,0.1508,0.1508,0.1460,0.1468,13255.26688608
2026-03-13T00:00:00Z,RARIUSD,0.1475,0.1529,0.1401,0.1499,32223.96018327
2026-03-14T00:00:00Z,RARIUSD,0.1510,0.1511,0.1486,0.1501,4858.63684151
2026-03-15T00:00:00Z,RARIUSD,0.1512,0.1542,0.1497,0.1512,28014.69910782
2026-03-16T00:00:00Z,RARIUSD,0.1528,0.1601,0.1510,0.1561,79472.27883509
2026-03-17T00:00:00Z,RARIUSD,0.1562,0.1656,0.1520,0.1601,146315.70032927
2026-03-18T00:00:00Z,RARIUSD,0.1599,0.1711,0.1573,0.1581,293415.11942391
2026-03-19T00:00:00Z,RARIUSD,0.1584,0.1653,0.1521,0.1560,197563.00881046
2026-03-20T00:00:00Z,RARIUSD,0.1563,0.1566,0.1503,0.1521,40040.23490759
2026-03-21T00:00:00Z,RARIUSD,0.1500,0.1540,0.1487,0.1535,33478.58601500
2026-03-22T00:00:00Z,RARIUSD,0.1540,0.1540,0.1465,0.1465,22956.29559450
2026-03-23T00:00:00Z,RARIUSD,0.1464,0.1534,0.1459,0.1529,22547.31657808
2026-03-24T00:00:00Z,RARIUSD,0.1513,0.1527,0.1467,0.1488,24490.14759247
2026-03-25T00:00:00Z,RARIUSD,0.1482,0.1503,0.1456,0.1473,20490.56191984
2026-03-26T00:00:00Z,RARIUSD,0.1470,0.1500,0.1383,0.1445,61189.83520838
2026-03-27T00:00:00Z,RARIUSD,0.1460,0.1610,0.1391,0.1460,157657.69092419
2026-03-28T00:00:00Z,RARIUSD,0.1457,0.1494,0.1341,0.1411,88784.95631613
2026-03-29T00:00:00Z,RARIUSD,0.1418,0.1427,0.1378,0.1383,14812.66505943
2026-03-30T00:00:00Z,RARIUSD,0.1389,0.1477,0.1357,0.1366,69187.75862724
2026-03-31T00:00:00Z,RARIUSD,0.1362,0.1443,0.1339,0.1363,94982.70440283
2026-04-01T00:00:00Z,RARIUSD,0.1356,0.1449,0.1349,0.1378,87177.95409741
2026-04-02T00:00:00Z,RARIUSD,0.1383,0.1426,0.1348,0.1353,37599.26439968
2026-04-03T00:00:00Z,RARIUSD,0.1355,0.2600,0.1352,0.1870,654485.30663011
2026-04-04T00:00:00Z,RARIUSD,0.1871,0.2101,0.1510,0.1650,662991.36306978
2026-04-05T00:00:00Z,RARIUSD,0.1657,0.1665,0.1373,0.1435,354167.63099566
2026-04-06T00:00:00Z,RARIUSD,0.1437,0.1505,0.1403,0.1450,105193.33391531
2026-04-07T00:00:00Z,RARIUSD,0.1441,0.1474,0.1420,0.1455,43781.01209915
2026-04-08T00:00:00Z,RARIUSD,0.1449,0.1554,0.1434,0.1500,64791.20538154
2026-04-09T00:00:00Z,RARIUSD,0.1498,0.1544,0.1382,0.1407,74716.93598161
2026-04-10T00:00:00Z,RARIUSD,0.1399,0.1468,0.1370,0.1430,115004.45262412
2026-04-11T00:00:00Z,RARIUSD,0.1426,0.1912,0.1416,0.1536,472526.56694613
2026-04-12T00:00:00Z,RARIUSD,0.1540,0.1850,0.1419,0.1450,226294.21202663
2026-04-13T00:00:00Z,RARIUSD,0.1449,0.1573,0.1432,0.1506,80784.67804903
2026-04-14T00:00:00Z,RARIUSD,0.1503,0.1616,0.1460,0.1615,25610.80726674
2026-04-15T00:00:00Z,RARIUSD,0.1583,0.3290,0.1570,0.1959,2059217.36787398
2026-04-16T00:00:00Z,RARIUSD,0.1958,0.1958,0.1580,0.1587,440316.94424977
2026-04-17T00:00:00Z,RARIUSD,0.1599,0.1680,0.1572,0.1616,191768.30616776
2026-04-18T00:00:00Z,RARIUSD,0.1600,0.1676,0.1461,0.1497,251165.04409030
2026-04-19T00:00:00Z,RARIUSD,0.1496,0.1637,0.1477,0.1506,73583.02551255
2026-04-20T00:00:00Z,RARIUSD,0.1523,0.1929,0.1511,0.1587,128451.90823211
2026-04-21T00:00:00Z,RARIUSD,0.1588,0.1600,0.1489,0.1514,72258.87477935
2026-04-22T00:00:00Z,RARIUSD,0.1519,0.1883,0.1505,0.1545,50819.98337073
2026-04-23T00:00:00Z,RARIUSD,0.1543,0.1562,0.1478,0.1513,25949.06599662
2026-04-24T00:00:00Z,RARIUSD,0.1520,0.1560,0.1503,0.1523,8458.71784460
2026-04-25T00:00:00Z,RARIUSD,0.1524,0.1560,0.1523,0.1555,5873.85520881
2026-04-26T00:00:00Z,RARIUSD,0.1551,0.1607,0.1491,0.1549,55582.21168436
2026-04-27T00:00:00Z,RARIUSD,0.1533,0.1950,0.1501,0.1506,203274.13950003
2026-04-28T00:00:00Z,RARIUSD,0.1506,0.1560,0.1493,0.1511,22055.60326013
2026-04-29T00:00:00Z,RARIUSD,0.1508,0.1550,0.1456,0.1514,19506.32237460
2026-04-30T00:00:00Z,RARIUSD,0.1513,0.1545,0.1498,0.1543,16334.59562500
2026-05-01T00:00:00Z,RARIUSD,0.1542,0.1612,0.1502,0.1549,65604.44488499
2026-05-02T00:00:00Z,RARIUSD,0.1547,0.1580,0.1521,0.1521,25923.09053067
2026-05-03T00:00:00Z,RARIUSD,0.1524,0.1571,0.1522,0.1552,19458.09345587
2026-05-04T00:00:00Z,RARIUSD,0.1551,0.1574,0.1509,0.1540,26127.17861277
2026-05-05T00:00:00Z,RARIUSD,0.1539,0.1560,0.1508,0.1545,19134.21430093
2026-05-06T00:00:00Z,RARIUSD,0.1539,0.1620,0.1503,0.1530,70706.30358470
2026-05-07T00:00:00Z,RARIUSD,0.1538,0.1605,0.1507,0.1512,29214.98860828
2026-05-08T00:00:00Z,RARIUSD,0.1512,0.1556,0.1452,0.1556,126162.27174719
2026-05-09T00:00:00Z,RARIUSD,0.1554,0.1570,0.1461,0.1543,111808.33588534
2026-05-10T00:00:00Z,RARIUSD,0.1545,0.1553,0.1449,0.1522,60325.99204235
2026-05-11T00:00:00Z,RARIUSD,0.1525,0.1575,0.1498,0.1524,33782.29342602
2026-05-12T00:00:00Z,RARIUSD,0.1517,0.1570,0.1515,0.1527,36541.60076305
2026-05-13T00:00:00Z,RARIUSD,0.1530,0.1543,0.1487,0.1501,42453.39530917
2026-05-14T00:00:00Z,RARIUSD,0.1502,0.2037,0.1486,0.1569,296204.48118621
2026-05-15T00:00:00Z,RARIUSD,0.1574,0.1610,0.1512,0.1515,51978.43991020
2026-05-16T00:00:00Z,RARIUSD,0.1523,0.1536,0.1474,0.1480,19830.62424458
2026-05-17T00:00:00Z,RARIUSD,0.1482,0.1545,0.1457,0.1462,26386.40128088
2026-05-18T00:00:00Z,RARIUSD,0.1457,0.1610,0.1454,0.1502,139210.30309554
2026-05-19T00:00:00Z,RARIUSD,0.1481,0.1510,0.1457,0.1505,14885.11571953
2026-05-20T00:00:00Z,RARIUSD,0.1500,0.1507,0.1469,0.1469,21702.30106884
2026-05-21T00:00:00Z,RARIUSD,0.1471,0.1488,0.1452,0.1488,9620.33817001
2026-05-22T00:00:00Z,RARIUSD,0.1488,0.1509,0.1470,0.1486,8237.70957770
2026-05-23T00:00:00Z,RARIUSD,0.1483,0.1588,0.1451,0.1486,86072.88564253
2026-05-24T00:00:00Z,RARIUSD,0.1481,0.1516,0.1404,0.1428,118441.20202350
2026-05-25T00:00:00Z,RARIUSD,0.1441,0.1513,0.1398,0.1434,42848.09318063
2026-05-26T00:00:00Z,RARIUSD,0.1432,0.1449,0.1324,0.1397,71274.37113294
2026-05-27T00:00:00Z,RARIUSD,0.1400,0.1455,0.1333,0.1371,101158.57511544
2026-05-28T00:00:00Z,RARIUSD,0.1383,0.1400,0.1319,0.1337,52405.13175570
2026-05-29T00:00:00Z,RARIUSD,0.1337,0.1405,0.1321,0.1349,26249.43342527
2026-05-30T00:00:00Z,RARIUSD,0.1349,0.1351,0.1321,0.1343,36097.48611346
2026-05-31T00:00:00Z,RARIUSD,0.1349,0.1410,0.1339,0.1344,29044.49027940
2026-06-01T00:00:00Z,RARIUSD,0.1339,0.1358,0.1025,0.1262,188594.69727526
2026-06-02T00:00:00Z,RARIUSD,0.1261,0.1271,0.1093,0.1123,216249.30328396
2026-06-03T00:00:00Z,RARIUSD,0.1128,0.1179,0.1065,0.1092,89364.93609579
2026-06-04T00:00:00Z,RARIUSD,0.1096,0.1105,0.0998,0.1054,46074.88032821
2026-06-05T00:00:00Z,RARIUSD,0.1055,0.1055,0.0910,0.0951,127340.34725416
2026-06-06T00:00:00Z,RARIUSD,0.0955,0.0982,0.0923,0.0944,53855.03772726
2026-06-07T00:00:00Z,RARIUSD,0.0946,0.0999,0.0945,0.0960,27814.57279078
2026-06-08T00:00:00Z,RARIUSD,0.0960,0.1025,0.0960,0.1012,29009.48121282
2026-06-09T00:00:00Z,RARIUSD,0.0986,0.1020,0.0942,0.0975,27347.91718254
2026-06-10T00:00:00Z,RARIUSD,0.0968,0.0991,0.0942,0.0984,6679.35375399
2026-06-11T00:00:00Z,RARIUSD,0.0958,0.0999,0.0953,0.0995,16405.22037748
2026-06-12T00:00:00Z,RARIUSD,0.1000,0.1177,0.0978,0.1003,278160.75949727
2026-06-13T00:00:00Z,RARIUSD,0.0992,0.1049,0.0955,0.0980,44970.22519670
2026-06-14T00:00:00Z,RARIUSD,0.0971,0.1018,0.0950,0.1018,53591.16292711
2026-06-15T00:00:00Z,RARIUSD,0.1006,0.1069,0.0999,0.1039,29924.51311713
2026-06-16T00:00:00Z,RARIUSD,0.1029,0.1099,0.1015,0.1066,65107.02767614
2026-06-17T00:00:00Z,RARIUSD,0.1049,0.1475,0.1037,0.1174,519309.84254578
2026-06-18T00:00:00Z,RARIUSD,0.1168,0.1526,0.1053,0.1139,1768209.00717436
2026-06-19T00:00:00Z,RARIUSD,0.1142,0.1182,0.1034,0.1074,443770.33704030
2026-06-20T00:00:00Z,RARIUSD,0.1048,0.1087,0.1007,0.1032,47887.92598710
2026-06-21T00:00:00Z,RARIUSD,0.1033,0.1061,0.0978,0.1005,55060.02373449
2026-06-22T00:00:00Z,RARIUSD,0.0999,0.1089,0.0980,0.1074,212374.97628861
2026-06-23T00:00:00Z,RARIUSD,0.1052,0.1099,0.1038,0.1056,29367.54930831
2026-06-24T00:00:00Z,RARIUSD,0.1038,0.1062,0.0981,0.1005,34545.13842733
2026-06-25T00:00:00Z,RARIUSD,0.1001,0.1021,0.0971,0.0976,9299.92236539
2026-06-26T00:00:00Z,RARIUSD,0.0971,0.0999,0.0970,0.0995,9046.88410972
2026-06-27T00:00:00Z,RARIUSD,0.0972,0.0987,0.0914,0.0956,63343.23125123
2026-06-28T00:00:00Z,RARIUSD,0.0960,0.0960,0.0913,0.0956,10525.46774152
2026-06-29T00:00:00Z,RARIUSD,0.0917,0.0975,0.0882,0.0975,37758.64401831
2026-06-30T00:00:00Z,RARIUSD,0.0952,0.0968,0.0886,0.0904,20041.66871547
2026-07-01T00:00:00Z,RARIUSD,0.0934,0.0934,0.0854,0.0889,35022.80848612
2026-07-02T00:00:00Z,RARIUSD,0.0909,0.0953,0.0877,0.0922,113547.62958450
2026-07-03T00:00:00Z,RARIUSD,0.0922,0.0960,0.0905,0.0934,40323.33208755
2026-07-04T00:00:00Z,RARIUSD,0.0954,0.0959,0.0927,0.0942,14281.45219760
2026-07-05T00:00:00Z,RARIUSD,0.0943,0.0949,0.0900,0.0919,17047.77756736
2026-07-06T00:00:00Z,RARIUSD,0.0892,0.0933,0.0892,0.0933,19834.82676419
2026-07-07T00:00:00Z,RARIUSD,0.0934,0.0952,0.0912,0.0919,24080.06393899
2026-07-08T00:00:00Z,RARIUSD,0.0918,0.0919,0.0890,0.0919,15701.70343161
2026-07-09T00:00:00Z,RARIUSD,0.0908,0.0910,0.0879,0.0901,25239.72943281
2026-07-10T00:00:00Z,RARIUSD,0.0897,0.0948,0.0897,0.0938,23825.39961048
2026-07-11T00:00:00Z,RARIUSD,0.0936,0.0956,0.0920,0.0920,17982.52994756
2026-07-12T00:00:00Z,RARIUSD,0.0933,0.0948,0.0913,0.0931,21428.54854825
2026-07-13T00:00:00Z,RARIUSD,0.0920,0.0928,0.0905,0.0919,4268.80526758
2026-07-14T00:00:00Z,RARIUSD,0.0906,0.0926,0.0906,0.0920,6651.69136683
2026-07-15T00:00:00Z,RARIUSD,0.0923,0.0927,0.0905,0.0907,5158.77870453
2026-07-16T00:00:00Z,RARIUSD,0.0907,0.0921,0.0840,0.0852,102052.24042085
2026-07-17T00:00:00Z,RARIUSD,0.0859,0.0875,0.0838,0.0859,30379.08746517
2026-07-18T00:00:00Z,RARIUSD,0.0839,0.0853,0.0825,0.0853,21533.87044713
2026-07-19T00:00:00Z,RARIUSD,0.0853,0.0864,0.0824,0.0856,15917.60532539
2026-07-20T00:00:00Z,RARIUSD,0.0851,0.0884,0.0821,0.0847,47317.63811644
2026-07-21T00:00:00Z,RARIUSD,0.0847,0.0852,0.0812,0.0827,31718.83082213
2026-07-22T00:00:00Z,RARIUSD,0.0823,0.0856,0.0823,0.0830,5521.51188553
2026-07-23T00:00:00Z,RARIUSD,0.0843,0.0843,0.0810,0.0821,22391.86165172
2026-07-24T00:00:00Z,RARIUSD,0.0810,0.0844,0.0801,0.0805,20804.84689544
2026-07-25T00:00:00Z,RARIUSD,0.0813,0.0826,0.0804,0.0816,6933.81255136
2026-07-26T00:00:00Z,RARIUSD,0.0808,0.0821,0.0800,0.0818,18841.57821249
2026-07-27T00:00:00Z,RARIUSD,0.0818,0.0821,0.0790,0.0790,19813.10360694
2026-07-28T00:00:00Z,RARIUSD,0.0791,0.0802,0.0790,0.0802,10906.51089440
2026-07-29T00:00:00Z,RARIUSD,0.0791,0.0799,0.0790,0.0797,42463.79368363
2026-07-30T00:00:00Z,RARIUSD,0.0791,0.0803,0.0784,0.0803,32364.55582044
2026-07-31T00:00:00Z,RARIUSD,0.0771,0.0831,0.0771,0.0813,38379.72212690
2026-08-01T00:00:00Z,RARIUSD,0.0806,0.0815,0.0805,0.0809,5299.81505163
2026-08-02T00:00:00Z,RARIUSD,0.0816,0.0826,0.0810,0.0813,5339.29538694
2026-08-03T00:00:00Z,RARIUSD,0.0818,0.0860,0.0818,0.0830,10227.80912180
2026-08-04T00:00:00Z,RARIUSD,0.0832,0.0832,0.0803,0.0805,3148.11129000
2026-08-05T00:00:00Z,RARIUSD,0.0808,0.0827,0.0808,0.0823,291.18928821
2026-08-06T00:00:00Z,RARIUSD,0.0827,0.0832,0.0800,0.0825,4913.41896000
2026-08-07T00:00:00Z,RARIUSD,0.0822,0.0849,0.0805,0.0816,8126.24096678
2026-08-08T00:00:00Z,RARIUSD,0.0819,0.0820,0.0804,0.0820,2061.69427690
2026-08-09T00:00:00Z,RARIUSD,0.0801,0.0823,0.0800,0.0821,13101.46568904
2026-08-10T00:00:00Z,RARIUSD,0.0810,0.0828,0.0807,0.0820,7019.62336077
2026-08-11T00:00:00Z,RARIUSD,0.0820,0.1213,0.0800,0.0940,364668.56329192
2026-08-12T00:00:00Z,RARIUSD,0.0937,0.1096,0.0808,0.0828,386582.98563486
2026-08-13T00:00:00Z,RARIUSD,0.0819,0.0819,0.0797,0.0813,2131.36984326
2026-08-14T00:00:00Z,RARIUSD,0.0808,0.0824,0.0795,0.0822,11823.97142660
2026-08-15T00:00:00Z,RARIUSD,0.0799,0.0827,0.0798,0.0805,7694.12207126
2026-08-16T00:00:00Z,RARIUSD,0.0822,0.0822,0.0767,0.0791,17883.73200049
2026-08-17T00:00:00Z,RARIUSD,0.0760,0.0787,0.0757,0.0760,6233.17019585
2026-08-18T00:00:00Z,RARIUSD,0.0770,0.0780,0.0755,0.0780,6786.93998901
2026-08-19T00:00:00Z,RARIUSD,0.0780,0.0795,0.0761,0.0795,20826.63108104
2026-08-20T00:00:00Z,RARIUSD,0.0796,0.0821,0.0793,0.0821,20964.92949609
2026-08-21T00:00:00Z,RARIUSD,0.0808,0.0851,0.0803,0.0836,51121.83658478
2026-08-22T00:00:00Z,RARIUSD,0.0849,0.0895,0.0831,0.0848,96515.05635582
2026-08-23T00:00:00Z,RARIUSD,0.0866,0.0900,0.0796,0.0821,104915.69489316
2026-08-24T00:00:00Z,RARIUSD,0.0823,0.0828,0.0784,0.0825,20955.37575653
2026-08-25T00:00:00Z,RARIUSD,0.0825,0.0868,0.0809,0.0868,39695.57832391
2026-08-26T00:00:00Z,RARIUSD,0.0864,0.0918,0.0812,0.0864,123491.69227657
2026-08-27T00:00:00Z,RARIUSD,0.0866,0.0892,0.0850,0.0865,12438.28622124
2026-08-28T00:00:00Z,RARIUSD,0.0866,0.0866,0.0808,0.0835,13121.99320654
2026-08-29T00:00:00Z,RARIUSD,0.0847,0.0895,0.0836,0.0876,54774.34114641
2026-08-30T00:00:00Z,RARIUSD,0.0876,0.0913,0.0864,0.0877,31163.44911581
2026-08-31T00:00:00Z,RARIUSD,0.0877,0.0893,0.0857,0.0893,35248.43711278
2026-09-01T00:00:00Z,RARIUSD,0.0892,0.0906,0.0872,0.0877,8715.52619780
2026-09-02T00:00:00Z,RARIUSD,0.0900,0.0900,0.0832,0.0850,25900.41271645
2026-09-03T00:00:00Z,RARIUSD,0.0841,0.0871,0.0841,0.0860,27507.24138480
2026-09-04T00:00:00Z,RARIUSD,0.0860,0.0875,0.0848,0.0856,6572.73211811
2026-09-05T00:00:00Z,RARIUSD,0.0875,0.0900,0.0855,0.0870,9519.68816857
2026-09-06T00:00:00Z,RARIUSD,0.0880,0.0917,0.0878,0.0902,10640.84098862
2026-09-07T00:00:00Z,RARIUSD,0.0940,0.0942,0.0877,0.0880,53060.94108021
2026-09-08T00:00:00Z,RARIUSD,0.0886,0.0912,0.0886,0.0912,5446.79282210
2026-09-09T00:00:00Z,RARIUSD,0.0903,0.0931,0.0887,0.0887,42956.54782774
2026-09-10T00:00:00Z,RARIUSD,0.0885,0.0907,0.0845,0.0872,23637.36850415
2026-09-11T00:00:00Z,RARIUSD,0.0869,0.0902,0.0866,0.0902,11530.20703758
2026-09-12T00:00:00Z,RARIUSD,0.0878,0.0914,0.0876,0.0892,9372.16081672
2026-09-13T00:00:00Z,RARIUSD,0.0891,0.0925,0.0884,0.0888,48220.86973059
2026-09-14T00:00:00Z,RARIUSD,0.0910,0.0911,0.0891,0.0909,19889.18436732
2026-09-15T00:00:00Z,RARIUSD,0.0910,0.0910,0.0875,0.0875,20366.56101072
2026-09-16T00:00:00Z,RARIUSD,0.0893,0.0921,0.0872,0.0872,35919.50166128
2026-09-17T00:00:00Z,RARIUSD,0.0870,0.0888,0.0861,0.0872,3831.95792536
2026-09-18T00:00:00Z,RARIUSD,0.0872,0.0905,0.0870,0.0888,12971.60222337
2026-09-19T00:00:00Z,RARIUSD,0.0888,0.0903,0.0886,0.0886,1063.39447585
2026-09-20T00:00:00Z,RARIUSD,0.0899,0.1644,0.0887,0.1473,2560963.04540739
2026-09-21T00:00:00Z,RARIUSD,0.1464,0.1497,0.1073,0.1122,677965.81945174
2026-09-22T00:00:00Z,RARIUSD,0.1133,0.1180,0.1071,0.1097,179012.32216484
2026-09-23T00:00:00Z,RARIUSD,0.1107,0.1153,0.1079,0.1137,151151.00301925
2026-09-24T00:00:00Z,RARIUSD,0.1130,0.1249,0.1120,0.1249,112261.06679874
2026-09-25T00:00:00Z,RARIUSD,0.1228,0.1252,0.1191,0.1204,67561.46201204
2026-09-26T00:00:00Z,RARIUSD,0.1215,0.1252,0.1202,0.1240,60123.81560604
2026-09-27T00:00:00Z,RARIUSD,0.1239,0.1800,0.1216,0.1230,229359.76940905
2026-09-28T00:00:00Z,RARIUSD,0.1234,0.1946,0.1149,0.1260,398444.40306684
2026-09-29T00:00:00Z,RARIUSD,0.1274,0.1289,0.1238,0.1285,44577.69427801
2026-09-30T00:00:00Z,RARIUSD,0.1279,0.1320,0.1228,0.1278,99676.74182060
