timestamp,symbol,open,high,low,close,volume
2021-09-02T00:00:00Z,SDNUSD,50.0,51.0,4.6,5.919,641501.6870650798
2021-09-03T00:00:00Z,SDNUSD,5.901,7.045,5.547,6.541,401676.4472474103
2021-09-04T00:00:00Z,SDNUSD,6.541,6.607,5.77,5.771,187412.5185373207
2021-09-05T00:00:00Z,SDNUSD,5.853,6.0,5.4,5.5,200253.18090066977
2021-09-06T00:00:00Z,SDNUSD,5.486,5.646,4.951,5.114,129872.63415008971
2021-09-07T00:00:00Z,SDNUSD,5.098,5.4,3.75,4.104,166698.77528301033
2021-09-08T00:00:00Z,SDNUSD,4.085,4.6,3.818,4.479,135832.17475857993
2021-09-09T00:00:00Z,SDNUSD,4.513,5.291,4.357,4.898,177420.47121632026
2021-09-10T00:00:00Z,SDNUSD,4.881,5.16,4.378,4.683,106649.12306585007
2021-09-11T00:00:00Z,SDNUSD,4.693,8.39,4.684,7.289,786342.3943740431
2021-09-12T00:00:00Z,SDNUSD,7.289,8.27,6.55,7.463,238286.2010360099
2021-09-13T00:00:00Z,SDNUSD,7.487,7.673,5.87,6.776,205669.79355234
2021-09-14T00:00:00Z,SDNUSD,6.776,7.669,6.542,7.037,215943.67781430014
2021-09-15T00:00:00Z,SDNUSD,7.298,7.8,6.831,7.043,82275.7477352999
2021-09-16T00:00:00Z,SDNUSD,7.007,7.203,6.48,6.55,122389.98386874005
2021-09-17T00:00:00Z,SDNUSD,6.55,7.2,5.75,5.798,87003.47723950002
2021-09-18T00:00:00Z,SDNUSD,5.81,6.289,5.787,5.943,56577.33640369003
2021-09-19T00:00:00Z,SDNUSD,6.0,6.191,5.81,5.84,40542.70704673997
2021-09-20T00:00:00Z,SDNUSD,5.92,5.92,4.89,4.89,79990.52969456003
2021-09-21T00:00:00Z,SDNUSD,4.89,5.688,4.777,4.85,76238.67720965997
2021-09-22T00:00:00Z,SDNUSD,4.906,5.723,4.906,5.674,97135.75666772001
2021-09-23T00:00:00Z,SDNUSD,5.723,6.486,5.538,6.13,176489.74451848015
2021-09-24T00:00:00Z,SDNUSD,6.13,6.21,5.057,5.549,104050.8635236501
2021-09-25T00:00:00Z,SDNUSD,5.5,5.5,5.11,5.168,30458.22247625971
2021-09-26T00:00:00Z,SDNUSD,5.158,5.188,4.501,5.043,64337.8913654399
2021-09-27T00:00:00Z,SDNUSD,5.077,5.697,5.015,5.294,67954.75355606005
2021-09-28T00:00:00Z,SDNUSD,5.29,5.469,4.736,4.831,47850.81217545003
2021-09-29T00:00:00Z,SDNUSD,4.82,5.174,4.79,4.835,25541.22627265998
2021-09-30T00:00:00Z,SDNUSD,4.944,5.098,4.805,5.015,17853.336279209998
2021-10-01T00:00:00Z,SDNUSD,5.011,5.195,4.89,5.149,26286.170630139994
2021-10-02T00:00:00Z,SDNUSD,5.153,5.157,4.961,5.11,26334.016278840005
2021-10-03T00:00:00Z,SDNUSD,5.143,5.696,5.051,5.398,50975.83709730002
2021-10-04T00:00:00Z,SDNUSD,5.462,5.462,5.033,5.097,73208.56199968001
2021-10-05T00:00:00Z,SDNUSD,5.097,5.226,4.854,5.138,79954.40361448999
2021-10-06T00:00:00Z,SDNUSD,5.125,5.147,4.681,4.849,53342.356179439936
2021-10-07T00:00:00Z,SDNUSD,4.89,5.11,4.74,4.928,53311.622928549994
2021-10-08T00:00:00Z,SDNUSD,4.959,5.119,4.9,4.923,11148.377437239998
2021-10-09T00:00:00Z,SDNUSD,4.923,5.025,4.893,4.894,10308.509184430002
2021-10-10T00:00:00Z,SDNUSD,4.906,4.977,4.753,4.806,20497.55293291
2021-10-11T00:00:00Z,SDNUSD,4.78,4.796,4.609,4.684,53302.09485603001
2021-10-12T00:00:00Z,SDNUSD,4.675,4.675,4.317,4.377,76286.05274951
2021-10-13T00:00:00Z,SDNUSD,4.376,4.949,4.024,4.925,114397.08611574027
2021-10-14T00:00:00Z,SDNUSD,4.927,4.962,4.483,4.601,51145.07892203001
2021-10-15T00:00:00Z,SDNUSD,4.593,4.593,4.178,4.317,78569.68514426013
2021-10-16T00:00:00Z,SDNUSD,4.296,4.67,4.045,4.206,45190.78221891995
2021-10-17T00:00:00Z,SDNUSD,4.174,4.5,3.819,3.984,82702.22368944983
2021-10-18T00:00:00Z,SDNUSD,3.983,5.0,3.703,3.779,89912.83707052997
2021-10-19T00:00:00Z,SDNUSD,3.798,3.983,3.51,3.611,92211.39065964
2021-10-20T00:00:00Z,SDNUSD,3.6,3.949,3.532,3.834,25890.773566970016
2021-10-21T00:00:00Z,SDNUSD,3.852,3.904,3.643,3.745,35912.124183040025
2021-10-22T00:00:00Z,SDNUSD,3.752,4.291,3.738,4.246,166054.6290510502
2021-10-23T00:00:00Z,SDNUSD,4.21,4.218,3.784,3.854,76203.59872849994
2021-10-24T00:00:00Z,SDNUSD,3.869,4.003,3.716,3.76,23561.266935360007
2021-10-25T00:00:00Z,SDNUSD,3.759,3.954,3.759,3.855,47099.80589743002
2021-10-26T00:00:00Z,SDNUSD,3.849,3.892,3.622,3.704,56343.40038778993
2021-10-27T00:00:00Z,SDNUSD,3.704,3.708,3.261,3.312,160621.21809378004
2021-10-28T00:00:00Z,SDNUSD,3.309,3.688,3.113,3.47,50256.154936859966
2021-10-29T00:00:00Z,SDNUSD,3.469,3.492,3.286,3.387,42780.09528004001
2021-10-30T00:00:00Z,SDNUSD,3.398,3.408,3.077,3.117,128314.24367302984
2021-10-31T00:00:00Z,SDNUSD,3.117,3.229,3.04,3.188,94463.26961667
2021-11-01T00:00:00Z,SDNUSD,3.198,3.659,3.083,3.49,109564.29097983002
2021-11-02T00:00:00Z,SDNUSD,3.49,4.257,3.424,3.861,192195.97581871945
2021-11-03T00:00:00Z,SDNUSD,3.883,3.929,3.467,3.697,176251.47027362022
2021-11-04T00:00:00Z,SDNUSD,3.689,3.777,3.511,3.558,65554.67825285999
2021-11-05T00:00:00Z,SDNUSD,3.559,3.578,3.386,3.465,24030.030488360004
2021-11-06T00:00:00Z,SDNUSD,3.445,3.675,3.271,3.555,32094.725834440007
2021-11-07T00:00:00Z,SDNUSD,3.52,4.084,3.502,4.001,68824.87978614007
2021-11-08T00:00:00Z,SDNUSD,4.0,4.057,3.786,3.832,65256.06031292996
2021-11-09T00:00:00Z,SDNUSD,3.832,3.834,3.558,3.625,33733.888398279996
2021-11-10T00:00:00Z,SDNUSD,3.632,3.632,3.35,3.362,36576.282494629995
2021-11-11T00:00:00Z,SDNUSD,3.364,3.454,3.313,3.41,46428.93633829002
2021-11-12T00:00:00Z,SDNUSD,3.414,3.414,3.12,3.195,53929.65999977003
2021-11-13T00:00:00Z,SDNUSD,3.208,3.522,3.176,3.522,40088.74263141003
2021-11-14T00:00:00Z,SDNUSD,3.502,3.548,3.318,3.347,16613.657517540003
2021-11-15T00:00:00Z,SDNUSD,3.332,3.6,3.221,3.366,165483.19729627017
2021-11-16T00:00:00Z,SDNUSD,3.354,3.354,3.061,3.079,33500.505694
2021-11-17T00:00:00Z,SDNUSD,3.089,3.103,2.974,3.042,26761.44169104001
2021-11-18T00:00:00Z,SDNUSD,3.06,3.101,2.7,2.747,29546.084672299978
2021-11-19T00:00:00Z,SDNUSD,2.747,2.88,2.575,2.833,50949.79131535997
2021-11-20T00:00:00Z,SDNUSD,2.835,2.863,2.698,2.845,13821.96067469
2021-11-21T00:00:00Z,SDNUSD,2.784,2.844,2.6,2.804,29200.23612293001
2021-11-22T00:00:00Z,SDNUSD,2.846,2.857,2.422,2.529,47003.59906280997
2021-11-23T00:00:00Z,SDNUSD,2.555,2.555,2.301,2.43,59942.47093998001
2021-11-24T00:00:00Z,SDNUSD,2.429,2.459,2.165,2.26,100805.26621539005
2021-11-25T00:00:00Z,SDNUSD,2.27,2.396,2.21,2.382,35722.54853576998
2021-11-26T00:00:00Z,SDNUSD,2.364,2.376,1.943,2.086,64690.39433089001
2021-11-27T00:00:00Z,SDNUSD,2.093,2.217,2.086,2.125,24328.125146079998
2021-11-28T00:00:00Z,SDNUSD,2.099,2.107,1.966,2.064,52829.92244638999
2021-11-29T00:00:00Z,SDNUSD,2.062,2.889,2.053,2.627,192107.0798373293
2021-11-30T00:00:00Z,SDNUSD,2.64,2.759,2.358,2.512,119781.98547941
2021-12-01T00:00:00Z,SDNUSD,2.501,2.537,2.395,2.414,25348.89932093999
2021-12-02T00:00:00Z,SDNUSD,2.397,2.514,2.339,2.465,41959.43219360008
2021-12-03T00:00:00Z,SDNUSD,2.502,2.759,2.383,2.427,71590.31147637004
2021-12-04T00:00:00Z,SDNUSD,2.431,2.435,1.92,2.038,62525.79807176997
2021-12-05T00:00:00Z,SDNUSD,2.068,2.417,1.934,1.966,29191.642807979995
2021-12-06T00:00:00Z,SDNUSD,1.973,2.101,1.823,2.101,39757.839765330005
2021-12-07T00:00:00Z,SDNUSD,2.09,2.242,2.005,2.19,36605.702348019986
2021-12-08T00:00:00Z,SDNUSD,2.195,2.195,1.993,2.072,33925.37468377997
2021-12-09T00:00:00Z,SDNUSD,2.099,2.32,2.087,2.176,61209.78405650995
2021-12-10T00:00:00Z,SDNUSD,2.18,2.18,1.833,1.91,37010.71889736999
2021-12-11T00:00:00Z,SDNUSD,1.898,1.99,1.875,1.951,24242.470305330007
2021-12-12T00:00:00Z,SDNUSD,1.964,1.987,1.914,1.976,5119.1382565799995
2021-12-13T00:00:00Z,SDNUSD,1.972,2.004,1.678,1.719,43997.57103453998
2021-12-14T00:00:00Z,SDNUSD,1.727,1.752,1.661,1.742,26547.19048981001
2021-12-15T00:00:00Z,SDNUSD,1.743,1.753,1.5,1.641,89619.80505535005
2021-12-16T00:00:00Z,SDNUSD,1.649,1.717,1.614,1.637,25813.780735219996
2021-12-17T00:00:00Z,SDNUSD,1.64,1.708,1.521,1.542,36838.28460926
2021-12-18T00:00:00Z,SDNUSD,1.538,1.632,1.523,1.578,13411.718276820002
2021-12-19T00:00:00Z,SDNUSD,1.568,1.627,1.541,1.586,20508.662230639995
2021-12-20T00:00:00Z,SDNUSD,1.587,1.59,1.361,1.427,94831.33936148
2021-12-21T00:00:00Z,SDNUSD,1.424,1.492,1.402,1.486,21668.95860550999
2021-12-22T00:00:00Z,SDNUSD,1.476,1.541,1.453,1.502,35661.99040407002
2021-12-23T00:00:00Z,SDNUSD,1.499,1.593,1.44,1.564,57599.69229837003
2021-12-24T00:00:00Z,SDNUSD,1.574,1.93,1.544,1.842,82303.72192951999
2021-12-25T00:00:00Z,SDNUSD,1.848,1.893,1.723,1.75,22050.13063112
2021-12-26T00:00:00Z,SDNUSD,1.751,1.872,1.75,1.854,25721.27222453002
2021-12-27T00:00:00Z,SDNUSD,1.85,1.896,1.801,1.81,40863.68161926001
2021-12-28T00:00:00Z,SDNUSD,1.796,1.797,1.598,1.614,37108.28619637
2021-12-29T00:00:00Z,SDNUSD,1.61,1.643,1.507,1.6,12004.827819479999
2021-12-30T00:00:00Z,SDNUSD,1.604,1.66,1.496,1.631,52300.48884794005
2021-12-31T00:00:00Z,SDNUSD,1.596,1.697,1.547,1.554,12191.978888959997
2022-01-01T00:00:00Z,SDNUSD,1.552,1.625,1.552,1.62,16315.817151299996
2022-01-02T00:00:00Z,SDNUSD,1.623,1.66,1.588,1.65,22492.60364580998
2022-01-03T00:00:00Z,SDNUSD,1.64,1.655,1.597,1.604,15544.178939399995
2022-01-04T00:00:00Z,SDNUSD,1.603,1.649,1.545,1.565,16594.16403501001
2022-01-05T00:00:00Z,SDNUSD,1.564,1.628,1.507,1.507,31373.896545810007
2022-01-06T00:00:00Z,SDNUSD,1.504,1.534,1.38,1.443,45505.27310688998
2022-01-07T00:00:00Z,SDNUSD,1.44,1.44,1.328,1.356,18084.629043540008
2022-01-08T00:00:00Z,SDNUSD,1.353,1.391,1.303,1.365,30499.112000409987
2022-01-09T00:00:00Z,SDNUSD,1.669,1.94,1.353,1.454,120010.24050712002
2022-01-10T00:00:00Z,SDNUSD,1.438,1.585,1.409,1.416,157151.80320505006
2022-01-11T00:00:00Z,SDNUSD,1.426,1.525,1.363,1.507,34676.4564379
2022-01-12T00:00:00Z,SDNUSD,1.506,1.51,1.444,1.501,31624.340006060003
2022-01-13T00:00:00Z,SDNUSD,1.502,1.51,1.348,1.352,35995.53157582004
2022-01-14T00:00:00Z,SDNUSD,1.372,1.463,1.328,1.41,27327.893522789986
2022-01-15T00:00:00Z,SDNUSD,1.404,1.41,1.322,1.367,11900.155764359994
2022-01-16T00:00:00Z,SDNUSD,1.371,1.536,1.341,1.52,40981.65182700001
2022-01-17T00:00:00Z,SDNUSD,1.54,1.74,1.364,1.384,195895.7247925298
2022-01-18T00:00:00Z,SDNUSD,1.394,1.482,1.361,1.441,68825.20896616006
2022-01-19T00:00:00Z,SDNUSD,1.434,1.446,1.348,1.399,50818.21614779001
2022-01-20T00:00:00Z,SDNUSD,1.399,1.422,1.317,1.317,15183.01953946
2022-01-21T00:00:00Z,SDNUSD,1.316,1.322,1.041,1.069,118248.71710458992
2022-01-22T00:00:00Z,SDNUSD,1.074,1.09,0.882,0.932,65645.80573144999
2022-01-23T00:00:00Z,SDNUSD,0.924,1.022,0.84,0.933,38827.17311987
2022-01-24T00:00:00Z,SDNUSD,0.917,1.042,0.87,0.959,87833.9336158
2022-01-25T00:00:00Z,SDNUSD,0.963,0.963,0.852,0.895,68952.63770803995
2022-01-26T00:00:00Z,SDNUSD,0.896,0.962,0.877,0.911,35590.451455080016
2022-01-27T00:00:00Z,SDNUSD,0.91,0.984,0.864,0.893,44742.30673409002
2022-01-28T00:00:00Z,SDNUSD,0.897,1.034,0.884,1.009,38287.566226660034
2022-01-29T00:00:00Z,SDNUSD,1.012,1.15,0.992,1.042,38913.252404219995
2022-01-30T00:00:00Z,SDNUSD,1.022,1.088,1.02,1.08,22072.158400710006
2022-01-31T00:00:00Z,SDNUSD,1.067,1.067,0.994,1.047,6957.740159090001
2022-02-01T00:00:00Z,SDNUSD,1.046,1.237,1.0,1.089,61324.99250165001
2022-02-02T00:00:00Z,SDNUSD,1.109,1.109,1.029,1.039,31180.544725320015
2022-02-03T00:00:00Z,SDNUSD,1.054,1.073,0.98,0.999,30177.988985220007
2022-02-04T00:00:00Z,SDNUSD,0.998,1.08,0.995,1.071,8866.540443379998
2022-02-05T00:00:00Z,SDNUSD,1.08,1.11,1.056,1.1,12570.746658570006
2022-02-06T00:00:00Z,SDNUSD,1.102,1.127,1.019,1.08,46431.64790447999
2022-02-07T00:00:00Z,SDNUSD,1.083,1.192,1.059,1.116,35240.28978596998
2022-02-08T00:00:00Z,SDNUSD,1.11,1.138,0.987,1.063,55956.64160741994
2022-02-09T00:00:00Z,SDNUSD,1.063,1.091,1.001,1.069,25933.480430469994
2022-02-10T00:00:00Z,SDNUSD,1.079,1.092,1.018,1.039,5218.69910428
2022-02-11T00:00:00Z,SDNUSD,1.038,1.077,0.957,0.97,13991.58028539
2022-02-12T00:00:00Z,SDNUSD,0.963,1.068,0.943,0.968,14423.90436712
2022-02-13T00:00:00Z,SDNUSD,0.99,0.991,0.93,0.946,13715.272486169997
2022-02-14T00:00:00Z,SDNUSD,0.94,0.956,0.91,0.916,24066.832454099993
2022-02-15T00:00:00Z,SDNUSD,0.917,0.993,0.913,0.966,12421.999913740006
2022-02-16T00:00:00Z,SDNUSD,0.973,0.976,0.934,0.961,13183.909641550003
2022-02-17T00:00:00Z,SDNUSD,0.996,1.13,0.913,0.941,39534.441158539994
2022-02-18T00:00:00Z,SDNUSD,0.947,1.261,0.942,0.964,64613.11290184012
2022-02-19T00:00:00Z,SDNUSD,0.973,1.003,0.9,0.905,22706.067698460014
2022-02-20T00:00:00Z,SDNUSD,0.989,0.989,0.813,0.821,30211.925988820032
2022-02-21T00:00:00Z,SDNUSD,0.817,0.88,0.809,0.837,12837.544878580004
2022-02-22T00:00:00Z,SDNUSD,0.845,0.934,0.813,0.869,15132.942931320002
2022-02-23T00:00:00Z,SDNUSD,0.872,1.019,0.872,0.929,40062.08026972997
2022-02-24T00:00:00Z,SDNUSD,0.925,0.932,0.711,0.794,79837.58002812997
2022-02-25T00:00:00Z,SDNUSD,0.794,0.864,0.749,0.845,19808.742781590012
2022-02-26T00:00:00Z,SDNUSD,0.838,0.854,0.804,0.832,5739.80815339
2022-02-27T00:00:00Z,SDNUSD,0.817,0.817,0.685,0.721,51220.219134569954
2022-02-28T00:00:00Z,SDNUSD,0.721,0.869,0.696,0.745,71119.60039878997
2022-03-01T00:00:00Z,SDNUSD,0.75,0.791,0.713,0.722,46971.66869917005
2022-03-02T00:00:00Z,SDNUSD,0.721,0.795,0.601,0.714,88472.98953230001
2022-03-03T00:00:00Z,SDNUSD,0.714,0.742,0.685,0.729,62488.47023875002
2022-03-04T00:00:00Z,SDNUSD,0.726,0.726,0.663,0.668,18484.815013470004
2022-03-05T00:00:00Z,SDNUSD,0.665,0.698,0.655,0.668,11719.578651830003
2022-03-06T00:00:00Z,SDNUSD,0.674,0.7,0.662,0.671,15331.88212868
2022-03-07T00:00:00Z,SDNUSD,0.665,0.72,0.634,0.641,33935.54798999001
2022-03-08T00:00:00Z,SDNUSD,0.646,0.672,0.644,0.66,6884.203901389998
2022-03-09T00:00:00Z,SDNUSD,0.669,0.689,0.664,0.666,47938.73092139001
2022-03-10T00:00:00Z,SDNUSD,0.666,0.727,0.638,0.702,33184.61064949
2022-03-11T00:00:00Z,SDNUSD,0.706,0.812,0.658,0.702,39735.75388905999
2022-03-12T00:00:00Z,SDNUSD,0.695,0.729,0.695,0.701,3305.9118127100005
2022-03-13T00:00:00Z,SDNUSD,0.699,0.739,0.692,0.696,7263.089092290002
2022-03-14T00:00:00Z,SDNUSD,0.692,0.743,0.677,0.697,14511.211367929996
2022-03-15T00:00:00Z,SDNUSD,0.701,0.722,0.667,0.69,5000.570183120001
2022-03-16T00:00:00Z,SDNUSD,0.694,0.701,0.653,0.7,10089.27822059
2022-03-17T00:00:00Z,SDNUSD,0.694,0.741,0.684,0.73,8861.407572400003
2022-03-18T00:00:00Z,SDNUSD,0.721,0.751,0.689,0.719,14889.539061830004
2022-03-19T00:00:00Z,SDNUSD,0.739,0.855,0.73,0.803,49484.556948430036
2022-03-20T00:00:00Z,SDNUSD,0.805,0.807,0.726,0.754,10538.554641910003
2022-03-21T00:00:00Z,SDNUSD,0.751,0.805,0.736,0.769,19332.356313019995
2022-03-22T00:00:00Z,SDNUSD,0.768,0.796,0.748,0.78,6875.67176502
2022-03-23T00:00:00Z,SDNUSD,0.78,0.797,0.758,0.783,7162.518722889999
2022-03-24T00:00:00Z,SDNUSD,0.78,0.84,0.78,0.817,23286.037286000002
2022-03-25T00:00:00Z,SDNUSD,0.804,0.875,0.749,0.774,54723.47407767
2022-03-26T00:00:00Z,SDNUSD,0.789,0.823,0.751,0.791,19344.29332054
2022-03-27T00:00:00Z,SDNUSD,0.791,0.827,0.773,0.809,19763.528854350014
2022-03-28T00:00:00Z,SDNUSD,0.811,0.907,0.81,0.9,49907.595865370015
2022-03-29T00:00:00Z,SDNUSD,0.893,1.131,0.893,0.979,83477.89043746992
2022-03-30T00:00:00Z,SDNUSD,0.993,1.136,0.973,1.04,42603.91272618
2022-03-31T00:00:00Z,SDNUSD,1.043,1.235,1.043,1.148,100496.58696984006
2022-04-01T00:00:00Z,SDNUSD,1.152,1.55,1.082,1.543,110764.08961609995
2022-04-02T00:00:00Z,SDNUSD,1.505,1.652,1.319,1.455,68013.42002101995
2022-04-03T00:00:00Z,SDNUSD,1.464,1.568,1.32,1.334,29538.186703100015
2022-04-04T00:00:00Z,SDNUSD,1.329,1.389,1.22,1.374,27105.004561890004
2022-04-05T00:00:00Z,SDNUSD,1.372,1.544,1.31,1.31,37086.67754898003
2022-04-06T00:00:00Z,SDNUSD,1.316,1.403,1.204,1.257,25763.915792019998
2022-04-07T00:00:00Z,SDNUSD,1.255,1.432,1.201,1.426,18897.816566190013
2022-04-08T00:00:00Z,SDNUSD,1.409,1.64,1.257,1.272,53285.66502468003
2022-04-09T00:00:00Z,SDNUSD,1.278,1.584,1.278,1.47,49048.03984958003
2022-04-10T00:00:00Z,SDNUSD,1.486,1.743,1.486,1.607,52340.91755419001
2022-04-11T00:00:00Z,SDNUSD,1.595,1.595,1.281,1.383,63825.37790405985
2022-04-12T00:00:00Z,SDNUSD,1.375,1.52,1.327,1.388,20402.099512180004
2022-04-13T00:00:00Z,SDNUSD,1.42,1.472,1.283,1.396,35017.38587961997
2022-04-14T00:00:00Z,SDNUSD,1.389,1.435,1.297,1.333,8644.366764219996
2022-04-15T00:00:00Z,SDNUSD,1.32,1.344,1.195,1.255,10422.10856542
2022-04-16T00:00:00Z,SDNUSD,1.255,1.322,1.227,1.277,10952.280202589998
2022-04-17T00:00:00Z,SDNUSD,1.278,1.278,1.156,1.156,55290.112018540014
2022-04-18T00:00:00Z,SDNUSD,1.157,1.196,1.058,1.193,17759.29610941999
2022-04-19T00:00:00Z,SDNUSD,1.185,1.206,1.138,1.144,15134.343743750003
2022-04-20T00:00:00Z,SDNUSD,1.152,1.173,1.108,1.109,43505.07247105003
2022-04-21T00:00:00Z,SDNUSD,1.125,1.19,0.918,1.058,43255.53500076001
2022-04-22T00:00:00Z,SDNUSD,1.065,1.123,1.028,1.032,17171.67146244001
2022-04-23T00:00:00Z,SDNUSD,1.028,1.029,0.962,0.968,12029.743046130006
2022-04-24T00:00:00Z,SDNUSD,0.964,0.965,0.851,0.927,77685.48051629
2022-04-25T00:00:00Z,SDNUSD,0.911,0.924,0.821,0.874,32385.610976820008
2022-04-26T00:00:00Z,SDNUSD,0.88,0.918,0.818,0.828,35958.024123189985
2022-04-27T00:00:00Z,SDNUSD,0.827,0.867,0.807,0.827,5888.933357330004
2022-04-28T00:00:00Z,SDNUSD,0.817,0.87,0.772,0.816,25551.89719854998
2022-04-29T00:00:00Z,SDNUSD,0.818,0.819,0.762,0.768,33542.92290129999
2022-04-30T00:00:00Z,SDNUSD,0.787,0.827,0.741,0.741,25956.587601780004
2022-05-01T00:00:00Z,SDNUSD,0.744,0.783,0.734,0.777,13476.465502890002
2022-05-02T00:00:00Z,SDNUSD,0.781,0.846,0.781,0.822,16717.545055929997
2022-05-03T00:00:00Z,SDNUSD,0.817,0.89,0.803,0.858,24058.96888744999
2022-05-04T00:00:00Z,SDNUSD,0.859,1.111,0.849,0.956,34576.24070612998
2022-05-05T00:00:00Z,SDNUSD,0.97,0.97,0.821,0.846,28364.07556796001
2022-05-06T00:00:00Z,SDNUSD,0.846,0.86,0.788,0.829,53442.835438300004
2022-05-07T00:00:00Z,SDNUSD,0.837,0.844,0.801,0.806,5156.633162270001
2022-05-08T00:00:00Z,SDNUSD,0.814,0.815,0.768,0.788,9351.918826739997
2022-05-09T00:00:00Z,SDNUSD,0.789,0.797,0.69,0.69,40176.223853629985
2022-05-10T00:00:00Z,SDNUSD,0.69,0.748,0.68,0.707,35271.88412476
2022-05-11T00:00:00Z,SDNUSD,0.714,0.717,0.401,0.402,55124.774014850045
2022-05-12T00:00:00Z,SDNUSD,0.402,0.448,0.304,0.448,77230.50529646006
2022-05-13T00:00:00Z,SDNUSD,0.428,0.561,0.428,0.487,36483.30734336002
2022-05-14T00:00:00Z,SDNUSD,0.487,0.501,0.42,0.489,24349.34735936999
2022-05-15T00:00:00Z,SDNUSD,0.503,0.523,0.456,0.486,24928.654694770008
2022-05-16T00:00:00Z,SDNUSD,0.486,0.495,0.437,0.446,13106.497626599996
2022-05-17T00:00:00Z,SDNUSD,0.451,0.48,0.447,0.472,16422.30723182
2022-05-18T00:00:00Z,SDNUSD,0.485,0.485,0.413,0.413,10298.4697735
2022-05-19T00:00:00Z,SDNUSD,0.429,0.429,0.403,0.405,34119.421646389994
2022-05-20T00:00:00Z,SDNUSD,0.423,0.423,0.381,0.391,11296.32865359
2022-05-21T00:00:00Z,SDNUSD,0.395,0.395,0.379,0.393,5239.71864848
2022-05-22T00:00:00Z,SDNUSD,0.401,0.426,0.385,0.406,21308.449209630005
2022-05-23T00:00:00Z,SDNUSD,0.401,0.43,0.384,0.392,9502.96982742
2022-05-24T00:00:00Z,SDNUSD,0.393,0.533,0.392,0.485,65068.36740532999
2022-05-25T00:00:00Z,SDNUSD,0.483,0.573,0.447,0.454,77326.81181990994
2022-05-26T00:00:00Z,SDNUSD,0.459,0.459,0.408,0.412,80059.82818889999
2022-05-27T00:00:00Z,SDNUSD,0.412,0.412,0.368,0.376,97437.64053788001
2022-05-28T00:00:00Z,SDNUSD,0.381,0.407,0.381,0.398,18409.388978180003
2022-05-29T00:00:00Z,SDNUSD,0.402,0.415,0.366,0.367,25909.032276370006
2022-05-30T00:00:00Z,SDNUSD,0.366,0.44,0.366,0.42,65266.24046773998
2022-05-31T00:00:00Z,SDNUSD,0.424,0.454,0.408,0.408,13467.59100757
2022-06-01T00:00:00Z,SDNUSD,0.404,0.418,0.363,0.367,32350.670763209997
2022-06-02T00:00:00Z,SDNUSD,0.371,0.389,0.371,0.383,23684.899941530002
2022-06-03T00:00:00Z,SDNUSD,0.385,0.385,0.358,0.365,4215.70702664
2022-06-04T00:00:00Z,SDNUSD,0.369,0.378,0.364,0.367,3893.51805503
2022-06-05T00:00:00Z,SDNUSD,0.374,0.379,0.362,0.379,13291.21988032
2022-06-06T00:00:00Z,SDNUSD,0.372,0.403,0.372,0.392,3833.0886411199995
2022-06-07T00:00:00Z,SDNUSD,0.362,0.382,0.362,0.381,9034.56362044
2022-06-08T00:00:00Z,SDNUSD,0.376,0.388,0.368,0.373,2120.22273194
2022-06-09T00:00:00Z,SDNUSD,0.369,0.377,0.362,0.362,6986.71407394
2022-06-10T00:00:00Z,SDNUSD,0.364,0.368,0.336,0.338,7497.52268082
2022-06-11T00:00:00Z,SDNUSD,0.335,0.338,0.304,0.315,9793.43204494
2022-06-12T00:00:00Z,SDNUSD,0.309,0.317,0.29,0.308,65841.18100105999
2022-06-13T00:00:00Z,SDNUSD,0.307,0.315,0.268,0.293,56663.961277790026
2022-06-14T00:00:00Z,SDNUSD,0.285,0.32,0.282,0.297,67117.00335484998
2022-06-15T00:00:00Z,SDNUSD,0.297,0.31,0.261,0.309,19869.342245019998
2022-06-16T00:00:00Z,SDNUSD,0.308,0.308,0.275,0.275,8762.82192925
2022-06-17T00:00:00Z,SDNUSD,0.277,0.311,0.274,0.285,6449.36041669
2022-06-18T00:00:00Z,SDNUSD,0.287,0.287,0.247,0.269,12273.445282339999
2022-06-19T00:00:00Z,SDNUSD,0.271,0.308,0.262,0.304,15616.859043649998
2022-06-20T00:00:00Z,SDNUSD,0.284,0.294,0.277,0.289,8356.588358989999
2022-06-21T00:00:00Z,SDNUSD,0.295,0.312,0.286,0.292,17418.34870959
2022-06-22T00:00:00Z,SDNUSD,0.292,0.292,0.272,0.275,18711.918792769997
2022-06-23T00:00:00Z,SDNUSD,0.278,0.284,0.275,0.284,3470.76026965
2022-06-24T00:00:00Z,SDNUSD,0.284,0.328,0.284,0.308,12543.527574480002
2022-06-25T00:00:00Z,SDNUSD,0.311,0.342,0.308,0.32,17341.367975380002
2022-06-26T00:00:00Z,SDNUSD,0.331,0.356,0.33,0.33,5110.916177100001
2022-06-27T00:00:00Z,SDNUSD,0.334,0.365,0.333,0.355,16406.5198241
2022-06-28T00:00:00Z,SDNUSD,0.346,0.365,0.319,0.324,24641.83401462
2022-06-29T00:00:00Z,SDNUSD,0.325,0.325,0.3,0.321,47634.848128640006
2022-06-30T00:00:00Z,SDNUSD,0.306,0.311,0.294,0.307,7884.92352711
2022-07-01T00:00:00Z,SDNUSD,0.309,0.32,0.291,0.3,1917.9634420999996
2022-07-02T00:00:00Z,SDNUSD,0.299,0.316,0.298,0.31,6493.1812797699995
2022-07-03T00:00:00Z,SDNUSD,0.302,0.313,0.302,0.303,2631.19053858
2022-07-04T00:00:00Z,SDNUSD,0.304,0.317,0.298,0.312,6644.410828020001
2022-07-05T00:00:00Z,SDNUSD,0.319,0.321,0.298,0.305,11915.29619411
2022-07-06T00:00:00Z,SDNUSD,0.301,0.314,0.297,0.314,3420.78835601
2022-07-07T00:00:00Z,SDNUSD,0.319,0.333,0.28,0.325,36008.984641840005
2022-07-08T00:00:00Z,SDNUSD,0.331,0.331,0.311,0.319,3689.53344108
2022-07-09T00:00:00Z,SDNUSD,0.318,0.328,0.317,0.325,4370.70751242
2022-07-10T00:00:00Z,SDNUSD,0.323,0.323,0.305,0.312,785.4364468099998
2022-07-11T00:00:00Z,SDNUSD,0.303,0.303,0.281,0.296,6153.17954081
2022-07-12T00:00:00Z,SDNUSD,0.283,0.295,0.28,0.286,24249.227374730002
2022-07-13T00:00:00Z,SDNUSD,0.288,0.304,0.285,0.302,10186.395434810001
2022-07-14T00:00:00Z,SDNUSD,0.301,0.31,0.284,0.308,6279.871068719997
2022-07-15T00:00:00Z,SDNUSD,0.305,0.31,0.291,0.3,2272.66788247
2022-07-16T00:00:00Z,SDNUSD,0.301,0.34,0.276,0.304,9694.85232167
2022-07-17T00:00:00Z,SDNUSD,0.304,0.321,0.294,0.301,1200.7361343300001
2022-07-18T00:00:00Z,SDNUSD,0.301,0.33,0.301,0.307,21797.515331129984
2022-07-19T00:00:00Z,SDNUSD,0.32,0.366,0.307,0.355,81042.5052993699
2022-07-20T00:00:00Z,SDNUSD,0.357,0.378,0.327,0.332,29751.50185503001
2022-07-21T00:00:00Z,SDNUSD,0.328,0.36,0.317,0.328,24608.096995059987
2022-07-22T00:00:00Z,SDNUSD,0.341,0.352,0.31,0.325,18049.22401919
2022-07-23T00:00:00Z,SDNUSD,0.316,0.328,0.29,0.29,5227.565703839999
2022-07-24T00:00:00Z,SDNUSD,0.325,0.33,0.319,0.323,9459.631924949997
2022-07-25T00:00:00Z,SDNUSD,0.322,0.339,0.301,0.313,1621.5353408399997
2022-07-26T00:00:00Z,SDNUSD,0.302,0.306,0.294,0.302,9246.340277020001
2022-07-27T00:00:00Z,SDNUSD,0.313,0.328,0.304,0.325,5153.4627059800005
2022-07-28T00:00:00Z,SDNUSD,0.326,0.346,0.326,0.339,7609.81570476
2022-07-29T00:00:00Z,SDNUSD,0.34,0.349,0.305,0.333,47270.80444889001
2022-07-30T00:00:00Z,SDNUSD,0.341,0.356,0.329,0.329,8853.59121387
2022-07-31T00:00:00Z,SDNUSD,0.357,0.367,0.341,0.341,12738.662470100002
2022-08-01T00:00:00Z,SDNUSD,0.343,0.37,0.336,0.34,4747.94922085
2022-08-02T00:00:00Z,SDNUSD,0.33,0.334,0.317,0.334,5449.52902421
2022-08-03T00:00:00Z,SDNUSD,0.316,0.346,0.316,0.333,2142.346869520001
2022-08-04T00:00:00Z,SDNUSD,0.34,0.38,0.311,0.333,3772.39578639
2022-08-05T00:00:00Z,SDNUSD,0.342,0.365,0.339,0.353,11466.36141968
2022-08-06T00:00:00Z,SDNUSD,0.353,0.378,0.347,0.378,7162.35483983
2022-08-07T00:00:00Z,SDNUSD,0.37,0.377,0.367,0.367,1757.3450383099998
2022-08-08T00:00:00Z,SDNUSD,0.377,0.388,0.366,0.381,5964.83501016
2022-08-09T00:00:00Z,SDNUSD,0.374,0.375,0.34,0.348,5634.942868579999
2022-08-10T00:00:00Z,SDNUSD,0.339,0.37,0.337,0.361,8264.928717929997
2022-08-11T00:00:00Z,SDNUSD,0.364,0.377,0.357,0.359,11865.475193479999
2022-08-12T00:00:00Z,SDNUSD,0.365,0.375,0.352,0.362,13757.376702120002
2022-08-13T00:00:00Z,SDNUSD,0.37,0.378,0.36,0.361,12551.682870480001
2022-08-14T00:00:00Z,SDNUSD,0.352,0.357,0.339,0.343,4238.89831778
2022-08-15T00:00:00Z,SDNUSD,0.347,0.347,0.334,0.338,6843.037094359999
2022-08-16T00:00:00Z,SDNUSD,0.338,0.338,0.327,0.338,7010.821740620002
2022-08-17T00:00:00Z,SDNUSD,0.331,0.345,0.314,0.319,14139.840288809999
2022-08-18T00:00:00Z,SDNUSD,0.324,0.331,0.321,0.322,1810.79416952
2022-08-19T00:00:00Z,SDNUSD,0.31,0.311,0.292,0.303,10784.286580779997
2022-08-20T00:00:00Z,SDNUSD,0.3,0.312,0.297,0.297,3609.37511611
2022-08-21T00:00:00Z,SDNUSD,0.301,0.31,0.301,0.305,902.40920722
2022-08-22T00:00:00Z,SDNUSD,0.299,0.303,0.299,0.299,1955.1696477200003
2022-08-23T00:00:00Z,SDNUSD,0.301,0.308,0.298,0.308,1824.7776878099999
2022-08-24T00:00:00Z,SDNUSD,0.299,0.311,0.285,0.302,13635.7810431
2022-08-25T00:00:00Z,SDNUSD,0.302,0.309,0.302,0.302,3251.6701065200004
2022-08-26T00:00:00Z,SDNUSD,0.302,0.304,0.291,0.295,742.6136141000001
2022-08-27T00:00:00Z,SDNUSD,0.29,0.293,0.282,0.285,4027.60287515
2022-08-28T00:00:00Z,SDNUSD,0.283,0.284,0.254,0.274,33831.770286240004
2022-08-29T00:00:00Z,SDNUSD,0.276,0.295,0.271,0.284,10058.798034770003
2022-08-30T00:00:00Z,SDNUSD,0.283,0.284,0.273,0.276,2695.0761416600003
2022-08-31T00:00:00Z,SDNUSD,0.287,0.287,0.279,0.281,2288.27461666
2022-09-01T00:00:00Z,SDNUSD,0.282,0.291,0.27,0.288,9325.25721971
2022-09-02T00:00:00Z,SDNUSD,0.285,0.312,0.285,0.301,6943.43954553
2022-09-03T00:00:00Z,SDNUSD,0.306,0.322,0.303,0.322,12666.353650770001
2022-09-04T00:00:00Z,SDNUSD,0.323,0.335,0.312,0.33,2685.9679833200003
2022-09-05T00:00:00Z,SDNUSD,0.33,0.334,0.319,0.334,15771.513305449993
2022-09-06T00:00:00Z,SDNUSD,0.334,0.339,0.309,0.327,6855.82837042
2022-09-07T00:00:00Z,SDNUSD,0.321,0.326,0.304,0.325,4545.56065065
2022-09-08T00:00:00Z,SDNUSD,0.327,0.339,0.318,0.337,5318.716890139999
2022-09-09T00:00:00Z,SDNUSD,0.341,0.368,0.327,0.35,14185.472602639997
2022-09-10T00:00:00Z,SDNUSD,0.352,0.37,0.343,0.37,13924.38771071
2022-09-11T00:00:00Z,SDNUSD,0.37,0.389,0.358,0.363,4238.701969120002
2022-09-12T00:00:00Z,SDNUSD,0.362,0.39,0.36,0.377,3729.1786526299998
2022-09-13T00:00:00Z,SDNUSD,0.373,0.388,0.345,0.356,12778.82803628
2022-09-14T00:00:00Z,SDNUSD,0.361,0.377,0.26,0.344,21268.079006750006
2022-09-15T00:00:00Z,SDNUSD,0.361,0.368,0.332,0.336,1385.6708215200001
2022-09-16T00:00:00Z,SDNUSD,0.347,0.348,0.331,0.335,3620.4411779700004
2022-09-17T00:00:00Z,SDNUSD,0.343,0.345,0.324,0.326,9603.077308909998
2022-09-18T00:00:00Z,SDNUSD,0.325,0.345,0.311,0.314,8678.11860806
2022-09-19T00:00:00Z,SDNUSD,0.32,0.333,0.303,0.333,5967.077744090001
2022-09-20T00:00:00Z,SDNUSD,0.321,0.334,0.312,0.327,2736.69461619
2022-09-21T00:00:00Z,SDNUSD,0.316,0.329,0.314,0.314,1641.64048931
2022-09-22T00:00:00Z,SDNUSD,0.309,0.42,0.309,0.347,33143.55376867
2022-09-23T00:00:00Z,SDNUSD,0.353,0.374,0.338,0.346,13488.21762321
2022-09-24T00:00:00Z,SDNUSD,0.354,0.354,0.348,0.352,862.63371793
2022-09-25T00:00:00Z,SDNUSD,0.343,0.372,0.343,0.36,9924.49984302
2022-09-26T00:00:00Z,SDNUSD,0.366,0.38,0.357,0.373,14939.331367890001
2022-09-27T00:00:00Z,SDNUSD,0.377,0.378,0.348,0.35,9040.991774409998
2022-09-28T00:00:00Z,SDNUSD,0.35,0.351,0.34,0.346,8130.335216890003
2022-09-29T00:00:00Z,SDNUSD,0.344,0.344,0.319,0.335,7606.99536914
2022-09-30T00:00:00Z,SDNUSD,0.333,0.34,0.332,0.332,787.81258931
2022-10-01T00:00:00Z,SDNUSD,0.326,0.33,0.32,0.32,690.9494201099999
2022-10-02T00:00:00Z,SDNUSD,0.326,0.326,0.32,0.321,2713.4841436300003
2022-10-03T00:00:00Z,SDNUSD,0.315,0.337,0.315,0.332,2461.5229882199997
2022-10-04T00:00:00Z,SDNUSD,0.326,0.351,0.325,0.351,2463.0034694299998
2022-10-05T00:00:00Z,SDNUSD,0.359,0.37,0.329,0.341,3936.51750312
2022-10-06T00:00:00Z,SDNUSD,0.331,0.341,0.327,0.341,623.4109130100001
2022-10-07T00:00:00Z,SDNUSD,0.331,0.337,0.327,0.337,17260.301168129998
2022-10-08T00:00:00Z,SDNUSD,0.335,0.336,0.311,0.32,12070.084721899999
2022-10-09T00:00:00Z,SDNUSD,0.328,0.332,0.326,0.332,766.09541633
2022-10-10T00:00:00Z,SDNUSD,0.311,0.311,0.302,0.308,1921.6660772700002
2022-10-11T00:00:00Z,SDNUSD,0.317,0.323,0.314,0.323,2494.8338432699998
2022-10-12T00:00:00Z,SDNUSD,0.317,0.317,0.311,0.315,4098.46032333
2022-10-13T00:00:00Z,SDNUSD,0.31,0.322,0.3,0.322,22947.74883938
2022-10-14T00:00:00Z,SDNUSD,0.324,0.331,0.315,0.328,2250.19983206
2022-10-15T00:00:00Z,SDNUSD,0.324,0.37,0.324,0.344,36739.83900960998
2022-10-16T00:00:00Z,SDNUSD,0.346,0.367,0.341,0.347,17206.361226909998
2022-10-17T00:00:00Z,SDNUSD,0.341,0.363,0.341,0.355,13928.320340840002
2022-10-18T00:00:00Z,SDNUSD,0.351,0.352,0.338,0.34,6778.21071198
2022-10-19T00:00:00Z,SDNUSD,0.338,0.356,0.338,0.355,10401.119099400003
2022-10-20T00:00:00Z,SDNUSD,0.355,0.361,0.343,0.357,1867.6993698600002
2022-10-21T00:00:00Z,SDNUSD,0.34,0.355,0.337,0.345,1563.1495865099998
2022-10-22T00:00:00Z,SDNUSD,0.346,0.359,0.345,0.359,809.7295016700002
2022-10-23T00:00:00Z,SDNUSD,0.352,0.356,0.331,0.347,5296.85311978
2022-10-24T00:00:00Z,SDNUSD,0.35,0.35,0.339,0.346,614.5709852099999
2022-10-25T00:00:00Z,SDNUSD,0.345,0.358,0.336,0.342,1928.9343056699997
2022-10-26T00:00:00Z,SDNUSD,0.344,0.4,0.344,0.355,24204.44790712
2022-10-27T00:00:00Z,SDNUSD,0.353,0.353,0.342,0.342,919.64037504
2022-10-28T00:00:00Z,SDNUSD,0.343,0.346,0.34,0.344,1224.35608531
2022-10-29T00:00:00Z,SDNUSD,0.341,0.35,0.34,0.348,4105.19874283
2022-10-30T00:00:00Z,SDNUSD,0.349,0.351,0.342,0.344,3597.45227591
2022-10-31T00:00:00Z,SDNUSD,0.362,0.369,0.35,0.359,3317.61684018
2022-11-01T00:00:00Z,SDNUSD,0.357,0.387,0.357,0.377,9216.923574409997
2022-11-02T00:00:00Z,SDNUSD,0.368,0.388,0.357,0.382,16923.152674319997
2022-11-03T00:00:00Z,SDNUSD,0.37,0.431,0.37,0.407,52393.942011060004
2022-11-04T00:00:00Z,SDNUSD,0.401,0.423,0.383,0.401,15919.62211053
2022-11-05T00:00:00Z,SDNUSD,0.402,0.402,0.386,0.388,11325.322470919999
2022-11-06T00:00:00Z,SDNUSD,0.382,0.404,0.382,0.387,4231.974404819999
2022-11-07T00:00:00Z,SDNUSD,0.388,0.402,0.379,0.385,1350.4731407800002
2022-11-08T00:00:00Z,SDNUSD,0.382,0.434,0.349,0.352,27784.943923770006
2022-11-09T00:00:00Z,SDNUSD,0.357,0.357,0.31,0.314,29091.565266069993
2022-11-10T00:00:00Z,SDNUSD,0.316,0.343,0.31,0.332,15355.346861169992
2022-11-11T00:00:00Z,SDNUSD,0.329,0.329,0.25,0.318,74751.62415712998
2022-11-12T00:00:00Z,SDNUSD,0.314,0.314,0.294,0.303,7091.1342122900005
2022-11-13T00:00:00Z,SDNUSD,0.305,0.306,0.277,0.284,11343.176170980001
2022-11-14T00:00:00Z,SDNUSD,0.28,0.32,0.275,0.275,26612.612920229993
2022-11-15T00:00:00Z,SDNUSD,0.277,0.3,0.267,0.285,43589.302418060004
2022-11-16T00:00:00Z,SDNUSD,0.29,0.318,0.229,0.283,71378.94910992
2022-11-17T00:00:00Z,SDNUSD,0.269,0.27,0.249,0.264,6024.9744654999995
2022-11-18T00:00:00Z,SDNUSD,0.27,0.285,0.266,0.285,3274.4756188700003
2022-11-19T00:00:00Z,SDNUSD,0.287,0.287,0.257,0.269,6201.5670647199995
2022-11-20T00:00:00Z,SDNUSD,0.274,0.278,0.27,0.27,679.3530751499999
2022-11-21T00:00:00Z,SDNUSD,0.274,0.301,0.27,0.279,9529.078515340003
2022-11-22T00:00:00Z,SDNUSD,0.276,0.284,0.276,0.284,624.1259841399999
2022-11-23T00:00:00Z,SDNUSD,0.287,0.297,0.285,0.297,364.32948
2022-11-24T00:00:00Z,SDNUSD,0.289,0.292,0.275,0.277,5194.18025593
2022-11-25T00:00:00Z,SDNUSD,0.278,0.293,0.266,0.29,2121.48125963
2022-11-26T00:00:00Z,SDNUSD,0.293,0.293,0.288,0.29,708.77990198
2022-11-27T00:00:00Z,SDNUSD,0.29,0.309,0.278,0.282,5856.60435307
2022-11-28T00:00:00Z,SDNUSD,0.275,0.28,0.272,0.276,2081.52059896
2022-11-29T00:00:00Z,SDNUSD,0.271,0.279,0.271,0.276,1398.21988151
2022-11-30T00:00:00Z,SDNUSD,0.278,0.286,0.275,0.283,1050.29081506
2022-12-01T00:00:00Z,SDNUSD,0.291,0.291,0.274,0.291,2445.55457301
2022-12-02T00:00:00Z,SDNUSD,0.281,0.31,0.281,0.308,755.78020086
2022-12-03T00:00:00Z,SDNUSD,0.294,0.378,0.291,0.317,43001.22047064
2022-12-04T00:00:00Z,SDNUSD,0.314,0.375,0.314,0.374,25581.746318070007
2022-12-05T00:00:00Z,SDNUSD,0.375,0.388,0.349,0.388,23686.70033257
2022-12-06T00:00:00Z,SDNUSD,0.389,0.389,0.354,0.368,5444.1745520800005
2022-12-07T00:00:00Z,SDNUSD,0.371,0.371,0.348,0.351,10750.372102620002
2022-12-08T00:00:00Z,SDNUSD,0.356,0.388,0.356,0.384,3181.28080752
2022-12-09T00:00:00Z,SDNUSD,0.383,0.394,0.371,0.371,1789.1040724999998
2022-12-10T00:00:00Z,SDNUSD,0.379,0.384,0.371,0.371,1130.39010294
2022-12-11T00:00:00Z,SDNUSD,0.38,0.384,0.376,0.376,450.93966194999996
2022-12-12T00:00:00Z,SDNUSD,0.38,0.391,0.37,0.378,4770.687396449999
2022-12-13T00:00:00Z,SDNUSD,0.378,0.392,0.374,0.383,7149.564873279998
2022-12-14T00:00:00Z,SDNUSD,0.383,0.399,0.306,0.37,18513.934957430003
2022-12-15T00:00:00Z,SDNUSD,0.375,0.375,0.363,0.363,601.40760501
2022-12-16T00:00:00Z,SDNUSD,0.371,0.371,0.338,0.356,9253.41124385
2022-12-17T00:00:00Z,SDNUSD,0.339,0.357,0.338,0.342,2977.01304543
2022-12-18T00:00:00Z,SDNUSD,0.35,0.355,0.338,0.344,1394.1347144000001
2022-12-19T00:00:00Z,SDNUSD,0.353,0.361,0.319,0.337,11765.855664490002
2022-12-20T00:00:00Z,SDNUSD,0.337,0.355,0.337,0.353,2671.9129871900004
2022-12-21T00:00:00Z,SDNUSD,0.348,0.358,0.345,0.358,979.19837426
2022-12-22T00:00:00Z,SDNUSD,0.362,0.362,0.355,0.36,884.86198509
2022-12-23T00:00:00Z,SDNUSD,0.365,0.371,0.355,0.355,2697.79011782
2022-12-24T00:00:00Z,SDNUSD,0.351,0.351,0.347,0.347,373.01285415999996
2022-12-25T00:00:00Z,SDNUSD,0.354,0.355,0.332,0.332,2109.8690535100004
2022-12-26T00:00:00Z,SDNUSD,0.351,0.355,0.333,0.346,12901.830120960001
2022-12-27T00:00:00Z,SDNUSD,0.351,0.351,0.332,0.332,294.05239618999997
2022-12-28T00:00:00Z,SDNUSD,0.342,0.36,0.33,0.334,3022.4507774100002
2022-12-29T00:00:00Z,SDNUSD,0.349,0.383,0.331,0.34,13972.630516340001
2022-12-30T00:00:00Z,SDNUSD,0.344,0.357,0.33,0.33,9490.780532359997
2022-12-31T00:00:00Z,SDNUSD,0.337,0.339,0.33,0.333,4902.2200790100005
2023-01-01T00:00:00Z,SDNUSD,0.332,0.335,0.324,0.334,2266.96550137
2023-01-02T00:00:00Z,SDNUSD,0.341,0.344,0.336,0.34,3630.3599776300007
2023-01-03T00:00:00Z,SDNUSD,0.336,0.346,0.333,0.335,2101.69148608
2023-01-04T00:00:00Z,SDNUSD,0.336,0.337,0.327,0.334,4722.9584713799995
2023-01-05T00:00:00Z,SDNUSD,0.332,0.336,0.321,0.325,2601.59317785
2023-01-06T00:00:00Z,SDNUSD,0.33,0.34,0.322,0.33,7091.8420866199995
2023-01-07T00:00:00Z,SDNUSD,0.332,0.334,0.324,0.332,2661.5169071400005
2023-01-08T00:00:00Z,SDNUSD,0.329,0.331,0.31,0.331,9341.80874044
2023-01-09T00:00:00Z,SDNUSD,0.334,0.35,0.326,0.34,14278.804404969998
2023-01-10T00:00:00Z,SDNUSD,0.331,0.349,0.326,0.345,13474.44996714
2023-01-11T00:00:00Z,SDNUSD,0.344,0.344,0.336,0.339,4348.13077978
2023-01-12T00:00:00Z,SDNUSD,0.342,0.348,0.336,0.348,4756.3924719199995
2023-01-13T00:00:00Z,SDNUSD,0.34,0.352,0.336,0.352,7424.237423010001
2023-01-14T00:00:00Z,SDNUSD,0.356,0.38,0.351,0.362,12339.010436470002
2023-01-15T00:00:00Z,SDNUSD,0.366,0.378,0.357,0.371,5467.74414134
2023-01-16T00:00:00Z,SDNUSD,0.362,0.369,0.352,0.36,33143.189174890016
2023-01-17T00:00:00Z,SDNUSD,0.359,0.36,0.345,0.346,6227.18955005
2023-01-18T00:00:00Z,SDNUSD,0.354,0.355,0.34,0.34,13630.186088509996
2023-01-19T00:00:00Z,SDNUSD,0.337,0.345,0.326,0.335,6184.062252160001
2023-01-20T00:00:00Z,SDNUSD,0.345,0.36,0.343,0.359,5297.81721932
2023-01-21T00:00:00Z,SDNUSD,0.36,0.374,0.352,0.361,46741.265116799994
2023-01-22T00:00:00Z,SDNUSD,0.355,0.42,0.355,0.4,83147.51313578001
2023-01-23T00:00:00Z,SDNUSD,0.414,0.437,0.377,0.412,27164.54686859999
2023-01-24T00:00:00Z,SDNUSD,0.399,0.41,0.38,0.38,7700.84913459
2023-01-25T00:00:00Z,SDNUSD,0.373,0.408,0.372,0.405,28864.571520959995
2023-01-26T00:00:00Z,SDNUSD,0.399,0.436,0.378,0.412,51273.61728022001
2023-01-27T00:00:00Z,SDNUSD,0.421,0.461,0.42,0.435,21693.026272139996
2023-01-28T00:00:00Z,SDNUSD,0.43,0.461,0.42,0.461,13443.668739519999
2023-01-29T00:00:00Z,SDNUSD,0.444,0.47,0.429,0.444,14992.877795610004
2023-01-30T00:00:00Z,SDNUSD,0.444,0.453,0.411,0.411,14811.33033578
2023-01-31T00:00:00Z,SDNUSD,0.43,0.454,0.402,0.437,24191.38730739
2023-02-01T00:00:00Z,SDNUSD,0.436,0.474,0.434,0.463,26844.812864359996
2023-02-02T00:00:00Z,SDNUSD,0.448,0.498,0.419,0.451,23960.735806200006
2023-02-03T00:00:00Z,SDNUSD,0.444,0.45,0.432,0.443,2303.82794785
2023-02-04T00:00:00Z,SDNUSD,0.435,0.451,0.426,0.439,6525.894516169999
2023-02-05T00:00:00Z,SDNUSD,0.436,0.436,0.406,0.414,8633.458102260001
2023-02-06T00:00:00Z,SDNUSD,0.412,0.44,0.412,0.44,4103.07904834
2023-02-07T00:00:00Z,SDNUSD,0.441,0.483,0.434,0.477,13098.514542440003
2023-02-08T00:00:00Z,SDNUSD,0.454,0.488,0.446,0.466,21175.831802749995
2023-02-09T00:00:00Z,SDNUSD,0.47,0.666,0.47,0.508,157139.14971929998
2023-02-10T00:00:00Z,SDNUSD,0.508,0.519,0.472,0.509,18987.166218050002
2023-02-11T00:00:00Z,SDNUSD,0.524,0.542,0.481,0.53,32937.33370769
2023-02-12T00:00:00Z,SDNUSD,0.534,0.547,0.497,0.497,6366.238792350001
2023-02-13T00:00:00Z,SDNUSD,0.497,0.51,0.441,0.477,25765.391683150006
2023-02-14T00:00:00Z,SDNUSD,0.478,0.518,0.464,0.479,17003.12603319
2023-02-15T00:00:00Z,SDNUSD,0.486,0.59,0.486,0.566,34479.13537496002
2023-02-16T00:00:00Z,SDNUSD,0.57,0.59,0.525,0.526,31257.607064519994
2023-02-17T00:00:00Z,SDNUSD,0.524,0.648,0.523,0.597,51576.01229372002
2023-02-18T00:00:00Z,SDNUSD,0.589,0.65,0.562,0.602,44980.94680899998
2023-02-19T00:00:00Z,SDNUSD,0.604,0.65,0.55,0.583,24175.203943090004
2023-02-20T00:00:00Z,SDNUSD,0.568,0.594,0.537,0.551,8149.427958330003
2023-02-21T00:00:00Z,SDNUSD,0.539,0.556,0.501,0.501,11912.873122260004
2023-02-22T00:00:00Z,SDNUSD,0.534,0.537,0.482,0.5,15915.02651871999
2023-02-23T00:00:00Z,SDNUSD,0.525,0.525,0.485,0.507,2732.4088178
2023-02-24T00:00:00Z,SDNUSD,0.507,0.522,0.438,0.444,32113.618067640014
2023-02-25T00:00:00Z,SDNUSD,0.45,0.466,0.45,0.451,7188.348191189997
2023-02-26T00:00:00Z,SDNUSD,0.458,0.486,0.458,0.475,2782.1924877499996
2023-02-27T00:00:00Z,SDNUSD,0.453,0.469,0.452,0.46,5672.204107989999
2023-02-28T00:00:00Z,SDNUSD,0.461,0.461,0.44,0.445,3501.55355293
2023-03-01T00:00:00Z,SDNUSD,0.442,0.468,0.432,0.467,7324.369959090002
2023-03-02T00:00:00Z,SDNUSD,0.47,0.47,0.434,0.44,13696.037388830004
2023-03-03T00:00:00Z,SDNUSD,0.434,0.434,0.383,0.406,21126.80532120999
2023-03-04T00:00:00Z,SDNUSD,0.421,0.422,0.385,0.403,6877.44497581
2023-03-05T00:00:00Z,SDNUSD,0.415,0.415,0.403,0.404,2232.1540345
2023-03-06T00:00:00Z,SDNUSD,0.408,0.415,0.398,0.41,4565.63030458
2023-03-07T00:00:00Z,SDNUSD,0.41,0.428,0.389,0.4,15630.835601120005
2023-03-08T00:00:00Z,SDNUSD,0.405,0.418,0.376,0.376,14776.451060700003
2023-03-09T00:00:00Z,SDNUSD,0.382,0.389,0.355,0.355,14724.301428080007
2023-03-10T00:00:00Z,SDNUSD,0.364,0.408,0.347,0.381,26448.16971863002
2023-03-11T00:00:00Z,SDNUSD,0.379,0.386,0.34,0.378,4797.917483270002
2023-03-12T00:00:00Z,SDNUSD,0.365,0.389,0.359,0.383,2850.525398890001
2023-03-13T00:00:00Z,SDNUSD,0.385,0.435,0.366,0.424,27421.896670020004
2023-03-14T00:00:00Z,SDNUSD,0.433,0.457,0.393,0.418,19129.529580339993
2023-03-15T00:00:00Z,SDNUSD,0.411,0.42,0.386,0.394,22998.824271769998
2023-03-16T00:00:00Z,SDNUSD,0.394,0.424,0.384,0.406,17514.83311236
2023-03-17T00:00:00Z,SDNUSD,0.406,0.459,0.402,0.423,19758.530017749985
2023-03-18T00:00:00Z,SDNUSD,0.418,0.464,0.41,0.43,29425.38011592
2023-03-19T00:00:00Z,SDNUSD,0.422,0.439,0.415,0.429,3403.71641309
2023-03-20T00:00:00Z,SDNUSD,0.415,0.419,0.391,0.403,17335.74270644999
2023-03-21T00:00:00Z,SDNUSD,0.402,0.417,0.394,0.411,36611.5609128
2023-03-22T00:00:00Z,SDNUSD,0.405,0.42,0.379,0.383,7294.2267588700015
2023-03-23T00:00:00Z,SDNUSD,0.381,0.4,0.378,0.389,8538.990457190002
2023-03-24T00:00:00Z,SDNUSD,0.39,0.394,0.362,0.368,12481.17711283
2023-03-25T00:00:00Z,SDNUSD,0.368,0.368,0.35,0.356,20047.713012179996
2023-03-26T00:00:00Z,SDNUSD,0.356,0.366,0.342,0.364,19353.58413517
2023-03-27T00:00:00Z,SDNUSD,0.366,0.366,0.343,0.349,10136.54501823
2023-03-28T00:00:00Z,SDNUSD,0.348,0.36,0.329,0.356,6828.86902981
2023-03-29T00:00:00Z,SDNUSD,0.361,0.385,0.361,0.382,6534.744992040001
2023-03-30T00:00:00Z,SDNUSD,0.381,0.381,0.345,0.364,9299.397489570001
2023-03-31T00:00:00Z,SDNUSD,0.366,0.366,0.358,0.366,707.81236038
2023-04-01T00:00:00Z,SDNUSD,0.365,0.378,0.362,0.371,11272.740084559999
2023-04-02T00:00:00Z,SDNUSD,0.372,0.377,0.351,0.351,10595.496148880002
2023-04-03T00:00:00Z,SDNUSD,0.354,0.366,0.349,0.361,4463.50908522
2023-04-04T00:00:00Z,SDNUSD,0.362,0.378,0.359,0.378,4549.705095849999
2023-04-05T00:00:00Z,SDNUSD,0.381,0.385,0.361,0.377,6333.850777060002
2023-04-06T00:00:00Z,SDNUSD,0.379,0.38,0.368,0.368,4990.601945330001
2023-04-07T00:00:00Z,SDNUSD,0.368,0.368,0.34,0.344,9943.945079790003
2023-04-08T00:00:00Z,SDNUSD,0.354,0.354,0.347,0.349,1060.4084862700001
2023-04-09T00:00:00Z,SDNUSD,0.352,0.36,0.347,0.358,17600.16430528
2023-04-10T00:00:00Z,SDNUSD,0.358,0.379,0.344,0.371,10580.265202289995
2023-04-11T00:00:00Z,SDNUSD,0.387,0.39,0.364,0.375,10175.541774309999
2023-04-12T00:00:00Z,SDNUSD,0.358,0.38,0.349,0.377,9966.052994709997
2023-04-13T00:00:00Z,SDNUSD,0.374,0.401,0.364,0.386,3589.28618818
2023-04-14T00:00:00Z,SDNUSD,0.388,0.406,0.386,0.399,9986.725130190003
2023-04-15T00:00:00Z,SDNUSD,0.395,0.421,0.383,0.396,1108.58075317
2023-04-16T00:00:00Z,SDNUSD,0.395,0.413,0.388,0.397,3922.22697221
2023-04-17T00:00:00Z,SDNUSD,0.382,0.39,0.38,0.387,2026.9187299100001
2023-04-18T00:00:00Z,SDNUSD,0.388,0.399,0.384,0.392,9075.806490919998
2023-04-19T00:00:00Z,SDNUSD,0.388,0.388,0.343,0.345,16798.445768509995
2023-04-20T00:00:00Z,SDNUSD,0.352,0.363,0.334,0.334,5113.8007990900005
2023-04-21T00:00:00Z,SDNUSD,0.337,0.338,0.323,0.323,11413.73296438
2023-04-22T00:00:00Z,SDNUSD,0.324,0.332,0.317,0.318,4524.494845250001
2023-04-23T00:00:00Z,SDNUSD,0.321,0.324,0.303,0.308,9786.92624719
2023-04-24T00:00:00Z,SDNUSD,0.31,0.342,0.303,0.312,7234.235363629999
2023-04-25T00:00:00Z,SDNUSD,0.308,0.322,0.3,0.322,3458.52615144
2023-04-26T00:00:00Z,SDNUSD,0.323,0.337,0.311,0.316,3125.4078709200007
2023-04-27T00:00:00Z,SDNUSD,0.313,0.325,0.294,0.325,10841.86558612
2023-04-28T00:00:00Z,SDNUSD,0.322,0.322,0.305,0.318,1234.6640573799998
2023-04-29T00:00:00Z,SDNUSD,0.32,0.322,0.317,0.319,4502.65207496
2023-04-30T00:00:00Z,SDNUSD,0.318,0.32,0.307,0.319,8431.377961150001
2023-05-01T00:00:00Z,SDNUSD,0.311,0.311,0.284,0.297,12519.53752213
2023-05-02T00:00:00Z,SDNUSD,0.296,0.3,0.284,0.299,6104.612049650002
2023-05-03T00:00:00Z,SDNUSD,0.302,0.302,0.284,0.296,6863.286153770001
2023-05-04T00:00:00Z,SDNUSD,0.294,0.299,0.28,0.286,13331.641514919997
2023-05-05T00:00:00Z,SDNUSD,0.286,0.298,0.286,0.29,3169.871421
2023-05-06T00:00:00Z,SDNUSD,0.29,0.29,0.267,0.28,6234.4818445
2023-05-07T00:00:00Z,SDNUSD,0.277,0.283,0.263,0.27,9056.77275667
2023-05-08T00:00:00Z,SDNUSD,0.267,0.273,0.251,0.252,15891.90970866
2023-05-09T00:00:00Z,SDNUSD,0.254,0.255,0.247,0.249,3303.6400061800005
2023-05-10T00:00:00Z,SDNUSD,0.252,0.263,0.25,0.255,4401.28585433
2023-05-11T00:00:00Z,SDNUSD,0.249,0.255,0.243,0.244,10091.722134360001
2023-05-12T00:00:00Z,SDNUSD,0.246,0.254,0.241,0.252,2360.3019818099997
2023-05-13T00:00:00Z,SDNUSD,0.248,0.249,0.243,0.249,1461.5970790699998
2023-05-14T00:00:00Z,SDNUSD,0.247,0.25,0.246,0.247,1644.7238152900004
2023-05-15T00:00:00Z,SDNUSD,0.25,0.263,0.248,0.252,9323.257184109998
2023-05-16T00:00:00Z,SDNUSD,0.251,0.255,0.248,0.249,4580.627650760001
2023-05-17T00:00:00Z,SDNUSD,0.254,0.265,0.253,0.259,1500.59551673
2023-05-18T00:00:00Z,SDNUSD,0.265,0.265,0.251,0.255,6151.85953157
2023-05-19T00:00:00Z,SDNUSD,0.254,0.261,0.254,0.26,1410.19097587
2023-05-20T00:00:00Z,SDNUSD,0.259,0.263,0.256,0.261,1169.55426924
2023-05-21T00:00:00Z,SDNUSD,0.259,0.261,0.247,0.247,3392.6799840799995
2023-05-22T00:00:00Z,SDNUSD,0.246,0.256,0.239,0.252,4529.55419584
2023-05-23T00:00:00Z,SDNUSD,0.248,0.256,0.248,0.254,689.1540835799999
2023-05-24T00:00:00Z,SDNUSD,0.249,0.251,0.244,0.251,1192.87256675
2023-05-25T00:00:00Z,SDNUSD,0.245,0.263,0.24,0.245,1850.18637943
2023-05-26T00:00:00Z,SDNUSD,0.243,0.247,0.24,0.243,2860.6402724199997
2023-05-27T00:00:00Z,SDNUSD,0.242,0.249,0.235,0.235,3137.0330262600005
2023-05-28T00:00:00Z,SDNUSD,0.239,0.246,0.239,0.244,1749.0330995399997
2023-05-29T00:00:00Z,SDNUSD,0.243,0.269,0.241,0.247,10218.947702499998
2023-05-30T00:00:00Z,SDNUSD,0.245,0.267,0.239,0.245,6041.42588814
2023-05-31T00:00:00Z,SDNUSD,0.248,0.248,0.23,0.233,1194.5880295399998
2023-06-01T00:00:00Z,SDNUSD,0.236,0.241,0.236,0.239,1394.4817858899999
2023-06-02T00:00:00Z,SDNUSD,0.237,0.24,0.232,0.237,2184.99209303
2023-06-03T00:00:00Z,SDNUSD,0.239,0.248,0.238,0.238,2149.18193901
2023-06-04T00:00:00Z,SDNUSD,0.239,0.239,0.233,0.235,7104.7562336500005
2023-06-05T00:00:00Z,SDNUSD,0.233,0.236,0.205,0.211,20858.436610159995
2023-06-06T00:00:00Z,SDNUSD,0.21,0.225,0.208,0.225,5606.196197
2023-06-07T00:00:00Z,SDNUSD,0.219,0.219,0.202,0.202,2615.84400214
2023-06-08T00:00:00Z,SDNUSD,0.202,0.203,0.199,0.202,3065.34728289
2023-06-09T00:00:00Z,SDNUSD,0.202,0.204,0.2,0.203,1320.41187422
2023-06-10T00:00:00Z,SDNUSD,0.2,0.2,0.168,0.178,13960.175399130005
2023-06-11T00:00:00Z,SDNUSD,0.174,0.186,0.173,0.18,3443.93628553
2023-06-12T00:00:00Z,SDNUSD,0.181,0.181,0.179,0.181,1666.4630454299997
2023-06-13T00:00:00Z,SDNUSD,0.182,0.195,0.18,0.181,13244.983673869998
2023-06-14T00:00:00Z,SDNUSD,0.18,0.193,0.18,0.189,3624.9800929199996
2023-06-15T00:00:00Z,SDNUSD,0.189,0.195,0.186,0.193,325.89809009000004
2023-06-16T00:00:00Z,SDNUSD,0.193,0.194,0.189,0.191,977.15725719
2023-06-17T00:00:00Z,SDNUSD,0.196,0.196,0.194,0.196,1012.64928368
2023-06-18T00:00:00Z,SDNUSD,0.195,0.201,0.185,0.2,13991.591423130003
2023-06-19T00:00:00Z,SDNUSD,0.2,0.204,0.199,0.202,986.11375802
2023-06-20T00:00:00Z,SDNUSD,0.199,0.211,0.194,0.199,19593.658471299994
2023-06-21T00:00:00Z,SDNUSD,0.205,0.219,0.205,0.219,3229.65502962
2023-06-22T00:00:00Z,SDNUSD,0.219,0.229,0.219,0.221,1846.3986232
2023-06-23T00:00:00Z,SDNUSD,0.22,0.232,0.216,0.228,2566.0832231
2023-06-24T00:00:00Z,SDNUSD,0.228,0.23,0.223,0.223,659.86187104
2023-06-25T00:00:00Z,SDNUSD,0.224,0.234,0.211,0.228,12838.785176339998
2023-06-26T00:00:00Z,SDNUSD,0.224,0.227,0.22,0.225,1178.77092471
2023-06-27T00:00:00Z,SDNUSD,0.226,0.231,0.226,0.231,941.18756279
2023-06-28T00:00:00Z,SDNUSD,0.225,0.225,0.216,0.216,825.3595553700001
2023-06-29T00:00:00Z,SDNUSD,0.221,0.221,0.211,0.216,6937.149233110001
2023-06-30T00:00:00Z,SDNUSD,0.216,0.221,0.21,0.213,1792.4162575
2023-07-01T00:00:00Z,SDNUSD,0.216,0.221,0.214,0.217,2466.74923725
2023-07-02T00:00:00Z,SDNUSD,0.216,0.219,0.206,0.217,2915.49442479
2023-07-03T00:00:00Z,SDNUSD,0.218,0.319,0.218,0.231,49726.95332166
2023-07-04T00:00:00Z,SDNUSD,0.229,0.231,0.226,0.226,6080.60972677
2023-07-05T00:00:00Z,SDNUSD,0.226,0.235,0.213,0.217,16112.451732720001
2023-07-06T00:00:00Z,SDNUSD,0.22,0.23,0.218,0.223,1565.16597863
2023-07-07T00:00:00Z,SDNUSD,0.215,0.216,0.204,0.212,21637.010319709996
2023-07-08T00:00:00Z,SDNUSD,0.211,0.213,0.205,0.209,1526.88452754
2023-07-09T00:00:00Z,SDNUSD,0.21,0.212,0.208,0.21,709.67319521
2023-07-10T00:00:00Z,SDNUSD,0.21,0.212,0.207,0.212,3138.31546599
2023-07-11T00:00:00Z,SDNUSD,0.215,0.215,0.208,0.208,1565.0128897
2023-07-12T00:00:00Z,SDNUSD,0.211,0.211,0.206,0.206,605.34887982
2023-07-13T00:00:00Z,SDNUSD,0.211,0.225,0.206,0.225,6010.0308537500005
2023-07-14T00:00:00Z,SDNUSD,0.226,0.228,0.213,0.217,16092.896074029997
2023-07-15T00:00:00Z,SDNUSD,0.217,0.228,0.214,0.214,5727.623578039999
2023-07-16T00:00:00Z,SDNUSD,0.217,0.218,0.187,0.206,11313.501343960004
2023-07-17T00:00:00Z,SDNUSD,0.198,0.211,0.198,0.211,4631.978317069999
2023-07-18T00:00:00Z,SDNUSD,0.212,0.229,0.204,0.211,3701.78683816
2023-07-19T00:00:00Z,SDNUSD,0.213,0.217,0.21,0.21,1409.40181608
2023-07-20T00:00:00Z,SDNUSD,0.215,0.219,0.211,0.214,6742.812905379999
2023-07-21T00:00:00Z,SDNUSD,0.218,0.224,0.216,0.221,2954.4408807899995
2023-07-22T00:00:00Z,SDNUSD,0.224,0.224,0.216,0.219,1239.45061942
2023-07-23T00:00:00Z,SDNUSD,0.219,0.234,0.215,0.222,11278.714466880001
2023-07-24T00:00:00Z,SDNUSD,0.218,0.218,0.208,0.209,1900.80932251
2023-07-25T00:00:00Z,SDNUSD,0.206,0.223,0.205,0.219,1771.0931022000002
2023-07-26T00:00:00Z,SDNUSD,0.221,0.233,0.211,0.232,19544.198539999998
2023-07-27T00:00:00Z,SDNUSD,0.232,0.276,0.231,0.25,18923.18682269
2023-07-28T00:00:00Z,SDNUSD,0.258,0.266,0.249,0.255,5338.5914157
2023-07-29T00:00:00Z,SDNUSD,0.253,0.254,0.245,0.248,3750.9896798100003
2023-07-30T00:00:00Z,SDNUSD,0.256,0.279,0.248,0.263,10665.88166002
2023-07-31T00:00:00Z,SDNUSD,0.265,0.277,0.249,0.249,20444.52610211
2023-08-01T00:00:00Z,SDNUSD,0.25,0.253,0.249,0.253,3013.4271897699996
2023-08-02T00:00:00Z,SDNUSD,0.251,0.251,0.234,0.241,2286.9096788800002
2023-08-03T00:00:00Z,SDNUSD,0.242,0.242,0.237,0.24,187.184908
2023-08-04T00:00:00Z,SDNUSD,0.241,0.243,0.235,0.238,2493.5068452
2023-08-05T00:00:00Z,SDNUSD,0.235,0.236,0.23,0.235,8229.248322029998
2023-08-06T00:00:00Z,SDNUSD,0.235,0.235,0.219,0.229,6448.583239280001
2023-08-07T00:00:00Z,SDNUSD,0.228,0.249,0.228,0.245,2431.4915611799997
2023-08-08T00:00:00Z,SDNUSD,0.246,0.247,0.236,0.242,2336.43611861
2023-08-09T00:00:00Z,SDNUSD,0.244,0.249,0.24,0.24,1602.1006689100002
2023-08-10T00:00:00Z,SDNUSD,0.241,0.257,0.236,0.257,3979.04614359
2023-08-11T00:00:00Z,SDNUSD,0.254,0.261,0.253,0.257,4078.2143669400007
2023-08-12T00:00:00Z,SDNUSD,0.266,0.293,0.266,0.274,9622.446212009998
2023-08-13T00:00:00Z,SDNUSD,0.274,0.275,0.2,0.246,27488.20017733
2023-08-14T00:00:00Z,SDNUSD,0.246,0.259,0.241,0.259,8402.188460689998
2023-08-15T00:00:00Z,SDNUSD,0.26,0.276,0.254,0.258,7623.947005499999
2023-08-16T00:00:00Z,SDNUSD,0.26,0.269,0.25,0.25,9788.20921465
2023-08-17T00:00:00Z,SDNUSD,0.249,0.258,0.241,0.241,5667.324452090002
2023-08-18T00:00:00Z,SDNUSD,0.249,0.277,0.244,0.25,16497.79174069
2023-08-19T00:00:00Z,SDNUSD,0.253,0.255,0.248,0.248,1003.10010508
2023-08-20T00:00:00Z,SDNUSD,0.238,0.253,0.237,0.244,13879.278204280005
2023-08-21T00:00:00Z,SDNUSD,0.252,0.252,0.229,0.235,3893.4390731800004
2023-08-22T00:00:00Z,SDNUSD,0.234,0.234,0.21,0.211,8614.48738246
2023-08-23T00:00:00Z,SDNUSD,0.212,0.273,0.21,0.262,18809.671876580014
2023-08-24T00:00:00Z,SDNUSD,0.272,0.31,0.272,0.282,56577.612076409976
2023-08-25T00:00:00Z,SDNUSD,0.292,0.294,0.266,0.277,8359.33502758
2023-08-26T00:00:00Z,SDNUSD,0.284,0.284,0.266,0.267,2459.95881585
2023-08-27T00:00:00Z,SDNUSD,0.266,0.268,0.253,0.262,1833.5571646599997
2023-08-28T00:00:00Z,SDNUSD,0.256,0.263,0.255,0.262,2171.28642465
2023-08-29T00:00:00Z,SDNUSD,0.263,0.27,0.256,0.263,2439.8945024400005
2023-08-30T00:00:00Z,SDNUSD,0.262,0.264,0.251,0.251,2696.7930996899995
2023-08-31T00:00:00Z,SDNUSD,0.252,0.256,0.246,0.248,16075.744563670001
2023-09-01T00:00:00Z,SDNUSD,0.251,0.256,0.241,0.242,5455.5432693
2023-09-02T00:00:00Z,SDNUSD,0.237,0.245,0.23,0.239,4859.303646140001
2023-09-03T00:00:00Z,SDNUSD,0.244,0.256,0.233,0.243,5438.135850259999
2023-09-04T00:00:00Z,SDNUSD,0.243,0.251,0.225,0.236,6388.716046989998
2023-09-05T00:00:00Z,SDNUSD,0.235,0.24,0.232,0.235,1825.5682610200001
2023-09-06T00:00:00Z,SDNUSD,0.239,0.243,0.231,0.242,2019.5864882600001
2023-09-07T00:00:00Z,SDNUSD,0.244,0.257,0.239,0.256,3812.6311195300004
2023-09-08T00:00:00Z,SDNUSD,0.255,0.261,0.24,0.252,6953.790598040001
2023-09-09T00:00:00Z,SDNUSD,0.253,0.253,0.251,0.253,438.39813711
2023-09-10T00:00:00Z,SDNUSD,0.258,0.258,0.243,0.253,2288.0542920400003
2023-09-11T00:00:00Z,SDNUSD,0.254,0.259,0.235,0.238,3314.92354154
2023-09-12T00:00:00Z,SDNUSD,0.235,0.247,0.233,0.245,1821.1829401
2023-09-13T00:00:00Z,SDNUSD,0.236,0.236,0.213,0.228,6035.290161550001
2023-09-14T00:00:00Z,SDNUSD,0.229,0.229,0.214,0.214,6649.012357979999
2023-09-15T00:00:00Z,SDNUSD,0.215,0.221,0.212,0.221,3478.87062772
2023-09-16T00:00:00Z,SDNUSD,0.221,0.223,0.219,0.221,1811.1199449199999
2023-09-17T00:00:00Z,SDNUSD,0.22,0.224,0.211,0.213,6220.63033973
2023-09-18T00:00:00Z,SDNUSD,0.217,0.226,0.217,0.223,2016.5222591199997
2023-09-19T00:00:00Z,SDNUSD,0.223,0.223,0.223,0.223,109.56372
2023-09-20T00:00:00Z,SDNUSD,0.223,0.23,0.223,0.23,1139.45169897
2023-09-21T00:00:00Z,SDNUSD,0.232,0.245,0.227,0.228,6183.34337357
2023-09-22T00:00:00Z,SDNUSD,0.228,0.228,0.212,0.217,3696.6642994800004
2023-09-23T00:00:00Z,SDNUSD,0.218,0.218,0.212,0.212,1857.50576961
2023-09-24T00:00:00Z,SDNUSD,0.213,0.216,0.212,0.214,1092.5108631100002
2023-09-25T00:00:00Z,SDNUSD,0.214,0.215,0.21,0.213,4601.501547489999
2023-09-26T00:00:00Z,SDNUSD,0.21,0.218,0.207,0.208,5183.965730249999
2023-09-27T00:00:00Z,SDNUSD,0.208,0.208,0.202,0.204,4632.406703670001
2023-09-28T00:00:00Z,SDNUSD,0.203,0.203,0.2,0.202,895.04267167
2023-09-29T00:00:00Z,SDNUSD,0.211,0.211,0.204,0.207,1456.72782814
2023-09-30T00:00:00Z,SDNUSD,0.203,0.213,0.201,0.205,7613.819383670002
2023-10-01T00:00:00Z,SDNUSD,0.209,0.212,0.204,0.212,3738.7924762499993
2023-10-02T00:00:00Z,SDNUSD,0.209,0.213,0.201,0.201,12642.992509959999
2023-10-03T00:00:00Z,SDNUSD,0.201,0.204,0.197,0.201,4226.5823136300005
2023-10-04T00:00:00Z,SDNUSD,0.198,0.198,0.178,0.187,51056.89883469002
2023-10-05T00:00:00Z,SDNUSD,0.186,0.192,0.179,0.188,38841.51931053002
2023-10-06T00:00:00Z,SDNUSD,0.187,0.191,0.185,0.188,10130.68367198
2023-10-07T00:00:00Z,SDNUSD,0.189,0.191,0.181,0.185,7039.6447355599985
2023-10-08T00:00:00Z,SDNUSD,0.187,0.191,0.181,0.189,21919.92078023
2023-10-09T00:00:00Z,SDNUSD,0.19,0.19,0.175,0.179,4943.81241698
2023-10-10T00:00:00Z,SDNUSD,0.177,0.182,0.176,0.179,2400.92523104
2023-10-11T00:00:00Z,SDNUSD,0.176,0.176,0.172,0.172,166.79980187
2023-10-12T00:00:00Z,SDNUSD,0.174,0.176,0.172,0.176,578.60159377
2023-10-13T00:00:00Z,SDNUSD,0.173,0.179,0.173,0.179,2119.1521217100003
2023-10-14T00:00:00Z,SDNUSD,0.176,0.178,0.173,0.173,801.17725963
2023-10-15T00:00:00Z,SDNUSD,0.178,0.178,0.174,0.175,3226.3506715400003
2023-10-16T00:00:00Z,SDNUSD,0.177,0.183,0.177,0.182,1569.49629843
2023-10-17T00:00:00Z,SDNUSD,0.177,0.177,0.172,0.174,1223.68674638
2023-10-18T00:00:00Z,SDNUSD,0.171,0.179,0.161,0.166,22996.61603493
2023-10-19T00:00:00Z,SDNUSD,0.167,0.17,0.158,0.169,5907.970764910001
2023-10-20T00:00:00Z,SDNUSD,0.165,0.171,0.165,0.171,2452.48976942
2023-10-21T00:00:00Z,SDNUSD,0.174,0.176,0.17,0.176,1715.39071711
2023-10-22T00:00:00Z,SDNUSD,0.175,0.175,0.167,0.169,1995.72662707
2023-10-23T00:00:00Z,SDNUSD,0.172,0.213,0.171,0.211,12731.816231370001
2023-10-24T00:00:00Z,SDNUSD,0.192,0.229,0.192,0.213,25574.29264468999
2023-10-25T00:00:00Z,SDNUSD,0.211,0.216,0.205,0.211,1286.8925904100001
2023-10-26T00:00:00Z,SDNUSD,0.217,0.217,0.2,0.206,4515.80013782
2023-10-27T00:00:00Z,SDNUSD,0.208,0.208,0.198,0.203,5404.829216159998
2023-10-28T00:00:00Z,SDNUSD,0.204,0.215,0.201,0.215,2301.7387492799994
2023-10-29T00:00:00Z,SDNUSD,0.217,0.219,0.215,0.219,1946.34761985
2023-10-30T00:00:00Z,SDNUSD,0.219,0.232,0.215,0.229,4230.48772728
2023-10-31T00:00:00Z,SDNUSD,0.222,0.226,0.213,0.213,3778.9520945699996
2023-11-01T00:00:00Z,SDNUSD,0.214,0.228,0.214,0.225,3369.2404457199996
2023-11-02T00:00:00Z,SDNUSD,0.227,0.253,0.222,0.224,4224.20928079
2023-11-03T00:00:00Z,SDNUSD,0.222,0.241,0.215,0.221,4022.533837859999
2023-11-04T00:00:00Z,SDNUSD,0.22,0.235,0.217,0.225,2613.35296114
2023-11-05T00:00:00Z,SDNUSD,0.229,0.234,0.222,0.226,2145.50638703
2023-11-06T00:00:00Z,SDNUSD,0.227,0.264,0.223,0.264,18881.53273127
2023-11-07T00:00:00Z,SDNUSD,0.26,0.26,0.235,0.246,16176.459533359997
2023-11-08T00:00:00Z,SDNUSD,0.246,0.28,0.238,0.262,12648.516216360005
2023-11-09T00:00:00Z,SDNUSD,0.264,0.275,0.243,0.267,17017.151729349996
2023-11-10T00:00:00Z,SDNUSD,0.268,0.275,0.262,0.271,4504.3758773499985
2023-11-11T00:00:00Z,SDNUSD,0.269,0.277,0.253,0.275,10196.140522279999
2023-11-12T00:00:00Z,SDNUSD,0.275,0.315,0.254,0.31,65031.62253314
2023-11-13T00:00:00Z,SDNUSD,0.31,0.322,0.265,0.266,23450.199449210002
2023-11-14T00:00:00Z,SDNUSD,0.263,0.28,0.263,0.276,8475.652756530002
2023-11-15T00:00:00Z,SDNUSD,0.268,0.27,0.261,0.264,4464.136674799999
2023-11-16T00:00:00Z,SDNUSD,0.266,0.269,0.247,0.247,16084.824040019996
2023-11-17T00:00:00Z,SDNUSD,0.251,0.253,0.229,0.238,8386.081040539999
2023-11-18T00:00:00Z,SDNUSD,0.241,0.244,0.222,0.235,7385.6334732999985
2023-11-19T00:00:00Z,SDNUSD,0.234,0.26,0.234,0.255,5615.881600940001
2023-11-20T00:00:00Z,SDNUSD,0.253,0.253,0.241,0.243,3355.949262269999
2023-11-21T00:00:00Z,SDNUSD,0.244,0.246,0.218,0.224,6249.134487800001
2023-11-22T00:00:00Z,SDNUSD,0.227,0.24,0.227,0.24,4562.252835130001
2023-11-23T00:00:00Z,SDNUSD,0.242,0.246,0.237,0.239,894.4425786099999
2023-11-24T00:00:00Z,SDNUSD,0.24,0.252,0.229,0.245,6096.592711970001
2023-11-25T00:00:00Z,SDNUSD,0.248,0.25,0.235,0.247,6492.95269968
2023-11-26T00:00:00Z,SDNUSD,0.246,0.248,0.221,0.24,8109.316748609998
2023-11-27T00:00:00Z,SDNUSD,0.24,0.262,0.235,0.239,3806.2486877
2023-11-28T00:00:00Z,SDNUSD,0.239,0.241,0.234,0.241,1837.0908737799998
2023-11-29T00:00:00Z,SDNUSD,0.243,0.261,0.238,0.238,3354.1981865900007
2023-11-30T00:00:00Z,SDNUSD,0.239,0.241,0.231,0.239,3450.3610344700005
2023-12-01T00:00:00Z,SDNUSD,0.239,0.251,0.233,0.24,35076.34317924001
2023-12-02T00:00:00Z,SDNUSD,0.24,0.27,0.239,0.248,100776.6053968
2023-12-03T00:00:00Z,SDNUSD,0.252,0.264,0.239,0.252,11757.75655453
2023-12-04T00:00:00Z,SDNUSD,0.251,0.284,0.239,0.269,37170.166490690004
2023-12-05T00:00:00Z,SDNUSD,0.268,0.365,0.257,0.275,84345.39726999997
2023-12-06T00:00:00Z,SDNUSD,0.284,0.298,0.258,0.266,39739.444092980004
2023-12-07T00:00:00Z,SDNUSD,0.267,0.285,0.267,0.277,13780.192891600002
2023-12-08T00:00:00Z,SDNUSD,0.271,0.284,0.262,0.28,21661.913629160004
2023-12-09T00:00:00Z,SDNUSD,0.28,0.289,0.275,0.279,9471.067613750005
2023-12-10T00:00:00Z,SDNUSD,0.283,0.287,0.27,0.285,3461.2920285399996
2023-12-11T00:00:00Z,SDNUSD,0.279,0.289,0.26,0.275,19075.656402000004
2023-12-12T00:00:00Z,SDNUSD,0.278,0.295,0.267,0.268,9448.1170725
2023-12-13T00:00:00Z,SDNUSD,0.281,0.337,0.267,0.313,15718.353553429999
2023-12-14T00:00:00Z,SDNUSD,0.31,0.327,0.302,0.319,3904.0486931299997
2023-12-15T00:00:00Z,SDNUSD,0.309,0.325,0.296,0.301,6644.55376111
2023-12-16T00:00:00Z,SDNUSD,0.3,0.305,0.287,0.301,10762.320103560001
2023-12-17T00:00:00Z,SDNUSD,0.301,0.306,0.293,0.303,3192.9209265500003
2023-12-18T00:00:00Z,SDNUSD,0.295,0.424,0.274,0.343,190671.51835107998
2023-12-19T00:00:00Z,SDNUSD,0.339,0.339,0.314,0.314,14655.505346939999
2023-12-20T00:00:00Z,SDNUSD,0.32,0.326,0.317,0.318,2917.5263811199993
2023-12-21T00:00:00Z,SDNUSD,0.329,0.4,0.308,0.317,16888.28292367
2023-12-22T00:00:00Z,SDNUSD,0.311,0.324,0.303,0.317,8068.728711889999
2023-12-23T00:00:00Z,SDNUSD,0.321,0.357,0.311,0.352,16590.11754812
2023-12-24T00:00:00Z,SDNUSD,0.35,0.417,0.335,0.372,59929.46593958003
2023-12-25T00:00:00Z,SDNUSD,0.384,0.4,0.363,0.387,46622.41023408998
2023-12-26T00:00:00Z,SDNUSD,0.384,0.413,0.361,0.413,11637.481183459999
2023-12-27T00:00:00Z,SDNUSD,0.418,0.49,0.406,0.462,64043.03867629001
2023-12-28T00:00:00Z,SDNUSD,0.46,0.462,0.421,0.428,11088.079738909999
2023-12-29T00:00:00Z,SDNUSD,0.427,0.438,0.403,0.429,29757.232835770017
2023-12-30T00:00:00Z,SDNUSD,0.433,0.489,0.419,0.465,19188.517813380004
2023-12-31T00:00:00Z,SDNUSD,0.478,0.48,0.434,0.451,15865.079296380001
2024-01-01T00:00:00Z,SDNUSD,0.454,0.489,0.437,0.475,10726.49249398
2024-01-02T00:00:00Z,SDNUSD,0.479,0.584,0.478,0.538,45149.52206072
2024-01-03T00:00:00Z,SDNUSD,0.543,0.604,0.483,0.54,56127.96956023997
2024-01-04T00:00:00Z,SDNUSD,0.546,0.583,0.517,0.531,19866.595357540005
2024-01-05T00:00:00Z,SDNUSD,0.518,0.519,0.45,0.497,16133.909230710004
2024-01-06T00:00:00Z,SDNUSD,0.467,0.467,0.41,0.426,38916.818602980005
2024-01-07T00:00:00Z,SDNUSD,0.435,0.443,0.385,0.385,21629.574894100002
2024-01-08T00:00:00Z,SDNUSD,0.383,0.433,0.356,0.433,13570.642810490002
2024-01-09T00:00:00Z,SDNUSD,0.438,0.461,0.382,0.401,19347.249737939997
2024-01-10T00:00:00Z,SDNUSD,0.4,0.444,0.362,0.426,8061.44684875
2024-01-11T00:00:00Z,SDNUSD,0.423,0.472,0.42,0.451,13715.278029770001
2024-01-12T00:00:00Z,SDNUSD,0.473,0.48,0.376,0.426,21686.950726100007
2024-01-13T00:00:00Z,SDNUSD,0.431,0.433,0.389,0.419,11794.922682499999
2024-01-14T00:00:00Z,SDNUSD,0.404,0.413,0.376,0.393,23187.790703119987
2024-01-15T00:00:00Z,SDNUSD,0.393,0.412,0.38,0.384,7764.429214239999
2024-01-16T00:00:00Z,SDNUSD,0.41,0.434,0.405,0.434,6071.842375370001
2024-01-17T00:00:00Z,SDNUSD,0.434,0.452,0.422,0.442,4747.672746910001
2024-01-18T00:00:00Z,SDNUSD,0.444,0.461,0.42,0.435,14965.645376879997
2024-01-19T00:00:00Z,SDNUSD,0.441,0.455,0.427,0.444,13569.37611959
2024-01-20T00:00:00Z,SDNUSD,0.452,0.459,0.436,0.459,2937.91753279
2024-01-21T00:00:00Z,SDNUSD,0.456,0.495,0.399,0.459,54865.30928825002
2024-01-22T00:00:00Z,SDNUSD,0.459,0.465,0.413,0.413,12673.17911516
2024-01-23T00:00:00Z,SDNUSD,0.417,0.423,0.378,0.423,13111.203923129999
2024-01-24T00:00:00Z,SDNUSD,0.42,0.438,0.412,0.42,2199.0587035900003
2024-01-25T00:00:00Z,SDNUSD,0.415,0.43,0.397,0.415,2216.1104178100004
2024-01-26T00:00:00Z,SDNUSD,0.419,0.428,0.405,0.428,1677.8433900000002
2024-01-27T00:00:00Z,SDNUSD,0.439,0.445,0.438,0.441,2203.58273232
2024-01-28T00:00:00Z,SDNUSD,0.439,0.439,0.417,0.417,5068.446504470001
2024-01-29T00:00:00Z,SDNUSD,0.418,0.457,0.408,0.435,5032.438333160001
2024-01-30T00:00:00Z,SDNUSD,0.438,0.458,0.421,0.429,10483.93564374
2024-01-31T00:00:00Z,SDNUSD,0.425,0.43,0.399,0.415,26318.967903589994
2024-02-01T00:00:00Z,SDNUSD,0.412,0.424,0.397,0.422,2785.14824683
2024-02-02T00:00:00Z,SDNUSD,0.422,0.458,0.421,0.432,4072.43824791
2024-02-03T00:00:00Z,SDNUSD,0.443,0.449,0.417,0.428,2338.348056420001
2024-02-04T00:00:00Z,SDNUSD,0.415,0.444,0.413,0.44,6702.761537069999
2024-02-05T00:00:00Z,SDNUSD,0.404,0.44,0.401,0.426,5398.876352429999
2024-02-06T00:00:00Z,SDNUSD,0.421,0.421,0.417,0.417,502.80518657000005
2024-02-07T00:00:00Z,SDNUSD,0.402,0.418,0.398,0.403,31279.28205154
2024-02-08T00:00:00Z,SDNUSD,0.415,0.42,0.408,0.42,4514.989986930001
2024-02-09T00:00:00Z,SDNUSD,0.416,0.431,0.407,0.424,7602.304941879999
2024-02-10T00:00:00Z,SDNUSD,0.423,0.438,0.4,0.421,16024.301335140004
2024-02-11T00:00:00Z,SDNUSD,0.42,0.427,0.4,0.423,4169.6476476
2024-02-12T00:00:00Z,SDNUSD,0.42,0.448,0.414,0.448,3952.619982489999
2024-02-13T00:00:00Z,SDNUSD,0.43,0.433,0.411,0.417,5328.658706200001
2024-02-14T00:00:00Z,SDNUSD,0.41,0.43,0.392,0.404,51560.87558678998
2024-02-15T00:00:00Z,SDNUSD,0.408,0.431,0.389,0.402,14427.616888130002
2024-02-16T00:00:00Z,SDNUSD,0.402,0.425,0.381,0.394,12619.839533859997
2024-02-17T00:00:00Z,SDNUSD,0.391,0.391,0.366,0.377,10032.946161479998
2024-02-18T00:00:00Z,SDNUSD,0.372,0.405,0.37,0.388,7651.0021254
2024-02-19T00:00:00Z,SDNUSD,0.386,0.401,0.378,0.387,15992.31977217999
2024-02-20T00:00:00Z,SDNUSD,0.383,0.388,0.358,0.373,16729.937139269998
2024-02-21T00:00:00Z,SDNUSD,0.373,0.373,0.341,0.362,13459.343089229998
2024-02-22T00:00:00Z,SDNUSD,0.36,0.373,0.339,0.356,22467.91331754
2024-02-23T00:00:00Z,SDNUSD,0.355,0.356,0.338,0.348,8273.18274559
2024-02-24T00:00:00Z,SDNUSD,0.342,0.363,0.333,0.355,10314.573610770001
2024-02-25T00:00:00Z,SDNUSD,0.353,0.356,0.342,0.35,10207.915311710001
2024-02-26T00:00:00Z,SDNUSD,0.35,0.372,0.335,0.369,20748.465815390005
2024-02-27T00:00:00Z,SDNUSD,0.366,0.372,0.345,0.355,29978.39863792
2024-02-28T00:00:00Z,SDNUSD,0.355,0.369,0.343,0.352,14636.207548910003
2024-02-29T00:00:00Z,SDNUSD,0.351,0.361,0.341,0.343,22733.06626595
2024-03-01T00:00:00Z,SDNUSD,0.341,0.351,0.325,0.351,78517.35002493004
2024-03-02T00:00:00Z,SDNUSD,0.342,0.4,0.332,0.354,58487.95818947999
2024-03-03T00:00:00Z,SDNUSD,0.358,0.37,0.334,0.354,40195.119049090004
2024-03-04T00:00:00Z,SDNUSD,0.354,0.367,0.33,0.339,81593.44515511995
2024-03-05T00:00:00Z,SDNUSD,0.339,0.359,0.312,0.321,59993.078577310014
2024-03-06T00:00:00Z,SDNUSD,0.321,0.35,0.311,0.348,36010.766245260005
2024-03-07T00:00:00Z,SDNUSD,0.345,0.349,0.292,0.339,41596.191880670005
2024-03-08T00:00:00Z,SDNUSD,0.339,0.356,0.328,0.335,26811.40855527001
2024-03-09T00:00:00Z,SDNUSD,0.339,0.37,0.334,0.345,24723.232965619987
2024-03-10T00:00:00Z,SDNUSD,0.342,0.357,0.33,0.348,7438.063710909996
2024-03-11T00:00:00Z,SDNUSD,0.345,0.37,0.331,0.362,63962.37401907999
2024-03-12T00:00:00Z,SDNUSD,0.363,0.37,0.333,0.358,54784.29139732998
2024-03-13T00:00:00Z,SDNUSD,0.351,0.37,0.351,0.36,22017.930659949994
2024-03-14T00:00:00Z,SDNUSD,0.357,0.37,0.348,0.37,20402.06676417
2024-03-15T00:00:00Z,SDNUSD,0.37,0.37,0.335,0.341,45386.36731082999
2024-03-16T00:00:00Z,SDNUSD,0.344,0.363,0.318,0.321,30211.08247025001
2024-03-17T00:00:00Z,SDNUSD,0.318,0.333,0.308,0.324,43639.90122285001
2024-03-18T00:00:00Z,SDNUSD,0.322,0.326,0.309,0.313,4558.3387133100005
2024-03-19T00:00:00Z,SDNUSD,0.31,0.31,0.275,0.286,31633.969419709996
2024-03-20T00:00:00Z,SDNUSD,0.288,0.311,0.275,0.311,26070.56354339
2024-03-21T00:00:00Z,SDNUSD,0.311,0.313,0.277,0.299,24124.64621623999
2024-03-22T00:00:00Z,SDNUSD,0.299,0.301,0.286,0.29,13021.875679769999
2024-03-23T00:00:00Z,SDNUSD,0.292,0.302,0.282,0.295,21285.67236479
2024-03-24T00:00:00Z,SDNUSD,0.298,0.366,0.292,0.312,76872.14279584005
2024-03-25T00:00:00Z,SDNUSD,0.305,0.334,0.295,0.33,19607.5004634
2024-03-26T00:00:00Z,SDNUSD,0.333,0.352,0.306,0.321,17551.106036940007
2024-03-27T00:00:00Z,SDNUSD,0.325,0.325,0.3,0.316,6648.830377960001
2024-03-28T00:00:00Z,SDNUSD,0.314,0.327,0.308,0.315,11510.77109695
2024-03-29T00:00:00Z,SDNUSD,0.311,0.32,0.305,0.308,5513.797781800001
2024-03-30T00:00:00Z,SDNUSD,0.312,0.312,0.297,0.299,7974.717218740001
2024-03-31T00:00:00Z,SDNUSD,0.296,0.317,0.296,0.303,16014.364499400004
2024-04-01T00:00:00Z,SDNUSD,0.305,0.306,0.286,0.295,5481.483410440001
2024-04-02T00:00:00Z,SDNUSD,0.292,0.303,0.269,0.281,27202.178854709997
2024-04-03T00:00:00Z,SDNUSD,0.281,0.286,0.25,0.272,18954.06353734999
2024-04-04T00:00:00Z,SDNUSD,0.273,0.286,0.273,0.276,3224.2387003100002
2024-04-05T00:00:00Z,SDNUSD,0.282,0.284,0.265,0.275,14654.738861560005
2024-04-06T00:00:00Z,SDNUSD,0.275,0.299,0.271,0.291,8582.020821
2024-04-07T00:00:00Z,SDNUSD,0.293,0.303,0.284,0.298,11468.33813469
2024-04-08T00:00:00Z,SDNUSD,0.308,0.32,0.29,0.32,24139.720175540016
2024-04-09T00:00:00Z,SDNUSD,0.321,0.334,0.31,0.315,10411.249707990002
2024-04-10T00:00:00Z,SDNUSD,0.313,0.313,0.292,0.303,1885.19214857
2024-04-11T00:00:00Z,SDNUSD,0.3,0.3,0.28,0.285,8477.89356784
2024-04-12T00:00:00Z,SDNUSD,0.293,0.304,0.231,0.257,41571.95482121
2024-04-13T00:00:00Z,SDNUSD,0.249,0.262,0.2,0.215,68821.44776269002
2024-04-14T00:00:00Z,SDNUSD,0.218,0.255,0.216,0.23,15067.507527970003
2024-04-15T00:00:00Z,SDNUSD,0.241,0.244,0.224,0.224,7553.23991667
2024-04-16T00:00:00Z,SDNUSD,0.226,0.229,0.217,0.219,11476.466557529999
2024-04-17T00:00:00Z,SDNUSD,0.225,0.235,0.217,0.224,4476.156326140001
2024-04-18T00:00:00Z,SDNUSD,0.231,0.235,0.22,0.235,2960.24944676
2024-04-19T00:00:00Z,SDNUSD,0.222,0.245,0.216,0.235,14153.75206042
2024-04-20T00:00:00Z,SDNUSD,0.243,0.269,0.243,0.256,13034.804935440001
2024-04-21T00:00:00Z,SDNUSD,0.259,0.259,0.246,0.255,1151.47016518
2024-04-22T00:00:00Z,SDNUSD,0.263,0.274,0.256,0.267,6412.5149544000005
2024-04-23T00:00:00Z,SDNUSD,0.263,0.265,0.252,0.265,7454.368560140001
2024-04-24T00:00:00Z,SDNUSD,0.264,0.274,0.251,0.256,6871.64260293
2024-04-25T00:00:00Z,SDNUSD,0.254,0.254,0.246,0.25,4886.49611936
2024-04-26T00:00:00Z,SDNUSD,0.249,0.255,0.239,0.243,2969.6065121800007
2024-04-27T00:00:00Z,SDNUSD,0.241,0.241,0.224,0.239,7672.26794728
2024-04-28T00:00:00Z,SDNUSD,0.233,0.251,0.231,0.246,4191.397938249999
2024-04-29T00:00:00Z,SDNUSD,0.242,0.248,0.228,0.236,6809.245214109999
2024-04-30T00:00:00Z,SDNUSD,0.236,0.237,0.214,0.215,8695.526747450001
2024-05-01T00:00:00Z,SDNUSD,0.219,0.228,0.206,0.217,12417.16611334
2024-05-02T00:00:00Z,SDNUSD,0.218,0.243,0.217,0.229,6935.390533569998
2024-05-03T00:00:00Z,SDNUSD,0.225,0.239,0.212,0.228,15259.78554817
2024-05-04T00:00:00Z,SDNUSD,0.23,0.235,0.229,0.233,4194.14643974
2024-05-05T00:00:00Z,SDNUSD,0.23,0.235,0.23,0.235,126.98743585
2024-05-06T00:00:00Z,SDNUSD,0.235,0.245,0.226,0.226,9020.40224307
2024-05-07T00:00:00Z,SDNUSD,0.225,0.238,0.225,0.225,4473.031779840001
2024-05-08T00:00:00Z,SDNUSD,0.225,0.225,0.217,0.221,7336.60027033
2024-05-09T00:00:00Z,SDNUSD,0.22,0.222,0.213,0.221,2860.39017801
2024-05-10T00:00:00Z,SDNUSD,0.225,0.231,0.213,0.225,14385.731105179999
2024-05-11T00:00:00Z,SDNUSD,0.226,0.235,0.213,0.218,6247.445989470003
2024-05-12T00:00:00Z,SDNUSD,0.22,0.22,0.206,0.211,2529.9365701200004
2024-05-13T00:00:00Z,SDNUSD,0.208,0.218,0.205,0.214,7304.51866305
2024-05-14T00:00:00Z,SDNUSD,0.213,0.213,0.203,0.206,211.13979
2024-05-15T00:00:00Z,SDNUSD,0.206,0.218,0.201,0.218,1351.7486379299999
2024-05-16T00:00:00Z,SDNUSD,0.214,0.219,0.209,0.21,3370.5205464499995
2024-05-17T00:00:00Z,SDNUSD,0.213,0.229,0.213,0.222,5677.55636857
2024-05-18T00:00:00Z,SDNUSD,0.222,0.222,0.219,0.219,1797.86367
2024-05-19T00:00:00Z,SDNUSD,0.222,0.231,0.206,0.21,5524.57540454
2024-05-20T00:00:00Z,SDNUSD,0.215,0.234,0.204,0.23,22941.374101969992
2024-05-21T00:00:00Z,SDNUSD,0.228,0.25,0.225,0.232,10510.182796230001
2024-05-22T00:00:00Z,SDNUSD,0.23,0.23,0.218,0.22,30584.447746219997
2024-05-23T00:00:00Z,SDNUSD,0.222,0.224,0.215,0.216,1405.8317704500002
2024-05-24T00:00:00Z,SDNUSD,0.212,0.216,0.212,0.213,2361.48513234
2024-05-25T00:00:00Z,SDNUSD,0.215,0.215,0.205,0.214,15549.866485969995
2024-05-26T00:00:00Z,SDNUSD,0.218,0.218,0.208,0.209,2360.9496116799996
2024-05-27T00:00:00Z,SDNUSD,0.212,0.223,0.212,0.222,3631.13266015
2024-05-28T00:00:00Z,SDNUSD,0.213,0.238,0.208,0.216,37237.206368859996
2024-05-29T00:00:00Z,SDNUSD,0.21,0.212,0.206,0.212,657.0476305999999
2024-05-30T00:00:00Z,SDNUSD,0.203,0.207,0.202,0.206,1133.06450809
2024-05-31T00:00:00Z,SDNUSD,0.211,0.214,0.202,0.202,4973.19523279
2024-06-01T00:00:00Z,SDNUSD,0.207,0.212,0.202,0.207,3109.27865414
2024-06-02T00:00:00Z,SDNUSD,0.203,0.208,0.195,0.202,9205.472313109996
2024-06-03T00:00:00Z,SDNUSD,0.206,0.21,0.202,0.204,2718.48205888
2024-06-04T00:00:00Z,SDNUSD,0.211,0.223,0.207,0.212,8869.2450198
2024-06-05T00:00:00Z,SDNUSD,0.223,0.238,0.212,0.231,80444.42736489998
2024-06-06T00:00:00Z,SDNUSD,0.227,0.233,0.216,0.22,13799.455713460005
2024-06-07T00:00:00Z,SDNUSD,0.225,0.234,0.205,0.205,10068.446440160005
2024-06-08T00:00:00Z,SDNUSD,0.21,0.21,0.204,0.207,7531.793373870001
2024-06-09T00:00:00Z,SDNUSD,0.205,0.211,0.203,0.205,5654.03363364
2024-06-10T00:00:00Z,SDNUSD,0.211,0.211,0.197,0.206,4466.6972142099985
2024-06-11T00:00:00Z,SDNUSD,0.202,0.204,0.195,0.195,1823.57238995
2024-06-12T00:00:00Z,SDNUSD,0.198,0.211,0.198,0.205,5597.8670618999995
2024-06-13T00:00:00Z,SDNUSD,0.206,0.207,0.195,0.197,3061.6498537800003
2024-06-14T00:00:00Z,SDNUSD,0.2,0.205,0.188,0.188,9051.362510349998
2024-06-15T00:00:00Z,SDNUSD,0.186,0.192,0.185,0.189,3996.7315614000004
2024-06-16T00:00:00Z,SDNUSD,0.189,0.19,0.189,0.189,4357.10224905
2024-06-17T00:00:00Z,SDNUSD,0.19,0.19,0.176,0.178,11420.707225999999
2024-06-18T00:00:00Z,SDNUSD,0.176,0.188,0.159,0.164,51991.62022746
2024-06-19T00:00:00Z,SDNUSD,0.164,0.179,0.16,0.165,35659.88628474
2024-06-20T00:00:00Z,SDNUSD,0.174,0.178,0.165,0.177,3495.4373483299996
2024-06-21T00:00:00Z,SDNUSD,0.176,0.178,0.167,0.173,4830.32291951
2024-06-22T00:00:00Z,SDNUSD,0.175,0.179,0.175,0.176,363.22933959
2024-06-23T00:00:00Z,SDNUSD,0.178,0.179,0.166,0.17,7556.37554443
2024-06-24T00:00:00Z,SDNUSD,0.171,0.171,0.145,0.159,22664.087786100004
2024-06-25T00:00:00Z,SDNUSD,0.163,0.174,0.16,0.174,24504.661907200003
2024-06-26T00:00:00Z,SDNUSD,0.174,0.174,0.171,0.171,745.4939339199999
2024-06-27T00:00:00Z,SDNUSD,0.167,0.171,0.163,0.169,2700.3980637400005
2024-06-28T00:00:00Z,SDNUSD,0.169,0.17,0.166,0.167,5733.9109312
2024-06-29T00:00:00Z,SDNUSD,0.162,0.17,0.156,0.161,23327.573051050007
2024-06-30T00:00:00Z,SDNUSD,0.163,0.165,0.161,0.165,3719.06232745
2024-07-01T00:00:00Z,SDNUSD,0.165,0.185,0.163,0.182,18371.22809919
2024-07-02T00:00:00Z,SDNUSD,0.182,0.21,0.182,0.187,38470.15938284999
2024-07-03T00:00:00Z,SDNUSD,0.186,0.186,0.168,0.174,7434.69076093
2024-07-04T00:00:00Z,SDNUSD,0.171,0.174,0.161,0.162,12609.722773750002
2024-07-05T00:00:00Z,SDNUSD,0.161,0.162,0.137,0.155,39402.62307168
2024-07-06T00:00:00Z,SDNUSD,0.154,0.163,0.152,0.161,1378.0452155599999
2024-07-07T00:00:00Z,SDNUSD,0.159,0.166,0.153,0.153,6739.923602029999
2024-07-08T00:00:00Z,SDNUSD,0.153,0.159,0.15,0.158,5154.97771524
2024-07-09T00:00:00Z,SDNUSD,0.161,0.168,0.161,0.163,3591.90376493
2024-07-10T00:00:00Z,SDNUSD,0.164,0.164,0.16,0.16,2773.20443
2024-07-11T00:00:00Z,SDNUSD,0.163,0.167,0.157,0.165,3865.11630336
2024-07-12T00:00:00Z,SDNUSD,0.163,0.164,0.162,0.164,727.91990548
2024-07-13T00:00:00Z,SDNUSD,0.162,0.195,0.162,0.193,25483.318004239998
2024-07-14T00:00:00Z,SDNUSD,0.186,0.192,0.177,0.178,5133.41133004
2024-07-15T00:00:00Z,SDNUSD,0.176,0.185,0.174,0.185,6558.50922426
2024-07-16T00:00:00Z,SDNUSD,0.185,0.197,0.176,0.193,10298.065265459998
2024-07-17T00:00:00Z,SDNUSD,0.196,0.2,0.19,0.192,6658.986722279999
2024-07-18T00:00:00Z,SDNUSD,0.199,0.199,0.183,0.187,32575.792944900004
2024-07-19T00:00:00Z,SDNUSD,0.187,0.193,0.182,0.188,10934.068912730001
2024-07-20T00:00:00Z,SDNUSD,0.185,0.194,0.174,0.187,62649.32174582003
2024-07-21T00:00:00Z,SDNUSD,0.192,0.194,0.186,0.193,3092.34192088
2024-07-22T00:00:00Z,SDNUSD,0.185,0.185,0.179,0.179,3017.0596793799996
2024-07-23T00:00:00Z,SDNUSD,0.183,0.183,0.173,0.173,2466.9813171
2024-07-24T00:00:00Z,SDNUSD,0.179,0.186,0.158,0.171,33200.16258608999
2024-07-25T00:00:00Z,SDNUSD,0.171,0.171,0.163,0.166,1651.2492132799998
2024-07-26T00:00:00Z,SDNUSD,0.171,0.178,0.167,0.178,2284.81283712
2024-07-28T00:00:00Z,SDNUSD,0.174,0.178,0.171,0.178,439.41412
2024-07-29T00:00:00Z,SDNUSD,0.179,0.179,0.16,0.177,22371.87349187
2024-07-30T00:00:00Z,SDNUSD,0.177,0.178,0.164,0.166,6486.334211180001
2024-07-31T00:00:00Z,SDNUSD,0.168,0.174,0.168,0.173,620.22648531
2024-08-01T00:00:00Z,SDNUSD,0.167,0.167,0.157,0.164,3479.6405769999997
2024-08-02T00:00:00Z,SDNUSD,0.162,0.164,0.152,0.153,6635.573658769999
2024-08-03T00:00:00Z,SDNUSD,0.152,0.155,0.145,0.145,5735.42340953
2024-08-04T00:00:00Z,SDNUSD,0.148,0.148,0.136,0.14,7089.912287960001
2024-08-05T00:00:00Z,SDNUSD,0.139,0.139,0.12,0.128,39851.392979679986
2024-08-06T00:00:00Z,SDNUSD,0.132,0.145,0.129,0.135,15103.596255860002
2024-08-07T00:00:00Z,SDNUSD,0.132,0.139,0.13,0.132,5767.30664425
2024-08-08T00:00:00Z,SDNUSD,0.131,0.144,0.131,0.143,13642.755848939998
2024-08-09T00:00:00Z,SDNUSD,0.143,0.148,0.135,0.139,7697.45739811
2024-08-10T00:00:00Z,SDNUSD,0.14,0.146,0.138,0.146,4747.7037037
2024-08-11T00:00:00Z,SDNUSD,0.15,0.158,0.144,0.144,8896.008322360001
2024-08-12T00:00:00Z,SDNUSD,0.142,0.152,0.137,0.146,12179.221010639994
2024-08-13T00:00:00Z,SDNUSD,0.143,0.144,0.143,0.144,289.44518683999996
2024-08-14T00:00:00Z,SDNUSD,0.144,0.148,0.142,0.145,1084.15887199
2024-08-15T00:00:00Z,SDNUSD,0.142,0.148,0.142,0.143,577.8331120199999
2024-08-16T00:00:00Z,SDNUSD,0.146,0.149,0.137,0.146,6132.003958480001
2024-08-17T00:00:00Z,SDNUSD,0.146,0.157,0.14,0.147,8410.50884653
2024-08-18T00:00:00Z,SDNUSD,0.147,0.154,0.145,0.147,1896.95645847
2024-08-19T00:00:00Z,SDNUSD,0.139,0.148,0.139,0.146,5131.76542384
2024-08-20T00:00:00Z,SDNUSD,0.149,0.149,0.143,0.149,2001.60363443
2024-08-21T00:00:00Z,SDNUSD,0.153,0.167,0.152,0.162,7995.45285097
2024-08-22T00:00:00Z,SDNUSD,0.167,0.168,0.162,0.168,22114.652105
2024-08-23T00:00:00Z,SDNUSD,0.168,0.179,0.168,0.176,6640.67842662
2024-08-24T00:00:00Z,SDNUSD,0.179,0.191,0.174,0.189,16625.726833679997
2024-08-25T00:00:00Z,SDNUSD,0.187,0.192,0.18,0.181,6893.40529531
2024-08-26T00:00:00Z,SDNUSD,0.182,0.182,0.174,0.174,2140.3670952800003
2024-08-27T00:00:00Z,SDNUSD,0.181,0.181,0.165,0.167,4879.9882328
2024-08-28T00:00:00Z,SDNUSD,0.164,0.166,0.152,0.156,8279.759626500001
2024-08-29T00:00:00Z,SDNUSD,0.156,0.163,0.152,0.158,5717.942860209999
2024-08-30T00:00:00Z,SDNUSD,0.149,0.177,0.138,0.153,30107.358485509998
2024-08-31T00:00:00Z,SDNUSD,0.156,0.182,0.15,0.155,17047.406307489993
2024-09-01T00:00:00Z,SDNUSD,0.154,0.155,0.143,0.147,6891.425254950002
2024-09-02T00:00:00Z,SDNUSD,0.147,0.153,0.14,0.146,18490.035863859997
2024-09-03T00:00:00Z,SDNUSD,0.145,0.15,0.137,0.139,27058.537352090007
2024-09-04T00:00:00Z,SDNUSD,0.142,0.142,0.131,0.136,22817.92569645
2024-09-05T00:00:00Z,SDNUSD,0.134,0.138,0.123,0.123,13694.738941090001
2024-09-06T00:00:00Z,SDNUSD,0.126,0.141,0.116,0.124,30651.174881949995
2024-09-07T00:00:00Z,SDNUSD,0.125,0.129,0.12,0.125,5089.351315959999
2024-09-08T00:00:00Z,SDNUSD,0.127,0.129,0.121,0.122,1677.47368532
2024-09-09T00:00:00Z,SDNUSD,0.125,0.132,0.117,0.127,57714.88423735
2024-09-10T00:00:00Z,SDNUSD,0.127,0.136,0.127,0.133,8613.332662189998
2024-09-11T00:00:00Z,SDNUSD,0.132,0.134,0.126,0.133,1645.94523546
2024-09-12T00:00:00Z,SDNUSD,0.134,0.137,0.129,0.133,10431.48022398
2024-09-13T00:00:00Z,SDNUSD,0.135,0.137,0.135,0.137,876.0
2024-09-14T00:00:00Z,SDNUSD,0.137,0.144,0.133,0.136,7312.802369770001
2024-09-15T00:00:00Z,SDNUSD,0.139,0.139,0.129,0.135,13651.073299279997
2024-09-16T00:00:00Z,SDNUSD,0.133,0.139,0.13,0.131,1337.27921478
2024-09-17T00:00:00Z,SDNUSD,0.14,0.146,0.139,0.146,3243.89881802
2024-09-18T00:00:00Z,SDNUSD,0.143,0.145,0.136,0.145,2788.63825977
2024-09-19T00:00:00Z,SDNUSD,0.142,0.15,0.134,0.147,18061.250694330003
2024-09-20T00:00:00Z,SDNUSD,0.149,0.152,0.144,0.147,4018.7028151199993
2024-09-21T00:00:00Z,SDNUSD,0.151,0.182,0.148,0.158,29069.318765020005
2024-09-22T00:00:00Z,SDNUSD,0.155,0.156,0.151,0.151,1761.70242
2024-09-23T00:00:00Z,SDNUSD,0.149,0.158,0.124,0.145,51570.03925543999
2024-09-24T00:00:00Z,SDNUSD,0.149,0.157,0.144,0.156,9780.37404799
2024-09-25T00:00:00Z,SDNUSD,0.156,0.157,0.151,0.151,2909.0102087499995
2024-09-26T00:00:00Z,SDNUSD,0.151,0.159,0.148,0.157,12553.57362857
2024-09-27T00:00:00Z,SDNUSD,0.157,0.162,0.156,0.16,10686.61408592
2024-09-28T00:00:00Z,SDNUSD,0.158,0.16,0.156,0.158,1648.20833027
2024-09-29T00:00:00Z,SDNUSD,0.157,0.162,0.154,0.16,4205.876726459999
2024-09-30T00:00:00Z,SDNUSD,0.156,0.158,0.151,0.151,1025.8258081600002
2024-10-01T00:00:00Z,SDNUSD,0.155,0.159,0.14,0.143,16501.54157675
2024-10-02T00:00:00Z,SDNUSD,0.141,0.15,0.14,0.14,16096.72084211
2024-10-03T00:00:00Z,SDNUSD,0.141,0.141,0.135,0.136,7623.46417186
2024-10-04T00:00:00Z,SDNUSD,0.137,0.141,0.136,0.141,460.14992240000004
2024-10-05T00:00:00Z,SDNUSD,0.14,0.144,0.139,0.139,3306.3782778600003
2024-10-06T00:00:00Z,SDNUSD,0.139,0.139,0.139,0.139,100.001
2024-10-07T00:00:00Z,SDNUSD,0.143,0.144,0.135,0.135,1523.31016608
2024-10-08T00:00:00Z,SDNUSD,0.137,0.137,0.135,0.135,546.86764705
2024-10-09T00:00:00Z,SDNUSD,0.132,0.132,0.132,0.132,9404.375600840001
2024-10-10T00:00:00Z,SDNUSD,0.13,0.131,0.129,0.129,1155.3118373
2024-10-11T00:00:00Z,SDNUSD,0.132,0.135,0.13,0.135,1427.9562595500001
2024-10-12T00:00:00Z,SDNUSD,0.135,0.135,0.135,0.135,317.0
2024-10-13T00:00:00Z,SDNUSD,0.135,0.135,0.135,0.135,327.09214
2024-10-14T00:00:00Z,SDNUSD,0.133,0.145,0.129,0.14,13480.160343159998
2024-10-15T00:00:00Z,SDNUSD,0.143,0.143,0.131,0.137,43611.264752940006
2024-10-16T00:00:00Z,SDNUSD,0.137,0.138,0.132,0.138,3464.40534321
2024-10-17T00:00:00Z,SDNUSD,0.129,0.132,0.129,0.13,660.26744187
2024-10-18T00:00:00Z,SDNUSD,0.134,0.135,0.125,0.131,2295.49365594
2024-10-19T00:00:00Z,SDNUSD,0.134,0.134,0.134,0.134,17.37469
2024-10-20T00:00:00Z,SDNUSD,0.132,0.14,0.132,0.14,4740.88195685
2024-10-21T00:00:00Z,SDNUSD,0.139,0.15,0.132,0.136,18373.7977771
2024-10-22T00:00:00Z,SDNUSD,0.129,0.136,0.129,0.134,5091.52492996
2024-10-23T00:00:00Z,SDNUSD,0.132,0.132,0.128,0.128,534.92823785
2024-10-24T00:00:00Z,SDNUSD,0.129,0.129,0.125,0.125,3540.13808064
2024-10-25T00:00:00Z,SDNUSD,0.123,0.126,0.117,0.117,15553.21888653
2024-10-26T00:00:00Z,SDNUSD,0.123,0.123,0.117,0.119,4488.84970544
2024-10-27T00:00:00Z,SDNUSD,0.121,0.122,0.119,0.121,4270.97768364
2024-10-28T00:00:00Z,SDNUSD,0.122,0.122,0.122,0.122,1535.11123043
2024-10-29T00:00:00Z,SDNUSD,0.122,0.128,0.122,0.124,3236.7704532800003
2024-10-30T00:00:00Z,SDNUSD,0.121,0.123,0.121,0.123,576.61282632
2024-10-31T00:00:00Z,SDNUSD,0.123,0.123,0.119,0.119,1240.48531091
2024-11-01T00:00:00Z,SDNUSD,0.12,0.121,0.117,0.118,10750.080737039998
2024-11-02T00:00:00Z,SDNUSD,0.117,0.122,0.117,0.122,759.70486665
2024-11-03T00:00:00Z,SDNUSD,0.122,0.129,0.112,0.118,22355.991757949996
2024-11-04T00:00:00Z,SDNUSD,0.12,0.123,0.11,0.11,10851.48408533
2024-11-05T00:00:00Z,SDNUSD,0.111,0.118,0.111,0.118,14658.03772499
2024-11-06T00:00:00Z,SDNUSD,0.119,0.125,0.117,0.125,10658.489965109999
2024-11-07T00:00:00Z,SDNUSD,0.125,0.126,0.124,0.125,4527.47623957
2024-11-08T00:00:00Z,SDNUSD,0.125,0.125,0.119,0.125,12896.78487456
2024-11-09T00:00:00Z,SDNUSD,0.125,0.127,0.119,0.127,40089.770489430004
2024-11-10T00:00:00Z,SDNUSD,0.127,0.143,0.122,0.143,13799.871166699999
2024-11-11T00:00:00Z,SDNUSD,0.14,0.147,0.131,0.14,25468.588374050014
2024-11-12T00:00:00Z,SDNUSD,0.143,0.147,0.133,0.14,9461.46939973
2024-11-13T00:00:00Z,SDNUSD,0.138,0.139,0.127,0.13,7626.16031894
2024-11-14T00:00:00Z,SDNUSD,0.13,0.131,0.123,0.126,9248.360430359999
2024-11-15T00:00:00Z,SDNUSD,0.126,0.129,0.123,0.128,7153.587011859999
2024-11-16T00:00:00Z,SDNUSD,0.127,0.143,0.126,0.14,13211.57763648
2024-11-17T00:00:00Z,SDNUSD,0.14,0.149,0.139,0.139,14791.872095910003
2024-11-18T00:00:00Z,SDNUSD,0.143,0.149,0.141,0.148,20090.36079906
2024-11-19T00:00:00Z,SDNUSD,0.149,0.152,0.143,0.145,28863.471296919983
2024-11-20T00:00:00Z,SDNUSD,0.143,0.158,0.142,0.144,42420.586030679995
2024-11-21T00:00:00Z,SDNUSD,0.143,0.15,0.139,0.146,6045.6813108000015
2024-11-22T00:00:00Z,SDNUSD,0.146,0.152,0.139,0.148,10208.30154232
2024-11-23T00:00:00Z,SDNUSD,0.151,0.265,0.15,0.174,100397.74476586998
2024-11-24T00:00:00Z,SDNUSD,0.163,0.186,0.152,0.171,47187.92265319001
2024-11-25T00:00:00Z,SDNUSD,0.172,0.187,0.162,0.175,35743.36132704999
2024-11-26T00:00:00Z,SDNUSD,0.177,0.186,0.161,0.169,14297.659453339998
2024-11-27T00:00:00Z,SDNUSD,0.175,0.184,0.174,0.182,6659.991609039998
2024-11-28T00:00:00Z,SDNUSD,0.182,0.192,0.172,0.181,34053.51617485001
2024-11-29T00:00:00Z,SDNUSD,0.18,0.183,0.169,0.18,21797.5873389
2024-11-30T00:00:00Z,SDNUSD,0.179,0.191,0.176,0.188,60413.663243029965
2024-12-01T00:00:00Z,SDNUSD,0.187,0.204,0.182,0.192,24315.264900240003
2024-12-02T00:00:00Z,SDNUSD,0.188,0.197,0.17,0.177,41067.81765517998
2024-12-03T00:00:00Z,SDNUSD,0.178,0.217,0.178,0.2,34925.49680433
2024-12-04T00:00:00Z,SDNUSD,0.201,0.222,0.197,0.215,25845.99777465
2024-12-05T00:00:00Z,SDNUSD,0.205,0.3,0.188,0.211,125556.90541255001
2024-12-06T00:00:00Z,SDNUSD,0.211,0.223,0.203,0.223,22619.017170829997
2024-12-07T00:00:00Z,SDNUSD,0.226,0.228,0.21,0.218,14584.425912179997
2024-12-08T00:00:00Z,SDNUSD,0.218,0.223,0.207,0.217,6998.768538280002
2024-12-09T00:00:00Z,SDNUSD,0.205,0.218,0.171,0.179,15327.139444829998
2024-12-10T00:00:00Z,SDNUSD,0.181,0.183,0.164,0.171,22225.22142914
2024-12-11T00:00:00Z,SDNUSD,0.171,0.188,0.171,0.188,4409.7213884600005
2024-12-12T00:00:00Z,SDNUSD,0.187,0.204,0.175,0.19,14768.746693130002
2024-12-13T00:00:00Z,SDNUSD,0.192,0.197,0.189,0.194,4758.61984006
2024-12-14T00:00:00Z,SDNUSD,0.2,0.203,0.188,0.19,5559.08889881
2024-12-15T00:00:00Z,SDNUSD,0.19,0.196,0.187,0.193,9928.400868490002
2024-12-16T00:00:00Z,SDNUSD,0.192,0.192,0.182,0.187,25879.532737039997
2024-12-17T00:00:00Z,SDNUSD,0.186,0.188,0.177,0.177,4637.77744256
2024-12-18T00:00:00Z,SDNUSD,0.178,0.178,0.166,0.167,5712.465552829999
2024-12-19T00:00:00Z,SDNUSD,0.166,0.171,0.153,0.153,10781.545769609995
2024-12-20T00:00:00Z,SDNUSD,0.152,0.16,0.142,0.16,15987.76858418
2024-12-21T00:00:00Z,SDNUSD,0.159,0.171,0.156,0.156,12934.01050703
2024-12-22T00:00:00Z,SDNUSD,0.158,0.162,0.153,0.154,4765.37936262
2024-12-23T00:00:00Z,SDNUSD,0.157,0.164,0.156,0.164,3774.74285223
2024-12-24T00:00:00Z,SDNUSD,0.167,0.173,0.164,0.168,2626.30347899
2024-12-25T00:00:00Z,SDNUSD,0.169,0.17,0.168,0.169,1251.9909551300002
2024-12-26T00:00:00Z,SDNUSD,0.17,0.17,0.16,0.16,8043.061701630001
2024-12-27T00:00:00Z,SDNUSD,0.16,0.167,0.159,0.164,11107.657393739997
2024-12-28T00:00:00Z,SDNUSD,0.164,0.168,0.155,0.168,7098.367959900002
2024-12-29T00:00:00Z,SDNUSD,0.166,0.166,0.16,0.16,4133.76796204
2024-12-30T00:00:00Z,SDNUSD,0.162,0.164,0.152,0.158,11791.70035166
2024-12-31T00:00:00Z,SDNUSD,0.16,0.164,0.155,0.157,2279.3724863
2025-01-01T00:00:00Z,SDNUSD,0.154,0.162,0.152,0.158,1808.7262970699999
2025-01-02T00:00:00Z,SDNUSD,0.16,0.163,0.158,0.159,1252.4769999999999
2025-01-03T00:00:00Z,SDNUSD,0.161,0.168,0.157,0.168,7039.94362137
2025-01-04T00:00:00Z,SDNUSD,0.168,0.171,0.167,0.167,3666.2409457700005
2025-01-05T00:00:00Z,SDNUSD,0.17,0.171,0.162,0.169,1557.4319200099999
2025-01-06T00:00:00Z,SDNUSD,0.17,0.177,0.168,0.168,3744.9769115499994
2025-01-07T00:00:00Z,SDNUSD,0.169,0.181,0.166,0.171,9567.903762839998
2025-01-08T00:00:00Z,SDNUSD,0.167,0.169,0.162,0.162,1879.2426629299996
2025-01-09T00:00:00Z,SDNUSD,0.164,0.172,0.157,0.162,13514.31617168
2025-01-10T00:00:00Z,SDNUSD,0.165,0.172,0.156,0.167,18014.67000135
2025-01-11T00:00:00Z,SDNUSD,0.173,0.175,0.163,0.164,13266.408073200004
2025-01-12T00:00:00Z,SDNUSD,0.163,0.167,0.159,0.162,4804.5474892600005
2025-01-13T00:00:00Z,SDNUSD,0.157,0.157,0.14,0.155,27997.339512679995
2025-01-14T00:00:00Z,SDNUSD,0.155,0.16,0.153,0.156,2146.37018282
2025-01-15T00:00:00Z,SDNUSD,0.157,0.166,0.151,0.164,8148.064317959998
2025-01-16T00:00:00Z,SDNUSD,0.162,0.165,0.161,0.162,862.90855489
2025-01-17T00:00:00Z,SDNUSD,0.161,0.173,0.159,0.165,5692.079344119999
2025-01-18T00:00:00Z,SDNUSD,0.165,0.165,0.147,0.15,10612.879703710001
2025-01-19T00:00:00Z,SDNUSD,0.151,0.157,0.14,0.14,20339.368225250008
2025-01-20T00:00:00Z,SDNUSD,0.14,0.151,0.136,0.138,23313.202573550006
2025-01-21T00:00:00Z,SDNUSD,0.138,0.142,0.135,0.142,7623.2864561199995
2025-01-22T00:00:00Z,SDNUSD,0.141,0.142,0.139,0.139,741.73356421
2025-01-23T00:00:00Z,SDNUSD,0.137,0.14,0.133,0.136,11601.160957150001
2025-01-24T00:00:00Z,SDNUSD,0.136,0.138,0.133,0.136,10415.783359219999
2025-01-25T00:00:00Z,SDNUSD,0.136,0.144,0.136,0.137,4526.21701683
2025-01-26T00:00:00Z,SDNUSD,0.137,0.138,0.13,0.135,6363.66495329
2025-01-27T00:00:00Z,SDNUSD,0.131,0.132,0.125,0.128,19182.161977839998
2025-01-28T00:00:00Z,SDNUSD,0.128,0.129,0.123,0.123,8887.09203509
2025-01-29T00:00:00Z,SDNUSD,0.122,0.127,0.121,0.126,6571.1032453
2025-01-30T00:00:00Z,SDNUSD,0.125,0.129,0.122,0.123,3320.5781924499997
2025-01-31T00:00:00Z,SDNUSD,0.122,0.13,0.121,0.125,8270.651151
2025-02-01T00:00:00Z,SDNUSD,0.126,0.126,0.12,0.12,16256.58845328
2025-02-02T00:00:00Z,SDNUSD,0.12,0.122,0.101,0.101,61398.199851549994
2025-02-03T00:00:00Z,SDNUSD,0.099,0.108,0.087,0.105,41003.892590979995
2025-02-04T00:00:00Z,SDNUSD,0.105,0.11,0.094,0.096,39810.15891672999
2025-02-05T00:00:00Z,SDNUSD,0.099,0.102,0.097,0.098,11409.89594388
2025-02-06T00:00:00Z,SDNUSD,0.101,0.101,0.094,0.095,11420.160656949996
2025-02-07T00:00:00Z,SDNUSD,0.095,0.1,0.092,0.094,10417.646196919999
2025-02-08T00:00:00Z,SDNUSD,0.095,0.098,0.094,0.098,4784.19417952
2025-02-09T00:00:00Z,SDNUSD,0.098,0.102,0.088,0.091,30091.63935258001
2025-02-10T00:00:00Z,SDNUSD,0.092,0.093,0.09,0.092,10256.16031587
2025-02-11T00:00:00Z,SDNUSD,0.092,0.095,0.091,0.092,22845.952156280004
2025-02-12T00:00:00Z,SDNUSD,0.092,0.095,0.087,0.094,35039.589391019996
2025-02-13T00:00:00Z,SDNUSD,0.095,0.095,0.089,0.094,15064.36994064
2025-02-14T00:00:00Z,SDNUSD,0.094,0.094,0.092,0.094,7703.78401599
2025-02-15T00:00:00Z,SDNUSD,0.093,0.095,0.088,0.092,30289.62461914
2025-02-16T00:00:00Z,SDNUSD,0.092,0.092,0.091,0.092,6718.58874223
2025-02-17T00:00:00Z,SDNUSD,0.092,0.092,0.092,0.092,2045.2407381600003
2025-02-18T00:00:00Z,SDNUSD,0.095,0.095,0.085,0.085,56311.85481148001
2025-02-19T00:00:00Z,SDNUSD,0.084,0.09,0.084,0.09,14755.063189640001
2025-02-20T00:00:00Z,SDNUSD,0.091,0.094,0.09,0.094,3091.32718952
2025-02-21T00:00:00Z,SDNUSD,0.094,0.108,0.094,0.098,33375.86630287001
2025-02-22T00:00:00Z,SDNUSD,0.099,0.103,0.095,0.1,9728.852235149998
2025-02-23T00:00:00Z,SDNUSD,0.101,0.101,0.099,0.099,423.58005225
2025-02-24T00:00:00Z,SDNUSD,0.098,0.098,0.086,0.087,26445.50721908
2025-02-25T00:00:00Z,SDNUSD,0.085,0.087,0.083,0.086,14646.711429789997
2025-02-26T00:00:00Z,SDNUSD,0.088,0.091,0.086,0.089,4001.2274600700002
2025-02-27T00:00:00Z,SDNUSD,0.089,0.094,0.088,0.088,6093.6200332
2025-02-28T00:00:00Z,SDNUSD,0.088,0.088,0.082,0.087,26664.997613529995
2025-03-01T00:00:00Z,SDNUSD,0.085,0.085,0.084,0.085,3724.0871986399993
2025-03-02T00:00:00Z,SDNUSD,0.086,0.093,0.085,0.092,6718.1439159599995
2025-03-03T00:00:00Z,SDNUSD,0.09,0.09,0.079,0.081,29158.61144887
2025-03-04T00:00:00Z,SDNUSD,0.08,0.08,0.076,0.077,23961.907966919996
2025-03-05T00:00:00Z,SDNUSD,0.073,0.079,0.073,0.079,4615.9978074499995
2025-03-06T00:00:00Z,SDNUSD,0.079,0.081,0.078,0.079,4025.1805270300006
2025-03-07T00:00:00Z,SDNUSD,0.077,0.078,0.077,0.077,2529.46949779
2025-03-08T00:00:00Z,SDNUSD,0.076,0.076,0.075,0.076,943.0
2025-03-09T00:00:00Z,SDNUSD,0.075,0.075,0.072,0.072,3208.602279409999
2025-03-10T00:00:00Z,SDNUSD,0.072,0.074,0.067,0.069,18319.68951149
2025-03-11T00:00:00Z,SDNUSD,0.068,0.069,0.0631,0.068,39243.9907956
2025-03-12T00:00:00Z,SDNUSD,0.0682,0.0707,0.0682,0.0707,2395.10032799
2025-03-13T00:00:00Z,SDNUSD,0.0706,0.0743,0.0702,0.0704,29583.097807370003
2025-03-14T00:00:00Z,SDNUSD,0.0704,0.0709,0.0704,0.0707,4442.608585150001
2025-03-15T00:00:00Z,SDNUSD,0.0703,0.0714,0.0703,0.0712,3858.46644857
2025-03-16T00:00:00Z,SDNUSD,0.0715,0.0715,0.0715,0.0715,213.43799929
2025-03-17T00:00:00Z,SDNUSD,0.073,0.073,0.0715,0.0723,807.0612009800002
2025-03-18T00:00:00Z,SDNUSD,0.072,0.072,0.072,0.072,238.3399774
2025-03-19T00:00:00Z,SDNUSD,0.0716,0.0755,0.0716,0.0755,1523.5412478399999
2025-03-20T00:00:00Z,SDNUSD,0.0769,0.0769,0.0705,0.072,9896.06081803
2025-03-21T00:00:00Z,SDNUSD,0.0735,0.0736,0.0718,0.0731,1380.30354533
2025-03-22T00:00:00Z,SDNUSD,0.0731,0.0754,0.072,0.0748,9784.264200329999
2025-03-23T00:00:00Z,SDNUSD,0.0744,0.0752,0.0702,0.0724,9944.630594010001
2025-03-24T00:00:00Z,SDNUSD,0.0727,0.0766,0.0727,0.0754,21432.45744411
2025-03-25T00:00:00Z,SDNUSD,0.077,0.077,0.0756,0.0768,5214.19184473
2025-03-26T00:00:00Z,SDNUSD,0.0768,0.0782,0.0753,0.076,3919.95349866
2025-03-27T00:00:00Z,SDNUSD,0.0764,0.0772,0.0727,0.0765,5030.81842118
2025-03-28T00:00:00Z,SDNUSD,0.0737,0.0742,0.0691,0.0714,10574.24117539
2025-03-29T00:00:00Z,SDNUSD,0.0701,0.0745,0.0668,0.0679,52843.060581779966
2025-03-30T00:00:00Z,SDNUSD,0.067,0.0677,0.067,0.067,4819.838933299999
2025-03-31T00:00:00Z,SDNUSD,0.067,0.069,0.0621,0.0655,64941.910672390004
2025-04-01T00:00:00Z,SDNUSD,0.0653,0.0683,0.0653,0.0653,13651.751837519998
2025-04-02T00:00:00Z,SDNUSD,0.0647,0.0651,0.0613,0.0613,10781.20163566
2025-04-03T00:00:00Z,SDNUSD,0.0612,0.0612,0.0588,0.0592,30284.938071759992
2025-04-04T00:00:00Z,SDNUSD,0.0597,0.0604,0.0566,0.0597,35955.237117970006
2025-04-05T00:00:00Z,SDNUSD,0.0598,0.0659,0.0598,0.061,22713.835712590004
2025-04-06T00:00:00Z,SDNUSD,0.0622,0.0622,0.0524,0.0524,34737.38381403
2025-04-07T00:00:00Z,SDNUSD,0.053,0.055,0.052,0.0549,38839.242519909996
2025-04-08T00:00:00Z,SDNUSD,0.0548,0.056,0.046,0.0506,94032.98711811999
2025-04-09T00:00:00Z,SDNUSD,0.0497,0.0559,0.0485,0.0559,60328.38607256002
2025-04-10T00:00:00Z,SDNUSD,0.0566,0.0566,0.0521,0.0525,5213.189375749999
2025-04-11T00:00:00Z,SDNUSD,0.0534,0.0565,0.0534,0.0563,3475.82128876
2025-04-12T00:00:00Z,SDNUSD,0.0546,0.0601,0.0546,0.059,15295.674100280003
2025-04-13T00:00:00Z,SDNUSD,0.0602,0.0606,0.0587,0.0594,2467.41605839
2025-04-14T00:00:00Z,SDNUSD,0.0573,0.0579,0.0561,0.0567,3536.60643356
2025-04-15T00:00:00Z,SDNUSD,0.0588,0.0589,0.0536,0.0564,24027.061779480002
2025-04-16T00:00:00Z,SDNUSD,0.0559,0.0559,0.0559,0.0559,157.0871
2025-04-17T00:00:00Z,SDNUSD,0.054,0.0545,0.054,0.0545,370.05542
2025-04-18T00:00:00Z,SDNUSD,0.055,0.0636,0.054,0.054,12586.22818431
2025-04-19T00:00:00Z,SDNUSD,0.0541,0.0584,0.0541,0.0584,1690.18818255
2025-04-20T00:00:00Z,SDNUSD,0.0606,0.0606,0.0606,0.0606,392.0
2025-04-21T00:00:00Z,SDNUSD,0.0594,0.0598,0.0539,0.057,37815.04522146001
2025-04-22T00:00:00Z,SDNUSD,0.0557,0.0569,0.0557,0.0569,4043.88726183
2025-04-23T00:00:00Z,SDNUSD,0.0574,0.0604,0.0574,0.0602,3741.92688594
2025-04-24T00:00:00Z,SDNUSD,0.0587,0.0603,0.0581,0.0591,3236.05893882
2025-04-25T00:00:00Z,SDNUSD,0.061,0.0662,0.0594,0.0633,9051.64662477
2025-04-26T00:00:00Z,SDNUSD,0.0633,0.0633,0.0621,0.0621,774.38070713
2025-04-27T00:00:00Z,SDNUSD,0.0608,0.0626,0.0599,0.0606,4737.626092310001
2025-04-28T00:00:00Z,SDNUSD,0.061,0.0626,0.0592,0.0592,787.4762560300001
2025-04-29T00:00:00Z,SDNUSD,0.0608,0.0613,0.0574,0.061,12896.527938719997
2025-04-30T00:00:00Z,SDNUSD,0.0577,0.06,0.054,0.0599,44688.17645425001
2025-05-01T00:00:00Z,SDNUSD,0.0589,0.0612,0.0567,0.0567,10934.29364098
2025-05-02T00:00:00Z,SDNUSD,0.0595,0.0609,0.0581,0.0598,9450.732520229998
2025-05-03T00:00:00Z,SDNUSD,0.0597,0.0597,0.0597,0.0597,280.17414364
2025-05-04T00:00:00Z,SDNUSD,0.056,0.0588,0.0555,0.0557,13908.404107670001
2025-05-05T00:00:00Z,SDNUSD,0.0555,0.0555,0.0547,0.0552,4901.931774990001
2025-05-06T00:00:00Z,SDNUSD,0.0543,0.0551,0.0532,0.0542,18850.12163869
2025-05-07T00:00:00Z,SDNUSD,0.0551,0.056,0.0543,0.0549,2072.17679142
2025-05-08T00:00:00Z,SDNUSD,0.0554,0.063,0.0554,0.063,4570.375727309999
2025-05-09T00:00:00Z,SDNUSD,0.0626,0.067,0.0596,0.0649,18160.01024655
2025-05-10T00:00:00Z,SDNUSD,0.0647,0.0699,0.0618,0.0674,14217.446045740002
2025-05-11T00:00:00Z,SDNUSD,0.0682,0.0712,0.0646,0.0646,26259.85798222
2025-05-12T00:00:00Z,SDNUSD,0.0661,0.0691,0.0657,0.0691,22392.318878700004
2025-05-13T00:00:00Z,SDNUSD,0.0675,0.074,0.0675,0.0712,4674.341230419999
2025-05-14T00:00:00Z,SDNUSD,0.0709,0.0709,0.0706,0.0706,170.89985895
2025-05-15T00:00:00Z,SDNUSD,0.0663,0.0663,0.0646,0.065,16518.69768063
2025-05-16T00:00:00Z,SDNUSD,0.0648,0.0649,0.063,0.0644,1919.5577895299998
2025-05-17T00:00:00Z,SDNUSD,0.0591,0.0637,0.0572,0.0615,7601.657390620001
2025-05-18T00:00:00Z,SDNUSD,0.061,0.0627,0.0604,0.0608,14735.107769569995
2025-05-19T00:00:00Z,SDNUSD,0.0615,0.0622,0.0593,0.0612,3152.15807748
2025-05-20T00:00:00Z,SDNUSD,0.0607,0.0612,0.0604,0.0604,1357.98814122
2025-05-21T00:00:00Z,SDNUSD,0.0599,0.0619,0.0537,0.0595,63456.365165150004
2025-05-22T00:00:00Z,SDNUSD,0.0599,0.0639,0.0599,0.0623,4856.602901610001
2025-05-23T00:00:00Z,SDNUSD,0.0633,0.0638,0.0593,0.0593,4138.73217497
2025-05-24T00:00:00Z,SDNUSD,0.0608,0.0608,0.0608,0.0608,196.62
2025-05-25T00:00:00Z,SDNUSD,0.0611,0.0611,0.0576,0.0576,7029.36151052
2025-05-26T00:00:00Z,SDNUSD,0.0595,0.062,0.0567,0.0591,14023.6720035
2025-05-27T00:00:00Z,SDNUSD,0.0597,0.0602,0.0592,0.0602,1759.2178437700002
2025-05-28T00:00:00Z,SDNUSD,0.0597,0.0597,0.0568,0.0568,1751.9919858300002
2025-05-29T00:00:00Z,SDNUSD,0.0594,0.0599,0.0576,0.0577,2316.08107121
2025-05-30T00:00:00Z,SDNUSD,0.0566,0.0573,0.0548,0.0572,19811.160255659997
2025-05-31T00:00:00Z,SDNUSD,0.057,0.057,0.0533,0.0555,25717.299156659992
2025-06-01T00:00:00Z,SDNUSD,0.0555,0.0692,0.0545,0.0566,43440.922135860004
2025-06-02T00:00:00Z,SDNUSD,0.0569,0.0647,0.0566,0.0569,31875.29366596
2025-06-03T00:00:00Z,SDNUSD,0.0595,0.0699,0.0576,0.059,24944.814193599992
2025-06-04T00:00:00Z,SDNUSD,0.0572,0.0597,0.0568,0.0597,7560.242763129999
2025-06-05T00:00:00Z,SDNUSD,0.057,0.06,0.0569,0.059,13483.48881618
2025-06-06T00:00:00Z,SDNUSD,0.0571,0.0587,0.0569,0.0579,5636.4707034
2025-06-07T00:00:00Z,SDNUSD,0.0579,0.0599,0.0579,0.0599,71.96798
2025-06-08T00:00:00Z,SDNUSD,0.0602,0.0606,0.0582,0.0582,922.90493619
2025-06-09T00:00:00Z,SDNUSD,0.0571,0.0644,0.0571,0.062,7697.90823428
2025-06-10T00:00:00Z,SDNUSD,0.0618,0.0618,0.0618,0.0618,986.78307295
2025-06-11T00:00:00Z,SDNUSD,0.0615,0.0625,0.0606,0.0619,2014.4314163899999
2025-06-12T00:00:00Z,SDNUSD,0.0596,0.0596,0.0582,0.0582,4158.8234800400005
2025-06-13T00:00:00Z,SDNUSD,0.0581,0.0582,0.055,0.0565,63358.83151014996
2025-06-14T00:00:00Z,SDNUSD,0.0568,0.0569,0.0554,0.0562,7868.1265568
2025-06-15T00:00:00Z,SDNUSD,0.0556,0.0563,0.0556,0.0563,2724.0434886499997
2025-06-16T00:00:00Z,SDNUSD,0.0573,0.0582,0.0573,0.0582,360.95737694
2025-06-17T00:00:00Z,SDNUSD,0.0574,0.0574,0.0555,0.0555,8301.02878251
2025-06-18T00:00:00Z,SDNUSD,0.0553,0.0554,0.0539,0.0552,7930.64487322
2025-06-19T00:00:00Z,SDNUSD,0.0552,0.0564,0.0526,0.0549,9636.89303333
2025-06-20T00:00:00Z,SDNUSD,0.055,0.055,0.0541,0.0542,1755.51880551
2025-06-21T00:00:00Z,SDNUSD,0.0548,0.0548,0.0525,0.0525,18164.7086513
2025-06-22T00:00:00Z,SDNUSD,0.0523,0.0523,0.0487,0.0487,29529.739963450003
2025-06-23T00:00:00Z,SDNUSD,0.0493,0.0501,0.0485,0.0497,24905.717094649997
2025-06-24T00:00:00Z,SDNUSD,0.0521,0.055,0.0515,0.0525,3914.61554902
2025-06-25T00:00:00Z,SDNUSD,0.051,0.0528,0.051,0.0513,1000.0
2025-06-26T00:00:00Z,SDNUSD,0.0517,0.0549,0.0517,0.0532,1456.12320698
2025-06-27T00:00:00Z,SDNUSD,0.0557,0.0632,0.0523,0.055,50699.95320363
2025-06-28T00:00:00Z,SDNUSD,0.0557,0.0557,0.0557,0.0557,65.17243
2025-06-29T00:00:00Z,SDNUSD,0.0618,0.0636,0.0557,0.0563,10652.665628439998
2025-06-30T00:00:00Z,SDNUSD,0.0585,0.0591,0.0566,0.0566,7634.395066499999
2025-07-01T00:00:00Z,SDNUSD,0.057,0.057,0.0537,0.0537,6933.836714970001
2025-07-02T00:00:00Z,SDNUSD,0.0537,0.069,0.0537,0.058,54458.25824297
2025-07-03T00:00:00Z,SDNUSD,0.0583,0.0583,0.0539,0.0576,91812.32775527997
2025-07-04T00:00:00Z,SDNUSD,0.057,0.0585,0.0538,0.0538,30069.644525579995
2025-07-05T00:00:00Z,SDNUSD,0.0543,0.0543,0.0537,0.0537,1400.9219001499998
2025-07-06T00:00:00Z,SDNUSD,0.0535,0.0535,0.051,0.0521,36338.240885390005
2025-07-07T00:00:00Z,SDNUSD,0.052,0.052,0.046,0.0493,88103.01275065001
2025-07-08T00:00:00Z,SDNUSD,0.0491,0.0492,0.0484,0.0484,6631.562407969999
2025-07-09T00:00:00Z,SDNUSD,0.0484,0.0523,0.0465,0.0519,14993.7674834
2025-07-10T00:00:00Z,SDNUSD,0.052,0.0552,0.0502,0.0549,77867.0679354099
2025-07-11T00:00:00Z,SDNUSD,0.0557,0.0616,0.0552,0.0572,7428.583642299999
2025-07-12T00:00:00Z,SDNUSD,0.0577,0.0578,0.0533,0.0567,33043.08629241001
2025-07-13T00:00:00Z,SDNUSD,0.0567,0.0585,0.0545,0.0571,7124.808893050001
2025-07-14T00:00:00Z,SDNUSD,0.0582,0.0597,0.0561,0.0561,5307.71159028
2025-07-15T00:00:00Z,SDNUSD,0.0578,0.0585,0.0548,0.058,4971.27601932
2025-07-16T00:00:00Z,SDNUSD,0.0584,0.0584,0.0561,0.058,2292.10448609
2025-07-17T00:00:00Z,SDNUSD,0.055,0.0589,0.0537,0.0544,11499.36116351
2025-07-18T00:00:00Z,SDNUSD,0.0571,0.06,0.0531,0.0572,12354.528172209999
2025-07-19T00:00:00Z,SDNUSD,0.0554,0.0554,0.053,0.0553,11565.186501419998
2025-07-20T00:00:00Z,SDNUSD,0.0542,0.0558,0.0513,0.0539,5482.01426235
2025-07-21T00:00:00Z,SDNUSD,0.0579,0.0579,0.056,0.0562,1980.3863765899998
2025-07-22T00:00:00Z,SDNUSD,0.06,0.06,0.0532,0.06,17738.779360169996
2025-07-23T00:00:00Z,SDNUSD,0.06,0.0646,0.0517,0.0517,61316.93630172999
2025-07-24T00:00:00Z,SDNUSD,0.0515,0.0516,0.0495,0.05,10657.368184569998
2025-07-25T00:00:00Z,SDNUSD,0.0504,0.0504,0.0479,0.0481,16287.2643564
2025-07-26T00:00:00Z,SDNUSD,0.0479,0.0505,0.0478,0.0481,34003.36336896999
2025-07-27T00:00:00Z,SDNUSD,0.0481,0.0498,0.048,0.0481,13662.424463840001
2025-07-28T00:00:00Z,SDNUSD,0.049,0.0543,0.046,0.0461,26083.73004538
2025-07-29T00:00:00Z,SDNUSD,0.0454,0.0474,0.0416,0.0417,60949.98994853999
2025-07-30T00:00:00Z,SDNUSD,0.0427,0.044,0.0411,0.0431,20574.44747102
2025-07-31T00:00:00Z,SDNUSD,0.0432,0.055,0.0407,0.0411,19432.44829689
2025-08-01T00:00:00Z,SDNUSD,0.0408,0.0408,0.0388,0.0388,37728.870897169996
2025-08-02T00:00:00Z,SDNUSD,0.0392,0.0438,0.0366,0.0381,25474.09020542
2025-08-03T00:00:00Z,SDNUSD,0.0388,0.0434,0.0363,0.0378,14691.408472
2025-08-04T00:00:00Z,SDNUSD,0.0385,0.0393,0.0377,0.039,1871.49718789
2025-08-05T00:00:00Z,SDNUSD,0.0388,0.0388,0.037,0.0375,6703.10404793
2025-08-06T00:00:00Z,SDNUSD,0.0371,0.0392,0.0364,0.0383,3935.1047661500006
2025-08-07T00:00:00Z,SDNUSD,0.0382,0.0405,0.0382,0.0389,4797.59296834
2025-08-08T00:00:00Z,SDNUSD,0.0412,0.0425,0.0379,0.0413,5444.02777534
2025-08-09T00:00:00Z,SDNUSD,0.0403,0.0417,0.039,0.0417,5357.27693392
2025-08-10T00:00:00Z,SDNUSD,0.041,0.0418,0.0407,0.0417,1812.37310868
2025-08-11T00:00:00Z,SDNUSD,0.0417,0.0429,0.0393,0.0397,21842.74582005
2025-08-12T00:00:00Z,SDNUSD,0.0394,0.0403,0.0394,0.04,15062.89870274
2025-08-13T00:00:00Z,SDNUSD,0.04,0.102,0.04,0.0536,492773.6021086696
2025-08-14T00:00:00Z,SDNUSD,0.0535,0.0644,0.0488,0.0505,211031.66093133992
2025-08-15T00:00:00Z,SDNUSD,0.0502,0.0509,0.0476,0.0481,4903.092899629999
2025-08-16T00:00:00Z,SDNUSD,0.0487,0.0491,0.0462,0.0473,8212.701299319999
2025-08-17T00:00:00Z,SDNUSD,0.0481,0.0501,0.0459,0.0485,8049.812603969999
2025-08-18T00:00:00Z,SDNUSD,0.0468,0.0479,0.0436,0.0459,25641.481813880004
2025-08-19T00:00:00Z,SDNUSD,0.0458,0.0542,0.0432,0.0447,12264.642195510001
2025-08-20T00:00:00Z,SDNUSD,0.0447,0.0461,0.0423,0.0445,8553.413562680002
2025-08-21T00:00:00Z,SDNUSD,0.0447,0.056,0.0437,0.0464,97831.46316764002
2025-08-22T00:00:00Z,SDNUSD,0.0471,0.0529,0.046,0.0509,39087.36859404002
2025-08-23T00:00:00Z,SDNUSD,0.0511,0.0525,0.0479,0.0496,20929.175934690003
2025-08-24T00:00:00Z,SDNUSD,0.0497,0.0497,0.0463,0.049,8624.94829362
2025-08-25T00:00:00Z,SDNUSD,0.0475,0.0485,0.0441,0.0445,9170.79867979
2025-08-26T00:00:00Z,SDNUSD,0.0429,0.0439,0.0425,0.0427,4695.44099059
2025-08-27T00:00:00Z,SDNUSD,0.0428,0.0437,0.0405,0.0415,55053.57820832999
2025-08-28T00:00:00Z,SDNUSD,0.0417,0.0467,0.0416,0.0431,18899.628317509996
2025-08-29T00:00:00Z,SDNUSD,0.0454,0.0503,0.0401,0.0441,41220.593686290005
2025-08-30T00:00:00Z,SDNUSD,0.0436,0.0477,0.0412,0.0419,13590.584462340003
2025-08-31T00:00:00Z,SDNUSD,0.0421,0.0421,0.0407,0.0407,2027.49435095
2025-09-01T00:00:00Z,SDNUSD,0.0408,0.0413,0.0389,0.0391,9067.834223559998
2025-09-02T00:00:00Z,SDNUSD,0.0394,0.0394,0.0387,0.0387,4661.745651820001
2025-09-03T00:00:00Z,SDNUSD,0.039,0.039,0.0384,0.0387,23159.82239709
2025-09-04T00:00:00Z,SDNUSD,0.0387,0.0404,0.0368,0.0375,19017.27392725
2025-09-05T00:00:00Z,SDNUSD,0.0364,0.0382,0.0358,0.0372,21839.47439538001
2025-09-06T00:00:00Z,SDNUSD,0.0371,0.0377,0.0354,0.0364,16508.53958644
2025-09-07T00:00:00Z,SDNUSD,0.0368,0.0385,0.0365,0.0365,10602.164300130004
2025-09-08T00:00:00Z,SDNUSD,0.0376,0.0376,0.0363,0.0375,7557.739725060001
2025-09-09T00:00:00Z,SDNUSD,0.0374,0.0391,0.0373,0.0376,3138.7513569000007
2025-09-10T00:00:00Z,SDNUSD,0.0386,0.0404,0.0364,0.0371,4951.1506036499995
2025-09-11T00:00:00Z,SDNUSD,0.0378,0.0383,0.0374,0.0374,1947.62120598
2025-09-12T00:00:00Z,SDNUSD,0.0374,0.0468,0.0364,0.0412,56172.33248094002
2025-09-13T00:00:00Z,SDNUSD,0.0413,0.0423,0.0398,0.0399,11232.153366049999
2025-09-14T00:00:00Z,SDNUSD,0.0399,0.0417,0.039,0.039,4676.18945477
2025-09-15T00:00:00Z,SDNUSD,0.039,0.0394,0.0363,0.0363,79896.96006425998
2025-09-16T00:00:00Z,SDNUSD,0.0365,0.0376,0.0351,0.0356,24144.283762539995
2025-09-17T00:00:00Z,SDNUSD,0.0356,0.0412,0.0351,0.0371,79745.62994491997
2025-09-18T00:00:00Z,SDNUSD,0.0353,0.0365,0.0352,0.0359,11392.84211109
2025-09-19T00:00:00Z,SDNUSD,0.0363,0.0405,0.0342,0.0354,25958.38700133
2025-09-20T00:00:00Z,SDNUSD,0.0353,0.0412,0.0349,0.0364,24323.395491090007
2025-09-21T00:00:00Z,SDNUSD,0.0375,0.0412,0.0355,0.0368,92503.85790307005
2025-09-22T00:00:00Z,SDNUSD,0.0368,0.0368,0.0342,0.0346,29624.7799796
2025-09-23T00:00:00Z,SDNUSD,0.0364,0.0364,0.0344,0.0347,1145.09002671
2025-09-24T00:00:00Z,SDNUSD,0.0339,0.0342,0.0339,0.0339,6983.0
2025-09-25T00:00:00Z,SDNUSD,0.0339,0.0341,0.0314,0.0314,51705.379846949996
2025-09-26T00:00:00Z,SDNUSD,0.0315,0.032,0.0294,0.0311,61816.62338975999
2025-09-27T00:00:00Z,SDNUSD,0.0311,0.0331,0.0309,0.032,38263.33216006999
2025-09-28T00:00:00Z,SDNUSD,0.0317,0.0325,0.0314,0.032,5686.26505743
2025-09-29T00:00:00Z,SDNUSD,0.0323,0.0327,0.0302,0.0305,20255.190096340004
2025-09-30T00:00:00Z,SDNUSD,0.0304,0.0305,0.029,0.0294,28362.424481810005
2025-10-01T00:00:00Z,SDNUSD,0.0292,0.0298,0.0237,0.0275,213612.10437066
2025-10-02T00:00:00Z,SDNUSD,0.0275,0.0288,0.0262,0.0288,46933.59925888002
2025-10-03T00:00:00Z,SDNUSD,0.0288,0.0347,0.0282,0.0291,27357.31606931
2025-10-04T00:00:00Z,SDNUSD,0.03,0.0327,0.0285,0.0288,48812.52885390001
2025-10-05T00:00:00Z,SDNUSD,0.0288,0.0323,0.0287,0.0314,12735.446998610005
2025-10-06T00:00:00Z,SDNUSD,0.0317,0.127,0.0308,0.0521,1862875.062836187
2025-10-07T00:00:00Z,SDNUSD,0.0529,0.092,0.0507,0.0735,2206495.837030854
2025-10-08T00:00:00Z,SDNUSD,0.0724,0.0804,0.0631,0.064,1308292.8388136216
2025-10-09T00:00:00Z,SDNUSD,0.064,0.0642,0.0535,0.0563,446702.9098454091
2025-10-10T00:00:00Z,SDNUSD,0.0558,0.0581,0.0293,0.037,665787.2999382492
2025-10-11T00:00:00Z,SDNUSD,0.0372,0.0469,0.0368,0.0395,208148.49665093003
2025-10-12T00:00:00Z,SDNUSD,0.0396,0.046,0.0353,0.0428,183019.86437121005
2025-10-13T00:00:00Z,SDNUSD,0.0415,0.0429,0.0396,0.0404,181282.50025528017
2025-10-14T00:00:00Z,SDNUSD,0.04,0.0425,0.0369,0.0386,163251.02307694
2025-10-15T00:00:00Z,SDNUSD,0.0385,0.0387,0.0335,0.035,56506.28046002003
2025-10-16T00:00:00Z,SDNUSD,0.0349,0.0365,0.0327,0.0327,106860.66625270002
2025-10-17T00:00:00Z,SDNUSD,0.0332,0.0338,0.0309,0.032,45170.572079219986
2025-10-18T00:00:00Z,SDNUSD,0.0317,0.0356,0.0311,0.0323,17208.266577370003
2025-10-19T00:00:00Z,SDNUSD,0.0326,0.0356,0.032,0.0335,11768.929718039999
2025-10-20T00:00:00Z,SDNUSD,0.0325,0.0337,0.0312,0.0318,57921.67703941003
2025-10-21T00:00:00Z,SDNUSD,0.0324,0.033,0.0306,0.0308,15606.313881809994
2025-10-22T00:00:00Z,SDNUSD,0.0307,0.0344,0.0305,0.0311,100822.01670718001
2025-10-23T00:00:00Z,SDNUSD,0.0314,0.036,0.0314,0.0319,54989.95418235999
2025-10-24T00:00:00Z,SDNUSD,0.0322,0.0333,0.0315,0.0328,38131.66931738
2025-10-25T00:00:00Z,SDNUSD,0.032,0.0353,0.0315,0.0341,11096.435803350001
2025-10-26T00:00:00Z,SDNUSD,0.0338,0.0395,0.033,0.0353,30413.387702559987
2025-10-27T00:00:00Z,SDNUSD,0.0371,0.0371,0.0329,0.0329,50207.11306678
2025-10-28T00:00:00Z,SDNUSD,0.0335,0.034,0.0308,0.0319,37783.564316230004
2025-10-29T00:00:00Z,SDNUSD,0.0302,0.0331,0.0302,0.0327,18889.27173488
2025-10-30T00:00:00Z,SDNUSD,0.0322,0.0335,0.0285,0.0289,142902.29310078
2025-10-31T00:00:00Z,SDNUSD,0.0289,0.0303,0.0286,0.0302,53812.69508650999
2025-11-01T00:00:00Z,SDNUSD,0.0305,0.0316,0.03,0.0306,13315.098432580002
2025-11-02T00:00:00Z,SDNUSD,0.0308,0.0325,0.0295,0.0307,9936.30009655
2025-11-03T00:00:00Z,SDNUSD,0.0298,0.0298,0.0275,0.0282,35316.596491079996
2025-11-04T00:00:00Z,SDNUSD,0.0276,0.0297,0.0275,0.0275,59779.073981280024
2025-11-05T00:00:00Z,SDNUSD,0.0277,0.0639,0.0274,0.033,1068718.834737711
2025-11-06T00:00:00Z,SDNUSD,0.033,0.0333,0.029,0.0291,145781.86290424995
2025-11-07T00:00:00Z,SDNUSD,0.029,0.0295,0.0274,0.0279,192648.64366690998
2025-11-08T00:00:00Z,SDNUSD,0.0291,0.0293,0.0274,0.0278,23966.7537118
2025-11-09T00:00:00Z,SDNUSD,0.0278,0.0282,0.0262,0.0271,48430.676012890006
2025-11-10T00:00:00Z,SDNUSD,0.0273,0.0279,0.0259,0.0274,74965.98091123
2025-11-11T00:00:00Z,SDNUSD,0.0272,0.0281,0.0261,0.0269,70225.29758815002
2025-11-12T00:00:00Z,SDNUSD,0.0269,0.0269,0.025,0.0255,81824.14773438008
2025-11-13T00:00:00Z,SDNUSD,0.0255,0.026,0.0249,0.026,46968.795877109995
2025-11-14T00:00:00Z,SDNUSD,0.0252,0.0259,0.0233,0.0237,93644.97885691999
2025-11-15T00:00:00Z,SDNUSD,0.0237,0.0399,0.0187,0.0202,839058.3284853795
2025-11-16T00:00:00Z,SDNUSD,0.0203,0.0244,0.0189,0.0231,169092.82639475993
2025-11-17T00:00:00Z,SDNUSD,0.0226,0.0242,0.0219,0.0219,23626.896577699994
2025-11-18T00:00:00Z,SDNUSD,0.0219,0.0227,0.0217,0.0222,11103.423658009999
2025-11-19T00:00:00Z,SDNUSD,0.0229,0.0246,0.0211,0.0231,97773.22776290997
2025-11-20T00:00:00Z,SDNUSD,0.0221,0.0242,0.0216,0.0221,22739.123134019992
2025-11-21T00:00:00Z,SDNUSD,0.022,0.0238,0.0188,0.0204,333053.40981303994
2025-11-22T00:00:00Z,SDNUSD,0.0203,0.0215,0.0189,0.0196,76627.86342267998
2025-11-23T00:00:00Z,SDNUSD,0.0187,0.021,0.0185,0.0196,78102.21357292002
2025-11-24T00:00:00Z,SDNUSD,0.0199,0.0211,0.0186,0.0203,28686.940497209995
2025-11-25T00:00:00Z,SDNUSD,0.0206,0.0206,0.0199,0.02,1639.81125419
2025-11-26T00:00:00Z,SDNUSD,0.0201,0.0219,0.0192,0.0207,15539.954845820004
2025-11-27T00:00:00Z,SDNUSD,0.0213,0.0369,0.0208,0.0247,90725.05026669004
2025-11-28T00:00:00Z,SDNUSD,0.0246,0.0259,0.0199,0.021,121878.37523236
2025-11-29T00:00:00Z,SDNUSD,0.0211,0.0238,0.0202,0.0213,138254.97181564994
2025-11-30T00:00:00Z,SDNUSD,0.0213,0.0217,0.0204,0.0205,102464.03295862996
2025-12-01T00:00:00Z,SDNUSD,0.0204,0.0204,0.0189,0.0189,28816.568797530006
2025-12-02T00:00:00Z,SDNUSD,0.0192,0.0206,0.0186,0.0202,56412.45586670998
2025-12-03T00:00:00Z,SDNUSD,0.021,0.0233,0.0206,0.022,9785.31411187
2025-12-04T00:00:00Z,SDNUSD,0.0219,0.0219,0.0206,0.0206,7501.89548567
2025-12-05T00:00:00Z,SDNUSD,0.0203,0.023,0.0203,0.0213,13647.078162660004
2025-12-06T00:00:00Z,SDNUSD,0.0217,0.0336,0.0183,0.0197,148980.55705960988
2025-12-07T00:00:00Z,SDNUSD,0.0197,0.032,0.0197,0.0216,42918.503073940024
2025-12-08T00:00:00Z,SDNUSD,0.0215,0.0218,0.02,0.0209,21645.59020509
2025-12-09T00:00:00Z,SDNUSD,0.032,0.0324,0.0199,0.025,125053.44288717001
2025-12-10T00:00:00Z,SDNUSD,0.0223,0.0276,0.0222,0.0249,72316.89617268003
2025-12-11T00:00:00Z,SDNUSD,0.0263,0.0265,0.0232,0.0265,48588.81833798995
2025-12-12T00:00:00Z,SDNUSD,0.0278,0.0293,0.0232,0.026,271042.0715212499
2025-12-13T00:00:00Z,SDNUSD,0.025,0.026,0.0243,0.0255,265769.54703246994
2025-12-14T00:00:00Z,SDNUSD,0.0253,0.026,0.0245,0.0256,194430.7381422601
2025-12-15T00:00:00Z,SDNUSD,0.0252,0.026,0.0227,0.025,256366.84803471004
2025-12-16T00:00:00Z,SDNUSD,0.025,0.0269,0.022,0.0243,246076.8347674999
2025-12-17T00:00:00Z,SDNUSD,0.024,0.034,0.024,0.0258,27707.90703401
2025-12-18T00:00:00Z,SDNUSD,0.0259,0.0287,0.0257,0.0262,6831.97575594
2025-12-19T00:00:00Z,SDNUSD,0.026,0.0265,0.0215,0.0255,192154.1772310101
2025-12-20T00:00:00Z,SDNUSD,0.0255,0.0278,0.0255,0.0261,8707.17235406
2025-12-21T00:00:00Z,SDNUSD,0.0313,0.0313,0.0268,0.0268,4195.44408945
2025-12-22T00:00:00Z,SDNUSD,0.0254,0.0255,0.0254,0.0255,24016.20369999
2025-12-23T00:00:00Z,SDNUSD,0.0254,0.0254,0.0254,0.0254,482.55813999
2025-12-24T00:00:00Z,SDNUSD,0.0254,0.0254,0.0254,0.0254,2441.71396178
2025-12-25T00:00:00Z,SDNUSD,0.0254,0.0331,0.024,0.0244,92874.82997912
2025-12-26T00:00:00Z,SDNUSD,0.0247,0.0247,0.0229,0.0242,43254.84246888
2025-12-27T00:00:00Z,SDNUSD,0.0227,0.0227,0.0226,0.0226,638.81329
2025-12-29T00:00:00Z,SDNUSD,0.0224,0.0224,0.0224,0.0224,494.99999999
2025-12-30T00:00:00Z,SDNUSD,0.0207,0.0207,0.0207,0.0207,4999.99999999
2025-12-31T00:00:00Z,SDNUSD,0.0207,0.0207,0.0207,0.0207,1099.73913042
