timestamp,symbol,open,high,low,close,volume
2022-09-29T00:00:00Z,SYNUSD,1.4441,1.4441,1.3524,1.3524,33.10349396
2022-09-30T00:00:00Z,SYNUSD,1.3802,1.5023,1.315,1.3285,1165.5907189000002
2022-10-01T00:00:00Z,SYNUSD,1.3586,1.3587,1.2581,1.2998,9424.16231923
2022-10-02T00:00:00Z,SYNUSD,1.2909,1.42,1.168,1.168,2400.74438715
2022-10-03T00:00:00Z,SYNUSD,1.178,1.2806,1.1777,1.2368,1128.16570861
2022-10-04T00:00:00Z,SYNUSD,1.2618,1.2989,1.2032,1.2858,21712.957343520004
2022-10-05T00:00:00Z,SYNUSD,1.2795,1.3996,1.2032,1.2804,21528.975495920007
2022-10-06T00:00:00Z,SYNUSD,1.2998,1.3388,1.2211,1.2687,1817.7150515800026
2022-10-07T00:00:00Z,SYNUSD,1.2798,1.2798,1.2128,1.2128,1272.76558538
2022-10-08T00:00:00Z,SYNUSD,1.2329,1.2335,1.1499,1.1889,4534.067733399999
2022-10-09T00:00:00Z,SYNUSD,1.1892,1.2067,1.1772,1.1772,971.8168383899999
2022-10-10T00:00:00Z,SYNUSD,1.1804,1.1901,1.1155,1.1188,11678.687942640096
2022-10-11T00:00:00Z,SYNUSD,1.1009,1.1375,1.0709,1.0709,2544.67256121
2022-10-12T00:00:00Z,SYNUSD,1.0987,1.1044,1.0076,1.0076,15149.164355709998
2022-10-13T00:00:00Z,SYNUSD,1.0076,1.0122,0.9,0.9759,5919.868615980001
2022-10-14T00:00:00Z,SYNUSD,0.981,1.0406,0.9638,0.9638,706.0518692600001
2022-10-15T00:00:00Z,SYNUSD,0.9737,1.042,0.9591,0.9779,2573.49797742
2022-10-16T00:00:00Z,SYNUSD,0.9956,1.0256,0.9748,1.0256,347.54388915
2022-10-17T00:00:00Z,SYNUSD,0.9925,1.5296,0.9925,1.2,27149.479370870024
2022-10-18T00:00:00Z,SYNUSD,1.225,1.4,1.1281,1.1681,9836.156011480001
2022-10-19T00:00:00Z,SYNUSD,1.207,1.207,1.0478,1.0545,3594.5302019800006
2022-10-20T00:00:00Z,SYNUSD,1.0676,1.0722,1.0073,1.0073,2191.32584421
2022-10-21T00:00:00Z,SYNUSD,0.9925,1.0256,0.9399,1.013,7222.79046402
2022-10-22T00:00:00Z,SYNUSD,1.024,1.2188,0.9969,1.0663,8431.67985295
2022-10-23T00:00:00Z,SYNUSD,1.0376,1.35,1.0321,1.1051,9362.74905369
2022-10-24T00:00:00Z,SYNUSD,1.1195,1.2296,1.0601,1.145,5528.44160336
2022-10-25T00:00:00Z,SYNUSD,1.1107,1.2615,1.0688,1.1427,4959.282093499999
2022-10-26T00:00:00Z,SYNUSD,1.1478,1.2277,1.0531,1.1621,4661.09369537
2022-10-27T00:00:00Z,SYNUSD,1.1441,1.1648,1.0625,1.0625,1467.0159435700004
2022-10-28T00:00:00Z,SYNUSD,1.0625,1.5296,1.0223,1.1785,30653.411474360015
2022-10-29T00:00:00Z,SYNUSD,1.2051,1.2253,1.0733,1.0977,332156.7022751301
2022-10-30T00:00:00Z,SYNUSD,1.0977,1.1699,1.0688,1.0895,206255.98544016015
2022-10-31T00:00:00Z,SYNUSD,1.0895,1.0899,1.005,1.0256,62439.06905575998
2022-11-01T00:00:00Z,SYNUSD,1.0256,1.1478,0.955,0.9737,14066.488000529995
2022-11-02T00:00:00Z,SYNUSD,0.9737,0.9973,0.925,0.9524,13665.742405740008
2022-11-03T00:00:00Z,SYNUSD,0.933,1.0046,0.925,0.9524,13068.974082050006
2022-11-04T00:00:00Z,SYNUSD,0.9524,1.0494,0.936,1.0185,15957.26437070999
2022-11-05T00:00:00Z,SYNUSD,1.0251,1.1735,1.0089,1.0272,10687.776042150006
2022-11-06T00:00:00Z,SYNUSD,1.0084,1.0564,1.0003,1.0163,2284.667335979999
2022-11-07T00:00:00Z,SYNUSD,1.035,1.035,0.937,0.9786,9466.656064729992
2022-11-08T00:00:00Z,SYNUSD,0.9786,0.9973,0.7491,0.7689,64797.779739269885
2022-11-09T00:00:00Z,SYNUSD,0.7689,0.7828,0.5222,0.5248,144489.58135458
2022-11-10T00:00:00Z,SYNUSD,0.5359,0.7083,0.5342,0.6358,34736.10495337998
2022-11-11T00:00:00Z,SYNUSD,0.6248,0.6248,0.5866,0.5972,12593.79706969
2022-11-12T00:00:00Z,SYNUSD,0.6081,0.6211,0.5884,0.5884,32370.848351020002
2022-11-13T00:00:00Z,SYNUSD,0.5884,0.6592,0.5792,0.608,11966.264177239995
2022-11-14T00:00:00Z,SYNUSD,0.5966,0.655,0.566,0.6193,27075.328046330003
2022-11-15T00:00:00Z,SYNUSD,0.6306,0.731,0.6306,0.7147,16581.175858420003
2022-11-16T00:00:00Z,SYNUSD,0.7147,0.7264,0.6286,0.655,14145.07023369001
2022-11-17T00:00:00Z,SYNUSD,0.655,0.6998,0.6433,0.6433,8172.599276650001
2022-11-18T00:00:00Z,SYNUSD,0.6555,0.6748,0.6342,0.6342,5384.1041861700005
2022-11-19T00:00:00Z,SYNUSD,0.6495,0.6592,0.6338,0.6592,2574.4708137400007
2022-11-20T00:00:00Z,SYNUSD,0.6592,0.6648,0.6042,0.6164,7740.021184810002
2022-11-21T00:00:00Z,SYNUSD,0.608,0.63,0.5973,0.6063,9322.740631359999
2022-11-22T00:00:00Z,SYNUSD,0.6063,0.6172,0.5884,0.61,3091.04259474
2022-11-23T00:00:00Z,SYNUSD,0.6171,0.6748,0.6171,0.6357,14147.182582019997
2022-11-24T00:00:00Z,SYNUSD,0.6236,0.655,0.6236,0.6424,1842.2661801599997
2022-11-25T00:00:00Z,SYNUSD,0.6424,0.696,0.6237,0.6237,8944.925272480003
2022-11-26T00:00:00Z,SYNUSD,0.6236,0.7042,0.6236,0.6907,3917.9293334299996
2022-11-27T00:00:00Z,SYNUSD,0.6907,0.7392,0.653,0.6789,18324.903580669998
2022-11-28T00:00:00Z,SYNUSD,0.6732,0.6732,0.638,0.6414,14219.371531280001
2022-11-29T00:00:00Z,SYNUSD,0.6414,0.654,0.6248,0.654,3254.7734130699996
2022-11-30T00:00:00Z,SYNUSD,0.6539,0.7042,0.6063,0.69,39525.31753372999
2022-12-01T00:00:00Z,SYNUSD,0.69,0.7215,0.667,0.6795,3600.10931709
2022-12-02T00:00:00Z,SYNUSD,0.667,0.7268,0.6669,0.6837,4585.718879029999
2022-12-03T00:00:00Z,SYNUSD,0.6837,0.7162,0.6705,0.6705,3466.78594302
2022-12-04T00:00:00Z,SYNUSD,0.6836,0.7203,0.6828,0.7034,2519.25922246
2022-12-05T00:00:00Z,SYNUSD,0.717,0.7203,0.6617,0.6747,7884.428797560007
2022-12-06T00:00:00Z,SYNUSD,0.6748,0.6827,0.6606,0.6606,1087.3875658299999
2022-12-07T00:00:00Z,SYNUSD,0.6736,0.6754,0.6153,0.6263,11407.830491949997
2022-12-08T00:00:00Z,SYNUSD,0.6263,0.6627,0.6167,0.6475,16130.65135037
2022-12-09T00:00:00Z,SYNUSD,0.6475,0.6547,0.6183,0.6358,2274.7529200699996
2022-12-10T00:00:00Z,SYNUSD,0.6358,0.6497,0.6194,0.6236,2331.23619931
2022-12-11T00:00:00Z,SYNUSD,0.6358,0.669,0.6104,0.6133,9176.083562710002
2022-12-12T00:00:00Z,SYNUSD,0.6133,0.6306,0.6011,0.6042,4097.71109644
2022-12-13T00:00:00Z,SYNUSD,0.6165,0.6401,0.6102,0.6244,41689.18555734999
2022-12-14T00:00:00Z,SYNUSD,0.6243,0.6349,0.571,0.571,10682.355533520002
2022-12-15T00:00:00Z,SYNUSD,0.5813,0.5927,0.5544,0.5677,4091.3650478099994
2022-12-16T00:00:00Z,SYNUSD,0.5674,0.5815,0.4949,0.4949,17051.131063680004
2022-12-17T00:00:00Z,SYNUSD,0.4914,0.5359,0.4803,0.4889,19942.51706073
2022-12-18T00:00:00Z,SYNUSD,0.5003,0.5191,0.4325,0.4865,11190.81198859
2022-12-19T00:00:00Z,SYNUSD,0.4963,0.5003,0.4609,0.4677,5769.6984711899995
2022-12-20T00:00:00Z,SYNUSD,0.4782,0.5078,0.4718,0.4718,9859.513628140003
2022-12-21T00:00:00Z,SYNUSD,0.4719,0.4719,0.42,0.4269,182907.0895631063
2022-12-22T00:00:00Z,SYNUSD,0.4364,0.5318,0.4301,0.508,13642.351664790001
2022-12-23T00:00:00Z,SYNUSD,0.508,0.608,0.4841,0.5379,32515.82477600998
2022-12-24T00:00:00Z,SYNUSD,0.5377,0.5377,0.4988,0.5158,8123.330350500001
2022-12-25T00:00:00Z,SYNUSD,0.5158,0.5318,0.5066,0.5318,1734.06220624
2022-12-26T00:00:00Z,SYNUSD,0.5218,0.5641,0.5187,0.5423,4884.2153497300005
2022-12-27T00:00:00Z,SYNUSD,0.5556,0.5595,0.5172,0.5172,9603.681734049998
2022-12-28T00:00:00Z,SYNUSD,0.527,0.5318,0.48,0.5023,15163.315967420007
2022-12-29T00:00:00Z,SYNUSD,0.5127,0.5603,0.5066,0.5399,11363.235529039996
2022-12-30T00:00:00Z,SYNUSD,0.5399,0.5399,0.5099,0.527,6359.028484789999
2022-12-31T00:00:00Z,SYNUSD,0.5172,0.5479,0.5023,0.5023,7129.400607339998
2023-01-01T00:00:00Z,SYNUSD,0.5023,0.5023,0.4731,0.4841,4105.64372227
2023-01-02T00:00:00Z,SYNUSD,0.486,0.5004,0.4841,0.4914,1477.8776161700002
2023-01-03T00:00:00Z,SYNUSD,0.5004,0.5052,0.4592,0.4691,3168.7345409399995
2023-01-04T00:00:00Z,SYNUSD,0.4691,0.585,0.4608,0.5679,24217.61914890999
2023-01-05T00:00:00Z,SYNUSD,0.5679,0.5729,0.472,0.4731,34702.65792743
2023-01-06T00:00:00Z,SYNUSD,0.4817,0.4988,0.455,0.4768,12862.01017689
2023-01-07T00:00:00Z,SYNUSD,0.484,0.4929,0.4626,0.4677,4446.934092529999
2023-01-08T00:00:00Z,SYNUSD,0.4754,0.5349,0.455,0.5253,10049.230527769998
2023-01-09T00:00:00Z,SYNUSD,0.5253,0.5349,0.499,0.5198,28563.26388764
2023-01-10T00:00:00Z,SYNUSD,0.5197,0.5991,0.4811,0.5356,54875.76259770006
2023-01-11T00:00:00Z,SYNUSD,0.5356,0.6306,0.5223,0.5668,37544.69607689998
2023-01-12T00:00:00Z,SYNUSD,0.5773,0.668,0.5712,0.668,26134.8759586
2023-01-13T00:00:00Z,SYNUSD,0.6679,0.7304,0.6382,0.6618,31691.84020387996
2023-01-14T00:00:00Z,SYNUSD,0.6748,0.7217,0.6629,0.6629,17372.47108134001
2023-01-15T00:00:00Z,SYNUSD,0.6754,0.6909,0.6634,0.6827,6981.02041207
2023-01-16T00:00:00Z,SYNUSD,0.6826,0.8187,0.6754,0.7226,53774.584684499976
2023-01-17T00:00:00Z,SYNUSD,0.7226,0.8187,0.7195,0.7811,66598.20091398992
2023-01-18T00:00:00Z,SYNUSD,0.7668,0.8689,0.7299,0.796,134912.68284636992
2023-01-19T00:00:00Z,SYNUSD,0.8107,0.8336,0.752,0.8168,21506.14888494001
2023-01-20T00:00:00Z,SYNUSD,0.8168,0.8689,0.726,0.8232,48906.75050105999
2023-01-21T00:00:00Z,SYNUSD,0.8232,0.86,0.7899,0.823,20128.559879340017
2023-01-22T00:00:00Z,SYNUSD,0.823,0.823,0.7587,0.7829,19307.11619862002
2023-01-23T00:00:00Z,SYNUSD,0.7829,0.895,0.69,0.8692,75549.80098524997
2023-01-24T00:00:00Z,SYNUSD,0.8714,0.9221,0.75,0.7811,38074.15765158994
2023-01-25T00:00:00Z,SYNUSD,0.7811,0.8927,0.74,0.8705,37439.19313136001
2023-01-26T00:00:00Z,SYNUSD,0.8659,0.8998,0.8041,0.8064,21042.595133450002
2023-01-27T00:00:00Z,SYNUSD,0.8212,0.8439,0.7875,0.8289,21646.568045540014
2023-01-28T00:00:00Z,SYNUSD,0.846,0.8546,0.7733,0.78,23048.919545330013
2023-01-29T00:00:00Z,SYNUSD,0.7754,0.8714,0.7396,0.8653,22559.983223259987
2023-01-30T00:00:00Z,SYNUSD,0.8713,0.8767,0.7058,0.7189,55570.07842324998
2023-01-31T00:00:00Z,SYNUSD,0.7196,0.9599,0.69,0.8355,71503.68968695003
2023-02-01T00:00:00Z,SYNUSD,0.8355,1.4,0.7732,1.279,341262.7687249603
2023-02-02T00:00:00Z,SYNUSD,1.2787,1.38,1.089,1.1871,269031.52895391005
2023-02-03T00:00:00Z,SYNUSD,1.1871,1.5606,1.0791,1.4848,251178.76684708975
2023-02-04T00:00:00Z,SYNUSD,1.4849,1.5153,1.1855,1.2411,180799.3085373499
2023-02-05T00:00:00Z,SYNUSD,1.26,1.26,1.061,1.2131,129406.18152025017
2023-02-06T00:00:00Z,SYNUSD,1.2131,1.2866,1.0983,1.1562,76714.3264829201
2023-02-07T00:00:00Z,SYNUSD,1.156,1.3776,1.1276,1.3152,109324.64315929
2023-02-08T00:00:00Z,SYNUSD,1.3193,1.3695,1.116,1.1801,189926.13265895005
2023-02-09T00:00:00Z,SYNUSD,1.1974,1.2362,0.9758,1.0629,254826.26567432025
2023-02-10T00:00:00Z,SYNUSD,1.0631,1.1687,1.0546,1.0987,53121.41925288995
2023-02-11T00:00:00Z,SYNUSD,1.0831,1.2772,1.0,1.265,135284.97574720997
2023-02-12T00:00:00Z,SYNUSD,1.2752,1.8,1.2288,1.3297,606885.8342141103
2023-02-13T00:00:00Z,SYNUSD,1.3297,1.6607,1.225,1.5418,509285.1204965398
2023-02-14T00:00:00Z,SYNUSD,1.5404,1.6514,1.3248,1.476,286526.556977049
2023-02-15T00:00:00Z,SYNUSD,1.476,1.709,1.3777,1.5984,348679.81371596904
2023-02-16T00:00:00Z,SYNUSD,1.5984,1.681,1.46,1.46,214393.7615269193
2023-02-17T00:00:00Z,SYNUSD,1.4585,1.5452,1.35,1.5178,201432.01489739958
2023-02-18T00:00:00Z,SYNUSD,1.5178,1.67,1.4803,1.5683,86552.79488005998
2023-02-19T00:00:00Z,SYNUSD,1.5698,1.5801,1.4359,1.4359,119730.02354665997
2023-02-20T00:00:00Z,SYNUSD,1.4535,1.5072,1.3524,1.3951,158140.67147519
2023-02-21T00:00:00Z,SYNUSD,1.3952,1.4399,1.2,1.2338,347548.63219058013
2023-02-22T00:00:00Z,SYNUSD,1.2478,1.85,1.2377,1.6348,470316.8574834498
2023-02-23T00:00:00Z,SYNUSD,1.6359,1.7,1.4632,1.4739,204787.95382172955
2023-02-24T00:00:00Z,SYNUSD,1.4751,1.5055,1.33,1.33,124040.55867840002
2023-02-25T00:00:00Z,SYNUSD,1.33,1.4613,1.25,1.3205,112539.24282179998
2023-02-26T00:00:00Z,SYNUSD,1.3199,1.47,1.3155,1.3702,82996.30959843006
2023-02-27T00:00:00Z,SYNUSD,1.3718,1.4031,1.2795,1.316,92897.37829848
2023-02-28T00:00:00Z,SYNUSD,1.317,1.3647,1.252,1.2874,84024.98761634021
2023-03-01T00:00:00Z,SYNUSD,1.2741,1.3692,1.2243,1.3123,111443.00692101999
2023-03-02T00:00:00Z,SYNUSD,1.2973,1.3078,1.18,1.1946,118968.8790636201
2023-03-03T00:00:00Z,SYNUSD,1.1947,1.204,1.066,1.0962,152717.94608564023
2023-03-04T00:00:00Z,SYNUSD,1.0962,1.1006,1.0,1.0605,193327.93958682974
2023-03-05T00:00:00Z,SYNUSD,1.0605,1.165,1.0362,1.0836,171647.4842782305
2023-03-06T00:00:00Z,SYNUSD,1.0834,1.1107,1.052,1.0927,183010.07553858016
2023-03-07T00:00:00Z,SYNUSD,1.0929,1.165,1.0162,1.0325,198593.66813122018
2023-03-08T00:00:00Z,SYNUSD,1.0371,1.0667,0.9115,0.9258,146625.53460559
2023-03-09T00:00:00Z,SYNUSD,0.9386,0.9649,0.881,0.8848,141425.92373605992
2023-03-10T00:00:00Z,SYNUSD,0.8846,0.9441,0.7968,0.8801,231406.4871578902
2023-03-11T00:00:00Z,SYNUSD,0.8962,0.9586,0.776,0.8525,144294.50181321002
2023-03-12T00:00:00Z,SYNUSD,0.8531,1.0118,0.8198,0.9951,77673.23655558999
2023-03-13T00:00:00Z,SYNUSD,1.0109,1.0793,0.9287,0.995,129976.05401809995
2023-03-14T00:00:00Z,SYNUSD,0.9951,1.1488,0.9637,1.0506,229533.2365730206
2023-03-15T00:00:00Z,SYNUSD,1.0506,1.0802,0.8648,0.9367,184017.2641432997
2023-03-16T00:00:00Z,SYNUSD,0.9231,1.0693,0.9008,1.0325,121738.75834125979
2023-03-17T00:00:00Z,SYNUSD,1.0394,1.0987,0.995,1.0666,131172.16212533973
2023-03-18T00:00:00Z,SYNUSD,1.0719,1.2178,1.0286,1.0659,230153.42401177005
2023-03-19T00:00:00Z,SYNUSD,1.0708,1.1625,1.0396,1.1013,75269.28763649994
2023-03-20T00:00:00Z,SYNUSD,1.1012,1.1106,0.9925,0.9925,92422.95025563992
2023-03-21T00:00:00Z,SYNUSD,1.0088,1.0367,0.9558,0.9558,58607.49003745996
2023-03-22T00:00:00Z,SYNUSD,0.9601,1.0318,0.897,0.9247,115192.51619780998
2023-03-23T00:00:00Z,SYNUSD,0.9247,0.9887,0.913,0.9598,56184.04533926999
2023-03-24T00:00:00Z,SYNUSD,0.9562,0.9714,0.8553,0.8722,49932.41720968005
2023-03-25T00:00:00Z,SYNUSD,0.8721,0.8722,0.8217,0.8561,34263.54747177999
2023-03-26T00:00:00Z,SYNUSD,0.8452,0.8845,0.8447,0.8532,31842.748730979984
2023-03-27T00:00:00Z,SYNUSD,0.8684,0.9318,0.8451,0.8535,81258.05159809013
2023-03-28T00:00:00Z,SYNUSD,0.8628,0.8879,0.807,0.8629,80093.26651831996
2023-03-29T00:00:00Z,SYNUSD,0.8629,1.0137,0.8629,0.9757,51436.73449338007
2023-03-30T00:00:00Z,SYNUSD,0.9756,1.0048,0.8813,0.8899,45704.48680701999
2023-03-31T00:00:00Z,SYNUSD,0.8965,0.9074,0.8601,0.8959,35255.50071264999
2023-04-01T00:00:00Z,SYNUSD,0.8966,0.9386,0.8886,0.9072,25441.540932939995
2023-04-02T00:00:00Z,SYNUSD,0.8991,0.9197,0.8108,0.8429,67910.74775401993
2023-04-03T00:00:00Z,SYNUSD,0.8429,0.906,0.8033,0.8304,51817.69393594
2023-04-04T00:00:00Z,SYNUSD,0.8317,0.8861,0.8182,0.8528,49008.79826211002
2023-04-05T00:00:00Z,SYNUSD,0.8528,0.9269,0.8528,0.8926,122821.7098102001
2023-04-06T00:00:00Z,SYNUSD,0.8834,0.8834,0.8,0.8254,47641.011203509974
2023-04-07T00:00:00Z,SYNUSD,0.8255,0.8257,0.7845,0.7941,41554.91891627002
2023-04-08T00:00:00Z,SYNUSD,0.7941,0.7941,0.7253,0.7406,80333.20174508994
2023-04-09T00:00:00Z,SYNUSD,0.7405,0.7647,0.7042,0.757,60140.48161008003
2023-04-10T00:00:00Z,SYNUSD,0.7571,0.9166,0.746,0.8423,249708.92597945035
2023-04-11T00:00:00Z,SYNUSD,0.8423,0.8425,0.77,0.7781,86877.78078025999
2023-04-12T00:00:00Z,SYNUSD,0.7793,0.8324,0.7324,0.8184,80732.17366953006
2023-04-13T00:00:00Z,SYNUSD,0.8136,1.0,0.7922,0.9187,140678.60587775012
2023-04-14T00:00:00Z,SYNUSD,0.9264,1.0271,0.893,0.9791,162778.02044734015
2023-04-15T00:00:00Z,SYNUSD,0.997,1.0542,0.923,0.956,163360.52114317974
2023-04-16T00:00:00Z,SYNUSD,0.9547,1.0386,0.9376,1.0327,86601.67961785014
2023-04-17T00:00:00Z,SYNUSD,1.0234,1.0804,0.9732,0.9882,92377.15767179997
2023-04-18T00:00:00Z,SYNUSD,0.9849,1.03,0.9656,0.9785,93657.56791209993
2023-04-19T00:00:00Z,SYNUSD,0.9966,0.9968,0.85,0.865,64957.69938802002
2023-04-20T00:00:00Z,SYNUSD,0.8652,0.8848,0.8059,0.8217,91022.84280771
2023-04-21T00:00:00Z,SYNUSD,0.8217,0.8578,0.7264,0.7832,100511.37558217003
2023-04-22T00:00:00Z,SYNUSD,0.7842,0.8379,0.7729,0.8309,29071.641022499985
2023-04-23T00:00:00Z,SYNUSD,0.8153,0.9253,0.803,0.8688,63398.62686267
2023-04-24T00:00:00Z,SYNUSD,0.8559,0.8771,0.7878,0.8196,69724.65982477007
2023-04-25T00:00:00Z,SYNUSD,0.8083,0.8309,0.7813,0.8309,57237.11551007001
2023-04-26T00:00:00Z,SYNUSD,0.8294,0.896,0.7797,0.8484,109547.73588835994
2023-04-27T00:00:00Z,SYNUSD,0.8484,0.9013,0.8374,0.8473,48560.96122718002
2023-04-28T00:00:00Z,SYNUSD,0.8625,0.8651,0.823,0.8283,17246.39317146
2023-04-29T00:00:00Z,SYNUSD,0.829,0.8578,0.8207,0.8261,17210.251362680003
2023-04-30T00:00:00Z,SYNUSD,0.8279,0.8369,0.8134,0.8134,6920.91481108
2023-05-01T00:00:00Z,SYNUSD,0.8134,0.8143,0.7629,0.7771,22664.09318459999
2023-05-02T00:00:00Z,SYNUSD,0.7791,0.7981,0.7656,0.7981,11201.041126400003
2023-05-03T00:00:00Z,SYNUSD,0.7934,0.7981,0.7475,0.768,29467.11782676001
2023-05-04T00:00:00Z,SYNUSD,0.768,0.7732,0.7515,0.7515,23320.284934490002
2023-05-05T00:00:00Z,SYNUSD,0.7551,0.8031,0.734,0.7797,26862.51357945999
2023-05-06T00:00:00Z,SYNUSD,0.7826,0.784,0.7251,0.7342,19545.120542389996
2023-05-07T00:00:00Z,SYNUSD,0.7254,0.7495,0.7251,0.7282,11963.798949810003
2023-05-08T00:00:00Z,SYNUSD,0.7284,0.7369,0.6702,0.674,34924.63287313997
2023-05-09T00:00:00Z,SYNUSD,0.674,0.6931,0.6619,0.684,18084.482069180005
2023-05-10T00:00:00Z,SYNUSD,0.6929,0.6929,0.6415,0.6704,43427.40504728999
2023-05-11T00:00:00Z,SYNUSD,0.6681,0.6681,0.627,0.6423,22436.611202309992
2023-05-12T00:00:00Z,SYNUSD,0.6427,0.6441,0.565,0.6193,57311.454326290055
2023-05-13T00:00:00Z,SYNUSD,0.6193,0.6276,0.6148,0.6164,5355.16538563
2023-05-14T00:00:00Z,SYNUSD,0.6152,0.6267,0.5473,0.6106,49935.97519796003
2023-05-15T00:00:00Z,SYNUSD,0.612,0.6347,0.6039,0.6166,34466.39616813
2023-05-16T00:00:00Z,SYNUSD,0.6168,0.6168,0.5289,0.6047,58877.486887920015
2023-05-17T00:00:00Z,SYNUSD,0.6047,0.6167,0.55,0.6167,56746.185261340026
2023-05-18T00:00:00Z,SYNUSD,0.6102,0.6848,0.5961,0.6352,102683.46016656994
2023-05-19T00:00:00Z,SYNUSD,0.6361,0.6454,0.5998,0.6211,35728.213865879996
2023-05-20T00:00:00Z,SYNUSD,0.6211,0.6211,0.5986,0.6023,25588.974530990006
2023-05-21T00:00:00Z,SYNUSD,0.61,0.6253,0.5794,0.6128,37952.29194137001
2023-05-22T00:00:00Z,SYNUSD,0.6234,0.6666,0.6229,0.6314,49863.21002045003
2023-05-23T00:00:00Z,SYNUSD,0.6315,0.6671,0.6265,0.6574,20619.979971060013
2023-05-24T00:00:00Z,SYNUSD,0.6577,0.6666,0.6123,0.6265,26140.593218640013
2023-05-25T00:00:00Z,SYNUSD,0.6334,0.6408,0.589,0.5999,31163.170595779997
2023-05-26T00:00:00Z,SYNUSD,0.6087,0.6324,0.5975,0.6136,12336.035513839997
2023-05-27T00:00:00Z,SYNUSD,0.6137,0.6184,0.6069,0.6135,8070.09487574
2023-05-28T00:00:00Z,SYNUSD,0.6136,0.6467,0.6136,0.6392,27216.87243146
2023-05-29T00:00:00Z,SYNUSD,0.6367,0.6592,0.6136,0.6358,31342.562549339986
2023-05-30T00:00:00Z,SYNUSD,0.6358,0.6671,0.6172,0.6464,62986.921488510045
2023-05-31T00:00:00Z,SYNUSD,0.6464,0.6522,0.5929,0.5929,18939.425189370002
2023-06-01T00:00:00Z,SYNUSD,0.6035,0.6849,0.5902,0.6452,66761.49841432998
2023-06-02T00:00:00Z,SYNUSD,0.6452,0.7599,0.6239,0.7515,83017.56778025007
2023-06-03T00:00:00Z,SYNUSD,0.7373,0.7918,0.6976,0.7,178654.5810044399
2023-06-04T00:00:00Z,SYNUSD,0.7,0.73,0.69,0.7051,89998.59064902007
2023-06-05T00:00:00Z,SYNUSD,0.7108,0.7108,0.6169,0.6953,111970.65983305006
2023-06-06T00:00:00Z,SYNUSD,0.6936,0.8098,0.6936,0.7324,150780.05923692978
2023-06-07T00:00:00Z,SYNUSD,0.7375,0.7979,0.6844,0.6844,84052.33037220994
2023-06-08T00:00:00Z,SYNUSD,0.6844,0.6998,0.6544,0.6743,28466.102508049982
2023-06-09T00:00:00Z,SYNUSD,0.6868,0.6978,0.6253,0.6253,35707.753985190015
2023-06-10T00:00:00Z,SYNUSD,0.6253,0.6282,0.5501,0.5817,162731.81556929
2023-06-11T00:00:00Z,SYNUSD,0.58,0.592,0.5708,0.5708,28509.1298723
2023-06-12T00:00:00Z,SYNUSD,0.5708,0.5708,0.5385,0.5447,64860.20357850001
2023-06-13T00:00:00Z,SYNUSD,0.5529,0.5731,0.5486,0.5571,44136.255058090006
2023-06-14T00:00:00Z,SYNUSD,0.5645,0.584,0.5262,0.5483,136533.28997938003
2023-06-15T00:00:00Z,SYNUSD,0.5399,0.5621,0.52,0.5522,30422.565585790002
2023-06-16T00:00:00Z,SYNUSD,0.5547,0.636,0.5491,0.6136,64552.131291859994
2023-06-17T00:00:00Z,SYNUSD,0.6205,0.6246,0.568,0.6009,57093.693248680014
2023-06-18T00:00:00Z,SYNUSD,0.6009,0.6091,0.5951,0.5951,13558.30672182
2023-06-19T00:00:00Z,SYNUSD,0.5951,0.6016,0.5887,0.6009,10032.646794600001
2023-06-20T00:00:00Z,SYNUSD,0.6009,0.6447,0.58,0.6344,65845.78982098
2023-06-21T00:00:00Z,SYNUSD,0.6344,0.7163,0.6324,0.6914,85312.18372993999
2023-06-22T00:00:00Z,SYNUSD,0.6919,0.731,0.663,0.67,55306.774533010015
2023-06-23T00:00:00Z,SYNUSD,0.6829,0.713,0.6593,0.6747,27060.535250050012
2023-06-24T00:00:00Z,SYNUSD,0.6746,0.6847,0.6479,0.6517,18412.110750499996
2023-06-25T00:00:00Z,SYNUSD,0.6615,0.6996,0.6533,0.6799,34286.87163615001
2023-06-26T00:00:00Z,SYNUSD,0.6799,0.6813,0.6521,0.6521,21094.222712680014
2023-06-27T00:00:00Z,SYNUSD,0.6521,0.7001,0.6521,0.7001,47505.49533763001
2023-06-28T00:00:00Z,SYNUSD,0.7001,0.722,0.6388,0.6638,42134.45537020997
2023-06-29T00:00:00Z,SYNUSD,0.6515,0.6642,0.6221,0.6485,48064.33131116001
2023-06-30T00:00:00Z,SYNUSD,0.6484,0.7058,0.6328,0.6872,53388.48124039
2023-07-01T00:00:00Z,SYNUSD,0.68,0.7329,0.68,0.71,44532.04302982004
2023-07-02T00:00:00Z,SYNUSD,0.71,0.7437,0.71,0.7317,48413.630213060016
2023-07-03T00:00:00Z,SYNUSD,0.7317,0.7947,0.7194,0.7396,65703.61430042
2023-07-04T00:00:00Z,SYNUSD,0.7396,0.7396,0.6867,0.7002,22404.496087410014
2023-07-05T00:00:00Z,SYNUSD,0.7002,0.7281,0.6528,0.6528,68042.83385966996
2023-07-06T00:00:00Z,SYNUSD,0.6529,0.685,0.6169,0.6199,39525.21531264
2023-07-07T00:00:00Z,SYNUSD,0.6173,0.6288,0.594,0.6247,64676.002288039985
2023-07-08T00:00:00Z,SYNUSD,0.6247,0.6416,0.6201,0.6362,10821.349002769999
2023-07-09T00:00:00Z,SYNUSD,0.6362,0.6384,0.62,0.6334,12724.914106049999
2023-07-10T00:00:00Z,SYNUSD,0.6214,0.6524,0.6106,0.6293,46494.063999339945
2023-07-11T00:00:00Z,SYNUSD,0.6413,0.6455,0.6265,0.6454,41004.337559399995
2023-07-12T00:00:00Z,SYNUSD,0.6332,0.6635,0.63,0.6346,35933.87567279
2023-07-13T00:00:00Z,SYNUSD,0.6353,0.7028,0.634,0.6844,44054.97345203
2023-07-14T00:00:00Z,SYNUSD,0.6846,0.8098,0.6845,0.7567,210026.0776532001
2023-07-15T00:00:00Z,SYNUSD,0.7567,0.9378,0.7524,0.803,157665.0617758298
2023-07-16T00:00:00Z,SYNUSD,0.8027,0.8159,0.7543,0.769,36484.087796999986
2023-07-17T00:00:00Z,SYNUSD,0.7689,0.7808,0.72,0.7546,30549.41798225999
2023-07-18T00:00:00Z,SYNUSD,0.7559,0.7559,0.7,0.7117,56406.67038907003
2023-07-19T00:00:00Z,SYNUSD,0.7235,0.8222,0.692,0.7042,88242.56531795987
2023-07-20T00:00:00Z,SYNUSD,0.7042,0.8343,0.6883,0.7179,251402.82092161005
2023-07-21T00:00:00Z,SYNUSD,0.7185,0.7352,0.6674,0.7217,72555.13362411005
2023-07-22T00:00:00Z,SYNUSD,0.722,0.7539,0.6799,0.68,146369.7444140401
2023-07-23T00:00:00Z,SYNUSD,0.68,0.7324,0.653,0.6899,125304.0872431999
2023-07-24T00:00:00Z,SYNUSD,0.6812,0.6918,0.6119,0.6496,81513.24414549992
2023-07-25T00:00:00Z,SYNUSD,0.6497,0.6594,0.6314,0.6449,87157.66882276995
2023-07-26T00:00:00Z,SYNUSD,0.6565,0.6649,0.6293,0.6407,19310.255729399996
2023-07-27T00:00:00Z,SYNUSD,0.6358,0.6595,0.6328,0.6421,14721.189765820001
2023-07-28T00:00:00Z,SYNUSD,0.6399,0.6487,0.6342,0.6487,10430.949102210001
2023-07-29T00:00:00Z,SYNUSD,0.6492,0.6561,0.6426,0.6537,6832.584326199999
2023-07-30T00:00:00Z,SYNUSD,0.6562,0.6564,0.6052,0.6095,25842.784907250007
2023-07-31T00:00:00Z,SYNUSD,0.6092,0.6191,0.585,0.6039,31353.41974892999
2023-08-01T00:00:00Z,SYNUSD,0.6039,0.6258,0.5983,0.6185,20382.261995660007
2023-08-02T00:00:00Z,SYNUSD,0.6254,0.6435,0.5957,0.5991,37433.16106790001
2023-08-03T00:00:00Z,SYNUSD,0.5972,0.6094,0.5864,0.5973,15305.967446240002
2023-08-04T00:00:00Z,SYNUSD,0.5864,0.6016,0.571,0.5786,15270.249159610017
2023-08-05T00:00:00Z,SYNUSD,0.5798,0.589,0.571,0.5714,3677.3198744100005
2023-08-06T00:00:00Z,SYNUSD,0.5713,0.5821,0.5549,0.5678,22459.640778619985
2023-08-07T00:00:00Z,SYNUSD,0.5673,0.6119,0.5568,0.5677,44547.310531650015
2023-08-08T00:00:00Z,SYNUSD,0.5677,0.585,0.556,0.5735,37072.49689352
2023-08-09T00:00:00Z,SYNUSD,0.5851,0.5904,0.56,0.5708,34018.288537750006
2023-08-10T00:00:00Z,SYNUSD,0.5695,0.5765,0.557,0.5579,8490.560642640003
2023-08-11T00:00:00Z,SYNUSD,0.5571,0.5645,0.5508,0.5542,10842.71323728
2023-08-12T00:00:00Z,SYNUSD,0.5543,0.5647,0.55,0.5604,9892.816078500002
2023-08-13T00:00:00Z,SYNUSD,0.5604,0.595,0.55,0.5839,15591.545901750005
2023-08-14T00:00:00Z,SYNUSD,0.5839,0.5946,0.5627,0.5753,10708.91940696
2023-08-15T00:00:00Z,SYNUSD,0.5657,0.578,0.5348,0.5394,20809.379794539993
2023-08-16T00:00:00Z,SYNUSD,0.542,0.5812,0.524,0.5261,25591.51681943
2023-08-17T00:00:00Z,SYNUSD,0.5261,0.5355,0.4762,0.494,43005.45692684001
2023-08-18T00:00:00Z,SYNUSD,0.4885,0.5183,0.43,0.4775,56525.04584088999
2023-08-19T00:00:00Z,SYNUSD,0.4697,0.4823,0.4611,0.4611,26528.694597949998
2023-08-20T00:00:00Z,SYNUSD,0.4613,0.4707,0.444,0.4556,14676.14760788
2023-08-21T00:00:00Z,SYNUSD,0.4556,0.4662,0.4439,0.445,44359.293249070004
2023-08-22T00:00:00Z,SYNUSD,0.4452,0.4452,0.421,0.4295,21191.357545690003
2023-08-23T00:00:00Z,SYNUSD,0.4295,0.4776,0.4219,0.464,46397.25884321
2023-08-24T00:00:00Z,SYNUSD,0.4623,0.4629,0.433,0.433,54676.81673001
2023-08-25T00:00:00Z,SYNUSD,0.433,0.4484,0.4201,0.4256,32057.851341069996
2023-08-26T00:00:00Z,SYNUSD,0.4276,0.4386,0.4163,0.4163,7113.17668621
2023-08-27T00:00:00Z,SYNUSD,0.4247,0.4489,0.4114,0.4129,11995.052689320002
2023-08-28T00:00:00Z,SYNUSD,0.4199,0.4242,0.4026,0.413,20960.09573912
2023-08-29T00:00:00Z,SYNUSD,0.4185,0.4586,0.3856,0.43,145602.49821825005
2023-08-30T00:00:00Z,SYNUSD,0.4321,0.4377,0.4219,0.4249,6948.85314107
2023-08-31T00:00:00Z,SYNUSD,0.4249,0.4655,0.4219,0.43,69805.59436836999
2023-09-01T00:00:00Z,SYNUSD,0.4359,0.4424,0.4037,0.4169,57427.077722040005
2023-09-02T00:00:00Z,SYNUSD,0.4169,0.4358,0.4063,0.423,49494.86777513003
2023-09-03T00:00:00Z,SYNUSD,0.4126,0.44,0.3966,0.4096,21470.262168639998
2023-09-04T00:00:00Z,SYNUSD,0.42,0.44,0.35,0.35,89225.42352811008
2023-09-05T00:00:00Z,SYNUSD,0.3501,0.3842,0.291,0.3632,142713.18699964008
2023-09-06T00:00:00Z,SYNUSD,0.363,0.4232,0.3252,0.346,215354.53120498022
2023-09-07T00:00:00Z,SYNUSD,0.3415,0.3673,0.3346,0.3415,35276.868303439995
2023-09-08T00:00:00Z,SYNUSD,0.3441,0.3441,0.3062,0.3314,70153.64159083
2023-09-09T00:00:00Z,SYNUSD,0.3362,0.3488,0.3303,0.3487,4105.073830719999
2023-09-10T00:00:00Z,SYNUSD,0.3422,0.3422,0.2942,0.3151,62175.33977057001
2023-09-11T00:00:00Z,SYNUSD,0.3151,0.3213,0.2793,0.3077,73290.7717460701
2023-09-12T00:00:00Z,SYNUSD,0.3104,0.3111,0.2846,0.2885,178848.38761113008
2023-09-13T00:00:00Z,SYNUSD,0.2891,0.3024,0.2802,0.293,38204.642308919996
2023-09-14T00:00:00Z,SYNUSD,0.2957,0.3592,0.2908,0.3172,236853.91300540022
2023-09-15T00:00:00Z,SYNUSD,0.322,0.3598,0.3125,0.3444,199904.8608405201
2023-09-16T00:00:00Z,SYNUSD,0.3445,0.3491,0.3206,0.3246,59733.938748719986
2023-09-17T00:00:00Z,SYNUSD,0.3239,0.3296,0.3158,0.3189,28253.28137527
2023-09-18T00:00:00Z,SYNUSD,0.316,0.365,0.3142,0.3297,106846.99591091994
2023-09-19T00:00:00Z,SYNUSD,0.3297,0.3415,0.321,0.3212,35153.9058629
2023-09-20T00:00:00Z,SYNUSD,0.3212,0.3283,0.3104,0.3118,27848.323577350002
2023-09-21T00:00:00Z,SYNUSD,0.3151,0.3155,0.2875,0.3012,35396.10844929001
2023-09-22T00:00:00Z,SYNUSD,0.2978,0.3224,0.2964,0.305,86667.17342279998
2023-09-23T00:00:00Z,SYNUSD,0.3078,0.3183,0.3032,0.3073,56649.326414350006
2023-09-24T00:00:00Z,SYNUSD,0.3037,0.3182,0.3024,0.3182,7345.579490480001
2023-09-25T00:00:00Z,SYNUSD,0.3149,0.3183,0.3069,0.3101,5184.81121399
2023-09-26T00:00:00Z,SYNUSD,0.3133,0.3151,0.3086,0.3089,3643.1962527200003
2023-09-27T00:00:00Z,SYNUSD,0.3089,0.3183,0.2876,0.3004,59635.6170494
2023-09-28T00:00:00Z,SYNUSD,0.3005,0.3157,0.3005,0.3105,59756.71383738001
2023-09-29T00:00:00Z,SYNUSD,0.3133,0.3239,0.3068,0.3239,57527.22785336002
2023-09-30T00:00:00Z,SYNUSD,0.3246,0.326,0.3118,0.3158,13185.5397368
2023-10-01T00:00:00Z,SYNUSD,0.314,0.3415,0.3094,0.3393,85509.49336213003
2023-10-02T00:00:00Z,SYNUSD,0.3354,0.3393,0.3146,0.3175,48476.621002470005
2023-10-03T00:00:00Z,SYNUSD,0.3183,0.3196,0.3066,0.3112,11541.791879980003
2023-10-04T00:00:00Z,SYNUSD,0.3069,0.3095,0.305,0.3093,8247.45104793
2023-10-05T00:00:00Z,SYNUSD,0.3073,0.3073,0.295,0.2977,28603.989051090004
2023-10-06T00:00:00Z,SYNUSD,0.2983,0.3056,0.2909,0.3034,32619.29394721999
2023-10-07T00:00:00Z,SYNUSD,0.3055,0.3055,0.288,0.2978,27168.27288263
2023-10-08T00:00:00Z,SYNUSD,0.2994,0.3001,0.2926,0.2969,5669.878110279999
2023-10-09T00:00:00Z,SYNUSD,0.2925,0.2967,0.2628,0.2722,54701.082066019975
2023-10-10T00:00:00Z,SYNUSD,0.2719,0.34,0.2591,0.2716,52607.447790789985
2023-10-11T00:00:00Z,SYNUSD,0.2739,0.2915,0.2739,0.2751,9989.238099850003
2023-10-12T00:00:00Z,SYNUSD,0.2783,0.2839,0.2711,0.2733,2712.4611416899997
2023-10-13T00:00:00Z,SYNUSD,0.271,0.28,0.2709,0.2799,3765.58910728
2023-10-14T00:00:00Z,SYNUSD,0.2796,0.2983,0.277,0.2867,29878.429895170008
2023-10-15T00:00:00Z,SYNUSD,0.283,0.2898,0.2589,0.2872,28741.038524760006
2023-10-16T00:00:00Z,SYNUSD,0.2887,0.3121,0.2864,0.302,61403.103530309985
2023-10-17T00:00:00Z,SYNUSD,0.2975,0.34,0.2908,0.3104,111319.22682098993
2023-10-18T00:00:00Z,SYNUSD,0.3106,0.3238,0.3004,0.3004,56005.80967664998
2023-10-19T00:00:00Z,SYNUSD,0.2976,0.3013,0.2908,0.2908,6575.6364343099995
2023-10-20T00:00:00Z,SYNUSD,0.2908,0.3029,0.2877,0.2939,22135.605199800004
2023-10-21T00:00:00Z,SYNUSD,0.2914,0.31,0.289,0.3054,71150.66123646002
2023-10-22T00:00:00Z,SYNUSD,0.3104,0.3112,0.3011,0.3112,53096.58294707003
2023-10-23T00:00:00Z,SYNUSD,0.3121,0.3215,0.2693,0.3176,76129.61968901
2023-10-24T00:00:00Z,SYNUSD,0.3215,0.3711,0.3159,0.3453,188880.34828714008
2023-10-25T00:00:00Z,SYNUSD,0.3509,0.416,0.3498,0.3954,192485.53551687032
2023-10-26T00:00:00Z,SYNUSD,0.3955,0.444,0.34,0.361,101226.78509922007
2023-10-27T00:00:00Z,SYNUSD,0.361,0.3725,0.3418,0.3453,52662.574810659964
2023-10-28T00:00:00Z,SYNUSD,0.3494,0.3663,0.3494,0.362,24207.32684446001
2023-10-29T00:00:00Z,SYNUSD,0.3559,0.43,0.3559,0.3675,51797.09480836
2023-10-30T00:00:00Z,SYNUSD,0.3621,0.3653,0.3466,0.3622,52113.89346415999
2023-10-31T00:00:00Z,SYNUSD,0.3649,0.3655,0.33,0.3445,27099.55857112
2023-11-01T00:00:00Z,SYNUSD,0.3384,0.3762,0.3354,0.365,60065.75760737
2023-11-02T00:00:00Z,SYNUSD,0.3691,0.416,0.3315,0.3469,192682.83183579994
2023-11-03T00:00:00Z,SYNUSD,0.3469,0.3619,0.311,0.3561,58857.94065574002
2023-11-04T00:00:00Z,SYNUSD,0.3559,0.3793,0.3489,0.3731,65207.27649789001
2023-11-05T00:00:00Z,SYNUSD,0.3726,0.3926,0.354,0.3677,42765.31147694001
2023-11-06T00:00:00Z,SYNUSD,0.3648,0.3869,0.3625,0.384,69246.05483448002
2023-11-07T00:00:00Z,SYNUSD,0.3843,0.3954,0.3715,0.3895,79506.26596116001
2023-11-08T00:00:00Z,SYNUSD,0.3816,0.41,0.3745,0.3931,188813.8988883501
2023-11-09T00:00:00Z,SYNUSD,0.3983,0.44,0.3509,0.416,224447.9677219101
2023-11-10T00:00:00Z,SYNUSD,0.4182,0.459,0.4081,0.4477,98349.43188630008
2023-11-11T00:00:00Z,SYNUSD,0.4573,0.4669,0.4327,0.433,76871.40565239999
2023-11-12T00:00:00Z,SYNUSD,0.433,0.453,0.4154,0.4477,93415.31013826004
2023-11-13T00:00:00Z,SYNUSD,0.4475,0.507,0.4023,0.413,249378.5632142998
2023-11-14T00:00:00Z,SYNUSD,0.414,0.4469,0.396,0.412,153735.13931643998
2023-11-15T00:00:00Z,SYNUSD,0.4121,0.4739,0.3812,0.4669,107647.89515282006
2023-11-16T00:00:00Z,SYNUSD,0.4669,0.4669,0.4131,0.4229,94658.14813617003
2023-11-17T00:00:00Z,SYNUSD,0.421,0.43,0.383,0.407,70924.64242848005
2023-11-18T00:00:00Z,SYNUSD,0.401,0.4119,0.3828,0.3997,21857.83523289
2023-11-19T00:00:00Z,SYNUSD,0.4002,0.4351,0.3992,0.435,35449.08154322002
2023-11-20T00:00:00Z,SYNUSD,0.4282,0.4576,0.425,0.4394,113948.0371313203
2023-11-21T00:00:00Z,SYNUSD,0.4393,0.4408,0.3754,0.3843,109441.69907621006
2023-11-22T00:00:00Z,SYNUSD,0.383,0.4256,0.3771,0.4178,178637.41928686004
2023-11-23T00:00:00Z,SYNUSD,0.424,0.4391,0.396,0.4121,74991.73599278998
2023-11-24T00:00:00Z,SYNUSD,0.4198,0.4391,0.4054,0.4304,41463.500515739994
2023-11-25T00:00:00Z,SYNUSD,0.4352,0.439,0.4188,0.4269,29259.750738720006
2023-11-26T00:00:00Z,SYNUSD,0.4279,0.4458,0.4219,0.4345,64257.75981089001
2023-11-27T00:00:00Z,SYNUSD,0.4345,0.4352,0.3525,0.4062,129735.03845786011
2023-11-28T00:00:00Z,SYNUSD,0.4064,0.4318,0.4021,0.4219,48383.93765335
2023-11-29T00:00:00Z,SYNUSD,0.421,0.4527,0.4109,0.4468,131062.90906621997
2023-11-30T00:00:00Z,SYNUSD,0.4472,0.5471,0.4115,0.4283,521709.52366962016
2023-12-01T00:00:00Z,SYNUSD,0.4283,0.4556,0.421,0.4256,241856.9708550602
2023-12-02T00:00:00Z,SYNUSD,0.4254,0.442,0.4117,0.4418,165372.50921851996
2023-12-03T00:00:00Z,SYNUSD,0.4419,0.4591,0.435,0.4538,140947.8042323
2023-12-04T00:00:00Z,SYNUSD,0.4562,0.5166,0.4377,0.4967,505215.9914090802
2023-12-05T00:00:00Z,SYNUSD,0.4981,0.5322,0.4647,0.4892,326475.00235618954
2023-12-06T00:00:00Z,SYNUSD,0.4894,0.4946,0.4509,0.4592,227928.95615452013
2023-12-07T00:00:00Z,SYNUSD,0.4626,0.4895,0.4531,0.4702,135634.64734862014
2023-12-08T00:00:00Z,SYNUSD,0.4758,0.4984,0.4754,0.4803,203631.96518895993
2023-12-09T00:00:00Z,SYNUSD,0.4817,0.5069,0.475,0.4808,191912.69607728993
2023-12-10T00:00:00Z,SYNUSD,0.4864,0.4864,0.4659,0.4814,48007.642619319966
2023-12-11T00:00:00Z,SYNUSD,0.4767,0.4935,0.4141,0.4391,188983.86645446022
2023-12-12T00:00:00Z,SYNUSD,0.4392,0.4527,0.4117,0.4261,156994.7900020799
2023-12-13T00:00:00Z,SYNUSD,0.4234,0.4351,0.386,0.4278,209314.5426200899
2023-12-14T00:00:00Z,SYNUSD,0.4278,0.4487,0.4242,0.4303,62139.38572973
2023-12-15T00:00:00Z,SYNUSD,0.4301,0.4383,0.3994,0.4192,51624.632020040015
2023-12-16T00:00:00Z,SYNUSD,0.4193,0.4323,0.4171,0.4208,14149.26784283
2023-12-17T00:00:00Z,SYNUSD,0.4229,0.4257,0.4004,0.4076,27964.80326795
2023-12-18T00:00:00Z,SYNUSD,0.4048,0.4063,0.3838,0.4004,134458.18100607
2023-12-19T00:00:00Z,SYNUSD,0.4004,0.4138,0.3754,0.3868,100394.33418574005
2023-12-20T00:00:00Z,SYNUSD,0.3845,0.4059,0.3836,0.3935,54360.58880919
2023-12-21T00:00:00Z,SYNUSD,0.3909,0.4044,0.3761,0.3911,161464.82211402
2023-12-22T00:00:00Z,SYNUSD,0.3984,0.4416,0.3974,0.422,102672.34394375993
2023-12-23T00:00:00Z,SYNUSD,0.4285,0.4382,0.4102,0.4326,39143.194809860004
2023-12-24T00:00:00Z,SYNUSD,0.4277,0.4488,0.4071,0.4301,126067.21861605995
2023-12-25T00:00:00Z,SYNUSD,0.4267,0.4716,0.422,0.4572,130973.32611440992
2023-12-26T00:00:00Z,SYNUSD,0.4571,0.4582,0.3872,0.4496,138757.5024511801
2023-12-27T00:00:00Z,SYNUSD,0.4496,0.5167,0.4457,0.4981,378450.56729630986
2023-12-28T00:00:00Z,SYNUSD,0.4981,0.5276,0.4593,0.4611,327700.91130011
2023-12-29T00:00:00Z,SYNUSD,0.4694,0.4949,0.4484,0.4709,140132.75555739997
2023-12-30T00:00:00Z,SYNUSD,0.4714,0.4771,0.4548,0.4575,66206.20432449001
2023-12-31T00:00:00Z,SYNUSD,0.4618,0.4791,0.4408,0.4629,98937.73979094999
2024-01-01T00:00:00Z,SYNUSD,0.4631,0.4855,0.4517,0.4821,91884.73408277993
2024-01-02T00:00:00Z,SYNUSD,0.4828,0.5141,0.468,0.4697,267196.33793105016
2024-01-03T00:00:00Z,SYNUSD,0.4699,0.4821,0.421,0.4314,244814.72786042988
2024-01-04T00:00:00Z,SYNUSD,0.4337,0.4487,0.4312,0.4452,50271.10685368
2024-01-05T00:00:00Z,SYNUSD,0.4487,0.4487,0.4171,0.4254,77962.00184873996
2024-01-06T00:00:00Z,SYNUSD,0.4208,0.4208,0.4021,0.407,93416.75766104003
2024-01-07T00:00:00Z,SYNUSD,0.4097,0.4126,0.3816,0.3816,59314.21051039002
2024-01-08T00:00:00Z,SYNUSD,0.3817,0.4064,0.3558,0.4064,244983.1887671799
2024-01-09T00:00:00Z,SYNUSD,0.4026,0.4027,0.3717,0.3851,58984.21696893
2024-01-10T00:00:00Z,SYNUSD,0.3876,0.4508,0.3812,0.4463,64966.02479414997
2024-01-11T00:00:00Z,SYNUSD,0.4465,0.6311,0.4434,0.5089,1135807.9005072596
2024-01-12T00:00:00Z,SYNUSD,0.5145,0.5635,0.4762,0.5313,606464.0768653097
2024-01-13T00:00:00Z,SYNUSD,0.535,0.788,0.5294,0.7573,1756481.6777908541
2024-01-14T00:00:00Z,SYNUSD,0.7542,0.795,0.6232,0.6618,948034.0348129086
2024-01-15T00:00:00Z,SYNUSD,0.6692,0.6996,0.6207,0.6343,369973.6705988997
2024-01-16T00:00:00Z,SYNUSD,0.6344,0.7506,0.5462,0.6893,466581.0615325014
2024-01-17T00:00:00Z,SYNUSD,0.6893,0.7091,0.6224,0.6468,288209.6148133203
2024-01-18T00:00:00Z,SYNUSD,0.6427,0.6552,0.5766,0.6043,212691.55896663968
2024-01-19T00:00:00Z,SYNUSD,0.599,0.761,0.5931,0.7297,911694.0218240602
2024-01-20T00:00:00Z,SYNUSD,0.7317,0.7317,0.65,0.6722,119518.26456045001
2024-01-21T00:00:00Z,SYNUSD,0.6558,0.7263,0.6333,0.6794,188665.61932417998
2024-01-22T00:00:00Z,SYNUSD,0.6794,0.6981,0.6088,0.6088,209575.08154333965
2024-01-23T00:00:00Z,SYNUSD,0.609,0.8471,0.5598,0.7428,420339.8516843795
2024-01-24T00:00:00Z,SYNUSD,0.7313,0.9247,0.7076,0.7616,700204.9669391685
2024-01-25T00:00:00Z,SYNUSD,0.761,0.924,0.7085,0.8592,384035.84309246053
2024-01-26T00:00:00Z,SYNUSD,0.8593,0.9228,0.7925,0.8852,429697.16633727966
2024-01-27T00:00:00Z,SYNUSD,0.8757,0.99,0.8683,0.8807,419552.34361905005
2024-01-28T00:00:00Z,SYNUSD,0.8807,0.8861,0.7741,0.7957,413894.9513807701
2024-01-29T00:00:00Z,SYNUSD,0.7956,0.8396,0.7752,0.8163,262582.171693081
2024-01-30T00:00:00Z,SYNUSD,0.8161,0.8161,0.7699,0.7708,220191.45290979015
2024-01-31T00:00:00Z,SYNUSD,0.7739,0.7763,0.7,0.7238,385032.06501557893
2024-02-01T00:00:00Z,SYNUSD,0.7252,0.7269,0.6821,0.7086,72612.37896928
2024-02-02T00:00:00Z,SYNUSD,0.7164,0.7877,0.7164,0.7485,231273.65325863022
2024-02-03T00:00:00Z,SYNUSD,0.7498,0.758,0.714,0.7215,50351.83454501002
2024-02-04T00:00:00Z,SYNUSD,0.7211,0.7316,0.6755,0.6759,29787.11174144001
2024-02-05T00:00:00Z,SYNUSD,0.6754,0.7468,0.6633,0.6854,146104.44877405994
2024-02-06T00:00:00Z,SYNUSD,0.6859,0.7249,0.6776,0.7139,78750.14884913007
2024-02-07T00:00:00Z,SYNUSD,0.7146,0.7675,0.6822,0.7427,73130.58834355012
2024-02-08T00:00:00Z,SYNUSD,0.7389,0.7747,0.591,0.7142,169572.73003397972
2024-02-09T00:00:00Z,SYNUSD,0.7173,0.777,0.7135,0.7733,74900.15393383997
2024-02-10T00:00:00Z,SYNUSD,0.7714,0.8146,0.7387,0.7532,109438.60974082012
2024-02-11T00:00:00Z,SYNUSD,0.7516,0.76,0.7265,0.7266,44484.53919786
2024-02-12T00:00:00Z,SYNUSD,0.7288,0.7765,0.7035,0.761,102319.17282345999
2024-02-13T00:00:00Z,SYNUSD,0.7556,0.7804,0.7077,0.7352,167105.82749816004
2024-02-14T00:00:00Z,SYNUSD,0.7419,0.759,0.7088,0.742,110122.57821007
2024-02-15T00:00:00Z,SYNUSD,0.7411,0.7638,0.7,0.7222,133457.03731856984
2024-02-16T00:00:00Z,SYNUSD,0.7223,0.7311,0.7,0.7236,119729.13118621995
2024-02-17T00:00:00Z,SYNUSD,0.723,0.7809,0.7115,0.7686,86516.73006688998
2024-02-18T00:00:00Z,SYNUSD,0.767,0.8072,0.7384,0.7754,69325.46325228007
2024-02-19T00:00:00Z,SYNUSD,0.7796,0.8611,0.7665,0.8189,249211.45204260017
2024-02-20T00:00:00Z,SYNUSD,0.8202,0.8521,0.7383,0.7501,174663.7753177
2024-02-21T00:00:00Z,SYNUSD,0.7574,0.763,0.6776,0.7111,115206.07893496007
2024-02-22T00:00:00Z,SYNUSD,0.711,0.7319,0.7021,0.7117,139854.66376295002
2024-02-23T00:00:00Z,SYNUSD,0.7142,0.7252,0.6654,0.6743,36554.24885666001
2024-02-24T00:00:00Z,SYNUSD,0.6841,0.7432,0.6611,0.7062,72983.76149954007
2024-02-25T00:00:00Z,SYNUSD,0.706,0.7432,0.6931,0.72,57931.132015690026
2024-02-26T00:00:00Z,SYNUSD,0.72,0.8004,0.686,0.7921,193413.02909420978
2024-02-27T00:00:00Z,SYNUSD,0.7923,1.1,0.7923,0.945,996328.2060120996
2024-02-28T00:00:00Z,SYNUSD,0.9448,1.3161,0.9304,1.2201,808872.0248259213
2024-02-29T00:00:00Z,SYNUSD,1.2201,1.2926,1.078,1.116,880623.1948695498
2024-03-01T00:00:00Z,SYNUSD,1.1238,1.4589,1.0885,1.174,359046.71273339004
2024-03-02T00:00:00Z,SYNUSD,1.175,1.1774,1.0607,1.1276,94720.41187818993
2024-03-03T00:00:00Z,SYNUSD,1.1357,1.1526,1.065,1.098,110524.00684342017
2024-03-04T00:00:00Z,SYNUSD,1.098,1.2431,1.094,1.1672,187461.3624496803
2024-03-05T00:00:00Z,SYNUSD,1.1611,1.575,1.11,1.5473,748958.6792437102
2024-03-06T00:00:00Z,SYNUSD,1.5423,1.9788,1.4913,1.8775,898682.471834862
2024-03-07T00:00:00Z,SYNUSD,1.8791,1.9193,1.6,1.6085,231497.79753769995
2024-03-08T00:00:00Z,SYNUSD,1.6187,1.6258,1.5,1.5903,337067.83847199
2024-03-09T00:00:00Z,SYNUSD,1.593,1.7229,1.5548,1.6114,111612.91178973994
2024-03-10T00:00:00Z,SYNUSD,1.6105,1.647,1.44,1.4511,278947.5934838101
2024-03-11T00:00:00Z,SYNUSD,1.4529,1.6235,1.37,1.5579,177980.88075257
2024-03-12T00:00:00Z,SYNUSD,1.5585,1.5871,1.3719,1.4799,153933.14454257995
2024-03-13T00:00:00Z,SYNUSD,1.4787,1.6401,1.4658,1.5706,183506.6585715798
2024-03-14T00:00:00Z,SYNUSD,1.5702,1.574,1.416,1.5072,216413.3290127297
2024-03-15T00:00:00Z,SYNUSD,1.503,1.513,1.3196,1.3806,149056.21278428016
2024-03-16T00:00:00Z,SYNUSD,1.3954,1.4705,1.18,1.2013,159452.14110960986
2024-03-17T00:00:00Z,SYNUSD,1.2215,1.3622,1.16,1.3013,199627.24830307008
2024-03-18T00:00:00Z,SYNUSD,1.298,1.3837,1.1619,1.1619,178479.17144937013
2024-03-19T00:00:00Z,SYNUSD,1.1605,1.1992,1.0,1.1072,971957.5175714057
2024-03-20T00:00:00Z,SYNUSD,1.1071,1.3658,1.0712,1.3627,161335.21723264
2024-03-21T00:00:00Z,SYNUSD,1.3462,1.3797,1.2448,1.2759,88533.66096549999
2024-03-22T00:00:00Z,SYNUSD,1.2698,1.3713,1.1844,1.2187,102037.53000473011
2024-03-23T00:00:00Z,SYNUSD,1.2163,1.2483,1.1179,1.1179,200746.7767094799
2024-03-24T00:00:00Z,SYNUSD,1.1217,1.2216,1.1111,1.2212,52259.88066091999
2024-03-25T00:00:00Z,SYNUSD,1.2216,1.4673,1.1746,1.36,242603.4985763195
2024-03-26T00:00:00Z,SYNUSD,1.3632,1.5972,1.28,1.3149,212240.3038431502
2024-03-27T00:00:00Z,SYNUSD,1.3149,1.4255,1.2443,1.2767,218745.01765087058
2024-03-28T00:00:00Z,SYNUSD,1.2767,1.6277,1.2527,1.3817,201577.1609439796
2024-03-29T00:00:00Z,SYNUSD,1.379,1.394,1.2526,1.2865,61647.98191303999
2024-03-30T00:00:00Z,SYNUSD,1.2857,1.3068,1.2319,1.232,64009.249398039974
2024-03-31T00:00:00Z,SYNUSD,1.232,1.2791,1.2035,1.2443,53037.58700423
2024-04-01T00:00:00Z,SYNUSD,1.2459,1.5077,1.125,1.2348,201026.20579126052
2024-04-02T00:00:00Z,SYNUSD,1.2215,1.4731,1.1474,1.3316,267210.12603164045
2024-04-03T00:00:00Z,SYNUSD,1.3316,1.818,1.321,1.6211,739601.4021199819
2024-04-04T00:00:00Z,SYNUSD,1.6211,1.7695,1.3878,1.4413,450922.91319579934
2024-04-05T00:00:00Z,SYNUSD,1.4442,1.4559,1.2504,1.3501,285307.7103077302
2024-04-06T00:00:00Z,SYNUSD,1.3684,1.4087,1.27,1.3335,59493.75232122991
2024-04-07T00:00:00Z,SYNUSD,1.3315,1.4878,1.3235,1.4449,91785.15596876005
2024-04-08T00:00:00Z,SYNUSD,1.4449,1.5689,1.4143,1.518,128532.14352180013
2024-04-09T00:00:00Z,SYNUSD,1.5138,1.537,1.3329,1.3698,61097.322376450094
2024-04-10T00:00:00Z,SYNUSD,1.3784,1.4366,1.2407,1.3237,103681.05687669023
2024-04-11T00:00:00Z,SYNUSD,1.3185,1.363,1.2104,1.2119,61355.94566409
2024-04-12T00:00:00Z,SYNUSD,1.2236,1.3241,1.0168,1.0577,161189.51075757973
2024-04-13T00:00:00Z,SYNUSD,1.0577,1.3086,0.9452,1.1352,310252.3448363705
2024-04-14T00:00:00Z,SYNUSD,1.1342,1.2113,1.0036,1.1458,127931.07249738983
2024-04-15T00:00:00Z,SYNUSD,1.1378,1.2036,1.0258,1.0493,118418.04575516988
2024-04-16T00:00:00Z,SYNUSD,1.0481,1.0617,0.941,0.9985,78295.67335941993
2024-04-17T00:00:00Z,SYNUSD,0.9962,1.0123,0.75,0.96,134303.16396709002
2024-04-18T00:00:00Z,SYNUSD,0.9628,1.1818,0.9452,1.109,182132.7519215499
2024-04-19T00:00:00Z,SYNUSD,1.105,1.1339,1.0113,1.0665,419815.0159254503
2024-04-20T00:00:00Z,SYNUSD,1.067,1.1416,1.0509,1.1145,24794.006275829983
2024-04-21T00:00:00Z,SYNUSD,1.1245,1.1309,1.0658,1.0794,37546.67111233997
2024-04-22T00:00:00Z,SYNUSD,1.0794,1.1332,0.8355,1.106,98580.82209547993
2024-04-23T00:00:00Z,SYNUSD,1.103,1.2115,1.0978,1.121,49714.461809050015
2024-04-24T00:00:00Z,SYNUSD,1.1249,1.1357,1.026,1.0291,97003.80740808001
2024-04-25T00:00:00Z,SYNUSD,1.0401,1.2,1.0029,1.0515,100782.06083185003
2024-04-26T00:00:00Z,SYNUSD,1.039,1.0419,0.9617,0.9773,99508.91993158
2024-04-27T00:00:00Z,SYNUSD,0.965,1.15,0.955,1.0046,145801.12574154988
2024-04-28T00:00:00Z,SYNUSD,1.0039,1.0271,0.9788,0.9788,71411.06242877
2024-04-29T00:00:00Z,SYNUSD,0.979,0.9986,0.8655,0.9475,114855.01532321997
2024-04-30T00:00:00Z,SYNUSD,0.9478,0.9657,0.815,0.8667,146312.00234673018
2024-05-01T00:00:00Z,SYNUSD,0.8622,0.916,0.801,0.9074,289453.5331472999
2024-05-02T00:00:00Z,SYNUSD,0.8952,0.9165,0.8256,0.8958,93741.43883428002
2024-05-03T00:00:00Z,SYNUSD,0.9059,0.9489,0.8408,0.9228,64404.8890034
2024-05-04T00:00:00Z,SYNUSD,0.9208,0.9235,0.8833,0.8922,31447.97626103001
2024-05-05T00:00:00Z,SYNUSD,0.8922,0.9236,0.8714,0.9111,41569.604457599984
2024-05-06T00:00:00Z,SYNUSD,0.9236,0.9458,0.8381,0.8793,62192.77067451995
2024-05-07T00:00:00Z,SYNUSD,0.8754,0.9054,0.855,0.855,104262.95707558992
2024-05-08T00:00:00Z,SYNUSD,0.8556,0.8992,0.828,0.8329,50832.671595589985
2024-05-09T00:00:00Z,SYNUSD,0.8389,0.8531,0.8058,0.853,46146.088694489954
2024-05-10T00:00:00Z,SYNUSD,0.8532,0.8751,0.7652,0.783,58409.903878499994
2024-05-11T00:00:00Z,SYNUSD,0.7797,0.8153,0.7689,0.7897,75378.35074097004
2024-05-12T00:00:00Z,SYNUSD,0.7907,0.8172,0.7876,0.801,19974.21210526
2024-05-13T00:00:00Z,SYNUSD,0.8001,0.8001,0.7388,0.7532,93850.48263335999
2024-05-14T00:00:00Z,SYNUSD,0.7496,0.7584,0.71,0.7424,185276.15389514997
2024-05-15T00:00:00Z,SYNUSD,0.749,0.8029,0.729,0.8029,50548.77685561998
2024-05-16T00:00:00Z,SYNUSD,0.8048,0.8363,0.7534,0.7907,158870.15244895997
2024-05-17T00:00:00Z,SYNUSD,0.7938,0.8588,0.7767,0.8269,114503.13972062999
2024-05-18T00:00:00Z,SYNUSD,0.8301,0.8358,0.8011,0.805,28113.024623960013
2024-05-19T00:00:00Z,SYNUSD,0.8056,0.8105,0.7652,0.766,18658.500931990002
2024-05-20T00:00:00Z,SYNUSD,0.7651,0.8346,0.7422,0.8254,59005.843084679924
2024-05-21T00:00:00Z,SYNUSD,0.8321,0.8405,0.7887,0.8153,41242.87744946
2024-05-22T00:00:00Z,SYNUSD,0.8153,0.816,0.7533,0.785,108830.07463579997
2024-05-23T00:00:00Z,SYNUSD,0.7892,0.8207,0.7599,0.7836,22281.37493854999
2024-05-24T00:00:00Z,SYNUSD,0.7828,0.8029,0.7466,0.7568,63334.28011785003
2024-05-25T00:00:00Z,SYNUSD,0.7467,0.7787,0.7386,0.7787,34202.59773061001
2024-05-26T00:00:00Z,SYNUSD,0.7781,0.7795,0.7571,0.7571,19883.95727501999
2024-05-27T00:00:00Z,SYNUSD,0.7541,0.8032,0.7541,0.8007,35324.118140520004
2024-05-28T00:00:00Z,SYNUSD,0.8007,0.8072,0.7651,0.7792,52257.01648812
2024-05-29T00:00:00Z,SYNUSD,0.7822,0.814,0.7648,0.7654,31871.958622009995
2024-05-30T00:00:00Z,SYNUSD,0.7648,0.7713,0.7418,0.7419,15669.53195699
2024-05-31T00:00:00Z,SYNUSD,0.7438,0.748,0.691,0.7102,48157.47368300999
2024-06-01T00:00:00Z,SYNUSD,0.7138,0.7597,0.7042,0.7457,22899.774301149984
2024-06-02T00:00:00Z,SYNUSD,0.7551,0.7636,0.71,0.7531,45023.867172969985
2024-06-03T00:00:00Z,SYNUSD,0.7597,0.806,0.7541,0.7624,58300.602537080005
2024-06-04T00:00:00Z,SYNUSD,0.7612,0.7669,0.7214,0.726,118818.97610856
2024-06-05T00:00:00Z,SYNUSD,0.7346,0.7431,0.7099,0.7345,26975.702859619985
2024-06-06T00:00:00Z,SYNUSD,0.7338,0.8,0.7194,0.7202,110155.21763767999
2024-06-07T00:00:00Z,SYNUSD,0.7196,0.7432,0.6535,0.6625,126950.50781272998
2024-06-08T00:00:00Z,SYNUSD,0.6625,0.6655,0.6069,0.6127,36909.039805630004
2024-06-09T00:00:00Z,SYNUSD,0.6133,0.6318,0.6039,0.6239,26787.128972610004
2024-06-10T00:00:00Z,SYNUSD,0.6194,0.6194,0.552,0.587,55979.80872213998
2024-06-11T00:00:00Z,SYNUSD,0.5871,0.5961,0.5401,0.5856,177377.50568234007
2024-06-12T00:00:00Z,SYNUSD,0.5816,0.8307,0.5816,0.6899,292286.3193473696
2024-06-13T00:00:00Z,SYNUSD,0.6827,0.7281,0.6075,0.6186,171625.37335033994
2024-06-14T00:00:00Z,SYNUSD,0.6182,0.6565,0.5778,0.5993,115769.58522493002
2024-06-15T00:00:00Z,SYNUSD,0.6079,0.6475,0.5982,0.6246,24231.79341283001
2024-06-16T00:00:00Z,SYNUSD,0.6246,0.7409,0.6039,0.6874,139148.23317232978
2024-06-17T00:00:00Z,SYNUSD,0.678,0.6863,0.5669,0.5965,141656.08568723986
2024-06-18T00:00:00Z,SYNUSD,0.6051,0.6062,0.5319,0.5577,207214.92566856995
2024-06-19T00:00:00Z,SYNUSD,0.5612,0.5866,0.5352,0.547,27077.61891600001
2024-06-20T00:00:00Z,SYNUSD,0.5538,0.5877,0.5387,0.5461,13192.133063510008
2024-06-21T00:00:00Z,SYNUSD,0.553,0.5592,0.4983,0.5194,62957.29205445
2024-06-22T00:00:00Z,SYNUSD,0.5104,0.5159,0.5034,0.5144,24010.226018729994
2024-06-23T00:00:00Z,SYNUSD,0.5155,0.5313,0.5052,0.5052,5762.577232199999
2024-06-24T00:00:00Z,SYNUSD,0.5034,0.555,0.484,0.5351,175041.59709292013
2024-06-25T00:00:00Z,SYNUSD,0.5302,0.5709,0.5144,0.5374,176501.86088078993
2024-06-26T00:00:00Z,SYNUSD,0.5422,0.5486,0.5111,0.5171,97232.87120366006
2024-06-27T00:00:00Z,SYNUSD,0.5142,0.5599,0.5034,0.5358,126916.95287308008
2024-06-28T00:00:00Z,SYNUSD,0.534,0.5446,0.5173,0.5173,124008.62237919006
2024-06-29T00:00:00Z,SYNUSD,0.5136,0.5212,0.499,0.499,15392.130770740001
2024-06-30T00:00:00Z,SYNUSD,0.4992,0.5381,0.4866,0.5381,25276.899015510007
2024-07-01T00:00:00Z,SYNUSD,0.5385,0.5448,0.5064,0.5121,31852.20235404999
2024-07-02T00:00:00Z,SYNUSD,0.5111,0.5258,0.5069,0.512,47007.840164429996
2024-07-03T00:00:00Z,SYNUSD,0.5116,0.5728,0.482,0.4843,91039.36608231007
2024-07-04T00:00:00Z,SYNUSD,0.4862,0.4862,0.4478,0.452,46953.561765870014
2024-07-05T00:00:00Z,SYNUSD,0.4535,0.4574,0.4002,0.4392,122160.41621990994
2024-07-06T00:00:00Z,SYNUSD,0.4391,0.4621,0.4106,0.4621,69688.71786283999
2024-07-07T00:00:00Z,SYNUSD,0.4536,0.4536,0.4166,0.427,15084.547377760004
2024-07-08T00:00:00Z,SYNUSD,0.4176,0.4419,0.4061,0.4262,29634.269580340006
2024-07-09T00:00:00Z,SYNUSD,0.4291,0.4615,0.4282,0.4527,35988.05516987999
2024-07-10T00:00:00Z,SYNUSD,0.4595,0.4756,0.4554,0.4611,21919.26775596
2024-07-11T00:00:00Z,SYNUSD,0.4696,0.4904,0.4533,0.4534,32609.263745030003
2024-07-12T00:00:00Z,SYNUSD,0.4571,0.4571,0.4295,0.4426,17915.003639289996
2024-07-13T00:00:00Z,SYNUSD,0.4419,0.4689,0.4386,0.4516,40784.12556974001
2024-07-14T00:00:00Z,SYNUSD,0.4515,0.472,0.4508,0.472,7419.855880610001
2024-07-15T00:00:00Z,SYNUSD,0.4748,0.4959,0.4748,0.4932,37382.760378269995
2024-07-16T00:00:00Z,SYNUSD,0.4921,0.4941,0.4607,0.4842,18980.022608990002
2024-07-17T00:00:00Z,SYNUSD,0.4853,0.4942,0.4642,0.4707,37244.88142125
2024-07-18T00:00:00Z,SYNUSD,0.465,0.4731,0.4399,0.4431,25613.810747189997
2024-07-19T00:00:00Z,SYNUSD,0.4399,0.4761,0.4,0.4592,85182.36864102002
2024-07-20T00:00:00Z,SYNUSD,0.4596,0.6,0.4562,0.5299,323084.68800622
2024-07-21T00:00:00Z,SYNUSD,0.5216,0.62,0.5016,0.5504,253188.64235862982
2024-07-22T00:00:00Z,SYNUSD,0.5487,0.6106,0.5293,0.5351,158234.09974037993
2024-07-23T00:00:00Z,SYNUSD,0.5319,0.555,0.5197,0.5297,59831.077309440014
2024-07-24T00:00:00Z,SYNUSD,0.5316,0.542,0.5011,0.5057,81571.53606969003
2024-07-25T00:00:00Z,SYNUSD,0.5009,0.5062,0.4691,0.4834,54034.93481713999
2024-07-26T00:00:00Z,SYNUSD,0.4844,0.4994,0.481,0.496,43118.82030122998
2024-07-27T00:00:00Z,SYNUSD,0.4955,0.5005,0.4747,0.4818,20349.121057880006
2024-07-28T00:00:00Z,SYNUSD,0.4772,0.4891,0.4625,0.474,35851.54131174999
2024-07-29T00:00:00Z,SYNUSD,0.4658,0.4816,0.4606,0.4679,34251.53135771
2024-07-30T00:00:00Z,SYNUSD,0.4673,0.4695,0.4296,0.44,127236.12520398988
2024-07-31T00:00:00Z,SYNUSD,0.4372,0.4422,0.4254,0.4312,35469.15559447001
2024-08-01T00:00:00Z,SYNUSD,0.4286,0.4296,0.3951,0.4187,117340.69551386003
2024-08-02T00:00:00Z,SYNUSD,0.4186,0.4216,0.3831,0.384,61374.51635199999
2024-08-03T00:00:00Z,SYNUSD,0.384,0.3961,0.357,0.3684,55936.745739380036
2024-08-04T00:00:00Z,SYNUSD,0.3636,0.3713,0.318,0.3386,106624.60887596001
2024-08-05T00:00:00Z,SYNUSD,0.3386,0.3386,0.27,0.3131,379573.81703507976
2024-08-06T00:00:00Z,SYNUSD,0.3191,0.3444,0.317,0.3249,95483.19657899998
2024-08-07T00:00:00Z,SYNUSD,0.3254,0.3508,0.313,0.3168,86539.36988747
2024-08-08T00:00:00Z,SYNUSD,0.3174,0.3658,0.3146,0.3657,46501.81428154
2024-08-09T00:00:00Z,SYNUSD,0.3628,0.3628,0.3473,0.355,16112.985695190002
2024-08-10T00:00:00Z,SYNUSD,0.3555,0.3599,0.3525,0.3551,8295.48949055
2024-08-11T00:00:00Z,SYNUSD,0.3598,0.3697,0.3386,0.3388,25448.731699419997
2024-08-12T00:00:00Z,SYNUSD,0.3437,0.3704,0.3412,0.3636,17724.86810029
2024-08-13T00:00:00Z,SYNUSD,0.364,0.3644,0.3431,0.3539,36631.200737449995
2024-08-14T00:00:00Z,SYNUSD,0.3548,0.362,0.3464,0.3464,11051.86671748
2024-08-15T00:00:00Z,SYNUSD,0.3532,0.4498,0.3449,0.378,205157.27106611012
2024-08-16T00:00:00Z,SYNUSD,0.3774,0.6146,0.3695,0.5956,1199670.8289057207
2024-08-17T00:00:00Z,SYNUSD,0.5972,0.758,0.5544,0.6484,946068.8804807846
2024-08-18T00:00:00Z,SYNUSD,0.6388,0.82,0.5987,0.6773,640746.0276013796
2024-08-19T00:00:00Z,SYNUSD,0.6669,0.6853,0.546,0.5566,418517.63446954056
2024-08-20T00:00:00Z,SYNUSD,0.5562,0.6044,0.5288,0.5453,363601.51253830973
2024-08-21T00:00:00Z,SYNUSD,0.5559,0.595,0.5453,0.5582,343765.02151782974
2024-08-22T00:00:00Z,SYNUSD,0.5624,0.602,0.5624,0.5715,240962.0057062501
2024-08-23T00:00:00Z,SYNUSD,0.5689,0.6216,0.5566,0.6179,504755.3752930902
2024-08-24T00:00:00Z,SYNUSD,0.6191,0.6219,0.56,0.5741,743523.017441079
2024-08-25T00:00:00Z,SYNUSD,0.5753,0.6054,0.5579,0.5845,315191.0497402297
2024-08-26T00:00:00Z,SYNUSD,0.5896,0.6242,0.544,0.5467,332623.9742788203
2024-08-27T00:00:00Z,SYNUSD,0.5469,0.5591,0.5009,0.5181,146098.34731891012
2024-08-28T00:00:00Z,SYNUSD,0.5154,0.5186,0.4761,0.4969,162040.5018331299
2024-08-29T00:00:00Z,SYNUSD,0.4944,0.5089,0.4806,0.4825,54842.768163279994
2024-08-30T00:00:00Z,SYNUSD,0.4761,0.4844,0.4472,0.4763,59454.66354773999
2024-08-31T00:00:00Z,SYNUSD,0.4771,0.4798,0.4579,0.4579,42263.867621920006
2024-09-01T00:00:00Z,SYNUSD,0.4559,0.4571,0.4269,0.4269,31206.58093535
2024-09-02T00:00:00Z,SYNUSD,0.4332,0.4565,0.4332,0.4533,65275.68790956002
2024-09-03T00:00:00Z,SYNUSD,0.4566,0.4575,0.421,0.421,26487.148195740006
2024-09-04T00:00:00Z,SYNUSD,0.4206,0.429,0.3913,0.4167,88618.51140336001
2024-09-05T00:00:00Z,SYNUSD,0.4174,0.4174,0.396,0.4011,33925.237358579994
2024-09-06T00:00:00Z,SYNUSD,0.3987,0.4116,0.3643,0.3799,91976.72956772005
2024-09-07T00:00:00Z,SYNUSD,0.3842,0.4091,0.356,0.394,58720.83887574998
2024-09-08T00:00:00Z,SYNUSD,0.3952,0.4549,0.3948,0.4549,84316.77565069994
2024-09-09T00:00:00Z,SYNUSD,0.449,0.4506,0.4249,0.4433,67122.95953250997
2024-09-10T00:00:00Z,SYNUSD,0.4397,0.4408,0.4269,0.4284,43466.1282541
2024-09-11T00:00:00Z,SYNUSD,0.4304,0.4373,0.4088,0.4265,77064.43499749996
2024-09-12T00:00:00Z,SYNUSD,0.4323,0.4402,0.4206,0.4369,36820.227018909995
2024-09-13T00:00:00Z,SYNUSD,0.4399,0.5215,0.4399,0.508,151689.9500116501
2024-09-14T00:00:00Z,SYNUSD,0.5151,0.5211,0.4868,0.4868,33514.82440647
2024-09-15T00:00:00Z,SYNUSD,0.4902,0.5042,0.471,0.471,31659.23853636
2024-09-16T00:00:00Z,SYNUSD,0.4686,0.4757,0.4309,0.4376,47462.38153413002
2024-09-17T00:00:00Z,SYNUSD,0.4383,0.4674,0.4342,0.4532,52494.59799848001
2024-09-18T00:00:00Z,SYNUSD,0.4462,0.4709,0.4286,0.4709,16011.979385460003
2024-09-19T00:00:00Z,SYNUSD,0.4739,0.4828,0.4591,0.4642,137992.18460871998
2024-09-20T00:00:00Z,SYNUSD,0.4633,0.4944,0.4541,0.4748,62157.02148078004
2024-09-21T00:00:00Z,SYNUSD,0.4758,0.4885,0.4611,0.4821,25690.44553275
2024-09-22T00:00:00Z,SYNUSD,0.482,0.4902,0.4592,0.48,94428.86707330996
2024-09-23T00:00:00Z,SYNUSD,0.4776,0.5012,0.4361,0.4792,146621.76415310975
2024-09-24T00:00:00Z,SYNUSD,0.4729,0.5039,0.4705,0.4905,72666.46520576002
2024-09-25T00:00:00Z,SYNUSD,0.4916,0.5,0.467,0.467,57110.91553384
2024-09-26T00:00:00Z,SYNUSD,0.47,0.5074,0.4625,0.4957,62718.511858530044
2024-09-27T00:00:00Z,SYNUSD,0.5012,0.5299,0.4987,0.523,142334.50271066994
2024-09-28T00:00:00Z,SYNUSD,0.522,0.5262,0.4909,0.4981,55742.89839309999
2024-09-29T00:00:00Z,SYNUSD,0.4962,0.512,0.4866,0.5034,97441.94566601998
2024-09-30T00:00:00Z,SYNUSD,0.4962,0.5026,0.4597,0.4658,65313.09681691
2024-10-01T00:00:00Z,SYNUSD,0.4645,0.4739,0.394,0.4031,83711.36207596003
2024-10-02T00:00:00Z,SYNUSD,0.4065,0.4186,0.3787,0.3867,88760.04508344
2024-10-03T00:00:00Z,SYNUSD,0.3864,0.4033,0.3659,0.3818,77515.27854970
2024-10-04T00:00:00Z,SYNUSD,0.3857,0.4679,0.3857,0.4584,111999.17781989
2024-10-05T00:00:00Z,SYNUSD,0.4584,0.4758,0.4363,0.4480,82013.24516494
2024-10-06T00:00:00Z,SYNUSD,0.4490,0.4593,0.4359,0.4593,92996.52971784
2024-10-07T00:00:00Z,SYNUSD,0.4605,0.4923,0.4580,0.4738,97142.63250031
2024-10-08T00:00:00Z,SYNUSD,0.4716,0.4863,0.4580,0.4736,60030.34495030
2024-10-09T00:00:00Z,SYNUSD,0.4739,0.4786,0.4263,0.4322,72801.87944224
2024-10-10T00:00:00Z,SYNUSD,0.4339,0.4801,0.4254,0.4789,133774.36205109
2024-10-11T00:00:00Z,SYNUSD,0.4807,0.5162,0.4795,0.5050,191198.31261082
2024-10-12T00:00:00Z,SYNUSD,0.5038,0.5171,0.4928,0.5005,32276.34272387
2024-10-13T00:00:00Z,SYNUSD,0.5012,0.5401,0.4839,0.5292,94209.87879475
2024-10-14T00:00:00Z,SYNUSD,0.5294,0.6786,0.5195,0.6222,511882.08237386
2024-10-15T00:00:00Z,SYNUSD,0.6455,0.6664,0.5847,0.6133,538331.87273011
2024-10-16T00:00:00Z,SYNUSD,0.6132,0.6396,0.5894,0.5894,133091.45812447
2024-10-17T00:00:00Z,SYNUSD,0.5965,0.5986,0.5498,0.5669,98044.82520286
2024-10-18T00:00:00Z,SYNUSD,0.5645,0.6325,0.5636,0.6164,78419.46353750
2024-10-19T00:00:00Z,SYNUSD,0.6141,0.6600,0.6070,0.6135,134673.16969423
2024-10-20T00:00:00Z,SYNUSD,0.6182,0.6497,0.6069,0.6430,74475.59346034
2024-10-21T00:00:00Z,SYNUSD,0.6454,0.6521,0.5915,0.6040,71440.84717440
2024-10-22T00:00:00Z,SYNUSD,0.6026,0.6093,0.5799,0.5830,84930.40966323
2024-10-23T00:00:00Z,SYNUSD,0.5809,0.5858,0.5438,0.5653,61429.49115401
2024-10-24T00:00:00Z,SYNUSD,0.5653,0.6734,0.5653,0.6601,180563.22467010
2024-10-25T00:00:00Z,SYNUSD,0.6552,0.6584,0.5543,0.5685,110515.40753225
2024-10-26T00:00:00Z,SYNUSD,0.5684,0.6282,0.5600,0.6008,77849.78748023
2024-10-27T00:00:00Z,SYNUSD,0.6003,0.6213,0.5892,0.6053,28092.28670869
2024-10-28T00:00:00Z,SYNUSD,0.6026,0.6515,0.5652,0.5844,172473.72536075
2024-10-29T00:00:00Z,SYNUSD,0.5839,0.6018,0.5742,0.5750,90134.69218784
2024-10-30T00:00:00Z,SYNUSD,0.5817,0.5817,0.5472,0.5634,96955.39261377
2024-10-31T00:00:00Z,SYNUSD,0.5627,0.5653,0.5183,0.5183,124520.25442490
2024-11-01T00:00:00Z,SYNUSD,0.5180,0.5236,0.4752,0.4950,124234.33294359
2024-11-02T00:00:00Z,SYNUSD,0.4966,0.5030,0.4687,0.4746,57311.44860227
2024-11-03T00:00:00Z,SYNUSD,0.4798,0.4798,0.4424,0.4615,57114.21992678
2024-11-04T00:00:00Z,SYNUSD,0.4602,0.4699,0.4227,0.4434,125317.81308193
2024-11-05T00:00:00Z,SYNUSD,0.4463,0.5018,0.4463,0.4779,76713.70122242
2024-11-06T00:00:00Z,SYNUSD,0.4788,0.5445,0.4788,0.5395,153408.11204315
2024-11-07T00:00:00Z,SYNUSD,0.5423,0.5519,0.5144,0.5384,86665.36385913
2024-11-08T00:00:00Z,SYNUSD,0.5425,0.5494,0.5038,0.5221,97928.72980227
2024-11-09T00:00:00Z,SYNUSD,0.5247,0.5839,0.5216,0.5810,33511.08417141
2024-11-10T00:00:00Z,SYNUSD,0.5774,0.6306,0.5626,0.6022,117383.19498491
2024-11-11T00:00:00Z,SYNUSD,0.6082,0.6401,0.5912,0.6281,93253.51146064
2024-11-12T00:00:00Z,SYNUSD,0.6221,0.6426,0.5494,0.5916,268343.89126049
2024-11-13T00:00:00Z,SYNUSD,0.5981,0.5981,0.5253,0.5472,189314.03753039
2024-11-14T00:00:00Z,SYNUSD,0.5492,0.5937,0.5232,0.5263,149373.07490172
2024-11-15T00:00:00Z,SYNUSD,0.5308,0.5614,0.5090,0.5498,72715.13208853
2024-11-16T00:00:00Z,SYNUSD,0.5493,0.5905,0.5475,0.5837,95940.44038886
2024-11-17T00:00:00Z,SYNUSD,0.5873,0.5891,0.5303,0.5311,88525.00555494
2024-11-18T00:00:00Z,SYNUSD,0.5301,0.5652,0.5226,0.5593,119517.00884070
2024-11-19T00:00:00Z,SYNUSD,0.5601,0.5696,0.5039,0.5262,165716.18610833
2024-11-20T00:00:00Z,SYNUSD,0.5226,0.5237,0.4563,0.4568,240583.73226337
2024-11-21T00:00:00Z,SYNUSD,0.4569,0.5215,0.4472,0.4983,265225.49024612
2024-11-22T00:00:00Z,SYNUSD,0.4970,0.6611,0.4703,0.5087,476569.46502634
2024-11-23T00:00:00Z,SYNUSD,0.5101,0.5294,0.4716,0.4900,434621.33808961
2024-11-24T00:00:00Z,SYNUSD,0.4900,0.5425,0.4806,0.5135,409677.59893421
2024-11-25T00:00:00Z,SYNUSD,0.5111,0.5801,0.5015,0.5416,276070.90418893
2024-11-26T00:00:00Z,SYNUSD,0.5367,0.5696,0.5092,0.5586,480211.68625288
2024-11-27T00:00:00Z,SYNUSD,0.5513,0.5908,0.5446,0.5807,202148.62085348
2024-11-28T00:00:00Z,SYNUSD,0.5777,0.5944,0.5544,0.5799,90386.66715218
2024-11-29T00:00:00Z,SYNUSD,0.5729,0.5895,0.5413,0.5771,222229.49822635
2024-11-30T00:00:00Z,SYNUSD,0.5755,0.7114,0.5694,0.6937,523979.16839116
2024-12-01T00:00:00Z,SYNUSD,0.6937,0.7469,0.6470,0.6965,247070.05876940
2024-12-02T00:00:00Z,SYNUSD,0.7028,0.7705,0.6505,0.7630,343419.86047904
2024-12-03T00:00:00Z,SYNUSD,0.7630,0.7971,0.6798,0.7915,326299.53413541
2024-12-04T00:00:00Z,SYNUSD,0.7895,1.0292,0.7792,0.8730,672198.62826588
2024-12-05T00:00:00Z,SYNUSD,0.8708,0.9098,0.8162,0.8701,165738.49861831
2024-12-06T00:00:00Z,SYNUSD,0.8661,0.9499,0.8000,0.9093,417570.99086260
2024-12-07T00:00:00Z,SYNUSD,0.9093,1.0171,0.8967,0.9608,322264.30113365
2024-12-08T00:00:00Z,SYNUSD,0.9663,0.9957,0.9162,0.9208,104495.17423952
2024-12-09T00:00:00Z,SYNUSD,0.9190,0.9242,0.5840,0.7536,852120.23961214
2024-12-10T00:00:00Z,SYNUSD,0.7469,0.7777,0.6511,0.7167,540784.45251133
2024-12-11T00:00:00Z,SYNUSD,0.7204,0.7903,0.6880,0.7478,94137.25859710
2024-12-12T00:00:00Z,SYNUSD,0.7478,0.8440,0.7386,0.7948,193431.85142971
2024-12-13T00:00:00Z,SYNUSD,0.8057,0.8089,0.7656,0.8021,195557.38186073
2024-12-14T00:00:00Z,SYNUSD,0.7941,0.8081,0.7287,0.7448,46442.87137784
2024-12-15T00:00:00Z,SYNUSD,0.7336,0.7757,0.7125,0.7727,136491.08455722
2024-12-16T00:00:00Z,SYNUSD,0.7660,0.7883,0.6980,0.7322,78076.98701876
2024-12-17T00:00:00Z,SYNUSD,0.7302,0.7416,0.6720,0.6854,202541.69981992
2024-12-18T00:00:00Z,SYNUSD,0.6780,0.6853,0.5801,0.5926,157254.89401451
2024-12-19T00:00:00Z,SYNUSD,0.5895,0.6002,0.5173,0.5430,191035.40151352
2024-12-20T00:00:00Z,SYNUSD,0.5381,0.5723,0.4580,0.5516,276528.42513967
2024-12-21T00:00:00Z,SYNUSD,0.5570,0.5895,0.5052,0.5241,189227.44092155
2024-12-22T00:00:00Z,SYNUSD,0.5264,0.5460,0.5139,0.5304,80632.73665687
2024-12-23T00:00:00Z,SYNUSD,0.5195,0.5653,0.5039,0.5491,155345.40474619
2024-12-24T00:00:00Z,SYNUSD,0.5488,0.5738,0.5341,0.5662,164794.37047610
2024-12-25T00:00:00Z,SYNUSD,0.5683,0.5804,0.5490,0.5587,68806.57274193
2024-12-26T00:00:00Z,SYNUSD,0.5588,0.5677,0.5030,0.5087,55212.45219883
2024-12-27T00:00:00Z,SYNUSD,0.5093,0.5494,0.5070,0.5248,52459.05204566
2024-12-28T00:00:00Z,SYNUSD,0.5189,0.5493,0.5115,0.5440,46800.73998486
2024-12-29T00:00:00Z,SYNUSD,0.5424,0.5445,0.5068,0.5110,73751.08511692
2024-12-30T00:00:00Z,SYNUSD,0.5127,0.6786,0.4943,0.6183,487850.05526328
2024-12-31T00:00:00Z,SYNUSD,0.6130,0.6881,0.5850,0.6329,346798.68141717
2025-01-01T00:00:00Z,SYNUSD,0.6352,0.6679,0.6130,0.6649,147889.89847010
2025-01-02T00:00:00Z,SYNUSD,0.6668,0.6903,0.6240,0.6417,94498.49237547
2025-01-03T00:00:00Z,SYNUSD,0.6354,0.6892,0.6134,0.6649,53681.69305738
2025-01-04T00:00:00Z,SYNUSD,0.6667,0.7006,0.6587,0.6843,155958.42301747
2025-01-05T00:00:00Z,SYNUSD,0.6865,0.7506,0.6738,0.7406,248046.51298746
2025-01-06T00:00:00Z,SYNUSD,0.7407,0.7520,0.7027,0.7255,209689.31318633
2025-01-07T00:00:00Z,SYNUSD,0.7182,0.7280,0.6406,0.6406,277828.05070010
2025-01-08T00:00:00Z,SYNUSD,0.6406,0.6431,0.5644,0.6079,306859.70737807
2025-01-09T00:00:00Z,SYNUSD,0.6074,0.6480,0.5626,0.5781,149404.25330708
2025-01-10T00:00:00Z,SYNUSD,0.5839,0.6327,0.5735,0.6051,311416.75132809
2025-01-11T00:00:00Z,SYNUSD,0.6049,0.6341,0.5916,0.6258,47898.97262376
2025-01-12T00:00:00Z,SYNUSD,0.6249,0.6323,0.5918,0.5988,135455.42217367
2025-01-13T00:00:00Z,SYNUSD,0.6024,0.6171,0.5216,0.5747,141926.25703122
2025-01-14T00:00:00Z,SYNUSD,0.5810,0.6074,0.5747,0.5984,46700.39363935
2025-01-15T00:00:00Z,SYNUSD,0.5968,0.6776,0.5968,0.6644,207295.88889528
2025-01-16T00:00:00Z,SYNUSD,0.6670,0.6679,0.6342,0.6409,109366.07058744
2025-01-17T00:00:00Z,SYNUSD,0.6443,0.7080,0.6443,0.6831,84779.65159178
2025-01-18T00:00:00Z,SYNUSD,0.6828,0.6830,0.6064,0.6341,304940.62262791
2025-01-19T00:00:00Z,SYNUSD,0.6341,0.6472,0.5361,0.5662,205975.72347626
2025-01-20T00:00:00Z,SYNUSD,0.5586,0.6044,0.5381,0.5555,142709.90591469
2025-01-21T00:00:00Z,SYNUSD,0.5526,0.5697,0.5250,0.5510,34398.83014138
2025-01-22T00:00:00Z,SYNUSD,0.5543,0.5584,0.5204,0.5204,29049.67829780
2025-01-23T00:00:00Z,SYNUSD,0.5201,0.5304,0.4962,0.5186,52305.85867451
2025-01-24T00:00:00Z,SYNUSD,0.5062,0.5143,0.4712,0.4712,131961.43284441
2025-01-25T00:00:00Z,SYNUSD,0.4697,0.4851,0.4638,0.4749,38185.84287990
2025-01-26T00:00:00Z,SYNUSD,0.4731,0.4903,0.4607,0.4607,59821.94230084
2025-01-27T00:00:00Z,SYNUSD,0.4592,0.4592,0.4074,0.4521,102816.16159371
2025-01-28T00:00:00Z,SYNUSD,0.4536,0.4668,0.4161,0.4161,81833.42117974
2025-01-29T00:00:00Z,SYNUSD,0.4188,0.4510,0.4188,0.4355,141008.84261361
2025-01-30T00:00:00Z,SYNUSD,0.4347,0.4768,0.4312,0.4725,25583.59421882
2025-01-31T00:00:00Z,SYNUSD,0.4740,0.4859,0.4510,0.4647,100951.31463128
2025-02-01T00:00:00Z,SYNUSD,0.4596,0.4699,0.4000,0.4054,138454.09298839
2025-02-02T00:00:00Z,SYNUSD,0.4079,0.4133,0.3464,0.3608,123364.47746571
2025-02-03T00:00:00Z,SYNUSD,0.3613,0.3713,0.2760,0.3630,287919.58230517
2025-02-04T00:00:00Z,SYNUSD,0.3607,0.3607,0.3311,0.3397,636739.16968274
2025-02-05T00:00:00Z,SYNUSD,0.3396,0.3574,0.3274,0.3337,220484.62830194
2025-02-06T00:00:00Z,SYNUSD,0.3344,0.3656,0.3139,0.3176,681510.34220140
2025-02-07T00:00:00Z,SYNUSD,0.3158,0.3481,0.2941,0.3043,181886.19068687
2025-02-08T00:00:00Z,SYNUSD,0.3057,0.3322,0.3014,0.3321,70385.52313682
2025-02-09T00:00:00Z,SYNUSD,0.3265,0.3893,0.3243,0.3676,523208.46922530
2025-02-10T00:00:00Z,SYNUSD,0.3688,0.3976,0.3500,0.3804,144852.02724289
2025-02-11T00:00:00Z,SYNUSD,0.3778,0.4451,0.3562,0.4188,540208.21967333
2025-02-12T00:00:00Z,SYNUSD,0.4195,0.5073,0.4052,0.4556,780435.31496396
2025-02-13T00:00:00Z,SYNUSD,0.4557,0.4725,0.4215,0.4308,152750.51342746
2025-02-14T00:00:00Z,SYNUSD,0.4319,0.4566,0.4250,0.4278,26061.23653627
2025-02-15T00:00:00Z,SYNUSD,0.4260,0.4363,0.4120,0.4183,16907.10525141
2025-02-16T00:00:00Z,SYNUSD,0.4174,0.4241,0.4012,0.4022,20195.87690707
2025-02-17T00:00:00Z,SYNUSD,0.4012,0.4121,0.3606,0.3676,90646.72771745
2025-02-18T00:00:00Z,SYNUSD,0.3654,0.3677,0.3346,0.3466,86110.05277775
2025-02-19T00:00:00Z,SYNUSD,0.3500,0.3552,0.3423,0.3528,159800.80812833
2025-02-20T00:00:00Z,SYNUSD,0.3550,0.3623,0.3447,0.3491,54749.32179192
2025-02-21T00:00:00Z,SYNUSD,0.3496,0.3697,0.3322,0.3351,64529.67856558
2025-02-22T00:00:00Z,SYNUSD,0.3390,0.3539,0.3346,0.3539,88005.81001619
2025-02-23T00:00:00Z,SYNUSD,0.3516,0.3580,0.3402,0.3453,42024.15554972
2025-02-24T00:00:00Z,SYNUSD,0.3459,0.3459,0.2893,0.2925,185100.53942294
2025-02-25T00:00:00Z,SYNUSD,0.2872,0.3148,0.2810,0.3122,266157.22819603
2025-02-26T00:00:00Z,SYNUSD,0.3085,0.3160,0.2790,0.2957,97936.01457411
2025-02-27T00:00:00Z,SYNUSD,0.2939,0.3077,0.2880,0.3007,116683.31920433
2025-02-28T00:00:00Z,SYNUSD,0.3008,0.3037,0.2760,0.2996,143794.80568961
2025-03-01T00:00:00Z,SYNUSD,0.2966,0.3020,0.2873,0.2991,38382.45456560
2025-03-02T00:00:00Z,SYNUSD,0.2934,0.3198,0.2898,0.3198,56564.26488856
2025-03-03T00:00:00Z,SYNUSD,0.3199,0.3210,0.2649,0.2713,123621.40825360
2025-03-04T00:00:00Z,SYNUSD,0.2697,0.2718,0.2261,0.2446,204444.27803831
2025-03-05T00:00:00Z,SYNUSD,0.2442,0.2593,0.2426,0.2569,117633.63347271
2025-03-06T00:00:00Z,SYNUSD,0.2563,0.2631,0.2443,0.2480,119814.29383327
2025-03-07T00:00:00Z,SYNUSD,0.2476,0.2500,0.2240,0.2255,149480.08431255
2025-03-08T00:00:00Z,SYNUSD,0.2220,0.2251,0.2053,0.2076,131654.81864571
2025-03-09T00:00:00Z,SYNUSD,0.2082,0.2132,0.1822,0.1833,210345.63917927
2025-03-10T00:00:00Z,SYNUSD,0.1837,0.1898,0.1618,0.1629,299167.22844276
2025-03-11T00:00:00Z,SYNUSD,0.1649,0.1903,0.1567,0.1833,242646.91875384
2025-03-12T00:00:00Z,SYNUSD,0.1830,0.1896,0.1762,0.1831,109408.24376755
2025-03-13T00:00:00Z,SYNUSD,0.1837,0.1853,0.1734,0.1781,87807.03700152
2025-03-14T00:00:00Z,SYNUSD,0.1773,0.1895,0.1771,0.1888,108856.26866570
2025-03-15T00:00:00Z,SYNUSD,0.1862,0.1939,0.1845,0.1921,102117.72287588
2025-03-16T00:00:00Z,SYNUSD,0.1921,0.1921,0.1774,0.1781,62209.02901327
2025-03-17T00:00:00Z,SYNUSD,0.1795,0.1901,0.1789,0.1872,67479.00985550
2025-03-18T00:00:00Z,SYNUSD,0.1850,0.1879,0.1732,0.1797,96294.55179457
2025-03-19T00:00:00Z,SYNUSD,0.1805,0.2049,0.1801,0.1934,184042.49463539
2025-03-20T00:00:00Z,SYNUSD,0.1926,0.1926,0.1802,0.1807,154862.13241018
2025-03-21T00:00:00Z,SYNUSD,0.1818,0.1881,0.1804,0.1845,60341.33093223
2025-03-22T00:00:00Z,SYNUSD,0.1856,0.1975,0.1849,0.1881,83320.50000806
2025-03-23T00:00:00Z,SYNUSD,0.1876,0.1931,0.1835,0.1843,42273.22330109
2025-03-24T00:00:00Z,SYNUSD,0.1860,0.1982,0.1824,0.1965,110571.01677357
2025-03-25T00:00:00Z,SYNUSD,0.1973,0.1986,0.1914,0.1967,65050.89723905
2025-03-26T00:00:00Z,SYNUSD,0.1968,0.2009,0.1875,0.1885,88007.07687457
2025-03-27T00:00:00Z,SYNUSD,0.1880,0.1975,0.1880,0.1967,82004.30162836
2025-03-28T00:00:00Z,SYNUSD,0.1925,0.1938,0.1669,0.1709,252121.82925914
2025-03-29T00:00:00Z,SYNUSD,0.1712,0.1716,0.1592,0.1599,53416.31521780
2025-03-30T00:00:00Z,SYNUSD,0.1622,0.1709,0.1622,0.1677,103856.34120172
2025-03-31T00:00:00Z,SYNUSD,0.1676,0.1676,0.1559,0.1637,32009.75357405
2025-04-01T00:00:00Z,SYNUSD,0.1641,0.1773,0.1626,0.1667,154713.89638312
2025-04-02T00:00:00Z,SYNUSD,0.1637,0.1673,0.1468,0.1503,100466.61676838
2025-04-03T00:00:00Z,SYNUSD,0.1505,0.1551,0.1424,0.1505,76548.51990718
2025-04-04T00:00:00Z,SYNUSD,0.1504,0.1562,0.1488,0.1531,134059.19789694
2025-04-05T00:00:00Z,SYNUSD,0.1529,0.1542,0.1477,0.1502,70067.02416920
2025-04-06T00:00:00Z,SYNUSD,0.1504,0.1517,0.1267,0.1303,210367.36081009
2025-04-07T00:00:00Z,SYNUSD,0.1294,0.1450,0.1192,0.1425,361206.60330490
2025-04-08T00:00:00Z,SYNUSD,0.1415,0.1431,0.1303,0.1315,180035.53414803
2025-04-09T00:00:00Z,SYNUSD,0.1325,0.1528,0.1258,0.1518,155635.86496553
2025-04-10T00:00:00Z,SYNUSD,0.1504,0.1504,0.1388,0.1436,77207.40976722
2025-04-11T00:00:00Z,SYNUSD,0.1437,0.1558,0.1436,0.1526,91291.21314706
2025-04-12T00:00:00Z,SYNUSD,0.1522,0.1632,0.1522,0.1595,240866.17260065
2025-04-13T00:00:00Z,SYNUSD,0.1587,0.1592,0.1433,0.1460,63909.10846344
2025-04-14T00:00:00Z,SYNUSD,0.1463,0.1551,0.1463,0.1538,63627.58050667
2025-04-15T00:00:00Z,SYNUSD,0.1531,0.1538,0.1431,0.1447,71351.61547503
2025-04-16T00:00:00Z,SYNUSD,0.1448,0.1469,0.1370,0.1400,94934.24492724
2025-04-17T00:00:00Z,SYNUSD,0.1408,0.1702,0.1400,0.1580,362338.58052422
2025-04-18T00:00:00Z,SYNUSD,0.1559,0.1702,0.1522,0.1591,448364.21233931
2025-04-19T00:00:00Z,SYNUSD,0.1588,0.1665,0.1588,0.1636,146480.88647596
2025-04-20T00:00:00Z,SYNUSD,0.1615,0.1642,0.1590,0.1642,1092369.77305898
2025-04-21T00:00:00Z,SYNUSD,0.1639,0.2397,0.1639,0.1993,2132065.82011587
2025-04-22T00:00:00Z,SYNUSD,0.1984,0.2318,0.1966,0.2194,822470.42772676
2025-04-23T00:00:00Z,SYNUSD,0.2206,0.2267,0.1997,0.2069,478079.54603850
2025-04-24T00:00:00Z,SYNUSD,0.2076,0.3750,0.2069,0.3032,4394159.23651036
2025-04-25T00:00:00Z,SYNUSD,0.3032,0.3988,0.2724,0.3284,2387317.13516769
2025-04-26T00:00:00Z,SYNUSD,0.3290,0.3787,0.3028,0.3500,2475581.62538833
2025-04-27T00:00:00Z,SYNUSD,0.3522,0.3686,0.3133,0.3237,2899850.51288410
2025-04-28T00:00:00Z,SYNUSD,0.3207,0.3363,0.2910,0.2910,1270381.72738994
2025-04-29T00:00:00Z,SYNUSD,0.2930,0.2984,0.2745,0.2770,410428.55130714
2025-04-30T00:00:00Z,SYNUSD,0.2754,0.2948,0.2658,0.2879,525903.70639879
2025-05-01T00:00:00Z,SYNUSD,0.2878,0.2913,0.2736,0.2764,676889.43273491
2025-05-02T00:00:00Z,SYNUSD,0.2789,0.2900,0.2724,0.2847,397136.03363105
2025-05-03T00:00:00Z,SYNUSD,0.2840,0.2860,0.2530,0.2555,259707.39075076
2025-05-04T00:00:00Z,SYNUSD,0.2550,0.2562,0.2395,0.2492,442715.65483057
2025-05-05T00:00:00Z,SYNUSD,0.2490,0.2558,0.2401,0.2428,194333.44899096
2025-05-06T00:00:00Z,SYNUSD,0.2426,0.2491,0.2180,0.2287,304220.31474663
2025-05-07T00:00:00Z,SYNUSD,0.2302,0.2391,0.2256,0.2304,246266.47411884
2025-05-08T00:00:00Z,SYNUSD,0.2290,0.2719,0.2290,0.2630,311438.69946545
2025-05-09T00:00:00Z,SYNUSD,0.2634,0.2859,0.2578,0.2821,379257.20536713
2025-05-10T00:00:00Z,SYNUSD,0.2821,0.2880,0.2668,0.2829,665206.03905131
2025-05-11T00:00:00Z,SYNUSD,0.2827,0.2837,0.2655,0.2725,112245.68588032
2025-05-12T00:00:00Z,SYNUSD,0.2714,0.3311,0.2710,0.3311,582783.28152479
2025-05-13T00:00:00Z,SYNUSD,0.3293,0.3346,0.2857,0.3152,638732.10890637
2025-05-14T00:00:00Z,SYNUSD,0.3173,0.3234,0.2697,0.2731,326641.92092847
2025-05-15T00:00:00Z,SYNUSD,0.2737,0.2772,0.2345,0.2398,345587.01574364
2025-05-16T00:00:00Z,SYNUSD,0.2402,0.2476,0.2286,0.2326,207443.71722820
2025-05-17T00:00:00Z,SYNUSD,0.2297,0.2297,0.2197,0.2224,154426.49693288
2025-05-18T00:00:00Z,SYNUSD,0.2211,0.2374,0.2168,0.2346,221527.87137690
2025-05-19T00:00:00Z,SYNUSD,0.2335,0.2364,0.2145,0.2282,183691.99145129
2025-05-20T00:00:00Z,SYNUSD,0.2289,0.2309,0.2188,0.2289,155265.44571690
2025-05-21T00:00:00Z,SYNUSD,0.2303,0.2346,0.2207,0.2276,94322.99209917
2025-05-22T00:00:00Z,SYNUSD,0.2277,0.2535,0.2277,0.2480,254776.04757316
2025-05-23T00:00:00Z,SYNUSD,0.2484,0.2553,0.2179,0.2187,262445.38681602
2025-05-24T00:00:00Z,SYNUSD,0.2188,0.2304,0.2171,0.2251,66538.01313314
2025-05-25T00:00:00Z,SYNUSD,0.2224,0.2224,0.2112,0.2216,177465.18519842
2025-05-26T00:00:00Z,SYNUSD,0.2207,0.2409,0.2202,0.2294,541310.32436051
2025-05-27T00:00:00Z,SYNUSD,0.2291,0.2392,0.2124,0.2145,650531.12888276
2025-05-28T00:00:00Z,SYNUSD,0.2140,0.2140,0.1937,0.2001,1094608.83311910
2025-05-29T00:00:00Z,SYNUSD,0.2007,0.2035,0.1857,0.1877,357420.23912162
2025-05-30T00:00:00Z,SYNUSD,0.1876,0.1877,0.1607,0.1623,634227.92597067
2025-05-31T00:00:00Z,SYNUSD,0.1613,0.1702,0.1564,0.1667,352311.89253008
2025-06-01T00:00:00Z,SYNUSD,0.1657,0.1746,0.1642,0.1734,111083.01007500
2025-06-02T00:00:00Z,SYNUSD,0.1736,0.1771,0.1679,0.1726,169723.68610870
2025-06-03T00:00:00Z,SYNUSD,0.1730,0.1780,0.1704,0.1718,292883.41121307
2025-06-04T00:00:00Z,SYNUSD,0.1741,0.1747,0.1604,0.1628,78729.54163403
2025-06-05T00:00:00Z,SYNUSD,0.1623,0.1642,0.1468,0.1508,237730.20654354
2025-06-06T00:00:00Z,SYNUSD,0.1501,0.1618,0.1501,0.1538,65576.59899337
2025-06-07T00:00:00Z,SYNUSD,0.1566,0.1663,0.1565,0.1650,84624.00225459
2025-06-08T00:00:00Z,SYNUSD,0.1647,0.1727,0.1611,0.1621,284210.57099400
2025-06-09T00:00:00Z,SYNUSD,0.1621,0.1733,0.1543,0.1715,97429.42674787
2025-06-10T00:00:00Z,SYNUSD,0.1715,0.1747,0.1650,0.1741,273192.43815237
2025-06-11T00:00:00Z,SYNUSD,0.1743,0.1743,0.1604,0.1624,235271.60618776
2025-06-12T00:00:00Z,SYNUSD,0.1609,0.1617,0.1446,0.1446,387892.26302912
2025-06-13T00:00:00Z,SYNUSD,0.1445,0.1445,0.1326,0.1352,293700.44349616
2025-06-14T00:00:00Z,SYNUSD,0.1351,0.1362,0.1289,0.1316,82587.63043124
2025-06-15T00:00:00Z,SYNUSD,0.1318,0.1428,0.1318,0.1417,448020.36769489
2025-06-16T00:00:00Z,SYNUSD,0.1412,0.1443,0.1358,0.1360,351530.00038051
2025-06-17T00:00:00Z,SYNUSD,0.1353,0.1385,0.1251,0.1278,529313.37136402
2025-06-18T00:00:00Z,SYNUSD,0.1274,0.1285,0.1215,0.1261,402372.53273412
2025-06-19T00:00:00Z,SYNUSD,0.1265,0.1275,0.1218,0.1271,284128.92329515
2025-06-20T00:00:00Z,SYNUSD,0.1270,0.1319,0.1104,0.1129,935683.79124441
2025-06-21T00:00:00Z,SYNUSD,0.1128,0.1182,0.1067,0.1091,549214.14607287
2025-06-22T00:00:00Z,SYNUSD,0.1098,0.1108,0.0964,0.1007,1108981.36023773
2025-06-23T00:00:00Z,SYNUSD,0.1014,0.1090,0.0976,0.1087,448753.64435861
2025-06-24T00:00:00Z,SYNUSD,0.1092,0.1140,0.1066,0.1078,219115.44615704
2025-06-25T00:00:00Z,SYNUSD,0.1085,0.1104,0.0995,0.0995,289069.16863973
2025-06-26T00:00:00Z,SYNUSD,0.0996,0.1022,0.0899,0.0906,834804.56110380
2025-06-27T00:00:00Z,SYNUSD,0.0905,0.0973,0.0902,0.0941,239487.47041502
2025-06-28T00:00:00Z,SYNUSD,0.0945,0.1019,0.0938,0.0997,218767.56858747
2025-06-29T00:00:00Z,SYNUSD,0.0987,0.1008,0.0965,0.0996,56183.51822824
2025-06-30T00:00:00Z,SYNUSD,0.0997,0.0997,0.0941,0.0965,153921.08154350
2025-07-01T00:00:00Z,SYNUSD,0.0962,0.0962,0.0862,0.0883,265800.66256360
2025-07-02T00:00:00Z,SYNUSD,0.0890,0.0962,0.0886,0.0958,295928.24955636
2025-07-03T00:00:00Z,SYNUSD,0.0955,0.0993,0.0920,0.0924,217150.90950034
2025-07-04T00:00:00Z,SYNUSD,0.0932,0.0933,0.0858,0.0864,164083.68818529
2025-07-05T00:00:00Z,SYNUSD,0.0862,0.0886,0.0841,0.0859,172417.29081338
2025-07-06T00:00:00Z,SYNUSD,0.0856,0.0958,0.0856,0.0918,278872.81441842
2025-07-07T00:00:00Z,SYNUSD,0.0909,0.0932,0.0864,0.0898,301972.67210129
2025-07-08T00:00:00Z,SYNUSD,0.0908,0.1114,0.0888,0.1091,1406458.40282524
2025-07-09T00:00:00Z,SYNUSD,0.1115,0.1282,0.1033,0.1078,2116336.68396182
2025-07-10T00:00:00Z,SYNUSD,0.1064,0.1206,0.1060,0.1198,1255116.88489563
2025-07-11T00:00:00Z,SYNUSD,0.1195,0.1392,0.1170,0.1385,2100639.59264301
2025-07-12T00:00:00Z,SYNUSD,0.1390,0.1597,0.1222,0.1282,1976533.61220229
2025-07-13T00:00:00Z,SYNUSD,0.1302,0.1361,0.1235,0.1241,918925.53596899
2025-07-14T00:00:00Z,SYNUSD,0.1235,0.1305,0.1212,0.1239,565148.79519457
2025-07-15T00:00:00Z,SYNUSD,0.1253,0.1302,0.1198,0.1285,802298.43455860
2025-07-16T00:00:00Z,SYNUSD,0.1286,0.1339,0.1258,0.1280,211477.75710236
2025-07-17T00:00:00Z,SYNUSD,0.1302,0.1302,0.1205,0.1248,261585.07701275
2025-07-18T00:00:00Z,SYNUSD,0.1251,0.1385,0.1247,0.1361,326224.94313617
2025-07-19T00:00:00Z,SYNUSD,0.1363,0.1415,0.1317,0.1370,226996.36606014
2025-07-20T00:00:00Z,SYNUSD,0.1369,0.1427,0.1359,0.1375,147438.05401567
2025-07-21T00:00:00Z,SYNUSD,0.1381,0.1416,0.1326,0.1358,200880.03251406
2025-07-22T00:00:00Z,SYNUSD,0.1355,0.2196,0.1255,0.1905,4131295.70240055
2025-07-23T00:00:00Z,SYNUSD,0.1885,0.2235,0.1494,0.1565,4118016.19015000
2025-07-24T00:00:00Z,SYNUSD,0.1569,0.1600,0.1437,0.1445,463663.42346560
2025-07-25T00:00:00Z,SYNUSD,0.1434,0.1492,0.1384,0.1465,628960.54597493
2025-07-26T00:00:00Z,SYNUSD,0.1478,0.1507,0.1437,0.1440,222443.46046444
2025-07-27T00:00:00Z,SYNUSD,0.1437,0.1451,0.1405,0.1422,269701.32002166
2025-07-28T00:00:00Z,SYNUSD,0.1421,0.1495,0.1300,0.1302,524074.14161336
2025-07-29T00:00:00Z,SYNUSD,0.1312,0.1363,0.1264,0.1293,281766.05187487
2025-07-30T00:00:00Z,SYNUSD,0.1277,0.1301,0.1201,0.1255,67394.67546096
2025-07-31T00:00:00Z,SYNUSD,0.1257,0.1297,0.1185,0.1185,226987.61330191
2025-08-01T00:00:00Z,SYNUSD,0.1183,0.1224,0.1161,0.1189,123322.15581249
2025-08-02T00:00:00Z,SYNUSD,0.1193,0.1208,0.1143,0.1170,36167.65095391
2025-08-03T00:00:00Z,SYNUSD,0.1169,0.1263,0.1163,0.1232,140608.85353111
2025-08-04T00:00:00Z,SYNUSD,0.1229,0.1565,0.1225,0.1521,1300294.95816214
2025-08-05T00:00:00Z,SYNUSD,0.1548,0.1652,0.1352,0.1381,912487.91675449
2025-08-06T00:00:00Z,SYNUSD,0.1382,0.1427,0.1331,0.1362,336964.93740356
2025-08-07T00:00:00Z,SYNUSD,0.1355,0.1428,0.1342,0.1388,141112.80515878
2025-08-08T00:00:00Z,SYNUSD,0.1381,0.1591,0.1371,0.1526,365926.61014386
2025-08-09T00:00:00Z,SYNUSD,0.1517,0.1591,0.1484,0.1494,175403.26555784
2025-08-10T00:00:00Z,SYNUSD,0.1486,0.1527,0.1095,0.1439,859361.40975459
2025-08-11T00:00:00Z,SYNUSD,0.1439,0.1518,0.1342,0.1355,249424.26282261
2025-08-12T00:00:00Z,SYNUSD,0.1364,0.1479,0.1351,0.1465,223211.56261958
2025-08-13T00:00:00Z,SYNUSD,0.1471,0.1495,0.1442,0.1467,117239.22988688
2025-08-14T00:00:00Z,SYNUSD,0.1471,0.1573,0.1319,0.1340,812766.39881111
2025-08-15T00:00:00Z,SYNUSD,0.1350,0.1406,0.1300,0.1353,226918.38839985
2025-08-16T00:00:00Z,SYNUSD,0.1347,0.1406,0.1347,0.1393,175563.23937667
2025-08-17T00:00:00Z,SYNUSD,0.1395,0.1467,0.1390,0.1394,106164.07823838
2025-08-18T00:00:00Z,SYNUSD,0.1403,0.1405,0.1316,0.1337,275467.86542204
2025-08-19T00:00:00Z,SYNUSD,0.1336,0.1417,0.1122,0.1322,562017.06369838
2025-08-20T00:00:00Z,SYNUSD,0.1323,0.1431,0.1323,0.1414,138014.70382021
2025-08-21T00:00:00Z,SYNUSD,0.1418,0.1428,0.1332,0.1351,79122.61389766
2025-08-22T00:00:00Z,SYNUSD,0.1354,0.1538,0.1275,0.1407,1504169.24108853
2025-08-23T00:00:00Z,SYNUSD,0.1417,0.1530,0.1363,0.1521,330268.37276945
2025-08-24T00:00:00Z,SYNUSD,0.1524,0.1528,0.1394,0.1421,429896.81756248
2025-08-25T00:00:00Z,SYNUSD,0.1420,0.1450,0.1275,0.1279,184290.27894188
2025-08-26T00:00:00Z,SYNUSD,0.1275,0.1343,0.1266,0.1336,14452.32022596
2025-08-27T00:00:00Z,SYNUSD,0.1327,0.1353,0.1292,0.1300,131480.50709799
2025-08-28T00:00:00Z,SYNUSD,0.1297,0.1342,0.1285,0.1307,150640.27657859
2025-08-29T00:00:00Z,SYNUSD,0.1298,0.1304,0.1203,0.1232,172373.16219552
2025-08-30T00:00:00Z,SYNUSD,0.1230,0.1284,0.1230,0.1249,37791.21699070
2025-08-31T00:00:00Z,SYNUSD,0.1254,0.1283,0.1228,0.1228,49620.78783461
2025-09-01T00:00:00Z,SYNUSD,0.1220,0.1250,0.1146,0.1169,199192.19575624
2025-09-02T00:00:00Z,SYNUSD,0.1177,0.1263,0.1177,0.1225,307221.84991046
2025-09-03T00:00:00Z,SYNUSD,0.1212,0.1225,0.1196,0.1208,49992.10013827
2025-09-04T00:00:00Z,SYNUSD,0.1215,0.1218,0.1136,0.1177,441386.22199164
2025-09-05T00:00:00Z,SYNUSD,0.1188,0.1221,0.1168,0.1185,106826.72969306
2025-09-06T00:00:00Z,SYNUSD,0.1191,0.1197,0.1177,0.1183,26493.61702556
2025-09-07T00:00:00Z,SYNUSD,0.1188,0.1207,0.1188,0.1197,14494.39313650
2025-09-08T00:00:00Z,SYNUSD,0.1201,0.1253,0.1201,0.1238,185371.83944046
2025-09-09T00:00:00Z,SYNUSD,0.1244,0.1278,0.1213,0.1231,111697.84427342
2025-09-10T00:00:00Z,SYNUSD,0.1230,0.1347,0.1230,0.1270,224218.72987062
2025-09-11T00:00:00Z,SYNUSD,0.1270,0.1304,0.1242,0.1283,189910.09216937
2025-09-12T00:00:00Z,SYNUSD,0.1287,0.1382,0.1258,0.1379,182655.60396896
2025-09-13T00:00:00Z,SYNUSD,0.1365,0.1384,0.1325,0.1367,387315.05399652
2025-09-14T00:00:00Z,SYNUSD,0.1373,0.1436,0.1287,0.1318,314587.46895087
2025-09-15T00:00:00Z,SYNUSD,0.1294,0.1343,0.1252,0.1292,195940.98009827
2025-09-16T00:00:00Z,SYNUSD,0.1286,0.1387,0.1247,0.1360,629056.67733949
2025-09-17T00:00:00Z,SYNUSD,0.1351,0.1386,0.1275,0.1373,304748.32966248
2025-09-18T00:00:00Z,SYNUSD,0.1376,0.1379,0.1351,0.1351,263731.27629102
2025-09-19T00:00:00Z,SYNUSD,0.1356,0.1364,0.1258,0.1272,278311.12591527
2025-09-20T00:00:00Z,SYNUSD,0.1281,0.1318,0.1278,0.1301,126536.17159735
2025-09-21T00:00:00Z,SYNUSD,0.1299,0.1344,0.1293,0.1298,202283.29027579
2025-09-22T00:00:00Z,SYNUSD,0.1294,0.1294,0.1106,0.1127,405903.65413293
2025-09-23T00:00:00Z,SYNUSD,0.1130,0.1146,0.1095,0.1122,379624.76447169
2025-09-24T00:00:00Z,SYNUSD,0.1132,0.1163,0.1106,0.1134,53424.32893952
2025-09-25T00:00:00Z,SYNUSD,0.1129,0.1129,0.1038,0.1048,639136.65876258
2025-09-26T00:00:00Z,SYNUSD,0.1065,0.1101,0.1043,0.1096,78365.82335926
2025-09-27T00:00:00Z,SYNUSD,0.1096,0.1104,0.1071,0.1083,151169.52030362
2025-09-28T00:00:00Z,SYNUSD,0.1087,0.1117,0.1054,0.1117,69016.43303340
2025-09-29T00:00:00Z,SYNUSD,0.1122,0.1278,0.1067,0.1181,967166.06959023
2025-09-30T00:00:00Z,SYNUSD,0.1181,0.1182,0.1073,0.1121,158754.00022900
2025-10-01T00:00:00Z,SYNUSD,0.1141,0.1193,0.1128,0.1186,92677.51088488
2025-10-02T00:00:00Z,SYNUSD,0.1192,0.1222,0.1176,0.1212,44565.60177652
2025-10-03T00:00:00Z,SYNUSD,0.1212,0.1215,0.1177,0.1202,69850.43550353
2025-10-04T00:00:00Z,SYNUSD,0.1197,0.1203,0.1141,0.1166,133683.35153907
2025-10-05T00:00:00Z,SYNUSD,0.1156,0.1204,0.1145,0.1150,114615.95921550
2025-10-06T00:00:00Z,SYNUSD,0.1158,0.1200,0.1158,0.1177,78938.94393622
2025-10-07T00:00:00Z,SYNUSD,0.1169,0.1180,0.1100,0.1100,118895.39388067
2025-10-08T00:00:00Z,SYNUSD,0.1110,0.1144,0.1095,0.1139,253393.21257067
2025-10-09T00:00:00Z,SYNUSD,0.1130,0.1130,0.1072,0.1107,113199.46082609
2025-10-10T00:00:00Z,SYNUSD,0.1108,0.1128,0.0383,0.0775,490988.15111301
2025-10-11T00:00:00Z,SYNUSD,0.0791,0.0809,0.0727,0.0749,192701.09576363
2025-10-12T00:00:00Z,SYNUSD,0.0744,0.0842,0.0719,0.0823,193939.19702564
2025-10-13T00:00:00Z,SYNUSD,0.0817,0.0925,0.0814,0.0910,131956.50680103
2025-10-14T00:00:00Z,SYNUSD,0.0910,0.0910,0.0814,0.0871,319687.63540092
2025-10-15T00:00:00Z,SYNUSD,0.0866,0.0905,0.0809,0.0818,294055.41992911
2025-10-16T00:00:00Z,SYNUSD,0.0822,0.0850,0.0779,0.0789,265000.28967071
2025-10-17T00:00:00Z,SYNUSD,0.0798,0.0807,0.0735,0.0790,181974.96765434
2025-10-18T00:00:00Z,SYNUSD,0.0790,0.0814,0.0782,0.0809,185308.84247726
2025-10-19T00:00:00Z,SYNUSD,0.0807,0.0905,0.0797,0.0821,1369804.58537488
2025-10-20T00:00:00Z,SYNUSD,0.0815,0.0844,0.0789,0.0823,317274.55479143
2025-10-21T00:00:00Z,SYNUSD,0.0823,0.0844,0.0771,0.0771,339337.24639403
2025-10-22T00:00:00Z,SYNUSD,0.0775,0.0784,0.0721,0.0739,219517.61678418
2025-10-23T00:00:00Z,SYNUSD,0.0741,0.1125,0.0741,0.0796,1491180.60085998
2025-10-24T00:00:00Z,SYNUSD,0.0795,0.0832,0.0779,0.0797,658161.26023128
2025-10-25T00:00:00Z,SYNUSD,0.0797,0.0808,0.0782,0.0802,302814.07380238
2025-10-26T00:00:00Z,SYNUSD,0.0802,0.0842,0.0796,0.0831,426832.86491225
2025-10-27T00:00:00Z,SYNUSD,0.0830,0.0837,0.0775,0.0783,110962.52298621
2025-10-28T00:00:00Z,SYNUSD,0.0783,0.0796,0.0741,0.0741,420714.00672095
2025-10-29T00:00:00Z,SYNUSD,0.0750,0.0781,0.0742,0.0759,147408.92385048
2025-10-30T00:00:00Z,SYNUSD,0.0763,0.0815,0.0738,0.0771,591340.32918122
2025-10-31T00:00:00Z,SYNUSD,0.0777,0.0818,0.0720,0.0739,1002202.92449647
2025-11-01T00:00:00Z,SYNUSD,0.0747,0.0772,0.0739,0.0764,231218.54144909
2025-11-02T00:00:00Z,SYNUSD,0.0763,0.0786,0.0735,0.0750,69118.31349862
2025-11-03T00:00:00Z,SYNUSD,0.0760,0.0760,0.0617,0.0645,384751.96811563
2025-11-04T00:00:00Z,SYNUSD,0.0645,0.0668,0.0593,0.0642,603310.56760266
2025-11-05T00:00:00Z,SYNUSD,0.0636,0.0784,0.0607,0.0740,1240768.76873872
2025-11-06T00:00:00Z,SYNUSD,0.0737,0.0870,0.0708,0.0738,1520505.81558156
2025-11-07T00:00:00Z,SYNUSD,0.0740,0.0795,0.0698,0.0779,947027.49722828
2025-11-08T00:00:00Z,SYNUSD,0.0789,0.0789,0.0716,0.0738,226694.06824235
2025-11-09T00:00:00Z,SYNUSD,0.0741,0.0741,0.0703,0.0729,268294.30096385
2025-11-10T00:00:00Z,SYNUSD,0.0731,0.0858,0.0723,0.0742,476855.19492590
2025-11-11T00:00:00Z,SYNUSD,0.0737,0.0742,0.0686,0.0688,197081.16314723
2025-11-12T00:00:00Z,SYNUSD,0.0690,0.0726,0.0654,0.0674,174264.07294607
2025-11-13T00:00:00Z,SYNUSD,0.0677,0.0695,0.0650,0.0668,186914.43877914
2025-11-14T00:00:00Z,SYNUSD,0.0663,0.0671,0.0637,0.0641,242234.31076623
2025-11-15T00:00:00Z,SYNUSD,0.0643,0.0668,0.0643,0.0649,228107.16748084
2025-11-16T00:00:00Z,SYNUSD,0.0649,0.0669,0.0632,0.0656,228290.81948094
2025-11-17T00:00:00Z,SYNUSD,0.0655,0.0683,0.0644,0.0660,280311.00260183
2025-11-18T00:00:00Z,SYNUSD,0.0658,0.0696,0.0654,0.0674,272222.94896545
2025-11-19T00:00:00Z,SYNUSD,0.0670,0.0676,0.0613,0.0648,75860.20115062
2025-11-20T00:00:00Z,SYNUSD,0.0656,0.0693,0.0637,0.0654,208742.18637579
2025-11-21T00:00:00Z,SYNUSD,0.0664,0.0664,0.0577,0.0597,887922.48808431
2025-11-22T00:00:00Z,SYNUSD,0.0596,0.0600,0.0577,0.0587,244634.74562782
2025-11-23T00:00:00Z,SYNUSD,0.0581,0.0598,0.0577,0.0592,155972.02815579
2025-11-24T00:00:00Z,SYNUSD,0.0587,0.0656,0.0587,0.0652,245074.30814418
2025-11-25T00:00:00Z,SYNUSD,0.0652,0.0656,0.0613,0.0632,199533.78424986
2025-11-26T00:00:00Z,SYNUSD,0.0633,0.0641,0.0622,0.0638,46340.47354752
2025-11-27T00:00:00Z,SYNUSD,0.0640,0.0646,0.0630,0.0633,56475.08421041
2025-11-28T00:00:00Z,SYNUSD,0.0631,0.0632,0.0604,0.0607,98699.95566264
2025-11-29T00:00:00Z,SYNUSD,0.0606,0.0609,0.0595,0.0599,49528.50768591
2025-11-30T00:00:00Z,SYNUSD,0.0599,0.0612,0.0592,0.0596,58983.17490820
2025-12-01T00:00:00Z,SYNUSD,0.0595,0.0595,0.0549,0.0560,280979.71021086
2025-12-02T00:00:00Z,SYNUSD,0.0558,0.0595,0.0543,0.0586,258153.14292968
2025-12-03T00:00:00Z,SYNUSD,0.0589,0.0606,0.0577,0.0600,67670.44586094
2025-12-04T00:00:00Z,SYNUSD,0.0602,0.0718,0.0552,0.0571,698172.54794659
2025-12-05T00:00:00Z,SYNUSD,0.0579,0.0601,0.0562,0.0573,82692.08096638
2025-12-06T00:00:00Z,SYNUSD,0.0570,0.0703,0.0570,0.0683,587114.37152527
2025-12-07T00:00:00Z,SYNUSD,0.0690,0.0694,0.0604,0.0608,668993.99447808
2025-12-08T00:00:00Z,SYNUSD,0.0609,0.0756,0.0607,0.0612,502299.01266029
2025-12-09T00:00:00Z,SYNUSD,0.0612,0.0626,0.0600,0.0616,23442.28803966
2025-12-10T00:00:00Z,SYNUSD,0.0607,0.0629,0.0603,0.0610,41590.02586716
2025-12-11T00:00:00Z,SYNUSD,0.0603,0.0603,0.0583,0.0597,87776.33605345
2025-12-12T00:00:00Z,SYNUSD,0.0600,0.0600,0.0565,0.0590,77296.42523725
2025-12-13T00:00:00Z,SYNUSD,0.0592,0.0608,0.0591,0.0592,65561.39709524
2025-12-14T00:00:00Z,SYNUSD,0.0593,0.0597,0.0549,0.0551,138059.50176745
2025-12-15T00:00:00Z,SYNUSD,0.0556,0.0561,0.0527,0.0540,81218.67236668
2025-12-16T00:00:00Z,SYNUSD,0.0540,0.0540,0.0527,0.0527,60077.78125605
2025-12-17T00:00:00Z,SYNUSD,0.0527,0.0543,0.0506,0.0516,478423.54884020
2025-12-18T00:00:00Z,SYNUSD,0.0512,0.0512,0.0463,0.0469,346408.85699272
2025-12-19T00:00:00Z,SYNUSD,0.0474,0.0492,0.0472,0.0490,232496.50565274
2025-12-20T00:00:00Z,SYNUSD,0.0491,0.0496,0.0487,0.0492,287425.00694045
2025-12-21T00:00:00Z,SYNUSD,0.0492,0.0495,0.0467,0.0474,424211.61883099
2025-12-22T00:00:00Z,SYNUSD,0.0477,0.0487,0.0469,0.0472,453129.74183748
2025-12-23T00:00:00Z,SYNUSD,0.0476,0.0491,0.0435,0.0490,601870.44239439
2025-12-24T00:00:00Z,SYNUSD,0.0493,0.0495,0.0475,0.0495,253970.23729755
2025-12-25T00:00:00Z,SYNUSD,0.0496,0.0521,0.0493,0.0493,519608.98630794
2025-12-26T00:00:00Z,SYNUSD,0.0493,0.0579,0.0490,0.0500,809954.72918314
2025-12-27T00:00:00Z,SYNUSD,0.0502,0.0520,0.0497,0.0520,324918.16875705
2025-12-28T00:00:00Z,SYNUSD,0.0520,0.0520,0.0504,0.0507,173998.14163311
2025-12-29T00:00:00Z,SYNUSD,0.0508,0.0530,0.0499,0.0504,379837.89267054
2025-12-30T00:00:00Z,SYNUSD,0.0501,0.0521,0.0494,0.0512,261883.05471800
2025-12-31T00:00:00Z,SYNUSD,0.0511,0.0517,0.0492,0.0506,264558.93279709
2026-01-01T00:00:00Z,SYNUSD,0.0505,0.0545,0.0500,0.0542,310970.38108744
2026-01-02T00:00:00Z,SYNUSD,0.0540,0.0615,0.0532,0.0585,981525.92213322
2026-01-03T00:00:00Z,SYNUSD,0.0592,0.0598,0.0559,0.0576,80405.41506142
2026-01-04T00:00:00Z,SYNUSD,0.0583,0.0597,0.0581,0.0595,25693.95630257
2026-01-05T00:00:00Z,SYNUSD,0.0586,0.0612,0.0577,0.0597,20335.73288123
2026-01-06T00:00:00Z,SYNUSD,0.0595,0.0664,0.0587,0.0604,817327.69749229
2026-01-07T00:00:00Z,SYNUSD,0.0606,0.0609,0.0582,0.0582,23506.33369116
2026-01-08T00:00:00Z,SYNUSD,0.0591,0.0640,0.0575,0.0631,175641.62746813
2026-01-09T00:00:00Z,SYNUSD,0.0630,0.0688,0.0622,0.0669,916653.90595663
2026-01-10T00:00:00Z,SYNUSD,0.0671,0.0709,0.0657,0.0657,567546.71457328
2026-01-11T00:00:00Z,SYNUSD,0.0660,0.0668,0.0638,0.0641,139500.34532589
2026-01-12T00:00:00Z,SYNUSD,0.0634,0.0660,0.0634,0.0640,218687.64390261
2026-01-13T00:00:00Z,SYNUSD,0.0639,0.0697,0.0637,0.0692,151132.37846264
2026-01-14T00:00:00Z,SYNUSD,0.0691,0.0691,0.0664,0.0677,168269.10870044
2026-01-15T00:00:00Z,SYNUSD,0.0674,0.0680,0.0639,0.0640,154246.95769451
2026-01-16T00:00:00Z,SYNUSD,0.0643,0.0666,0.0632,0.0655,254779.81563393
2026-01-17T00:00:00Z,SYNUSD,0.0652,0.0667,0.0643,0.0643,75237.19924401
2026-01-18T00:00:00Z,SYNUSD,0.0646,0.0648,0.0613,0.0613,167343.76933068
2026-01-19T00:00:00Z,SYNUSD,0.0607,0.0607,0.0571,0.0585,1744884.90847076
2026-01-20T00:00:00Z,SYNUSD,0.0586,0.0588,0.0544,0.0549,387704.47957114
2026-01-21T00:00:00Z,SYNUSD,0.0544,0.0571,0.0543,0.0559,171088.87713423
2026-01-22T00:00:00Z,SYNUSD,0.0561,0.0568,0.0536,0.0541,133134.89848753
2026-01-23T00:00:00Z,SYNUSD,0.0541,0.0555,0.0531,0.0539,291254.37382478
2026-01-24T00:00:00Z,SYNUSD,0.0538,0.0546,0.0524,0.0527,148003.07800960
2026-01-25T00:00:00Z,SYNUSD,0.0530,0.0530,0.0492,0.0498,327738.29501657
2026-01-26T00:00:00Z,SYNUSD,0.0508,0.0536,0.0508,0.0526,361955.24931556
2026-01-27T00:00:00Z,SYNUSD,0.0522,0.0523,0.0503,0.0523,211466.32821074
2026-01-28T00:00:00Z,SYNUSD,0.0522,0.0699,0.0509,0.0615,3091817.54347959
2026-01-29T00:00:00Z,SYNUSD,0.0612,0.0720,0.0566,0.0638,2437606.04234855
2026-01-30T00:00:00Z,SYNUSD,0.0640,0.1178,0.0598,0.1026,8029172.96481047
2026-01-31T00:00:00Z,SYNUSD,0.1020,0.1404,0.0871,0.1141,9152190.26039331
2026-02-01T00:00:00Z,SYNUSD,0.1143,0.1159,0.0746,0.0802,5187712.86652793
2026-02-02T00:00:00Z,SYNUSD,0.0801,0.0811,0.0714,0.0727,2234889.14232031
2026-02-03T00:00:00Z,SYNUSD,0.0732,0.0823,0.0685,0.0718,2920576.23406056
2026-02-04T00:00:00Z,SYNUSD,0.0733,0.0993,0.0733,0.0834,2688689.78215968
2026-02-05T00:00:00Z,SYNUSD,0.0832,0.0857,0.0654,0.0683,1326978.82969508
2026-02-06T00:00:00Z,SYNUSD,0.0671,0.0688,0.0560,0.0617,5894747.06980179
2026-02-07T00:00:00Z,SYNUSD,0.0615,0.0641,0.0591,0.0599,1277577.37483242
2026-02-08T00:00:00Z,SYNUSD,0.0595,0.0595,0.0553,0.0569,362424.16142888
2026-02-09T00:00:00Z,SYNUSD,0.0563,0.0606,0.0546,0.0549,459642.57986575
2026-02-10T00:00:00Z,SYNUSD,0.0550,0.0557,0.0502,0.0512,592730.41475748
2026-02-11T00:00:00Z,SYNUSD,0.0506,0.0506,0.0471,0.0494,585606.06936980
2026-02-12T00:00:00Z,SYNUSD,0.0496,0.0505,0.0468,0.0471,81056.66641568
2026-02-13T00:00:00Z,SYNUSD,0.0469,0.0485,0.0459,0.0481,135303.37615576
2026-02-14T00:00:00Z,SYNUSD,0.0489,0.0516,0.0476,0.0495,1240387.86169557
2026-02-15T00:00:00Z,SYNUSD,0.0492,0.0500,0.0460,0.0492,435435.20246680
2026-02-16T00:00:00Z,SYNUSD,0.0488,0.0514,0.0474,0.0512,254129.28930707
2026-02-17T00:00:00Z,SYNUSD,0.0511,0.0547,0.0511,0.0519,377670.55994166
2026-02-18T00:00:00Z,SYNUSD,0.0517,0.0517,0.0473,0.0475,256936.93424173
2026-02-19T00:00:00Z,SYNUSD,0.0473,0.0479,0.0462,0.0475,125005.91235107
2026-02-20T00:00:00Z,SYNUSD,0.0475,0.0514,0.0474,0.0494,715262.21474553
2026-02-21T00:00:00Z,SYNUSD,0.0492,0.0498,0.0482,0.0482,87020.80410836
2026-02-22T00:00:00Z,SYNUSD,0.0479,0.0496,0.0477,0.0491,322669.65925034
2026-02-23T00:00:00Z,SYNUSD,0.0493,0.0507,0.0448,0.0461,403563.67079665
2026-02-24T00:00:00Z,SYNUSD,0.0464,0.0483,0.0457,0.0464,307023.16185059
2026-02-25T00:00:00Z,SYNUSD,0.0466,0.0517,0.0458,0.0491,1257691.73448714
2026-02-26T00:00:00Z,SYNUSD,0.0494,0.0505,0.0478,0.0499,114045.45578305
2026-02-27T00:00:00Z,SYNUSD,0.0499,0.0508,0.0486,0.0488,294167.11316193
2026-02-28T00:00:00Z,SYNUSD,0.0497,0.0508,0.0465,0.0493,199507.25329302
2026-03-01T00:00:00Z,SYNUSD,0.0496,0.0507,0.0470,0.0478,89064.07214860
2026-03-02T00:00:00Z,SYNUSD,0.0477,0.0505,0.0475,0.0482,268097.21415213
2026-03-03T00:00:00Z,SYNUSD,0.0480,0.0510,0.0474,0.0496,505992.77763705
2026-03-04T00:00:00Z,SYNUSD,0.0495,0.0511,0.0482,0.0494,191903.51573528
2026-03-05T00:00:00Z,SYNUSD,0.0494,0.0502,0.0483,0.0486,267708.59524560
2026-03-06T00:00:00Z,SYNUSD,0.0487,0.0499,0.0469,0.0473,1057048.93028624
2026-03-07T00:00:00Z,SYNUSD,0.0472,0.0472,0.0457,0.0466,181606.07604398
2026-03-08T00:00:00Z,SYNUSD,0.0465,0.0472,0.0457,0.0461,289472.01931727
2026-03-09T00:00:00Z,SYNUSD,0.0467,0.0483,0.0460,0.0462,121752.22815568
2026-03-10T00:00:00Z,SYNUSD,0.0461,0.0474,0.0457,0.0468,840172.81569400
2026-03-11T00:00:00Z,SYNUSD,0.0464,0.0476,0.0461,0.0474,440738.18625970
2026-03-12T00:00:00Z,SYNUSD,0.0473,0.0479,0.0464,0.0474,165339.06498730
2026-03-13T00:00:00Z,SYNUSD,0.0475,0.0484,0.0471,0.0474,760374.95706062
2026-03-14T00:00:00Z,SYNUSD,0.0470,0.0477,0.0465,0.0467,60374.23747505
2026-03-15T00:00:00Z,SYNUSD,0.0467,0.0478,0.0466,0.0475,133426.26248886
2026-03-16T00:00:00Z,SYNUSD,0.0476,0.0556,0.0476,0.0511,1458556.75133282
2026-03-17T00:00:00Z,SYNUSD,0.0516,0.0521,0.0489,0.0489,464232.06159141
2026-03-18T00:00:00Z,SYNUSD,0.0484,0.0502,0.0464,0.0499,660232.69516174
2026-03-19T00:00:00Z,SYNUSD,0.0494,0.0499,0.0462,0.0474,716265.29035920
2026-03-20T00:00:00Z,SYNUSD,0.0473,0.0478,0.0458,0.0468,120623.29533256
2026-03-21T00:00:00Z,SYNUSD,0.0470,0.0494,0.0467,0.0475,1536600.08202279
2026-03-22T00:00:00Z,SYNUSD,0.0465,0.0479,0.0461,0.0465,77227.94207143
2026-03-23T00:00:00Z,SYNUSD,0.0466,0.0509,0.0460,0.0502,354244.39778916
2026-03-24T00:00:00Z,SYNUSD,0.0503,0.0513,0.0486,0.0498,246170.46476261
2026-03-25T00:00:00Z,SYNUSD,0.0503,0.0512,0.0501,0.0508,148131.10034532
2026-03-26T00:00:00Z,SYNUSD,0.0507,0.0507,0.0469,0.0478,134478.79308890
2026-03-27T00:00:00Z,SYNUSD,0.0485,0.0510,0.0475,0.0483,280444.58080968
2026-03-28T00:00:00Z,SYNUSD,0.0480,0.0480,0.0461,0.0462,61028.89039703
2026-03-29T00:00:00Z,SYNUSD,0.0459,0.0463,0.0434,0.0442,180049.93298255
2026-03-30T00:00:00Z,SYNUSD,0.0449,0.0460,0.0439,0.0445,294449.21470052
2026-03-31T00:00:00Z,SYNUSD,0.0445,0.0452,0.0434,0.0449,739606.40292828
2026-04-01T00:00:00Z,SYNUSD,0.0450,0.0489,0.0449,0.0481,236090.88225164
2026-04-02T00:00:00Z,SYNUSD,0.0483,0.0647,0.0468,0.0568,1680027.33818104
2026-04-03T00:00:00Z,SYNUSD,0.0568,0.0667,0.0514,0.0535,1336583.65501957
2026-04-04T00:00:00Z,SYNUSD,0.0536,0.0562,0.0503,0.0522,435156.46696207
2026-04-05T00:00:00Z,SYNUSD,0.0519,0.0520,0.0491,0.0496,164431.61041737
2026-04-06T00:00:00Z,SYNUSD,0.0495,0.0513,0.0486,0.0486,134961.84293232
2026-04-07T00:00:00Z,SYNUSD,0.0484,0.0495,0.0461,0.0495,400712.45715973
2026-04-08T00:00:00Z,SYNUSD,0.0490,0.0492,0.0471,0.0471,115552.24513018
2026-04-09T00:00:00Z,SYNUSD,0.0470,0.0491,0.0464,0.0478,175648.29785117
2026-04-10T00:00:00Z,SYNUSD,0.0478,0.0484,0.0473,0.0474,162662.76148553
2026-04-11T00:00:00Z,SYNUSD,0.0464,0.0470,0.0450,0.0462,197863.79245448
2026-04-12T00:00:00Z,SYNUSD,0.0462,0.0463,0.0445,0.0445,96517.59898087
2026-04-13T00:00:00Z,SYNUSD,0.0446,0.0472,0.0446,0.0472,463876.37538565
2026-04-14T00:00:00Z,SYNUSD,0.0468,0.0486,0.0462,0.0465,399832.23838973
2026-04-15T00:00:00Z,SYNUSD,0.0465,0.0478,0.0465,0.0478,189280.23103173
2026-04-16T00:00:00Z,SYNUSD,0.0479,0.0497,0.0465,0.0492,168284.73941429
2026-04-17T00:00:00Z,SYNUSD,0.0490,0.0573,0.0480,0.0518,1121072.31384116
2026-04-18T00:00:00Z,SYNUSD,0.0518,0.0549,0.0509,0.0523,342520.16186348
2026-04-19T00:00:00Z,SYNUSD,0.0517,0.0525,0.0500,0.0500,193753.26088724
2026-04-20T00:00:00Z,SYNUSD,0.0510,0.0542,0.0510,0.0526,477482.10714747
2026-04-21T00:00:00Z,SYNUSD,0.0526,0.0533,0.0517,0.0523,770793.39372840
2026-04-22T00:00:00Z,SYNUSD,0.0530,0.0555,0.0529,0.0540,147599.95347402
2026-04-23T00:00:00Z,SYNUSD,0.0532,0.0556,0.0526,0.0540,1341347.38142897
2026-04-24T00:00:00Z,SYNUSD,0.0547,0.0557,0.0538,0.0550,63389.96224475
2026-04-25T00:00:00Z,SYNUSD,0.0550,0.0568,0.0538,0.0539,81863.36779667
2026-04-26T00:00:00Z,SYNUSD,0.0535,0.0552,0.0534,0.0544,156218.90500416
2026-04-27T00:00:00Z,SYNUSD,0.0548,0.0551,0.0523,0.0529,50637.04704764
2026-04-28T00:00:00Z,SYNUSD,0.0531,0.0539,0.0528,0.0536,60359.51238974
2026-04-29T00:00:00Z,SYNUSD,0.0539,0.0553,0.0527,0.0527,71971.31383283
2026-04-30T00:00:00Z,SYNUSD,0.0530,0.0531,0.0516,0.0520,45105.04672118
2026-05-01T00:00:00Z,SYNUSD,0.0521,0.0536,0.0519,0.0526,164675.29112632
2026-05-02T00:00:00Z,SYNUSD,0.0530,0.0553,0.0523,0.0546,239278.53874280
2026-05-03T00:00:00Z,SYNUSD,0.0544,0.0544,0.0533,0.0537,53947.66414441
2026-05-04T00:00:00Z,SYNUSD,0.0529,0.0549,0.0527,0.0543,107680.28584926
2026-05-05T00:00:00Z,SYNUSD,0.0546,0.0550,0.0538,0.0542,117933.05988685
2026-05-06T00:00:00Z,SYNUSD,0.0543,0.0562,0.0541,0.0556,90390.37968009
2026-05-07T00:00:00Z,SYNUSD,0.0547,0.0588,0.0543,0.0588,297129.03973328
2026-05-08T00:00:00Z,SYNUSD,0.0588,0.0593,0.0575,0.0586,132372.34612728
2026-05-09T00:00:00Z,SYNUSD,0.0586,0.0597,0.0573,0.0577,74707.00440473
2026-05-10T00:00:00Z,SYNUSD,0.0572,0.0607,0.0568,0.0602,252803.76536449
2026-05-11T00:00:00Z,SYNUSD,0.0596,0.0603,0.0584,0.0598,301455.94748905
2026-05-12T00:00:00Z,SYNUSD,0.0597,0.0600,0.0577,0.0589,942251.66713102
2026-05-13T00:00:00Z,SYNUSD,0.0589,0.0600,0.0547,0.0548,275543.64397792
2026-05-14T00:00:00Z,SYNUSD,0.0548,0.0560,0.0535,0.0545,81818.37895364
2026-05-15T00:00:00Z,SYNUSD,0.0546,0.0555,0.0510,0.0514,149206.26812069
2026-05-16T00:00:00Z,SYNUSD,0.0515,0.0515,0.0485,0.0509,67409.88995445
2026-05-17T00:00:00Z,SYNUSD,0.0509,0.0568,0.0468,0.0484,862080.10568414
2026-05-18T00:00:00Z,SYNUSD,0.0486,0.0521,0.0482,0.0505,311302.95301803
2026-05-19T00:00:00Z,SYNUSD,0.0505,0.0505,0.0496,0.0499,57894.29616782
2026-05-20T00:00:00Z,SYNUSD,0.0498,0.0524,0.0498,0.0517,174275.71838084
2026-05-21T00:00:00Z,SYNUSD,0.0520,0.0525,0.0514,0.0517,48182.26651265
2026-05-22T00:00:00Z,SYNUSD,0.0517,0.0520,0.0436,0.0454,1872336.28839929
2026-05-23T00:00:00Z,SYNUSD,0.0457,0.0477,0.0457,0.0469,435703.99778343
2026-05-24T00:00:00Z,SYNUSD,0.0468,0.0468,0.0433,0.0438,273316.98702076
2026-05-25T00:00:00Z,SYNUSD,0.0442,0.0454,0.0439,0.0441,64917.08586021
2026-05-26T00:00:00Z,SYNUSD,0.0442,0.0442,0.0423,0.0429,259495.39484569
2026-05-27T00:00:00Z,SYNUSD,0.0430,0.0431,0.0412,0.0414,139177.44108798
2026-05-28T00:00:00Z,SYNUSD,0.0414,0.0414,0.0395,0.0403,282038.70769916
2026-05-29T00:00:00Z,SYNUSD,0.0403,0.0447,0.0403,0.0426,371980.30865052
2026-05-30T00:00:00Z,SYNUSD,0.0439,0.0463,0.0433,0.0442,463615.79529654
2026-05-31T00:00:00Z,SYNUSD,0.0445,0.0453,0.0427,0.0452,47894.49854324
2026-06-01T00:00:00Z,SYNUSD,0.0464,0.0510,0.0458,0.0476,1572955.52888142
2026-06-02T00:00:00Z,SYNUSD,0.0481,0.0490,0.0435,0.0435,595878.16019925
2026-06-03T00:00:00Z,SYNUSD,0.0446,0.0518,0.0436,0.0472,1544511.32441544
2026-06-04T00:00:00Z,SYNUSD,0.0469,0.0498,0.0441,0.0451,1662037.72615653
2026-06-05T00:00:00Z,SYNUSD,0.0459,0.0461,0.0407,0.0429,252601.93551142
2026-06-06T00:00:00Z,SYNUSD,0.0421,0.0424,0.0395,0.0412,138825.46953673
2026-06-07T00:00:00Z,SYNUSD,0.0415,0.0421,0.0387,0.0391,68817.24938894
2026-06-08T00:00:00Z,SYNUSD,0.0392,0.0408,0.0356,0.0383,763266.84994245
2026-06-09T00:00:00Z,SYNUSD,0.0382,0.0382,0.0300,0.0307,4062376.03690872
2026-06-10T00:00:00Z,SYNUSD,0.0306,0.0307,0.0271,0.0283,2170624.04108966
2026-06-11T00:00:00Z,SYNUSD,0.0284,0.0323,0.0273,0.0311,5148779.57703086
2026-06-12T00:00:00Z,SYNUSD,0.0312,0.0338,0.0307,0.0307,932543.52707486
2026-06-13T00:00:00Z,SYNUSD,0.0309,0.0441,0.0308,0.0378,5089493.07975334
2026-06-14T00:00:00Z,SYNUSD,0.0376,0.0476,0.0369,0.0375,7877263.50961864
2026-06-15T00:00:00Z,SYNUSD,0.0373,0.0541,0.0364,0.0500,6913369.35205337
2026-06-16T00:00:00Z,SYNUSD,0.0502,0.0590,0.0452,0.0517,7426479.53254783
2026-06-17T00:00:00Z,SYNUSD,0.0520,0.1299,0.0494,0.0833,9798964.62928217
2026-06-18T00:00:00Z,SYNUSD,0.0839,0.1607,0.0765,0.1376,11232381.36975227
2026-06-19T00:00:00Z,SYNUSD,0.1371,0.1543,0.1098,0.1365,15307690.68284342
2026-06-20T00:00:00Z,SYNUSD,0.1370,0.1960,0.1188,0.1334,11949033.05744188
2026-06-21T00:00:00Z,SYNUSD,0.1329,0.1825,0.1278,0.1749,7279506.63991438
2026-06-22T00:00:00Z,SYNUSD,0.1747,0.3150,0.1727,0.2826,11343658.12263434
2026-06-23T00:00:00Z,SYNUSD,0.2808,0.3347,0.2394,0.2734,8855895.14480793
2026-06-24T00:00:00Z,SYNUSD,0.2765,0.3647,0.2664,0.3228,8670419.16285527
2026-06-25T00:00:00Z,SYNUSD,0.3217,0.6200,0.3115,0.3305,9155035.46760545
2026-06-26T00:00:00Z,SYNUSD,0.3314,0.3953,0.2980,0.3272,8625325.27429327
2026-06-27T00:00:00Z,SYNUSD,0.3274,0.3748,0.2654,0.2975,10074775.34417042
2026-06-28T00:00:00Z,SYNUSD,0.2983,0.4834,0.2975,0.3779,8540101.64151544
2026-06-29T00:00:00Z,SYNUSD,0.3794,0.5584,0.3768,0.5086,11801802.53409323
2026-06-30T00:00:00Z,SYNUSD,0.5074,0.7191,0.4775,0.5615,8837910.86444883
2026-07-01T00:00:00Z,SYNUSD,0.5615,0.5779,0.4277,0.5271,9705361.78309203
2026-07-02T00:00:00Z,SYNUSD,0.5264,0.6200,0.4840,0.5194,6867512.10561388
2026-07-03T00:00:00Z,SYNUSD,0.5186,0.5480,0.4422,0.4464,3668297.07176738
2026-07-04T00:00:00Z,SYNUSD,0.4435,0.5156,0.3329,0.3589,6352943.79749557
2026-07-05T00:00:00Z,SYNUSD,0.3591,0.4440,0.3060,0.3953,7103909.07406899
2026-07-06T00:00:00Z,SYNUSD,0.3945,0.4691,0.3628,0.3745,6632535.80956042
2026-07-07T00:00:00Z,SYNUSD,0.3745,0.3864,0.3343,0.3698,7537505.94593952
2026-07-08T00:00:00Z,SYNUSD,0.3709,0.4344,0.3450,0.3518,5111736.81797472
2026-07-09T00:00:00Z,SYNUSD,0.3537,0.3853,0.3390,0.3753,3841532.28094552
2026-07-10T00:00:00Z,SYNUSD,0.3763,0.3841,0.2795,0.3051,6180240.68707043
2026-07-11T00:00:00Z,SYNUSD,0.3050,0.3148,0.2880,0.2920,6388042.04542912
2026-07-12T00:00:00Z,SYNUSD,0.2924,0.3312,0.2921,0.3206,3355229.98874027
2026-07-13T00:00:00Z,SYNUSD,0.3184,0.3239,0.2355,0.2433,10603913.47388100
2026-07-14T00:00:00Z,SYNUSD,0.2437,0.3204,0.2168,0.2712,12037122.36029350
2026-07-15T00:00:00Z,SYNUSD,0.2729,0.2830,0.2460,0.2474,6611642.13118673
2026-07-16T00:00:00Z,SYNUSD,0.2469,0.2504,0.2206,0.2211,4182245.61116624
2026-07-17T00:00:00Z,SYNUSD,0.2204,0.2288,0.1663,0.1758,12501677.32736974
2026-07-18T00:00:00Z,SYNUSD,0.1759,0.2470,0.1713,0.2247,13582196.73207838
2026-07-19T00:00:00Z,SYNUSD,0.2247,0.2327,0.2032,0.2151,1588170.22201619
2026-07-20T00:00:00Z,SYNUSD,0.2155,0.2458,0.2063,0.2237,2871030.65244102
2026-07-21T00:00:00Z,SYNUSD,0.2240,0.2291,0.1885,0.2028,5206680.47568560
2026-07-22T00:00:00Z,SYNUSD,0.2026,0.2100,0.1805,0.1814,2717699.84505665
2026-07-23T00:00:00Z,SYNUSD,0.1810,0.1866,0.1292,0.1443,7275167.86534027
2026-07-24T00:00:00Z,SYNUSD,0.1439,0.1562,0.1403,0.1437,3472639.99821071
2026-07-25T00:00:00Z,SYNUSD,0.1441,0.1896,0.1427,0.1714,8172574.58302764
2026-07-26T00:00:00Z,SYNUSD,0.1713,0.1841,0.1422,0.1439,10911995.46182951
2026-07-27T00:00:00Z,SYNUSD,0.1435,0.1485,0.1380,0.1416,4379013.54279474
2026-07-28T00:00:00Z,SYNUSD,0.1418,0.1513,0.1338,0.1353,2539391.43059162
2026-07-29T00:00:00Z,SYNUSD,0.1355,0.1387,0.1266,0.1317,1216504.38914243
2026-07-30T00:00:00Z,SYNUSD,0.1320,0.1325,0.1055,0.1062,3294190.21957459
2026-07-31T00:00:00Z,SYNUSD,0.1059,0.1140,0.0981,0.1012,6517847.16355062
2026-08-01T00:00:00Z,SYNUSD,0.1012,0.1136,0.0863,0.0877,16097585.68636148
2026-08-02T00:00:00Z,SYNUSD,0.0876,0.0965,0.0868,0.0892,3851025.97888162
2026-08-03T00:00:00Z,SYNUSD,0.0893,0.0900,0.0814,0.0855,3101163.66792054
2026-08-04T00:00:00Z,SYNUSD,0.0853,0.1035,0.0838,0.0944,7590246.45879389
2026-08-05T00:00:00Z,SYNUSD,0.0945,0.1476,0.0943,0.1416,15640996.09011564
2026-08-06T00:00:00Z,SYNUSD,0.1430,0.1441,0.1171,0.1181,8308232.70905915
2026-08-07T00:00:00Z,SYNUSD,0.1180,0.1234,0.0988,0.1074,5407276.18143673
2026-08-08T00:00:00Z,SYNUSD,0.1076,0.1276,0.1008,0.1066,3709510.41709286
2026-08-09T00:00:00Z,SYNUSD,0.1065,0.1106,0.1025,0.1062,1389407.85054930
2026-08-10T00:00:00Z,SYNUSD,0.1061,0.1090,0.1000,0.1012,664098.49121250
2026-08-11T00:00:00Z,SYNUSD,0.1010,0.1110,0.0995,0.1083,1933956.55337945
2026-08-12T00:00:00Z,SYNUSD,0.1085,0.1096,0.1007,0.1022,488512.28446575
2026-08-13T00:00:00Z,SYNUSD,0.1032,0.1097,0.1016,0.1090,1901419.62184325
2026-08-14T00:00:00Z,SYNUSD,0.1092,0.1162,0.1020,0.1050,2253658.67838711
2026-08-15T00:00:00Z,SYNUSD,0.1050,0.1075,0.1031,0.1038,407381.65007296
2026-08-16T00:00:00Z,SYNUSD,0.1041,0.1065,0.1025,0.1056,603723.07383253
2026-08-17T00:00:00Z,SYNUSD,0.1052,0.1062,0.1026,0.1032,538020.62659761
2026-08-18T00:00:00Z,SYNUSD,0.1032,0.1069,0.1016,0.1051,1703512.05886556
2026-08-19T00:00:00Z,SYNUSD,0.1052,0.1117,0.1030,0.1105,870000.17121501
2026-08-20T00:00:00Z,SYNUSD,0.1107,0.1152,0.1067,0.1080,2329881.86669680
2026-08-21T00:00:00Z,SYNUSD,0.1080,0.1160,0.1006,0.1080,5270146.93254740
2026-08-22T00:00:00Z,SYNUSD,0.1081,0.1241,0.1048,0.1109,1918466.54620261
2026-08-23T00:00:00Z,SYNUSD,0.1112,0.1228,0.1040,0.1112,1170087.29649660
2026-08-24T00:00:00Z,SYNUSD,0.1110,0.1120,0.1071,0.1103,504794.60736412
2026-08-25T00:00:00Z,SYNUSD,0.1110,0.1137,0.1075,0.1115,443944.10917270
2026-08-26T00:00:00Z,SYNUSD,0.1110,0.1147,0.1076,0.1118,880388.22866816
2026-08-27T00:00:00Z,SYNUSD,0.1118,0.1118,0.1088,0.1103,788666.47465166
2026-08-28T00:00:00Z,SYNUSD,0.1105,0.1107,0.1020,0.1040,1096026.60827630
2026-08-29T00:00:00Z,SYNUSD,0.1039,0.1049,0.0310,0.1000,2065636.14013175
2026-08-30T00:00:00Z,SYNUSD,0.1001,0.1007,0.0943,0.0955,574024.70541842
2026-08-31T00:00:00Z,SYNUSD,0.0955,0.0996,0.0929,0.0951,747923.87611703
2026-09-01T00:00:00Z,SYNUSD,0.0952,0.0960,0.0854,0.0902,2142644.02534705
2026-09-02T00:00:00Z,SYNUSD,0.0901,0.0905,0.0829,0.0865,1940366.12079242
2026-09-03T00:00:00Z,SYNUSD,0.0867,0.0957,0.0867,0.0936,1081428.16209497
2026-09-04T00:00:00Z,SYNUSD,0.0930,0.0935,0.0901,0.0914,688114.78864730
2026-09-05T00:00:00Z,SYNUSD,0.0924,0.0937,0.0903,0.0907,486692.89613568
2026-09-06T00:00:00Z,SYNUSD,0.0913,0.0920,0.0886,0.0898,202384.25769642
2026-09-07T00:00:00Z,SYNUSD,0.0899,0.0901,0.0876,0.0885,312032.17954658
2026-09-08T00:00:00Z,SYNUSD,0.0885,0.0925,0.0882,0.0905,1930105.95751130
2026-09-09T00:00:00Z,SYNUSD,0.0907,0.0917,0.0790,0.0885,511074.22383694
2026-09-10T00:00:00Z,SYNUSD,0.0887,0.0889,0.0796,0.0803,564244.55087088
2026-09-11T00:00:00Z,SYNUSD,0.0811,0.0825,0.0789,0.0813,304949.40841082
2026-09-12T00:00:00Z,SYNUSD,0.0815,0.0833,0.0806,0.0806,144813.81912404
2026-09-13T00:00:00Z,SYNUSD,0.0804,0.0811,0.0774,0.0787,186959.86238809
2026-09-14T00:00:00Z,SYNUSD,0.0790,0.0912,0.0782,0.0832,958595.08068534
2026-09-15T00:00:00Z,SYNUSD,0.0829,0.1082,0.0781,0.1001,1973451.17924575
2026-09-16T00:00:00Z,SYNUSD,0.0990,0.2157,0.0927,0.1773,16538518.61733806
2026-09-17T00:00:00Z,SYNUSD,0.1774,0.2323,0.1458,0.1872,10761888.66072205
2026-09-18T00:00:00Z,SYNUSD,0.1871,0.2357,0.1675,0.2216,4626696.26202290
2026-09-19T00:00:00Z,SYNUSD,0.2205,0.2762,0.2018,0.2200,6600501.20958811
2026-09-20T00:00:00Z,SYNUSD,0.2196,0.2518,0.1895,0.2198,3801977.15517044
2026-09-21T00:00:00Z,SYNUSD,0.2213,0.2741,0.2136,0.2445,1987297.84623941
2026-09-22T00:00:00Z,SYNUSD,0.2444,0.2540,0.2273,0.2329,1389237.83563202
