timestamp,symbol,open,high,low,close,volume
2022-05-05T00:00:00Z,TUSD,0.14,0.14,0.08,0.0814,186462.19106204
2022-05-06T00:00:00Z,TUSD,0.082,0.09196,0.07813,0.0798,94580.09223987999
2022-05-07T00:00:00Z,TUSD,0.0816,0.0816,0.0775,0.0782,35908.16898101
2022-05-08T00:00:00Z,TUSD,0.0786,0.0786,0.07353,0.0741,14964.14271469
2022-05-09T00:00:00Z,TUSD,0.0747,0.07559,0.0616,0.0618,27359.11574771
2022-05-10T00:00:00Z,TUSD,0.061,0.06736,0.061,0.0631,93954.53113163002
2022-05-11T00:00:00Z,TUSD,0.062,0.0631,0.0472,0.0487,56174.81872861
2022-05-12T00:00:00Z,TUSD,0.0478,0.0487,0.036,0.0408,133413.49164199
2022-05-13T00:00:00Z,TUSD,0.0402,0.04698,0.0402,0.0456,160493.91220357
2022-05-14T00:00:00Z,TUSD,0.046,0.04821,0.0428,0.0466,53866.22187218999
2022-05-15T00:00:00Z,TUSD,0.0462,0.0492,0.0457,0.049,99956.25657619997
2022-05-16T00:00:00Z,TUSD,0.0491,0.0495,0.0459,0.0492,42385.58644333
2022-05-17T00:00:00Z,TUSD,0.0488,0.05061,0.0486,0.0502,32309.572107459997
2022-05-18T00:00:00Z,TUSD,0.0505,0.05075,0.047,0.047,22954.946345900004
2022-05-19T00:00:00Z,TUSD,0.0499,0.06341,0.0471,0.051,161400.07080534002
2022-05-20T00:00:00Z,TUSD,0.0538,0.0547,0.04751,0.05,74357.23397201
2022-05-21T00:00:00Z,TUSD,0.048,0.0489,0.04786,0.0483,11917.84323296
2022-05-22T00:00:00Z,TUSD,0.0487,0.05321,0.0484,0.0502,26865.465694069997
2022-05-23T00:00:00Z,TUSD,0.04973,0.05473,0.04643,0.04643,59605.871347710025
2022-05-24T00:00:00Z,TUSD,0.04863,0.05203,0.0444,0.0468,8472.9314902
2022-05-25T00:00:00Z,TUSD,0.0473,0.0493,0.0462,0.04671,24839.74723716
2022-05-26T00:00:00Z,TUSD,0.0469,0.05203,0.0417,0.0443,338110.59827838995
2022-05-27T00:00:00Z,TUSD,0.04536,0.04536,0.0417,0.0424,22770.25000901
2022-05-28T00:00:00Z,TUSD,0.04398,0.04766,0.0424,0.04349,109398.04848047998
2022-05-29T00:00:00Z,TUSD,0.0428,0.04349,0.0427,0.0428,11379.591410519999
2022-05-30T00:00:00Z,TUSD,0.04423,0.04776,0.04423,0.0476,73143.20274596999
2022-05-31T00:00:00Z,TUSD,0.0486,0.049,0.04545,0.0472,122527.14268788001
2022-06-01T00:00:00Z,TUSD,0.0494,0.0829,0.0485,0.05164,1188064.8967487302
2022-06-02T00:00:00Z,TUSD,0.05149,0.05839,0.0483,0.0508,274826.8126210301
2022-06-03T00:00:00Z,TUSD,0.05112,0.06124,0.0498,0.0527,279783.08859647997
2022-06-04T00:00:00Z,TUSD,0.0525,0.05269,0.049,0.0507,172446.26915309005
2022-06-05T00:00:00Z,TUSD,0.05475,0.06239,0.0526,0.05321,403582.59230039956
2022-06-06T00:00:00Z,TUSD,0.0515,0.06397,0.0515,0.055,121722.15440043998
2022-06-07T00:00:00Z,TUSD,0.055,0.05743,0.0483,0.0504,127352.58273846997
2022-06-08T00:00:00Z,TUSD,0.052,0.058,0.0508,0.0529,240909.79302295993
2022-06-09T00:00:00Z,TUSD,0.05081,0.052,0.0508,0.05131,114823.21157636
2022-06-10T00:00:00Z,TUSD,0.0505,0.05139,0.0475,0.0481,7837.750799379999
2022-06-11T00:00:00Z,TUSD,0.048,0.0491,0.0431,0.04475,16750.722655989997
2022-06-12T00:00:00Z,TUSD,0.045,0.051,0.0417,0.0432,122704.66504322003
2022-06-13T00:00:00Z,TUSD,0.0423,0.0423,0.0346,0.0358,91203.85325026
2022-06-14T00:00:00Z,TUSD,0.03772,0.03772,0.0315,0.03581,96959.10916376002
2022-06-15T00:00:00Z,TUSD,0.0355,0.037,0.0313,0.037,37476.540493789995
2022-06-16T00:00:00Z,TUSD,0.03631,0.03846,0.0342,0.0349,10513.63091813
2022-06-17T00:00:00Z,TUSD,0.0349,0.0356,0.0338,0.0356,14946.270869490001
2022-06-18T00:00:00Z,TUSD,0.03635,0.03635,0.031,0.0336,72013.26233232999
2022-06-19T00:00:00Z,TUSD,0.03241,0.03551,0.029,0.03551,151625.50603585996
2022-06-20T00:00:00Z,TUSD,0.03429,0.03539,0.0338,0.0351,5449.5908500000005
2022-06-21T00:00:00Z,TUSD,0.03499,0.039,0.03499,0.0371,140828.56827988
2022-06-22T00:00:00Z,TUSD,0.03851,0.03851,0.03461,0.03519,20665.19578083
2022-06-23T00:00:00Z,TUSD,0.03539,0.0356,0.03439,0.03493,18791.85521878
2022-06-24T00:00:00Z,TUSD,0.0353,0.0371,0.0353,0.0371,2491.80618373
2022-06-25T00:00:00Z,TUSD,0.0371,0.03771,0.03627,0.03771,12669.300383330003
2022-06-26T00:00:00Z,TUSD,0.039,0.05314,0.0378,0.045,453275.9333729599
2022-06-27T00:00:00Z,TUSD,0.04001,0.05249,0.03891,0.05249,40947.06173393999
2022-06-28T00:00:00Z,TUSD,0.03912,0.04232,0.0376,0.0376,90966.05856882004
2022-06-29T00:00:00Z,TUSD,0.0371,0.04082,0.03508,0.0358,50365.95831673
2022-06-30T00:00:00Z,TUSD,0.0347,0.03599,0.0322,0.03301,105160.83153784
2022-07-01T00:00:00Z,TUSD,0.03409,0.0348,0.03379,0.03413,19730.45291872
2022-07-02T00:00:00Z,TUSD,0.0345,0.0347,0.03395,0.03466,15713.150938129998
2022-07-03T00:00:00Z,TUSD,0.03457,0.03457,0.03388,0.03449,8274.75946
2022-07-04T00:00:00Z,TUSD,0.03439,0.0353,0.03366,0.0353,15144.205516609998
2022-07-05T00:00:00Z,TUSD,0.036,0.03644,0.03429,0.03561,69875.84230810002
2022-07-06T00:00:00Z,TUSD,0.0347,0.03542,0.0347,0.035,3452.98812
2022-07-07T00:00:00Z,TUSD,0.0349,0.0366,0.0349,0.0366,8276.09643774
2022-07-08T00:00:00Z,TUSD,0.0364,0.0371,0.03639,0.0371,3649.73589442
2022-07-09T00:00:00Z,TUSD,0.03754,0.039,0.03691,0.03792,37552.06562357999
2022-07-10T00:00:00Z,TUSD,0.03673,0.0372,0.03642,0.03642,12898.851786180001
2022-07-11T00:00:00Z,TUSD,0.0356,0.0356,0.0344,0.0344,9296.062120229999
2022-07-12T00:00:00Z,TUSD,0.034,0.034,0.03343,0.03343,1059.82650314
2022-07-13T00:00:00Z,TUSD,0.03343,0.03343,0.03343,0.03343,299.1325157
2022-07-14T00:00:00Z,TUSD,0.0332,0.03451,0.0332,0.03451,963.97466349
2022-07-15T00:00:00Z,TUSD,0.03545,0.03551,0.03543,0.0355,6135.650650929999
2022-07-16T00:00:00Z,TUSD,0.036,0.0361,0.03564,0.0361,1111.58011116
2022-07-17T00:00:00Z,TUSD,0.0358,0.0359,0.0358,0.0359,467.25700099000005
2022-07-18T00:00:00Z,TUSD,0.0358,0.03734,0.0358,0.03651,23256.84150939
2022-07-19T00:00:00Z,TUSD,0.0379,0.04,0.0379,0.03949,52130.50021794002
2022-07-20T00:00:00Z,TUSD,0.03967,0.042,0.03631,0.03631,43876.46135464
2022-07-21T00:00:00Z,TUSD,0.03701,0.03729,0.0357,0.037,301059.29066002
2022-07-22T00:00:00Z,TUSD,0.03665,0.0378,0.0363,0.03646,338576.74742457
2022-07-23T00:00:00Z,TUSD,0.03662,0.0367,0.03565,0.0367,3947.84370123
2022-07-24T00:00:00Z,TUSD,0.0367,0.0394,0.0367,0.03716,222872.25511747008
2022-07-25T00:00:00Z,TUSD,0.0357,0.0357,0.03529,0.03529,736.82693564
2022-07-26T00:00:00Z,TUSD,0.03455,0.03455,0.0341,0.0341,3296.38901
2022-07-27T00:00:00Z,TUSD,0.03489,0.03659,0.03489,0.03659,1739.48361514
2022-07-28T00:00:00Z,TUSD,0.0373,0.0374,0.03723,0.0374,26375.62367
2022-07-29T00:00:00Z,TUSD,0.0379,0.0382,0.03701,0.03749,27531.67316715
2022-07-30T00:00:00Z,TUSD,0.03741,0.03911,0.03741,0.0391,71001.96796760001
2022-07-31T00:00:00Z,TUSD,0.03781,0.0424,0.03781,0.0389,311002.96277265006
2022-08-01T00:00:00Z,TUSD,0.03859,0.0402,0.03859,0.0399,148979.63847688
2022-08-02T00:00:00Z,TUSD,0.0399,0.0405,0.03731,0.0381,129961.85725303
2022-08-03T00:00:00Z,TUSD,0.03724,0.03889,0.036,0.0386,1796629.7904064208
2022-08-04T00:00:00Z,TUSD,0.0383,0.0476,0.0378,0.0386,185548.36226031007
2022-08-05T00:00:00Z,TUSD,0.03953,0.0404,0.03953,0.04021,3368.7877675799996
2022-08-06T00:00:00Z,TUSD,0.041,0.042,0.04049,0.04049,8144.7068500000005
2022-08-07T00:00:00Z,TUSD,0.04051,0.04051,0.03981,0.03981,4710.95157573
2022-08-08T00:00:00Z,TUSD,0.0403,0.047,0.04023,0.0413,208796.65945543998
2022-08-09T00:00:00Z,TUSD,0.04089,0.04349,0.03846,0.03846,46324.85671094
2022-08-10T00:00:00Z,TUSD,0.04021,0.0406,0.04021,0.0406,295.27583
2022-08-11T00:00:00Z,TUSD,0.04151,0.046,0.04151,0.04188,15779.770457289997
2022-08-12T00:00:00Z,TUSD,0.0422,0.04492,0.04137,0.0436,257868.01707101997
2022-08-13T00:00:00Z,TUSD,0.0437,0.0437,0.0432,0.04329,19313.3094
2022-08-14T00:00:00Z,TUSD,0.0435,0.0435,0.04269,0.04269,543.31050468
2022-08-15T00:00:00Z,TUSD,0.04289,0.0433,0.04229,0.04229,19883.61195332
2022-08-16T00:00:00Z,TUSD,0.04165,0.04165,0.04018,0.04018,8789.75008095
2022-08-17T00:00:00Z,TUSD,0.0416,0.0417,0.0389,0.0391,85897.24894054
2022-08-18T00:00:00Z,TUSD,0.03969,0.0403,0.03899,0.03914,36058.238880000004
2022-08-19T00:00:00Z,TUSD,0.0389,0.0389,0.0341,0.0341,20425.122137829996
2022-08-20T00:00:00Z,TUSD,0.0348,0.0348,0.03391,0.03391,678.82396683
2022-08-21T00:00:00Z,TUSD,0.0348,0.03572,0.0348,0.0349,14255.32982752
2022-08-22T00:00:00Z,TUSD,0.03431,0.0344,0.0333,0.0342,4490.33218921
2022-08-23T00:00:00Z,TUSD,0.0342,0.0342,0.0338,0.0342,687.49318633
2022-08-24T00:00:00Z,TUSD,0.03506,0.0352,0.034,0.03511,29714.841986390005
2022-08-25T00:00:00Z,TUSD,0.0349,0.03622,0.0349,0.03502,6782.242559999999
2022-08-26T00:00:00Z,TUSD,0.0349,0.0351,0.0331,0.0331,5132.08129763
2022-08-27T00:00:00Z,TUSD,0.0318,0.03319,0.03065,0.032,109877.15977745001
2022-08-28T00:00:00Z,TUSD,0.0321,0.0333,0.03181,0.0324,4300.10518041
2022-08-29T00:00:00Z,TUSD,0.0316,0.0329,0.0315,0.0329,4510.735807790001
2022-08-30T00:00:00Z,TUSD,0.03265,0.03352,0.0321,0.0325,21730.95117408
2022-08-31T00:00:00Z,TUSD,0.0335,0.03416,0.03261,0.0331,38230.53633982
2022-09-01T00:00:00Z,TUSD,0.0324,0.03414,0.0318,0.03229,30541.594702990005
2022-09-02T00:00:00Z,TUSD,0.03241,0.03381,0.032,0.032,13247.857145119999
2022-09-03T00:00:00Z,TUSD,0.03249,0.03249,0.03229,0.03229,768.05013
2022-09-04T00:00:00Z,TUSD,0.03229,0.03229,0.03229,0.03229,100.0
2022-09-05T00:00:00Z,TUSD,0.0323,0.0323,0.03185,0.0323,24648.89112663
2022-09-06T00:00:00Z,TUSD,0.03279,0.0328,0.03067,0.03067,88000.13455387
2022-09-07T00:00:00Z,TUSD,0.03069,0.0311,0.03019,0.0311,22227.488941759995
2022-09-08T00:00:00Z,TUSD,0.03212,0.03981,0.03161,0.03209,83220.16802753002
2022-09-09T00:00:00Z,TUSD,0.03259,0.03379,0.03231,0.03324,687.89069134
2022-09-10T00:00:00Z,TUSD,0.03471,0.0373,0.0339,0.03449,607171.68970512
2022-09-11T00:00:00Z,TUSD,0.03451,0.0389,0.03451,0.0362,689214.5983471102
2022-09-12T00:00:00Z,TUSD,0.03631,0.03631,0.03411,0.03438,308681.7463422199
2022-09-13T00:00:00Z,TUSD,0.03409,0.03411,0.03188,0.03193,14508.909168050002
2022-09-14T00:00:00Z,TUSD,0.0317,0.03241,0.03146,0.03241,4354.62214693
2022-09-15T00:00:00Z,TUSD,0.03172,0.03172,0.03011,0.03011,16147.966397969998
2022-09-16T00:00:00Z,TUSD,0.03005,0.0341,0.03001,0.0315,199449.79448169007
2022-09-17T00:00:00Z,TUSD,0.03213,0.0322,0.032,0.0322,170.51767
2022-09-18T00:00:00Z,TUSD,0.0324,0.0324,0.03085,0.03085,2205.00792108
2022-09-19T00:00:00Z,TUSD,0.03,0.0307,0.02936,0.0307,38458.0295932
2022-09-20T00:00:00Z,TUSD,0.0303,0.03049,0.0299,0.0299,4782.78225
2022-09-21T00:00:00Z,TUSD,0.03057,0.031,0.0302,0.0302,14755.20058918
2022-09-22T00:00:00Z,TUSD,0.0306,0.0308,0.0306,0.0308,150.0
2022-09-23T00:00:00Z,TUSD,0.03045,0.03101,0.0303,0.03101,25971.362315590002
2022-09-24T00:00:00Z,TUSD,0.03071,0.03091,0.03071,0.03088,8979.975419999999
2022-09-25T00:00:00Z,TUSD,0.031,0.031,0.03059,0.03059,5032.20409
2022-09-26T00:00:00Z,TUSD,0.0302,0.0302,0.02969,0.03017,46142.136870480004
2022-09-27T00:00:00Z,TUSD,0.03041,0.03082,0.02963,0.02963,372.95440048
2022-09-28T00:00:00Z,TUSD,0.03001,0.03039,0.02959,0.03039,3325.17213
2022-09-29T00:00:00Z,TUSD,0.0299,0.03019,0.0283,0.03004,72920.17542669999
2022-10-01T00:00:00Z,TUSD,0.02999,0.02999,0.0297,0.0297,74215.93341000001
2022-10-02T00:00:00Z,TUSD,0.02979,0.031,0.02979,0.02981,60759.42056515
2022-10-03T00:00:00Z,TUSD,0.02966,0.0299,0.02882,0.0299,554975.3219719998
2022-10-04T00:00:00Z,TUSD,0.0298,0.0298,0.0298,0.0298,1000.0
2022-10-05T00:00:00Z,TUSD,0.0304,0.0304,0.0298,0.0298,2253.1572499999997
2022-10-06T00:00:00Z,TUSD,0.03057,0.03057,0.02998,0.02998,36109.56983488
2022-10-07T00:00:00Z,TUSD,0.03006,0.0303,0.0298,0.02991,36174.74514297
2022-10-08T00:00:00Z,TUSD,0.0302,0.0308,0.03,0.03009,54578.39905
2022-10-09T00:00:00Z,TUSD,0.0301,0.03036,0.02989,0.03036,60009.71268
2022-10-10T00:00:00Z,TUSD,0.03036,0.03036,0.02952,0.02952,21869.22947995
2022-10-11T00:00:00Z,TUSD,0.02906,0.02906,0.02878,0.02878,1792.44626756
2022-10-12T00:00:00Z,TUSD,0.02871,0.02891,0.02871,0.02871,967.5657231299999
2022-10-13T00:00:00Z,TUSD,0.02861,0.02861,0.02619,0.02799,134870.40844372998
2022-10-14T00:00:00Z,TUSD,0.02789,0.02829,0.0276,0.0277,19336.141240489997
2022-10-15T00:00:00Z,TUSD,0.0277,0.0306,0.0277,0.02818,53373.733417100004
2022-10-16T00:00:00Z,TUSD,0.0282,0.02857,0.02761,0.0279,83467.13933925
2022-10-17T00:00:00Z,TUSD,0.0281,0.02903,0.0281,0.02849,38941.72957885
2022-10-18T00:00:00Z,TUSD,0.0285,0.02929,0.0283,0.02849,9124.30268414
2022-10-19T00:00:00Z,TUSD,0.0277,0.028,0.026,0.02681,53289.752967910004
2022-10-20T00:00:00Z,TUSD,0.0267,0.02699,0.02587,0.02587,55319.945726779995
2022-10-21T00:00:00Z,TUSD,0.0258,0.02611,0.02528,0.0261,157501.62886336003
2022-10-22T00:00:00Z,TUSD,0.026,0.026,0.0256,0.0257,100671.33780734001
2022-10-23T00:00:00Z,TUSD,0.0259,0.0262,0.0259,0.0262,355.95991
2022-10-24T00:00:00Z,TUSD,0.02591,0.02591,0.0253,0.02539,12076.390765789998
2022-10-25T00:00:00Z,TUSD,0.0257,0.02639,0.0254,0.0259,16277.875132270003
2022-10-26T00:00:00Z,TUSD,0.0267,0.02721,0.02612,0.0267,30945.51518617
2022-10-27T00:00:00Z,TUSD,0.0267,0.0268,0.0263,0.0264,1304.60853
2022-10-28T00:00:00Z,TUSD,0.0264,0.02679,0.02495,0.02679,175862.09992093002
2022-10-29T00:00:00Z,TUSD,0.0265,0.027,0.0264,0.0266,16646.40533722
2022-10-30T00:00:00Z,TUSD,0.0265,0.02719,0.02517,0.0266,51108.84469551
2022-10-31T00:00:00Z,TUSD,0.02601,0.02699,0.02601,0.0264,2979.7244542000003
2022-11-01T00:00:00Z,TUSD,0.0267,0.0267,0.0262,0.02649,2142.46482293
2022-11-02T00:00:00Z,TUSD,0.02537,0.02537,0.02536,0.02536,500.0
2022-11-03T00:00:00Z,TUSD,0.0263,0.0268,0.0263,0.0268,20785.81090827
2022-11-04T00:00:00Z,TUSD,0.0268,0.02736,0.0267,0.02731,80438.10277022998
2022-11-05T00:00:00Z,TUSD,0.0276,0.0278,0.0274,0.0278,61908.702288919994
2022-11-06T00:00:00Z,TUSD,0.02779,0.02779,0.02672,0.02672,2156.96765432
2022-11-07T00:00:00Z,TUSD,0.0267,0.02716,0.02582,0.0269,5525.36647037
2022-11-08T00:00:00Z,TUSD,0.026,0.026,0.02085,0.0223,46131.57747407999
2022-11-09T00:00:00Z,TUSD,0.0212,0.028,0.015,0.0158,207624.96633694993
2022-11-10T00:00:00Z,TUSD,0.0162,0.01783,0.0162,0.01783,7114.2185817
2022-11-11T00:00:00Z,TUSD,0.019,0.019,0.017,0.0172,11374.14393898
2022-11-12T00:00:00Z,TUSD,0.0176,0.0187,0.0172,0.0187,476155.03981819993
2022-11-13T00:00:00Z,TUSD,0.01869,0.01869,0.016,0.01753,717112.2810189498
2022-11-14T00:00:00Z,TUSD,0.016,0.01713,0.01531,0.01702,461490.7187999099
2022-11-15T00:00:00Z,TUSD,0.01702,0.01702,0.01531,0.01533,18762.654417370006
2022-11-16T00:00:00Z,TUSD,0.01702,0.01703,0.01534,0.01703,62071.04315773
2022-11-17T00:00:00Z,TUSD,0.01702,0.01703,0.01532,0.01702,55751.023621770015
2022-11-18T00:00:00Z,TUSD,0.01702,0.01702,0.01533,0.01606,5320.236756800001
2022-11-19T00:00:00Z,TUSD,0.01702,0.02297,0.01605,0.01757,1100170.5252531497
2022-11-20T00:00:00Z,TUSD,0.01755,0.01987,0.01606,0.01797,110205.42237690999
2022-11-21T00:00:00Z,TUSD,0.01645,0.01645,0.01619,0.01619,17435.6136
2022-11-22T00:00:00Z,TUSD,0.01721,0.01862,0.01605,0.01625,144214.55660699002
2022-11-23T00:00:00Z,TUSD,0.01672,0.01821,0.01294,0.01764,9411638.619374827
2022-11-24T00:00:00Z,TUSD,0.01799,0.01905,0.01593,0.01769,29435.51577693
2022-11-25T00:00:00Z,TUSD,0.01698,0.01921,0.01508,0.01771,93767.78471319
2022-11-26T00:00:00Z,TUSD,0.01821,0.01821,0.01769,0.01769,1031.77624968
2022-11-27T00:00:00Z,TUSD,0.01842,0.01842,0.01717,0.01717,4243.75558861
2022-11-28T00:00:00Z,TUSD,0.01754,0.01842,0.01518,0.01713,8023.706813350001
2022-11-29T00:00:00Z,TUSD,0.01784,0.01795,0.01762,0.01773,29338.60413624
2022-11-30T00:00:00Z,TUSD,0.01826,0.01884,0.0181,0.01865,23539.43624663
2022-12-01T00:00:00Z,TUSD,0.01865,0.02031,0.01741,0.01835,4066.14927579
2022-12-02T00:00:00Z,TUSD,0.01834,0.01982,0.01388,0.0181,11387.854106710001
2022-12-03T00:00:00Z,TUSD,0.01816,0.02042,0.01731,0.01834,61219.07422294999
2022-12-04T00:00:00Z,TUSD,0.01847,0.0185,0.01818,0.0185,9879.378275240002
2022-12-05T00:00:00Z,TUSD,0.01813,0.0185,0.01806,0.01806,4509.08947569
2022-12-07T00:00:00Z,TUSD,0.01848,0.01848,0.01747,0.01747,270.27163022
2022-12-08T00:00:00Z,TUSD,0.01741,0.0195,0.01741,0.0195,35244.27886612
2022-12-09T00:00:00Z,TUSD,0.0195,0.02277,0.01901,0.02007,75903.60204313998
2022-12-10T00:00:00Z,TUSD,0.01978,0.02022,0.01833,0.01833,63193.76702877
2022-12-11T00:00:00Z,TUSD,0.01975,0.01975,0.01833,0.0188,54482.07270151
2022-12-12T00:00:00Z,TUSD,0.01867,0.0218,0.0173,0.01888,50790.14228567999
2022-12-13T00:00:00Z,TUSD,0.01837,0.0186,0.01604,0.0186,33660.31677795
2022-12-14T00:00:00Z,TUSD,0.01859,0.0218,0.01839,0.01852,62722.17778067
2022-12-15T00:00:00Z,TUSD,0.0185,0.0218,0.01742,0.0177,91790.86699356
2022-12-16T00:00:00Z,TUSD,0.01805,0.01906,0.01603,0.01603,9024.69518981
2022-12-17T00:00:00Z,TUSD,0.01651,0.01816,0.01587,0.01733,66484.71685481002
2022-12-18T00:00:00Z,TUSD,0.01734,0.01735,0.01622,0.01622,30258.596710359998
2022-12-19T00:00:00Z,TUSD,0.01587,0.01587,0.01586,0.01586,1495.4513
2022-12-20T00:00:00Z,TUSD,0.02027,0.02027,0.01586,0.01595,2410.07350764
2022-12-21T00:00:00Z,TUSD,0.0204,0.0204,0.0204,0.0204,475.97746202
2022-12-22T00:00:00Z,TUSD,0.01642,0.02049,0.01589,0.0162,7869.944054470001
2022-12-23T00:00:00Z,TUSD,0.01644,0.01684,0.0163,0.0163,122012.30085
2022-12-24T00:00:00Z,TUSD,0.01661,0.01785,0.0163,0.01641,20254.13993773
2022-12-25T00:00:00Z,TUSD,0.0164,0.01643,0.0159,0.01643,19932.73386103
2022-12-26T00:00:00Z,TUSD,0.01587,0.01587,0.01569,0.01569,2170.41015813
2022-12-27T00:00:00Z,TUSD,0.01545,0.0159,0.01531,0.01581,12066.007639999998
2022-12-28T00:00:00Z,TUSD,0.01541,0.01541,0.01416,0.01514,205379.83996742
2022-12-29T00:00:00Z,TUSD,0.01486,0.01692,0.01486,0.01509,52784.6199566
2022-12-30T00:00:00Z,TUSD,0.015,0.01615,0.01497,0.01499,19643.82315
2022-12-31T00:00:00Z,TUSD,0.01532,0.01984,0.01529,0.0172,231922.79726313995
2023-01-01T00:00:00Z,TUSD,0.01684,0.0175,0.0158,0.0158,11103.90212664
2023-01-02T00:00:00Z,TUSD,0.01621,0.01638,0.01599,0.01624,41547.25687069
2023-01-03T00:00:00Z,TUSD,0.01588,0.01641,0.01569,0.01602,190636.33674980002
2023-01-04T00:00:00Z,TUSD,0.01602,0.01697,0.0159,0.01609,72999.47240114001
2023-01-05T00:00:00Z,TUSD,0.01662,0.018,0.01609,0.01609,106651.10022348
2023-01-06T00:00:00Z,TUSD,0.01622,0.018,0.01509,0.01626,325331.37243725004
2023-01-07T00:00:00Z,TUSD,0.01627,0.01712,0.01626,0.01634,17898.27313412
2023-01-08T00:00:00Z,TUSD,0.01626,0.01647,0.01624,0.01643,13266.93536718
2023-01-09T00:00:00Z,TUSD,0.01715,0.0175,0.0167,0.0175,267768.69342244003
2023-01-10T00:00:00Z,TUSD,0.01896,0.0205,0.0179,0.01826,286545.78834996
2023-01-11T00:00:00Z,TUSD,0.01836,0.01899,0.01771,0.01781,10351.61149408
2023-01-12T00:00:00Z,TUSD,0.018,0.01859,0.01797,0.01859,33207.133748039996
2023-01-13T00:00:00Z,TUSD,0.01865,0.0218,0.01853,0.01966,153202.93717887998
2023-01-14T00:00:00Z,TUSD,0.0212,0.02154,0.01961,0.02066,596531.8936138101
2023-01-15T00:00:00Z,TUSD,0.02095,0.0256,0.02093,0.02223,958241.0673873198
2023-01-16T00:00:00Z,TUSD,0.02224,0.02455,0.02168,0.02178,75322.34883495
2023-01-17T00:00:00Z,TUSD,0.02202,0.02633,0.02202,0.02327,501110.0783995099
2023-01-18T00:00:00Z,TUSD,0.02201,0.02409,0.02049,0.02049,58210.13320815999
2023-01-19T00:00:00Z,TUSD,0.02096,0.02119,0.02022,0.02119,66285.0171353
2023-01-20T00:00:00Z,TUSD,0.02214,0.02396,0.02212,0.02337,33561.34139571
2023-01-21T00:00:00Z,TUSD,0.02365,0.02633,0.02365,0.02395,316246.03013495
2023-01-22T00:00:00Z,TUSD,0.02328,0.02598,0.02328,0.02364,42506.135287050005
2023-01-23T00:00:00Z,TUSD,0.02342,0.051,0.02342,0.04493,1346577.9025384698
2023-01-24T00:00:00Z,TUSD,0.04586,0.07499,0.04076,0.04833,4375740.243366332
2023-01-25T00:00:00Z,TUSD,0.0498,0.056,0.04323,0.05358,2079633.495299519
2023-01-26T00:00:00Z,TUSD,0.05142,0.0644,0.04904,0.05522,2163740.8121133205
2023-01-27T00:00:00Z,TUSD,0.05522,0.05713,0.04595,0.05115,1332843.3466710695
2023-01-28T00:00:00Z,TUSD,0.05115,0.05115,0.04009,0.04615,1015806.1124021694
2023-01-29T00:00:00Z,TUSD,0.04647,0.05,0.04176,0.04684,600541.23766415
2023-01-30T00:00:00Z,TUSD,0.04696,0.04721,0.0411,0.04212,342843.52883716
2023-01-31T00:00:00Z,TUSD,0.04143,0.0549,0.04011,0.04922,1690523.777134229
2023-02-01T00:00:00Z,TUSD,0.05027,0.055,0.04405,0.0518,2106241.46229587
2023-02-02T00:00:00Z,TUSD,0.05098,0.05098,0.04574,0.04824,339563.0661058899
2023-02-03T00:00:00Z,TUSD,0.0482,0.055,0.04725,0.04826,743948.0822994899
2023-02-04T00:00:00Z,TUSD,0.04827,0.04911,0.04758,0.04803,118507.12502453
2023-02-05T00:00:00Z,TUSD,0.04755,0.0484,0.04094,0.04401,576992.7754298697
2023-02-06T00:00:00Z,TUSD,0.04383,0.04686,0.04262,0.04527,204475.62691639003
2023-02-07T00:00:00Z,TUSD,0.04453,0.04675,0.03913,0.04331,426319.30824734
2023-02-08T00:00:00Z,TUSD,0.04557,0.04568,0.04278,0.04321,101691.85209273998
2023-02-09T00:00:00Z,TUSD,0.04383,0.04383,0.03734,0.03807,955903.1632851097
2023-02-10T00:00:00Z,TUSD,0.03799,0.03933,0.03538,0.03786,293658.0047988501
2023-02-11T00:00:00Z,TUSD,0.03847,0.04721,0.03847,0.04033,990402.8201801592
2023-02-12T00:00:00Z,TUSD,0.03967,0.04081,0.03794,0.03852,69676.16955221
2023-02-13T00:00:00Z,TUSD,0.03856,0.03972,0.03556,0.03791,650213.2601740499
2023-02-14T00:00:00Z,TUSD,0.03781,0.03933,0.03714,0.03933,123548.08326741005
2023-02-15T00:00:00Z,TUSD,0.03914,0.04168,0.03819,0.04168,228330.35356189
2023-02-16T00:00:00Z,TUSD,0.04163,0.0425,0.03915,0.03968,366363.34277918
2023-02-17T00:00:00Z,TUSD,0.03901,0.04154,0.03899,0.04154,114625.52124489
2023-02-18T00:00:00Z,TUSD,0.0413,0.04205,0.04074,0.04158,47105.81361907
2023-02-19T00:00:00Z,TUSD,0.04184,0.04847,0.04184,0.04591,872875.8200474802
2023-02-20T00:00:00Z,TUSD,0.04468,0.04604,0.03821,0.04485,566456.9271851099
2023-02-21T00:00:00Z,TUSD,0.04421,0.04421,0.04095,0.04155,188971.69833917005
2023-02-22T00:00:00Z,TUSD,0.04161,0.04161,0.03921,0.04055,51356.96260524
2023-02-23T00:00:00Z,TUSD,0.04035,0.04136,0.03981,0.04136,61129.87661681001
2023-02-24T00:00:00Z,TUSD,0.0412,0.0412,0.03849,0.03904,72853.34977646002
2023-02-25T00:00:00Z,TUSD,0.03861,0.04233,0.03779,0.03785,199540.82604073995
2023-02-26T00:00:00Z,TUSD,0.03856,0.04019,0.03851,0.03982,148941.08929285003
2023-02-27T00:00:00Z,TUSD,0.03989,0.04005,0.03867,0.03892,45073.51853064999
2023-02-28T00:00:00Z,TUSD,0.03903,0.03912,0.03793,0.03798,460255.6354454801
2023-03-01T00:00:00Z,TUSD,0.03817,0.04266,0.03773,0.04057,439679.53148741025
2023-03-02T00:00:00Z,TUSD,0.04122,0.04999,0.04122,0.04616,1724295.3270504205
2023-03-03T00:00:00Z,TUSD,0.04616,0.04995,0.0386,0.0429,796829.1299952299
2023-03-04T00:00:00Z,TUSD,0.0419,0.04226,0.03842,0.03894,123952.35860979998
2023-03-05T00:00:00Z,TUSD,0.03949,0.042,0.03949,0.04032,857978.7649743396
2023-03-06T00:00:00Z,TUSD,0.04074,0.04219,0.04074,0.04182,152561.81394909997
2023-03-07T00:00:00Z,TUSD,0.04166,0.04166,0.03725,0.03793,63972.31009324
2023-03-08T00:00:00Z,TUSD,0.03868,0.03872,0.03359,0.03359,121472.98076136997
2023-03-09T00:00:00Z,TUSD,0.03356,0.03621,0.03084,0.03137,97935.82718844998
2023-03-10T00:00:00Z,TUSD,0.0318,0.03488,0.03122,0.0334,136610.9463514
2023-03-11T00:00:00Z,TUSD,0.03331,0.03383,0.03115,0.03278,59743.04810336001
2023-03-12T00:00:00Z,TUSD,0.03194,0.03407,0.0311,0.03407,93889.14717180001
2023-03-13T00:00:00Z,TUSD,0.03494,0.0368,0.03416,0.03662,271030.69694219
2023-03-14T00:00:00Z,TUSD,0.03703,0.04869,0.03703,0.04393,863802.8325982703
2023-03-15T00:00:00Z,TUSD,0.04513,0.04957,0.03888,0.04044,229850.74939784
2023-03-16T00:00:00Z,TUSD,0.0406,0.04084,0.0394,0.04084,1780555.2095342795
2023-03-17T00:00:00Z,TUSD,0.04046,0.04499,0.04046,0.04451,909539.7168225007
2023-03-18T00:00:00Z,TUSD,0.04452,0.04532,0.04184,0.0424,1820420.7689816009
2023-03-19T00:00:00Z,TUSD,0.04247,0.04403,0.0415,0.04324,300974.6884218701
2023-03-20T00:00:00Z,TUSD,0.04259,0.04259,0.04069,0.0413,180427.9588375
2023-03-21T00:00:00Z,TUSD,0.04114,0.04978,0.04013,0.04269,460088.32090029976
2023-03-22T00:00:00Z,TUSD,0.04308,0.04411,0.04087,0.04194,63390.1784194
2023-03-23T00:00:00Z,TUSD,0.04151,0.04247,0.04073,0.04225,22770.69098151
2023-03-24T00:00:00Z,TUSD,0.04256,0.04256,0.04044,0.04044,3395.7458103500003
2023-03-25T00:00:00Z,TUSD,0.04077,0.04097,0.04,0.04031,31052.156450350005
2023-03-26T00:00:00Z,TUSD,0.04156,0.04257,0.04145,0.04199,146700.03111905998
2023-03-27T00:00:00Z,TUSD,0.04141,0.04141,0.03837,0.0396,216359.38971912008
2023-03-28T00:00:00Z,TUSD,0.03996,0.04051,0.03832,0.04032,105185.90211575
2023-03-29T00:00:00Z,TUSD,0.04058,0.04221,0.04058,0.04176,121011.03572751
2023-03-30T00:00:00Z,TUSD,0.04259,0.04405,0.04045,0.0417,278742.10455570003
2023-03-31T00:00:00Z,TUSD,0.04133,0.04246,0.04019,0.0422,62386.700506170004
2023-04-01T00:00:00Z,TUSD,0.04195,0.04195,0.04122,0.04153,79879.78930715
2023-04-02T00:00:00Z,TUSD,0.04104,0.04232,0.0375,0.03832,846659.9282903099
2023-04-03T00:00:00Z,TUSD,0.03747,0.03775,0.03463,0.03622,215423.59666630995
2023-04-04T00:00:00Z,TUSD,0.03648,0.03901,0.03635,0.03901,237630.31360396
2023-04-05T00:00:00Z,TUSD,0.03696,0.03793,0.0336,0.0376,273482.49461071996
2023-04-06T00:00:00Z,TUSD,0.03695,0.03695,0.03607,0.03668,5575.54464496
2023-04-07T00:00:00Z,TUSD,0.03602,0.0362,0.0356,0.03601,37699.979136429996
2023-04-08T00:00:00Z,TUSD,0.03611,0.03632,0.03585,0.03586,10287.537507930003
2023-04-09T00:00:00Z,TUSD,0.03582,0.03604,0.03551,0.03604,8863.83670403
2023-04-10T00:00:00Z,TUSD,0.03568,0.03636,0.03568,0.03636,41343.88122189
2023-04-11T00:00:00Z,TUSD,0.03642,0.03656,0.03622,0.03633,81835.91705058
2023-04-12T00:00:00Z,TUSD,0.03614,0.03614,0.03491,0.03547,90504.25412944998
2023-04-13T00:00:00Z,TUSD,0.03532,0.0365,0.03532,0.03649,148981.69697428998
2023-04-14T00:00:00Z,TUSD,0.03649,0.03698,0.03481,0.03677,375753.5800460398
2023-04-15T00:00:00Z,TUSD,0.03675,0.03675,0.03605,0.03643,114747.46853025001
2023-04-16T00:00:00Z,TUSD,0.03659,0.037,0.03653,0.03695,33344.64857434
2023-04-17T00:00:00Z,TUSD,0.03615,0.03633,0.03572,0.03603,76251.12597974
2023-04-18T00:00:00Z,TUSD,0.03594,0.03672,0.03594,0.03635,46724.300792780006
2023-04-19T00:00:00Z,TUSD,0.0366,0.03762,0.03352,0.03422,249972.84245721003
2023-04-20T00:00:00Z,TUSD,0.03408,0.03408,0.0331,0.03335,79350.08525007998
2023-04-21T00:00:00Z,TUSD,0.03357,0.03386,0.0323,0.03275,117626.79826019998
2023-04-22T00:00:00Z,TUSD,0.03233,0.03312,0.03213,0.03312,35334.57030293
2023-04-23T00:00:00Z,TUSD,0.03285,0.03289,0.03167,0.0323,28840.267344990003
2023-04-24T00:00:00Z,TUSD,0.03208,0.03251,0.03191,0.0321,34450.06972329
2023-04-25T00:00:00Z,TUSD,0.03188,0.03188,0.03127,0.03151,14184.69100522
2023-04-26T00:00:00Z,TUSD,0.03253,0.03393,0.03104,0.03213,149439.1111956
2023-04-27T00:00:00Z,TUSD,0.0327,0.03287,0.03153,0.03213,27164.6637129
2023-04-28T00:00:00Z,TUSD,0.03207,0.03207,0.03171,0.03198,25227.087211820002
2023-04-29T00:00:00Z,TUSD,0.03209,0.03217,0.03207,0.03217,65814.9807834
2023-04-30T00:00:00Z,TUSD,0.0318,0.0318,0.03139,0.03175,13549.41429168
2023-05-01T00:00:00Z,TUSD,0.03158,0.03158,0.0303,0.03092,83170.98083216
2023-05-02T00:00:00Z,TUSD,0.0305,0.03118,0.03041,0.03118,57097.59035005
2023-05-03T00:00:00Z,TUSD,0.03149,0.03149,0.03077,0.03093,30908.90935568
2023-05-04T00:00:00Z,TUSD,0.0314,0.0314,0.03095,0.03099,89787.33489884
2023-05-05T00:00:00Z,TUSD,0.03128,0.03144,0.03072,0.03144,33778.17937815
2023-05-06T00:00:00Z,TUSD,0.03263,0.03355,0.03098,0.03128,564195.7622638602
2023-05-07T00:00:00Z,TUSD,0.03184,0.03184,0.03122,0.03122,212511.56675090003
2023-05-08T00:00:00Z,TUSD,0.03079,0.03079,0.02911,0.02918,86201.42313750998
2023-05-09T00:00:00Z,TUSD,0.02907,0.02945,0.02907,0.02945,25693.768412420002
2023-05-10T00:00:00Z,TUSD,0.02917,0.02989,0.02865,0.02954,269195.96192022006
2023-05-11T00:00:00Z,TUSD,0.02955,0.03169,0.02816,0.02821,483178.6488932399
2023-05-12T00:00:00Z,TUSD,0.02807,0.02894,0.02649,0.02749,166078.69934112998
2023-05-13T00:00:00Z,TUSD,0.02725,0.02735,0.02703,0.0272,91709.94464508998
2023-05-14T00:00:00Z,TUSD,0.02693,0.02693,0.02661,0.02682,54875.356098929995
2023-05-15T00:00:00Z,TUSD,0.02729,0.0274,0.02727,0.02735,31616.141693190002
2023-05-16T00:00:00Z,TUSD,0.02713,0.02855,0.02702,0.02713,98636.66853277001
2023-05-17T00:00:00Z,TUSD,0.02743,0.02789,0.02692,0.02785,194937.54443033
2023-05-18T00:00:00Z,TUSD,0.02753,0.02753,0.02687,0.02704,11798.352978730001
2023-05-19T00:00:00Z,TUSD,0.02761,0.02994,0.02761,0.02819,379961.4676444498
2023-05-20T00:00:00Z,TUSD,0.02833,0.02842,0.02796,0.028,76809.44352064999
2023-05-21T00:00:00Z,TUSD,0.02781,0.02781,0.02755,0.02755,14654.494521859999
2023-05-22T00:00:00Z,TUSD,0.02682,0.02688,0.02634,0.02688,30558.375200789997
2023-05-23T00:00:00Z,TUSD,0.02677,0.02719,0.02677,0.02688,31417.85079104
2023-05-24T00:00:00Z,TUSD,0.02657,0.02657,0.02522,0.02555,44435.35065174999
2023-05-25T00:00:00Z,TUSD,0.02521,0.02557,0.02477,0.02557,53498.06145397
2023-05-26T00:00:00Z,TUSD,0.02553,0.02592,0.02552,0.02566,52800.45170225
2023-05-27T00:00:00Z,TUSD,0.02585,0.02585,0.02544,0.02562,11376.18687125
2023-05-28T00:00:00Z,TUSD,0.02594,0.02664,0.0259,0.02664,5204.48218399
2023-05-29T00:00:00Z,TUSD,0.0266,0.0266,0.02584,0.0259,43602.885223260004
2023-05-30T00:00:00Z,TUSD,0.02566,0.02572,0.02549,0.02568,1069726.6804971697
2023-05-31T00:00:00Z,TUSD,0.02577,0.02578,0.02505,0.02507,30722.23771173
2023-06-01T00:00:00Z,TUSD,0.02468,0.02498,0.02454,0.02497,196863.95661432
2023-06-02T00:00:00Z,TUSD,0.02513,0.02552,0.02513,0.02552,13378.01791991
2023-06-03T00:00:00Z,TUSD,0.02567,0.02633,0.02567,0.02633,22336.02039047
2023-06-04T00:00:00Z,TUSD,0.02579,0.02597,0.02579,0.02597,5378.98912253
2023-06-05T00:00:00Z,TUSD,0.0256,0.0256,0.02262,0.02313,27070.52972225
2023-06-06T00:00:00Z,TUSD,0.02313,0.02347,0.02248,0.02347,151104.66203466002
2023-06-07T00:00:00Z,TUSD,0.02335,0.02335,0.02196,0.02217,31390.978167100002
2023-06-08T00:00:00Z,TUSD,0.02196,0.02255,0.0219,0.02255,131477.84041083
2023-06-09T00:00:00Z,TUSD,0.02225,0.02285,0.02223,0.02235,992721.0597439099
2023-06-10T00:00:00Z,TUSD,0.02224,0.02224,0.01627,0.0186,2346988.32545498
2023-06-11T00:00:00Z,TUSD,0.01849,0.01862,0.01819,0.01841,1267971.8444752998
2023-06-12T00:00:00Z,TUSD,0.01841,0.01841,0.01778,0.01833,2985991.025953359
2023-06-13T00:00:00Z,TUSD,0.01847,0.01872,0.01801,0.01803,2088280.3702885904
2023-06-14T00:00:00Z,TUSD,0.01807,0.01824,0.017,0.0171,595706.4429119999
2023-06-15T00:00:00Z,TUSD,0.01712,0.01771,0.0168,0.01764,20069.041819949998
2023-06-16T00:00:00Z,TUSD,0.01787,0.01836,0.01775,0.018,164559.12583543998
2023-06-17T00:00:00Z,TUSD,0.01788,0.01844,0.01788,0.01834,65594.16734892
2023-06-18T00:00:00Z,TUSD,0.01825,0.01825,0.01804,0.01818,6783.33125204
2023-06-19T00:00:00Z,TUSD,0.01797,0.01829,0.01797,0.01819,13391.95509439
2023-06-20T00:00:00Z,TUSD,0.0182,0.01921,0.0182,0.0192,232044.97622462
2023-06-21T00:00:00Z,TUSD,0.01952,0.02114,0.01952,0.02075,501732.8068581801
2023-06-22T00:00:00Z,TUSD,0.02098,0.02237,0.02039,0.02045,91225.08253077
2023-06-23T00:00:00Z,TUSD,0.02039,0.03081,0.02039,0.02754,8182930.095825256
2023-06-24T00:00:00Z,TUSD,0.02794,0.02971,0.02404,0.02509,4683400.835976355
2023-06-25T00:00:00Z,TUSD,0.0256,0.02585,0.0236,0.02382,89634.88250585998
2023-06-26T00:00:00Z,TUSD,0.02457,0.02551,0.02295,0.02295,520414.7213380101
2023-06-27T00:00:00Z,TUSD,0.02337,0.02401,0.0214,0.02316,4020264.9517174396
2023-06-28T00:00:00Z,TUSD,0.02326,0.02353,0.02126,0.02163,1482737.8177007404
2023-06-29T00:00:00Z,TUSD,0.02183,0.02244,0.02168,0.02204,693472.69361068
2023-06-30T00:00:00Z,TUSD,0.02166,0.02273,0.0205,0.02249,1115937.1972970604
2023-07-01T00:00:00Z,TUSD,0.02259,0.02408,0.02259,0.02343,1822075.75834928
2023-07-02T00:00:00Z,TUSD,0.02302,0.02305,0.02257,0.0227,620324.7132361301
2023-07-03T00:00:00Z,TUSD,0.02266,0.02332,0.02266,0.02332,1433986.39096951
2023-07-04T00:00:00Z,TUSD,0.0231,0.02326,0.02283,0.02315,1137776.65545768
2023-07-05T00:00:00Z,TUSD,0.02315,0.02692,0.02298,0.02359,5882297.120405566
2023-07-06T00:00:00Z,TUSD,0.02312,0.02378,0.02275,0.02323,2259734.9271285897
2023-07-07T00:00:00Z,TUSD,0.02288,0.02288,0.02274,0.02279,80712.31756420001
2023-07-08T00:00:00Z,TUSD,0.02293,0.02313,0.02253,0.02253,58452.07832339
2023-07-09T00:00:00Z,TUSD,0.02274,0.02295,0.022,0.02253,4777507.690453063
2023-07-10T00:00:00Z,TUSD,0.0221,0.02248,0.02146,0.02216,1829072.0740234593
2023-07-11T00:00:00Z,TUSD,0.02222,0.02332,0.02214,0.02295,2085613.611935231
2023-07-12T00:00:00Z,TUSD,0.02296,0.02478,0.02296,0.02378,3195873.2618757905
2023-07-13T00:00:00Z,TUSD,0.02319,0.02443,0.02302,0.02443,571053.7533218502
2023-07-14T00:00:00Z,TUSD,0.02431,0.02493,0.02322,0.02369,86188.44954223999
2023-07-15T00:00:00Z,TUSD,0.02441,0.0277,0.0242,0.02483,2636230.251054041
2023-07-16T00:00:00Z,TUSD,0.02428,0.02443,0.02375,0.02392,70447.6805415
2023-07-17T00:00:00Z,TUSD,0.02379,0.02409,0.02355,0.02409,132406.89235883002
2023-07-18T00:00:00Z,TUSD,0.02434,0.02469,0.02356,0.02384,61470.12725520001
2023-07-19T00:00:00Z,TUSD,0.02407,0.02407,0.0237,0.02392,143634.05575161
2023-07-20T00:00:00Z,TUSD,0.02405,0.02419,0.02351,0.02368,143213.77210139
2023-07-21T00:00:00Z,TUSD,0.02372,0.02379,0.02359,0.02368,48548.02589992999
2023-07-22T00:00:00Z,TUSD,0.02379,0.02437,0.02379,0.02424,120549.36476473999
2023-07-23T00:00:00Z,TUSD,0.02406,0.02457,0.02406,0.02457,8719.742973690001
2023-07-24T00:00:00Z,TUSD,0.02403,0.02499,0.02281,0.02293,83570.32902161001
2023-07-25T00:00:00Z,TUSD,0.02334,0.02363,0.0225,0.02331,1936323.1672106597
2023-07-26T00:00:00Z,TUSD,0.02339,0.02521,0.02339,0.02516,728190.1457228101
2023-07-27T00:00:00Z,TUSD,0.02518,0.0262,0.02445,0.02461,536019.94868082
2023-07-28T00:00:00Z,TUSD,0.02449,0.02467,0.02355,0.02467,25856.29014631
2023-07-29T00:00:00Z,TUSD,0.02454,0.0255,0.02454,0.02539,34321.82876967
2023-07-30T00:00:00Z,TUSD,0.02508,0.02512,0.02395,0.0243,39311.41065978
2023-07-31T00:00:00Z,TUSD,0.02446,0.02466,0.02419,0.02419,142792.7816761
2023-08-01T00:00:00Z,TUSD,0.02417,0.02417,0.02348,0.02414,58385.9745078
2023-08-02T00:00:00Z,TUSD,0.02359,0.02359,0.02359,0.02359,105.16637
2023-08-03T00:00:00Z,TUSD,0.02356,0.02369,0.0232,0.02369,23235.89592209
2023-08-04T00:00:00Z,TUSD,0.02333,0.02347,0.023,0.02335,30321.51863924
2023-08-05T00:00:00Z,TUSD,0.02328,0.02379,0.02328,0.02356,193446.02441202002
2023-08-06T00:00:00Z,TUSD,0.02353,0.02353,0.02343,0.02347,45907.036479999995
2023-08-07T00:00:00Z,TUSD,0.02366,0.02366,0.02268,0.02336,19813.91585156
2023-08-08T00:00:00Z,TUSD,0.02327,0.02377,0.02327,0.02377,74998.43869335
2023-08-09T00:00:00Z,TUSD,0.02374,0.02382,0.02374,0.02382,4273.5612963700005
2023-08-10T00:00:00Z,TUSD,0.02355,0.02368,0.0234,0.02351,34767.97569202
2023-08-11T00:00:00Z,TUSD,0.02355,0.02362,0.02349,0.02356,1362.02987999
2023-08-12T00:00:00Z,TUSD,0.02367,0.02367,0.02348,0.02356,1943.9751838399998
2023-08-13T00:00:00Z,TUSD,0.02344,0.02364,0.02338,0.0235,5723.321815579999
2023-08-14T00:00:00Z,TUSD,0.02332,0.02341,0.0232,0.0232,27781.50839789
2023-08-15T00:00:00Z,TUSD,0.02308,0.0231,0.02221,0.02228,2444.25807845
2023-08-16T00:00:00Z,TUSD,0.02204,0.02204,0.02013,0.02013,260321.73607322006
2023-08-17T00:00:00Z,TUSD,0.02004,0.02109,0.01705,0.01882,284729.18455952004
2023-08-18T00:00:00Z,TUSD,0.01887,0.01913,0.01844,0.01871,86668.1990608
2023-08-19T00:00:00Z,TUSD,0.01908,0.0192,0.019,0.01917,28022.775936029993
2023-08-20T00:00:00Z,TUSD,0.01937,0.01937,0.01937,0.01937,2000.0
2023-08-21T00:00:00Z,TUSD,0.01941,0.01941,0.01872,0.01914,27187.467976180003
2023-08-22T00:00:00Z,TUSD,0.01834,0.01834,0.01801,0.01831,5425.509258929999
2023-08-23T00:00:00Z,TUSD,0.01865,0.01878,0.01835,0.01878,5851.36143024
2023-08-24T00:00:00Z,TUSD,0.01888,0.01895,0.01886,0.01886,25833.9198114
2023-08-25T00:00:00Z,TUSD,0.01819,0.01835,0.01819,0.01828,16479.35817882
2023-08-26T00:00:00Z,TUSD,0.01833,0.01833,0.01831,0.01831,1483.4075
2023-08-27T00:00:00Z,TUSD,0.01826,0.01851,0.01826,0.0183,40536.70880517
2023-08-28T00:00:00Z,TUSD,0.01821,0.01821,0.01776,0.01795,72911.84747292
2023-08-29T00:00:00Z,TUSD,0.01784,0.01957,0.01779,0.01957,284522.00672616006
2023-08-30T00:00:00Z,TUSD,0.01932,0.01932,0.01842,0.01843,160618.54567041
2023-08-31T00:00:00Z,TUSD,0.01795,0.01807,0.01721,0.01735,150889.26772036005
2023-09-01T00:00:00Z,TUSD,0.01735,0.01735,0.01682,0.01696,335564.94827210996
2023-09-02T00:00:00Z,TUSD,0.01699,0.01716,0.01699,0.01716,2615.3890567099997
2023-09-03T00:00:00Z,TUSD,0.01723,0.01765,0.01707,0.01721,76703.15903494999
2023-09-04T00:00:00Z,TUSD,0.01712,0.01735,0.01696,0.01707,197784.9417643
2023-09-05T00:00:00Z,TUSD,0.01697,0.01739,0.01697,0.01729,102442.97760961998
2023-09-06T00:00:00Z,TUSD,0.01713,0.01744,0.01683,0.01697,154565.74609380003
2023-09-07T00:00:00Z,TUSD,0.01701,0.0173,0.01689,0.0173,1248772.16405377
2023-09-08T00:00:00Z,TUSD,0.01725,0.0175,0.0171,0.01722,156726.03494898998
2023-09-09T00:00:00Z,TUSD,0.0173,0.01783,0.0173,0.01783,191872.73973161998
2023-09-10T00:00:00Z,TUSD,0.0175,0.0175,0.01655,0.01685,313857.454887
2023-09-11T00:00:00Z,TUSD,0.01677,0.01677,0.0158,0.01608,908515.2632218098
2023-09-12T00:00:00Z,TUSD,0.01609,0.01653,0.01595,0.01621,173155.12587531
2023-09-13T00:00:00Z,TUSD,0.01661,0.01684,0.01658,0.0168,36748.303230490004
2023-09-14T00:00:00Z,TUSD,0.01689,0.01773,0.01689,0.01755,217742.85560058997
2023-09-15T00:00:00Z,TUSD,0.01764,0.01809,0.017,0.01809,499192.77070144
2023-09-16T00:00:00Z,TUSD,0.01805,0.01828,0.01805,0.01822,44501.314275139994
2023-09-17T00:00:00Z,TUSD,0.0175,0.0175,0.0169,0.01692,55207.638803249996
2023-09-18T00:00:00Z,TUSD,0.01704,0.01755,0.01704,0.01742,27888.270071109997
2023-09-19T00:00:00Z,TUSD,0.01742,0.01897,0.01742,0.01842,558027.18571026
2023-09-20T00:00:00Z,TUSD,0.01819,0.01868,0.01813,0.01843,12359.779092469998
2023-09-21T00:00:00Z,TUSD,0.01814,0.01815,0.01803,0.01803,27632.78372143
2023-09-22T00:00:00Z,TUSD,0.01789,0.01838,0.01789,0.01838,104283.17543881
2023-09-23T00:00:00Z,TUSD,0.0184,0.01854,0.0184,0.01854,513.50049
2023-09-25T00:00:00Z,TUSD,0.01775,0.01808,0.01775,0.01808,27358.455825499997
2023-09-26T00:00:00Z,TUSD,0.01819,0.01819,0.01783,0.01783,15453.63691652
2023-09-27T00:00:00Z,TUSD,0.01789,0.01804,0.01774,0.01774,7770.3134078
2023-09-28T00:00:00Z,TUSD,0.01784,0.01824,0.01784,0.01819,603288.3247060401
2023-09-29T00:00:00Z,TUSD,0.01833,0.01836,0.01811,0.01821,32236.38609109
2023-09-30T00:00:00Z,TUSD,0.01831,0.01848,0.01825,0.01848,88532.59232164998
2023-10-01T00:00:00Z,TUSD,0.01861,0.01989,0.01806,0.01888,1277564.0155007702
2023-10-02T00:00:00Z,TUSD,0.0192,0.01997,0.01426,0.01882,5219726.041054921
2023-10-03T00:00:00Z,TUSD,0.01869,0.01869,0.01809,0.0182,186994.49713985994
2023-10-04T00:00:00Z,TUSD,0.01813,0.01813,0.01766,0.01784,57842.65262154999
2023-10-05T00:00:00Z,TUSD,0.0179,0.0179,0.01764,0.01769,72104.05218013999
2023-10-06T00:00:00Z,TUSD,0.01774,0.02284,0.01774,0.01928,7390562.719891017
2023-10-07T00:00:00Z,TUSD,0.01931,0.02058,0.0191,0.01937,781514.6964944601
2023-10-08T00:00:00Z,TUSD,0.01969,0.02158,0.01969,0.01985,443281.50829667
2023-10-09T00:00:00Z,TUSD,0.01956,0.01969,0.01818,0.01881,60847.320686350016
2023-10-10T00:00:00Z,TUSD,0.01855,0.019,0.01824,0.019,24459.058708799996
2023-10-11T00:00:00Z,TUSD,0.01866,0.01869,0.01769,0.01789,525970.49051959
2023-10-12T00:00:00Z,TUSD,0.01806,0.02221,0.01806,0.01966,1071008.5653734899
2023-10-13T00:00:00Z,TUSD,0.01966,0.025,0.01965,0.02142,1002505.6772568398
2023-10-14T00:00:00Z,TUSD,0.0219,0.02342,0.021,0.02239,74497.62795447999
2023-10-15T00:00:00Z,TUSD,0.0225,0.0249,0.02223,0.02223,404985.00712725014
2023-10-16T00:00:00Z,TUSD,0.02204,0.02416,0.02166,0.02337,194518.61154140998
2023-10-17T00:00:00Z,TUSD,0.0237,0.02391,0.02266,0.02391,221340.28999972998
2023-10-18T00:00:00Z,TUSD,0.02402,0.02493,0.02069,0.02086,258870.6034050199
2023-10-19T00:00:00Z,TUSD,0.02036,0.02085,0.01917,0.01945,78212.98951454001
2023-10-20T00:00:00Z,TUSD,0.01947,0.02118,0.0189,0.01992,233166.03538664003
2023-10-21T00:00:00Z,TUSD,0.02008,0.0204,0.01979,0.02031,130586.12854921
2023-10-22T00:00:00Z,TUSD,0.02026,0.02038,0.02006,0.02015,38527.671110150004
2023-10-23T00:00:00Z,TUSD,0.02039,0.02129,0.01993,0.02129,541341.2002088003
2023-10-24T00:00:00Z,TUSD,0.02118,0.02402,0.01963,0.02239,938270.3776966701
2023-10-25T00:00:00Z,TUSD,0.02219,0.02275,0.02206,0.02231,122220.37177893998
2023-10-26T00:00:00Z,TUSD,0.02243,0.02317,0.02146,0.02237,300975.78584471997
2023-10-27T00:00:00Z,TUSD,0.02187,0.02244,0.02187,0.02194,9211.76309
2023-10-28T00:00:00Z,TUSD,0.02212,0.02235,0.02208,0.02222,315318.74573782994
2023-10-29T00:00:00Z,TUSD,0.0225,0.02306,0.02213,0.02297,324328.58483848994
2023-10-30T00:00:00Z,TUSD,0.02307,0.02401,0.02247,0.02347,76853.78084339002
2023-10-31T00:00:00Z,TUSD,0.02344,0.02424,0.01955,0.02255,749416.4474057696
2023-11-01T00:00:00Z,TUSD,0.02291,0.0289,0.02291,0.02515,2320885.0458537596
2023-11-02T00:00:00Z,TUSD,0.02482,0.02645,0.02358,0.02407,208365.88907194996
2023-11-03T00:00:00Z,TUSD,0.02413,0.02431,0.02296,0.02431,80381.20843576998
2023-11-04T00:00:00Z,TUSD,0.02409,0.02494,0.02386,0.02466,268184.83639171004
2023-11-05T00:00:00Z,TUSD,0.02444,0.02488,0.0237,0.02394,55912.60087002
2023-11-06T00:00:00Z,TUSD,0.02382,0.02423,0.02307,0.02423,78557.67457465001
2023-11-07T00:00:00Z,TUSD,0.02427,0.025,0.02373,0.02493,277218.86597591
2023-11-08T00:00:00Z,TUSD,0.02511,0.02561,0.02479,0.02551,173145.88524335998
2023-11-09T00:00:00Z,TUSD,0.0258,0.02672,0.02325,0.02458,1878006.80762062
2023-11-10T00:00:00Z,TUSD,0.02462,0.02555,0.02427,0.02553,409194.04558435007
2023-11-11T00:00:00Z,TUSD,0.02542,0.02607,0.02451,0.02589,901435.2249597498
2023-11-12T00:00:00Z,TUSD,0.02592,0.02607,0.025,0.02582,427062.7257346402
2023-11-13T00:00:00Z,TUSD,0.02595,0.02665,0.02531,0.02548,371543.01997514983
2023-11-14T00:00:00Z,TUSD,0.02534,0.02563,0.02373,0.02424,386363.3405994499
2023-11-15T00:00:00Z,TUSD,0.02447,0.02555,0.02378,0.02534,363390.7740922403
2023-11-16T00:00:00Z,TUSD,0.02524,0.02524,0.02376,0.02394,243349.88811457006
2023-11-17T00:00:00Z,TUSD,0.02395,0.02467,0.023,0.02404,333121.83197796997
2023-11-18T00:00:00Z,TUSD,0.02423,0.02446,0.02341,0.02418,255857.06702298
2023-11-19T00:00:00Z,TUSD,0.02426,0.0246,0.02397,0.02459,110978.25762499002
2023-11-20T00:00:00Z,TUSD,0.02446,0.02467,0.0243,0.02458,117630.7224507
2023-11-21T00:00:00Z,TUSD,0.02393,0.02395,0.02167,0.02167,373389.22853497014
2023-11-22T00:00:00Z,TUSD,0.02201,0.0232,0.02154,0.02297,65041.13967364
2023-11-23T00:00:00Z,TUSD,0.02317,0.0232,0.02269,0.0231,38121.54903567999
2023-11-24T00:00:00Z,TUSD,0.02342,0.02342,0.02295,0.02317,41136.9917722
2023-11-25T00:00:00Z,TUSD,0.02322,0.02392,0.02322,0.0237,26378.826523800002
2023-11-26T00:00:00Z,TUSD,0.024,0.02413,0.02321,0.02341,205485.56328783996
2023-11-27T00:00:00Z,TUSD,0.0229,0.0229,0.02253,0.0226,101177.20819830001
2023-11-28T00:00:00Z,TUSD,0.02276,0.02331,0.02223,0.02313,84488.92377302
2023-11-29T00:00:00Z,TUSD,0.02314,0.024,0.02278,0.02343,284975.5378394
2023-11-30T00:00:00Z,TUSD,0.02353,0.02464,0.02282,0.02464,2357193.2776743406
2023-12-01T00:00:00Z,TUSD,0.02459,0.02525,0.0238,0.02422,425722.4476802899
2023-12-02T00:00:00Z,TUSD,0.02417,0.02456,0.02407,0.02428,342149.26019010006
2023-12-03T00:00:00Z,TUSD,0.02406,0.02431,0.02364,0.02408,167114.17637017
2023-12-04T00:00:00Z,TUSD,0.02422,0.02723,0.0237,0.02717,1830529.66577083
2023-12-05T00:00:00Z,TUSD,0.02695,0.02825,0.02643,0.0272,1122383.5873197399
2023-12-06T00:00:00Z,TUSD,0.0272,0.02848,0.02523,0.02589,1608161.1403113098
2023-12-07T00:00:00Z,TUSD,0.02589,0.02633,0.02523,0.02624,44724.37519697
2023-12-08T00:00:00Z,TUSD,0.02591,0.02714,0.02589,0.02684,810167.6870411399
2023-12-09T00:00:00Z,TUSD,0.027,0.02739,0.02637,0.02656,448762.83628446993
2023-12-10T00:00:00Z,TUSD,0.02663,0.02671,0.02585,0.02671,27774.49910497
2023-12-11T00:00:00Z,TUSD,0.02609,0.02613,0.02364,0.02444,224491.43459732004
2023-12-12T00:00:00Z,TUSD,0.02447,0.02542,0.02425,0.02471,182316.22474626
2023-12-13T00:00:00Z,TUSD,0.02475,0.0251,0.02355,0.02501,376464.4943737299
2023-12-14T00:00:00Z,TUSD,0.02498,0.02622,0.02471,0.0261,776473.7844724198
2023-12-15T00:00:00Z,TUSD,0.026,0.026,0.02451,0.02451,246167.95168294004
2023-12-16T00:00:00Z,TUSD,0.02444,0.02522,0.0241,0.02486,182916.83069079
2023-12-17T00:00:00Z,TUSD,0.02483,0.02483,0.02407,0.02453,366384.5947266
2023-12-18T00:00:00Z,TUSD,0.02396,0.02396,0.02239,0.02372,213406.24271114008
2023-12-19T00:00:00Z,TUSD,0.02393,0.02491,0.0234,0.02384,304997.71057216
2023-12-20T00:00:00Z,TUSD,0.02384,0.02546,0.02372,0.02509,261546.97287692997
2023-12-21T00:00:00Z,TUSD,0.02496,0.02574,0.02496,0.02573,171635.9962486
2023-12-22T00:00:00Z,TUSD,0.02577,0.0261,0.02512,0.0261,112790.86096111
2023-12-23T00:00:00Z,TUSD,0.026,0.02606,0.02532,0.02592,93246.96538062001
2023-12-24T00:00:00Z,TUSD,0.02586,0.02654,0.02512,0.02578,215252.32098379993
2023-12-25T00:00:00Z,TUSD,0.0257,0.02707,0.0257,0.02687,202630.44123911008
2023-12-26T00:00:00Z,TUSD,0.02686,0.02714,0.02518,0.02624,257108.81314744995
2023-12-27T00:00:00Z,TUSD,0.02647,0.02706,0.02556,0.02706,96697.68945079
2023-12-28T00:00:00Z,TUSD,0.02726,0.02734,0.02596,0.02606,133704.93430828
2023-12-29T00:00:00Z,TUSD,0.02567,0.02634,0.02499,0.02527,408778.72874533985
2023-12-30T00:00:00Z,TUSD,0.0251,0.02543,0.02456,0.0249,54495.75850353
2023-12-31T00:00:00Z,TUSD,0.02494,0.02528,0.0247,0.02473,188490.55219338997
2024-01-01T00:00:00Z,TUSD,0.02497,0.02588,0.0249,0.02588,74256.76082858001
2024-01-02T00:00:00Z,TUSD,0.02582,0.02662,0.02541,0.02574,195299.83620508
2024-01-03T00:00:00Z,TUSD,0.026,0.03021,0.02103,0.02779,3960483.6099202726
2024-01-04T00:00:00Z,TUSD,0.02718,0.03178,0.02595,0.03045,2221707.2480640104
2024-01-05T00:00:00Z,TUSD,0.03009,0.03325,0.02912,0.03259,2443427.032363781
2024-01-06T00:00:00Z,TUSD,0.03256,0.03525,0.02977,0.02992,3180604.5381351816
2024-01-07T00:00:00Z,TUSD,0.02964,0.02985,0.0263,0.02671,1175825.5934718002
2024-01-08T00:00:00Z,TUSD,0.02672,0.03986,0.026,0.03684,2832683.180567945
2024-01-09T00:00:00Z,TUSD,0.03703,0.04027,0.0256,0.03109,6303878.228059821
2024-01-10T00:00:00Z,TUSD,0.03132,0.0365,0.03132,0.03379,2088736.4450444698
2024-01-11T00:00:00Z,TUSD,0.03322,0.03524,0.03226,0.03381,1073945.39426976
2024-01-12T00:00:00Z,TUSD,0.03385,0.03901,0.03288,0.03478,1252604.5960753502
2024-01-13T00:00:00Z,TUSD,0.03533,0.0357,0.03249,0.03541,330012.11006300984
2024-01-14T00:00:00Z,TUSD,0.03604,0.04214,0.03604,0.03917,3220643.270007394
2024-01-15T00:00:00Z,TUSD,0.03978,0.0432,0.03243,0.0357,7880522.595667202
2024-01-16T00:00:00Z,TUSD,0.03613,0.03708,0.03317,0.03402,1231298.4356523193
2024-01-17T00:00:00Z,TUSD,0.03388,0.03421,0.03194,0.03247,1185378.18189343
2024-01-18T00:00:00Z,TUSD,0.03279,0.03396,0.0306,0.03132,908923.59904701
2024-01-19T00:00:00Z,TUSD,0.03168,0.03195,0.02889,0.03024,680307.6803734498
2024-01-20T00:00:00Z,TUSD,0.02957,0.02992,0.0291,0.02992,287525.6741142299
2024-01-21T00:00:00Z,TUSD,0.02968,0.02995,0.0295,0.0299,122244.05932726001
2024-01-22T00:00:00Z,TUSD,0.03008,0.03011,0.02708,0.02739,144414.42494678998
2024-01-23T00:00:00Z,TUSD,0.02727,0.02762,0.025,0.02653,756925.2360936998
2024-01-24T00:00:00Z,TUSD,0.02645,0.02726,0.02608,0.02705,104038.78396378
2024-01-25T00:00:00Z,TUSD,0.02731,0.02731,0.02601,0.02645,210633.59010758004
2024-01-26T00:00:00Z,TUSD,0.0264,0.02719,0.02623,0.02712,273540.80339378
2024-01-27T00:00:00Z,TUSD,0.02698,0.02726,0.02665,0.02726,61351.80056863
2024-01-28T00:00:00Z,TUSD,0.02696,0.02728,0.02595,0.02634,846702.59887615
2024-01-29T00:00:00Z,TUSD,0.02607,0.02694,0.02592,0.02689,602332.4757452601
2024-01-30T00:00:00Z,TUSD,0.02676,0.02698,0.02645,0.02645,258527.42865444
2024-01-31T00:00:00Z,TUSD,0.02598,0.02607,0.02506,0.02519,94376.16624548
2024-02-01T00:00:00Z,TUSD,0.02524,0.02524,0.02457,0.02502,49008.51043088001
2024-02-02T00:00:00Z,TUSD,0.025,0.02553,0.025,0.02537,330386.96368409
2024-02-03T00:00:00Z,TUSD,0.0254,0.02566,0.02507,0.0256,244814.35184618997
2024-02-04T00:00:00Z,TUSD,0.02523,0.02531,0.02491,0.02491,165913.83673915
2024-02-05T00:00:00Z,TUSD,0.02456,0.02494,0.02415,0.02472,69809.33899994
2024-02-06T00:00:00Z,TUSD,0.02496,0.02562,0.02493,0.02542,115433.84626157
2024-02-07T00:00:00Z,TUSD,0.02537,0.02538,0.02466,0.02538,67823.88831940001
2024-02-08T00:00:00Z,TUSD,0.02551,0.02579,0.02524,0.02557,181929.63007555
2024-02-09T00:00:00Z,TUSD,0.02576,0.02626,0.02573,0.02619,270235.27610517
2024-02-10T00:00:00Z,TUSD,0.02623,0.02623,0.02579,0.02609,16879.63773685
2024-02-11T00:00:00Z,TUSD,0.02622,0.02779,0.02615,0.0268,2462903.3756754906
2024-02-12T00:00:00Z,TUSD,0.02727,0.02757,0.02626,0.02749,415177.68587539997
2024-02-13T00:00:00Z,TUSD,0.0272,0.02727,0.0261,0.02663,369706.18143262004
2024-02-14T00:00:00Z,TUSD,0.02705,0.02855,0.02705,0.0281,1109335.2657019598
2024-02-15T00:00:00Z,TUSD,0.02833,0.0325,0.02794,0.02972,1927369.8362136094
2024-02-16T00:00:00Z,TUSD,0.03041,0.03222,0.02936,0.0301,1157495.2758810313
2024-02-17T00:00:00Z,TUSD,0.03037,0.03067,0.02847,0.02919,323804.6617289798
2024-02-18T00:00:00Z,TUSD,0.02956,0.03002,0.02855,0.02955,1507427.2361885402
2024-02-19T00:00:00Z,TUSD,0.0298,0.03016,0.02929,0.03016,215514.95623195992
2024-02-20T00:00:00Z,TUSD,0.02989,0.03019,0.02829,0.0296,421890.67834781995
2024-02-21T00:00:00Z,TUSD,0.02967,0.02973,0.0278,0.02849,630632.4947669394
2024-02-22T00:00:00Z,TUSD,0.02866,0.02938,0.02825,0.02892,1023879.1229523101
2024-02-23T00:00:00Z,TUSD,0.029,0.02913,0.02811,0.02887,65879.04506613
2024-02-24T00:00:00Z,TUSD,0.0287,0.02929,0.02855,0.02929,949968.7443907498
2024-02-25T00:00:00Z,TUSD,0.0292,0.02945,0.02881,0.02939,184835.75345934997
2024-02-26T00:00:00Z,TUSD,0.02943,0.03037,0.02834,0.03006,1477352.4246046897
2024-02-27T00:00:00Z,TUSD,0.03018,0.03313,0.03002,0.03184,3293161.0556335165
2024-02-28T00:00:00Z,TUSD,0.03154,0.03242,0.02948,0.03145,1029072.0141494005
2024-02-29T00:00:00Z,TUSD,0.03145,0.03316,0.03076,0.03208,4681099.04162805
2024-03-01T00:00:00Z,TUSD,0.03224,0.03445,0.03224,0.03445,1744318.4836748408
2024-03-02T00:00:00Z,TUSD,0.03421,0.03534,0.0334,0.03534,1236775.3840610504
2024-03-03T00:00:00Z,TUSD,0.0347,0.03472,0.0311,0.03379,1838477.98187027
2024-03-04T00:00:00Z,TUSD,0.03394,0.03482,0.03316,0.0348,685366.2506106001
2024-03-05T00:00:00Z,TUSD,0.03438,0.03501,0.0266,0.03101,1570756.590720899
2024-03-06T00:00:00Z,TUSD,0.03136,0.03292,0.03036,0.03287,536779.0866111501
2024-03-07T00:00:00Z,TUSD,0.03275,0.03519,0.03251,0.03498,1042572.54311592
2024-03-08T00:00:00Z,TUSD,0.03496,0.0361,0.03326,0.03504,658224.0289016498
2024-03-09T00:00:00Z,TUSD,0.03481,0.03601,0.03422,0.03601,1159854.8799260403
2024-03-10T00:00:00Z,TUSD,0.03606,0.0385,0.03555,0.03694,1936122.1898345724
2024-03-11T00:00:00Z,TUSD,0.03653,0.03925,0.03451,0.0387,1118045.06699709
2024-03-12T00:00:00Z,TUSD,0.03875,0.04173,0.03519,0.03981,2184763.205930721
2024-03-13T00:00:00Z,TUSD,0.03934,0.04071,0.02499,0.03954,2421098.7089544605
2024-03-14T00:00:00Z,TUSD,0.03912,0.03912,0.03567,0.03801,443191.5491665999
2024-03-15T00:00:00Z,TUSD,0.03814,0.03829,0.03384,0.03716,974931.4062582502
2024-03-16T00:00:00Z,TUSD,0.03658,0.03681,0.03411,0.03462,367945.28004628
2024-03-17T00:00:00Z,TUSD,0.0337,0.0363,0.03297,0.03572,675985.8680520596
2024-03-18T00:00:00Z,TUSD,0.03545,0.03577,0.03396,0.03511,1551289.87210125
2024-03-19T00:00:00Z,TUSD,0.03473,0.03492,0.03078,0.03128,3710384.613891203
2024-03-20T00:00:00Z,TUSD,0.03128,0.0342,0.029,0.0342,654026.2566025902
2024-03-21T00:00:00Z,TUSD,0.03426,0.0363,0.03419,0.03496,562843.7862259798
2024-03-22T00:00:00Z,TUSD,0.03556,0.03775,0.0349,0.03631,1105874.3380881299
2024-03-23T00:00:00Z,TUSD,0.03575,0.04165,0.035,0.03846,2394449.911807751
2024-03-24T00:00:00Z,TUSD,0.03896,0.04029,0.03718,0.03815,852684.3157165698
2024-03-25T00:00:00Z,TUSD,0.03796,0.03957,0.03698,0.0392,967283.5254183108
2024-03-26T00:00:00Z,TUSD,0.0399,0.06185,0.0397,0.06125,6731308.916987453
2024-03-27T00:00:00Z,TUSD,0.06139,0.06533,0.05011,0.05571,8751114.923212688
2024-03-28T00:00:00Z,TUSD,0.05594,0.06,0.05097,0.05241,2007767.2260057426
2024-03-29T00:00:00Z,TUSD,0.05219,0.05219,0.04773,0.04849,793931.2588432502
2024-03-30T00:00:00Z,TUSD,0.04889,0.05192,0.04882,0.04908,981480.6801170098
2024-03-31T00:00:00Z,TUSD,0.04831,0.05559,0.04831,0.05129,2126848.035937412
2024-04-01T00:00:00Z,TUSD,0.05257,0.05575,0.04796,0.04936,1161655.2228719003
2024-04-02T00:00:00Z,TUSD,0.0491,0.04953,0.04418,0.0443,585732.8525445302
2024-04-03T00:00:00Z,TUSD,0.0442,0.04565,0.042,0.04285,1313579.66337265
2024-04-04T00:00:00Z,TUSD,0.04268,0.04749,0.04155,0.04613,844080.44061568
2024-04-05T00:00:00Z,TUSD,0.04543,0.04595,0.04311,0.045,734520.5729744398
2024-04-06T00:00:00Z,TUSD,0.04473,0.04659,0.04403,0.04471,305957.91633713007
2024-04-07T00:00:00Z,TUSD,0.04493,0.04676,0.04403,0.0457,941875.2994068799
2024-04-08T00:00:00Z,TUSD,0.04568,0.04778,0.04407,0.04754,519728.83436572016
2024-04-09T00:00:00Z,TUSD,0.04743,0.05362,0.04743,0.05021,3327509.2234389307
2024-04-10T00:00:00Z,TUSD,0.05021,0.05101,0.04545,0.04881,576084.8367826699
2024-04-11T00:00:00Z,TUSD,0.04769,0.04894,0.04549,0.04599,308054.88418114
2024-04-12T00:00:00Z,TUSD,0.04517,0.04622,0.03614,0.03839,653898.9470033698
2024-04-13T00:00:00Z,TUSD,0.03882,0.03906,0.02908,0.03333,805095.5600344295
2024-04-14T00:00:00Z,TUSD,0.03362,0.03545,0.02995,0.0354,871512.8836446599
2024-04-15T00:00:00Z,TUSD,0.03465,0.0365,0.03206,0.03354,401180.4419521301
2024-04-16T00:00:00Z,TUSD,0.03316,0.03369,0.03158,0.03337,124274.30473000997
2024-04-17T00:00:00Z,TUSD,0.03382,0.03382,0.03202,0.0325,106646.63662047
2024-04-18T00:00:00Z,TUSD,0.03212,0.0337,0.03174,0.03348,171199.04768565
2024-04-19T00:00:00Z,TUSD,0.03226,0.03437,0.03071,0.03372,319915.1145645499
2024-04-20T00:00:00Z,TUSD,0.03378,0.03706,0.03378,0.0366,1574872.8021784602
2024-04-21T00:00:00Z,TUSD,0.037,0.03928,0.037,0.03762,585178.8030607001
2024-04-22T00:00:00Z,TUSD,0.03786,0.03908,0.03711,0.03907,813910.90296333
2024-04-23T00:00:00Z,TUSD,0.03831,0.03832,0.0375,0.03797,113525.33483892
2024-04-24T00:00:00Z,TUSD,0.03766,0.03815,0.03475,0.03501,333087.69154607
2024-04-25T00:00:00Z,TUSD,0.0346,0.03552,0.03366,0.03519,133805.2580231
2024-04-26T00:00:00Z,TUSD,0.03463,0.03485,0.03395,0.03415,87165.64032378
2024-04-27T00:00:00Z,TUSD,0.0341,0.03752,0.03316,0.03604,1383754.3679721905
2024-04-28T00:00:00Z,TUSD,0.03624,0.04668,0.03624,0.03722,1490641.64375379
2024-04-29T00:00:00Z,TUSD,0.03774,0.03801,0.03511,0.03605,142529.82773178
2024-04-30T00:00:00Z,TUSD,0.03553,0.03587,0.03205,0.03419,868016.7732050502
2024-05-01T00:00:00Z,TUSD,0.03425,0.0352,0.0322,0.03483,1756122.7441032093
2024-05-02T00:00:00Z,TUSD,0.03505,0.03571,0.03368,0.03501,707853.2082967903
2024-05-03T00:00:00Z,TUSD,0.03495,0.03645,0.03437,0.0364,463068.65910807
2024-05-04T00:00:00Z,TUSD,0.03632,0.03763,0.03627,0.03748,539097.2690631002
2024-05-05T00:00:00Z,TUSD,0.0371,0.03818,0.03638,0.03778,546764.92345186
2024-05-06T00:00:00Z,TUSD,0.03754,0.03885,0.03708,0.03736,253648.96071893
2024-05-07T00:00:00Z,TUSD,0.03759,0.03759,0.03577,0.03577,294784.65743787
2024-05-08T00:00:00Z,TUSD,0.03562,0.03637,0.03509,0.03636,212164.5552681901
2024-05-09T00:00:00Z,TUSD,0.03544,0.03713,0.03544,0.03713,47119.6083518
2024-05-10T00:00:00Z,TUSD,0.03733,0.03795,0.03502,0.03543,211057.99900257005
2024-05-11T00:00:00Z,TUSD,0.03547,0.03694,0.03547,0.03665,258404.60103713002
2024-05-12T00:00:00Z,TUSD,0.03611,0.0364,0.03576,0.03576,212845.34900134
2024-05-13T00:00:00Z,TUSD,0.0353,0.03585,0.03365,0.03497,462224.85009837005
2024-05-14T00:00:00Z,TUSD,0.03508,0.03556,0.03411,0.03411,56561.72483378
2024-05-15T00:00:00Z,TUSD,0.03421,0.03652,0.0342,0.03648,486407.1605483399
2024-05-16T00:00:00Z,TUSD,0.03637,0.0376,0.03614,0.03686,802606.8832537599
2024-05-17T00:00:00Z,TUSD,0.0369,0.03834,0.03666,0.03805,119362.85731896
2024-05-18T00:00:00Z,TUSD,0.03811,0.03825,0.03715,0.03751,47328.44264459
2024-05-19T00:00:00Z,TUSD,0.03803,0.03803,0.03584,0.03606,65754.44367657
2024-05-20T00:00:00Z,TUSD,0.0356,0.03943,0.0356,0.03931,259751.66438299997
2024-05-21T00:00:00Z,TUSD,0.03942,0.04004,0.03852,0.03928,479602.99383292964
2024-05-22T00:00:00Z,TUSD,0.03911,0.03924,0.03799,0.03842,284401.4969271301
2024-05-23T00:00:00Z,TUSD,0.0387,0.03879,0.03168,0.03764,2999090.627011322
2024-05-24T00:00:00Z,TUSD,0.03769,0.03838,0.03671,0.03805,69258.74709968001
2024-05-25T00:00:00Z,TUSD,0.03813,0.03866,0.03808,0.03839,75672.17361979
2024-05-26T00:00:00Z,TUSD,0.03903,0.03947,0.0374,0.03743,297567.9872336901
2024-05-27T00:00:00Z,TUSD,0.03734,0.03838,0.0369,0.03754,97403.29466904004
2024-05-28T00:00:00Z,TUSD,0.03779,0.03779,0.03619,0.03669,429023.0759990102
2024-05-29T00:00:00Z,TUSD,0.03658,0.03704,0.036,0.03624,40169.610483480006
2024-05-30T00:00:00Z,TUSD,0.03616,0.03655,0.03516,0.03528,160537.39109004
2024-05-31T00:00:00Z,TUSD,0.03505,0.03573,0.03455,0.0352,128597.11697749997
2024-06-01T00:00:00Z,TUSD,0.03496,0.03502,0.03471,0.03493,72588.71066046003
2024-06-02T00:00:00Z,TUSD,0.03492,0.0357,0.0347,0.03513,93961.7685516
2024-06-03T00:00:00Z,TUSD,0.03572,0.03638,0.03498,0.03507,101496.25399432
2024-06-04T00:00:00Z,TUSD,0.03486,0.03548,0.03405,0.03545,317916.2161211101
2024-06-05T00:00:00Z,TUSD,0.03562,0.03625,0.03562,0.03605,724787.7373377999
2024-06-06T00:00:00Z,TUSD,0.03624,0.03624,0.03439,0.03495,3723518.0080827763
2024-06-07T00:00:00Z,TUSD,0.03487,0.03545,0.02998,0.03245,964367.2873361217
2024-06-08T00:00:00Z,TUSD,0.03229,0.03244,0.03063,0.03087,393534.74383589986
2024-06-09T00:00:00Z,TUSD,0.03098,0.03132,0.03032,0.03115,309275.61766677
2024-06-10T00:00:00Z,TUSD,0.031,0.03122,0.0302,0.0302,207096.78163942992
2024-06-11T00:00:00Z,TUSD,0.03025,0.03025,0.02868,0.02906,2864060.6297190743
2024-06-12T00:00:00Z,TUSD,0.0291,0.03074,0.0291,0.03017,600691.7232486199
2024-06-13T00:00:00Z,TUSD,0.02984,0.02984,0.02799,0.02809,9877387.510709161
2024-06-14T00:00:00Z,TUSD,0.02811,0.029,0.0268,0.02703,503925.53344090004
2024-06-15T00:00:00Z,TUSD,0.02773,0.02805,0.02734,0.02758,328522.9685489
2024-06-16T00:00:00Z,TUSD,0.02749,0.02753,0.02692,0.02753,127743.11833706
2024-06-17T00:00:00Z,TUSD,0.02699,0.02699,0.0234,0.02501,438639.1616926701
2024-06-18T00:00:00Z,TUSD,0.02321,0.02321,0.02137,0.0226,173903.81730925004
2024-06-19T00:00:00Z,TUSD,0.02249,0.02348,0.02249,0.02308,432843.30585031
2024-06-20T00:00:00Z,TUSD,0.02294,0.02448,0.02294,0.02341,372171.20189546
2024-06-21T00:00:00Z,TUSD,0.02351,0.02396,0.02288,0.02319,604760.67743486
2024-06-22T00:00:00Z,TUSD,0.02301,0.02326,0.0228,0.02313,437460.53367696994
2024-06-23T00:00:00Z,TUSD,0.02342,0.02354,0.02248,0.02248,276224.60667782
2024-06-24T00:00:00Z,TUSD,0.02259,0.02272,0.02151,0.02272,6786342.299798759
2024-06-25T00:00:00Z,TUSD,0.02266,0.02392,0.02252,0.02376,599522.61975837
2024-06-26T00:00:00Z,TUSD,0.02367,0.02392,0.02301,0.02308,361538.63179882
2024-06-27T00:00:00Z,TUSD,0.02285,0.02357,0.02252,0.02345,135808.88775130996
2024-06-28T00:00:00Z,TUSD,0.02345,0.02385,0.02301,0.02301,74940.62341792
2024-06-29T00:00:00Z,TUSD,0.0232,0.02332,0.02256,0.0226,339488.58240606997
2024-06-30T00:00:00Z,TUSD,0.02262,0.02336,0.0222,0.02336,146493.24229717
2024-07-01T00:00:00Z,TUSD,0.02334,0.02347,0.02288,0.02336,211456.13970300998
2024-07-02T00:00:00Z,TUSD,0.02297,0.02321,0.02271,0.02293,411253.8421172301
2024-07-03T00:00:00Z,TUSD,0.02289,0.02289,0.02154,0.02162,636958.6987634598
2024-07-04T00:00:00Z,TUSD,0.02175,0.02175,0.01942,0.01942,524015.99163233
2024-07-05T00:00:00Z,TUSD,0.01911,0.01911,0.01723,0.01902,1385259.49696058
2024-07-06T00:00:00Z,TUSD,0.01917,0.01997,0.01917,0.01997,30615.565454030006
2024-07-07T00:00:00Z,TUSD,0.01998,0.02003,0.01878,0.01878,321164.41261914
2024-07-08T00:00:00Z,TUSD,0.01875,0.02012,0.01806,0.02,855522.6581100601
2024-07-09T00:00:00Z,TUSD,0.01972,0.02045,0.01972,0.02045,223686.48283396996
2024-07-10T00:00:00Z,TUSD,0.02058,0.02084,0.02027,0.02041,194562.22568966
2024-07-11T00:00:00Z,TUSD,0.0203,0.02087,0.02021,0.02021,611047.6689146706
2024-07-12T00:00:00Z,TUSD,0.02029,0.02066,0.01997,0.02062,204379.17064204003
2024-07-13T00:00:00Z,TUSD,0.02061,0.02099,0.02059,0.02099,70727.85791714
2024-07-14T00:00:00Z,TUSD,0.02118,0.02155,0.02095,0.02152,739488.26990204
2024-07-15T00:00:00Z,TUSD,0.02168,0.02285,0.02166,0.02285,103329.31473581001
2024-07-16T00:00:00Z,TUSD,0.02292,0.02353,0.0219,0.02323,443293.76034654
2024-07-17T00:00:00Z,TUSD,0.02352,0.02374,0.0234,0.02344,90048.715491
2024-07-18T00:00:00Z,TUSD,0.02341,0.02402,0.02282,0.02282,313740.3165220601
2024-07-19T00:00:00Z,TUSD,0.02337,0.02535,0.02296,0.02443,827633.9548679704
2024-07-20T00:00:00Z,TUSD,0.02434,0.02569,0.02434,0.02476,1008125.8107236805
2024-07-21T00:00:00Z,TUSD,0.0247,0.02481,0.02405,0.02472,196128.03093498005
2024-07-22T00:00:00Z,TUSD,0.0245,0.0245,0.02363,0.02371,132026.77510163002
2024-07-23T00:00:00Z,TUSD,0.02357,0.02406,0.023,0.023,422356.38232318003
2024-07-24T00:00:00Z,TUSD,0.02285,0.02362,0.02285,0.02311,105271.47491040001
2024-07-25T00:00:00Z,TUSD,0.02268,0.02268,0.02136,0.02204,367810.9536541699
2024-07-26T00:00:00Z,TUSD,0.02211,0.02296,0.02211,0.02296,70089.38993382
2024-07-27T00:00:00Z,TUSD,0.02316,0.02744,0.02308,0.02556,5957668.81004882
2024-07-28T00:00:00Z,TUSD,0.02546,0.02546,0.02406,0.02406,2806343.54068696
2024-07-29T00:00:00Z,TUSD,0.02453,0.02485,0.02407,0.02422,279112.18300771003
2024-07-30T00:00:00Z,TUSD,0.02387,0.02401,0.02305,0.02314,82871.15271315002
2024-07-31T00:00:00Z,TUSD,0.02336,0.02353,0.02251,0.02251,736518.3926799699
2024-08-01T00:00:00Z,TUSD,0.02249,0.02249,0.02073,0.02166,68934.32779319999
2024-08-02T00:00:00Z,TUSD,0.02197,0.02197,0.02058,0.02058,54135.01870421
2024-08-03T00:00:00Z,TUSD,0.0202,0.02082,0.01971,0.01977,73266.45062569997
2024-08-04T00:00:00Z,TUSD,0.01997,0.02006,0.01857,0.01898,435823.9531974899
2024-08-05T00:00:00Z,TUSD,0.01862,0.01862,0.01529,0.01748,1111536.0800305796
2024-08-06T00:00:00Z,TUSD,0.01806,0.01846,0.01781,0.01812,672728.3064961801
2024-08-07T00:00:00Z,TUSD,0.01833,0.01892,0.01757,0.01782,329990.7013673798
2024-08-08T00:00:00Z,TUSD,0.01781,0.02009,0.01753,0.01992,1758539.4137427928
2024-08-09T00:00:00Z,TUSD,0.01984,0.0202,0.01971,0.01996,120142.2722834
2024-08-10T00:00:00Z,TUSD,0.02007,0.02379,0.02007,0.02259,2175476.9338985607
2024-08-11T00:00:00Z,TUSD,0.02246,0.03268,0.02211,0.02467,3789978.614087753
2024-08-12T00:00:00Z,TUSD,0.02441,0.02898,0.02301,0.02441,2499448.7918002023
2024-08-13T00:00:00Z,TUSD,0.02422,0.02422,0.0229,0.02335,104695.50436532
2024-08-14T00:00:00Z,TUSD,0.02357,0.0237,0.022,0.02217,204397.03449399
2024-08-15T00:00:00Z,TUSD,0.02259,0.02524,0.02259,0.02338,1524313.7231423806
2024-08-16T00:00:00Z,TUSD,0.0231,0.02352,0.02185,0.02317,345788.9810481
2024-08-17T00:00:00Z,TUSD,0.02268,0.02341,0.0222,0.02247,406995.9018428999
2024-08-18T00:00:00Z,TUSD,0.02236,0.02245,0.0217,0.0217,497390.50321594015
2024-08-19T00:00:00Z,TUSD,0.02164,0.0228,0.02154,0.0228,182592.32876086995
2024-08-20T00:00:00Z,TUSD,0.02278,0.02375,0.0227,0.0232,116946.41627574999
2024-08-21T00:00:00Z,TUSD,0.02334,0.02357,0.02259,0.02327,123749.03756144
2024-08-22T00:00:00Z,TUSD,0.02336,0.0236,0.02303,0.02333,309131.77757055976
2024-08-23T00:00:00Z,TUSD,0.02326,0.02519,0.02326,0.02508,1022808.2228152807
2024-08-24T00:00:00Z,TUSD,0.02491,0.02599,0.02489,0.02509,548731.6844992795
2024-08-25T00:00:00Z,TUSD,0.02495,0.02495,0.02382,0.02418,305048.49795791
2024-08-26T00:00:00Z,TUSD,0.0241,0.0241,0.02274,0.02278,762089.0120107471
2024-08-27T00:00:00Z,TUSD,0.02303,0.02335,0.02092,0.02131,349636.02608648984
2024-08-28T00:00:00Z,TUSD,0.02119,0.02173,0.02057,0.02117,92049.51297660002
2024-08-29T00:00:00Z,TUSD,0.02151,0.02208,0.02119,0.02205,415305.3539862298
2024-08-30T00:00:00Z,TUSD,0.02149,0.02189,0.02124,0.02188,46913.199655599994
2024-08-31T00:00:00Z,TUSD,0.02189,0.02246,0.02183,0.02203,219269.76975569993
2024-09-01T00:00:00Z,TUSD,0.02189,0.0219,0.02062,0.02074,234299.41287309994
2024-09-02T00:00:00Z,TUSD,0.02065,0.02141,0.02065,0.02141,21370.59594407
2024-09-03T00:00:00Z,TUSD,0.02156,0.02205,0.02027,0.02027,464950.99479082995
2024-09-04T00:00:00Z,TUSD,0.0202,0.02122,0.01945,0.02106,329993.29197758
2024-09-05T00:00:00Z,TUSD,0.0206,0.02061,0.02006,0.02023,1140162.44507364
2024-09-06T00:00:00Z,TUSD,0.02014,0.02043,0.01895,0.01947,117280.15680324999
2024-09-07T00:00:00Z,TUSD,0.01957,0.0202,0.01957,0.01986,6383.20655835
2024-09-08T00:00:00Z,TUSD,0.01995,0.0204,0.01984,0.0204,12408.571137730001
2024-09-09T00:00:00Z,TUSD,0.02065,0.0215,0.0204,0.02116,239229.75791411987
2024-09-10T00:00:00Z,TUSD,0.02106,0.02148,0.02091,0.0214,367330.9795979699
2024-09-11T00:00:00Z,TUSD,0.02154,0.02163,0.02069,0.02094,215312.55671240998
2024-09-12T00:00:00Z,TUSD,0.02132,0.02152,0.02117,0.02144,1342293.9197716205
2024-09-13T00:00:00Z,TUSD,0.02158,0.02203,0.02143,0.02203,87632.33599086993
2024-09-14T00:00:00Z,TUSD,0.02216,0.02216,0.02149,0.02161,27992.557354969995
2024-09-15T00:00:00Z,TUSD,0.02178,0.0218,0.02126,0.02132,3578.655508290001
2024-09-16T00:00:00Z,TUSD,0.02107,0.02136,0.02085,0.02085,1311362.4991007906
2024-09-17T00:00:00Z,TUSD,0.02113,0.02197,0.02113,0.02197,35604.4416349
2024-09-18T00:00:00Z,TUSD,0.02177,0.02196,0.02084,0.02196,164708.02377392998
2024-09-19T00:00:00Z,TUSD,0.02203,0.02322,0.02203,0.023,1362876.9470453802
2024-09-20T00:00:00Z,TUSD,0.02297,0.02529,0.02297,0.02407,727052.8921162805
2024-09-21T00:00:00Z,TUSD,0.02462,0.02582,0.0244,0.02481,488187.9586580499
2024-09-22T00:00:00Z,TUSD,0.02546,0.02546,0.02355,0.02421,37428.622453179996
2024-09-23T00:00:00Z,TUSD,0.02461,0.02493,0.0238,0.02475,2716708.3001535702
2024-09-24T00:00:00Z,TUSD,0.02484,0.02523,0.02426,0.02523,2403693.286100641
2024-09-25T00:00:00Z,TUSD,0.02533,0.02644,0.0252,0.02598,1680579.0311405614
2024-09-26T00:00:00Z,TUSD,0.02593,0.02642,0.02521,0.02634,72632.55134753
2024-09-27T00:00:00Z,TUSD,0.02638,0.02708,0.0263,0.02656,112422.37901764999
2024-09-28T00:00:00Z,TUSD,0.02677,0.02717,0.02571,0.02574,84170.44569971
2024-09-29T00:00:00Z,TUSD,0.02601,0.02656,0.02556,0.02619,15541.282606690002
2024-09-30T00:00:00Z,TUSD,0.02647,0.02684,0.02441,0.02461,1305828.7626206009
2024-10-01T00:00:00Z,TUSD,0.02446,0.02545,0.02237,0.0228,2542484.0603244426
2024-10-02T00:00:00Z,TUSD,0.02306,0.02328,0.02182,0.0221,159433.52173132994
2024-10-03T00:00:00Z,TUSD,0.02241,0.02241,0.02159,0.02221,259115.18233773
2024-10-04T00:00:00Z,TUSD,0.02221,0.02312,0.02221,0.02312,49435.59280732
2024-10-05T00:00:00Z,TUSD,0.02336,0.02462,0.02336,0.02391,230807.91888324
2024-10-06T00:00:00Z,TUSD,0.02408,0.02448,0.02408,0.02448,2624.39484313
2024-10-07T00:00:00Z,TUSD,0.02472,0.02503,0.02422,0.02438,90728.27823072
2024-10-08T00:00:00Z,TUSD,0.02399,0.02408,0.02365,0.02374,43635.19564222
2024-10-09T00:00:00Z,TUSD,0.02389,0.02389,0.02265,0.02274,62303.04727971
2024-10-10T00:00:00Z,TUSD,0.02262,0.02262,0.02209,0.02209,73603.10579360
2024-10-11T00:00:00Z,TUSD,0.02282,0.02400,0.02282,0.02400,97844.79261956
2024-10-12T00:00:00Z,TUSD,0.02408,0.02450,0.02408,0.02438,127200.89481557
2024-10-13T00:00:00Z,TUSD,0.02434,0.02440,0.02272,0.02323,643733.02968698
2024-10-14T00:00:00Z,TUSD,0.02322,0.02418,0.02308,0.02409,36647.56514840
2024-10-15T00:00:00Z,TUSD,0.02432,0.02459,0.02313,0.02415,262293.36875795
2024-10-16T00:00:00Z,TUSD,0.02400,0.02400,0.02378,0.02378,3072.97452254
2024-10-17T00:00:00Z,TUSD,0.02325,0.02325,0.02298,0.02310,1135.79859963
2024-10-18T00:00:00Z,TUSD,0.02378,0.02404,0.02364,0.02404,42295.31850579
2024-10-19T00:00:00Z,TUSD,0.02420,0.02438,0.02365,0.02378,58836.54337049
2024-10-20T00:00:00Z,TUSD,0.02383,0.02517,0.02383,0.02516,164158.50857611
2024-10-21T00:00:00Z,TUSD,0.02519,0.02638,0.02452,0.02503,1393556.40370614
2024-10-22T00:00:00Z,TUSD,0.02472,0.02478,0.02394,0.02433,88705.75755323
2024-10-23T00:00:00Z,TUSD,0.02400,0.02400,0.02249,0.02319,126895.10414795
2024-10-24T00:00:00Z,TUSD,0.02326,0.02362,0.02300,0.02352,170413.68214274
2024-10-25T00:00:00Z,TUSD,0.02327,0.02334,0.02183,0.02241,185709.50065727
2024-10-26T00:00:00Z,TUSD,0.02251,0.02256,0.02241,0.02241,4299.21014788
2024-10-27T00:00:00Z,TUSD,0.02231,0.02250,0.02207,0.02250,142029.17651547
2024-10-28T00:00:00Z,TUSD,0.02220,0.02247,0.02186,0.02247,117868.37031547
2024-10-29T00:00:00Z,TUSD,0.02243,0.02335,0.02243,0.02329,84182.31558365
2024-10-30T00:00:00Z,TUSD,0.02317,0.02323,0.02273,0.02273,74959.45712344
2024-10-31T00:00:00Z,TUSD,0.02254,0.02255,0.02149,0.02149,205637.41488819
2024-11-01T00:00:00Z,TUSD,0.02115,0.02133,0.02065,0.02066,123875.44352644
2024-11-02T00:00:00Z,TUSD,0.02087,0.02087,0.02010,0.02010,134947.87730995
2024-11-03T00:00:00Z,TUSD,0.01947,0.01974,0.01921,0.01974,37089.00450868
2024-11-04T00:00:00Z,TUSD,0.01967,0.01970,0.01881,0.01895,214251.34043885
2024-11-05T00:00:00Z,TUSD,0.01938,0.02023,0.01936,0.02008,135062.87578310
2024-11-06T00:00:00Z,TUSD,0.02059,0.02145,0.02059,0.02145,567794.22040796
2024-11-07T00:00:00Z,TUSD,0.02149,0.02185,0.02117,0.02151,341622.68530902
2024-11-08T00:00:00Z,TUSD,0.02152,0.02164,0.02063,0.02156,968146.04182474
2024-11-09T00:00:00Z,TUSD,0.02163,0.02252,0.02146,0.02232,127155.30405762
2024-11-10T00:00:00Z,TUSD,0.02250,0.02424,0.02250,0.02369,265163.41484215
2024-11-11T00:00:00Z,TUSD,0.02387,0.02523,0.02302,0.02523,1316353.74465212
2024-11-12T00:00:00Z,TUSD,0.02491,0.02764,0.02380,0.02512,4427613.92176330
2024-11-13T00:00:00Z,TUSD,0.02523,0.02599,0.02348,0.02592,853079.79803247
2024-11-14T00:00:00Z,TUSD,0.02552,0.02552,0.02330,0.02348,550220.03322229
2024-11-15T00:00:00Z,TUSD,0.02353,0.02479,0.02289,0.02479,478031.83485750
2024-11-16T00:00:00Z,TUSD,0.02483,0.02645,0.02483,0.02645,515672.41341407
2024-11-17T00:00:00Z,TUSD,0.02661,0.02674,0.02440,0.02440,300934.53462430
2024-11-18T00:00:00Z,TUSD,0.02465,0.02683,0.02434,0.02661,1504132.33742625
2024-11-19T00:00:00Z,TUSD,0.02665,0.03891,0.02648,0.02941,6886689.45706217
2024-11-20T00:00:00Z,TUSD,0.02930,0.03041,0.02660,0.02716,997023.97665374
2024-11-21T00:00:00Z,TUSD,0.02617,0.02775,0.02594,0.02773,310793.48436257
2024-11-22T00:00:00Z,TUSD,0.02775,0.02798,0.02636,0.02757,1857088.03838991
2024-11-23T00:00:00Z,TUSD,0.02744,0.02930,0.02608,0.02850,1370438.04007219
2024-11-24T00:00:00Z,TUSD,0.02858,0.03879,0.02858,0.03182,4021937.78221866
2024-11-25T00:00:00Z,TUSD,0.03114,0.03225,0.03031,0.03031,1230085.06252260
2024-11-26T00:00:00Z,TUSD,0.03098,0.03308,0.02975,0.03245,1614963.76099129
2024-11-27T00:00:00Z,TUSD,0.03241,0.03750,0.03209,0.03367,1472214.14539864
2024-11-28T00:00:00Z,TUSD,0.03361,0.03361,0.03179,0.03277,550084.65618501
2024-11-29T00:00:00Z,TUSD,0.03260,0.03356,0.03191,0.03356,824196.00321167
2024-11-30T00:00:00Z,TUSD,0.03340,0.03444,0.03284,0.03438,794792.44446375
2024-12-01T00:00:00Z,TUSD,0.03442,0.03484,0.03293,0.03444,753563.61125274
2024-12-02T00:00:00Z,TUSD,0.03429,0.03441,0.03133,0.03397,586787.85746982
2024-12-03T00:00:00Z,TUSD,0.03364,0.03697,0.03216,0.03697,1381341.49435447
2024-12-04T00:00:00Z,TUSD,0.03622,0.03927,0.03567,0.03780,974685.99753525
2024-12-05T00:00:00Z,TUSD,0.03795,0.03856,0.03556,0.03692,363973.14377715
2024-12-06T00:00:00Z,TUSD,0.03701,0.03824,0.03564,0.03763,361663.96336952
2024-12-07T00:00:00Z,TUSD,0.03763,0.04295,0.03651,0.04054,2828342.21234386
2024-12-08T00:00:00Z,TUSD,0.04039,0.04039,0.03804,0.03925,262695.72167796
2024-12-09T00:00:00Z,TUSD,0.03852,0.03852,0.02797,0.03198,647924.64669532
2024-12-10T00:00:00Z,TUSD,0.03157,0.03229,0.02797,0.03073,407983.24932146
2024-12-11T00:00:00Z,TUSD,0.02951,0.03245,0.02891,0.03243,491121.13984902
2024-12-12T00:00:00Z,TUSD,0.03251,0.03394,0.03239,0.03333,599839.12452079
2024-12-13T00:00:00Z,TUSD,0.03359,0.03410,0.03204,0.03277,266897.38922940
2024-12-14T00:00:00Z,TUSD,0.03367,0.03368,0.03081,0.03139,278356.33430437
2024-12-15T00:00:00Z,TUSD,0.03129,0.03271,0.03123,0.03263,123044.62779425
2024-12-16T00:00:00Z,TUSD,0.03262,0.03357,0.03180,0.03305,1495577.12847839
2024-12-17T00:00:00Z,TUSD,0.03258,0.03374,0.03242,0.03279,469399.98801168
2024-12-18T00:00:00Z,TUSD,0.03271,0.03271,0.02859,0.02914,347368.60743279
2024-12-19T00:00:00Z,TUSD,0.02853,0.03042,0.02635,0.02755,259143.27739082
2024-12-20T00:00:00Z,TUSD,0.02703,0.02882,0.02468,0.02876,758414.74128480
2024-12-21T00:00:00Z,TUSD,0.02880,0.03004,0.02683,0.02683,91409.09328716
2024-12-22T00:00:00Z,TUSD,0.02717,0.02821,0.02677,0.02732,145988.76150766
2024-12-23T00:00:00Z,TUSD,0.02723,0.02968,0.02717,0.02955,788325.47067528
2024-12-24T00:00:00Z,TUSD,0.02929,0.03048,0.02876,0.03007,1349449.54290654
2024-12-25T00:00:00Z,TUSD,0.02995,0.03035,0.02903,0.02903,222217.30039214
2024-12-26T00:00:00Z,TUSD,0.02920,0.02920,0.02660,0.02669,217129.12237688
2024-12-27T00:00:00Z,TUSD,0.02651,0.02714,0.02643,0.02653,238429.05971406
2024-12-28T00:00:00Z,TUSD,0.02685,0.02836,0.02685,0.02817,495912.57765138
2024-12-29T00:00:00Z,TUSD,0.02808,0.02808,0.02688,0.02688,50437.40961186
2024-12-30T00:00:00Z,TUSD,0.02705,0.02861,0.02697,0.02758,432074.32246680
2024-12-31T00:00:00Z,TUSD,0.02705,0.02778,0.02678,0.02678,34876.17107363
2025-01-01T00:00:00Z,TUSD,0.02686,0.02749,0.02600,0.02749,878403.59873795
2025-01-02T00:00:00Z,TUSD,0.02738,0.02821,0.02735,0.02781,207978.76626182
2025-01-03T00:00:00Z,TUSD,0.02747,0.02915,0.02743,0.02910,356486.74062673
2025-01-04T00:00:00Z,TUSD,0.02923,0.03099,0.02904,0.02980,478539.15731941
2025-01-05T00:00:00Z,TUSD,0.02980,0.02980,0.02930,0.02969,76775.09398923
2025-01-06T00:00:00Z,TUSD,0.02968,0.03122,0.02967,0.03081,197879.07964020
2025-01-07T00:00:00Z,TUSD,0.03126,0.03160,0.02739,0.02758,422283.65048409
2025-01-08T00:00:00Z,TUSD,0.02737,0.02812,0.02646,0.02771,266229.46818078
2025-01-09T00:00:00Z,TUSD,0.02804,0.02974,0.02794,0.02903,1495821.06003027
2025-01-10T00:00:00Z,TUSD,0.02926,0.03268,0.02894,0.03060,1391106.95770155
2025-01-11T00:00:00Z,TUSD,0.03030,0.03195,0.03015,0.03107,606643.58564215
2025-01-12T00:00:00Z,TUSD,0.03078,0.03107,0.02994,0.03052,229606.02195610
2025-01-13T00:00:00Z,TUSD,0.02995,0.03073,0.02573,0.02827,1156922.54384973
2025-01-14T00:00:00Z,TUSD,0.02816,0.02915,0.02785,0.02915,273177.15976186
2025-01-15T00:00:00Z,TUSD,0.02924,0.03002,0.02821,0.03002,419475.82122833
2025-01-16T00:00:00Z,TUSD,0.02963,0.03037,0.02920,0.02942,112678.72369462
2025-01-17T00:00:00Z,TUSD,0.02947,0.03052,0.02947,0.03045,486294.13627933
2025-01-18T00:00:00Z,TUSD,0.03041,0.03051,0.02816,0.02858,102354.28291236
2025-01-19T00:00:00Z,TUSD,0.02866,0.02896,0.02589,0.02599,623695.13073217
2025-01-20T00:00:00Z,TUSD,0.02587,0.02835,0.02539,0.02617,376709.06277857
2025-01-21T00:00:00Z,TUSD,0.02607,0.02700,0.02495,0.02655,287312.02120364
2025-01-22T00:00:00Z,TUSD,0.02673,0.02686,0.02566,0.02566,86890.38792978
2025-01-23T00:00:00Z,TUSD,0.02564,0.02583,0.02495,0.02524,202203.27931503
2025-01-24T00:00:00Z,TUSD,0.02561,0.02593,0.02478,0.02536,319293.74574008
2025-01-25T00:00:00Z,TUSD,0.02479,0.02659,0.02479,0.02605,731950.63202144
2025-01-26T00:00:00Z,TUSD,0.02651,0.02675,0.02550,0.02550,129286.37156763
2025-01-27T00:00:00Z,TUSD,0.02538,0.02543,0.02310,0.02459,169025.89212375
2025-01-28T00:00:00Z,TUSD,0.02462,0.02464,0.02325,0.02325,235035.46417718
2025-01-29T00:00:00Z,TUSD,0.02357,0.02510,0.02349,0.02510,873974.77289107
2025-01-30T00:00:00Z,TUSD,0.02458,0.02577,0.02457,0.02539,253110.89822079
2025-01-31T00:00:00Z,TUSD,0.02511,0.02583,0.02447,0.02463,239486.09263760
2025-02-01T00:00:00Z,TUSD,0.02449,0.02482,0.02373,0.02392,528457.98758570
2025-02-02T00:00:00Z,TUSD,0.02427,0.02455,0.02226,0.02321,587634.15205876
2025-02-03T00:00:00Z,TUSD,0.02245,0.02408,0.01891,0.02379,1684234.46518381
2025-02-04T00:00:00Z,TUSD,0.02347,0.02347,0.02168,0.02214,2026898.45454281
2025-02-05T00:00:00Z,TUSD,0.02221,0.02242,0.02150,0.02179,71439.14270868
2025-02-06T00:00:00Z,TUSD,0.02190,0.02198,0.02046,0.02046,1596312.68209078
2025-02-07T00:00:00Z,TUSD,0.02056,0.02144,0.02006,0.02006,343165.33826037
2025-02-08T00:00:00Z,TUSD,0.02051,0.02115,0.02036,0.02115,102788.86202393
2025-02-09T00:00:00Z,TUSD,0.02123,0.02179,0.02072,0.02088,113401.48348701
2025-02-10T00:00:00Z,TUSD,0.02094,0.02138,0.00003,0.02128,947788.03630681
2025-02-11T00:00:00Z,TUSD,0.02170,0.02201,0.02087,0.02092,1485622.23116232
2025-02-12T00:00:00Z,TUSD,0.02096,0.02187,0.02025,0.02176,684107.86944307
2025-02-13T00:00:00Z,TUSD,0.02188,0.02193,0.02094,0.02113,2212724.95015608
2025-02-14T00:00:00Z,TUSD,0.02113,0.02185,0.02112,0.02136,736447.58425132
2025-02-15T00:00:00Z,TUSD,0.02146,0.02149,0.02052,0.02062,477231.07953200
2025-02-16T00:00:00Z,TUSD,0.02055,0.02113,0.02046,0.02047,14419.34883308
2025-02-17T00:00:00Z,TUSD,0.02082,0.02233,0.02059,0.02059,421038.73812920
2025-02-18T00:00:00Z,TUSD,0.02068,0.02098,0.01977,0.02059,113328.99274137
2025-02-19T00:00:00Z,TUSD,0.02073,0.02154,0.00100,0.02146,2318873.92498653
2025-02-20T00:00:00Z,TUSD,0.02167,0.02174,0.02120,0.02158,220080.98583222
2025-02-21T00:00:00Z,TUSD,0.02148,0.02222,0.02122,0.02126,262047.47112653
2025-02-22T00:00:00Z,TUSD,0.02135,0.02207,0.02135,0.02194,16535.29118661
2025-02-23T00:00:00Z,TUSD,0.02185,0.02187,0.02169,0.02179,6735.60432186
2025-02-24T00:00:00Z,TUSD,0.02126,0.02126,0.01920,0.01954,208411.94662361
2025-02-25T00:00:00Z,TUSD,0.01925,0.01954,0.01819,0.01932,597261.12951204
2025-02-26T00:00:00Z,TUSD,0.01916,0.01920,0.01888,0.01894,56888.98865468
2025-02-27T00:00:00Z,TUSD,0.01909,0.02015,0.01909,0.01962,260403.94337737
2025-02-28T00:00:00Z,TUSD,0.01855,0.01942,0.01829,0.01941,1158358.28334794
2025-03-01T00:00:00Z,TUSD,0.01958,0.01967,0.01898,0.01929,4827277.65350996
2025-03-02T00:00:00Z,TUSD,0.01959,0.02103,0.01946,0.02103,2443180.47067576
2025-03-03T00:00:00Z,TUSD,0.02006,0.02019,0.01790,0.01793,2330629.48658429
2025-03-04T00:00:00Z,TUSD,0.01782,0.01795,0.01676,0.01766,933169.63732275
2025-03-05T00:00:00Z,TUSD,0.01744,0.01790,0.01728,0.01790,2292169.07095270
2025-03-06T00:00:00Z,TUSD,0.01813,0.01813,0.01742,0.01784,448014.03872224
2025-03-07T00:00:00Z,TUSD,0.01793,0.01835,0.01704,0.01756,423107.12319944
2025-03-08T00:00:00Z,TUSD,0.01758,0.01769,0.01727,0.01737,2384663.55491825
2025-03-09T00:00:00Z,TUSD,0.01745,0.01746,0.01567,0.01567,2988032.62845845
2025-03-10T00:00:00Z,TUSD,0.01585,0.01736,0.01545,0.01559,4071917.56020561
2025-03-11T00:00:00Z,TUSD,0.01551,0.01645,0.01464,0.01645,388531.64268765
2025-03-12T00:00:00Z,TUSD,0.01629,0.01667,0.01586,0.01641,159264.36973865
2025-03-13T00:00:00Z,TUSD,0.01634,0.01634,0.01580,0.01591,10114.21223224
2025-03-14T00:00:00Z,TUSD,0.01613,0.01708,0.01613,0.01691,408186.46340363
2025-03-15T00:00:00Z,TUSD,0.01680,0.01680,0.01589,0.01663,2906937.61211920
2025-03-16T00:00:00Z,TUSD,0.01641,0.01663,0.01596,0.01596,2964092.39241099
2025-03-17T00:00:00Z,TUSD,0.01612,0.01664,0.01611,0.01656,3496596.50455999
2025-03-18T00:00:00Z,TUSD,0.01645,0.02190,0.01628,0.01856,10319871.70733382
2025-03-19T00:00:00Z,TUSD,0.01848,0.02050,0.01708,0.01746,7309613.83869308
2025-03-20T00:00:00Z,TUSD,0.01722,0.01739,0.01671,0.01671,430220.44077743
2025-03-21T00:00:00Z,TUSD,0.01644,0.01652,0.01624,0.01650,1304597.82201922
2025-03-22T00:00:00Z,TUSD,0.01649,0.01673,0.01639,0.01641,1532447.60596149
2025-03-23T00:00:00Z,TUSD,0.01639,0.01648,0.01612,0.01624,385185.37806251
2025-03-24T00:00:00Z,TUSD,0.01618,0.01701,0.01618,0.01686,563475.32532705
2025-03-25T00:00:00Z,TUSD,0.01690,0.01740,0.01681,0.01707,203875.18200759
2025-03-26T00:00:00Z,TUSD,0.01693,0.01720,0.01660,0.01689,103383.70254820
2025-03-27T00:00:00Z,TUSD,0.01683,0.01713,0.01679,0.01688,247257.65985985
2025-03-28T00:00:00Z,TUSD,0.01669,0.01684,0.01595,0.01595,3232350.17104216
2025-03-29T00:00:00Z,TUSD,0.01618,0.01619,0.01542,0.01543,131888.38145883
2025-03-30T00:00:00Z,TUSD,0.01552,0.01569,0.01544,0.01548,247200.47827990
2025-03-31T00:00:00Z,TUSD,0.01527,0.01547,0.01492,0.01522,309630.97206446
2025-04-01T00:00:00Z,TUSD,0.01525,0.01570,0.01522,0.01537,800570.00830633
2025-04-02T00:00:00Z,TUSD,0.01532,0.01557,0.01437,0.01437,375382.66839246
2025-04-03T00:00:00Z,TUSD,0.01452,0.01457,0.01392,0.01419,404251.00030492
2025-04-04T00:00:00Z,TUSD,0.01431,0.01478,0.01400,0.01478,554106.60298491
2025-04-05T00:00:00Z,TUSD,0.01481,0.01508,0.01434,0.01434,1642644.90390500
2025-04-06T00:00:00Z,TUSD,0.01428,0.01428,0.01250,0.01250,280545.60428164
2025-04-07T00:00:00Z,TUSD,0.01260,0.01327,0.01215,0.01279,212602.47893727
2025-04-08T00:00:00Z,TUSD,0.01281,0.01328,0.01255,0.01255,103281.16799407
2025-04-09T00:00:00Z,TUSD,0.01246,0.01397,0.01222,0.01389,280656.46885399
2025-04-10T00:00:00Z,TUSD,0.01399,0.01426,0.01375,0.01375,381598.56391524
2025-04-11T00:00:00Z,TUSD,0.01423,0.01434,0.01397,0.01432,93065.79665967
2025-04-12T00:00:00Z,TUSD,0.01430,0.01497,0.01413,0.01492,317178.65433874
2025-04-13T00:00:00Z,TUSD,0.01485,0.01485,0.01389,0.01389,192163.39606270
2025-04-14T00:00:00Z,TUSD,0.01393,0.01419,0.01374,0.01401,158702.58996299
2025-04-15T00:00:00Z,TUSD,0.01413,0.01443,0.01413,0.01425,70116.77543529
2025-04-16T00:00:00Z,TUSD,0.01421,0.01487,0.01421,0.01469,1124491.54391538
2025-04-17T00:00:00Z,TUSD,0.01468,0.01547,0.01454,0.01512,813577.10292373
2025-04-18T00:00:00Z,TUSD,0.01504,0.02500,0.01481,0.02143,22019824.21590186
2025-04-19T00:00:00Z,TUSD,0.02122,0.02122,0.01877,0.01881,5513300.92007721
2025-04-20T00:00:00Z,TUSD,0.01868,0.01868,0.01748,0.01784,10306712.80673168
2025-04-21T00:00:00Z,TUSD,0.01749,0.01854,0.01746,0.01773,3088430.19342603
2025-04-22T00:00:00Z,TUSD,0.01781,0.01781,0.01685,0.01750,6672812.64202831
2025-04-23T00:00:00Z,TUSD,0.01742,0.01788,0.01697,0.01717,2370742.08025596
2025-04-24T00:00:00Z,TUSD,0.01754,0.01845,0.01699,0.01775,1667528.82591176
2025-04-25T00:00:00Z,TUSD,0.01761,0.02237,0.01753,0.01933,6529881.68962091
2025-04-26T00:00:00Z,TUSD,0.01916,0.01963,0.01856,0.01883,1874959.52072219
2025-04-27T00:00:00Z,TUSD,0.01847,0.01847,0.01740,0.01760,948358.90355671
2025-04-28T00:00:00Z,TUSD,0.01765,0.01814,0.01736,0.01812,332848.33476690
2025-04-29T00:00:00Z,TUSD,0.01828,0.01828,0.01715,0.01717,147475.60873408
2025-04-30T00:00:00Z,TUSD,0.01737,0.01784,0.01694,0.01780,323700.78397545
2025-05-01T00:00:00Z,TUSD,0.01766,0.01820,0.01766,0.01819,47187.20743674
2025-05-02T00:00:00Z,TUSD,0.01808,0.01843,0.01781,0.01793,103174.47984842
2025-05-03T00:00:00Z,TUSD,0.01855,0.01855,0.01741,0.01745,144525.36215374
2025-05-04T00:00:00Z,TUSD,0.01733,0.01764,0.01665,0.01675,2055709.15724362
2025-05-05T00:00:00Z,TUSD,0.01691,0.01737,0.01666,0.01708,105359.39857383
2025-05-06T00:00:00Z,TUSD,0.01704,0.01722,0.01607,0.01640,293946.40386272
2025-05-07T00:00:00Z,TUSD,0.01671,0.01678,0.01641,0.01655,427273.87624889
2025-05-08T00:00:00Z,TUSD,0.01689,0.01823,0.01688,0.01814,167037.85118912
2025-05-09T00:00:00Z,TUSD,0.01829,0.01900,0.01821,0.01875,199583.74648336
2025-05-10T00:00:00Z,TUSD,0.01894,0.01955,0.01855,0.01952,390678.31436383
2025-05-11T00:00:00Z,TUSD,0.01952,0.01959,0.01843,0.01866,172927.26395628
2025-05-12T00:00:00Z,TUSD,0.01876,0.01938,0.01784,0.01841,5570568.48283119
2025-05-13T00:00:00Z,TUSD,0.01869,0.01921,0.01816,0.01921,5071836.89147324
2025-05-14T00:00:00Z,TUSD,0.01926,0.01929,0.01839,0.01839,384056.52397267
2025-05-15T00:00:00Z,TUSD,0.01855,0.01858,0.01697,0.01726,586073.62826313
2025-05-16T00:00:00Z,TUSD,0.01763,0.01786,0.01750,0.01757,106672.21845973
2025-05-17T00:00:00Z,TUSD,0.01755,0.01755,0.01690,0.01712,503005.63333844
2025-05-18T00:00:00Z,TUSD,0.01724,0.01809,0.01692,0.01778,386416.93914681
2025-05-19T00:00:00Z,TUSD,0.01785,0.01785,0.01667,0.01720,161940.23664987
2025-05-20T00:00:00Z,TUSD,0.01733,0.01756,0.01691,0.01734,233308.31033125
2025-05-21T00:00:00Z,TUSD,0.01728,0.01781,0.01714,0.01766,355551.32034706
2025-05-22T00:00:00Z,TUSD,0.01769,0.01844,0.01769,0.01844,530497.28293908
2025-05-23T00:00:00Z,TUSD,0.01840,0.01889,0.01729,0.01729,652438.76632726
2025-05-24T00:00:00Z,TUSD,0.01770,0.01770,0.01725,0.01725,113832.71945156
2025-05-25T00:00:00Z,TUSD,0.01719,0.01732,0.01686,0.01732,181789.85097148
2025-05-26T00:00:00Z,TUSD,0.01737,0.01743,0.01705,0.01720,452451.69751791
2025-05-27T00:00:00Z,TUSD,0.01730,0.01778,0.01729,0.01751,72709.57069522
2025-05-28T00:00:00Z,TUSD,0.01764,0.01767,0.01707,0.01729,286310.68796567
2025-05-29T00:00:00Z,TUSD,0.01736,0.01750,0.01698,0.01717,516538.14358700
2025-05-30T00:00:00Z,TUSD,0.01714,0.01715,0.01515,0.01532,2616837.69136244
2025-05-31T00:00:00Z,TUSD,0.01526,0.01531,0.01477,0.01491,601094.37798026
2025-06-01T00:00:00Z,TUSD,0.01486,0.01492,0.01455,0.01487,179168.81844900
2025-06-02T00:00:00Z,TUSD,0.01493,0.01510,0.01468,0.01510,112102.28298887
2025-06-03T00:00:00Z,TUSD,0.01511,0.01533,0.01506,0.01519,191856.35984367
2025-06-04T00:00:00Z,TUSD,0.01525,0.01720,0.01525,0.01554,3119464.79415718
2025-06-05T00:00:00Z,TUSD,0.01548,0.01548,0.01398,0.01421,992941.15467081
2025-06-06T00:00:00Z,TUSD,0.01437,0.01488,0.01422,0.01431,388039.09653799
2025-06-07T00:00:00Z,TUSD,0.01442,0.01478,0.01442,0.01469,74145.52463092
2025-06-08T00:00:00Z,TUSD,0.01459,0.01461,0.01452,0.01461,36171.95885207
2025-06-09T00:00:00Z,TUSD,0.01444,0.01503,0.01444,0.01500,729084.66498754
2025-06-10T00:00:00Z,TUSD,0.01506,0.01625,0.01505,0.01606,906454.90878718
2025-06-11T00:00:00Z,TUSD,0.01587,0.01593,0.01515,0.01525,851028.35603190
2025-06-12T00:00:00Z,TUSD,0.01517,0.01520,0.01449,0.01454,320745.71433457
2025-06-13T00:00:00Z,TUSD,0.01426,0.01427,0.01378,0.01420,469953.44017391
2025-06-14T00:00:00Z,TUSD,0.01419,0.01440,0.01404,0.01437,300911.94907898
2025-06-15T00:00:00Z,TUSD,0.01444,0.02500,0.01444,0.01677,10309299.60499142
2025-06-16T00:00:00Z,TUSD,0.01647,0.01688,0.01524,0.01528,4529215.30352523
2025-06-17T00:00:00Z,TUSD,0.01519,0.01637,0.01512,0.01516,1777227.63873251
2025-06-18T00:00:00Z,TUSD,0.01507,0.01508,0.01454,0.01498,274189.66128791
2025-06-19T00:00:00Z,TUSD,0.01499,0.01636,0.01476,0.01626,1178923.00432301
2025-06-20T00:00:00Z,TUSD,0.01636,0.02002,0.01636,0.01700,6993697.45572898
2025-06-21T00:00:00Z,TUSD,0.01690,0.01807,0.01600,0.01616,5934045.02096154
2025-06-22T00:00:00Z,TUSD,0.01624,0.01809,0.01624,0.01726,3179115.40595723
2025-06-23T00:00:00Z,TUSD,0.01723,0.01809,0.01676,0.01792,2751738.20957989
2025-06-24T00:00:00Z,TUSD,0.01794,0.01810,0.01717,0.01727,1154209.74867466
2025-06-25T00:00:00Z,TUSD,0.01750,0.01963,0.01750,0.01843,2786359.16627341
2025-06-26T00:00:00Z,TUSD,0.01816,0.01855,0.01718,0.01740,933122.56859854
2025-06-27T00:00:00Z,TUSD,0.01739,0.01864,0.01739,0.01789,1537777.62295394
2025-06-28T00:00:00Z,TUSD,0.01790,0.01790,0.01753,0.01781,192300.85192921
2025-06-29T00:00:00Z,TUSD,0.01768,0.01781,0.01734,0.01781,370534.49904722
2025-06-30T00:00:00Z,TUSD,0.01756,0.01756,0.01666,0.01702,894592.80928766
2025-07-01T00:00:00Z,TUSD,0.01668,0.01668,0.01565,0.01565,403961.88822428
2025-07-02T00:00:00Z,TUSD,0.01551,0.01631,0.01523,0.01631,470335.09459657
2025-07-03T00:00:00Z,TUSD,0.01617,0.01641,0.01584,0.01613,905784.55345882
2025-07-04T00:00:00Z,TUSD,0.01601,0.01605,0.01525,0.01543,180903.43643365
2025-07-05T00:00:00Z,TUSD,0.01561,0.01579,0.01531,0.01545,71638.15843081
2025-07-06T00:00:00Z,TUSD,0.01545,0.01569,0.01528,0.01566,205687.53187983
2025-07-07T00:00:00Z,TUSD,0.01556,0.01557,0.01534,0.01542,38505.11879764
2025-07-08T00:00:00Z,TUSD,0.01557,0.01576,0.01514,0.01563,714367.45812752
2025-07-09T00:00:00Z,TUSD,0.01549,0.01598,0.01549,0.01596,119027.13879808
2025-07-10T00:00:00Z,TUSD,0.01601,0.01663,0.01594,0.01660,490209.57792380
2025-07-11T00:00:00Z,TUSD,0.01662,0.01714,0.01662,0.01665,821401.38146727
2025-07-12T00:00:00Z,TUSD,0.01677,0.01793,0.01663,0.01708,1457902.20352156
2025-07-13T00:00:00Z,TUSD,0.01703,0.01787,0.01703,0.01716,601711.82883708
2025-07-14T00:00:00Z,TUSD,0.01758,0.01786,0.01687,0.01705,726611.71982130
2025-07-15T00:00:00Z,TUSD,0.01695,0.01715,0.01653,0.01715,56496.49689411
2025-07-16T00:00:00Z,TUSD,0.01725,0.01774,0.01709,0.01767,190405.99006847
2025-07-17T00:00:00Z,TUSD,0.01755,0.01782,0.01719,0.01782,166466.70857506
2025-07-18T00:00:00Z,TUSD,0.01780,0.01884,0.01778,0.01841,1064501.18808062
2025-07-19T00:00:00Z,TUSD,0.01813,0.01826,0.01789,0.01816,207125.26270627
2025-07-20T00:00:00Z,TUSD,0.01824,0.01930,0.01824,0.01884,410199.01472717
2025-07-21T00:00:00Z,TUSD,0.01893,0.02127,0.01874,0.02028,2166918.62468822
2025-07-22T00:00:00Z,TUSD,0.02025,0.02031,0.01934,0.01988,318958.88548480
2025-07-23T00:00:00Z,TUSD,0.01965,0.01969,0.01768,0.01805,505990.26640865
2025-07-24T00:00:00Z,TUSD,0.01806,0.01806,0.01680,0.01767,248026.34131412
2025-07-25T00:00:00Z,TUSD,0.01738,0.01752,0.01679,0.01747,195471.85507587
2025-07-26T00:00:00Z,TUSD,0.01750,0.01777,0.01740,0.01767,80462.87654277
2025-07-27T00:00:00Z,TUSD,0.01762,0.02249,0.01500,0.01881,17108473.69227460
2025-07-28T00:00:00Z,TUSD,0.01889,0.01889,0.01734,0.01735,852813.73196752
2025-07-29T00:00:00Z,TUSD,0.01733,0.01801,0.01713,0.01777,288871.17985525
2025-07-30T00:00:00Z,TUSD,0.01761,0.01761,0.01676,0.01727,661003.91206352
2025-07-31T00:00:00Z,TUSD,0.01774,0.01807,0.01711,0.01713,613859.84765674
2025-08-01T00:00:00Z,TUSD,0.01675,0.01687,0.01624,0.01626,63223.71045635
2025-08-02T00:00:00Z,TUSD,0.01653,0.01659,0.01568,0.01595,267838.81012694
2025-08-03T00:00:00Z,TUSD,0.01584,0.01660,0.01579,0.01647,113117.47611378
2025-08-04T00:00:00Z,TUSD,0.01671,0.01701,0.01646,0.01700,286729.27400422
2025-08-05T00:00:00Z,TUSD,0.01676,0.01680,0.01621,0.01633,178492.23632388
2025-08-06T00:00:00Z,TUSD,0.01605,0.01666,0.01602,0.01665,35029.69474790
2025-08-07T00:00:00Z,TUSD,0.01669,0.01717,0.01664,0.01717,300851.94504547
2025-08-08T00:00:00Z,TUSD,0.01718,0.01736,0.01458,0.01735,1123288.56459261
2025-08-09T00:00:00Z,TUSD,0.01748,0.01798,0.01746,0.01792,134997.38168982
2025-08-10T00:00:00Z,TUSD,0.01788,0.01797,0.01752,0.01764,53864.50306766
2025-08-11T00:00:00Z,TUSD,0.01777,0.01812,0.01685,0.01685,48217.74248037
2025-08-12T00:00:00Z,TUSD,0.01699,0.01774,0.01671,0.01765,426733.38170480
2025-08-13T00:00:00Z,TUSD,0.01766,0.01804,0.01766,0.01801,323543.09051796
2025-08-14T00:00:00Z,TUSD,0.01799,0.01817,0.01620,0.01644,331146.26451969
2025-08-15T00:00:00Z,TUSD,0.01654,0.01686,0.01600,0.01629,207802.97701478
2025-08-16T00:00:00Z,TUSD,0.01657,0.01705,0.01655,0.01700,167483.55930814
2025-08-17T00:00:00Z,TUSD,0.01698,0.01724,0.01689,0.01689,23120.43987483
2025-08-18T00:00:00Z,TUSD,0.01680,0.01680,0.01608,0.01637,354143.00668522
2025-08-19T00:00:00Z,TUSD,0.01645,0.01648,0.01577,0.01581,200639.01783886
2025-08-20T00:00:00Z,TUSD,0.01579,0.01629,0.01567,0.01623,84474.92663628
2025-08-21T00:00:00Z,TUSD,0.01627,0.01627,0.01580,0.01589,76571.13115894
2025-08-22T00:00:00Z,TUSD,0.01592,0.01697,0.01546,0.01697,304704.10468469
2025-08-23T00:00:00Z,TUSD,0.01699,0.01714,0.01670,0.01707,135334.50888750
2025-08-24T00:00:00Z,TUSD,0.01690,0.01721,0.01645,0.01674,149073.57265061
2025-08-25T00:00:00Z,TUSD,0.01689,0.01738,0.01558,0.01558,761786.61861316
2025-08-26T00:00:00Z,TUSD,0.01562,0.01646,0.01552,0.01645,221188.35758987
2025-08-27T00:00:00Z,TUSD,0.01630,0.01649,0.01613,0.01633,252487.42897807
2025-08-28T00:00:00Z,TUSD,0.01620,0.01667,0.01620,0.01655,98668.51498165
2025-08-29T00:00:00Z,TUSD,0.01647,0.01655,0.01577,0.01603,805449.37472202
2025-08-30T00:00:00Z,TUSD,0.01616,0.01622,0.01606,0.01622,4680.68964300
2025-08-31T00:00:00Z,TUSD,0.01641,0.01645,0.01608,0.01608,30176.43665338
2025-09-01T00:00:00Z,TUSD,0.01607,0.01610,0.01554,0.01569,459440.35767568
2025-09-02T00:00:00Z,TUSD,0.01594,0.01613,0.01585,0.01594,169182.77899147
2025-09-03T00:00:00Z,TUSD,0.01605,0.01628,0.01605,0.01624,13464.49383636
2025-09-04T00:00:00Z,TUSD,0.01615,0.01618,0.01563,0.01575,62627.52334241
2025-09-05T00:00:00Z,TUSD,0.01577,0.01614,0.01577,0.01591,26208.26927752
2025-09-06T00:00:00Z,TUSD,0.01580,0.01583,0.01570,0.01582,188975.65562770
2025-09-07T00:00:00Z,TUSD,0.01591,0.01596,0.01586,0.01594,239894.35128424
2025-09-08T00:00:00Z,TUSD,0.01611,0.01631,0.01374,0.01626,978697.81959270
2025-09-09T00:00:00Z,TUSD,0.01630,0.01675,0.01620,0.01642,2207510.02105073
2025-09-10T00:00:00Z,TUSD,0.01646,0.01665,0.01572,0.01637,992771.60401598
2025-09-11T00:00:00Z,TUSD,0.01643,0.01643,0.01621,0.01632,297898.31634649
2025-09-12T00:00:00Z,TUSD,0.01655,0.01675,0.01647,0.01675,121711.56903665
2025-09-13T00:00:00Z,TUSD,0.01666,0.01723,0.01664,0.01722,1046238.71750113
2025-09-14T00:00:00Z,TUSD,0.01725,0.01725,0.01660,0.01670,281072.20673431
2025-09-15T00:00:00Z,TUSD,0.01668,0.01714,0.01640,0.01681,586991.30817626
2025-09-16T00:00:00Z,TUSD,0.01671,0.01689,0.01671,0.01674,1203107.46283920
2025-09-17T00:00:00Z,TUSD,0.01673,0.01709,0.01664,0.01697,1622568.66595812
2025-09-18T00:00:00Z,TUSD,0.01707,0.01754,0.01706,0.01733,868082.74906492
2025-09-19T00:00:00Z,TUSD,0.01732,0.01733,0.01663,0.01672,1081840.78541990
2025-09-20T00:00:00Z,TUSD,0.01683,0.01684,0.01666,0.01677,936546.78866794
2025-09-21T00:00:00Z,TUSD,0.01660,0.01661,0.01621,0.01621,333998.56982428
2025-09-22T00:00:00Z,TUSD,0.01616,0.01624,0.01494,0.01542,1213983.52123937
2025-09-23T00:00:00Z,TUSD,0.01544,0.01575,0.01540,0.01575,538979.23502286
2025-09-24T00:00:00Z,TUSD,0.01536,0.01570,0.01536,0.01550,903684.64955570
2025-09-25T00:00:00Z,TUSD,0.01545,0.01588,0.01444,0.01522,2109379.63013751
2025-09-26T00:00:00Z,TUSD,0.01532,0.01540,0.01521,0.01540,153110.65957827
2025-09-27T00:00:00Z,TUSD,0.01520,0.01525,0.01519,0.01524,235278.78028455
2025-09-28T00:00:00Z,TUSD,0.01518,0.01518,0.01461,0.01518,2102918.23685513
2025-09-29T00:00:00Z,TUSD,0.01529,0.01530,0.01480,0.01516,138299.32362462
2025-09-30T00:00:00Z,TUSD,0.01499,0.01499,0.01440,0.01470,353637.24410857
2025-10-01T00:00:00Z,TUSD,0.01473,0.01538,0.01473,0.01532,511229.62240803
2025-10-02T00:00:00Z,TUSD,0.01556,0.01586,0.01540,0.01581,1217557.81981987
2025-10-03T00:00:00Z,TUSD,0.01576,0.01616,0.01552,0.01596,3100065.95058921
2025-10-04T00:00:00Z,TUSD,0.01591,0.01591,0.01535,0.01549,273390.74254848
2025-10-05T00:00:00Z,TUSD,0.01548,0.01588,0.01518,0.01529,3961487.32353804
2025-10-06T00:00:00Z,TUSD,0.01540,0.01580,0.01530,0.01572,4375690.98161458
2025-10-07T00:00:00Z,TUSD,0.01563,0.01572,0.01484,0.01486,421672.89058442
2025-10-08T00:00:00Z,TUSD,0.01483,0.01530,0.01475,0.01530,334580.18859506
2025-10-09T00:00:00Z,TUSD,0.01517,0.01558,0.01497,0.01541,365720.60530973
2025-10-10T00:00:00Z,TUSD,0.01524,0.01549,0.01000,0.01235,2375618.24891129
2025-10-11T00:00:00Z,TUSD,0.01244,0.01254,0.01177,0.01207,847150.24124685
2025-10-12T00:00:00Z,TUSD,0.01201,0.01355,0.01189,0.01328,848239.11081992
2025-10-13T00:00:00Z,TUSD,0.01314,0.01382,0.01314,0.01372,767182.15689942
2025-10-14T00:00:00Z,TUSD,0.01365,0.01365,0.01273,0.01331,617106.44853200
2025-10-15T00:00:00Z,TUSD,0.01332,0.01336,0.01260,0.01266,507852.03601033
2025-10-16T00:00:00Z,TUSD,0.01276,0.01306,0.01214,0.01228,242687.56325696
2025-10-17T00:00:00Z,TUSD,0.01247,0.01247,0.01150,0.01196,511567.21595244
2025-10-18T00:00:00Z,TUSD,0.01202,0.01205,0.01191,0.01205,192886.33937253
2025-10-19T00:00:00Z,TUSD,0.01198,0.01249,0.01186,0.01245,1280577.16860915
2025-10-20T00:00:00Z,TUSD,0.01225,0.01302,0.01215,0.01251,455270.66477818
2025-10-21T00:00:00Z,TUSD,0.01257,0.01321,0.01205,0.01261,950539.41398797
2025-10-22T00:00:00Z,TUSD,0.01244,0.01309,0.01200,0.01254,9557639.98060066
2025-10-23T00:00:00Z,TUSD,0.01245,0.01269,0.01245,0.01260,338720.02370487
2025-10-24T00:00:00Z,TUSD,0.01267,0.01285,0.01267,0.01285,1104050.67197298
2025-10-25T00:00:00Z,TUSD,0.01282,0.01287,0.01282,0.01287,73043.28437649
2025-10-26T00:00:00Z,TUSD,0.01288,0.01314,0.01288,0.01314,801739.88424403
2025-10-27T00:00:00Z,TUSD,0.01308,0.01316,0.01296,0.01296,140235.14576463
2025-10-28T00:00:00Z,TUSD,0.01297,0.01316,0.01273,0.01287,1040705.66308714
2025-10-29T00:00:00Z,TUSD,0.01287,0.01288,0.01227,0.01257,410446.78800952
2025-10-30T00:00:00Z,TUSD,0.01263,0.01278,0.01183,0.01204,293937.57273640
2025-10-31T00:00:00Z,TUSD,0.01213,0.01246,0.01213,0.01243,110446.06164056
2025-11-01T00:00:00Z,TUSD,0.01238,0.01263,0.01238,0.01257,210861.66494555
2025-11-02T00:00:00Z,TUSD,0.01263,0.01600,0.01254,0.01370,9228602.14870702
2025-11-03T00:00:00Z,TUSD,0.01364,0.01447,0.01173,0.01186,1395847.67378543
2025-11-04T00:00:00Z,TUSD,0.01201,0.01210,0.01168,0.01182,860667.30682872
2025-11-05T00:00:00Z,TUSD,0.01184,0.01219,0.01165,0.01212,333182.72156038
2025-11-06T00:00:00Z,TUSD,0.01194,0.01220,0.01176,0.01195,244456.21809456
2025-11-07T00:00:00Z,TUSD,0.01199,0.01334,0.01188,0.01304,857769.62837910
2025-11-08T00:00:00Z,TUSD,0.01313,0.01320,0.01245,0.01279,640594.35041532
2025-11-09T00:00:00Z,TUSD,0.01269,0.01297,0.01225,0.01295,415419.86840007
2025-11-10T00:00:00Z,TUSD,0.01290,0.01372,0.01269,0.01300,956602.79084177
2025-11-11T00:00:00Z,TUSD,0.01303,0.01347,0.01244,0.01252,1134246.86477609
2025-11-12T00:00:00Z,TUSD,0.01247,0.01289,0.01207,0.01236,1069440.52693593
2025-11-13T00:00:00Z,TUSD,0.01227,0.01242,0.01173,0.01182,95079.86581095
2025-11-14T00:00:00Z,TUSD,0.01184,0.01193,0.01153,0.01157,588413.51199916
2025-11-15T00:00:00Z,TUSD,0.01188,0.01200,0.01175,0.01189,29995.98684953
2025-11-16T00:00:00Z,TUSD,0.01178,0.01196,0.01154,0.01158,509874.07155286
2025-11-17T00:00:00Z,TUSD,0.01186,0.01186,0.01157,0.01160,75080.64768688
2025-11-18T00:00:00Z,TUSD,0.01178,0.01187,0.01155,0.01181,181493.58584565
2025-11-19T00:00:00Z,TUSD,0.01185,0.01185,0.01145,0.01174,125270.93828897
2025-11-20T00:00:00Z,TUSD,0.01180,0.01189,0.01148,0.01164,150034.50521333
2025-11-21T00:00:00Z,TUSD,0.01158,0.01186,0.01097,0.01132,374928.87511062
2025-11-22T00:00:00Z,TUSD,0.01126,0.01135,0.01121,0.01135,229237.11831083
2025-11-23T00:00:00Z,TUSD,0.01144,0.01145,0.01139,0.01139,575868.15218000
2025-11-24T00:00:00Z,TUSD,0.01141,0.01157,0.01125,0.01157,307398.43309883
2025-11-25T00:00:00Z,TUSD,0.01146,0.01157,0.00953,0.01153,5974929.73436756
2025-11-26T00:00:00Z,TUSD,0.01152,0.01162,0.01143,0.01161,3832908.88691350
2025-11-27T00:00:00Z,TUSD,0.01162,0.01170,0.01156,0.01170,306248.61598082
2025-11-28T00:00:00Z,TUSD,0.01166,0.01166,0.01125,0.01155,3440660.86065131
2025-11-29T00:00:00Z,TUSD,0.01127,0.01138,0.01122,0.01124,46007.92470314
2025-11-30T00:00:00Z,TUSD,0.01130,0.01149,0.01119,0.01120,157022.30172919
2025-12-01T00:00:00Z,TUSD,0.01120,0.01120,0.01065,0.01082,116712.74362533
2025-12-02T00:00:00Z,TUSD,0.01089,0.01122,0.01083,0.01122,220009.06867470
2025-12-03T00:00:00Z,TUSD,0.01119,0.01128,0.01103,0.01127,256269.14137472
2025-12-04T00:00:00Z,TUSD,0.01124,0.01126,0.01100,0.01100,116013.13146349
2025-12-05T00:00:00Z,TUSD,0.01108,0.01133,0.01095,0.01095,249393.29358011
2025-12-06T00:00:00Z,TUSD,0.01106,0.01113,0.01094,0.01113,377914.86177621
2025-12-07T00:00:00Z,TUSD,0.01086,0.01106,0.01083,0.01085,78749.80839344
2025-12-08T00:00:00Z,TUSD,0.01085,0.01103,0.01085,0.01097,611517.32336819
2025-12-09T00:00:00Z,TUSD,0.01095,0.01119,0.01053,0.01119,680150.23977530
2025-12-10T00:00:00Z,TUSD,0.01125,0.01126,0.01101,0.01103,3076970.82934515
2025-12-11T00:00:00Z,TUSD,0.01098,0.01145,0.01074,0.01109,3049821.21838937
2025-12-12T00:00:00Z,TUSD,0.01099,0.01099,0.01061,0.01061,36234.93502068
2025-12-13T00:00:00Z,TUSD,0.01080,0.01080,0.01058,0.01058,23749.81625780
2025-12-14T00:00:00Z,TUSD,0.01062,0.01062,0.01006,0.01006,273355.56777800
2025-12-15T00:00:00Z,TUSD,0.01007,0.01061,0.00937,0.00945,496225.68417600
2025-12-16T00:00:00Z,TUSD,0.00956,0.00956,0.00938,0.00938,466123.26962075
2025-12-17T00:00:00Z,TUSD,0.00940,0.00954,0.00925,0.00925,916094.67709198
2025-12-18T00:00:00Z,TUSD,0.00896,0.00912,0.00852,0.00867,494123.91346885
2025-12-19T00:00:00Z,TUSD,0.00861,0.00904,0.00861,0.00902,432002.78766069
2025-12-20T00:00:00Z,TUSD,0.00925,0.00950,0.00921,0.00923,237945.28875684
2025-12-21T00:00:00Z,TUSD,0.00971,0.00971,0.00896,0.00897,352074.84092286
2025-12-22T00:00:00Z,TUSD,0.00896,0.00913,0.00894,0.00898,324414.58066842
2025-12-23T00:00:00Z,TUSD,0.00882,0.00887,0.00873,0.00887,91606.35133260
2025-12-24T00:00:00Z,TUSD,0.00886,0.00886,0.00866,0.00876,108079.56902128
2025-12-25T00:00:00Z,TUSD,0.00887,0.00889,0.00851,0.00851,421864.87770723
2025-12-26T00:00:00Z,TUSD,0.00852,0.00872,0.00845,0.00845,256411.98147118
2025-12-27T00:00:00Z,TUSD,0.00856,0.00879,0.00856,0.00878,182327.96628368
2025-12-28T00:00:00Z,TUSD,0.00883,0.01100,0.00883,0.00939,2093941.57622025
2025-12-29T00:00:00Z,TUSD,0.00917,0.00919,0.00891,0.00891,691321.70319414
2025-12-30T00:00:00Z,TUSD,0.00899,0.00962,0.00880,0.00886,1553291.98004508
2025-12-31T00:00:00Z,TUSD,0.00878,0.00878,0.00843,0.00861,719058.95127173
2026-01-01T00:00:00Z,TUSD,0.00856,0.00869,0.00834,0.00869,785876.11828774
2026-01-02T00:00:00Z,TUSD,0.00873,0.00888,0.00857,0.00888,482744.73407875
2026-01-03T00:00:00Z,TUSD,0.00887,0.00897,0.00884,0.00888,244318.13524154
2026-01-04T00:00:00Z,TUSD,0.00896,0.00919,0.00896,0.00914,24389.27912893
2026-01-05T00:00:00Z,TUSD,0.00904,0.00930,0.00898,0.00930,46840.38372949
2026-01-06T00:00:00Z,TUSD,0.00949,0.00970,0.00908,0.00946,5627726.34382677
2026-01-07T00:00:00Z,TUSD,0.00932,0.01120,0.00887,0.00950,16709467.62726833
2026-01-08T00:00:00Z,TUSD,0.00959,0.01009,0.00932,0.00957,1463075.22966728
2026-01-09T00:00:00Z,TUSD,0.00958,0.01004,0.00955,0.00972,609344.03935309
2026-01-10T00:00:00Z,TUSD,0.00971,0.01120,0.00952,0.00960,1256691.29017822
2026-01-11T00:00:00Z,TUSD,0.00959,0.00962,0.00936,0.00936,429265.74608855
2026-01-12T00:00:00Z,TUSD,0.00956,0.00958,0.00935,0.00948,284569.60969255
2026-01-13T00:00:00Z,TUSD,0.00948,0.01022,0.00948,0.01019,1259210.97310988
2026-01-14T00:00:00Z,TUSD,0.01009,0.01022,0.00996,0.00996,936086.80159604
2026-01-15T00:00:00Z,TUSD,0.00993,0.01002,0.00982,0.00982,385359.01365430
2026-01-16T00:00:00Z,TUSD,0.00983,0.01037,0.00977,0.01010,1257755.94089669
2026-01-17T00:00:00Z,TUSD,0.01009,0.01019,0.01008,0.01013,611512.19437931
2026-01-18T00:00:00Z,TUSD,0.01010,0.01014,0.00976,0.00978,326894.13185286
2026-01-19T00:00:00Z,TUSD,0.00975,0.00977,0.00932,0.00967,410696.62666856
2026-01-20T00:00:00Z,TUSD,0.00945,0.00945,0.00900,0.00901,120427.78970676
2026-01-21T00:00:00Z,TUSD,0.00902,0.00944,0.00902,0.00934,524410.42196360
2026-01-22T00:00:00Z,TUSD,0.00944,0.00950,0.00915,0.00918,272281.69871665
2026-01-23T00:00:00Z,TUSD,0.00918,0.00937,0.00909,0.00925,780722.80949216
2026-01-24T00:00:00Z,TUSD,0.00926,0.00938,0.00915,0.00930,1682172.65010055
2026-01-25T00:00:00Z,TUSD,0.00920,0.00921,0.00858,0.00858,408412.98508414
2026-01-26T00:00:00Z,TUSD,0.00887,0.00935,0.00886,0.00911,121817.30741104
2026-01-27T00:00:00Z,TUSD,0.00905,0.00924,0.00888,0.00893,976272.35443454
2026-01-28T00:00:00Z,TUSD,0.00895,0.00895,0.00882,0.00890,316461.31472539
2026-01-29T00:00:00Z,TUSD,0.00883,0.00883,0.00817,0.00829,21292197.16006958
2026-01-30T00:00:00Z,TUSD,0.00830,0.00831,0.00795,0.00809,2901086.14932863
2026-01-31T00:00:00Z,TUSD,0.00814,0.00836,0.00721,0.00755,7103693.79607425
2026-02-01T00:00:00Z,TUSD,0.00777,0.00846,0.00748,0.00763,1996293.90003185
2026-02-02T00:00:00Z,TUSD,0.00743,0.00808,0.00732,0.00793,12376014.02674824
2026-02-03T00:00:00Z,TUSD,0.00795,0.00832,0.00775,0.00801,4124014.49186240
2026-02-04T00:00:00Z,TUSD,0.00806,0.00816,0.00757,0.00775,9421593.83417369
2026-02-05T00:00:00Z,TUSD,0.00775,0.00775,0.00640,0.00650,9660959.29727336
2026-02-06T00:00:00Z,TUSD,0.00644,0.00715,0.00594,0.00709,6235341.61989502
2026-02-07T00:00:00Z,TUSD,0.00702,0.00720,0.00677,0.00720,2273804.78072942
2026-02-08T00:00:00Z,TUSD,0.00719,0.00723,0.00692,0.00692,1839310.63388897
2026-02-09T00:00:00Z,TUSD,0.00691,0.00698,0.00669,0.00698,465246.63864382
2026-02-10T00:00:00Z,TUSD,0.00693,0.00719,0.00677,0.00719,3102850.75264201
2026-02-11T00:00:00Z,TUSD,0.00710,0.00724,0.00699,0.00718,1659409.50774510
2026-02-12T00:00:00Z,TUSD,0.00716,0.00734,0.00705,0.00730,1186643.81344887
2026-02-13T00:00:00Z,TUSD,0.00723,0.00752,0.00713,0.00752,1160755.17114468
2026-02-14T00:00:00Z,TUSD,0.00750,0.00771,0.00750,0.00769,333952.40221236
2026-02-15T00:00:00Z,TUSD,0.00750,0.00753,0.00722,0.00727,155284.36856597
2026-02-16T00:00:00Z,TUSD,0.00732,0.00740,0.00725,0.00737,410089.84345511
2026-02-17T00:00:00Z,TUSD,0.00739,0.00739,0.00723,0.00737,684479.70918404
2026-02-18T00:00:00Z,TUSD,0.00744,0.00747,0.00713,0.00713,622947.42603572
2026-02-19T00:00:00Z,TUSD,0.00709,0.00714,0.00678,0.00701,489606.73449169
2026-02-20T00:00:00Z,TUSD,0.00705,0.00720,0.00696,0.00717,481883.45222196
2026-02-21T00:00:00Z,TUSD,0.00711,0.00712,0.00709,0.00712,46899.37542326
2026-02-22T00:00:00Z,TUSD,0.00694,0.00694,0.00673,0.00677,1261377.36441507
2026-02-23T00:00:00Z,TUSD,0.00671,0.00671,0.00631,0.00632,976849.37528990
2026-02-24T00:00:00Z,TUSD,0.00632,0.00661,0.00626,0.00644,2168777.64095975
2026-02-25T00:00:00Z,TUSD,0.00635,0.00676,0.00635,0.00670,447080.03540031
2026-02-26T00:00:00Z,TUSD,0.00665,0.00679,0.00638,0.00660,1280461.89479821
2026-02-27T00:00:00Z,TUSD,0.00663,0.00672,0.00640,0.00650,341813.94285560
2026-02-28T00:00:00Z,TUSD,0.00648,0.00668,0.00617,0.00668,821466.09670989
2026-03-01T00:00:00Z,TUSD,0.00660,0.00682,0.00640,0.00660,523416.58566519
2026-03-02T00:00:00Z,TUSD,0.00657,0.00703,0.00653,0.00687,1369404.71510866
2026-03-03T00:00:00Z,TUSD,0.00674,0.00678,0.00647,0.00650,552527.71895390
2026-03-04T00:00:00Z,TUSD,0.00653,0.00672,0.00647,0.00661,658811.95484797
2026-03-05T00:00:00Z,TUSD,0.00660,0.00663,0.00637,0.00644,390114.43523062
2026-03-06T00:00:00Z,TUSD,0.00648,0.00710,0.00643,0.00657,3685722.08372321
2026-03-07T00:00:00Z,TUSD,0.00648,0.00726,0.00634,0.00638,2409730.93207375
2026-03-08T00:00:00Z,TUSD,0.00642,0.00682,0.00642,0.00653,1688876.73547958
2026-03-09T00:00:00Z,TUSD,0.00650,0.00667,0.00650,0.00653,5576551.75183162
2026-03-10T00:00:00Z,TUSD,0.00662,0.00664,0.00647,0.00647,879525.18100725
2026-03-11T00:00:00Z,TUSD,0.00652,0.00700,0.00652,0.00668,4034234.75198856
2026-03-12T00:00:00Z,TUSD,0.00663,0.00669,0.00654,0.00669,80278.35307429
2026-03-13T00:00:00Z,TUSD,0.00667,0.00672,0.00658,0.00658,293899.15502863
2026-03-14T00:00:00Z,TUSD,0.00651,0.00651,0.00636,0.00636,301515.52623895
2026-03-15T00:00:00Z,TUSD,0.00648,0.00656,0.00647,0.00656,512545.51006920
2026-03-16T00:00:00Z,TUSD,0.00658,0.00680,0.00658,0.00680,704555.24892492
2026-03-17T00:00:00Z,TUSD,0.00687,0.00716,0.00667,0.00701,2878423.62927463
2026-03-18T00:00:00Z,TUSD,0.00715,0.00762,0.00655,0.00667,1750110.04218958
2026-03-19T00:00:00Z,TUSD,0.00664,0.00664,0.00637,0.00653,3010553.65517277
2026-03-20T00:00:00Z,TUSD,0.00659,0.00683,0.00659,0.00683,1584863.40011578
2026-03-21T00:00:00Z,TUSD,0.00670,0.00671,0.00644,0.00644,506269.17324249
2026-03-22T00:00:00Z,TUSD,0.00640,0.00646,0.00630,0.00630,275981.97181394
2026-03-23T00:00:00Z,TUSD,0.00626,0.00649,0.00550,0.00649,7236914.95712322
2026-03-24T00:00:00Z,TUSD,0.00646,0.00671,0.00638,0.00663,2959325.29919753
2026-03-25T00:00:00Z,TUSD,0.00669,0.00671,0.00651,0.00655,173892.89499767
2026-03-26T00:00:00Z,TUSD,0.00649,0.00649,0.00616,0.00616,642683.14803380
2026-03-27T00:00:00Z,TUSD,0.00621,0.00622,0.00604,0.00604,219223.83529567
2026-03-28T00:00:00Z,TUSD,0.00606,0.00612,0.00599,0.00606,238111.19442359
2026-03-29T00:00:00Z,TUSD,0.00601,0.00601,0.00593,0.00593,623271.75827508
2026-03-30T00:00:00Z,TUSD,0.00603,0.00611,0.00596,0.00596,235182.17742188
2026-03-31T00:00:00Z,TUSD,0.00600,0.00604,0.00589,0.00604,400658.47603929
2026-04-01T00:00:00Z,TUSD,0.00614,0.00616,0.00607,0.00616,286576.16334305
2026-04-02T00:00:00Z,TUSD,0.00615,0.00626,0.00600,0.00600,150037.68147707
2026-04-03T00:00:00Z,TUSD,0.00604,0.00621,0.00602,0.00608,2172204.42099929
2026-04-04T00:00:00Z,TUSD,0.00612,0.00618,0.00612,0.00612,162069.73415237
2026-04-05T00:00:00Z,TUSD,0.00618,0.00659,0.00604,0.00607,3060338.28538976
2026-04-06T00:00:00Z,TUSD,0.00621,0.00621,0.00614,0.00614,33022.38064778
2026-04-07T00:00:00Z,TUSD,0.00603,0.00633,0.00603,0.00631,256166.39212417
2026-04-08T00:00:00Z,TUSD,0.00628,0.00635,0.00613,0.00613,695228.50515486
2026-04-09T00:00:00Z,TUSD,0.00615,0.00623,0.00612,0.00623,974375.38516108
2026-04-10T00:00:00Z,TUSD,0.00615,0.00626,0.00614,0.00625,104028.39289460
2026-04-11T00:00:00Z,TUSD,0.00623,0.00638,0.00617,0.00629,474231.44950759
2026-04-12T00:00:00Z,TUSD,0.00629,0.00629,0.00605,0.00615,830735.36183376
2026-04-13T00:00:00Z,TUSD,0.00608,0.00630,0.00606,0.00628,246097.18106682
2026-04-14T00:00:00Z,TUSD,0.00620,0.00622,0.00603,0.00609,6162324.44774291
2026-04-15T00:00:00Z,TUSD,0.00611,0.00625,0.00610,0.00625,491839.99643652
2026-04-16T00:00:00Z,TUSD,0.00623,0.00642,0.00623,0.00639,1547771.07121272
2026-04-17T00:00:00Z,TUSD,0.00641,0.00679,0.00637,0.00668,2382876.28436511
2026-04-18T00:00:00Z,TUSD,0.00661,0.00661,0.00637,0.00643,1401829.72689457
2026-04-19T00:00:00Z,TUSD,0.00630,0.00630,0.00621,0.00621,291590.93019765
2026-04-20T00:00:00Z,TUSD,0.00630,0.00649,0.00630,0.00640,460177.45635519
2026-04-21T00:00:00Z,TUSD,0.00635,0.00638,0.00629,0.00635,58122.06160287
2026-04-22T00:00:00Z,TUSD,0.00634,0.00639,0.00633,0.00633,53144.06138104
2026-04-23T00:00:00Z,TUSD,0.00617,0.00621,0.00612,0.00617,816717.65517142
2026-04-24T00:00:00Z,TUSD,0.00617,0.00624,0.00615,0.00619,1775788.18170315
2026-04-25T00:00:00Z,TUSD,0.00622,0.00629,0.00615,0.00615,741665.52528247
2026-04-26T00:00:00Z,TUSD,0.00624,0.00628,0.00624,0.00626,912451.16193421
2026-04-27T00:00:00Z,TUSD,0.00627,0.00627,0.00602,0.00607,739282.76438062
2026-04-28T00:00:00Z,TUSD,0.00610,0.00611,0.00605,0.00606,510924.07348886
2026-04-29T00:00:00Z,TUSD,0.00608,0.00610,0.00576,0.00588,1370486.96824700
2026-04-30T00:00:00Z,TUSD,0.00582,0.00586,0.00581,0.00582,74803.49400986
2026-05-01T00:00:00Z,TUSD,0.00587,0.00595,0.00587,0.00590,17931.23499619
2026-05-02T00:00:00Z,TUSD,0.00595,0.00595,0.00595,0.00595,183.04351000
2026-05-03T00:00:00Z,TUSD,0.00584,0.00597,0.00584,0.00596,198354.55236019
2026-05-04T00:00:00Z,TUSD,0.00595,0.00604,0.00590,0.00590,271067.78448243
2026-05-05T00:00:00Z,TUSD,0.00596,0.00614,0.00596,0.00603,149437.55333844
2026-05-06T00:00:00Z,TUSD,0.00603,0.00622,0.00603,0.00612,262070.92155168
2026-05-07T00:00:00Z,TUSD,0.00613,0.00614,0.00603,0.00611,25436.47899824
2026-05-08T00:00:00Z,TUSD,0.00608,0.00624,0.00603,0.00624,268784.27890937
2026-05-09T00:00:00Z,TUSD,0.00630,0.00634,0.00623,0.00623,31156.98417368
2026-05-10T00:00:00Z,TUSD,0.00617,0.00646,0.00615,0.00635,354102.81430243
2026-05-11T00:00:00Z,TUSD,0.00631,0.00650,0.00626,0.00647,219241.95544851
2026-05-12T00:00:00Z,TUSD,0.00645,0.00645,0.00614,0.00619,564050.42632584
2026-05-13T00:00:00Z,TUSD,0.00623,0.00634,0.00598,0.00602,946566.86337060
2026-05-14T00:00:00Z,TUSD,0.00601,0.00614,0.00595,0.00612,178042.74449239
2026-05-15T00:00:00Z,TUSD,0.00604,0.00604,0.00579,0.00585,405489.04628433
2026-05-16T00:00:00Z,TUSD,0.00576,0.00576,0.00561,0.00567,322565.61963393
2026-05-17T00:00:00Z,TUSD,0.00566,0.00573,0.00539,0.00545,1363443.66833369
2026-05-18T00:00:00Z,TUSD,0.00543,0.00548,0.00533,0.00544,507018.62636601
2026-05-19T00:00:00Z,TUSD,0.00542,0.00543,0.00530,0.00530,86030.19439928
2026-05-20T00:00:00Z,TUSD,0.00530,0.00542,0.00530,0.00530,253512.04410773
2026-05-21T00:00:00Z,TUSD,0.00539,0.00547,0.00536,0.00547,366192.71299444
2026-05-22T00:00:00Z,TUSD,0.00548,0.00554,0.00519,0.00520,900798.12363846
2026-05-23T00:00:00Z,TUSD,0.00532,0.00555,0.00517,0.00542,2983249.49563235
2026-05-24T00:00:00Z,TUSD,0.00535,0.00535,0.00512,0.00519,867676.83646585
2026-05-25T00:00:00Z,TUSD,0.00527,0.00530,0.00521,0.00524,1572781.27898332
2026-05-26T00:00:00Z,TUSD,0.00525,0.00525,0.00506,0.00506,688308.95227051
2026-05-27T00:00:00Z,TUSD,0.00503,0.00513,0.00495,0.00495,1812304.11519024
2026-05-28T00:00:00Z,TUSD,0.00497,0.00499,0.00465,0.00474,3978563.41280250
2026-05-29T00:00:00Z,TUSD,0.00477,0.00485,0.00463,0.00478,3013181.87193221
2026-05-30T00:00:00Z,TUSD,0.00480,0.00488,0.00478,0.00478,1855355.46575697
2026-05-31T00:00:00Z,TUSD,0.00481,0.00493,0.00475,0.00486,1984289.53290533
2026-06-01T00:00:00Z,TUSD,0.00487,0.00490,0.00476,0.00489,531269.25839537
2026-06-02T00:00:00Z,TUSD,0.00490,0.00490,0.00442,0.00449,991703.28730033
2026-06-03T00:00:00Z,TUSD,0.00456,0.00467,0.00448,0.00450,5423095.54193112
2026-06-04T00:00:00Z,TUSD,0.00452,0.00452,0.00409,0.00417,7707987.93501658
2026-06-05T00:00:00Z,TUSD,0.00417,0.00417,0.00365,0.00381,8451209.98992180
2026-06-06T00:00:00Z,TUSD,0.00384,0.00386,0.00356,0.00377,3658177.55474870
2026-06-07T00:00:00Z,TUSD,0.00378,0.00394,0.00373,0.00393,4906197.60964151
2026-06-08T00:00:00Z,TUSD,0.00387,0.00395,0.00380,0.00387,3659514.21944511
2026-06-09T00:00:00Z,TUSD,0.00386,0.00386,0.00366,0.00370,7135595.38264288
2026-06-10T00:00:00Z,TUSD,0.00370,0.00377,0.00356,0.00361,6613723.84741599
2026-06-11T00:00:00Z,TUSD,0.00363,0.00383,0.00363,0.00380,2152011.09927428
2026-06-12T00:00:00Z,TUSD,0.00378,0.00384,0.00375,0.00378,616879.64859183
2026-06-13T00:00:00Z,TUSD,0.00380,0.00412,0.00380,0.00388,8371940.64070427
2026-06-14T00:00:00Z,TUSD,0.00387,0.00387,0.00370,0.00385,1594309.78468998
2026-06-15T00:00:00Z,TUSD,0.00387,0.00397,0.00382,0.00385,758399.41367006
2026-06-16T00:00:00Z,TUSD,0.00388,0.00388,0.00377,0.00382,324745.90642030
2026-06-17T00:00:00Z,TUSD,0.00379,0.00388,0.00375,0.00376,1768278.40130822
2026-06-18T00:00:00Z,TUSD,0.00377,0.00385,0.00351,0.00359,2158102.06516015
2026-06-19T00:00:00Z,TUSD,0.00360,0.00360,0.00350,0.00354,1035780.69385177
2026-06-20T00:00:00Z,TUSD,0.00356,0.00373,0.00353,0.00369,1328925.03912677
2026-06-21T00:00:00Z,TUSD,0.00377,0.00377,0.00359,0.00359,288788.44798900
2026-06-22T00:00:00Z,TUSD,0.00362,0.00367,0.00357,0.00357,933498.30499234
2026-06-23T00:00:00Z,TUSD,0.00357,0.00394,0.00339,0.00345,16045766.14255733
2026-06-24T00:00:00Z,TUSD,0.00345,0.00361,0.00326,0.00338,1621618.43134165
2026-06-25T00:00:00Z,TUSD,0.00336,0.00341,0.00316,0.00327,990347.17734427
2026-06-26T00:00:00Z,TUSD,0.00324,0.00350,0.00317,0.00346,1116743.93684252
2026-06-27T00:00:00Z,TUSD,0.00342,0.00348,0.00342,0.00348,2013226.18435498
2026-06-28T00:00:00Z,TUSD,0.00341,0.00366,0.00341,0.00349,3226926.90854203
2026-06-29T00:00:00Z,TUSD,0.00361,0.00363,0.00341,0.00347,453392.86834705
2026-06-30T00:00:00Z,TUSD,0.00342,0.00342,0.00329,0.00331,482646.25630366
2026-07-01T00:00:00Z,TUSD,0.00327,0.00340,0.00325,0.00340,750137.54658657
2026-07-02T00:00:00Z,TUSD,0.00340,0.00349,0.00338,0.00348,444035.16625077
2026-07-03T00:00:00Z,TUSD,0.00346,0.00362,0.00343,0.00362,293656.21829744
2026-07-04T00:00:00Z,TUSD,0.00357,0.00377,0.00355,0.00365,443124.92519383
2026-07-05T00:00:00Z,TUSD,0.00362,0.00362,0.00349,0.00353,277886.82353121
2026-07-06T00:00:00Z,TUSD,0.00352,0.00361,0.00344,0.00361,529743.92175209
2026-07-07T00:00:00Z,TUSD,0.00353,0.00353,0.00343,0.00343,426992.78853227
2026-07-08T00:00:00Z,TUSD,0.00339,0.00353,0.00334,0.00340,912863.70849279
2026-07-09T00:00:00Z,TUSD,0.00341,0.00341,0.00337,0.00340,54470.65713075
2026-07-10T00:00:00Z,TUSD,0.00341,0.00347,0.00340,0.00342,756538.86325722
2026-07-11T00:00:00Z,TUSD,0.00342,0.00599,0.00341,0.00484,53717514.23576181
2026-07-12T00:00:00Z,TUSD,0.00486,0.00630,0.00456,0.00539,43821130.56864041
2026-07-13T00:00:00Z,TUSD,0.00541,0.00568,0.00467,0.00474,42165664.85244418
2026-07-14T00:00:00Z,TUSD,0.00474,0.00542,0.00428,0.00429,22490638.03889095
2026-07-15T00:00:00Z,TUSD,0.00428,0.00445,0.00401,0.00410,36992613.70616422
2026-07-16T00:00:00Z,TUSD,0.00407,0.00423,0.00390,0.00398,20689102.24742652
2026-07-17T00:00:00Z,TUSD,0.00395,0.00592,0.00394,0.00416,34412274.20967204
2026-07-18T00:00:00Z,TUSD,0.00416,0.00467,0.00399,0.00401,5417858.60078500
2026-07-19T00:00:00Z,TUSD,0.00406,0.00415,0.00389,0.00390,4081918.29902004
2026-07-20T00:00:00Z,TUSD,0.00389,0.00392,0.00366,0.00371,28047321.56749715
2026-07-21T00:00:00Z,TUSD,0.00373,0.00394,0.00366,0.00373,4398434.02621739
2026-07-22T00:00:00Z,TUSD,0.00368,0.00371,0.00362,0.00370,1481868.89696268
2026-07-23T00:00:00Z,TUSD,0.00369,0.00382,0.00367,0.00369,525121.88890863
2026-07-24T00:00:00Z,TUSD,0.00377,0.00380,0.00359,0.00368,1158478.48571201
2026-07-25T00:00:00Z,TUSD,0.00368,0.00369,0.00357,0.00357,979033.99333001
2026-07-26T00:00:00Z,TUSD,0.00355,0.00357,0.00350,0.00352,1338476.48750457
2026-07-27T00:00:00Z,TUSD,0.00352,0.00386,0.00344,0.00346,7648936.66217032
2026-07-28T00:00:00Z,TUSD,0.00348,0.00364,0.00337,0.00348,813086.22712209
2026-07-29T00:00:00Z,TUSD,0.00349,0.00349,0.00327,0.00343,640914.80414237
2026-07-30T00:00:00Z,TUSD,0.00340,0.00340,0.00323,0.00326,292582.06660182
2026-07-31T00:00:00Z,TUSD,0.00323,0.00353,0.00323,0.00342,1487617.87374494
2026-08-01T00:00:00Z,TUSD,0.00339,0.00346,0.00335,0.00335,493530.50622965
2026-08-02T00:00:00Z,TUSD,0.00337,0.00337,0.00326,0.00327,297004.12507681
2026-08-03T00:00:00Z,TUSD,0.00325,0.00352,0.00322,0.00338,1828004.96774269
2026-08-04T00:00:00Z,TUSD,0.00338,0.00339,0.00332,0.00336,680925.38768574
2026-08-05T00:00:00Z,TUSD,0.00339,0.00342,0.00334,0.00337,703847.84762093
2026-08-06T00:00:00Z,TUSD,0.00337,0.00356,0.00337,0.00356,1418364.42351049
2026-08-07T00:00:00Z,TUSD,0.00358,0.00360,0.00352,0.00357,2102888.64226171
2026-08-08T00:00:00Z,TUSD,0.00356,0.00376,0.00356,0.00371,1809743.14680668
2026-08-09T00:00:00Z,TUSD,0.00370,0.00372,0.00365,0.00369,711525.32547588
2026-08-10T00:00:00Z,TUSD,0.00369,0.00369,0.00353,0.00353,398912.09498170
2026-08-11T00:00:00Z,TUSD,0.00356,0.00356,0.00344,0.00345,1405847.09888369
2026-08-12T00:00:00Z,TUSD,0.00346,0.00347,0.00341,0.00341,430863.91367509
2026-08-13T00:00:00Z,TUSD,0.00339,0.00346,0.00339,0.00339,86661.23070042
2026-08-14T00:00:00Z,TUSD,0.00339,0.00339,0.00331,0.00337,1521331.06172880
2026-08-15T00:00:00Z,TUSD,0.00338,0.00344,0.00335,0.00338,955248.95971879
2026-08-16T00:00:00Z,TUSD,0.00338,0.00338,0.00330,0.00330,374643.58671993
2026-08-17T00:00:00Z,TUSD,0.00331,0.00334,0.00331,0.00333,409065.03228620
2026-08-18T00:00:00Z,TUSD,0.00329,0.00329,0.00321,0.00324,835923.43539449
2026-08-19T00:00:00Z,TUSD,0.00323,0.00346,0.00323,0.00342,1043134.17932788
2026-08-20T00:00:00Z,TUSD,0.00343,0.00362,0.00343,0.00362,635810.28700008
2026-08-21T00:00:00Z,TUSD,0.00365,0.00395,0.00363,0.00392,5315630.78594734
2026-08-22T00:00:00Z,TUSD,0.00395,0.00412,0.00375,0.00379,1472756.16466414
2026-08-23T00:00:00Z,TUSD,0.00381,0.00387,0.00359,0.00383,2771856.76324835
2026-08-24T00:00:00Z,TUSD,0.00384,0.00384,0.00369,0.00371,2100150.13038643
2026-08-25T00:00:00Z,TUSD,0.00372,0.00380,0.00361,0.00364,2672277.21976511
2026-08-26T00:00:00Z,TUSD,0.00363,0.00381,0.00360,0.00375,2559890.99257661
2026-08-27T00:00:00Z,TUSD,0.00374,0.00378,0.00365,0.00376,1463527.75060264
2026-08-28T00:00:00Z,TUSD,0.00375,0.00384,0.00356,0.00365,3281074.55017338
2026-08-29T00:00:00Z,TUSD,0.00366,0.00372,0.00363,0.00366,1015874.80071530
2026-08-30T00:00:00Z,TUSD,0.00366,0.00378,0.00352,0.00355,1082687.93760487
2026-08-31T00:00:00Z,TUSD,0.00354,0.00364,0.00354,0.00359,444967.67438414
2026-09-01T00:00:00Z,TUSD,0.00363,0.00368,0.00357,0.00362,2574060.12593504
2026-09-02T00:00:00Z,TUSD,0.00370,0.00750,0.00366,0.00535,122587575.08802913
2026-09-03T00:00:00Z,TUSD,0.00538,0.00575,0.00440,0.00462,18295809.46998381
2026-09-04T00:00:00Z,TUSD,0.00464,0.00464,0.00423,0.00426,5145455.08075887
2026-09-05T00:00:00Z,TUSD,0.00427,0.00442,0.00420,0.00434,1323211.93793874
2026-09-06T00:00:00Z,TUSD,0.00437,0.00524,0.00437,0.00454,17818873.10162498
2026-09-07T00:00:00Z,TUSD,0.00454,0.00491,0.00436,0.00440,5185421.26462954
2026-09-08T00:00:00Z,TUSD,0.00439,0.00470,0.00437,0.00438,2189833.42155886
2026-09-09T00:00:00Z,TUSD,0.00430,0.00444,0.00416,0.00434,2011943.99149973
2026-09-10T00:00:00Z,TUSD,0.00430,0.00430,0.00416,0.00419,1331790.03260827
2026-09-11T00:00:00Z,TUSD,0.00422,0.00428,0.00413,0.00427,5841060.64796380
2026-09-12T00:00:00Z,TUSD,0.00426,0.00439,0.00426,0.00434,1051903.02546540
2026-09-13T00:00:00Z,TUSD,0.00435,0.00443,0.00430,0.00436,2965298.41766131
2026-09-14T00:00:00Z,TUSD,0.00439,0.00621,0.00434,0.00508,38260650.14597273
2026-09-15T00:00:00Z,TUSD,0.00507,0.00620,0.00445,0.00445,26322955.03085486
2026-09-16T00:00:00Z,TUSD,0.00443,0.00452,0.00428,0.00444,11409932.46571375
2026-09-17T00:00:00Z,TUSD,0.00446,0.00470,0.00441,0.00446,3465204.02006773
2026-09-18T00:00:00Z,TUSD,0.00446,0.00492,0.00443,0.00481,5344038.63832871
2026-09-19T00:00:00Z,TUSD,0.00482,0.00489,0.00471,0.00486,1916384.11475308
2026-09-20T00:00:00Z,TUSD,0.00485,0.00621,0.00477,0.00515,24307768.94235996
2026-09-21T00:00:00Z,TUSD,0.00517,0.00528,0.00499,0.00518,7317553.92170993
2026-09-22T00:00:00Z,TUSD,0.00520,0.00536,0.00515,0.00535,12961473.54681762
