timestamp,symbol,open,high,low,close,volume
2022-04-01T00:00:00Z,UMAUSD,8.45,9.0,8.14,8.14,107.68719237
2022-04-02T00:00:00Z,UMAUSD,18.006,18.006,7.824,7.971,5675.1642225299975
2022-04-03T00:00:00Z,UMAUSD,7.972,8.88,7.584,8.237,2860.2927367800003
2022-04-04T00:00:00Z,UMAUSD,8.18,8.699,7.798,8.191,1642.8959249899997
2022-04-05T00:00:00Z,UMAUSD,8.125,8.499,7.794,7.902,3354.5886898299996
2022-04-06T00:00:00Z,UMAUSD,7.852,7.905,6.659,6.902,6190.25670316
2022-04-07T00:00:00Z,UMAUSD,6.881,8.077,6.807,7.452,1115.7854767699998
2022-04-08T00:00:00Z,UMAUSD,7.434,8.764,6.733,7.172,892.7268758299995
2022-04-09T00:00:00Z,UMAUSD,7.086,7.476,6.985,7.292,539.5598097200001
2022-04-10T00:00:00Z,UMAUSD,7.292,7.8,7.067,7.197,2049.7591126599996
2022-04-11T00:00:00Z,UMAUSD,7.034,7.344,6.121,6.158,1113.2094976499998
2022-04-12T00:00:00Z,UMAUSD,6.136,7.009,6.136,6.46,503.27147786000023
2022-04-13T00:00:00Z,UMAUSD,6.48,6.732,6.147,6.55,154.56710677
2022-04-14T00:00:00Z,UMAUSD,6.602,6.789,6.23,6.316,1485.1700967699996
2022-04-15T00:00:00Z,UMAUSD,6.347,6.576,6.112,6.423,345.2342104600001
2022-04-16T00:00:00Z,UMAUSD,6.412,6.443,6.295,6.333,295.25577029000004
2022-04-17T00:00:00Z,UMAUSD,6.402,6.514,6.304,6.351,189.36442104000002
2022-04-18T00:00:00Z,UMAUSD,6.109,6.429,5.707,6.355,1709.5284925999983
2022-04-19T00:00:00Z,UMAUSD,6.325,8.25,6.183,6.307,933.0214857399989
2022-04-20T00:00:00Z,UMAUSD,6.4,7.754,6.281,6.401,2170.1744829099976
2022-04-21T00:00:00Z,UMAUSD,6.389,7.0,6.18,6.191,4586.07486438
2022-04-22T00:00:00Z,UMAUSD,6.167,6.213,5.951,6.077,1129.01794779
2022-04-23T00:00:00Z,UMAUSD,6.096,6.895,5.75,6.26,1058.1133007699998
2022-04-24T00:00:00Z,UMAUSD,6.244,6.777,5.669,6.095,525.4394121499998
2022-04-25T00:00:00Z,UMAUSD,6.049,6.153,5.576,5.957,1752.2937495499991
2022-04-26T00:00:00Z,UMAUSD,5.92,6.253,5.52,5.52,375.14139111000003
2022-04-27T00:00:00Z,UMAUSD,5.699,5.769,5.53,5.6,874.7342694
2022-04-28T00:00:00Z,UMAUSD,5.6,5.895,5.516,5.583,277.06977629999994
2022-04-29T00:00:00Z,UMAUSD,5.516,6.73,5.231,5.231,1408.9532999
2022-04-30T00:00:00Z,UMAUSD,5.251,7.08,4.937,5.363,3264.67735611
2022-05-01T00:00:00Z,UMAUSD,5.371,6.25,5.102,5.115,2635.1554602599995
2022-05-02T00:00:00Z,UMAUSD,5.389,5.724,4.287,5.363,1148.53649352
2022-05-03T00:00:00Z,UMAUSD,5.5,5.6,5.007,5.023,2015.26499637
2022-05-04T00:00:00Z,UMAUSD,5.084,5.723,5.084,5.706,299.62179595
2022-05-05T00:00:00Z,UMAUSD,5.663,5.702,2.75,5.184,1232.3318507399997
2022-05-06T00:00:00Z,UMAUSD,5.073,5.994,5.073,5.457,2913.481066459999
2022-05-07T00:00:00Z,UMAUSD,5.724,8.0,5.183,5.285,728.8646642799997
2022-05-08T00:00:00Z,UMAUSD,5.285,5.344,5.052,5.344,583.4643948599995
2022-05-09T00:00:00Z,UMAUSD,5.298,5.5,4.146,4.146,1791.1350433000005
2022-05-10T00:00:00Z,UMAUSD,4.123,4.792,4.012,4.227,2884.2830632900013
2022-05-11T00:00:00Z,UMAUSD,4.168,4.297,2.71,2.721,2766.198105830002
2022-05-12T00:00:00Z,UMAUSD,2.768,3.515,1.771,2.473,2555.395273520001
2022-05-13T00:00:00Z,UMAUSD,2.547,5.032,2.167,3.11,4110.0791235
2022-05-14T00:00:00Z,UMAUSD,3.265,3.4,2.5,2.926,644.2006243799999
2022-05-15T00:00:00Z,UMAUSD,3.242,3.916,2.168,2.949,789.7788408799997
2022-05-16T00:00:00Z,UMAUSD,3.001,3.154,2.731,3.022,1010.1285715600003
2022-05-17T00:00:00Z,UMAUSD,3.136,4.024,3.132,3.351,1021.5230784500001
2022-05-18T00:00:00Z,UMAUSD,3.319,3.707,2.913,3.157,4685.259876690002
2022-05-19T00:00:00Z,UMAUSD,3.039,3.4,3.036,3.17,496.52080327
2022-05-20T00:00:00Z,UMAUSD,3.251,3.916,2.824,3.118,553.93616382
2022-05-21T00:00:00Z,UMAUSD,3.03,4.1,2.872,3.486,2751.4943922600005
2022-05-22T00:00:00Z,UMAUSD,3.453,4.046,3.283,3.283,792.4945398199997
2022-05-23T00:00:00Z,UMAUSD,3.533,3.783,3.49,3.49,698.37341688
2022-05-24T00:00:00Z,UMAUSD,3.537,3.686,3.044,3.469,739.4935160900002
2022-05-25T00:00:00Z,UMAUSD,3.602,3.717,3.043,3.427,249.09533882000002
2022-05-26T00:00:00Z,UMAUSD,3.343,4.325,2.5,3.142,2178.9679638500015
2022-05-27T00:00:00Z,UMAUSD,3.111,3.281,2.853,3.05,1984.8517922700005
2022-05-28T00:00:00Z,UMAUSD,3.033,3.161,3.0,3.156,490.31273249000003
2022-05-29T00:00:00Z,UMAUSD,3.082,3.3,2.93,3.165,688.8503381000002
2022-05-30T00:00:00Z,UMAUSD,3.313,3.397,3.081,3.312,459.1269311
2022-05-31T00:00:00Z,UMAUSD,3.412,3.529,3.193,3.31,693.4132990600001
2022-06-01T00:00:00Z,UMAUSD,3.305,3.35,3.014,3.036,399.12192186
2022-06-02T00:00:00Z,UMAUSD,3.079,3.204,2.813,3.204,249.6888309699999
2022-06-03T00:00:00Z,UMAUSD,3.146,3.191,2.963,3.054,333.50003867
2022-06-04T00:00:00Z,UMAUSD,3.054,3.086,2.98,3.079,61.94122446000001
2022-06-05T00:00:00Z,UMAUSD,3.257,3.35,3.0,3.083,286.99348407
2022-06-06T00:00:00Z,UMAUSD,3.048,3.5,3.042,3.123,410.0153791599999
2022-06-07T00:00:00Z,UMAUSD,3.05,3.441,2.615,3.062,913.1244060199998
2022-06-08T00:00:00Z,UMAUSD,3.069,3.093,2.947,2.947,52.67254704
2022-06-09T00:00:00Z,UMAUSD,2.965,3.27,2.965,3.0,44.38307416999999
2022-06-10T00:00:00Z,UMAUSD,2.9,2.958,2.76,2.846,70.3385227
2022-06-11T00:00:00Z,UMAUSD,2.794,2.824,2.522,2.532,102.05991904000001
2022-06-12T00:00:00Z,UMAUSD,2.404,2.523,2.304,2.304,6230.846658299999
2022-06-13T00:00:00Z,UMAUSD,2.193,4.227,1.929,2.026,598.5327539299997
2022-06-14T00:00:00Z,UMAUSD,2.01,3.876,1.927,2.746,3763.356023669998
2022-06-15T00:00:00Z,UMAUSD,2.878,3.2,1.931,2.83,6340.054693100003
2022-06-16T00:00:00Z,UMAUSD,2.912,3.2,2.301,2.608,2228.5882589300013
2022-06-17T00:00:00Z,UMAUSD,2.641,3.2,2.472,2.65,1911.7900090800006
2022-06-18T00:00:00Z,UMAUSD,2.656,2.775,2.241,2.369,1181.2945180899997
2022-06-19T00:00:00Z,UMAUSD,2.309,2.753,2.309,2.5,600.00506339
2022-06-20T00:00:00Z,UMAUSD,2.45,2.566,2.4,2.499,72.61404750999998
2022-06-21T00:00:00Z,UMAUSD,2.449,2.692,2.249,2.493,1851.1859057300005
2022-06-22T00:00:00Z,UMAUSD,2.458,2.521,2.377,2.417,772.6824033900001
2022-06-23T00:00:00Z,UMAUSD,2.46,3.088,2.422,2.515,1136.8028047700002
2022-06-24T00:00:00Z,UMAUSD,2.518,3.454,2.518,2.9,10621.37280426
2022-06-25T00:00:00Z,UMAUSD,2.843,3.085,2.697,2.817,2136.0843655000012
2022-06-26T00:00:00Z,UMAUSD,2.838,3.027,2.68,2.728,112.24333845000002
2022-06-27T00:00:00Z,UMAUSD,2.721,2.803,2.664,2.728,208.65825882999994
2022-06-28T00:00:00Z,UMAUSD,2.68,2.81,2.578,2.578,1272.1259450199998
2022-06-29T00:00:00Z,UMAUSD,2.605,2.605,2.526,2.537,30.05019328
2022-06-30T00:00:00Z,UMAUSD,2.534,2.558,2.3,2.49,396.5602052699999
2022-07-01T00:00:00Z,UMAUSD,2.497,2.894,2.429,2.528,890.82785656
2022-07-02T00:00:00Z,UMAUSD,2.544,2.656,2.457,2.541,343.57290689000007
2022-07-03T00:00:00Z,UMAUSD,2.607,3.079,2.468,2.653,1654.7338741100007
2022-07-04T00:00:00Z,UMAUSD,2.602,2.9,2.429,2.702,3208.7589431699985
2022-07-05T00:00:00Z,UMAUSD,2.75,2.75,2.582,2.66,1000.0309896800003
2022-07-06T00:00:00Z,UMAUSD,2.647,2.693,2.602,2.668,390.65104080000003
2022-07-07T00:00:00Z,UMAUSD,2.648,2.694,2.62,2.687,688.6898590099997
2022-07-08T00:00:00Z,UMAUSD,2.687,2.743,2.639,2.639,248.07414295
2022-07-09T00:00:00Z,UMAUSD,2.627,2.769,2.627,2.694,100.63535404999999
2022-07-10T00:00:00Z,UMAUSD,2.641,2.769,2.602,2.613,327.95740394
2022-07-11T00:00:00Z,UMAUSD,2.584,2.689,2.486,2.486,474.1305138600001
2022-07-12T00:00:00Z,UMAUSD,2.491,2.571,2.419,2.526,309.3353169
2022-07-13T00:00:00Z,UMAUSD,2.497,2.808,2.394,2.515,6118.245561129993
2022-07-14T00:00:00Z,UMAUSD,2.534,2.616,2.502,2.592,684.6677753600003
2022-07-15T00:00:00Z,UMAUSD,2.6,2.645,2.561,2.61,786.0588786700001
2022-07-16T00:00:00Z,UMAUSD,2.577,2.723,2.577,2.664,209.39838158999999
2022-07-17T00:00:00Z,UMAUSD,2.674,2.714,2.641,2.668,1536.45290432
2022-07-18T00:00:00Z,UMAUSD,2.686,2.769,2.68,2.728,407.52903095000005
2022-07-19T00:00:00Z,UMAUSD,2.744,3.25,2.654,2.865,4291.754585609996
2022-07-20T00:00:00Z,UMAUSD,2.866,2.935,2.645,2.724,2889.9231335100008
2022-07-21T00:00:00Z,UMAUSD,2.649,2.769,2.6,2.711,874.0273393200001
2022-07-22T00:00:00Z,UMAUSD,2.769,2.808,2.571,2.618,201.32640268999998
2022-07-23T00:00:00Z,UMAUSD,2.649,3.21,2.641,2.796,1661.0675946099996
2022-07-24T00:00:00Z,UMAUSD,2.798,3.032,2.78,2.843,283.30595451000005
2022-07-25T00:00:00Z,UMAUSD,2.802,2.852,2.639,2.639,325.7639283100001
2022-07-26T00:00:00Z,UMAUSD,2.639,2.641,2.5,2.565,1468.4782352299999
2022-07-27T00:00:00Z,UMAUSD,2.572,2.741,2.572,2.723,199.75273968
2022-07-28T00:00:00Z,UMAUSD,2.754,3.434,2.754,2.886,1828.8953828099984
2022-07-29T00:00:00Z,UMAUSD,2.856,3.274,2.855,3.064,4183.833144750001
2022-07-30T00:00:00Z,UMAUSD,3.067,3.156,2.928,2.936,98.22333786999997
2022-07-31T00:00:00Z,UMAUSD,3.027,3.215,2.9,2.977,142.74589326999995
2022-08-01T00:00:00Z,UMAUSD,2.982,3.027,2.894,2.935,1500.0401491399998
2022-08-02T00:00:00Z,UMAUSD,2.946,3.129,2.868,2.992,324.96810991
2022-08-03T00:00:00Z,UMAUSD,2.913,3.101,2.913,2.957,757.76180874
2022-08-04T00:00:00Z,UMAUSD,3.005,3.03,2.928,2.931,50.15606776
2022-08-05T00:00:00Z,UMAUSD,2.973,3.055,2.973,3.055,139.82085491
2022-08-06T00:00:00Z,UMAUSD,3.055,3.147,3.023,3.046,207.67676443999997
2022-08-07T00:00:00Z,UMAUSD,3.001,3.085,3.001,3.085,39.845415939999995
2022-08-08T00:00:00Z,UMAUSD,3.101,3.181,3.046,3.05,149.82400425
2022-08-09T00:00:00Z,UMAUSD,3.098,3.098,2.92,2.94,77.37420921
2022-08-10T00:00:00Z,UMAUSD,2.932,3.101,2.88,3.095,957.9840416600003
2022-08-11T00:00:00Z,UMAUSD,3.107,3.145,3.021,3.021,143.82665343999997
2022-08-12T00:00:00Z,UMAUSD,3.001,3.4,3.001,3.237,589.05111141
2022-08-13T00:00:00Z,UMAUSD,3.187,4.51,3.137,3.75,8352.638662559997
2022-08-14T00:00:00Z,UMAUSD,3.7,3.934,3.348,3.533,5674.695088279999
2022-08-15T00:00:00Z,UMAUSD,3.495,3.806,3.314,3.37,758.9884059299997
2022-08-16T00:00:00Z,UMAUSD,3.388,3.895,3.185,3.33,1257.0658594300003
2022-08-17T00:00:00Z,UMAUSD,3.339,3.607,3.25,3.263,617.6108813299999
2022-08-18T00:00:00Z,UMAUSD,3.231,3.5,3.136,3.152,444.7583007800001
2022-08-19T00:00:00Z,UMAUSD,3.1,3.137,2.787,2.828,1745.2407401599992
2022-08-20T00:00:00Z,UMAUSD,2.879,3.132,2.828,2.87,327.3315099699999
2022-08-21T00:00:00Z,UMAUSD,2.882,2.943,2.828,2.921,161.10862393000002
2022-08-22T00:00:00Z,UMAUSD,2.898,3.055,2.8,2.898,232.28963941
2022-08-23T00:00:00Z,UMAUSD,2.909,3.194,2.87,3.007,1064.5887454
2022-08-24T00:00:00Z,UMAUSD,2.96,3.01,2.87,2.914,33.02992448
2022-08-25T00:00:00Z,UMAUSD,3.01,3.101,2.929,2.984,86.88705736999998
2022-08-26T00:00:00Z,UMAUSD,2.917,2.975,2.667,2.724,421.91772710999993
2022-08-27T00:00:00Z,UMAUSD,2.681,2.754,2.601,2.643,308.34215910000006
2022-08-28T00:00:00Z,UMAUSD,2.647,2.85,2.626,2.626,1063.27131892
2022-08-29T00:00:00Z,UMAUSD,2.6,3.0,2.6,2.799,1939.4412558799995
2022-08-30T00:00:00Z,UMAUSD,2.874,2.891,2.741,2.752,449.97235813000003
2022-08-31T00:00:00Z,UMAUSD,2.795,2.831,2.669,2.669,112.50881369999999
2022-09-01T00:00:00Z,UMAUSD,2.748,2.754,2.666,2.701,142.38301423000001
2022-09-02T00:00:00Z,UMAUSD,2.754,3.0,2.736,2.741,479.18705997999996
2022-09-03T00:00:00Z,UMAUSD,2.732,2.788,2.721,2.75,55.23393928
2022-09-04T00:00:00Z,UMAUSD,2.731,2.731,2.731,2.731,14.0
2022-09-05T00:00:00Z,UMAUSD,2.747,2.767,2.68,2.722,124.85760503
2022-09-06T00:00:00Z,UMAUSD,2.754,2.773,2.53,2.547,439.29791921999987
2022-09-07T00:00:00Z,UMAUSD,2.512,2.652,2.475,2.652,682.9444025
2022-09-08T00:00:00Z,UMAUSD,2.636,2.754,2.585,2.666,337.27875361
2022-09-09T00:00:00Z,UMAUSD,2.664,2.774,2.651,2.752,1672.5258883699992
2022-09-10T00:00:00Z,UMAUSD,2.781,2.918,2.719,2.845,605.9696968800002
2022-09-11T00:00:00Z,UMAUSD,2.788,2.84,2.787,2.81,1692.30413974
2022-09-12T00:00:00Z,UMAUSD,2.746,2.815,2.733,2.733,127.62463712000002
2022-09-13T00:00:00Z,UMAUSD,2.795,2.945,2.618,2.629,597.1662883099999
2022-09-14T00:00:00Z,UMAUSD,2.6,2.614,2.582,2.614,28.01691044
2022-09-15T00:00:00Z,UMAUSD,2.55,2.596,2.529,2.55,320.66682203999994
2022-09-16T00:00:00Z,UMAUSD,2.535,2.557,2.506,2.557,81.64384301000001
2022-09-17T00:00:00Z,UMAUSD,2.557,2.596,2.557,2.596,132.84078891000001
2022-09-18T00:00:00Z,UMAUSD,2.562,2.562,2.4,2.4,115.68509255
2022-09-19T00:00:00Z,UMAUSD,2.37,2.499,2.361,2.403,150.48097542
2022-09-20T00:00:00Z,UMAUSD,2.483,2.499,2.361,2.361,117.34101946999999
2022-09-21T00:00:00Z,UMAUSD,2.35,2.411,2.291,2.309,289.5836296099999
2022-09-22T00:00:00Z,UMAUSD,2.339,2.44,2.339,2.411,100.15775491
2022-09-23T00:00:00Z,UMAUSD,2.411,2.433,2.309,2.369,640.8940258299999
2022-09-24T00:00:00Z,UMAUSD,2.375,2.411,2.368,2.368,91.57829376000001
2022-09-25T00:00:00Z,UMAUSD,2.368,2.557,2.352,2.352,377.01850871999994
2022-09-26T00:00:00Z,UMAUSD,2.372,2.795,2.35,2.382,1204.0792278099996
2022-09-27T00:00:00Z,UMAUSD,2.419,2.436,2.334,2.345,370.8785057700001
2022-09-28T00:00:00Z,UMAUSD,2.34,2.345,2.25,2.345,404.3271912
2022-09-29T00:00:00Z,UMAUSD,2.329,2.329,2.299,2.328,31.08912381
2022-09-30T00:00:00Z,UMAUSD,2.336,2.349,2.312,2.32,112.71471884000002
2022-10-01T00:00:00Z,UMAUSD,2.367,2.375,2.292,2.292,53.51994554
2022-10-02T00:00:00Z,UMAUSD,2.291,2.34,2.103,2.257,7288.397784989998
2022-10-03T00:00:00Z,UMAUSD,2.246,2.293,2.246,2.293,207.59914511999997
2022-10-04T00:00:00Z,UMAUSD,2.298,2.321,2.296,2.302,468.97805478
2022-10-05T00:00:00Z,UMAUSD,2.296,2.403,2.284,2.308,164.89689114
2022-10-06T00:00:00Z,UMAUSD,2.312,2.312,2.288,2.292,36.55087779
2022-10-07T00:00:00Z,UMAUSD,2.267,2.31,2.267,2.285,4.287800799999999
2022-10-08T00:00:00Z,UMAUSD,2.305,2.305,2.282,2.282,55.74809
2022-10-09T00:00:00Z,UMAUSD,2.265,2.285,2.265,2.285,8.77994232
2022-10-10T00:00:00Z,UMAUSD,2.301,2.301,2.199,2.199,112.60009099999999
2022-10-11T00:00:00Z,UMAUSD,2.166,2.166,2.135,2.135,39.93468255
2022-10-12T00:00:00Z,UMAUSD,2.148,2.324,2.127,2.238,100.25670967999999
2022-10-13T00:00:00Z,UMAUSD,2.252,2.435,2.096,2.201,2792.8924806899995
2022-10-14T00:00:00Z,UMAUSD,2.214,2.272,1.842,2.175,1598.0830617299996
2022-10-15T00:00:00Z,UMAUSD,2.166,2.192,2.143,2.143,27.499431180000002
2022-10-16T00:00:00Z,UMAUSD,2.168,2.446,2.163,2.265,985.7444509300001
2022-10-17T00:00:00Z,UMAUSD,2.232,2.306,2.224,2.232,213.53331494999998
2022-10-18T00:00:00Z,UMAUSD,2.244,2.375,2.198,2.224,680.0760040399999
2022-10-19T00:00:00Z,UMAUSD,2.171,2.206,2.135,2.135,134.19450712
2022-10-20T00:00:00Z,UMAUSD,2.16,2.247,2.152,2.152,224.28752251999998
2022-10-21T00:00:00Z,UMAUSD,2.205,2.298,2.106,2.173,351.3550755000001
2022-10-22T00:00:00Z,UMAUSD,2.169,2.248,2.159,2.166,195.96033685999998
2022-10-23T00:00:00Z,UMAUSD,2.205,2.205,2.134,2.205,47.8363603
2022-10-24T00:00:00Z,UMAUSD,2.206,2.264,2.159,2.199,1048.02777774
2022-10-25T00:00:00Z,UMAUSD,2.272,2.292,2.081,2.183,460.5692442499998
2022-10-26T00:00:00Z,UMAUSD,2.238,2.238,2.203,2.228,300.73718972000006
2022-10-27T00:00:00Z,UMAUSD,2.237,2.264,2.184,2.184,838.9719221299999
2022-10-28T00:00:00Z,UMAUSD,2.166,2.238,2.135,2.238,448.46108734
2022-10-29T00:00:00Z,UMAUSD,2.223,2.287,2.199,2.199,98.81728305
2022-10-30T00:00:00Z,UMAUSD,2.26,2.5,2.247,2.306,750.65481727
2022-10-31T00:00:00Z,UMAUSD,2.232,2.334,2.209,2.24,241.13153487
2022-11-01T00:00:00Z,UMAUSD,2.272,2.622,2.203,2.223,1010.1214966799997
2022-11-02T00:00:00Z,UMAUSD,2.23,2.272,2.135,2.205,168.42535696999997
2022-11-03T00:00:00Z,UMAUSD,2.205,2.383,2.203,2.288,372.1853780899999
2022-11-04T00:00:00Z,UMAUSD,2.305,2.431,2.303,2.374,413.1374556200001
2022-11-05T00:00:00Z,UMAUSD,2.375,2.471,2.368,2.375,60.561652089999995
2022-11-06T00:00:00Z,UMAUSD,2.368,2.5,2.3,2.3,425.89388538
2022-11-07T00:00:00Z,UMAUSD,2.299,2.36,2.204,2.265,144.13787602000002
2022-11-08T00:00:00Z,UMAUSD,2.232,2.299,1.95,1.954,410.27691499000014
2022-11-09T00:00:00Z,UMAUSD,2.001,2.14,1.5,1.5,1882.42313805
2022-11-10T00:00:00Z,UMAUSD,1.664,2.141,1.501,2.024,834.63425174
2022-11-11T00:00:00Z,UMAUSD,1.9,2.024,1.55,1.767,1016.04517678
2022-11-12T00:00:00Z,UMAUSD,1.767,2.14,1.686,1.881,4201.661785160001
2022-11-13T00:00:00Z,UMAUSD,1.829,1.879,1.625,1.796,116.94413092
2022-11-14T00:00:00Z,UMAUSD,1.624,1.977,1.514,1.66,448.34031375999996
2022-11-15T00:00:00Z,UMAUSD,1.691,1.836,1.548,1.638,280.7809666499999
2022-11-16T00:00:00Z,UMAUSD,1.638,1.697,1.56,1.56,63.47754149
2022-11-17T00:00:00Z,UMAUSD,1.674,1.761,1.341,1.639,3009.5489368000003
2022-11-18T00:00:00Z,UMAUSD,1.642,1.712,1.496,1.64,505.60408113999995
2022-11-19T00:00:00Z,UMAUSD,1.639,1.903,1.595,1.662,527.1100241599999
2022-11-20T00:00:00Z,UMAUSD,1.742,1.794,1.582,1.728,87.34912164
2022-11-21T00:00:00Z,UMAUSD,1.6,1.679,1.493,1.576,48.02974850999999
2022-11-22T00:00:00Z,UMAUSD,1.575,1.725,1.493,1.578,30.02541863
2022-11-23T00:00:00Z,UMAUSD,1.589,1.682,1.532,1.682,394.76025482999995
2022-11-24T00:00:00Z,UMAUSD,1.684,1.723,1.644,1.662,21.722823560000002
2022-11-25T00:00:00Z,UMAUSD,1.621,1.762,1.596,1.657,213.53924370999997
2022-11-26T00:00:00Z,UMAUSD,1.695,1.726,1.655,1.655,50.65331848
2022-11-27T00:00:00Z,UMAUSD,1.744,2.173,1.448,1.707,2059.7440507100005
2022-11-28T00:00:00Z,UMAUSD,1.651,1.761,1.622,1.622,1038.0612333299996
2022-11-29T00:00:00Z,UMAUSD,1.649,1.689,1.649,1.661,618.5253354299999
2022-11-30T00:00:00Z,UMAUSD,1.671,1.709,1.671,1.705,930.5287250500002
2022-12-01T00:00:00Z,UMAUSD,1.697,1.757,1.694,1.694,969.7761615599999
2022-12-02T00:00:00Z,UMAUSD,1.704,1.736,1.694,1.72,912.2258981099997
2022-12-03T00:00:00Z,UMAUSD,1.72,1.754,1.693,1.693,634.5805978300001
2022-12-04T00:00:00Z,UMAUSD,1.701,1.762,1.694,1.727,963.0414045299998
2022-12-05T00:00:00Z,UMAUSD,1.72,1.733,1.705,1.705,392.83013434
2022-12-06T00:00:00Z,UMAUSD,1.715,2.299,1.715,1.964,17997.134308499993
2022-12-07T00:00:00Z,UMAUSD,1.963,2.119,1.754,1.827,11274.452571409991
2022-12-08T00:00:00Z,UMAUSD,1.827,1.865,1.677,1.757,7921.9288961200045
2022-12-09T00:00:00Z,UMAUSD,1.758,1.824,1.752,1.755,1412.2981460099993
2022-12-10T00:00:00Z,UMAUSD,1.738,1.761,1.736,1.761,126.76423388999999
2022-12-11T00:00:00Z,UMAUSD,1.761,1.767,1.706,1.71,241.13106216999995
2022-12-12T00:00:00Z,UMAUSD,1.701,1.744,1.676,1.732,842.3508491300001
2022-12-13T00:00:00Z,UMAUSD,1.718,1.718,1.642,1.704,246.50424491
2022-12-14T00:00:00Z,UMAUSD,1.682,1.735,1.626,1.734,1386.09380181
2022-12-15T00:00:00Z,UMAUSD,1.67,1.67,1.67,1.67,5.0
2022-12-16T00:00:00Z,UMAUSD,1.621,1.621,1.403,1.403,348.49640705
2022-12-17T00:00:00Z,UMAUSD,1.509,1.84,1.497,1.655,5519.154123039998
2022-12-18T00:00:00Z,UMAUSD,1.675,1.838,1.555,1.6,2295.4467172299996
2022-12-19T00:00:00Z,UMAUSD,1.609,1.609,1.496,1.496,383.80440290999996
2022-12-20T00:00:00Z,UMAUSD,1.546,1.746,1.546,1.603,2326.92312814
2022-12-21T00:00:00Z,UMAUSD,1.616,1.683,1.585,1.585,192.51966614000003
2022-12-22T00:00:00Z,UMAUSD,1.598,1.764,1.549,1.575,1584.17480599
2022-12-23T00:00:00Z,UMAUSD,1.619,1.644,1.57,1.583,1351.1237578
2022-12-24T00:00:00Z,UMAUSD,1.595,1.724,1.524,1.724,4742.483564640001
2022-12-25T00:00:00Z,UMAUSD,1.607,1.62,1.582,1.582,484.6059709199999
2022-12-26T00:00:00Z,UMAUSD,1.587,1.609,1.555,1.556,259.67578812
2022-12-27T00:00:00Z,UMAUSD,1.588,1.603,1.588,1.593,149.87393822
2022-12-28T00:00:00Z,UMAUSD,1.541,1.541,1.5,1.514,298.07478367
2022-12-29T00:00:00Z,UMAUSD,1.479,1.511,1.478,1.484,380.74612959999996
2022-12-30T00:00:00Z,UMAUSD,1.515,1.585,1.474,1.482,896.47191946
2022-12-31T00:00:00Z,UMAUSD,1.483,1.507,1.43,1.507,206.5049116
2023-01-01T00:00:00Z,UMAUSD,1.485,1.485,1.485,1.485,4.02653892
2023-01-02T00:00:00Z,UMAUSD,1.527,1.527,1.527,1.527,6.54878848
2023-01-03T00:00:00Z,UMAUSD,1.515,1.515,1.515,1.515,9.9009901
2023-01-04T00:00:00Z,UMAUSD,1.543,1.653,1.524,1.54,599.0865943300001
2023-01-05T00:00:00Z,UMAUSD,1.556,1.556,1.531,1.54,81.21842202
2023-01-06T00:00:00Z,UMAUSD,1.547,1.547,1.504,1.537,42.274042820000005
2023-01-07T00:00:00Z,UMAUSD,1.54,1.64,1.54,1.54,338.32030512
2023-01-08T00:00:00Z,UMAUSD,1.553,1.563,1.54,1.549,479.35355021000004
2023-01-09T00:00:00Z,UMAUSD,1.577,1.778,1.577,1.66,3331.0455196399994
2023-01-10T00:00:00Z,UMAUSD,1.694,1.865,1.694,1.72,2947.13372279
2023-01-11T00:00:00Z,UMAUSD,1.728,1.765,1.658,1.658,1492.8231721999998
2023-01-12T00:00:00Z,UMAUSD,1.717,1.725,1.627,1.723,1280.6140951300004
2023-01-13T00:00:00Z,UMAUSD,1.713,1.765,1.713,1.764,961.0245668100001
2023-01-14T00:00:00Z,UMAUSD,1.778,1.91,1.776,1.86,3846.217764180002
2023-01-15T00:00:00Z,UMAUSD,1.852,1.865,1.802,1.841,1722.6254303900005
2023-01-16T00:00:00Z,UMAUSD,1.832,2.026,1.819,1.91,4351.488467089996
2023-01-17T00:00:00Z,UMAUSD,1.9,2.007,1.846,1.889,3647.289377379999
2023-01-18T00:00:00Z,UMAUSD,1.888,1.957,1.757,1.786,3127.8712773599996
2023-01-19T00:00:00Z,UMAUSD,1.794,1.84,1.789,1.827,1048.0657016000005
2023-01-20T00:00:00Z,UMAUSD,1.838,1.939,1.822,1.939,635.3409615700002
2023-01-21T00:00:00Z,UMAUSD,1.942,2.081,1.885,1.937,6212.131645849996
2023-01-22T00:00:00Z,UMAUSD,1.948,2.205,1.838,1.945,10836.084055859994
2023-01-23T00:00:00Z,UMAUSD,1.945,1.998,1.945,1.996,2455.5976585399994
2023-01-24T00:00:00Z,UMAUSD,1.985,2.373,1.97,2.173,14382.733387990009
2023-01-25T00:00:00Z,UMAUSD,2.173,2.183,1.96,2.03,6136.033815859999
2023-01-26T00:00:00Z,UMAUSD,2.074,2.093,2.024,2.024,1191.2148144500002
2023-01-27T00:00:00Z,UMAUSD,2.038,2.106,2.021,2.065,4072.7090687600003
2023-01-28T00:00:00Z,UMAUSD,2.064,2.207,2.027,2.082,2718.51019291
2023-01-29T00:00:00Z,UMAUSD,2.081,2.14,2.069,2.126,1482.8643814299996
2023-01-30T00:00:00Z,UMAUSD,2.129,2.129,1.964,2.0,1938.0042151
2023-01-31T00:00:00Z,UMAUSD,1.99,2.047,1.969,2.03,764.0834153600001
2023-02-01T00:00:00Z,UMAUSD,2.037,2.086,1.973,2.072,2832.27024907
2023-02-02T00:00:00Z,UMAUSD,2.082,2.143,2.072,2.072,1310.0335822899997
2023-02-03T00:00:00Z,UMAUSD,2.069,2.139,2.065,2.114,1246.7452181499998
2023-02-04T00:00:00Z,UMAUSD,2.114,2.167,2.114,2.155,395.91318086
2023-02-05T00:00:00Z,UMAUSD,2.167,2.173,2.065,2.065,1046.1461132200002
2023-02-06T00:00:00Z,UMAUSD,2.077,2.106,2.065,2.069,758.9006034099999
2023-02-07T00:00:00Z,UMAUSD,2.078,2.17,2.078,2.17,1815.9185387399993
2023-02-08T00:00:00Z,UMAUSD,2.173,2.203,2.121,2.147,6756.400964449998
2023-02-09T00:00:00Z,UMAUSD,2.137,2.137,1.915,1.915,2397.861489900001
2023-02-10T00:00:00Z,UMAUSD,1.927,1.963,1.889,1.889,1235.3455995099998
2023-02-11T00:00:00Z,UMAUSD,1.902,1.96,1.902,1.96,678.12141425
2023-02-12T00:00:00Z,UMAUSD,1.951,1.984,1.909,1.909,1257.87272565
2023-02-13T00:00:00Z,UMAUSD,1.909,1.914,1.855,1.908,2780.988011130001
2023-02-14T00:00:00Z,UMAUSD,1.908,1.963,1.894,1.963,3080.8767459500004
2023-02-15T00:00:00Z,UMAUSD,1.951,2.074,1.942,2.07,2966.74101785
2023-02-16T00:00:00Z,UMAUSD,2.074,2.166,2.013,2.013,2876.29777189
2023-02-17T00:00:00Z,UMAUSD,2.026,2.228,2.026,2.129,3872.6190392899994
2023-02-18T00:00:00Z,UMAUSD,2.134,2.182,2.133,2.147,11288.567272649996
2023-02-19T00:00:00Z,UMAUSD,2.147,2.297,2.139,2.273,2050.5551861900003
2023-02-20T00:00:00Z,UMAUSD,2.275,2.368,2.193,2.257,4558.309043220001
2023-02-21T00:00:00Z,UMAUSD,2.268,3.014,2.068,2.498,37205.827425970034
2023-02-22T00:00:00Z,UMAUSD,2.501,2.703,2.277,2.365,20243.53319482999
2023-02-23T00:00:00Z,UMAUSD,2.365,2.452,2.333,2.333,6004.0191559199975
2023-02-24T00:00:00Z,UMAUSD,2.347,2.75,2.205,2.215,7302.271859239995
2023-02-25T00:00:00Z,UMAUSD,2.214,2.235,2.137,2.155,1854.07908144
2023-02-26T00:00:00Z,UMAUSD,2.167,2.223,2.167,2.202,939.3876586199997
2023-02-27T00:00:00Z,UMAUSD,2.201,2.42,2.189,2.271,4718.09947502
2023-02-28T00:00:00Z,UMAUSD,2.275,2.335,2.173,2.173,2159.9895234599994
2023-03-01T00:00:00Z,UMAUSD,2.157,2.251,2.157,2.227,3493.306717899999
2023-03-02T00:00:00Z,UMAUSD,2.231,2.251,2.168,2.194,905.55028478
2023-03-03T00:00:00Z,UMAUSD,2.199,2.199,2.027,2.03,1573.7015655500002
2023-03-04T00:00:00Z,UMAUSD,2.082,2.166,1.921,2.05,6648.874900350002
2023-03-05T00:00:00Z,UMAUSD,2.075,2.167,1.934,2.081,6638.7676625
2023-03-06T00:00:00Z,UMAUSD,2.07,2.078,2.042,2.042,73.89613284
2023-03-07T00:00:00Z,UMAUSD,2.04,2.047,1.97,1.979,429.51855513000004
2023-03-08T00:00:00Z,UMAUSD,1.953,1.953,1.917,1.928,644.7283958200002
2023-03-09T00:00:00Z,UMAUSD,1.895,1.913,1.725,1.75,1066.65850563
2023-03-10T00:00:00Z,UMAUSD,1.75,1.789,1.667,1.787,1526.5237087300002
2023-03-11T00:00:00Z,UMAUSD,1.818,1.838,1.74,1.797,414.4437540199999
2023-03-12T00:00:00Z,UMAUSD,1.824,1.916,1.816,1.916,714.7896386099999
2023-03-13T00:00:00Z,UMAUSD,1.915,1.992,1.808,1.96,3392.016588019999
2023-03-14T00:00:00Z,UMAUSD,1.992,2.074,1.945,2.011,1810.7402175300006
2023-03-15T00:00:00Z,UMAUSD,2.027,2.042,1.905,1.94,803.62587969
2023-03-16T00:00:00Z,UMAUSD,1.958,2.207,1.958,2.137,4143.357208090002
2023-03-17T00:00:00Z,UMAUSD,2.125,2.155,2.069,2.134,3291.138333069999
2023-03-18T00:00:00Z,UMAUSD,2.147,2.2,2.049,2.049,4796.4091549
2023-03-19T00:00:00Z,UMAUSD,2.062,2.15,2.057,2.097,2835.4409458299992
2023-03-20T00:00:00Z,UMAUSD,2.096,2.299,2.061,2.113,7095.713162989994
2023-03-21T00:00:00Z,UMAUSD,2.114,2.21,2.0,2.066,4430.664135069998
2023-03-22T00:00:00Z,UMAUSD,2.069,2.183,1.999,2.002,3100.001102230002
2023-03-23T00:00:00Z,UMAUSD,2.04,2.141,2.04,2.087,4084.3057843600013
2023-03-24T00:00:00Z,UMAUSD,2.098,2.102,2.013,2.031,901.06997315
2023-03-25T00:00:00Z,UMAUSD,2.018,2.034,1.993,2.034,541.2511638499999
2023-03-26T00:00:00Z,UMAUSD,2.025,2.094,2.02,2.05,759.2381994799998
2023-03-27T00:00:00Z,UMAUSD,2.039,2.46,2.037,2.172,23123.605570479987
2023-03-28T00:00:00Z,UMAUSD,2.183,2.227,2.027,2.089,2310.7142440100006
2023-03-29T00:00:00Z,UMAUSD,2.104,2.134,2.093,2.113,1851.8643072600005
2023-03-30T00:00:00Z,UMAUSD,2.129,2.147,2.053,2.053,1328.3120799800001
2023-03-31T00:00:00Z,UMAUSD,2.062,2.086,2.049,2.081,256.21963414
2023-04-01T00:00:00Z,UMAUSD,2.079,2.155,2.079,2.113,793.76917629
2023-04-02T00:00:00Z,UMAUSD,2.105,2.105,2.053,2.066,413.72594129999993
2023-04-03T00:00:00Z,UMAUSD,2.057,2.074,2.001,2.031,605.8506282399999
2023-04-04T00:00:00Z,UMAUSD,2.026,2.058,2.026,2.058,180.13980069
2023-04-05T00:00:00Z,UMAUSD,2.062,2.155,2.049,2.065,6812.382984569998
2023-04-06T00:00:00Z,UMAUSD,2.065,2.074,2.06,2.06,156.28584224999997
2023-04-07T00:00:00Z,UMAUSD,2.07,2.07,2.049,2.049,144.36933185
2023-04-08T00:00:00Z,UMAUSD,2.058,2.094,2.057,2.057,319.41731022
2023-04-09T00:00:00Z,UMAUSD,2.066,2.094,2.057,2.08,510.39356687
2023-04-10T00:00:00Z,UMAUSD,2.073,2.107,2.073,2.107,566.46937765
2023-04-11T00:00:00Z,UMAUSD,2.114,2.114,2.105,2.106,59.58162092999999
2023-04-12T00:00:00Z,UMAUSD,2.085,2.103,2.049,2.094,1037.3060081200001
2023-04-13T00:00:00Z,UMAUSD,2.097,2.132,2.089,2.113,824.00161212
2023-04-14T00:00:00Z,UMAUSD,2.122,2.139,2.073,2.122,365.97901765
2023-04-15T00:00:00Z,UMAUSD,2.113,2.125,2.113,2.116,62.041380499999995
2023-04-16T00:00:00Z,UMAUSD,2.13,2.167,2.128,2.147,624.48001907
2023-04-17T00:00:00Z,UMAUSD,2.137,2.137,2.1,2.105,400.83946982
2023-04-18T00:00:00Z,UMAUSD,2.11,2.138,2.11,2.13,464.67957359999997
2023-04-19T00:00:00Z,UMAUSD,2.125,2.133,1.972,1.972,2201.968255879999
2023-04-20T00:00:00Z,UMAUSD,1.979,2.178,1.948,2.004,3053.61546623
2023-04-21T00:00:00Z,UMAUSD,2.001,2.081,1.896,1.913,2566.8696733900006
2023-04-22T00:00:00Z,UMAUSD,1.915,1.931,1.915,1.925,137.43982649
2023-04-23T00:00:00Z,UMAUSD,1.952,1.976,1.88,1.909,129.03484362
2023-04-24T00:00:00Z,UMAUSD,1.908,1.948,1.869,1.88,486.43318367
2023-04-25T00:00:00Z,UMAUSD,1.855,1.912,1.841,1.894,1121.9254675899997
2023-04-26T00:00:00Z,UMAUSD,1.901,1.955,1.755,1.872,2447.6691571
2023-04-27T00:00:00Z,UMAUSD,1.883,1.909,1.877,1.907,697.6539968900001
2023-04-28T00:00:00Z,UMAUSD,1.907,1.914,1.873,1.896,465.5095462000001
2023-04-29T00:00:00Z,UMAUSD,1.915,2.114,1.899,1.963,9189.284751230003
2023-04-30T00:00:00Z,UMAUSD,1.964,1.981,1.919,1.919,990.80237827
2023-05-01T00:00:00Z,UMAUSD,1.905,2.074,1.898,1.978,4475.02762792
2023-05-02T00:00:00Z,UMAUSD,1.984,2.9,1.972,2.131,23825.898418869998
2023-05-03T00:00:00Z,UMAUSD,2.121,2.231,1.761,2.01,15658.681346250001
2023-05-04T00:00:00Z,UMAUSD,1.999,2.13,1.997,2.073,5446.669792980001
2023-05-05T00:00:00Z,UMAUSD,2.081,3.25,2.078,2.947,85379.46320207999
2023-05-06T00:00:00Z,UMAUSD,2.952,3.005,2.321,2.342,24039.957956319988
2023-05-07T00:00:00Z,UMAUSD,2.372,3.332,2.366,2.89,33144.42950542001
2023-05-08T00:00:00Z,UMAUSD,2.857,3.156,2.569,2.672,22707.925903419975
2023-05-09T00:00:00Z,UMAUSD,2.668,3.228,2.657,2.769,18964.503844050007
2023-05-10T00:00:00Z,UMAUSD,2.769,2.849,2.474,2.57,20056.21353278
2023-05-11T00:00:00Z,UMAUSD,2.572,2.779,2.318,2.39,12610.51616958
2023-05-12T00:00:00Z,UMAUSD,2.397,2.509,2.289,2.408,3238.1617302
2023-05-13T00:00:00Z,UMAUSD,2.405,2.405,2.32,2.32,2396.1950319200005
2023-05-14T00:00:00Z,UMAUSD,2.274,2.338,2.274,2.338,1464.6593707900001
2023-05-15T00:00:00Z,UMAUSD,2.344,2.392,2.296,2.336,467.25940788
2023-05-16T00:00:00Z,UMAUSD,2.272,2.272,2.169,2.212,1160.6687508999998
2023-05-17T00:00:00Z,UMAUSD,2.198,2.329,2.107,2.253,6393.003671829998
2023-05-18T00:00:00Z,UMAUSD,2.233,2.38,2.138,2.214,3915.63400514
2023-05-19T00:00:00Z,UMAUSD,2.184,2.192,2.161,2.176,851.92350098
2023-05-20T00:00:00Z,UMAUSD,2.169,2.169,2.121,2.144,157.43876771
2023-05-21T00:00:00Z,UMAUSD,2.145,2.146,1.978,2.032,2274.79603174
2023-05-22T00:00:00Z,UMAUSD,2.008,2.093,2.0,2.09,629.04481974
2023-05-23T00:00:00Z,UMAUSD,2.091,2.1,2.052,2.08,376.25467337
2023-05-24T00:00:00Z,UMAUSD,2.081,2.081,1.945,1.99,1519.74947827
2023-05-25T00:00:00Z,UMAUSD,1.992,2.041,1.973,2.0,1736.6976118699995
2023-05-26T00:00:00Z,UMAUSD,2.022,2.04,1.998,2.013,501.54602639000007
2023-05-27T00:00:00Z,UMAUSD,2.015,2.015,2.015,2.015,20.515729999999998
2023-05-28T00:00:00Z,UMAUSD,2.02,2.041,2.014,2.039,358.89860976999995
2023-05-29T00:00:00Z,UMAUSD,2.069,2.069,1.999,1.999,251.86604999999997
2023-05-30T00:00:00Z,UMAUSD,2.01,2.011,1.985,1.995,1352.1850987499995
2023-05-31T00:00:00Z,UMAUSD,2.0,2.0,1.9,1.923,2044.66232474
2023-06-01T00:00:00Z,UMAUSD,1.97,1.97,1.908,1.951,2935.89902592
2023-06-02T00:00:00Z,UMAUSD,1.907,2.012,1.904,2.012,677.98052897
2023-06-03T00:00:00Z,UMAUSD,1.969,2.548,1.963,1.98,13279.725562539998
2023-06-04T00:00:00Z,UMAUSD,1.996,2.055,1.969,1.987,1430.67325812
2023-06-05T00:00:00Z,UMAUSD,1.978,2.0,1.659,1.768,5293.553884569999
2023-06-06T00:00:00Z,UMAUSD,1.772,1.796,1.7,1.796,13568.564698099994
2023-06-07T00:00:00Z,UMAUSD,1.805,1.872,1.748,1.778,2248.7724145199995
2023-06-08T00:00:00Z,UMAUSD,1.794,1.824,1.573,1.767,17937.660756030007
2023-06-09T00:00:00Z,UMAUSD,1.762,1.763,1.747,1.756,325.79282062
2023-06-10T00:00:00Z,UMAUSD,1.669,1.669,1.355,1.482,10345.392629639999
2023-06-11T00:00:00Z,UMAUSD,1.54,1.576,1.516,1.516,1580.46783416
2023-06-12T00:00:00Z,UMAUSD,1.48,1.517,1.48,1.494,514.28878953
2023-06-13T00:00:00Z,UMAUSD,1.544,1.562,1.523,1.547,616.1473455299999
2023-06-14T00:00:00Z,UMAUSD,1.524,1.537,1.443,1.463,600.09756596
2023-06-15T00:00:00Z,UMAUSD,1.467,1.489,1.435,1.475,868.5759241599999
2023-06-16T00:00:00Z,UMAUSD,1.473,1.509,1.473,1.492,227.13454085
2023-06-17T00:00:00Z,UMAUSD,1.494,1.524,1.494,1.524,713.00496082
2023-06-18T00:00:00Z,UMAUSD,1.519,1.52,1.515,1.515,214.49658203
2023-06-19T00:00:00Z,UMAUSD,1.497,1.499,1.484,1.491,181.888915
2023-06-20T00:00:00Z,UMAUSD,1.49,1.578,1.49,1.565,2062.99438374
2023-06-21T00:00:00Z,UMAUSD,1.579,1.645,1.579,1.629,1375.7534537699999
2023-06-22T00:00:00Z,UMAUSD,1.652,1.656,1.572,1.572,1633.7812244499996
2023-06-23T00:00:00Z,UMAUSD,1.576,1.628,1.562,1.599,542.48528822
2023-06-24T00:00:00Z,UMAUSD,1.63,1.647,1.588,1.593,374.74335103000004
2023-06-25T00:00:00Z,UMAUSD,1.651,1.872,1.651,1.667,4618.410927639999
2023-06-26T00:00:00Z,UMAUSD,1.638,1.67,1.605,1.613,337.62859226
2023-06-27T00:00:00Z,UMAUSD,1.627,1.631,1.624,1.631,258.77937522
2023-06-28T00:00:00Z,UMAUSD,1.568,1.568,1.5,1.5,1659.54895277
2023-06-29T00:00:00Z,UMAUSD,1.509,1.557,1.494,1.531,4083.6422121600003
2023-06-30T00:00:00Z,UMAUSD,1.572,1.615,1.497,1.607,11790.92693916
2023-07-01T00:00:00Z,UMAUSD,1.61,1.64,1.61,1.628,392.46888808000006
2023-07-02T00:00:00Z,UMAUSD,1.642,1.642,1.597,1.605,280.97771957000003
2023-07-03T00:00:00Z,UMAUSD,1.636,1.708,1.636,1.664,2261.3054233299995
2023-07-04T00:00:00Z,UMAUSD,1.645,1.708,1.645,1.678,207.03567085
2023-07-05T00:00:00Z,UMAUSD,1.68,1.684,1.594,1.61,775.0361043800001
2023-07-06T00:00:00Z,UMAUSD,1.612,1.632,1.569,1.586,828.27117686
2023-07-07T00:00:00Z,UMAUSD,1.598,2.0,1.569,1.583,8557.67782554
2023-07-08T00:00:00Z,UMAUSD,1.639,1.639,1.592,1.592,123.65312927000001
2023-07-09T00:00:00Z,UMAUSD,1.641,1.683,1.594,1.633,190.92312735000002
2023-07-10T00:00:00Z,UMAUSD,1.562,1.609,1.536,1.608,1319.08139194
2023-07-11T00:00:00Z,UMAUSD,1.603,1.644,1.58,1.609,1313.1199804500002
2023-07-12T00:00:00Z,UMAUSD,1.619,1.636,1.598,1.636,572.19700419
2023-07-13T00:00:00Z,UMAUSD,1.607,1.725,1.607,1.668,2757.6178054
2023-07-14T00:00:00Z,UMAUSD,1.697,1.756,1.626,1.756,807.2953707099999
2023-07-15T00:00:00Z,UMAUSD,1.769,1.781,1.648,1.651,172.54025313
2023-07-16T00:00:00Z,UMAUSD,1.655,1.767,1.602,1.61,3290.8702084400015
2023-07-17T00:00:00Z,UMAUSD,1.623,1.658,1.585,1.658,74.76544464
2023-07-18T00:00:00Z,UMAUSD,1.622,1.622,1.564,1.618,244.82005984
2023-07-19T00:00:00Z,UMAUSD,1.582,1.641,1.53,1.576,3771.3708933299995
2023-07-20T00:00:00Z,UMAUSD,1.581,1.703,1.581,1.633,706.94274057
2023-07-21T00:00:00Z,UMAUSD,1.627,1.638,1.624,1.631,1893.53156582
2023-07-22T00:00:00Z,UMAUSD,1.624,1.645,1.623,1.625,109.73860359
2023-07-23T00:00:00Z,UMAUSD,1.58,1.636,1.58,1.636,108.21586487
2023-07-24T00:00:00Z,UMAUSD,1.614,1.617,1.561,1.566,163.49541716000002
2023-07-25T00:00:00Z,UMAUSD,1.555,1.562,1.55,1.562,445.84609557
2023-07-26T00:00:00Z,UMAUSD,1.541,1.562,1.536,1.562,226.92368802
2023-07-27T00:00:00Z,UMAUSD,1.563,1.7,1.555,1.643,4448.619179219999
2023-07-28T00:00:00Z,UMAUSD,1.669,2.0,1.597,1.696,12218.250815209998
2023-07-29T00:00:00Z,UMAUSD,1.644,1.644,1.612,1.624,305.3234623
2023-07-30T00:00:00Z,UMAUSD,1.646,1.654,1.59,1.633,453.60372464
2023-07-31T00:00:00Z,UMAUSD,1.648,1.666,1.596,1.596,465.67337546000005
2023-08-01T00:00:00Z,UMAUSD,1.586,1.598,1.566,1.596,625.0603506899998
2023-08-02T00:00:00Z,UMAUSD,1.595,1.595,1.595,1.595,199.8838178
2023-08-03T00:00:00Z,UMAUSD,1.61,1.611,1.579,1.589,1698.10606475
2023-08-04T00:00:00Z,UMAUSD,1.583,1.656,1.557,1.565,856.3926711600001
2023-08-05T00:00:00Z,UMAUSD,1.583,1.583,1.578,1.578,105.8068162
2023-08-06T00:00:00Z,UMAUSD,1.598,1.634,1.598,1.618,1164.46470305
2023-08-07T00:00:00Z,UMAUSD,1.644,1.685,1.636,1.669,690.6844461
2023-08-08T00:00:00Z,UMAUSD,1.675,1.675,1.638,1.66,1400.7427894500001
2023-08-09T00:00:00Z,UMAUSD,1.66,1.691,1.639,1.648,597.2706253
2023-08-10T00:00:00Z,UMAUSD,1.677,1.677,1.644,1.645,1129.8295380099999
2023-08-11T00:00:00Z,UMAUSD,1.629,1.636,1.605,1.611,91.38156753000001
2023-08-12T00:00:00Z,UMAUSD,1.62,1.624,1.615,1.624,1159.5213258400001
2023-08-13T00:00:00Z,UMAUSD,1.613,1.647,1.613,1.625,80.13978813
2023-08-14T00:00:00Z,UMAUSD,1.622,1.646,1.617,1.626,2051.5850849
2023-08-15T00:00:00Z,UMAUSD,1.618,1.711,1.503,1.545,4166.98846404
2023-08-16T00:00:00Z,UMAUSD,1.53,1.53,1.447,1.447,1369.9943944
2023-08-17T00:00:00Z,UMAUSD,1.499,1.499,1.368,1.39,1800.2530103999998
2023-08-18T00:00:00Z,UMAUSD,1.393,1.484,1.387,1.484,2600.5022291600003
2023-08-19T00:00:00Z,UMAUSD,1.415,1.49,1.415,1.443,73.69987
2023-08-20T00:00:00Z,UMAUSD,1.478,1.493,1.408,1.493,658.0187599999999
2023-08-21T00:00:00Z,UMAUSD,1.426,1.426,1.376,1.388,114.93736279999999
2023-08-22T00:00:00Z,UMAUSD,1.392,1.392,1.322,1.322,7724.929423459999
2023-08-23T00:00:00Z,UMAUSD,1.379,1.402,1.368,1.399,1721.1445340399994
2023-08-24T00:00:00Z,UMAUSD,1.395,1.4,1.364,1.372,962.2740441000001
2023-08-25T00:00:00Z,UMAUSD,1.371,1.405,1.363,1.363,111.7936793
2023-08-26T00:00:00Z,UMAUSD,1.412,1.42,1.357,1.357,18.32775
2023-08-27T00:00:00Z,UMAUSD,1.363,1.417,1.357,1.361,529.89370027
2023-08-28T00:00:00Z,UMAUSD,1.421,1.442,1.353,1.354,369.67872965
2023-08-29T00:00:00Z,UMAUSD,1.341,1.414,1.341,1.414,770.99403371
2023-08-30T00:00:00Z,UMAUSD,1.409,1.409,1.362,1.368,1273.7790167999997
2023-08-31T00:00:00Z,UMAUSD,1.364,1.372,1.321,1.333,700.9322222200001
2023-09-01T00:00:00Z,UMAUSD,1.331,1.377,1.331,1.344,969.82691418
2023-09-02T00:00:00Z,UMAUSD,1.339,1.383,1.339,1.368,1052.14044614
2023-09-03T00:00:00Z,UMAUSD,1.381,1.42,1.349,1.353,379.04297959
2023-09-04T00:00:00Z,UMAUSD,1.355,1.355,1.353,1.353,38.59160844
2023-09-05T00:00:00Z,UMAUSD,1.352,1.491,1.352,1.38,4772.224456329999
2023-09-06T00:00:00Z,UMAUSD,1.361,1.441,1.353,1.363,389.22037760999996
2023-09-07T00:00:00Z,UMAUSD,1.4,1.46,1.368,1.391,3040.81538614
2023-09-08T00:00:00Z,UMAUSD,1.4,1.416,1.4,1.412,1503.47108161
2023-09-09T00:00:00Z,UMAUSD,1.473,1.573,1.456,1.489,3056.866785669999
2023-09-10T00:00:00Z,UMAUSD,1.46,1.46,1.396,1.405,1250.3751371100002
2023-09-11T00:00:00Z,UMAUSD,1.397,1.397,1.29,1.317,6347.925172280001
2023-09-12T00:00:00Z,UMAUSD,1.321,1.363,1.321,1.33,1106.93516534
2023-09-13T00:00:00Z,UMAUSD,1.319,1.351,1.311,1.338,877.8944522
2023-09-14T00:00:00Z,UMAUSD,1.356,1.373,1.346,1.373,409.98338164999996
2023-09-15T00:00:00Z,UMAUSD,1.366,1.386,1.358,1.386,1057.20571644
2023-09-16T00:00:00Z,UMAUSD,1.394,1.412,1.394,1.404,1008.53398901
2023-09-17T00:00:00Z,UMAUSD,1.39,1.399,1.363,1.363,339.511112
2023-09-18T00:00:00Z,UMAUSD,1.329,1.402,1.329,1.386,1759.29473148
2023-09-19T00:00:00Z,UMAUSD,1.414,1.414,1.414,1.414,43.17417
2023-09-20T00:00:00Z,UMAUSD,1.42,1.449,1.401,1.413,746.7404532099999
2023-09-21T00:00:00Z,UMAUSD,1.421,1.421,1.39,1.39,850.84659269
2023-09-22T00:00:00Z,UMAUSD,1.39,1.403,1.39,1.403,384.14832851
2023-09-23T00:00:00Z,UMAUSD,1.409,1.438,1.368,1.368,525.63188774
2023-09-24T00:00:00Z,UMAUSD,1.379,1.383,1.346,1.346,257.27036053
2023-09-25T00:00:00Z,UMAUSD,1.348,1.491,1.339,1.368,4257.031719619999
2023-09-27T00:00:00Z,UMAUSD,1.363,1.373,1.305,1.36,3446.6661623299997
2023-09-28T00:00:00Z,UMAUSD,1.363,1.416,1.361,1.415,1289.3156400000003
2023-09-29T00:00:00Z,UMAUSD,1.416,1.427,1.416,1.427,344.44589501
2023-09-30T00:00:00Z,UMAUSD,1.433,1.433,1.42,1.422,1114.04380903
2023-10-01T00:00:00Z,UMAUSD,1.445,1.452,1.444,1.452,358.91682061
2023-10-02T00:00:00Z,UMAUSD,1.45,1.45,1.387,1.387,469.4280584
2023-10-03T00:00:00Z,UMAUSD,1.416,1.416,1.356,1.368,96.91352721000001
2023-10-04T00:00:00Z,UMAUSD,1.354,1.355,1.354,1.355,1281.2245353199999
2023-10-05T00:00:00Z,UMAUSD,1.361,1.361,1.338,1.341,1167.46262416
2023-10-06T00:00:00Z,UMAUSD,1.351,1.352,1.351,1.352,541.69852958
2023-10-07T00:00:00Z,UMAUSD,1.358,1.358,1.346,1.346,487.84661099
2023-10-08T00:00:00Z,UMAUSD,1.371,1.371,1.347,1.36,789.83768392
2023-10-09T00:00:00Z,UMAUSD,1.343,1.343,1.3,1.305,951.2558119600002
2023-10-10T00:00:00Z,UMAUSD,1.303,1.321,1.273,1.32,3043.967037410001
2023-10-11T00:00:00Z,UMAUSD,1.291,1.291,1.269,1.269,652.05781166
2023-10-12T00:00:00Z,UMAUSD,1.271,1.271,1.245,1.267,334.78795596000003
2023-10-13T00:00:00Z,UMAUSD,1.263,1.296,1.263,1.266,646.5617067
2023-10-14T00:00:00Z,UMAUSD,1.281,1.32,1.281,1.32,283.0616
2023-10-15T00:00:00Z,UMAUSD,1.303,1.361,1.294,1.294,2492.3528495
2023-10-16T00:00:00Z,UMAUSD,1.31,1.839,1.31,1.562,24743.14982617002
2023-10-17T00:00:00Z,UMAUSD,1.554,1.6,1.455,1.485,10968.708715800001
2023-10-18T00:00:00Z,UMAUSD,1.494,1.6,1.469,1.547,5263.717856170002
2023-10-19T00:00:00Z,UMAUSD,1.548,1.548,1.242,1.387,6188.57229138
2023-10-20T00:00:00Z,UMAUSD,1.377,1.431,1.357,1.373,2399.87078665
2023-10-21T00:00:00Z,UMAUSD,1.365,1.431,1.361,1.378,1641.12730655
2023-10-22T00:00:00Z,UMAUSD,1.358,1.411,1.357,1.376,2595.01763834
2023-10-23T00:00:00Z,UMAUSD,1.382,1.432,1.372,1.423,3119.5469307200005
2023-10-24T00:00:00Z,UMAUSD,1.428,1.5,1.406,1.442,3984.0358941099994
2023-10-25T00:00:00Z,UMAUSD,1.469,1.508,1.449,1.485,1204.52842263
2023-10-26T00:00:00Z,UMAUSD,1.496,1.539,1.463,1.489,3002.7146195799996
2023-10-27T00:00:00Z,UMAUSD,1.485,1.508,1.464,1.472,1337.18328534
2023-10-28T00:00:00Z,UMAUSD,1.494,1.544,1.494,1.495,3072.9769309900003
2023-10-29T00:00:00Z,UMAUSD,1.498,1.586,1.498,1.52,1203.1897821699997
2023-10-30T00:00:00Z,UMAUSD,1.568,1.598,1.501,1.561,3755.1808583899997
2023-10-31T00:00:00Z,UMAUSD,1.528,1.542,1.438,1.475,3307.85525463
2023-11-01T00:00:00Z,UMAUSD,1.459,1.548,1.444,1.537,4239.3351362799995
2023-11-02T00:00:00Z,UMAUSD,1.55,1.609,1.452,1.513,3016.5397883899996
2023-11-03T00:00:00Z,UMAUSD,1.511,1.511,1.465,1.499,89.49585251999999
2023-11-04T00:00:00Z,UMAUSD,1.526,1.567,1.526,1.567,811.22482512
2023-11-05T00:00:00Z,UMAUSD,1.581,1.613,1.553,1.566,4597.9705382
2023-11-06T00:00:00Z,UMAUSD,1.592,1.636,1.555,1.629,1806.4102763600001
2023-11-07T00:00:00Z,UMAUSD,1.646,1.651,1.556,1.613,1916.39459947
2023-11-08T00:00:00Z,UMAUSD,1.618,1.649,1.618,1.645,243.07351187999998
2023-11-09T00:00:00Z,UMAUSD,1.657,1.71,1.55,1.643,7728.997128790002
2023-11-10T00:00:00Z,UMAUSD,1.65,1.95,1.65,1.848,32517.100584680007
2023-11-11T00:00:00Z,UMAUSD,1.86,1.977,1.827,1.83,10416.05819946
2023-11-12T00:00:00Z,UMAUSD,1.827,1.99,1.753,1.877,7906.875062439999
2023-11-13T00:00:00Z,UMAUSD,1.877,1.99,1.797,1.797,6247.663386530004
2023-11-14T00:00:00Z,UMAUSD,1.78,1.806,1.677,1.722,5760.198104160002
2023-11-15T00:00:00Z,UMAUSD,1.737,1.868,1.737,1.849,1654.3109264799998
2023-11-16T00:00:00Z,UMAUSD,1.853,1.875,1.719,1.748,2627.3416154199995
2023-11-17T00:00:00Z,UMAUSD,1.784,1.79,1.681,1.751,1163.8282712200003
2023-11-18T00:00:00Z,UMAUSD,1.743,1.743,1.65,1.717,2136.697776870001
2023-11-19T00:00:00Z,UMAUSD,1.711,1.818,1.69,1.773,2962.7436843800006
2023-11-20T00:00:00Z,UMAUSD,1.796,1.948,1.761,1.815,3018.25283882
2023-11-21T00:00:00Z,UMAUSD,1.807,1.875,1.626,1.632,2728.56444032
2023-11-22T00:00:00Z,UMAUSD,1.663,1.823,1.645,1.823,2796.798291560001
2023-11-23T00:00:00Z,UMAUSD,1.846,1.96,1.846,1.87,3132.575935909999
2023-11-24T00:00:00Z,UMAUSD,1.918,1.926,1.855,1.859,922.29251153
2023-11-25T00:00:00Z,UMAUSD,1.875,1.905,1.817,1.879,809.4308323
2023-11-26T00:00:00Z,UMAUSD,1.866,1.886,1.799,1.839,2536.12321004
2023-11-27T00:00:00Z,UMAUSD,1.823,1.823,1.799,1.8,836.6794776400001
2023-11-28T00:00:00Z,UMAUSD,1.818,2.125,1.782,1.939,6604.230529620001
2023-11-29T00:00:00Z,UMAUSD,1.924,2.124,1.876,1.942,13273.334184859998
2023-11-30T00:00:00Z,UMAUSD,1.992,2.051,1.874,1.979,3624.2307851299997
2023-12-01T00:00:00Z,UMAUSD,1.933,2.067,1.933,1.948,2933.7253516500004
2023-12-02T00:00:00Z,UMAUSD,1.942,1.99,1.936,1.967,714.89741741
2023-12-03T00:00:00Z,UMAUSD,1.978,2.516,1.909,1.946,23261.403679590003
2023-12-04T00:00:00Z,UMAUSD,1.958,2.035,1.906,2.012,2138.50093932
2023-12-05T00:00:00Z,UMAUSD,2.036,2.066,1.975,2.061,1355.5311262399998
2023-12-06T00:00:00Z,UMAUSD,2.072,2.142,1.989,2.008,2973.87845154
2023-12-07T00:00:00Z,UMAUSD,2.033,2.109,1.949,2.086,4239.185044950001
2023-12-08T00:00:00Z,UMAUSD,2.092,2.111,2.076,2.101,8667.655209120003
2023-12-09T00:00:00Z,UMAUSD,2.116,2.154,2.051,2.081,2931.5260099299985
2023-12-10T00:00:00Z,UMAUSD,2.104,2.138,2.049,2.135,2178.6930446999995
2023-12-11T00:00:00Z,UMAUSD,2.13,2.217,1.934,2.196,5754.132248160002
2023-12-12T00:00:00Z,UMAUSD,2.2,2.255,2.039,2.122,4699.886546389999
2023-12-13T00:00:00Z,UMAUSD,2.127,2.191,1.981,2.176,2504.87050955
2023-12-14T00:00:00Z,UMAUSD,2.162,2.22,2.103,2.188,2310.29481551
2023-12-15T00:00:00Z,UMAUSD,2.14,2.146,2.075,2.075,438.2133694400001
2023-12-16T00:00:00Z,UMAUSD,2.062,2.226,2.059,2.204,2994.8079904200004
2023-12-17T00:00:00Z,UMAUSD,2.211,2.468,2.131,2.149,10401.342528519997
2023-12-18T00:00:00Z,UMAUSD,2.17,2.17,1.976,2.109,8063.43524144
2023-12-19T00:00:00Z,UMAUSD,2.125,2.326,2.125,2.193,4537.1454945
2023-12-20T00:00:00Z,UMAUSD,2.217,2.269,2.177,2.211,506.72705399
2023-12-21T00:00:00Z,UMAUSD,2.204,2.218,2.144,2.194,1230.20039128
2023-12-22T00:00:00Z,UMAUSD,2.194,2.216,2.162,2.209,1359.03399487
2023-12-23T00:00:00Z,UMAUSD,2.171,2.214,2.126,2.214,572.63816122
2023-12-24T00:00:00Z,UMAUSD,2.22,2.266,2.191,2.216,1284.2587501
2023-12-25T00:00:00Z,UMAUSD,2.232,2.339,2.207,2.28,2903.53009543
2023-12-26T00:00:00Z,UMAUSD,2.286,2.444,2.207,2.404,5849.250862019997
2023-12-27T00:00:00Z,UMAUSD,2.408,2.48,2.321,2.373,4902.45369961
2023-12-28T00:00:00Z,UMAUSD,2.384,2.408,2.0,2.281,5257.028148560002
2023-12-29T00:00:00Z,UMAUSD,2.282,2.299,2.191,2.191,1583.49504497
2023-12-30T00:00:00Z,UMAUSD,2.203,2.269,2.193,2.269,3716.5938533699996
2023-12-31T00:00:00Z,UMAUSD,2.267,2.271,2.193,2.212,1899.2777327300003
2024-01-01T00:00:00Z,UMAUSD,2.22,2.268,2.173,2.268,610.08315283
2024-01-02T00:00:00Z,UMAUSD,2.287,2.33,2.22,2.23,744.8399403799999
2024-01-03T00:00:00Z,UMAUSD,2.265,2.361,1.991,2.186,13349.197947729996
2024-01-04T00:00:00Z,UMAUSD,2.123,2.164,2.111,2.164,1891.7628336999992
2024-01-05T00:00:00Z,UMAUSD,2.115,2.283,2.058,2.095,7721.3494379899985
2024-01-06T00:00:00Z,UMAUSD,2.093,2.093,1.954,2.022,4590.9800128199995
2024-01-07T00:00:00Z,UMAUSD,2.058,2.058,1.842,1.842,867.5583129300005
2024-01-08T00:00:00Z,UMAUSD,1.865,1.924,1.751,1.924,1249.00296583
2024-01-09T00:00:00Z,UMAUSD,1.935,1.935,1.808,1.86,2364.7042972599997
2024-01-10T00:00:00Z,UMAUSD,1.881,2.054,1.851,2.005,3001.7175000899997
2024-01-11T00:00:00Z,UMAUSD,2.012,2.108,1.992,2.043,7379.7482432399975
2024-01-12T00:00:00Z,UMAUSD,2.041,2.153,1.888,1.948,8350.731320050001
2024-01-13T00:00:00Z,UMAUSD,1.948,2.02,1.939,2.02,2158.52657248
2024-01-14T00:00:00Z,UMAUSD,1.981,2.066,1.94,1.94,3729.5234551399994
2024-01-15T00:00:00Z,UMAUSD,1.973,2.084,1.973,1.994,4229.244614680001
2024-01-16T00:00:00Z,UMAUSD,2.004,2.029,1.984,2.023,3910.9446453699998
2024-01-17T00:00:00Z,UMAUSD,2.025,2.07,2.014,2.046,2929.64413393
2024-01-18T00:00:00Z,UMAUSD,2.055,2.899,1.974,2.742,56952.94020760002
2024-01-19T00:00:00Z,UMAUSD,2.727,6.9,2.521,5.582,475568.9817978492
2024-01-20T00:00:00Z,UMAUSD,5.524,5.99,3.977,4.593,181617.2224184605
2024-01-21T00:00:00Z,UMAUSD,4.717,7.24,4.426,5.718,118442.27199320005
2024-01-22T00:00:00Z,UMAUSD,5.734,6.1,4.371,5.596,110712.91724804994
2024-01-23T00:00:00Z,UMAUSD,5.59,7.2,5.312,5.796,256111.91056325924
2024-01-24T00:00:00Z,UMAUSD,5.752,6.749,5.059,5.276,143664.5386797097
2024-01-25T00:00:00Z,UMAUSD,5.278,5.579,4.5,5.288,268221.9027663895
2024-01-26T00:00:00Z,UMAUSD,5.275,5.849,5.08,5.189,88463.24165161994
2024-01-27T00:00:00Z,UMAUSD,5.183,5.689,4.9,5.187,62981.578051349934
2024-01-28T00:00:00Z,UMAUSD,5.187,5.42,5.043,5.081,69451.47375460993
2024-01-29T00:00:00Z,UMAUSD,5.072,5.277,4.977,5.141,16656.461937989996
2024-01-30T00:00:00Z,UMAUSD,5.142,5.258,4.804,5.07,51708.201816010005
2024-01-31T00:00:00Z,UMAUSD,5.084,5.084,4.401,4.473,51212.29628958997
2024-02-01T00:00:00Z,UMAUSD,4.479,4.543,4.261,4.455,52336.42815569
2024-02-02T00:00:00Z,UMAUSD,4.45,4.683,4.265,4.426,26723.293689660008
2024-02-03T00:00:00Z,UMAUSD,4.399,4.497,4.267,4.364,12070.733036599999
2024-02-04T00:00:00Z,UMAUSD,4.364,4.454,4.094,4.12,18659.029241170003
2024-02-05T00:00:00Z,UMAUSD,4.08,4.216,4.022,4.104,11230.056629179997
2024-02-06T00:00:00Z,UMAUSD,4.084,4.194,4.066,4.073,26302.544845869983
2024-02-07T00:00:00Z,UMAUSD,4.099,4.305,4.063,4.127,27953.343004009992
2024-02-08T00:00:00Z,UMAUSD,4.121,4.175,3.994,4.04,15699.860120620004
2024-02-09T00:00:00Z,UMAUSD,4.111,4.326,4.09,4.176,27315.504798159993
2024-02-10T00:00:00Z,UMAUSD,4.152,4.204,4.075,4.08,19473.845551789993
2024-02-11T00:00:00Z,UMAUSD,4.088,4.125,3.985,3.988,12540.362794230005
2024-02-12T00:00:00Z,UMAUSD,4.024,4.798,3.936,4.424,88398.9661817101
2024-02-13T00:00:00Z,UMAUSD,4.414,4.487,4.158,4.272,20542.908656479987
2024-02-14T00:00:00Z,UMAUSD,4.265,4.591,4.221,4.59,26836.66372642999
2024-02-15T00:00:00Z,UMAUSD,4.577,4.739,4.306,4.472,19578.645633049986
2024-02-16T00:00:00Z,UMAUSD,4.389,4.457,4.17,4.238,12374.334237199993
2024-02-17T00:00:00Z,UMAUSD,4.257,4.265,4.015,4.169,4480.96516769
2024-02-18T00:00:00Z,UMAUSD,4.165,4.244,4.122,4.222,3375.5813684299987
2024-02-19T00:00:00Z,UMAUSD,4.213,4.294,4.158,4.255,4655.54901036
2024-02-20T00:00:00Z,UMAUSD,4.296,4.493,3.734,3.931,24297.106326320005
2024-02-21T00:00:00Z,UMAUSD,3.904,4.183,3.8,3.942,26767.661016119997
2024-02-22T00:00:00Z,UMAUSD,3.965,3.967,3.836,3.868,5244.534291449999
2024-02-23T00:00:00Z,UMAUSD,3.904,3.966,3.78,3.893,5072.843003460007
2024-02-24T00:00:00Z,UMAUSD,3.906,4.066,3.8,3.984,3187.5168352700002
2024-02-25T00:00:00Z,UMAUSD,3.972,4.051,3.88,3.962,5449.264327500004
2024-02-26T00:00:00Z,UMAUSD,3.938,4.226,3.894,4.192,25453.56003621999
2024-02-27T00:00:00Z,UMAUSD,4.182,4.341,4.086,4.258,20520.136217449974
2024-02-28T00:00:00Z,UMAUSD,4.259,4.765,3.6,4.182,17632.94281236997
2024-02-29T00:00:00Z,UMAUSD,4.161,4.417,4.017,4.111,10132.221009720004
2024-03-01T00:00:00Z,UMAUSD,4.112,4.361,4.112,4.361,13920.281252899986
2024-03-02T00:00:00Z,UMAUSD,4.369,4.507,4.318,4.502,5940.68774416
2024-03-03T00:00:00Z,UMAUSD,4.5,4.711,3.961,4.307,20002.39085744
2024-03-04T00:00:00Z,UMAUSD,4.36,4.457,4.174,4.364,7606.065349000001
2024-03-05T00:00:00Z,UMAUSD,4.352,4.627,3.099,3.897,27780.72468151999
2024-03-06T00:00:00Z,UMAUSD,3.878,4.12,3.766,3.951,11899.54613585
2024-03-07T00:00:00Z,UMAUSD,3.961,4.194,3.922,4.174,6365.166141640003
2024-03-08T00:00:00Z,UMAUSD,4.196,4.324,4.008,4.252,12632.291480740003
2024-03-09T00:00:00Z,UMAUSD,4.244,5.48,4.244,4.836,148462.17082691003
2024-03-10T00:00:00Z,UMAUSD,4.82,4.915,4.575,4.744,7354.589917470008
2024-03-11T00:00:00Z,UMAUSD,4.75,4.788,4.483,4.69,63333.19911926999
2024-03-12T00:00:00Z,UMAUSD,4.673,5.172,4.567,5.016,26943.46277796997
2024-03-13T00:00:00Z,UMAUSD,5.015,5.148,4.781,4.888,16938.8952672
2024-03-14T00:00:00Z,UMAUSD,4.862,4.899,4.371,4.667,11522.662710110002
2024-03-15T00:00:00Z,UMAUSD,4.674,4.709,3.988,4.361,11727.446310920002
2024-03-16T00:00:00Z,UMAUSD,4.393,4.528,3.922,4.014,4172.974422
2024-03-17T00:00:00Z,UMAUSD,4.039,4.121,3.791,4.12,8419.06586888
2024-03-18T00:00:00Z,UMAUSD,4.068,4.144,3.82,3.929,1284.0262360200002
2024-03-19T00:00:00Z,UMAUSD,3.946,3.954,3.409,3.537,13484.332460670006
2024-03-20T00:00:00Z,UMAUSD,3.501,3.911,3.378,3.888,5425.649996039998
2024-03-21T00:00:00Z,UMAUSD,3.889,3.932,3.771,3.857,2290.126273860001
2024-03-22T00:00:00Z,UMAUSD,3.869,3.956,3.649,3.715,2218.14166808
2024-03-23T00:00:00Z,UMAUSD,3.836,3.888,3.731,3.832,809.71349455
2024-03-24T00:00:00Z,UMAUSD,3.782,3.945,3.757,3.943,1620.69438437
2024-03-25T00:00:00Z,UMAUSD,3.909,4.161,3.904,4.091,4428.958019819999
2024-03-26T00:00:00Z,UMAUSD,4.139,4.278,4.084,4.212,2158.16293663
2024-03-27T00:00:00Z,UMAUSD,4.205,4.885,4.205,4.305,24726.204924560006
2024-03-28T00:00:00Z,UMAUSD,4.359,4.359,4.175,4.305,2363.84310956
2024-03-29T00:00:00Z,UMAUSD,4.286,4.371,4.24,4.355,911.6244492899997
2024-03-30T00:00:00Z,UMAUSD,4.327,4.355,4.162,4.162,2200.31206704
2024-03-31T00:00:00Z,UMAUSD,4.19,4.438,4.19,4.39,1180.13310081
2024-04-01T00:00:00Z,UMAUSD,4.437,4.438,4.065,4.201,2841.61731508
2024-04-02T00:00:00Z,UMAUSD,4.207,4.208,3.581,3.811,6733.121254349999
2024-04-03T00:00:00Z,UMAUSD,3.794,3.928,3.68,3.758,5206.69179205
2024-04-04T00:00:00Z,UMAUSD,3.756,3.873,3.705,3.763,817.97485213
2024-04-05T00:00:00Z,UMAUSD,3.761,3.779,3.688,3.763,276.46189914
2024-04-06T00:00:00Z,UMAUSD,3.757,3.835,3.747,3.835,809.2739180799999
2024-04-07T00:00:00Z,UMAUSD,3.837,3.909,3.837,3.881,318.62494425000006
2024-04-08T00:00:00Z,UMAUSD,3.803,4.044,3.8,3.994,5776.789665149999
2024-04-09T00:00:00Z,UMAUSD,4.023,4.031,3.697,3.697,3626.79036767
2024-04-10T00:00:00Z,UMAUSD,3.695,3.695,3.469,3.586,2268.87022416
2024-04-11T00:00:00Z,UMAUSD,3.582,3.641,3.519,3.574,520.37745903
2024-04-12T00:00:00Z,UMAUSD,3.626,3.627,2.626,2.887,10238.5276323
2024-04-13T00:00:00Z,UMAUSD,2.895,2.928,2.108,2.459,12471.201417819995
2024-04-14T00:00:00Z,UMAUSD,2.454,2.847,2.382,2.691,5264.982461069997
2024-04-15T00:00:00Z,UMAUSD,2.644,3.065,2.527,2.628,11243.842941159997
2024-04-16T00:00:00Z,UMAUSD,2.585,2.768,2.516,2.691,7036.1918041499985
2024-04-17T00:00:00Z,UMAUSD,2.651,2.691,2.485,2.568,2155.11344654
2024-04-18T00:00:00Z,UMAUSD,2.542,2.638,2.514,2.636,588.4257235
2024-04-19T00:00:00Z,UMAUSD,2.653,2.765,2.418,2.671,2760.09550306
2024-04-20T00:00:00Z,UMAUSD,2.67,2.911,2.67,2.898,1177.2375497500002
2024-04-21T00:00:00Z,UMAUSD,2.891,2.96,2.8,2.823,2907.4682529700003
2024-04-22T00:00:00Z,UMAUSD,2.863,2.999,2.836,2.943,7021.641842889995
2024-04-23T00:00:00Z,UMAUSD,2.896,3.208,2.834,2.965,3477.347014310002
2024-04-24T00:00:00Z,UMAUSD,3.022,3.043,2.748,2.767,1694.7119998999997
2024-04-25T00:00:00Z,UMAUSD,2.787,2.926,2.718,2.865,1773.4269950000003
2024-04-26T00:00:00Z,UMAUSD,2.834,2.853,2.771,2.777,5968.9842475
2024-04-27T00:00:00Z,UMAUSD,2.734,2.86,2.673,2.837,449.65909572
2024-04-28T00:00:00Z,UMAUSD,2.9,2.931,2.816,2.816,476.58936848
2024-04-29T00:00:00Z,UMAUSD,2.836,2.836,2.655,2.733,1529.70389757
2024-04-30T00:00:00Z,UMAUSD,2.757,2.757,2.497,2.56,1538.3977969500002
2024-05-01T00:00:00Z,UMAUSD,2.572,2.61,2.429,2.575,727.0208027
2024-05-02T00:00:00Z,UMAUSD,2.536,2.637,2.529,2.611,489.44661188000003
2024-05-03T00:00:00Z,UMAUSD,2.569,2.737,2.542,2.721,2921.64876484
2024-05-04T00:00:00Z,UMAUSD,2.714,2.756,2.684,2.72,1047.1842661799997
2024-05-05T00:00:00Z,UMAUSD,2.702,2.805,2.66,2.765,419.03637499
2024-05-06T00:00:00Z,UMAUSD,2.779,2.86,2.702,2.723,1498.7064838599995
2024-05-07T00:00:00Z,UMAUSD,2.741,2.744,2.597,2.598,940.6141445099992
2024-05-08T00:00:00Z,UMAUSD,2.599,4.28,2.556,3.457,42300.29259818991
2024-05-09T00:00:00Z,UMAUSD,3.432,4.386,3.067,3.915,98959.18231310004
2024-05-10T00:00:00Z,UMAUSD,3.876,4.098,3.441,3.611,51665.977285440065
2024-05-11T00:00:00Z,UMAUSD,3.609,4.25,3.57,3.867,23761.601548060018
2024-05-12T00:00:00Z,UMAUSD,3.911,4.869,3.755,4.354,37691.91048725002
2024-05-13T00:00:00Z,UMAUSD,4.339,4.462,3.806,4.023,17700.288544199997
2024-05-14T00:00:00Z,UMAUSD,4.052,4.215,3.655,3.663,11777.323688329992
2024-05-15T00:00:00Z,UMAUSD,3.692,3.839,3.517,3.686,54816.011078569994
2024-05-16T00:00:00Z,UMAUSD,3.671,3.849,3.462,3.599,7083.398356339998
2024-05-17T00:00:00Z,UMAUSD,3.62,3.704,3.561,3.62,3720.075811019999
2024-05-18T00:00:00Z,UMAUSD,3.607,3.76,3.577,3.634,5729.780442230002
2024-05-19T00:00:00Z,UMAUSD,3.584,3.61,3.442,3.442,1549.7189508299998
2024-05-20T00:00:00Z,UMAUSD,3.436,3.624,3.371,3.605,10069.1523846
2024-05-21T00:00:00Z,UMAUSD,3.624,3.673,3.555,3.569,1795.4159470899997
2024-05-22T00:00:00Z,UMAUSD,3.595,3.791,3.577,3.613,9045.093824609998
2024-05-23T00:00:00Z,UMAUSD,3.637,3.637,3.197,3.338,67511.20936380001
2024-05-24T00:00:00Z,UMAUSD,3.341,3.762,3.321,3.666,76434.6781970301
2024-05-25T00:00:00Z,UMAUSD,3.643,3.743,3.499,3.529,2117.12438189
2024-05-26T00:00:00Z,UMAUSD,3.542,3.58,3.402,3.447,2498.7972971799995
2024-05-27T00:00:00Z,UMAUSD,3.517,3.622,3.43,3.56,3248.5752631800005
2024-05-28T00:00:00Z,UMAUSD,3.521,3.547,3.382,3.424,681.5504462399998
2024-05-29T00:00:00Z,UMAUSD,3.424,3.675,3.397,3.484,10201.371491669994
2024-05-30T00:00:00Z,UMAUSD,3.501,3.588,3.393,3.393,5173.83725632
2024-05-31T00:00:00Z,UMAUSD,3.39,3.502,3.345,3.446,3116.7026151399996
2024-06-01T00:00:00Z,UMAUSD,3.427,3.428,3.328,3.343,2479.41204093
2024-06-02T00:00:00Z,UMAUSD,3.358,3.454,3.204,3.251,2422.77525733
2024-06-03T00:00:00Z,UMAUSD,3.239,3.312,3.211,3.222,72270.19516917004
2024-06-04T00:00:00Z,UMAUSD,3.2,3.328,3.2,3.316,7004.986775539998
2024-06-05T00:00:00Z,UMAUSD,3.34,3.358,3.298,3.345,2906.79606207
2024-06-06T00:00:00Z,UMAUSD,3.376,3.38,3.265,3.297,1056.4600389
2024-06-07T00:00:00Z,UMAUSD,3.306,3.863,3.106,3.322,50390.84338187004
2024-06-08T00:00:00Z,UMAUSD,3.261,3.338,3.015,3.046,38493.07299709001
2024-06-09T00:00:00Z,UMAUSD,3.07,3.122,3.046,3.08,1177.48558182
2024-06-10T00:00:00Z,UMAUSD,3.073,3.073,2.95,3.006,4375.45210689
2024-06-11T00:00:00Z,UMAUSD,2.946,2.969,2.781,2.842,7563.15679124
2024-06-12T00:00:00Z,UMAUSD,2.775,3.003,2.737,2.908,3634.5856955
2024-06-13T00:00:00Z,UMAUSD,2.866,2.866,2.733,2.733,2585.3638031500004
2024-06-14T00:00:00Z,UMAUSD,2.751,2.995,2.702,2.799,12649.402431799992
2024-06-15T00:00:00Z,UMAUSD,2.889,2.896,2.845,2.855,3017.2618012699995
2024-06-16T00:00:00Z,UMAUSD,2.911,3.06,2.848,3.0,28288.710078110016
2024-06-17T00:00:00Z,UMAUSD,3.025,3.025,2.686,2.744,3373.7761073400006
2024-06-18T00:00:00Z,UMAUSD,2.745,2.745,2.349,2.463,19625.46450511
2024-06-19T00:00:00Z,UMAUSD,2.524,2.647,2.524,2.597,2481.0083890200017
2024-06-20T00:00:00Z,UMAUSD,2.618,2.737,2.571,2.621,791.9963717899994
2024-06-21T00:00:00Z,UMAUSD,2.597,2.681,2.57,2.62,3763.078484749999
2024-06-22T00:00:00Z,UMAUSD,2.597,2.618,2.559,2.589,1112.4848589299995
2024-06-23T00:00:00Z,UMAUSD,2.609,2.618,2.468,2.468,175.4937289
2024-06-24T00:00:00Z,UMAUSD,2.466,2.521,2.362,2.521,5796.203326150001
2024-06-25T00:00:00Z,UMAUSD,2.525,2.648,2.523,2.597,7472.13041076
2024-06-26T00:00:00Z,UMAUSD,2.579,2.767,2.561,2.639,13579.860223119982
2024-06-27T00:00:00Z,UMAUSD,2.618,2.618,2.559,2.613,2156.01356775
2024-06-28T00:00:00Z,UMAUSD,2.636,2.658,2.516,2.516,3763.954489190001
2024-06-29T00:00:00Z,UMAUSD,2.49,2.5,2.346,2.355,3868.3443091500003
2024-06-30T00:00:00Z,UMAUSD,2.383,2.437,2.33,2.435,846.3683103399999
2024-07-01T00:00:00Z,UMAUSD,2.422,2.439,2.353,2.353,3052.53348412
2024-07-02T00:00:00Z,UMAUSD,2.356,2.372,2.276,2.3,1971.7174344
2024-07-03T00:00:00Z,UMAUSD,2.251,2.284,2.225,2.231,2958.26165774
2024-07-04T00:00:00Z,UMAUSD,2.214,2.214,1.971,1.971,8622.049344269997
2024-07-05T00:00:00Z,UMAUSD,1.95,1.95,1.706,1.841,15122.769897970004
2024-07-06T00:00:00Z,UMAUSD,1.843,2.081,1.841,2.081,14360.02106899
2024-07-07T00:00:00Z,UMAUSD,2.059,2.059,1.928,1.928,1750.3010392
2024-07-08T00:00:00Z,UMAUSD,1.902,2.046,1.849,1.993,3303.2373032299975
2024-07-09T00:00:00Z,UMAUSD,1.99,2.077,1.989,2.04,2531.84020614
2024-07-10T00:00:00Z,UMAUSD,2.044,2.111,2.031,2.052,1473.2972831999998
2024-07-11T00:00:00Z,UMAUSD,2.086,2.112,2.007,2.007,4149.6550096
2024-07-12T00:00:00Z,UMAUSD,1.98,2.017,1.979,2.017,190.85384704
2024-07-13T00:00:00Z,UMAUSD,2.05,2.116,2.048,2.111,489.65233781
2024-07-14T00:00:00Z,UMAUSD,2.093,2.123,2.035,2.094,2783.99873518
2024-07-15T00:00:00Z,UMAUSD,2.109,2.192,2.109,2.192,5241.3696655
2024-07-16T00:00:00Z,UMAUSD,2.222,2.276,2.128,2.233,1561.4250342000005
2024-07-17T00:00:00Z,UMAUSD,2.286,2.44,2.276,2.331,3576.184602779999
2024-07-18T00:00:00Z,UMAUSD,2.329,2.371,2.193,2.202,1354.6701206399998
2024-07-19T00:00:00Z,UMAUSD,2.182,2.569,2.152,2.444,3335.76933361
2024-07-20T00:00:00Z,UMAUSD,2.424,2.547,2.377,2.385,13771.800801420004
2024-07-21T00:00:00Z,UMAUSD,2.388,2.533,2.296,2.483,9241.556261029998
2024-07-22T00:00:00Z,UMAUSD,2.498,2.52,2.36,2.36,4337.050783739999
2024-07-23T00:00:00Z,UMAUSD,2.411,2.42,2.263,2.282,5132.675156680002
2024-07-24T00:00:00Z,UMAUSD,2.311,2.342,2.177,2.177,2029.2712234000003
2024-07-25T00:00:00Z,UMAUSD,2.194,2.243,2.114,2.211,6121.055867379999
2024-07-26T00:00:00Z,UMAUSD,2.271,2.699,2.271,2.656,55931.331219380074
2024-07-27T00:00:00Z,UMAUSD,2.638,2.842,2.482,2.591,11341.667774980002
2024-07-28T00:00:00Z,UMAUSD,2.555,2.618,2.413,2.434,8129.712504120001
2024-07-29T00:00:00Z,UMAUSD,2.435,2.596,2.435,2.475,4810.34518148
2024-07-30T00:00:00Z,UMAUSD,2.458,2.548,2.425,2.467,1408.48997927
2024-07-31T00:00:00Z,UMAUSD,2.481,2.711,2.469,2.504,20875.990451550006
2024-08-01T00:00:00Z,UMAUSD,2.49,2.572,2.243,2.394,20579.588997550007
2024-08-02T00:00:00Z,UMAUSD,2.439,2.539,2.177,2.184,9497.44709963
2024-08-03T00:00:00Z,UMAUSD,2.151,2.176,1.943,1.967,11651.731078159999
2024-08-04T00:00:00Z,UMAUSD,2.063,2.088,1.86,1.91,12033.820384990002
2024-08-05T00:00:00Z,UMAUSD,1.902,1.918,1.528,1.696,20577.521169620002
2024-08-06T00:00:00Z,UMAUSD,1.756,2.11,1.756,2.004,45593.96772062002
2024-08-07T00:00:00Z,UMAUSD,2.001,2.001,1.835,1.862,4071.2294985800004
2024-08-08T00:00:00Z,UMAUSD,1.846,2.095,1.823,2.091,2510.3134579300013
2024-08-09T00:00:00Z,UMAUSD,2.087,2.193,2.035,2.071,1414.14340096
2024-08-10T00:00:00Z,UMAUSD,2.15,2.154,2.067,2.112,1872.9362658799996
2024-08-11T00:00:00Z,UMAUSD,2.129,2.14,1.941,1.941,3705.3066160000003
2024-08-12T00:00:00Z,UMAUSD,1.989,2.074,1.982,2.069,5298.893296350002
2024-08-13T00:00:00Z,UMAUSD,2.07,2.105,1.994,2.09,1746.35806828
2024-08-14T00:00:00Z,UMAUSD,2.069,2.09,1.993,2.028,4407.868918769999
2024-08-15T00:00:00Z,UMAUSD,2.03,2.117,1.989,2.03,19197.502422110032
2024-08-16T00:00:00Z,UMAUSD,2.015,2.134,1.98,2.055,13077.6284708
2024-08-17T00:00:00Z,UMAUSD,2.042,2.058,1.991,2.058,4285.34989172
2024-08-18T00:00:00Z,UMAUSD,2.095,2.2,2.095,2.097,4046.1246865900002
2024-08-19T00:00:00Z,UMAUSD,2.078,2.18,2.061,2.127,1397.5009298399998
2024-08-20T00:00:00Z,UMAUSD,2.154,2.2,2.028,2.058,2494.7842835100205
2024-08-21T00:00:00Z,UMAUSD,2.081,2.192,2.041,2.159,4836.13527568
2024-08-22T00:00:00Z,UMAUSD,2.169,2.195,2.128,2.171,2709.5721881299996
2024-08-23T00:00:00Z,UMAUSD,2.194,2.333,2.187,2.313,1790.3618033300004
2024-08-24T00:00:00Z,UMAUSD,2.316,2.419,2.292,2.326,6154.548270049998
2024-08-25T00:00:00Z,UMAUSD,2.32,2.44,2.266,2.359,3193.491827460001
2024-08-26T00:00:00Z,UMAUSD,2.296,2.319,2.203,2.23,622.6567215099999
2024-08-27T00:00:00Z,UMAUSD,2.24,2.409,2.154,2.218,10912.489429019999
2024-08-28T00:00:00Z,UMAUSD,2.197,2.509,2.138,2.218,17056.345034000005
2024-08-29T00:00:00Z,UMAUSD,2.25,2.379,2.148,2.157,5035.64813006
2024-08-30T00:00:00Z,UMAUSD,2.157,2.425,2.062,2.368,5667.878087199999
2024-08-31T00:00:00Z,UMAUSD,2.347,2.368,2.239,2.292,5027.290476100001
2024-09-01T00:00:00Z,UMAUSD,2.237,2.237,2.125,2.127,1205.86848534
2024-09-02T00:00:00Z,UMAUSD,2.137,2.352,2.064,2.329,3246.9483723
2024-09-03T00:00:00Z,UMAUSD,2.297,2.394,2.256,2.267,10698.349782109999
2024-09-04T00:00:00Z,UMAUSD,2.227,2.305,2.138,2.247,7279.645189640002
2024-09-05T00:00:00Z,UMAUSD,2.223,2.223,2.1,2.109,1935.1926325700001
2024-09-06T00:00:00Z,UMAUSD,2.104,2.202,2.029,2.099,7230.547076729997
2024-09-07T00:00:00Z,UMAUSD,2.095,2.128,2.059,2.059,706.3801511199999
2024-09-08T00:00:00Z,UMAUSD,2.134,2.158,2.086,2.152,786.75783047
2024-09-09T00:00:00Z,UMAUSD,2.149,2.255,2.139,2.233,6438.595503219998
2024-09-10T00:00:00Z,UMAUSD,2.233,2.27,2.199,2.249,1227.31844574
2024-09-11T00:00:00Z,UMAUSD,2.247,2.247,2.155,2.202,2270.5446711500003
2024-09-12T00:00:00Z,UMAUSD,2.24,2.294,2.228,2.294,3276.636592869999
2024-09-13T00:00:00Z,UMAUSD,2.29,2.311,2.241,2.311,4483.50170796
2024-09-14T00:00:00Z,UMAUSD,2.308,2.33,2.235,2.255,473.48485456
2024-09-15T00:00:00Z,UMAUSD,2.27,2.292,2.18,2.18,207.07052488999997
2024-09-16T00:00:00Z,UMAUSD,2.159,2.193,2.116,2.121,4108.412792359999
2024-09-17T00:00:00Z,UMAUSD,2.155,2.215,2.152,2.184,2005.05674372
2024-09-18T00:00:00Z,UMAUSD,2.205,2.205,2.026,2.179,15279.618147210002
2024-09-19T00:00:00Z,UMAUSD,2.217,2.286,2.202,2.239,3537.9575528900004
2024-09-20T00:00:00Z,UMAUSD,2.253,2.319,2.22,2.277,3640.781887769999
2024-09-21T00:00:00Z,UMAUSD,2.271,2.542,2.251,2.407,21494.584140299998
2024-09-22T00:00:00Z,UMAUSD,2.37,2.482,2.3,2.359,14210.759560900004
2024-09-23T00:00:00Z,UMAUSD,2.397,2.502,2.367,2.386,13172.670244220004
2024-09-24T00:00:00Z,UMAUSD,2.368,2.411,2.365,2.404,1334.2712834299998
2024-09-25T00:00:00Z,UMAUSD,2.387,2.43,2.309,2.309,9293.407070839998
2024-09-26T00:00:00Z,UMAUSD,2.306,2.483,2.3,2.461,2620.7444661600002
2024-09-27T00:00:00Z,UMAUSD,2.459,2.687,2.435,2.638,9205.050247489995
2024-09-28T00:00:00Z,UMAUSD,2.625,2.697,2.556,2.669,5721.85632221
2024-09-29T00:00:00Z,UMAUSD,2.647,2.817,2.58,2.733,12757.53881416
2024-09-30T00:00:00Z,UMAUSD,2.702,2.791,2.615,2.615,9711.745679160002
2024-10-01T00:00:00Z,UMAUSD,2.634,3.179,2.634,2.757,39827.45830686999
2024-10-02T00:00:00Z,UMAUSD,2.769,3.106,2.769,2.9,28842.31198549
2024-10-03T00:00:00Z,UMAUSD,2.900,2.970,2.717,2.893,14954.00943118
2024-10-04T00:00:00Z,UMAUSD,2.841,3.088,2.841,2.963,14512.43296355
2024-10-05T00:00:00Z,UMAUSD,3.001,3.056,2.876,2.938,6467.03310529
2024-10-06T00:00:00Z,UMAUSD,2.934,2.948,2.879,2.930,1404.11296191
2024-10-07T00:00:00Z,UMAUSD,2.957,2.957,2.798,2.798,6680.42007124
2024-10-08T00:00:00Z,UMAUSD,2.816,3.250,2.666,2.676,15011.00891836
2024-10-09T00:00:00Z,UMAUSD,2.681,2.694,2.495,2.525,3149.59309584
2024-10-10T00:00:00Z,UMAUSD,2.519,2.572,2.468,2.517,2865.63155537
2024-10-11T00:00:00Z,UMAUSD,2.596,2.682,2.576,2.682,3087.65983365
2024-10-12T00:00:00Z,UMAUSD,2.689,2.863,2.686,2.791,6781.49277708
2024-10-13T00:00:00Z,UMAUSD,2.797,2.818,2.618,2.723,8413.89218728
2024-10-14T00:00:00Z,UMAUSD,2.700,2.792,2.697,2.750,8177.77877965
2024-10-15T00:00:00Z,UMAUSD,2.732,2.735,2.557,2.612,10733.04389207
2024-10-16T00:00:00Z,UMAUSD,2.629,2.629,2.556,2.566,2117.46634294
2024-10-17T00:00:00Z,UMAUSD,2.599,3.054,2.499,2.974,41984.96711832
2024-10-18T00:00:00Z,UMAUSD,2.944,3.053,2.810,2.839,22075.72160973
2024-10-19T00:00:00Z,UMAUSD,2.851,3.137,2.739,2.775,11512.93063710
2024-10-20T00:00:00Z,UMAUSD,2.793,2.900,2.737,2.820,5088.45993687
2024-10-21T00:00:00Z,UMAUSD,2.794,2.795,2.680,2.708,1744.69091655
2024-10-22T00:00:00Z,UMAUSD,2.687,2.740,2.633,2.666,3373.23629626
2024-10-23T00:00:00Z,UMAUSD,2.664,2.869,2.646,2.698,16149.02966610
2024-10-24T00:00:00Z,UMAUSD,2.729,2.820,2.659,2.752,3711.11053079
2024-10-25T00:00:00Z,UMAUSD,2.779,2.858,2.540,2.616,5130.19898709
2024-10-26T00:00:00Z,UMAUSD,2.642,2.729,2.523,2.560,2937.44260031
2024-10-27T00:00:00Z,UMAUSD,2.580,2.623,2.515,2.568,3405.89961612
2024-10-28T00:00:00Z,UMAUSD,2.508,2.514,2.386,2.514,2882.60581363
2024-10-29T00:00:00Z,UMAUSD,2.530,2.595,2.514,2.564,3957.88715747
2024-10-30T00:00:00Z,UMAUSD,2.580,2.676,2.558,2.593,3546.38553555
2024-10-31T00:00:00Z,UMAUSD,2.598,2.613,2.480,2.507,3869.34251561
2024-11-01T00:00:00Z,UMAUSD,2.487,2.507,2.364,2.364,5495.90915410
2024-11-02T00:00:00Z,UMAUSD,2.380,2.380,2.248,2.266,2309.00936660
2024-11-03T00:00:00Z,UMAUSD,2.240,2.240,2.031,2.117,5882.09884540
2024-11-04T00:00:00Z,UMAUSD,2.090,2.131,2.000,2.020,5258.51514289
2024-11-05T00:00:00Z,UMAUSD,2.088,2.196,2.083,2.130,6431.44455119
2024-11-06T00:00:00Z,UMAUSD,2.173,2.494,2.173,2.370,9764.22682833
2024-11-07T00:00:00Z,UMAUSD,2.360,2.461,2.307,2.379,6927.19714966
2024-11-08T00:00:00Z,UMAUSD,2.353,2.385,2.290,2.348,12307.76154828
2024-11-09T00:00:00Z,UMAUSD,2.362,2.474,2.318,2.450,9068.63993488
2024-11-10T00:00:00Z,UMAUSD,2.442,2.932,2.429,2.783,24690.96081839
2024-11-11T00:00:00Z,UMAUSD,2.802,2.879,2.669,2.859,5631.26073630
2024-11-12T00:00:00Z,UMAUSD,2.835,2.942,2.515,2.616,26305.08054003
2024-11-13T00:00:00Z,UMAUSD,2.589,2.589,2.335,2.400,13688.77954558
2024-11-14T00:00:00Z,UMAUSD,2.442,2.570,2.352,2.352,5367.39929871
2024-11-15T00:00:00Z,UMAUSD,2.339,2.466,2.250,2.466,28417.29962344
2024-11-16T00:00:00Z,UMAUSD,2.476,2.591,2.447,2.566,5240.59320806
2024-11-17T00:00:00Z,UMAUSD,2.592,2.603,2.356,2.356,10835.52321110
2024-11-18T00:00:00Z,UMAUSD,2.384,2.693,2.384,2.602,9246.26483237
2024-11-19T00:00:00Z,UMAUSD,2.583,2.618,2.494,2.541,29851.00139267
2024-11-20T00:00:00Z,UMAUSD,2.500,2.598,2.396,2.441,8300.21078441
2024-11-21T00:00:00Z,UMAUSD,2.414,2.607,2.367,2.582,8547.65671656
2024-11-22T00:00:00Z,UMAUSD,2.563,2.679,2.522,2.673,11331.79849806
2024-11-23T00:00:00Z,UMAUSD,2.666,2.889,2.666,2.820,9488.41214728
2024-11-24T00:00:00Z,UMAUSD,2.862,3.077,2.720,2.992,29726.35768149
2024-11-25T00:00:00Z,UMAUSD,2.972,3.063,2.803,2.914,18054.01963080
2024-11-26T00:00:00Z,UMAUSD,2.905,3.048,2.680,2.957,29741.07939991
2024-11-27T00:00:00Z,UMAUSD,2.941,3.141,2.874,3.141,15330.57724524
2024-11-28T00:00:00Z,UMAUSD,3.120,3.182,3.022,3.105,12549.19490054
2024-11-29T00:00:00Z,UMAUSD,3.088,3.300,3.016,3.243,2291.98777354
2024-11-30T00:00:00Z,UMAUSD,3.200,3.332,3.159,3.229,4998.38142298
2024-12-01T00:00:00Z,UMAUSD,3.228,3.424,3.143,3.313,6939.10888872
2024-12-02T00:00:00Z,UMAUSD,3.287,3.600,3.117,3.552,16315.59582969
2024-12-03T00:00:00Z,UMAUSD,3.556,3.781,3.431,3.765,16661.11143547
2024-12-04T00:00:00Z,UMAUSD,3.740,4.131,3.646,3.913,21435.33588112
2024-12-05T00:00:00Z,UMAUSD,3.948,4.056,3.783,3.903,22053.16746486
2024-12-06T00:00:00Z,UMAUSD,3.923,4.060,3.846,3.872,8187.72939894
2024-12-07T00:00:00Z,UMAUSD,3.915,3.945,3.797,3.836,8183.71746275
2024-12-08T00:00:00Z,UMAUSD,3.853,4.498,3.793,4.041,19380.33307832
2024-12-09T00:00:00Z,UMAUSD,4.036,4.059,2.639,3.403,23339.59940661
2024-12-10T00:00:00Z,UMAUSD,3.440,3.473,2.959,3.245,20474.77805806
2024-12-11T00:00:00Z,UMAUSD,3.246,3.598,3.151,3.576,12621.20730625
2024-12-12T00:00:00Z,UMAUSD,3.604,4.001,3.595,3.786,8817.66188186
2024-12-13T00:00:00Z,UMAUSD,3.759,3.848,3.609,3.720,6222.69526385
2024-12-14T00:00:00Z,UMAUSD,3.724,3.891,3.472,3.523,3201.28212408
2024-12-15T00:00:00Z,UMAUSD,3.533,3.630,3.412,3.609,2277.97857012
2024-12-16T00:00:00Z,UMAUSD,3.598,3.683,3.412,3.511,6635.60644303
2024-12-17T00:00:00Z,UMAUSD,3.466,3.477,3.284,3.306,2507.29189654
2024-12-18T00:00:00Z,UMAUSD,3.273,3.306,2.944,2.944,8547.75280490
2024-12-19T00:00:00Z,UMAUSD,2.927,3.064,2.600,2.749,15033.97075589
2024-12-20T00:00:00Z,UMAUSD,2.740,2.839,2.357,2.707,22324.29839141
2024-12-21T00:00:00Z,UMAUSD,2.718,2.872,2.517,2.532,6470.40861436
2024-12-22T00:00:00Z,UMAUSD,2.604,2.686,2.499,2.522,9414.21512343
2024-12-23T00:00:00Z,UMAUSD,2.577,2.802,2.577,2.757,2151.18885426
2024-12-24T00:00:00Z,UMAUSD,2.750,2.922,2.703,2.865,1208.58281214
2024-12-25T00:00:00Z,UMAUSD,2.852,2.949,2.815,2.889,5624.02179120
2024-12-26T00:00:00Z,UMAUSD,2.900,2.900,2.624,2.652,694.62411415
2024-12-27T00:00:00Z,UMAUSD,2.678,2.843,2.674,2.684,2016.53907063
2024-12-28T00:00:00Z,UMAUSD,2.693,2.863,2.692,2.833,2894.64498405
2024-12-29T00:00:00Z,UMAUSD,2.833,2.833,2.683,2.699,506.67788546
2024-12-30T00:00:00Z,UMAUSD,2.781,2.827,2.626,2.679,4940.41656224
2024-12-31T00:00:00Z,UMAUSD,2.659,2.775,2.648,2.688,937.03443553
2025-01-01T00:00:00Z,UMAUSD,2.660,2.706,2.571,2.693,622.17655224
2025-01-02T00:00:00Z,UMAUSD,2.734,2.819,2.718,2.720,6440.74995821
2025-01-03T00:00:00Z,UMAUSD,2.743,3.073,2.712,3.017,18458.61974018
2025-01-04T00:00:00Z,UMAUSD,3.061,3.271,3.061,3.146,4914.74528725
2025-01-05T00:00:00Z,UMAUSD,3.146,3.212,3.131,3.147,2577.62487867
2025-01-06T00:00:00Z,UMAUSD,3.104,3.207,3.063,3.115,1553.86046346
2025-01-07T00:00:00Z,UMAUSD,3.133,3.133,2.771,2.771,3538.38371978
2025-01-08T00:00:00Z,UMAUSD,2.730,2.730,2.483,2.587,4265.74140374
2025-01-09T00:00:00Z,UMAUSD,2.608,2.616,2.463,2.483,7966.24827244
2025-01-10T00:00:00Z,UMAUSD,2.533,2.652,2.510,2.587,8461.21079459
2025-01-11T00:00:00Z,UMAUSD,2.586,2.586,2.459,2.550,1070.45610476
2025-01-12T00:00:00Z,UMAUSD,2.523,2.523,2.441,2.441,4142.95782257
2025-01-13T00:00:00Z,UMAUSD,2.469,2.469,2.243,2.377,14031.44286795
2025-01-14T00:00:00Z,UMAUSD,2.409,2.477,2.373,2.477,7123.74983254
2025-01-15T00:00:00Z,UMAUSD,2.469,2.624,2.408,2.624,5493.48650069
2025-01-16T00:00:00Z,UMAUSD,2.598,2.614,2.505,2.535,6543.20374675
2025-01-17T00:00:00Z,UMAUSD,2.561,2.950,2.561,2.846,5832.09904571
2025-01-18T00:00:00Z,UMAUSD,2.867,2.967,2.658,2.658,3239.48354741
2025-01-19T00:00:00Z,UMAUSD,2.760,2.803,2.524,2.564,5948.00272373
2025-01-20T00:00:00Z,UMAUSD,2.532,2.770,2.483,2.525,12702.32426329
2025-01-21T00:00:00Z,UMAUSD,2.470,2.584,2.381,2.534,2865.95223535
2025-01-22T00:00:00Z,UMAUSD,2.545,2.547,2.468,2.476,9587.76222592
2025-01-23T00:00:00Z,UMAUSD,2.479,2.505,2.386,2.386,2391.78646769
2025-01-24T00:00:00Z,UMAUSD,2.372,2.486,2.312,2.312,2400.91129351
2025-01-25T00:00:00Z,UMAUSD,2.315,2.339,2.293,2.329,1204.42405210
2025-01-26T00:00:00Z,UMAUSD,2.347,2.395,2.330,2.330,513.81796650
2025-01-27T00:00:00Z,UMAUSD,2.272,2.272,2.045,2.236,13360.90288952
2025-01-28T00:00:00Z,UMAUSD,2.212,2.247,2.020,2.020,5929.04480826
2025-01-29T00:00:00Z,UMAUSD,2.103,2.207,2.070,2.199,5663.91556723
2025-01-30T00:00:00Z,UMAUSD,2.141,2.264,2.141,2.245,2221.73406845
2025-01-31T00:00:00Z,UMAUSD,2.219,2.312,2.181,2.218,6093.93679531
2025-02-01T00:00:00Z,UMAUSD,2.249,2.321,2.119,2.119,1299.84443888
2025-02-02T00:00:00Z,UMAUSD,2.110,2.110,1.717,1.813,9238.23131657
2025-02-03T00:00:00Z,UMAUSD,1.817,1.819,1.335,1.810,36640.77690720
2025-02-04T00:00:00Z,UMAUSD,1.788,1.794,1.564,1.633,58191.02533266
2025-02-05T00:00:00Z,UMAUSD,1.617,1.697,1.612,1.628,6209.54805649
2025-02-06T00:00:00Z,UMAUSD,1.639,1.658,1.518,1.533,9328.80738958
2025-02-07T00:00:00Z,UMAUSD,1.537,1.648,1.522,1.582,7980.71191022
2025-02-08T00:00:00Z,UMAUSD,1.583,1.755,1.561,1.653,25562.04354658
2025-02-09T00:00:00Z,UMAUSD,1.641,1.911,1.580,1.665,51971.92241651
2025-02-10T00:00:00Z,UMAUSD,1.669,1.726,1.609,1.717,6662.08400333
2025-02-11T00:00:00Z,UMAUSD,1.741,1.807,1.669,1.684,4128.34456640
2025-02-12T00:00:00Z,UMAUSD,1.692,1.848,1.666,1.814,7073.00461552
2025-02-13T00:00:00Z,UMAUSD,1.840,1.842,1.708,1.733,21403.34546131
2025-02-14T00:00:00Z,UMAUSD,1.754,1.786,1.722,1.729,3965.25491378
2025-02-15T00:00:00Z,UMAUSD,1.753,1.761,1.671,1.671,765.76466552
2025-02-16T00:00:00Z,UMAUSD,1.683,1.717,1.654,1.674,4669.21315558
2025-02-17T00:00:00Z,UMAUSD,1.666,1.775,1.623,1.664,23023.05466429
2025-02-18T00:00:00Z,UMAUSD,1.653,1.653,1.531,1.548,2089.81148593
2025-02-19T00:00:00Z,UMAUSD,1.540,1.673,1.540,1.668,7315.69232306
2025-02-20T00:00:00Z,UMAUSD,1.674,1.746,1.588,1.647,10113.40033329
2025-02-21T00:00:00Z,UMAUSD,1.647,1.730,1.526,1.528,13046.65968215
2025-02-22T00:00:00Z,UMAUSD,1.531,1.856,1.531,1.737,16670.92371485
2025-02-23T00:00:00Z,UMAUSD,1.732,1.754,1.646,1.646,3930.57337169
2025-02-24T00:00:00Z,UMAUSD,1.658,1.658,1.505,1.520,10835.33864725
2025-02-25T00:00:00Z,UMAUSD,1.511,1.521,1.373,1.513,6538.02499406
2025-02-26T00:00:00Z,UMAUSD,1.511,1.529,1.404,1.499,2174.69326554
2025-02-27T00:00:00Z,UMAUSD,1.495,1.527,1.447,1.482,2011.07887182
2025-02-28T00:00:00Z,UMAUSD,1.458,1.539,1.379,1.509,8517.91428720
2025-03-01T00:00:00Z,UMAUSD,1.499,1.503,1.446,1.470,1123.03077506
2025-03-02T00:00:00Z,UMAUSD,1.473,1.606,1.436,1.580,3014.57456499
2025-03-03T00:00:00Z,UMAUSD,1.589,1.589,1.318,1.342,9185.05077616
2025-03-04T00:00:00Z,UMAUSD,1.350,1.350,1.234,1.325,8475.43037252
2025-03-05T00:00:00Z,UMAUSD,1.327,1.378,1.310,1.359,7055.58912890
2025-03-06T00:00:00Z,UMAUSD,1.349,1.382,1.334,1.347,1071.80258888
2025-03-07T00:00:00Z,UMAUSD,1.337,1.378,1.286,1.326,2935.11756540
2025-03-08T00:00:00Z,UMAUSD,1.291,1.291,1.272,1.272,1332.56938378
2025-03-09T00:00:00Z,UMAUSD,1.263,1.263,1.113,1.128,6295.47523247
2025-03-10T00:00:00Z,UMAUSD,1.127,1.353,1.054,1.177,29960.48027563
2025-03-11T00:00:00Z,UMAUSD,1.184,1.253,1.134,1.200,20375.73151661
2025-03-12T00:00:00Z,UMAUSD,1.196,1.214,1.139,1.180,6656.23619177
2025-03-13T00:00:00Z,UMAUSD,1.176,1.177,1.119,1.119,7692.37979762
2025-03-14T00:00:00Z,UMAUSD,1.130,1.191,1.130,1.175,2322.96819447
2025-03-15T00:00:00Z,UMAUSD,1.172,1.177,1.171,1.171,207.25269322
2025-03-16T00:00:00Z,UMAUSD,1.197,1.201,1.145,1.154,558.77622048
2025-03-17T00:00:00Z,UMAUSD,1.166,1.447,1.166,1.303,44372.13105240
2025-03-18T00:00:00Z,UMAUSD,1.312,1.460,1.258,1.290,72823.25896261
2025-03-19T00:00:00Z,UMAUSD,1.300,1.362,1.270,1.277,9419.78815177
2025-03-20T00:00:00Z,UMAUSD,1.293,1.305,1.276,1.284,4437.18558098
2025-03-21T00:00:00Z,UMAUSD,1.301,1.323,1.225,1.257,16234.51607242
2025-03-22T00:00:00Z,UMAUSD,1.284,1.741,1.284,1.466,75460.48630933
2025-03-23T00:00:00Z,UMAUSD,1.482,1.482,1.301,1.421,192890.04698376
2025-03-24T00:00:00Z,UMAUSD,1.416,1.437,1.379,1.423,4182.33753819
2025-03-25T00:00:00Z,UMAUSD,1.414,1.431,1.386,1.410,24596.69571806
2025-03-26T00:00:00Z,UMAUSD,1.422,1.442,1.352,1.394,9131.61667258
2025-03-27T00:00:00Z,UMAUSD,1.416,1.425,1.368,1.368,4496.91411093
2025-03-28T00:00:00Z,UMAUSD,1.360,1.372,1.230,1.234,14016.40347033
2025-03-29T00:00:00Z,UMAUSD,1.250,1.250,1.160,1.190,46704.65372521
2025-03-30T00:00:00Z,UMAUSD,1.189,1.217,1.179,1.202,1321.38295296
2025-03-31T00:00:00Z,UMAUSD,1.191,1.198,1.140,1.167,999.39100714
2025-04-01T00:00:00Z,UMAUSD,1.181,1.224,1.171,1.176,3807.48980958
2025-04-02T00:00:00Z,UMAUSD,1.137,1.183,1.089,1.092,4850.37696558
2025-04-03T00:00:00Z,UMAUSD,1.127,1.134,1.065,1.109,3641.58323786
2025-04-04T00:00:00Z,UMAUSD,1.101,1.106,1.064,1.094,5709.37221220
2025-04-05T00:00:00Z,UMAUSD,1.105,1.117,1.068,1.073,2595.55618675
2025-04-06T00:00:00Z,UMAUSD,1.077,1.079,0.959,0.979,8461.99965037
2025-04-07T00:00:00Z,UMAUSD,0.979,1.021,0.900,1.021,10376.81771347
2025-04-08T00:00:00Z,UMAUSD,1.019,1.022,0.956,0.967,1638.31331251
2025-04-09T00:00:00Z,UMAUSD,0.971,1.039,0.955,1.039,9846.76635715
2025-04-10T00:00:00Z,UMAUSD,1.052,1.052,0.995,1.013,5693.04292801
2025-04-11T00:00:00Z,UMAUSD,1.039,1.079,1.035,1.079,20497.98365202
2025-04-12T00:00:00Z,UMAUSD,1.066,1.159,1.057,1.115,10810.01966168
2025-04-13T00:00:00Z,UMAUSD,1.104,1.146,1.038,1.045,18054.38711434
2025-04-14T00:00:00Z,UMAUSD,1.062,1.096,1.059,1.075,12421.75426462
2025-04-15T00:00:00Z,UMAUSD,1.062,1.068,1.049,1.049,5613.78682182
2025-04-16T00:00:00Z,UMAUSD,1.065,1.068,0.995,1.029,17377.59940798
2025-04-17T00:00:00Z,UMAUSD,1.007,1.047,1.004,1.034,23003.13555614
2025-04-18T00:00:00Z,UMAUSD,1.063,1.081,1.058,1.081,2297.07688506
2025-04-19T00:00:00Z,UMAUSD,1.106,1.113,1.087,1.104,5345.06115144
2025-04-20T00:00:00Z,UMAUSD,1.106,1.110,1.095,1.109,16022.09733731
2025-04-21T00:00:00Z,UMAUSD,1.122,1.146,1.111,1.130,8178.40002338
2025-04-22T00:00:00Z,UMAUSD,1.129,1.195,1.100,1.188,2327.55217402
2025-04-23T00:00:00Z,UMAUSD,1.187,1.224,1.147,1.192,4020.63015503
2025-04-24T00:00:00Z,UMAUSD,1.198,1.198,1.157,1.193,399.00673742
2025-04-25T00:00:00Z,UMAUSD,1.203,1.225,1.187,1.213,10765.09346069
2025-04-26T00:00:00Z,UMAUSD,1.209,1.260,1.206,1.221,2261.18206813
2025-04-27T00:00:00Z,UMAUSD,1.233,1.238,1.181,1.194,3903.14356696
2025-04-28T00:00:00Z,UMAUSD,1.178,1.220,1.161,1.193,20109.46578463
2025-04-29T00:00:00Z,UMAUSD,1.214,1.226,1.175,1.177,4960.81328717
2025-04-30T00:00:00Z,UMAUSD,1.178,1.191,1.165,1.191,413.74397778
2025-05-01T00:00:00Z,UMAUSD,1.194,1.216,1.194,1.210,5732.05912485
2025-05-02T00:00:00Z,UMAUSD,1.200,1.212,1.187,1.191,1081.72751217
2025-05-03T00:00:00Z,UMAUSD,1.186,1.186,1.135,1.135,6825.69931327
2025-05-04T00:00:00Z,UMAUSD,1.130,1.136,1.113,1.124,2049.57635989
2025-05-05T00:00:00Z,UMAUSD,1.117,1.183,1.099,1.143,16850.65602596
2025-05-06T00:00:00Z,UMAUSD,1.120,1.124,1.075,1.116,5502.10111728
2025-05-07T00:00:00Z,UMAUSD,1.127,1.188,1.098,1.113,15984.04398284
2025-05-08T00:00:00Z,UMAUSD,1.140,1.258,1.140,1.254,2442.46595975
2025-05-09T00:00:00Z,UMAUSD,1.278,1.449,1.273,1.314,22997.24399770
2025-05-10T00:00:00Z,UMAUSD,1.337,1.375,1.309,1.375,11007.15702459
2025-05-11T00:00:00Z,UMAUSD,1.347,1.385,1.310,1.361,26705.95208310
2025-05-12T00:00:00Z,UMAUSD,1.368,1.407,1.268,1.342,19595.86699837
2025-05-13T00:00:00Z,UMAUSD,1.305,1.405,1.256,1.393,5755.22032786
2025-05-14T00:00:00Z,UMAUSD,1.375,1.400,1.343,1.351,7500.22371317
2025-05-15T00:00:00Z,UMAUSD,1.366,1.382,1.237,1.257,9876.03188010
2025-05-16T00:00:00Z,UMAUSD,1.260,1.291,1.213,1.218,1123.36716365
2025-05-17T00:00:00Z,UMAUSD,1.195,1.196,1.165,1.175,9765.28354912
2025-05-18T00:00:00Z,UMAUSD,1.193,1.240,1.148,1.210,5405.24295074
2025-05-19T00:00:00Z,UMAUSD,1.174,1.187,1.139,1.181,7463.63459219
2025-05-20T00:00:00Z,UMAUSD,1.195,1.209,1.176,1.203,1377.48026436
2025-05-21T00:00:00Z,UMAUSD,1.210,1.252,1.190,1.250,18850.46420996
2025-05-22T00:00:00Z,UMAUSD,1.243,1.336,1.240,1.336,22648.00889197
2025-05-23T00:00:00Z,UMAUSD,1.345,1.345,1.210,1.210,5230.93459429
2025-05-24T00:00:00Z,UMAUSD,1.213,1.242,1.213,1.220,4834.68632288
2025-05-25T00:00:00Z,UMAUSD,1.223,1.223,1.153,1.194,3578.38600622
2025-05-26T00:00:00Z,UMAUSD,1.205,1.206,1.170,1.172,230.39048498
2025-05-27T00:00:00Z,UMAUSD,1.191,1.349,1.164,1.236,14571.67423387
2025-05-28T00:00:00Z,UMAUSD,1.235,1.256,1.193,1.193,3094.95035687
2025-05-29T00:00:00Z,UMAUSD,1.225,1.262,1.192,1.192,2793.04965525
2025-05-30T00:00:00Z,UMAUSD,1.149,1.181,1.059,1.059,7289.41920266
2025-05-31T00:00:00Z,UMAUSD,1.064,1.118,1.020,1.100,7982.14258312
2025-06-01T00:00:00Z,UMAUSD,1.087,1.137,1.069,1.130,1743.41141468
2025-06-02T00:00:00Z,UMAUSD,1.132,1.132,1.106,1.124,4528.79947684
2025-06-03T00:00:00Z,UMAUSD,1.149,1.230,1.142,1.224,4675.41469544
2025-06-04T00:00:00Z,UMAUSD,1.217,1.276,1.151,1.167,18551.94492989
2025-06-05T00:00:00Z,UMAUSD,1.134,1.157,1.068,1.077,3635.75779561
2025-06-06T00:00:00Z,UMAUSD,1.104,1.436,1.104,1.196,101181.37124561
2025-06-07T00:00:00Z,UMAUSD,1.194,1.271,1.176,1.194,23374.17470042
2025-06-08T00:00:00Z,UMAUSD,1.214,1.407,1.209,1.368,54133.31087620
2025-06-09T00:00:00Z,UMAUSD,1.370,1.924,1.325,1.642,179186.67448617
2025-06-10T00:00:00Z,UMAUSD,1.643,1.719,1.491,1.507,168973.02887842
2025-06-11T00:00:00Z,UMAUSD,1.514,1.561,1.430,1.437,48948.88684760
2025-06-12T00:00:00Z,UMAUSD,1.432,1.432,1.309,1.329,38896.20240775
2025-06-13T00:00:00Z,UMAUSD,1.307,1.307,1.246,1.268,52472.78869857
2025-06-14T00:00:00Z,UMAUSD,1.275,1.307,1.221,1.239,15181.76671328
2025-06-15T00:00:00Z,UMAUSD,1.233,1.233,1.167,1.177,13204.41731878
2025-06-16T00:00:00Z,UMAUSD,1.197,1.223,1.192,1.192,8016.82530963
2025-06-17T00:00:00Z,UMAUSD,1.162,1.179,1.132,1.161,9960.75049290
2025-06-18T00:00:00Z,UMAUSD,1.174,1.182,1.110,1.142,5905.73938727
2025-06-19T00:00:00Z,UMAUSD,1.151,1.153,1.120,1.139,2025.77011034
2025-06-20T00:00:00Z,UMAUSD,1.123,1.162,1.080,1.111,15638.64557558
2025-06-21T00:00:00Z,UMAUSD,1.136,1.136,1.058,1.074,5544.93284318
2025-06-22T00:00:00Z,UMAUSD,1.067,1.079,0.997,1.049,14179.84334985
2025-06-23T00:00:00Z,UMAUSD,1.062,1.158,1.061,1.153,8417.95267160
2025-06-24T00:00:00Z,UMAUSD,1.158,1.223,1.138,1.168,28386.17576200
2025-06-25T00:00:00Z,UMAUSD,1.174,1.207,1.152,1.152,16487.31847456
2025-06-26T00:00:00Z,UMAUSD,1.139,1.148,1.090,1.090,14976.39373038
2025-06-27T00:00:00Z,UMAUSD,1.093,1.109,1.087,1.103,4497.84837522
2025-06-28T00:00:00Z,UMAUSD,1.107,1.107,1.101,1.103,1426.04557116
2025-06-29T00:00:00Z,UMAUSD,1.122,1.165,1.107,1.162,7463.74740718
2025-06-30T00:00:00Z,UMAUSD,1.161,1.161,1.099,1.121,4640.38149736
2025-07-01T00:00:00Z,UMAUSD,1.109,1.109,1.059,1.062,17866.36370329
2025-07-02T00:00:00Z,UMAUSD,1.059,1.133,1.052,1.122,3310.90172140
2025-07-03T00:00:00Z,UMAUSD,1.124,1.156,1.114,1.118,3729.79226476
2025-07-04T00:00:00Z,UMAUSD,1.100,1.100,1.048,1.065,13652.55226224
2025-07-05T00:00:00Z,UMAUSD,1.073,1.078,1.052,1.071,5100.20889107
2025-07-06T00:00:00Z,UMAUSD,1.063,1.092,1.058,1.089,1221.33124792
2025-07-07T00:00:00Z,UMAUSD,1.090,1.091,1.062,1.063,18847.16571762
2025-07-08T00:00:00Z,UMAUSD,1.055,1.083,1.055,1.078,1088.17568096
2025-07-09T00:00:00Z,UMAUSD,1.064,1.112,1.064,1.111,17687.78893113
2025-07-10T00:00:00Z,UMAUSD,1.109,1.177,1.105,1.174,18375.01526288
2025-07-11T00:00:00Z,UMAUSD,1.176,1.220,1.169,1.177,19825.88242918
2025-07-12T00:00:00Z,UMAUSD,1.169,1.179,1.132,1.141,507.19436185
2025-07-13T00:00:00Z,UMAUSD,1.155,1.199,1.153,1.188,8381.68437588
2025-07-14T00:00:00Z,UMAUSD,1.187,1.223,1.164,1.177,16997.88441385
2025-07-15T00:00:00Z,UMAUSD,1.166,1.347,1.105,1.239,32354.88214912
2025-07-16T00:00:00Z,UMAUSD,1.235,1.255,1.216,1.240,13408.80608812
2025-07-17T00:00:00Z,UMAUSD,1.245,1.246,1.196,1.238,8212.90305081
2025-07-18T00:00:00Z,UMAUSD,1.240,1.294,1.222,1.230,5316.53915434
2025-07-19T00:00:00Z,UMAUSD,1.245,1.258,1.182,1.252,24624.31356835
2025-07-20T00:00:00Z,UMAUSD,1.249,1.362,1.247,1.321,24350.86456551
2025-07-21T00:00:00Z,UMAUSD,1.308,2.056,1.302,1.767,351349.13049594
2025-07-22T00:00:00Z,UMAUSD,1.765,1.800,1.504,1.616,177119.21912118
2025-07-23T00:00:00Z,UMAUSD,1.627,1.627,1.392,1.427,46539.27220586
2025-07-24T00:00:00Z,UMAUSD,1.414,1.433,1.350,1.378,12742.63090200
2025-07-25T00:00:00Z,UMAUSD,1.362,1.390,1.335,1.389,16670.86681488
2025-07-26T00:00:00Z,UMAUSD,1.395,1.470,1.386,1.386,69456.89174654
2025-07-27T00:00:00Z,UMAUSD,1.392,1.410,1.370,1.405,22405.88876488
2025-07-28T00:00:00Z,UMAUSD,1.404,1.431,1.295,1.315,56893.92451834
2025-07-29T00:00:00Z,UMAUSD,1.312,1.344,1.265,1.287,32810.23260920
2025-07-30T00:00:00Z,UMAUSD,1.304,1.332,1.107,1.286,47105.57291858
2025-07-31T00:00:00Z,UMAUSD,1.281,1.314,1.250,1.253,4512.39050393
2025-08-01T00:00:00Z,UMAUSD,1.246,1.246,1.166,1.185,4711.44488798
2025-08-02T00:00:00Z,UMAUSD,1.207,1.209,1.155,1.170,2757.46441245
2025-08-03T00:00:00Z,UMAUSD,1.174,1.209,1.174,1.209,2153.57351215
2025-08-04T00:00:00Z,UMAUSD,1.210,1.247,1.204,1.244,1100.92112181
2025-08-05T00:00:00Z,UMAUSD,1.217,1.227,1.185,1.185,1177.75369230
2025-08-06T00:00:00Z,UMAUSD,1.193,1.269,1.171,1.217,25185.04336519
2025-08-07T00:00:00Z,UMAUSD,1.223,1.344,1.223,1.263,14459.99496921
2025-08-08T00:00:00Z,UMAUSD,1.264,1.422,1.264,1.291,6968.05100854
2025-08-09T00:00:00Z,UMAUSD,1.291,1.343,1.291,1.334,29873.39914548
2025-08-10T00:00:00Z,UMAUSD,1.338,1.358,1.302,1.326,7897.15056229
2025-08-11T00:00:00Z,UMAUSD,1.346,1.354,1.256,1.256,20277.88007425
2025-08-12T00:00:00Z,UMAUSD,1.286,1.558,1.278,1.329,124609.55769611
2025-08-13T00:00:00Z,UMAUSD,1.327,1.374,1.314,1.353,21538.77665538
2025-08-14T00:00:00Z,UMAUSD,1.363,1.374,1.228,1.233,115443.13899431
2025-08-15T00:00:00Z,UMAUSD,1.260,1.279,1.220,1.261,36686.33702582
2025-08-16T00:00:00Z,UMAUSD,1.274,1.375,1.272,1.311,37245.93755596
2025-08-17T00:00:00Z,UMAUSD,1.309,1.330,1.309,1.316,5130.49370740
2025-08-18T00:00:00Z,UMAUSD,1.255,1.280,1.244,1.259,12034.10115740
2025-08-19T00:00:00Z,UMAUSD,1.262,1.524,1.239,1.450,131015.44600930
2025-08-20T00:00:00Z,UMAUSD,1.444,1.645,1.378,1.441,119998.33437329
2025-08-21T00:00:00Z,UMAUSD,1.438,1.535,1.382,1.472,66466.23078016
2025-08-22T00:00:00Z,UMAUSD,1.486,1.605,1.465,1.572,120156.05710941
2025-08-23T00:00:00Z,UMAUSD,1.561,1.892,1.517,1.625,117886.25635795
2025-08-24T00:00:00Z,UMAUSD,1.624,1.634,1.487,1.487,32872.55358752
2025-08-25T00:00:00Z,UMAUSD,1.495,1.496,1.116,1.366,24497.42274987
2025-08-26T00:00:00Z,UMAUSD,1.367,1.470,1.362,1.420,25341.83706104
2025-08-27T00:00:00Z,UMAUSD,1.419,1.549,1.383,1.534,33574.96129643
2025-08-28T00:00:00Z,UMAUSD,1.530,1.651,1.470,1.479,141284.64877047
2025-08-29T00:00:00Z,UMAUSD,1.490,1.510,1.416,1.426,44817.86664474
2025-08-30T00:00:00Z,UMAUSD,1.434,1.460,1.418,1.458,3032.42231992
2025-08-31T00:00:00Z,UMAUSD,1.463,1.470,1.398,1.398,30874.74612541
2025-09-01T00:00:00Z,UMAUSD,1.393,1.413,1.321,1.323,10390.47860468
2025-09-02T00:00:00Z,UMAUSD,1.351,1.376,1.337,1.369,13550.41294720
2025-09-03T00:00:00Z,UMAUSD,1.366,1.417,1.361,1.399,7564.94800976
2025-09-04T00:00:00Z,UMAUSD,1.393,1.401,1.322,1.334,8615.68773078
2025-09-05T00:00:00Z,UMAUSD,1.340,1.366,1.335,1.335,2821.53397678
2025-09-06T00:00:00Z,UMAUSD,1.334,1.362,1.304,1.335,4890.71815682
2025-09-07T00:00:00Z,UMAUSD,1.348,1.363,1.340,1.341,1603.22767945
2025-09-08T00:00:00Z,UMAUSD,1.341,1.378,1.341,1.371,1625.93779761
2025-09-09T00:00:00Z,UMAUSD,1.370,1.442,1.356,1.384,20922.46642514
2025-09-10T00:00:00Z,UMAUSD,1.396,1.435,1.386,1.405,5424.62742265
2025-09-11T00:00:00Z,UMAUSD,1.404,1.462,1.381,1.431,15561.38263951
2025-09-12T00:00:00Z,UMAUSD,1.437,1.481,1.306,1.414,66304.43862608
2025-09-13T00:00:00Z,UMAUSD,1.416,1.465,1.400,1.440,74028.56667712
2025-09-14T00:00:00Z,UMAUSD,1.410,1.410,1.357,1.365,26188.36639565
2025-09-15T00:00:00Z,UMAUSD,1.357,1.377,1.302,1.326,30685.35411321
2025-09-16T00:00:00Z,UMAUSD,1.326,1.338,1.302,1.337,9678.86492215
2025-09-17T00:00:00Z,UMAUSD,1.319,1.361,1.302,1.360,2843.03076645
2025-09-18T00:00:00Z,UMAUSD,1.364,1.375,1.353,1.375,14896.98300993
2025-09-19T00:00:00Z,UMAUSD,1.360,1.364,1.296,1.296,1846.61577957
2025-09-20T00:00:00Z,UMAUSD,1.295,1.324,1.284,1.311,572.77805555
2025-09-21T00:00:00Z,UMAUSD,1.308,1.319,1.285,1.286,3742.24663007
2025-09-22T00:00:00Z,UMAUSD,1.282,1.282,1.140,1.200,14267.84031980
2025-09-23T00:00:00Z,UMAUSD,1.203,1.212,1.176,1.200,3515.79814891
2025-09-24T00:00:00Z,UMAUSD,1.207,1.253,1.192,1.235,1290.26748026
2025-09-25T00:00:00Z,UMAUSD,1.238,1.630,1.125,1.141,17816.51996649
2025-09-26T00:00:00Z,UMAUSD,1.177,1.183,1.176,1.181,650.78432230
2025-09-27T00:00:00Z,UMAUSD,1.195,1.196,1.184,1.189,1306.09645819
2025-09-28T00:00:00Z,UMAUSD,1.183,1.321,1.171,1.212,8517.02444178
2025-09-29T00:00:00Z,UMAUSD,1.235,1.235,1.180,1.198,1976.61621981
2025-09-30T00:00:00Z,UMAUSD,1.191,1.203,1.162,1.203,8917.04343310
2025-10-01T00:00:00Z,UMAUSD,1.220,1.232,1.218,1.232,5586.20002209
2025-10-02T00:00:00Z,UMAUSD,1.246,1.286,1.239,1.262,27530.46091157
2025-10-03T00:00:00Z,UMAUSD,1.256,1.269,1.248,1.260,3879.99730975
2025-10-04T00:00:00Z,UMAUSD,1.258,1.258,1.219,1.222,1441.16922994
2025-10-05T00:00:00Z,UMAUSD,1.227,1.251,1.208,1.223,1614.01554104
2025-10-06T00:00:00Z,UMAUSD,1.223,1.268,1.210,1.257,2293.88603133
2025-10-07T00:00:00Z,UMAUSD,1.252,1.334,1.223,1.239,31997.46252767
2025-10-08T00:00:00Z,UMAUSD,1.250,1.276,1.216,1.253,16238.57781382
2025-10-09T00:00:00Z,UMAUSD,1.237,1.252,1.208,1.219,2839.37268522
2025-10-10T00:00:00Z,UMAUSD,1.232,1.251,0.774,1.055,51405.90719654
2025-10-11T00:00:00Z,UMAUSD,1.055,1.107,0.804,0.920,97173.90610447
2025-10-12T00:00:00Z,UMAUSD,0.915,1.126,0.906,1.005,17000.32445250
2025-10-13T00:00:00Z,UMAUSD,1.005,1.816,0.989,1.278,246958.42658494
2025-10-14T00:00:00Z,UMAUSD,1.272,1.291,1.090,1.163,170693.16720084
2025-10-15T00:00:00Z,UMAUSD,1.159,1.167,1.044,1.056,82915.28641287
2025-10-16T00:00:00Z,UMAUSD,1.059,1.112,1.015,1.019,125802.00407828
2025-10-17T00:00:00Z,UMAUSD,1.025,1.053,0.951,1.025,40568.15159568
2025-10-18T00:00:00Z,UMAUSD,1.028,1.191,1.028,1.131,59928.60071571
2025-10-19T00:00:00Z,UMAUSD,1.124,1.202,1.074,1.134,49519.36982982
2025-10-20T00:00:00Z,UMAUSD,1.136,1.333,1.120,1.198,59267.22334531
2025-10-21T00:00:00Z,UMAUSD,1.183,1.222,1.145,1.147,5855.49606251
2025-10-22T00:00:00Z,UMAUSD,1.139,1.151,1.098,1.108,32075.62621985
2025-10-23T00:00:00Z,UMAUSD,1.126,1.204,1.126,1.156,34904.41370815
2025-10-24T00:00:00Z,UMAUSD,1.158,1.210,1.158,1.191,56981.85564454
2025-10-25T00:00:00Z,UMAUSD,1.186,1.186,1.165,1.186,5371.34112177
2025-10-26T00:00:00Z,UMAUSD,1.192,1.224,1.172,1.199,27328.95829444
2025-10-27T00:00:00Z,UMAUSD,1.191,1.195,1.139,1.145,26354.16601781
2025-10-28T00:00:00Z,UMAUSD,1.147,1.175,1.105,1.130,22703.36631251
2025-10-29T00:00:00Z,UMAUSD,1.126,1.133,1.093,1.113,3327.63658334
2025-10-30T00:00:00Z,UMAUSD,1.121,1.121,1.034,1.065,11532.15892777
2025-10-31T00:00:00Z,UMAUSD,1.074,1.079,1.045,1.066,2796.29826575
2025-11-01T00:00:00Z,UMAUSD,1.066,1.092,1.066,1.090,1708.67155912
2025-11-02T00:00:00Z,UMAUSD,1.115,1.128,1.077,1.100,1283.05131692
2025-11-03T00:00:00Z,UMAUSD,1.091,1.096,0.949,0.987,15260.82964639
2025-11-04T00:00:00Z,UMAUSD,0.985,1.019,0.909,0.962,49631.02686288
2025-11-05T00:00:00Z,UMAUSD,0.943,0.960,0.886,0.950,7255.76626446
2025-11-06T00:00:00Z,UMAUSD,0.937,0.950,0.891,0.925,27228.11234626
2025-11-07T00:00:00Z,UMAUSD,0.941,1.078,0.941,1.066,47136.32458688
2025-11-08T00:00:00Z,UMAUSD,1.060,1.110,1.027,1.042,30415.50736396
2025-11-09T00:00:00Z,UMAUSD,1.055,1.292,1.006,1.041,68306.10707743
2025-11-10T00:00:00Z,UMAUSD,1.025,1.071,1.025,1.049,25867.75778998
2025-11-11T00:00:00Z,UMAUSD,1.036,1.054,0.977,0.986,100552.65261837
2025-11-12T00:00:00Z,UMAUSD,0.974,0.992,0.951,0.971,54625.22838336
2025-11-13T00:00:00Z,UMAUSD,0.970,0.997,0.928,0.944,15753.62921429
2025-11-14T00:00:00Z,UMAUSD,0.942,0.946,0.900,0.913,20748.69923823
2025-11-15T00:00:00Z,UMAUSD,0.942,0.983,0.929,0.957,12365.80576566
2025-11-16T00:00:00Z,UMAUSD,0.940,0.952,0.896,0.920,10003.71815860
2025-11-17T00:00:00Z,UMAUSD,0.914,0.946,0.895,0.895,22887.44636448
2025-11-18T00:00:00Z,UMAUSD,0.892,0.937,0.892,0.929,6080.57024074
2025-11-19T00:00:00Z,UMAUSD,0.910,0.921,0.862,0.895,5347.46379012
2025-11-20T00:00:00Z,UMAUSD,0.895,0.920,0.860,0.892,17413.96625808
2025-11-21T00:00:00Z,UMAUSD,0.885,0.886,0.785,0.819,33884.45085197
2025-11-22T00:00:00Z,UMAUSD,0.825,0.831,0.820,0.827,2222.11586389
2025-11-23T00:00:00Z,UMAUSD,0.826,0.837,0.821,0.822,1773.12908339
2025-11-24T00:00:00Z,UMAUSD,0.815,0.854,0.814,0.843,3096.01007884
2025-11-25T00:00:00Z,UMAUSD,0.841,0.860,0.817,0.843,10817.86039880
2025-11-26T00:00:00Z,UMAUSD,0.822,0.846,0.822,0.844,819.72217611
2025-11-27T00:00:00Z,UMAUSD,0.847,0.856,0.841,0.849,4147.78775336
2025-11-28T00:00:00Z,UMAUSD,0.847,0.859,0.832,0.841,9133.59536348
2025-11-29T00:00:00Z,UMAUSD,0.837,0.888,0.836,0.843,11297.44524534
2025-11-30T00:00:00Z,UMAUSD,0.823,0.835,0.813,0.813,8200.09967706
2025-12-01T00:00:00Z,UMAUSD,0.810,0.810,0.762,0.779,12640.02665456
2025-12-02T00:00:00Z,UMAUSD,0.782,0.817,0.775,0.807,5356.22203803
2025-12-03T00:00:00Z,UMAUSD,0.823,0.837,0.815,0.836,1074.72236068
2025-12-04T00:00:00Z,UMAUSD,0.839,0.839,0.816,0.822,947.30881975
2025-12-05T00:00:00Z,UMAUSD,0.843,0.858,0.782,0.793,9883.16544307
2025-12-06T00:00:00Z,UMAUSD,0.800,0.835,0.800,0.818,3258.36387035
2025-12-07T00:00:00Z,UMAUSD,0.824,0.824,0.786,0.795,5229.93656694
2025-12-08T00:00:00Z,UMAUSD,0.796,0.824,0.796,0.806,4366.95921062
2025-12-09T00:00:00Z,UMAUSD,0.814,0.847,0.805,0.831,8237.02091698
2025-12-10T00:00:00Z,UMAUSD,0.830,0.837,0.814,0.816,5093.44373022
2025-12-11T00:00:00Z,UMAUSD,0.800,0.821,0.786,0.813,14264.32364988
2025-12-12T00:00:00Z,UMAUSD,0.812,0.813,0.772,0.779,4809.47311465
2025-12-13T00:00:00Z,UMAUSD,0.790,0.796,0.788,0.796,645.96894499
2025-12-14T00:00:00Z,UMAUSD,0.793,0.793,0.739,0.739,14950.99360346
2025-12-15T00:00:00Z,UMAUSD,0.752,0.755,0.709,0.722,10398.53319470
2025-12-16T00:00:00Z,UMAUSD,0.728,0.768,0.722,0.741,16253.42347202
2025-12-17T00:00:00Z,UMAUSD,0.733,0.737,0.698,0.698,12730.67195740
2025-12-18T00:00:00Z,UMAUSD,0.692,0.711,0.653,0.672,20931.54497863
2025-12-19T00:00:00Z,UMAUSD,0.672,0.723,0.670,0.714,7574.15793857
2025-12-20T00:00:00Z,UMAUSD,0.714,0.723,0.714,0.720,1036.86150726
2025-12-21T00:00:00Z,UMAUSD,0.720,0.738,0.689,0.701,9458.72885636
2025-12-22T00:00:00Z,UMAUSD,0.707,0.718,0.703,0.713,5421.23052643
2025-12-23T00:00:00Z,UMAUSD,0.718,0.718,0.696,0.709,5477.55910937
2025-12-24T00:00:00Z,UMAUSD,0.705,0.706,0.692,0.706,1250.89740000
2025-12-25T00:00:00Z,UMAUSD,0.715,0.726,0.710,0.710,4919.16227907
2025-12-26T00:00:00Z,UMAUSD,0.716,0.716,0.710,0.713,2780.55843552
2025-12-27T00:00:00Z,UMAUSD,0.716,0.729,0.716,0.725,419.14751000
2025-12-28T00:00:00Z,UMAUSD,0.731,0.733,0.726,0.730,5177.53265987
2025-12-29T00:00:00Z,UMAUSD,0.730,0.730,0.703,0.703,12553.51574599
2025-12-30T00:00:00Z,UMAUSD,0.695,0.705,0.695,0.705,3323.24636911
2025-12-31T00:00:00Z,UMAUSD,0.706,0.714,0.678,0.714,3838.99965806
2026-01-01T00:00:00Z,UMAUSD,0.699,0.727,0.696,0.727,4816.84162445
2026-01-02T00:00:00Z,UMAUSD,0.738,0.745,0.725,0.745,12891.17563784
2026-01-03T00:00:00Z,UMAUSD,0.752,0.752,0.732,0.739,2916.23933248
2026-01-04T00:00:00Z,UMAUSD,0.754,0.773,0.754,0.759,4690.42233077
2026-01-05T00:00:00Z,UMAUSD,0.762,0.780,0.751,0.779,3031.82630040
2026-01-06T00:00:00Z,UMAUSD,0.781,0.852,0.779,0.811,13991.30371357
2026-01-07T00:00:00Z,UMAUSD,0.801,0.801,0.761,0.764,1021.56522540
2026-01-08T00:00:00Z,UMAUSD,0.779,0.779,0.750,0.774,6665.69514215
2026-01-09T00:00:00Z,UMAUSD,0.767,0.826,0.766,0.775,37573.51662973
2026-01-10T00:00:00Z,UMAUSD,0.776,0.778,0.768,0.768,6436.68153836
2026-01-11T00:00:00Z,UMAUSD,0.771,0.775,0.749,0.749,3711.02322589
2026-01-12T00:00:00Z,UMAUSD,0.742,0.756,0.741,0.756,1158.38400322
2026-01-13T00:00:00Z,UMAUSD,0.757,0.791,0.748,0.791,2430.29601881
2026-01-14T00:00:00Z,UMAUSD,0.793,0.803,0.780,0.784,22419.22609517
2026-01-15T00:00:00Z,UMAUSD,0.785,0.785,0.741,0.750,1925.46021121
2026-01-16T00:00:00Z,UMAUSD,0.752,0.783,0.752,0.783,2978.45931676
2026-01-17T00:00:00Z,UMAUSD,0.787,0.807,0.786,0.792,1787.00098135
2026-01-18T00:00:00Z,UMAUSD,0.783,0.795,0.759,0.759,797.04356274
2026-01-19T00:00:00Z,UMAUSD,0.752,0.752,0.713,0.735,14981.58760715
2026-01-20T00:00:00Z,UMAUSD,0.738,0.738,0.689,0.689,1238.62408402
2026-01-21T00:00:00Z,UMAUSD,0.715,0.720,0.695,0.714,1374.64135321
2026-01-22T00:00:00Z,UMAUSD,0.709,0.709,0.699,0.704,289.25236412
2026-01-23T00:00:00Z,UMAUSD,0.713,0.721,0.698,0.698,293.79641637
2026-01-24T00:00:00Z,UMAUSD,0.703,0.709,0.703,0.709,1037.76919000
2026-01-25T00:00:00Z,UMAUSD,0.699,0.699,0.648,0.656,6902.96313054
2026-01-26T00:00:00Z,UMAUSD,0.665,0.686,0.665,0.684,517.29023343
2026-01-27T00:00:00Z,UMAUSD,0.684,0.687,0.674,0.686,242.05169583
2026-01-28T00:00:00Z,UMAUSD,0.691,0.691,0.673,0.680,972.44876357
2026-01-29T00:00:00Z,UMAUSD,0.677,0.677,0.628,0.632,8608.89526332
2026-01-30T00:00:00Z,UMAUSD,0.613,0.633,0.606,0.632,3500.04801959
2026-01-31T00:00:00Z,UMAUSD,0.630,0.631,0.530,0.574,22919.08130471
2026-02-01T00:00:00Z,UMAUSD,0.575,0.583,0.551,0.559,3291.42322835
2026-02-02T00:00:00Z,UMAUSD,0.553,0.578,0.548,0.570,2330.04709337
2026-02-03T00:00:00Z,UMAUSD,0.571,0.584,0.548,0.562,10746.29911233
2026-02-04T00:00:00Z,UMAUSD,0.573,0.573,0.542,0.562,5611.58448565
2026-02-05T00:00:00Z,UMAUSD,0.563,0.563,0.472,0.483,17596.97836018
2026-02-06T00:00:00Z,UMAUSD,0.468,0.545,0.437,0.536,18314.38055527
2026-02-07T00:00:00Z,UMAUSD,0.535,0.539,0.525,0.526,6437.00675411
2026-02-08T00:00:00Z,UMAUSD,0.521,0.521,0.508,0.508,1347.16950860
2026-02-09T00:00:00Z,UMAUSD,0.511,0.517,0.498,0.511,2164.32186281
2026-02-10T00:00:00Z,UMAUSD,0.505,0.505,0.491,0.494,5957.79700208
2026-02-11T00:00:00Z,UMAUSD,0.481,0.493,0.473,0.486,8839.38682995
2026-02-12T00:00:00Z,UMAUSD,0.491,0.501,0.485,0.487,8646.72286229
2026-02-13T00:00:00Z,UMAUSD,0.490,0.508,0.481,0.508,7060.61229036
2026-02-14T00:00:00Z,UMAUSD,0.512,0.535,0.510,0.535,8429.08800286
2026-02-15T00:00:00Z,UMAUSD,0.519,0.519,0.497,0.501,828.65920111
2026-02-16T00:00:00Z,UMAUSD,0.499,0.671,0.499,0.543,165411.95423348
2026-02-17T00:00:00Z,UMAUSD,0.549,0.582,0.529,0.530,35387.90052022
2026-02-18T00:00:00Z,UMAUSD,0.531,0.531,0.487,0.487,4430.53919877
2026-02-19T00:00:00Z,UMAUSD,0.480,0.489,0.463,0.470,14702.44255229
2026-02-20T00:00:00Z,UMAUSD,0.466,0.477,0.456,0.470,13532.46378440
2026-02-21T00:00:00Z,UMAUSD,0.468,0.489,0.467,0.468,5704.17297025
2026-02-22T00:00:00Z,UMAUSD,0.462,0.462,0.443,0.443,400.14367577
2026-02-23T00:00:00Z,UMAUSD,0.436,0.568,0.418,0.489,86328.22542324
2026-02-24T00:00:00Z,UMAUSD,0.483,0.508,0.444,0.449,40699.14998057
2026-02-25T00:00:00Z,UMAUSD,0.450,0.479,0.450,0.479,10014.81962617
2026-02-26T00:00:00Z,UMAUSD,0.461,0.464,0.444,0.450,23113.47738240
2026-02-27T00:00:00Z,UMAUSD,0.450,0.455,0.431,0.439,4947.85381990
2026-02-28T00:00:00Z,UMAUSD,0.436,0.436,0.410,0.432,12294.55647279
2026-03-01T00:00:00Z,UMAUSD,0.433,0.439,0.407,0.413,12928.74968654
2026-03-02T00:00:00Z,UMAUSD,0.422,0.489,0.421,0.433,54147.39781763
2026-03-03T00:00:00Z,UMAUSD,0.429,0.437,0.423,0.432,10472.48690881
2026-03-04T00:00:00Z,UMAUSD,0.432,0.443,0.427,0.437,10924.45225849
2026-03-05T00:00:00Z,UMAUSD,0.435,0.435,0.422,0.429,39013.45008764
2026-03-06T00:00:00Z,UMAUSD,0.429,0.430,0.414,0.416,4385.63339703
2026-03-07T00:00:00Z,UMAUSD,0.414,0.417,0.405,0.405,5031.44436956
2026-03-08T00:00:00Z,UMAUSD,0.407,0.496,0.401,0.428,54555.09697542
2026-03-09T00:00:00Z,UMAUSD,0.427,0.439,0.414,0.415,14498.03071532
2026-03-10T00:00:00Z,UMAUSD,0.415,0.428,0.413,0.413,22119.98549449
2026-03-11T00:00:00Z,UMAUSD,0.412,0.416,0.407,0.415,3472.05955124
2026-03-12T00:00:00Z,UMAUSD,0.417,0.449,0.417,0.429,31828.49982224
2026-03-13T00:00:00Z,UMAUSD,0.427,0.438,0.427,0.428,31522.97863955
2026-03-14T00:00:00Z,UMAUSD,0.432,0.442,0.428,0.439,15059.88394129
2026-03-15T00:00:00Z,UMAUSD,0.429,0.449,0.429,0.447,14065.77185512
2026-03-16T00:00:00Z,UMAUSD,0.449,0.465,0.449,0.459,13633.48834485
2026-03-17T00:00:00Z,UMAUSD,0.457,0.461,0.445,0.452,2361.27184478
2026-03-18T00:00:00Z,UMAUSD,0.446,0.457,0.428,0.435,12055.18976170
2026-03-19T00:00:00Z,UMAUSD,0.435,0.436,0.425,0.430,19860.80159973
2026-03-20T00:00:00Z,UMAUSD,0.429,0.436,0.427,0.427,5745.08407273
2026-03-21T00:00:00Z,UMAUSD,0.432,0.439,0.423,0.423,5940.06216129
2026-03-22T00:00:00Z,UMAUSD,0.418,0.428,0.411,0.413,5750.18991937
2026-03-23T00:00:00Z,UMAUSD,0.415,0.431,0.404,0.424,17327.93262717
2026-03-24T00:00:00Z,UMAUSD,0.423,0.426,0.420,0.425,10053.64431210
2026-03-25T00:00:00Z,UMAUSD,0.428,0.431,0.425,0.425,8662.65794212
2026-03-26T00:00:00Z,UMAUSD,0.419,0.419,0.400,0.405,5295.88081204
2026-03-27T00:00:00Z,UMAUSD,0.420,0.437,0.392,0.394,21666.73375586
2026-03-28T00:00:00Z,UMAUSD,0.394,0.410,0.390,0.397,8817.62782161
2026-03-29T00:00:00Z,UMAUSD,0.396,0.400,0.384,0.384,8559.17862413
2026-03-30T00:00:00Z,UMAUSD,0.400,0.402,0.395,0.395,880.93258450
2026-03-31T00:00:00Z,UMAUSD,0.398,0.413,0.398,0.409,26036.22175337
2026-04-01T00:00:00Z,UMAUSD,0.406,0.418,0.406,0.412,7254.05313969
2026-04-02T00:00:00Z,UMAUSD,0.411,0.411,0.386,0.389,9003.92863130
2026-04-03T00:00:00Z,UMAUSD,0.390,0.406,0.388,0.405,5921.78889980
2026-04-04T00:00:00Z,UMAUSD,0.405,0.407,0.398,0.403,7557.28561277
2026-04-05T00:00:00Z,UMAUSD,0.404,0.404,0.389,0.392,21096.43282234
2026-04-06T00:00:00Z,UMAUSD,0.398,0.416,0.398,0.403,23559.71166554
2026-04-07T00:00:00Z,UMAUSD,0.398,0.412,0.380,0.412,4589.15645062
2026-04-08T00:00:00Z,UMAUSD,0.418,0.423,0.410,0.410,5171.15201161
2026-04-09T00:00:00Z,UMAUSD,0.405,0.416,0.405,0.415,4534.86436820
2026-04-10T00:00:00Z,UMAUSD,0.415,0.435,0.412,0.423,31608.20555071
2026-04-11T00:00:00Z,UMAUSD,0.430,0.433,0.415,0.422,5989.44961827
2026-04-12T00:00:00Z,UMAUSD,0.417,0.420,0.402,0.402,1893.63001268
2026-04-13T00:00:00Z,UMAUSD,0.410,0.419,0.408,0.419,5096.79245112
2026-04-14T00:00:00Z,UMAUSD,0.420,0.422,0.411,0.413,7406.64631273
2026-04-15T00:00:00Z,UMAUSD,0.417,0.434,0.417,0.423,7290.76737788
2026-04-16T00:00:00Z,UMAUSD,0.426,0.461,0.426,0.452,10479.87312967
2026-04-17T00:00:00Z,UMAUSD,0.456,0.486,0.447,0.468,30448.77826289
2026-04-18T00:00:00Z,UMAUSD,0.475,0.614,0.456,0.456,77519.07509390
2026-04-19T00:00:00Z,UMAUSD,0.456,0.584,0.436,0.436,26280.87766571
2026-04-20T00:00:00Z,UMAUSD,0.444,0.463,0.444,0.462,20776.24830236
2026-04-21T00:00:00Z,UMAUSD,0.468,0.558,0.463,0.468,104616.59740485
2026-04-22T00:00:00Z,UMAUSD,0.475,0.495,0.471,0.479,21487.66143601
2026-04-23T00:00:00Z,UMAUSD,0.478,0.480,0.466,0.476,20786.32862358
2026-04-24T00:00:00Z,UMAUSD,0.483,0.498,0.478,0.485,19098.58283468
2026-04-25T00:00:00Z,UMAUSD,0.481,0.516,0.474,0.474,35545.86839342
2026-04-26T00:00:00Z,UMAUSD,0.472,0.506,0.465,0.485,44670.55763120
2026-04-27T00:00:00Z,UMAUSD,0.482,0.483,0.449,0.456,19506.79392442
2026-04-28T00:00:00Z,UMAUSD,0.455,0.457,0.450,0.454,3547.93202528
2026-04-29T00:00:00Z,UMAUSD,0.454,0.477,0.442,0.443,4573.27545841
2026-04-30T00:00:00Z,UMAUSD,0.457,0.457,0.446,0.449,4090.14022558
2026-05-01T00:00:00Z,UMAUSD,0.452,0.459,0.452,0.455,723.43167374
2026-05-02T00:00:00Z,UMAUSD,0.452,0.466,0.452,0.466,1990.94399364
2026-05-03T00:00:00Z,UMAUSD,0.460,0.464,0.458,0.462,4492.82583127
2026-05-04T00:00:00Z,UMAUSD,0.458,0.469,0.454,0.463,4396.17271675
2026-05-05T00:00:00Z,UMAUSD,0.470,0.485,0.469,0.473,15083.05125094
2026-05-06T00:00:00Z,UMAUSD,0.472,0.486,0.472,0.478,24552.18801371
2026-05-07T00:00:00Z,UMAUSD,0.479,0.518,0.472,0.505,34005.49859646
2026-05-08T00:00:00Z,UMAUSD,0.506,0.506,0.488,0.505,17992.59557919
2026-05-09T00:00:00Z,UMAUSD,0.502,0.512,0.502,0.506,2552.77348445
2026-05-10T00:00:00Z,UMAUSD,0.503,0.522,0.502,0.518,11327.18585312
2026-05-11T00:00:00Z,UMAUSD,0.517,0.599,0.505,0.549,38225.62807969
2026-05-12T00:00:00Z,UMAUSD,0.544,0.549,0.509,0.514,14741.00802724
2026-05-13T00:00:00Z,UMAUSD,0.511,0.523,0.483,0.487,11454.11967959
2026-05-14T00:00:00Z,UMAUSD,0.488,0.502,0.480,0.498,29749.81788567
2026-05-15T00:00:00Z,UMAUSD,0.499,0.502,0.472,0.480,14795.11265777
2026-05-16T00:00:00Z,UMAUSD,0.477,0.477,0.455,0.464,3985.31675886
2026-05-17T00:00:00Z,UMAUSD,0.467,0.470,0.442,0.453,7384.52047707
2026-05-18T00:00:00Z,UMAUSD,0.452,0.453,0.444,0.446,3297.53810189
2026-05-19T00:00:00Z,UMAUSD,0.452,0.466,0.451,0.451,4513.99732984
2026-05-20T00:00:00Z,UMAUSD,0.450,0.475,0.450,0.467,14772.81957572
2026-05-21T00:00:00Z,UMAUSD,0.475,0.480,0.471,0.479,27526.26392168
2026-05-22T00:00:00Z,UMAUSD,0.475,0.479,0.423,0.457,59926.71261345
2026-05-23T00:00:00Z,UMAUSD,0.454,0.471,0.441,0.467,11603.79416280
2026-05-24T00:00:00Z,UMAUSD,0.467,0.467,0.448,0.452,1049.20768163
2026-05-25T00:00:00Z,UMAUSD,0.456,0.460,0.456,0.458,338.38786478
2026-05-26T00:00:00Z,UMAUSD,0.454,0.456,0.443,0.444,15270.81196879
2026-05-27T00:00:00Z,UMAUSD,0.440,0.447,0.436,0.436,6164.66280528
2026-05-28T00:00:00Z,UMAUSD,0.440,0.440,0.419,0.432,10258.12317164
2026-05-29T00:00:00Z,UMAUSD,0.436,0.440,0.424,0.427,7551.16570169
2026-05-30T00:00:00Z,UMAUSD,0.435,0.441,0.435,0.438,2775.63231203
2026-05-31T00:00:00Z,UMAUSD,0.442,0.443,0.429,0.443,9263.13285169
2026-06-01T00:00:00Z,UMAUSD,0.442,0.449,0.434,0.444,11211.81791462
2026-06-02T00:00:00Z,UMAUSD,0.443,0.443,0.400,0.400,6901.65816630
2026-06-03T00:00:00Z,UMAUSD,0.413,0.429,0.409,0.421,19885.46571811
2026-06-04T00:00:00Z,UMAUSD,0.418,0.419,0.381,0.394,16155.04474104
2026-06-05T00:00:00Z,UMAUSD,0.399,0.399,0.355,0.377,38423.11126959
2026-06-06T00:00:00Z,UMAUSD,0.371,0.376,0.350,0.368,28482.98404655
2026-06-07T00:00:00Z,UMAUSD,0.381,0.393,0.364,0.385,51250.47734926
2026-06-08T00:00:00Z,UMAUSD,0.386,0.396,0.376,0.387,59545.23131410
2026-06-09T00:00:00Z,UMAUSD,0.387,0.389,0.374,0.381,357347.90871325
2026-06-10T00:00:00Z,UMAUSD,0.383,0.393,0.376,0.383,319049.54636161
2026-06-11T00:00:00Z,UMAUSD,0.383,0.399,0.383,0.396,79492.75216692
2026-06-12T00:00:00Z,UMAUSD,0.396,0.404,0.395,0.396,88537.14524044
2026-06-13T00:00:00Z,UMAUSD,0.400,0.404,0.397,0.402,63306.91375255
2026-06-14T00:00:00Z,UMAUSD,0.401,0.410,0.393,0.410,95839.94900071
2026-06-15T00:00:00Z,UMAUSD,0.410,0.426,0.406,0.426,171418.95801444
2026-06-16T00:00:00Z,UMAUSD,0.425,0.468,0.425,0.457,214845.02251373
2026-06-17T00:00:00Z,UMAUSD,0.454,0.457,0.419,0.421,57262.75932898
2026-06-18T00:00:00Z,UMAUSD,0.424,0.424,0.398,0.410,56861.28944999
2026-06-19T00:00:00Z,UMAUSD,0.409,0.414,0.401,0.414,160223.03203203
2026-06-20T00:00:00Z,UMAUSD,0.414,0.423,0.410,0.423,250528.11075415
2026-06-21T00:00:00Z,UMAUSD,0.423,0.426,0.410,0.410,103505.53742401
2026-06-22T00:00:00Z,UMAUSD,0.411,0.420,0.403,0.405,110319.43606047
2026-06-23T00:00:00Z,UMAUSD,0.407,0.409,0.393,0.395,51287.73438821
2026-06-24T00:00:00Z,UMAUSD,0.396,0.396,0.378,0.390,37793.48468340
2026-06-25T00:00:00Z,UMAUSD,0.390,0.394,0.369,0.381,17303.60512935
2026-06-26T00:00:00Z,UMAUSD,0.371,0.392,0.368,0.384,12555.34307062
2026-06-27T00:00:00Z,UMAUSD,0.385,0.389,0.381,0.382,8800.94320905
2026-06-28T00:00:00Z,UMAUSD,0.385,0.386,0.378,0.381,12688.70360486
2026-06-29T00:00:00Z,UMAUSD,0.386,0.389,0.384,0.388,9021.07744804
2026-06-30T00:00:00Z,UMAUSD,0.385,0.385,0.374,0.375,11035.17289379
2026-07-01T00:00:00Z,UMAUSD,0.370,0.391,0.370,0.391,5610.81068281
2026-07-02T00:00:00Z,UMAUSD,0.389,0.391,0.387,0.390,8147.70063288
2026-07-03T00:00:00Z,UMAUSD,0.389,0.397,0.388,0.397,22478.98798863
2026-07-04T00:00:00Z,UMAUSD,0.396,0.401,0.393,0.398,2604.63046487
2026-07-05T00:00:00Z,UMAUSD,0.395,0.395,0.390,0.390,275.97050651
2026-07-06T00:00:00Z,UMAUSD,0.392,0.393,0.381,0.393,10096.72042664
2026-07-07T00:00:00Z,UMAUSD,0.386,0.386,0.377,0.377,4811.17519963
2026-07-08T00:00:00Z,UMAUSD,0.374,0.374,0.368,0.370,10499.74066612
2026-07-09T00:00:00Z,UMAUSD,0.371,0.375,0.371,0.375,7148.87632061
2026-07-10T00:00:00Z,UMAUSD,0.376,0.376,0.373,0.375,1374.47947925
2026-07-11T00:00:00Z,UMAUSD,0.387,0.427,0.386,0.386,45301.18967828
2026-07-12T00:00:00Z,UMAUSD,0.384,0.386,0.370,0.371,18589.65091266
2026-07-13T00:00:00Z,UMAUSD,0.373,0.373,0.356,0.357,8687.13224924
2026-07-14T00:00:00Z,UMAUSD,0.360,0.369,0.357,0.369,1938.01381283
2026-07-15T00:00:00Z,UMAUSD,0.368,0.372,0.366,0.370,6694.98516144
2026-07-16T00:00:00Z,UMAUSD,0.372,0.372,0.366,0.366,7230.32878941
2026-07-17T00:00:00Z,UMAUSD,0.366,0.366,0.358,0.363,1838.63299009
2026-07-18T00:00:00Z,UMAUSD,0.364,0.371,0.362,0.369,29881.78279616
2026-07-19T00:00:00Z,UMAUSD,0.369,0.369,0.367,0.367,292.35037197
2026-07-20T00:00:00Z,UMAUSD,0.366,0.367,0.364,0.365,1845.19870663
2026-07-21T00:00:00Z,UMAUSD,0.370,0.372,0.369,0.370,1255.37527853
2026-07-22T00:00:00Z,UMAUSD,0.369,0.371,0.368,0.369,1035.46812467
2026-07-23T00:00:00Z,UMAUSD,0.365,0.366,0.362,0.362,2085.57127445
2026-07-24T00:00:00Z,UMAUSD,0.360,0.361,0.355,0.355,7379.49198882
2026-07-25T00:00:00Z,UMAUSD,0.354,0.360,0.354,0.360,5273.77460620
2026-07-26T00:00:00Z,UMAUSD,0.360,0.367,0.359,0.360,1050.12049497
2026-07-27T00:00:00Z,UMAUSD,0.362,0.378,0.351,0.358,17665.91035095
2026-07-28T00:00:00Z,UMAUSD,0.355,0.430,0.355,0.358,183182.94021572
2026-07-29T00:00:00Z,UMAUSD,0.358,0.361,0.322,0.327,16548.26912602
2026-07-30T00:00:00Z,UMAUSD,0.325,0.339,0.325,0.333,2570.10397615
2026-07-31T00:00:00Z,UMAUSD,0.335,0.345,0.335,0.340,6524.24893559
2026-08-01T00:00:00Z,UMAUSD,0.342,0.343,0.342,0.342,2047.84863620
2026-08-02T00:00:00Z,UMAUSD,0.339,0.340,0.338,0.339,3606.47015673
2026-08-03T00:00:00Z,UMAUSD,0.339,0.342,0.339,0.342,547.52016678
2026-08-04T00:00:00Z,UMAUSD,0.340,0.341,0.336,0.336,2140.23695387
2026-08-05T00:00:00Z,UMAUSD,0.335,0.335,0.335,0.335,10.00100000
2026-08-06T00:00:00Z,UMAUSD,0.339,0.341,0.337,0.340,5644.09202340
2026-08-07T00:00:00Z,UMAUSD,0.340,0.340,0.334,0.338,13343.56139792
2026-08-08T00:00:00Z,UMAUSD,0.336,0.342,0.336,0.341,4855.06558656
2026-08-09T00:00:00Z,UMAUSD,0.340,0.343,0.337,0.337,15597.19829326
2026-08-10T00:00:00Z,UMAUSD,0.337,0.362,0.336,0.348,66377.66538792
2026-08-11T00:00:00Z,UMAUSD,0.346,0.361,0.327,0.330,85836.37951794
2026-08-12T00:00:00Z,UMAUSD,0.332,0.336,0.320,0.320,4573.70661122
2026-08-13T00:00:00Z,UMAUSD,0.321,0.326,0.321,0.325,2223.87337161
2026-08-14T00:00:00Z,UMAUSD,0.323,0.328,0.320,0.326,2656.17752553
2026-08-15T00:00:00Z,UMAUSD,0.325,0.328,0.324,0.324,1305.09280033
2026-08-16T00:00:00Z,UMAUSD,0.324,0.324,0.323,0.323,2025.47358380
2026-08-17T00:00:00Z,UMAUSD,0.319,0.320,0.317,0.319,10246.81699665
2026-08-18T00:00:00Z,UMAUSD,0.319,0.321,0.316,0.319,8874.60001502
2026-08-19T00:00:00Z,UMAUSD,0.320,0.340,0.318,0.334,32196.48052086
2026-08-20T00:00:00Z,UMAUSD,0.336,0.357,0.334,0.346,21600.80818659
2026-08-21T00:00:00Z,UMAUSD,0.346,0.382,0.346,0.381,46879.75493740
2026-08-22T00:00:00Z,UMAUSD,0.380,0.403,0.367,0.367,65792.61257923
2026-08-23T00:00:00Z,UMAUSD,0.371,0.385,0.355,0.385,14016.05904168
2026-08-24T00:00:00Z,UMAUSD,0.377,0.378,0.367,0.369,42635.25659736
2026-08-25T00:00:00Z,UMAUSD,0.375,0.378,0.364,0.365,27729.52616207
2026-08-26T00:00:00Z,UMAUSD,0.371,0.377,0.366,0.373,18757.47478060
2026-08-27T00:00:00Z,UMAUSD,0.370,0.377,0.368,0.374,16767.42629040
2026-08-28T00:00:00Z,UMAUSD,0.371,0.382,0.359,0.363,56397.23770380
2026-08-29T00:00:00Z,UMAUSD,0.365,0.375,0.362,0.367,12769.41875649
2026-08-30T00:00:00Z,UMAUSD,0.367,0.380,0.357,0.357,12466.75265596
2026-08-31T00:00:00Z,UMAUSD,0.362,0.377,0.359,0.366,36344.77837833
2026-09-01T00:00:00Z,UMAUSD,0.367,0.369,0.357,0.359,15335.16066123
2026-09-02T00:00:00Z,UMAUSD,0.359,0.364,0.356,0.357,5451.64728263
2026-09-03T00:00:00Z,UMAUSD,0.358,0.378,0.358,0.371,52089.54826939
2026-09-04T00:00:00Z,UMAUSD,0.371,0.381,0.369,0.376,21268.80862705
2026-09-05T00:00:00Z,UMAUSD,0.376,0.405,0.376,0.393,23989.75760874
2026-09-06T00:00:00Z,UMAUSD,0.396,0.400,0.392,0.397,12419.48851245
2026-09-07T00:00:00Z,UMAUSD,0.395,0.396,0.388,0.388,11078.27558791
2026-09-08T00:00:00Z,UMAUSD,0.391,0.399,0.374,0.388,71091.31071308
2026-09-09T00:00:00Z,UMAUSD,0.389,0.392,0.369,0.378,39019.62912245
2026-09-10T00:00:00Z,UMAUSD,0.378,0.383,0.358,0.358,25524.05470691
2026-09-11T00:00:00Z,UMAUSD,0.358,0.373,0.352,0.372,11222.73006200
2026-09-12T00:00:00Z,UMAUSD,0.372,0.387,0.372,0.384,26095.03095933
2026-09-13T00:00:00Z,UMAUSD,0.385,0.549,0.366,0.366,52465.38086717
2026-09-14T00:00:00Z,UMAUSD,0.367,0.372,0.366,0.369,7066.14739786
2026-09-15T00:00:00Z,UMAUSD,0.368,0.370,0.347,0.352,12694.86495826
2026-09-16T00:00:00Z,UMAUSD,0.353,0.355,0.346,0.355,16720.33977264
2026-09-17T00:00:00Z,UMAUSD,0.359,0.370,0.358,0.370,10016.82210338
2026-09-18T00:00:00Z,UMAUSD,0.379,0.388,0.379,0.387,2366.92111683
2026-09-19T00:00:00Z,UMAUSD,0.384,0.394,0.384,0.391,3308.08554742
2026-09-20T00:00:00Z,UMAUSD,0.389,0.390,0.374,0.389,29838.59383489
2026-09-21T00:00:00Z,UMAUSD,0.390,0.439,0.390,0.401,20945.27451673
2026-09-22T00:00:00Z,UMAUSD,0.404,0.650,0.399,0.417,34869.66644718
